time,open,high,low,close,tick_volume,spread,real_volume
2026-03-18 19:00:00+00:00,1.32891,1.32949,1.32847,1.32868,1585,10,0
2026-03-18 19:15:00+00:00,1.32867,1.3290199999999999,1.3281800000000001,1.32844,1110,10,0
2026-03-18 19:30:00+00:00,1.32843,1.32913,1.3283,1.32847,898,10,0
2026-03-18 19:45:00+00:00,1.32843,1.32844,1.32735,1.32768,1101,10,0
2026-03-18 20:00:00+00:00,1.32771,1.3279,1.32643,1.32654,770,10,0
2026-03-18 20:15:00+00:00,1.32656,1.3265799999999999,1.32549,1.3256000000000001,788,10,0
2026-03-18 20:30:00+00:00,1.32559,1.32577,1.32519,1.32561,651,10,0
2026-03-18 20:45:00+00:00,1.3256000000000001,1.32591,1.32527,1.32566,629,4,0
2026-03-18 21:00:00+00:00,1.32564,1.32568,1.3254299999999999,1.32544,134,20,0
2026-03-18 21:15:00+00:00,1.32545,1.32554,1.32507,1.32516,330,81,0
2026-03-18 21:30:00+00:00,1.32517,1.32529,1.3251,1.32511,222,209,0
2026-03-18 21:45:00+00:00,1.32512,1.3260100000000001,1.3250899999999999,1.3260100000000001,202,133,0
2026-03-18 22:00:00+00:00,1.32633,1.32684,1.32512,1.32514,423,10,0
2026-03-18 22:15:00+00:00,1.32518,1.3256000000000001,1.32507,1.32546,422,10,0
2026-03-18 22:30:00+00:00,1.32545,1.32577,1.32519,1.32569,312,10,0
2026-03-18 22:45:00+00:00,1.32569,1.32603,1.32568,1.32591,286,10,0
2026-03-18 23:00:00+00:00,1.32588,1.32623,1.32566,1.32591,481,10,0
2026-03-18 23:15:00+00:00,1.32591,1.32634,1.32587,1.32632,288,10,0
2026-03-18 23:30:00+00:00,1.32632,1.32671,1.3259,1.32599,449,10,0
2026-03-18 23:45:00+00:00,1.32603,1.3266499999999999,1.32585,1.3264,604,10,0
2026-03-19 00:00:00+00:00,1.32642,1.32728,1.32629,1.32708,744,10,0
2026-03-19 00:15:00+00:00,1.32708,1.32729,1.32659,1.3272,561,10,0
2026-03-19 00:30:00+00:00,1.3272,1.32739,1.32686,1.32693,703,10,0
2026-03-19 00:45:00+00:00,1.32693,1.32851,1.32691,1.32851,927,10,0
2026-03-19 01:00:00+00:00,1.32847,1.32892,1.3282,1.32851,773,10,0
2026-03-19 01:15:00+00:00,1.32851,1.32891,1.32831,1.32887,575,10,0
2026-03-19 01:30:00+00:00,1.3289,1.32922,1.3286,1.32893,554,10,0
2026-03-19 01:45:00+00:00,1.32892,1.32892,1.32828,1.3283,492,10,0
2026-03-19 02:00:00+00:00,1.32831,1.32946,1.32772,1.32934,1223,10,0
2026-03-19 02:15:00+00:00,1.32934,1.32969,1.3290199999999999,1.32952,665,10,0
2026-03-19 02:30:00+00:00,1.32951,1.32977,1.32919,1.32942,566,10,0
2026-03-19 02:45:00+00:00,1.32945,1.32946,1.32867,1.32869,684,10,0
2026-03-19 03:00:00+00:00,1.32869,1.3291,1.32859,1.329,415,10,0
2026-03-19 03:15:00+00:00,1.32901,1.32912,1.32869,1.32884,338,10,0
2026-03-19 03:30:00+00:00,1.32885,1.32885,1.32829,1.32851,410,10,0
2026-03-19 03:45:00+00:00,1.32852,1.32876,1.3281100000000001,1.32812,390,10,0
2026-03-19 04:00:00+00:00,1.32809,1.32813,1.32745,1.3277,363,10,0
2026-03-19 04:15:00+00:00,1.32771,1.32778,1.3271,1.32735,379,10,0
2026-03-19 04:30:00+00:00,1.32734,1.32745,1.32681,1.32712,367,10,0
2026-03-19 04:45:00+00:00,1.32713,1.3274,1.32687,1.3272300000000001,302,10,0
2026-03-19 05:00:00+00:00,1.3272300000000001,1.32734,1.32691,1.32705,358,10,0
2026-03-19 05:15:00+00:00,1.32705,1.32737,1.32702,1.32705,354,10,0
2026-03-19 05:30:00+00:00,1.32705,1.32725,1.32625,1.32641,502,10,0
2026-03-19 05:45:00+00:00,1.32642,1.32705,1.3262800000000001,1.32634,543,10,0
2026-03-19 06:00:00+00:00,1.32634,1.32725,1.32612,1.3272,680,10,0
2026-03-19 06:15:00+00:00,1.32717,1.32767,1.32687,1.32687,585,10,0
2026-03-19 06:30:00+00:00,1.32691,1.32696,1.32627,1.3268499999999999,1044,10,0
2026-03-19 06:45:00+00:00,1.32686,1.3271600000000001,1.32621,1.32666,851,10,0
2026-03-19 07:00:00+00:00,1.32668,1.32694,1.32511,1.32644,1699,10,0
2026-03-19 07:15:00+00:00,1.32647,1.32724,1.32614,1.32652,1236,10,0
2026-03-19 07:30:00+00:00,1.32656,1.32737,1.32649,1.32661,1155,10,0
2026-03-19 07:45:00+00:00,1.32664,1.32717,1.32596,1.32633,1215,10,0
2026-03-19 08:00:00+00:00,1.32634,1.3265,1.32517,1.3259,1628,10,0
2026-03-19 08:15:00+00:00,1.32589,1.3269,1.32538,1.32568,1366,10,0
2026-03-19 08:30:00+00:00,1.32564,1.32612,1.32454,1.32476,1513,10,0
2026-03-19 08:45:00+00:00,1.32474,1.32552,1.32474,1.3253,1272,10,0
2026-03-19 09:00:00+00:00,1.3253300000000001,1.32691,1.3253300000000001,1.32635,1372,10,0
2026-03-19 09:15:00+00:00,1.32634,1.32829,1.3259,1.32619,2354,10,0
2026-03-19 09:30:00+00:00,1.32618,1.32751,1.32611,1.3271600000000001,2197,10,0
2026-03-19 09:45:00+00:00,1.32713,1.32911,1.32695,1.32847,2439,10,0
2026-03-19 10:00:00+00:00,1.32842,1.32883,1.32788,1.32822,1441,10,0
2026-03-19 10:15:00+00:00,1.32825,1.3284099999999999,1.32722,1.32737,1037,10,0
2026-03-19 10:30:00+00:00,1.32733,1.32771,1.32712,1.32747,1018,10,0
2026-03-19 10:45:00+00:00,1.32743,1.32832,1.32732,1.32786,1031,10,0
2026-03-19 11:00:00+00:00,1.3278400000000001,1.3286,1.32774,1.3282,1176,10,0
2026-03-19 11:15:00+00:00,1.3281800000000001,1.32834,1.32711,1.32769,981,10,0
2026-03-19 11:30:00+00:00,1.32764,1.32793,1.32728,1.3277999999999999,906,10,0
2026-03-19 11:45:00+00:00,1.32781,1.3293300000000001,1.32742,1.32924,1114,10,0
2026-03-19 12:00:00+00:00,1.32924,1.33097,1.32837,1.3296000000000001,3682,10,0
2026-03-19 12:15:00+00:00,1.32959,1.33009,1.32813,1.32855,1818,10,0
2026-03-19 12:30:00+00:00,1.32853,1.33041,1.32789,1.32961,2640,10,0
2026-03-19 12:45:00+00:00,1.3296000000000001,1.3304,1.32943,1.32988,2103,10,0
2026-03-19 13:00:00+00:00,1.32985,1.33073,1.3293300000000001,1.32964,1983,10,0
2026-03-19 13:15:00+00:00,1.32966,1.33213,1.32939,1.3302100000000001,2981,10,0
2026-03-19 13:30:00+00:00,1.33017,1.33079,1.32809,1.3304,4726,10,0
2026-03-19 13:45:00+00:00,1.33037,1.33581,1.33006,1.33501,4046,10,0
2026-03-19 14:00:00+00:00,1.33502,1.33741,1.33427,1.33545,3681,10,0
2026-03-19 14:15:00+00:00,1.33542,1.33633,1.33374,1.33412,3146,10,0
2026-03-19 14:30:00+00:00,1.33411,1.33624,1.33376,1.33517,2620,10,0
2026-03-19 14:45:00+00:00,1.33518,1.33704,1.33503,1.3363800000000001,2433,10,0
2026-03-19 15:00:00+00:00,1.33637,1.3389199999999999,1.33592,1.33829,2375,10,0
2026-03-19 15:15:00+00:00,1.33825,1.33829,1.33569,1.33603,1859,10,0
2026-03-19 15:30:00+00:00,1.336,1.33605,1.33441,1.33497,1771,10,0
2026-03-19 15:45:00+00:00,1.33494,1.33624,1.33442,1.33583,2437,10,0
2026-03-19 16:00:00+00:00,1.3358400000000001,1.3376000000000001,1.3355299999999999,1.33653,3230,10,0
2026-03-19 16:15:00+00:00,1.33655,1.33757,1.33632,1.33707,2291,10,0
2026-03-19 16:30:00+00:00,1.3371,1.33738,1.33591,1.33685,1775,10,0
2026-03-19 16:45:00+00:00,1.33684,1.33701,1.33533,1.33687,1414,10,0
2026-03-19 17:00:00+00:00,1.33685,1.3382399999999999,1.33682,1.33803,1567,10,0
2026-03-19 17:15:00+00:00,1.33802,1.34003,1.33802,1.33966,1297,10,0
2026-03-19 17:30:00+00:00,1.33969,1.34026,1.33941,1.34018,1182,10,0
2026-03-19 17:45:00+00:00,1.34019,1.3409900000000001,1.33985,1.34032,1022,10,0
2026-03-19 18:00:00+00:00,1.34028,1.34067,1.33968,1.34049,1355,10,0
2026-03-19 18:15:00+00:00,1.34052,1.3406,1.33979,1.3403100000000001,1001,10,0
2026-03-19 18:30:00+00:00,1.34028,1.34037,1.33938,1.33949,740,10,0
2026-03-19 18:45:00+00:00,1.3395000000000001,1.3419400000000001,1.3394,1.34186,969,10,0
2026-03-19 19:00:00+00:00,1.34188,1.34663,1.34188,1.34595,6187,10,0
2026-03-19 19:15:00+00:00,1.34599,1.34671,1.34333,1.34395,4232,10,0
2026-03-19 19:30:00+00:00,1.34397,1.34409,1.34287,1.34349,2328,10,0
2026-03-19 19:45:00+00:00,1.3435000000000001,1.34359,1.34241,1.34299,1401,10,0
2026-03-19 20:00:00+00:00,1.34303,1.34358,1.34287,1.34308,634,10,0
2026-03-19 20:15:00+00:00,1.3430900000000001,1.34341,1.34269,1.34326,482,10,0
2026-03-19 20:30:00+00:00,1.34326,1.34333,1.34257,1.3429,452,10,0
2026-03-19 20:45:00+00:00,1.3429,1.34351,1.3428499999999999,1.34298,604,7,0
2026-03-19 21:00:00+00:00,1.34299,1.34302,1.34283,1.34291,166,15,0
2026-03-19 21:15:00+00:00,1.34292,1.34297,1.3426,1.34269,204,48,0
2026-03-19 21:30:00+00:00,1.34267,1.34284,1.3424,1.34284,300,77,0
2026-03-19 21:45:00+00:00,1.34283,1.34292,1.34262,1.34262,264,64,0
2026-03-19 22:00:00+00:00,1.34277,1.34419,1.34267,1.34356,318,10,0
2026-03-19 22:15:00+00:00,1.34355,1.34362,1.34298,1.3431899999999999,310,10,0
2026-03-19 22:30:00+00:00,1.3431899999999999,1.3431899999999999,1.3425500000000001,1.34264,395,10,0
2026-03-19 22:45:00+00:00,1.34264,1.3427799999999999,1.34237,1.34253,257,10,0
2026-03-19 23:00:00+00:00,1.34254,1.34305,1.34245,1.34261,521,10,0
2026-03-19 23:15:00+00:00,1.34261,1.34269,1.34226,1.34249,280,10,0
2026-03-19 23:30:00+00:00,1.34253,1.34264,1.34215,1.34223,297,10,0
2026-03-19 23:45:00+00:00,1.34225,1.34273,1.34201,1.3424,347,10,0
2026-03-20 00:00:00+00:00,1.3424,1.3427799999999999,1.34207,1.34229,583,10,0
2026-03-20 00:15:00+00:00,1.34229,1.3428,1.34205,1.34209,641,10,0
2026-03-20 00:30:00+00:00,1.34208,1.34229,1.34175,1.34229,533,10,0
2026-03-20 00:45:00+00:00,1.34232,1.34238,1.3419699999999999,1.34236,554,10,0
2026-03-20 01:00:00+00:00,1.34236,1.34288,1.34214,1.34267,895,10,0
2026-03-20 01:15:00+00:00,1.34267,1.34277,1.3418999999999999,1.34214,668,10,0
2026-03-20 01:30:00+00:00,1.34214,1.3423,1.34174,1.3419400000000001,497,10,0
2026-03-20 01:45:00+00:00,1.34193,1.342,1.34127,1.34157,434,10,0
2026-03-20 02:00:00+00:00,1.34157,1.34181,1.34123,1.34148,399,10,0
2026-03-20 02:15:00+00:00,1.34148,1.34151,1.34114,1.3412600000000001,287,10,0
2026-03-20 02:30:00+00:00,1.34125,1.34151,1.3409499999999999,1.34108,423,10,0
2026-03-20 02:45:00+00:00,1.34108,1.3415,1.34105,1.34115,389,10,0
2026-03-20 03:00:00+00:00,1.34115,1.34116,1.3407499999999999,1.34077,461,10,0
2026-03-20 03:15:00+00:00,1.34077,1.34094,1.34063,1.34078,302,10,0
2026-03-20 03:30:00+00:00,1.34078,1.34078,1.34047,1.34056,265,10,0
2026-03-20 03:45:00+00:00,1.34056,1.3407,1.3403399999999999,1.34036,233,10,0
2026-03-20 04:00:00+00:00,1.34036,1.34054,1.34026,1.34048,212,10,0
2026-03-20 04:15:00+00:00,1.34048,1.34067,1.34033,1.34045,293,10,0
2026-03-20 04:30:00+00:00,1.34045,1.34061,1.34033,1.34053,196,10,0
2026-03-20 04:45:00+00:00,1.34049,1.34062,1.3401399999999999,1.34022,312,10,0
2026-03-20 05:00:00+00:00,1.34026,1.34076,1.34022,1.34074,313,10,0
2026-03-20 05:15:00+00:00,1.34074,1.34097,1.34048,1.34069,360,10,0
2026-03-20 05:30:00+00:00,1.34066,1.34067,1.3401100000000001,1.34037,416,10,0
2026-03-20 05:45:00+00:00,1.34037,1.34042,1.33987,1.33996,275,10,0
2026-03-20 06:00:00+00:00,1.33997,1.34117,1.33994,1.34108,406,10,0
2026-03-20 06:15:00+00:00,1.34108,1.34113,1.34055,1.34094,428,10,0
2026-03-20 06:30:00+00:00,1.34096,1.34121,1.34043,1.34047,586,10,0
2026-03-20 06:45:00+00:00,1.34048,1.3406500000000001,1.33997,1.34027,467,10,0
2026-03-20 07:00:00+00:00,1.34029,1.34218,1.33974,1.34167,1115,10,0
2026-03-20 07:15:00+00:00,1.34166,1.34254,1.34161,1.3422399999999999,910,10,0
2026-03-20 07:30:00+00:00,1.34219,1.34266,1.34154,1.34259,986,10,0
2026-03-20 07:45:00+00:00,1.3426,1.34307,1.3424,1.3426,949,10,0
2026-03-20 08:00:00+00:00,1.34264,1.34344,1.3424800000000001,1.34335,1274,10,0
2026-03-20 08:15:00+00:00,1.34336,1.34363,1.343,1.34307,944,10,0
2026-03-20 08:30:00+00:00,1.34304,1.34329,1.34249,1.34249,1004,10,0
2026-03-20 08:45:00+00:00,1.34252,1.34269,1.34165,1.34169,882,10,0
2026-03-20 09:00:00+00:00,1.34169,1.34178,1.3405,1.3412,1022,10,0
2026-03-20 09:15:00+00:00,1.34116,1.34116,1.34018,1.3403,1029,10,0
2026-03-20 09:30:00+00:00,1.3403399999999999,1.34063,1.33956,1.33981,1112,10,0
2026-03-20 09:45:00+00:00,1.33981,1.33985,1.33807,1.33822,1672,10,0
2026-03-20 10:00:00+00:00,1.33823,1.33834,1.3363,1.33683,1919,10,0
2026-03-20 10:15:00+00:00,1.33683,1.33741,1.33648,1.33712,977,10,0
2026-03-20 10:30:00+00:00,1.33716,1.33813,1.33664,1.33781,1133,10,0
2026-03-20 10:45:00+00:00,1.33782,1.33827,1.33731,1.33786,951,10,0
2026-03-20 11:00:00+00:00,1.33789,1.33918,1.33752,1.33867,1030,10,0
2026-03-20 11:15:00+00:00,1.33866,1.33935,1.33842,1.33902,940,10,0
2026-03-20 11:30:00+00:00,1.33906,1.33992,1.3389199999999999,1.33991,809,10,0
2026-03-20 11:45:00+00:00,1.33989,1.33989,1.33829,1.33937,1010,10,0
2026-03-20 12:00:00+00:00,1.3394,1.34093,1.33913,1.34032,1631,10,0
2026-03-20 12:15:00+00:00,1.3403399999999999,1.3403399999999999,1.33947,1.33979,1183,10,0
2026-03-20 12:30:00+00:00,1.33975,1.34023,1.33813,1.3387,1603,10,0
2026-03-20 12:45:00+00:00,1.33868,1.339,1.33764,1.33804,1360,10,0
2026-03-20 13:00:00+00:00,1.33804,1.33823,1.33617,1.3366500000000001,1409,10,0
2026-03-20 13:15:00+00:00,1.33664,1.33724,1.3362,1.33652,1254,10,0
2026-03-20 13:30:00+00:00,1.33649,1.33693,1.3355000000000001,1.3369,1982,10,0
2026-03-20 13:45:00+00:00,1.33691,1.3374,1.33475,1.33508,2487,10,0
2026-03-20 14:00:00+00:00,1.33507,1.3351600000000001,1.33221,1.3324099999999999,2465,10,0
2026-03-20 14:15:00+00:00,1.33239,1.33273,1.33049,1.33066,2410,10,0
2026-03-20 14:30:00+00:00,1.33069,1.33215,1.33059,1.33141,2132,10,0
2026-03-20 14:45:00+00:00,1.33139,1.33194,1.33057,1.33079,1995,10,0
2026-03-20 15:00:00+00:00,1.33078,1.33297,1.33072,1.33286,2162,10,0
2026-03-20 15:15:00+00:00,1.33287,1.33496,1.33221,1.33249,2979,10,0
2026-03-20 15:30:00+00:00,1.33247,1.33332,1.33166,1.33205,2128,10,0
2026-03-20 15:45:00+00:00,1.3320699999999999,1.33244,1.32984,1.33011,1819,10,0
2026-03-20 16:00:00+00:00,1.33013,1.33233,1.33003,1.3321100000000001,1332,10,0
2026-03-20 16:15:00+00:00,1.33213,1.33324,1.33194,1.33244,1422,10,0
2026-03-20 16:30:00+00:00,1.33244,1.3324799999999999,1.33134,1.33213,1525,10,0
2026-03-20 16:45:00+00:00,1.3321100000000001,1.33298,1.3314599999999999,1.33225,1187,10,0
2026-03-20 17:00:00+00:00,1.33227,1.33348,1.33155,1.33286,2793,10,0
2026-03-20 17:15:00+00:00,1.33284,1.33384,1.3324099999999999,1.33384,1309,10,0
2026-03-20 17:30:00+00:00,1.3338,1.3343,1.3332600000000001,1.33407,1448,10,0
2026-03-20 17:45:00+00:00,1.33405,1.3342100000000001,1.3335,1.33361,1184,10,0
2026-03-20 18:00:00+00:00,1.33365,1.3346,1.33364,1.3345099999999999,1218,10,0
2026-03-20 18:15:00+00:00,1.33453,1.33531,1.33327,1.33456,2110,10,0
2026-03-20 18:30:00+00:00,1.3345500000000001,1.33487,1.33345,1.33355,1336,10,0
2026-03-20 18:45:00+00:00,1.33354,1.33389,1.33242,1.33258,1142,10,0
2026-03-20 19:00:00+00:00,1.33261,1.33308,1.33205,1.33282,1068,10,0
2026-03-20 19:15:00+00:00,1.33283,1.33352,1.33266,1.33284,908,10,0
2026-03-20 19:30:00+00:00,1.33285,1.3336700000000001,1.33193,1.33362,963,10,0
2026-03-20 19:45:00+00:00,1.33359,1.33447,1.3330199999999999,1.33335,1195,10,0
2026-03-20 20:00:00+00:00,1.3333599999999999,1.33395,1.33317,1.33353,601,10,0
2026-03-20 20:15:00+00:00,1.33353,1.33382,1.3333,1.33362,357,10,0
2026-03-20 20:30:00+00:00,1.33362,1.33393,1.33351,1.33371,342,10,0
2026-03-20 20:45:00+00:00,1.33368,1.3345799999999999,1.33351,1.33402,1448,10,0
2026-03-22 21:00:00+00:00,1.3312599999999999,1.33138,1.3308900000000001,1.33124,53,47,0
2026-03-22 21:15:00+00:00,1.33125,1.33162,1.33013,1.33015,190,50,0
2026-03-22 21:30:00+00:00,1.33016,1.33108,1.32931,1.33097,227,60,0
2026-03-22 21:45:00+00:00,1.33097,1.3311,1.32953,1.32972,127,47,0
2026-03-22 22:00:00+00:00,1.33043,1.33156,1.33035,1.33074,454,10,0
2026-03-22 22:15:00+00:00,1.33075,1.33261,1.33037,1.33221,640,10,0
2026-03-22 22:30:00+00:00,1.33222,1.3327,1.3314300000000001,1.33163,666,10,0
2026-03-22 22:45:00+00:00,1.33162,1.33252,1.33162,1.3323,447,10,0
2026-03-22 23:00:00+00:00,1.33233,1.3332,1.33215,1.3330899999999999,794,10,0
2026-03-22 23:15:00+00:00,1.3330899999999999,1.33334,1.33288,1.33331,576,10,0
2026-03-22 23:30:00+00:00,1.33327,1.33342,1.33279,1.3334,453,10,0
2026-03-22 23:45:00+00:00,1.33342,1.33349,1.33282,1.33342,659,10,0
2026-03-23 00:00:00+00:00,1.33343,1.33389,1.3324099999999999,1.33344,1055,10,0
2026-03-23 00:15:00+00:00,1.33347,1.33384,1.33285,1.33297,834,10,0
2026-03-23 00:30:00+00:00,1.33295,1.33304,1.33087,1.3311899999999999,1078,10,0
2026-03-23 00:45:00+00:00,1.3312,1.33225,1.33101,1.33196,1178,10,0
2026-03-23 01:00:00+00:00,1.33194,1.33357,1.33191,1.33357,1444,10,0
2026-03-23 01:15:00+00:00,1.33356,1.33395,1.33331,1.33344,1007,10,0
2026-03-23 01:30:00+00:00,1.33346,1.3342800000000001,1.3330199999999999,1.33418,1192,10,0
2026-03-23 01:45:00+00:00,1.33414,1.33414,1.33313,1.33325,983,10,0
2026-03-23 02:00:00+00:00,1.3332600000000001,1.3339699999999999,1.33278,1.33292,961,10,0
2026-03-23 02:15:00+00:00,1.33289,1.33342,1.33285,1.33292,792,10,0
2026-03-23 02:30:00+00:00,1.33291,1.33294,1.33151,1.33216,911,10,0
2026-03-23 02:45:00+00:00,1.33216,1.33219,1.3312599999999999,1.33188,711,10,0
2026-03-23 03:00:00+00:00,1.33188,1.33229,1.33134,1.33165,756,10,0
2026-03-23 03:15:00+00:00,1.33167,1.33219,1.3315299999999999,1.33192,549,10,0
2026-03-23 03:30:00+00:00,1.33191,1.33229,1.33186,1.33216,677,10,0
2026-03-23 03:45:00+00:00,1.33215,1.33235,1.33128,1.3314300000000001,601,10,0
2026-03-23 04:00:00+00:00,1.33145,1.33219,1.33145,1.33209,676,10,0
2026-03-23 04:15:00+00:00,1.33205,1.33247,1.33183,1.33188,460,10,0
2026-03-23 04:30:00+00:00,1.3318400000000001,1.33217,1.3316,1.33185,414,10,0
2026-03-23 04:45:00+00:00,1.33185,1.3323800000000001,1.33163,1.33233,543,10,0
2026-03-23 05:00:00+00:00,1.33233,1.3326799999999999,1.33212,1.33221,625,10,0
2026-03-23 05:15:00+00:00,1.3322,1.3322,1.33114,1.3312300000000001,609,10,0
2026-03-23 05:30:00+00:00,1.33125,1.33127,1.33041,1.33057,761,10,0
2026-03-23 05:45:00+00:00,1.33057,1.3306499999999999,1.33008,1.33008,688,10,0
2026-03-23 06:00:00+00:00,1.33006,1.33015,1.32903,1.32955,1021,10,0
2026-03-23 06:15:00+00:00,1.32954,1.32986,1.32857,1.3292,1122,10,0
2026-03-23 06:30:00+00:00,1.32921,1.32945,1.3281,1.32813,941,10,0
2026-03-23 06:45:00+00:00,1.32813,1.32905,1.3281100000000001,1.32897,938,10,0
2026-03-23 07:00:00+00:00,1.32893,1.3296299999999999,1.32878,1.32924,1296,10,0
2026-03-23 07:15:00+00:00,1.32921,1.32925,1.3281,1.3284799999999999,1458,10,0
2026-03-23 07:30:00+00:00,1.32849,1.33067,1.32832,1.33059,1347,10,0
2026-03-23 07:45:00+00:00,1.33057,1.33066,1.32844,1.32895,1424,10,0
2026-03-23 08:00:00+00:00,1.32897,1.33159,1.32892,1.33142,1787,10,0
2026-03-23 08:15:00+00:00,1.33139,1.33307,1.33084,1.33282,1790,10,0
2026-03-23 08:30:00+00:00,1.33282,1.3330199999999999,1.3309,1.3311600000000001,1582,10,0
2026-03-23 08:45:00+00:00,1.3311600000000001,1.33195,1.33046,1.33084,1600,10,0
2026-03-23 09:00:00+00:00,1.33086,1.33122,1.33018,1.33037,1679,10,0
2026-03-23 09:15:00+00:00,1.33037,1.33045,1.32913,1.32945,1278,10,0
2026-03-23 09:30:00+00:00,1.32946,1.32961,1.32707,1.32738,1361,10,0
2026-03-23 09:45:00+00:00,1.32739,1.32767,1.32633,1.3269,1344,10,0
2026-03-23 10:00:00+00:00,1.3268900000000001,1.32737,1.32583,1.3266,1500,10,0
2026-03-23 10:15:00+00:00,1.32664,1.32683,1.32588,1.32641,1326,10,0
2026-03-23 10:30:00+00:00,1.32638,1.3272599999999999,1.32599,1.3264,1479,10,0
2026-03-23 10:45:00+00:00,1.32639,1.328,1.3256299999999999,1.32626,2174,10,0
2026-03-23 11:00:00+00:00,1.3262800000000001,1.34345,1.326,1.33661,16960,10,0
2026-03-23 11:15:00+00:00,1.3366,1.3383099999999999,1.33139,1.33643,15414,10,0
2026-03-23 11:30:00+00:00,1.33639,1.33955,1.336,1.33782,9353,10,0
2026-03-23 11:45:00+00:00,1.33781,1.33869,1.3345099999999999,1.33566,7704,10,0
2026-03-23 12:00:00+00:00,1.33562,1.33784,1.3342399999999999,1.33579,7025,10,0
2026-03-23 12:15:00+00:00,1.33582,1.33844,1.33582,1.33779,4499,10,0
2026-03-23 12:30:00+00:00,1.33781,1.3419699999999999,1.33631,1.34168,5704,10,0
2026-03-23 12:45:00+00:00,1.34167,1.3431,1.34032,1.34287,5896,10,0
2026-03-23 13:00:00+00:00,1.34289,1.34342,1.34078,1.34098,4830,10,0
2026-03-23 13:15:00+00:00,1.34101,1.34122,1.33907,1.33959,2954,10,0
2026-03-23 13:30:00+00:00,1.33964,1.34239,1.33878,1.34047,6021,10,0
2026-03-23 13:45:00+00:00,1.3405,1.34225,1.34017,1.34143,4935,10,0
2026-03-23 14:00:00+00:00,1.34148,1.34299,1.34086,1.34168,4563,10,0
2026-03-23 14:15:00+00:00,1.3417,1.34686,1.3413599999999999,1.3465,3621,10,0
2026-03-23 14:30:00+00:00,1.34647,1.3479,1.3453,1.34554,3832,10,0
2026-03-23 14:45:00+00:00,1.34554,1.3458700000000001,1.34405,1.34426,3631,10,0
2026-03-23 15:00:00+00:00,1.34423,1.34605,1.3440400000000001,1.34473,3462,10,0
2026-03-23 15:15:00+00:00,1.34476,1.34509,1.34231,1.34269,3068,10,0
2026-03-23 15:30:00+00:00,1.34267,1.34302,1.34128,1.34152,3136,10,0
2026-03-23 15:45:00+00:00,1.3415,1.34177,1.33834,1.33846,4641,10,0
2026-03-23 16:00:00+00:00,1.33842,1.33934,1.33771,1.33888,3596,10,0
2026-03-23 16:15:00+00:00,1.33886,1.33921,1.33782,1.3389,2902,10,0
2026-03-23 16:30:00+00:00,1.33894,1.34049,1.33857,1.34023,2897,10,0
2026-03-23 16:45:00+00:00,1.34022,1.34149,1.3393,1.34006,2580,10,0
2026-03-23 17:00:00+00:00,1.3400400000000001,1.3412899999999999,1.33938,1.34049,2753,10,0
2026-03-23 17:15:00+00:00,1.3405,1.34114,1.33981,1.3409200000000001,2182,10,0
2026-03-23 17:30:00+00:00,1.34088,1.34298,1.34069,1.3416000000000001,2046,10,0
2026-03-23 17:45:00+00:00,1.3416000000000001,1.34273,1.34081,1.34232,1563,10,0
2026-03-23 18:00:00+00:00,1.34235,1.34305,1.34097,1.34261,2510,10,0
2026-03-23 18:15:00+00:00,1.3426,1.34307,1.34177,1.34286,1744,10,0
2026-03-23 18:30:00+00:00,1.34288,1.34578,1.34288,1.34471,2428,10,0
2026-03-23 18:45:00+00:00,1.34473,1.34576,1.34444,1.34537,1582,10,0
2026-03-23 19:00:00+00:00,1.34534,1.34548,1.34442,1.34459,1228,10,0
2026-03-23 19:15:00+00:00,1.34457,1.3447,1.34374,1.34388,1130,10,0
2026-03-23 19:30:00+00:00,1.34388,1.34399,1.34332,1.3437000000000001,1006,10,0
2026-03-23 19:45:00+00:00,1.34372,1.34398,1.3430900000000001,1.3430900000000001,872,10,0
2026-03-23 20:00:00+00:00,1.3430900000000001,1.34334,1.34276,1.34308,696,10,0
2026-03-23 20:15:00+00:00,1.34304,1.3431899999999999,1.34269,1.34272,298,10,0
2026-03-23 20:30:00+00:00,1.34272,1.34315,1.3424,1.3431199999999999,390,10,0
2026-03-23 20:45:00+00:00,1.3431199999999999,1.34315,1.34223,1.3422399999999999,570,7,0
2026-03-23 21:00:00+00:00,1.34222,1.34234,1.34214,1.34231,178,62,0
2026-03-23 21:15:00+00:00,1.34231,1.34233,1.34154,1.34154,269,66,0
2026-03-23 21:30:00+00:00,1.34155,1.34188,1.34151,1.34181,220,235,0
2026-03-23 21:45:00+00:00,1.34179,1.34254,1.34179,1.34254,234,156,0
2026-03-23 22:00:00+00:00,1.3428200000000001,1.34345,1.34259,1.3434,317,10,0
2026-03-23 22:15:00+00:00,1.3434,1.3434599999999999,1.34284,1.34341,360,10,0
2026-03-23 22:30:00+00:00,1.3433899999999999,1.3433899999999999,1.34292,1.34303,334,10,0
2026-03-23 22:45:00+00:00,1.34307,1.34364,1.3429,1.34323,462,10,0
2026-03-23 23:00:00+00:00,1.34323,1.34348,1.34277,1.3429,474,10,0
2026-03-23 23:15:00+00:00,1.3429,1.3433,1.3428200000000001,1.34302,417,10,0
2026-03-23 23:30:00+00:00,1.34301,1.3431,1.34264,1.34292,391,10,0
2026-03-23 23:45:00+00:00,1.34292,1.34298,1.34222,1.3425500000000001,704,10,0
2026-03-24 00:00:00+00:00,1.34256,1.34267,1.34113,1.34113,997,10,0
2026-03-24 00:15:00+00:00,1.34115,1.34145,1.34042,1.34108,1104,10,0
2026-03-24 00:30:00+00:00,1.34111,1.34137,1.33933,1.33979,1959,10,0
2026-03-24 00:45:00+00:00,1.33979,1.34048,1.33961,1.34005,1342,10,0
2026-03-24 01:00:00+00:00,1.3400699999999999,1.3403399999999999,1.33942,1.34016,1383,10,0
2026-03-24 01:15:00+00:00,1.3401100000000001,1.3401399999999999,1.33925,1.3394599999999999,1239,10,0
2026-03-24 01:30:00+00:00,1.33942,1.33957,1.33876,1.3388,1103,10,0
2026-03-24 01:45:00+00:00,1.33881,1.33951,1.33862,1.33938,974,10,0
2026-03-24 02:00:00+00:00,1.33936,1.33965,1.33897,1.3393,1029,10,0
2026-03-24 02:15:00+00:00,1.33929,1.34047,1.33918,1.34044,1040,10,0
2026-03-24 02:30:00+00:00,1.34044,1.34077,1.34027,1.3407499999999999,804,10,0
2026-03-24 02:45:00+00:00,1.34074,1.34085,1.33982,1.34005,848,10,0
2026-03-24 03:00:00+00:00,1.3400400000000001,1.34062,1.3397999999999999,1.34039,756,10,0
2026-03-24 03:15:00+00:00,1.34043,1.34073,1.34002,1.34026,605,10,0
2026-03-24 03:30:00+00:00,1.34027,1.34029,1.33966,1.33999,789,10,0
2026-03-24 03:45:00+00:00,1.33996,1.3400699999999999,1.33956,1.3397999999999999,641,10,0
2026-03-24 04:00:00+00:00,1.33982,1.33991,1.33917,1.33927,574,10,0
2026-03-24 04:15:00+00:00,1.33927,1.33927,1.3385799999999999,1.33876,530,10,0
2026-03-24 04:30:00+00:00,1.33877,1.3391,1.33863,1.33896,569,10,0
2026-03-24 04:45:00+00:00,1.33896,1.3394599999999999,1.3389,1.33936,527,10,0
2026-03-24 05:00:00+00:00,1.33939,1.3395000000000001,1.33852,1.33904,834,10,0
2026-03-24 05:15:00+00:00,1.33907,1.33975,1.33884,1.33893,1075,10,0
2026-03-24 05:30:00+00:00,1.33894,1.33997,1.3388,1.33984,885,10,0
2026-03-24 05:45:00+00:00,1.33985,1.3401399999999999,1.33941,1.33985,667,10,0
2026-03-24 06:00:00+00:00,1.33986,1.34145,1.33972,1.33993,1218,10,0
2026-03-24 06:15:00+00:00,1.3399,1.3408,1.33959,1.3404,1081,10,0
2026-03-24 06:30:00+00:00,1.34037,1.34063,1.34003,1.3403800000000001,960,10,0
2026-03-24 06:45:00+00:00,1.34042,1.34125,1.3397999999999999,1.34114,1053,10,0
2026-03-24 07:00:00+00:00,1.34113,1.34452,1.34088,1.34399,1873,10,0
2026-03-24 07:15:00+00:00,1.34397,1.34405,1.3425,1.34253,1661,10,0
2026-03-24 07:30:00+00:00,1.3425099999999999,1.34344,1.34161,1.34324,1751,10,0
2026-03-24 07:45:00+00:00,1.34322,1.34328,1.34239,1.34305,1504,10,0
2026-03-24 08:00:00+00:00,1.34302,1.34304,1.3415,1.3418,2305,10,0
2026-03-24 08:15:00+00:00,1.34176,1.3422,1.34024,1.3405,1398,10,0
2026-03-24 08:30:00+00:00,1.34046,1.34083,1.34008,1.34062,1358,10,0
2026-03-24 08:45:00+00:00,1.3406500000000001,1.34108,1.33847,1.33898,1989,10,0
2026-03-24 09:00:00+00:00,1.33902,1.3396,1.33866,1.3388,1669,10,0
2026-03-24 09:15:00+00:00,1.33879,1.33939,1.33841,1.33868,1375,10,0
2026-03-24 09:30:00+00:00,1.33866,1.33969,1.33796,1.33948,1273,10,0
2026-03-24 09:45:00+00:00,1.33949,1.3404099999999999,1.33883,1.3402,919,10,0
2026-03-24 10:00:00+00:00,1.34021,1.34049,1.33939,1.34017,1212,10,0
2026-03-24 10:15:00+00:00,1.34016,1.34074,1.33956,1.3397299999999999,1043,10,0
2026-03-24 10:30:00+00:00,1.3397299999999999,1.34018,1.33925,1.3401100000000001,1186,10,0
2026-03-24 10:45:00+00:00,1.3401399999999999,1.34059,1.33922,1.34052,1143,10,0
2026-03-24 11:00:00+00:00,1.34049,1.34146,1.33982,1.34107,1504,10,0
2026-03-24 11:15:00+00:00,1.34107,1.34113,1.3401399999999999,1.34081,997,10,0
2026-03-24 11:30:00+00:00,1.34081,1.34138,1.34062,1.3409,1197,10,0
2026-03-24 11:45:00+00:00,1.34094,1.34123,1.33854,1.33961,1883,10,0
2026-03-24 12:00:00+00:00,1.33963,1.34,1.33895,1.33942,1549,10,0
2026-03-24 12:15:00+00:00,1.33941,1.34033,1.33883,1.3402,1289,10,0
2026-03-24 12:30:00+00:00,1.34018,1.34035,1.33898,1.33944,1479,10,0
2026-03-24 12:45:00+00:00,1.33945,1.34045,1.33905,1.33926,1758,10,0
2026-03-24 13:00:00+00:00,1.33926,1.33939,1.33651,1.33756,2383,10,0
2026-03-24 13:15:00+00:00,1.33757,1.33791,1.3366799999999999,1.33679,1720,10,0
2026-03-24 13:30:00+00:00,1.33676,1.33791,1.33646,1.33691,2686,10,0
2026-03-24 13:45:00+00:00,1.33696,1.3383099999999999,1.33664,1.3377,2065,10,0
2026-03-24 14:00:00+00:00,1.33771,1.33983,1.33758,1.33945,1986,10,0
2026-03-24 14:15:00+00:00,1.3394300000000001,1.34078,1.33922,1.34042,1841,10,0
2026-03-24 14:30:00+00:00,1.3404,1.34063,1.33927,1.34032,1593,10,0
2026-03-24 14:45:00+00:00,1.3403,1.3425,1.33873,1.33987,5186,10,0
2026-03-24 15:00:00+00:00,1.3399,1.34069,1.3389199999999999,1.33956,3579,10,0
2026-03-24 15:15:00+00:00,1.33957,1.34043,1.33897,1.3399,1745,10,0
2026-03-24 15:30:00+00:00,1.33991,1.34056,1.33911,1.33917,1626,10,0
2026-03-24 15:45:00+00:00,1.3391600000000001,1.3391600000000001,1.33765,1.33808,1866,10,0
2026-03-24 16:00:00+00:00,1.33804,1.33843,1.3373,1.33825,1519,10,0
2026-03-24 16:15:00+00:00,1.33829,1.3392,1.33818,1.33917,1104,10,0
2026-03-24 16:30:00+00:00,1.33913,1.33939,1.3376299999999999,1.33862,1193,10,0
2026-03-24 16:45:00+00:00,1.33864,1.33904,1.3382399999999999,1.3382399999999999,1035,10,0
2026-03-24 17:00:00+00:00,1.33825,1.33842,1.33518,1.3358400000000001,3277,10,0
2026-03-24 17:15:00+00:00,1.33586,1.33723,1.33561,1.33716,1954,10,0
2026-03-24 17:30:00+00:00,1.33713,1.33762,1.33627,1.3363800000000001,1489,10,0
2026-03-24 17:45:00+00:00,1.33637,1.33829,1.3360699999999999,1.33771,3084,10,0
2026-03-24 18:00:00+00:00,1.33775,1.3383099999999999,1.33637,1.33673,1692,10,0
2026-03-24 18:15:00+00:00,1.33676,1.33765,1.33642,1.33765,1657,10,0
2026-03-24 18:30:00+00:00,1.33765,1.33951,1.33741,1.33862,1803,10,0
2026-03-24 18:45:00+00:00,1.33862,1.3388499999999999,1.33793,1.3383099999999999,1285,10,0
2026-03-24 19:00:00+00:00,1.3383,1.33921,1.33822,1.33886,977,10,0
2026-03-24 19:15:00+00:00,1.33884,1.33903,1.33839,1.33846,794,10,0
2026-03-24 19:30:00+00:00,1.33846,1.33854,1.3378999999999999,1.3383,823,10,0
2026-03-24 19:45:00+00:00,1.33827,1.33853,1.33805,1.3382,742,10,0
2026-03-24 20:00:00+00:00,1.33818,1.3383099999999999,1.33795,1.33815,443,10,0
2026-03-24 20:15:00+00:00,1.33814,1.3431600000000001,1.33812,1.34082,4181,10,0
2026-03-24 20:30:00+00:00,1.34078,1.34195,1.34012,1.3407499999999999,2471,10,0
2026-03-24 20:45:00+00:00,1.34077,1.34143,1.3403,1.34111,1345,10,0
2026-03-24 21:00:00+00:00,1.34109,1.34109,1.34017,1.34029,152,29,0
2026-03-24 21:15:00+00:00,1.3403100000000001,1.3403100000000001,1.3397299999999999,1.34006,400,132,0
2026-03-24 21:30:00+00:00,1.34005,1.34048,1.33999,1.34036,494,95,0
2026-03-24 21:45:00+00:00,1.3403399999999999,1.3407,1.34015,1.3407,329,125,0
2026-03-24 22:00:00+00:00,1.34109,1.34188,1.34085,1.34122,383,10,0
2026-03-24 22:15:00+00:00,1.34119,1.34138,1.34032,1.3412,551,10,0
2026-03-24 22:30:00+00:00,1.34122,1.3417,1.34107,1.34162,485,10,0
2026-03-24 22:45:00+00:00,1.34161,1.34186,1.34142,1.3417,442,10,0
2026-03-24 23:00:00+00:00,1.34171,1.34192,1.34117,1.34159,695,10,0
2026-03-24 23:15:00+00:00,1.34161,1.34223,1.34155,1.34209,498,10,0
2026-03-24 23:30:00+00:00,1.34209,1.34212,1.34134,1.34142,507,10,0
2026-03-24 23:45:00+00:00,1.34142,1.34159,1.3412,1.34143,361,10,0
2026-03-25 00:00:00+00:00,1.34145,1.34303,1.34114,1.34272,1346,10,0
2026-03-25 00:15:00+00:00,1.34269,1.34284,1.34184,1.34227,1116,10,0
2026-03-25 00:30:00+00:00,1.34227,1.34357,1.34152,1.3432,1240,10,0
2026-03-25 00:45:00+00:00,1.34317,1.3435000000000001,1.34276,1.34281,814,10,0
2026-03-25 01:00:00+00:00,1.34281,1.34325,1.3422399999999999,1.34226,1237,10,0
2026-03-25 01:15:00+00:00,1.3423,1.34313,1.34229,1.3426,903,10,0
2026-03-25 01:30:00+00:00,1.34257,1.34318,1.34218,1.3426,922,10,0
2026-03-25 01:45:00+00:00,1.3425500000000001,1.34283,1.3413599999999999,1.34145,798,10,0
2026-03-25 02:00:00+00:00,1.34146,1.34175,1.3405,1.3407,804,10,0
2026-03-25 02:15:00+00:00,1.34069,1.34115,1.34058,1.34069,640,10,0
2026-03-25 02:30:00+00:00,1.34069,1.34078,1.3401100000000001,1.34045,624,10,0
2026-03-25 02:45:00+00:00,1.34045,1.34079,1.33986,1.34023,667,10,0
2026-03-25 03:00:00+00:00,1.34021,1.34069,1.33979,1.34017,718,10,0
2026-03-25 03:15:00+00:00,1.34018,1.34051,1.34001,1.34008,591,10,0
2026-03-25 03:30:00+00:00,1.34009,1.34054,1.33992,1.3400400000000001,512,10,0
2026-03-25 03:45:00+00:00,1.3400699999999999,1.3401399999999999,1.33972,1.33986,467,10,0
2026-03-25 04:00:00+00:00,1.33985,1.33993,1.33931,1.33965,532,10,0
2026-03-25 04:15:00+00:00,1.33966,1.34,1.33952,1.33975,333,10,0
2026-03-25 04:30:00+00:00,1.33975,1.33993,1.3394599999999999,1.33955,439,10,0
2026-03-25 04:45:00+00:00,1.33954,1.33954,1.33913,1.33915,420,10,0
2026-03-25 05:00:00+00:00,1.3391600000000001,1.3391899999999999,1.33869,1.33893,544,10,0
2026-03-25 05:15:00+00:00,1.33893,1.33893,1.33811,1.33833,506,10,0
2026-03-25 05:30:00+00:00,1.33832,1.33868,1.33827,1.33849,496,10,0
2026-03-25 05:45:00+00:00,1.3384800000000001,1.33849,1.33716,1.33748,679,10,0
2026-03-25 06:00:00+00:00,1.33747,1.33809,1.33731,1.33759,771,10,0
2026-03-25 06:15:00+00:00,1.33759,1.3388,1.3375,1.3379400000000001,700,10,0
2026-03-25 06:30:00+00:00,1.3379699999999999,1.33857,1.33789,1.33829,648,10,0
2026-03-25 06:45:00+00:00,1.3383,1.33868,1.33799,1.33823,682,10,0
2026-03-25 07:00:00+00:00,1.33822,1.33941,1.3378999999999999,1.3391199999999999,989,10,0
2026-03-25 07:15:00+00:00,1.33915,1.3395299999999999,1.3382399999999999,1.33852,1063,10,0
2026-03-25 07:30:00+00:00,1.33853,1.33864,1.33693,1.3383099999999999,1236,10,0
2026-03-25 07:45:00+00:00,1.33833,1.33954,1.3383,1.33902,1163,10,0
2026-03-25 08:00:00+00:00,1.33904,1.34138,1.33867,1.34101,1978,10,0
2026-03-25 08:15:00+00:00,1.341,1.34227,1.34086,1.3418999999999999,1469,10,0
2026-03-25 08:30:00+00:00,1.34189,1.34239,1.34096,1.34168,1895,10,0
2026-03-25 08:45:00+00:00,1.3417,1.34183,1.34066,1.34071,1285,10,0
2026-03-25 09:00:00+00:00,1.34073,1.3412,1.3404099999999999,1.34064,1116,10,0
2026-03-25 09:15:00+00:00,1.34063,1.34074,1.33921,1.33961,951,10,0
2026-03-25 09:30:00+00:00,1.33965,1.3400699999999999,1.33906,1.33964,947,10,0
2026-03-25 09:45:00+00:00,1.33966,1.33999,1.33891,1.33961,1125,10,0
2026-03-25 10:00:00+00:00,1.33963,1.34027,1.33959,1.33982,1114,10,0
2026-03-25 10:15:00+00:00,1.33982,1.34053,1.33963,1.33989,926,10,0
2026-03-25 10:30:00+00:00,1.33988,1.34064,1.33982,1.33997,689,10,0
2026-03-25 10:45:00+00:00,1.33996,1.34109,1.33993,1.34093,727,10,0
2026-03-25 11:00:00+00:00,1.3409,1.34212,1.3409,1.34119,844,10,0
2026-03-25 11:15:00+00:00,1.34118,1.34198,1.3409900000000001,1.34137,695,10,0
2026-03-25 11:30:00+00:00,1.34138,1.34189,1.34108,1.34182,710,10,0
2026-03-25 11:45:00+00:00,1.34178,1.34178,1.34047,1.34149,1762,10,0
2026-03-25 12:00:00+00:00,1.34151,1.34269,1.34151,1.34177,1224,10,0
2026-03-25 12:15:00+00:00,1.34177,1.3418700000000001,1.33915,1.34,2930,10,0
2026-03-25 12:30:00+00:00,1.33997,1.34024,1.33941,1.33957,1609,10,0
2026-03-25 12:45:00+00:00,1.33961,1.33966,1.3389,1.33936,1179,10,0
2026-03-25 13:00:00+00:00,1.33938,1.34008,1.33894,1.33934,1759,10,0
2026-03-25 13:15:00+00:00,1.33934,1.33975,1.33853,1.33867,1108,10,0
2026-03-25 13:30:00+00:00,1.3387,1.33929,1.33835,1.33861,1752,10,0
2026-03-25 13:45:00+00:00,1.33861,1.33872,1.33689,1.33714,1532,10,0
2026-03-25 14:00:00+00:00,1.33716,1.3373,1.33594,1.33718,1882,10,0
2026-03-25 14:15:00+00:00,1.33719,1.3378,1.33582,1.33721,2189,10,0
2026-03-25 14:30:00+00:00,1.3372600000000001,1.33762,1.33673,1.33693,1452,10,0
2026-03-25 14:45:00+00:00,1.33693,1.33886,1.33687,1.33847,1272,10,0
2026-03-25 15:00:00+00:00,1.3384800000000001,1.3391199999999999,1.33764,1.33769,1492,10,0
2026-03-25 15:15:00+00:00,1.3377,1.33782,1.3361,1.3376700000000001,2034,10,0
2026-03-25 15:30:00+00:00,1.33768,1.33804,1.3363800000000001,1.33674,1283,10,0
2026-03-25 15:45:00+00:00,1.33674,1.33741,1.33647,1.3371,1326,10,0
2026-03-25 16:00:00+00:00,1.33709,1.33734,1.33616,1.3368,1311,10,0
2026-03-25 16:15:00+00:00,1.3368,1.3382,1.33622,1.33788,1661,10,0
2026-03-25 16:30:00+00:00,1.3378999999999999,1.33819,1.33749,1.33808,1270,10,0
2026-03-25 16:45:00+00:00,1.33807,1.33832,1.33758,1.33784,874,10,0
2026-03-25 17:00:00+00:00,1.33786,1.33807,1.33725,1.33768,1158,10,0
2026-03-25 17:15:00+00:00,1.33768,1.33838,1.33746,1.33818,852,10,0
2026-03-25 17:30:00+00:00,1.3382100000000001,1.33925,1.33799,1.33901,923,10,0
2026-03-25 17:45:00+00:00,1.33901,1.33918,1.3381,1.33838,1099,10,0
2026-03-25 18:00:00+00:00,1.33837,1.33856,1.33799,1.33814,860,10,0
2026-03-25 18:15:00+00:00,1.33814,1.3385099999999999,1.33795,1.33798,697,10,0
2026-03-25 18:30:00+00:00,1.33798,1.3382399999999999,1.3367200000000001,1.3369,692,10,0
2026-03-25 18:45:00+00:00,1.33693,1.33704,1.33589,1.33661,974,10,0
2026-03-25 19:00:00+00:00,1.33657,1.33657,1.33586,1.3361100000000001,853,10,0
2026-03-25 19:15:00+00:00,1.3361,1.3366500000000001,1.3361,1.33639,657,10,0
2026-03-25 19:30:00+00:00,1.3363800000000001,1.3366,1.33621,1.3364,533,10,0
2026-03-25 19:45:00+00:00,1.33639,1.33666,1.33623,1.33658,582,10,0
2026-03-25 20:00:00+00:00,1.3366,1.33663,1.3361,1.3362,362,10,0
2026-03-25 20:15:00+00:00,1.33621,1.33622,1.33578,1.33586,239,10,0
2026-03-25 20:30:00+00:00,1.33586,1.33623,1.33576,1.336,247,10,0
2026-03-25 20:45:00+00:00,1.33601,1.33656,1.33582,1.33642,354,7,0
2026-03-25 21:00:00+00:00,1.33639,1.33643,1.33621,1.33636,104,18,0
2026-03-25 21:15:00+00:00,1.33633,1.3364500000000001,1.33625,1.33637,243,22,0
2026-03-25 21:30:00+00:00,1.33639,1.3364500000000001,1.33629,1.3364099999999999,262,53,0
2026-03-25 21:45:00+00:00,1.33642,1.33646,1.33615,1.33622,189,40,0
2026-03-25 22:00:00+00:00,1.3363399999999999,1.33655,1.3360400000000001,1.33613,264,10,0
2026-03-25 22:15:00+00:00,1.33613,1.33618,1.33591,1.33609,135,10,0
2026-03-25 22:30:00+00:00,1.33609,1.33647,1.3360400000000001,1.3364099999999999,221,10,0
2026-03-25 22:45:00+00:00,1.33639,1.3365,1.3360699999999999,1.33612,236,10,0
2026-03-25 23:00:00+00:00,1.3361399999999999,1.33629,1.33605,1.33625,289,10,0
2026-03-25 23:15:00+00:00,1.33625,1.33628,1.3360400000000001,1.3362,177,10,0
2026-03-25 23:30:00+00:00,1.3362,1.3363,1.33597,1.33599,258,10,0
2026-03-25 23:45:00+00:00,1.33599,1.33637,1.33592,1.33629,274,10,0
2026-03-26 00:00:00+00:00,1.33629,1.33658,1.33598,1.3364099999999999,594,10,0
2026-03-26 00:15:00+00:00,1.3363800000000001,1.3366500000000001,1.33597,1.336,502,10,0
2026-03-26 00:30:00+00:00,1.336,1.33618,1.33547,1.33548,380,10,0
2026-03-26 00:45:00+00:00,1.33549,1.33599,1.33537,1.33583,515,10,0
2026-03-26 01:00:00+00:00,1.33585,1.33667,1.33575,1.33596,692,10,0
2026-03-26 01:15:00+00:00,1.33596,1.3361100000000001,1.33558,1.3360699999999999,518,10,0
2026-03-26 01:30:00+00:00,1.3360400000000001,1.33657,1.33597,1.33628,535,10,0
2026-03-26 01:45:00+00:00,1.33627,1.33646,1.33599,1.33618,471,10,0
2026-03-26 02:00:00+00:00,1.33619,1.33631,1.3358400000000001,1.3359,418,10,0
2026-03-26 02:15:00+00:00,1.3359,1.33628,1.3357700000000001,1.33586,465,10,0
2026-03-26 02:30:00+00:00,1.33586,1.33591,1.3348,1.33527,565,10,0
2026-03-26 02:45:00+00:00,1.33527,1.33545,1.33501,1.3351199999999999,454,10,0
2026-03-26 03:00:00+00:00,1.33509,1.33566,1.33498,1.33561,438,10,0
2026-03-26 03:15:00+00:00,1.33557,1.3361,1.33547,1.33609,419,10,0
2026-03-26 03:30:00+00:00,1.33609,1.33661,1.33609,1.33628,436,10,0
2026-03-26 03:45:00+00:00,1.33628,1.33651,1.33619,1.33647,370,10,0
2026-03-26 04:00:00+00:00,1.33647,1.33659,1.33629,1.33649,346,10,0
2026-03-26 04:15:00+00:00,1.3365,1.33666,1.33639,1.33664,285,10,0
2026-03-26 04:30:00+00:00,1.33664,1.33676,1.33637,1.33655,203,10,0
2026-03-26 04:45:00+00:00,1.33655,1.33673,1.33643,1.33649,357,10,0
2026-03-26 05:00:00+00:00,1.33652,1.33661,1.33632,1.33649,414,10,0
2026-03-26 05:15:00+00:00,1.3365,1.3365,1.3357,1.3361,408,10,0
2026-03-26 05:30:00+00:00,1.33613,1.33632,1.3357999999999999,1.33587,498,10,0
2026-03-26 05:45:00+00:00,1.33586,1.33586,1.3354300000000001,1.33547,529,10,0
2026-03-26 06:00:00+00:00,1.33544,1.33592,1.33528,1.33533,828,10,0
2026-03-26 06:15:00+00:00,1.33533,1.33633,1.33514,1.33608,622,10,0
2026-03-26 06:30:00+00:00,1.33606,1.33622,1.33529,1.33561,664,10,0
2026-03-26 06:45:00+00:00,1.33564,1.33671,1.33564,1.33643,578,10,0
2026-03-26 07:00:00+00:00,1.3364,1.3366,1.3351,1.33568,901,10,0
2026-03-26 07:15:00+00:00,1.33569,1.33594,1.33456,1.33548,958,10,0
2026-03-26 07:30:00+00:00,1.33545,1.33591,1.3349,1.33537,843,10,0
2026-03-26 07:45:00+00:00,1.33537,1.33556,1.3348200000000001,1.33496,841,10,0
2026-03-26 08:00:00+00:00,1.33497,1.33501,1.33368,1.33418,1251,10,0
2026-03-26 08:15:00+00:00,1.33422,1.3351199999999999,1.33382,1.33382,995,10,0
2026-03-26 08:30:00+00:00,1.33381,1.33504,1.3336299999999999,1.3342800000000001,936,10,0
2026-03-26 08:45:00+00:00,1.3342800000000001,1.33538,1.3342100000000001,1.33523,755,10,0
2026-03-26 09:00:00+00:00,1.33523,1.33587,1.3349199999999999,1.33555,955,10,0
2026-03-26 09:15:00+00:00,1.3355299999999999,1.33562,1.33453,1.33462,843,10,0
2026-03-26 09:30:00+00:00,1.3346,1.33522,1.33429,1.33452,1017,10,0
2026-03-26 09:45:00+00:00,1.33453,1.3354,1.33445,1.33534,751,10,0
2026-03-26 10:00:00+00:00,1.33535,1.33602,1.33495,1.33582,823,10,0
2026-03-26 10:15:00+00:00,1.33581,1.33603,1.33545,1.33575,749,10,0
2026-03-26 10:30:00+00:00,1.33575,1.3361100000000001,1.335,1.33537,880,10,0
2026-03-26 10:45:00+00:00,1.33539,1.33568,1.33495,1.33529,717,10,0
2026-03-26 11:00:00+00:00,1.33532,1.33564,1.3348,1.33486,710,10,0
2026-03-26 11:15:00+00:00,1.3348499999999999,1.33521,1.33452,1.33462,614,10,0
2026-03-26 11:30:00+00:00,1.33462,1.33479,1.3333,1.33332,759,10,0
2026-03-26 11:45:00+00:00,1.33337,1.33355,1.33259,1.3326,826,10,0
2026-03-26 12:00:00+00:00,1.33262,1.33341,1.3322,1.33318,1014,10,0
2026-03-26 12:15:00+00:00,1.33317,1.33368,1.33281,1.33339,865,10,0
2026-03-26 12:30:00+00:00,1.33337,1.33349,1.33212,1.33218,1143,10,0
2026-03-26 12:45:00+00:00,1.3322,1.3330899999999999,1.33216,1.33301,1033,10,0
2026-03-26 13:00:00+00:00,1.33301,1.3345099999999999,1.333,1.3343,1189,10,0
2026-03-26 13:15:00+00:00,1.3343,1.3351,1.33427,1.33488,933,10,0
2026-03-26 13:30:00+00:00,1.33487,1.33625,1.33435,1.33625,1608,10,0
2026-03-26 13:45:00+00:00,1.33625,1.3365,1.33481,1.33549,1987,10,0
2026-03-26 14:00:00+00:00,1.33554,1.3359,1.33491,1.33587,1700,10,0
2026-03-26 14:15:00+00:00,1.33588,1.3369900000000001,1.3355000000000001,1.33666,1337,10,0
2026-03-26 14:30:00+00:00,1.3366500000000001,1.33778,1.33571,1.33596,2288,10,0
2026-03-26 14:45:00+00:00,1.33594,1.33688,1.3352,1.33608,1998,10,0
2026-03-26 15:00:00+00:00,1.33612,1.33673,1.3356,1.33606,1821,10,0
2026-03-26 15:15:00+00:00,1.3361,1.33635,1.33518,1.33536,1320,10,0
2026-03-26 15:30:00+00:00,1.33532,1.3354300000000001,1.3336999999999999,1.33392,1216,10,0
2026-03-26 15:45:00+00:00,1.33393,1.33523,1.33378,1.33503,1759,10,0
2026-03-26 16:00:00+00:00,1.33503,1.33523,1.33418,1.33459,1117,10,0
2026-03-26 16:15:00+00:00,1.33459,1.33463,1.33338,1.33403,1154,10,0
2026-03-26 16:30:00+00:00,1.334,1.33404,1.33341,1.3338999999999999,931,10,0
2026-03-26 16:45:00+00:00,1.33389,1.33442,1.3336299999999999,1.3336700000000001,823,10,0
2026-03-26 17:00:00+00:00,1.33366,1.3344,1.33348,1.3339699999999999,922,10,0
2026-03-26 17:15:00+00:00,1.33396,1.33412,1.3334,1.33389,797,10,0
2026-03-26 17:30:00+00:00,1.33389,1.33454,1.3329,1.33308,759,10,0
2026-03-26 17:45:00+00:00,1.33305,1.33316,1.33181,1.33183,956,10,0
2026-03-26 18:00:00+00:00,1.33181,1.33262,1.33168,1.33254,695,10,0
2026-03-26 18:15:00+00:00,1.33251,1.33262,1.33189,1.33196,632,10,0
2026-03-26 18:30:00+00:00,1.33195,1.33276,1.33193,1.33271,564,10,0
2026-03-26 18:45:00+00:00,1.33271,1.33284,1.3324,1.33282,549,10,0
2026-03-26 19:00:00+00:00,1.33285,1.33295,1.33173,1.33195,718,10,0
2026-03-26 19:15:00+00:00,1.33195,1.33232,1.33179,1.33192,603,10,0
2026-03-26 19:30:00+00:00,1.33191,1.33235,1.3317,1.33179,502,10,0
2026-03-26 19:45:00+00:00,1.3317999999999999,1.3318699999999999,1.33122,1.3313,580,10,0
2026-03-26 20:00:00+00:00,1.33131,1.33681,1.33097,1.33446,4167,10,0
2026-03-26 20:15:00+00:00,1.33448,1.3349,1.33282,1.33332,2504,10,0
2026-03-26 20:30:00+00:00,1.3333,1.33401,1.33315,1.33357,931,10,0
2026-03-26 20:45:00+00:00,1.33361,1.3336299999999999,1.33256,1.33291,984,4,0
2026-03-26 21:00:00+00:00,1.33291,1.33297,1.3327200000000001,1.33279,123,13,0
2026-03-26 21:15:00+00:00,1.33278,1.33287,1.33254,1.33267,295,62,0
2026-03-26 21:30:00+00:00,1.33267,1.33274,1.33256,1.33264,296,92,0
2026-03-26 21:45:00+00:00,1.33263,1.33307,1.33263,1.33307,193,59,0
2026-03-26 22:00:00+00:00,1.33319,1.33402,1.33305,1.3335,303,10,0
2026-03-26 22:15:00+00:00,1.3335,1.33371,1.33317,1.33334,200,10,0
2026-03-26 22:30:00+00:00,1.33334,1.33366,1.33331,1.33358,240,10,0
2026-03-26 22:45:00+00:00,1.33358,1.33379,1.33353,1.33374,210,10,0
2026-03-26 23:00:00+00:00,1.33374,1.33383,1.33349,1.33361,292,10,0
2026-03-26 23:15:00+00:00,1.3336000000000001,1.33379,1.3335,1.3336000000000001,253,10,0
2026-03-26 23:30:00+00:00,1.3336000000000001,1.33395,1.3334,1.3335,243,10,0
2026-03-26 23:45:00+00:00,1.33349,1.33374,1.3333,1.33342,243,10,0
2026-03-27 00:00:00+00:00,1.33339,1.33396,1.33315,1.33319,698,10,0
2026-03-27 00:15:00+00:00,1.33321,1.33342,1.33217,1.3325,989,10,0
2026-03-27 00:30:00+00:00,1.33254,1.33295,1.33249,1.33269,767,10,0
2026-03-27 00:45:00+00:00,1.33266,1.33334,1.33231,1.3332899999999999,906,10,0
2026-03-27 01:00:00+00:00,1.33331,1.3336999999999999,1.33314,1.33351,889,10,0
2026-03-27 01:15:00+00:00,1.33356,1.33393,1.33341,1.33386,655,10,0
2026-03-27 01:30:00+00:00,1.33388,1.33429,1.33384,1.33401,557,10,0
2026-03-27 01:45:00+00:00,1.33401,1.33439,1.33374,1.3342399999999999,571,10,0
2026-03-27 02:00:00+00:00,1.33427,1.33465,1.33408,1.3341,523,10,0
2026-03-27 02:15:00+00:00,1.33411,1.3342100000000001,1.33375,1.33404,452,10,0
2026-03-27 02:30:00+00:00,1.33402,1.33436,1.33392,1.33418,446,10,0
2026-03-27 02:45:00+00:00,1.33419,1.33446,1.33404,1.3341,420,10,0
2026-03-27 03:00:00+00:00,1.33413,1.33434,1.33354,1.3336999999999999,494,10,0
2026-03-27 03:15:00+00:00,1.3336999999999999,1.33378,1.33342,1.33364,421,10,0
2026-03-27 03:30:00+00:00,1.33364,1.33434,1.3336299999999999,1.33408,527,10,0
2026-03-27 03:45:00+00:00,1.3341,1.33415,1.3338,1.33402,444,10,0
2026-03-27 04:00:00+00:00,1.334,1.33425,1.33385,1.33405,443,10,0
2026-03-27 04:15:00+00:00,1.33405,1.3342,1.33391,1.3339699999999999,420,10,0
2026-03-27 04:30:00+00:00,1.3339699999999999,1.33432,1.33391,1.3343,326,10,0
2026-03-27 04:45:00+00:00,1.3343,1.33445,1.33402,1.33426,393,10,0
2026-03-27 05:00:00+00:00,1.33425,1.33469,1.33413,1.33462,484,10,0
2026-03-27 05:15:00+00:00,1.3345799999999999,1.33465,1.3338999999999999,1.33401,447,10,0
2026-03-27 05:30:00+00:00,1.334,1.33443,1.33362,1.3344,662,10,0
2026-03-27 05:45:00+00:00,1.33441,1.33472,1.33383,1.33392,513,10,0
2026-03-27 06:00:00+00:00,1.33396,1.33453,1.33377,1.33449,699,10,0
2026-03-27 06:15:00+00:00,1.33445,1.33452,1.33391,1.33412,527,10,0
2026-03-27 06:30:00+00:00,1.33413,1.33413,1.33362,1.33379,476,10,0
2026-03-27 06:45:00+00:00,1.33377,1.33377,1.3332600000000001,1.33343,534,10,0
2026-03-27 07:00:00+00:00,1.33344,1.33352,1.33284,1.33305,691,10,0
2026-03-27 07:15:00+00:00,1.33303,1.3330600000000001,1.33195,1.3320699999999999,722,10,0
2026-03-27 07:30:00+00:00,1.33208,1.33222,1.33122,1.33134,746,10,0
2026-03-27 07:45:00+00:00,1.33135,1.33191,1.33113,1.33133,732,10,0
2026-03-27 08:00:00+00:00,1.3313,1.33185,1.33095,1.33161,1274,10,0
2026-03-27 08:15:00+00:00,1.33161,1.33197,1.3312,1.3319,963,10,0
2026-03-27 08:30:00+00:00,1.3319,1.3320699999999999,1.33088,1.33159,968,10,0
2026-03-27 08:45:00+00:00,1.33159,1.33165,1.33091,1.33133,825,10,0
2026-03-27 09:00:00+00:00,1.33131,1.33158,1.33039,1.33111,1037,10,0
2026-03-27 09:15:00+00:00,1.3311,1.33165,1.33094,1.33125,848,10,0
2026-03-27 09:30:00+00:00,1.33125,1.33137,1.3306200000000001,1.33075,867,10,0
2026-03-27 09:45:00+00:00,1.33072,1.33114,1.33015,1.33063,887,10,0
2026-03-27 10:00:00+00:00,1.3306,1.33176,1.3305,1.33071,937,10,0
2026-03-27 10:15:00+00:00,1.33071,1.33131,1.33048,1.33124,746,10,0
2026-03-27 10:30:00+00:00,1.3312300000000001,1.33141,1.33017,1.3302399999999999,753,10,0
2026-03-27 10:45:00+00:00,1.3302399999999999,1.33044,1.32999,1.33016,692,10,0
2026-03-27 11:00:00+00:00,1.33019,1.33038,1.32992,1.33016,671,10,0
2026-03-27 11:15:00+00:00,1.33017,1.33048,1.32996,1.33019,619,10,0
2026-03-27 11:30:00+00:00,1.33023,1.33036,1.32948,1.32953,692,10,0
2026-03-27 11:45:00+00:00,1.32952,1.32953,1.3282,1.32829,948,10,0
2026-03-27 12:00:00+00:00,1.32826,1.32832,1.3276,1.32781,947,10,0
2026-03-27 12:15:00+00:00,1.32781,1.32839,1.32756,1.32815,904,10,0
2026-03-27 12:30:00+00:00,1.32812,1.32823,1.32714,1.32823,924,10,0
2026-03-27 12:45:00+00:00,1.32825,1.32863,1.32783,1.32813,979,10,0
2026-03-27 13:00:00+00:00,1.3281800000000001,1.32828,1.3276,1.32772,1015,10,0
2026-03-27 13:15:00+00:00,1.32772,1.3290199999999999,1.32764,1.32889,991,10,0
2026-03-27 13:30:00+00:00,1.3289,1.33002,1.3284099999999999,1.32976,1466,10,0
2026-03-27 13:45:00+00:00,1.32975,1.3306,1.32928,1.3296999999999999,1314,10,0
2026-03-27 14:00:00+00:00,1.32965,1.33147,1.32957,1.3313,1503,10,0
2026-03-27 14:15:00+00:00,1.33129,1.3318400000000001,1.33091,1.33113,1331,10,0
2026-03-27 14:30:00+00:00,1.33111,1.33171,1.33078,1.33083,1152,10,0
2026-03-27 14:45:00+00:00,1.3308,1.33169,1.33072,1.33108,1181,10,0
2026-03-27 15:00:00+00:00,1.33108,1.3317700000000001,1.33107,1.33128,1392,10,0
2026-03-27 15:15:00+00:00,1.3313,1.3327499999999999,1.33069,1.3323,2130,10,0
2026-03-27 15:30:00+00:00,1.33232,1.33321,1.33192,1.33208,1550,10,0
2026-03-27 15:45:00+00:00,1.3320699999999999,1.33223,1.32861,1.32907,1620,10,0
2026-03-27 16:00:00+00:00,1.32905,1.32976,1.32853,1.32908,1510,10,0
2026-03-27 16:15:00+00:00,1.3291,1.3293599999999999,1.32856,1.32895,1140,10,0
2026-03-27 16:30:00+00:00,1.32898,1.32907,1.32732,1.32819,1216,10,0
2026-03-27 16:45:00+00:00,1.3281800000000001,1.32871,1.32749,1.32761,992,10,0
2026-03-27 17:00:00+00:00,1.32761,1.3288,1.3271,1.32727,1661,10,0
2026-03-27 17:15:00+00:00,1.3272599999999999,1.32738,1.32634,1.32639,762,10,0
2026-03-27 17:30:00+00:00,1.32639,1.32648,1.3259699999999999,1.32626,775,10,0
2026-03-27 17:45:00+00:00,1.32625,1.32676,1.32615,1.3267,758,10,0
2026-03-27 18:00:00+00:00,1.32669,1.32698,1.32627,1.32664,784,10,0
2026-03-27 18:15:00+00:00,1.3266499999999999,1.3271899999999999,1.3265,1.32684,894,10,0
2026-03-27 18:30:00+00:00,1.32684,1.32759,1.32667,1.32724,761,10,0
2026-03-27 18:45:00+00:00,1.32725,1.32739,1.3268499999999999,1.32697,708,10,0
2026-03-27 19:00:00+00:00,1.32697,1.32705,1.32635,1.32675,685,10,0
2026-03-27 19:15:00+00:00,1.32674,1.32693,1.32646,1.32688,621,10,0
2026-03-27 19:30:00+00:00,1.32688,1.32702,1.32636,1.32668,676,10,0
2026-03-27 19:45:00+00:00,1.3267,1.32729,1.32642,1.32713,719,10,0
2026-03-27 20:00:00+00:00,1.32715,1.32762,1.32682,1.32728,749,10,0
2026-03-27 20:15:00+00:00,1.32727,1.32744,1.3266,1.32681,406,10,0
2026-03-27 20:30:00+00:00,1.3268,1.32727,1.32623,1.32702,674,10,0
2026-03-27 20:45:00+00:00,1.327,1.32717,1.32609,1.32617,741,10,0
2026-03-29 21:00:00+00:00,1.32583,1.32596,1.3254299999999999,1.3259,55,54,0
2026-03-29 21:15:00+00:00,1.3259,1.3259400000000001,1.32589,1.3259400000000001,19,47,0
2026-03-29 21:30:00+00:00,1.3259400000000001,1.32605,1.3256299999999999,1.32582,67,47,0
2026-03-29 21:45:00+00:00,1.32583,1.3261,1.32537,1.3259699999999999,145,47,0
2026-03-29 22:00:00+00:00,1.32664,1.32664,1.3235000000000001,1.32433,792,10,0
2026-03-29 22:15:00+00:00,1.32432,1.32496,1.32408,1.32413,605,10,0
2026-03-29 22:30:00+00:00,1.32413,1.32433,1.32359,1.3235999999999999,580,10,0
2026-03-29 22:45:00+00:00,1.32359,1.32404,1.32359,1.32376,521,10,0
2026-03-29 23:00:00+00:00,1.32376,1.32431,1.32375,1.3237999999999999,649,10,0
2026-03-29 23:15:00+00:00,1.3238400000000001,1.32454,1.3238400000000001,1.32435,385,10,0
2026-03-29 23:30:00+00:00,1.32434,1.3244,1.32372,1.32379,471,10,0
2026-03-29 23:45:00+00:00,1.32381,1.32395,1.32335,1.32376,856,10,0
2026-03-30 00:00:00+00:00,1.32378,1.3243,1.3231899999999999,1.32372,980,10,0
2026-03-30 00:15:00+00:00,1.32373,1.3259,1.3235700000000001,1.32519,1904,10,0
2026-03-30 00:30:00+00:00,1.32517,1.32598,1.32514,1.32539,994,10,0
2026-03-30 00:45:00+00:00,1.32534,1.32542,1.32471,1.32518,754,10,0
2026-03-30 01:00:00+00:00,1.32517,1.32572,1.32505,1.32544,910,10,0
2026-03-30 01:15:00+00:00,1.3254299999999999,1.32544,1.32468,1.32512,1043,10,0
2026-03-30 01:30:00+00:00,1.32515,1.32549,1.3247499999999999,1.32504,843,10,0
2026-03-30 01:45:00+00:00,1.32504,1.32521,1.32477,1.32496,663,10,0
2026-03-30 02:00:00+00:00,1.3249900000000001,1.32522,1.32447,1.32518,661,10,0
2026-03-30 02:15:00+00:00,1.32516,1.32531,1.32468,1.32497,692,10,0
2026-03-30 02:30:00+00:00,1.32498,1.326,1.32497,1.32582,738,10,0
2026-03-30 02:45:00+00:00,1.32582,1.32622,1.32551,1.32577,640,10,0
2026-03-30 03:00:00+00:00,1.32578,1.32677,1.32569,1.32646,611,10,0
2026-03-30 03:15:00+00:00,1.32646,1.32696,1.3263,1.3268900000000001,543,10,0
2026-03-30 03:30:00+00:00,1.3268900000000001,1.327,1.32666,1.32697,419,10,0
2026-03-30 03:45:00+00:00,1.32693,1.32721,1.32664,1.3271,547,10,0
2026-03-30 04:00:00+00:00,1.32711,1.32728,1.3268499999999999,1.32712,526,10,0
2026-03-30 04:15:00+00:00,1.32713,1.32768,1.32707,1.32747,381,10,0
2026-03-30 04:30:00+00:00,1.32747,1.32749,1.32707,1.32728,353,10,0
2026-03-30 04:45:00+00:00,1.32728,1.32739,1.32675,1.32675,346,10,0
2026-03-30 05:00:00+00:00,1.32674,1.32742,1.32671,1.3271600000000001,476,10,0
2026-03-30 05:15:00+00:00,1.3271899999999999,1.32757,1.32715,1.3271600000000001,457,10,0
2026-03-30 05:30:00+00:00,1.3271600000000001,1.32744,1.32687,1.32727,445,10,0
2026-03-30 05:45:00+00:00,1.32727,1.32765,1.32715,1.3272,476,10,0
2026-03-30 06:00:00+00:00,1.32724,1.32824,1.32704,1.32741,834,10,0
2026-03-30 06:15:00+00:00,1.3274,1.32772,1.3271600000000001,1.32718,765,10,0
2026-03-30 06:30:00+00:00,1.3271600000000001,1.32778,1.32691,1.32775,740,10,0
2026-03-30 06:45:00+00:00,1.32776,1.3277999999999999,1.32651,1.32659,673,10,0
2026-03-30 07:00:00+00:00,1.32656,1.32666,1.32513,1.32539,887,10,0
2026-03-30 07:15:00+00:00,1.32537,1.32557,1.32458,1.32474,873,10,0
2026-03-30 07:30:00+00:00,1.3247499999999999,1.32491,1.3241100000000001,1.32453,830,10,0
2026-03-30 07:45:00+00:00,1.32452,1.32511,1.3244099999999999,1.32456,750,10,0
2026-03-30 08:00:00+00:00,1.32452,1.32461,1.32386,1.3242099999999999,1085,10,0
2026-03-30 08:15:00+00:00,1.3242,1.3242099999999999,1.32328,1.32364,723,10,0
2026-03-30 08:30:00+00:00,1.32362,1.32433,1.32345,1.32356,744,10,0
2026-03-30 08:45:00+00:00,1.32355,1.32405,1.32322,1.32344,679,10,0
2026-03-30 09:00:00+00:00,1.32345,1.32394,1.32274,1.32284,786,10,0
2026-03-30 09:15:00+00:00,1.32284,1.32398,1.3223799999999999,1.32311,904,10,0
2026-03-30 09:30:00+00:00,1.3231,1.32398,1.32301,1.3239,717,10,0
2026-03-30 09:45:00+00:00,1.32389,1.32404,1.32335,1.3235299999999999,667,10,0
2026-03-30 10:00:00+00:00,1.32356,1.32437,1.3232300000000001,1.32417,804,10,0
2026-03-30 10:15:00+00:00,1.32416,1.32431,1.32354,1.32366,621,10,0
2026-03-30 10:30:00+00:00,1.32367,1.32378,1.32304,1.32327,699,10,0
2026-03-30 10:45:00+00:00,1.32327,1.3235700000000001,1.32275,1.32284,661,10,0
2026-03-30 11:00:00+00:00,1.32285,1.32378,1.32278,1.32366,717,10,0
2026-03-30 11:15:00+00:00,1.32364,1.3253599999999999,1.32342,1.32434,1976,10,0
2026-03-30 11:30:00+00:00,1.3243800000000001,1.32454,1.32321,1.32356,1385,10,0
2026-03-30 11:45:00+00:00,1.32355,1.32389,1.32298,1.32306,831,10,0
2026-03-30 12:00:00+00:00,1.32307,1.32337,1.32233,1.3223500000000001,825,10,0
2026-03-30 12:15:00+00:00,1.32237,1.32348,1.3219699999999999,1.32279,942,10,0
2026-03-30 12:30:00+00:00,1.3228,1.32368,1.32274,1.32279,873,10,0
2026-03-30 12:45:00+00:00,1.32279,1.32355,1.32267,1.32278,996,10,0
2026-03-30 13:00:00+00:00,1.32279,1.32339,1.32218,1.3229899999999999,1126,10,0
2026-03-30 13:15:00+00:00,1.32295,1.32334,1.32203,1.3222,905,10,0
2026-03-30 13:30:00+00:00,1.32223,1.32227,1.3187,1.31898,1828,10,0
2026-03-30 13:45:00+00:00,1.31895,1.31905,1.3180100000000001,1.3183500000000001,1290,10,0
2026-03-30 14:00:00+00:00,1.31837,1.31882,1.31785,1.31859,1445,10,0
2026-03-30 14:15:00+00:00,1.3185799999999999,1.31859,1.3174299999999999,1.31789,1356,10,0
2026-03-30 14:30:00+00:00,1.31788,1.31891,1.31776,1.31853,1228,10,0
2026-03-30 14:45:00+00:00,1.31853,1.32034,1.3183799999999999,1.31976,2007,10,0
2026-03-30 15:00:00+00:00,1.31978,1.3198699999999999,1.31765,1.31768,1231,10,0
2026-03-30 15:15:00+00:00,1.31769,1.31905,1.31732,1.31886,1290,10,0
2026-03-30 15:30:00+00:00,1.31885,1.31977,1.31851,1.31952,1250,10,0
2026-03-30 15:45:00+00:00,1.31951,1.31954,1.31894,1.31894,1095,10,0
2026-03-30 16:00:00+00:00,1.31893,1.31911,1.31849,1.31893,997,10,0
2026-03-30 16:15:00+00:00,1.3189600000000001,1.31917,1.31842,1.31842,774,10,0
2026-03-30 16:30:00+00:00,1.31839,1.31877,1.31811,1.3186200000000001,740,10,0
2026-03-30 16:45:00+00:00,1.3186200000000001,1.3191,1.31844,1.3189600000000001,817,10,0
2026-03-30 17:00:00+00:00,1.31898,1.31949,1.31813,1.31842,821,10,0
2026-03-30 17:15:00+00:00,1.3184,1.3191,1.31825,1.31885,793,10,0
2026-03-30 17:30:00+00:00,1.31883,1.31938,1.31877,1.31937,761,10,0
2026-03-30 17:45:00+00:00,1.31939,1.31969,1.31829,1.31852,873,10,0
2026-03-30 18:00:00+00:00,1.3185,1.31921,1.31843,1.3189899999999999,642,10,0
2026-03-30 18:15:00+00:00,1.3189899999999999,1.31938,1.31884,1.319,583,10,0
2026-03-30 18:30:00+00:00,1.31902,1.31932,1.31885,1.31895,513,10,0
2026-03-30 18:45:00+00:00,1.31897,1.31924,1.31834,1.31849,706,10,0
2026-03-30 19:00:00+00:00,1.31847,1.31864,1.31738,1.31781,734,10,0
2026-03-30 19:15:00+00:00,1.31782,1.31798,1.31751,1.3178,544,10,0
2026-03-30 19:30:00+00:00,1.3178,1.3184,1.3177699999999999,1.31823,605,10,0
2026-03-30 19:45:00+00:00,1.31821,1.31851,1.3179699999999999,1.3185,584,10,0
2026-03-30 20:00:00+00:00,1.31847,1.31859,1.31816,1.31817,370,10,0
2026-03-30 20:15:00+00:00,1.31817,1.3182,1.31782,1.31796,397,10,0
2026-03-30 20:30:00+00:00,1.31796,1.31849,1.31786,1.3179699999999999,352,10,0
2026-03-30 20:45:00+00:00,1.3179699999999999,1.31848,1.31775,1.31829,512,10,0
2026-03-30 21:00:00+00:00,1.3182800000000001,1.31829,1.31775,1.31783,182,22,0
2026-03-30 21:15:00+00:00,1.31782,1.3179,1.31745,1.31755,368,73,0
2026-03-30 21:30:00+00:00,1.31754,1.31799,1.31752,1.31762,421,51,0
2026-03-30 21:45:00+00:00,1.3176,1.3180100000000001,1.31746,1.3180100000000001,260,73,0
2026-03-30 22:00:00+00:00,1.31812,1.31857,1.31805,1.3182,187,10,0
2026-03-30 22:15:00+00:00,1.3182,1.3183500000000001,1.3181,1.31821,113,10,0
2026-03-30 22:30:00+00:00,1.31821,1.31821,1.3179400000000001,1.31811,111,10,0
2026-03-30 22:45:00+00:00,1.31811,1.31817,1.31786,1.31789,191,10,0
2026-03-30 23:00:00+00:00,1.31788,1.31788,1.31693,1.31708,461,10,0
2026-03-30 23:15:00+00:00,1.31708,1.31738,1.31707,1.31717,271,10,0
2026-03-30 23:30:00+00:00,1.31717,1.31727,1.31687,1.31725,287,10,0
2026-03-30 23:45:00+00:00,1.31725,1.31725,1.31694,1.3172,327,10,0
2026-03-31 00:00:00+00:00,1.3172,1.3174299999999999,1.31638,1.3164500000000001,778,10,0
2026-03-31 00:15:00+00:00,1.3164500000000001,1.31667,1.31588,1.31666,643,10,0
2026-03-31 00:30:00+00:00,1.31666,1.31872,1.3162,1.3186499999999999,1502,10,0
2026-03-31 00:45:00+00:00,1.31864,1.32024,1.31864,1.31998,1807,10,0
2026-03-31 01:00:00+00:00,1.31996,1.32039,1.31956,1.32002,1017,10,0
2026-03-31 01:15:00+00:00,1.32003,1.32178,1.31993,1.32177,1062,10,0
2026-03-31 01:30:00+00:00,1.32175,1.3223799999999999,1.32144,1.32155,1268,10,0
2026-03-31 01:45:00+00:00,1.32156,1.32166,1.32063,1.32098,965,10,0
2026-03-31 02:00:00+00:00,1.32101,1.32123,1.32047,1.32093,728,10,0
2026-03-31 02:15:00+00:00,1.32095,1.32128,1.32088,1.32101,633,10,0
2026-03-31 02:30:00+00:00,1.32102,1.3210600000000001,1.32054,1.32078,625,10,0
2026-03-31 02:45:00+00:00,1.3207900000000001,1.32128,1.3207,1.32084,761,10,0
2026-03-31 03:00:00+00:00,1.3208199999999999,1.32123,1.32062,1.32085,625,10,0
2026-03-31 03:15:00+00:00,1.32085,1.32096,1.32042,1.32057,499,10,0
2026-03-31 03:30:00+00:00,1.32056,1.32074,1.31997,1.32006,470,10,0
2026-03-31 03:45:00+00:00,1.32008,1.32023,1.31977,1.31997,416,10,0
2026-03-31 04:00:00+00:00,1.31998,1.3202,1.31993,1.32003,349,10,0
2026-03-31 04:15:00+00:00,1.32002,1.32033,1.31999,1.3201100000000001,347,10,0
2026-03-31 04:30:00+00:00,1.3201100000000001,1.32042,1.31992,1.31998,348,10,0
2026-03-31 04:45:00+00:00,1.31998,1.32002,1.31964,1.31964,397,10,0
2026-03-31 05:00:00+00:00,1.31963,1.31998,1.31924,1.31924,477,10,0
2026-03-31 05:15:00+00:00,1.31924,1.3204,1.31924,1.3201399999999999,561,10,0
2026-03-31 05:30:00+00:00,1.3201399999999999,1.32058,1.32005,1.3201399999999999,579,10,0
2026-03-31 05:45:00+00:00,1.3201399999999999,1.32117,1.31989,1.3201800000000001,740,10,0
2026-03-31 06:00:00+00:00,1.3201399999999999,1.32019,1.31956,1.31988,843,10,0
2026-03-31 06:15:00+00:00,1.3198400000000001,1.3207900000000001,1.3193,1.32066,854,10,0
2026-03-31 06:30:00+00:00,1.32064,1.32087,1.31948,1.31974,838,10,0
2026-03-31 06:45:00+00:00,1.31976,1.32062,1.31931,1.32049,914,10,0
2026-03-31 07:00:00+00:00,1.3205200000000001,1.32092,1.31941,1.31951,1266,10,0
2026-03-31 07:15:00+00:00,1.31947,1.31992,1.31903,1.31968,849,10,0
2026-03-31 07:30:00+00:00,1.31971,1.3205,1.31971,1.32024,883,10,0
2026-03-31 07:45:00+00:00,1.32023,1.32088,1.31975,1.3205,1039,10,0
2026-03-31 08:00:00+00:00,1.32051,1.3211,1.3198400000000001,1.32003,1098,10,0
2026-03-31 08:15:00+00:00,1.32003,1.3207,1.31983,1.32065,798,10,0
2026-03-31 08:30:00+00:00,1.32066,1.32158,1.32061,1.32154,686,10,0
2026-03-31 08:45:00+00:00,1.32156,1.3219400000000001,1.32108,1.32114,718,10,0
2026-03-31 09:00:00+00:00,1.32115,1.3213599999999999,1.32062,1.32103,720,10,0
2026-03-31 09:15:00+00:00,1.32103,1.32137,1.3207499999999999,1.32115,748,10,0
2026-03-31 09:30:00+00:00,1.32115,1.32198,1.32093,1.32156,780,10,0
2026-03-31 09:45:00+00:00,1.32156,1.32156,1.32087,1.32137,693,10,0
2026-03-31 10:00:00+00:00,1.32139,1.32172,1.32086,1.32093,653,10,0
2026-03-31 10:15:00+00:00,1.32093,1.32108,1.32063,1.32086,474,10,0
2026-03-31 10:30:00+00:00,1.32085,1.32098,1.32012,1.3202,650,10,0
2026-03-31 10:45:00+00:00,1.3202,1.3207200000000001,1.31971,1.31988,817,10,0
2026-03-31 11:00:00+00:00,1.31989,1.32125,1.31914,1.31967,1990,10,0
2026-03-31 11:15:00+00:00,1.31967,1.32215,1.31954,1.32105,1723,10,0
2026-03-31 11:30:00+00:00,1.32107,1.3229199999999999,1.32066,1.3228900000000001,1133,10,0
2026-03-31 11:45:00+00:00,1.32288,1.32346,1.3224,1.32341,1248,10,0
2026-03-31 12:00:00+00:00,1.32343,1.3244,1.3229600000000001,1.32336,1856,10,0
2026-03-31 12:15:00+00:00,1.32334,1.3243,1.32287,1.32388,1925,10,0
2026-03-31 12:30:00+00:00,1.32389,1.32481,1.32374,1.32446,1132,10,0
2026-03-31 12:45:00+00:00,1.32444,1.3247,1.32348,1.32365,1073,10,0
2026-03-31 13:00:00+00:00,1.32369,1.32466,1.32293,1.32424,1010,10,0
2026-03-31 13:15:00+00:00,1.32423,1.32539,1.32417,1.32458,974,10,0
2026-03-31 13:30:00+00:00,1.32455,1.3250600000000001,1.32395,1.32471,1345,10,0
2026-03-31 13:45:00+00:00,1.32471,1.32627,1.32455,1.3261,1302,10,0
2026-03-31 14:00:00+00:00,1.32612,1.32635,1.32456,1.32491,1560,10,0
2026-03-31 14:15:00+00:00,1.32489,1.3255,1.3247,1.32548,1521,10,0
2026-03-31 14:30:00+00:00,1.3255,1.32639,1.32318,1.32333,1765,10,0
2026-03-31 14:45:00+00:00,1.32336,1.32378,1.31717,1.31873,4490,10,0
2026-03-31 15:00:00+00:00,1.3187,1.32175,1.3182800000000001,1.32149,3304,10,0
2026-03-31 15:15:00+00:00,1.32153,1.32175,1.32026,1.32043,1763,10,0
2026-03-31 15:30:00+00:00,1.32046,1.3206,1.31944,1.32002,1729,10,0
2026-03-31 15:45:00+00:00,1.32006,1.32042,1.31786,1.31841,1601,10,0
2026-03-31 16:00:00+00:00,1.31841,1.31965,1.3181,1.31905,1700,10,0
2026-03-31 16:15:00+00:00,1.31901,1.31931,1.31748,1.31864,1602,10,0
2026-03-31 16:30:00+00:00,1.31868,1.32342,1.31841,1.32163,4774,10,0
2026-03-31 16:45:00+00:00,1.32161,1.32208,1.3201399999999999,1.32148,5327,10,0
2026-03-31 17:00:00+00:00,1.32152,1.32354,1.32147,1.32312,3443,10,0
2026-03-31 17:15:00+00:00,1.3231600000000001,1.3243,1.32302,1.32365,1996,10,0
2026-03-31 17:30:00+00:00,1.32368,1.3244799999999999,1.32314,1.32433,2686,10,0
2026-03-31 17:45:00+00:00,1.32437,1.32477,1.3229199999999999,1.32305,1534,10,0
2026-03-31 18:00:00+00:00,1.32301,1.32454,1.32295,1.32434,1245,10,0
2026-03-31 18:15:00+00:00,1.32434,1.32469,1.3235999999999999,1.32407,1182,10,0
2026-03-31 18:30:00+00:00,1.32404,1.3242,1.32328,1.32355,1224,10,0
2026-03-31 18:45:00+00:00,1.3235700000000001,1.32391,1.32264,1.32278,1059,10,0
2026-03-31 19:00:00+00:00,1.32274,1.32315,1.32203,1.32275,1105,10,0
2026-03-31 19:15:00+00:00,1.32276,1.32297,1.3223500000000001,1.3225500000000001,787,10,0
2026-03-31 19:30:00+00:00,1.32259,1.3238400000000001,1.32253,1.32344,848,10,0
2026-03-31 19:45:00+00:00,1.3234,1.32391,1.32331,1.3235700000000001,1010,10,0
2026-03-31 20:00:00+00:00,1.3235700000000001,1.32409,1.32322,1.3234,580,10,0
2026-03-31 20:15:00+00:00,1.32341,1.32354,1.32271,1.32286,686,10,0
2026-03-31 20:30:00+00:00,1.32283,1.32294,1.32251,1.32271,801,10,0
2026-03-31 20:45:00+00:00,1.32271,1.3229199999999999,1.32241,1.32266,467,4,0
2026-03-31 21:00:00+00:00,1.3226200000000001,1.32269,1.32248,1.32254,140,20,0
2026-03-31 21:15:00+00:00,1.32253,1.32264,1.32244,1.3225799999999999,121,24,0
2026-03-31 21:30:00+00:00,1.32257,1.32267,1.32251,1.32267,118,24,0
2026-03-31 21:45:00+00:00,1.32267,1.32268,1.32219,1.32219,199,24,0
2026-03-31 22:00:00+00:00,1.32232,1.32315,1.32205,1.32253,719,10,0
2026-03-31 22:15:00+00:00,1.32253,1.32285,1.3223500000000001,1.3225799999999999,321,10,0
2026-03-31 22:30:00+00:00,1.3225799999999999,1.32305,1.3225799999999999,1.3229899999999999,263,10,0
2026-03-31 22:45:00+00:00,1.3229899999999999,1.32314,1.3228900000000001,1.32312,142,10,0
2026-03-31 23:00:00+00:00,1.32312,1.32324,1.32287,1.32321,262,10,0
2026-03-31 23:15:00+00:00,1.3232,1.3238400000000001,1.32315,1.32374,372,10,0
2026-03-31 23:30:00+00:00,1.32373,1.32401,1.32368,1.32378,329,10,0
2026-03-31 23:45:00+00:00,1.32379,1.32442,1.32367,1.32429,615,10,0
2026-04-01 00:00:00+00:00,1.32428,1.32463,1.32388,1.32463,759,10,0
2026-04-01 00:15:00+00:00,1.32461,1.32532,1.32453,1.32522,581,10,0
2026-04-01 00:30:00+00:00,1.32524,1.32542,1.32485,1.32513,516,10,0
2026-04-01 00:45:00+00:00,1.32511,1.32518,1.32433,1.3246,646,10,0
2026-04-01 01:00:00+00:00,1.32459,1.32471,1.32193,1.32361,1441,10,0
2026-04-01 01:15:00+00:00,1.32362,1.32362,1.32266,1.32349,1032,10,0
2026-04-01 01:30:00+00:00,1.32345,1.32362,1.32206,1.3226200000000001,947,10,0
2026-04-01 01:45:00+00:00,1.3226,1.32325,1.3223,1.32308,711,10,0
2026-04-01 02:00:00+00:00,1.32311,1.32391,1.32291,1.32362,621,10,0
2026-04-01 02:15:00+00:00,1.32358,1.32385,1.32351,1.3235700000000001,496,10,0
2026-04-01 02:30:00+00:00,1.3235700000000001,1.32385,1.32309,1.32376,623,10,0
2026-04-01 02:45:00+00:00,1.32376,1.32431,1.32372,1.32395,530,10,0
2026-04-01 03:00:00+00:00,1.32392,1.32397,1.32344,1.32371,552,10,0
2026-04-01 03:15:00+00:00,1.32374,1.32391,1.32349,1.32349,443,10,0
2026-04-01 03:30:00+00:00,1.3235000000000001,1.32371,1.32343,1.32354,439,10,0
2026-04-01 03:45:00+00:00,1.3235299999999999,1.3235700000000001,1.32309,1.32329,441,10,0
2026-04-01 04:00:00+00:00,1.3232599999999999,1.32389,1.3231899999999999,1.32369,404,10,0
2026-04-01 04:15:00+00:00,1.32368,1.32376,1.32329,1.32376,466,10,0
2026-04-01 04:30:00+00:00,1.32375,1.32413,1.32348,1.3241100000000001,423,10,0
2026-04-01 04:45:00+00:00,1.32412,1.32434,1.32383,1.32424,437,10,0
2026-04-01 05:00:00+00:00,1.32427,1.32507,1.32412,1.32489,614,10,0
2026-04-01 05:15:00+00:00,1.32489,1.3256299999999999,1.32473,1.32555,534,10,0
2026-04-01 05:30:00+00:00,1.32557,1.3261,1.3254299999999999,1.3261,585,10,0
2026-04-01 05:45:00+00:00,1.32609,1.32651,1.32559,1.32561,719,10,0
2026-04-01 06:00:00+00:00,1.32561,1.32671,1.32544,1.32653,1147,10,0
2026-04-01 06:15:00+00:00,1.32654,1.32888,1.32642,1.3284799999999999,1286,10,0
2026-04-01 06:30:00+00:00,1.32847,1.32889,1.32752,1.32853,1626,10,0
2026-04-01 06:45:00+00:00,1.32854,1.32925,1.32802,1.32882,1593,10,0
2026-04-01 07:00:00+00:00,1.32885,1.32912,1.32769,1.32816,1717,10,0
2026-04-01 07:15:00+00:00,1.3281800000000001,1.32903,1.32749,1.3277,1213,10,0
2026-04-01 07:30:00+00:00,1.32766,1.3284,1.3272,1.32803,1479,10,0
2026-04-01 07:45:00+00:00,1.32802,1.32869,1.32623,1.32651,1875,10,0
2026-04-01 08:00:00+00:00,1.3265,1.32805,1.32611,1.3268900000000001,1614,10,0
2026-04-01 08:15:00+00:00,1.3269199999999999,1.32862,1.3265799999999999,1.32862,1208,10,0
2026-04-01 08:30:00+00:00,1.32864,1.33004,1.32853,1.3299699999999999,1217,10,0
2026-04-01 08:45:00+00:00,1.3299699999999999,1.32999,1.32864,1.32887,1535,10,0
2026-04-01 09:00:00+00:00,1.32883,1.3296000000000001,1.32824,1.32855,1231,10,0
2026-04-01 09:15:00+00:00,1.32855,1.32862,1.32772,1.3281399999999999,1247,10,0
2026-04-01 09:30:00+00:00,1.3281,1.32876,1.32783,1.32812,1070,10,0
2026-04-01 09:45:00+00:00,1.32808,1.3295,1.32805,1.32923,1085,10,0
2026-04-01 10:00:00+00:00,1.32922,1.33064,1.32922,1.33036,1110,10,0
2026-04-01 10:15:00+00:00,1.33034,1.33121,1.33012,1.33093,1107,10,0
2026-04-01 10:30:00+00:00,1.3309199999999999,1.3314300000000001,1.33067,1.33132,951,10,0
2026-04-01 10:45:00+00:00,1.33134,1.33183,1.33003,1.33013,1227,10,0
2026-04-01 11:00:00+00:00,1.33013,1.33142,1.32985,1.33134,902,10,0
2026-04-01 11:15:00+00:00,1.33135,1.3315299999999999,1.3308,1.33117,726,10,0
2026-04-01 11:30:00+00:00,1.33117,1.33188,1.33106,1.33168,783,10,0
2026-04-01 11:45:00+00:00,1.33168,1.33242,1.3314599999999999,1.33209,841,10,0
2026-04-01 12:00:00+00:00,1.33212,1.33249,1.33174,1.3322,920,10,0
2026-04-01 12:15:00+00:00,1.33223,1.33224,1.3294000000000001,1.3300100000000001,1439,10,0
2026-04-01 12:30:00+00:00,1.33005,1.33234,1.32969,1.33172,1503,10,0
2026-04-01 12:45:00+00:00,1.33176,1.33264,1.33011,1.33056,4448,10,0
2026-04-01 13:00:00+00:00,1.33057,1.3311899999999999,1.32927,1.33112,1843,10,0
2026-04-01 13:15:00+00:00,1.3311,1.33131,1.33046,1.33066,1600,10,0
2026-04-01 13:30:00+00:00,1.3306200000000001,1.33247,1.33051,1.33135,2426,10,0
2026-04-01 13:45:00+00:00,1.33136,1.33192,1.3308,1.3314599999999999,2036,10,0
2026-04-01 14:00:00+00:00,1.33144,1.33181,1.33041,1.3314,2251,10,0
2026-04-01 14:15:00+00:00,1.33138,1.33192,1.33078,1.3311899999999999,1661,10,0
2026-04-01 14:30:00+00:00,1.33121,1.33183,1.3303099999999999,1.33172,2261,10,0
2026-04-01 14:45:00+00:00,1.33171,1.33355,1.33104,1.33334,1926,10,0
2026-04-01 15:00:00+00:00,1.33335,1.33374,1.33247,1.33274,1263,10,0
2026-04-01 15:15:00+00:00,1.33276,1.33298,1.33169,1.33192,1155,10,0
2026-04-01 15:30:00+00:00,1.33189,1.33271,1.33166,1.3326,1160,10,0
2026-04-01 15:45:00+00:00,1.33264,1.3332600000000001,1.33242,1.33289,951,10,0
2026-04-01 16:00:00+00:00,1.3329,1.33327,1.3315000000000001,1.3316,1001,10,0
2026-04-01 16:15:00+00:00,1.33163,1.33223,1.33137,1.33185,880,10,0
2026-04-01 16:30:00+00:00,1.3319,1.3326500000000001,1.33174,1.33231,880,10,0
2026-04-01 16:45:00+00:00,1.3323,1.33386,1.33221,1.33381,728,10,0
2026-04-01 17:00:00+00:00,1.33382,1.33459,1.33365,1.33376,779,10,0
2026-04-01 17:15:00+00:00,1.33375,1.33395,1.33307,1.33315,786,10,0
2026-04-01 17:30:00+00:00,1.33315,1.33315,1.33191,1.33247,828,10,0
2026-04-01 17:45:00+00:00,1.3324799999999999,1.3325,1.3314599999999999,1.33173,756,10,0
2026-04-01 18:00:00+00:00,1.33169,1.3317700000000001,1.33048,1.33051,1075,10,0
2026-04-01 18:15:00+00:00,1.33049,1.33083,1.32983,1.33003,962,10,0
2026-04-01 18:30:00+00:00,1.33003,1.33064,1.32942,1.3303099999999999,1038,10,0
2026-04-01 18:45:00+00:00,1.3303099999999999,1.3307,1.3299400000000001,1.3300100000000001,1011,10,0
2026-04-01 19:00:00+00:00,1.3300100000000001,1.3301,1.32942,1.32976,915,10,0
2026-04-01 19:15:00+00:00,1.32976,1.32991,1.32924,1.32989,628,10,0
2026-04-01 19:30:00+00:00,1.32989,1.33063,1.32971,1.33032,682,10,0
2026-04-01 19:45:00+00:00,1.33032,1.33049,1.32971,1.32999,800,10,0
2026-04-01 20:00:00+00:00,1.32998,1.33041,1.32993,1.33022,401,10,0
2026-04-01 20:15:00+00:00,1.33022,1.3303099999999999,1.32996,1.33015,425,10,0
2026-04-01 20:30:00+00:00,1.33011,1.3306200000000001,1.33011,1.33057,687,10,0
2026-04-01 20:45:00+00:00,1.33057,1.33069,1.33032,1.3306,352,4,0
2026-04-01 21:00:00+00:00,1.33061,1.33061,1.32966,1.32971,98,26,0
2026-04-01 21:15:00+00:00,1.32969,1.32979,1.32889,1.3296999999999999,437,119,0
2026-04-01 21:30:00+00:00,1.32971,1.32987,1.32961,1.32974,279,123,0
2026-04-01 21:45:00+00:00,1.32974,1.33009,1.32955,1.33009,249,92,0
2026-04-01 22:00:00+00:00,1.33032,1.33097,1.33032,1.3308200000000001,457,10,0
2026-04-01 22:15:00+00:00,1.3308200000000001,1.3309199999999999,1.33041,1.3309199999999999,142,10,0
2026-04-01 22:30:00+00:00,1.3309199999999999,1.3309199999999999,1.3305799999999999,1.33075,194,10,0
2026-04-01 22:45:00+00:00,1.33075,1.33097,1.33037,1.33052,272,10,0
2026-04-01 23:00:00+00:00,1.33056,1.33102,1.33056,1.33099,225,10,0
2026-04-01 23:15:00+00:00,1.33099,1.33099,1.33043,1.33048,292,10,0
2026-04-01 23:30:00+00:00,1.33048,1.33079,1.33036,1.33054,353,10,0
2026-04-01 23:45:00+00:00,1.3305500000000001,1.3305500000000001,1.33002,1.33019,493,10,0
2026-04-02 00:00:00+00:00,1.33019,1.33118,1.32989,1.33064,912,10,0
2026-04-02 00:15:00+00:00,1.33068,1.3308499999999999,1.32969,1.32987,698,10,0
2026-04-02 00:30:00+00:00,1.32985,1.33096,1.32978,1.33084,745,10,0
2026-04-02 00:45:00+00:00,1.33083,1.33142,1.3308,1.33117,829,10,0
2026-04-02 01:00:00+00:00,1.33115,1.33199,1.32873,1.33035,3833,10,0
2026-04-02 01:15:00+00:00,1.33033,1.33048,1.32643,1.32671,5136,10,0
2026-04-02 01:30:00+00:00,1.32669,1.32681,1.32491,1.3253599999999999,2845,10,0
2026-04-02 01:45:00+00:00,1.32532,1.3258,1.32474,1.3255,1749,10,0
2026-04-02 02:00:00+00:00,1.3255,1.32632,1.32511,1.32542,1407,10,0
2026-04-02 02:15:00+00:00,1.3254299999999999,1.3260100000000001,1.32503,1.32503,1156,10,0
2026-04-02 02:30:00+00:00,1.32504,1.3253,1.3241800000000001,1.32446,1030,10,0
2026-04-02 02:45:00+00:00,1.32444,1.3249,1.32431,1.32452,753,10,0
2026-04-02 03:00:00+00:00,1.3245,1.3247,1.32415,1.32419,713,10,0
2026-04-02 03:15:00+00:00,1.32419,1.32454,1.32406,1.32454,611,10,0
2026-04-02 03:30:00+00:00,1.32455,1.3248199999999999,1.32424,1.32446,678,10,0
2026-04-02 03:45:00+00:00,1.32449,1.32453,1.32306,1.32347,751,10,0
2026-04-02 04:00:00+00:00,1.32347,1.32382,1.32327,1.32352,817,10,0
2026-04-02 04:15:00+00:00,1.32354,1.32392,1.3231899999999999,1.3233,651,10,0
2026-04-02 04:30:00+00:00,1.32329,1.32341,1.32293,1.32328,556,10,0
2026-04-02 04:45:00+00:00,1.32329,1.32359,1.32306,1.32359,517,10,0
2026-04-02 05:00:00+00:00,1.3235700000000001,1.32378,1.32284,1.3229,608,10,0
2026-04-02 05:15:00+00:00,1.32293,1.32308,1.32253,1.32279,503,10,0
2026-04-02 05:30:00+00:00,1.3228,1.32309,1.32256,1.32282,682,10,0
2026-04-02 05:45:00+00:00,1.3228,1.32283,1.32139,1.32149,1002,10,0
2026-04-02 06:00:00+00:00,1.32149,1.32181,1.32028,1.32032,1191,10,0
2026-04-02 06:15:00+00:00,1.3203,1.32111,1.32009,1.32056,1161,10,0
2026-04-02 06:30:00+00:00,1.32055,1.32131,1.3204799999999999,1.32125,1047,10,0
2026-04-02 06:45:00+00:00,1.32125,1.3223799999999999,1.32104,1.32233,941,10,0
2026-04-02 07:00:00+00:00,1.32237,1.32256,1.32097,1.32142,1222,10,0
2026-04-02 07:15:00+00:00,1.32139,1.32234,1.3213,1.32153,1226,10,0
2026-04-02 07:30:00+00:00,1.32148,1.32172,1.3201100000000001,1.3205,1194,10,0
2026-04-02 07:45:00+00:00,1.32049,1.32173,1.32043,1.32164,852,10,0
2026-04-02 08:00:00+00:00,1.32166,1.32189,1.32102,1.3214299999999999,902,10,0
2026-04-02 08:15:00+00:00,1.32141,1.32158,1.32027,1.32062,756,10,0
2026-04-02 08:30:00+00:00,1.32061,1.32089,1.31956,1.31989,885,10,0
2026-04-02 08:45:00+00:00,1.31989,1.3204,1.31979,1.3201,833,10,0
2026-04-02 09:00:00+00:00,1.32013,1.32046,1.31947,1.31963,751,10,0
2026-04-02 09:15:00+00:00,1.31961,1.32033,1.31939,1.32023,655,10,0
2026-04-02 09:30:00+00:00,1.32019,1.32085,1.32002,1.32007,695,10,0
2026-04-02 09:45:00+00:00,1.32008,1.32054,1.31981,1.32016,759,10,0
2026-04-02 10:00:00+00:00,1.3202099999999999,1.32024,1.31927,1.31931,864,10,0
2026-04-02 10:15:00+00:00,1.31928,1.31934,1.31883,1.3189899999999999,797,10,0
2026-04-02 10:30:00+00:00,1.3189899999999999,1.31942,1.3186200000000001,1.3192599999999999,810,10,0
2026-04-02 10:45:00+00:00,1.31925,1.31938,1.31851,1.31856,720,10,0
2026-04-02 11:00:00+00:00,1.3186,1.3189899999999999,1.31842,1.3185,739,10,0
2026-04-02 11:15:00+00:00,1.31848,1.31915,1.3181,1.31897,694,10,0
2026-04-02 11:30:00+00:00,1.3189600000000001,1.31958,1.31884,1.31902,728,10,0
2026-04-02 11:45:00+00:00,1.31902,1.32027,1.31897,1.3201100000000001,849,10,0
2026-04-02 12:00:00+00:00,1.32012,1.3212,1.31997,1.32088,1234,10,0
2026-04-02 12:15:00+00:00,1.32089,1.32183,1.32042,1.32158,940,10,0
2026-04-02 12:30:00+00:00,1.32154,1.32183,1.32091,1.32092,1021,10,0
2026-04-02 12:45:00+00:00,1.32093,1.32164,1.3209,1.32139,1161,10,0
2026-04-02 13:00:00+00:00,1.32135,1.32171,1.32015,1.32034,1518,10,0
2026-04-02 13:15:00+00:00,1.32036,1.3213599999999999,1.32029,1.32112,1093,10,0
2026-04-02 13:30:00+00:00,1.32114,1.32164,1.32051,1.32077,1692,10,0
2026-04-02 13:45:00+00:00,1.3208,1.3220399999999999,1.3207,1.32192,1578,10,0
2026-04-02 14:00:00+00:00,1.32192,1.32224,1.32087,1.32125,1648,10,0
2026-04-02 14:15:00+00:00,1.32126,1.32184,1.32088,1.32111,1375,10,0
2026-04-02 14:30:00+00:00,1.32108,1.3248,1.32089,1.32351,5951,10,0
2026-04-02 14:45:00+00:00,1.32354,1.32453,1.3223,1.3243,3052,10,0
2026-04-02 15:00:00+00:00,1.32431,1.3251,1.32399,1.32453,2086,10,0
2026-04-02 15:15:00+00:00,1.32456,1.32486,1.3225799999999999,1.32391,1625,10,0
2026-04-02 15:30:00+00:00,1.32394,1.32446,1.32349,1.32407,1502,10,0
2026-04-02 15:45:00+00:00,1.32409,1.3241,1.32312,1.32382,1323,10,0
2026-04-02 16:00:00+00:00,1.32381,1.32416,1.32275,1.32329,1213,10,0
2026-04-02 16:15:00+00:00,1.32329,1.32379,1.32264,1.32321,1112,10,0
2026-04-02 16:30:00+00:00,1.32322,1.32408,1.32306,1.32369,1311,10,0
2026-04-02 16:45:00+00:00,1.32368,1.32383,1.32302,1.32307,996,10,0
2026-04-02 17:00:00+00:00,1.32305,1.32354,1.3228,1.32333,961,10,0
2026-04-02 17:15:00+00:00,1.32334,1.32423,1.3231600000000001,1.3234,874,10,0
2026-04-02 17:30:00+00:00,1.32343,1.32343,1.32263,1.32284,690,10,0
2026-04-02 17:45:00+00:00,1.32287,1.3229,1.32215,1.32245,774,10,0
2026-04-02 18:00:00+00:00,1.32248,1.32278,1.3224,1.32261,703,10,0
2026-04-02 18:15:00+00:00,1.32261,1.32274,1.32208,1.32223,666,10,0
2026-04-02 18:30:00+00:00,1.32225,1.32266,1.3221,1.32264,596,10,0
2026-04-02 18:45:00+00:00,1.32264,1.3228900000000001,1.32221,1.32232,648,10,0
2026-04-02 19:00:00+00:00,1.32232,1.3228900000000001,1.32232,1.32239,702,10,0
2026-04-02 19:15:00+00:00,1.32239,1.32314,1.32217,1.32257,665,10,0
2026-04-02 19:30:00+00:00,1.32257,1.32273,1.32223,1.32227,594,10,0
2026-04-02 19:45:00+00:00,1.3223,1.32263,1.32216,1.3222800000000001,634,10,0
2026-04-02 20:00:00+00:00,1.3223,1.32273,1.32202,1.3226200000000001,409,10,0
2026-04-02 20:15:00+00:00,1.3226200000000001,1.32279,1.3225799999999999,1.3227,303,10,0
2026-04-02 20:30:00+00:00,1.3227,1.32282,1.32253,1.3226,192,10,0
2026-04-02 20:45:00+00:00,1.32259,1.3228,1.3224,1.32261,344,10,0
2026-04-02 21:00:00+00:00,1.32259,1.32259,1.3220399999999999,1.3220399999999999,55,13,0
2026-04-02 21:15:00+00:00,1.3220100000000001,1.32207,1.32141,1.32187,312,77,0
2026-04-02 21:30:00+00:00,1.32185,1.32213,1.32185,1.32211,261,64,0
2026-04-02 21:45:00+00:00,1.32206,1.3222,1.3219400000000001,1.32205,185,53,0
2026-04-02 22:00:00+00:00,1.3223099999999999,1.32259,1.32188,1.32189,169,17,0
2026-04-02 22:15:00+00:00,1.32189,1.32213,1.32187,1.32206,96,101,0
2026-04-02 22:30:00+00:00,1.32206,1.32222,1.32205,1.32218,117,101,0
2026-04-02 22:45:00+00:00,1.32218,1.32224,1.32206,1.32218,87,101,0
2026-04-02 23:00:00+00:00,1.32218,1.3222800000000001,1.32199,1.32226,91,101,0
2026-04-02 23:15:00+00:00,1.32227,1.32241,1.3222,1.32239,79,101,0
2026-04-02 23:30:00+00:00,1.32239,1.32256,1.32226,1.32245,114,101,0
2026-04-02 23:45:00+00:00,1.32245,1.32269,1.32241,1.3225799999999999,116,101,0
2026-04-03 00:00:00+00:00,1.32253,1.3231,1.32241,1.3226,162,101,0
2026-04-03 00:15:00+00:00,1.3226,1.32293,1.3223799999999999,1.3229199999999999,169,101,0
2026-04-03 00:30:00+00:00,1.3229199999999999,1.32322,1.32275,1.3231,221,101,0
2026-04-03 00:45:00+00:00,1.3231,1.32329,1.3226,1.3228900000000001,183,101,0
2026-04-03 01:00:00+00:00,1.3228900000000001,1.32302,1.32268,1.32268,158,101,0
2026-04-03 01:15:00+00:00,1.32268,1.32277,1.32248,1.3225500000000001,156,101,0
2026-04-03 01:30:00+00:00,1.3225500000000001,1.32268,1.32208,1.32221,117,101,0
2026-04-03 01:45:00+00:00,1.32221,1.32243,1.32209,1.3222,131,101,0
2026-04-03 02:00:00+00:00,1.32221,1.32279,1.32208,1.32253,119,101,0
2026-04-03 02:15:00+00:00,1.32253,1.32253,1.3216,1.32161,151,101,0
2026-04-03 02:30:00+00:00,1.32161,1.32202,1.32161,1.32185,115,101,0
2026-04-03 02:45:00+00:00,1.32185,1.32223,1.32185,1.32216,151,101,0
2026-04-03 03:00:00+00:00,1.32218,1.3225500000000001,1.32215,1.3224,140,101,0
2026-04-03 03:15:00+00:00,1.3224,1.32248,1.32212,1.32222,94,101,0
2026-04-03 03:30:00+00:00,1.32222,1.32237,1.3222,1.32227,84,101,0
2026-04-03 03:45:00+00:00,1.32227,1.3225500000000001,1.32211,1.32251,112,101,0
2026-04-03 04:00:00+00:00,1.32251,1.32254,1.32236,1.32247,107,101,0
2026-04-03 04:15:00+00:00,1.32248,1.32253,1.32234,1.32239,116,101,0
2026-04-03 04:30:00+00:00,1.32239,1.3224,1.3220399999999999,1.32211,146,101,0
2026-04-03 04:45:00+00:00,1.32211,1.32233,1.32211,1.32212,105,101,0
2026-04-03 05:00:00+00:00,1.32212,1.32225,1.322,1.3220100000000001,115,101,0
2026-04-03 05:15:00+00:00,1.3220100000000001,1.3220100000000001,1.32166,1.32182,92,101,0
2026-04-03 05:30:00+00:00,1.32182,1.32263,1.32182,1.3226,174,101,0
2026-04-03 05:45:00+00:00,1.32259,1.32295,1.32252,1.32294,169,101,0
2026-04-03 06:00:00+00:00,1.32294,1.323,1.3227,1.32298,141,101,0
2026-04-03 06:15:00+00:00,1.32294,1.3232300000000001,1.3225500000000001,1.32257,117,101,0
2026-04-03 06:30:00+00:00,1.32257,1.32305,1.32239,1.32303,158,101,0
2026-04-03 06:45:00+00:00,1.32303,1.32306,1.32273,1.32287,211,101,0
2026-04-03 07:00:00+00:00,1.32286,1.32321,1.32279,1.3229899999999999,199,101,0
2026-04-03 07:15:00+00:00,1.3229899999999999,1.32355,1.3229199999999999,1.32335,185,101,0
2026-04-03 07:30:00+00:00,1.32335,1.32382,1.32329,1.32351,200,101,0
2026-04-03 07:45:00+00:00,1.32351,1.32363,1.32329,1.32331,215,101,0
2026-04-03 08:00:00+00:00,1.32332,1.32351,1.32272,1.32274,198,101,0
2026-04-03 08:15:00+00:00,1.32274,1.32308,1.32271,1.32302,136,101,0
2026-04-03 08:30:00+00:00,1.32302,1.32345,1.32302,1.32344,146,101,0
2026-04-03 08:45:00+00:00,1.32344,1.3235299999999999,1.3232,1.32343,161,101,0
2026-04-03 09:00:00+00:00,1.32338,1.32346,1.3228900000000001,1.32301,214,101,0
2026-04-03 09:15:00+00:00,1.32301,1.32348,1.3229899999999999,1.32343,182,101,0
2026-04-03 09:30:00+00:00,1.32343,1.32344,1.32294,1.3231,173,101,0
2026-04-03 09:45:00+00:00,1.32311,1.32312,1.32276,1.3229899999999999,209,101,0
2026-04-03 10:00:00+00:00,1.32297,1.3231899999999999,1.32282,1.32284,129,101,0
2026-04-03 10:15:00+00:00,1.32284,1.32291,1.3226499999999999,1.32275,112,101,0
2026-04-03 10:30:00+00:00,1.32275,1.32277,1.32246,1.32251,132,101,0
2026-04-03 10:45:00+00:00,1.32252,1.32338,1.32252,1.32279,145,101,0
2026-04-03 11:00:00+00:00,1.32279,1.32315,1.32279,1.3229899999999999,159,101,0
2026-04-03 11:15:00+00:00,1.3229899999999999,1.32341,1.32285,1.3229899999999999,186,101,0
2026-04-03 11:30:00+00:00,1.32297,1.32335,1.32277,1.3229600000000001,167,101,0
2026-04-03 11:45:00+00:00,1.3229600000000001,1.3233,1.32293,1.32303,220,101,0
2026-04-03 12:00:00+00:00,1.32302,1.32332,1.32226,1.32329,231,34,0
2026-04-03 12:15:00+00:00,1.32328,1.32364,1.32302,1.3233,626,10,0
2026-04-03 12:30:00+00:00,1.32324,1.32324,1.32031,1.32184,1635,10,0
2026-04-03 12:45:00+00:00,1.32184,1.32209,1.32105,1.32122,606,10,0
2026-04-03 13:00:00+00:00,1.32122,1.32193,1.32104,1.32177,554,10,0
2026-04-03 13:15:00+00:00,1.32176,1.32196,1.3210600000000001,1.32122,342,10,0
2026-04-03 13:30:00+00:00,1.32122,1.32128,1.32077,1.3210899999999999,426,10,0
2026-04-03 13:45:00+00:00,1.32108,1.32172,1.32105,1.3216999999999999,370,10,0
2026-04-03 14:00:00+00:00,1.32169,1.32175,1.32087,1.32089,330,10,0
2026-04-03 14:15:00+00:00,1.32089,1.32101,1.32051,1.32081,342,10,0
2026-04-03 14:30:00+00:00,1.32083,1.32088,1.3205200000000001,1.32065,298,10,0
2026-04-03 14:45:00+00:00,1.32064,1.32076,1.3202099999999999,1.32026,261,10,0
2026-04-03 15:00:00+00:00,1.32026,1.32064,1.31998,1.3201,398,10,0
2026-04-03 15:15:00+00:00,1.32008,1.32152,1.32005,1.32012,2003,10,0
2026-04-03 15:30:00+00:00,1.3201100000000001,1.3205200000000001,1.32003,1.32004,500,10,0
2026-04-03 15:45:00+00:00,1.32004,1.3201800000000001,1.31954,1.32008,376,10,0
2026-04-03 16:00:00+00:00,1.32006,1.32012,1.31952,1.3195999999999999,362,10,0
2026-04-03 16:15:00+00:00,1.31961,1.31969,1.31947,1.31954,242,10,0
2026-04-03 16:30:00+00:00,1.3195000000000001,1.31999,1.31943,1.31975,410,10,0
2026-04-03 16:45:00+00:00,1.31975,1.32022,1.31968,1.31968,247,10,0
2026-04-03 17:00:00+00:00,1.31969,1.32004,1.31968,1.31975,760,10,0
2026-04-03 17:15:00+00:00,1.31975,1.31981,1.31939,1.31971,428,10,0
2026-04-03 17:30:00+00:00,1.31971,1.31979,1.31956,1.3195700000000001,284,10,0
2026-04-03 17:45:00+00:00,1.31959,1.31971,1.3195000000000001,1.31966,224,10,0
2026-04-03 18:00:00+00:00,1.31972,1.31977,1.31941,1.31958,384,10,0
2026-04-03 18:15:00+00:00,1.31956,1.31959,1.31939,1.31941,270,19,0
2026-04-03 18:30:00+00:00,1.31943,1.31947,1.31912,1.31915,204,19,0
2026-04-03 18:45:00+00:00,1.31915,1.31924,1.3188,1.31913,235,19,0
2026-04-03 19:00:00+00:00,1.31913,1.31929,1.31897,1.3192300000000001,168,19,0
2026-04-03 19:15:00+00:00,1.31924,1.3193,1.31907,1.31928,193,19,0
2026-04-03 19:30:00+00:00,1.31927,1.31932,1.3191899999999999,1.31925,98,19,0
2026-04-03 19:45:00+00:00,1.31925,1.3194,1.31921,1.31934,184,19,0
2026-04-03 20:00:00+00:00,1.31934,1.32089,1.31872,1.31934,893,19,0
2026-04-03 20:15:00+00:00,1.31932,1.31967,1.3189899999999999,1.31917,707,19,0
2026-04-03 20:30:00+00:00,1.31918,1.31949,1.31843,1.31935,340,58,0
2026-04-03 20:45:00+00:00,1.3192300000000001,1.31974,1.31908,1.31974,278,58,0
2026-04-05 21:00:00+00:00,1.31868,1.3189,1.3186200000000001,1.3188900000000001,41,61,0
2026-04-05 21:15:00+00:00,1.3189,1.31903,1.31885,1.31903,59,56,0
2026-04-05 21:30:00+00:00,1.31904,1.31908,1.31879,1.31883,60,47,0
2026-04-05 21:45:00+00:00,1.31884,1.31902,1.31854,1.31885,78,47,0
2026-04-05 22:00:00+00:00,1.31915,1.31929,1.31764,1.31857,915,10,0
2026-04-05 22:15:00+00:00,1.31855,1.31874,1.3181,1.31854,829,10,0
2026-04-05 22:30:00+00:00,1.31854,1.31868,1.3182800000000001,1.31837,508,10,0
2026-04-05 22:45:00+00:00,1.31834,1.31934,1.31834,1.31908,477,10,0
2026-04-05 23:00:00+00:00,1.31911,1.3194,1.31879,1.3189,557,10,0
2026-04-05 23:15:00+00:00,1.31891,1.31904,1.31856,1.31856,280,10,0
2026-04-05 23:30:00+00:00,1.3185799999999999,1.31885,1.31848,1.31861,339,10,0
2026-04-05 23:45:00+00:00,1.31861,1.31891,1.31852,1.31856,382,10,0
2026-04-06 00:00:00+00:00,1.31855,1.31933,1.31849,1.31928,770,10,0
2026-04-06 00:15:00+00:00,1.31927,1.31966,1.31909,1.31936,645,10,0
2026-04-06 00:30:00+00:00,1.31936,1.3197999999999999,1.31932,1.31975,552,10,0
2026-04-06 00:45:00+00:00,1.31974,1.31975,1.3193,1.31967,507,10,0
2026-04-06 01:00:00+00:00,1.3197,1.32001,1.31925,1.3193,535,10,0
2026-04-06 01:15:00+00:00,1.3193,1.31968,1.31921,1.3195999999999999,514,10,0
2026-04-06 01:30:00+00:00,1.3195999999999999,1.31974,1.3193,1.3195000000000001,434,10,0
2026-04-06 01:45:00+00:00,1.3195000000000001,1.31952,1.3189899999999999,1.31927,392,10,0
2026-04-06 02:00:00+00:00,1.31927,1.3210899999999999,1.31924,1.32076,818,10,0
2026-04-06 02:15:00+00:00,1.32076,1.32178,1.32062,1.32139,953,10,0
2026-04-06 02:30:00+00:00,1.32138,1.32152,1.32116,1.32121,610,10,0
2026-04-06 02:45:00+00:00,1.32121,1.32146,1.321,1.32107,521,10,0
2026-04-06 03:00:00+00:00,1.32108,1.32134,1.32081,1.32101,536,10,0
2026-04-06 03:15:00+00:00,1.32104,1.32117,1.32049,1.32098,740,10,0
2026-04-06 03:30:00+00:00,1.321,1.32115,1.3207200000000001,1.32091,387,10,0
2026-04-06 03:45:00+00:00,1.32092,1.32093,1.32043,1.32066,394,10,0
2026-04-06 04:00:00+00:00,1.32067,1.32093,1.32063,1.32085,483,10,0
2026-04-06 04:15:00+00:00,1.32085,1.32105,1.32069,1.32088,339,10,0
2026-04-06 04:30:00+00:00,1.32088,1.32126,1.3208,1.32117,373,10,0
2026-04-06 04:45:00+00:00,1.32117,1.32138,1.32104,1.3212,298,10,0
2026-04-06 05:00:00+00:00,1.32121,1.32171,1.32112,1.3216700000000001,304,10,0
2026-04-06 05:15:00+00:00,1.3216700000000001,1.32207,1.32159,1.3216999999999999,402,10,0
2026-04-06 05:30:00+00:00,1.32171,1.32183,1.3215,1.32159,359,10,0
2026-04-06 05:45:00+00:00,1.32159,1.32191,1.32145,1.32155,396,10,0
2026-04-06 06:00:00+00:00,1.32155,1.32186,1.32129,1.3218,619,10,0
2026-04-06 06:15:00+00:00,1.3218,1.32182,1.3212,1.32141,473,10,0
2026-04-06 06:30:00+00:00,1.32141,1.32155,1.32107,1.3215,409,10,0
2026-04-06 06:45:00+00:00,1.32151,1.3226,1.32121,1.32186,1265,10,0
2026-04-06 07:00:00+00:00,1.32188,1.32199,1.32089,1.32139,784,10,0
2026-04-06 07:15:00+00:00,1.3214000000000001,1.3219,1.32134,1.32183,625,10,0
2026-04-06 07:30:00+00:00,1.32185,1.3235299999999999,1.32185,1.32348,776,10,0
2026-04-06 07:45:00+00:00,1.32347,1.3258,1.3234,1.32528,1272,10,0
2026-04-06 08:00:00+00:00,1.32529,1.32587,1.3246,1.32503,1262,10,0
2026-04-06 08:15:00+00:00,1.32505,1.32559,1.3248199999999999,1.3253,818,10,0
2026-04-06 08:30:00+00:00,1.32528,1.32574,1.3250899999999999,1.32515,634,10,0
2026-04-06 08:45:00+00:00,1.32512,1.32524,1.3247900000000001,1.32487,535,10,0
2026-04-06 09:00:00+00:00,1.32488,1.3254299999999999,1.32488,1.32517,659,10,0
2026-04-06 09:15:00+00:00,1.32519,1.32542,1.32494,1.32523,528,10,0
2026-04-06 09:30:00+00:00,1.32524,1.32551,1.32503,1.32513,548,10,0
2026-04-06 09:45:00+00:00,1.32513,1.32555,1.32422,1.3244799999999999,1059,10,0
2026-04-06 10:00:00+00:00,1.32452,1.3253,1.32443,1.32517,764,10,0
2026-04-06 10:15:00+00:00,1.32517,1.32522,1.32455,1.32467,544,10,0
2026-04-06 10:30:00+00:00,1.32466,1.32494,1.32451,1.32489,449,10,0
2026-04-06 10:45:00+00:00,1.32489,1.3250600000000001,1.32344,1.32437,1474,10,0
2026-04-06 11:00:00+00:00,1.3244099999999999,1.32456,1.32344,1.32355,692,10,0
2026-04-06 11:15:00+00:00,1.32355,1.32376,1.32322,1.32352,553,10,0
2026-04-06 11:30:00+00:00,1.32352,1.3241,1.32348,1.32396,552,10,0
2026-04-06 11:45:00+00:00,1.32396,1.32427,1.32362,1.32368,579,10,0
2026-04-06 12:00:00+00:00,1.32365,1.32404,1.32354,1.32379,650,10,0
2026-04-06 12:15:00+00:00,1.32383,1.32399,1.32337,1.32385,596,10,0
2026-04-06 12:30:00+00:00,1.32385,1.3244799999999999,1.32382,1.32443,710,10,0
2026-04-06 12:45:00+00:00,1.32442,1.32485,1.32431,1.32452,650,10,0
2026-04-06 13:00:00+00:00,1.3245,1.3252,1.32412,1.32495,877,10,0
2026-04-06 13:15:00+00:00,1.32497,1.32544,1.32473,1.32544,629,10,0
2026-04-06 13:30:00+00:00,1.32545,1.32573,1.32518,1.32552,1045,10,0
2026-04-06 13:45:00+00:00,1.32553,1.32605,1.3252,1.32568,801,10,0
2026-04-06 14:00:00+00:00,1.32571,1.3266,1.32455,1.32523,1316,10,0
2026-04-06 14:15:00+00:00,1.32521,1.32652,1.3251,1.32638,1215,10,0
2026-04-06 14:30:00+00:00,1.32637,1.32684,1.32487,1.3259,2084,10,0
2026-04-06 14:45:00+00:00,1.3259,1.32603,1.32372,1.3237999999999999,1877,10,0
2026-04-06 15:00:00+00:00,1.32379,1.32379,1.32266,1.32277,1255,10,0
2026-04-06 15:15:00+00:00,1.32275,1.32295,1.32252,1.32267,763,10,0
2026-04-06 15:30:00+00:00,1.3226499999999999,1.32281,1.3223500000000001,1.3226,691,10,0
2026-04-06 15:45:00+00:00,1.32259,1.32336,1.3225,1.32333,603,10,0
2026-04-06 16:00:00+00:00,1.32334,1.32393,1.3233,1.32378,656,10,0
2026-04-06 16:15:00+00:00,1.32379,1.3239,1.32309,1.32354,536,10,0
2026-04-06 16:30:00+00:00,1.32354,1.3238400000000001,1.32328,1.32364,529,10,0
2026-04-06 16:45:00+00:00,1.32364,1.3237999999999999,1.3231600000000001,1.32343,708,10,0
2026-04-06 17:00:00+00:00,1.32343,1.32343,1.3220100000000001,1.32213,1013,10,0
2026-04-06 17:15:00+00:00,1.32215,1.32311,1.32177,1.32298,895,10,0
2026-04-06 17:30:00+00:00,1.323,1.32356,1.3226200000000001,1.32288,763,10,0
2026-04-06 17:45:00+00:00,1.32285,1.32302,1.3226,1.32261,516,10,0
2026-04-06 18:00:00+00:00,1.3226499999999999,1.32376,1.32244,1.32356,1091,10,0
2026-04-06 18:15:00+00:00,1.3235999999999999,1.32437,1.3235299999999999,1.32419,825,10,0
2026-04-06 18:30:00+00:00,1.3242,1.3244099999999999,1.32333,1.32334,614,10,0
2026-04-06 18:45:00+00:00,1.32333,1.32381,1.3232,1.32371,538,10,0
2026-04-06 19:00:00+00:00,1.32372,1.324,1.32345,1.32359,488,10,0
2026-04-06 19:15:00+00:00,1.32359,1.32372,1.32335,1.32341,303,10,0
2026-04-06 19:30:00+00:00,1.3234,1.32365,1.32331,1.32363,335,10,0
2026-04-06 19:45:00+00:00,1.32363,1.32383,1.32336,1.32338,439,10,0
2026-04-06 20:00:00+00:00,1.32338,1.32361,1.32322,1.32332,255,10,0
2026-04-06 20:15:00+00:00,1.32332,1.3237,1.32331,1.32363,201,10,0
2026-04-06 20:30:00+00:00,1.32363,1.32367,1.32342,1.32362,135,10,0
2026-04-06 20:45:00+00:00,1.32361,1.32378,1.32342,1.32356,342,4,0
2026-04-06 21:00:00+00:00,1.32352,1.32365,1.32348,1.3235000000000001,135,15,0
2026-04-06 21:15:00+00:00,1.3235299999999999,1.32361,1.32345,1.32356,258,20,0
2026-04-06 21:30:00+00:00,1.3235700000000001,1.32367,1.32356,1.32364,218,29,0
2026-04-06 21:45:00+00:00,1.32364,1.32368,1.32346,1.32363,209,37,0
2026-04-06 22:00:00+00:00,1.32371,1.3242099999999999,1.32336,1.32386,235,10,0
2026-04-06 22:15:00+00:00,1.32386,1.32398,1.32342,1.32369,346,10,0
2026-04-06 22:30:00+00:00,1.32369,1.32382,1.3235000000000001,1.32354,166,10,0
2026-04-06 22:45:00+00:00,1.32352,1.32358,1.32331,1.32339,213,10,0
2026-04-06 23:00:00+00:00,1.32338,1.32351,1.3232300000000001,1.32343,209,10,0
2026-04-06 23:15:00+00:00,1.32341,1.32345,1.32309,1.32312,160,10,0
2026-04-06 23:30:00+00:00,1.32311,1.3231600000000001,1.32297,1.32315,178,10,0
2026-04-06 23:45:00+00:00,1.32314,1.32345,1.32313,1.32335,283,10,0
2026-04-07 00:00:00+00:00,1.32334,1.32362,1.3229199999999999,1.3235999999999999,711,10,0
2026-04-07 00:15:00+00:00,1.3235700000000001,1.32388,1.32344,1.3235999999999999,652,10,0
2026-04-07 00:30:00+00:00,1.32356,1.32368,1.32321,1.32331,515,10,0
2026-04-07 00:45:00+00:00,1.32332,1.32355,1.32306,1.32308,453,10,0
2026-04-07 01:00:00+00:00,1.32307,1.32352,1.32261,1.32274,798,10,0
2026-04-07 01:15:00+00:00,1.32274,1.32304,1.32264,1.32295,547,10,0
2026-04-07 01:30:00+00:00,1.32295,1.32305,1.3220100000000001,1.32213,641,10,0
2026-04-07 01:45:00+00:00,1.32214,1.32225,1.32149,1.32193,662,10,0
2026-04-07 02:00:00+00:00,1.3219400000000001,1.32195,1.32112,1.3213599999999999,705,10,0
2026-04-07 02:15:00+00:00,1.32135,1.32156,1.32112,1.32153,479,10,0
2026-04-07 02:30:00+00:00,1.32153,1.32177,1.32142,1.3217400000000001,427,10,0
2026-04-07 02:45:00+00:00,1.32175,1.32205,1.32159,1.32173,397,10,0
2026-04-07 03:00:00+00:00,1.32173,1.32196,1.32162,1.3218,369,10,0
2026-04-07 03:15:00+00:00,1.3218,1.32205,1.32162,1.32195,383,10,0
2026-04-07 03:30:00+00:00,1.32195,1.3225,1.3219400000000001,1.32245,297,10,0
2026-04-07 03:45:00+00:00,1.32245,1.32253,1.32234,1.32247,294,10,0
2026-04-07 04:00:00+00:00,1.32247,1.32277,1.32232,1.3224,398,10,0
2026-04-07 04:15:00+00:00,1.3224,1.32279,1.3223799999999999,1.3227,331,10,0
2026-04-07 04:30:00+00:00,1.32268,1.3229600000000001,1.32268,1.3229199999999999,396,10,0
2026-04-07 04:45:00+00:00,1.32291,1.32342,1.32288,1.3232300000000001,389,10,0
2026-04-07 05:00:00+00:00,1.32325,1.32336,1.32307,1.32311,438,10,0
2026-04-07 05:15:00+00:00,1.32311,1.32331,1.3227,1.32275,505,10,0
2026-04-07 05:30:00+00:00,1.32275,1.32308,1.32193,1.32196,750,10,0
2026-04-07 05:45:00+00:00,1.32195,1.32303,1.32183,1.323,691,10,0
2026-04-07 06:00:00+00:00,1.32303,1.32324,1.3226,1.32285,797,10,0
2026-04-07 06:15:00+00:00,1.32285,1.3244,1.32278,1.32408,882,10,0
2026-04-07 06:30:00+00:00,1.32405,1.32465,1.3237,1.32431,1012,10,0
2026-04-07 06:45:00+00:00,1.32429,1.32478,1.32406,1.32458,796,10,0
2026-04-07 07:00:00+00:00,1.32461,1.32474,1.32318,1.32362,1125,10,0
2026-04-07 07:15:00+00:00,1.32361,1.32404,1.32307,1.32307,881,10,0
2026-04-07 07:30:00+00:00,1.32308,1.32339,1.32263,1.32334,738,10,0
2026-04-07 07:45:00+00:00,1.32334,1.32344,1.32282,1.3233,746,10,0
2026-04-07 08:00:00+00:00,1.32329,1.32659,1.3232599999999999,1.3256700000000001,3006,10,0
2026-04-07 08:15:00+00:00,1.32568,1.32603,1.32489,1.32571,1551,10,0
2026-04-07 08:30:00+00:00,1.32574,1.32767,1.32547,1.32728,1519,10,0
2026-04-07 08:45:00+00:00,1.32727,1.3284799999999999,1.32699,1.32824,1275,10,0
2026-04-07 09:00:00+00:00,1.32822,1.32837,1.3274,1.32749,1004,10,0
2026-04-07 09:15:00+00:00,1.32749,1.32806,1.3271,1.32758,987,10,0
2026-04-07 09:30:00+00:00,1.32758,1.32773,1.32702,1.32702,868,10,0
2026-04-07 09:45:00+00:00,1.327,1.32711,1.32649,1.32652,678,10,0
2026-04-07 10:00:00+00:00,1.32654,1.32684,1.3247499999999999,1.32588,2124,10,0
2026-04-07 10:15:00+00:00,1.32586,1.3263099999999999,1.3239,1.32519,2162,10,0
2026-04-07 10:30:00+00:00,1.3252,1.32532,1.32362,1.32437,1594,10,0
2026-04-07 10:45:00+00:00,1.3244,1.32443,1.3237,1.32428,1365,10,0
2026-04-07 11:00:00+00:00,1.32429,1.3244500000000001,1.32392,1.32429,951,10,0
2026-04-07 11:15:00+00:00,1.32429,1.32471,1.32403,1.32415,895,10,0
2026-04-07 11:30:00+00:00,1.32413,1.32485,1.32358,1.3248,1101,10,0
2026-04-07 11:45:00+00:00,1.3248,1.32483,1.3242099999999999,1.32459,734,10,0
2026-04-07 12:00:00+00:00,1.32462,1.3254000000000001,1.3237700000000001,1.32435,2053,10,0
2026-04-07 12:15:00+00:00,1.32434,1.32561,1.3242099999999999,1.32495,1436,10,0
2026-04-07 12:30:00+00:00,1.32496,1.32574,1.32493,1.32552,823,10,0
2026-04-07 12:45:00+00:00,1.32551,1.32653,1.32446,1.32501,1386,10,0
2026-04-07 13:00:00+00:00,1.32505,1.32569,1.32474,1.32508,1500,10,0
2026-04-07 13:15:00+00:00,1.3250600000000001,1.32528,1.32417,1.32442,1335,10,0
2026-04-07 13:30:00+00:00,1.3244500000000001,1.32474,1.32363,1.32428,1614,10,0
2026-04-07 13:45:00+00:00,1.32431,1.32497,1.32398,1.3241399999999999,1194,10,0
2026-04-07 14:00:00+00:00,1.32412,1.32428,1.32352,1.3241100000000001,1404,10,0
2026-04-07 14:15:00+00:00,1.32412,1.3256700000000001,1.3237999999999999,1.32542,1638,10,0
2026-04-07 14:30:00+00:00,1.3254299999999999,1.32625,1.32504,1.32588,1776,10,0
2026-04-07 14:45:00+00:00,1.32589,1.32668,1.3245,1.32463,1771,10,0
2026-04-07 15:00:00+00:00,1.32464,1.32468,1.32382,1.32443,1403,10,0
2026-04-07 15:15:00+00:00,1.3244,1.32554,1.32427,1.325,1815,10,0
2026-04-07 15:30:00+00:00,1.3250199999999999,1.32512,1.32391,1.324,1168,10,0
2026-04-07 15:45:00+00:00,1.32402,1.3248199999999999,1.3239,1.32396,1275,10,0
2026-04-07 16:00:00+00:00,1.32393,1.32512,1.32389,1.3247200000000001,1569,10,0
2026-04-07 16:15:00+00:00,1.32474,1.32587,1.32446,1.32516,1662,10,0
2026-04-07 16:30:00+00:00,1.32514,1.32557,1.32498,1.32527,1014,10,0
2026-04-07 16:45:00+00:00,1.32528,1.32549,1.32464,1.32497,795,10,0
2026-04-07 17:00:00+00:00,1.32498,1.32576,1.32492,1.32523,1012,10,0
2026-04-07 17:15:00+00:00,1.3252,1.3253300000000001,1.3247,1.32497,730,10,0
2026-04-07 17:30:00+00:00,1.32496,1.3266200000000001,1.32496,1.32602,1217,10,0
2026-04-07 17:45:00+00:00,1.3260100000000001,1.32644,1.32569,1.32621,847,10,0
2026-04-07 18:00:00+00:00,1.32622,1.3266499999999999,1.32619,1.3265500000000001,699,10,0
2026-04-07 18:15:00+00:00,1.3265500000000001,1.32698,1.32634,1.3268499999999999,814,10,0
2026-04-07 18:30:00+00:00,1.3268499999999999,1.32696,1.32613,1.32625,681,10,0
2026-04-07 18:45:00+00:00,1.32625,1.32638,1.32542,1.32584,909,10,0
2026-04-07 19:00:00+00:00,1.32585,1.32654,1.32554,1.32589,1174,10,0
2026-04-07 19:15:00+00:00,1.3259,1.32783,1.32584,1.3272300000000001,2322,10,0
2026-04-07 19:30:00+00:00,1.3272,1.32792,1.32701,1.32744,1062,10,0
2026-04-07 19:45:00+00:00,1.32742,1.32935,1.32732,1.32869,3208,10,0
2026-04-07 20:00:00+00:00,1.32867,1.32969,1.32849,1.3296299999999999,884,10,0
2026-04-07 20:15:00+00:00,1.3296299999999999,1.3299400000000001,1.32942,1.3295,680,10,0
2026-04-07 20:30:00+00:00,1.3295,1.33006,1.32917,1.32949,890,10,0
2026-04-07 20:45:00+00:00,1.32946,1.3296299999999999,1.32912,1.32922,768,7,0
2026-04-07 21:00:00+00:00,1.32921,1.32925,1.329,1.32912,125,13,0
2026-04-07 21:15:00+00:00,1.32911,1.32916,1.32893,1.3290600000000001,263,22,0
2026-04-07 21:30:00+00:00,1.3290899999999999,1.32914,1.32889,1.3289900000000001,236,51,0
2026-04-07 21:45:00+00:00,1.3289900000000001,1.32926,1.32887,1.32926,177,83,0
2026-04-07 22:00:00+00:00,1.3293,1.3324,1.3293,1.33157,762,10,0
2026-04-07 22:15:00+00:00,1.33157,1.33171,1.3312599999999999,1.33154,507,10,0
2026-04-07 22:30:00+00:00,1.33154,1.3363,1.32864,1.33514,3597,10,0
2026-04-07 22:45:00+00:00,1.33521,1.33744,1.33469,1.33722,2622,10,0
2026-04-07 23:00:00+00:00,1.3372600000000001,1.33826,1.33666,1.33822,3154,10,0
2026-04-07 23:15:00+00:00,1.3382399999999999,1.34089,1.33792,1.3387,2490,10,0
2026-04-07 23:30:00+00:00,1.33872,1.33947,1.33803,1.33927,2167,10,0
2026-04-07 23:45:00+00:00,1.33929,1.3404,1.33923,1.3400699999999999,1901,10,0
2026-04-08 00:00:00+00:00,1.34009,1.3410199999999999,1.33856,1.33906,3479,10,0
2026-04-08 00:15:00+00:00,1.33905,1.33932,1.33804,1.33891,2364,10,0
2026-04-08 00:30:00+00:00,1.33893,1.3391,1.3379400000000001,1.33802,1916,10,0
2026-04-08 00:45:00+00:00,1.33803,1.33952,1.3378999999999999,1.33874,1539,10,0
2026-04-08 01:00:00+00:00,1.33873,1.34109,1.3385500000000001,1.34048,1709,10,0
2026-04-08 01:15:00+00:00,1.34044,1.3415300000000001,1.34012,1.34135,1438,10,0
2026-04-08 01:30:00+00:00,1.3413599999999999,1.3413599999999999,1.34006,1.34062,1311,10,0
2026-04-08 01:45:00+00:00,1.34064,1.34135,1.34026,1.34037,1029,10,0
2026-04-08 02:00:00+00:00,1.34036,1.3412600000000001,1.34018,1.34044,1174,10,0
2026-04-08 02:15:00+00:00,1.34043,1.3405,1.33947,1.33996,927,10,0
2026-04-08 02:30:00+00:00,1.33997,1.34013,1.33938,1.3396,928,10,0
2026-04-08 02:45:00+00:00,1.3396,1.34012,1.3394300000000001,1.3400400000000001,743,10,0
2026-04-08 03:00:00+00:00,1.3400699999999999,1.34033,1.33979,1.3403100000000001,825,10,0
2026-04-08 03:15:00+00:00,1.3403,1.34044,1.33928,1.33949,831,10,0
2026-04-08 03:30:00+00:00,1.33951,1.33987,1.33915,1.33957,784,10,0
2026-04-08 03:45:00+00:00,1.33957,1.34001,1.33937,1.33982,689,10,0
2026-04-08 04:00:00+00:00,1.33985,1.34085,1.33985,1.34085,748,10,0
2026-04-08 04:15:00+00:00,1.34083,1.3413599999999999,1.34061,1.3409900000000001,726,10,0
2026-04-08 04:30:00+00:00,1.34101,1.34173,1.34097,1.34131,706,10,0
2026-04-08 04:45:00+00:00,1.3413300000000001,1.3417,1.3412,1.34155,791,10,0
2026-04-08 05:00:00+00:00,1.3415599999999999,1.34202,1.3408,1.34165,981,10,0
2026-04-08 05:15:00+00:00,1.34165,1.3427,1.34144,1.34252,910,10,0
2026-04-08 05:30:00+00:00,1.3425500000000001,1.3435000000000001,1.34233,1.34308,1035,10,0
2026-04-08 05:45:00+00:00,1.34306,1.34457,1.34291,1.34329,1189,10,0
2026-04-08 06:00:00+00:00,1.34326,1.34358,1.34195,1.34262,1476,10,0
2026-04-08 06:15:00+00:00,1.34262,1.34437,1.34254,1.34414,1482,10,0
2026-04-08 06:30:00+00:00,1.3441100000000001,1.34426,1.34308,1.3437299999999999,1472,10,0
2026-04-08 06:45:00+00:00,1.34371,1.3440699999999999,1.34191,1.34294,1450,10,0
2026-04-08 07:00:00+00:00,1.34297,1.34336,1.34103,1.34143,1941,10,0
2026-04-08 07:15:00+00:00,1.34145,1.34267,1.34115,1.34231,1291,10,0
2026-04-08 07:30:00+00:00,1.34227,1.34298,1.34192,1.34287,1312,10,0
2026-04-08 07:45:00+00:00,1.34288,1.34344,1.34233,1.34236,1107,10,0
2026-04-08 08:00:00+00:00,1.34233,1.34323,1.34165,1.34184,1230,10,0
2026-04-08 08:15:00+00:00,1.34183,1.34244,1.34157,1.34206,1035,10,0
2026-04-08 08:30:00+00:00,1.34205,1.3430900000000001,1.34064,1.3416000000000001,1526,10,0
2026-04-08 08:45:00+00:00,1.34159,1.34286,1.34147,1.34273,1133,10,0
2026-04-08 09:00:00+00:00,1.34275,1.34368,1.34238,1.34354,1034,10,0
2026-04-08 09:15:00+00:00,1.34355,1.34405,1.34305,1.3430900000000001,993,10,0
2026-04-08 09:30:00+00:00,1.3431,1.34338,1.34199,1.34205,1095,10,0
2026-04-08 09:45:00+00:00,1.34206,1.34325,1.34206,1.34247,1218,10,0
2026-04-08 10:00:00+00:00,1.34246,1.34347,1.34231,1.34344,971,10,0
2026-04-08 10:15:00+00:00,1.34344,1.34344,1.3428200000000001,1.3433,802,10,0
2026-04-08 10:30:00+00:00,1.34332,1.34382,1.34328,1.34353,717,10,0
2026-04-08 10:45:00+00:00,1.34354,1.34448,1.34349,1.34403,717,10,0
2026-04-08 11:00:00+00:00,1.34402,1.34548,1.34366,1.34537,837,10,0
2026-04-08 11:15:00+00:00,1.34537,1.34696,1.34514,1.3465099999999999,1074,10,0
2026-04-08 11:30:00+00:00,1.3465,1.34662,1.34524,1.34586,1318,10,0
2026-04-08 11:45:00+00:00,1.3458700000000001,1.34697,1.3458700000000001,1.34654,1088,10,0
2026-04-08 12:00:00+00:00,1.3465799999999999,1.34762,1.34631,1.3474300000000001,1330,10,0
2026-04-08 12:15:00+00:00,1.34745,1.3474599999999999,1.34519,1.34674,3297,10,0
2026-04-08 12:30:00+00:00,1.34674,1.34814,1.34674,1.3479999999999999,1033,10,0
2026-04-08 12:45:00+00:00,1.34801,1.3484099999999999,1.34725,1.34728,977,10,0
2026-04-08 13:00:00+00:00,1.34728,1.34818,1.34707,1.34756,1425,10,0
2026-04-08 13:15:00+00:00,1.34757,1.3479700000000001,1.34632,1.34649,1309,10,0
2026-04-08 13:30:00+00:00,1.34653,1.34669,1.3439999999999999,1.34456,2242,10,0
2026-04-08 13:45:00+00:00,1.34457,1.34539,1.34423,1.34473,1864,10,0
2026-04-08 14:00:00+00:00,1.34471,1.34599,1.34453,1.3449200000000001,2099,10,0
2026-04-08 14:15:00+00:00,1.34496,1.34571,1.34474,1.34517,1620,10,0
2026-04-08 14:30:00+00:00,1.34515,1.34525,1.34414,1.34436,1706,10,0
2026-04-08 14:45:00+00:00,1.34436,1.34497,1.34349,1.34484,2093,10,0
2026-04-08 15:00:00+00:00,1.34484,1.34486,1.3427799999999999,1.3432,1567,10,0
2026-04-08 15:15:00+00:00,1.3432,1.34448,1.34301,1.3436,1304,10,0
2026-04-08 15:30:00+00:00,1.34359,1.34466,1.34348,1.34391,1308,10,0
2026-04-08 15:45:00+00:00,1.34391,1.34416,1.34337,1.34385,1181,10,0
2026-04-08 16:00:00+00:00,1.34385,1.34385,1.3425799999999999,1.34266,1186,10,0
2026-04-08 16:15:00+00:00,1.34265,1.34279,1.34223,1.34244,875,10,0
2026-04-08 16:30:00+00:00,1.34245,1.34266,1.34196,1.3421699999999999,818,10,0
2026-04-08 16:45:00+00:00,1.34216,1.34247,1.34195,1.34243,707,10,0
2026-04-08 17:00:00+00:00,1.3424,1.34277,1.34202,1.34274,754,10,0
2026-04-08 17:15:00+00:00,1.34274,1.34279,1.34119,1.34164,1035,10,0
2026-04-08 17:30:00+00:00,1.34162,1.34185,1.34094,1.34155,1116,10,0
2026-04-08 17:45:00+00:00,1.34155,1.34191,1.34122,1.34191,794,10,0
2026-04-08 18:00:00+00:00,1.34192,1.3423,1.34151,1.34219,775,10,0
2026-04-08 18:15:00+00:00,1.34219,1.34249,1.34021,1.34026,2053,10,0
2026-04-08 18:30:00+00:00,1.34029,1.34052,1.33917,1.3393,1078,10,0
2026-04-08 18:45:00+00:00,1.33927,1.33937,1.33852,1.3386,886,10,0
2026-04-08 19:00:00+00:00,1.33856,1.33926,1.33808,1.33926,1001,10,0
2026-04-08 19:15:00+00:00,1.33922,1.33937,1.33864,1.3391199999999999,862,10,0
2026-04-08 19:30:00+00:00,1.33913,1.34024,1.33907,1.33984,959,10,0
2026-04-08 19:45:00+00:00,1.33984,1.3408,1.3397999999999999,1.34063,812,10,0
2026-04-08 20:00:00+00:00,1.34066,1.34086,1.3401,1.34024,492,10,0
2026-04-08 20:15:00+00:00,1.34024,1.34033,1.33981,1.34001,444,10,0
2026-04-08 20:30:00+00:00,1.33997,1.3400699999999999,1.33981,1.33985,266,10,0
2026-04-08 20:45:00+00:00,1.33985,1.34025,1.33923,1.33936,711,10,0
2026-04-08 21:00:00+00:00,1.33934,1.33938,1.3391199999999999,1.33917,104,31,0
2026-04-08 21:15:00+00:00,1.33915,1.3391600000000001,1.33888,1.3391199999999999,307,114,0
2026-04-08 21:30:00+00:00,1.33911,1.3394599999999999,1.33903,1.33945,278,84,0
2026-04-08 21:45:00+00:00,1.3394599999999999,1.33967,1.33926,1.33967,213,77,0
2026-04-08 22:00:00+00:00,1.33972,1.3403100000000001,1.33956,1.33985,280,10,0
2026-04-08 22:15:00+00:00,1.33985,1.33988,1.33935,1.33975,230,10,0
2026-04-08 22:30:00+00:00,1.33975,1.33999,1.33952,1.3397700000000001,256,10,0
2026-04-08 22:45:00+00:00,1.3397700000000001,1.3399,1.3397000000000001,1.33976,158,10,0
2026-04-08 23:00:00+00:00,1.33976,1.3399,1.33966,1.3397700000000001,311,10,0
2026-04-08 23:15:00+00:00,1.3397700000000001,1.3397999999999999,1.3394300000000001,1.33955,242,10,0
2026-04-08 23:30:00+00:00,1.33955,1.33961,1.33925,1.33949,263,10,0
2026-04-08 23:45:00+00:00,1.33949,1.33968,1.33906,1.33923,377,10,0
2026-04-09 00:00:00+00:00,1.33925,1.33929,1.33849,1.33878,809,10,0
2026-04-09 00:15:00+00:00,1.33879,1.3393,1.33867,1.33906,645,10,0
2026-04-09 00:30:00+00:00,1.33905,1.33958,1.33899,1.3391600000000001,497,10,0
2026-04-09 00:45:00+00:00,1.3391600000000001,1.33934,1.33894,1.33906,591,10,0
2026-04-09 01:00:00+00:00,1.33908,1.33931,1.3386,1.33868,673,10,0
2026-04-09 01:15:00+00:00,1.33868,1.33879,1.33809,1.33833,620,10,0
2026-04-09 01:30:00+00:00,1.33832,1.33896,1.3382800000000001,1.33877,673,10,0
2026-04-09 01:45:00+00:00,1.33877,1.33929,1.3385500000000001,1.33913,599,10,0
2026-04-09 02:00:00+00:00,1.33913,1.33937,1.33874,1.33888,597,10,0
2026-04-09 02:15:00+00:00,1.3388900000000001,1.33981,1.3388499999999999,1.33965,583,10,0
2026-04-09 02:30:00+00:00,1.33966,1.34018,1.33947,1.33975,512,10,0
2026-04-09 02:45:00+00:00,1.33974,1.33987,1.3395000000000001,1.33952,446,10,0
2026-04-09 03:00:00+00:00,1.33952,1.33982,1.33938,1.33957,511,10,0
2026-04-09 03:15:00+00:00,1.33957,1.33966,1.33928,1.33933,386,10,0
2026-04-09 03:30:00+00:00,1.33932,1.33969,1.33932,1.33967,379,10,0
2026-04-09 03:45:00+00:00,1.33967,1.3397000000000001,1.33895,1.3394599999999999,681,10,0
2026-04-09 04:00:00+00:00,1.3395000000000001,1.3406,1.33942,1.34056,574,10,0
2026-04-09 04:15:00+00:00,1.34056,1.3406,1.34008,1.34017,491,10,0
2026-04-09 04:30:00+00:00,1.34017,1.34048,1.34006,1.34026,430,10,0
2026-04-09 04:45:00+00:00,1.34027,1.34029,1.33984,1.33985,357,10,0
2026-04-09 05:00:00+00:00,1.33985,1.34005,1.3394300000000001,1.33949,532,10,0
2026-04-09 05:15:00+00:00,1.3394599999999999,1.3399,1.3394300000000001,1.33962,521,10,0
2026-04-09 05:30:00+00:00,1.33961,1.33969,1.33927,1.33941,482,10,0
2026-04-09 05:45:00+00:00,1.33941,1.33944,1.33887,1.33904,619,10,0
2026-04-09 06:00:00+00:00,1.33907,1.3394,1.33876,1.33881,663,10,0
2026-04-09 06:15:00+00:00,1.33881,1.3388900000000001,1.33822,1.33869,683,10,0
2026-04-09 06:30:00+00:00,1.33868,1.33941,1.33846,1.33928,756,10,0
2026-04-09 06:45:00+00:00,1.33924,1.33962,1.33902,1.3394599999999999,932,10,0
2026-04-09 07:00:00+00:00,1.33948,1.34009,1.3394300000000001,1.33954,868,10,0
2026-04-09 07:15:00+00:00,1.33952,1.33952,1.33802,1.33843,931,10,0
2026-04-09 07:30:00+00:00,1.3384,1.33931,1.33835,1.33926,917,10,0
2026-04-09 07:45:00+00:00,1.33926,1.33964,1.33886,1.33926,825,10,0
2026-04-09 08:00:00+00:00,1.33926,1.33964,1.33832,1.3387,824,10,0
2026-04-09 08:15:00+00:00,1.33871,1.33928,1.33859,1.33886,667,10,0
2026-04-09 08:30:00+00:00,1.33886,1.3397999999999999,1.33874,1.33978,767,10,0
2026-04-09 08:45:00+00:00,1.33979,1.3407499999999999,1.33935,1.3403,901,10,0
2026-04-09 09:00:00+00:00,1.34029,1.34111,1.33989,1.34107,833,10,0
2026-04-09 09:15:00+00:00,1.34109,1.34137,1.34061,1.34064,713,10,0
2026-04-09 09:30:00+00:00,1.34061,1.341,1.3404,1.34093,580,10,0
2026-04-09 09:45:00+00:00,1.34093,1.34103,1.34018,1.34025,714,10,0
2026-04-09 10:00:00+00:00,1.34026,1.3409900000000001,1.34021,1.34037,759,10,0
2026-04-09 10:15:00+00:00,1.3403800000000001,1.34089,1.34013,1.34053,650,10,0
2026-04-09 10:30:00+00:00,1.34056,1.34071,1.34022,1.34029,546,10,0
2026-04-09 10:45:00+00:00,1.34028,1.34051,1.33969,1.3397000000000001,759,10,0
2026-04-09 11:00:00+00:00,1.33967,1.34059,1.33954,1.3403800000000001,736,10,0
2026-04-09 11:15:00+00:00,1.3403800000000001,1.3412,1.3403399999999999,1.3412,615,10,0
2026-04-09 11:30:00+00:00,1.34121,1.34272,1.34118,1.34257,799,10,0
2026-04-09 11:45:00+00:00,1.34259,1.343,1.34226,1.3428499999999999,865,10,0
2026-04-09 12:00:00+00:00,1.3428499999999999,1.34299,1.3418700000000001,1.34196,768,10,0
2026-04-09 12:15:00+00:00,1.3419699999999999,1.34198,1.34122,1.34169,661,10,0
2026-04-09 12:30:00+00:00,1.34171,1.34211,1.34079,1.3409499999999999,1251,10,0
2026-04-09 12:45:00+00:00,1.34094,1.34174,1.3406799999999999,1.34155,915,10,0
2026-04-09 13:00:00+00:00,1.34157,1.3418999999999999,1.34128,1.34169,938,10,0
2026-04-09 13:15:00+00:00,1.34169,1.34261,1.34164,1.34204,888,10,0
2026-04-09 13:30:00+00:00,1.34207,1.34295,1.34202,1.34244,1026,10,0
2026-04-09 13:45:00+00:00,1.34242,1.3427799999999999,1.3415599999999999,1.34203,1177,10,0
2026-04-09 14:00:00+00:00,1.34202,1.3428,1.34175,1.3424,1190,10,0
2026-04-09 14:15:00+00:00,1.34238,1.34263,1.34203,1.34244,999,10,0
2026-04-09 14:30:00+00:00,1.3424,1.3424,1.34077,1.34077,1086,10,0
2026-04-09 14:45:00+00:00,1.34077,1.34168,1.34037,1.34144,1475,10,0
2026-04-09 15:00:00+00:00,1.34144,1.34155,1.3403,1.34097,1093,10,0
2026-04-09 15:15:00+00:00,1.34097,1.34302,1.34097,1.34223,1561,10,0
2026-04-09 15:30:00+00:00,1.3422399999999999,1.34414,1.34215,1.34341,2502,10,0
2026-04-09 15:45:00+00:00,1.3434,1.34443,1.34306,1.34415,1270,10,0
2026-04-09 16:00:00+00:00,1.34416,1.3446500000000001,1.34375,1.3443100000000001,1048,10,0
2026-04-09 16:15:00+00:00,1.3443100000000001,1.34552,1.34425,1.34547,889,10,0
2026-04-09 16:30:00+00:00,1.34544,1.34554,1.34452,1.34482,824,10,0
2026-04-09 16:45:00+00:00,1.34483,1.34484,1.34406,1.3444099999999999,782,10,0
2026-04-09 17:00:00+00:00,1.3444,1.34552,1.3444,1.34549,765,10,0
2026-04-09 17:15:00+00:00,1.34548,1.34569,1.3450199999999999,1.34514,689,10,0
2026-04-09 17:30:00+00:00,1.34517,1.34582,1.34471,1.34535,813,10,0
2026-04-09 17:45:00+00:00,1.34535,1.3456299999999999,1.34489,1.34509,692,10,0
2026-04-09 18:00:00+00:00,1.34511,1.34518,1.34353,1.34369,1231,10,0
2026-04-09 18:15:00+00:00,1.34371,1.34385,1.34304,1.34328,1016,10,0
2026-04-09 18:30:00+00:00,1.34328,1.34338,1.34295,1.3431899999999999,671,10,0
2026-04-09 18:45:00+00:00,1.3432,1.34365,1.34313,1.34324,640,10,0
2026-04-09 19:00:00+00:00,1.34323,1.34393,1.34301,1.34393,526,10,0
2026-04-09 19:15:00+00:00,1.3439,1.34406,1.34332,1.34389,611,10,0
2026-04-09 19:30:00+00:00,1.3439,1.34448,1.3439,1.34426,551,10,0
2026-04-09 19:45:00+00:00,1.34426,1.34433,1.34338,1.34357,652,10,0
2026-04-09 20:00:00+00:00,1.34357,1.3437000000000001,1.34331,1.34355,549,10,0
2026-04-09 20:15:00+00:00,1.34355,1.34357,1.34331,1.34353,268,10,0
2026-04-09 20:30:00+00:00,1.34353,1.34354,1.34315,1.34318,243,10,0
2026-04-09 20:45:00+00:00,1.34318,1.34365,1.34304,1.34359,320,9,0
2026-04-09 21:00:00+00:00,1.34356,1.34356,1.34329,1.3434,115,20,0
2026-04-09 21:15:00+00:00,1.34338,1.34347,1.34326,1.34336,179,33,0
2026-04-09 21:30:00+00:00,1.34334,1.34348,1.3431199999999999,1.34315,296,24,0
2026-04-09 21:45:00+00:00,1.34314,1.34318,1.34287,1.34299,341,53,0
2026-04-09 22:00:00+00:00,1.34308,1.34365,1.34308,1.34352,139,10,0
2026-04-09 22:15:00+00:00,1.34351,1.3436,1.34308,1.3430900000000001,195,10,0
2026-04-09 22:30:00+00:00,1.34308,1.34334,1.34242,1.34275,405,10,0
2026-04-09 22:45:00+00:00,1.34275,1.34276,1.34241,1.34268,349,10,0
2026-04-09 23:00:00+00:00,1.34267,1.34294,1.34263,1.34281,257,10,0
2026-04-09 23:15:00+00:00,1.3428200000000001,1.3431,1.34267,1.34305,227,10,0
2026-04-09 23:30:00+00:00,1.34305,1.3434,1.34298,1.34298,286,10,0
2026-04-09 23:45:00+00:00,1.34301,1.3431899999999999,1.34279,1.34287,243,10,0
2026-04-10 00:00:00+00:00,1.34287,1.3429,1.34216,1.34238,591,10,0
2026-04-10 00:15:00+00:00,1.34237,1.34244,1.34204,1.34214,459,10,0
2026-04-10 00:30:00+00:00,1.34215,1.3425,1.34213,1.34226,367,10,0
2026-04-10 00:45:00+00:00,1.34226,1.34252,1.3421,1.3425099999999999,448,10,0
2026-04-10 01:00:00+00:00,1.3425,1.34253,1.34207,1.34216,422,10,0
2026-04-10 01:15:00+00:00,1.34216,1.34234,1.34206,1.34229,373,10,0
2026-04-10 01:30:00+00:00,1.34229,1.34291,1.3422100000000001,1.34288,500,10,0
2026-04-10 01:45:00+00:00,1.34286,1.3431899999999999,1.34276,1.34283,478,10,0
2026-04-10 02:00:00+00:00,1.34286,1.34294,1.34239,1.3424,509,10,0
2026-04-10 02:15:00+00:00,1.34241,1.3425799999999999,1.3419699999999999,1.342,366,10,0
2026-04-10 02:30:00+00:00,1.34201,1.34253,1.3419699999999999,1.3425,383,10,0
2026-04-10 02:45:00+00:00,1.3424800000000001,1.3426,1.34229,1.34241,336,10,0
2026-04-10 03:00:00+00:00,1.34242,1.34256,1.3422399999999999,1.34236,305,10,0
2026-04-10 03:15:00+00:00,1.34236,1.34261,1.34226,1.34247,269,10,0
2026-04-10 03:30:00+00:00,1.34246,1.34268,1.34226,1.34235,252,10,0
2026-04-10 03:45:00+00:00,1.34235,1.34259,1.34234,1.34247,273,10,0
2026-04-10 04:00:00+00:00,1.3424800000000001,1.34267,1.34237,1.34253,313,10,0
2026-04-10 04:15:00+00:00,1.3425099999999999,1.34257,1.34229,1.34236,214,10,0
2026-04-10 04:30:00+00:00,1.34231,1.34245,1.34211,1.34216,310,10,0
2026-04-10 04:45:00+00:00,1.34215,1.34239,1.34203,1.34209,298,10,0
2026-04-10 05:00:00+00:00,1.34209,1.34226,1.34166,1.34171,331,10,0
2026-04-10 05:15:00+00:00,1.34171,1.34188,1.34144,1.34145,270,10,0
2026-04-10 05:30:00+00:00,1.34145,1.34206,1.34144,1.34188,407,10,0
2026-04-10 05:45:00+00:00,1.34188,1.342,1.34176,1.34189,310,10,0
2026-04-10 06:00:00+00:00,1.34192,1.34245,1.34143,1.34179,630,10,0
2026-04-10 06:15:00+00:00,1.34179,1.34185,1.34142,1.34149,618,10,0
2026-04-10 06:30:00+00:00,1.34145,1.34236,1.34125,1.34184,668,10,0
2026-04-10 06:45:00+00:00,1.34184,1.34215,1.34155,1.34169,578,10,0
2026-04-10 07:00:00+00:00,1.34166,1.3426,1.3415300000000001,1.34206,825,10,0
2026-04-10 07:15:00+00:00,1.34202,1.34283,1.34177,1.34271,732,10,0
2026-04-10 07:30:00+00:00,1.34269,1.34274,1.34185,1.34216,589,10,0
2026-04-10 07:45:00+00:00,1.34216,1.34225,1.34101,1.34119,644,10,0
2026-04-10 08:00:00+00:00,1.34121,1.34211,1.3411,1.34208,720,10,0
2026-04-10 08:15:00+00:00,1.34208,1.34232,1.3417,1.34202,570,10,0
2026-04-10 08:30:00+00:00,1.34202,1.3426,1.34202,1.34225,474,10,0
2026-04-10 08:45:00+00:00,1.34227,1.3424,1.34164,1.34205,670,10,0
2026-04-10 09:00:00+00:00,1.34207,1.34227,1.34168,1.34186,566,10,0
2026-04-10 09:15:00+00:00,1.34186,1.34364,1.34177,1.34271,1984,10,0
2026-04-10 09:30:00+00:00,1.3427,1.34355,1.34262,1.34354,777,10,0
2026-04-10 09:45:00+00:00,1.34354,1.34395,1.34321,1.3437299999999999,737,10,0
2026-04-10 10:00:00+00:00,1.34372,1.34418,1.34362,1.34362,715,10,0
2026-04-10 10:15:00+00:00,1.34362,1.3444,1.3434,1.34412,586,10,0
2026-04-10 10:30:00+00:00,1.3441100000000001,1.34439,1.34371,1.34393,577,10,0
2026-04-10 10:45:00+00:00,1.3439,1.34398,1.34358,1.34365,548,10,0
2026-04-10 11:00:00+00:00,1.34362,1.3443100000000001,1.34349,1.34424,597,10,0
2026-04-10 11:15:00+00:00,1.34423,1.3443,1.34389,1.34393,486,10,0
2026-04-10 11:30:00+00:00,1.34392,1.34435,1.3437700000000001,1.34435,490,10,0
2026-04-10 11:45:00+00:00,1.3443399999999999,1.34451,1.34425,1.3443800000000001,439,10,0
2026-04-10 12:00:00+00:00,1.34442,1.34497,1.3443,1.34488,599,10,0
2026-04-10 12:15:00+00:00,1.3449,1.3453,1.34455,1.34525,661,10,0
2026-04-10 12:30:00+00:00,1.34525,1.34672,1.34525,1.34589,1443,10,0
2026-04-10 12:45:00+00:00,1.34592,1.3459699999999999,1.34531,1.34582,969,10,0
2026-04-10 13:00:00+00:00,1.34578,1.3465099999999999,1.34554,1.34615,985,10,0
2026-04-10 13:15:00+00:00,1.34612,1.34757,1.34592,1.3474300000000001,873,10,0
2026-04-10 13:30:00+00:00,1.3474599999999999,1.34766,1.34609,1.34642,1257,10,0
2026-04-10 13:45:00+00:00,1.34644,1.34666,1.34569,1.3462100000000001,1158,10,0
2026-04-10 14:00:00+00:00,1.34616,1.34717,1.3459400000000001,1.34717,1132,10,0
2026-04-10 14:15:00+00:00,1.3471199999999999,1.34789,1.3467500000000001,1.34745,1027,10,0
2026-04-10 14:30:00+00:00,1.34748,1.34784,1.34589,1.3461400000000001,1382,10,0
2026-04-10 14:45:00+00:00,1.34616,1.3464800000000001,1.34513,1.34608,1688,10,0
2026-04-10 15:00:00+00:00,1.34607,1.3471899999999999,1.34593,1.3471199999999999,1050,10,0
2026-04-10 15:15:00+00:00,1.3471199999999999,1.34775,1.34695,1.34705,930,10,0
2026-04-10 15:30:00+00:00,1.34705,1.34744,1.3461400000000001,1.34637,1184,10,0
2026-04-10 15:45:00+00:00,1.34637,1.34641,1.34569,1.34577,807,10,0
2026-04-10 16:00:00+00:00,1.3458,1.34607,1.34527,1.34588,846,10,0
2026-04-10 16:15:00+00:00,1.34586,1.34612,1.3456299999999999,1.34565,632,10,0
2026-04-10 16:30:00+00:00,1.34565,1.34578,1.34478,1.34487,819,10,0
2026-04-10 16:45:00+00:00,1.34487,1.34572,1.34477,1.34555,764,10,0
2026-04-10 17:00:00+00:00,1.3455599999999999,1.34598,1.34535,1.34583,624,10,0
2026-04-10 17:15:00+00:00,1.34583,1.34599,1.34555,1.3459699999999999,536,10,0
2026-04-10 17:30:00+00:00,1.34595,1.34639,1.34575,1.34618,559,10,0
2026-04-10 17:45:00+00:00,1.3461699999999999,1.3463,1.34546,1.34575,599,10,0
2026-04-10 18:00:00+00:00,1.34574,1.3459400000000001,1.34528,1.34572,735,10,0
2026-04-10 18:15:00+00:00,1.34572,1.3465,1.34565,1.34639,673,10,0
2026-04-10 18:30:00+00:00,1.34641,1.3471899999999999,1.3464,1.34679,667,10,0
2026-04-10 18:45:00+00:00,1.34683,1.34691,1.3465799999999999,1.34688,482,10,0
2026-04-10 19:00:00+00:00,1.3469,1.34702,1.3467,1.34689,531,10,0
2026-04-10 19:15:00+00:00,1.34688,1.34711,1.34677,1.3468,472,10,0
2026-04-10 19:30:00+00:00,1.3468,1.34692,1.34663,1.34684,386,10,0
2026-04-10 19:45:00+00:00,1.34681,1.34699,1.3465799999999999,1.34677,475,10,0
2026-04-10 20:00:00+00:00,1.3467799999999999,1.34695,1.34666,1.34688,542,10,0
2026-04-10 20:15:00+00:00,1.34691,1.34697,1.3466,1.34668,229,10,0
2026-04-10 20:30:00+00:00,1.34668,1.3467799999999999,1.34653,1.3467500000000001,172,10,0
2026-04-10 20:45:00+00:00,1.3467500000000001,1.34687,1.34549,1.34613,669,10,0
2026-04-12 21:00:00+00:00,1.33815,1.3387,1.33786,1.3384800000000001,114,98,0
2026-04-12 21:15:00+00:00,1.33849,1.33921,1.3383,1.3392,176,89,0
2026-04-12 21:30:00+00:00,1.3392,1.34017,1.3391899999999999,1.34005,203,58,0
2026-04-12 21:45:00+00:00,1.34006,1.34026,1.33928,1.34018,313,51,0
2026-04-12 22:00:00+00:00,1.34017,1.34061,1.33897,1.33965,763,10,0
2026-04-12 22:15:00+00:00,1.33965,1.34021,1.3389199999999999,1.3390900000000001,854,10,0
2026-04-12 22:30:00+00:00,1.3391,1.33918,1.33866,1.33902,574,10,0
2026-04-12 22:45:00+00:00,1.33901,1.33963,1.33898,1.33947,411,10,0
2026-04-12 23:00:00+00:00,1.33947,1.33961,1.33873,1.3389199999999999,511,10,0
2026-04-12 23:15:00+00:00,1.3389199999999999,1.33894,1.33808,1.3385,466,10,0
2026-04-12 23:30:00+00:00,1.33852,1.33891,1.33827,1.33879,417,10,0
2026-04-12 23:45:00+00:00,1.3388,1.3394300000000001,1.33876,1.33937,533,10,0
2026-04-13 00:00:00+00:00,1.3394,1.33951,1.3385799999999999,1.3392,1036,10,0
2026-04-13 00:15:00+00:00,1.3392,1.33989,1.3390900000000001,1.33948,773,10,0
2026-04-13 00:30:00+00:00,1.33949,1.33999,1.33947,1.33963,523,10,0
2026-04-13 00:45:00+00:00,1.33964,1.34018,1.33957,1.34018,663,10,0
2026-04-13 01:00:00+00:00,1.34019,1.34089,1.33996,1.34066,846,10,0
2026-04-13 01:15:00+00:00,1.3406500000000001,1.34076,1.34023,1.3403399999999999,601,10,0
2026-04-13 01:30:00+00:00,1.3403100000000001,1.3403100000000001,1.33981,1.33986,457,10,0
2026-04-13 01:45:00+00:00,1.33986,1.3404,1.33979,1.34028,525,10,0
2026-04-13 02:00:00+00:00,1.34027,1.34039,1.33996,1.3401399999999999,422,10,0
2026-04-13 02:15:00+00:00,1.3401399999999999,1.34033,1.34001,1.34024,338,10,0
2026-04-13 02:30:00+00:00,1.34025,1.34059,1.34015,1.34023,337,10,0
2026-04-13 02:45:00+00:00,1.34024,1.34047,1.33997,1.34036,413,10,0
2026-04-13 03:00:00+00:00,1.34039,1.34055,1.33995,1.33999,416,10,0
2026-04-13 03:15:00+00:00,1.34001,1.34019,1.33993,1.34006,311,10,0
2026-04-13 03:30:00+00:00,1.34006,1.34039,1.33993,1.3403399999999999,341,10,0
2026-04-13 03:45:00+00:00,1.34033,1.34044,1.34013,1.34037,333,10,0
2026-04-13 04:00:00+00:00,1.3403800000000001,1.3407,1.34025,1.34062,306,10,0
2026-04-13 04:15:00+00:00,1.34062,1.3407,1.34044,1.34055,327,10,0
2026-04-13 04:30:00+00:00,1.34055,1.3407,1.34022,1.3404099999999999,333,10,0
2026-04-13 04:45:00+00:00,1.3404099999999999,1.34067,1.34027,1.34048,352,10,0
2026-04-13 05:00:00+00:00,1.34048,1.34058,1.34013,1.34032,384,10,0
2026-04-13 05:15:00+00:00,1.34032,1.34061,1.34023,1.34057,408,10,0
2026-04-13 05:30:00+00:00,1.34057,1.3407200000000001,1.34033,1.34044,395,10,0
2026-04-13 05:45:00+00:00,1.34046,1.3406,1.34017,1.34055,404,10,0
2026-04-13 06:00:00+00:00,1.34055,1.34143,1.34055,1.34098,852,10,0
2026-04-13 06:15:00+00:00,1.3410199999999999,1.3413599999999999,1.34079,1.3411,731,10,0
2026-04-13 06:30:00+00:00,1.34113,1.34142,1.34052,1.34067,647,10,0
2026-04-13 06:45:00+00:00,1.34067,1.34113,1.3401399999999999,1.34113,633,10,0
2026-04-13 07:00:00+00:00,1.34114,1.34192,1.34107,1.34151,804,10,0
2026-04-13 07:15:00+00:00,1.3415,1.34226,1.34135,1.34226,682,10,0
2026-04-13 07:30:00+00:00,1.34227,1.3428499999999999,1.3422100000000001,1.34269,645,10,0
2026-04-13 07:45:00+00:00,1.34269,1.34334,1.34234,1.34313,689,10,0
2026-04-13 08:00:00+00:00,1.3431,1.34337,1.34249,1.34256,820,10,0
2026-04-13 08:15:00+00:00,1.34256,1.34296,1.34229,1.34284,667,10,0
2026-04-13 08:30:00+00:00,1.34286,1.34302,1.3422399999999999,1.34246,611,10,0
2026-04-13 08:45:00+00:00,1.34247,1.34279,1.34228,1.34275,603,10,0
2026-04-13 09:00:00+00:00,1.34275,1.34327,1.34234,1.34254,734,10,0
2026-04-13 09:15:00+00:00,1.34253,1.34302,1.34242,1.34291,519,10,0
2026-04-13 09:30:00+00:00,1.34292,1.3433899999999999,1.3428499999999999,1.3429,531,10,0
2026-04-13 09:45:00+00:00,1.34289,1.34302,1.34261,1.34286,460,10,0
2026-04-13 10:00:00+00:00,1.34286,1.34306,1.34242,1.3427799999999999,553,10,0
2026-04-13 10:15:00+00:00,1.34275,1.34277,1.3422100000000001,1.34254,518,10,0
2026-04-13 10:30:00+00:00,1.34254,1.343,1.34249,1.34293,448,10,0
2026-04-13 10:45:00+00:00,1.34294,1.34355,1.3429,1.34347,538,10,0
2026-04-13 11:00:00+00:00,1.34348,1.3440699999999999,1.34348,1.34386,727,10,0
2026-04-13 11:15:00+00:00,1.34384,1.34395,1.3435000000000001,1.34374,502,10,0
2026-04-13 11:30:00+00:00,1.3437299999999999,1.34426,1.34318,1.34341,716,10,0
2026-04-13 11:45:00+00:00,1.3434300000000001,1.34353,1.34182,1.34184,862,10,0
2026-04-13 12:00:00+00:00,1.3418700000000001,1.34238,1.34154,1.34225,1063,10,0
2026-04-13 12:15:00+00:00,1.3422399999999999,1.34246,1.34201,1.34232,768,10,0
2026-04-13 12:30:00+00:00,1.34232,1.34293,1.3421,1.34274,771,10,0
2026-04-13 12:45:00+00:00,1.34273,1.34386,1.34273,1.34353,843,10,0
2026-04-13 13:00:00+00:00,1.34356,1.34396,1.3433899999999999,1.3437000000000001,797,10,0
2026-04-13 13:15:00+00:00,1.3437000000000001,1.3446,1.34359,1.34444,822,10,0
2026-04-13 13:30:00+00:00,1.34443,1.34536,1.34432,1.3449499999999999,962,10,0
2026-04-13 13:45:00+00:00,1.3449499999999999,1.34656,1.34478,1.34523,2067,10,0
2026-04-13 14:00:00+00:00,1.34527,1.34562,1.34443,1.3455300000000001,1261,10,0
2026-04-13 14:15:00+00:00,1.3455300000000001,1.3465099999999999,1.345,1.3461400000000001,1662,10,0
2026-04-13 14:30:00+00:00,1.34613,1.34637,1.34579,1.3463,1060,10,0
2026-04-13 14:45:00+00:00,1.34631,1.3464,1.3452600000000001,1.34603,1205,10,0
2026-04-13 15:00:00+00:00,1.34601,1.34605,1.34521,1.34568,1171,10,0
2026-04-13 15:15:00+00:00,1.3457,1.34595,1.34497,1.34514,914,10,0
2026-04-13 15:30:00+00:00,1.34511,1.3461699999999999,1.34485,1.34561,1031,10,0
2026-04-13 15:45:00+00:00,1.34557,1.34585,1.3453300000000001,1.34575,746,10,0
2026-04-13 16:00:00+00:00,1.34574,1.34634,1.34517,1.34582,1269,10,0
2026-04-13 16:15:00+00:00,1.34582,1.34663,1.3456299999999999,1.3464,1117,10,0
2026-04-13 16:30:00+00:00,1.34641,1.34775,1.34637,1.34768,1804,10,0
2026-04-13 16:45:00+00:00,1.34771,1.34826,1.34723,1.34735,1123,10,0
2026-04-13 17:00:00+00:00,1.34734,1.34813,1.34734,1.34813,723,10,0
2026-04-13 17:15:00+00:00,1.34811,1.34879,1.3480400000000001,1.3485,708,10,0
2026-04-13 17:30:00+00:00,1.3485,1.34911,1.34844,1.3489200000000001,606,10,0
2026-04-13 17:45:00+00:00,1.3489200000000001,1.34906,1.3486500000000001,1.34881,545,10,0
2026-04-13 18:00:00+00:00,1.34879,1.3492199999999999,1.34876,1.349,496,10,0
2026-04-13 18:15:00+00:00,1.34903,1.34909,1.34846,1.34864,528,10,0
2026-04-13 18:30:00+00:00,1.34862,1.34985,1.34855,1.34964,853,10,0
2026-04-13 18:45:00+00:00,1.34964,1.3508200000000001,1.34955,1.35069,785,10,0
2026-04-13 19:00:00+00:00,1.35069,1.3507500000000001,1.34998,1.35032,657,10,0
2026-04-13 19:15:00+00:00,1.35032,1.35067,1.35013,1.35056,393,10,0
2026-04-13 19:30:00+00:00,1.35059,1.35072,1.3502399999999999,1.35042,467,10,0
2026-04-13 19:45:00+00:00,1.35042,1.35074,1.35018,1.3504399999999999,554,10,0
2026-04-13 20:00:00+00:00,1.35047,1.35081,1.3504399999999999,1.35065,302,10,0
2026-04-13 20:15:00+00:00,1.35066,1.35071,1.3504,1.35049,210,10,0
2026-04-13 20:30:00+00:00,1.35046,1.35056,1.35034,1.35052,232,10,0
2026-04-13 20:45:00+00:00,1.3505099999999999,1.35069,1.3504,1.35058,404,7,0
2026-04-13 21:00:00+00:00,1.35057,1.35057,1.34939,1.34941,169,11,0
2026-04-13 21:15:00+00:00,1.34941,1.3498700000000001,1.34923,1.34985,205,108,0
2026-04-13 21:30:00+00:00,1.3498700000000001,1.3501,1.3498,1.34997,254,68,0
2026-04-13 21:45:00+00:00,1.34997,1.35004,1.3498299999999999,1.35001,135,63,0
2026-04-13 22:00:00+00:00,1.35013,1.35119,1.35013,1.35095,306,10,0
2026-04-13 22:15:00+00:00,1.35096,1.35099,1.35065,1.35089,192,10,0
2026-04-13 22:30:00+00:00,1.35089,1.35098,1.35084,1.35092,117,10,0
2026-04-13 22:45:00+00:00,1.35092,1.3510900000000001,1.35088,1.35107,104,10,0
2026-04-13 23:00:00+00:00,1.35107,1.35155,1.35096,1.35125,279,10,0
2026-04-13 23:15:00+00:00,1.35122,1.3514599999999999,1.35119,1.35134,191,10,0
2026-04-13 23:30:00+00:00,1.35134,1.35135,1.3512,1.35124,167,10,0
2026-04-13 23:45:00+00:00,1.35124,1.35156,1.35121,1.3515,273,10,0
2026-04-14 00:00:00+00:00,1.35149,1.35156,1.3508,1.3512,652,10,0
2026-04-14 00:15:00+00:00,1.3512,1.35163,1.35114,1.3512,466,10,0
2026-04-14 00:30:00+00:00,1.35121,1.35156,1.3510499999999999,1.35118,363,10,0
2026-04-14 00:45:00+00:00,1.35117,1.3514599999999999,1.35094,1.3514300000000001,416,10,0
2026-04-14 01:00:00+00:00,1.3514,1.35153,1.35104,1.35124,490,10,0
2026-04-14 01:15:00+00:00,1.35126,1.35131,1.3507,1.35093,441,10,0
2026-04-14 01:30:00+00:00,1.35091,1.35099,1.35055,1.35072,450,10,0
2026-04-14 01:45:00+00:00,1.35071,1.35074,1.35042,1.35053,395,10,0
2026-04-14 02:00:00+00:00,1.35053,1.3508499999999999,1.35045,1.35062,346,10,0
2026-04-14 02:15:00+00:00,1.35062,1.3507,1.35033,1.35047,280,10,0
2026-04-14 02:30:00+00:00,1.35046,1.35086,1.35033,1.3507500000000001,289,10,0
2026-04-14 02:45:00+00:00,1.35077,1.35087,1.3504800000000001,1.35086,284,10,0
2026-04-14 03:00:00+00:00,1.35083,1.35088,1.35057,1.35064,305,10,0
2026-04-14 03:15:00+00:00,1.35064,1.35096,1.35061,1.35087,277,10,0
2026-04-14 03:30:00+00:00,1.35087,1.35158,1.35087,1.35125,310,10,0
2026-04-14 03:45:00+00:00,1.35125,1.3517000000000001,1.35124,1.35161,275,10,0
2026-04-14 04:00:00+00:00,1.35161,1.35165,1.35149,1.35152,162,10,0
2026-04-14 04:15:00+00:00,1.35152,1.35192,1.35141,1.35175,237,10,0
2026-04-14 04:30:00+00:00,1.35178,1.35184,1.3516,1.35161,189,10,0
2026-04-14 04:45:00+00:00,1.35161,1.35216,1.35161,1.35185,304,10,0
2026-04-14 05:00:00+00:00,1.35186,1.35213,1.35152,1.35162,385,10,0
2026-04-14 05:15:00+00:00,1.35164,1.35164,1.35113,1.35121,281,10,0
2026-04-14 05:30:00+00:00,1.35121,1.35162,1.3510499999999999,1.35158,316,10,0
2026-04-14 05:45:00+00:00,1.35159,1.35168,1.35138,1.35161,364,10,0
2026-04-14 06:00:00+00:00,1.35162,1.3526,1.3513600000000001,1.3514,836,10,0
2026-04-14 06:15:00+00:00,1.3513600000000001,1.35167,1.3510499999999999,1.35152,628,10,0
2026-04-14 06:30:00+00:00,1.35152,1.35201,1.35129,1.3519700000000001,587,10,0
2026-04-14 06:45:00+00:00,1.35195,1.3526799999999999,1.3519,1.3522,792,10,0
2026-04-14 07:00:00+00:00,1.35224,1.35382,1.35212,1.35309,1417,10,0
2026-04-14 07:15:00+00:00,1.35308,1.3532199999999999,1.3526,1.35315,761,10,0
2026-04-14 07:30:00+00:00,1.35315,1.3538999999999999,1.35306,1.35362,753,10,0
2026-04-14 07:45:00+00:00,1.35362,1.3538000000000001,1.35278,1.35315,728,10,0
2026-04-14 08:00:00+00:00,1.35315,1.35337,1.35264,1.3528,879,10,0
2026-04-14 08:15:00+00:00,1.35281,1.3531900000000001,1.3527,1.35313,646,10,0
2026-04-14 08:30:00+00:00,1.35316,1.3538299999999999,1.35306,1.3537,775,10,0
2026-04-14 08:45:00+00:00,1.35374,1.35385,1.3531900000000001,1.35374,603,10,0
2026-04-14 09:00:00+00:00,1.35377,1.3547500000000001,1.35371,1.35405,797,10,0
2026-04-14 09:15:00+00:00,1.35406,1.35423,1.35362,1.35362,499,10,0
2026-04-14 09:30:00+00:00,1.35362,1.35495,1.35331,1.35469,580,10,0
2026-04-14 09:45:00+00:00,1.35469,1.35469,1.35408,1.35425,538,10,0
2026-04-14 10:00:00+00:00,1.35423,1.35517,1.35398,1.35492,719,10,0
2026-04-14 10:15:00+00:00,1.35492,1.35511,1.35453,1.35473,718,10,0
2026-04-14 10:30:00+00:00,1.35473,1.35522,1.3546,1.35511,604,10,0
2026-04-14 10:45:00+00:00,1.3551199999999999,1.35623,1.35508,1.35591,715,10,0
2026-04-14 11:00:00+00:00,1.3559,1.35721,1.35576,1.35703,701,10,0
2026-04-14 11:15:00+00:00,1.35702,1.35724,1.35664,1.35716,623,10,0
2026-04-14 11:30:00+00:00,1.35716,1.35735,1.3565,1.35721,682,10,0
2026-04-14 11:45:00+00:00,1.35721,1.3578299999999999,1.35673,1.35717,1002,10,0
2026-04-14 12:00:00+00:00,1.3572,1.35741,1.3566500000000001,1.35734,981,10,0
2026-04-14 12:15:00+00:00,1.35734,1.35845,1.3571,1.3583,927,10,0
2026-04-14 12:30:00+00:00,1.35832,1.35893,1.35797,1.35813,1032,10,0
2026-04-14 12:45:00+00:00,1.3581400000000001,1.35876,1.35798,1.35863,855,10,0
2026-04-14 13:00:00+00:00,1.35861,1.35877,1.35802,1.3581400000000001,844,10,0
2026-04-14 13:15:00+00:00,1.35813,1.3581400000000001,1.35714,1.3572600000000001,949,10,0
2026-04-14 13:30:00+00:00,1.3572899999999999,1.35824,1.35683,1.35804,1226,10,0
2026-04-14 13:45:00+00:00,1.35802,1.35831,1.3576,1.35824,992,10,0
2026-04-14 14:00:00+00:00,1.35822,1.35852,1.35739,1.3580999999999999,1240,10,0
2026-04-14 14:15:00+00:00,1.35809,1.3587,1.3578999999999999,1.35802,950,10,0
2026-04-14 14:30:00+00:00,1.35805,1.3587,1.3578000000000001,1.35832,893,10,0
2026-04-14 14:45:00+00:00,1.35829,1.35886,1.35788,1.35867,936,10,0
2026-04-14 15:00:00+00:00,1.35866,1.35868,1.35728,1.3574,1024,10,0
2026-04-14 15:15:00+00:00,1.35739,1.35782,1.35682,1.3568500000000001,1151,10,0
2026-04-14 15:30:00+00:00,1.35689,1.3575300000000001,1.35656,1.35662,1038,10,0
2026-04-14 15:45:00+00:00,1.3566099999999999,1.35674,1.35608,1.35609,780,10,0
2026-04-14 16:00:00+00:00,1.35611,1.35635,1.35576,1.35619,718,10,0
2026-04-14 16:15:00+00:00,1.35615,1.3568,1.35612,1.35663,691,10,0
2026-04-14 16:30:00+00:00,1.35666,1.35675,1.35621,1.35657,585,10,0
2026-04-14 16:45:00+00:00,1.35657,1.35679,1.35636,1.35671,487,10,0
2026-04-14 17:00:00+00:00,1.35671,1.35684,1.35635,1.35654,563,10,0
2026-04-14 17:15:00+00:00,1.35654,1.35715,1.3565,1.35694,498,10,0
2026-04-14 17:30:00+00:00,1.35698,1.35721,1.35677,1.35714,436,10,0
2026-04-14 17:45:00+00:00,1.35715,1.3572600000000001,1.3568799999999999,1.35698,472,10,0
2026-04-14 18:00:00+00:00,1.35701,1.35718,1.35681,1.3569,538,10,0
2026-04-14 18:15:00+00:00,1.3568799999999999,1.35689,1.3563100000000001,1.35648,657,10,0
2026-04-14 18:30:00+00:00,1.35648,1.3566799999999999,1.3563100000000001,1.35636,577,10,0
2026-04-14 18:45:00+00:00,1.35636,1.35643,1.35602,1.35629,482,10,0
2026-04-14 19:00:00+00:00,1.3562699999999999,1.35656,1.3560699999999999,1.3563399999999999,422,10,0
2026-04-14 19:15:00+00:00,1.3563399999999999,1.3566500000000001,1.35619,1.35652,361,10,0
2026-04-14 19:30:00+00:00,1.35648,1.3566500000000001,1.35625,1.35635,366,10,0
2026-04-14 19:45:00+00:00,1.35635,1.35656,1.35621,1.35625,481,10,0
2026-04-14 20:00:00+00:00,1.35629,1.3567,1.35619,1.35663,310,10,0
2026-04-14 20:15:00+00:00,1.3566099999999999,1.35687,1.35649,1.35687,211,10,0
2026-04-14 20:30:00+00:00,1.35686,1.3568799999999999,1.35664,1.3567,151,10,0
2026-04-14 20:45:00+00:00,1.3566799999999999,1.3569,1.3563,1.35652,284,10,0
2026-04-14 21:00:00+00:00,1.3565,1.35652,1.3562699999999999,1.3563100000000001,133,35,0
2026-04-14 21:15:00+00:00,1.3563,1.35641,1.35623,1.35641,134,68,0
2026-04-14 21:30:00+00:00,1.35641,1.35642,1.35582,1.35589,528,66,0
2026-04-14 21:45:00+00:00,1.35591,1.35636,1.35575,1.3563100000000001,468,53,0
2026-04-14 22:00:00+00:00,1.35642,1.35696,1.35632,1.3568500000000001,405,10,0
2026-04-14 22:15:00+00:00,1.3568799999999999,1.35709,1.35666,1.3567,198,10,0
2026-04-14 22:30:00+00:00,1.3567,1.35684,1.35654,1.35666,216,10,0
2026-04-14 22:45:00+00:00,1.35666,1.35683,1.35653,1.35676,202,10,0
2026-04-14 23:00:00+00:00,1.35677,1.35686,1.3566099999999999,1.3568,182,10,0
2026-04-14 23:15:00+00:00,1.3568,1.35725,1.3568,1.35725,148,10,0
2026-04-14 23:30:00+00:00,1.35725,1.35772,1.35712,1.35766,668,10,0
2026-04-14 23:45:00+00:00,1.35768,1.35788,1.35734,1.35742,442,10,0
2026-04-15 00:00:00+00:00,1.35739,1.3575300000000001,1.3568,1.3569,692,10,0
2026-04-15 00:15:00+00:00,1.3569,1.35724,1.3568799999999999,1.35715,395,10,0
2026-04-15 00:30:00+00:00,1.35717,1.35724,1.35649,1.35664,482,10,0
2026-04-15 00:45:00+00:00,1.35664,1.35742,1.35655,1.35731,524,10,0
2026-04-15 01:00:00+00:00,1.3573,1.35773,1.35676,1.3575300000000001,696,10,0
2026-04-15 01:15:00+00:00,1.35751,1.35752,1.35694,1.35704,511,10,0
2026-04-15 01:30:00+00:00,1.35704,1.35714,1.3567,1.35679,492,10,0
2026-04-15 01:45:00+00:00,1.3568,1.35714,1.35678,1.35693,522,10,0
2026-04-15 02:00:00+00:00,1.35693,1.35696,1.35651,1.35652,371,10,0
2026-04-15 02:15:00+00:00,1.35652,1.35662,1.3560400000000001,1.35606,358,10,0
2026-04-15 02:30:00+00:00,1.3561,1.35633,1.35567,1.3563,446,10,0
2026-04-15 02:45:00+00:00,1.3563,1.35641,1.35583,1.35593,392,10,0
2026-04-15 03:00:00+00:00,1.35593,1.35616,1.35571,1.35614,345,10,0
2026-04-15 03:15:00+00:00,1.35613,1.35642,1.35608,1.35639,324,10,0
2026-04-15 03:30:00+00:00,1.35638,1.35644,1.35612,1.35642,311,10,0
2026-04-15 03:45:00+00:00,1.3564,1.3567,1.35633,1.35651,371,10,0
2026-04-15 04:00:00+00:00,1.35649,1.35675,1.3564,1.3566099999999999,276,10,0
2026-04-15 04:15:00+00:00,1.35662,1.35671,1.35641,1.35655,296,10,0
2026-04-15 04:30:00+00:00,1.35655,1.35676,1.35641,1.35659,273,10,0
2026-04-15 04:45:00+00:00,1.35657,1.35675,1.35652,1.35672,266,10,0
2026-04-15 05:00:00+00:00,1.35672,1.35721,1.35667,1.35705,611,10,0
2026-04-15 05:15:00+00:00,1.35705,1.3578299999999999,1.35701,1.35713,501,10,0
2026-04-15 05:30:00+00:00,1.35714,1.35714,1.35639,1.35681,505,10,0
2026-04-15 05:45:00+00:00,1.35679,1.35701,1.35635,1.35648,577,10,0
2026-04-15 06:00:00+00:00,1.35649,1.35734,1.3564,1.35666,772,10,0
2026-04-15 06:15:00+00:00,1.35669,1.3568,1.3563399999999999,1.35657,716,10,0
2026-04-15 06:30:00+00:00,1.3565800000000001,1.3568,1.35598,1.35617,737,10,0
2026-04-15 06:45:00+00:00,1.35619,1.35628,1.35564,1.35593,582,10,0
2026-04-15 07:00:00+00:00,1.35588,1.35691,1.35578,1.35651,924,10,0
2026-04-15 07:15:00+00:00,1.35652,1.35664,1.35585,1.35612,827,10,0
2026-04-15 07:30:00+00:00,1.35612,1.35649,1.35565,1.3563399999999999,735,10,0
2026-04-15 07:45:00+00:00,1.35632,1.35679,1.3555,1.35596,842,10,0
2026-04-15 08:00:00+00:00,1.35595,1.3564,1.35561,1.35619,826,10,0
2026-04-15 08:15:00+00:00,1.35619,1.35675,1.35615,1.3563,687,10,0
2026-04-15 08:30:00+00:00,1.3563,1.35632,1.35579,1.35594,609,10,0
2026-04-15 08:45:00+00:00,1.35595,1.35648,1.3556599999999999,1.35636,541,10,0
2026-04-15 09:00:00+00:00,1.35636,1.3569499999999999,1.3549,1.35552,1556,10,0
2026-04-15 09:15:00+00:00,1.35553,1.35588,1.3552,1.3554,790,10,0
2026-04-15 09:30:00+00:00,1.35542,1.35594,1.35523,1.35541,693,10,0
2026-04-15 09:45:00+00:00,1.3554,1.35576,1.35487,1.35562,667,10,0
2026-04-15 10:00:00+00:00,1.35561,1.3560699999999999,1.355,1.35571,778,10,0
2026-04-15 10:15:00+00:00,1.3557000000000001,1.35578,1.3544100000000001,1.3547,1138,10,0
2026-04-15 10:30:00+00:00,1.35469,1.35531,1.3543,1.35519,941,10,0
2026-04-15 10:45:00+00:00,1.3552,1.3557000000000001,1.35472,1.35472,805,10,0
2026-04-15 11:00:00+00:00,1.35471,1.35528,1.35446,1.355,704,10,0
2026-04-15 11:15:00+00:00,1.35499,1.35511,1.3544,1.35447,711,10,0
2026-04-15 11:30:00+00:00,1.35446,1.3549,1.35428,1.3545,780,10,0
2026-04-15 11:45:00+00:00,1.3545,1.35555,1.3544399999999999,1.3553899999999999,1171,10,0
2026-04-15 12:00:00+00:00,1.35538,1.35561,1.35464,1.35486,1023,10,0
2026-04-15 12:15:00+00:00,1.35489,1.3554300000000001,1.35479,1.35524,809,10,0
2026-04-15 12:30:00+00:00,1.35524,1.35564,1.3548200000000001,1.3549,732,10,0
2026-04-15 12:45:00+00:00,1.3549,1.35576,1.3545099999999999,1.3554300000000001,825,10,0
2026-04-15 13:00:00+00:00,1.35545,1.35593,1.35532,1.35579,878,10,0
2026-04-15 13:15:00+00:00,1.35581,1.35657,1.35576,1.35655,851,10,0
2026-04-15 13:30:00+00:00,1.35657,1.35662,1.35534,1.3554300000000001,1174,10,0
2026-04-15 13:45:00+00:00,1.35545,1.35611,1.35521,1.35572,1057,10,0
2026-04-15 14:00:00+00:00,1.3557299999999999,1.3566099999999999,1.35526,1.35649,1041,10,0
2026-04-15 14:15:00+00:00,1.35648,1.35761,1.35638,1.35759,1010,10,0
2026-04-15 14:30:00+00:00,1.35761,1.35769,1.3566500000000001,1.3572600000000001,922,10,0
2026-04-15 14:45:00+00:00,1.3572899999999999,1.35754,1.35649,1.35678,1033,10,0
2026-04-15 15:00:00+00:00,1.3568,1.3574899999999999,1.35649,1.35738,1168,10,0
2026-04-15 15:15:00+00:00,1.35736,1.35786,1.35708,1.3575599999999999,866,10,0
2026-04-15 15:30:00+00:00,1.3576,1.3576,1.35679,1.35708,981,10,0
2026-04-15 15:45:00+00:00,1.35709,1.3572600000000001,1.35659,1.35667,765,10,0
2026-04-15 16:00:00+00:00,1.35666,1.35738,1.35657,1.35717,739,10,0
2026-04-15 16:15:00+00:00,1.35717,1.35744,1.3569,1.35728,764,10,0
2026-04-15 16:30:00+00:00,1.35728,1.35738,1.35662,1.35708,660,10,0
2026-04-15 16:45:00+00:00,1.35708,1.35734,1.35682,1.35731,735,10,0
2026-04-15 17:00:00+00:00,1.35727,1.35743,1.35712,1.35718,564,10,0
2026-04-15 17:15:00+00:00,1.35718,1.35732,1.35684,1.35703,439,10,0
2026-04-15 17:30:00+00:00,1.357,1.35713,1.35664,1.35678,591,10,0
2026-04-15 17:45:00+00:00,1.35678,1.35698,1.35637,1.3569499999999999,501,10,0
2026-04-15 18:00:00+00:00,1.35694,1.35762,1.35671,1.3572899999999999,1041,10,0
2026-04-15 18:15:00+00:00,1.3572899999999999,1.35754,1.35718,1.35724,570,10,0
2026-04-15 18:30:00+00:00,1.35727,1.35731,1.35691,1.35696,469,10,0
2026-04-15 18:45:00+00:00,1.35696,1.35757,1.35693,1.35739,514,10,0
2026-04-15 19:00:00+00:00,1.35737,1.35764,1.35687,1.35691,537,10,0
2026-04-15 19:15:00+00:00,1.3569200000000001,1.3572,1.3568,1.35711,443,10,0
2026-04-15 19:30:00+00:00,1.35711,1.35732,1.35697,1.3571,401,10,0
2026-04-15 19:45:00+00:00,1.35711,1.35724,1.35693,1.35701,431,10,0
2026-04-15 20:00:00+00:00,1.357,1.35705,1.3565800000000001,1.35667,311,10,0
2026-04-15 20:15:00+00:00,1.35667,1.35667,1.35618,1.35629,261,10,0
2026-04-15 20:30:00+00:00,1.3563100000000001,1.3564,1.35586,1.3563,370,10,0
2026-04-15 20:45:00+00:00,1.3563,1.35653,1.35594,1.35598,353,7,0
2026-04-15 21:00:00+00:00,1.35599,1.35601,1.35569,1.35579,158,26,0
2026-04-15 21:15:00+00:00,1.35578,1.35603,1.35574,1.35603,641,35,0
2026-04-15 21:30:00+00:00,1.35602,1.35608,1.35581,1.35591,310,29,0
2026-04-15 21:45:00+00:00,1.3559,1.35599,1.3558,1.35587,219,35,0
2026-04-15 22:00:00+00:00,1.3559999999999999,1.35647,1.3559,1.35642,211,10,0
2026-04-15 22:15:00+00:00,1.35642,1.35643,1.35615,1.3563399999999999,164,10,0
2026-04-15 22:30:00+00:00,1.3563399999999999,1.3566,1.35633,1.35655,145,10,0
2026-04-15 22:45:00+00:00,1.35655,1.35681,1.35654,1.35674,111,10,0
2026-04-15 23:00:00+00:00,1.35673,1.35694,1.35673,1.35687,142,10,0
2026-04-15 23:15:00+00:00,1.35687,1.35704,1.35681,1.35682,163,10,0
2026-04-15 23:30:00+00:00,1.35682,1.35724,1.35681,1.3572199999999999,146,10,0
2026-04-15 23:45:00+00:00,1.3572199999999999,1.35734,1.35718,1.35723,122,10,0
2026-04-16 00:00:00+00:00,1.35724,1.35746,1.35682,1.35701,437,10,0
2026-04-16 00:15:00+00:00,1.35698,1.35734,1.35693,1.35709,339,10,0
2026-04-16 00:30:00+00:00,1.35713,1.35725,1.3569,1.3569200000000001,309,10,0
2026-04-16 00:45:00+00:00,1.3569200000000001,1.3574,1.35681,1.35734,377,10,0
2026-04-16 01:00:00+00:00,1.35733,1.35754,1.35721,1.35738,505,10,0
2026-04-16 01:15:00+00:00,1.35738,1.35739,1.35687,1.3569499999999999,510,10,0
2026-04-16 01:30:00+00:00,1.3569499999999999,1.35716,1.3560699999999999,1.35662,624,10,0
2026-04-16 01:45:00+00:00,1.3566,1.35704,1.3566,1.35682,506,10,0
2026-04-16 02:00:00+00:00,1.35683,1.35733,1.35679,1.3569,486,10,0
2026-04-16 02:15:00+00:00,1.35689,1.35724,1.3568799999999999,1.35703,369,10,0
2026-04-16 02:30:00+00:00,1.35704,1.35843,1.35702,1.35828,616,10,0
2026-04-16 02:45:00+00:00,1.35829,1.3586,1.35778,1.35858,554,10,0
2026-04-16 03:00:00+00:00,1.35856,1.35946,1.35856,1.35893,723,10,0
2026-04-16 03:15:00+00:00,1.35891,1.35897,1.35856,1.35863,383,10,0
2026-04-16 03:30:00+00:00,1.35861,1.35866,1.35801,1.35828,366,10,0
2026-04-16 03:45:00+00:00,1.35827,1.35846,1.35806,1.35812,365,10,0
2026-04-16 04:00:00+00:00,1.35811,1.3581400000000001,1.35781,1.358,346,10,0
2026-04-16 04:15:00+00:00,1.35801,1.35821,1.3578299999999999,1.3578999999999999,304,10,0
2026-04-16 04:30:00+00:00,1.3578999999999999,1.35805,1.35779,1.3578700000000001,256,10,0
2026-04-16 04:45:00+00:00,1.3578700000000001,1.3578700000000001,1.35754,1.35764,284,10,0
2026-04-16 05:00:00+00:00,1.35763,1.35769,1.3572899999999999,1.35732,366,10,0
2026-04-16 05:15:00+00:00,1.35732,1.35745,1.3566799999999999,1.35693,387,10,0
2026-04-16 05:30:00+00:00,1.35693,1.35744,1.3565,1.35682,547,10,0
2026-04-16 05:45:00+00:00,1.35681,1.3571900000000001,1.35675,1.3571,478,10,0
2026-04-16 06:00:00+00:00,1.35712,1.3580999999999999,1.35712,1.35762,988,10,0
2026-04-16 06:15:00+00:00,1.3576,1.35769,1.35674,1.35702,702,10,0
2026-04-16 06:30:00+00:00,1.35705,1.35714,1.3563,1.35714,798,10,0
2026-04-16 06:45:00+00:00,1.35711,1.35774,1.35681,1.35754,872,10,0
2026-04-16 07:00:00+00:00,1.3575599999999999,1.35803,1.35727,1.35748,1092,10,0
2026-04-16 07:15:00+00:00,1.35748,1.3575599999999999,1.35669,1.35708,869,10,0
2026-04-16 07:30:00+00:00,1.35709,1.35709,1.35639,1.35662,713,10,0
2026-04-16 07:45:00+00:00,1.35662,1.35662,1.35564,1.35581,719,10,0
2026-04-16 08:00:00+00:00,1.35585,1.35614,1.35538,1.35553,795,10,0
2026-04-16 08:15:00+00:00,1.35551,1.3557000000000001,1.35471,1.3551,839,10,0
2026-04-16 08:30:00+00:00,1.3551,1.35562,1.35488,1.35549,715,10,0
2026-04-16 08:45:00+00:00,1.35549,1.35582,1.35493,1.35504,770,10,0
2026-04-16 09:00:00+00:00,1.3550200000000001,1.35524,1.3545099999999999,1.35464,629,10,0
2026-04-16 09:15:00+00:00,1.35463,1.3548,1.35379,1.35401,647,10,0
2026-04-16 09:30:00+00:00,1.35402,1.35456,1.35361,1.3538299999999999,710,10,0
2026-04-16 09:45:00+00:00,1.3538299999999999,1.35413,1.35371,1.3538299999999999,659,10,0
2026-04-16 10:00:00+00:00,1.35382,1.35395,1.35318,1.35394,619,10,0
2026-04-16 10:15:00+00:00,1.35394,1.35394,1.3531900000000001,1.3532199999999999,478,10,0
2026-04-16 10:30:00+00:00,1.3531900000000001,1.35401,1.3531,1.35389,453,10,0
2026-04-16 10:45:00+00:00,1.3538999999999999,1.35445,1.35378,1.35433,610,10,0
2026-04-16 11:00:00+00:00,1.35436,1.35533,1.35436,1.35511,614,10,0
2026-04-16 11:15:00+00:00,1.35511,1.35524,1.35452,1.35463,559,10,0
2026-04-16 11:30:00+00:00,1.35463,1.35504,1.35426,1.35461,613,10,0
2026-04-16 11:45:00+00:00,1.35461,1.3549,1.35438,1.35462,767,10,0
2026-04-16 12:00:00+00:00,1.35464,1.3548200000000001,1.35376,1.35427,956,10,0
2026-04-16 12:15:00+00:00,1.35423,1.3545099999999999,1.35367,1.35439,660,10,0
2026-04-16 12:30:00+00:00,1.35436,1.35483,1.35389,1.35481,834,10,0
2026-04-16 12:45:00+00:00,1.3548200000000001,1.35493,1.35458,1.35462,636,10,0
2026-04-16 13:00:00+00:00,1.35462,1.35487,1.3542100000000001,1.35465,707,10,0
2026-04-16 13:15:00+00:00,1.35465,1.35503,1.35461,1.3548200000000001,612,10,0
2026-04-16 13:30:00+00:00,1.35483,1.35544,1.3545,1.35503,1091,10,0
2026-04-16 13:45:00+00:00,1.355,1.35522,1.35349,1.35415,1307,10,0
2026-04-16 14:00:00+00:00,1.35416,1.35481,1.35368,1.35472,1179,10,0
2026-04-16 14:15:00+00:00,1.35473,1.3548200000000001,1.35183,1.35228,2022,10,0
2026-04-16 14:30:00+00:00,1.35229,1.35282,1.3519,1.35262,1452,10,0
2026-04-16 14:45:00+00:00,1.35262,1.35273,1.35161,1.35214,1282,10,0
2026-04-16 15:00:00+00:00,1.35211,1.3535300000000001,1.35174,1.35321,1127,10,0
2026-04-16 15:15:00+00:00,1.35321,1.35362,1.3527,1.3528,897,10,0
2026-04-16 15:30:00+00:00,1.35279,1.35377,1.35271,1.35323,1392,10,0
2026-04-16 15:45:00+00:00,1.35323,1.35377,1.3529900000000001,1.35375,838,10,0
2026-04-16 16:00:00+00:00,1.35374,1.3541400000000001,1.35339,1.35411,670,10,0
2026-04-16 16:15:00+00:00,1.35407,1.3544100000000001,1.35361,1.35369,646,10,0
2026-04-16 16:30:00+00:00,1.35369,1.35372,1.35225,1.35282,1368,10,0
2026-04-16 16:45:00+00:00,1.35283,1.35294,1.3520400000000001,1.35283,882,10,0
2026-04-16 17:00:00+00:00,1.35285,1.35298,1.35213,1.3522,783,10,0
2026-04-16 17:15:00+00:00,1.35216,1.35283,1.35213,1.35247,707,10,0
2026-04-16 17:30:00+00:00,1.35247,1.35284,1.3523100000000001,1.35256,488,10,0
2026-04-16 17:45:00+00:00,1.35256,1.3526799999999999,1.35211,1.35244,591,10,0
2026-04-16 18:00:00+00:00,1.35245,1.3533,1.3523800000000001,1.35279,945,10,0
2026-04-16 18:15:00+00:00,1.35276,1.35302,1.35233,1.35272,679,10,0
2026-04-16 18:30:00+00:00,1.35274,1.35331,1.35267,1.35302,567,10,0
2026-04-16 18:45:00+00:00,1.35302,1.35325,1.35291,1.35307,519,10,0
2026-04-16 19:00:00+00:00,1.35305,1.35348,1.35305,1.35314,462,10,0
2026-04-16 19:15:00+00:00,1.35314,1.35328,1.35298,1.3529900000000001,396,10,0
2026-04-16 19:30:00+00:00,1.3529900000000001,1.35328,1.35297,1.35297,404,10,0
2026-04-16 19:45:00+00:00,1.3529900000000001,1.35307,1.3527,1.3529,451,10,0
2026-04-16 20:00:00+00:00,1.35291,1.35313,1.35253,1.3528,395,10,0
2026-04-16 20:15:00+00:00,1.35279,1.35285,1.3523100000000001,1.35251,317,10,0
2026-04-16 20:30:00+00:00,1.35252,1.35275,1.35251,1.3526500000000001,172,10,0
2026-04-16 20:45:00+00:00,1.35266,1.35271,1.35256,1.35263,194,9,0
2026-04-16 21:00:00+00:00,1.35262,1.35263,1.35213,1.35216,285,13,0
2026-04-16 21:15:00+00:00,1.35218,1.35245,1.35209,1.35243,227,37,0
2026-04-16 21:30:00+00:00,1.35243,1.35246,1.35216,1.35246,247,35,0
2026-04-16 21:45:00+00:00,1.35246,1.35247,1.35228,1.35247,190,35,0
2026-04-16 22:00:00+00:00,1.3526,1.35364,1.35253,1.35338,234,10,0
2026-04-16 22:15:00+00:00,1.35338,1.3534,1.35298,1.35327,223,10,0
2026-04-16 22:30:00+00:00,1.35328,1.35335,1.35311,1.35321,175,10,0
2026-04-16 22:45:00+00:00,1.35318,1.35324,1.35309,1.35311,97,10,0
2026-04-16 23:00:00+00:00,1.3531,1.35316,1.3529,1.35306,183,10,0
2026-04-16 23:15:00+00:00,1.35305,1.3533,1.35304,1.35311,146,10,0
2026-04-16 23:30:00+00:00,1.35311,1.35311,1.35284,1.35285,151,10,0
2026-04-16 23:45:00+00:00,1.35285,1.35285,1.35245,1.35254,286,10,0
2026-04-17 00:00:00+00:00,1.35252,1.35252,1.35184,1.3520400000000001,622,10,0
2026-04-17 00:15:00+00:00,1.3520400000000001,1.35245,1.35189,1.35227,453,10,0
2026-04-17 00:30:00+00:00,1.35229,1.35262,1.35221,1.35252,374,10,0
2026-04-17 00:45:00+00:00,1.35251,1.35263,1.35199,1.35203,470,10,0
2026-04-17 01:00:00+00:00,1.3520400000000001,1.35216,1.35147,1.35171,606,10,0
2026-04-17 01:15:00+00:00,1.3517000000000001,1.35189,1.35141,1.35161,449,10,0
2026-04-17 01:30:00+00:00,1.35163,1.35183,1.3515,1.3517700000000001,425,10,0
2026-04-17 01:45:00+00:00,1.35176,1.3520400000000001,1.3516,1.3516,366,10,0
2026-04-17 02:00:00+00:00,1.35161,1.35175,1.35138,1.35151,295,10,0
2026-04-17 02:15:00+00:00,1.35154,1.3518,1.35153,1.35162,305,10,0
2026-04-17 02:30:00+00:00,1.35163,1.35185,1.35159,1.35174,280,10,0
2026-04-17 02:45:00+00:00,1.35174,1.35196,1.3517299999999999,1.3519,256,10,0
2026-04-17 03:00:00+00:00,1.35188,1.3521,1.35179,1.35181,314,10,0
2026-04-17 03:15:00+00:00,1.35181,1.35186,1.35153,1.35163,282,10,0
2026-04-17 03:30:00+00:00,1.35162,1.35206,1.35154,1.35199,277,10,0
2026-04-17 03:45:00+00:00,1.35198,1.35271,1.35198,1.35246,264,10,0
2026-04-17 04:00:00+00:00,1.35245,1.35256,1.3523800000000001,1.35251,249,10,0
2026-04-17 04:15:00+00:00,1.35251,1.35256,1.35209,1.35233,350,10,0
2026-04-17 04:30:00+00:00,1.35232,1.35249,1.35213,1.35242,258,10,0
2026-04-17 04:45:00+00:00,1.35242,1.35244,1.3522,1.35221,275,10,0
2026-04-17 05:00:00+00:00,1.35221,1.35224,1.35183,1.35211,426,10,0
2026-04-17 05:15:00+00:00,1.35211,1.35218,1.35191,1.35212,329,10,0
2026-04-17 05:30:00+00:00,1.35212,1.35216,1.3516,1.35186,400,10,0
2026-04-17 05:45:00+00:00,1.35184,1.35208,1.35184,1.35188,335,10,0
2026-04-17 06:00:00+00:00,1.35186,1.35186,1.35084,1.35091,762,10,0
2026-04-17 06:15:00+00:00,1.35089,1.35127,1.35061,1.3508,718,10,0
2026-04-17 06:30:00+00:00,1.3507799999999999,1.3510499999999999,1.35041,1.3507,705,10,0
2026-04-17 06:45:00+00:00,1.3507,1.35102,1.35041,1.35049,606,10,0
2026-04-17 07:00:00+00:00,1.3505099999999999,1.3515,1.3505099999999999,1.35134,886,10,0
2026-04-17 07:15:00+00:00,1.35135,1.35169,1.35099,1.35149,734,10,0
2026-04-17 07:30:00+00:00,1.3515,1.35208,1.35142,1.35202,645,10,0
2026-04-17 07:45:00+00:00,1.35201,1.35255,1.35179,1.35249,740,10,0
2026-04-17 08:00:00+00:00,1.35248,1.35262,1.35192,1.35206,650,10,0
2026-04-17 08:15:00+00:00,1.35206,1.35232,1.35163,1.35223,611,10,0
2026-04-17 08:30:00+00:00,1.35223,1.35307,1.35212,1.35303,594,10,0
2026-04-17 08:45:00+00:00,1.35303,1.35339,1.35267,1.35306,650,10,0
2026-04-17 09:00:00+00:00,1.35306,1.35351,1.35287,1.353,728,10,0
2026-04-17 09:15:00+00:00,1.353,1.35393,1.35289,1.3538000000000001,634,10,0
2026-04-17 09:30:00+00:00,1.3538000000000001,1.35385,1.35308,1.3531900000000001,603,10,0
2026-04-17 09:45:00+00:00,1.35321,1.35333,1.35264,1.35308,592,10,0
2026-04-17 10:00:00+00:00,1.35308,1.35344,1.3529200000000001,1.3534,607,10,0
2026-04-17 10:15:00+00:00,1.35339,1.35365,1.35318,1.3533,449,10,0
2026-04-17 10:30:00+00:00,1.35332,1.3534,1.35251,1.35255,534,10,0
2026-04-17 10:45:00+00:00,1.35254,1.3528,1.35192,1.3523,573,10,0
2026-04-17 11:00:00+00:00,1.35228,1.35253,1.35187,1.3523100000000001,582,10,0
2026-04-17 11:15:00+00:00,1.35229,1.353,1.35222,1.35276,565,10,0
2026-04-17 11:30:00+00:00,1.35279,1.35325,1.35262,1.3532199999999999,560,10,0
2026-04-17 11:45:00+00:00,1.35324,1.35354,1.35256,1.35287,644,10,0
2026-04-17 12:00:00+00:00,1.3529,1.35365,1.35281,1.35345,830,10,0
2026-04-17 12:15:00+00:00,1.35347,1.35456,1.35313,1.35412,1109,10,0
2026-04-17 12:30:00+00:00,1.35412,1.35534,1.35401,1.35431,1023,10,0
2026-04-17 12:45:00+00:00,1.35431,1.35853,1.35425,1.35828,4129,10,0
2026-04-17 13:00:00+00:00,1.35829,1.35991,1.35766,1.35915,2459,10,0
2026-04-17 13:15:00+00:00,1.3591199999999999,1.35917,1.3571,1.35761,2374,10,0
2026-04-17 13:30:00+00:00,1.35765,1.35807,1.35712,1.35751,2533,10,0
2026-04-17 13:45:00+00:00,1.35752,1.35803,1.35593,1.35734,2689,10,0
2026-04-17 14:00:00+00:00,1.35736,1.3578999999999999,1.3568799999999999,1.35728,1721,10,0
2026-04-17 14:15:00+00:00,1.35728,1.35885,1.35728,1.35824,1516,10,0
2026-04-17 14:30:00+00:00,1.35826,1.3587099999999999,1.35737,1.35791,1886,10,0
2026-04-17 14:45:00+00:00,1.3578999999999999,1.35808,1.3568,1.35693,1555,10,0
2026-04-17 15:00:00+00:00,1.3569,1.35693,1.35591,1.35614,1778,10,0
2026-04-17 15:15:00+00:00,1.35617,1.35675,1.35487,1.35559,1400,10,0
2026-04-17 15:30:00+00:00,1.3556300000000001,1.35645,1.35504,1.35529,1537,10,0
2026-04-17 15:45:00+00:00,1.35532,1.3559700000000001,1.35526,1.35541,1445,10,0
2026-04-17 16:00:00+00:00,1.35542,1.35553,1.35439,1.35515,1163,10,0
2026-04-17 16:15:00+00:00,1.35514,1.35567,1.35488,1.35492,876,10,0
2026-04-17 16:30:00+00:00,1.35495,1.35551,1.35476,1.35549,659,10,0
2026-04-17 16:45:00+00:00,1.35548,1.35591,1.35522,1.3553,679,10,0
2026-04-17 17:00:00+00:00,1.35528,1.3553,1.35397,1.35465,1209,10,0
2026-04-17 17:15:00+00:00,1.35469,1.3550200000000001,1.35407,1.3544,1305,10,0
2026-04-17 17:30:00+00:00,1.35443,1.35465,1.35425,1.35437,834,10,0
2026-04-17 17:45:00+00:00,1.35434,1.35532,1.35433,1.35511,631,10,0
2026-04-17 18:00:00+00:00,1.35515,1.35521,1.3545,1.35456,628,10,0
2026-04-17 18:15:00+00:00,1.35456,1.35544,1.35453,1.3547799999999999,841,10,0
2026-04-17 18:30:00+00:00,1.3547799999999999,1.35511,1.35419,1.3544100000000001,761,10,0
2026-04-17 18:45:00+00:00,1.3544,1.35447,1.35317,1.3535,960,10,0
2026-04-17 19:00:00+00:00,1.3535,1.35391,1.35335,1.3538299999999999,699,10,0
2026-04-17 19:15:00+00:00,1.3538299999999999,1.3538700000000001,1.35289,1.3529900000000001,573,10,0
2026-04-17 19:30:00+00:00,1.35298,1.35313,1.35218,1.35237,1029,10,0
2026-04-17 19:45:00+00:00,1.35236,1.3525,1.35162,1.3519,829,10,0
2026-04-17 20:00:00+00:00,1.35189,1.35224,1.3516,1.35217,460,10,0
2026-04-17 20:15:00+00:00,1.35217,1.35224,1.35126,1.35131,364,10,0
2026-04-17 20:30:00+00:00,1.35133,1.35215,1.35132,1.3519700000000001,381,10,0
2026-04-17 20:45:00+00:00,1.3519999999999999,1.35221,1.35147,1.3518,1110,10,0
2026-04-19 21:00:00+00:00,1.34779,1.34839,1.34779,1.34839,56,105,0
2026-04-19 21:15:00+00:00,1.34839,1.34867,1.34826,1.34867,85,65,0
2026-04-19 21:30:00+00:00,1.34867,1.34873,1.34801,1.34821,145,47,0
2026-04-19 21:45:00+00:00,1.34821,1.34848,1.34809,1.34835,108,47,0
2026-04-19 22:00:00+00:00,1.34847,1.34888,1.3474599999999999,1.34844,783,10,0
2026-04-19 22:15:00+00:00,1.34843,1.34876,1.34787,1.34805,764,10,0
2026-04-19 22:30:00+00:00,1.34809,1.34874,1.34799,1.34859,580,10,0
2026-04-19 22:45:00+00:00,1.3486099999999999,1.34876,1.34849,1.34873,322,10,0
2026-04-19 23:00:00+00:00,1.34875,1.34906,1.34869,1.34904,342,10,0
2026-04-19 23:15:00+00:00,1.34904,1.3491900000000001,1.3485,1.34851,404,10,0
2026-04-19 23:30:00+00:00,1.34851,1.3489499999999999,1.34803,1.34824,482,10,0
2026-04-19 23:45:00+00:00,1.34826,1.34837,1.34779,1.34822,582,10,0
2026-04-20 00:00:00+00:00,1.34826,1.3489200000000001,1.34779,1.3485,1035,10,0
2026-04-20 00:15:00+00:00,1.3485,1.34946,1.3484099999999999,1.34935,854,10,0
2026-04-20 00:30:00+00:00,1.34933,1.34957,1.34904,1.34943,568,10,0
2026-04-20 00:45:00+00:00,1.34943,1.34959,1.34918,1.34952,500,10,0
2026-04-20 01:00:00+00:00,1.34954,1.34978,1.34911,1.34923,786,10,0
2026-04-20 01:15:00+00:00,1.34923,1.34925,1.34891,1.34894,482,10,0
2026-04-20 01:30:00+00:00,1.34897,1.35002,1.34894,1.34976,613,10,0
2026-04-20 01:45:00+00:00,1.34976,1.35006,1.34971,1.34976,528,10,0
2026-04-20 02:00:00+00:00,1.34976,1.35015,1.34965,1.35,449,10,0
2026-04-20 02:15:00+00:00,1.35,1.35031,1.34991,1.35028,346,10,0
2026-04-20 02:30:00+00:00,1.35027,1.35053,1.3501400000000001,1.35019,390,10,0
2026-04-20 02:45:00+00:00,1.3502,1.35023,1.3498299999999999,1.35015,363,10,0
2026-04-20 03:00:00+00:00,1.3501699999999999,1.35035,1.34997,1.35012,426,10,0
2026-04-20 03:15:00+00:00,1.35012,1.35045,1.35001,1.35039,287,10,0
2026-04-20 03:30:00+00:00,1.35037,1.3508,1.35031,1.35063,376,10,0
2026-04-20 03:45:00+00:00,1.35063,1.3507,1.35042,1.35053,338,10,0
2026-04-20 04:00:00+00:00,1.35053,1.3507500000000001,1.35035,1.35052,277,10,0
2026-04-20 04:15:00+00:00,1.35052,1.35053,1.3501699999999999,1.35027,244,10,0
2026-04-20 04:30:00+00:00,1.3502399999999999,1.35034,1.35001,1.3503,339,10,0
2026-04-20 04:45:00+00:00,1.35033,1.3507,1.3503,1.35046,394,10,0
2026-04-20 05:00:00+00:00,1.35043,1.35054,1.3498999999999999,1.34997,432,10,0
2026-04-20 05:15:00+00:00,1.34996,1.3501,1.34944,1.3495300000000001,453,10,0
2026-04-20 05:30:00+00:00,1.34952,1.34961,1.34857,1.34859,658,10,0
2026-04-20 05:45:00+00:00,1.3485800000000001,1.34935,1.3485800000000001,1.34914,636,10,0
2026-04-20 06:00:00+00:00,1.34912,1.34938,1.34856,1.34884,1007,10,0
2026-04-20 06:15:00+00:00,1.3488,1.3488,1.34815,1.34851,755,10,0
2026-04-20 06:30:00+00:00,1.34853,1.34985,1.34853,1.3498299999999999,1000,10,0
2026-04-20 06:45:00+00:00,1.34982,1.35054,1.3490199999999999,1.35053,1252,10,0
2026-04-20 07:00:00+00:00,1.35055,1.35131,1.3502100000000001,1.3512,1156,10,0
2026-04-20 07:15:00+00:00,1.3512,1.35185,1.35091,1.35119,865,10,0
2026-04-20 07:30:00+00:00,1.35121,1.35132,1.35066,1.35101,1185,10,0
2026-04-20 07:45:00+00:00,1.35101,1.35102,1.3495,1.35023,832,10,0
2026-04-20 08:00:00+00:00,1.3502399999999999,1.35055,1.34988,1.35003,1029,10,0
2026-04-20 08:15:00+00:00,1.35002,1.35009,1.34939,1.34978,911,10,0
2026-04-20 08:30:00+00:00,1.3498,1.34995,1.34924,1.34973,735,10,0
2026-04-20 08:45:00+00:00,1.34972,1.3502399999999999,1.34932,1.34972,876,10,0
2026-04-20 09:00:00+00:00,1.3497,1.35036,1.34966,1.35008,926,10,0
2026-04-20 09:15:00+00:00,1.35008,1.35029,1.34961,1.34971,802,10,0
2026-04-20 09:30:00+00:00,1.3497,1.35034,1.3497,1.35013,657,10,0
2026-04-20 09:45:00+00:00,1.35012,1.35185,1.35008,1.35182,838,10,0
2026-04-20 10:00:00+00:00,1.35182,1.35183,1.3511199999999999,1.3515,818,10,0
2026-04-20 10:15:00+00:00,1.35151,1.35163,1.35106,1.35138,641,10,0
2026-04-20 10:30:00+00:00,1.3514,1.35142,1.35108,1.35131,520,10,0
2026-04-20 10:45:00+00:00,1.35134,1.35194,1.35123,1.35165,655,10,0
2026-04-20 11:00:00+00:00,1.35169,1.35212,1.35141,1.35209,843,10,0
2026-04-20 11:15:00+00:00,1.35209,1.35241,1.35202,1.35213,555,10,0
2026-04-20 11:30:00+00:00,1.35212,1.3523399999999999,1.35189,1.3523100000000001,773,10,0
2026-04-20 11:45:00+00:00,1.35232,1.35277,1.35182,1.35186,838,10,0
2026-04-20 12:00:00+00:00,1.35185,1.35195,1.35058,1.35069,999,10,0
2026-04-20 12:15:00+00:00,1.35072,1.35115,1.35057,1.3506,721,10,0
2026-04-20 12:30:00+00:00,1.35064,1.35121,1.35052,1.35115,837,10,0
2026-04-20 12:45:00+00:00,1.35119,1.35174,1.35115,1.35161,759,10,0
2026-04-20 13:00:00+00:00,1.35162,1.3523,1.35115,1.35184,1611,10,0
2026-04-20 13:15:00+00:00,1.35183,1.35276,1.35178,1.35259,1003,10,0
2026-04-20 13:30:00+00:00,1.3526,1.3532,1.3519700000000001,1.3532,1222,10,0
2026-04-20 13:45:00+00:00,1.35316,1.35361,1.35278,1.3532600000000001,1086,10,0
2026-04-20 14:00:00+00:00,1.3532199999999999,1.35323,1.35189,1.35244,1121,10,0
2026-04-20 14:15:00+00:00,1.35244,1.35301,1.35233,1.35291,1046,10,0
2026-04-20 14:30:00+00:00,1.35291,1.35308,1.35209,1.3526099999999999,1153,10,0
2026-04-20 14:45:00+00:00,1.3526,1.35284,1.35065,1.35232,2163,10,0
2026-04-20 15:00:00+00:00,1.3523399999999999,1.35256,1.35176,1.35244,1257,10,0
2026-04-20 15:15:00+00:00,1.35247,1.35389,1.35213,1.35376,1572,10,0
2026-04-20 15:30:00+00:00,1.35374,1.35438,1.35337,1.35409,1223,10,0
2026-04-20 15:45:00+00:00,1.3541,1.35413,1.35365,1.35394,712,10,0
2026-04-20 16:00:00+00:00,1.35396,1.3544100000000001,1.3538000000000001,1.354,894,10,0
2026-04-20 16:15:00+00:00,1.354,1.35432,1.35366,1.35379,693,10,0
2026-04-20 16:30:00+00:00,1.35379,1.35415,1.3535,1.35396,742,10,0
2026-04-20 16:45:00+00:00,1.35395,1.354,1.3535,1.35377,681,10,0
2026-04-20 17:00:00+00:00,1.3538000000000001,1.3544,1.35371,1.35382,717,10,0
2026-04-20 17:15:00+00:00,1.35382,1.35389,1.3532,1.35323,464,10,0
2026-04-20 17:30:00+00:00,1.35323,1.35374,1.35309,1.35342,715,10,0
2026-04-20 17:45:00+00:00,1.35342,1.35358,1.3532600000000001,1.35346,416,10,0
2026-04-20 18:00:00+00:00,1.35348,1.35405,1.35318,1.354,733,10,0
2026-04-20 18:15:00+00:00,1.35401,1.3542100000000001,1.35349,1.35369,669,10,0
2026-04-20 18:30:00+00:00,1.35367,1.35384,1.3534,1.35359,648,10,0
2026-04-20 18:45:00+00:00,1.35359,1.35369,1.35309,1.3531900000000001,521,10,0
2026-04-20 19:00:00+00:00,1.35317,1.35403,1.35317,1.35393,444,10,0
2026-04-20 19:15:00+00:00,1.35394,1.35402,1.35368,1.35382,356,10,0
2026-04-20 19:30:00+00:00,1.35382,1.35413,1.35369,1.35391,430,10,0
2026-04-20 19:45:00+00:00,1.35392,1.35393,1.35317,1.3532199999999999,407,10,0
2026-04-20 20:00:00+00:00,1.3532600000000001,1.35366,1.35297,1.35339,370,10,0
2026-04-20 20:15:00+00:00,1.35339,1.35346,1.35321,1.35332,207,10,0
2026-04-20 20:30:00+00:00,1.35332,1.35365,1.3531900000000001,1.3535,373,10,0
2026-04-20 20:45:00+00:00,1.35352,1.3538000000000001,1.35325,1.35333,403,4,0
2026-04-20 21:00:00+00:00,1.3533,1.35332,1.35311,1.35321,160,18,0
2026-04-20 21:15:00+00:00,1.35318,1.35328,1.35312,1.3532199999999999,224,18,0
2026-04-20 21:30:00+00:00,1.35324,1.35327,1.35313,1.3532199999999999,239,22,0
2026-04-20 21:45:00+00:00,1.3532199999999999,1.35332,1.35309,1.35309,207,26,0
2026-04-20 22:00:00+00:00,1.35297,1.35357,1.35297,1.35342,259,10,0
2026-04-20 22:15:00+00:00,1.35341,1.35344,1.35336,1.35342,56,10,0
2026-04-20 22:30:00+00:00,1.35342,1.3535,1.35331,1.35341,161,10,0
2026-04-20 22:45:00+00:00,1.35345,1.35385,1.35345,1.35385,244,10,0
2026-04-20 23:00:00+00:00,1.35385,1.35389,1.35338,1.35341,229,10,0
2026-04-20 23:15:00+00:00,1.35341,1.35343,1.35325,1.35331,140,10,0
2026-04-20 23:30:00+00:00,1.3533,1.35337,1.35309,1.3532199999999999,193,10,0
2026-04-20 23:45:00+00:00,1.35323,1.3532899999999999,1.35302,1.35303,232,10,0
2026-04-21 00:00:00+00:00,1.35306,1.35316,1.3525800000000001,1.35282,549,10,0
2026-04-21 00:15:00+00:00,1.35282,1.3529200000000001,1.35239,1.35242,403,10,0
2026-04-21 00:30:00+00:00,1.35242,1.35263,1.35216,1.3526,424,10,0
2026-04-21 00:45:00+00:00,1.3526,1.35291,1.35225,1.35239,795,10,0
2026-04-21 01:00:00+00:00,1.35239,1.35253,1.35223,1.3524,484,10,0
2026-04-21 01:15:00+00:00,1.3524,1.35289,1.3523800000000001,1.35272,442,10,0
2026-04-21 01:30:00+00:00,1.35272,1.35289,1.3526,1.35273,463,10,0
2026-04-21 01:45:00+00:00,1.35275,1.3528,1.3523399999999999,1.35241,440,10,0
2026-04-21 02:00:00+00:00,1.35242,1.35266,1.35222,1.35263,339,10,0
2026-04-21 02:15:00+00:00,1.35263,1.35264,1.35221,1.35249,294,10,0
2026-04-21 02:30:00+00:00,1.35247,1.35249,1.3519700000000001,1.35213,370,10,0
2026-04-21 02:45:00+00:00,1.35213,1.35223,1.35201,1.35212,354,10,0
2026-04-21 03:00:00+00:00,1.35214,1.3522,1.35174,1.35179,329,10,0
2026-04-21 03:15:00+00:00,1.35179,1.35187,1.35149,1.35183,331,10,0
2026-04-21 03:30:00+00:00,1.35183,1.35188,1.35148,1.35162,289,10,0
2026-04-21 03:45:00+00:00,1.35162,1.35184,1.35162,1.35175,223,10,0
2026-04-21 04:00:00+00:00,1.35175,1.35187,1.35158,1.35162,213,10,0
2026-04-21 04:15:00+00:00,1.35162,1.35168,1.3514599999999999,1.3516,247,10,0
2026-04-21 04:30:00+00:00,1.3516,1.35165,1.3515,1.35154,189,10,0
2026-04-21 04:45:00+00:00,1.35153,1.35171,1.3514300000000001,1.35147,239,10,0
2026-04-21 05:00:00+00:00,1.35149,1.35203,1.35142,1.3519999999999999,467,10,0
2026-04-21 05:15:00+00:00,1.3519999999999999,1.35252,1.35191,1.35246,403,10,0
2026-04-21 05:30:00+00:00,1.35247,1.35254,1.35206,1.3520699999999999,406,10,0
2026-04-21 05:45:00+00:00,1.35209,1.35226,1.35168,1.35175,538,10,0
2026-04-21 06:00:00+00:00,1.35178,1.35328,1.35171,1.35262,1064,10,0
2026-04-21 06:15:00+00:00,1.35263,1.35264,1.35208,1.35233,698,10,0
2026-04-21 06:30:00+00:00,1.35236,1.35243,1.35181,1.3522,670,10,0
2026-04-21 06:45:00+00:00,1.35218,1.35224,1.35161,1.35191,613,10,0
2026-04-21 07:00:00+00:00,1.35189,1.35223,1.3514,1.35162,955,10,0
2026-04-21 07:15:00+00:00,1.3516599999999999,1.35209,1.35156,1.3519,761,10,0
2026-04-21 07:30:00+00:00,1.35191,1.35213,1.35149,1.35199,802,10,0
2026-04-21 07:45:00+00:00,1.35196,1.35223,1.35062,1.35068,934,10,0
2026-04-21 08:00:00+00:00,1.35066,1.351,1.34821,1.34849,2212,10,0
2026-04-21 08:15:00+00:00,1.34851,1.35001,1.3484099999999999,1.34937,1251,10,0
2026-04-21 08:30:00+00:00,1.34936,1.35088,1.3492600000000001,1.35059,1053,10,0
2026-04-21 08:45:00+00:00,1.35062,1.3508,1.3502100000000001,1.35034,700,10,0
2026-04-21 09:00:00+00:00,1.35031,1.35032,1.34951,1.35004,863,10,0
2026-04-21 09:15:00+00:00,1.35004,1.3506,1.34981,1.34992,686,10,0
2026-04-21 09:30:00+00:00,1.34992,1.35052,1.34992,1.35045,499,10,0
2026-04-21 09:45:00+00:00,1.35046,1.35084,1.35008,1.35023,639,10,0
2026-04-21 10:00:00+00:00,1.3502100000000001,1.35104,1.34991,1.35072,627,10,0
2026-04-21 10:15:00+00:00,1.35069,1.35084,1.3502,1.35049,647,10,0
2026-04-21 10:30:00+00:00,1.3505,1.3509,1.3504,1.3508200000000001,517,10,0
2026-04-21 10:45:00+00:00,1.35081,1.35114,1.35055,1.35103,583,10,0
2026-04-21 11:00:00+00:00,1.35104,1.35145,1.3506,1.35079,1120,10,0
2026-04-21 11:15:00+00:00,1.35079,1.35183,1.35066,1.35179,655,10,0
2026-04-21 11:30:00+00:00,1.35179,1.35236,1.35167,1.35178,504,10,0
2026-04-21 11:45:00+00:00,1.35181,1.35193,1.3515,1.35181,638,10,0
2026-04-21 12:00:00+00:00,1.35185,1.35221,1.35171,1.35211,650,10,0
2026-04-21 12:15:00+00:00,1.35211,1.35215,1.35151,1.3520400000000001,697,10,0
2026-04-21 12:30:00+00:00,1.3520699999999999,1.3520699999999999,1.35062,1.35106,1197,10,0
2026-04-21 12:45:00+00:00,1.35107,1.35171,1.35087,1.35141,1005,10,0
2026-04-21 13:00:00+00:00,1.35145,1.35198,1.35134,1.35148,792,10,0
2026-04-21 13:15:00+00:00,1.35149,1.35243,1.35145,1.35202,819,10,0
2026-04-21 13:30:00+00:00,1.35203,1.35275,1.35192,1.35252,1079,10,0
2026-04-21 13:45:00+00:00,1.35252,1.3529200000000001,1.35228,1.3525,940,10,0
2026-04-21 14:00:00+00:00,1.35251,1.35285,1.3520400000000001,1.35262,851,10,0
2026-04-21 14:15:00+00:00,1.35266,1.35293,1.35209,1.35235,921,10,0
2026-04-21 14:30:00+00:00,1.3523399999999999,1.35396,1.35188,1.35352,1333,10,0
2026-04-21 14:45:00+00:00,1.3535,1.3536299999999999,1.35077,1.3509,1619,10,0
2026-04-21 15:00:00+00:00,1.35087,1.35202,1.35045,1.3517000000000001,1322,10,0
2026-04-21 15:15:00+00:00,1.35169,1.35196,1.35062,1.35071,1160,10,0
2026-04-21 15:30:00+00:00,1.35069,1.35103,1.3498700000000001,1.35074,1069,10,0
2026-04-21 15:45:00+00:00,1.35077,1.3512,1.3505099999999999,1.35102,909,10,0
2026-04-21 16:00:00+00:00,1.3510499999999999,1.35149,1.35095,1.35114,1043,10,0
2026-04-21 16:15:00+00:00,1.35114,1.35122,1.35028,1.35033,759,10,0
2026-04-21 16:30:00+00:00,1.3503,1.35073,1.34996,1.35006,721,10,0
2026-04-21 16:45:00+00:00,1.35005,1.35032,1.34967,1.34976,637,10,0
2026-04-21 17:00:00+00:00,1.34975,1.3498700000000001,1.34785,1.34808,1298,10,0
2026-04-21 17:15:00+00:00,1.3481,1.34908,1.34756,1.3490199999999999,1002,10,0
2026-04-21 17:30:00+00:00,1.34904,1.35253,1.34904,1.35194,2271,10,0
2026-04-21 17:45:00+00:00,1.35195,1.35203,1.35012,1.35049,1010,10,0
2026-04-21 18:00:00+00:00,1.3505,1.35084,1.34969,1.34975,841,10,0
2026-04-21 18:15:00+00:00,1.34974,1.34995,1.3483399999999999,1.3486500000000001,1300,10,0
2026-04-21 18:30:00+00:00,1.34867,1.34954,1.34867,1.34897,725,10,0
2026-04-21 18:45:00+00:00,1.3489900000000001,1.35062,1.34889,1.35033,1363,10,0
2026-04-21 19:00:00+00:00,1.35034,1.35148,1.3502100000000001,1.35074,1213,10,0
2026-04-21 19:15:00+00:00,1.35076,1.35133,1.35039,1.35123,1252,10,0
2026-04-21 19:30:00+00:00,1.35122,1.35123,1.34741,1.34782,1955,10,0
2026-04-21 19:45:00+00:00,1.34785,1.34881,1.34763,1.34816,1487,10,0
2026-04-21 20:00:00+00:00,1.34817,1.35097,1.34767,1.35028,3228,10,0
2026-04-21 20:15:00+00:00,1.3503,1.3513600000000001,1.35001,1.35089,889,10,0
2026-04-21 20:30:00+00:00,1.35088,1.35098,1.35043,1.3505099999999999,668,10,0
2026-04-21 20:45:00+00:00,1.3505099999999999,1.35086,1.3501699999999999,1.35072,721,10,0
2026-04-21 21:00:00+00:00,1.3507,1.3507,1.34949,1.34951,164,26,0
2026-04-21 21:15:00+00:00,1.3495300000000001,1.34958,1.34897,1.3489900000000001,353,176,0
2026-04-21 21:30:00+00:00,1.349,1.3496000000000001,1.34889,1.34945,277,154,0
2026-04-21 21:45:00+00:00,1.34945,1.34984,1.34943,1.34977,219,105,0
2026-04-21 22:00:00+00:00,1.3498700000000001,1.35042,1.3498700000000001,1.35034,380,10,0
2026-04-21 22:15:00+00:00,1.35034,1.3504,1.35008,1.35013,160,10,0
2026-04-21 22:30:00+00:00,1.3501400000000001,1.35047,1.35011,1.35033,207,10,0
2026-04-21 22:45:00+00:00,1.35033,1.35036,1.35019,1.3502,141,10,0
2026-04-21 23:00:00+00:00,1.3502,1.35031,1.35012,1.35025,115,10,0
2026-04-21 23:15:00+00:00,1.35025,1.35057,1.35015,1.35053,170,10,0
2026-04-21 23:30:00+00:00,1.35052,1.35066,1.35046,1.35053,179,10,0
2026-04-21 23:45:00+00:00,1.35053,1.35097,1.35053,1.35084,262,10,0
2026-04-22 00:00:00+00:00,1.35086,1.35187,1.35086,1.35165,656,10,0
2026-04-22 00:15:00+00:00,1.3516599999999999,1.35193,1.35135,1.3514599999999999,540,10,0
2026-04-22 00:30:00+00:00,1.3514599999999999,1.35199,1.3514300000000001,1.35178,554,10,0
2026-04-22 00:45:00+00:00,1.35178,1.35186,1.3508200000000001,1.35096,664,10,0
2026-04-22 01:00:00+00:00,1.35095,1.35145,1.35027,1.3504399999999999,650,10,0
2026-04-22 01:15:00+00:00,1.3504399999999999,1.35083,1.35032,1.35054,484,10,0
2026-04-22 01:30:00+00:00,1.35053,1.35141,1.35052,1.35069,524,10,0
2026-04-22 01:45:00+00:00,1.3507,1.3511,1.35062,1.35107,464,10,0
2026-04-22 02:00:00+00:00,1.35106,1.35142,1.35094,1.35132,480,10,0
2026-04-22 02:15:00+00:00,1.35132,1.35133,1.35101,1.35118,371,10,0
2026-04-22 02:30:00+00:00,1.35121,1.35126,1.3509,1.35096,360,10,0
2026-04-22 02:45:00+00:00,1.35096,1.3511199999999999,1.35049,1.35056,425,10,0
2026-04-22 03:00:00+00:00,1.35055,1.35103,1.35028,1.3508200000000001,416,10,0
2026-04-22 03:15:00+00:00,1.3508200000000001,1.3510499999999999,1.35069,1.35101,305,10,0
2026-04-22 03:30:00+00:00,1.35101,1.3512,1.35074,1.35092,297,10,0
2026-04-22 03:45:00+00:00,1.35092,1.35095,1.35061,1.35062,310,10,0
2026-04-22 04:00:00+00:00,1.35063,1.35103,1.3506,1.35092,311,10,0
2026-04-22 04:15:00+00:00,1.35091,1.35096,1.35071,1.3507500000000001,335,10,0
2026-04-22 04:30:00+00:00,1.35076,1.35103,1.3505099999999999,1.35089,315,10,0
2026-04-22 04:45:00+00:00,1.3509,1.3510900000000001,1.35059,1.35068,328,10,0
2026-04-22 05:00:00+00:00,1.35068,1.35133,1.35062,1.35121,356,10,0
2026-04-22 05:15:00+00:00,1.35121,1.35341,1.3511199999999999,1.35282,1514,10,0
2026-04-22 05:30:00+00:00,1.35285,1.35291,1.35224,1.3526,642,10,0
2026-04-22 05:45:00+00:00,1.3526,1.35274,1.35222,1.35241,428,10,0
2026-04-22 06:00:00+00:00,1.35243,1.35253,1.35151,1.35214,781,10,0
2026-04-22 06:15:00+00:00,1.35214,1.35236,1.35178,1.35224,674,10,0
2026-04-22 06:30:00+00:00,1.35226,1.35255,1.35157,1.3516599999999999,803,10,0
2026-04-22 06:45:00+00:00,1.35165,1.35196,1.35145,1.35169,599,10,0
2026-04-22 07:00:00+00:00,1.35167,1.35206,1.3515,1.3516,751,10,0
2026-04-22 07:15:00+00:00,1.35158,1.35161,1.35097,1.35144,795,10,0
2026-04-22 07:30:00+00:00,1.35142,1.35216,1.35132,1.35201,700,10,0
2026-04-22 07:45:00+00:00,1.35198,1.35271,1.35185,1.3526099999999999,721,10,0
2026-04-22 08:00:00+00:00,1.3526099999999999,1.3529499999999999,1.35242,1.35281,753,10,0
2026-04-22 08:15:00+00:00,1.35281,1.35317,1.35229,1.35253,818,10,0
2026-04-22 08:30:00+00:00,1.35253,1.35294,1.3520699999999999,1.35254,783,10,0
2026-04-22 08:45:00+00:00,1.35252,1.35298,1.35252,1.35283,591,10,0
2026-04-22 09:00:00+00:00,1.35283,1.35352,1.3526500000000001,1.35334,825,10,0
2026-04-22 09:15:00+00:00,1.35333,1.35333,1.3527,1.35297,588,10,0
2026-04-22 09:30:00+00:00,1.3529499999999999,1.35313,1.35256,1.35259,530,10,0
2026-04-22 09:45:00+00:00,1.3526,1.35267,1.35189,1.35202,585,10,0
2026-04-22 10:00:00+00:00,1.35202,1.35212,1.3513600000000001,1.35156,823,10,0
2026-04-22 10:15:00+00:00,1.35154,1.35208,1.35154,1.35181,502,10,0
2026-04-22 10:30:00+00:00,1.3518,1.35223,1.35179,1.35194,476,10,0
2026-04-22 10:45:00+00:00,1.35195,1.35233,1.35192,1.35209,534,10,0
2026-04-22 11:00:00+00:00,1.35212,1.35213,1.35126,1.35129,690,10,0
2026-04-22 11:15:00+00:00,1.35128,1.35157,1.35077,1.35094,596,10,0
2026-04-22 11:30:00+00:00,1.35094,1.35114,1.3504800000000001,1.3506,704,10,0
2026-04-22 11:45:00+00:00,1.35061,1.35086,1.34989,1.35023,759,10,0
2026-04-22 12:00:00+00:00,1.35022,1.35071,1.34968,1.35001,758,10,0
2026-04-22 12:15:00+00:00,1.35001,1.35084,1.34969,1.34973,811,10,0
2026-04-22 12:30:00+00:00,1.34971,1.34991,1.34921,1.3493,929,10,0
2026-04-22 12:45:00+00:00,1.34933,1.34974,1.3491900000000001,1.34939,752,10,0
2026-04-22 13:00:00+00:00,1.34939,1.35052,1.34914,1.3497,1186,10,0
2026-04-22 13:15:00+00:00,1.34974,1.35159,1.34968,1.3508200000000001,1675,10,0
2026-04-22 13:30:00+00:00,1.35084,1.35202,1.35069,1.35189,1461,10,0
2026-04-22 13:45:00+00:00,1.35189,1.3523800000000001,1.3514599999999999,1.35179,1003,10,0
2026-04-22 14:00:00+00:00,1.3517700000000001,1.35201,1.35125,1.35169,894,10,0
2026-04-22 14:15:00+00:00,1.35169,1.35243,1.3515,1.35196,1098,10,0
2026-04-22 14:30:00+00:00,1.35195,1.3520699999999999,1.35091,1.35103,1207,10,0
2026-04-22 14:45:00+00:00,1.35104,1.35145,1.34988,1.34989,1127,10,0
2026-04-22 15:00:00+00:00,1.34989,1.35043,1.34939,1.3504,1085,10,0
2026-04-22 15:15:00+00:00,1.35041,1.35091,1.35006,1.3508,765,10,0
2026-04-22 15:30:00+00:00,1.35084,1.35093,1.34992,1.35002,881,10,0
2026-04-22 15:45:00+00:00,1.35004,1.35064,1.34997,1.35031,693,10,0
2026-04-22 16:00:00+00:00,1.35034,1.35054,1.34985,1.34998,737,10,0
2026-04-22 16:15:00+00:00,1.34998,1.35023,1.3495,1.35013,723,10,0
2026-04-22 16:30:00+00:00,1.35013,1.35054,1.34984,1.35028,768,10,0
2026-04-22 16:45:00+00:00,1.35026,1.35064,1.35009,1.35038,644,10,0
2026-04-22 17:00:00+00:00,1.35037,1.35147,1.35027,1.35121,894,10,0
2026-04-22 17:15:00+00:00,1.3512,1.35163,1.35099,1.35123,597,10,0
2026-04-22 17:30:00+00:00,1.35125,1.3514,1.35098,1.3512,439,10,0
2026-04-22 17:45:00+00:00,1.35121,1.35131,1.35097,1.35104,609,10,0
2026-04-22 18:00:00+00:00,1.35102,1.35124,1.35088,1.35111,483,10,0
2026-04-22 18:15:00+00:00,1.35111,1.3511199999999999,1.35049,1.3507,442,10,0
2026-04-22 18:30:00+00:00,1.3507,1.35095,1.35066,1.35094,385,10,0
2026-04-22 18:45:00+00:00,1.35094,1.35103,1.35036,1.3505099999999999,397,10,0
2026-04-22 19:00:00+00:00,1.35054,1.3507500000000001,1.35005,1.35058,561,10,0
2026-04-22 19:15:00+00:00,1.35058,1.35095,1.35058,1.35083,421,10,0
2026-04-22 19:30:00+00:00,1.3508200000000001,1.3508499999999999,1.3505099999999999,1.35059,402,10,0
2026-04-22 19:45:00+00:00,1.35058,1.35065,1.35008,1.35032,544,10,0
2026-04-22 20:00:00+00:00,1.35033,1.35035,1.34986,1.35001,327,10,0
2026-04-22 20:15:00+00:00,1.35001,1.35039,1.35001,1.35034,204,10,0
2026-04-22 20:30:00+00:00,1.35034,1.35043,1.34981,1.3501400000000001,391,10,0
2026-04-22 20:45:00+00:00,1.3501400000000001,1.35033,1.34999,1.35016,394,9,0
2026-04-22 21:00:00+00:00,1.3501699999999999,1.3502,1.35004,1.35009,129,9,0
2026-04-22 21:15:00+00:00,1.35011,1.3501699999999999,1.34986,1.35006,283,26,0
2026-04-22 21:30:00+00:00,1.35006,1.3502,1.35004,1.35016,151,37,0
2026-04-22 21:45:00+00:00,1.35015,1.35018,1.34995,1.35007,241,51,0
2026-04-22 22:00:00+00:00,1.35019,1.3505,1.35009,1.3502,177,10,0
2026-04-22 22:15:00+00:00,1.35019,1.35033,1.3501400000000001,1.35016,100,10,0
2026-04-22 22:30:00+00:00,1.35016,1.35029,1.34999,1.34999,147,10,0
2026-04-22 22:45:00+00:00,1.35,1.3502100000000001,1.34999,1.35011,152,10,0
2026-04-22 23:00:00+00:00,1.35011,1.3501400000000001,1.34996,1.35003,128,10,0
2026-04-22 23:15:00+00:00,1.35002,1.35015,1.34993,1.35013,146,10,0
2026-04-22 23:30:00+00:00,1.35013,1.3502,1.35002,1.35013,90,10,0
2026-04-22 23:45:00+00:00,1.35013,1.35026,1.34989,1.34995,273,10,0
2026-04-23 00:00:00+00:00,1.34995,1.35031,1.3486,1.34862,1101,10,0
2026-04-23 00:15:00+00:00,1.3486,1.35056,1.34787,1.35039,2655,10,0
2026-04-23 00:30:00+00:00,1.35039,1.35092,1.35037,1.35061,873,10,0
2026-04-23 00:45:00+00:00,1.35057,1.35097,1.35036,1.3508499999999999,792,10,0
2026-04-23 01:00:00+00:00,1.35084,1.35099,1.35033,1.3504399999999999,697,10,0
2026-04-23 01:15:00+00:00,1.3504399999999999,1.35057,1.35001,1.35003,556,10,0
2026-04-23 01:30:00+00:00,1.35003,1.35045,1.34991,1.35028,693,10,0
2026-04-23 01:45:00+00:00,1.35031,1.3504399999999999,1.34985,1.34995,643,10,0
2026-04-23 02:00:00+00:00,1.34994,1.35004,1.34951,1.34952,583,10,0
2026-04-23 02:15:00+00:00,1.34952,1.34995,1.34937,1.3496299999999999,706,10,0
2026-04-23 02:30:00+00:00,1.34965,1.34986,1.34942,1.34952,605,10,0
2026-04-23 02:45:00+00:00,1.34951,1.3496299999999999,1.34848,1.34867,573,10,0
2026-04-23 03:00:00+00:00,1.3487,1.34913,1.3483100000000001,1.34845,789,10,0
2026-04-23 03:15:00+00:00,1.34845,1.34862,1.34825,1.34853,604,10,0
2026-04-23 03:30:00+00:00,1.34853,1.34862,1.34821,1.3483100000000001,528,10,0
2026-04-23 03:45:00+00:00,1.3483100000000001,1.34862,1.34824,1.34853,496,10,0
2026-04-23 04:00:00+00:00,1.34854,1.3486500000000001,1.34827,1.34856,414,10,0
2026-04-23 04:15:00+00:00,1.34855,1.34881,1.34854,1.3486500000000001,381,10,0
2026-04-23 04:30:00+00:00,1.3486500000000001,1.3489,1.34864,1.34884,313,10,0
2026-04-23 04:45:00+00:00,1.34882,1.34905,1.34877,1.34903,343,10,0
2026-04-23 05:00:00+00:00,1.3490199999999999,1.34928,1.34889,1.34911,410,10,0
2026-04-23 05:15:00+00:00,1.34911,1.3492,1.34888,1.34889,369,10,0
2026-04-23 05:30:00+00:00,1.34889,1.34908,1.34872,1.34879,486,10,0
2026-04-23 05:45:00+00:00,1.34879,1.34932,1.34879,1.34931,450,10,0
2026-04-23 06:00:00+00:00,1.34933,1.34939,1.34881,1.3489200000000001,698,10,0
2026-04-23 06:15:00+00:00,1.3489200000000001,1.34907,1.3486799999999999,1.3487,538,10,0
2026-04-23 06:30:00+00:00,1.34871,1.34965,1.3486799999999999,1.34942,571,10,0
2026-04-23 06:45:00+00:00,1.34942,1.34968,1.34909,1.34913,634,10,0
2026-04-23 07:00:00+00:00,1.34916,1.34996,1.34882,1.3492899999999999,970,10,0
2026-04-23 07:15:00+00:00,1.34924,1.34955,1.34881,1.349,713,10,0
2026-04-23 07:30:00+00:00,1.34896,1.34896,1.34809,1.34828,843,10,0
2026-04-23 07:45:00+00:00,1.34829,1.34893,1.34829,1.34885,759,10,0
2026-04-23 08:00:00+00:00,1.34883,1.3491,1.34847,1.34866,853,10,0
2026-04-23 08:15:00+00:00,1.3486500000000001,1.34904,1.34854,1.34881,608,10,0
2026-04-23 08:30:00+00:00,1.34883,1.35057,1.34883,1.35002,1131,10,0
2026-04-23 08:45:00+00:00,1.35002,1.35072,1.35,1.35041,832,10,0
2026-04-23 09:00:00+00:00,1.3504,1.35046,1.34913,1.34921,831,10,0
2026-04-23 09:15:00+00:00,1.34917,1.35046,1.34914,1.35012,904,10,0
2026-04-23 09:30:00+00:00,1.35015,1.35077,1.34998,1.35062,731,10,0
2026-04-23 09:45:00+00:00,1.35062,1.35071,1.3498999999999999,1.34994,852,10,0
2026-04-23 10:00:00+00:00,1.34997,1.35033,1.3491,1.34924,806,10,0
2026-04-23 10:15:00+00:00,1.34925,1.34979,1.3489900000000001,1.3496299999999999,698,10,0
2026-04-23 10:30:00+00:00,1.34961,1.3498299999999999,1.3491,1.34912,640,10,0
2026-04-23 10:45:00+00:00,1.34913,1.34918,1.3483800000000001,1.3484099999999999,783,10,0
2026-04-23 11:00:00+00:00,1.34844,1.34882,1.3483,1.34872,657,10,0
2026-04-23 11:15:00+00:00,1.34873,1.3495300000000001,1.34846,1.3494,716,10,0
2026-04-23 11:30:00+00:00,1.34941,1.35001,1.34906,1.3498999999999999,846,10,0
2026-04-23 11:45:00+00:00,1.3498999999999999,1.35126,1.3498700000000001,1.3505099999999999,1221,10,0
2026-04-23 12:00:00+00:00,1.35049,1.35101,1.35001,1.3508499999999999,1367,10,0
2026-04-23 12:15:00+00:00,1.35083,1.35083,1.3492199999999999,1.34936,848,10,0
2026-04-23 12:30:00+00:00,1.34936,1.35013,1.3492600000000001,1.34965,873,10,0
2026-04-23 12:45:00+00:00,1.34966,1.34993,1.34846,1.34874,1675,10,0
2026-04-23 13:00:00+00:00,1.34871,1.34893,1.34776,1.34799,930,10,0
2026-04-23 13:15:00+00:00,1.34794,1.34898,1.34789,1.3486099999999999,1083,10,0
2026-04-23 13:30:00+00:00,1.3485800000000001,1.3498299999999999,1.3485800000000001,1.3497,1139,10,0
2026-04-23 13:45:00+00:00,1.34966,1.35023,1.34906,1.34976,1185,10,0
2026-04-23 14:00:00+00:00,1.34976,1.35005,1.34913,1.35004,1187,10,0
2026-04-23 14:15:00+00:00,1.35001,1.35113,1.34992,1.35079,954,10,0
2026-04-23 14:30:00+00:00,1.35081,1.35101,1.35056,1.351,918,10,0
2026-04-23 14:45:00+00:00,1.35098,1.35181,1.35087,1.35099,1093,10,0
2026-04-23 15:00:00+00:00,1.35096,1.35118,1.35027,1.3504,951,10,0
2026-04-23 15:15:00+00:00,1.3504,1.35097,1.35027,1.35047,808,10,0
2026-04-23 15:30:00+00:00,1.3504800000000001,1.35061,1.34933,1.34933,846,10,0
2026-04-23 15:45:00+00:00,1.34935,1.34968,1.34896,1.3493,1018,10,0
2026-04-23 16:00:00+00:00,1.34928,1.34934,1.3486,1.34872,742,10,0
2026-04-23 16:15:00+00:00,1.34869,1.34931,1.34864,1.34911,679,10,0
2026-04-23 16:30:00+00:00,1.34908,1.34935,1.34878,1.34909,615,10,0
2026-04-23 16:45:00+00:00,1.3491,1.34924,1.34874,1.34915,632,10,0
2026-04-23 17:00:00+00:00,1.34917,1.34932,1.34615,1.34646,2012,10,0
2026-04-23 17:15:00+00:00,1.34643,1.347,1.34584,1.34654,1640,10,0
2026-04-23 17:30:00+00:00,1.3465799999999999,1.3470900000000001,1.34504,1.34509,1823,10,0
2026-04-23 17:45:00+00:00,1.34509,1.34779,1.34471,1.34771,3306,10,0
2026-04-23 18:00:00+00:00,1.34774,1.34853,1.34742,1.34794,2008,10,0
2026-04-23 18:15:00+00:00,1.34793,1.3484,1.34769,1.3481,1184,10,0
2026-04-23 18:30:00+00:00,1.34811,1.34848,1.34759,1.34792,849,10,0
2026-04-23 18:45:00+00:00,1.34792,1.34795,1.34708,1.34729,776,10,0
2026-04-23 19:00:00+00:00,1.34732,1.34742,1.3467,1.3469,838,10,0
2026-04-23 19:15:00+00:00,1.34691,1.34708,1.34665,1.3467500000000001,508,10,0
2026-04-23 19:30:00+00:00,1.3467500000000001,1.34686,1.34611,1.34636,712,10,0
2026-04-23 19:45:00+00:00,1.34634,1.347,1.34613,1.34674,702,10,0
2026-04-23 20:00:00+00:00,1.34673,1.34674,1.3462,1.34625,501,10,0
2026-04-23 20:15:00+00:00,1.3462399999999999,1.34661,1.34612,1.34643,318,10,0
2026-04-23 20:30:00+00:00,1.34643,1.3466,1.3464,1.3465099999999999,220,10,0
2026-04-23 20:45:00+00:00,1.3465099999999999,1.34666,1.3462,1.34656,350,9,0
2026-04-23 21:00:00+00:00,1.34657,1.34657,1.34633,1.34641,144,20,0
2026-04-23 21:15:00+00:00,1.34642,1.34644,1.34568,1.34625,352,79,0
2026-04-23 21:30:00+00:00,1.34625,1.34643,1.34584,1.346,296,88,0
2026-04-23 21:45:00+00:00,1.34603,1.34642,1.34593,1.34634,233,95,0
2026-04-23 22:00:00+00:00,1.3465799999999999,1.34681,1.34646,1.34669,370,10,0
2026-04-23 22:15:00+00:00,1.3467,1.3467,1.34647,1.34652,90,10,0
2026-04-23 22:30:00+00:00,1.34652,1.3468200000000001,1.34652,1.34672,151,10,0
2026-04-23 22:45:00+00:00,1.34673,1.3467799999999999,1.34667,1.34672,69,10,0
2026-04-23 23:00:00+00:00,1.34672,1.34673,1.34645,1.34653,109,10,0
2026-04-23 23:15:00+00:00,1.34653,1.34665,1.34631,1.34665,182,10,0
2026-04-23 23:30:00+00:00,1.34664,1.34666,1.34656,1.34661,119,10,0
2026-04-23 23:45:00+00:00,1.34661,1.34674,1.34646,1.3465500000000001,262,10,0
2026-04-24 00:00:00+00:00,1.34659,1.34694,1.34629,1.3468499999999999,700,10,0
2026-04-24 00:15:00+00:00,1.34686,1.34697,1.34669,1.34693,458,10,0
2026-04-24 00:30:00+00:00,1.34694,1.34711,1.3465500000000001,1.34662,489,10,0
2026-04-24 00:45:00+00:00,1.34662,1.34689,1.34645,1.34677,518,10,0
2026-04-24 01:00:00+00:00,1.34676,1.34704,1.34661,1.34688,568,10,0
2026-04-24 01:15:00+00:00,1.34688,1.34704,1.34668,1.3468200000000001,407,10,0
2026-04-24 01:30:00+00:00,1.34681,1.34693,1.34635,1.34662,621,10,0
2026-04-24 01:45:00+00:00,1.34659,1.34722,1.3465500000000001,1.3471899999999999,427,10,0
2026-04-24 02:00:00+00:00,1.3471899999999999,1.34727,1.34663,1.34673,503,10,0
2026-04-24 02:15:00+00:00,1.34676,1.34683,1.34616,1.34616,392,10,0
2026-04-24 02:30:00+00:00,1.34615,1.34652,1.34615,1.3462100000000001,428,10,0
2026-04-24 02:45:00+00:00,1.3462100000000001,1.34622,1.3458700000000001,1.34602,347,10,0
2026-04-24 03:00:00+00:00,1.34602,1.34615,1.3456299999999999,1.34572,467,10,0
2026-04-24 03:15:00+00:00,1.34572,1.34582,1.34554,1.3455599999999999,341,10,0
2026-04-24 03:30:00+00:00,1.3455599999999999,1.34585,1.34531,1.34573,356,10,0
2026-04-24 03:45:00+00:00,1.34573,1.34603,1.34566,1.34595,368,10,0
2026-04-24 04:00:00+00:00,1.34595,1.34623,1.34572,1.34613,448,10,0
2026-04-24 04:15:00+00:00,1.34613,1.34616,1.3458,1.34583,296,10,0
2026-04-24 04:30:00+00:00,1.34583,1.34612,1.34572,1.34602,405,10,0
2026-04-24 04:45:00+00:00,1.34602,1.34643,1.34602,1.34627,369,10,0
2026-04-24 05:00:00+00:00,1.34628,1.34638,1.34593,1.34612,465,10,0
2026-04-24 05:15:00+00:00,1.34613,1.34635,1.34609,1.3462100000000001,321,10,0
2026-04-24 05:30:00+00:00,1.3462100000000001,1.34663,1.3462100000000001,1.3465799999999999,435,10,0
2026-04-24 05:45:00+00:00,1.34657,1.34669,1.34636,1.34653,323,10,0
2026-04-24 06:00:00+00:00,1.3465799999999999,1.3468499999999999,1.34642,1.34656,612,10,0
2026-04-24 06:15:00+00:00,1.3465500000000001,1.34662,1.3459699999999999,1.34607,577,10,0
2026-04-24 06:30:00+00:00,1.34609,1.34689,1.34599,1.34683,668,10,0
2026-04-24 06:45:00+00:00,1.34679,1.34681,1.3462100000000001,1.34639,602,10,0
2026-04-24 07:00:00+00:00,1.34636,1.34672,1.34598,1.34667,661,10,0
2026-04-24 07:15:00+00:00,1.34668,1.34694,1.3465,1.34663,564,10,0
2026-04-24 07:30:00+00:00,1.34661,1.34724,1.3462,1.34721,559,10,0
2026-04-24 07:45:00+00:00,1.34722,1.34795,1.34711,1.34762,597,10,0
2026-04-24 08:00:00+00:00,1.34759,1.3477299999999999,1.34704,1.3470900000000001,705,10,0
2026-04-24 08:15:00+00:00,1.3471,1.34839,1.3471,1.34791,1023,10,0
2026-04-24 08:30:00+00:00,1.34787,1.34805,1.34721,1.34722,613,10,0
2026-04-24 08:45:00+00:00,1.34721,1.3480400000000001,1.34721,1.34758,708,10,0
2026-04-24 09:00:00+00:00,1.34759,1.34782,1.34737,1.3477700000000001,634,10,0
2026-04-24 09:15:00+00:00,1.3477700000000001,1.34817,1.34768,1.34776,757,10,0
2026-04-24 09:30:00+00:00,1.34778,1.34835,1.3475,1.3483,722,10,0
2026-04-24 09:45:00+00:00,1.3483,1.3484099999999999,1.34787,1.34821,566,10,0
2026-04-24 10:00:00+00:00,1.34821,1.34853,1.34778,1.34816,624,10,0
2026-04-24 10:15:00+00:00,1.34816,1.34909,1.34811,1.349,564,10,0
2026-04-24 10:30:00+00:00,1.349,1.3491900000000001,1.34885,1.34889,527,10,0
2026-04-24 10:45:00+00:00,1.34889,1.34923,1.34854,1.34917,623,10,0
2026-04-24 11:00:00+00:00,1.34917,1.35016,1.34878,1.3495,1767,10,0
2026-04-24 11:15:00+00:00,1.34946,1.35034,1.3485800000000001,1.35034,1860,10,0
2026-04-24 11:30:00+00:00,1.35032,1.3504399999999999,1.3494,1.34967,1052,10,0
2026-04-24 11:45:00+00:00,1.34964,1.3498299999999999,1.34915,1.34945,751,10,0
2026-04-24 12:00:00+00:00,1.34948,1.34988,1.34913,1.34961,1016,10,0
2026-04-24 12:15:00+00:00,1.3496299999999999,1.34981,1.3489499999999999,1.34961,944,10,0
2026-04-24 12:30:00+00:00,1.34964,1.34968,1.34877,1.34905,769,10,0
2026-04-24 12:45:00+00:00,1.34906,1.3502100000000001,1.3484099999999999,1.35011,1230,10,0
2026-04-24 13:00:00+00:00,1.3501400000000001,1.35023,1.34931,1.34973,1039,10,0
2026-04-24 13:15:00+00:00,1.34972,1.35,1.34917,1.34935,895,10,0
2026-04-24 13:30:00+00:00,1.34936,1.34951,1.3486,1.34885,1242,10,0
2026-04-24 13:45:00+00:00,1.34881,1.34978,1.3487,1.34964,1071,10,0
2026-04-24 14:00:00+00:00,1.34962,1.35071,1.34898,1.3503,1914,10,0
2026-04-24 14:15:00+00:00,1.35028,1.35142,1.35013,1.35068,1324,10,0
2026-04-24 14:30:00+00:00,1.35071,1.3511199999999999,1.35025,1.35025,1052,10,0
2026-04-24 14:45:00+00:00,1.35025,1.35035,1.34951,1.35001,1141,10,0
2026-04-24 15:00:00+00:00,1.35002,1.35043,1.34985,1.35013,1002,10,0
2026-04-24 15:15:00+00:00,1.35012,1.35034,1.34974,1.35013,866,10,0
2026-04-24 15:30:00+00:00,1.3501400000000001,1.35083,1.34916,1.35057,1740,10,0
2026-04-24 15:45:00+00:00,1.35056,1.35195,1.3504800000000001,1.3514599999999999,1916,10,0
2026-04-24 16:00:00+00:00,1.35149,1.35172,1.35079,1.35111,996,10,0
2026-04-24 16:15:00+00:00,1.35107,1.3513,1.35097,1.35108,782,10,0
2026-04-24 16:30:00+00:00,1.3511,1.35182,1.3511,1.3516599999999999,837,10,0
2026-04-24 16:45:00+00:00,1.35165,1.35211,1.35159,1.35202,685,10,0
2026-04-24 17:00:00+00:00,1.3520699999999999,1.35235,1.3517700000000001,1.3519700000000001,730,10,0
2026-04-24 17:15:00+00:00,1.3519700000000001,1.35218,1.3517299999999999,1.35205,581,10,0
2026-04-24 17:30:00+00:00,1.35206,1.35232,1.3517000000000001,1.35198,762,10,0
2026-04-24 17:45:00+00:00,1.35202,1.3526,1.35184,1.3519,724,10,0
2026-04-24 18:00:00+00:00,1.35188,1.35226,1.3517299999999999,1.35219,486,10,0
2026-04-24 18:15:00+00:00,1.35219,1.3526,1.35216,1.35248,580,10,0
2026-04-24 18:30:00+00:00,1.35247,1.35279,1.3523,1.35272,417,10,0
2026-04-24 18:45:00+00:00,1.35272,1.35284,1.35249,1.35278,400,10,0
2026-04-24 19:00:00+00:00,1.35281,1.35311,1.35276,1.35309,495,10,0
2026-04-24 19:15:00+00:00,1.35309,1.3532,1.35267,1.35279,438,10,0
2026-04-24 19:30:00+00:00,1.35279,1.35312,1.35273,1.35305,446,10,0
2026-04-24 19:45:00+00:00,1.35301,1.35333,1.35288,1.35321,500,10,0
2026-04-24 20:00:00+00:00,1.3532,1.35354,1.35303,1.35324,491,10,0
2026-04-24 20:15:00+00:00,1.35324,1.35334,1.35301,1.35334,222,10,0
2026-04-24 20:30:00+00:00,1.35335,1.35364,1.3529200000000001,1.3536299999999999,340,10,0
2026-04-24 20:45:00+00:00,1.3536299999999999,1.35376,1.35291,1.35301,472,10,0
2026-04-26 21:00:00+00:00,1.34999,1.34999,1.34967,1.34967,55,296,0
2026-04-26 21:15:00+00:00,1.34967,1.34972,1.34949,1.34959,69,255,0
2026-04-26 21:30:00+00:00,1.3495599999999999,1.3505099999999999,1.34955,1.35049,149,137,0
2026-04-26 21:45:00+00:00,1.35049,1.35059,1.35041,1.35043,77,128,0
2026-04-26 22:00:00+00:00,1.35088,1.35203,1.35087,1.3513600000000001,249,28,0
2026-04-26 22:15:00+00:00,1.3513600000000001,1.35147,1.35117,1.35142,216,28,0
2026-04-26 22:30:00+00:00,1.35138,1.35149,1.35118,1.3513899999999999,218,17,0
2026-04-26 22:45:00+00:00,1.3513899999999999,1.35156,1.35133,1.35147,147,17,0
2026-04-26 23:00:00+00:00,1.35149,1.35169,1.35144,1.3516,188,10,0
2026-04-26 23:15:00+00:00,1.3516,1.35181,1.3513899999999999,1.3514,196,10,0
2026-04-26 23:30:00+00:00,1.3513899999999999,1.3514599999999999,1.35129,1.35137,194,10,0
2026-04-26 23:45:00+00:00,1.35135,1.35157,1.35129,1.3513,349,10,0
2026-04-27 00:00:00+00:00,1.35132,1.35152,1.35122,1.3515,632,10,0
2026-04-27 00:15:00+00:00,1.3515,1.35171,1.3511600000000001,1.3516,450,10,0
2026-04-27 00:30:00+00:00,1.3516,1.35184,1.35145,1.35179,355,10,0
2026-04-27 00:45:00+00:00,1.35179,1.35228,1.35172,1.35211,410,10,0
2026-04-27 01:00:00+00:00,1.35211,1.35339,1.35211,1.35276,1246,10,0
2026-04-27 01:15:00+00:00,1.35275,1.3534,1.35274,1.35309,712,10,0
2026-04-27 01:30:00+00:00,1.35308,1.35324,1.35286,1.3532,536,10,0
2026-04-27 01:45:00+00:00,1.3532,1.35367,1.35306,1.35338,558,10,0
2026-04-27 02:00:00+00:00,1.35337,1.3535599999999999,1.35293,1.35325,410,10,0
2026-04-27 02:15:00+00:00,1.35323,1.35362,1.3531,1.3532600000000001,428,10,0
2026-04-27 02:30:00+00:00,1.35325,1.35386,1.35324,1.35369,412,10,0
2026-04-27 02:45:00+00:00,1.35369,1.354,1.35366,1.35377,404,10,0
2026-04-27 03:00:00+00:00,1.35377,1.35442,1.35377,1.35435,451,10,0
2026-04-27 03:15:00+00:00,1.35435,1.3544399999999999,1.3541699999999999,1.35434,384,10,0
2026-04-27 03:30:00+00:00,1.35433,1.35464,1.35425,1.35463,333,10,0
2026-04-27 03:45:00+00:00,1.3546,1.3548,1.35436,1.3544,380,10,0
2026-04-27 04:00:00+00:00,1.35437,1.35439,1.35415,1.35427,339,10,0
2026-04-27 04:15:00+00:00,1.35427,1.3545099999999999,1.3542,1.3544800000000001,282,10,0
2026-04-27 04:30:00+00:00,1.3544800000000001,1.35459,1.35436,1.3544800000000001,265,10,0
2026-04-27 04:45:00+00:00,1.3544399999999999,1.3544800000000001,1.35389,1.35406,432,10,0
2026-04-27 05:00:00+00:00,1.35405,1.3541,1.35361,1.35361,364,10,0
2026-04-27 05:15:00+00:00,1.35362,1.35377,1.35349,1.35373,320,10,0
2026-04-27 05:30:00+00:00,1.35375,1.35377,1.35332,1.35359,453,10,0
2026-04-27 05:45:00+00:00,1.35358,1.3538000000000001,1.35328,1.3533,408,10,0
2026-04-27 06:00:00+00:00,1.35327,1.35332,1.35251,1.35277,672,10,0
2026-04-27 06:15:00+00:00,1.35278,1.35282,1.35239,1.35272,592,10,0
2026-04-27 06:30:00+00:00,1.35271,1.35332,1.35241,1.3531,697,10,0
2026-04-27 06:45:00+00:00,1.35311,1.3538999999999999,1.353,1.3535599999999999,697,10,0
2026-04-27 07:00:00+00:00,1.35352,1.35452,1.35338,1.35429,894,10,0
2026-04-27 07:15:00+00:00,1.3543,1.35434,1.35348,1.35359,726,10,0
2026-04-27 07:30:00+00:00,1.35359,1.35402,1.35336,1.35374,639,10,0
2026-04-27 07:45:00+00:00,1.35374,1.35465,1.35368,1.35442,783,10,0
2026-04-27 08:00:00+00:00,1.35446,1.35489,1.3541400000000001,1.3545,965,10,0
2026-04-27 08:15:00+00:00,1.3545,1.35504,1.3542399999999999,1.35484,678,10,0
2026-04-27 08:30:00+00:00,1.35483,1.35511,1.35435,1.3550900000000001,640,10,0
2026-04-27 08:45:00+00:00,1.35508,1.35572,1.35508,1.3553600000000001,644,10,0
2026-04-27 09:00:00+00:00,1.35535,1.3556,1.35526,1.35557,558,10,0
2026-04-27 09:15:00+00:00,1.35556,1.35558,1.35525,1.3553600000000001,473,10,0
2026-04-27 09:30:00+00:00,1.35538,1.35544,1.35504,1.35516,479,10,0
2026-04-27 09:45:00+00:00,1.35516,1.35534,1.35472,1.35501,558,10,0
2026-04-27 10:00:00+00:00,1.35498,1.3555,1.35487,1.35516,539,10,0
2026-04-27 10:15:00+00:00,1.35514,1.35561,1.35477,1.35558,475,10,0
2026-04-27 10:30:00+00:00,1.35558,1.35583,1.3553600000000001,1.35562,515,10,0
2026-04-27 10:45:00+00:00,1.35562,1.3563100000000001,1.3555,1.35598,637,10,0
2026-04-27 11:00:00+00:00,1.35598,1.35617,1.35549,1.35556,699,10,0
2026-04-27 11:15:00+00:00,1.35557,1.35608,1.35535,1.35586,571,10,0
2026-04-27 11:30:00+00:00,1.35586,1.35588,1.35538,1.35556,538,10,0
2026-04-27 11:45:00+00:00,1.35556,1.35584,1.35538,1.35579,568,10,0
2026-04-27 12:00:00+00:00,1.35579,1.35712,1.35578,1.35706,780,10,0
2026-04-27 12:15:00+00:00,1.35708,1.35755,1.35641,1.35682,786,10,0
2026-04-27 12:30:00+00:00,1.35682,1.35686,1.35619,1.35652,848,10,0
2026-04-27 12:45:00+00:00,1.35652,1.35663,1.3547799999999999,1.3547799999999999,1118,10,0
2026-04-27 13:00:00+00:00,1.3548200000000001,1.35564,1.35368,1.35537,1935,10,0
2026-04-27 13:15:00+00:00,1.35538,1.3559,1.35532,1.35551,813,10,0
2026-04-27 13:30:00+00:00,1.35552,1.35561,1.35461,1.35466,1031,10,0
2026-04-27 13:45:00+00:00,1.3547,1.3548,1.35406,1.3544399999999999,1031,10,0
2026-04-27 14:00:00+00:00,1.35442,1.35519,1.3541400000000001,1.3549,1017,10,0
2026-04-27 14:15:00+00:00,1.3549,1.35581,1.35487,1.35535,926,10,0
2026-04-27 14:30:00+00:00,1.35535,1.35639,1.35528,1.35589,1073,10,0
2026-04-27 14:45:00+00:00,1.3559,1.3563399999999999,1.3548200000000001,1.3555,1020,10,0
2026-04-27 15:00:00+00:00,1.35548,1.35555,1.3548,1.35519,830,10,0
2026-04-27 15:15:00+00:00,1.35518,1.35549,1.35458,1.35489,845,10,0
2026-04-27 15:30:00+00:00,1.35494,1.35522,1.35472,1.3551,790,10,0
2026-04-27 15:45:00+00:00,1.3550900000000001,1.35514,1.35461,1.35511,720,10,0
2026-04-27 16:00:00+00:00,1.35511,1.35552,1.35492,1.35501,516,10,0
2026-04-27 16:15:00+00:00,1.355,1.35524,1.35477,1.35511,580,10,0
2026-04-27 16:30:00+00:00,1.35511,1.35529,1.35471,1.3548,439,10,0
2026-04-27 16:45:00+00:00,1.35476,1.35498,1.35412,1.35432,593,10,0
2026-04-27 17:00:00+00:00,1.3543,1.35439,1.35337,1.35362,669,10,0
2026-04-27 17:15:00+00:00,1.3536299999999999,1.35372,1.35309,1.35354,727,10,0
2026-04-27 17:30:00+00:00,1.35359,1.35442,1.35359,1.35403,580,10,0
2026-04-27 17:45:00+00:00,1.35405,1.35405,1.35373,1.35384,418,10,0
2026-04-27 18:00:00+00:00,1.3538299999999999,1.35394,1.35357,1.35382,443,10,0
2026-04-27 18:15:00+00:00,1.35381,1.35391,1.35339,1.35348,472,10,0
2026-04-27 18:30:00+00:00,1.35348,1.3536299999999999,1.35331,1.35339,403,10,0
2026-04-27 18:45:00+00:00,1.35339,1.35355,1.353,1.35323,470,10,0
2026-04-27 19:00:00+00:00,1.35324,1.35354,1.3531,1.3535300000000001,339,10,0
2026-04-27 19:15:00+00:00,1.35352,1.35372,1.35336,1.35362,341,10,0
2026-04-27 19:30:00+00:00,1.35362,1.35365,1.35332,1.35351,310,10,0
2026-04-27 19:45:00+00:00,1.3535,1.35373,1.35311,1.35312,493,10,0
2026-04-27 20:00:00+00:00,1.35316,1.35338,1.35309,1.35331,222,10,0
2026-04-27 20:15:00+00:00,1.3533,1.35339,1.35317,1.35323,148,10,0
2026-04-27 20:30:00+00:00,1.35321,1.35338,1.35311,1.35333,183,10,0
2026-04-27 20:45:00+00:00,1.35333,1.35345,1.35315,1.35324,267,7,0
2026-04-27 21:00:00+00:00,1.35325,1.3532600000000001,1.35302,1.35316,104,20,0
2026-04-27 21:15:00+00:00,1.35316,1.35321,1.35273,1.35276,167,46,0
2026-04-27 21:30:00+00:00,1.35275,1.35307,1.35273,1.35303,194,114,0
2026-04-27 21:45:00+00:00,1.35302,1.35338,1.35302,1.35338,186,73,0
2026-04-27 22:00:00+00:00,1.3535,1.35369,1.35323,1.35355,244,10,0
2026-04-27 22:15:00+00:00,1.35355,1.35364,1.35338,1.3535599999999999,161,10,0
2026-04-27 22:30:00+00:00,1.3535599999999999,1.35369,1.35349,1.35354,164,10,0
2026-04-27 22:45:00+00:00,1.35354,1.3536299999999999,1.35351,1.35361,185,10,0
2026-04-27 23:00:00+00:00,1.35361,1.35367,1.3535300000000001,1.35361,229,10,0
2026-04-27 23:15:00+00:00,1.35361,1.3537,1.35348,1.3535300000000001,114,10,0
2026-04-27 23:30:00+00:00,1.3535300000000001,1.3536299999999999,1.35347,1.35362,130,10,0
2026-04-27 23:45:00+00:00,1.35362,1.35375,1.35354,1.35373,203,10,0
2026-04-28 00:00:00+00:00,1.35375,1.35411,1.35368,1.35375,519,10,0
2026-04-28 00:15:00+00:00,1.35372,1.35392,1.35321,1.35336,497,10,0
2026-04-28 00:30:00+00:00,1.35336,1.35357,1.3531900000000001,1.35341,437,10,0
2026-04-28 00:45:00+00:00,1.35341,1.3535300000000001,1.35309,1.3532,439,10,0
2026-04-28 01:00:00+00:00,1.3531900000000001,1.35321,1.35247,1.35269,591,10,0
2026-04-28 01:15:00+00:00,1.3526799999999999,1.35283,1.35249,1.35276,385,10,0
2026-04-28 01:30:00+00:00,1.35275,1.35311,1.3526500000000001,1.35281,457,10,0
2026-04-28 01:45:00+00:00,1.35282,1.35289,1.35226,1.35228,523,10,0
2026-04-28 02:00:00+00:00,1.35225,1.3525,1.35218,1.3523399999999999,435,10,0
2026-04-28 02:15:00+00:00,1.3523399999999999,1.35249,1.35228,1.35239,390,10,0
2026-04-28 02:30:00+00:00,1.35241,1.35244,1.35203,1.35214,433,10,0
2026-04-28 02:45:00+00:00,1.35217,1.35224,1.35208,1.35214,314,10,0
2026-04-28 03:00:00+00:00,1.35214,1.35301,1.3521,1.35282,716,10,0
2026-04-28 03:15:00+00:00,1.35282,1.3535,1.35277,1.35344,399,10,0
2026-04-28 03:30:00+00:00,1.35344,1.3535599999999999,1.35309,1.35314,452,10,0
2026-04-28 03:45:00+00:00,1.35314,1.35328,1.35284,1.35313,321,10,0
2026-04-28 04:00:00+00:00,1.35316,1.35318,1.35278,1.353,368,10,0
2026-04-28 04:15:00+00:00,1.3529900000000001,1.35324,1.3529900000000001,1.35315,286,10,0
2026-04-28 04:30:00+00:00,1.35312,1.35339,1.35309,1.35337,327,10,0
2026-04-28 04:45:00+00:00,1.35336,1.3534,1.3529200000000001,1.35298,361,10,0
2026-04-28 05:00:00+00:00,1.35297,1.35309,1.35252,1.35262,443,10,0
2026-04-28 05:15:00+00:00,1.3526099999999999,1.3529200000000001,1.35257,1.3529,345,10,0
2026-04-28 05:30:00+00:00,1.3529,1.3529,1.35195,1.35202,490,10,0
2026-04-28 05:45:00+00:00,1.35202,1.35215,1.35168,1.3517700000000001,398,10,0
2026-04-28 06:00:00+00:00,1.3517299999999999,1.35202,1.35107,1.35183,729,10,0
2026-04-28 06:15:00+00:00,1.35184,1.35193,1.35126,1.35161,654,10,0
2026-04-28 06:30:00+00:00,1.35159,1.3517299999999999,1.3511199999999999,1.35119,731,10,0
2026-04-28 06:45:00+00:00,1.35121,1.35128,1.35028,1.35042,1004,10,0
2026-04-28 07:00:00+00:00,1.35041,1.35092,1.35019,1.35071,838,10,0
2026-04-28 07:15:00+00:00,1.35074,1.35132,1.35069,1.35091,713,10,0
2026-04-28 07:30:00+00:00,1.3509,1.3510900000000001,1.35059,1.3508200000000001,638,10,0
2026-04-28 07:45:00+00:00,1.3508200000000001,1.35123,1.35052,1.35091,728,10,0
2026-04-28 08:00:00+00:00,1.35094,1.3511199999999999,1.35016,1.35047,1059,10,0
2026-04-28 08:15:00+00:00,1.35047,1.35141,1.35047,1.35135,849,10,0
2026-04-28 08:30:00+00:00,1.35137,1.35149,1.3504800000000001,1.35073,642,10,0
2026-04-28 08:45:00+00:00,1.3507,1.3508,1.35019,1.3505,591,10,0
2026-04-28 09:00:00+00:00,1.3505,1.35053,1.34991,1.35008,803,10,0
2026-04-28 09:15:00+00:00,1.35009,1.3501400000000001,1.34954,1.34958,600,10,0
2026-04-28 09:30:00+00:00,1.34958,1.3496299999999999,1.34862,1.34891,648,10,0
2026-04-28 09:45:00+00:00,1.34891,1.34944,1.34879,1.34904,804,10,0
2026-04-28 10:00:00+00:00,1.34903,1.34949,1.34887,1.3489,619,10,0
2026-04-28 10:15:00+00:00,1.3489,1.34904,1.34863,1.34881,699,10,0
2026-04-28 10:30:00+00:00,1.3488,1.34913,1.34877,1.34891,676,10,0
2026-04-28 10:45:00+00:00,1.34888,1.34889,1.34823,1.34839,703,10,0
2026-04-28 11:00:00+00:00,1.34837,1.34909,1.34837,1.34853,900,10,0
2026-04-28 11:15:00+00:00,1.34853,1.3486500000000001,1.34796,1.34828,737,10,0
2026-04-28 11:30:00+00:00,1.34825,1.34827,1.3470900000000001,1.34742,830,10,0
2026-04-28 11:45:00+00:00,1.34742,1.34753,1.34625,1.34681,1193,10,0
2026-04-28 12:00:00+00:00,1.34683,1.34721,1.34632,1.34708,1154,10,0
2026-04-28 12:15:00+00:00,1.3471,1.34788,1.34661,1.34749,1492,10,0
2026-04-28 12:30:00+00:00,1.34749,1.34884,1.3471,1.3485800000000001,892,10,0
2026-04-28 12:45:00+00:00,1.3485800000000001,1.34951,1.3485800000000001,1.3492,910,10,0
2026-04-28 13:00:00+00:00,1.34917,1.34952,1.34879,1.34886,933,10,0
2026-04-28 13:15:00+00:00,1.34886,1.34962,1.34808,1.34946,1230,10,0
2026-04-28 13:30:00+00:00,1.34948,1.34999,1.34859,1.34967,1595,10,0
2026-04-28 13:45:00+00:00,1.34964,1.35009,1.34934,1.3495,1007,10,0
2026-04-28 14:00:00+00:00,1.34947,1.34979,1.34853,1.3494,1029,10,0
2026-04-28 14:15:00+00:00,1.34938,1.34989,1.34916,1.34976,1071,10,0
2026-04-28 14:30:00+00:00,1.34978,1.35058,1.34947,1.34952,1229,10,0
2026-04-28 14:45:00+00:00,1.3495,1.34995,1.3489900000000001,1.34974,1825,10,0
2026-04-28 15:00:00+00:00,1.34973,1.35031,1.3495599999999999,1.35007,1202,10,0
2026-04-28 15:15:00+00:00,1.35006,1.3508200000000001,1.34992,1.35061,913,10,0
2026-04-28 15:30:00+00:00,1.35059,1.35121,1.35028,1.35087,888,10,0
2026-04-28 15:45:00+00:00,1.35086,1.35121,1.35069,1.35111,764,10,0
2026-04-28 16:00:00+00:00,1.35114,1.35132,1.3507799999999999,1.35091,772,10,0
2026-04-28 16:15:00+00:00,1.3509,1.35106,1.35062,1.35096,690,10,0
2026-04-28 16:30:00+00:00,1.35094,1.35122,1.35079,1.35119,640,10,0
2026-04-28 16:45:00+00:00,1.35118,1.35163,1.351,1.3514,639,10,0
2026-04-28 17:00:00+00:00,1.35141,1.3516,1.3508499999999999,1.3510900000000001,513,10,0
2026-04-28 17:15:00+00:00,1.3510900000000001,1.3513,1.35074,1.35111,414,10,0
2026-04-28 17:30:00+00:00,1.35111,1.35174,1.35108,1.35156,579,10,0
2026-04-28 17:45:00+00:00,1.35155,1.35203,1.35153,1.35172,601,10,0
2026-04-28 18:00:00+00:00,1.35172,1.35194,1.35137,1.35162,459,10,0
2026-04-28 18:15:00+00:00,1.35161,1.35199,1.35161,1.35191,662,10,0
2026-04-28 18:30:00+00:00,1.35191,1.3519700000000001,1.3516,1.35192,431,10,0
2026-04-28 18:45:00+00:00,1.35192,1.35202,1.35148,1.35169,411,10,0
2026-04-28 19:00:00+00:00,1.3517000000000001,1.35206,1.35156,1.35167,425,10,0
2026-04-28 19:15:00+00:00,1.35168,1.35169,1.35133,1.3513899999999999,420,10,0
2026-04-28 19:30:00+00:00,1.3513899999999999,1.35165,1.35126,1.35145,464,10,0
2026-04-28 19:45:00+00:00,1.35144,1.35163,1.35119,1.3516,368,10,0
2026-04-28 20:00:00+00:00,1.35162,1.35201,1.35157,1.35195,332,10,0
2026-04-28 20:15:00+00:00,1.35195,1.35199,1.35179,1.35189,206,10,0
2026-04-28 20:30:00+00:00,1.35189,1.35222,1.35188,1.35215,256,10,0
2026-04-28 20:45:00+00:00,1.35215,1.3522,1.3516,1.35168,296,7,0
2026-04-28 21:00:00+00:00,1.35167,1.35169,1.35132,1.35138,144,13,0
2026-04-28 21:15:00+00:00,1.3513600000000001,1.35152,1.35133,1.3515,186,33,0
2026-04-28 21:30:00+00:00,1.35151,1.3516,1.3514300000000001,1.35149,174,37,0
2026-04-28 21:45:00+00:00,1.35148,1.35167,1.35148,1.35159,132,35,0
2026-04-28 22:00:00+00:00,1.3516599999999999,1.35229,1.35165,1.35215,140,10,0
2026-04-28 22:15:00+00:00,1.35215,1.35219,1.35201,1.3520400000000001,117,10,0
2026-04-28 22:30:00+00:00,1.3520400000000001,1.35227,1.35194,1.35216,111,10,0
2026-04-28 22:45:00+00:00,1.35216,1.35219,1.35205,1.35208,58,10,0
2026-04-28 23:00:00+00:00,1.3520699999999999,1.35219,1.3520699999999999,1.3521,120,10,0
2026-04-28 23:15:00+00:00,1.35211,1.35229,1.35211,1.35215,82,10,0
2026-04-28 23:30:00+00:00,1.35215,1.35228,1.35206,1.35224,104,10,0
2026-04-28 23:45:00+00:00,1.35224,1.35241,1.35218,1.35236,171,10,0
2026-04-29 00:00:00+00:00,1.3523800000000001,1.35277,1.35236,1.35251,362,10,0
2026-04-29 00:15:00+00:00,1.3525,1.35257,1.35211,1.35218,366,10,0
2026-04-29 00:30:00+00:00,1.35218,1.35262,1.35218,1.35247,282,10,0
2026-04-29 00:45:00+00:00,1.35247,1.3526099999999999,1.3522,1.3524,368,10,0
2026-04-29 01:00:00+00:00,1.35239,1.35245,1.35124,1.3513899999999999,840,10,0
2026-04-29 01:15:00+00:00,1.35137,1.35192,1.35127,1.35174,519,10,0
2026-04-29 01:30:00+00:00,1.35171,1.35253,1.35156,1.35233,812,10,0
2026-04-29 01:45:00+00:00,1.35233,1.35235,1.35148,1.3517000000000001,583,10,0
2026-04-29 02:00:00+00:00,1.3517299999999999,1.35232,1.3517299999999999,1.3520699999999999,521,10,0
2026-04-29 02:15:00+00:00,1.35211,1.35227,1.35168,1.35183,544,10,0
2026-04-29 02:30:00+00:00,1.35183,1.35188,1.35097,1.35121,492,10,0
2026-04-29 02:45:00+00:00,1.35121,1.35151,1.35114,1.35117,316,10,0
2026-04-29 03:00:00+00:00,1.35118,1.35151,1.35113,1.35133,434,10,0
2026-04-29 03:15:00+00:00,1.35131,1.35168,1.35126,1.35149,300,10,0
2026-04-29 03:30:00+00:00,1.35151,1.35152,1.3510900000000001,1.35115,239,10,0
2026-04-29 03:45:00+00:00,1.35115,1.35121,1.35099,1.3511,232,10,0
2026-04-29 04:00:00+00:00,1.35114,1.35147,1.35104,1.35132,248,10,0
2026-04-29 04:15:00+00:00,1.35132,1.35133,1.35117,1.3513,134,10,0
2026-04-29 04:30:00+00:00,1.3513,1.35151,1.3513,1.35134,289,10,0
2026-04-29 04:45:00+00:00,1.35133,1.35148,1.3511600000000001,1.35127,233,10,0
2026-04-29 05:00:00+00:00,1.35127,1.35131,1.35084,1.35087,297,10,0
2026-04-29 05:15:00+00:00,1.35087,1.3509,1.35058,1.3507799999999999,256,10,0
2026-04-29 05:30:00+00:00,1.35081,1.3509,1.35028,1.35057,495,10,0
2026-04-29 05:45:00+00:00,1.35057,1.3507799999999999,1.35035,1.35041,423,10,0
2026-04-29 06:00:00+00:00,1.35041,1.35073,1.34985,1.3498700000000001,601,10,0
2026-04-29 06:15:00+00:00,1.3498700000000001,1.35002,1.34958,1.34991,586,10,0
2026-04-29 06:30:00+00:00,1.34991,1.35039,1.34945,1.34997,558,10,0
2026-04-29 06:45:00+00:00,1.34997,1.3503,1.3498999999999999,1.35001,557,10,0
2026-04-29 07:00:00+00:00,1.34998,1.35081,1.34991,1.35053,819,10,0
2026-04-29 07:15:00+00:00,1.35054,1.35057,1.34984,1.3501699999999999,632,10,0
2026-04-29 07:30:00+00:00,1.3501400000000001,1.3506,1.34994,1.3501699999999999,636,10,0
2026-04-29 07:45:00+00:00,1.35018,1.35065,1.3498999999999999,1.3504399999999999,686,10,0
2026-04-29 08:00:00+00:00,1.35041,1.3506,1.34944,1.34959,1054,10,0
2026-04-29 08:15:00+00:00,1.34959,1.35042,1.34955,1.35029,686,10,0
2026-04-29 08:30:00+00:00,1.35026,1.3503,1.34974,1.3501400000000001,606,10,0
2026-04-29 08:45:00+00:00,1.3501400000000001,1.3504,1.3498999999999999,1.34992,558,10,0
2026-04-29 09:00:00+00:00,1.34992,1.35018,1.34966,1.35003,562,10,0
2026-04-29 09:15:00+00:00,1.35,1.35033,1.34965,1.34997,532,10,0
2026-04-29 09:30:00+00:00,1.35001,1.35019,1.34958,1.34986,559,10,0
2026-04-29 09:45:00+00:00,1.34986,1.35063,1.34976,1.35031,723,10,0
2026-04-29 10:00:00+00:00,1.35027,1.35097,1.35003,1.35087,605,10,0
2026-04-29 10:15:00+00:00,1.35088,1.351,1.35046,1.35049,503,10,0
2026-04-29 10:30:00+00:00,1.35053,1.3508,1.3504800000000001,1.35057,490,10,0
2026-04-29 10:45:00+00:00,1.35056,1.3511600000000001,1.3504800000000001,1.35115,464,10,0
2026-04-29 11:00:00+00:00,1.3511199999999999,1.35121,1.35013,1.35072,899,10,0
2026-04-29 11:15:00+00:00,1.35071,1.3511600000000001,1.35047,1.3507799999999999,622,10,0
2026-04-29 11:30:00+00:00,1.35077,1.35125,1.35049,1.3505,666,10,0
2026-04-29 11:45:00+00:00,1.35054,1.35081,1.35038,1.35042,496,10,0
2026-04-29 12:00:00+00:00,1.35046,1.35122,1.3504,1.3508,645,10,0
2026-04-29 12:15:00+00:00,1.35084,1.35134,1.35063,1.35097,781,10,0
2026-04-29 12:30:00+00:00,1.35091,1.35091,1.35001,1.35046,805,10,0
2026-04-29 12:45:00+00:00,1.35042,1.35061,1.34984,1.35001,986,10,0
2026-04-29 13:00:00+00:00,1.35003,1.3507,1.34999,1.35049,894,10,0
2026-04-29 13:15:00+00:00,1.35047,1.35058,1.34918,1.3492199999999999,1090,10,0
2026-04-29 13:30:00+00:00,1.34921,1.34942,1.34836,1.34873,1014,10,0
2026-04-29 13:45:00+00:00,1.34873,1.34884,1.3473,1.34778,1780,10,0
2026-04-29 14:00:00+00:00,1.34776,1.34802,1.3470900000000001,1.34791,1153,10,0
2026-04-29 14:15:00+00:00,1.34789,1.34897,1.34783,1.34859,1009,10,0
2026-04-29 14:30:00+00:00,1.3486,1.34938,1.34846,1.34869,918,10,0
2026-04-29 14:45:00+00:00,1.3486799999999999,1.35025,1.34826,1.35013,1101,10,0
2026-04-29 15:00:00+00:00,1.35015,1.35018,1.3488,1.34889,966,10,0
2026-04-29 15:15:00+00:00,1.34889,1.34933,1.34851,1.34869,989,10,0
2026-04-29 15:30:00+00:00,1.34869,1.34961,1.34859,1.34958,1057,10,0
2026-04-29 15:45:00+00:00,1.34957,1.35012,1.34806,1.34888,1926,10,0
2026-04-29 16:00:00+00:00,1.34889,1.34978,1.3488,1.3491,879,10,0
2026-04-29 16:15:00+00:00,1.34912,1.34989,1.3489499999999999,1.34977,853,10,0
2026-04-29 16:30:00+00:00,1.34974,1.34974,1.3487,1.34872,939,10,0
2026-04-29 16:45:00+00:00,1.34871,1.34896,1.34792,1.34811,733,10,0
2026-04-29 17:00:00+00:00,1.34812,1.34814,1.3474300000000001,1.34799,686,10,0
2026-04-29 17:15:00+00:00,1.34798,1.34856,1.34783,1.34821,862,10,0
2026-04-29 17:30:00+00:00,1.34823,1.3485,1.3479,1.34832,786,10,0
2026-04-29 17:45:00+00:00,1.34832,1.34912,1.3483,1.34876,710,10,0
2026-04-29 18:00:00+00:00,1.34885,1.34928,1.34671,1.34704,1639,10,0
2026-04-29 18:15:00+00:00,1.34704,1.34812,1.34686,1.3474300000000001,1113,10,0
2026-04-29 18:30:00+00:00,1.34741,1.34846,1.34611,1.34613,2526,10,0
2026-04-29 18:45:00+00:00,1.3461,1.34737,1.34569,1.34715,1516,10,0
2026-04-29 19:00:00+00:00,1.3471899999999999,1.3479999999999999,1.34666,1.34791,1048,10,0
2026-04-29 19:15:00+00:00,1.34789,1.3483,1.34731,1.34742,816,10,0
2026-04-29 19:30:00+00:00,1.34741,1.34748,1.3467799999999999,1.34706,760,10,0
2026-04-29 19:45:00+00:00,1.34705,1.34779,1.34694,1.34759,680,10,0
2026-04-29 20:00:00+00:00,1.34757,1.34788,1.34715,1.34726,836,10,0
2026-04-29 20:15:00+00:00,1.34725,1.34785,1.34696,1.3477700000000001,635,10,0
2026-04-29 20:30:00+00:00,1.34778,1.34785,1.34733,1.3477000000000001,420,10,0
2026-04-29 20:45:00+00:00,1.3477299999999999,1.34782,1.34707,1.34749,478,9,0
2026-04-29 21:00:00+00:00,1.3475,1.34753,1.3473600000000001,1.3474300000000001,99,13,0
2026-04-29 21:15:00+00:00,1.34745,1.3475,1.34713,1.34717,231,29,0
2026-04-29 21:30:00+00:00,1.3471600000000001,1.34737,1.3471199999999999,1.34733,334,90,0
2026-04-29 21:45:00+00:00,1.34732,1.3476,1.34731,1.34753,206,53,0
2026-04-29 22:00:00+00:00,1.34756,1.34767,1.34713,1.3475,363,10,0
2026-04-29 22:15:00+00:00,1.34753,1.34817,1.34749,1.34812,349,10,0
2026-04-29 22:30:00+00:00,1.34812,1.34827,1.34788,1.34791,218,10,0
2026-04-29 22:45:00+00:00,1.34791,1.34818,1.34791,1.3479999999999999,166,10,0
2026-04-29 23:00:00+00:00,1.3479999999999999,1.34811,1.34771,1.34793,196,10,0
2026-04-29 23:15:00+00:00,1.34794,1.34821,1.34792,1.34813,171,10,0
2026-04-29 23:30:00+00:00,1.34813,1.34882,1.34802,1.34878,338,10,0
2026-04-29 23:45:00+00:00,1.34878,1.34888,1.34869,1.34877,310,10,0
2026-04-30 00:00:00+00:00,1.34879,1.34948,1.34879,1.34921,938,10,0
2026-04-30 00:15:00+00:00,1.34923,1.34951,1.3489900000000001,1.3489900000000001,684,10,0
2026-04-30 00:30:00+00:00,1.34901,1.34933,1.3485,1.3486,571,10,0
2026-04-30 00:45:00+00:00,1.3486,1.34891,1.34839,1.3484099999999999,683,10,0
2026-04-30 01:00:00+00:00,1.3483800000000001,1.34857,1.3480400000000001,1.34816,646,10,0
2026-04-30 01:15:00+00:00,1.34817,1.34856,1.34811,1.34829,591,10,0
2026-04-30 01:30:00+00:00,1.34829,1.3485800000000001,1.34793,1.34799,682,10,0
2026-04-30 01:45:00+00:00,1.34799,1.34863,1.34779,1.34814,614,10,0
2026-04-30 02:00:00+00:00,1.34815,1.34842,1.34798,1.34837,495,10,0
2026-04-30 02:15:00+00:00,1.34833,1.3483800000000001,1.3477000000000001,1.34788,489,10,0
2026-04-30 02:30:00+00:00,1.34784,1.34784,1.34706,1.34713,1172,10,0
2026-04-30 02:45:00+00:00,1.34713,1.34749,1.34679,1.3474599999999999,581,10,0
2026-04-30 03:00:00+00:00,1.34748,1.3479,1.34729,1.3473899999999999,679,10,0
2026-04-30 03:15:00+00:00,1.3474300000000001,1.34772,1.34728,1.3476,554,10,0
2026-04-30 03:30:00+00:00,1.34762,1.34788,1.34738,1.34755,543,10,0
2026-04-30 03:45:00+00:00,1.34757,1.34769,1.34731,1.34753,484,10,0
2026-04-30 04:00:00+00:00,1.34753,1.34754,1.34699,1.34729,666,10,0
2026-04-30 04:15:00+00:00,1.34729,1.34731,1.34609,1.34631,648,10,0
2026-04-30 04:30:00+00:00,1.34629,1.34633,1.34547,1.346,704,10,0
2026-04-30 04:45:00+00:00,1.34599,1.34629,1.34592,1.34601,567,10,0
2026-04-30 05:00:00+00:00,1.34605,1.34672,1.34605,1.3465799999999999,662,10,0
2026-04-30 05:15:00+00:00,1.3465799999999999,1.34666,1.34611,1.34629,512,10,0
2026-04-30 05:30:00+00:00,1.34628,1.34681,1.34608,1.34628,681,10,0
2026-04-30 05:45:00+00:00,1.34626,1.34639,1.34585,1.34591,688,10,0
2026-04-30 06:00:00+00:00,1.34588,1.3465,1.34536,1.34578,910,10,0
2026-04-30 06:15:00+00:00,1.34577,1.34679,1.34569,1.3467,940,10,0
2026-04-30 06:30:00+00:00,1.34672,1.3477700000000001,1.34667,1.34742,1072,10,0
2026-04-30 06:45:00+00:00,1.3474599999999999,1.34776,1.34717,1.34731,895,10,0
2026-04-30 07:00:00+00:00,1.34728,1.34867,1.34723,1.3486099999999999,1128,10,0
2026-04-30 07:15:00+00:00,1.34859,1.34883,1.34816,1.34882,867,10,0
2026-04-30 07:30:00+00:00,1.34882,1.3489,1.34813,1.34875,874,10,0
2026-04-30 07:45:00+00:00,1.34872,1.34924,1.3483800000000001,1.3486,933,10,0
2026-04-30 08:00:00+00:00,1.34859,1.35001,1.34859,1.34932,1348,10,0
2026-04-30 08:15:00+00:00,1.34928,1.34938,1.34864,1.34936,935,10,0
2026-04-30 08:30:00+00:00,1.34937,1.3497,1.34857,1.34904,1240,10,0
2026-04-30 08:45:00+00:00,1.34904,1.3492600000000001,1.3480699999999999,1.34845,1022,10,0
2026-04-30 09:00:00+00:00,1.34846,1.34915,1.34787,1.34915,1183,10,0
2026-04-30 09:15:00+00:00,1.34913,1.34932,1.3483,1.34932,1019,10,0
2026-04-30 09:30:00+00:00,1.3493,1.35041,1.34913,1.34978,1482,10,0
2026-04-30 09:45:00+00:00,1.34978,1.3504800000000001,1.34974,1.35019,820,10,0
2026-04-30 10:00:00+00:00,1.35023,1.35033,1.34923,1.3492899999999999,936,10,0
2026-04-30 10:15:00+00:00,1.3493,1.3513600000000001,1.34924,1.35121,1291,10,0
2026-04-30 10:30:00+00:00,1.35123,1.35183,1.35092,1.35162,2400,10,0
2026-04-30 10:45:00+00:00,1.35162,1.3529,1.351,1.3529,1815,10,0
2026-04-30 11:00:00+00:00,1.35284,1.35314,1.35144,1.3520400000000001,2185,10,0
2026-04-30 11:15:00+00:00,1.3520400000000001,1.35348,1.35188,1.35315,1716,10,0
2026-04-30 11:30:00+00:00,1.35316,1.35349,1.3523100000000001,1.35266,1596,10,0
2026-04-30 11:45:00+00:00,1.3526500000000001,1.35303,1.35132,1.35169,1500,10,0
2026-04-30 12:00:00+00:00,1.35169,1.35182,1.35065,1.35093,1134,10,0
2026-04-30 12:15:00+00:00,1.35095,1.35135,1.34982,1.3513,1511,10,0
2026-04-30 12:30:00+00:00,1.35125,1.35132,1.35019,1.35035,1438,10,0
2026-04-30 12:45:00+00:00,1.35037,1.35188,1.35033,1.35121,1376,10,0
2026-04-30 13:00:00+00:00,1.35119,1.35172,1.3507500000000001,1.35115,2113,10,0
2026-04-30 13:15:00+00:00,1.35114,1.3513600000000001,1.35043,1.3513600000000001,1227,10,0
2026-04-30 13:30:00+00:00,1.35133,1.35151,1.35055,1.35123,1550,10,0
2026-04-30 13:45:00+00:00,1.3512,1.35203,1.35101,1.35155,1348,10,0
2026-04-30 14:00:00+00:00,1.35154,1.35368,1.35127,1.35365,1786,10,0
2026-04-30 14:15:00+00:00,1.35361,1.3560699999999999,1.35348,1.35591,1536,10,0
2026-04-30 14:30:00+00:00,1.3559,1.35608,1.35376,1.35464,2685,10,0
2026-04-30 14:45:00+00:00,1.35462,1.3591,1.3545099999999999,1.35819,2441,10,0
2026-04-30 15:00:00+00:00,1.35822,1.35935,1.3576,1.35845,2134,10,0
2026-04-30 15:15:00+00:00,1.35843,1.35847,1.35752,1.35788,1373,10,0
2026-04-30 15:30:00+00:00,1.35788,1.35892,1.35782,1.35798,1237,10,0
2026-04-30 15:45:00+00:00,1.35796,1.35807,1.35712,1.35779,1001,10,0
2026-04-30 16:00:00+00:00,1.3578000000000001,1.35884,1.35741,1.35806,1128,10,0
2026-04-30 16:15:00+00:00,1.35805,1.35816,1.35727,1.35784,945,10,0
2026-04-30 16:30:00+00:00,1.35786,1.35802,1.35742,1.35775,744,10,0
2026-04-30 16:45:00+00:00,1.35775,1.35796,1.35742,1.35772,687,10,0
2026-04-30 17:00:00+00:00,1.35773,1.35855,1.35762,1.35771,923,10,0
2026-04-30 17:15:00+00:00,1.35771,1.35827,1.35755,1.35819,777,10,0
2026-04-30 17:30:00+00:00,1.3582,1.35868,1.35788,1.35806,861,10,0
2026-04-30 17:45:00+00:00,1.35807,1.3584,1.35798,1.35808,623,10,0
2026-04-30 18:00:00+00:00,1.3580999999999999,1.35885,1.35809,1.35869,742,10,0
2026-04-30 18:15:00+00:00,1.3587,1.35944,1.35868,1.3590200000000001,692,10,0
2026-04-30 18:30:00+00:00,1.35899,1.36012,1.35893,1.35979,785,10,0
2026-04-30 18:45:00+00:00,1.3598,1.36071,1.35971,1.36013,632,10,0
2026-04-30 19:00:00+00:00,1.36011,1.3612,1.36003,1.3609200000000001,907,10,0
2026-04-30 19:15:00+00:00,1.3609200000000001,1.36101,1.36003,1.36045,625,10,0
2026-04-30 19:30:00+00:00,1.36042,1.36094,1.3603,1.36073,712,10,0
2026-04-30 19:45:00+00:00,1.36073,1.361,1.36035,1.36035,726,10,0
2026-04-30 20:00:00+00:00,1.3603399999999999,1.3607,1.36013,1.36053,627,10,0
2026-04-30 20:15:00+00:00,1.36053,1.3608,1.3604,1.36063,326,10,0
2026-04-30 20:30:00+00:00,1.36063,1.3609,1.36022,1.36023,381,10,0
2026-04-30 20:45:00+00:00,1.3602699999999999,1.36066,1.36002,1.3602699999999999,515,9,0
2026-04-30 21:00:00+00:00,1.3602400000000001,1.36026,1.35993,1.35995,125,13,0
2026-04-30 21:15:00+00:00,1.35994,1.36011,1.35985,1.35986,155,53,0
2026-04-30 21:30:00+00:00,1.35985,1.35996,1.35979,1.35995,245,62,0
2026-04-30 21:45:00+00:00,1.35993,1.36021,1.35988,1.36017,265,37,0
2026-04-30 22:00:00+00:00,1.36037,1.36089,1.36037,1.36044,135,10,0
2026-04-30 22:15:00+00:00,1.36044,1.36057,1.36042,1.36046,126,10,0
2026-04-30 22:30:00+00:00,1.36046,1.36055,1.36021,1.36033,130,10,0
2026-04-30 22:45:00+00:00,1.3603399999999999,1.36036,1.36019,1.3603399999999999,143,10,0
2026-04-30 23:00:00+00:00,1.3603399999999999,1.3605800000000001,1.3603399999999999,1.36046,190,10,0
2026-04-30 23:15:00+00:00,1.36046,1.36062,1.36041,1.36053,131,10,0
2026-04-30 23:30:00+00:00,1.36053,1.36063,1.36029,1.36032,167,10,0
2026-04-30 23:45:00+00:00,1.36033,1.36049,1.36015,1.36018,327,10,0
2026-05-01 00:00:00+00:00,1.36019,1.36046,1.35989,1.36002,669,10,0
2026-05-01 00:15:00+00:00,1.36002,1.36028,1.35994,1.36002,540,10,0
2026-05-01 00:30:00+00:00,1.3600400000000001,1.3605,1.3599999999999999,1.36029,488,10,0
2026-05-01 00:45:00+00:00,1.3603,1.36057,1.36001,1.36032,599,10,0
2026-05-01 01:00:00+00:00,1.3603399999999999,1.36038,1.35993,1.36025,579,10,0
2026-05-01 01:15:00+00:00,1.36025,1.36046,1.35989,1.36028,472,10,0
2026-05-01 01:30:00+00:00,1.3602699999999999,1.36069,1.36026,1.36037,531,10,0
2026-05-01 01:45:00+00:00,1.36039,1.3607,1.36025,1.36059,476,10,0
2026-05-01 02:00:00+00:00,1.3605800000000001,1.36089,1.36051,1.36066,372,10,0
2026-05-01 02:15:00+00:00,1.36066,1.36087,1.36064,1.36069,298,10,0
2026-05-01 02:30:00+00:00,1.36069,1.3608500000000001,1.36033,1.3604,428,10,0
2026-05-01 02:45:00+00:00,1.3604,1.36063,1.3600400000000001,1.3605800000000001,361,10,0
2026-05-01 03:00:00+00:00,1.3605800000000001,1.36084,1.36046,1.36084,312,10,0
2026-05-01 03:15:00+00:00,1.36084,1.36117,1.36072,1.36102,273,10,0
2026-05-01 03:30:00+00:00,1.36103,1.36106,1.36035,1.3604,516,10,0
2026-05-01 03:45:00+00:00,1.36039,1.3605,1.3600400000000001,1.36022,383,10,0
2026-05-01 04:00:00+00:00,1.3602400000000001,1.36044,1.35976,1.35998,465,10,0
2026-05-01 04:15:00+00:00,1.35999,1.35999,1.35955,1.35958,319,10,0
2026-05-01 04:30:00+00:00,1.35955,1.35987,1.35954,1.35967,308,10,0
2026-05-01 04:45:00+00:00,1.35968,1.35976,1.35957,1.35967,222,10,0
2026-05-01 05:00:00+00:00,1.35967,1.35975,1.35941,1.35942,330,10,0
2026-05-01 05:15:00+00:00,1.35942,1.35947,1.35913,1.35928,319,10,0
2026-05-01 05:30:00+00:00,1.35928,1.3595,1.3591,1.35923,340,10,0
2026-05-01 05:45:00+00:00,1.35923,1.35937,1.35881,1.3589,419,10,0
2026-05-01 06:00:00+00:00,1.35893,1.35929,1.35882,1.35898,627,10,0
2026-05-01 06:15:00+00:00,1.35897,1.35934,1.35864,1.35915,581,10,0
2026-05-01 06:30:00+00:00,1.35915,1.3597000000000001,1.35886,1.3596,655,10,0
2026-05-01 06:45:00+00:00,1.3596,1.36224,1.3596,1.36106,2054,10,0
2026-05-01 07:00:00+00:00,1.36105,1.36138,1.36049,1.36087,1419,10,0
2026-05-01 07:15:00+00:00,1.3608799999999999,1.36118,1.36052,1.3611,969,10,0
2026-05-01 07:30:00+00:00,1.36113,1.36116,1.36018,1.36075,850,10,0
2026-05-01 07:45:00+00:00,1.36074,1.3614,1.35986,1.36044,962,10,0
2026-05-01 08:00:00+00:00,1.36042,1.36087,1.36002,1.3600400000000001,837,10,0
2026-05-01 08:15:00+00:00,1.36002,1.36117,1.36002,1.36074,715,10,0
2026-05-01 08:30:00+00:00,1.36074,1.36099,1.3604,1.36087,595,10,0
2026-05-01 08:45:00+00:00,1.36087,1.36116,1.36055,1.36076,554,10,0
2026-05-01 09:00:00+00:00,1.3608,1.36097,1.36018,1.36018,642,10,0
2026-05-01 09:15:00+00:00,1.36016,1.3603100000000001,1.35931,1.35944,493,10,0
2026-05-01 09:30:00+00:00,1.35945,1.36016,1.35937,1.36003,503,10,0
2026-05-01 09:45:00+00:00,1.36003,1.36006,1.35914,1.3593,541,10,0
2026-05-01 10:00:00+00:00,1.35927,1.36053,1.3591199999999999,1.36047,568,10,0
2026-05-01 10:15:00+00:00,1.36047,1.36096,1.36047,1.3608500000000001,451,10,0
2026-05-01 10:30:00+00:00,1.36084,1.36087,1.36023,1.36045,509,10,0
2026-05-01 10:45:00+00:00,1.36044,1.36084,1.3603100000000001,1.36055,466,10,0
2026-05-01 11:00:00+00:00,1.3605800000000001,1.3614,1.36055,1.36136,566,10,0
2026-05-01 11:15:00+00:00,1.36137,1.36224,1.3612199999999999,1.3618700000000001,625,10,0
2026-05-01 11:30:00+00:00,1.3618700000000001,1.36204,1.36118,1.36124,560,10,0
2026-05-01 11:45:00+00:00,1.36124,1.36196,1.36077,1.36196,616,10,0
2026-05-01 12:00:00+00:00,1.36198,1.36358,1.36152,1.36306,1372,10,0
2026-05-01 12:15:00+00:00,1.3630499999999999,1.36429,1.36296,1.36391,1138,10,0
2026-05-01 12:30:00+00:00,1.36388,1.36406,1.3630900000000001,1.36313,952,10,0
2026-05-01 12:45:00+00:00,1.36313,1.36345,1.36283,1.36295,772,10,0
2026-05-01 13:00:00+00:00,1.36292,1.36364,1.36283,1.36314,849,10,0
2026-05-01 13:15:00+00:00,1.36314,1.36334,1.36252,1.36273,822,10,0
2026-05-01 13:30:00+00:00,1.36276,1.36293,1.3623,1.3624800000000001,1107,10,0
2026-05-01 13:45:00+00:00,1.36249,1.36396,1.36162,1.36371,1760,10,0
2026-05-01 14:00:00+00:00,1.36374,1.36563,1.36355,1.36504,1535,10,0
2026-05-01 14:15:00+00:00,1.36507,1.36575,1.36453,1.3649200000000001,1372,10,0
2026-05-01 14:30:00+00:00,1.3649200000000001,1.3649499999999999,1.36315,1.36358,1352,10,0
2026-05-01 14:45:00+00:00,1.36362,1.36391,1.3617,1.36229,1314,10,0
2026-05-01 15:00:00+00:00,1.36229,1.36295,1.36193,1.36283,1271,10,0
2026-05-01 15:15:00+00:00,1.36285,1.36298,1.36216,1.36243,907,10,0
2026-05-01 15:30:00+00:00,1.36243,1.3629,1.36199,1.3623,1074,10,0
2026-05-01 15:45:00+00:00,1.36231,1.36282,1.36139,1.3618700000000001,1566,10,0
2026-05-01 16:00:00+00:00,1.36188,1.36218,1.36141,1.3618999999999999,867,10,0
2026-05-01 16:15:00+00:00,1.36193,1.3623,1.36075,1.36094,1407,10,0
2026-05-01 16:30:00+00:00,1.3609200000000001,1.36111,1.36037,1.36054,880,10,0
2026-05-01 16:45:00+00:00,1.36054,1.36057,1.35984,1.35989,675,10,0
2026-05-01 17:00:00+00:00,1.35985,1.36017,1.35958,1.35975,623,10,0
2026-05-01 17:15:00+00:00,1.35975,1.35991,1.3594300000000001,1.3596300000000001,612,10,0
2026-05-01 17:30:00+00:00,1.3596300000000001,1.35965,1.35884,1.35894,621,10,0
2026-05-01 17:45:00+00:00,1.35895,1.35972,1.35883,1.35934,756,10,0
2026-05-01 18:00:00+00:00,1.35937,1.35944,1.35818,1.35829,696,10,0
2026-05-01 18:15:00+00:00,1.35829,1.3584,1.3574899999999999,1.35797,742,10,0
2026-05-01 18:30:00+00:00,1.35799,1.35831,1.3575599999999999,1.35821,1025,10,0
2026-05-01 18:45:00+00:00,1.35819,1.35849,1.35793,1.35819,710,10,0
2026-05-01 19:00:00+00:00,1.35818,1.35829,1.35792,1.35808,523,10,0
2026-05-01 19:15:00+00:00,1.35808,1.35824,1.35797,1.35797,410,10,0
2026-05-01 19:30:00+00:00,1.35798,1.35801,1.35767,1.35771,422,10,0
2026-05-01 19:45:00+00:00,1.35772,1.35779,1.35727,1.35732,497,10,0
2026-05-01 20:00:00+00:00,1.3573,1.35748,1.3571900000000001,1.35727,334,10,0
2026-05-01 20:15:00+00:00,1.35727,1.35728,1.35707,1.35708,215,10,0
2026-05-01 20:30:00+00:00,1.35709,1.35735,1.3568500000000001,1.3571900000000001,268,10,0
2026-05-01 20:45:00+00:00,1.35715,1.35784,1.35689,1.35767,573,10,0
2026-05-03 21:00:00+00:00,1.35942,1.35968,1.35942,1.35965,28,58,0
2026-05-03 21:15:00+00:00,1.35967,1.35976,1.35938,1.35974,74,54,0
2026-05-03 21:30:00+00:00,1.35976,1.35988,1.35951,1.3597299999999999,139,49,0
2026-05-03 21:45:00+00:00,1.3597299999999999,1.35999,1.35958,1.35983,114,47,0
2026-05-03 22:00:00+00:00,1.35984,1.36026,1.35888,1.35899,448,10,0
2026-05-03 22:15:00+00:00,1.35898,1.35898,1.35836,1.35863,305,10,0
2026-05-03 22:30:00+00:00,1.35863,1.359,1.3585099999999999,1.35898,298,10,0
2026-05-03 22:45:00+00:00,1.35898,1.359,1.3586,1.35888,223,10,0
2026-05-03 23:00:00+00:00,1.35888,1.35899,1.35865,1.35879,263,10,0
2026-05-03 23:15:00+00:00,1.35879,1.35879,1.3584399999999999,1.3585099999999999,212,10,0
2026-05-03 23:30:00+00:00,1.3585099999999999,1.35876,1.35808,1.35811,268,10,0
2026-05-03 23:45:00+00:00,1.35811,1.35849,1.35796,1.35807,494,10,0
2026-05-04 00:00:00+00:00,1.35804,1.35847,1.3578299999999999,1.35816,710,10,0
2026-05-04 00:15:00+00:00,1.35815,1.35829,1.35747,1.35779,674,10,0
2026-05-04 00:30:00+00:00,1.3578000000000001,1.35823,1.35768,1.35818,465,10,0
2026-05-04 00:45:00+00:00,1.35819,1.3587099999999999,1.35807,1.35864,584,10,0
2026-05-04 01:00:00+00:00,1.35861,1.3587,1.35764,1.3578700000000001,719,10,0
2026-05-04 01:15:00+00:00,1.3578700000000001,1.35876,1.35759,1.35776,722,10,0
2026-05-04 01:30:00+00:00,1.35775,1.35838,1.3577,1.35824,541,10,0
2026-05-04 01:45:00+00:00,1.35824,1.35845,1.35785,1.3584100000000001,454,10,0
2026-05-04 02:00:00+00:00,1.35839,1.35898,1.3581400000000001,1.35888,498,10,0
2026-05-04 02:15:00+00:00,1.35888,1.35888,1.35795,1.35798,480,10,0
2026-05-04 02:30:00+00:00,1.35797,1.35842,1.35794,1.3584,412,10,0
2026-05-04 02:45:00+00:00,1.35839,1.35876,1.35835,1.3584800000000001,442,10,0
2026-05-04 03:00:00+00:00,1.35847,1.3587099999999999,1.35828,1.35849,436,10,0
2026-05-04 03:15:00+00:00,1.3585,1.35862,1.35834,1.35849,370,10,0
2026-05-04 03:30:00+00:00,1.35846,1.35856,1.35822,1.35836,335,10,0
2026-05-04 03:45:00+00:00,1.3584,1.3601,1.3584,1.35972,1715,10,0
2026-05-04 04:00:00+00:00,1.35975,1.35987,1.35916,1.35917,607,10,0
2026-05-04 04:15:00+00:00,1.35916,1.3593,1.35866,1.35868,399,10,0
2026-05-04 04:30:00+00:00,1.3587099999999999,1.3588,1.35856,1.35863,329,10,0
2026-05-04 04:45:00+00:00,1.35863,1.3588,1.35855,1.35877,302,10,0
2026-05-04 05:00:00+00:00,1.35879,1.3590900000000001,1.35855,1.35865,482,10,0
2026-05-04 05:15:00+00:00,1.35865,1.35931,1.3584800000000001,1.35865,691,10,0
2026-05-04 05:30:00+00:00,1.35868,1.359,1.35852,1.35897,482,10,0
2026-05-04 05:45:00+00:00,1.35898,1.3593199999999999,1.35887,1.35918,438,10,0
2026-05-04 06:00:00+00:00,1.35916,1.35965,1.35897,1.35957,693,10,0
2026-05-04 06:15:00+00:00,1.35957,1.35979,1.35929,1.35962,647,10,0
2026-05-04 06:30:00+00:00,1.35965,1.35969,1.35818,1.35835,909,10,0
2026-05-04 06:45:00+00:00,1.35834,1.3584100000000001,1.35751,1.35803,896,10,0
2026-05-04 07:00:00+00:00,1.35799,1.35805,1.35723,1.35758,962,10,0
2026-05-04 07:15:00+00:00,1.3575599999999999,1.35792,1.35679,1.35686,741,10,0
2026-05-04 07:30:00+00:00,1.35686,1.35739,1.35641,1.35667,658,10,0
2026-05-04 07:45:00+00:00,1.3566799999999999,1.35712,1.35625,1.35657,727,10,0
2026-05-04 08:00:00+00:00,1.35655,1.3566099999999999,1.35591,1.35625,808,10,0
2026-05-04 08:15:00+00:00,1.35623,1.35638,1.35587,1.35611,571,10,0
2026-05-04 08:30:00+00:00,1.3561,1.35671,1.35605,1.35617,604,10,0
2026-05-04 08:45:00+00:00,1.35617,1.35648,1.35593,1.3560400000000001,645,10,0
2026-05-04 09:00:00+00:00,1.35606,1.3566,1.35588,1.35614,669,10,0
2026-05-04 09:15:00+00:00,1.35617,1.35626,1.3556300000000001,1.35606,585,10,0
2026-05-04 09:30:00+00:00,1.35605,1.35639,1.35595,1.35629,461,10,0
2026-05-04 09:45:00+00:00,1.3563,1.3563,1.35571,1.35587,455,10,0
2026-05-04 10:00:00+00:00,1.35587,1.35594,1.35285,1.3532899999999999,2321,10,0
2026-05-04 10:15:00+00:00,1.35325,1.35439,1.3523,1.35436,1686,10,0
2026-05-04 10:30:00+00:00,1.35433,1.3558,1.35412,1.3550900000000001,1990,10,0
2026-05-04 10:45:00+00:00,1.35508,1.35531,1.3542399999999999,1.35452,742,10,0
2026-05-04 11:00:00+00:00,1.35455,1.35508,1.35374,1.35376,1105,10,0
2026-05-04 11:15:00+00:00,1.35376,1.35431,1.35366,1.35428,677,10,0
2026-05-04 11:30:00+00:00,1.35426,1.3543,1.35335,1.3541699999999999,972,10,0
2026-05-04 11:45:00+00:00,1.35416,1.35425,1.35375,1.35407,644,10,0
2026-05-04 12:00:00+00:00,1.3541,1.35494,1.35384,1.3548200000000001,822,10,0
2026-05-04 12:15:00+00:00,1.35481,1.35616,1.35472,1.35593,1154,10,0
2026-05-04 12:30:00+00:00,1.35592,1.3563,1.3554599999999999,1.35595,843,10,0
2026-05-04 12:45:00+00:00,1.35594,1.3563,1.35552,1.3557000000000001,764,10,0
2026-05-04 13:00:00+00:00,1.3556599999999999,1.3567,1.35479,1.35596,1817,10,0
2026-05-04 13:15:00+00:00,1.35595,1.35609,1.35518,1.35525,738,10,0
2026-05-04 13:30:00+00:00,1.35528,1.35626,1.3550200000000001,1.35596,1112,10,0
2026-05-04 13:45:00+00:00,1.35596,1.35654,1.35592,1.35595,906,10,0
2026-05-04 14:00:00+00:00,1.35592,1.35592,1.35497,1.35561,1127,10,0
2026-05-04 14:15:00+00:00,1.35558,1.3567,1.35555,1.35653,964,10,0
2026-05-04 14:30:00+00:00,1.35649,1.35691,1.35593,1.35594,821,10,0
2026-05-04 14:45:00+00:00,1.35596,1.35609,1.35521,1.35532,1166,10,0
2026-05-04 15:00:00+00:00,1.35533,1.3559,1.35491,1.35524,1139,10,0
2026-05-04 15:15:00+00:00,1.35524,1.35575,1.35312,1.35392,1843,10,0
2026-05-04 15:30:00+00:00,1.35395,1.3541,1.35293,1.35347,1369,10,0
2026-05-04 15:45:00+00:00,1.35349,1.35373,1.35246,1.3532600000000001,1524,10,0
2026-05-04 16:00:00+00:00,1.35321,1.3536299999999999,1.35128,1.35138,1564,10,0
2026-05-04 16:15:00+00:00,1.35135,1.35357,1.3512,1.35285,1871,10,0
2026-05-04 16:30:00+00:00,1.35282,1.35318,1.35228,1.35228,1170,10,0
2026-05-04 16:45:00+00:00,1.35228,1.35266,1.35186,1.35188,890,10,0
2026-05-04 17:00:00+00:00,1.35191,1.35331,1.35182,1.35317,1101,10,0
2026-05-04 17:15:00+00:00,1.35318,1.35398,1.35312,1.35377,1045,10,0
2026-05-04 17:30:00+00:00,1.35376,1.35395,1.35314,1.35334,665,10,0
2026-05-04 17:45:00+00:00,1.35334,1.35361,1.35313,1.35325,460,10,0
2026-05-04 18:00:00+00:00,1.35323,1.35369,1.35313,1.35328,637,10,0
2026-05-04 18:15:00+00:00,1.35327,1.35327,1.35259,1.35297,612,10,0
2026-05-04 18:30:00+00:00,1.35296,1.35318,1.35286,1.35287,562,10,0
2026-05-04 18:45:00+00:00,1.35288,1.35369,1.35249,1.35367,785,10,0
2026-05-04 19:00:00+00:00,1.3536299999999999,1.35411,1.3531,1.3538000000000001,1153,10,0
2026-05-04 19:15:00+00:00,1.35381,1.35419,1.35352,1.35376,715,10,0
2026-05-04 19:30:00+00:00,1.35377,1.35411,1.35367,1.3538000000000001,525,10,0
2026-05-04 19:45:00+00:00,1.35378,1.35396,1.35352,1.35365,587,10,0
2026-05-04 20:00:00+00:00,1.35362,1.35367,1.35305,1.35305,403,10,0
2026-05-04 20:15:00+00:00,1.35303,1.3531,1.3526500000000001,1.353,326,10,0
2026-05-04 20:30:00+00:00,1.35301,1.35325,1.35281,1.3532,277,10,0
2026-05-04 20:45:00+00:00,1.35321,1.35323,1.35296,1.35298,239,9,0
2026-05-04 21:00:00+00:00,1.35293,1.35297,1.35278,1.3528,60,26,0
2026-05-04 21:15:00+00:00,1.35282,1.3529,1.35216,1.3523100000000001,177,42,0
2026-05-04 21:30:00+00:00,1.35233,1.35285,1.35232,1.35259,217,57,0
2026-05-04 21:45:00+00:00,1.3526099999999999,1.35286,1.35251,1.35286,306,55,0
2026-05-04 22:00:00+00:00,1.35311,1.35323,1.3526799999999999,1.35276,245,10,0
2026-05-04 22:15:00+00:00,1.35279,1.35303,1.35263,1.35286,170,10,0
2026-05-04 22:30:00+00:00,1.35286,1.353,1.35282,1.3529900000000001,92,10,0
2026-05-04 22:45:00+00:00,1.3529900000000001,1.3529900000000001,1.35274,1.35276,91,10,0
2026-05-04 23:00:00+00:00,1.35276,1.35297,1.35275,1.35288,211,10,0
2026-05-04 23:15:00+00:00,1.35288,1.35307,1.35285,1.3529900000000001,78,10,0
2026-05-04 23:30:00+00:00,1.3529900000000001,1.35312,1.3529499999999999,1.35309,134,10,0
2026-05-04 23:45:00+00:00,1.35309,1.3531900000000001,1.35302,1.35308,225,10,0
2026-05-05 00:00:00+00:00,1.35308,1.35345,1.3529,1.3532899999999999,491,10,0
2026-05-05 00:15:00+00:00,1.35328,1.35328,1.35241,1.3525,497,10,0
2026-05-05 00:30:00+00:00,1.35251,1.3526,1.35227,1.35237,313,10,0
2026-05-05 00:45:00+00:00,1.3523800000000001,1.35287,1.3523800000000001,1.35242,347,10,0
2026-05-05 01:00:00+00:00,1.35242,1.35246,1.35215,1.35218,476,10,0
2026-05-05 01:15:00+00:00,1.35217,1.35237,1.35174,1.35199,402,10,0
2026-05-05 01:30:00+00:00,1.35199,1.35263,1.35186,1.35227,570,10,0
2026-05-05 01:45:00+00:00,1.35227,1.3527,1.35222,1.35256,376,10,0
2026-05-05 02:00:00+00:00,1.35256,1.35277,1.35248,1.35252,409,10,0
2026-05-05 02:15:00+00:00,1.35252,1.35306,1.35246,1.35293,304,10,0
2026-05-05 02:30:00+00:00,1.35294,1.35309,1.35279,1.35306,338,10,0
2026-05-05 02:45:00+00:00,1.35306,1.35316,1.3525,1.35252,370,10,0
2026-05-05 03:00:00+00:00,1.3525,1.35267,1.35233,1.3526099999999999,315,10,0
2026-05-05 03:15:00+00:00,1.3526099999999999,1.35271,1.35244,1.35246,258,10,0
2026-05-05 03:30:00+00:00,1.35246,1.35246,1.35215,1.35227,249,10,0
2026-05-05 03:45:00+00:00,1.35227,1.35241,1.35206,1.35209,209,10,0
2026-05-05 04:00:00+00:00,1.3520699999999999,1.35248,1.35206,1.35247,219,10,0
2026-05-05 04:15:00+00:00,1.35247,1.3526,1.3524,1.35255,213,10,0
2026-05-05 04:30:00+00:00,1.35257,1.35277,1.35224,1.35232,548,10,0
2026-05-05 04:45:00+00:00,1.35232,1.35235,1.3514300000000001,1.35155,428,10,0
2026-05-05 05:00:00+00:00,1.35154,1.35187,1.35134,1.35176,420,10,0
2026-05-05 05:15:00+00:00,1.35176,1.35214,1.35155,1.35188,396,10,0
2026-05-05 05:30:00+00:00,1.35188,1.35246,1.35176,1.3523,748,10,0
2026-05-05 05:45:00+00:00,1.3523,1.35247,1.35174,1.35187,512,10,0
2026-05-05 06:00:00+00:00,1.35183,1.35281,1.35168,1.35256,949,10,0
2026-05-05 06:15:00+00:00,1.35255,1.3526799999999999,1.35142,1.3521,780,10,0
2026-05-05 06:30:00+00:00,1.35208,1.35352,1.35206,1.35311,928,10,0
2026-05-05 06:45:00+00:00,1.35313,1.35359,1.3529,1.3531,773,10,0
2026-05-05 07:00:00+00:00,1.35312,1.354,1.35309,1.35365,934,10,0
2026-05-05 07:15:00+00:00,1.35364,1.35409,1.3535,1.3535,659,10,0
2026-05-05 07:30:00+00:00,1.3535,1.3547500000000001,1.3534,1.35405,887,10,0
2026-05-05 07:45:00+00:00,1.35406,1.35425,1.35368,1.35374,656,10,0
2026-05-05 08:00:00+00:00,1.35375,1.35443,1.35371,1.35427,751,10,0
2026-05-05 08:15:00+00:00,1.35427,1.35501,1.35422,1.35461,674,10,0
2026-05-05 08:30:00+00:00,1.35462,1.3548499999999999,1.35374,1.35397,720,10,0
2026-05-05 08:45:00+00:00,1.35396,1.35458,1.35379,1.35412,673,10,0
2026-05-05 09:00:00+00:00,1.35412,1.3546,1.35357,1.35397,969,10,0
2026-05-05 09:15:00+00:00,1.35397,1.35405,1.35317,1.35377,770,10,0
2026-05-05 09:30:00+00:00,1.35377,1.35458,1.35372,1.35439,761,10,0
2026-05-05 09:45:00+00:00,1.35437,1.35468,1.35384,1.3541699999999999,697,10,0
2026-05-05 10:00:00+00:00,1.35416,1.35429,1.35376,1.35419,522,10,0
2026-05-05 10:15:00+00:00,1.35418,1.35499,1.35405,1.35484,584,10,0
2026-05-05 10:30:00+00:00,1.35484,1.3550900000000001,1.35409,1.3542,684,10,0
2026-05-05 10:45:00+00:00,1.35423,1.35457,1.35411,1.35452,503,10,0
2026-05-05 11:00:00+00:00,1.3544800000000001,1.35467,1.35354,1.35376,903,10,0
2026-05-05 11:15:00+00:00,1.35377,1.35457,1.35303,1.35443,778,10,0
2026-05-05 11:30:00+00:00,1.35446,1.35468,1.35361,1.35367,696,10,0
2026-05-05 11:45:00+00:00,1.35368,1.35415,1.35345,1.35403,666,10,0
2026-05-05 12:00:00+00:00,1.35404,1.35445,1.35312,1.3541699999999999,1381,10,0
2026-05-05 12:15:00+00:00,1.3542100000000001,1.35494,1.35412,1.35477,896,10,0
2026-05-05 12:30:00+00:00,1.3547500000000001,1.3547799999999999,1.35392,1.35396,722,10,0
2026-05-05 12:45:00+00:00,1.35398,1.35438,1.35393,1.35436,704,10,0
2026-05-05 13:00:00+00:00,1.35436,1.35568,1.35428,1.3553600000000001,952,10,0
2026-05-05 13:15:00+00:00,1.35534,1.35587,1.35503,1.35506,842,10,0
2026-05-05 13:30:00+00:00,1.3550900000000001,1.35558,1.35493,1.35501,1044,10,0
2026-05-05 13:45:00+00:00,1.355,1.35578,1.35484,1.35527,894,10,0
2026-05-05 14:00:00+00:00,1.35524,1.35675,1.35506,1.35555,1570,10,0
2026-05-05 14:15:00+00:00,1.35557,1.35622,1.35488,1.35587,1666,10,0
2026-05-05 14:30:00+00:00,1.3559,1.35655,1.35542,1.35623,1218,10,0
2026-05-05 14:45:00+00:00,1.35621,1.35646,1.35533,1.35639,1453,10,0
2026-05-05 15:00:00+00:00,1.3564,1.35697,1.35609,1.35667,954,10,0
2026-05-05 15:15:00+00:00,1.35666,1.35676,1.3561,1.35655,834,10,0
2026-05-05 15:30:00+00:00,1.35657,1.35759,1.35626,1.35745,890,10,0
2026-05-05 15:45:00+00:00,1.35745,1.3578000000000001,1.35732,1.35735,731,10,0
2026-05-05 16:00:00+00:00,1.35733,1.35758,1.3566500000000001,1.3566500000000001,646,10,0
2026-05-05 16:15:00+00:00,1.3566500000000001,1.35672,1.35614,1.35636,729,10,0
2026-05-05 16:30:00+00:00,1.35635,1.35645,1.35593,1.35616,660,10,0
2026-05-05 16:45:00+00:00,1.35615,1.35636,1.35544,1.35558,537,10,0
2026-05-05 17:00:00+00:00,1.3556,1.35589,1.35488,1.35496,576,10,0
2026-05-05 17:15:00+00:00,1.35497,1.35526,1.35473,1.35493,467,10,0
2026-05-05 17:30:00+00:00,1.35493,1.35552,1.35484,1.35496,642,10,0
2026-05-05 17:45:00+00:00,1.35496,1.35516,1.35487,1.35503,493,10,0
2026-05-05 18:00:00+00:00,1.35504,1.35533,1.35487,1.35503,507,10,0
2026-05-05 18:15:00+00:00,1.35504,1.35516,1.35495,1.35501,322,10,0
2026-05-05 18:30:00+00:00,1.35501,1.3550200000000001,1.35455,1.35484,419,10,0
2026-05-05 18:45:00+00:00,1.3548499999999999,1.35519,1.35473,1.35484,434,10,0
2026-05-05 19:00:00+00:00,1.35488,1.35507,1.35461,1.35461,376,10,0
2026-05-05 19:15:00+00:00,1.35462,1.35473,1.35435,1.35436,338,10,0
2026-05-05 19:30:00+00:00,1.35435,1.35455,1.35427,1.35429,404,10,0
2026-05-05 19:45:00+00:00,1.35429,1.35443,1.35404,1.35427,474,10,0
2026-05-05 20:00:00+00:00,1.35425,1.35443,1.35416,1.3541699999999999,314,10,0
2026-05-05 20:15:00+00:00,1.3541699999999999,1.35418,1.35404,1.3541400000000001,202,10,0
2026-05-05 20:30:00+00:00,1.35412,1.35412,1.3538700000000001,1.35393,130,10,0
2026-05-05 20:45:00+00:00,1.35394,1.35408,1.35368,1.35371,206,2,0
2026-05-05 21:00:00+00:00,1.3537,1.35381,1.35346,1.35372,112,29,0
2026-05-05 21:15:00+00:00,1.3537,1.35374,1.35357,1.35372,227,57,0
2026-05-05 21:30:00+00:00,1.35374,1.35382,1.3535300000000001,1.3536000000000001,221,66,0
2026-05-05 21:45:00+00:00,1.35359,1.35381,1.35342,1.35381,290,84,0
2026-05-05 22:00:00+00:00,1.35397,1.35432,1.35396,1.3541699999999999,169,10,0
2026-05-05 22:15:00+00:00,1.3541699999999999,1.3541699999999999,1.35378,1.35392,193,10,0
2026-05-05 22:30:00+00:00,1.35392,1.35407,1.3538299999999999,1.35401,169,10,0
2026-05-05 22:45:00+00:00,1.35403,1.35605,1.35396,1.35564,929,10,0
2026-05-05 23:00:00+00:00,1.35567,1.35773,1.35562,1.3575599999999999,864,10,0
2026-05-05 23:15:00+00:00,1.35755,1.35794,1.35702,1.35703,662,10,0
2026-05-05 23:30:00+00:00,1.35704,1.35735,1.35684,1.3568500000000001,455,10,0
2026-05-05 23:45:00+00:00,1.3568500000000001,1.35713,1.35671,1.35674,426,10,0
2026-05-06 00:00:00+00:00,1.35678,1.35709,1.35654,1.3566500000000001,1080,10,0
2026-05-06 00:15:00+00:00,1.35662,1.35735,1.35643,1.35684,790,10,0
2026-05-06 00:30:00+00:00,1.3568500000000001,1.35765,1.35672,1.35745,715,10,0
2026-05-06 00:45:00+00:00,1.35744,1.3577,1.35725,1.35742,603,10,0
2026-05-06 01:00:00+00:00,1.35745,1.35764,1.35721,1.35733,686,10,0
2026-05-06 01:15:00+00:00,1.35735,1.35799,1.3572600000000001,1.35762,543,10,0
2026-05-06 01:30:00+00:00,1.35762,1.35778,1.3572199999999999,1.35774,640,10,0
2026-05-06 01:45:00+00:00,1.35773,1.35791,1.35732,1.35734,609,10,0
2026-05-06 02:00:00+00:00,1.35732,1.35779,1.35731,1.35734,578,10,0
2026-05-06 02:15:00+00:00,1.35735,1.3575300000000001,1.35697,1.357,456,10,0
2026-05-06 02:30:00+00:00,1.35702,1.35709,1.35664,1.3566500000000001,336,10,0
2026-05-06 02:45:00+00:00,1.3566500000000001,1.3569499999999999,1.3565800000000001,1.35682,379,10,0
2026-05-06 03:00:00+00:00,1.3568500000000001,1.35717,1.35675,1.357,524,10,0
2026-05-06 03:15:00+00:00,1.35697,1.35712,1.35671,1.3568,430,10,0
2026-05-06 03:30:00+00:00,1.35677,1.35712,1.35643,1.3568500000000001,497,10,0
2026-05-06 03:45:00+00:00,1.3568500000000001,1.35697,1.35633,1.35646,404,10,0
2026-05-06 04:00:00+00:00,1.35649,1.35654,1.3562699999999999,1.35652,378,10,0
2026-05-06 04:15:00+00:00,1.35654,1.3578700000000001,1.3563,1.35785,739,10,0
2026-05-06 04:30:00+00:00,1.35782,1.35929,1.35774,1.35831,1865,10,0
2026-05-06 04:45:00+00:00,1.35828,1.35952,1.35811,1.35894,1558,10,0
2026-05-06 05:00:00+00:00,1.35891,1.35913,1.35866,1.35876,931,10,0
2026-05-06 05:15:00+00:00,1.3587500000000001,1.3587799999999999,1.35826,1.35867,636,10,0
2026-05-06 05:30:00+00:00,1.35867,1.35885,1.35835,1.3584100000000001,474,10,0
2026-05-06 05:45:00+00:00,1.35838,1.35863,1.35828,1.3586,473,10,0
2026-05-06 06:00:00+00:00,1.35862,1.35884,1.3581699999999999,1.35845,899,10,0
2026-05-06 06:15:00+00:00,1.35845,1.35899,1.35828,1.35865,704,10,0
2026-05-06 06:30:00+00:00,1.35865,1.3587500000000001,1.35805,1.3584800000000001,908,10,0
2026-05-06 06:45:00+00:00,1.35845,1.35899,1.35845,1.35885,750,10,0
2026-05-06 07:00:00+00:00,1.35885,1.35925,1.35838,1.35846,1022,10,0
2026-05-06 07:15:00+00:00,1.35842,1.359,1.35833,1.35893,867,10,0
2026-05-06 07:30:00+00:00,1.35895,1.35908,1.35833,1.35896,681,10,0
2026-05-06 07:45:00+00:00,1.35895,1.3599,1.35891,1.35983,934,10,0
2026-05-06 08:00:00+00:00,1.35986,1.3602,1.35924,1.35924,1119,10,0
2026-05-06 08:15:00+00:00,1.35923,1.36014,1.35915,1.35996,694,10,0
2026-05-06 08:30:00+00:00,1.35998,1.36139,1.35998,1.36104,969,10,0
2026-05-06 08:45:00+00:00,1.36104,1.3634,1.361,1.36252,2436,10,0
2026-05-06 09:00:00+00:00,1.3625,1.3628,1.36136,1.36173,1256,10,0
2026-05-06 09:15:00+00:00,1.36175,1.3624800000000001,1.36162,1.36226,1161,10,0
2026-05-06 09:30:00+00:00,1.36227,1.36288,1.36193,1.36233,1226,10,0
2026-05-06 09:45:00+00:00,1.36231,1.36267,1.3620999999999999,1.36252,911,10,0
2026-05-06 10:00:00+00:00,1.36256,1.36276,1.36158,1.3616,984,10,0
2026-05-06 10:15:00+00:00,1.36157,1.3618700000000001,1.36133,1.3617,858,10,0
2026-05-06 10:30:00+00:00,1.36173,1.3627099999999999,1.36157,1.36264,985,10,0
2026-05-06 10:45:00+00:00,1.36265,1.36429,1.36223,1.36362,1630,10,0
2026-05-06 11:00:00+00:00,1.36365,1.36412,1.36265,1.36301,1485,10,0
2026-05-06 11:15:00+00:00,1.36299,1.36416,1.36293,1.36374,992,10,0
2026-05-06 11:30:00+00:00,1.36377,1.3641,1.36255,1.36279,1360,10,0
2026-05-06 11:45:00+00:00,1.36281,1.36293,1.36196,1.36231,1214,10,0
2026-05-06 12:00:00+00:00,1.36231,1.36237,1.36076,1.36111,1448,10,0
2026-05-06 12:15:00+00:00,1.36113,1.3620700000000001,1.36073,1.36188,1543,10,0
2026-05-06 12:30:00+00:00,1.3618999999999999,1.36222,1.36114,1.36161,1074,10,0
2026-05-06 12:45:00+00:00,1.36159,1.36162,1.36086,1.36115,977,10,0
2026-05-06 13:00:00+00:00,1.36112,1.36168,1.36017,1.36107,1595,10,0
2026-05-06 13:15:00+00:00,1.36107,1.36139,1.36045,1.36048,1022,10,0
2026-05-06 13:30:00+00:00,1.36046,1.36125,1.36003,1.36056,1281,10,0
2026-05-06 13:45:00+00:00,1.36056,1.36105,1.36035,1.36075,1158,10,0
2026-05-06 14:00:00+00:00,1.36076,1.36089,1.3602400000000001,1.3602699999999999,1200,10,0
2026-05-06 14:15:00+00:00,1.3603,1.36044,1.35986,1.35996,1013,10,0
2026-05-06 14:30:00+00:00,1.35998,1.36176,1.35994,1.36176,1243,10,0
2026-05-06 14:45:00+00:00,1.36176,1.36192,1.3603399999999999,1.36036,1230,10,0
2026-05-06 15:00:00+00:00,1.36035,1.36039,1.35934,1.35954,1113,10,0
2026-05-06 15:15:00+00:00,1.35952,1.36008,1.35949,1.35991,839,10,0
2026-05-06 15:30:00+00:00,1.35994,1.36043,1.3597000000000001,1.36003,1025,10,0
2026-05-06 15:45:00+00:00,1.36005,1.3602400000000001,1.35935,1.35954,935,10,0
2026-05-06 16:00:00+00:00,1.35951,1.35958,1.3584,1.35908,950,10,0
2026-05-06 16:15:00+00:00,1.35906,1.35933,1.3587799999999999,1.35895,672,10,0
2026-05-06 16:30:00+00:00,1.35897,1.35928,1.35888,1.35904,601,10,0
2026-05-06 16:45:00+00:00,1.35904,1.35904,1.3578000000000001,1.3583,904,10,0
2026-05-06 17:00:00+00:00,1.35827,1.35967,1.35809,1.35944,779,10,0
2026-05-06 17:15:00+00:00,1.35941,1.35992,1.35915,1.35953,550,10,0
2026-05-06 17:30:00+00:00,1.35956,1.35958,1.35865,1.35876,619,10,0
2026-05-06 17:45:00+00:00,1.35876,1.35931,1.35845,1.35919,695,10,0
2026-05-06 18:00:00+00:00,1.3592,1.35941,1.35891,1.35903,741,10,0
2026-05-06 18:15:00+00:00,1.35904,1.35938,1.35894,1.3591,389,10,0
2026-05-06 18:30:00+00:00,1.3591,1.35931,1.35899,1.35906,398,10,0
2026-05-06 18:45:00+00:00,1.35907,1.35969,1.35882,1.35937,567,10,0
2026-05-06 19:00:00+00:00,1.35937,1.35969,1.35926,1.35959,574,10,0
2026-05-06 19:15:00+00:00,1.3596,1.35989,1.35947,1.35955,464,10,0
2026-05-06 19:30:00+00:00,1.35955,1.35955,1.35917,1.35924,461,10,0
2026-05-06 19:45:00+00:00,1.35922,1.35953,1.35916,1.35927,574,10,0
2026-05-06 20:00:00+00:00,1.35925,1.35948,1.35914,1.3593899999999999,375,10,0
2026-05-06 20:15:00+00:00,1.3593899999999999,1.35953,1.35934,1.3593600000000001,217,10,0
2026-05-06 20:30:00+00:00,1.3593600000000001,1.35937,1.35898,1.35898,203,10,0
2026-05-06 20:45:00+00:00,1.35897,1.35937,1.35889,1.35927,265,9,0
2026-05-06 21:00:00+00:00,1.35929,1.35931,1.35919,1.35928,67,11,0
2026-05-06 21:15:00+00:00,1.35929,1.35929,1.35904,1.35923,182,18,0
2026-05-06 21:30:00+00:00,1.35924,1.3593,1.3591199999999999,1.35926,185,33,0
2026-05-06 21:45:00+00:00,1.35926,1.35926,1.35894,1.35904,327,33,0
2026-05-06 22:00:00+00:00,1.3590900000000001,1.35941,1.3590900000000001,1.35937,145,10,0
2026-05-06 22:15:00+00:00,1.3593600000000001,1.35946,1.3591,1.35926,157,10,0
2026-05-06 22:30:00+00:00,1.35923,1.3594,1.3592,1.3593899999999999,105,10,0
2026-05-06 22:45:00+00:00,1.3593899999999999,1.35946,1.3593,1.35945,85,10,0
2026-05-06 23:00:00+00:00,1.35941,1.35962,1.35937,1.35958,156,10,0
2026-05-06 23:15:00+00:00,1.35958,1.35961,1.35923,1.35927,117,10,0
2026-05-06 23:30:00+00:00,1.35927,1.35938,1.35919,1.35937,166,10,0
2026-05-06 23:45:00+00:00,1.35937,1.35949,1.35899,1.35907,217,10,0
2026-05-07 00:00:00+00:00,1.3590499999999999,1.35989,1.35894,1.35987,982,10,0
2026-05-07 00:15:00+00:00,1.35987,1.35988,1.35897,1.35915,663,10,0
2026-05-07 00:30:00+00:00,1.35915,1.35927,1.35895,1.35915,577,10,0
2026-05-07 00:45:00+00:00,1.35915,1.35931,1.35903,1.35919,449,10,0
2026-05-07 01:00:00+00:00,1.35922,1.36018,1.35901,1.3599700000000001,677,10,0
2026-05-07 01:15:00+00:00,1.35995,1.36039,1.35993,1.3603399999999999,668,10,0
2026-05-07 01:30:00+00:00,1.3603399999999999,1.36075,1.3602,1.36066,583,10,0
2026-05-07 01:45:00+00:00,1.3606500000000001,1.36078,1.36038,1.36047,491,10,0
2026-05-07 02:00:00+00:00,1.36045,1.3608,1.36009,1.36018,516,10,0
2026-05-07 02:15:00+00:00,1.36019,1.36037,1.36003,1.3603,415,10,0
2026-05-07 02:30:00+00:00,1.3603,1.36045,1.36006,1.36026,477,10,0
2026-05-07 02:45:00+00:00,1.36026,1.36048,1.36025,1.36033,436,10,0
2026-05-07 03:00:00+00:00,1.36032,1.36032,1.35987,1.35989,363,10,0
2026-05-07 03:15:00+00:00,1.35989,1.3602,1.35987,1.35993,361,10,0
2026-05-07 03:30:00+00:00,1.35992,1.35992,1.35957,1.3597000000000001,405,10,0
2026-05-07 03:45:00+00:00,1.35968,1.35971,1.35926,1.35926,372,10,0
2026-05-07 04:00:00+00:00,1.35923,1.3596300000000001,1.35907,1.35951,356,10,0
2026-05-07 04:15:00+00:00,1.35951,1.35993,1.3595,1.35979,311,10,0
2026-05-07 04:30:00+00:00,1.35979,1.36009,1.35974,1.35986,341,10,0
2026-05-07 04:45:00+00:00,1.35986,1.35993,1.35962,1.35971,338,10,0
2026-05-07 05:00:00+00:00,1.35971,1.3599999999999999,1.35962,1.35995,364,10,0
2026-05-07 05:15:00+00:00,1.35995,1.35996,1.35942,1.35957,332,10,0
2026-05-07 05:30:00+00:00,1.35957,1.35983,1.35955,1.3597000000000001,362,10,0
2026-05-07 05:45:00+00:00,1.35967,1.35977,1.35934,1.35944,412,10,0
2026-05-07 06:00:00+00:00,1.35948,1.35961,1.35916,1.35933,636,10,0
2026-05-07 06:15:00+00:00,1.3593199999999999,1.35972,1.35921,1.35928,558,10,0
2026-05-07 06:30:00+00:00,1.35925,1.3608,1.35903,1.36076,1002,10,0
2026-05-07 06:45:00+00:00,1.36072,1.36075,1.35971,1.36001,898,10,0
2026-05-07 07:00:00+00:00,1.36001,1.36218,1.3599700000000001,1.36213,1362,10,0
2026-05-07 07:15:00+00:00,1.3621400000000001,1.3624,1.36138,1.36188,1174,10,0
2026-05-07 07:30:00+00:00,1.36191,1.36213,1.36137,1.36166,902,10,0
2026-05-07 07:45:00+00:00,1.36169,1.36206,1.36144,1.36202,817,10,0
2026-05-07 08:00:00+00:00,1.36205,1.36237,1.36185,1.3620700000000001,759,10,0
2026-05-07 08:15:00+00:00,1.36208,1.36213,1.36144,1.36202,976,10,0
2026-05-07 08:30:00+00:00,1.36199,1.3622,1.3617,1.36195,581,10,0
2026-05-07 08:45:00+00:00,1.36194,1.3624100000000001,1.36182,1.36215,608,10,0
2026-05-07 09:00:00+00:00,1.36216,1.36218,1.36168,1.36206,624,10,0
2026-05-07 09:15:00+00:00,1.36209,1.36224,1.36174,1.36191,555,10,0
2026-05-07 09:30:00+00:00,1.36191,1.36238,1.36185,1.36216,506,10,0
2026-05-07 09:45:00+00:00,1.3621699999999999,1.36231,1.36169,1.36185,642,10,0
2026-05-07 10:00:00+00:00,1.3618299999999999,1.36245,1.36164,1.36233,619,10,0
2026-05-07 10:15:00+00:00,1.36232,1.36288,1.36225,1.36284,638,10,0
2026-05-07 10:30:00+00:00,1.36284,1.36301,1.36245,1.36273,601,10,0
2026-05-07 10:45:00+00:00,1.36273,1.3628,1.36192,1.36194,789,10,0
2026-05-07 11:00:00+00:00,1.36197,1.36239,1.36118,1.3612600000000001,778,10,0
2026-05-07 11:15:00+00:00,1.3612600000000001,1.3614899999999999,1.3609200000000001,1.3611,701,10,0
2026-05-07 11:30:00+00:00,1.36108,1.3618700000000001,1.361,1.36138,667,10,0
2026-05-07 11:45:00+00:00,1.36137,1.36177,1.36113,1.36172,622,10,0
2026-05-07 12:00:00+00:00,1.36175,1.36236,1.36172,1.36221,797,10,0
2026-05-07 12:15:00+00:00,1.36222,1.36259,1.36164,1.36232,831,10,0
2026-05-07 12:30:00+00:00,1.36234,1.36283,1.36205,1.36274,646,10,0
2026-05-07 12:45:00+00:00,1.36276,1.36285,1.3622,1.36231,772,10,0
2026-05-07 13:00:00+00:00,1.36227,1.3624,1.36176,1.3621699999999999,952,10,0
2026-05-07 13:15:00+00:00,1.3621699999999999,1.36267,1.36205,1.36256,730,10,0
2026-05-07 13:30:00+00:00,1.36255,1.36277,1.36199,1.36272,901,10,0
2026-05-07 13:45:00+00:00,1.36276,1.36284,1.36147,1.36185,1233,10,0
2026-05-07 14:00:00+00:00,1.36184,1.36225,1.36132,1.36216,996,10,0
2026-05-07 14:15:00+00:00,1.3621400000000001,1.36233,1.36161,1.36202,1035,10,0
2026-05-07 14:30:00+00:00,1.36206,1.36236,1.3614899999999999,1.36178,838,10,0
2026-05-07 14:45:00+00:00,1.36177,1.36308,1.36173,1.36296,1038,10,0
2026-05-07 15:00:00+00:00,1.36296,1.36322,1.36249,1.36252,962,10,0
2026-05-07 15:15:00+00:00,1.36252,1.36289,1.3609,1.36128,1350,10,0
2026-05-07 15:30:00+00:00,1.36131,1.3618999999999999,1.36118,1.36152,1050,10,0
2026-05-07 15:45:00+00:00,1.36151,1.36165,1.36063,1.36076,962,10,0
2026-05-07 16:00:00+00:00,1.36073,1.36098,1.3599999999999999,1.36012,1099,10,0
2026-05-07 16:15:00+00:00,1.3601,1.36062,1.3596300000000001,1.36044,1017,10,0
2026-05-07 16:30:00+00:00,1.36047,1.36049,1.35957,1.35967,787,10,0
2026-05-07 16:45:00+00:00,1.35965,1.35969,1.35903,1.35941,705,10,0
2026-05-07 17:00:00+00:00,1.35941,1.3595,1.35889,1.35906,774,10,0
2026-05-07 17:15:00+00:00,1.35903,1.3591,1.35757,1.35765,1457,10,0
2026-05-07 17:30:00+00:00,1.35767,1.358,1.3568500000000001,1.35755,1418,10,0
2026-05-07 17:45:00+00:00,1.35752,1.3583,1.35728,1.35827,1057,10,0
2026-05-07 18:00:00+00:00,1.35825,1.3584399999999999,1.35781,1.3581400000000001,853,10,0
2026-05-07 18:15:00+00:00,1.3581400000000001,1.3584,1.35807,1.35823,627,10,0
2026-05-07 18:30:00+00:00,1.35823,1.35846,1.35705,1.35748,1035,10,0
2026-05-07 18:45:00+00:00,1.35751,1.35802,1.3569499999999999,1.35802,1458,10,0
2026-05-07 19:00:00+00:00,1.35805,1.35843,1.3575300000000001,1.35813,877,10,0
2026-05-07 19:15:00+00:00,1.3581400000000001,1.35824,1.3566799999999999,1.35723,1301,10,0
2026-05-07 19:30:00+00:00,1.35725,1.35798,1.35718,1.35764,633,10,0
2026-05-07 19:45:00+00:00,1.35765,1.35778,1.35612,1.35618,1080,10,0
2026-05-07 20:00:00+00:00,1.35622,1.3575599999999999,1.35605,1.35674,1017,10,0
2026-05-07 20:15:00+00:00,1.35676,1.3568,1.35608,1.3562699999999999,399,10,0
2026-05-07 20:30:00+00:00,1.3563100000000001,1.3563100000000001,1.35516,1.35537,818,10,0
2026-05-07 20:45:00+00:00,1.3554,1.3555,1.35477,1.35488,652,7,0
2026-05-07 21:00:00+00:00,1.35489,1.35489,1.35437,1.35445,162,40,0
2026-05-07 21:15:00+00:00,1.35446,1.35468,1.35431,1.35466,204,132,0
2026-05-07 21:30:00+00:00,1.35466,1.35492,1.3545099999999999,1.35489,167,84,0
2026-05-07 21:45:00+00:00,1.35489,1.35504,1.3548,1.35504,105,65,0
2026-05-07 22:00:00+00:00,1.35515,1.3552,1.35463,1.35496,314,10,0
2026-05-07 22:15:00+00:00,1.35492,1.3554,1.3548499999999999,1.3551199999999999,543,10,0
2026-05-07 22:30:00+00:00,1.35513,1.3552,1.35466,1.35481,337,10,0
2026-05-07 22:45:00+00:00,1.35481,1.35489,1.35469,1.3547,199,10,0
2026-05-07 23:00:00+00:00,1.3547,1.35492,1.35468,1.35487,223,10,0
2026-05-07 23:15:00+00:00,1.35486,1.3551,1.35486,1.35507,154,10,0
2026-05-07 23:30:00+00:00,1.35507,1.35531,1.35497,1.35531,219,10,0
2026-05-07 23:45:00+00:00,1.3553,1.35559,1.3551199999999999,1.35551,310,10,0
2026-05-08 00:00:00+00:00,1.35551,1.35608,1.35537,1.3556599999999999,778,10,0
2026-05-08 00:15:00+00:00,1.3556599999999999,1.35568,1.35484,1.35526,764,10,0
2026-05-08 00:30:00+00:00,1.35526,1.35562,1.35519,1.35528,533,10,0
2026-05-08 00:45:00+00:00,1.35528,1.35538,1.3550200000000001,1.3550499999999999,532,10,0
2026-05-08 01:00:00+00:00,1.35506,1.35567,1.35506,1.35558,711,10,0
2026-05-08 01:15:00+00:00,1.35558,1.35587,1.35532,1.35565,642,10,0
2026-05-08 01:30:00+00:00,1.35568,1.35588,1.3553899999999999,1.35557,484,10,0
2026-05-08 01:45:00+00:00,1.35558,1.35592,1.35557,1.35583,449,10,0
2026-05-08 02:00:00+00:00,1.35581,1.35601,1.35564,1.35584,421,10,0
2026-05-08 02:15:00+00:00,1.35584,1.35605,1.35562,1.35569,447,10,0
2026-05-08 02:30:00+00:00,1.35569,1.35582,1.35494,1.35526,692,10,0
2026-05-08 02:45:00+00:00,1.35529,1.35599,1.35527,1.35555,558,10,0
2026-05-08 03:00:00+00:00,1.35555,1.3558,1.35547,1.35559,378,10,0
2026-05-08 03:15:00+00:00,1.3556,1.35562,1.35525,1.35538,310,10,0
2026-05-08 03:30:00+00:00,1.35538,1.35599,1.35537,1.35588,454,10,0
2026-05-08 03:45:00+00:00,1.35588,1.35592,1.35537,1.35542,412,10,0
2026-05-08 04:00:00+00:00,1.35542,1.35569,1.35491,1.35556,531,10,0
2026-05-08 04:15:00+00:00,1.35556,1.35581,1.35534,1.35577,444,10,0
2026-05-08 04:30:00+00:00,1.35576,1.35625,1.3556300000000001,1.35623,359,10,0
2026-05-08 04:45:00+00:00,1.35622,1.35679,1.35617,1.35647,548,10,0
2026-05-08 05:00:00+00:00,1.35647,1.35689,1.35644,1.3566500000000001,509,10,0
2026-05-08 05:15:00+00:00,1.35664,1.3572899999999999,1.35663,1.3572600000000001,478,10,0
2026-05-08 05:30:00+00:00,1.3572600000000001,1.35764,1.35708,1.3573,538,10,0
2026-05-08 05:45:00+00:00,1.3573,1.3575,1.35713,1.35736,433,10,0
2026-05-08 06:00:00+00:00,1.35736,1.3581699999999999,1.35723,1.35775,849,10,0
2026-05-08 06:15:00+00:00,1.35774,1.35865,1.35774,1.35865,730,10,0
2026-05-08 06:30:00+00:00,1.35866,1.35898,1.35832,1.35885,724,10,0
2026-05-08 06:45:00+00:00,1.35886,1.35889,1.35838,1.35852,607,10,0
2026-05-08 07:00:00+00:00,1.3585,1.35888,1.3580999999999999,1.35819,895,10,0
2026-05-08 07:15:00+00:00,1.35815,1.35838,1.35773,1.35795,846,10,0
2026-05-08 07:30:00+00:00,1.35795,1.3586,1.35776,1.35845,730,10,0
2026-05-08 07:45:00+00:00,1.35845,1.3587,1.3580999999999999,1.35812,629,10,0
2026-05-08 08:00:00+00:00,1.3580999999999999,1.3587,1.35781,1.3585099999999999,723,10,0
2026-05-08 08:15:00+00:00,1.3585099999999999,1.35999,1.3585099999999999,1.35995,815,10,0
2026-05-08 08:30:00+00:00,1.35994,1.36105,1.35994,1.36089,816,10,0
2026-05-08 08:45:00+00:00,1.36086,1.36147,1.36072,1.3613,778,10,0
2026-05-08 09:00:00+00:00,1.3613,1.36198,1.36123,1.36174,680,10,0
2026-05-08 09:15:00+00:00,1.36171,1.36224,1.3615300000000001,1.36157,593,10,0
2026-05-08 09:30:00+00:00,1.36157,1.36176,1.36145,1.36151,534,10,0
2026-05-08 09:45:00+00:00,1.36151,1.36165,1.36116,1.36142,670,10,0
2026-05-08 10:00:00+00:00,1.36142,1.3618700000000001,1.36138,1.36163,501,10,0
2026-05-08 10:15:00+00:00,1.36164,1.3617,1.36133,1.36143,467,10,0
2026-05-08 10:30:00+00:00,1.36144,1.3617,1.36106,1.36106,466,10,0
2026-05-08 10:45:00+00:00,1.36106,1.3611,1.36015,1.36026,781,10,0
2026-05-08 11:00:00+00:00,1.36028,1.36052,1.35998,1.36037,734,10,0
2026-05-08 11:15:00+00:00,1.36036,1.36083,1.3602699999999999,1.36067,489,10,0
2026-05-08 11:30:00+00:00,1.3607,1.36096,1.36062,1.3608,480,10,0
2026-05-08 11:45:00+00:00,1.36077,1.3613,1.36067,1.3612199999999999,621,10,0
2026-05-08 12:00:00+00:00,1.36123,1.36134,1.36079,1.3609,799,10,0
2026-05-08 12:15:00+00:00,1.36089,1.3614899999999999,1.36062,1.36109,784,10,0
2026-05-08 12:30:00+00:00,1.36121,1.3624,1.36009,1.36202,1484,10,0
2026-05-08 12:45:00+00:00,1.36205,1.3621699999999999,1.3612,1.36135,1066,10,0
2026-05-08 13:00:00+00:00,1.36131,1.36165,1.36056,1.36076,1271,10,0
2026-05-08 13:15:00+00:00,1.36076,1.36215,1.36064,1.36202,898,10,0
2026-05-08 13:30:00+00:00,1.36204,1.3630499999999999,1.36194,1.36242,1246,10,0
2026-05-08 13:45:00+00:00,1.3624399999999999,1.36281,1.36215,1.3625099999999999,949,10,0
2026-05-08 14:00:00+00:00,1.36253,1.36265,1.3609499999999999,1.36172,1033,10,0
2026-05-08 14:15:00+00:00,1.36173,1.36208,1.36105,1.36113,1045,10,0
2026-05-08 14:30:00+00:00,1.36109,1.36219,1.3609499999999999,1.36186,1063,10,0
2026-05-08 14:45:00+00:00,1.36186,1.36272,1.36173,1.36247,1138,10,0
2026-05-08 15:00:00+00:00,1.36247,1.36287,1.3618000000000001,1.36199,1186,10,0
2026-05-08 15:15:00+00:00,1.36196,1.36257,1.36165,1.36257,841,10,0
2026-05-08 15:30:00+00:00,1.36255,1.36288,1.3620700000000001,1.3624100000000001,1031,10,0
2026-05-08 15:45:00+00:00,1.36242,1.36284,1.36224,1.36234,808,10,0
2026-05-08 16:00:00+00:00,1.36232,1.36307,1.36213,1.36234,812,10,0
2026-05-08 16:15:00+00:00,1.36233,1.36276,1.36232,1.36265,416,10,0
2026-05-08 16:30:00+00:00,1.36267,1.36274,1.36163,1.36185,520,10,0
2026-05-08 16:45:00+00:00,1.36185,1.36203,1.36154,1.36166,571,10,0
2026-05-08 17:00:00+00:00,1.36165,1.36198,1.36157,1.36176,420,10,0
2026-05-08 17:15:00+00:00,1.36174,1.36234,1.36173,1.36211,570,10,0
2026-05-08 17:30:00+00:00,1.36212,1.36225,1.36191,1.36204,406,10,0
2026-05-08 17:45:00+00:00,1.36201,1.36236,1.36189,1.36192,413,10,0
2026-05-08 18:00:00+00:00,1.36192,1.36307,1.36173,1.36293,779,10,0
2026-05-08 18:15:00+00:00,1.36292,1.36297,1.36238,1.36254,476,10,0
2026-05-08 18:30:00+00:00,1.36253,1.36264,1.36212,1.36224,400,10,0
2026-05-08 18:45:00+00:00,1.36224,1.3625,1.3618700000000001,1.36215,538,10,0
2026-05-08 19:00:00+00:00,1.3621400000000001,1.3626,1.36211,1.36246,476,10,0
2026-05-08 19:15:00+00:00,1.36247,1.36264,1.3624100000000001,1.36253,355,10,0
2026-05-08 19:30:00+00:00,1.36253,1.36283,1.36238,1.36272,505,10,0
2026-05-08 19:45:00+00:00,1.36272,1.36286,1.36216,1.36276,499,10,0
2026-05-08 20:00:00+00:00,1.36277,1.3632900000000001,1.36266,1.36316,412,10,0
2026-05-08 20:15:00+00:00,1.36316,1.3633199999999999,1.3630200000000001,1.3633,233,10,0
2026-05-08 20:30:00+00:00,1.36328,1.36335,1.36292,1.36318,233,10,0
2026-05-08 20:45:00+00:00,1.36318,1.36365,1.36277,1.36322,490,10,0
2026-05-10 21:00:00+00:00,1.35491,1.35522,1.35436,1.35522,127,140,0
2026-05-10 21:15:00+00:00,1.35523,1.35608,1.355,1.35549,255,111,0
2026-05-10 21:30:00+00:00,1.3555,1.35676,1.3553899999999999,1.35642,260,133,0
2026-05-10 21:45:00+00:00,1.35642,1.35703,1.3553600000000001,1.35657,238,47,0
2026-05-10 22:00:00+00:00,1.35673,1.35862,1.35672,1.35832,570,10,0
2026-05-10 22:15:00+00:00,1.35833,1.3584800000000001,1.35765,1.3584800000000001,475,10,0
2026-05-10 22:30:00+00:00,1.3584399999999999,1.35876,1.35833,1.3586,417,10,0
2026-05-10 22:45:00+00:00,1.3586,1.35898,1.35854,1.35894,245,10,0
2026-05-10 23:00:00+00:00,1.35893,1.3592,1.35893,1.3590200000000001,203,10,0
2026-05-10 23:15:00+00:00,1.3590200000000001,1.35948,1.3590200000000001,1.35931,223,10,0
2026-05-10 23:30:00+00:00,1.35931,1.35965,1.35916,1.35955,296,10,0
2026-05-10 23:45:00+00:00,1.35955,1.35968,1.35922,1.3593600000000001,354,10,0
2026-05-11 00:00:00+00:00,1.35934,1.35987,1.35915,1.35952,646,10,0
2026-05-11 00:15:00+00:00,1.35954,1.35995,1.35934,1.35987,471,10,0
2026-05-11 00:30:00+00:00,1.35987,1.36007,1.3597000000000001,1.35979,438,10,0
2026-05-11 00:45:00+00:00,1.3598,1.35987,1.35903,1.35985,769,10,0
2026-05-11 01:00:00+00:00,1.35988,1.36003,1.35924,1.35968,881,10,0
2026-05-11 01:15:00+00:00,1.35967,1.35995,1.35953,1.35986,524,10,0
2026-05-11 01:30:00+00:00,1.35986,1.35998,1.35893,1.35923,650,10,0
2026-05-11 01:45:00+00:00,1.35923,1.3594300000000001,1.35898,1.35928,468,10,0
2026-05-11 02:00:00+00:00,1.35928,1.35959,1.35925,1.35952,488,10,0
2026-05-11 02:15:00+00:00,1.3595,1.35972,1.35937,1.35968,335,10,0
2026-05-11 02:30:00+00:00,1.35967,1.35978,1.35922,1.35926,423,10,0
2026-05-11 02:45:00+00:00,1.35926,1.35946,1.35896,1.35901,368,10,0
2026-05-11 03:00:00+00:00,1.35897,1.3592,1.3587799999999999,1.35919,422,10,0
2026-05-11 03:15:00+00:00,1.3592,1.35923,1.35897,1.3591,381,10,0
2026-05-11 03:30:00+00:00,1.3590900000000001,1.35929,1.359,1.35929,310,10,0
2026-05-11 03:45:00+00:00,1.35928,1.35937,1.35884,1.35887,348,10,0
2026-05-11 04:00:00+00:00,1.35887,1.359,1.35881,1.35892,326,10,0
2026-05-11 04:15:00+00:00,1.35892,1.35898,1.3587500000000001,1.3588,266,10,0
2026-05-11 04:30:00+00:00,1.35881,1.35892,1.3584399999999999,1.3584399999999999,288,10,0
2026-05-11 04:45:00+00:00,1.35845,1.3585099999999999,1.3578700000000001,1.35804,326,10,0
2026-05-11 05:00:00+00:00,1.35806,1.35867,1.35804,1.35861,390,10,0
2026-05-11 05:15:00+00:00,1.35861,1.35883,1.35852,1.35854,343,10,0
2026-05-11 05:30:00+00:00,1.35853,1.35869,1.35807,1.35823,350,10,0
2026-05-11 05:45:00+00:00,1.35826,1.35845,1.35794,1.35835,516,10,0
2026-05-11 06:00:00+00:00,1.35838,1.35945,1.35838,1.35914,738,10,0
2026-05-11 06:15:00+00:00,1.35914,1.35918,1.35803,1.35858,830,10,0
2026-05-11 06:30:00+00:00,1.35859,1.35931,1.3584,1.35924,729,10,0
2026-05-11 06:45:00+00:00,1.35925,1.35987,1.35883,1.35987,593,10,0
2026-05-11 07:00:00+00:00,1.35989,1.36025,1.35958,1.35993,961,10,0
2026-05-11 07:15:00+00:00,1.35993,1.3603100000000001,1.35972,1.36002,664,10,0
2026-05-11 07:30:00+00:00,1.35999,1.36023,1.35972,1.36007,629,10,0
2026-05-11 07:45:00+00:00,1.36007,1.3602400000000001,1.35961,1.3599,533,10,0
2026-05-11 08:00:00+00:00,1.35991,1.36035,1.35978,1.36015,583,10,0
2026-05-11 08:15:00+00:00,1.36014,1.36139,1.36014,1.36112,801,10,0
2026-05-11 08:30:00+00:00,1.36111,1.36138,1.3608,1.36087,620,10,0
2026-05-11 08:45:00+00:00,1.36087,1.36118,1.36066,1.36072,603,10,0
2026-05-11 09:00:00+00:00,1.36071,1.36121,1.36069,1.36086,532,10,0
2026-05-11 09:15:00+00:00,1.36086,1.36104,1.36055,1.36057,485,10,0
2026-05-11 09:30:00+00:00,1.36055,1.36087,1.36014,1.36038,528,10,0
2026-05-11 09:45:00+00:00,1.36037,1.36049,1.35986,1.35988,514,10,0
2026-05-11 10:00:00+00:00,1.35987,1.3599,1.3591,1.3593899999999999,646,10,0
2026-05-11 10:15:00+00:00,1.35935,1.36002,1.3593199999999999,1.35995,456,10,0
2026-05-11 10:30:00+00:00,1.35995,1.36041,1.35856,1.35927,1199,10,0
2026-05-11 10:45:00+00:00,1.35927,1.36006,1.35853,1.35884,1367,10,0
2026-05-11 11:00:00+00:00,1.35886,1.36107,1.35873,1.36098,1217,10,0
2026-05-11 11:15:00+00:00,1.3609499999999999,1.3612,1.36062,1.36114,520,10,0
2026-05-11 11:30:00+00:00,1.36117,1.36143,1.36073,1.3609499999999999,836,10,0
2026-05-11 11:45:00+00:00,1.3609499999999999,1.36132,1.3600400000000001,1.3606500000000001,777,10,0
2026-05-11 12:00:00+00:00,1.36068,1.36078,1.36002,1.36019,871,10,0
2026-05-11 12:15:00+00:00,1.3602,1.3615300000000001,1.35993,1.36115,856,10,0
2026-05-11 12:30:00+00:00,1.36112,1.36142,1.36075,1.36106,804,10,0
2026-05-11 12:45:00+00:00,1.36106,1.3611,1.36036,1.36107,848,10,0
2026-05-11 13:00:00+00:00,1.36109,1.36222,1.36103,1.36202,838,10,0
2026-05-11 13:15:00+00:00,1.36204,1.3623,1.36191,1.36202,684,10,0
2026-05-11 13:30:00+00:00,1.3620700000000001,1.36294,1.36189,1.36282,944,10,0
2026-05-11 13:45:00+00:00,1.3628,1.36288,1.36227,1.36232,749,10,0
2026-05-11 14:00:00+00:00,1.36236,1.36255,1.36165,1.36242,796,10,0
2026-05-11 14:15:00+00:00,1.3624399999999999,1.36277,1.36225,1.3624399999999999,806,10,0
2026-05-11 14:30:00+00:00,1.36245,1.36298,1.3617,1.36272,1225,10,0
2026-05-11 14:45:00+00:00,1.3627,1.36392,1.3620999999999999,1.36387,1234,10,0
2026-05-11 15:00:00+00:00,1.36385,1.36442,1.36368,1.36385,1110,10,0
2026-05-11 15:15:00+00:00,1.36384,1.36528,1.36378,1.3647,888,10,0
2026-05-11 15:30:00+00:00,1.36467,1.36509,1.36435,1.36453,902,10,0
2026-05-11 15:45:00+00:00,1.36449,1.3651900000000001,1.36435,1.36491,852,10,0
2026-05-11 16:00:00+00:00,1.36494,1.3649499999999999,1.36444,1.36463,559,10,0
2026-05-11 16:15:00+00:00,1.36464,1.36467,1.36405,1.36415,529,10,0
2026-05-11 16:30:00+00:00,1.36416,1.36469,1.3637299999999999,1.36419,851,10,0
2026-05-11 16:45:00+00:00,1.36421,1.36442,1.36375,1.3641,783,10,0
2026-05-11 17:00:00+00:00,1.3641,1.3642,1.36354,1.3641,796,10,0
2026-05-11 17:15:00+00:00,1.36406,1.3644,1.36404,1.36425,587,10,0
2026-05-11 17:30:00+00:00,1.36422,1.3645,1.36403,1.36406,414,10,0
2026-05-11 17:45:00+00:00,1.36407,1.36437,1.36399,1.36422,400,10,0
2026-05-11 18:00:00+00:00,1.36423,1.36441,1.36399,1.36403,457,10,0
2026-05-11 18:15:00+00:00,1.36403,1.36419,1.36359,1.3636599999999999,542,10,0
2026-05-11 18:30:00+00:00,1.36365,1.36367,1.36294,1.36294,443,10,0
2026-05-11 18:45:00+00:00,1.36294,1.3631199999999999,1.36269,1.36285,542,10,0
2026-05-11 19:00:00+00:00,1.36287,1.36296,1.36263,1.3627,508,10,0
2026-05-11 19:15:00+00:00,1.3627099999999999,1.36289,1.36195,1.36218,469,10,0
2026-05-11 19:30:00+00:00,1.36218,1.36249,1.36196,1.36209,520,10,0
2026-05-11 19:45:00+00:00,1.3620700000000001,1.3621400000000001,1.36164,1.36175,533,10,0
2026-05-11 20:00:00+00:00,1.36177,1.36199,1.36067,1.36127,640,10,0
2026-05-11 20:15:00+00:00,1.36127,1.3615,1.36105,1.36138,349,10,0
2026-05-11 20:30:00+00:00,1.36138,1.36148,1.36083,1.36097,367,10,0
2026-05-11 20:45:00+00:00,1.36094,1.3614600000000001,1.36089,1.3609499999999999,325,4,0
2026-05-11 21:00:00+00:00,1.36093,1.36098,1.3607,1.36084,96,20,0
2026-05-11 21:15:00+00:00,1.36081,1.36086,1.36056,1.36079,192,75,0
2026-05-11 21:30:00+00:00,1.3608,1.36091,1.36035,1.36037,245,62,0
2026-05-11 21:45:00+00:00,1.36038,1.36072,1.36028,1.36069,216,86,0
2026-05-11 22:00:00+00:00,1.36071,1.3608500000000001,1.3606,1.36078,134,10,0
2026-05-11 22:15:00+00:00,1.36078,1.36096,1.36075,1.36084,169,10,0
2026-05-11 22:30:00+00:00,1.3608,1.3609499999999999,1.36075,1.36087,151,10,0
2026-05-11 22:45:00+00:00,1.36087,1.3608799999999999,1.36068,1.36071,116,10,0
2026-05-11 23:00:00+00:00,1.36074,1.36098,1.36067,1.36084,163,10,0
2026-05-11 23:15:00+00:00,1.36083,1.36086,1.36064,1.36064,96,10,0
2026-05-11 23:30:00+00:00,1.3606500000000001,1.36079,1.36044,1.3605,139,10,0
2026-05-11 23:45:00+00:00,1.3605,1.3606099999999999,1.36022,1.36036,287,10,0
2026-05-12 00:00:00+00:00,1.36036,1.36037,1.3599,1.36029,558,10,0
2026-05-12 00:15:00+00:00,1.36028,1.36046,1.35986,1.36018,440,10,0
2026-05-12 00:30:00+00:00,1.36018,1.36029,1.35974,1.35979,415,10,0
2026-05-12 00:45:00+00:00,1.35978,1.36003,1.35927,1.35937,533,10,0
2026-05-12 01:00:00+00:00,1.35933,1.35955,1.3590499999999999,1.35908,505,10,0
2026-05-12 01:15:00+00:00,1.3590900000000001,1.35918,1.35839,1.35849,555,10,0
2026-05-12 01:30:00+00:00,1.3585099999999999,1.35919,1.35795,1.35853,905,10,0
2026-05-12 01:45:00+00:00,1.3585099999999999,1.35882,1.35824,1.35866,643,10,0
2026-05-12 02:00:00+00:00,1.3587,1.3590900000000001,1.35855,1.35891,544,10,0
2026-05-12 02:15:00+00:00,1.35893,1.35898,1.35856,1.3587500000000001,405,10,0
2026-05-12 02:30:00+00:00,1.35874,1.3589,1.35852,1.3587,371,10,0
2026-05-12 02:45:00+00:00,1.3587099999999999,1.35926,1.35868,1.3590499999999999,403,10,0
2026-05-12 03:00:00+00:00,1.35903,1.35918,1.35856,1.35884,414,10,0
2026-05-12 03:15:00+00:00,1.35884,1.35892,1.35839,1.3584800000000001,302,10,0
2026-05-12 03:30:00+00:00,1.3584800000000001,1.35858,1.35827,1.35858,346,10,0
2026-05-12 03:45:00+00:00,1.35858,1.35859,1.35811,1.35827,303,10,0
2026-05-12 04:00:00+00:00,1.35828,1.35838,1.35794,1.35798,416,10,0
2026-05-12 04:15:00+00:00,1.35798,1.35825,1.35797,1.3580999999999999,305,10,0
2026-05-12 04:30:00+00:00,1.35809,1.35864,1.35809,1.35858,313,10,0
2026-05-12 04:45:00+00:00,1.35858,1.35865,1.35835,1.3584100000000001,367,10,0
2026-05-12 05:00:00+00:00,1.3584399999999999,1.35859,1.35725,1.35736,527,10,0
2026-05-12 05:15:00+00:00,1.35738,1.35778,1.3573,1.35741,538,10,0
2026-05-12 05:30:00+00:00,1.35741,1.35751,1.35707,1.35714,465,10,0
2026-05-12 05:45:00+00:00,1.35714,1.35785,1.3568500000000001,1.35736,1018,10,0
2026-05-12 06:00:00+00:00,1.3574,1.35797,1.35675,1.35705,1059,10,0
2026-05-12 06:15:00+00:00,1.35702,1.3571,1.35583,1.35591,801,10,0
2026-05-12 06:30:00+00:00,1.35592,1.3563399999999999,1.35527,1.35537,837,10,0
2026-05-12 06:45:00+00:00,1.3553899999999999,1.35554,1.35438,1.35452,733,10,0
2026-05-12 07:00:00+00:00,1.35454,1.355,1.35317,1.3536000000000001,1273,10,0
2026-05-12 07:15:00+00:00,1.35361,1.35413,1.35325,1.35357,893,10,0
2026-05-12 07:30:00+00:00,1.35357,1.35362,1.35195,1.35198,903,10,0
2026-05-12 07:45:00+00:00,1.3519999999999999,1.35214,1.3514300000000001,1.35179,1039,10,0
2026-05-12 08:00:00+00:00,1.35181,1.35192,1.3501699999999999,1.35026,920,10,0
2026-05-12 08:15:00+00:00,1.35028,1.35359,1.35022,1.35148,1461,10,0
2026-05-12 08:30:00+00:00,1.35148,1.3517000000000001,1.35055,1.351,1149,10,0
2026-05-12 08:45:00+00:00,1.35098,1.35344,1.35097,1.35297,2480,10,0
2026-05-12 09:00:00+00:00,1.35293,1.35349,1.35216,1.35287,1161,10,0
2026-05-12 09:15:00+00:00,1.35284,1.35352,1.35254,1.35352,844,10,0
2026-05-12 09:30:00+00:00,1.35354,1.35483,1.35313,1.35382,1831,10,0
2026-05-12 09:45:00+00:00,1.35384,1.3544100000000001,1.35361,1.3538700000000001,1126,10,0
2026-05-12 10:00:00+00:00,1.35384,1.3542399999999999,1.35362,1.3541400000000001,704,10,0
2026-05-12 10:15:00+00:00,1.3541400000000001,1.35468,1.35388,1.35465,618,10,0
2026-05-12 10:30:00+00:00,1.35466,1.35527,1.3542399999999999,1.35435,735,10,0
2026-05-12 10:45:00+00:00,1.35435,1.35466,1.3532,1.3532600000000001,821,10,0
2026-05-12 11:00:00+00:00,1.3532600000000001,1.35429,1.35222,1.35317,1136,10,0
2026-05-12 11:15:00+00:00,1.35316,1.35384,1.35288,1.35357,795,10,0
2026-05-12 11:30:00+00:00,1.35361,1.35438,1.35355,1.35409,699,10,0
2026-05-12 11:45:00+00:00,1.35409,1.3544800000000001,1.3526,1.3532,1066,10,0
2026-05-12 12:00:00+00:00,1.35324,1.35332,1.35203,1.3525,990,10,0
2026-05-12 12:15:00+00:00,1.35249,1.35267,1.35178,1.3524,925,10,0
2026-05-12 12:30:00+00:00,1.35242,1.35332,1.35126,1.35331,1676,10,0
2026-05-12 12:45:00+00:00,1.3533,1.35428,1.3528,1.35368,1156,10,0
2026-05-12 13:00:00+00:00,1.35371,1.35425,1.35283,1.35283,1149,10,0
2026-05-12 13:15:00+00:00,1.35282,1.35282,1.35172,1.35226,1233,10,0
2026-05-12 13:30:00+00:00,1.35224,1.35313,1.35171,1.35196,1505,10,0
2026-05-12 13:45:00+00:00,1.35196,1.35241,1.35069,1.35106,1372,10,0
2026-05-12 14:00:00+00:00,1.35108,1.35369,1.35102,1.35317,1709,10,0
2026-05-12 14:15:00+00:00,1.3531900000000001,1.35333,1.35221,1.35279,1178,10,0
2026-05-12 14:30:00+00:00,1.3528,1.35282,1.35191,1.35245,1369,10,0
2026-05-12 14:45:00+00:00,1.35242,1.35244,1.35126,1.3523800000000001,1268,10,0
2026-05-12 15:00:00+00:00,1.35242,1.3525,1.35142,1.35148,1322,10,0
2026-05-12 15:15:00+00:00,1.35145,1.3516599999999999,1.34998,1.35054,1300,10,0
2026-05-12 15:30:00+00:00,1.35056,1.35245,1.35052,1.35235,1198,10,0
2026-05-12 15:45:00+00:00,1.35236,1.35283,1.35199,1.3526099999999999,898,10,0
2026-05-12 16:00:00+00:00,1.3526,1.35301,1.35224,1.35289,916,10,0
2026-05-12 16:15:00+00:00,1.35287,1.35307,1.35205,1.35227,744,10,0
2026-05-12 16:30:00+00:00,1.35227,1.35253,1.35175,1.35211,864,10,0
2026-05-12 16:45:00+00:00,1.3521,1.3524,1.3514599999999999,1.3518,835,10,0
2026-05-12 17:00:00+00:00,1.3517700000000001,1.35255,1.3517000000000001,1.35227,773,10,0
2026-05-12 17:15:00+00:00,1.35227,1.35283,1.3520699999999999,1.35228,685,10,0
2026-05-12 17:30:00+00:00,1.35228,1.35247,1.3520400000000001,1.35215,521,10,0
2026-05-12 17:45:00+00:00,1.35213,1.35232,1.35174,1.35226,651,10,0
2026-05-12 18:00:00+00:00,1.35228,1.35249,1.35157,1.35218,864,10,0
2026-05-12 18:15:00+00:00,1.35218,1.3528,1.35215,1.3526500000000001,643,10,0
2026-05-12 18:30:00+00:00,1.35266,1.35321,1.35262,1.35281,664,10,0
2026-05-12 18:45:00+00:00,1.35282,1.3532899999999999,1.35254,1.35316,620,10,0
2026-05-12 19:00:00+00:00,1.35316,1.35409,1.35316,1.35396,513,10,0
2026-05-12 19:15:00+00:00,1.35396,1.35407,1.3535599999999999,1.35376,514,10,0
2026-05-12 19:30:00+00:00,1.35377,1.35438,1.35377,1.35415,532,10,0
2026-05-12 19:45:00+00:00,1.3541400000000001,1.35435,1.35384,1.35393,536,10,0
2026-05-12 20:00:00+00:00,1.35394,1.35408,1.35367,1.35391,286,10,0
2026-05-12 20:15:00+00:00,1.3538999999999999,1.35402,1.35364,1.35366,208,10,0
2026-05-12 20:30:00+00:00,1.35367,1.35372,1.35355,1.35358,205,10,0
2026-05-12 20:45:00+00:00,1.35357,1.35412,1.35354,1.3538700000000001,303,10,0
2026-05-12 21:00:00+00:00,1.3538999999999999,1.35395,1.35327,1.35358,89,33,0
2026-05-12 21:15:00+00:00,1.35355,1.3535599999999999,1.3533,1.35331,253,77,0
2026-05-12 21:30:00+00:00,1.3532899999999999,1.3537,1.3532600000000001,1.35366,218,55,0
2026-05-12 21:45:00+00:00,1.35366,1.35368,1.35346,1.35361,206,48,0
2026-05-12 22:00:00+00:00,1.35366,1.35419,1.35365,1.35372,189,10,0
2026-05-12 22:15:00+00:00,1.35372,1.35399,1.35372,1.35391,165,10,0
2026-05-12 22:30:00+00:00,1.35392,1.35406,1.35382,1.35395,87,10,0
2026-05-12 22:45:00+00:00,1.35395,1.35408,1.35394,1.35397,94,10,0
2026-05-12 23:00:00+00:00,1.35398,1.35423,1.35395,1.35397,100,10,0
2026-05-12 23:15:00+00:00,1.35397,1.35398,1.35381,1.35395,125,10,0
2026-05-12 23:30:00+00:00,1.35395,1.35405,1.35362,1.35364,134,10,0
2026-05-12 23:45:00+00:00,1.35365,1.3538000000000001,1.3534,1.35346,265,10,0
2026-05-13 00:00:00+00:00,1.35344,1.35389,1.35302,1.35306,620,10,0
2026-05-13 00:15:00+00:00,1.35306,1.35366,1.35306,1.35331,631,10,0
2026-05-13 00:30:00+00:00,1.3533,1.35349,1.35306,1.35333,514,10,0
2026-05-13 00:45:00+00:00,1.35333,1.35369,1.35297,1.3536299999999999,555,10,0
2026-05-13 01:00:00+00:00,1.35364,1.3538299999999999,1.35306,1.35308,607,10,0
2026-05-13 01:15:00+00:00,1.35307,1.3536299999999999,1.35277,1.35354,702,10,0
2026-05-13 01:30:00+00:00,1.3535300000000001,1.35395,1.35337,1.3538700000000001,615,10,0
2026-05-13 01:45:00+00:00,1.35388,1.3545099999999999,1.35384,1.3541,550,10,0
2026-05-13 02:00:00+00:00,1.35406,1.35459,1.35384,1.35388,535,10,0
2026-05-13 02:15:00+00:00,1.35385,1.35392,1.3536299999999999,1.3538700000000001,412,10,0
2026-05-13 02:30:00+00:00,1.3538999999999999,1.35408,1.35373,1.35391,349,10,0
2026-05-13 02:45:00+00:00,1.35393,1.354,1.35365,1.35376,419,10,0
2026-05-13 03:00:00+00:00,1.35376,1.35385,1.35305,1.35345,593,10,0
2026-05-13 03:15:00+00:00,1.35345,1.35357,1.3532600000000001,1.35352,401,10,0
2026-05-13 03:30:00+00:00,1.35355,1.354,1.35352,1.35377,385,10,0
2026-05-13 03:45:00+00:00,1.35377,1.35389,1.35351,1.35376,353,10,0
2026-05-13 04:00:00+00:00,1.35377,1.3538000000000001,1.35332,1.35344,282,10,0
2026-05-13 04:15:00+00:00,1.35344,1.3535599999999999,1.35332,1.35336,289,10,0
2026-05-13 04:30:00+00:00,1.35335,1.35347,1.35316,1.35324,272,10,0
2026-05-13 04:45:00+00:00,1.3532600000000001,1.35349,1.35324,1.35336,282,10,0
2026-05-13 05:00:00+00:00,1.35336,1.35406,1.35331,1.35393,419,10,0
2026-05-13 05:15:00+00:00,1.35393,1.35445,1.35372,1.35433,442,10,0
2026-05-13 05:30:00+00:00,1.35436,1.35466,1.35422,1.35442,476,10,0
2026-05-13 05:45:00+00:00,1.3544100000000001,1.35491,1.3544100000000001,1.3548200000000001,543,10,0
2026-05-13 06:00:00+00:00,1.35486,1.3550900000000001,1.3538299999999999,1.35406,799,10,0
2026-05-13 06:15:00+00:00,1.35405,1.35437,1.35346,1.35406,672,10,0
2026-05-13 06:30:00+00:00,1.35402,1.35415,1.35328,1.35345,677,10,0
2026-05-13 06:45:00+00:00,1.35348,1.35352,1.35232,1.35276,779,10,0
2026-05-13 07:00:00+00:00,1.35275,1.35367,1.3523399999999999,1.3526799999999999,1001,10,0
2026-05-13 07:15:00+00:00,1.3526799999999999,1.3532199999999999,1.35251,1.35315,773,10,0
2026-05-13 07:30:00+00:00,1.35314,1.35327,1.35217,1.35253,762,10,0
2026-05-13 07:45:00+00:00,1.35254,1.3529499999999999,1.35194,1.35205,856,10,0
2026-05-13 08:00:00+00:00,1.35201,1.35266,1.35183,1.35262,787,10,0
2026-05-13 08:15:00+00:00,1.35262,1.35325,1.35246,1.35324,573,10,0
2026-05-13 08:30:00+00:00,1.35325,1.3532899999999999,1.35244,1.35255,509,10,0
2026-05-13 08:45:00+00:00,1.35255,1.35338,1.3520400000000001,1.3523800000000001,1243,10,0
2026-05-13 09:00:00+00:00,1.35242,1.35248,1.35149,1.35211,882,10,0
2026-05-13 09:15:00+00:00,1.35211,1.3522,1.35108,1.3511199999999999,706,10,0
2026-05-13 09:30:00+00:00,1.3511,1.35178,1.3507799999999999,1.35088,696,10,0
2026-05-13 09:45:00+00:00,1.35086,1.35182,1.35063,1.35175,627,10,0
2026-05-13 10:00:00+00:00,1.3517700000000001,1.35217,1.34935,1.35094,1908,10,0
2026-05-13 10:15:00+00:00,1.35094,1.35211,1.34996,1.35084,1820,10,0
2026-05-13 10:30:00+00:00,1.3508499999999999,1.35151,1.35034,1.3513600000000001,840,10,0
2026-05-13 10:45:00+00:00,1.3513600000000001,1.3519700000000001,1.35054,1.35068,948,10,0
2026-05-13 11:00:00+00:00,1.35068,1.351,1.34991,1.35038,942,10,0
2026-05-13 11:15:00+00:00,1.35038,1.35077,1.35032,1.35061,523,10,0
2026-05-13 11:30:00+00:00,1.35064,1.35095,1.35046,1.35055,509,10,0
2026-05-13 11:45:00+00:00,1.35052,1.35072,1.35009,1.35031,650,10,0
2026-05-13 12:00:00+00:00,1.35027,1.35099,1.35027,1.3504800000000001,633,10,0
2026-05-13 12:15:00+00:00,1.3504800000000001,1.3504800000000001,1.3493,1.34931,910,10,0
2026-05-13 12:30:00+00:00,1.34935,1.34978,1.3483800000000001,1.34931,1369,10,0
2026-05-13 12:45:00+00:00,1.34932,1.34932,1.34856,1.3489900000000001,829,10,0
2026-05-13 13:00:00+00:00,1.34901,1.34996,1.34901,1.34952,934,10,0
2026-05-13 13:15:00+00:00,1.34952,1.34992,1.34925,1.34966,743,10,0
2026-05-13 13:30:00+00:00,1.34965,1.35131,1.3495599999999999,1.35122,1526,10,0
2026-05-13 13:45:00+00:00,1.35119,1.35174,1.35072,1.35134,1149,10,0
2026-05-13 14:00:00+00:00,1.35135,1.35202,1.35106,1.35183,1133,10,0
2026-05-13 14:15:00+00:00,1.35185,1.35188,1.35114,1.35149,796,10,0
2026-05-13 14:30:00+00:00,1.3514599999999999,1.35175,1.35063,1.35064,790,10,0
2026-05-13 14:45:00+00:00,1.35065,1.35169,1.3504399999999999,1.3513,1218,10,0
2026-05-13 15:00:00+00:00,1.35131,1.35193,1.35117,1.35126,882,10,0
2026-05-13 15:15:00+00:00,1.35126,1.35178,1.35126,1.35176,682,10,0
2026-05-13 15:30:00+00:00,1.3517700000000001,1.3529,1.35144,1.35256,953,10,0
2026-05-13 15:45:00+00:00,1.3525800000000001,1.35278,1.35172,1.35186,783,10,0
2026-05-13 16:00:00+00:00,1.35184,1.35248,1.35167,1.35216,792,10,0
2026-05-13 16:15:00+00:00,1.35217,1.35274,1.35181,1.35242,911,10,0
2026-05-13 16:30:00+00:00,1.35242,1.35255,1.35169,1.35169,768,10,0
2026-05-13 16:45:00+00:00,1.3517000000000001,1.35196,1.35118,1.3514599999999999,608,10,0
2026-05-13 17:00:00+00:00,1.3514599999999999,1.35189,1.35132,1.3516599999999999,489,10,0
2026-05-13 17:15:00+00:00,1.35163,1.3517700000000001,1.35142,1.35163,423,10,0
2026-05-13 17:30:00+00:00,1.35164,1.3517299999999999,1.35132,1.35138,396,10,0
2026-05-13 17:45:00+00:00,1.35138,1.35148,1.35103,1.35117,524,10,0
2026-05-13 18:00:00+00:00,1.35118,1.35167,1.3511199999999999,1.35147,503,10,0
2026-05-13 18:15:00+00:00,1.35148,1.35171,1.35135,1.35161,509,10,0
2026-05-13 18:30:00+00:00,1.35161,1.35193,1.35153,1.35174,556,10,0
2026-05-13 18:45:00+00:00,1.35174,1.35199,1.35108,1.35178,724,10,0
2026-05-13 19:00:00+00:00,1.3517700000000001,1.35208,1.35175,1.35201,418,10,0
2026-05-13 19:15:00+00:00,1.35205,1.35222,1.3519,1.3522,449,10,0
2026-05-13 19:30:00+00:00,1.35219,1.3524,1.3520400000000001,1.35219,410,10,0
2026-05-13 19:45:00+00:00,1.35219,1.35233,1.3519700000000001,1.35222,483,10,0
2026-05-13 20:00:00+00:00,1.35219,1.35245,1.35198,1.35239,562,10,0
2026-05-13 20:15:00+00:00,1.3523800000000001,1.35262,1.3523800000000001,1.35249,243,10,0
2026-05-13 20:30:00+00:00,1.35247,1.35253,1.35218,1.3523800000000001,211,10,0
2026-05-13 20:45:00+00:00,1.35236,1.35244,1.3522,1.35223,213,10,0
2026-05-13 21:00:00+00:00,1.35223,1.3523100000000001,1.35211,1.35215,62,13,0
2026-05-13 21:15:00+00:00,1.35218,1.35227,1.35187,1.35212,139,20,0
2026-05-13 21:30:00+00:00,1.35213,1.35224,1.35201,1.3520699999999999,257,22,0
2026-05-13 21:45:00+00:00,1.35206,1.35213,1.35186,1.35196,272,29,0
2026-05-13 22:00:00+00:00,1.35201,1.35289,1.3519999999999999,1.35286,234,10,0
2026-05-13 22:15:00+00:00,1.35286,1.35308,1.35275,1.35296,166,10,0
2026-05-13 22:30:00+00:00,1.35296,1.3531900000000001,1.35296,1.3531,85,10,0
2026-05-13 22:45:00+00:00,1.3531,1.35311,1.35264,1.3526799999999999,200,10,0
2026-05-13 23:00:00+00:00,1.35271,1.3529200000000001,1.3523,1.35288,300,10,0
2026-05-13 23:15:00+00:00,1.35286,1.3529,1.35276,1.35277,209,10,0
2026-05-13 23:30:00+00:00,1.35276,1.35278,1.35254,1.3526500000000001,207,10,0
2026-05-13 23:45:00+00:00,1.3526500000000001,1.35269,1.35253,1.35264,194,10,0
2026-05-14 00:00:00+00:00,1.35264,1.35294,1.35242,1.35291,478,10,0
2026-05-14 00:15:00+00:00,1.35293,1.35323,1.35274,1.35298,513,10,0
2026-05-14 00:30:00+00:00,1.35298,1.3531900000000001,1.35271,1.35283,371,10,0
2026-05-14 00:45:00+00:00,1.35283,1.353,1.35274,1.3529200000000001,430,10,0
2026-05-14 01:00:00+00:00,1.35289,1.35304,1.35256,1.35271,620,10,0
2026-05-14 01:15:00+00:00,1.3526799999999999,1.35286,1.35257,1.35273,452,10,0
2026-05-14 01:30:00+00:00,1.35269,1.35307,1.35263,1.35274,509,10,0
2026-05-14 01:45:00+00:00,1.35275,1.35275,1.35202,1.35216,464,10,0
2026-05-14 02:00:00+00:00,1.35214,1.35255,1.35211,1.35233,437,10,0
2026-05-14 02:15:00+00:00,1.3523399999999999,1.35257,1.35213,1.35256,346,10,0
2026-05-14 02:30:00+00:00,1.35257,1.35262,1.35235,1.35244,325,10,0
2026-05-14 02:45:00+00:00,1.35245,1.35247,1.3522,1.3523100000000001,416,10,0
2026-05-14 03:00:00+00:00,1.35233,1.35248,1.35219,1.35244,357,10,0
2026-05-14 03:15:00+00:00,1.3524,1.3529,1.35237,1.35287,337,10,0
2026-05-14 03:30:00+00:00,1.35286,1.3529200000000001,1.3526500000000001,1.35276,323,10,0
2026-05-14 03:45:00+00:00,1.35276,1.35293,1.35256,1.3526,329,10,0
2026-05-14 04:00:00+00:00,1.3526,1.35315,1.35245,1.3529200000000001,539,10,0
2026-05-14 04:15:00+00:00,1.3529200000000001,1.3531,1.35277,1.35296,353,10,0
2026-05-14 04:30:00+00:00,1.3529499999999999,1.35305,1.3528,1.35294,300,10,0
2026-05-14 04:45:00+00:00,1.3529499999999999,1.35324,1.3527,1.35275,346,10,0
2026-05-14 05:00:00+00:00,1.35278,1.35288,1.3517700000000001,1.35198,665,10,0
2026-05-14 05:15:00+00:00,1.35198,1.35216,1.35163,1.35181,418,10,0
2026-05-14 05:30:00+00:00,1.35182,1.35187,1.35142,1.35157,419,10,0
2026-05-14 05:45:00+00:00,1.35156,1.35213,1.35148,1.35158,693,10,0
2026-05-14 06:00:00+00:00,1.3516,1.35243,1.35156,1.35183,726,10,0
2026-05-14 06:15:00+00:00,1.3518,1.35245,1.35172,1.35225,674,10,0
2026-05-14 06:30:00+00:00,1.35228,1.35248,1.35195,1.3523,593,10,0
2026-05-14 06:45:00+00:00,1.3523100000000001,1.35323,1.3523100000000001,1.35271,802,10,0
2026-05-14 07:00:00+00:00,1.3526799999999999,1.3527,1.35174,1.35188,790,10,0
2026-05-14 07:15:00+00:00,1.35188,1.35188,1.35119,1.3514,619,10,0
2026-05-14 07:30:00+00:00,1.3514,1.3520400000000001,1.35127,1.35163,587,10,0
2026-05-14 07:45:00+00:00,1.35163,1.35198,1.35043,1.35054,730,10,0
2026-05-14 08:00:00+00:00,1.3505099999999999,1.35126,1.35027,1.35114,773,10,0
2026-05-14 08:15:00+00:00,1.35114,1.35169,1.35113,1.35168,565,10,0
2026-05-14 08:30:00+00:00,1.35169,1.3519999999999999,1.35124,1.35157,584,10,0
2026-05-14 08:45:00+00:00,1.35157,1.35198,1.3514,1.35191,475,10,0
2026-05-14 09:00:00+00:00,1.35191,1.3520400000000001,1.35142,1.35185,587,10,0
2026-05-14 09:15:00+00:00,1.35183,1.35193,1.35162,1.35165,374,10,0
2026-05-14 09:30:00+00:00,1.35163,1.3519,1.35092,1.35172,692,10,0
2026-05-14 09:45:00+00:00,1.35172,1.35203,1.35096,1.3511,667,10,0
2026-05-14 10:00:00+00:00,1.35108,1.35201,1.35088,1.35138,772,10,0
2026-05-14 10:15:00+00:00,1.35141,1.35171,1.35099,1.3516599999999999,653,10,0
2026-05-14 10:30:00+00:00,1.3516599999999999,1.35185,1.35093,1.35119,470,10,0
2026-05-14 10:45:00+00:00,1.35122,1.35167,1.35102,1.3511199999999999,677,10,0
2026-05-14 11:00:00+00:00,1.35114,1.35159,1.35094,1.35152,586,10,0
2026-05-14 11:15:00+00:00,1.35152,1.35169,1.35092,1.35092,589,10,0
2026-05-14 11:30:00+00:00,1.35093,1.35128,1.35093,1.35126,517,10,0
2026-05-14 11:45:00+00:00,1.35126,1.35165,1.34947,1.34995,863,10,0
2026-05-14 12:00:00+00:00,1.34993,1.3516,1.34961,1.35156,1308,10,0
2026-05-14 12:15:00+00:00,1.35153,1.35178,1.35129,1.3513600000000001,735,10,0
2026-05-14 12:30:00+00:00,1.35137,1.35149,1.35055,1.35056,807,10,0
2026-05-14 12:45:00+00:00,1.35057,1.35111,1.35054,1.35072,690,10,0
2026-05-14 13:00:00+00:00,1.35073,1.35102,1.35043,1.3506,718,10,0
2026-05-14 13:15:00+00:00,1.3506,1.3507,1.3498700000000001,1.35031,689,10,0
2026-05-14 13:30:00+00:00,1.35028,1.35028,1.34889,1.35,1318,10,0
2026-05-14 13:45:00+00:00,1.35,1.35064,1.34965,1.34996,1817,10,0
2026-05-14 14:00:00+00:00,1.34992,1.35089,1.34965,1.35087,1065,10,0
2026-05-14 14:15:00+00:00,1.35084,1.35127,1.35031,1.35087,848,10,0
2026-05-14 14:30:00+00:00,1.35089,1.35096,1.35026,1.35029,717,10,0
2026-05-14 14:45:00+00:00,1.35031,1.35055,1.34829,1.34835,1505,10,0
2026-05-14 15:00:00+00:00,1.34835,1.34871,1.34754,1.34788,1073,10,0
2026-05-14 15:15:00+00:00,1.34789,1.34815,1.34756,1.34799,638,10,0
2026-05-14 15:30:00+00:00,1.34798,1.34824,1.34725,1.34761,798,10,0
2026-05-14 15:45:00+00:00,1.34762,1.3479700000000001,1.34755,1.3477299999999999,598,10,0
2026-05-14 16:00:00+00:00,1.34771,1.34786,1.34588,1.34609,1388,10,0
2026-05-14 16:15:00+00:00,1.34609,1.34615,1.34429,1.34464,1514,10,0
2026-05-14 16:30:00+00:00,1.34466,1.34471,1.3431600000000001,1.34327,1137,10,0
2026-05-14 16:45:00+00:00,1.34326,1.34427,1.3432,1.34424,923,10,0
2026-05-14 17:00:00+00:00,1.34427,1.34458,1.34331,1.34356,887,10,0
2026-05-14 17:15:00+00:00,1.34353,1.3436,1.34247,1.34262,841,10,0
2026-05-14 17:30:00+00:00,1.34259,1.34272,1.34186,1.342,787,10,0
2026-05-14 17:45:00+00:00,1.34199,1.34199,1.34096,1.34101,753,10,0
2026-05-14 18:00:00+00:00,1.341,1.34101,1.33978,1.33999,828,10,0
2026-05-14 18:15:00+00:00,1.33999,1.34053,1.33944,1.3404,744,10,0
2026-05-14 18:30:00+00:00,1.3404,1.34063,1.33991,1.3401,649,10,0
2026-05-14 18:45:00+00:00,1.3401,1.34052,1.3401,1.34049,575,10,0
2026-05-14 19:00:00+00:00,1.34046,1.34084,1.34046,1.3407200000000001,415,10,0
2026-05-14 19:15:00+00:00,1.3407200000000001,1.34078,1.3403800000000001,1.34039,464,10,0
2026-05-14 19:30:00+00:00,1.34043,1.3406,1.33956,1.3397700000000001,599,10,0
2026-05-14 19:45:00+00:00,1.3397700000000001,1.34003,1.33957,1.33995,647,10,0
2026-05-14 20:00:00+00:00,1.33997,1.34025,1.33948,1.33957,470,10,0
2026-05-14 20:15:00+00:00,1.33957,1.33983,1.33948,1.33971,271,10,0
2026-05-14 20:30:00+00:00,1.33971,1.33994,1.3397000000000001,1.33981,278,10,0
2026-05-14 20:45:00+00:00,1.33982,1.3401399999999999,1.33979,1.3400400000000001,291,7,0
2026-05-14 21:00:00+00:00,1.34003,1.3401,1.33974,1.33991,166,18,0
2026-05-14 21:15:00+00:00,1.3399,1.34006,1.3397700000000001,1.33992,144,26,0
2026-05-14 21:30:00+00:00,1.33994,1.34002,1.3397700000000001,1.33999,282,64,0
2026-05-14 21:45:00+00:00,1.34,1.3400400000000001,1.33984,1.34001,197,59,0
2026-05-14 22:00:00+00:00,1.34025,1.34027,1.3397000000000001,1.33978,228,10,0
2026-05-14 22:15:00+00:00,1.33978,1.33991,1.3397299999999999,1.33979,155,10,0
2026-05-14 22:30:00+00:00,1.33979,1.33992,1.33971,1.33991,124,10,0
2026-05-14 22:45:00+00:00,1.3399,1.33992,1.3397999999999999,1.33989,161,10,0
2026-05-14 23:00:00+00:00,1.33989,1.33989,1.3385099999999999,1.33872,349,10,0
2026-05-14 23:15:00+00:00,1.33872,1.33903,1.33845,1.339,318,10,0
2026-05-14 23:30:00+00:00,1.339,1.33986,1.33897,1.33979,333,10,0
2026-05-14 23:45:00+00:00,1.3397999999999999,1.33984,1.33897,1.33904,419,10,0
2026-05-15 00:00:00+00:00,1.33907,1.33913,1.33846,1.33873,763,10,0
2026-05-15 00:15:00+00:00,1.33873,1.33921,1.3387,1.33879,639,10,0
2026-05-15 00:30:00+00:00,1.3388200000000001,1.3388499999999999,1.33738,1.33782,683,10,0
2026-05-15 00:45:00+00:00,1.33782,1.33814,1.33751,1.33799,591,10,0
2026-05-15 01:00:00+00:00,1.33796,1.33819,1.33774,1.33788,707,10,0
2026-05-15 01:15:00+00:00,1.33788,1.33788,1.33662,1.33669,815,10,0
2026-05-15 01:30:00+00:00,1.3367200000000001,1.33747,1.33637,1.33718,885,10,0
2026-05-15 01:45:00+00:00,1.33717,1.33723,1.33662,1.3366500000000001,632,10,0
2026-05-15 02:00:00+00:00,1.33662,1.33673,1.3363399999999999,1.33669,603,10,0
2026-05-15 02:15:00+00:00,1.33669,1.3372,1.33647,1.33687,593,10,0
2026-05-15 02:30:00+00:00,1.33687,1.33749,1.33667,1.33748,490,10,0
2026-05-15 02:45:00+00:00,1.33748,1.33801,1.3372899999999999,1.33748,585,10,0
2026-05-15 03:00:00+00:00,1.33749,1.33773,1.33743,1.3375,502,10,0
2026-05-15 03:15:00+00:00,1.3375,1.3376700000000001,1.33735,1.33759,357,10,0
2026-05-15 03:30:00+00:00,1.33758,1.33772,1.33722,1.33747,448,10,0
2026-05-15 03:45:00+00:00,1.33747,1.3376299999999999,1.3373300000000001,1.33758,362,10,0
2026-05-15 04:00:00+00:00,1.33755,1.33755,1.33707,1.33731,325,10,0
2026-05-15 04:15:00+00:00,1.33731,1.33742,1.33698,1.337,386,10,0
2026-05-15 04:30:00+00:00,1.337,1.33711,1.33662,1.33666,441,10,0
2026-05-15 04:45:00+00:00,1.3366500000000001,1.33679,1.33624,1.33628,446,10,0
2026-05-15 05:00:00+00:00,1.33628,1.33631,1.33513,1.3354,725,10,0
2026-05-15 05:15:00+00:00,1.3354,1.3357999999999999,1.33515,1.33578,590,10,0
2026-05-15 05:30:00+00:00,1.3357999999999999,1.3357999999999999,1.3351600000000001,1.33527,758,10,0
2026-05-15 05:45:00+00:00,1.33527,1.33527,1.33402,1.33422,1104,10,0
2026-05-15 06:00:00+00:00,1.33418,1.3358400000000001,1.33392,1.33509,1286,10,0
2026-05-15 06:15:00+00:00,1.33509,1.3351600000000001,1.33345,1.33369,1297,10,0
2026-05-15 06:30:00+00:00,1.33368,1.33562,1.33343,1.3356,1128,10,0
2026-05-15 06:45:00+00:00,1.33559,1.33592,1.33474,1.33506,942,10,0
2026-05-15 07:00:00+00:00,1.33504,1.3368,1.33452,1.33661,1205,10,0
2026-05-15 07:15:00+00:00,1.3366,1.33749,1.33606,1.3371,1111,10,0
2026-05-15 07:30:00+00:00,1.33712,1.3372899999999999,1.33637,1.33687,1093,10,0
2026-05-15 07:45:00+00:00,1.33684,1.33693,1.33617,1.33637,875,10,0
2026-05-15 08:00:00+00:00,1.3364099999999999,1.33661,1.33541,1.33561,1021,10,0
2026-05-15 08:15:00+00:00,1.33559,1.33561,1.33478,1.33483,894,10,0
2026-05-15 08:30:00+00:00,1.33484,1.3353,1.33444,1.33523,1012,10,0
2026-05-15 08:45:00+00:00,1.33523,1.33532,1.33414,1.33453,875,10,0
2026-05-15 09:00:00+00:00,1.33456,1.3345799999999999,1.33296,1.33313,1031,10,0
2026-05-15 09:15:00+00:00,1.33313,1.3339699999999999,1.3327499999999999,1.33393,979,10,0
2026-05-15 09:30:00+00:00,1.33392,1.33422,1.33352,1.33389,891,10,0
2026-05-15 09:45:00+00:00,1.3338999999999999,1.33513,1.3336700000000001,1.33476,1013,10,0
2026-05-15 10:00:00+00:00,1.33478,1.3364500000000001,1.33478,1.33625,824,10,0
2026-05-15 10:15:00+00:00,1.33625,1.33682,1.33564,1.33628,833,10,0
2026-05-15 10:30:00+00:00,1.33629,1.33745,1.33621,1.33742,868,10,0
2026-05-15 10:45:00+00:00,1.33739,1.33928,1.3373599999999999,1.33818,1700,10,0
2026-05-15 11:00:00+00:00,1.33818,1.3384,1.33735,1.33777,995,10,0
2026-05-15 11:15:00+00:00,1.33779,1.33829,1.33717,1.33728,741,10,0
2026-05-15 11:30:00+00:00,1.3372899999999999,1.33731,1.3362,1.33625,729,10,0
2026-05-15 11:45:00+00:00,1.33624,1.33666,1.33585,1.33592,749,10,0
2026-05-15 12:00:00+00:00,1.3359,1.33608,1.33527,1.33537,830,10,0
2026-05-15 12:15:00+00:00,1.33537,1.33623,1.3353,1.33541,902,10,0
2026-05-15 12:30:00+00:00,1.33544,1.33544,1.33403,1.33417,1028,10,0
2026-05-15 12:45:00+00:00,1.3342100000000001,1.33576,1.33401,1.33529,982,10,0
2026-05-15 13:00:00+00:00,1.33527,1.33592,1.33475,1.33574,1181,10,0
2026-05-15 13:15:00+00:00,1.33574,1.33631,1.33539,1.33569,980,10,0
2026-05-15 13:30:00+00:00,1.33569,1.3358400000000001,1.33398,1.33398,1535,10,0
2026-05-15 13:45:00+00:00,1.33399,1.33454,1.33369,1.33409,1437,10,0
2026-05-15 14:00:00+00:00,1.33405,1.33495,1.33347,1.3348,1347,10,0
2026-05-15 14:15:00+00:00,1.3348200000000001,1.3362,1.33468,1.33499,1425,10,0
2026-05-15 14:30:00+00:00,1.33495,1.3354300000000001,1.33445,1.33456,1211,10,0
2026-05-15 14:45:00+00:00,1.33457,1.33513,1.33409,1.33439,1343,10,0
2026-05-15 15:00:00+00:00,1.33442,1.3346,1.33344,1.33381,1269,10,0
2026-05-15 15:15:00+00:00,1.33381,1.33399,1.33173,1.33215,1213,10,0
2026-05-15 15:30:00+00:00,1.33216,1.33243,1.33154,1.3317700000000001,1062,10,0
2026-05-15 15:45:00+00:00,1.33175,1.3329900000000001,1.33168,1.3329900000000001,1022,10,0
2026-05-15 16:00:00+00:00,1.33301,1.33315,1.33201,1.33233,1059,10,0
2026-05-15 16:15:00+00:00,1.33233,1.3326500000000001,1.33199,1.33232,792,10,0
2026-05-15 16:30:00+00:00,1.33232,1.33341,1.3322,1.33338,752,10,0
2026-05-15 16:45:00+00:00,1.3334,1.33352,1.3326799999999999,1.33303,705,10,0
2026-05-15 17:00:00+00:00,1.33301,1.33361,1.3324099999999999,1.3336000000000001,817,10,0
2026-05-15 17:15:00+00:00,1.3336000000000001,1.3338,1.33316,1.33319,772,10,0
2026-05-15 17:30:00+00:00,1.33316,1.33372,1.33295,1.33296,627,10,0
2026-05-15 17:45:00+00:00,1.3329900000000001,1.3333,1.33269,1.33279,581,10,0
2026-05-15 18:00:00+00:00,1.33279,1.33295,1.33243,1.33269,676,10,0
2026-05-15 18:15:00+00:00,1.33269,1.33269,1.33198,1.3323,838,10,0
2026-05-15 18:30:00+00:00,1.33233,1.33235,1.33176,1.33223,715,10,0
2026-05-15 18:45:00+00:00,1.33223,1.33256,1.33189,1.33217,631,10,0
2026-05-15 19:00:00+00:00,1.33219,1.33227,1.33191,1.33208,487,10,0
2026-05-15 19:15:00+00:00,1.3321,1.33243,1.33198,1.33224,408,10,0
2026-05-15 19:30:00+00:00,1.33224,1.33244,1.3318699999999999,1.33194,500,10,0
2026-05-15 19:45:00+00:00,1.33194,1.33222,1.33155,1.33185,562,10,0
2026-05-15 20:00:00+00:00,1.33182,1.33186,1.33147,1.3315299999999999,422,10,0
2026-05-15 20:15:00+00:00,1.33157,1.33172,1.33147,1.33151,291,10,0
2026-05-15 20:30:00+00:00,1.33152,1.33191,1.33152,1.3317999999999999,314,10,0
2026-05-15 20:45:00+00:00,1.3317999999999999,1.33264,1.33157,1.33239,573,10,0
2026-05-17 21:00:00+00:00,1.33129,1.33195,1.3312,1.33195,23,107,0
2026-05-17 21:15:00+00:00,1.3318400000000001,1.33218,1.3318400000000001,1.33218,67,48,0
2026-05-17 21:30:00+00:00,1.33218,1.33221,1.33192,1.33209,126,47,0
2026-05-17 21:45:00+00:00,1.33208,1.33226,1.33208,1.33222,85,47,0
2026-05-17 22:00:00+00:00,1.33246,1.33255,1.33186,1.33195,405,10,0
2026-05-17 22:15:00+00:00,1.33195,1.33203,1.33115,1.33142,392,10,0
2026-05-17 22:30:00+00:00,1.33141,1.33155,1.33094,1.33141,369,10,0
2026-05-17 22:45:00+00:00,1.33141,1.33166,1.33135,1.33158,237,10,0
2026-05-17 23:00:00+00:00,1.33158,1.33203,1.33148,1.33189,420,10,0
2026-05-17 23:15:00+00:00,1.33189,1.33213,1.33148,1.33151,314,10,0
2026-05-17 23:30:00+00:00,1.3315000000000001,1.33156,1.33073,1.33112,583,10,0
2026-05-17 23:45:00+00:00,1.3311,1.3311899999999999,1.33079,1.3309199999999999,591,10,0
2026-05-18 00:00:00+00:00,1.33093,1.3318400000000001,1.33087,1.3311600000000001,1117,10,0
2026-05-18 00:15:00+00:00,1.33115,1.33151,1.33091,1.33091,844,10,0
2026-05-18 00:30:00+00:00,1.3309,1.33124,1.3305,1.33056,705,10,0
2026-05-18 00:45:00+00:00,1.33053,1.33091,1.33042,1.33086,726,10,0
2026-05-18 01:00:00+00:00,1.33083,1.331,1.33025,1.33047,855,10,0
2026-05-18 01:15:00+00:00,1.3305,1.33077,1.33017,1.33061,881,10,0
2026-05-18 01:30:00+00:00,1.33064,1.331,1.33051,1.33072,806,10,0
2026-05-18 01:45:00+00:00,1.3307,1.33132,1.3305,1.33113,658,10,0
2026-05-18 02:00:00+00:00,1.33112,1.3312300000000001,1.33064,1.33121,713,10,0
2026-05-18 02:15:00+00:00,1.3312,1.33134,1.33098,1.33128,504,10,0
2026-05-18 02:30:00+00:00,1.33128,1.33161,1.331,1.3311600000000001,545,10,0
2026-05-18 02:45:00+00:00,1.3311600000000001,1.3311600000000001,1.33047,1.33081,581,10,0
2026-05-18 03:00:00+00:00,1.33079,1.33104,1.33067,1.33091,541,10,0
2026-05-18 03:15:00+00:00,1.3309199999999999,1.33132,1.33086,1.33125,461,10,0
2026-05-18 03:30:00+00:00,1.3312599999999999,1.33144,1.33087,1.3314300000000001,618,10,0
2026-05-18 03:45:00+00:00,1.33142,1.33151,1.33115,1.33129,515,10,0
2026-05-18 04:00:00+00:00,1.33128,1.33192,1.3312300000000001,1.33182,542,10,0
2026-05-18 04:15:00+00:00,1.33182,1.3319,1.33117,1.33125,489,10,0
2026-05-18 04:30:00+00:00,1.33122,1.33171,1.3311600000000001,1.33162,470,10,0
2026-05-18 04:45:00+00:00,1.33162,1.33171,1.33127,1.33151,429,10,0
2026-05-18 05:00:00+00:00,1.33154,1.3318400000000001,1.33128,1.33178,553,10,0
2026-05-18 05:15:00+00:00,1.33175,1.3322,1.33145,1.33212,616,10,0
2026-05-18 05:30:00+00:00,1.33212,1.33251,1.33198,1.33229,566,10,0
2026-05-18 05:45:00+00:00,1.33229,1.33242,1.33208,1.33227,579,10,0
2026-05-18 06:00:00+00:00,1.33224,1.33353,1.33209,1.3335,942,10,0
2026-05-18 06:15:00+00:00,1.3335,1.33464,1.33348,1.33439,836,10,0
2026-05-18 06:30:00+00:00,1.3344,1.33509,1.33418,1.33481,756,10,0
2026-05-18 06:45:00+00:00,1.33477,1.33578,1.33457,1.3355000000000001,802,10,0
2026-05-18 07:00:00+00:00,1.3355299999999999,1.3356,1.33471,1.3348900000000001,904,10,0
2026-05-18 07:15:00+00:00,1.33488,1.33533,1.33425,1.3351,904,10,0
2026-05-18 07:30:00+00:00,1.33508,1.33581,1.33508,1.33531,952,10,0
2026-05-18 07:45:00+00:00,1.33529,1.33576,1.3348499999999999,1.3351899999999999,904,10,0
2026-05-18 08:00:00+00:00,1.33518,1.33566,1.33495,1.33537,799,10,0
2026-05-18 08:15:00+00:00,1.33534,1.33661,1.33518,1.33661,786,10,0
2026-05-18 08:30:00+00:00,1.3366,1.33819,1.33657,1.33712,1028,10,0
2026-05-18 08:45:00+00:00,1.33714,1.3384,1.33712,1.33766,918,10,0
2026-05-18 09:00:00+00:00,1.33766,1.33776,1.33685,1.337,757,10,0
2026-05-18 09:15:00+00:00,1.33698,1.33741,1.3366500000000001,1.33683,606,10,0
2026-05-18 09:30:00+00:00,1.33683,1.33693,1.33644,1.33646,589,10,0
2026-05-18 09:45:00+00:00,1.33646,1.33662,1.336,1.33619,584,10,0
2026-05-18 10:00:00+00:00,1.33618,1.33673,1.33567,1.33609,731,10,0
2026-05-18 10:15:00+00:00,1.33609,1.33619,1.33582,1.33619,551,10,0
2026-05-18 10:30:00+00:00,1.33618,1.33626,1.33545,1.33569,668,10,0
2026-05-18 10:45:00+00:00,1.3357,1.3357,1.33462,1.33472,633,10,0
2026-05-18 11:00:00+00:00,1.3347,1.33563,1.33467,1.33549,930,10,0
2026-05-18 11:15:00+00:00,1.33548,1.33583,1.33535,1.3354599999999999,560,10,0
2026-05-18 11:30:00+00:00,1.33544,1.3381,1.33542,1.33795,1987,10,0
2026-05-18 11:45:00+00:00,1.33798,1.33811,1.33715,1.33757,1299,10,0
2026-05-18 12:00:00+00:00,1.33757,1.3386,1.33745,1.33825,989,10,0
2026-05-18 12:15:00+00:00,1.33825,1.3388900000000001,1.33789,1.3387,1028,10,0
2026-05-18 12:30:00+00:00,1.33871,1.33979,1.3385500000000001,1.33978,1351,10,0
2026-05-18 12:45:00+00:00,1.3397700000000001,1.34026,1.3388499999999999,1.33948,1336,10,0
2026-05-18 13:00:00+00:00,1.3395000000000001,1.33992,1.33894,1.33906,1405,10,0
2026-05-18 13:15:00+00:00,1.33905,1.33923,1.33856,1.33906,929,10,0
2026-05-18 13:30:00+00:00,1.33907,1.3390900000000001,1.33798,1.33835,1387,10,0
2026-05-18 13:45:00+00:00,1.33839,1.34013,1.33832,1.3390900000000001,1535,10,0
2026-05-18 14:00:00+00:00,1.3391,1.3394300000000001,1.33817,1.33846,1695,10,0
2026-05-18 14:15:00+00:00,1.3384800000000001,1.33999,1.33807,1.33969,1413,10,0
2026-05-18 14:30:00+00:00,1.33967,1.33981,1.33868,1.33915,1342,10,0
2026-05-18 14:45:00+00:00,1.33915,1.34,1.33896,1.33932,1129,10,0
2026-05-18 15:00:00+00:00,1.33931,1.33941,1.33813,1.3391899999999999,1677,10,0
2026-05-18 15:15:00+00:00,1.33918,1.3397299999999999,1.33883,1.33939,1152,10,0
2026-05-18 15:30:00+00:00,1.33936,1.34093,1.33915,1.3404,1041,10,0
2026-05-18 15:45:00+00:00,1.3404,1.34271,1.34028,1.34177,1429,10,0
2026-05-18 16:00:00+00:00,1.34174,1.34458,1.34145,1.34443,1321,10,0
2026-05-18 16:15:00+00:00,1.34442,1.34489,1.34235,1.34242,1589,10,0
2026-05-18 16:30:00+00:00,1.34241,1.34322,1.3421,1.3428,942,10,0
2026-05-18 16:45:00+00:00,1.3427799999999999,1.3434300000000001,1.34266,1.34291,871,10,0
2026-05-18 17:00:00+00:00,1.34292,1.34345,1.34269,1.3428,948,10,0
2026-05-18 17:15:00+00:00,1.34277,1.34335,1.34275,1.34304,726,10,0
2026-05-18 17:30:00+00:00,1.34304,1.34313,1.34266,1.34276,659,10,0
2026-05-18 17:45:00+00:00,1.3427799999999999,1.34291,1.34215,1.34216,539,10,0
2026-05-18 18:00:00+00:00,1.34218,1.34228,1.34148,1.34171,696,10,0
2026-05-18 18:15:00+00:00,1.34171,1.34184,1.34064,1.3412899999999999,859,10,0
2026-05-18 18:30:00+00:00,1.34131,1.34147,1.34069,1.34104,690,10,0
2026-05-18 18:45:00+00:00,1.3410199999999999,1.34111,1.3401,1.34019,697,10,0
2026-05-18 19:00:00+00:00,1.34021,1.34342,1.34001,1.34207,2772,10,0
2026-05-18 19:15:00+00:00,1.34208,1.34264,1.34185,1.34218,1017,10,0
2026-05-18 19:30:00+00:00,1.34222,1.34284,1.34214,1.34279,762,10,0
2026-05-18 19:45:00+00:00,1.34275,1.34344,1.34272,1.34294,841,10,0
2026-05-18 20:00:00+00:00,1.34296,1.34371,1.34288,1.34366,712,10,0
2026-05-18 20:15:00+00:00,1.34368,1.34388,1.34351,1.34368,312,10,0
2026-05-18 20:30:00+00:00,1.34369,1.3437999999999999,1.3432,1.34369,412,10,0
2026-05-18 20:45:00+00:00,1.34367,1.3437299999999999,1.34323,1.34326,429,4,0
2026-05-18 21:00:00+00:00,1.34322,1.34326,1.3425799999999999,1.3429,189,15,0
2026-05-18 21:15:00+00:00,1.34291,1.34296,1.34259,1.34259,85,51,0
2026-05-18 21:30:00+00:00,1.34257,1.34289,1.3425500000000001,1.3428499999999999,261,53,0
2026-05-18 21:45:00+00:00,1.3428499999999999,1.34287,1.34253,1.3427799999999999,216,51,0
2026-05-18 22:00:00+00:00,1.34288,1.34367,1.34277,1.34334,452,10,0
2026-05-18 22:15:00+00:00,1.34333,1.34361,1.34333,1.34357,131,10,0
2026-05-18 22:30:00+00:00,1.34359,1.3437000000000001,1.34348,1.34349,157,10,0
2026-05-18 22:45:00+00:00,1.34348,1.3435000000000001,1.34337,1.34338,112,10,0
2026-05-18 23:00:00+00:00,1.34338,1.3435000000000001,1.34328,1.34332,177,10,0
2026-05-18 23:15:00+00:00,1.34333,1.34352,1.34326,1.34347,156,10,0
2026-05-18 23:30:00+00:00,1.34348,1.34365,1.34336,1.34359,139,10,0
2026-05-18 23:45:00+00:00,1.34359,1.3436,1.34305,1.34308,295,10,0
2026-05-19 00:00:00+00:00,1.34308,1.34341,1.34259,1.34276,896,10,0
2026-05-19 00:15:00+00:00,1.3427799999999999,1.3432,1.34246,1.3428,674,10,0
2026-05-19 00:30:00+00:00,1.3428200000000001,1.343,1.34216,1.34233,564,10,0
2026-05-19 00:45:00+00:00,1.34232,1.34242,1.34182,1.34191,596,10,0
2026-05-19 01:00:00+00:00,1.34188,1.34203,1.34165,1.3418,691,10,0
2026-05-19 01:15:00+00:00,1.3418,1.34204,1.34161,1.34188,612,10,0
2026-05-19 01:30:00+00:00,1.34189,1.34249,1.3412899999999999,1.3424,713,10,0
2026-05-19 01:45:00+00:00,1.34239,1.34242,1.3416299999999999,1.34166,601,10,0
2026-05-19 02:00:00+00:00,1.34167,1.34167,1.34087,1.34109,694,10,0
2026-05-19 02:15:00+00:00,1.34109,1.34181,1.34087,1.3415599999999999,546,10,0
2026-05-19 02:30:00+00:00,1.34155,1.34177,1.3413599999999999,1.34174,651,10,0
2026-05-19 02:45:00+00:00,1.34172,1.34181,1.3412,1.3415300000000001,543,10,0
2026-05-19 03:00:00+00:00,1.3415599999999999,1.3416000000000001,1.3412,1.34151,566,10,0
2026-05-19 03:15:00+00:00,1.34152,1.34191,1.34143,1.3417,443,10,0
2026-05-19 03:30:00+00:00,1.34169,1.3418999999999999,1.34158,1.3416299999999999,412,10,0
2026-05-19 03:45:00+00:00,1.3416299999999999,1.3416299999999999,1.34124,1.3413,458,10,0
2026-05-19 04:00:00+00:00,1.34132,1.34151,1.34113,1.3414,464,10,0
2026-05-19 04:15:00+00:00,1.34139,1.3415,1.34104,1.34116,428,10,0
2026-05-19 04:30:00+00:00,1.34116,1.3415300000000001,1.3409200000000001,1.34097,449,10,0
2026-05-19 04:45:00+00:00,1.34098,1.34107,1.34054,1.3406,524,10,0
2026-05-19 05:00:00+00:00,1.34058,1.341,1.3403800000000001,1.34081,551,10,0
2026-05-19 05:15:00+00:00,1.3408,1.34082,1.33998,1.3403800000000001,631,10,0
2026-05-19 05:30:00+00:00,1.34039,1.34111,1.34015,1.3409,668,10,0
2026-05-19 05:45:00+00:00,1.34088,1.34178,1.3407200000000001,1.34166,655,10,0
2026-05-19 06:00:00+00:00,1.34164,1.34171,1.34049,1.3406799999999999,1010,10,0
2026-05-19 06:15:00+00:00,1.3406799999999999,1.34164,1.3406500000000001,1.34125,794,10,0
2026-05-19 06:30:00+00:00,1.34123,1.3412899999999999,1.34045,1.34069,831,10,0
2026-05-19 06:45:00+00:00,1.34069,1.34069,1.33966,1.33992,845,10,0
2026-05-19 07:00:00+00:00,1.33995,1.33995,1.33896,1.3395000000000001,1003,10,0
2026-05-19 07:15:00+00:00,1.3395000000000001,1.3399,1.33923,1.33964,683,10,0
2026-05-19 07:30:00+00:00,1.33963,1.34008,1.3394,1.33969,752,10,0
2026-05-19 07:45:00+00:00,1.3397000000000001,1.34063,1.33968,1.3401399999999999,843,10,0
2026-05-19 08:00:00+00:00,1.34018,1.3402,1.33907,1.33923,933,10,0
2026-05-19 08:15:00+00:00,1.33923,1.33979,1.33915,1.33949,818,10,0
2026-05-19 08:30:00+00:00,1.33952,1.34015,1.33928,1.33942,734,10,0
2026-05-19 08:45:00+00:00,1.33942,1.3395299999999999,1.33884,1.33923,636,10,0
2026-05-19 09:00:00+00:00,1.33924,1.33971,1.33876,1.33896,740,10,0
2026-05-19 09:15:00+00:00,1.33893,1.3397299999999999,1.33867,1.33963,763,10,0
2026-05-19 09:30:00+00:00,1.3396,1.34036,1.33918,1.3400699999999999,793,10,0
2026-05-19 09:45:00+00:00,1.3400699999999999,1.34079,1.33981,1.34071,807,10,0
2026-05-19 10:00:00+00:00,1.34073,1.34094,1.34032,1.34089,726,10,0
2026-05-19 10:15:00+00:00,1.3409,1.34155,1.34074,1.3411,559,10,0
2026-05-19 10:30:00+00:00,1.34111,1.34121,1.33929,1.33939,992,10,0
2026-05-19 10:45:00+00:00,1.3394300000000001,1.34093,1.33933,1.3406799999999999,1158,10,0
2026-05-19 11:00:00+00:00,1.3407,1.34082,1.34026,1.34049,917,10,0
2026-05-19 11:15:00+00:00,1.34045,1.34094,1.34018,1.34051,831,10,0
2026-05-19 11:30:00+00:00,1.34049,1.34085,1.34036,1.34066,660,10,0
2026-05-19 11:45:00+00:00,1.34066,1.3409200000000001,1.34024,1.34028,704,10,0
2026-05-19 12:00:00+00:00,1.34024,1.34125,1.34017,1.34118,887,10,0
2026-05-19 12:15:00+00:00,1.34118,1.34196,1.34088,1.34168,710,10,0
2026-05-19 12:30:00+00:00,1.34166,1.34193,1.34097,1.34116,1299,10,0
2026-05-19 12:45:00+00:00,1.34117,1.34146,1.34032,1.3406500000000001,1021,10,0
2026-05-19 13:00:00+00:00,1.34064,1.34073,1.33957,1.3397000000000001,1233,10,0
2026-05-19 13:15:00+00:00,1.3397000000000001,1.33979,1.33875,1.33897,1120,10,0
2026-05-19 13:30:00+00:00,1.33898,1.33964,1.33859,1.33955,1454,10,0
2026-05-19 13:45:00+00:00,1.33956,1.34046,1.33922,1.34016,1452,10,0
2026-05-19 14:00:00+00:00,1.3401399999999999,1.34025,1.3388,1.33883,1607,10,0
2026-05-19 14:15:00+00:00,1.3388200000000001,1.33896,1.33779,1.33862,1254,10,0
2026-05-19 14:30:00+00:00,1.33865,1.33894,1.33801,1.33836,1581,10,0
2026-05-19 14:45:00+00:00,1.33834,1.33942,1.33802,1.33921,1482,10,0
2026-05-19 15:00:00+00:00,1.33922,1.33968,1.33884,1.33927,1192,10,0
2026-05-19 15:15:00+00:00,1.33928,1.33963,1.33891,1.33938,989,10,0
2026-05-19 15:30:00+00:00,1.33935,1.34012,1.33915,1.33947,1005,10,0
2026-05-19 15:45:00+00:00,1.3394599999999999,1.34001,1.33937,1.33982,812,10,0
2026-05-19 16:00:00+00:00,1.33985,1.33991,1.33887,1.33906,993,10,0
2026-05-19 16:15:00+00:00,1.33905,1.33984,1.33876,1.33968,898,10,0
2026-05-19 16:30:00+00:00,1.33965,1.34026,1.33958,1.34009,885,10,0
2026-05-19 16:45:00+00:00,1.3401,1.3401,1.33958,1.33991,661,10,0
2026-05-19 17:00:00+00:00,1.33989,1.34118,1.33989,1.34106,655,10,0
2026-05-19 17:15:00+00:00,1.34108,1.34112,1.34067,1.34089,533,10,0
2026-05-19 17:30:00+00:00,1.34089,1.34101,1.34032,1.3407,616,10,0
2026-05-19 17:45:00+00:00,1.34071,1.3411,1.34059,1.34081,618,10,0
2026-05-19 18:00:00+00:00,1.34082,1.34114,1.3407200000000001,1.3409499999999999,553,10,0
2026-05-19 18:15:00+00:00,1.3409200000000001,1.34096,1.34019,1.34023,719,10,0
2026-05-19 18:30:00+00:00,1.3402,1.34056,1.33991,1.34054,697,10,0
2026-05-19 18:45:00+00:00,1.34051,1.34054,1.33965,1.33966,639,10,0
2026-05-19 19:00:00+00:00,1.33964,1.34032,1.33961,1.34024,613,10,0
2026-05-19 19:15:00+00:00,1.34023,1.34033,1.3397700000000001,1.33999,548,10,0
2026-05-19 19:30:00+00:00,1.33998,1.34035,1.3397999999999999,1.34032,567,10,0
2026-05-19 19:45:00+00:00,1.3403,1.34037,1.33985,1.33998,512,10,0
2026-05-19 20:00:00+00:00,1.33999,1.34001,1.33968,1.33983,324,10,0
2026-05-19 20:15:00+00:00,1.33983,1.33989,1.33972,1.33984,227,10,0
2026-05-19 20:30:00+00:00,1.33987,1.34028,1.33987,1.3400400000000001,200,10,0
2026-05-19 20:45:00+00:00,1.34005,1.34005,1.33932,1.33933,444,10,0
2026-05-19 21:00:00+00:00,1.33933,1.33933,1.33886,1.3391199999999999,194,26,0
2026-05-19 21:15:00+00:00,1.3391,1.33913,1.33886,1.3389,245,123,0
2026-05-19 21:30:00+00:00,1.3388900000000001,1.33942,1.33888,1.33936,323,92,0
2026-05-19 21:45:00+00:00,1.33936,1.3396,1.3393,1.3396,308,79,0
2026-05-19 22:00:00+00:00,1.3397700000000001,1.33989,1.33965,1.33971,331,10,0
2026-05-19 22:15:00+00:00,1.33971,1.33976,1.33954,1.33959,190,10,0
2026-05-19 22:30:00+00:00,1.33959,1.33981,1.33945,1.33949,296,10,0
2026-05-19 22:45:00+00:00,1.33949,1.33975,1.33947,1.3397299999999999,128,10,0
2026-05-19 23:00:00+00:00,1.33972,1.33992,1.33963,1.33991,211,10,0
2026-05-19 23:15:00+00:00,1.3399,1.34003,1.33989,1.34,142,10,0
2026-05-19 23:30:00+00:00,1.33999,1.3404,1.33996,1.3401,308,10,0
2026-05-19 23:45:00+00:00,1.3401,1.34012,1.33952,1.3395299999999999,350,10,0
2026-05-20 00:00:00+00:00,1.33951,1.33951,1.33881,1.33911,876,10,0
2026-05-20 00:15:00+00:00,1.3391,1.3401,1.33895,1.33979,787,10,0
2026-05-20 00:30:00+00:00,1.33981,1.34017,1.33929,1.3394,776,10,0
2026-05-20 00:45:00+00:00,1.33941,1.33972,1.33867,1.3389,711,10,0
2026-05-20 01:00:00+00:00,1.3389,1.33913,1.3384800000000001,1.33861,889,10,0
2026-05-20 01:15:00+00:00,1.3386,1.33887,1.3379699999999999,1.33802,695,10,0
2026-05-20 01:30:00+00:00,1.33806,1.33845,1.33775,1.33806,766,10,0
2026-05-20 01:45:00+00:00,1.33809,1.33917,1.3379699999999999,1.33859,926,10,0
2026-05-20 02:00:00+00:00,1.3386,1.33905,1.3385799999999999,1.33893,590,10,0
2026-05-20 02:15:00+00:00,1.33893,1.3396,1.3387,1.33904,694,10,0
2026-05-20 02:30:00+00:00,1.33901,1.33913,1.33829,1.33891,995,10,0
2026-05-20 02:45:00+00:00,1.33891,1.33923,1.33884,1.33899,575,10,0
2026-05-20 03:00:00+00:00,1.33902,1.3390900000000001,1.33869,1.33893,567,10,0
2026-05-20 03:15:00+00:00,1.33893,1.3397700000000001,1.3388900000000001,1.33966,585,10,0
2026-05-20 03:30:00+00:00,1.33969,1.3403,1.3395000000000001,1.34009,666,10,0
2026-05-20 03:45:00+00:00,1.3401100000000001,1.34023,1.33987,1.33993,528,10,0
2026-05-20 04:00:00+00:00,1.33994,1.34063,1.33992,1.34032,672,10,0
2026-05-20 04:15:00+00:00,1.3403100000000001,1.34032,1.33976,1.33985,488,10,0
2026-05-20 04:30:00+00:00,1.33986,1.33988,1.33906,1.33937,461,10,0
2026-05-20 04:45:00+00:00,1.33935,1.3394,1.3389199999999999,1.33901,508,10,0
2026-05-20 05:00:00+00:00,1.33899,1.33978,1.33896,1.3394,569,10,0
2026-05-20 05:15:00+00:00,1.3394,1.33968,1.33903,1.33911,541,10,0
2026-05-20 05:30:00+00:00,1.3391199999999999,1.33965,1.339,1.33911,680,10,0
2026-05-20 05:45:00+00:00,1.33911,1.33944,1.33873,1.33914,675,10,0
2026-05-20 06:00:00+00:00,1.33911,1.33921,1.33754,1.33891,1167,10,0
2026-05-20 06:15:00+00:00,1.3389199999999999,1.34064,1.3389199999999999,1.33998,1186,10,0
2026-05-20 06:30:00+00:00,1.33997,1.34002,1.33856,1.3388,860,10,0
2026-05-20 06:45:00+00:00,1.33881,1.33883,1.33818,1.33865,825,10,0
2026-05-20 07:00:00+00:00,1.33862,1.33951,1.3382,1.339,1056,10,0
2026-05-20 07:15:00+00:00,1.33902,1.33975,1.33859,1.33958,896,10,0
2026-05-20 07:30:00+00:00,1.33959,1.3396,1.33881,1.33887,786,10,0
2026-05-20 07:45:00+00:00,1.33888,1.33924,1.3384800000000001,1.33854,766,10,0
2026-05-20 08:00:00+00:00,1.3385,1.33925,1.33798,1.33808,915,10,0
2026-05-20 08:15:00+00:00,1.33809,1.33852,1.33747,1.33832,841,10,0
2026-05-20 08:30:00+00:00,1.33834,1.33888,1.33795,1.33879,894,10,0
2026-05-20 08:45:00+00:00,1.33878,1.3388900000000001,1.33816,1.33816,740,10,0
2026-05-20 09:00:00+00:00,1.33816,1.33921,1.33811,1.339,764,10,0
2026-05-20 09:15:00+00:00,1.33898,1.33917,1.33823,1.33833,627,10,0
2026-05-20 09:30:00+00:00,1.33834,1.33881,1.33823,1.33853,524,10,0
2026-05-20 09:45:00+00:00,1.33852,1.33874,1.33798,1.33823,658,10,0
2026-05-20 10:00:00+00:00,1.3382100000000001,1.33896,1.33807,1.3388200000000001,643,10,0
2026-05-20 10:15:00+00:00,1.3388,1.33932,1.3387,1.3388200000000001,607,10,0
2026-05-20 10:30:00+00:00,1.3388499999999999,1.33988,1.33876,1.33956,769,10,0
2026-05-20 10:45:00+00:00,1.3396,1.33983,1.33939,1.33963,619,10,0
2026-05-20 11:00:00+00:00,1.33963,1.33996,1.33938,1.33974,528,10,0
2026-05-20 11:15:00+00:00,1.3397299999999999,1.34023,1.33954,1.34022,502,10,0
2026-05-20 11:30:00+00:00,1.34022,1.34074,1.33992,1.3401,673,10,0
2026-05-20 11:45:00+00:00,1.34009,1.34042,1.33942,1.33992,734,10,0
2026-05-20 12:00:00+00:00,1.33991,1.34058,1.33991,1.34042,614,10,0
2026-05-20 12:15:00+00:00,1.34039,1.34054,1.33976,1.3400699999999999,788,10,0
2026-05-20 12:30:00+00:00,1.3401,1.34055,1.33984,1.34001,721,10,0
2026-05-20 12:45:00+00:00,1.34003,1.34036,1.33957,1.3397299999999999,643,10,0
2026-05-20 13:00:00+00:00,1.3397000000000001,1.34005,1.33938,1.33968,750,10,0
2026-05-20 13:15:00+00:00,1.33966,1.33978,1.3391600000000001,1.33932,780,10,0
2026-05-20 13:30:00+00:00,1.33931,1.34002,1.33908,1.33978,950,10,0
2026-05-20 13:45:00+00:00,1.3397999999999999,1.3406,1.33905,1.33925,1131,10,0
2026-05-20 14:00:00+00:00,1.33927,1.33938,1.33826,1.33899,1303,10,0
2026-05-20 14:15:00+00:00,1.339,1.34304,1.339,1.34176,4044,10,0
2026-05-20 14:30:00+00:00,1.3418,1.34325,1.34164,1.34239,1833,10,0
2026-05-20 14:45:00+00:00,1.3424,1.3440400000000001,1.3422100000000001,1.3431899999999999,1852,10,0
2026-05-20 15:00:00+00:00,1.34323,1.3439,1.34209,1.34249,1417,10,0
2026-05-20 15:15:00+00:00,1.34246,1.34631,1.34243,1.34459,4331,10,0
2026-05-20 15:30:00+00:00,1.34461,1.34573,1.34449,1.34501,1522,10,0
2026-05-20 15:45:00+00:00,1.34504,1.34532,1.34371,1.34409,1317,10,0
2026-05-20 16:00:00+00:00,1.34409,1.34537,1.34401,1.34489,966,10,0
2026-05-20 16:15:00+00:00,1.3449,1.3449499999999999,1.34364,1.34393,1277,10,0
2026-05-20 16:30:00+00:00,1.34397,1.34451,1.3434599999999999,1.34451,1055,10,0
2026-05-20 16:45:00+00:00,1.34453,1.34481,1.3437700000000001,1.34414,1092,10,0
2026-05-20 17:00:00+00:00,1.34414,1.34455,1.34384,1.34437,1181,10,0
2026-05-20 17:15:00+00:00,1.34437,1.34459,1.34388,1.34428,920,10,0
2026-05-20 17:30:00+00:00,1.34429,1.34463,1.34378,1.34385,961,10,0
2026-05-20 17:45:00+00:00,1.34385,1.34413,1.34349,1.34352,665,10,0
2026-05-20 18:00:00+00:00,1.34354,1.34394,1.34321,1.34385,772,10,0
2026-05-20 18:15:00+00:00,1.34383,1.3443,1.34359,1.3441100000000001,773,10,0
2026-05-20 18:30:00+00:00,1.34413,1.3447200000000001,1.34394,1.34394,679,10,0
2026-05-20 18:45:00+00:00,1.34398,1.34489,1.34393,1.34422,727,10,0
2026-05-20 19:00:00+00:00,1.34418,1.3446500000000001,1.34405,1.34428,600,10,0
2026-05-20 19:15:00+00:00,1.34428,1.34462,1.34427,1.34452,479,10,0
2026-05-20 19:30:00+00:00,1.34455,1.34509,1.34422,1.3443,612,10,0
2026-05-20 19:45:00+00:00,1.34429,1.3445,1.34367,1.34371,707,10,0
2026-05-20 20:00:00+00:00,1.34369,1.34398,1.34367,1.34392,439,10,0
2026-05-20 20:15:00+00:00,1.34393,1.34405,1.34363,1.34375,461,10,0
2026-05-20 20:30:00+00:00,1.34378,1.34381,1.3435000000000001,1.34353,358,10,0
2026-05-20 20:45:00+00:00,1.34352,1.3437299999999999,1.34325,1.34327,497,4,0
2026-05-20 21:00:00+00:00,1.34325,1.34325,1.34291,1.34297,346,31,0
2026-05-20 21:15:00+00:00,1.34301,1.34317,1.34296,1.34301,481,57,0
2026-05-20 21:30:00+00:00,1.34302,1.34337,1.34302,1.34334,295,64,0
2026-05-20 21:45:00+00:00,1.34333,1.3434599999999999,1.3431899999999999,1.3434599999999999,157,52,0
2026-05-20 22:00:00+00:00,1.34358,1.34385,1.34325,1.34367,251,10,0
2026-05-20 22:15:00+00:00,1.34367,1.3437700000000001,1.34348,1.34354,218,10,0
2026-05-20 22:30:00+00:00,1.34354,1.34366,1.34347,1.34361,143,10,0
2026-05-20 22:45:00+00:00,1.3436,1.34368,1.34356,1.34358,137,10,0
2026-05-20 23:00:00+00:00,1.34359,1.34382,1.34359,1.34369,135,10,0
2026-05-20 23:15:00+00:00,1.34369,1.34369,1.34329,1.34337,206,10,0
2026-05-20 23:30:00+00:00,1.34337,1.3434,1.34318,1.34321,148,10,0
2026-05-20 23:45:00+00:00,1.34321,1.3437000000000001,1.3432,1.34335,306,10,0
2026-05-21 00:00:00+00:00,1.34336,1.34338,1.34304,1.34327,630,10,0
2026-05-21 00:15:00+00:00,1.34326,1.34341,1.3428,1.34323,635,10,0
2026-05-21 00:30:00+00:00,1.34325,1.3436,1.34301,1.34349,453,10,0
2026-05-21 00:45:00+00:00,1.3435000000000001,1.34394,1.34347,1.34366,463,10,0
2026-05-21 01:00:00+00:00,1.34366,1.3443800000000001,1.34366,1.34423,613,10,0
2026-05-21 01:15:00+00:00,1.34424,1.34451,1.34416,1.34423,490,10,0
2026-05-21 01:30:00+00:00,1.34419,1.34453,1.3437700000000001,1.34403,841,10,0
2026-05-21 01:45:00+00:00,1.34403,1.34408,1.34307,1.3433899999999999,801,10,0
2026-05-21 02:00:00+00:00,1.3433899999999999,1.34369,1.34325,1.34327,624,10,0
2026-05-21 02:15:00+00:00,1.34327,1.34338,1.34249,1.34257,544,10,0
2026-05-21 02:30:00+00:00,1.34257,1.3428200000000001,1.34208,1.34229,523,10,0
2026-05-21 02:45:00+00:00,1.3423,1.3427,1.3418700000000001,1.34252,513,10,0
2026-05-21 03:00:00+00:00,1.34252,1.34291,1.3424800000000001,1.34269,365,10,0
2026-05-21 03:15:00+00:00,1.34269,1.3431199999999999,1.34256,1.3428499999999999,358,10,0
2026-05-21 03:30:00+00:00,1.3428499999999999,1.34303,1.34265,1.34293,316,10,0
2026-05-21 03:45:00+00:00,1.34294,1.34303,1.34256,1.34263,415,10,0
2026-05-21 04:00:00+00:00,1.3426,1.34295,1.34256,1.34281,346,10,0
2026-05-21 04:15:00+00:00,1.34284,1.34286,1.34253,1.34281,310,10,0
2026-05-21 04:30:00+00:00,1.34283,1.34297,1.34268,1.34293,355,10,0
2026-05-21 04:45:00+00:00,1.34292,1.34329,1.34279,1.3430900000000001,373,10,0
2026-05-21 05:00:00+00:00,1.3431,1.34328,1.34302,1.3431600000000001,369,10,0
2026-05-21 05:15:00+00:00,1.3431600000000001,1.3431899999999999,1.34269,1.3428200000000001,415,10,0
2026-05-21 05:30:00+00:00,1.34286,1.34315,1.3427,1.34307,499,10,0
2026-05-21 05:45:00+00:00,1.34305,1.34334,1.34257,1.34326,689,10,0
2026-05-21 06:00:00+00:00,1.34321,1.3437999999999999,1.3431600000000001,1.34371,599,10,0
2026-05-21 06:15:00+00:00,1.34371,1.34397,1.34305,1.3436,984,10,0
2026-05-21 06:30:00+00:00,1.3436,1.34369,1.34271,1.343,756,10,0
2026-05-21 06:45:00+00:00,1.34299,1.3435000000000001,1.34286,1.34338,587,10,0
2026-05-21 07:00:00+00:00,1.34338,1.34392,1.34333,1.34356,715,10,0
2026-05-21 07:15:00+00:00,1.34352,1.34352,1.3415300000000001,1.34167,1315,10,0
2026-05-21 07:30:00+00:00,1.34166,1.34241,1.3415599999999999,1.34239,901,10,0
2026-05-21 07:45:00+00:00,1.34235,1.34322,1.34233,1.34291,652,10,0
2026-05-21 08:00:00+00:00,1.34294,1.3448,1.34269,1.34453,1114,10,0
2026-05-21 08:15:00+00:00,1.34453,1.34545,1.3437999999999999,1.34479,1398,10,0
2026-05-21 08:30:00+00:00,1.34481,1.34489,1.34301,1.3431199999999999,1062,10,0
2026-05-21 08:45:00+00:00,1.3431199999999999,1.34393,1.3429,1.34352,1126,10,0
2026-05-21 09:00:00+00:00,1.34349,1.3443,1.34321,1.34416,996,10,0
2026-05-21 09:15:00+00:00,1.34414,1.3446,1.34402,1.34445,787,10,0
2026-05-21 09:30:00+00:00,1.34446,1.34462,1.34386,1.34391,744,10,0
2026-05-21 09:45:00+00:00,1.34392,1.34422,1.34367,1.34419,645,10,0
2026-05-21 10:00:00+00:00,1.34418,1.34454,1.34402,1.34417,618,10,0
2026-05-21 10:15:00+00:00,1.34417,1.34428,1.34237,1.34275,1315,10,0
2026-05-21 10:30:00+00:00,1.3427799999999999,1.3428,1.34148,1.34239,1451,10,0
2026-05-21 10:45:00+00:00,1.34239,1.34284,1.34189,1.34243,1183,10,0
2026-05-21 11:00:00+00:00,1.34241,1.34331,1.34232,1.34314,872,10,0
2026-05-21 11:15:00+00:00,1.34313,1.34388,1.34303,1.34366,912,10,0
2026-05-21 11:30:00+00:00,1.34365,1.34389,1.3431199999999999,1.34326,712,10,0
2026-05-21 11:45:00+00:00,1.34323,1.34342,1.34185,1.34215,757,10,0
2026-05-21 12:00:00+00:00,1.34212,1.34239,1.34127,1.3416000000000001,848,10,0
2026-05-21 12:15:00+00:00,1.3416000000000001,1.34171,1.34112,1.3413599999999999,847,10,0
2026-05-21 12:30:00+00:00,1.34132,1.34256,1.34131,1.3424800000000001,1460,10,0
2026-05-21 12:45:00+00:00,1.3424800000000001,1.34293,1.3412600000000001,1.34135,1101,10,0
2026-05-21 13:00:00+00:00,1.34131,1.34203,1.34054,1.3407,1167,10,0
2026-05-21 13:15:00+00:00,1.3407,1.34108,1.3400699999999999,1.34073,1017,10,0
2026-05-21 13:30:00+00:00,1.34074,1.34083,1.3391899999999999,1.33931,1301,10,0
2026-05-21 13:45:00+00:00,1.33927,1.3416299999999999,1.3391899999999999,1.3406,1915,10,0
2026-05-21 14:00:00+00:00,1.34062,1.34103,1.33957,1.34033,1443,10,0
2026-05-21 14:15:00+00:00,1.34035,1.34052,1.33975,1.34048,1340,10,0
2026-05-21 14:30:00+00:00,1.34049,1.34101,1.33991,1.3403800000000001,1154,10,0
2026-05-21 14:45:00+00:00,1.34036,1.3412899999999999,1.34018,1.34111,1189,10,0
2026-05-21 15:00:00+00:00,1.3411,1.34121,1.33949,1.34046,1678,10,0
2026-05-21 15:15:00+00:00,1.34048,1.3407200000000001,1.3400400000000001,1.34036,957,10,0
2026-05-21 15:30:00+00:00,1.34033,1.34054,1.33987,1.33999,972,10,0
2026-05-21 15:45:00+00:00,1.34001,1.34063,1.33987,1.34047,852,10,0
2026-05-21 16:00:00+00:00,1.3405,1.34101,1.34005,1.34054,983,10,0
2026-05-21 16:15:00+00:00,1.34049,1.34066,1.3400699999999999,1.34058,796,10,0
2026-05-21 16:30:00+00:00,1.34055,1.3409200000000001,1.34028,1.34086,659,10,0
2026-05-21 16:45:00+00:00,1.34086,1.34089,1.34036,1.34077,605,10,0
2026-05-21 17:00:00+00:00,1.34078,1.34198,1.34049,1.34185,1299,10,0
2026-05-21 17:15:00+00:00,1.34186,1.34376,1.34186,1.34351,2251,10,0
2026-05-21 17:30:00+00:00,1.34347,1.34427,1.343,1.34427,1281,10,0
2026-05-21 17:45:00+00:00,1.34428,1.34488,1.34382,1.34428,1134,10,0
2026-05-21 18:00:00+00:00,1.34426,1.34475,1.34348,1.34414,1298,10,0
2026-05-21 18:15:00+00:00,1.34414,1.34479,1.3439,1.34455,806,10,0
2026-05-21 18:30:00+00:00,1.34455,1.34477,1.34425,1.34444,681,10,0
2026-05-21 18:45:00+00:00,1.34443,1.34453,1.34203,1.3425799999999999,1764,10,0
2026-05-21 19:00:00+00:00,1.3426,1.34328,1.34247,1.34308,980,10,0
2026-05-21 19:15:00+00:00,1.34307,1.34376,1.34307,1.34374,556,10,0
2026-05-21 19:30:00+00:00,1.34374,1.34406,1.34337,1.34337,601,10,0
2026-05-21 19:45:00+00:00,1.3433899999999999,1.34399,1.34281,1.34355,897,10,0
2026-05-21 20:00:00+00:00,1.34357,1.34403,1.34336,1.34355,480,10,0
2026-05-21 20:15:00+00:00,1.34353,1.34365,1.34333,1.34356,238,10,0
2026-05-21 20:30:00+00:00,1.34359,1.3436,1.34323,1.34328,252,10,0
2026-05-21 20:45:00+00:00,1.3433,1.3434300000000001,1.34274,1.34287,435,10,0
2026-05-21 21:00:00+00:00,1.3428499999999999,1.3428499999999999,1.34247,1.34256,240,22,0
2026-05-21 21:15:00+00:00,1.34256,1.34268,1.34236,1.34242,191,99,0
2026-05-21 21:30:00+00:00,1.34243,1.34289,1.34226,1.34272,339,66,0
2026-05-21 21:45:00+00:00,1.34271,1.34284,1.3424800000000001,1.34284,353,64,0
2026-05-21 22:00:00+00:00,1.34299,1.34338,1.3428499999999999,1.34299,156,10,0
2026-05-21 22:15:00+00:00,1.34299,1.34311,1.34295,1.34305,71,10,0
2026-05-21 22:30:00+00:00,1.34306,1.34329,1.34295,1.34327,188,10,0
2026-05-21 22:45:00+00:00,1.34327,1.34338,1.3431600000000001,1.34322,134,10,0
2026-05-21 23:00:00+00:00,1.34322,1.34335,1.34314,1.34325,136,10,0
2026-05-21 23:15:00+00:00,1.34325,1.34325,1.34303,1.34318,98,10,0
2026-05-21 23:30:00+00:00,1.34318,1.34318,1.34304,1.34305,136,10,0
2026-05-21 23:45:00+00:00,1.34305,1.34336,1.34305,1.3431600000000001,287,10,0
2026-05-22 00:00:00+00:00,1.3431600000000001,1.34322,1.34268,1.3427,651,10,0
2026-05-22 00:15:00+00:00,1.34271,1.34284,1.34252,1.34266,529,10,0
2026-05-22 00:30:00+00:00,1.34266,1.34279,1.34242,1.34263,439,10,0
2026-05-22 00:45:00+00:00,1.34263,1.34284,1.3425,1.3425099999999999,466,10,0
2026-05-22 01:00:00+00:00,1.3424800000000001,1.34265,1.34232,1.34259,558,10,0
2026-05-22 01:15:00+00:00,1.3426,1.34281,1.34244,1.34267,515,10,0
2026-05-22 01:30:00+00:00,1.34265,1.34298,1.34246,1.3427799999999999,505,10,0
2026-05-22 01:45:00+00:00,1.3427799999999999,1.34305,1.34246,1.34247,443,10,0
2026-05-22 02:00:00+00:00,1.3424800000000001,1.3427,1.34241,1.3425799999999999,413,10,0
2026-05-22 02:15:00+00:00,1.3425799999999999,1.34276,1.34254,1.34267,340,10,0
2026-05-22 02:30:00+00:00,1.34267,1.34303,1.3426,1.34291,374,10,0
2026-05-22 02:45:00+00:00,1.34288,1.34293,1.34241,1.34266,415,10,0
2026-05-22 03:00:00+00:00,1.34267,1.3427799999999999,1.34228,1.34233,429,10,0
2026-05-22 03:15:00+00:00,1.34234,1.34257,1.34226,1.34247,339,10,0
2026-05-22 03:30:00+00:00,1.34247,1.34264,1.34238,1.34257,308,10,0
2026-05-22 03:45:00+00:00,1.34257,1.34267,1.3424800000000001,1.34257,228,10,0
2026-05-22 04:00:00+00:00,1.34257,1.34296,1.34249,1.34293,264,10,0
2026-05-22 04:15:00+00:00,1.34293,1.3430900000000001,1.34284,1.34287,248,10,0
2026-05-22 04:30:00+00:00,1.34287,1.34297,1.34273,1.34295,257,10,0
2026-05-22 04:45:00+00:00,1.34294,1.3431600000000001,1.34289,1.34299,232,10,0
2026-05-22 05:00:00+00:00,1.34298,1.34321,1.34295,1.34297,334,10,0
2026-05-22 05:15:00+00:00,1.34297,1.34307,1.3428499999999999,1.34296,287,10,0
2026-05-22 05:30:00+00:00,1.34296,1.3431600000000001,1.34279,1.34291,302,10,0
2026-05-22 05:45:00+00:00,1.34288,1.34308,1.34192,1.34222,572,10,0
2026-05-22 06:00:00+00:00,1.3422399999999999,1.3425799999999999,1.34164,1.3424800000000001,752,10,0
2026-05-22 06:15:00+00:00,1.34245,1.34279,1.34205,1.34269,730,10,0
2026-05-22 06:30:00+00:00,1.34268,1.3427799999999999,1.34169,1.34219,674,10,0
2026-05-22 06:45:00+00:00,1.3421699999999999,1.34249,1.3419400000000001,1.34242,618,10,0
2026-05-22 07:00:00+00:00,1.3424,1.34242,1.34127,1.34138,699,10,0
2026-05-22 07:15:00+00:00,1.34137,1.3425,1.34137,1.34247,612,10,0
2026-05-22 07:30:00+00:00,1.3424800000000001,1.3425099999999999,1.34208,1.3422399999999999,629,10,0
2026-05-22 07:45:00+00:00,1.34223,1.34257,1.34207,1.34245,467,10,0
2026-05-22 08:00:00+00:00,1.34247,1.34301,1.34244,1.34262,621,10,0
2026-05-22 08:15:00+00:00,1.34262,1.34383,1.34261,1.34334,828,10,0
2026-05-22 08:30:00+00:00,1.34335,1.3434599999999999,1.34227,1.34294,973,10,0
2026-05-22 08:45:00+00:00,1.34294,1.3431600000000001,1.3424800000000001,1.34257,611,10,0
2026-05-22 09:00:00+00:00,1.34257,1.3428,1.3418700000000001,1.34198,715,10,0
2026-05-22 09:15:00+00:00,1.34195,1.34239,1.34162,1.34219,566,10,0
2026-05-22 09:30:00+00:00,1.3422100000000001,1.34268,1.34205,1.34231,565,10,0
2026-05-22 09:45:00+00:00,1.34229,1.3428,1.34226,1.34267,528,10,0
2026-05-22 10:00:00+00:00,1.3427,1.34318,1.34264,1.34297,460,10,0
2026-05-22 10:15:00+00:00,1.34296,1.34317,1.34249,1.34257,457,10,0
2026-05-22 10:30:00+00:00,1.34253,1.34268,1.34203,1.3423,567,10,0
2026-05-22 10:45:00+00:00,1.34231,1.3424800000000001,1.34201,1.34229,529,10,0
2026-05-22 11:00:00+00:00,1.34229,1.34234,1.34185,1.342,542,10,0
2026-05-22 11:15:00+00:00,1.34201,1.3422100000000001,1.34188,1.34193,482,10,0
2026-05-22 11:30:00+00:00,1.34192,1.34236,1.34184,1.34223,451,10,0
2026-05-22 11:45:00+00:00,1.34225,1.34254,1.34198,1.34206,735,10,0
2026-05-22 12:00:00+00:00,1.34206,1.34299,1.3416299999999999,1.34265,1419,10,0
2026-05-22 12:15:00+00:00,1.34262,1.34305,1.34188,1.34227,1200,10,0
2026-05-22 12:30:00+00:00,1.34227,1.34266,1.34211,1.34253,578,10,0
2026-05-22 12:45:00+00:00,1.3425500000000001,1.3437000000000001,1.3425500000000001,1.34363,643,10,0
2026-05-22 13:00:00+00:00,1.34365,1.34628,1.3434599999999999,1.34507,1533,10,0
2026-05-22 13:15:00+00:00,1.34508,1.3452600000000001,1.34427,1.34478,1006,10,0
2026-05-22 13:30:00+00:00,1.34477,1.34486,1.3437000000000001,1.34401,1339,10,0
2026-05-22 13:45:00+00:00,1.34401,1.34417,1.34329,1.34376,913,10,0
2026-05-22 14:00:00+00:00,1.34374,1.3437700000000001,1.34202,1.34214,1368,10,0
2026-05-22 14:15:00+00:00,1.3421,1.34237,1.34174,1.34227,1053,10,0
2026-05-22 14:30:00+00:00,1.34229,1.34323,1.34211,1.3432,1017,10,0
2026-05-22 14:45:00+00:00,1.34322,1.3437000000000001,1.34231,1.34337,1273,10,0
2026-05-22 15:00:00+00:00,1.34338,1.34397,1.34286,1.34361,1022,10,0
2026-05-22 15:15:00+00:00,1.34364,1.34417,1.34345,1.34385,840,10,0
2026-05-22 15:30:00+00:00,1.34386,1.3443100000000001,1.34364,1.34408,892,10,0
2026-05-22 15:45:00+00:00,1.34406,1.34424,1.34354,1.34365,734,10,0
2026-05-22 16:00:00+00:00,1.34364,1.3440400000000001,1.3433,1.3439,816,10,0
2026-05-22 16:15:00+00:00,1.34388,1.34448,1.34362,1.34444,772,10,0
2026-05-22 16:30:00+00:00,1.34444,1.34463,1.34391,1.34415,632,10,0
2026-05-22 16:45:00+00:00,1.34415,1.34449,1.3441100000000001,1.3443800000000001,611,10,0
2026-05-22 17:00:00+00:00,1.3444,1.34474,1.34435,1.3446500000000001,586,10,0
2026-05-22 17:15:00+00:00,1.34464,1.34501,1.34418,1.3449499999999999,1072,10,0
2026-05-22 17:30:00+00:00,1.34497,1.34531,1.34455,1.34491,978,10,0
2026-05-22 17:45:00+00:00,1.34491,1.34507,1.34457,1.34486,585,10,0
2026-05-22 18:00:00+00:00,1.34487,1.3450199999999999,1.34436,1.3446,715,10,0
2026-05-22 18:15:00+00:00,1.34461,1.34471,1.34443,1.34447,516,10,0
2026-05-22 18:30:00+00:00,1.34445,1.34512,1.34433,1.34467,545,10,0
2026-05-22 18:45:00+00:00,1.3446799999999999,1.3449499999999999,1.34455,1.34475,424,10,0
2026-05-22 19:00:00+00:00,1.3447200000000001,1.34478,1.34398,1.34412,662,10,0
2026-05-22 19:15:00+00:00,1.3441,1.3443,1.34405,1.3440699999999999,399,10,0
2026-05-22 19:30:00+00:00,1.34409,1.34421,1.34392,1.34397,495,10,0
2026-05-22 19:45:00+00:00,1.34398,1.34417,1.3437700000000001,1.34399,499,10,0
2026-05-22 20:00:00+00:00,1.34398,1.34416,1.34388,1.34405,317,10,0
2026-05-22 20:15:00+00:00,1.34408,1.34415,1.34393,1.34405,186,10,0
2026-05-22 20:30:00+00:00,1.34403,1.3440400000000001,1.34351,1.34366,445,10,0
2026-05-22 20:45:00+00:00,1.34366,1.34372,1.34287,1.3431199999999999,716,10,0
2026-05-24 21:00:00+00:00,1.3437700000000001,1.34409,1.34367,1.34385,57,187,0
2026-05-24 21:15:00+00:00,1.34381,1.34435,1.3437999999999999,1.34435,106,219,0
2026-05-24 21:30:00+00:00,1.34435,1.34481,1.34405,1.34463,93,146,0
2026-05-24 21:45:00+00:00,1.34463,1.34481,1.3446,1.34481,57,136,0
2026-05-24 22:00:00+00:00,1.34481,1.34754,1.34481,1.3474,374,47,0
2026-05-24 22:15:00+00:00,1.3474,1.3483100000000001,1.34722,1.34812,334,28,0
2026-05-24 22:30:00+00:00,1.34811,1.34851,1.34789,1.34806,353,20,0
2026-05-24 22:45:00+00:00,1.34801,1.34837,1.34786,1.3483399999999999,286,17,0
2026-05-24 23:00:00+00:00,1.34837,1.34879,1.34835,1.34863,281,10,0
2026-05-24 23:15:00+00:00,1.34863,1.34867,1.34833,1.34836,216,10,0
2026-05-24 23:30:00+00:00,1.34836,1.34855,1.34825,1.34842,308,10,0
2026-05-24 23:45:00+00:00,1.34842,1.34852,1.3479999999999999,1.34806,407,10,0
2026-05-25 00:00:00+00:00,1.34803,1.34818,1.34781,1.34796,528,10,0
2026-05-25 00:15:00+00:00,1.34796,1.34824,1.3477999999999999,1.34813,585,10,0
2026-05-25 00:30:00+00:00,1.34812,1.34826,1.34761,1.3477299999999999,388,10,0
2026-05-25 00:45:00+00:00,1.3477299999999999,1.34879,1.3477000000000001,1.34788,699,10,0
2026-05-25 01:00:00+00:00,1.34787,1.3486500000000001,1.34767,1.34862,743,10,0
2026-05-25 01:15:00+00:00,1.34862,1.34898,1.34853,1.34893,463,10,0
2026-05-25 01:30:00+00:00,1.3489200000000001,1.349,1.34813,1.34828,597,10,0
2026-05-25 01:45:00+00:00,1.34829,1.34846,1.34787,1.34799,438,10,0
2026-05-25 02:00:00+00:00,1.34798,1.34835,1.34791,1.34794,343,10,0
2026-05-25 02:15:00+00:00,1.34795,1.34814,1.34785,1.34805,315,10,0
2026-05-25 02:30:00+00:00,1.34808,1.34813,1.34782,1.34802,281,10,0
2026-05-25 02:45:00+00:00,1.34802,1.34806,1.3475,1.34767,289,10,0
2026-05-25 03:00:00+00:00,1.34766,1.34788,1.3473899999999999,1.34754,397,10,0
2026-05-25 03:15:00+00:00,1.34755,1.34786,1.34745,1.34762,362,10,0
2026-05-25 03:30:00+00:00,1.34764,1.34793,1.34754,1.34757,370,10,0
2026-05-25 03:45:00+00:00,1.34759,1.34759,1.34737,1.34747,328,10,0
2026-05-25 04:00:00+00:00,1.34745,1.34763,1.3474,1.34744,273,10,0
2026-05-25 04:15:00+00:00,1.34744,1.34765,1.3473899999999999,1.34764,213,10,0
2026-05-25 04:30:00+00:00,1.34764,1.34806,1.34764,1.3480400000000001,241,10,0
2026-05-25 04:45:00+00:00,1.3480400000000001,1.34851,1.3480400000000001,1.34824,309,10,0
2026-05-25 05:00:00+00:00,1.34824,1.34886,1.34823,1.34856,421,10,0
2026-05-25 05:15:00+00:00,1.34856,1.3486799999999999,1.34847,1.34862,227,10,0
2026-05-25 05:30:00+00:00,1.3486,1.34875,1.34848,1.34864,345,10,0
2026-05-25 05:45:00+00:00,1.34864,1.34876,1.34808,1.34819,366,10,0
2026-05-25 06:00:00+00:00,1.34814,1.34839,1.34794,1.34828,530,10,0
2026-05-25 06:15:00+00:00,1.34828,1.3483,1.34779,1.34802,484,10,0
2026-05-25 06:30:00+00:00,1.34802,1.3485,1.34786,1.34813,530,10,0
2026-05-25 06:45:00+00:00,1.34812,1.34871,1.34812,1.34859,486,10,0
2026-05-25 07:00:00+00:00,1.34862,1.3486500000000001,1.34784,1.34817,630,10,0
2026-05-25 07:15:00+00:00,1.34817,1.34818,1.34705,1.34732,842,10,0
2026-05-25 07:30:00+00:00,1.34733,1.3479700000000001,1.34731,1.34761,717,10,0
2026-05-25 07:45:00+00:00,1.3476,1.34844,1.34749,1.34842,539,10,0
2026-05-25 08:00:00+00:00,1.34844,1.34897,1.34782,1.34869,603,10,0
2026-05-25 08:15:00+00:00,1.34869,1.34885,1.34856,1.34871,382,10,0
2026-05-25 08:30:00+00:00,1.34871,1.34907,1.34859,1.3486500000000001,447,10,0
2026-05-25 08:45:00+00:00,1.34864,1.34935,1.3486099999999999,1.34931,446,10,0
2026-05-25 09:00:00+00:00,1.34933,1.3495300000000001,1.34918,1.34923,296,10,0
2026-05-25 09:15:00+00:00,1.34923,1.34951,1.34908,1.34931,310,10,0
2026-05-25 09:30:00+00:00,1.34931,1.34954,1.34925,1.34951,273,10,0
2026-05-25 09:45:00+00:00,1.34951,1.3495599999999999,1.3492,1.3492199999999999,272,10,0
2026-05-25 10:00:00+00:00,1.34921,1.34946,1.34907,1.34908,294,10,0
2026-05-25 10:15:00+00:00,1.34909,1.34934,1.34889,1.349,316,10,0
2026-05-25 10:30:00+00:00,1.34901,1.34917,1.3489200000000001,1.34916,295,10,0
2026-05-25 10:45:00+00:00,1.34916,1.34925,1.34893,1.34907,215,10,0
2026-05-25 11:00:00+00:00,1.3491,1.3491,1.3487,1.34905,328,10,0
2026-05-25 11:15:00+00:00,1.34905,1.34951,1.34905,1.34948,291,10,0
2026-05-25 11:30:00+00:00,1.34949,1.35037,1.34946,1.35037,566,10,0
2026-05-25 11:45:00+00:00,1.35036,1.35056,1.34976,1.34976,545,10,0
2026-05-25 12:00:00+00:00,1.3498,1.35016,1.34965,1.35002,545,10,0
2026-05-25 12:15:00+00:00,1.35003,1.3502,1.34985,1.34993,508,10,0
2026-05-25 12:30:00+00:00,1.34993,1.35055,1.34992,1.35046,509,10,0
2026-05-25 12:45:00+00:00,1.35046,1.35064,1.34995,1.35003,546,10,0
2026-05-25 13:00:00+00:00,1.35003,1.35028,1.34979,1.3498999999999999,444,10,0
2026-05-25 13:15:00+00:00,1.3498999999999999,1.35018,1.34978,1.35011,410,10,0
2026-05-25 13:30:00+00:00,1.35011,1.35035,1.34981,1.34984,454,10,0
2026-05-25 13:45:00+00:00,1.34984,1.35003,1.34935,1.34935,478,10,0
2026-05-25 14:00:00+00:00,1.34938,1.34977,1.34924,1.34938,484,10,0
2026-05-25 14:15:00+00:00,1.34938,1.3498,1.34936,1.34964,392,10,0
2026-05-25 14:30:00+00:00,1.34964,1.35009,1.34942,1.35003,429,10,0
2026-05-25 14:45:00+00:00,1.35001,1.35016,1.34969,1.35,584,10,0
2026-05-25 15:00:00+00:00,1.35001,1.3505,1.3495300000000001,1.34998,943,10,0
2026-05-25 15:15:00+00:00,1.34999,1.35037,1.34982,1.35022,532,10,0
2026-05-25 15:30:00+00:00,1.3502,1.35045,1.35003,1.35041,286,10,0
2026-05-25 15:45:00+00:00,1.35041,1.3504800000000001,1.3501,1.35013,277,10,0
2026-05-25 16:00:00+00:00,1.35012,1.3502,1.34988,1.35006,276,10,0
2026-05-25 16:15:00+00:00,1.35006,1.35016,1.34992,1.34996,237,10,0
2026-05-25 16:30:00+00:00,1.34996,1.35015,1.34985,1.35007,305,10,0
2026-05-25 16:45:00+00:00,1.35007,1.3504800000000001,1.35004,1.35034,330,10,0
2026-05-25 17:00:00+00:00,1.35034,1.35053,1.35028,1.35041,128,10,0
2026-05-25 17:15:00+00:00,1.35041,1.35062,1.3504,1.35061,158,10,0
2026-05-25 17:30:00+00:00,1.35061,1.35072,1.3505099999999999,1.35062,108,10,0
2026-05-25 17:45:00+00:00,1.35062,1.35062,1.35035,1.35052,145,10,0
2026-05-25 18:00:00+00:00,1.3505099999999999,1.35069,1.3504399999999999,1.35063,128,10,0
2026-05-25 18:15:00+00:00,1.35063,1.35066,1.35047,1.3505099999999999,119,10,0
2026-05-25 18:30:00+00:00,1.35052,1.35066,1.35046,1.3505099999999999,133,10,0
2026-05-25 18:45:00+00:00,1.3505099999999999,1.35067,1.3505,1.35066,110,10,0
2026-05-25 19:00:00+00:00,1.35065,1.35068,1.3505099999999999,1.35054,107,10,0
2026-05-25 19:15:00+00:00,1.35054,1.3507,1.3505099999999999,1.35064,95,10,0
2026-05-25 19:30:00+00:00,1.35064,1.35088,1.35054,1.3507799999999999,126,10,0
2026-05-25 19:45:00+00:00,1.3507799999999999,1.35087,1.35063,1.3507500000000001,164,10,0
2026-05-25 20:00:00+00:00,1.3507500000000001,1.35081,1.3507,1.35077,104,10,0
2026-05-25 20:15:00+00:00,1.35077,1.35081,1.35064,1.3507799999999999,106,10,0
2026-05-25 20:30:00+00:00,1.35079,1.35079,1.35053,1.35066,152,10,0
2026-05-25 20:45:00+00:00,1.35066,1.35081,1.35061,1.35061,180,4,0
2026-05-25 21:00:00+00:00,1.35058,1.35062,1.3502100000000001,1.35023,197,24,0
2026-05-25 21:15:00+00:00,1.3502100000000001,1.3502100000000001,1.34949,1.3496000000000001,330,66,0
2026-05-25 21:30:00+00:00,1.34959,1.35006,1.34949,1.34985,297,79,0
2026-05-25 21:45:00+00:00,1.34985,1.35008,1.3496299999999999,1.35001,324,55,0
2026-05-25 22:00:00+00:00,1.3502399999999999,1.35052,1.35003,1.35039,239,10,0
2026-05-25 22:15:00+00:00,1.35038,1.35038,1.35022,1.35031,125,10,0
2026-05-25 22:30:00+00:00,1.35033,1.3504800000000001,1.35019,1.35046,126,10,0
2026-05-25 22:45:00+00:00,1.35046,1.35047,1.35028,1.3503,68,10,0
2026-05-25 23:00:00+00:00,1.35029,1.35046,1.3502399999999999,1.35034,176,10,0
2026-05-25 23:15:00+00:00,1.35034,1.35041,1.34998,1.35007,145,10,0
2026-05-25 23:30:00+00:00,1.35006,1.35006,1.34974,1.3498,198,10,0
2026-05-25 23:45:00+00:00,1.3498,1.35019,1.34952,1.34955,375,10,0
2026-05-26 00:00:00+00:00,1.34957,1.34968,1.34923,1.3492899999999999,724,10,0
2026-05-26 00:15:00+00:00,1.34928,1.34942,1.34877,1.34925,564,10,0
2026-05-26 00:30:00+00:00,1.34925,1.3494,1.3490199999999999,1.34914,477,10,0
2026-05-26 00:45:00+00:00,1.34914,1.34951,1.34903,1.34941,466,10,0
2026-05-26 01:00:00+00:00,1.34941,1.34948,1.34886,1.34928,622,10,0
2026-05-26 01:15:00+00:00,1.34932,1.34937,1.34894,1.34905,517,10,0
2026-05-26 01:30:00+00:00,1.34906,1.34911,1.34822,1.3484,578,10,0
2026-05-26 01:45:00+00:00,1.3484,1.34876,1.3483399999999999,1.34864,433,10,0
2026-05-26 02:00:00+00:00,1.3486500000000001,1.34898,1.3485800000000001,1.34862,379,10,0
2026-05-26 02:15:00+00:00,1.34862,1.34883,1.34855,1.3486500000000001,362,10,0
2026-05-26 02:30:00+00:00,1.34866,1.3488,1.34837,1.34843,390,10,0
2026-05-26 02:45:00+00:00,1.34842,1.34877,1.34827,1.34867,333,10,0
2026-05-26 03:00:00+00:00,1.34867,1.34897,1.34863,1.3488,274,10,0
2026-05-26 03:15:00+00:00,1.3488,1.34918,1.34879,1.34885,266,10,0
2026-05-26 03:30:00+00:00,1.34884,1.34896,1.34872,1.34878,233,10,0
2026-05-26 03:45:00+00:00,1.34878,1.34887,1.34864,1.34885,238,10,0
2026-05-26 04:00:00+00:00,1.34885,1.34888,1.34845,1.34883,281,10,0
2026-05-26 04:15:00+00:00,1.34883,1.34883,1.34851,1.34852,218,10,0
2026-05-26 04:30:00+00:00,1.34852,1.3486500000000001,1.34836,1.34843,243,10,0
2026-05-26 04:45:00+00:00,1.34842,1.34845,1.34802,1.3480699999999999,278,10,0
2026-05-26 05:00:00+00:00,1.34805,1.34815,1.34776,1.34783,397,10,0
2026-05-26 05:15:00+00:00,1.34783,1.34793,1.34772,1.34782,283,10,0
2026-05-26 05:30:00+00:00,1.34782,1.3479700000000001,1.34762,1.34775,339,10,0
2026-05-26 05:45:00+00:00,1.34775,1.34776,1.3474,1.34748,268,10,0
2026-05-26 06:00:00+00:00,1.34749,1.34766,1.34734,1.34765,486,10,0
2026-05-26 06:15:00+00:00,1.34765,1.34846,1.34755,1.34793,650,10,0
2026-05-26 06:30:00+00:00,1.34792,1.34808,1.34747,1.34787,687,10,0
2026-05-26 06:45:00+00:00,1.34787,1.3479999999999999,1.34759,1.3477299999999999,596,10,0
2026-05-26 07:00:00+00:00,1.34775,1.34779,1.34644,1.34731,1014,10,0
2026-05-26 07:15:00+00:00,1.34732,1.34738,1.34671,1.34708,747,10,0
2026-05-26 07:30:00+00:00,1.34711,1.34767,1.34674,1.34704,971,10,0
2026-05-26 07:45:00+00:00,1.34704,1.34753,1.34672,1.34745,704,10,0
2026-05-26 08:00:00+00:00,1.34748,1.34806,1.34711,1.34757,803,10,0
2026-05-26 08:15:00+00:00,1.34757,1.34792,1.3473,1.34751,564,10,0
2026-05-26 08:30:00+00:00,1.34749,1.3477700000000001,1.3471600000000001,1.34726,638,10,0
2026-05-26 08:45:00+00:00,1.34725,1.34791,1.34711,1.3474599999999999,589,10,0
2026-05-26 09:00:00+00:00,1.34749,1.34784,1.34718,1.3477299999999999,615,10,0
2026-05-26 09:15:00+00:00,1.34774,1.34817,1.34745,1.34811,714,10,0
2026-05-26 09:30:00+00:00,1.34811,1.3483,1.34781,1.34783,579,10,0
2026-05-26 09:45:00+00:00,1.34784,1.34845,1.34779,1.34832,515,10,0
2026-05-26 10:00:00+00:00,1.34832,1.34832,1.34775,1.3480400000000001,558,10,0
2026-05-26 10:15:00+00:00,1.34805,1.3483399999999999,1.34785,1.34827,554,10,0
2026-05-26 10:30:00+00:00,1.34829,1.3486,1.34799,1.3482,750,10,0
2026-05-26 10:45:00+00:00,1.34819,1.34889,1.34809,1.34842,581,10,0
2026-05-26 11:00:00+00:00,1.34842,1.34889,1.34836,1.34844,536,10,0
2026-05-26 11:15:00+00:00,1.34843,1.34883,1.34803,1.3480699999999999,542,10,0
2026-05-26 11:30:00+00:00,1.34809,1.34819,1.34691,1.34693,831,10,0
2026-05-26 11:45:00+00:00,1.34696,1.3470900000000001,1.34677,1.3469,662,10,0
2026-05-26 12:00:00+00:00,1.34687,1.34713,1.34652,1.34687,755,10,0
2026-05-26 12:15:00+00:00,1.34687,1.3474599999999999,1.3468,1.34735,590,10,0
2026-05-26 12:30:00+00:00,1.34735,1.34741,1.34674,1.34698,653,10,0
2026-05-26 12:45:00+00:00,1.34697,1.3471600000000001,1.34661,1.34666,626,10,0
2026-05-26 13:00:00+00:00,1.34665,1.34686,1.34639,1.34666,793,10,0
2026-05-26 13:15:00+00:00,1.34664,1.34701,1.34629,1.34634,692,10,0
2026-05-26 13:30:00+00:00,1.34633,1.34677,1.34619,1.34627,1015,10,0
2026-05-26 13:45:00+00:00,1.34628,1.34677,1.3456000000000001,1.34632,1028,10,0
2026-05-26 14:00:00+00:00,1.34634,1.34686,1.34599,1.34618,964,10,0
2026-05-26 14:15:00+00:00,1.34618,1.34638,1.34577,1.346,790,10,0
2026-05-26 14:30:00+00:00,1.3459699999999999,1.34688,1.3458700000000001,1.34611,968,10,0
2026-05-26 14:45:00+00:00,1.34608,1.3463,1.3449,1.3449,1073,10,0
2026-05-26 15:00:00+00:00,1.3449,1.34501,1.34415,1.34439,1090,10,0
2026-05-26 15:15:00+00:00,1.3443800000000001,1.34446,1.34341,1.34416,904,10,0
2026-05-26 15:30:00+00:00,1.34418,1.34446,1.34357,1.34384,911,10,0
2026-05-26 15:45:00+00:00,1.34385,1.34408,1.34341,1.34356,743,10,0
2026-05-26 16:00:00+00:00,1.34357,1.34433,1.3434300000000001,1.34416,683,10,0
2026-05-26 16:15:00+00:00,1.34418,1.34484,1.34418,1.34452,555,10,0
2026-05-26 16:30:00+00:00,1.34451,1.34477,1.34405,1.34408,596,10,0
2026-05-26 16:45:00+00:00,1.3440699999999999,1.34428,1.34391,1.3441,623,10,0
2026-05-26 17:00:00+00:00,1.34412,1.3448,1.3440400000000001,1.34456,530,10,0
2026-05-26 17:15:00+00:00,1.34453,1.34467,1.3442,1.34425,415,10,0
2026-05-26 17:30:00+00:00,1.34423,1.34461,1.34383,1.34395,495,10,0
2026-05-26 17:45:00+00:00,1.34394,1.34423,1.34378,1.3440699999999999,530,10,0
2026-05-26 18:00:00+00:00,1.34409,1.34432,1.34386,1.34425,387,10,0
2026-05-26 18:15:00+00:00,1.34425,1.34433,1.3440699999999999,1.34417,381,10,0
2026-05-26 18:30:00+00:00,1.34415,1.3444,1.34405,1.34424,443,10,0
2026-05-26 18:45:00+00:00,1.34423,1.3446,1.34423,1.34443,396,10,0
2026-05-26 19:00:00+00:00,1.3444,1.34455,1.34418,1.34422,450,10,0
2026-05-26 19:15:00+00:00,1.34422,1.34459,1.34422,1.34447,322,10,0
2026-05-26 19:30:00+00:00,1.34446,1.34489,1.34446,1.3448,319,10,0
2026-05-26 19:45:00+00:00,1.3448,1.34496,1.3447,1.34483,408,10,0
2026-05-26 20:00:00+00:00,1.34484,1.34535,1.34476,1.34512,302,10,0
2026-05-26 20:15:00+00:00,1.34513,1.34518,1.34474,1.34475,236,10,0
2026-05-26 20:30:00+00:00,1.34473,1.34498,1.3447,1.34473,176,10,0
2026-05-26 20:45:00+00:00,1.34473,1.34485,1.34447,1.34458,277,7,0
2026-05-26 21:00:00+00:00,1.34459,1.34461,1.3444,1.34459,130,15,0
2026-05-26 21:15:00+00:00,1.3446,1.34461,1.34452,1.34458,415,15,0
2026-05-26 21:30:00+00:00,1.34457,1.34461,1.3444,1.34448,267,13,0
2026-05-26 21:45:00+00:00,1.34445,1.34452,1.34425,1.34452,183,53,0
2026-05-26 22:00:00+00:00,1.3446,1.34509,1.3446,1.3448,322,10,0
2026-05-26 22:15:00+00:00,1.34478,1.34488,1.34473,1.34485,158,10,0
2026-05-26 22:30:00+00:00,1.34485,1.3449200000000001,1.34477,1.34488,106,10,0
2026-05-26 22:45:00+00:00,1.34488,1.34505,1.34483,1.345,162,10,0
2026-05-26 23:00:00+00:00,1.345,1.34508,1.34491,1.34506,101,10,0
2026-05-26 23:15:00+00:00,1.34506,1.34541,1.34506,1.3454,130,10,0
2026-05-26 23:30:00+00:00,1.3454,1.34584,1.3453300000000001,1.34573,164,10,0
2026-05-26 23:45:00+00:00,1.34574,1.34586,1.34537,1.34544,279,10,0
2026-05-27 00:00:00+00:00,1.34544,1.34572,1.34535,1.34564,534,10,0
2026-05-27 00:15:00+00:00,1.34564,1.34574,1.34547,1.3456299999999999,435,10,0
2026-05-27 00:30:00+00:00,1.34564,1.34564,1.34539,1.3456000000000001,431,10,0
2026-05-27 00:45:00+00:00,1.3456000000000001,1.34579,1.34537,1.3455,564,10,0
2026-05-27 01:00:00+00:00,1.34548,1.34552,1.34528,1.34542,502,10,0
2026-05-27 01:15:00+00:00,1.34543,1.34555,1.34513,1.34525,399,10,0
2026-05-27 01:30:00+00:00,1.34525,1.34525,1.34467,1.34493,709,10,0
2026-05-27 01:45:00+00:00,1.3449200000000001,1.34493,1.34456,1.34471,416,10,0
2026-05-27 02:00:00+00:00,1.3447,1.34522,1.3446799999999999,1.3449499999999999,681,10,0
2026-05-27 02:15:00+00:00,1.3449499999999999,1.34513,1.34474,1.3449,414,10,0
2026-05-27 02:30:00+00:00,1.34489,1.34505,1.34481,1.3449,349,10,0
2026-05-27 02:45:00+00:00,1.3449,1.3454,1.3449,1.34522,405,10,0
2026-05-27 03:00:00+00:00,1.34522,1.34584,1.34521,1.34547,422,10,0
2026-05-27 03:15:00+00:00,1.34546,1.34554,1.34531,1.34546,296,10,0
2026-05-27 03:30:00+00:00,1.34546,1.3455300000000001,1.34521,1.3454,300,10,0
2026-05-27 03:45:00+00:00,1.34539,1.34547,1.3452600000000001,1.34541,281,10,0
2026-05-27 04:00:00+00:00,1.34541,1.34559,1.34535,1.34546,273,10,0
2026-05-27 04:15:00+00:00,1.34546,1.3456299999999999,1.34522,1.34524,303,10,0
2026-05-27 04:30:00+00:00,1.34524,1.3455599999999999,1.34523,1.34555,320,10,0
2026-05-27 04:45:00+00:00,1.3455599999999999,1.3455599999999999,1.34525,1.34534,267,10,0
2026-05-27 05:00:00+00:00,1.34535,1.34565,1.34528,1.34555,331,10,0
2026-05-27 05:15:00+00:00,1.34555,1.3456299999999999,1.34532,1.34554,321,10,0
2026-05-27 05:30:00+00:00,1.34554,1.3456000000000001,1.34514,1.34531,431,10,0
2026-05-27 05:45:00+00:00,1.34531,1.34541,1.34484,1.34491,419,10,0
2026-05-27 06:00:00+00:00,1.34491,1.3449900000000001,1.34454,1.34462,590,10,0
2026-05-27 06:15:00+00:00,1.34462,1.34477,1.3444099999999999,1.34462,607,10,0
2026-05-27 06:30:00+00:00,1.3446,1.34542,1.34439,1.34541,619,10,0
2026-05-27 06:45:00+00:00,1.34541,1.34559,1.34503,1.3452,624,10,0
2026-05-27 07:00:00+00:00,1.34521,1.34562,1.3449,1.3449499999999999,658,10,0
2026-05-27 07:15:00+00:00,1.3449499999999999,1.34504,1.34463,1.34476,568,10,0
2026-05-27 07:30:00+00:00,1.34476,1.34486,1.34457,1.34482,534,10,0
2026-05-27 07:45:00+00:00,1.34482,1.34483,1.34413,1.34424,563,10,0
2026-05-27 08:00:00+00:00,1.34424,1.34508,1.34406,1.34475,706,10,0
2026-05-27 08:15:00+00:00,1.34475,1.34518,1.34425,1.34467,653,10,0
2026-05-27 08:30:00+00:00,1.3446799999999999,1.3446799999999999,1.3442,1.34453,492,10,0
2026-05-27 08:45:00+00:00,1.34453,1.34473,1.34415,1.34461,514,10,0
2026-05-27 09:00:00+00:00,1.34457,1.34504,1.34442,1.34486,640,10,0
2026-05-27 09:15:00+00:00,1.34486,1.3452,1.34467,1.34494,506,10,0
2026-05-27 09:30:00+00:00,1.34494,1.34497,1.34452,1.34455,397,10,0
2026-05-27 09:45:00+00:00,1.34455,1.34517,1.34444,1.3445,520,10,0
2026-05-27 10:00:00+00:00,1.34447,1.34459,1.34421,1.34429,464,10,0
2026-05-27 10:15:00+00:00,1.34429,1.34429,1.34354,1.34371,508,10,0
2026-05-27 10:30:00+00:00,1.34369,1.34408,1.34355,1.34408,563,10,0
2026-05-27 10:45:00+00:00,1.34409,1.34417,1.3437999999999999,1.34408,518,10,0
2026-05-27 11:00:00+00:00,1.3441,1.34424,1.34336,1.34395,539,10,0
2026-05-27 11:15:00+00:00,1.34396,1.34413,1.34349,1.34354,599,10,0
2026-05-27 11:30:00+00:00,1.34354,1.34384,1.3433899999999999,1.34376,569,10,0
2026-05-27 11:45:00+00:00,1.34376,1.34385,1.34299,1.34345,621,10,0
2026-05-27 12:00:00+00:00,1.34347,1.34357,1.34311,1.34332,766,10,0
2026-05-27 12:15:00+00:00,1.34332,1.3456299999999999,1.34311,1.34524,2440,10,0
2026-05-27 12:30:00+00:00,1.34528,1.34557,1.3448,1.34481,1443,10,0
2026-05-27 12:45:00+00:00,1.34481,1.3449,1.34383,1.34399,979,10,0
2026-05-27 13:00:00+00:00,1.34395,1.34478,1.3439,1.34448,1013,10,0
2026-05-27 13:15:00+00:00,1.34447,1.34476,1.3440400000000001,1.3443800000000001,911,10,0
2026-05-27 13:30:00+00:00,1.34437,1.34487,1.3441,1.34433,1078,10,0
2026-05-27 13:45:00+00:00,1.34432,1.34474,1.3440400000000001,1.34461,1038,10,0
2026-05-27 14:00:00+00:00,1.34464,1.34521,1.34421,1.34517,1081,10,0
2026-05-27 14:15:00+00:00,1.34516,1.34579,1.34449,1.34484,1211,10,0
2026-05-27 14:30:00+00:00,1.34481,1.34534,1.34391,1.34503,1629,10,0
2026-05-27 14:45:00+00:00,1.34505,1.34528,1.34168,1.34186,1740,10,0
2026-05-27 15:00:00+00:00,1.3418700000000001,1.34297,1.3416000000000001,1.34291,1265,10,0
2026-05-27 15:15:00+00:00,1.34292,1.34294,1.34226,1.34273,796,10,0
2026-05-27 15:30:00+00:00,1.34275,1.34313,1.34238,1.3424800000000001,1053,10,0
2026-05-27 15:45:00+00:00,1.3424800000000001,1.34286,1.34215,1.34286,867,10,0
2026-05-27 16:00:00+00:00,1.34288,1.34289,1.34196,1.3425099999999999,952,10,0
2026-05-27 16:15:00+00:00,1.3425500000000001,1.34313,1.3425500000000001,1.34284,570,10,0
2026-05-27 16:30:00+00:00,1.34283,1.34297,1.34268,1.34272,461,10,0
2026-05-27 16:45:00+00:00,1.34272,1.3431600000000001,1.34271,1.34302,458,10,0
2026-05-27 17:00:00+00:00,1.34306,1.34314,1.34185,1.3419699999999999,803,10,0
2026-05-27 17:15:00+00:00,1.34198,1.34225,1.34169,1.34184,585,10,0
2026-05-27 17:30:00+00:00,1.34185,1.34209,1.34168,1.34204,460,10,0
2026-05-27 17:45:00+00:00,1.34203,1.3428,1.34202,1.34259,511,10,0
2026-05-27 18:00:00+00:00,1.34257,1.34268,1.34215,1.34227,502,10,0
2026-05-27 18:15:00+00:00,1.34229,1.34274,1.3422,1.34268,527,10,0
2026-05-27 18:30:00+00:00,1.34267,1.34286,1.34253,1.34272,497,10,0
2026-05-27 18:45:00+00:00,1.34273,1.34306,1.34263,1.34292,383,10,0
2026-05-27 19:00:00+00:00,1.3429,1.34314,1.3427799999999999,1.34296,389,10,0
2026-05-27 19:15:00+00:00,1.34294,1.34328,1.34286,1.34306,387,10,0
2026-05-27 19:30:00+00:00,1.34306,1.34325,1.3429,1.34304,417,10,0
2026-05-27 19:45:00+00:00,1.34304,1.3430900000000001,1.3428499999999999,1.34301,376,10,0
2026-05-27 20:00:00+00:00,1.34302,1.34326,1.34292,1.3431199999999999,267,10,0
2026-05-27 20:15:00+00:00,1.3431199999999999,1.34314,1.34291,1.34295,136,10,0
2026-05-27 20:30:00+00:00,1.34297,1.3431199999999999,1.34292,1.34298,175,10,0
2026-05-27 20:45:00+00:00,1.34299,1.34301,1.3425799999999999,1.34263,258,9,0
2026-05-27 21:00:00+00:00,1.34263,1.34264,1.34227,1.34231,87,26,0
2026-05-27 21:15:00+00:00,1.34235,1.34243,1.34218,1.34225,128,55,0
2026-05-27 21:30:00+00:00,1.34226,1.3424800000000001,1.3422100000000001,1.34247,172,40,0
2026-05-27 21:45:00+00:00,1.34246,1.34254,1.3423,1.34252,227,40,0
2026-05-27 22:00:00+00:00,1.34259,1.34305,1.34256,1.34293,193,10,0
2026-05-27 22:15:00+00:00,1.34293,1.34303,1.34269,1.34272,181,10,0
2026-05-27 22:30:00+00:00,1.34272,1.34287,1.34264,1.34274,168,10,0
2026-05-27 22:45:00+00:00,1.34274,1.34276,1.3425099999999999,1.34275,134,10,0
2026-05-27 23:00:00+00:00,1.34275,1.34281,1.34262,1.34276,110,10,0
2026-05-27 23:15:00+00:00,1.34276,1.34286,1.34212,1.34223,332,10,0
2026-05-27 23:30:00+00:00,1.34223,1.34223,1.34183,1.34203,357,10,0
2026-05-27 23:45:00+00:00,1.34204,1.34205,1.34139,1.3415599999999999,393,10,0
2026-05-28 00:00:00+00:00,1.3415300000000001,1.34178,1.3414,1.34161,671,10,0
2026-05-28 00:15:00+00:00,1.3416000000000001,1.34199,1.34151,1.3418700000000001,502,10,0
2026-05-28 00:30:00+00:00,1.3418700000000001,1.34189,1.34141,1.34141,445,10,0
2026-05-28 00:45:00+00:00,1.34143,1.34154,1.3409200000000001,1.34131,498,10,0
2026-05-28 01:00:00+00:00,1.3413300000000001,1.34139,1.34094,1.34115,533,10,0
2026-05-28 01:15:00+00:00,1.34115,1.34128,1.34091,1.34101,465,10,0
2026-05-28 01:30:00+00:00,1.3410199999999999,1.34116,1.3405,1.3405,496,10,0
2026-05-28 01:45:00+00:00,1.34048,1.34051,1.33972,1.33984,491,10,0
2026-05-28 02:00:00+00:00,1.33982,1.34024,1.33982,1.34024,544,10,0
2026-05-28 02:15:00+00:00,1.34024,1.34052,1.34012,1.34047,312,10,0
2026-05-28 02:30:00+00:00,1.34047,1.34064,1.34003,1.34008,412,10,0
2026-05-28 02:45:00+00:00,1.34008,1.34018,1.33992,1.3401399999999999,396,10,0
2026-05-28 03:00:00+00:00,1.3401399999999999,1.34035,1.33932,1.33935,517,10,0
2026-05-28 03:15:00+00:00,1.33935,1.33945,1.33875,1.33886,678,10,0
2026-05-28 03:30:00+00:00,1.33886,1.33887,1.33751,1.33758,932,10,0
2026-05-28 03:45:00+00:00,1.33757,1.33772,1.3368,1.33683,775,10,0
2026-05-28 04:00:00+00:00,1.3368,1.33747,1.3366799999999999,1.3373,715,10,0
2026-05-28 04:15:00+00:00,1.33732,1.33748,1.3369900000000001,1.33708,692,10,0
2026-05-28 04:30:00+00:00,1.33707,1.33779,1.3370600000000001,1.33759,523,10,0
2026-05-28 04:45:00+00:00,1.33759,1.33777,1.33742,1.3377,434,10,0
2026-05-28 05:00:00+00:00,1.33773,1.33791,1.33746,1.33785,475,10,0
2026-05-28 05:15:00+00:00,1.33784,1.33837,1.33774,1.3383099999999999,439,10,0
2026-05-28 05:30:00+00:00,1.33832,1.33937,1.33829,1.33922,681,10,0
2026-05-28 05:45:00+00:00,1.33925,1.33955,1.33913,1.3391600000000001,496,10,0
2026-05-28 06:00:00+00:00,1.33913,1.33986,1.33901,1.33974,689,10,0
2026-05-28 06:15:00+00:00,1.33974,1.34017,1.3395000000000001,1.33984,660,10,0
2026-05-28 06:30:00+00:00,1.33988,1.34074,1.3397999999999999,1.34059,751,10,0
2026-05-28 06:45:00+00:00,1.34058,1.3407499999999999,1.3402,1.3403399999999999,601,10,0
2026-05-28 07:00:00+00:00,1.34037,1.34113,1.34037,1.3409900000000001,867,10,0
2026-05-28 07:15:00+00:00,1.34101,1.34101,1.33998,1.34022,652,10,0
2026-05-28 07:30:00+00:00,1.34023,1.34064,1.3399,1.34022,672,10,0
2026-05-28 07:45:00+00:00,1.34022,1.3405,1.3400699999999999,1.3402,619,10,0
2026-05-28 08:00:00+00:00,1.34019,1.3406799999999999,1.33974,1.33995,697,10,0
2026-05-28 08:15:00+00:00,1.33995,1.34023,1.33951,1.3399,598,10,0
2026-05-28 08:30:00+00:00,1.3399,1.34001,1.33945,1.33956,542,10,0
2026-05-28 08:45:00+00:00,1.33956,1.34036,1.33948,1.34015,488,10,0
2026-05-28 09:00:00+00:00,1.34015,1.34077,1.3400699999999999,1.3406,596,10,0
2026-05-28 09:15:00+00:00,1.34061,1.3409499999999999,1.34032,1.34036,556,10,0
2026-05-28 09:30:00+00:00,1.34037,1.34043,1.33979,1.33982,579,10,0
2026-05-28 09:45:00+00:00,1.33981,1.34003,1.33942,1.3395299999999999,619,10,0
2026-05-28 10:00:00+00:00,1.33951,1.3397000000000001,1.33896,1.33938,639,10,0
2026-05-28 10:15:00+00:00,1.33941,1.3397999999999999,1.33902,1.33974,663,10,0
2026-05-28 10:30:00+00:00,1.33974,1.33979,1.33863,1.33877,558,10,0
2026-05-28 10:45:00+00:00,1.33878,1.3394300000000001,1.33857,1.3388900000000001,1030,10,0
2026-05-28 11:00:00+00:00,1.33886,1.33958,1.3388200000000001,1.3395299999999999,690,10,0
2026-05-28 11:15:00+00:00,1.3395299999999999,1.34008,1.33952,1.34003,488,10,0
2026-05-28 11:30:00+00:00,1.33999,1.34029,1.33952,1.34025,448,10,0
2026-05-28 11:45:00+00:00,1.34025,1.34101,1.34002,1.34061,674,10,0
2026-05-28 12:00:00+00:00,1.3406,1.34077,1.34025,1.34063,633,10,0
2026-05-28 12:15:00+00:00,1.34063,1.3410199999999999,1.34049,1.34096,635,10,0
2026-05-28 12:30:00+00:00,1.3409499999999999,1.3422399999999999,1.34089,1.34193,1179,10,0
2026-05-28 12:45:00+00:00,1.34193,1.34246,1.34174,1.34202,949,10,0
2026-05-28 13:00:00+00:00,1.34205,1.34276,1.34151,1.34152,1013,10,0
2026-05-28 13:15:00+00:00,1.34151,1.34204,1.34135,1.34165,751,10,0
2026-05-28 13:30:00+00:00,1.34169,1.34247,1.34152,1.34225,1065,10,0
2026-05-28 13:45:00+00:00,1.3422100000000001,1.3425799999999999,1.3412,1.34124,816,10,0
2026-05-28 14:00:00+00:00,1.34124,1.34506,1.34071,1.3437000000000001,2550,10,0
2026-05-28 14:15:00+00:00,1.34374,1.34414,1.34302,1.34384,2343,10,0
2026-05-28 14:30:00+00:00,1.34382,1.3443800000000001,1.34287,1.34344,1543,10,0
2026-05-28 14:45:00+00:00,1.34344,1.34394,1.34249,1.34326,1699,10,0
2026-05-28 15:00:00+00:00,1.34325,1.34418,1.34314,1.34392,1210,10,0
2026-05-28 15:15:00+00:00,1.34394,1.34406,1.3434,1.34366,925,10,0
2026-05-28 15:30:00+00:00,1.34365,1.34405,1.34331,1.34357,965,10,0
2026-05-28 15:45:00+00:00,1.34358,1.34384,1.3434,1.34353,789,10,0
2026-05-28 16:00:00+00:00,1.34352,1.34399,1.3431600000000001,1.34392,719,10,0
2026-05-28 16:15:00+00:00,1.34395,1.34481,1.34381,1.3443399999999999,967,10,0
2026-05-28 16:30:00+00:00,1.34436,1.34455,1.34398,1.34429,722,10,0
2026-05-28 16:45:00+00:00,1.34433,1.34467,1.34408,1.34463,695,10,0
2026-05-28 17:00:00+00:00,1.34463,1.34477,1.34425,1.34452,677,10,0
2026-05-28 17:15:00+00:00,1.34452,1.34452,1.3440400000000001,1.3441,545,10,0
2026-05-28 17:30:00+00:00,1.3441,1.34454,1.3439999999999999,1.34409,490,10,0
2026-05-28 17:45:00+00:00,1.3440699999999999,1.34459,1.3440699999999999,1.34453,595,10,0
2026-05-28 18:00:00+00:00,1.34452,1.34475,1.3441,1.3443800000000001,553,10,0
2026-05-28 18:15:00+00:00,1.3444,1.34476,1.3437999999999999,1.34385,838,10,0
2026-05-28 18:30:00+00:00,1.34383,1.3439,1.3436,1.34381,543,10,0
2026-05-28 18:45:00+00:00,1.3437999999999999,1.34422,1.34379,1.3439999999999999,401,10,0
2026-05-28 19:00:00+00:00,1.34397,1.34405,1.3437000000000001,1.34379,471,10,0
2026-05-28 19:15:00+00:00,1.3437999999999999,1.34408,1.34375,1.3439999999999999,366,10,0
2026-05-28 19:30:00+00:00,1.34401,1.34436,1.34401,1.3441,438,10,0
2026-05-28 19:45:00+00:00,1.3441,1.34433,1.34376,1.34392,547,10,0
2026-05-28 20:00:00+00:00,1.34388,1.3442,1.34378,1.34405,394,10,0
2026-05-28 20:15:00+00:00,1.34405,1.34415,1.34385,1.34388,241,10,0
2026-05-28 20:30:00+00:00,1.3439,1.34418,1.34388,1.34412,205,10,0
2026-05-28 20:45:00+00:00,1.34412,1.3443399999999999,1.34409,1.34424,198,9,0
2026-05-28 21:00:00+00:00,1.34425,1.34427,1.34406,1.3440699999999999,87,20,0
2026-05-28 21:15:00+00:00,1.34406,1.3442,1.34394,1.3442,201,26,0
2026-05-28 21:30:00+00:00,1.34419,1.34422,1.34398,1.34409,241,22,0
2026-05-28 21:45:00+00:00,1.34409,1.34412,1.34398,1.34399,161,29,0
2026-05-28 22:00:00+00:00,1.34425,1.34455,1.34419,1.34449,214,10,0
2026-05-28 22:15:00+00:00,1.34449,1.34453,1.3443399999999999,1.34439,113,10,0
2026-05-28 22:30:00+00:00,1.3444,1.3444,1.34416,1.34422,87,10,0
2026-05-28 22:45:00+00:00,1.34422,1.34424,1.3441100000000001,1.3441100000000001,92,10,0
2026-05-28 23:00:00+00:00,1.3441100000000001,1.34451,1.3441,1.34436,214,10,0
2026-05-28 23:15:00+00:00,1.34436,1.34446,1.34432,1.3443399999999999,125,10,0
2026-05-28 23:30:00+00:00,1.3443399999999999,1.34446,1.34423,1.34444,166,10,0
2026-05-28 23:45:00+00:00,1.3444099999999999,1.34452,1.34427,1.34436,188,10,0
2026-05-29 00:00:00+00:00,1.34436,1.34459,1.3443,1.34444,481,10,0
2026-05-29 00:15:00+00:00,1.34442,1.34486,1.3443399999999999,1.34453,431,10,0
2026-05-29 00:30:00+00:00,1.34454,1.34454,1.34399,1.3443100000000001,395,10,0
2026-05-29 00:45:00+00:00,1.3443,1.3443800000000001,1.3439,1.3440699999999999,467,10,0
2026-05-29 01:00:00+00:00,1.34405,1.34464,1.34375,1.34461,552,10,0
2026-05-29 01:15:00+00:00,1.3446,1.34503,1.34452,1.34475,524,10,0
2026-05-29 01:30:00+00:00,1.34475,1.34482,1.34436,1.3444099999999999,504,10,0
2026-05-29 01:45:00+00:00,1.34442,1.34443,1.34384,1.34394,487,10,0
2026-05-29 02:00:00+00:00,1.34392,1.34426,1.34386,1.34421,474,10,0
2026-05-29 02:15:00+00:00,1.34422,1.34425,1.34393,1.34403,357,10,0
2026-05-29 02:30:00+00:00,1.34402,1.34437,1.34391,1.34427,332,10,0
2026-05-29 02:45:00+00:00,1.34428,1.3443800000000001,1.34376,1.3437700000000001,293,10,0
2026-05-29 03:00:00+00:00,1.34378,1.34389,1.34338,1.34342,401,10,0
2026-05-29 03:15:00+00:00,1.34342,1.34351,1.34327,1.34347,370,10,0
2026-05-29 03:30:00+00:00,1.34348,1.34353,1.3431,1.3433,353,10,0
2026-05-29 03:45:00+00:00,1.34331,1.34331,1.34301,1.34321,353,10,0
2026-05-29 04:00:00+00:00,1.34323,1.34352,1.34317,1.34342,290,10,0
2026-05-29 04:15:00+00:00,1.34342,1.34354,1.34321,1.34333,395,10,0
2026-05-29 04:30:00+00:00,1.34335,1.34368,1.3431899999999999,1.34364,293,10,0
2026-05-29 04:45:00+00:00,1.34364,1.34381,1.34357,1.3437999999999999,259,10,0
2026-05-29 05:00:00+00:00,1.34383,1.3440400000000001,1.34369,1.34402,289,10,0
2026-05-29 05:15:00+00:00,1.34402,1.34415,1.3439,1.34398,324,10,0
2026-05-29 05:30:00+00:00,1.34395,1.34395,1.34353,1.34372,332,10,0
2026-05-29 05:45:00+00:00,1.34372,1.34399,1.34361,1.34383,327,10,0
2026-05-29 06:00:00+00:00,1.34383,1.34439,1.34367,1.34435,589,10,0
2026-05-29 06:15:00+00:00,1.34436,1.34439,1.34385,1.34394,654,10,0
2026-05-29 06:30:00+00:00,1.34394,1.34444,1.34351,1.34385,695,10,0
2026-05-29 06:45:00+00:00,1.34384,1.34435,1.34379,1.34417,546,10,0
2026-05-29 07:00:00+00:00,1.34416,1.34416,1.34311,1.34322,875,10,0
2026-05-29 07:15:00+00:00,1.34317,1.34336,1.34222,1.34234,720,10,0
2026-05-29 07:30:00+00:00,1.34234,1.34256,1.34174,1.34253,773,10,0
2026-05-29 07:45:00+00:00,1.34252,1.34276,1.34227,1.34259,583,10,0
2026-05-29 08:00:00+00:00,1.34257,1.34257,1.34182,1.34186,833,10,0
2026-05-29 08:15:00+00:00,1.34186,1.34216,1.34175,1.3419400000000001,687,10,0
2026-05-29 08:30:00+00:00,1.3419400000000001,1.34225,1.34151,1.3416000000000001,582,10,0
2026-05-29 08:45:00+00:00,1.34158,1.34162,1.3408,1.34114,691,10,0
2026-05-29 09:00:00+00:00,1.34113,1.3416000000000001,1.34091,1.34154,747,10,0
2026-05-29 09:15:00+00:00,1.34151,1.34189,1.34124,1.34149,631,10,0
2026-05-29 09:30:00+00:00,1.34151,1.34154,1.341,1.34125,582,10,0
2026-05-29 09:45:00+00:00,1.34125,1.34188,1.34121,1.34174,671,10,0
2026-05-29 10:00:00+00:00,1.3417,1.3417,1.34124,1.34149,690,10,0
2026-05-29 10:15:00+00:00,1.3415,1.34176,1.34128,1.3413599999999999,594,10,0
2026-05-29 10:30:00+00:00,1.3413599999999999,1.34161,1.34106,1.34131,539,10,0
2026-05-29 10:45:00+00:00,1.34131,1.34181,1.3409499999999999,1.34178,597,10,0
2026-05-29 11:00:00+00:00,1.34173,1.34199,1.3415,1.3415599999999999,569,10,0
2026-05-29 11:15:00+00:00,1.34157,1.34193,1.34148,1.34185,606,10,0
2026-05-29 11:30:00+00:00,1.34185,1.3425500000000001,1.3416000000000001,1.34246,688,10,0
2026-05-29 11:45:00+00:00,1.34247,1.34295,1.3418999999999999,1.34283,847,10,0
2026-05-29 12:00:00+00:00,1.3428499999999999,1.34296,1.34239,1.3428499999999999,767,10,0
2026-05-29 12:15:00+00:00,1.34284,1.34292,1.34225,1.34249,672,10,0
2026-05-29 12:30:00+00:00,1.3425,1.34296,1.34207,1.34294,841,10,0
2026-05-29 12:45:00+00:00,1.34292,1.34344,1.34262,1.3433899999999999,813,10,0
2026-05-29 13:00:00+00:00,1.34338,1.34352,1.34303,1.34341,776,10,0
2026-05-29 13:15:00+00:00,1.34341,1.34439,1.34341,1.34403,815,10,0
2026-05-29 13:30:00+00:00,1.34401,1.34448,1.34384,1.34443,857,10,0
2026-05-29 13:45:00+00:00,1.34443,1.3446799999999999,1.34372,1.34386,988,10,0
2026-05-29 14:00:00+00:00,1.34388,1.34456,1.34361,1.34381,1084,10,0
2026-05-29 14:15:00+00:00,1.34378,1.34393,1.34334,1.34388,1068,10,0
2026-05-29 14:30:00+00:00,1.34389,1.3440400000000001,1.34291,1.34396,1229,10,0
2026-05-29 14:45:00+00:00,1.34397,1.3480400000000001,1.34376,1.3477000000000001,2977,10,0
2026-05-29 15:00:00+00:00,1.3477299999999999,1.34844,1.3475,1.34825,1605,10,0
2026-05-29 15:15:00+00:00,1.34825,1.34849,1.34725,1.3474300000000001,1135,10,0
2026-05-29 15:30:00+00:00,1.34744,1.3485,1.34695,1.34713,1642,10,0
2026-05-29 15:45:00+00:00,1.34714,1.34776,1.34705,1.34742,998,10,0
2026-05-29 16:00:00+00:00,1.34742,1.34756,1.34653,1.34663,724,10,0
2026-05-29 16:15:00+00:00,1.34661,1.34715,1.3465,1.34689,673,10,0
2026-05-29 16:30:00+00:00,1.3469,1.34718,1.34654,1.34659,1080,10,0
2026-05-29 16:45:00+00:00,1.34657,1.34679,1.34635,1.3467,695,10,0
2026-05-29 17:00:00+00:00,1.3467,1.34695,1.34652,1.3465799999999999,650,10,0
2026-05-29 17:15:00+00:00,1.3465799999999999,1.34672,1.34592,1.34623,681,10,0
2026-05-29 17:30:00+00:00,1.34619,1.34637,1.34581,1.34602,511,10,0
2026-05-29 17:45:00+00:00,1.34602,1.3461400000000001,1.34548,1.34554,554,10,0
2026-05-29 18:00:00+00:00,1.34555,1.346,1.34549,1.34598,487,10,0
2026-05-29 18:15:00+00:00,1.3459699999999999,1.34616,1.34578,1.34593,518,10,0
2026-05-29 18:30:00+00:00,1.3459400000000001,1.34645,1.34591,1.34602,466,10,0
2026-05-29 18:45:00+00:00,1.34599,1.34635,1.34547,1.34603,743,10,0
2026-05-29 19:00:00+00:00,1.34601,1.34662,1.34601,1.34653,526,10,0
2026-05-29 19:15:00+00:00,1.34649,1.34665,1.34622,1.34662,468,10,0
2026-05-29 19:30:00+00:00,1.3465799999999999,1.34705,1.3465799999999999,1.34694,490,10,0
2026-05-29 19:45:00+00:00,1.34694,1.34702,1.34662,1.34673,685,10,0
2026-05-29 20:00:00+00:00,1.3467500000000001,1.3468,1.3462100000000001,1.34632,499,10,0
2026-05-29 20:15:00+00:00,1.34633,1.34633,1.34603,1.34605,314,10,0
2026-05-29 20:30:00+00:00,1.34604,1.3461,1.34589,1.3459699999999999,312,10,0
2026-05-29 20:45:00+00:00,1.34596,1.3459699999999999,1.34525,1.34547,1583,10,0
