time,open,high,low,close,tick_volume,spread,real_volume
2023-04-20 08:00:00+00:00,0.67095,0.67369,0.66986,0.67199,240,11,0
2023-04-20 12:00:00+00:00,0.67201,0.6771,0.6711,0.6752,240,11,0
2023-04-20 16:00:00+00:00,0.67523,0.6755,0.67326,0.67364,240,11,0
2023-04-20 20:00:00+00:00,0.67361,0.67448,0.67358,0.67422,213,11,0
2023-04-21 00:00:00+00:00,0.67422,0.67426,0.67144,0.67174,240,11,0
2023-04-21 04:00:00+00:00,0.67171,0.67186,0.66772,0.66864,240,11,0
2023-04-21 08:00:00+00:00,0.66862,0.66979,0.66828,0.66964,240,11,0
2023-04-21 12:00:00+00:00,0.66965,0.67083,0.66785,0.66887,240,11,0
2023-04-21 16:00:00+00:00,0.66889,0.67004,0.66822,0.66918,239,11,0
2023-04-21 20:00:00+00:00,0.66915,0.66946,0.66902,0.66923,55,11,0
2023-04-23 20:00:00+00:00,0.66949,0.6697,0.66884,0.66904,142,14,0
2023-04-24 00:00:00+00:00,0.66905,0.66949,0.6677,0.66792,240,11,0
2023-04-24 04:00:00+00:00,0.66789,0.66848,0.66649,0.66836,240,11,0
2023-04-24 08:00:00+00:00,0.66837,0.66941,0.66772,0.66813,240,11,0
2023-04-24 12:00:00+00:00,0.66812,0.66971,0.66733,0.66789,240,11,0
2023-04-24 16:00:00+00:00,0.66788,0.66944,0.66778,0.66939,240,11,0
2023-04-24 20:00:00+00:00,0.66938,0.67043,0.66876,0.67028,194,11,0
2023-04-25 00:00:00+00:00,0.6703,0.67049,0.66768,0.66783,240,11,0
2023-04-25 04:00:00+00:00,0.66784,0.66869,0.66565,0.66584,240,11,0
2023-04-25 08:00:00+00:00,0.66586,0.66699,0.66506,0.66522,240,11,0
2023-04-25 12:00:00+00:00,0.66519,0.6659,0.66249,0.66249,240,11,0
2023-04-25 16:00:00+00:00,0.66248,0.66265,0.66139,0.66207,240,11,0
2023-04-25 20:00:00+00:00,0.66204,0.66374,0.662,0.66356,235,11,0
2023-04-26 00:00:00+00:00,0.66359,0.66386,0.66055,0.66058,240,11,0
2023-04-26 04:00:00+00:00,0.6606,0.66174,0.6602,0.66095,240,11,0
2023-04-26 08:00:00+00:00,0.66096,0.66144,0.65946,0.66015,240,11,0
2023-04-26 12:00:00+00:00,0.66016,0.66186,0.65984,0.66147,240,11,0
2023-04-26 16:00:00+00:00,0.66147,0.6615,0.65908,0.65959,240,11,0
2023-04-26 20:00:00+00:00,0.65955,0.66107,0.65937,0.66073,222,11,0
2023-04-27 00:00:00+00:00,0.66072,0.66126,0.65992,0.66062,240,11,0
2023-04-27 04:00:00+00:00,0.66063,0.66349,0.6606,0.6619,240,11,0
2023-04-27 08:00:00+00:00,0.66192,0.66234,0.66059,0.66178,240,11,0
2023-04-27 12:00:00+00:00,0.6618,0.66305,0.65948,0.66119,240,11,0
2023-04-27 16:00:00+00:00,0.66122,0.66323,0.66107,0.66281,240,11,0
2023-04-27 20:00:00+00:00,0.66279,0.6631,0.66111,0.66296,231,11,0
2023-04-28 00:00:00+00:00,0.66298,0.66417,0.66256,0.6628,240,11,0
2023-04-28 04:00:00+00:00,0.66279,0.663,0.65835,0.65948,240,11,0
2023-04-28 08:00:00+00:00,0.65948,0.65968,0.6578,0.65854,240,11,0
2023-04-28 12:00:00+00:00,0.65855,0.66162,0.65733,0.66161,240,11,0
2023-04-28 16:00:00+00:00,0.66158,0.66172,0.66088,0.66165,240,11,0
2023-04-28 20:00:00+00:00,0.66167,0.66184,0.66137,0.66153,54,11,0
2023-04-30 20:00:00+00:00,0.66111,0.66153,0.66058,0.66095,170,14,0
2023-05-01 00:00:00+00:00,0.66097,0.66358,0.66092,0.66346,240,11,0
2023-05-01 04:00:00+00:00,0.66346,0.66441,0.66317,0.66382,239,11,0
2023-05-01 08:00:00+00:00,0.66379,0.66419,0.66325,0.66351,240,11,0
2023-05-01 12:00:00+00:00,0.6635,0.66676,0.66304,0.66343,240,11,0
2023-05-01 16:00:00+00:00,0.66341,0.66376,0.66238,0.66279,240,11,0
2023-05-01 20:00:00+00:00,0.6628,0.66304,0.66217,0.6622,213,11,0
2023-05-02 00:00:00+00:00,0.6622,0.6641,0.662,0.66287,240,11,0
2023-05-02 04:00:00+00:00,0.66289,0.67166,0.66228,0.6701,240,11,0
2023-05-02 08:00:00+00:00,0.67006,0.6704,0.66826,0.67005,240,11,0
2023-05-02 12:00:00+00:00,0.67002,0.67002,0.6657,0.66686,240,11,0
2023-05-02 16:00:00+00:00,0.66683,0.66725,0.66603,0.66659,240,11,0
2023-05-02 20:00:00+00:00,0.6666,0.66726,0.66568,0.667,226,11,0
2023-05-03 00:00:00+00:00,0.66703,0.66757,0.66548,0.66679,240,11,0
2023-05-03 04:00:00+00:00,0.6668,0.66703,0.66565,0.66608,240,11,0
2023-05-03 08:00:00+00:00,0.66607,0.66714,0.66534,0.66636,240,11,0
2023-05-03 12:00:00+00:00,0.66636,0.66763,0.66487,0.66734,240,11,0
2023-05-03 16:00:00+00:00,0.66737,0.67027,0.6662,0.66688,240,11,0
2023-05-03 20:00:00+00:00,0.66685,0.66757,0.66401,0.66409,236,11,0
2023-05-04 00:00:00+00:00,0.66412,0.66934,0.66398,0.66864,240,11,0
2023-05-04 04:00:00+00:00,0.66861,0.66989,0.66648,0.66725,240,11,0
2023-05-04 08:00:00+00:00,0.66723,0.6682,0.66581,0.66783,240,11,0
2023-05-04 12:00:00+00:00,0.66785,0.66803,0.66538,0.6675,240,11,0
2023-05-04 16:00:00+00:00,0.66751,0.67059,0.66751,0.669,240,11,0
2023-05-04 20:00:00+00:00,0.66903,0.67024,0.66895,0.66956,209,11,0
2023-05-05 00:00:00+00:00,0.66955,0.67358,0.66941,0.67349,240,11,0
2023-05-05 04:00:00+00:00,0.67347,0.67435,0.67301,0.6731,240,11,0
2023-05-05 08:00:00+00:00,0.67309,0.67331,0.67206,0.67222,240,11,0
2023-05-05 12:00:00+00:00,0.67224,0.67482,0.66891,0.67454,240,11,0
2023-05-05 16:00:00+00:00,0.67454,0.67563,0.67442,0.67489,239,11,0
2023-05-05 20:00:00+00:00,0.67488,0.67533,0.67482,0.67515,58,11,0
2023-05-07 20:00:00+00:00,0.67482,0.67544,0.67437,0.67465,163,14,0
2023-05-08 00:00:00+00:00,0.67467,0.67695,0.67395,0.67685,240,11,0
2023-05-08 04:00:00+00:00,0.67684,0.6789,0.67683,0.67819,240,11,0
2023-05-08 08:00:00+00:00,0.67815,0.6796,0.67795,0.67876,240,11,0
2023-05-08 12:00:00+00:00,0.67878,0.6803,0.67859,0.67903,240,11,0
2023-05-08 16:00:00+00:00,0.67905,0.67927,0.67761,0.67797,239,11,0
2023-05-08 20:00:00+00:00,0.67799,0.67823,0.67765,0.678,194,11,0
2023-05-09 00:00:00+00:00,0.67799,0.67841,0.67694,0.67838,240,11,0
2023-05-09 04:00:00+00:00,0.6784,0.67862,0.67569,0.67577,240,11,0
2023-05-09 08:00:00+00:00,0.6758,0.67672,0.6755,0.67567,240,11,0
2023-05-09 12:00:00+00:00,0.67566,0.67642,0.67459,0.67497,240,11,0
2023-05-09 16:00:00+00:00,0.67495,0.67656,0.67468,0.67603,240,11,0
2023-05-09 20:00:00+00:00,0.67602,0.67664,0.67585,0.67659,214,11,0
2023-05-10 00:00:00+00:00,0.67661,0.67699,0.6761,0.67679,240,11,0
2023-05-10 04:00:00+00:00,0.6768,0.67734,0.67565,0.67579,239,11,0
2023-05-10 08:00:00+00:00,0.6758,0.6758,0.67476,0.67507,240,11,0
2023-05-10 12:00:00+00:00,0.67508,0.68175,0.67435,0.6761,240,11,0
2023-05-10 16:00:00+00:00,0.6761,0.67794,0.67454,0.67754,240,11,0
2023-05-10 20:00:00+00:00,0.67755,0.67828,0.67729,0.67802,198,11,0
2023-05-11 00:00:00+00:00,0.67804,0.67953,0.67665,0.67715,240,11,0
2023-05-11 04:00:00+00:00,0.67715,0.67795,0.67287,0.67345,240,11,0
2023-05-11 08:00:00+00:00,0.67344,0.6742,0.67217,0.67325,240,11,0
2023-05-11 12:00:00+00:00,0.67326,0.67526,0.66883,0.66918,240,11,0
2023-05-11 16:00:00+00:00,0.6692,0.67012,0.66886,0.67008,240,11,0
2023-05-11 20:00:00+00:00,0.67009,0.67026,0.66977,0.66987,208,11,0
2023-05-12 00:00:00+00:00,0.6699,0.67056,0.66849,0.66909,240,11,0
2023-05-12 04:00:00+00:00,0.66908,0.67038,0.66846,0.66852,240,11,0
2023-05-12 08:00:00+00:00,0.66849,0.66954,0.66796,0.66817,240,11,0
2023-05-12 12:00:00+00:00,0.66818,0.66888,0.66412,0.66478,240,11,0
2023-05-12 16:00:00+00:00,0.6648,0.66496,0.66358,0.66462,240,11,0
2023-05-12 20:00:00+00:00,0.6646,0.66463,0.66395,0.66408,56,11,0
2023-05-14 20:00:00+00:00,0.66448,0.66468,0.66397,0.66463,158,14,0
2023-05-15 00:00:00+00:00,0.66464,0.66648,0.66414,0.66607,240,11,0
2023-05-15 04:00:00+00:00,0.66609,0.66928,0.66583,0.66906,240,11,0
2023-05-15 08:00:00+00:00,0.66903,0.66926,0.6677,0.66889,239,11,0
2023-05-15 12:00:00+00:00,0.66888,0.6698,0.66752,0.66966,240,11,0
2023-05-15 16:00:00+00:00,0.66968,0.67081,0.6696,0.67012,239,11,0
2023-05-15 20:00:00+00:00,0.67013,0.6703,0.66932,0.67013,215,11,0
2023-05-16 00:00:00+00:00,0.67011,0.6709,0.66794,0.66941,240,11,0
2023-05-16 04:00:00+00:00,0.66939,0.66943,0.66646,0.66877,240,11,0
2023-05-16 08:00:00+00:00,0.66876,0.66958,0.66695,0.66716,240,11,0
2023-05-16 12:00:00+00:00,0.66719,0.66917,0.66508,0.66608,240,11,0
2023-05-16 16:00:00+00:00,0.66609,0.66626,0.66517,0.66527,240,11,0
2023-05-16 20:00:00+00:00,0.66528,0.66578,0.66514,0.66572,212,11,0
2023-05-17 00:00:00+00:00,0.66571,0.66704,0.6644,0.66592,240,11,0
2023-05-17 04:00:00+00:00,0.66591,0.66597,0.66285,0.66289,240,11,0
2023-05-17 08:00:00+00:00,0.66291,0.66638,0.66289,0.66565,240,11,0
2023-05-17 12:00:00+00:00,0.66561,0.66691,0.66394,0.66499,240,11,0
2023-05-17 16:00:00+00:00,0.66497,0.66726,0.66497,0.66619,240,11,0
2023-05-17 20:00:00+00:00,0.66621,0.66623,0.6654,0.66551,218,11,0
2023-05-18 00:00:00+00:00,0.66552,0.6667,0.66277,0.66495,240,11,0
2023-05-18 04:00:00+00:00,0.66494,0.66564,0.66323,0.66356,240,11,0
2023-05-18 08:00:00+00:00,0.66356,0.66453,0.66291,0.66387,240,11,0
2023-05-18 12:00:00+00:00,0.66385,0.66437,0.66043,0.66166,240,11,0
2023-05-18 16:00:00+00:00,0.66169,0.66243,0.66065,0.6624,240,11,0
2023-05-18 20:00:00+00:00,0.66242,0.66295,0.66135,0.66265,234,0,0
2023-05-19 00:00:00+00:00,0.66266,0.66408,0.66162,0.66368,240,11,0
2023-05-19 04:00:00+00:00,0.66365,0.66531,0.66294,0.66496,240,11,0
2023-05-19 08:00:00+00:00,0.66496,0.66628,0.66421,0.66577,240,11,0
2023-05-19 12:00:00+00:00,0.66579,0.66746,0.66474,0.66592,240,11,0
2023-05-19 16:00:00+00:00,0.6659,0.66702,0.66441,0.665,240,11,0
2023-05-19 20:00:00+00:00,0.66501,0.66522,0.66465,0.66502,57,11,0
2023-05-21 20:00:00+00:00,0.66449,0.66581,0.66415,0.66581,167,14,0
2023-05-22 00:00:00+00:00,0.66582,0.66672,0.66424,0.66494,240,11,0
2023-05-22 04:00:00+00:00,0.66494,0.6654,0.66267,0.66332,240,11,0
2023-05-22 08:00:00+00:00,0.6633,0.66513,0.66271,0.66409,240,11,0
2023-05-22 12:00:00+00:00,0.66408,0.66516,0.66345,0.66426,240,11,0
2023-05-22 16:00:00+00:00,0.66427,0.66552,0.66406,0.66479,239,11,0
2023-05-22 20:00:00+00:00,0.6648,0.66521,0.66457,0.6648,212,11,0
2023-05-23 00:00:00+00:00,0.66482,0.66612,0.66404,0.66549,240,11,0
2023-05-23 04:00:00+00:00,0.66546,0.66595,0.66256,0.66274,240,11,0
2023-05-23 08:00:00+00:00,0.66273,0.66344,0.66129,0.66156,240,11,0
2023-05-23 12:00:00+00:00,0.66155,0.66298,0.66098,0.66207,240,11,0
2023-05-23 16:00:00+00:00,0.66205,0.66207,0.66068,0.66073,240,11,0
2023-05-23 20:00:00+00:00,0.66074,0.66131,0.66068,0.66128,205,11,0
2023-05-24 00:00:00+00:00,0.6613,0.66147,0.65852,0.66009,240,11,0
2023-05-24 04:00:00+00:00,0.66011,0.66034,0.65665,0.65699,240,11,0
2023-05-24 08:00:00+00:00,0.657,0.65833,0.65602,0.65761,240,11,0
2023-05-24 12:00:00+00:00,0.65764,0.65845,0.6531,0.65392,240,11,0
2023-05-24 16:00:00+00:00,0.65391,0.6545,0.65293,0.65384,240,11,0
2023-05-24 20:00:00+00:00,0.65384,0.65449,0.65369,0.65426,233,11,0
2023-05-25 00:00:00+00:00,0.65428,0.65438,0.65227,0.65274,240,11,0
2023-05-25 04:00:00+00:00,0.65275,0.65419,0.65217,0.65306,240,11,0
2023-05-25 08:00:00+00:00,0.65308,0.65348,0.65193,0.65276,240,11,0
2023-05-25 12:00:00+00:00,0.65275,0.65348,0.65004,0.65036,240,11,0
2023-05-25 16:00:00+00:00,0.65039,0.65161,0.64981,0.65037,240,11,0
2023-05-25 20:00:00+00:00,0.65036,0.65064,0.64965,0.64976,223,0,0
2023-05-26 00:00:00+00:00,0.64978,0.65146,0.64899,0.65109,240,11,0
2023-05-26 04:00:00+00:00,0.65108,0.65276,0.65091,0.65182,240,11,0
2023-05-26 08:00:00+00:00,0.65179,0.65436,0.65168,0.65409,240,11,0
2023-05-26 12:00:00+00:00,0.65408,0.65424,0.64974,0.6509,240,11,0
2023-05-26 16:00:00+00:00,0.65091,0.65202,0.65087,0.65181,240,11,0
2023-05-26 20:00:00+00:00,0.6518,0.65192,0.65163,0.65174,57,11,0
2023-05-28 20:00:00+00:00,0.65185,0.65278,0.65167,0.65241,167,14,0
2023-05-29 00:00:00+00:00,0.65243,0.65435,0.65226,0.65283,240,11,0
2023-05-29 04:00:00+00:00,0.6528,0.65536,0.65276,0.65333,240,11,0
2023-05-29 08:00:00+00:00,0.65333,0.6546,0.6528,0.65389,240,11,0
2023-05-29 12:00:00+00:00,0.6539,0.65421,0.65342,0.65406,234,11,0
2023-05-29 16:00:00+00:00,0.65405,0.65407,0.65376,0.65382,139,11,0
2023-05-29 20:00:00+00:00,0.6538,0.65423,0.65272,0.65272,202,11,0
2023-05-30 00:00:00+00:00,0.65272,0.65586,0.65102,0.65127,239,11,0
2023-05-30 04:00:00+00:00,0.65125,0.65308,0.65024,0.65306,240,11,0
2023-05-30 08:00:00+00:00,0.65308,0.65522,0.65306,0.65519,240,11,0
2023-05-30 12:00:00+00:00,0.65519,0.6554,0.6508,0.65114,240,11,0
2023-05-30 16:00:00+00:00,0.65117,0.65181,0.65026,0.65175,240,11,0
2023-05-30 20:00:00+00:00,0.65176,0.65208,0.65098,0.6517,223,11,0
2023-05-31 00:00:00+00:00,0.6517,0.6539,0.64893,0.64934,240,11,0
2023-05-31 04:00:00+00:00,0.64935,0.6498,0.64748,0.64749,240,11,0
2023-05-31 08:00:00+00:00,0.64755,0.64853,0.64742,0.64763,240,11,0
2023-05-31 12:00:00+00:00,0.64762,0.64936,0.6463,0.64715,240,11,0
2023-05-31 16:00:00+00:00,0.64717,0.65047,0.64578,0.65027,240,11,0
2023-05-31 20:00:00+00:00,0.65026,0.65086,0.6497,0.65055,231,11,0
2023-06-01 00:00:00+00:00,0.65056,0.65149,0.64839,0.6514,240,11,0
2023-06-01 04:00:00+00:00,0.65139,0.65192,0.64857,0.64906,239,11,0
2023-06-01 08:00:00+00:00,0.64904,0.6526,0.64875,0.6524,240,11,0
2023-06-01 12:00:00+00:00,0.65237,0.65776,0.65083,0.65757,240,11,0
2023-06-01 16:00:00+00:00,0.65758,0.6581,0.65669,0.65739,240,11,0
2023-06-01 20:00:00+00:00,0.65739,0.65787,0.65652,0.65769,210,11,0
2023-06-02 00:00:00+00:00,0.65772,0.66156,0.65737,0.66143,240,11,0
2023-06-02 04:00:00+00:00,0.66142,0.66173,0.66042,0.66099,240,11,0
2023-06-02 08:00:00+00:00,0.66096,0.66333,0.66092,0.66183,240,11,0
2023-06-02 12:00:00+00:00,0.66182,0.66378,0.66029,0.66142,240,11,0
2023-06-02 16:00:00+00:00,0.66144,0.66159,0.66012,0.66087,238,11,0
2023-06-02 20:00:00+00:00,0.66088,0.66097,0.66028,0.66054,59,11,0
2023-06-04 20:00:00+00:00,0.66066,0.6607,0.65947,0.65965,163,14,0
2023-06-05 00:00:00+00:00,0.65967,0.66075,0.65871,0.66064,240,11,0
2023-06-05 04:00:00+00:00,0.66065,0.66092,0.65877,0.65926,237,11,0
2023-06-05 08:00:00+00:00,0.65925,0.65999,0.65788,0.65847,240,11,0
2023-06-05 12:00:00+00:00,0.65849,0.66368,0.65828,0.66242,240,11,0
2023-06-05 16:00:00+00:00,0.66243,0.66276,0.66141,0.6615,240,11,0
2023-06-05 20:00:00+00:00,0.66153,0.66188,0.66079,0.66114,225,11,0
2023-06-06 00:00:00+00:00,0.66118,0.66229,0.6609,0.66169,240,11,0
2023-06-06 04:00:00+00:00,0.66169,0.66848,0.66155,0.66631,240,11,0
2023-06-06 08:00:00+00:00,0.66633,0.66662,0.66481,0.66615,240,11,0
2023-06-06 12:00:00+00:00,0.66613,0.66765,0.66415,0.66726,240,11,0
2023-06-06 16:00:00+00:00,0.66728,0.66777,0.66665,0.66716,240,11,0
2023-06-06 20:00:00+00:00,0.66716,0.66798,0.66504,0.66798,222,11,0
2023-06-07 00:00:00+00:00,0.66799,0.66892,0.66647,0.66749,240,11,0
2023-06-07 04:00:00+00:00,0.66745,0.66822,0.66613,0.66729,240,11,0
2023-06-07 08:00:00+00:00,0.66729,0.67052,0.66707,0.66966,240,11,0
2023-06-07 12:00:00+00:00,0.66964,0.67167,0.66571,0.66592,240,11,0
2023-06-07 16:00:00+00:00,0.66592,0.66622,0.66412,0.66505,240,11,0
2023-06-07 20:00:00+00:00,0.66507,0.66598,0.66452,0.66578,224,11,0
2023-06-08 00:00:00+00:00,0.66579,0.66719,0.66569,0.6662,240,11,0
2023-06-08 04:00:00+00:00,0.66618,0.66835,0.66546,0.66807,240,11,0
2023-06-08 08:00:00+00:00,0.66804,0.66895,0.66763,0.66845,240,11,0
2023-06-08 12:00:00+00:00,0.66846,0.67173,0.66818,0.67059,240,11,0
2023-06-08 16:00:00+00:00,0.67056,0.67174,0.67037,0.67135,240,11,0
2023-06-08 20:00:00+00:00,0.67133,0.67164,0.67001,0.67116,228,11,0
2023-06-09 00:00:00+00:00,0.67117,0.67142,0.66965,0.66981,240,11,0
2023-06-09 04:00:00+00:00,0.66979,0.67237,0.66923,0.67224,240,11,0
2023-06-09 08:00:00+00:00,0.67226,0.67293,0.67049,0.67265,240,11,0
2023-06-09 12:00:00+00:00,0.67266,0.67502,0.67252,0.6739,240,11,0
2023-06-09 16:00:00+00:00,0.67391,0.67437,0.67357,0.67387,240,11,0
2023-06-09 20:00:00+00:00,0.67389,0.67435,0.67389,0.67431,49,11,0
2023-06-11 20:00:00+00:00,0.67361,0.67455,0.67306,0.6744,166,14,0
2023-06-12 00:00:00+00:00,0.67443,0.67476,0.67309,0.67413,240,11,0
2023-06-12 04:00:00+00:00,0.67413,0.67648,0.67378,0.67616,240,11,0
2023-06-12 08:00:00+00:00,0.67616,0.67729,0.6757,0.6758,240,11,0
2023-06-12 12:00:00+00:00,0.6758,0.67647,0.67403,0.67462,240,11,0
2023-06-12 16:00:00+00:00,0.67461,0.67547,0.67424,0.67532,240,11,0
2023-06-12 20:00:00+00:00,0.67532,0.67543,0.67426,0.6752,240,11,0
2023-06-13 00:00:00+00:00,0.6752,0.67662,0.67375,0.67642,240,11,0
2023-06-13 04:00:00+00:00,0.67642,0.67864,0.67579,0.67749,240,11,0
2023-06-13 08:00:00+00:00,0.67749,0.67813,0.67673,0.67777,240,11,0
2023-06-13 12:00:00+00:00,0.6778,0.68063,0.6761,0.67739,240,11,0
2023-06-13 16:00:00+00:00,0.67737,0.67869,0.67553,0.67661,240,11,0
2023-06-13 20:00:00+00:00,0.67661,0.67698,0.67572,0.67695,235,11,0
2023-06-14 00:00:00+00:00,0.67695,0.67822,0.67629,0.67751,240,11,0
2023-06-14 04:00:00+00:00,0.67751,0.67853,0.67627,0.67832,240,11,0
2023-06-14 08:00:00+00:00,0.67833,0.67943,0.67811,0.67901,240,11,0
2023-06-14 12:00:00+00:00,0.67902,0.6835,0.67868,0.68303,240,11,0
2023-06-14 16:00:00+00:00,0.68304,0.68349,0.67551,0.67902,240,11,0
2023-06-14 20:00:00+00:00,0.67902,0.67989,0.67797,0.67958,831,0,0
2023-06-15 00:00:00+00:00,0.6796,0.68023,0.67665,0.67991,240,11,0
2023-06-15 04:00:00+00:00,0.67993,0.68272,0.67916,0.68178,240,11,0
2023-06-15 08:00:00+00:00,0.68175,0.682,0.67949,0.6795,240,11,0
2023-06-15 12:00:00+00:00,0.67948,0.68699,0.67876,0.68688,240,11,0
2023-06-15 16:00:00+00:00,0.68688,0.68922,0.68683,0.68866,240,11,0
2023-06-15 20:00:00+00:00,0.68868,0.68871,0.68743,0.68789,234,11,0
2023-06-16 00:00:00+00:00,0.68789,0.68863,0.68665,0.68703,240,11,0
2023-06-16 04:00:00+00:00,0.68703,0.6899,0.6868,0.68758,240,11,0
2023-06-16 08:00:00+00:00,0.68758,0.68863,0.6867,0.68737,240,11,0
2023-06-16 12:00:00+00:00,0.68738,0.68879,0.68547,0.68633,240,11,0
2023-06-16 16:00:00+00:00,0.68634,0.68791,0.68613,0.68695,240,11,0
2023-06-16 20:00:00+00:00,0.68693,0.68774,0.68693,0.68755,59,11,0
2023-06-18 20:00:00+00:00,0.68746,0.68806,0.68659,0.68716,168,14,0
2023-06-19 00:00:00+00:00,0.68717,0.68723,0.68332,0.68371,240,11,0
2023-06-19 04:00:00+00:00,0.68369,0.68774,0.68344,0.68669,240,11,0
2023-06-19 08:00:00+00:00,0.68667,0.68709,0.68411,0.6844,240,11,0
2023-06-19 12:00:00+00:00,0.68442,0.68515,0.68394,0.68471,240,11,0
2023-06-19 16:00:00+00:00,0.68471,0.68496,0.6842,0.68476,240,11,0
2023-06-19 20:00:00+00:00,0.68476,0.68526,0.68394,0.6849,240,11,0
2023-06-20 00:00:00+00:00,0.68491,0.68534,0.67976,0.68076,240,11,0
2023-06-20 04:00:00+00:00,0.68076,0.68115,0.67876,0.68046,240,11,0
2023-06-20 08:00:00+00:00,0.68046,0.68068,0.67829,0.67843,240,11,0
2023-06-20 12:00:00+00:00,0.67842,0.67867,0.67525,0.67683,240,11,0
2023-06-20 16:00:00+00:00,0.67683,0.67897,0.67664,0.67865,240,11,0
2023-06-20 20:00:00+00:00,0.67865,0.67911,0.67793,0.67888,237,11,0
2023-06-21 00:00:00+00:00,0.67892,0.67989,0.67766,0.67906,240,11,0
2023-06-21 04:00:00+00:00,0.67908,0.67974,0.67598,0.67637,240,11,0
2023-06-21 08:00:00+00:00,0.67637,0.67737,0.67564,0.67604,240,11,0
2023-06-21 12:00:00+00:00,0.67602,0.67831,0.67405,0.67798,240,11,0
2023-06-21 16:00:00+00:00,0.67796,0.6804,0.67785,0.67971,240,11,0
2023-06-21 20:00:00+00:00,0.67971,0.68008,0.67863,0.6798,237,11,0
2023-06-22 00:00:00+00:00,0.67982,0.68055,0.67869,0.6789,240,11,0
2023-06-22 04:00:00+00:00,0.67889,0.67915,0.67564,0.67867,240,11,0
2023-06-22 08:00:00+00:00,0.67868,0.67976,0.67794,0.6785,240,11,0
2023-06-22 12:00:00+00:00,0.67852,0.67914,0.67481,0.67521,240,11,0
2023-06-22 16:00:00+00:00,0.67519,0.67612,0.67441,0.6757,240,11,0
2023-06-22 20:00:00+00:00,0.67569,0.6765,0.67466,0.67586,238,11,0
2023-06-23 00:00:00+00:00,0.67588,0.6767,0.67033,0.67072,240,11,0
2023-06-23 04:00:00+00:00,0.67069,0.67093,0.66864,0.66928,240,11,0
2023-06-23 08:00:00+00:00,0.66926,0.66993,0.66796,0.66831,240,11,0
2023-06-23 12:00:00+00:00,0.66831,0.66867,0.66621,0.66854,240,11,0
2023-06-23 16:00:00+00:00,0.66855,0.66857,0.66744,0.66796,240,11,0
2023-06-23 20:00:00+00:00,0.66796,0.66805,0.66752,0.6676,59,11,0
2023-06-25 20:00:00+00:00,0.6673,0.66809,0.66679,0.66802,167,14,0
2023-06-26 00:00:00+00:00,0.66804,0.66933,0.66695,0.66882,240,11,0
2023-06-26 04:00:00+00:00,0.66882,0.66884,0.66681,0.66777,240,11,0
2023-06-26 08:00:00+00:00,0.66775,0.6682,0.66687,0.66818,240,11,0
2023-06-26 12:00:00+00:00,0.66818,0.66841,0.6667,0.66795,240,11,0
2023-06-26 16:00:00+00:00,0.66795,0.66824,0.66738,0.66767,240,11,0
2023-06-26 20:00:00+00:00,0.66768,0.66783,0.66657,0.66731,237,11,0
2023-06-27 00:00:00+00:00,0.66731,0.67194,0.66694,0.67157,240,11,0
2023-06-27 04:00:00+00:00,0.67156,0.67201,0.67005,0.67089,240,11,0
2023-06-27 08:00:00+00:00,0.67086,0.67086,0.66809,0.66873,240,11,0
2023-06-27 12:00:00+00:00,0.66875,0.67139,0.66781,0.66816,240,11,0
2023-06-27 16:00:00+00:00,0.66814,0.66907,0.66778,0.66888,240,11,0
2023-06-27 20:00:00+00:00,0.66888,0.66888,0.66763,0.66815,237,11,0
2023-06-28 00:00:00+00:00,0.66817,0.66885,0.66177,0.66446,240,11,0
2023-06-28 04:00:00+00:00,0.66446,0.66514,0.66329,0.66409,240,11,0
2023-06-28 08:00:00+00:00,0.66408,0.66438,0.66224,0.66226,240,11,0
2023-06-28 12:00:00+00:00,0.66226,0.66243,0.65963,0.66192,240,11,0
2023-06-28 16:00:00+00:00,0.6619,0.66219,0.65986,0.66003,240,11,0
2023-06-28 20:00:00+00:00,0.66003,0.66043,0.6593,0.65982,237,11,0
2023-06-29 00:00:00+00:00,0.65983,0.66266,0.65947,0.66084,240,11,0
2023-06-29 04:00:00+00:00,0.66083,0.66239,0.66038,0.66238,240,11,0
2023-06-29 08:00:00+00:00,0.66238,0.66398,0.66123,0.66345,240,11,0
2023-06-29 12:00:00+00:00,0.66346,0.6638,0.65987,0.66319,240,11,0
2023-06-29 16:00:00+00:00,0.66318,0.66323,0.66135,0.66184,240,11,0
2023-06-29 20:00:00+00:00,0.66185,0.66204,0.66096,0.66162,235,11,0
2023-06-30 00:00:00+00:00,0.66164,0.66332,0.66027,0.66268,240,11,0
2023-06-30 04:00:00+00:00,0.66269,0.66371,0.66165,0.66208,240,11,0
2023-06-30 08:00:00+00:00,0.66208,0.66253,0.66135,0.66187,240,11,0
2023-06-30 12:00:00+00:00,0.66189,0.66646,0.66186,0.66612,240,11,0
2023-06-30 16:00:00+00:00,0.66615,0.6671,0.66574,0.66595,240,11,0
2023-06-30 20:00:00+00:00,0.66596,0.66644,0.66574,0.66605,59,11,0
2023-07-02 20:00:00+00:00,0.66566,0.66617,0.66547,0.66575,159,0,0
2023-07-03 00:00:00+00:00,0.66576,0.66666,0.66364,0.66626,240,11,0
2023-07-03 04:00:00+00:00,0.66627,0.66747,0.66389,0.66411,240,11,0
2023-07-03 08:00:00+00:00,0.66411,0.66591,0.66395,0.66496,240,11,0
2023-07-03 12:00:00+00:00,0.66496,0.66913,0.66454,0.66766,240,11,0
2023-07-03 16:00:00+00:00,0.66763,0.66792,0.66695,0.66705,240,11,0
2023-07-03 20:00:00+00:00,0.66705,0.66765,0.66611,0.66733,237,11,0
2023-07-04 00:00:00+00:00,0.66734,0.66831,0.66685,0.66754,240,11,0
2023-07-04 04:00:00+00:00,0.66753,0.66879,0.66409,0.66795,240,11,0
2023-07-04 08:00:00+00:00,0.66792,0.66919,0.66725,0.66877,240,11,0
2023-07-04 12:00:00+00:00,0.66876,0.67048,0.66854,0.67031,240,11,0
2023-07-04 16:00:00+00:00,0.67031,0.67035,0.66914,0.66934,240,11,0
2023-07-04 20:00:00+00:00,0.66934,0.66958,0.66835,0.66926,232,11,0
2023-07-05 00:00:00+00:00,0.66927,0.66978,0.66787,0.6684,240,11,0
2023-07-05 04:00:00+00:00,0.66842,0.66892,0.66727,0.66811,240,11,0
2023-07-05 08:00:00+00:00,0.66809,0.66826,0.66574,0.66626,240,11,0
2023-07-05 12:00:00+00:00,0.66626,0.66844,0.66573,0.66618,240,11,0
2023-07-05 16:00:00+00:00,0.66619,0.66702,0.6653,0.6655,240,11,0
2023-07-05 20:00:00+00:00,0.66552,0.66569,0.66479,0.66543,225,11,0
2023-07-06 00:00:00+00:00,0.66545,0.66712,0.66499,0.66508,240,11,0
2023-07-06 04:00:00+00:00,0.66508,0.66858,0.66326,0.66704,240,11,0
2023-07-06 08:00:00+00:00,0.66702,0.66873,0.66596,0.66856,240,11,0
2023-07-06 12:00:00+00:00,0.66857,0.66863,0.65986,0.66174,240,11,0
2023-07-06 16:00:00+00:00,0.66174,0.66271,0.66173,0.6625,240,11,0
2023-07-06 20:00:00+00:00,0.66248,0.66305,0.66147,0.66278,234,11,0
2023-07-07 00:00:00+00:00,0.6628,0.66357,0.66198,0.66311,240,11,0
2023-07-07 04:00:00+00:00,0.66311,0.66424,0.66245,0.66312,240,11,0
2023-07-07 08:00:00+00:00,0.66313,0.66492,0.66258,0.66348,240,11,0
2023-07-07 12:00:00+00:00,0.66349,0.6686,0.66191,0.66838,240,11,0
2023-07-07 16:00:00+00:00,0.66841,0.67,0.66832,0.66842,240,11,0
2023-07-07 20:00:00+00:00,0.66842,0.66921,0.66842,0.66921,59,11,0
2023-07-09 20:00:00+00:00,0.66784,0.66935,0.66781,0.66874,172,14,0
2023-07-10 00:00:00+00:00,0.66875,0.66953,0.66622,0.66651,240,11,0
2023-07-10 04:00:00+00:00,0.66652,0.66717,0.66403,0.66492,240,11,0
2023-07-10 08:00:00+00:00,0.66492,0.66538,0.6632,0.66429,240,11,0
2023-07-10 12:00:00+00:00,0.66428,0.66691,0.6623,0.66668,240,11,0
2023-07-10 16:00:00+00:00,0.66667,0.66797,0.66628,0.66768,240,11,0
2023-07-10 20:00:00+00:00,0.66768,0.6678,0.66675,0.6676,235,11,0
2023-07-11 00:00:00+00:00,0.66762,0.66914,0.66735,0.6687,240,11,0
2023-07-11 04:00:00+00:00,0.66867,0.66945,0.6671,0.66721,240,11,0
2023-07-11 08:00:00+00:00,0.66723,0.6682,0.66595,0.66637,240,11,0
2023-07-11 12:00:00+00:00,0.66637,0.66665,0.66503,0.66621,240,11,0
2023-07-11 16:00:00+00:00,0.66621,0.66849,0.66621,0.66847,240,11,0
2023-07-11 20:00:00+00:00,0.66847,0.66945,0.66746,0.66925,238,11,0
2023-07-12 00:00:00+00:00,0.66927,0.67412,0.66909,0.67181,240,11,0
2023-07-12 04:00:00+00:00,0.67181,0.67261,0.66823,0.66878,240,11,0
2023-07-12 08:00:00+00:00,0.66876,0.66946,0.6683,0.66876,240,11,0
2023-07-12 12:00:00+00:00,0.66875,0.67945,0.66841,0.67815,240,11,0
2023-07-12 16:00:00+00:00,0.67811,0.67955,0.67784,0.67892,240,11,0
2023-07-12 20:00:00+00:00,0.67892,0.67923,0.67785,0.67917,233,11,0
2023-07-13 00:00:00+00:00,0.67919,0.68167,0.67848,0.68143,240,11,0
2023-07-13 04:00:00+00:00,0.68142,0.68421,0.68045,0.68416,240,11,0
2023-07-13 08:00:00+00:00,0.68416,0.68602,0.68346,0.68567,240,11,0
2023-07-13 12:00:00+00:00,0.68567,0.68941,0.68407,0.68709,240,11,0
2023-07-13 16:00:00+00:00,0.68709,0.68922,0.6869,0.68873,240,11,0
2023-07-13 20:00:00+00:00,0.68873,0.68904,0.68758,0.68877,237,11,0
2023-07-14 00:00:00+00:00,0.68878,0.68943,0.6875,0.68924,240,11,0
2023-07-14 04:00:00+00:00,0.68924,0.68942,0.68613,0.68747,240,11,0
2023-07-14 08:00:00+00:00,0.68747,0.68792,0.68643,0.68657,240,11,0
2023-07-14 12:00:00+00:00,0.68657,0.68694,0.68399,0.68414,240,11,0
2023-07-14 16:00:00+00:00,0.68416,0.68501,0.683,0.68327,240,11,0
2023-07-14 20:00:00+00:00,0.68327,0.68388,0.683,0.68373,59,11,0
2023-07-16 20:00:00+00:00,0.68292,0.68391,0.68275,0.68368,172,14,0
2023-07-17 00:00:00+00:00,0.68369,0.68376,0.68058,0.6808,240,11,0
2023-07-17 04:00:00+00:00,0.68077,0.68197,0.68035,0.68166,240,11,0
2023-07-17 08:00:00+00:00,0.68165,0.68234,0.68066,0.68143,240,11,0
2023-07-17 12:00:00+00:00,0.68141,0.68217,0.67871,0.68197,240,11,0
2023-07-17 16:00:00+00:00,0.68196,0.68281,0.6819,0.68223,240,11,0
2023-07-17 20:00:00+00:00,0.68223,0.68223,0.68003,0.68093,239,11,0
2023-07-18 00:00:00+00:00,0.68094,0.68365,0.68069,0.68268,240,11,0
2023-07-18 04:00:00+00:00,0.68269,0.68345,0.68058,0.6806,240,11,0
2023-07-18 08:00:00+00:00,0.68061,0.68219,0.67967,0.68041,240,11,0
2023-07-18 12:00:00+00:00,0.68041,0.68289,0.67885,0.68149,240,11,0
2023-07-18 16:00:00+00:00,0.68151,0.68165,0.68015,0.68111,240,11,0
2023-07-18 20:00:00+00:00,0.6811,0.68178,0.68012,0.68126,237,11,0
2023-07-19 00:00:00+00:00,0.68127,0.68188,0.6782,0.67858,240,11,0
2023-07-19 04:00:00+00:00,0.67856,0.67984,0.67681,0.67835,240,11,0
2023-07-19 08:00:00+00:00,0.67837,0.67881,0.67547,0.67633,240,11,0
2023-07-19 12:00:00+00:00,0.67633,0.67875,0.67497,0.67619,240,11,0
2023-07-19 16:00:00+00:00,0.67622,0.67774,0.67593,0.67733,240,11,0
2023-07-19 20:00:00+00:00,0.67735,0.67743,0.67621,0.67703,236,11,0
2023-07-20 00:00:00+00:00,0.67703,0.68392,0.67697,0.68309,240,11,0
2023-07-20 04:00:00+00:00,0.68309,0.68352,0.6806,0.68222,240,11,0
2023-07-20 08:00:00+00:00,0.68223,0.68461,0.68219,0.68262,240,11,0
2023-07-20 12:00:00+00:00,0.68264,0.68264,0.67707,0.67771,240,11,0
2023-07-20 16:00:00+00:00,0.6777,0.67871,0.67698,0.67789,240,11,0
2023-07-20 20:00:00+00:00,0.67789,0.67804,0.67698,0.67776,232,11,0
2023-07-21 00:00:00+00:00,0.67777,0.67829,0.67583,0.67738,240,11,0
2023-07-21 04:00:00+00:00,0.67737,0.67872,0.67558,0.67566,240,11,0
2023-07-21 08:00:00+00:00,0.67564,0.67568,0.67333,0.67335,240,11,0
2023-07-21 12:00:00+00:00,0.67335,0.67424,0.67217,0.67353,240,11,0
2023-07-21 16:00:00+00:00,0.67353,0.67375,0.67261,0.67287,240,11,0
2023-07-21 20:00:00+00:00,0.67288,0.67318,0.67268,0.67301,59,11,0
2023-07-23 20:00:00+00:00,0.67265,0.67311,0.67219,0.67248,163,14,0
2023-07-24 00:00:00+00:00,0.6725,0.67404,0.67145,0.67326,240,11,0
2023-07-24 04:00:00+00:00,0.67323,0.67406,0.67246,0.67335,240,11,0
2023-07-24 08:00:00+00:00,0.67335,0.67555,0.67293,0.67426,240,11,0
2023-07-24 12:00:00+00:00,0.67424,0.67515,0.67221,0.67489,240,11,0
2023-07-24 16:00:00+00:00,0.6749,0.67534,0.67359,0.67375,240,11,0
2023-07-24 20:00:00+00:00,0.67375,0.674,0.6727,0.67312,235,11,0
2023-07-25 00:00:00+00:00,0.67313,0.67709,0.67247,0.67644,240,11,0
2023-07-25 04:00:00+00:00,0.67642,0.67753,0.67562,0.67655,240,11,0
2023-07-25 08:00:00+00:00,0.67654,0.67783,0.67559,0.67644,240,11,0
2023-07-25 12:00:00+00:00,0.67644,0.67902,0.67525,0.67875,240,11,0
2023-07-25 16:00:00+00:00,0.67875,0.67922,0.67802,0.67883,240,11,0
2023-07-25 20:00:00+00:00,0.67882,0.67943,0.67771,0.67865,228,11,0
2023-07-26 00:00:00+00:00,0.67868,0.67907,0.67269,0.67622,240,11,0
2023-07-26 04:00:00+00:00,0.67622,0.6775,0.67584,0.67657,240,11,0
2023-07-26 08:00:00+00:00,0.67655,0.67696,0.67449,0.6745,240,11,0
2023-07-26 12:00:00+00:00,0.67451,0.67636,0.67302,0.67541,240,11,0
2023-07-26 16:00:00+00:00,0.67539,0.6783,0.67353,0.67651,240,11,0
2023-07-26 20:00:00+00:00,0.6765,0.67654,0.67492,0.67603,237,11,0
2023-07-27 00:00:00+00:00,0.67605,0.68185,0.67585,0.68085,240,11,0
2023-07-27 04:00:00+00:00,0.68086,0.68206,0.67854,0.68136,240,11,0
2023-07-27 08:00:00+00:00,0.68137,0.68181,0.67869,0.67988,240,11,0
2023-07-27 12:00:00+00:00,0.67988,0.67988,0.67209,0.67396,240,11,0
2023-07-27 16:00:00+00:00,0.67396,0.67487,0.66976,0.67016,240,11,0
2023-07-27 20:00:00+00:00,0.67014,0.67128,0.66989,0.67112,237,11,0
2023-07-28 00:00:00+00:00,0.67113,0.6712,0.66549,0.66652,240,11,0
2023-07-28 04:00:00+00:00,0.66653,0.667,0.66242,0.66274,240,11,0
2023-07-28 08:00:00+00:00,0.66274,0.66762,0.66222,0.667,240,11,0
2023-07-28 12:00:00+00:00,0.66697,0.66849,0.66494,0.6668,240,11,0
2023-07-28 16:00:00+00:00,0.66682,0.66754,0.6645,0.66522,240,11,0
2023-07-28 20:00:00+00:00,0.6652,0.66538,0.66453,0.66464,59,11,0
2023-07-30 20:00:00+00:00,0.66451,0.66645,0.6643,0.66589,169,14,0
2023-07-31 00:00:00+00:00,0.6659,0.6681,0.66573,0.66757,240,11,0
2023-07-31 04:00:00+00:00,0.66757,0.66999,0.66705,0.66895,240,11,0
2023-07-31 08:00:00+00:00,0.66895,0.67114,0.66843,0.67082,240,11,0
2023-07-31 12:00:00+00:00,0.67082,0.67388,0.67027,0.67285,240,11,0
2023-07-31 16:00:00+00:00,0.67285,0.67312,0.67133,0.67163,240,11,0
2023-07-31 20:00:00+00:00,0.67162,0.67179,0.67078,0.67151,236,11,0
2023-08-01 00:00:00+00:00,0.67155,0.67228,0.66889,0.66924,240,11,0
2023-08-01 04:00:00+00:00,0.66924,0.6707,0.66395,0.6644,240,11,0
2023-08-01 08:00:00+00:00,0.66437,0.66442,0.66248,0.66279,240,11,0
2023-08-01 12:00:00+00:00,0.66279,0.66321,0.66046,0.66094,240,11,0
2023-08-01 16:00:00+00:00,0.66093,0.66152,0.66015,0.6612,240,11,0
2023-08-01 20:00:00+00:00,0.66122,0.66206,0.66071,0.66169,237,11,0
2023-08-02 00:00:00+00:00,0.66171,0.66293,0.65859,0.65921,240,11,0
2023-08-02 04:00:00+00:00,0.65921,0.65931,0.65647,0.65803,240,11,0
2023-08-02 08:00:00+00:00,0.65806,0.65915,0.65717,0.65757,240,11,0
2023-08-02 12:00:00+00:00,0.65758,0.65828,0.65263,0.65405,240,11,0
2023-08-02 16:00:00+00:00,0.65406,0.65531,0.65365,0.65421,240,11,0
2023-08-02 20:00:00+00:00,0.6542,0.6543,0.65283,0.65407,235,11,0
2023-08-03 00:00:00+00:00,0.65407,0.6555,0.65273,0.65362,240,11,0
2023-08-03 04:00:00+00:00,0.65359,0.6542,0.65206,0.65281,240,11,0
2023-08-03 08:00:00+00:00,0.65278,0.65388,0.65135,0.65281,240,11,0
2023-08-03 12:00:00+00:00,0.65279,0.65584,0.65232,0.65517,240,11,0
2023-08-03 16:00:00+00:00,0.65516,0.6568,0.65414,0.65449,240,11,0
2023-08-03 20:00:00+00:00,0.65447,0.65612,0.65381,0.65599,238,11,0
2023-08-04 00:00:00+00:00,0.656,0.65868,0.65535,0.65698,240,11,0
2023-08-04 04:00:00+00:00,0.657,0.65787,0.65571,0.65616,240,11,0
2023-08-04 08:00:00+00:00,0.65616,0.65643,0.65455,0.65462,240,11,0
2023-08-04 12:00:00+00:00,0.65462,0.66089,0.65449,0.66032,240,11,0
2023-08-04 16:00:00+00:00,0.66032,0.66085,0.6562,0.65648,240,11,0
2023-08-04 20:00:00+00:00,0.65647,0.65701,0.65628,0.65673,59,11,0
2023-08-06 20:00:00+00:00,0.65628,0.65743,0.65626,0.65729,172,14,0
2023-08-07 00:00:00+00:00,0.65732,0.65923,0.65692,0.6581,240,11,0
2023-08-07 04:00:00+00:00,0.65807,0.65809,0.65636,0.65784,240,11,0
2023-08-07 08:00:00+00:00,0.65785,0.65785,0.65547,0.6572,240,11,0
2023-08-07 12:00:00+00:00,0.6572,0.65858,0.65557,0.65628,240,11,0
2023-08-07 16:00:00+00:00,0.65628,0.65765,0.65578,0.65732,240,11,0
2023-08-07 20:00:00+00:00,0.65729,0.65748,0.65647,0.65716,240,11,0
2023-08-08 00:00:00+00:00,0.65716,0.65754,0.65358,0.65452,240,11,0
2023-08-08 04:00:00+00:00,0.65452,0.655,0.65206,0.65236,240,11,0
2023-08-08 08:00:00+00:00,0.65234,0.65269,0.64988,0.65021,240,11,0
2023-08-08 12:00:00+00:00,0.65018,0.65202,0.64962,0.65128,240,11,0
2023-08-08 16:00:00+00:00,0.65128,0.65431,0.65124,0.65415,240,11,0
2023-08-08 20:00:00+00:00,0.65415,0.65443,0.65305,0.65328,231,11,0
2023-08-09 00:00:00+00:00,0.65325,0.65632,0.65276,0.65529,240,11,0
2023-08-09 04:00:00+00:00,0.65528,0.65704,0.65489,0.6566,240,11,0
2023-08-09 08:00:00+00:00,0.6566,0.65683,0.65359,0.6538,240,11,0
2023-08-09 12:00:00+00:00,0.6538,0.65491,0.65194,0.65235,240,11,0
2023-08-09 16:00:00+00:00,0.65235,0.6541,0.65228,0.65308,240,11,0
2023-08-09 20:00:00+00:00,0.65309,0.65367,0.652,0.65345,233,11,0
2023-08-10 00:00:00+00:00,0.65345,0.6545,0.65256,0.65382,240,11,0
2023-08-10 04:00:00+00:00,0.65382,0.65623,0.6537,0.65505,240,11,0
2023-08-10 08:00:00+00:00,0.65506,0.65685,0.65489,0.65678,240,11,0
2023-08-10 12:00:00+00:00,0.65678,0.66164,0.65503,0.65559,240,11,0
2023-08-10 16:00:00+00:00,0.65556,0.65582,0.65197,0.65218,240,11,0
2023-08-10 20:00:00+00:00,0.65219,0.65233,0.65098,0.65116,236,11,0
2023-08-11 00:00:00+00:00,0.65114,0.65331,0.65091,0.65239,240,11,0
2023-08-11 04:00:00+00:00,0.65239,0.6532,0.6516,0.65224,240,11,0
2023-08-11 08:00:00+00:00,0.65224,0.65312,0.65108,0.65277,240,11,0
2023-08-11 12:00:00+00:00,0.65278,0.65307,0.64868,0.64914,276,0,0
2023-08-11 16:00:00+00:00,0.64914,0.65003,0.64855,0.64947,240,11,0
2023-08-11 20:00:00+00:00,0.64949,0.64954,0.64917,0.6495,59,11,0
2023-08-13 20:00:00+00:00,0.64881,0.64971,0.64881,0.64942,170,14,0
2023-08-14 00:00:00+00:00,0.64943,0.64963,0.64561,0.64663,240,11,0
2023-08-14 04:00:00+00:00,0.64662,0.64965,0.64643,0.64958,240,11,0
2023-08-14 08:00:00+00:00,0.64955,0.65025,0.64853,0.64941,240,11,0
2023-08-14 12:00:00+00:00,0.64938,0.64967,0.64535,0.64947,240,11,0
2023-08-14 16:00:00+00:00,0.64947,0.6502,0.64776,0.64856,240,11,0
2023-08-14 20:00:00+00:00,0.64856,0.64891,0.64766,0.64875,235,11,0
2023-08-15 00:00:00+00:00,0.64874,0.65105,0.64623,0.65065,240,11,0
2023-08-15 04:00:00+00:00,0.65067,0.65212,0.64668,0.64669,240,11,0
2023-08-15 08:00:00+00:00,0.64669,0.64798,0.64614,0.64684,240,11,0
2023-08-15 12:00:00+00:00,0.64683,0.64933,0.64557,0.64828,240,11,0
2023-08-15 16:00:00+00:00,0.64827,0.64847,0.6451,0.64566,240,11,0
2023-08-15 20:00:00+00:00,0.64564,0.64588,0.64456,0.64566,238,11,0
2023-08-16 00:00:00+00:00,0.64568,0.64595,0.64276,0.64484,240,11,0
2023-08-16 04:00:00+00:00,0.64482,0.64779,0.64438,0.64748,240,11,0
2023-08-16 08:00:00+00:00,0.64748,0.64798,0.64523,0.64565,240,11,0
2023-08-16 12:00:00+00:00,0.64564,0.6468,0.6435,0.64383,240,11,0
2023-08-16 16:00:00+00:00,0.64383,0.64437,0.64151,0.64205,240,11,0
2023-08-16 20:00:00+00:00,0.64206,0.64239,0.64126,0.64129,238,11,0
2023-08-17 00:00:00+00:00,0.64129,0.64146,0.63643,0.63815,240,11,0
2023-08-17 04:00:00+00:00,0.63816,0.64079,0.63778,0.63949,240,11,0
2023-08-17 08:00:00+00:00,0.63947,0.64362,0.63922,0.64335,240,11,0
2023-08-17 12:00:00+00:00,0.64335,0.64499,0.64112,0.64145,240,11,0
2023-08-17 16:00:00+00:00,0.64145,0.64248,0.63946,0.64021,240,11,0
2023-08-17 20:00:00+00:00,0.64018,0.64077,0.63949,0.64055,239,11,0
2023-08-18 00:00:00+00:00,0.64052,0.64283,0.64022,0.64046,240,11,0
2023-08-18 04:00:00+00:00,0.64048,0.64154,0.63919,0.63992,240,11,0
2023-08-18 08:00:00+00:00,0.63991,0.64092,0.63839,0.63876,240,11,0
2023-08-18 12:00:00+00:00,0.63877,0.64147,0.63785,0.64119,240,11,0
2023-08-18 16:00:00+00:00,0.6412,0.64172,0.64012,0.64037,240,11,0
2023-08-18 20:00:00+00:00,0.64037,0.64057,0.64006,0.64034,59,11,0
2023-08-20 20:00:00+00:00,0.64001,0.64136,0.63973,0.64134,170,14,0
2023-08-21 00:00:00+00:00,0.64136,0.64177,0.63938,0.64005,240,11,0
2023-08-21 04:00:00+00:00,0.64005,0.6411,0.63944,0.64001,240,11,0
2023-08-21 08:00:00+00:00,0.64001,0.64207,0.63924,0.64175,240,11,0
2023-08-21 12:00:00+00:00,0.64175,0.64208,0.63866,0.63917,240,11,0
2023-08-21 16:00:00+00:00,0.63915,0.64195,0.63915,0.64161,240,11,0
2023-08-21 20:00:00+00:00,0.64158,0.64175,0.64056,0.64124,236,11,0
2023-08-22 00:00:00+00:00,0.64124,0.64283,0.64028,0.64218,240,11,0
2023-08-22 04:00:00+00:00,0.64218,0.64467,0.64127,0.64432,240,11,0
2023-08-22 08:00:00+00:00,0.64432,0.64572,0.64332,0.64489,240,11,0
2023-08-22 12:00:00+00:00,0.64489,0.64531,0.64082,0.64232,240,11,0
2023-08-22 16:00:00+00:00,0.64232,0.64266,0.64155,0.64209,240,11,0
2023-08-22 20:00:00+00:00,0.6421,0.64263,0.64167,0.64238,234,11,0
2023-08-23 00:00:00+00:00,0.64237,0.64512,0.64201,0.64372,240,11,0
2023-08-23 04:00:00+00:00,0.64371,0.64427,0.64148,0.64285,240,11,0
2023-08-23 08:00:00+00:00,0.64285,0.64345,0.64109,0.64182,240,11,0
2023-08-23 12:00:00+00:00,0.64182,0.64716,0.64104,0.64674,240,11,0
2023-08-23 16:00:00+00:00,0.64675,0.64788,0.64646,0.64719,240,11,0
2023-08-23 20:00:00+00:00,0.64718,0.64811,0.64705,0.64799,236,11,0
2023-08-24 00:00:00+00:00,0.64801,0.64875,0.64669,0.64797,240,11,0
2023-08-24 04:00:00+00:00,0.64798,0.64873,0.64563,0.64564,240,11,0
2023-08-24 08:00:00+00:00,0.64565,0.64668,0.64368,0.64382,240,11,0
2023-08-24 12:00:00+00:00,0.64383,0.64474,0.64215,0.64242,240,11,0
2023-08-24 16:00:00+00:00,0.6424,0.64305,0.64136,0.64152,240,11,0
2023-08-24 20:00:00+00:00,0.64151,0.64168,0.64097,0.64121,239,11,0
2023-08-25 00:00:00+00:00,0.64122,0.64193,0.64041,0.64078,240,11,0
2023-08-25 04:00:00+00:00,0.64078,0.64243,0.64014,0.64168,240,11,0
2023-08-25 08:00:00+00:00,0.64168,0.64306,0.64141,0.64254,240,11,0
2023-08-25 12:00:00+00:00,0.64251,0.64406,0.63795,0.63989,240,11,0
2023-08-25 16:00:00+00:00,0.63989,0.64258,0.63989,0.6412,240,11,0
2023-08-25 20:00:00+00:00,0.64118,0.64121,0.64015,0.64021,59,11,0
2023-08-27 20:00:00+00:00,0.64,0.64162,0.63994,0.64153,171,14,0
2023-08-28 00:00:00+00:00,0.64154,0.64392,0.64145,0.64292,240,11,0
2023-08-28 04:00:00+00:00,0.64291,0.64348,0.64053,0.64064,240,11,0
2023-08-28 08:00:00+00:00,0.64065,0.64151,0.64013,0.64134,240,11,0
2023-08-28 12:00:00+00:00,0.64133,0.64275,0.64133,0.64245,240,11,0
2023-08-28 16:00:00+00:00,0.64245,0.643,0.64186,0.64275,240,11,0
2023-08-28 20:00:00+00:00,0.64274,0.64321,0.64178,0.64274,237,11,0
2023-08-29 00:00:00+00:00,0.64275,0.64534,0.64221,0.64481,240,11,0
2023-08-29 04:00:00+00:00,0.64478,0.64536,0.64355,0.64356,240,11,0
2023-08-29 08:00:00+00:00,0.64353,0.64539,0.64156,0.64166,240,11,0
2023-08-29 12:00:00+00:00,0.64166,0.64678,0.64006,0.64581,240,11,0
2023-08-29 16:00:00+00:00,0.64581,0.64862,0.6453,0.64831,240,11,0
2023-08-29 20:00:00+00:00,0.6483,0.64837,0.64703,0.64753,240,11,0
2023-08-30 00:00:00+00:00,0.64754,0.6481,0.64479,0.64711,240,11,0
2023-08-30 04:00:00+00:00,0.64711,0.64809,0.64557,0.64648,240,11,0
2023-08-30 08:00:00+00:00,0.64647,0.64744,0.64536,0.64672,240,11,0
2023-08-30 12:00:00+00:00,0.64672,0.65216,0.64657,0.64933,240,11,0
2023-08-30 16:00:00+00:00,0.64931,0.64936,0.64689,0.64774,240,11,0
2023-08-30 20:00:00+00:00,0.64772,0.64804,0.64651,0.64784,239,11,0
2023-08-31 00:00:00+00:00,0.64785,0.65072,0.64774,0.64843,240,11,0
2023-08-31 04:00:00+00:00,0.64845,0.64878,0.64764,0.64822,240,11,0
2023-08-31 08:00:00+00:00,0.64822,0.64824,0.64623,0.64732,240,11,0
2023-08-31 12:00:00+00:00,0.64734,0.64943,0.64606,0.64658,240,11,0
2023-08-31 16:00:00+00:00,0.64658,0.64846,0.64637,0.64781,240,11,0
2023-08-31 20:00:00+00:00,0.64784,0.64883,0.64732,0.64858,234,11,0
2023-09-01 00:00:00+00:00,0.64858,0.64995,0.64663,0.6467,240,11,0
2023-09-01 04:00:00+00:00,0.64671,0.6477,0.64454,0.64769,240,11,0
2023-09-01 08:00:00+00:00,0.64769,0.64829,0.64675,0.64794,240,11,0
2023-09-01 12:00:00+00:00,0.64793,0.65212,0.64449,0.64451,240,11,0
2023-09-01 16:00:00+00:00,0.64452,0.64551,0.64378,0.64474,240,11,0
2023-09-01 20:00:00+00:00,0.64476,0.64509,0.64452,0.64478,59,11,0
2023-09-03 20:00:00+00:00,0.64419,0.64527,0.64385,0.64511,174,14,0
2023-09-04 00:00:00+00:00,0.64512,0.64743,0.64494,0.64649,240,11,0
2023-09-04 04:00:00+00:00,0.64649,0.64799,0.64615,0.64638,240,11,0
2023-09-04 08:00:00+00:00,0.6464,0.64716,0.64579,0.64672,240,11,0
2023-09-04 12:00:00+00:00,0.64673,0.64706,0.64514,0.64555,240,11,0
2023-09-04 16:00:00+00:00,0.64554,0.64605,0.64553,0.6459,240,11,0
2023-09-04 20:00:00+00:00,0.6459,0.64627,0.64525,0.6458,240,11,0
2023-09-05 00:00:00+00:00,0.64583,0.64619,0.64223,0.64266,240,11,0
2023-09-05 04:00:00+00:00,0.64263,0.64297,0.63694,0.63795,240,11,0
2023-09-05 08:00:00+00:00,0.63796,0.63821,0.63571,0.63645,240,11,0
2023-09-05 12:00:00+00:00,0.63645,0.63869,0.6357,0.63809,240,11,0
2023-09-05 16:00:00+00:00,0.63808,0.63852,0.63775,0.63779,240,11,0
2023-09-05 20:00:00+00:00,0.63781,0.63789,0.63692,0.63738,235,11,0
2023-09-06 00:00:00+00:00,0.63739,0.63804,0.63566,0.6378,240,11,0
2023-09-06 04:00:00+00:00,0.6378,0.64038,0.63774,0.63819,240,11,0
2023-09-06 08:00:00+00:00,0.63819,0.64004,0.63781,0.6389,240,11,0
2023-09-06 12:00:00+00:00,0.63891,0.64016,0.6363,0.63809,240,11,0
2023-09-06 16:00:00+00:00,0.63808,0.63846,0.63739,0.63788,240,11,0
2023-09-06 20:00:00+00:00,0.63789,0.63824,0.63705,0.63805,232,11,0
2023-09-07 00:00:00+00:00,0.63807,0.63845,0.63646,0.63703,240,11,0
2023-09-07 04:00:00+00:00,0.63701,0.63924,0.63617,0.63867,240,11,0
2023-09-07 08:00:00+00:00,0.63864,0.63905,0.63792,0.63803,240,11,0
2023-09-07 12:00:00+00:00,0.63803,0.63943,0.63659,0.63781,240,11,0
2023-09-07 16:00:00+00:00,0.63781,0.63843,0.63738,0.6375,240,11,0
2023-09-07 20:00:00+00:00,0.6375,0.638,0.6368,0.63771,237,11,0
2023-09-08 00:00:00+00:00,0.63773,0.63954,0.63667,0.63844,240,11,0
2023-09-08 04:00:00+00:00,0.63842,0.64135,0.63809,0.63943,240,11,0
2023-09-08 08:00:00+00:00,0.63944,0.6398,0.63873,0.63935,240,11,0
2023-09-08 12:00:00+00:00,0.63937,0.6407,0.63819,0.63839,240,11,0
2023-09-08 16:00:00+00:00,0.63841,0.63868,0.637,0.63744,240,11,0
2023-09-08 20:00:00+00:00,0.63746,0.63782,0.63733,0.63759,59,11,0
2023-09-10 20:00:00+00:00,0.63765,0.64015,0.63724,0.6396,174,14,0
2023-09-11 00:00:00+00:00,0.63962,0.64215,0.63874,0.64165,240,11,0
2023-09-11 04:00:00+00:00,0.64165,0.64433,0.64151,0.64337,240,11,0
2023-09-11 08:00:00+00:00,0.64339,0.64377,0.64227,0.64301,240,11,0
2023-09-11 12:00:00+00:00,0.64302,0.64488,0.64271,0.64317,240,11,0
2023-09-11 16:00:00+00:00,0.64316,0.64411,0.64251,0.64312,240,11,0
2023-09-11 20:00:00+00:00,0.64314,0.64317,0.64216,0.64288,237,11,0
2023-09-12 00:00:00+00:00,0.64289,0.64386,0.64152,0.64349,240,11,0
2023-09-12 04:00:00+00:00,0.6435,0.64372,0.64207,0.64277,240,11,0
2023-09-12 08:00:00+00:00,0.64277,0.64394,0.64135,0.64224,240,11,0
2023-09-12 12:00:00+00:00,0.64224,0.64249,0.64078,0.64213,240,11,0
2023-09-12 16:00:00+00:00,0.64212,0.64271,0.64168,0.64215,240,11,0
2023-09-12 20:00:00+00:00,0.64212,0.64304,0.64144,0.64274,238,11,0
2023-09-13 00:00:00+00:00,0.64275,0.64325,0.63988,0.64046,240,11,0
2023-09-13 04:00:00+00:00,0.64045,0.64134,0.63985,0.64115,240,11,0
2023-09-13 08:00:00+00:00,0.64113,0.6416,0.64019,0.64083,240,11,0
2023-09-13 12:00:00+00:00,0.64084,0.64312,0.63797,0.64235,240,11,0
2023-09-13 16:00:00+00:00,0.64235,0.64336,0.64117,0.6419,240,11,0
2023-09-13 20:00:00+00:00,0.6419,0.64223,0.64115,0.64203,239,11,0
2023-09-14 00:00:00+00:00,0.64203,0.64512,0.64191,0.64367,240,11,0
2023-09-14 04:00:00+00:00,0.64366,0.64472,0.6428,0.643,240,11,0
2023-09-14 08:00:00+00:00,0.643,0.64466,0.64247,0.64432,240,11,0
2023-09-14 12:00:00+00:00,0.64432,0.6459,0.64187,0.64408,240,11,0
2023-09-14 16:00:00+00:00,0.64408,0.64489,0.64296,0.64355,240,11,0
2023-09-14 20:00:00+00:00,0.64355,0.64413,0.64289,0.643,235,11,0
2023-09-15 00:00:00+00:00,0.64302,0.6467,0.64292,0.64651,240,11,0
2023-09-15 04:00:00+00:00,0.6465,0.64729,0.64541,0.64603,240,11,0
2023-09-15 08:00:00+00:00,0.64603,0.64609,0.64469,0.64565,240,11,0
2023-09-15 12:00:00+00:00,0.64565,0.64605,0.64311,0.64399,240,11,0
2023-09-15 16:00:00+00:00,0.64399,0.64453,0.64292,0.64304,240,11,0
2023-09-15 20:00:00+00:00,0.64303,0.64328,0.64241,0.64302,59,11,0
2023-09-17 20:00:00+00:00,0.64303,0.64401,0.64237,0.6439,162,14,0
2023-09-18 00:00:00+00:00,0.64392,0.64453,0.64265,0.6439,240,11,0
2023-09-18 04:00:00+00:00,0.64387,0.64483,0.64368,0.64372,240,11,0
2023-09-18 08:00:00+00:00,0.64373,0.64411,0.64297,0.64345,240,11,0
2023-09-18 12:00:00+00:00,0.64345,0.64447,0.64161,0.64404,240,11,0
2023-09-18 16:00:00+00:00,0.64406,0.64436,0.64321,0.64362,240,11,0
2023-09-18 20:00:00+00:00,0.64364,0.64394,0.64295,0.64387,235,11,0
2023-09-19 00:00:00+00:00,0.64388,0.64473,0.64283,0.64349,240,11,0
2023-09-19 04:00:00+00:00,0.64349,0.64529,0.64272,0.64518,240,11,0
2023-09-19 08:00:00+00:00,0.64516,0.64646,0.64464,0.64645,240,11,0
2023-09-19 12:00:00+00:00,0.64645,0.64731,0.64542,0.64565,240,11,0
2023-09-19 16:00:00+00:00,0.64565,0.64596,0.64516,0.64543,240,11,0
2023-09-19 20:00:00+00:00,0.64545,0.64638,0.64491,0.64636,231,11,0
2023-09-20 00:00:00+00:00,0.64634,0.64649,0.64475,0.64483,240,11,0
2023-09-20 04:00:00+00:00,0.64484,0.64633,0.64476,0.64601,240,11,0
2023-09-20 08:00:00+00:00,0.64601,0.64871,0.64557,0.64857,240,11,0
2023-09-20 12:00:00+00:00,0.64854,0.65042,0.64818,0.64976,240,11,0
2023-09-20 16:00:00+00:00,0.64976,0.65107,0.64446,0.64458,240,11,0
2023-09-20 20:00:00+00:00,0.64456,0.64501,0.64348,0.64352,239,11,0
2023-09-21 00:00:00+00:00,0.6435,0.64399,0.64035,0.64115,240,11,0
2023-09-21 04:00:00+00:00,0.64117,0.6422,0.64014,0.64122,240,11,0
2023-09-21 08:00:00+00:00,0.64125,0.64148,0.63993,0.63997,240,11,0
2023-09-21 12:00:00+00:00,0.63996,0.64272,0.6385,0.64204,240,11,0
2023-09-21 16:00:00+00:00,0.64204,0.64316,0.64131,0.64131,240,11,0
2023-09-21 20:00:00+00:00,0.64133,0.64167,0.64054,0.64087,236,11,0
2023-09-22 00:00:00+00:00,0.64086,0.64248,0.64021,0.64228,240,11,0
2023-09-22 04:00:00+00:00,0.64228,0.64337,0.6417,0.64318,240,11,0
2023-09-22 08:00:00+00:00,0.64318,0.6454,0.64291,0.64508,240,11,0
2023-09-22 12:00:00+00:00,0.64509,0.64647,0.64468,0.64502,240,11,0
2023-09-22 16:00:00+00:00,0.64502,0.64533,0.64358,0.64403,240,11,0
2023-09-22 20:00:00+00:00,0.64404,0.64418,0.64383,0.64405,59,11,0
2023-09-24 20:00:00+00:00,0.64356,0.64436,0.64313,0.64401,172,14,0
2023-09-25 00:00:00+00:00,0.64402,0.6446,0.64215,0.6424,240,11,0
2023-09-25 04:00:00+00:00,0.64239,0.64286,0.64147,0.64214,240,11,0
2023-09-25 08:00:00+00:00,0.64212,0.6435,0.64125,0.6422,240,11,0
2023-09-25 12:00:00+00:00,0.64222,0.64295,0.64036,0.64184,240,11,0
2023-09-25 16:00:00+00:00,0.64183,0.64263,0.6416,0.64232,240,11,0
2023-09-25 20:00:00+00:00,0.64234,0.64252,0.6412,0.64212,238,11,0
2023-09-26 00:00:00+00:00,0.64214,0.64299,0.64151,0.64179,240,11,0
2023-09-26 04:00:00+00:00,0.64179,0.64196,0.63864,0.64034,240,11,0
2023-09-26 08:00:00+00:00,0.64034,0.64153,0.63984,0.64057,240,11,0
2023-09-26 12:00:00+00:00,0.64057,0.64208,0.64,0.64028,240,11,0
2023-09-26 16:00:00+00:00,0.64031,0.64097,0.63907,0.63948,240,11,0
2023-09-26 20:00:00+00:00,0.63946,0.63975,0.63904,0.63924,235,11,0
2023-09-27 00:00:00+00:00,0.63928,0.64084,0.63801,0.63811,240,11,0
2023-09-27 04:00:00+00:00,0.63811,0.63852,0.63703,0.63786,240,11,0
2023-09-27 08:00:00+00:00,0.63787,0.63848,0.63609,0.63669,240,11,0
2023-09-27 12:00:00+00:00,0.63669,0.63868,0.63652,0.6366,240,11,0
2023-09-27 16:00:00+00:00,0.63661,0.63662,0.63309,0.63528,240,11,0
2023-09-27 20:00:00+00:00,0.63529,0.63531,0.63441,0.63478,238,11,0
2023-09-28 00:00:00+00:00,0.6348,0.63766,0.63466,0.63722,240,11,0
2023-09-28 04:00:00+00:00,0.63722,0.63798,0.63627,0.63678,240,11,0
2023-09-28 08:00:00+00:00,0.63678,0.63948,0.63632,0.63917,240,11,0
2023-09-28 12:00:00+00:00,0.63915,0.64248,0.63825,0.64236,240,11,0
2023-09-28 16:00:00+00:00,0.64239,0.64318,0.64153,0.6424,240,11,0
2023-09-28 20:00:00+00:00,0.6424,0.64291,0.64154,0.64259,234,11,0
2023-09-29 00:00:00+00:00,0.64259,0.64604,0.64205,0.64571,240,11,0
2023-09-29 04:00:00+00:00,0.64571,0.64852,0.64538,0.64796,240,11,0
2023-09-29 08:00:00+00:00,0.64795,0.65004,0.64753,0.64812,240,11,0
2023-09-29 12:00:00+00:00,0.64809,0.64989,0.6445,0.64479,240,11,0
2023-09-29 16:00:00+00:00,0.64479,0.64523,0.64216,0.64281,240,11,0
2023-09-29 20:00:00+00:00,0.64279,0.64358,0.64275,0.6433,59,11,0
2023-10-01 20:00:00+00:00,0.64185,0.64401,0.64184,0.64364,174,14,0
2023-10-02 00:00:00+00:00,0.64367,0.64446,0.64097,0.64114,240,11,0
2023-10-02 04:00:00+00:00,0.64114,0.64257,0.63936,0.64099,240,11,0
2023-10-02 08:00:00+00:00,0.64097,0.64145,0.6392,0.63938,240,11,0
2023-10-02 12:00:00+00:00,0.63938,0.63986,0.63674,0.63738,240,11,0
2023-10-02 16:00:00+00:00,0.6374,0.63752,0.63623,0.63639,240,11,0
2023-10-02 20:00:00+00:00,0.63636,0.63664,0.63554,0.63612,234,11,0
2023-10-03 00:00:00+00:00,0.63614,0.63632,0.63338,0.63446,240,11,0
2023-10-03 04:00:00+00:00,0.63446,0.63451,0.6305,0.63175,240,11,0
2023-10-03 08:00:00+00:00,0.63174,0.63311,0.62946,0.63028,240,11,0
2023-10-03 12:00:00+00:00,0.63029,0.63169,0.62861,0.62912,240,11,0
2023-10-03 16:00:00+00:00,0.62912,0.63067,0.62849,0.63027,240,11,0
2023-10-03 20:00:00+00:00,0.63024,0.63094,0.62956,0.63079,237,11,0
2023-10-04 00:00:00+00:00,0.63079,0.63142,0.6286,0.62968,240,11,0
2023-10-04 04:00:00+00:00,0.62968,0.63257,0.62968,0.63204,240,11,0
2023-10-04 08:00:00+00:00,0.63203,0.63333,0.63146,0.63189,240,11,0
2023-10-04 12:00:00+00:00,0.63189,0.63419,0.63057,0.63354,240,11,0
2023-10-04 16:00:00+00:00,0.63356,0.63387,0.6317,0.63284,240,11,0
2023-10-04 20:00:00+00:00,0.63282,0.63313,0.63154,0.6328,239,11,0
2023-10-05 00:00:00+00:00,0.63281,0.63771,0.63236,0.63724,240,11,0
2023-10-05 04:00:00+00:00,0.63726,0.63765,0.63383,0.63401,240,11,0
2023-10-05 08:00:00+00:00,0.63401,0.63506,0.63305,0.63487,240,11,0
2023-10-05 12:00:00+00:00,0.63487,0.63556,0.63266,0.63459,240,11,0
2023-10-05 16:00:00+00:00,0.63459,0.63733,0.63445,0.63714,240,11,0
2023-10-05 20:00:00+00:00,0.63716,0.63733,0.63574,0.63688,228,11,0
2023-10-06 00:00:00+00:00,0.6369,0.63812,0.63636,0.63737,240,11,0
2023-10-06 04:00:00+00:00,0.63736,0.63738,0.63543,0.63664,240,11,0
2023-10-06 08:00:00+00:00,0.63664,0.637,0.63528,0.63578,240,11,0
2023-10-06 12:00:00+00:00,0.63576,0.63945,0.6312,0.63918,240,11,0
2023-10-06 16:00:00+00:00,0.63918,0.63997,0.63761,0.63866,240,11,0
2023-10-06 20:00:00+00:00,0.63868,0.63878,0.63831,0.6384,59,11,0
2023-10-08 20:00:00+00:00,0.63572,0.6369,0.63408,0.63686,162,14,0
2023-10-09 00:00:00+00:00,0.63687,0.63804,0.63501,0.63513,240,11,0
2023-10-09 04:00:00+00:00,0.63513,0.63626,0.63421,0.63543,240,11,0
2023-10-09 08:00:00+00:00,0.63543,0.63676,0.6353,0.63638,240,11,0
2023-10-09 12:00:00+00:00,0.63638,0.63857,0.63555,0.63785,240,11,0
2023-10-09 16:00:00+00:00,0.63784,0.64142,0.63738,0.64124,240,11,0
2023-10-09 20:00:00+00:00,0.64123,0.64225,0.64049,0.64207,240,11,0
2023-10-10 00:00:00+00:00,0.64207,0.64325,0.64095,0.64146,240,11,0
2023-10-10 04:00:00+00:00,0.64146,0.64146,0.63907,0.63976,240,11,0
2023-10-10 08:00:00+00:00,0.63976,0.64257,0.63897,0.63941,240,11,0
2023-10-10 12:00:00+00:00,0.63941,0.64305,0.63907,0.64291,240,11,0
2023-10-10 16:00:00+00:00,0.64291,0.64314,0.6412,0.64281,240,11,0
2023-10-10 20:00:00+00:00,0.64282,0.64343,0.64223,0.64314,236,11,0
2023-10-11 00:00:00+00:00,0.64314,0.64446,0.64188,0.64217,240,11,0
2023-10-11 04:00:00+00:00,0.64219,0.64338,0.64091,0.64173,240,11,0
2023-10-11 08:00:00+00:00,0.64171,0.64253,0.6411,0.64129,240,11,0
2023-10-11 12:00:00+00:00,0.64127,0.64269,0.64004,0.64058,240,11,0
2023-10-11 16:00:00+00:00,0.64058,0.64115,0.63875,0.64097,240,11,0
2023-10-11 20:00:00+00:00,0.64095,0.64194,0.64037,0.64172,239,11,0
2023-10-12 00:00:00+00:00,0.64174,0.64263,0.64111,0.64202,240,11,0
2023-10-12 04:00:00+00:00,0.64201,0.64303,0.64054,0.64095,240,11,0
2023-10-12 08:00:00+00:00,0.64094,0.64162,0.64003,0.64057,240,11,0
2023-10-12 12:00:00+00:00,0.64056,0.64078,0.63279,0.63326,240,11,0
2023-10-12 16:00:00+00:00,0.63326,0.63373,0.63067,0.63136,240,11,0
2023-10-12 20:00:00+00:00,0.63136,0.63175,0.63069,0.63154,237,11,0
2023-10-13 00:00:00+00:00,0.63152,0.63338,0.6315,0.63267,240,11,0
2023-10-13 04:00:00+00:00,0.63267,0.63272,0.63098,0.63254,240,11,0
2023-10-13 08:00:00+00:00,0.63255,0.63311,0.63048,0.63164,240,11,0
2023-10-13 12:00:00+00:00,0.63161,0.63285,0.62857,0.62884,240,11,0
2023-10-13 16:00:00+00:00,0.62884,0.63011,0.6288,0.62983,240,11,0
2023-10-13 20:00:00+00:00,0.62983,0.62983,0.62939,0.62958,59,11,0
2023-10-15 20:00:00+00:00,0.62931,0.63107,0.62931,0.63105,174,14,0
2023-10-16 00:00:00+00:00,0.63108,0.63264,0.63022,0.63217,240,11,0
2023-10-16 04:00:00+00:00,0.63217,0.63317,0.63176,0.63256,240,11,0
2023-10-16 08:00:00+00:00,0.63254,0.63312,0.63165,0.63276,240,11,0
2023-10-16 12:00:00+00:00,0.63276,0.63394,0.63111,0.63374,240,11,0
2023-10-16 16:00:00+00:00,0.63378,0.63443,0.63357,0.63433,240,11,0
2023-10-16 20:00:00+00:00,0.63432,0.63432,0.63304,0.63366,237,11,0
2023-10-17 00:00:00+00:00,0.63367,0.63665,0.63359,0.63532,240,11,0
2023-10-17 04:00:00+00:00,0.63534,0.63624,0.63474,0.63575,240,11,0
2023-10-17 08:00:00+00:00,0.63572,0.63653,0.63421,0.63611,240,11,0
2023-10-17 12:00:00+00:00,0.63614,0.63765,0.63359,0.63756,240,11,0
2023-10-17 16:00:00+00:00,0.63756,0.63792,0.63532,0.63639,240,11,0
2023-10-17 20:00:00+00:00,0.6364,0.63663,0.63569,0.63623,240,11,0
2023-10-18 00:00:00+00:00,0.63623,0.6381,0.63506,0.63746,240,11,0
2023-10-18 04:00:00+00:00,0.63746,0.63926,0.63735,0.63814,240,11,0
2023-10-18 08:00:00+00:00,0.63814,0.63838,0.63644,0.63674,240,11,0
2023-10-18 12:00:00+00:00,0.63674,0.63704,0.63335,0.63341,240,11,0
2023-10-18 16:00:00+00:00,0.63341,0.63539,0.63274,0.63358,240,11,0
2023-10-18 20:00:00+00:00,0.63357,0.63375,0.63263,0.63323,236,11,0
2023-10-19 00:00:00+00:00,0.63323,0.63365,0.62953,0.62991,240,11,0
2023-10-19 04:00:00+00:00,0.62992,0.63104,0.62964,0.62978,240,11,0
2023-10-19 08:00:00+00:00,0.62977,0.63155,0.62968,0.63112,240,11,0
2023-10-19 12:00:00+00:00,0.63112,0.63293,0.63091,0.63237,240,11,0
2023-10-19 16:00:00+00:00,0.63237,0.63561,0.63128,0.63329,240,11,0
2023-10-19 20:00:00+00:00,0.6333,0.6333,0.63177,0.63236,236,11,0
2023-10-20 00:00:00+00:00,0.63239,0.63242,0.63047,0.6319,240,11,0
2023-10-20 04:00:00+00:00,0.6319,0.63194,0.63008,0.63009,240,11,0
2023-10-20 08:00:00+00:00,0.63009,0.63165,0.62968,0.63125,240,11,0
2023-10-20 12:00:00+00:00,0.63124,0.63251,0.62988,0.63176,240,11,0
2023-10-20 16:00:00+00:00,0.63177,0.63242,0.63087,0.63109,240,11,0
2023-10-20 20:00:00+00:00,0.63112,0.63144,0.63096,0.6314,59,11,0
2023-10-22 20:00:00+00:00,0.63097,0.63213,0.6306,0.63195,175,14,0
2023-10-23 00:00:00+00:00,0.63195,0.63212,0.6307,0.63111,240,11,0
2023-10-23 04:00:00+00:00,0.63111,0.63189,0.63014,0.6304,240,11,0
2023-10-23 08:00:00+00:00,0.63038,0.63136,0.62883,0.63098,240,11,0
2023-10-23 12:00:00+00:00,0.63098,0.63373,0.63018,0.63351,240,11,0
2023-10-23 16:00:00+00:00,0.6335,0.63481,0.63293,0.63316,240,11,0
2023-10-23 20:00:00+00:00,0.63317,0.63369,0.63311,0.63356,239,11,0
2023-10-24 00:00:00+00:00,0.63358,0.63613,0.63348,0.63562,240,11,0
2023-10-24 04:00:00+00:00,0.63562,0.63785,0.63511,0.63642,240,11,0
2023-10-24 08:00:00+00:00,0.63642,0.63714,0.63525,0.63632,240,11,0
2023-10-24 12:00:00+00:00,0.63632,0.63649,0.63433,0.63477,240,11,0
2023-10-24 16:00:00+00:00,0.63475,0.63587,0.63436,0.63575,240,11,0
2023-10-24 20:00:00+00:00,0.63575,0.63612,0.63462,0.63594,238,11,0
2023-10-25 00:00:00+00:00,0.63596,0.63991,0.63573,0.63805,240,11,0
2023-10-25 04:00:00+00:00,0.63802,0.63866,0.63552,0.63564,240,11,0
2023-10-25 08:00:00+00:00,0.63564,0.63611,0.63276,0.63371,240,11,0
2023-10-25 12:00:00+00:00,0.63371,0.63461,0.63197,0.63322,240,11,0
2023-10-25 16:00:00+00:00,0.63321,0.63326,0.63048,0.63101,240,11,0
2023-10-25 20:00:00+00:00,0.63101,0.63112,0.6281,0.62933,238,11,0
2023-10-26 00:00:00+00:00,0.62933,0.6298,0.62697,0.62766,240,11,0
2023-10-26 04:00:00+00:00,0.62768,0.6308,0.62734,0.63062,240,11,0
2023-10-26 08:00:00+00:00,0.63063,0.63161,0.62982,0.6299,240,11,0
2023-10-26 12:00:00+00:00,0.62989,0.63288,0.62928,0.63109,240,11,0
2023-10-26 16:00:00+00:00,0.63108,0.63302,0.63013,0.63169,240,11,0
2023-10-26 20:00:00+00:00,0.63166,0.63342,0.63153,0.63326,238,11,0
2023-10-27 00:00:00+00:00,0.63328,0.63423,0.63239,0.63382,240,11,0
2023-10-27 04:00:00+00:00,0.63381,0.63502,0.63305,0.6342,240,11,0
2023-10-27 08:00:00+00:00,0.63421,0.63564,0.63357,0.63387,240,11,0
2023-10-27 12:00:00+00:00,0.63387,0.63674,0.63375,0.63506,240,11,0
2023-10-27 16:00:00+00:00,0.63507,0.63525,0.63305,0.63355,240,11,0
2023-10-27 20:00:00+00:00,0.63356,0.63359,0.63307,0.63336,59,11,0
2023-10-29 20:00:00+00:00,0.63281,0.63416,0.63279,0.63377,174,14,0
2023-10-30 00:00:00+00:00,0.6338,0.63594,0.63362,0.63541,427,0,0
2023-10-30 04:00:00+00:00,0.63541,0.63639,0.63482,0.63554,240,11,0
2023-10-30 08:00:00+00:00,0.63551,0.63778,0.63513,0.63744,240,11,0
2023-10-30 12:00:00+00:00,0.63744,0.63832,0.6361,0.63721,240,11,0
2023-10-30 16:00:00+00:00,0.6372,0.63779,0.63645,0.63754,240,11,0
2023-10-30 20:00:00+00:00,0.63752,0.63766,0.63619,0.63672,234,11,0
2023-10-31 00:00:00+00:00,0.63672,0.6373,0.63438,0.6348,240,11,0
2023-10-31 04:00:00+00:00,0.63479,0.63642,0.63407,0.63584,240,11,0
2023-10-31 08:00:00+00:00,0.63584,0.63733,0.63516,0.63633,240,11,0
2023-10-31 12:00:00+00:00,0.63631,0.63678,0.63139,0.63303,240,11,0
2023-10-31 16:00:00+00:00,0.63302,0.63447,0.63223,0.63425,240,11,0
2023-10-31 20:00:00+00:00,0.63427,0.63431,0.63259,0.63362,237,11,0
2023-11-01 00:00:00+00:00,0.63362,0.6343,0.63176,0.63354,240,11,0
2023-11-01 04:00:00+00:00,0.63354,0.63445,0.63279,0.6335,240,11,0
2023-11-01 08:00:00+00:00,0.6335,0.63469,0.63311,0.63413,240,11,0
2023-11-01 12:00:00+00:00,0.63413,0.63936,0.63405,0.63617,240,11,0
2023-11-01 16:00:00+00:00,0.63617,0.63988,0.63536,0.63909,240,11,0
2023-11-01 20:00:00+00:00,0.63908,0.64212,0.63823,0.64212,235,11,0
2023-11-02 00:00:00+00:00,0.64216,0.64383,0.64205,0.64316,240,11,0
2023-11-02 04:00:00+00:00,0.64316,0.64316,0.64197,0.64265,240,11,0
2023-11-02 08:00:00+00:00,0.64267,0.64452,0.64166,0.64365,240,11,0
2023-11-02 12:00:00+00:00,0.64365,0.64554,0.64131,0.64205,240,11,0
2023-11-02 16:00:00+00:00,0.64205,0.64317,0.64123,0.64306,240,11,0
2023-11-02 20:00:00+00:00,0.64303,0.64342,0.64225,0.64273,235,11,0
2023-11-03 00:00:00+00:00,0.64274,0.64382,0.64192,0.6429,240,11,0
2023-11-03 04:00:00+00:00,0.64292,0.64473,0.64279,0.6442,240,11,0
2023-11-03 08:00:00+00:00,0.64419,0.64457,0.64331,0.64434,240,11,0
2023-11-03 12:00:00+00:00,0.64433,0.65115,0.64408,0.65032,240,11,0
2023-11-03 16:00:00+00:00,0.65032,0.65178,0.64975,0.65088,240,11,0
2023-11-03 20:00:00+00:00,0.65087,0.65135,0.65083,0.65128,59,11,0
2023-11-05 20:00:00+00:00,0.65023,0.65146,0.65001,0.65135,114,41,0
2023-11-06 00:00:00+00:00,0.65138,0.65191,0.65079,0.65115,240,11,0
2023-11-06 04:00:00+00:00,0.65116,0.65189,0.65039,0.65049,510,0,0
2023-11-06 08:00:00+00:00,0.65051,0.65221,0.65027,0.6508,240,11,0
2023-11-06 12:00:00+00:00,0.65081,0.65092,0.64925,0.65015,240,11,0
2023-11-06 16:00:00+00:00,0.65015,0.65054,0.64868,0.64907,240,11,0
2023-11-06 20:00:00+00:00,0.64904,0.64913,0.64817,0.64865,235,11,0
2023-11-07 00:00:00+00:00,0.6488,0.65024,0.64546,0.64595,240,11,0
2023-11-07 04:00:00+00:00,0.64595,0.64631,0.64196,0.64229,240,11,0
2023-11-07 08:00:00+00:00,0.64231,0.64372,0.64086,0.64172,240,11,0
2023-11-07 12:00:00+00:00,0.64171,0.64243,0.64033,0.64215,240,11,0
2023-11-07 16:00:00+00:00,0.64216,0.64371,0.64112,0.64313,240,11,0
2023-11-07 20:00:00+00:00,0.64312,0.64364,0.64261,0.64281,238,11,0
2023-11-08 00:00:00+00:00,0.64296,0.64489,0.64219,0.64363,240,11,0
2023-11-08 04:00:00+00:00,0.64363,0.64432,0.64259,0.644,240,11,0
2023-11-08 08:00:00+00:00,0.644,0.64433,0.64195,0.64325,240,11,0
2023-11-08 12:00:00+00:00,0.64325,0.64347,0.64064,0.64149,240,11,0
2023-11-08 16:00:00+00:00,0.64147,0.64215,0.63984,0.63994,240,11,0
2023-11-08 20:00:00+00:00,0.63995,0.64052,0.63928,0.64052,237,11,0
2023-11-09 00:00:00+00:00,0.64069,0.64165,0.6402,0.64073,240,11,0
2023-11-09 04:00:00+00:00,0.64073,0.64205,0.64069,0.64143,240,11,0
2023-11-09 08:00:00+00:00,0.64144,0.64154,0.63914,0.63979,240,11,0
2023-11-09 12:00:00+00:00,0.63979,0.64276,0.63947,0.64242,240,11,0
2023-11-09 16:00:00+00:00,0.64239,0.64249,0.63633,0.63679,240,11,0
2023-11-09 20:00:00+00:00,0.6368,0.63763,0.63567,0.63608,236,11,0
2023-11-10 00:00:00+00:00,0.63609,0.63651,0.63512,0.63545,240,11,0
2023-11-10 04:00:00+00:00,0.63546,0.63662,0.63536,0.63616,240,11,0
2023-11-10 08:00:00+00:00,0.63614,0.63643,0.63481,0.63506,240,11,0
2023-11-10 12:00:00+00:00,0.63505,0.63644,0.63383,0.63484,240,11,0
2023-11-10 16:00:00+00:00,0.63481,0.63621,0.63461,0.63549,240,11,0
2023-11-10 20:00:00+00:00,0.6355,0.63613,0.63542,0.63599,119,11,0
2023-11-12 20:00:00+00:00,0.6344,0.63656,0.6344,0.6364,114,14,0
2023-11-13 00:00:00+00:00,0.63636,0.63656,0.63517,0.63594,240,11,0
2023-11-13 04:00:00+00:00,0.63595,0.63757,0.63575,0.63722,240,11,0
2023-11-13 08:00:00+00:00,0.63722,0.63845,0.63647,0.63743,240,11,0
2023-11-13 12:00:00+00:00,0.63743,0.63773,0.63613,0.6377,240,11,0
2023-11-13 16:00:00+00:00,0.6377,0.63905,0.63755,0.63801,240,11,0
2023-11-13 20:00:00+00:00,0.63802,0.63806,0.63701,0.63788,235,11,0
2023-11-14 00:00:00+00:00,0.63791,0.63834,0.63664,0.6371,240,11,0
2023-11-14 04:00:00+00:00,0.6371,0.6376,0.63629,0.63702,240,11,0
2023-11-14 08:00:00+00:00,0.63701,0.63797,0.63597,0.63683,240,11,0
2023-11-14 12:00:00+00:00,0.63685,0.64857,0.63558,0.64789,240,11,0
2023-11-14 16:00:00+00:00,0.64786,0.65081,0.64769,0.65076,240,11,0
2023-11-14 20:00:00+00:00,0.65076,0.65118,0.64952,0.64976,236,11,0
2023-11-15 00:00:00+00:00,0.64976,0.65046,0.64829,0.65026,240,11,0
2023-11-15 04:00:00+00:00,0.65025,0.65101,0.64924,0.65076,240,11,0
2023-11-15 08:00:00+00:00,0.65076,0.65313,0.65007,0.65281,240,11,0
2023-11-15 12:00:00+00:00,0.65283,0.6542,0.64848,0.65253,240,11,0
2023-11-15 16:00:00+00:00,0.65256,0.65311,0.65048,0.65094,240,11,0
2023-11-15 20:00:00+00:00,0.65092,0.65122,0.64986,0.65105,236,11,0
2023-11-16 00:00:00+00:00,0.65108,0.65158,0.64606,0.64663,240,11,0
2023-11-16 04:00:00+00:00,0.64663,0.64833,0.64643,0.648,240,11,0
2023-11-16 08:00:00+00:00,0.64798,0.65031,0.64746,0.64903,240,11,0
2023-11-16 12:00:00+00:00,0.64903,0.65078,0.64738,0.64839,240,11,0
2023-11-16 16:00:00+00:00,0.64839,0.64877,0.64601,0.64711,240,11,0
2023-11-16 20:00:00+00:00,0.6471,0.64728,0.64623,0.64684,236,11,0
2023-11-17 00:00:00+00:00,0.64686,0.64717,0.64567,0.64655,240,11,0
2023-11-17 04:00:00+00:00,0.64656,0.64734,0.64518,0.64691,240,11,0
2023-11-17 08:00:00+00:00,0.64691,0.6512,0.6463,0.64992,240,11,0
2023-11-17 12:00:00+00:00,0.64995,0.65081,0.6487,0.65017,240,11,0
2023-11-17 16:00:00+00:00,0.65017,0.6513,0.6488,0.65095,240,11,0
2023-11-17 20:00:00+00:00,0.65095,0.65153,0.65066,0.65145,119,11,0
2023-11-19 20:00:00+00:00,0.64988,0.65159,0.64944,0.6506,115,44,0
2023-11-20 00:00:00+00:00,0.65097,0.65497,0.65004,0.65481,240,11,0
2023-11-20 04:00:00+00:00,0.65481,0.65622,0.65438,0.65516,240,11,0
2023-11-20 08:00:00+00:00,0.65519,0.65622,0.65461,0.65525,240,11,0
2023-11-20 12:00:00+00:00,0.65523,0.6558,0.65343,0.65455,240,11,0
2023-11-20 16:00:00+00:00,0.65456,0.6563,0.65445,0.65612,240,11,0
2023-11-20 20:00:00+00:00,0.65613,0.65645,0.65529,0.65591,236,11,0
2023-11-21 00:00:00+00:00,0.65593,0.65844,0.65564,0.65831,240,11,0
2023-11-21 04:00:00+00:00,0.65833,0.6586,0.65614,0.65721,240,11,0
2023-11-21 08:00:00+00:00,0.65721,0.65822,0.65565,0.65679,240,11,0
2023-11-21 12:00:00+00:00,0.65677,0.6589,0.6559,0.65619,240,11,0
2023-11-21 16:00:00+00:00,0.65619,0.65697,0.65438,0.65571,240,11,0
2023-11-21 20:00:00+00:00,0.65571,0.65588,0.65469,0.65568,236,11,0
2023-11-22 00:00:00+00:00,0.6557,0.65692,0.65485,0.65533,240,11,0
2023-11-22 04:00:00+00:00,0.65533,0.6556,0.65273,0.65379,240,11,0
2023-11-22 08:00:00+00:00,0.65377,0.65677,0.65276,0.65628,240,11,0
2023-11-22 12:00:00+00:00,0.6563,0.65687,0.6521,0.65324,240,11,0
2023-11-22 16:00:00+00:00,0.65327,0.6545,0.6529,0.65398,238,11,0
2023-11-22 20:00:00+00:00,0.65395,0.65434,0.65362,0.65415,236,11,0
2023-11-23 00:00:00+00:00,0.65417,0.65584,0.65415,0.65552,240,11,0
2023-11-23 04:00:00+00:00,0.65552,0.65741,0.655,0.65709,240,11,0
2023-11-23 08:00:00+00:00,0.6571,0.65739,0.65566,0.65656,240,11,0
2023-11-23 12:00:00+00:00,0.65657,0.65665,0.65502,0.65607,240,11,0
2023-11-23 16:00:00+00:00,0.65609,0.65629,0.65573,0.65596,240,11,0
2023-11-23 20:00:00+00:00,0.65596,0.65607,0.6553,0.65594,236,12,0
2023-11-24 00:00:00+00:00,0.65595,0.65691,0.65494,0.65571,240,11,0
2023-11-24 04:00:00+00:00,0.65571,0.65683,0.65548,0.65598,240,11,0
2023-11-24 08:00:00+00:00,0.65596,0.6572,0.65571,0.65705,240,11,0
2023-11-24 12:00:00+00:00,0.65705,0.65902,0.65605,0.65854,240,11,0
2023-11-24 16:00:00+00:00,0.65856,0.65904,0.65811,0.65875,240,11,0
2023-11-24 20:00:00+00:00,0.65876,0.65877,0.65797,0.65825,119,49,0
2023-11-26 20:00:00+00:00,0.65756,0.65834,0.6571,0.65789,115,43,0
2023-11-27 00:00:00+00:00,0.65804,0.65942,0.65695,0.65722,240,11,0
2023-11-27 04:00:00+00:00,0.65722,0.65944,0.65661,0.65851,240,11,0
2023-11-27 08:00:00+00:00,0.65849,0.66073,0.65836,0.66023,240,11,0
2023-11-27 12:00:00+00:00,0.66023,0.66136,0.65864,0.65982,240,11,0
2023-11-27 16:00:00+00:00,0.65984,0.66115,0.65881,0.66074,240,11,0
2023-11-27 20:00:00+00:00,0.66073,0.66129,0.66018,0.66127,237,11,0
2023-11-28 00:00:00+00:00,0.66129,0.66312,0.66063,0.66184,240,11,0
2023-11-28 04:00:00+00:00,0.66184,0.66234,0.66055,0.66075,240,11,0
2023-11-28 08:00:00+00:00,0.66075,0.6621,0.6596,0.66135,240,11,0
2023-11-28 12:00:00+00:00,0.66135,0.66494,0.66061,0.6641,240,11,0
2023-11-28 16:00:00+00:00,0.66412,0.6665,0.66318,0.66514,240,11,0
2023-11-28 20:00:00+00:00,0.66511,0.66566,0.6638,0.66549,235,11,0
2023-11-29 00:00:00+00:00,0.66549,0.66757,0.66366,0.66488,240,11,0
2023-11-29 04:00:00+00:00,0.66489,0.66531,0.66257,0.66275,240,11,0
2023-11-29 08:00:00+00:00,0.66277,0.66402,0.66132,0.66211,240,11,0
2023-11-29 12:00:00+00:00,0.66211,0.66351,0.66056,0.66204,240,11,0
2023-11-29 16:00:00+00:00,0.66201,0.66333,0.66053,0.66221,240,11,0
2023-11-29 20:00:00+00:00,0.66222,0.66222,0.6611,0.66167,236,11,0
2023-11-30 00:00:00+00:00,0.66166,0.66391,0.66153,0.66361,240,11,0
2023-11-30 04:00:00+00:00,0.66361,0.66499,0.66238,0.66349,240,11,0
2023-11-30 08:00:00+00:00,0.66352,0.66389,0.65949,0.65981,240,11,0
2023-11-30 12:00:00+00:00,0.65984,0.6634,0.65706,0.66298,240,11,0
2023-11-30 16:00:00+00:00,0.66295,0.66322,0.65997,0.66081,240,11,0
2023-11-30 20:00:00+00:00,0.66081,0.66094,0.65997,0.66059,236,12,0
2023-12-01 00:00:00+00:00,0.6606,0.6629,0.66001,0.66031,240,11,0
2023-12-01 04:00:00+00:00,0.6603,0.66133,0.65988,0.66028,240,11,0
2023-12-01 08:00:00+00:00,0.6603,0.66346,0.6603,0.66173,240,11,0
2023-12-01 12:00:00+00:00,0.66174,0.66426,0.66068,0.66382,240,11,0
2023-12-01 16:00:00+00:00,0.66385,0.66741,0.66295,0.66704,240,11,0
2023-12-01 20:00:00+00:00,0.66705,0.66753,0.66696,0.66753,119,12,0
2023-12-03 20:00:00+00:00,0.66596,0.66877,0.66538,0.66785,115,44,0
2023-12-04 00:00:00+00:00,0.66815,0.66875,0.66559,0.66564,240,11,0
2023-12-04 04:00:00+00:00,0.66564,0.66631,0.66373,0.66391,240,11,0
2023-12-04 08:00:00+00:00,0.66394,0.66561,0.66342,0.66511,240,11,0
2023-12-04 12:00:00+00:00,0.66511,0.66538,0.6609,0.66153,240,11,0
2023-12-04 16:00:00+00:00,0.66152,0.66245,0.66042,0.66164,240,11,0
2023-12-04 20:00:00+00:00,0.66164,0.66202,0.66105,0.66163,236,11,0
2023-12-05 00:00:00+00:00,0.66164,0.6621,0.65711,0.65755,240,11,0
2023-12-05 04:00:00+00:00,0.65753,0.6585,0.65689,0.65715,240,11,0
2023-12-05 08:00:00+00:00,0.65713,0.65829,0.65563,0.65609,240,11,0
2023-12-05 12:00:00+00:00,0.65607,0.65788,0.65473,0.65623,240,11,0
2023-12-05 16:00:00+00:00,0.65623,0.65663,0.65438,0.65505,240,11,0
2023-12-05 20:00:00+00:00,0.65505,0.65562,0.65489,0.65539,236,11,0
2023-12-06 00:00:00+00:00,0.6554,0.65947,0.6554,0.65935,240,11,0
2023-12-06 04:00:00+00:00,0.65935,0.65965,0.65756,0.65913,240,11,0
2023-12-06 08:00:00+00:00,0.65914,0.65921,0.6564,0.65731,240,11,0
2023-12-06 12:00:00+00:00,0.6573,0.65904,0.65702,0.65794,240,11,0
2023-12-06 16:00:00+00:00,0.65794,0.65842,0.65523,0.65532,240,11,0
2023-12-06 20:00:00+00:00,0.65535,0.65536,0.65424,0.65506,236,11,0
2023-12-07 00:00:00+00:00,0.65507,0.6558,0.65251,0.65278,240,11,0
2023-12-07 04:00:00+00:00,0.65275,0.65639,0.65256,0.65596,240,11,0
2023-12-07 08:00:00+00:00,0.65596,0.6572,0.65545,0.65646,240,11,0
2023-12-07 12:00:00+00:00,0.65645,0.65913,0.65549,0.65897,240,11,0
2023-12-07 16:00:00+00:00,0.65898,0.66191,0.65895,0.66034,240,11,0
2023-12-07 20:00:00+00:00,0.66033,0.6606,0.65914,0.6593,235,12,0
2023-12-08 00:00:00+00:00,0.65935,0.66127,0.65929,0.66101,240,11,0
2023-12-08 04:00:00+00:00,0.66101,0.66191,0.66031,0.66087,240,11,0
2023-12-08 08:00:00+00:00,0.66089,0.66135,0.66009,0.66048,240,11,0
2023-12-08 12:00:00+00:00,0.6605,0.66089,0.65576,0.65861,240,11,0
2023-12-08 16:00:00+00:00,0.6586,0.65862,0.65582,0.65795,240,11,0
2023-12-08 20:00:00+00:00,0.65793,0.6581,0.65755,0.65763,119,11,0
2023-12-10 20:00:00+00:00,0.65609,0.65809,0.65609,0.65768,114,44,0
2023-12-11 00:00:00+00:00,0.65788,0.6582,0.65545,0.65601,240,11,0
2023-12-11 04:00:00+00:00,0.65601,0.65668,0.65504,0.65545,240,11,0
2023-12-11 08:00:00+00:00,0.65545,0.65657,0.65509,0.65639,240,11,0
2023-12-11 12:00:00+00:00,0.65638,0.65684,0.65495,0.65631,240,11,0
2023-12-11 16:00:00+00:00,0.65631,0.65711,0.65546,0.65656,240,11,0
2023-12-11 20:00:00+00:00,0.65656,0.65696,0.65627,0.65636,235,11,0
2023-12-12 00:00:00+00:00,0.65637,0.65901,0.65627,0.6588,240,11,0
2023-12-12 04:00:00+00:00,0.65878,0.65992,0.65872,0.65929,240,11,0
2023-12-12 08:00:00+00:00,0.65929,0.65949,0.65816,0.65887,240,11,0
2023-12-12 12:00:00+00:00,0.65888,0.66114,0.65389,0.65591,240,11,0
2023-12-12 16:00:00+00:00,0.65591,0.65654,0.65479,0.65549,240,11,0
2023-12-12 20:00:00+00:00,0.65548,0.65646,0.65513,0.65633,236,11,0
2023-12-13 00:00:00+00:00,0.65635,0.65666,0.6548,0.65524,240,11,0
2023-12-13 04:00:00+00:00,0.65521,0.65597,0.65411,0.65517,240,11,0
2023-12-13 08:00:00+00:00,0.65515,0.65576,0.65485,0.65558,240,11,0
2023-12-13 12:00:00+00:00,0.65558,0.65843,0.65521,0.65826,240,11,0
2023-12-13 16:00:00+00:00,0.65823,0.66718,0.65658,0.66644,240,11,0
2023-12-13 20:00:00+00:00,0.66644,0.66727,0.66514,0.66644,236,11,0
2023-12-14 00:00:00+00:00,0.66647,0.67279,0.66615,0.67139,240,11,0
2023-12-14 04:00:00+00:00,0.6714,0.67256,0.67026,0.67089,240,11,0
2023-12-14 08:00:00+00:00,0.67087,0.6719,0.66897,0.6712,240,11,0
2023-12-14 12:00:00+00:00,0.67119,0.67207,0.66817,0.66986,240,11,0
2023-12-14 16:00:00+00:00,0.66987,0.6719,0.6689,0.66972,240,11,0
2023-12-14 20:00:00+00:00,0.66972,0.67016,0.66926,0.67012,236,11,0
2023-12-15 00:00:00+00:00,0.67012,0.67185,0.66944,0.67163,240,11,0
2023-12-15 04:00:00+00:00,0.67165,0.67237,0.66935,0.67092,240,11,0
2023-12-15 08:00:00+00:00,0.67092,0.67251,0.67064,0.67164,240,11,0
2023-12-15 12:00:00+00:00,0.67163,0.67226,0.66628,0.67194,240,11,0
2023-12-15 16:00:00+00:00,0.67195,0.67278,0.66925,0.67055,240,11,0
2023-12-15 20:00:00+00:00,0.67055,0.67166,0.66992,0.67022,119,11,0
2023-12-17 20:00:00+00:00,0.66917,0.66996,0.66883,0.66968,115,45,0
2023-12-18 00:00:00+00:00,0.6698,0.67192,0.66925,0.67158,240,11,0
2023-12-18 04:00:00+00:00,0.67158,0.67269,0.67065,0.67206,240,11,0
2023-12-18 08:00:00+00:00,0.67206,0.67347,0.67136,0.67236,240,11,0
2023-12-18 12:00:00+00:00,0.67239,0.67325,0.66898,0.6693,240,11,0
2023-12-18 16:00:00+00:00,0.66933,0.67043,0.66909,0.67009,240,11,0
2023-12-18 20:00:00+00:00,0.67006,0.67064,0.66973,0.6703,236,11,0
2023-12-19 00:00:00+00:00,0.67032,0.6727,0.67025,0.67178,240,11,0
2023-12-19 04:00:00+00:00,0.67176,0.67262,0.67063,0.6712,240,11,0
2023-12-19 08:00:00+00:00,0.6712,0.67344,0.67112,0.67322,240,11,0
2023-12-19 12:00:00+00:00,0.67322,0.6774,0.67308,0.67628,240,11,0
2023-12-19 16:00:00+00:00,0.67627,0.67678,0.67564,0.67593,240,11,0
2023-12-19 20:00:00+00:00,0.67591,0.67634,0.6756,0.67577,236,11,0
2023-12-20 00:00:00+00:00,0.67577,0.67723,0.6748,0.67687,240,11,0
2023-12-20 04:00:00+00:00,0.67684,0.67759,0.67617,0.67669,240,11,0
2023-12-20 08:00:00+00:00,0.67671,0.67763,0.67591,0.677,240,11,0
2023-12-20 12:00:00+00:00,0.67699,0.67784,0.67567,0.6771,240,11,0
2023-12-20 16:00:00+00:00,0.67711,0.67739,0.67411,0.67463,240,11,0
2023-12-20 20:00:00+00:00,0.67465,0.67465,0.67232,0.67388,236,11,0
2023-12-21 00:00:00+00:00,0.67393,0.67498,0.67355,0.67492,240,11,0
2023-12-21 04:00:00+00:00,0.6749,0.67527,0.67398,0.67442,240,11,0
2023-12-21 08:00:00+00:00,0.67443,0.67573,0.67383,0.67557,240,11,0
2023-12-21 12:00:00+00:00,0.67557,0.67906,0.67544,0.6785,240,11,0
2023-12-21 16:00:00+00:00,0.67849,0.67999,0.67725,0.67987,240,11,0
2023-12-21 20:00:00+00:00,0.67986,0.68033,0.67922,0.67958,236,11,0
2023-12-22 00:00:00+00:00,0.67959,0.67986,0.67747,0.67761,240,11,0
2023-12-22 04:00:00+00:00,0.67762,0.67838,0.67723,0.67816,240,11,0
2023-12-22 08:00:00+00:00,0.67819,0.68099,0.67805,0.68089,240,11,0
2023-12-22 12:00:00+00:00,0.6809,0.68244,0.67891,0.68041,240,11,0
2023-12-22 16:00:00+00:00,0.68042,0.68096,0.67909,0.68025,240,11,0
2023-12-22 20:00:00+00:00,0.68025,0.68044,0.67965,0.67996,119,11,0
2023-12-25 20:00:00+00:00,0.6788,0.6803,0.67724,0.67986,109,121,0
2023-12-26 00:00:00+00:00,0.67982,0.68125,0.67943,0.68124,240,57,0
2023-12-26 04:00:00+00:00,0.68124,0.68147,0.68014,0.68021,240,57,0
2023-12-26 08:00:00+00:00,0.68021,0.68065,0.67948,0.68049,240,44,0
2023-12-26 12:00:00+00:00,0.68049,0.68191,0.6803,0.68064,240,14,0
2023-12-26 16:00:00+00:00,0.68062,0.68233,0.68054,0.68232,240,14,0
2023-12-26 20:00:00+00:00,0.68232,0.68284,0.68178,0.68232,236,14,0
2023-12-27 00:00:00+00:00,0.68234,0.68352,0.68174,0.6832,240,14,0
2023-12-27 04:00:00+00:00,0.6832,0.68397,0.68251,0.68281,240,14,0
2023-12-27 08:00:00+00:00,0.68283,0.6841,0.68239,0.68395,240,14,0
2023-12-27 12:00:00+00:00,0.68396,0.68494,0.68316,0.68494,240,14,0
2023-12-27 16:00:00+00:00,0.68491,0.6851,0.68362,0.68411,240,14,0
2023-12-27 20:00:00+00:00,0.68412,0.68533,0.68407,0.68519,236,14,0
2023-12-28 00:00:00+00:00,0.6852,0.68704,0.68489,0.68586,240,14,0
2023-12-28 04:00:00+00:00,0.68586,0.68586,0.68367,0.68514,240,14,0
2023-12-28 08:00:00+00:00,0.68516,0.68528,0.68237,0.68368,240,14,0
2023-12-28 12:00:00+00:00,0.68368,0.68642,0.68243,0.686,240,14,0
2023-12-28 16:00:00+00:00,0.68601,0.68602,0.68276,0.68333,240,14,0
2023-12-28 20:00:00+00:00,0.68332,0.68377,0.68218,0.6825,236,14,0
2023-12-29 00:00:00+00:00,0.68251,0.68456,0.6825,0.68373,240,14,0
2023-12-29 04:00:00+00:00,0.68373,0.68453,0.68319,0.68325,240,14,0
2023-12-29 08:00:00+00:00,0.68325,0.68351,0.67948,0.67994,240,14,0
2023-12-29 12:00:00+00:00,0.67994,0.68293,0.67805,0.68225,240,14,0
2023-12-29 16:00:00+00:00,0.68226,0.6838,0.68078,0.68134,240,14,0
2023-12-29 20:00:00+00:00,0.68137,0.68185,0.68082,0.68104,119,14,0
2024-01-01 20:00:00+00:00,0.67931,0.6806,0.67861,0.68035,114,121,0
2024-01-02 00:00:00+00:00,0.68035,0.6818,0.67976,0.68127,240,37,0
2024-01-02 04:00:00+00:00,0.68127,0.68372,0.68114,0.68178,240,37,0
2024-01-02 08:00:00+00:00,0.68179,0.68319,0.67951,0.67995,240,14,0
2024-01-02 12:00:00+00:00,0.67995,0.68001,0.67612,0.67673,240,14,0
2024-01-02 16:00:00+00:00,0.67673,0.67795,0.67599,0.67602,240,14,0
2024-01-02 20:00:00+00:00,0.67602,0.67656,0.67548,0.67653,236,14,0
2024-01-03 00:00:00+00:00,0.67659,0.677,0.67503,0.67654,240,14,0
2024-01-03 04:00:00+00:00,0.67654,0.67699,0.67544,0.67567,240,14,0
2024-01-03 08:00:00+00:00,0.67568,0.67598,0.67276,0.67286,240,14,0
2024-01-03 12:00:00+00:00,0.67288,0.67386,0.67015,0.67113,240,11,0
2024-01-03 16:00:00+00:00,0.67112,0.67367,0.67063,0.6729,240,14,0
2024-01-03 20:00:00+00:00,0.67289,0.67339,0.67215,0.67337,236,14,0
2024-01-04 00:00:00+00:00,0.6734,0.6746,0.67203,0.67383,240,14,0
2024-01-04 04:00:00+00:00,0.67381,0.67591,0.67351,0.67533,240,14,0
2024-01-04 08:00:00+00:00,0.67535,0.67552,0.67265,0.6728,240,14,0
2024-01-04 12:00:00+00:00,0.6728,0.67317,0.66967,0.67097,240,14,0
2024-01-04 16:00:00+00:00,0.67099,0.67161,0.6696,0.67028,240,14,0
2024-01-04 20:00:00+00:00,0.67029,0.67072,0.66999,0.6705,236,14,0
2024-01-05 00:00:00+00:00,0.67053,0.67178,0.66982,0.67019,240,14,0
2024-01-05 04:00:00+00:00,0.67019,0.67085,0.66888,0.66978,240,14,0
2024-01-05 08:00:00+00:00,0.66976,0.67023,0.66755,0.668,240,14,0
2024-01-05 12:00:00+00:00,0.66801,0.67473,0.66399,0.67341,240,14,0
2024-01-05 16:00:00+00:00,0.67341,0.67358,0.67045,0.67134,240,14,0
2024-01-05 20:00:00+00:00,0.67134,0.67173,0.67103,0.67156,119,14,0
2024-01-07 20:00:00+00:00,0.67104,0.67145,0.67052,0.67136,115,37,0
2024-01-08 00:00:00+00:00,0.67152,0.67339,0.66996,0.67016,240,14,0
2024-01-08 04:00:00+00:00,0.67018,0.67142,0.66934,0.6703,240,14,0
2024-01-08 08:00:00+00:00,0.6703,0.6703,0.66811,0.6683,240,14,0
2024-01-08 12:00:00+00:00,0.66832,0.67119,0.66768,0.67084,240,14,0
2024-01-08 16:00:00+00:00,0.67086,0.67222,0.67046,0.67218,240,14,0
2024-01-08 20:00:00+00:00,0.67218,0.6722,0.67143,0.67157,235,14,0
2024-01-09 00:00:00+00:00,0.67159,0.67339,0.67148,0.67244,240,14,0
2024-01-09 04:00:00+00:00,0.67244,0.67244,0.66995,0.67064,240,14,0
2024-01-09 08:00:00+00:00,0.67065,0.67129,0.66872,0.66906,240,14,0
2024-01-09 12:00:00+00:00,0.66908,0.6701,0.6681,0.66825,240,14,0
2024-01-09 16:00:00+00:00,0.66824,0.66916,0.66766,0.66835,240,14,0
2024-01-09 20:00:00+00:00,0.66835,0.66881,0.66793,0.66836,236,14,0
2024-01-10 00:00:00+00:00,0.66837,0.67074,0.66822,0.67006,240,14,0
2024-01-10 04:00:00+00:00,0.67005,0.67053,0.66902,0.67,240,14,0
2024-01-10 08:00:00+00:00,0.67,0.67122,0.66946,0.67045,240,14,0
2024-01-10 12:00:00+00:00,0.67045,0.67111,0.66859,0.66955,240,14,0
2024-01-10 16:00:00+00:00,0.66956,0.67006,0.66854,0.66998,240,14,0
2024-01-10 20:00:00+00:00,0.66999,0.6703,0.66932,0.67012,236,14,0
2024-01-11 00:00:00+00:00,0.67013,0.67244,0.67,0.67224,240,14,0
2024-01-11 04:00:00+00:00,0.67223,0.6725,0.67127,0.67149,240,14,0
2024-01-11 08:00:00+00:00,0.67147,0.672,0.67039,0.67098,240,14,0
2024-01-11 12:00:00+00:00,0.67099,0.67258,0.66483,0.666,240,14,0
2024-01-11 16:00:00+00:00,0.66599,0.66877,0.66465,0.66862,240,14,0
2024-01-11 20:00:00+00:00,0.66862,0.6698,0.66747,0.66979,236,14,0
2024-01-12 00:00:00+00:00,0.66984,0.67133,0.66925,0.67074,240,14,0
2024-01-12 04:00:00+00:00,0.67074,0.67075,0.66914,0.66962,240,14,0
2024-01-12 08:00:00+00:00,0.6696,0.67105,0.66779,0.6686,240,14,0
2024-01-12 12:00:00+00:00,0.6686,0.6728,0.66774,0.66992,240,14,0
2024-01-12 16:00:00+00:00,0.66992,0.67073,0.66817,0.6687,240,14,0
2024-01-12 20:00:00+00:00,0.6687,0.6688,0.66822,0.66853,119,14,0
2024-01-14 20:00:00+00:00,0.66789,0.66887,0.6675,0.66865,112,45,0
2024-01-15 00:00:00+00:00,0.66885,0.67037,0.66803,0.66948,240,14,0
2024-01-15 04:00:00+00:00,0.66947,0.66948,0.66666,0.66692,240,14,0
2024-01-15 08:00:00+00:00,0.66692,0.66738,0.66514,0.66625,240,14,0
2024-01-15 12:00:00+00:00,0.66622,0.66638,0.66496,0.66599,240,14,0
2024-01-15 16:00:00+00:00,0.66599,0.66621,0.66559,0.66568,240,14,0
2024-01-15 20:00:00+00:00,0.66568,0.66601,0.66491,0.66495,236,14,0
2024-01-16 00:00:00+00:00,0.66497,0.66501,0.66105,0.66124,240,14,0
2024-01-16 04:00:00+00:00,0.66124,0.66241,0.66091,0.66169,240,14,0
2024-01-16 08:00:00+00:00,0.66168,0.66321,0.65946,0.66038,240,14,0
2024-01-16 12:00:00+00:00,0.66039,0.66167,0.65902,0.66012,240,14,0
2024-01-16 16:00:00+00:00,0.66012,0.66084,0.65756,0.65839,240,14,0
2024-01-16 20:00:00+00:00,0.65842,0.65883,0.65802,0.65879,235,14,0
2024-01-17 00:00:00+00:00,0.65881,0.65939,0.65669,0.65694,240,14,0
2024-01-17 04:00:00+00:00,0.65693,0.65731,0.65471,0.65531,240,14,0
2024-01-17 08:00:00+00:00,0.6553,0.65636,0.65343,0.65559,240,14,0
2024-01-17 12:00:00+00:00,0.6556,0.65648,0.65245,0.65292,240,14,0
2024-01-17 16:00:00+00:00,0.65291,0.65459,0.65287,0.65414,240,14,0
2024-01-17 20:00:00+00:00,0.65414,0.65516,0.65397,0.6551,236,14,0
2024-01-18 00:00:00+00:00,0.65511,0.65663,0.65254,0.65607,240,14,0
2024-01-18 04:00:00+00:00,0.65606,0.65666,0.65477,0.65578,240,14,0
2024-01-18 08:00:00+00:00,0.6558,0.65696,0.65485,0.6568,240,14,0
2024-01-18 12:00:00+00:00,0.65683,0.65738,0.65432,0.65559,240,14,0
2024-01-18 16:00:00+00:00,0.6556,0.65671,0.6552,0.65589,240,14,0
2024-01-18 20:00:00+00:00,0.6559,0.65811,0.6559,0.65805,236,14,0
2024-01-19 00:00:00+00:00,0.65809,0.65881,0.65749,0.6583,240,14,0
2024-01-19 04:00:00+00:00,0.6583,0.65844,0.65648,0.65793,240,14,0
2024-01-19 08:00:00+00:00,0.65792,0.66007,0.65734,0.65983,240,14,0
2024-01-19 12:00:00+00:00,0.65983,0.66003,0.65706,0.65833,240,14,0
2024-01-19 16:00:00+00:00,0.65832,0.65957,0.65756,0.65953,240,14,0
2024-01-19 20:00:00+00:00,0.65953,0.65982,0.65936,0.65961,119,14,0
2024-01-21 20:00:00+00:00,0.65807,0.65974,0.65807,0.65927,115,44,0
2024-01-22 00:00:00+00:00,0.65944,0.6613,0.65908,0.65952,240,14,0
2024-01-22 04:00:00+00:00,0.65953,0.65978,0.65815,0.65907,240,14,0
2024-01-22 08:00:00+00:00,0.65905,0.65939,0.65803,0.65895,240,14,0
2024-01-22 12:00:00+00:00,0.65893,0.65973,0.65811,0.65889,240,14,0
2024-01-22 16:00:00+00:00,0.65888,0.65896,0.65671,0.65717,240,14,0
2024-01-22 20:00:00+00:00,0.65717,0.65727,0.65633,0.65699,235,14,0
2024-01-23 00:00:00+00:00,0.657,0.66002,0.65691,0.65947,240,14,0
2024-01-23 04:00:00+00:00,0.65947,0.66115,0.65919,0.65983,240,14,0
2024-01-23 08:00:00+00:00,0.65984,0.65993,0.65753,0.65773,240,14,0
2024-01-23 12:00:00+00:00,0.65775,0.6599,0.65613,0.65638,240,14,0
2024-01-23 16:00:00+00:00,0.6564,0.65732,0.65511,0.65702,240,14,0
2024-01-23 20:00:00+00:00,0.65704,0.65846,0.65683,0.65846,235,14,0
2024-01-24 00:00:00+00:00,0.65853,0.65853,0.65655,0.65688,240,14,0
2024-01-24 04:00:00+00:00,0.65688,0.6589,0.65655,0.65841,240,14,0
2024-01-24 08:00:00+00:00,0.65843,0.66084,0.65843,0.65978,240,14,0
2024-01-24 12:00:00+00:00,0.65978,0.66201,0.65911,0.66028,240,14,0
2024-01-24 16:00:00+00:00,0.66028,0.66082,0.65755,0.65799,240,14,0
2024-01-24 20:00:00+00:00,0.65799,0.65829,0.65728,0.65749,235,14,0
2024-01-25 00:00:00+00:00,0.65752,0.65786,0.65656,0.65762,240,14,0
2024-01-25 04:00:00+00:00,0.65762,0.65842,0.65708,0.65821,240,14,0
2024-01-25 08:00:00+00:00,0.65817,0.65913,0.65701,0.65909,240,14,0
2024-01-25 12:00:00+00:00,0.6591,0.66088,0.65746,0.65811,240,14,0
2024-01-25 16:00:00+00:00,0.6581,0.6586,0.65699,0.65808,240,14,0
2024-01-25 20:00:00+00:00,0.65809,0.65855,0.65777,0.65813,239,14,0
2024-01-26 00:00:00+00:00,0.65811,0.65931,0.65756,0.65914,240,14,0
2024-01-26 04:00:00+00:00,0.65913,0.6596,0.65763,0.65817,240,14,0
2024-01-26 08:00:00+00:00,0.65819,0.6601,0.65777,0.6597,240,14,0
2024-01-26 12:00:00+00:00,0.65971,0.66087,0.65862,0.65899,240,14,0
2024-01-26 16:00:00+00:00,0.65899,0.65915,0.65761,0.65813,240,14,0
2024-01-26 20:00:00+00:00,0.65813,0.65829,0.65756,0.65758,118,14,0
2024-01-28 20:00:00+00:00,0.65673,0.65801,0.65651,0.65758,115,43,0
2024-01-29 00:00:00+00:00,0.65769,0.65941,0.65728,0.65903,240,14,0
2024-01-29 04:00:00+00:00,0.65903,0.66032,0.65865,0.65983,240,14,0
2024-01-29 08:00:00+00:00,0.65984,0.66051,0.65931,0.65988,240,14,0
2024-01-29 12:00:00+00:00,0.65988,0.66041,0.65808,0.65913,240,14,0
2024-01-29 16:00:00+00:00,0.65913,0.65997,0.65879,0.65976,240,14,0
2024-01-29 20:00:00+00:00,0.65979,0.66151,0.65978,0.66125,237,14,0
2024-01-30 00:00:00+00:00,0.66128,0.66238,0.66078,0.66086,240,14,0
2024-01-30 04:00:00+00:00,0.66084,0.66177,0.66058,0.66131,240,14,0
2024-01-30 08:00:00+00:00,0.66133,0.66148,0.65939,0.65939,240,14,0
2024-01-30 12:00:00+00:00,0.65939,0.66022,0.65745,0.65793,240,14,0
2024-01-30 16:00:00+00:00,0.65793,0.6605,0.65763,0.66041,240,14,0
2024-01-30 20:00:00+00:00,0.66041,0.66051,0.65933,0.6594,240,14,0
2024-01-31 00:00:00+00:00,0.6594,0.65986,0.65587,0.65688,240,14,0
2024-01-31 04:00:00+00:00,0.65686,0.65741,0.65604,0.65724,240,14,0
2024-01-31 08:00:00+00:00,0.65724,0.65899,0.65724,0.65786,240,14,0
2024-01-31 12:00:00+00:00,0.65787,0.66218,0.65768,0.66111,240,14,0
2024-01-31 16:00:00+00:00,0.66109,0.66173,0.65735,0.65957,240,14,0
2024-01-31 20:00:00+00:00,0.65955,0.65963,0.65509,0.65623,240,14,0
2024-02-01 00:00:00+00:00,0.65624,0.65782,0.65591,0.65659,240,14,0
2024-02-01 04:00:00+00:00,0.6566,0.65669,0.65202,0.65325,240,14,0
2024-02-01 08:00:00+00:00,0.65324,0.65333,0.65075,0.65176,240,14,0
2024-02-01 12:00:00+00:00,0.65175,0.65454,0.65118,0.65433,240,14,0
2024-02-01 16:00:00+00:00,0.65433,0.65738,0.65433,0.65714,240,14,0
2024-02-01 20:00:00+00:00,0.65714,0.6576,0.65673,0.65734,240,14,0
2024-02-02 00:00:00+00:00,0.65736,0.65989,0.65736,0.65937,240,14,0
2024-02-02 04:00:00+00:00,0.65937,0.65997,0.65865,0.65895,240,14,0
2024-02-02 08:00:00+00:00,0.65895,0.66075,0.65885,0.66047,240,14,0
2024-02-02 12:00:00+00:00,0.66049,0.66095,0.65065,0.65187,240,14,0
2024-02-02 16:00:00+00:00,0.65189,0.65189,0.65018,0.65161,240,14,0
2024-02-02 20:00:00+00:00,0.65161,0.65178,0.65105,0.65105,119,14,0
2024-02-04 20:00:00+00:00,0.65034,0.65117,0.64827,0.65023,114,43,0
2024-02-05 00:00:00+00:00,0.65023,0.65088,0.64855,0.65048,240,14,0
2024-02-05 04:00:00+00:00,0.65045,0.65193,0.65002,0.65127,240,14,0
2024-02-05 08:00:00+00:00,0.65127,0.65149,0.64956,0.65016,240,14,0
2024-02-05 12:00:00+00:00,0.65015,0.65015,0.64683,0.64718,240,14,0
2024-02-05 16:00:00+00:00,0.64722,0.64896,0.64707,0.6481,240,14,0
2024-02-05 20:00:00+00:00,0.64809,0.64838,0.64771,0.64791,239,14,0
2024-02-06 00:00:00+00:00,0.64797,0.65074,0.64792,0.64995,240,14,0
2024-02-06 04:00:00+00:00,0.64994,0.65202,0.64972,0.65071,240,14,0
2024-02-06 08:00:00+00:00,0.6507,0.65083,0.64869,0.64955,240,14,0
2024-02-06 12:00:00+00:00,0.64951,0.65133,0.64876,0.65118,240,14,0
2024-02-06 16:00:00+00:00,0.65118,0.65242,0.65069,0.65171,240,14,0
2024-02-06 20:00:00+00:00,0.65172,0.65279,0.65172,0.65276,239,14,0
2024-02-07 00:00:00+00:00,0.65273,0.65393,0.65248,0.65289,240,14,0
2024-02-07 04:00:00+00:00,0.65288,0.65366,0.65244,0.65288,240,14,0
2024-02-07 08:00:00+00:00,0.65289,0.65324,0.65167,0.65264,240,14,0
2024-02-07 12:00:00+00:00,0.65264,0.65334,0.65194,0.65286,240,14,0
2024-02-07 16:00:00+00:00,0.65284,0.65289,0.65149,0.65176,240,14,0
2024-02-07 20:00:00+00:00,0.65176,0.65264,0.65165,0.65205,237,14,0
2024-02-08 00:00:00+00:00,0.65199,0.65311,0.65195,0.65243,240,14,0
2024-02-08 04:00:00+00:00,0.65243,0.65277,0.65145,0.65207,240,14,0
2024-02-08 08:00:00+00:00,0.65207,0.65211,0.64932,0.64965,240,14,0
2024-02-08 12:00:00+00:00,0.64965,0.64988,0.64799,0.64854,240,14,0
2024-02-08 16:00:00+00:00,0.64857,0.64968,0.64813,0.64879,240,14,0
2024-02-08 20:00:00+00:00,0.64879,0.64971,0.6487,0.64971,239,14,0
2024-02-09 00:00:00+00:00,0.64979,0.64987,0.64868,0.64922,240,14,0
2024-02-09 04:00:00+00:00,0.64924,0.6507,0.649,0.65043,240,14,0
2024-02-09 08:00:00+00:00,0.65042,0.65119,0.64986,0.65106,240,14,0
2024-02-09 12:00:00+00:00,0.65104,0.65332,0.65072,0.65194,240,14,0
2024-02-09 16:00:00+00:00,0.65195,0.65238,0.65127,0.65199,240,14,0
2024-02-09 20:00:00+00:00,0.65198,0.65263,0.65187,0.65231,118,14,0
2024-02-11 20:00:00+00:00,0.65128,0.6524,0.65035,0.65229,114,43,0
2024-02-12 00:00:00+00:00,0.65242,0.65293,0.65148,0.65188,240,14,0
2024-02-12 04:00:00+00:00,0.65188,0.65303,0.65154,0.65254,240,14,0
2024-02-12 08:00:00+00:00,0.65252,0.65252,0.65119,0.65219,240,14,0
2024-02-12 12:00:00+00:00,0.65219,0.653,0.65172,0.65294,240,14,0
2024-02-12 16:00:00+00:00,0.65294,0.65423,0.65248,0.65272,240,14,0
2024-02-12 20:00:00+00:00,0.65272,0.65315,0.6526,0.65283,239,14,0
2024-02-13 00:00:00+00:00,0.65283,0.65303,0.65165,0.6518,240,14,0
2024-02-13 04:00:00+00:00,0.65179,0.6523,0.65132,0.65193,240,14,0
2024-02-13 08:00:00+00:00,0.65194,0.65242,0.65088,0.65201,240,14,0
2024-02-13 12:00:00+00:00,0.65203,0.65384,0.64524,0.64596,240,14,0
2024-02-13 16:00:00+00:00,0.64598,0.64638,0.64421,0.64433,240,14,0
2024-02-13 20:00:00+00:00,0.64431,0.64546,0.6443,0.64511,239,14,0
2024-02-14 00:00:00+00:00,0.64526,0.64627,0.64457,0.64597,240,14,0
2024-02-14 04:00:00+00:00,0.64597,0.64799,0.64592,0.64752,240,14,0
2024-02-14 08:00:00+00:00,0.64752,0.64795,0.64673,0.64761,240,14,0
2024-02-14 12:00:00+00:00,0.64761,0.64871,0.64719,0.64857,240,14,0
2024-02-14 16:00:00+00:00,0.64857,0.64946,0.64828,0.64895,240,14,0
2024-02-14 20:00:00+00:00,0.64896,0.64979,0.64881,0.64977,239,14,0
2024-02-15 00:00:00+00:00,0.64982,0.65006,0.64772,0.6484,240,14,0
2024-02-15 04:00:00+00:00,0.6484,0.64993,0.64822,0.64925,240,14,0
2024-02-15 08:00:00+00:00,0.64925,0.65036,0.64919,0.64994,240,14,0
2024-02-15 12:00:00+00:00,0.64994,0.65287,0.64977,0.65161,240,14,0
2024-02-15 16:00:00+00:00,0.65159,0.6523,0.65039,0.65217,240,14,0
2024-02-15 20:00:00+00:00,0.65218,0.65276,0.65185,0.65242,239,14,0
2024-02-16 00:00:00+00:00,0.65243,0.65249,0.65067,0.65135,240,14,0
2024-02-16 04:00:00+00:00,0.65135,0.65284,0.65103,0.65224,240,14,0
2024-02-16 08:00:00+00:00,0.65224,0.65257,0.65165,0.65247,240,14,0
2024-02-16 12:00:00+00:00,0.65247,0.65291,0.64959,0.65253,240,14,0
2024-02-16 16:00:00+00:00,0.65255,0.65441,0.65248,0.65329,240,14,0
2024-02-16 20:00:00+00:00,0.65329,0.65348,0.65301,0.65309,118,14,0
2024-02-18 20:00:00+00:00,0.65238,0.65353,0.65188,0.65327,114,43,0
2024-02-19 00:00:00+00:00,0.6536,0.6551,0.65357,0.65366,240,14,0
2024-02-19 04:00:00+00:00,0.65366,0.65467,0.65354,0.6542,240,14,0
2024-02-19 08:00:00+00:00,0.6542,0.65445,0.65357,0.65359,240,14,0
2024-02-19 12:00:00+00:00,0.65359,0.65399,0.65335,0.65353,240,14,0
2024-02-19 16:00:00+00:00,0.65354,0.65388,0.65329,0.65379,240,14,0
2024-02-19 20:00:00+00:00,0.65379,0.65411,0.65278,0.65305,239,14,0
2024-02-20 00:00:00+00:00,0.653,0.65356,0.65208,0.65262,240,14,0
2024-02-20 04:00:00+00:00,0.65262,0.65362,0.65259,0.65331,240,14,0
2024-02-20 08:00:00+00:00,0.65332,0.65603,0.65305,0.65553,240,14,0
2024-02-20 12:00:00+00:00,0.65554,0.65783,0.6554,0.65674,240,14,0
2024-02-20 16:00:00+00:00,0.65673,0.65688,0.65483,0.65498,240,14,0
2024-02-20 20:00:00+00:00,0.65498,0.65546,0.65456,0.65528,238,14,0
2024-02-21 00:00:00+00:00,0.65527,0.65711,0.65474,0.6569,240,14,0
2024-02-21 04:00:00+00:00,0.65691,0.65724,0.65564,0.65628,240,14,0
2024-02-21 08:00:00+00:00,0.65626,0.65658,0.65493,0.65518,240,14,0
2024-02-21 12:00:00+00:00,0.65518,0.65592,0.65423,0.65426,240,14,0
2024-02-21 16:00:00+00:00,0.65426,0.65514,0.65328,0.65455,240,14,0
2024-02-21 20:00:00+00:00,0.65455,0.65537,0.65406,0.65533,239,14,0
2024-02-22 00:00:00+00:00,0.65533,0.65601,0.65419,0.65488,240,14,0
2024-02-22 04:00:00+00:00,0.65487,0.65902,0.65471,0.65883,240,14,0
2024-02-22 08:00:00+00:00,0.65886,0.65943,0.65776,0.65797,240,14,0
2024-02-22 12:00:00+00:00,0.65798,0.65804,0.65417,0.65447,240,14,0
2024-02-22 16:00:00+00:00,0.65449,0.65551,0.65397,0.6554,240,14,0
2024-02-22 20:00:00+00:00,0.65539,0.65613,0.65514,0.6558,239,14,0
2024-02-23 00:00:00+00:00,0.65581,0.65733,0.65493,0.65687,240,14,0
2024-02-23 04:00:00+00:00,0.65687,0.65753,0.65648,0.6574,240,14,0
2024-02-23 08:00:00+00:00,0.6574,0.6579,0.65506,0.65657,240,14,0
2024-02-23 12:00:00+00:00,0.65657,0.65795,0.65566,0.65595,240,14,0
2024-02-23 16:00:00+00:00,0.65594,0.65676,0.65538,0.65645,240,14,0
2024-02-23 20:00:00+00:00,0.65645,0.65647,0.65581,0.65631,118,14,0
2024-02-25 20:00:00+00:00,0.65478,0.65644,0.65478,0.65617,114,43,0
2024-02-26 00:00:00+00:00,0.65629,0.65647,0.65488,0.65513,240,14,0
2024-02-26 04:00:00+00:00,0.65513,0.65581,0.65496,0.65513,240,14,0
2024-02-26 08:00:00+00:00,0.65514,0.65535,0.6541,0.655,240,14,0
2024-02-26 12:00:00+00:00,0.65502,0.65577,0.65326,0.65387,240,14,0
2024-02-26 16:00:00+00:00,0.65387,0.6539,0.65302,0.65351,240,14,0
2024-02-26 20:00:00+00:00,0.65351,0.65417,0.65336,0.65387,237,14,0
2024-02-27 00:00:00+00:00,0.65388,0.65388,0.65246,0.65376,240,14,0
2024-02-27 04:00:00+00:00,0.65376,0.65544,0.65376,0.65516,240,14,0
2024-02-27 08:00:00+00:00,0.65519,0.6557,0.65435,0.65485,240,14,0
2024-02-27 12:00:00+00:00,0.65485,0.65566,0.65311,0.65449,240,14,0
2024-02-27 16:00:00+00:00,0.65449,0.65512,0.65382,0.65422,240,14,0
2024-02-27 20:00:00+00:00,0.65423,0.65467,0.65405,0.65428,239,14,0
2024-02-28 00:00:00+00:00,0.65429,0.65489,0.65195,0.65214,240,14,0
2024-02-28 04:00:00+00:00,0.65214,0.65226,0.65058,0.65079,240,14,0
2024-02-28 08:00:00+00:00,0.6508,0.65086,0.64896,0.65001,240,14,0
2024-02-28 12:00:00+00:00,0.64999,0.65028,0.64903,0.64933,240,14,0
2024-02-28 16:00:00+00:00,0.64933,0.6499,0.64879,0.64926,240,14,0
2024-02-28 20:00:00+00:00,0.64927,0.6497,0.6491,0.64937,239,14,0
2024-02-29 00:00:00+00:00,0.6494,0.65183,0.64899,0.6515,240,14,0
2024-02-29 04:00:00+00:00,0.6515,0.65209,0.65066,0.65127,240,14,0
2024-02-29 08:00:00+00:00,0.65125,0.65135,0.64934,0.64981,240,14,0
2024-02-29 12:00:00+00:00,0.6498,0.65301,0.64862,0.65108,240,14,0
2024-02-29 16:00:00+00:00,0.65108,0.65123,0.64908,0.64936,240,14,0
2024-02-29 20:00:00+00:00,0.64934,0.64998,0.64932,0.64978,239,14,0
2024-03-01 00:00:00+00:00,0.64996,0.65132,0.64963,0.65128,240,14,0
2024-03-01 04:00:00+00:00,0.65128,0.65136,0.65016,0.65018,240,14,0
2024-03-01 08:00:00+00:00,0.65019,0.65089,0.64897,0.6507,240,14,0
2024-03-01 12:00:00+00:00,0.6507,0.65321,0.6489,0.65316,240,14,0
2024-03-01 16:00:00+00:00,0.65317,0.65331,0.65234,0.65301,240,14,0
2024-03-01 20:00:00+00:00,0.653,0.65301,0.65242,0.65246,118,14,0
2024-03-03 20:00:00+00:00,0.65181,0.65278,0.65117,0.65251,114,43,0
2024-03-04 00:00:00+00:00,0.65267,0.65345,0.65186,0.65222,240,14,0
2024-03-04 04:00:00+00:00,0.65222,0.65259,0.65154,0.65246,240,14,0
2024-03-04 08:00:00+00:00,0.65248,0.65269,0.65146,0.65219,240,14,0
2024-03-04 12:00:00+00:00,0.65219,0.65239,0.65087,0.65177,240,14,0
2024-03-04 16:00:00+00:00,0.65179,0.65224,0.65074,0.65095,240,14,0
2024-03-04 20:00:00+00:00,0.65096,0.65117,0.65026,0.65067,239,14,0
2024-03-05 00:00:00+00:00,0.65063,0.65106,0.64972,0.65021,240,14,0
2024-03-05 04:00:00+00:00,0.65023,0.65033,0.64767,0.64837,240,14,0
2024-03-05 08:00:00+00:00,0.64839,0.64957,0.64781,0.64918,240,14,0
2024-03-05 12:00:00+00:00,0.64919,0.65198,0.64873,0.65198,240,14,0
2024-03-05 16:00:00+00:00,0.65199,0.65201,0.65005,0.65026,240,14,0
2024-03-05 20:00:00+00:00,0.65026,0.65063,0.64995,0.65039,239,14,0
2024-03-06 00:00:00+00:00,0.65032,0.65139,0.64921,0.65137,240,14,0
2024-03-06 04:00:00+00:00,0.65138,0.65244,0.65114,0.65175,240,14,0
2024-03-06 08:00:00+00:00,0.65174,0.65259,0.65119,0.65252,240,14,0
2024-03-06 12:00:00+00:00,0.65253,0.65683,0.65194,0.65649,240,14,0
2024-03-06 16:00:00+00:00,0.65646,0.65808,0.65606,0.65655,240,14,0
2024-03-06 20:00:00+00:00,0.65651,0.65664,0.65601,0.65658,238,14,0
2024-03-07 00:00:00+00:00,0.65659,0.6583,0.65634,0.6581,240,14,0
2024-03-07 04:00:00+00:00,0.6581,0.65891,0.65734,0.65886,240,14,0
2024-03-07 08:00:00+00:00,0.65885,0.66075,0.65822,0.66033,240,14,0
2024-03-07 12:00:00+00:00,0.66033,0.66172,0.6601,0.66156,240,14,0
2024-03-07 16:00:00+00:00,0.66157,0.66236,0.66119,0.66212,240,14,0
2024-03-07 20:00:00+00:00,0.66211,0.66211,0.66151,0.66205,239,14,0
2024-03-08 00:00:00+00:00,0.66209,0.66291,0.66127,0.66261,240,14,0
2024-03-08 04:00:00+00:00,0.66261,0.66361,0.66235,0.66351,240,14,0
2024-03-08 08:00:00+00:00,0.66353,0.66476,0.663,0.66455,240,14,0
2024-03-08 12:00:00+00:00,0.66455,0.66668,0.66208,0.66405,240,14,0
2024-03-08 16:00:00+00:00,0.66405,0.66407,0.66154,0.66246,240,14,0
2024-03-08 20:00:00+00:00,0.66246,0.66268,0.66171,0.66253,118,14,0
2024-03-10 20:00:00+00:00,0.66109,0.66249,0.66109,0.66243,175,14,0
2024-03-11 00:00:00+00:00,0.66243,0.66261,0.66074,0.66113,240,14,0
2024-03-11 04:00:00+00:00,0.66113,0.66184,0.66051,0.66169,240,14,0
2024-03-11 08:00:00+00:00,0.66168,0.662,0.66073,0.66147,240,14,0
2024-03-11 12:00:00+00:00,0.66146,0.66153,0.65963,0.66071,240,14,0
2024-03-11 16:00:00+00:00,0.66069,0.66118,0.66031,0.66098,240,14,0
2024-03-11 20:00:00+00:00,0.66098,0.66146,0.66073,0.66144,238,14,0
2024-03-12 00:00:00+00:00,0.66134,0.66208,0.66088,0.66157,240,14,0
2024-03-12 04:00:00+00:00,0.66156,0.66198,0.66077,0.6618,240,14,0
2024-03-12 08:00:00+00:00,0.6618,0.662,0.66102,0.66138,240,14,0
2024-03-12 12:00:00+00:00,0.66137,0.66379,0.65838,0.65989,240,14,0
2024-03-12 16:00:00+00:00,0.65989,0.66049,0.6591,0.66042,240,14,0
2024-03-12 20:00:00+00:00,0.66042,0.66079,0.66013,0.66067,239,14,0
2024-03-13 00:00:00+00:00,0.66066,0.66156,0.65996,0.66128,240,14,0
2024-03-13 04:00:00+00:00,0.66128,0.66174,0.66066,0.66136,240,14,0
2024-03-13 08:00:00+00:00,0.66137,0.66159,0.6603,0.6612,240,14,0
2024-03-13 12:00:00+00:00,0.6612,0.66238,0.6606,0.66211,240,14,0
2024-03-13 16:00:00+00:00,0.66211,0.66342,0.66189,0.66203,240,14,0
2024-03-13 20:00:00+00:00,0.66204,0.66276,0.66164,0.6627,239,14,0
2024-03-14 00:00:00+00:00,0.66271,0.66309,0.66102,0.66124,240,14,0
2024-03-14 04:00:00+00:00,0.66126,0.66199,0.66091,0.66187,240,14,0
2024-03-14 08:00:00+00:00,0.66187,0.66278,0.66162,0.66234,240,14,0
2024-03-14 12:00:00+00:00,0.66232,0.66289,0.6569,0.6583,240,14,0
2024-03-14 16:00:00+00:00,0.65832,0.65894,0.65733,0.6582,240,14,0
2024-03-14 20:00:00+00:00,0.65823,0.65834,0.6574,0.6578,240,14,0
2024-03-15 00:00:00+00:00,0.65782,0.65788,0.65568,0.65641,240,14,0
2024-03-15 04:00:00+00:00,0.6564,0.6572,0.65578,0.65578,240,14,0
2024-03-15 08:00:00+00:00,0.65578,0.65721,0.65516,0.65679,240,14,0
2024-03-15 12:00:00+00:00,0.65679,0.65734,0.65577,0.65669,240,14,0
2024-03-15 16:00:00+00:00,0.65669,0.65685,0.65549,0.656,240,14,0
2024-03-15 20:00:00+00:00,0.65602,0.65617,0.65593,0.65612,58,14,0
2024-03-17 20:00:00+00:00,0.6556,0.65615,0.65479,0.6557,173,14,0
2024-03-18 00:00:00+00:00,0.6557,0.65684,0.65536,0.65621,240,14,0
2024-03-18 04:00:00+00:00,0.65621,0.65695,0.656,0.65675,240,14,0
2024-03-18 08:00:00+00:00,0.65673,0.65732,0.65639,0.65709,240,14,0
2024-03-18 12:00:00+00:00,0.65709,0.65733,0.65575,0.65603,240,14,0
2024-03-18 16:00:00+00:00,0.65602,0.65603,0.65501,0.65558,240,14,0
2024-03-18 20:00:00+00:00,0.65558,0.65591,0.65532,0.6556,239,14,0
2024-03-19 00:00:00+00:00,0.65567,0.65631,0.65316,0.65403,240,14,0
2024-03-19 04:00:00+00:00,0.65404,0.65429,0.65129,0.65178,240,14,0
2024-03-19 08:00:00+00:00,0.6518,0.6519,0.65035,0.6518,240,14,0
2024-03-19 12:00:00+00:00,0.65181,0.65327,0.65126,0.65274,240,14,0
2024-03-19 16:00:00+00:00,0.65274,0.65355,0.65253,0.65314,240,14,0
2024-03-19 20:00:00+00:00,0.65313,0.65324,0.65244,0.65245,239,14,0
2024-03-20 00:00:00+00:00,0.65247,0.65403,0.6519,0.65357,240,14,0
2024-03-20 04:00:00+00:00,0.65357,0.65359,0.65247,0.65288,240,14,0
2024-03-20 08:00:00+00:00,0.65286,0.65287,0.6511,0.65183,240,14,0
2024-03-20 12:00:00+00:00,0.65183,0.65304,0.65142,0.65275,240,14,0
2024-03-20 16:00:00+00:00,0.65276,0.65854,0.65267,0.65847,240,14,0
2024-03-20 20:00:00+00:00,0.65848,0.65981,0.65777,0.6598,239,14,0
2024-03-21 00:00:00+00:00,0.65983,0.66272,0.65893,0.66228,240,14,0
2024-03-21 04:00:00+00:00,0.66228,0.66338,0.66202,0.6623,240,14,0
2024-03-21 08:00:00+00:00,0.66231,0.66231,0.65965,0.65986,240,14,0
2024-03-21 12:00:00+00:00,0.65988,0.66048,0.65606,0.65683,240,14,0
2024-03-21 16:00:00+00:00,0.65683,0.6573,0.65659,0.65683,240,14,0
2024-03-21 20:00:00+00:00,0.65683,0.65717,0.65665,0.65709,239,14,0
2024-03-22 00:00:00+00:00,0.6571,0.65761,0.6526,0.65261,240,14,0
2024-03-22 04:00:00+00:00,0.65262,0.65319,0.65099,0.65152,240,14,0
2024-03-22 08:00:00+00:00,0.6515,0.65226,0.65096,0.65124,240,14,0
2024-03-22 12:00:00+00:00,0.65126,0.653,0.65123,0.65192,240,14,0
2024-03-22 16:00:00+00:00,0.6519,0.65205,0.65097,0.65119,240,14,0
2024-03-22 20:00:00+00:00,0.65119,0.65145,0.65111,0.65142,58,14,0
2024-03-24 20:00:00+00:00,0.65058,0.6519,0.65008,0.65149,175,14,0
2024-03-25 00:00:00+00:00,0.6515,0.65431,0.65096,0.65267,240,14,0
2024-03-25 04:00:00+00:00,0.65265,0.65296,0.65162,0.65212,240,14,0
2024-03-25 08:00:00+00:00,0.65214,0.65341,0.65199,0.65313,240,14,0
2024-03-25 12:00:00+00:00,0.65313,0.6546,0.65302,0.65361,240,14,0
2024-03-25 16:00:00+00:00,0.65361,0.65398,0.65349,0.65372,240,14,0
2024-03-25 20:00:00+00:00,0.65372,0.65398,0.65347,0.65375,240,14,0
2024-03-26 00:00:00+00:00,0.65375,0.65538,0.65309,0.65341,240,14,0
2024-03-26 04:00:00+00:00,0.65341,0.65463,0.65328,0.6539,240,14,0
2024-03-26 08:00:00+00:00,0.6539,0.65584,0.65348,0.65524,240,14,0
2024-03-26 12:00:00+00:00,0.65526,0.65528,0.6532,0.65356,240,14,0
2024-03-26 16:00:00+00:00,0.65357,0.65395,0.65297,0.653,240,14,0
2024-03-26 20:00:00+00:00,0.65301,0.6538,0.65291,0.65376,250,14,0
2024-03-27 00:00:00+00:00,0.65376,0.65377,0.65108,0.65207,240,14,0
2024-03-27 04:00:00+00:00,0.65207,0.65318,0.65207,0.65264,240,14,0
2024-03-27 08:00:00+00:00,0.65264,0.65312,0.65152,0.65218,240,14,0
2024-03-27 12:00:00+00:00,0.65216,0.65315,0.65131,0.65236,240,14,0
2024-03-27 16:00:00+00:00,0.65236,0.65326,0.65199,0.65324,240,14,0
2024-03-27 20:00:00+00:00,0.65325,0.65341,0.65178,0.65228,250,14,0
2024-03-28 00:00:00+00:00,0.65229,0.65401,0.65149,0.6531,240,14,0
2024-03-28 04:00:00+00:00,0.65309,0.65345,0.65034,0.65051,240,14,0
2024-03-28 08:00:00+00:00,0.65053,0.65061,0.64847,0.64884,240,14,0
2024-03-28 12:00:00+00:00,0.64883,0.65246,0.64875,0.65227,240,14,0
2024-03-28 16:00:00+00:00,0.65226,0.65273,0.65135,0.65156,240,14,0
2024-03-28 20:00:00+00:00,0.65156,0.65173,0.65119,0.65146,239,14,0
2024-03-29 00:00:00+00:00,0.65147,0.65238,0.65091,0.65111,240,14,0
2024-03-29 04:00:00+00:00,0.65111,0.65138,0.65048,0.65086,240,14,0
2024-03-29 08:00:00+00:00,0.65086,0.65139,0.65076,0.65117,240,14,0
2024-03-29 12:00:00+00:00,0.65117,0.65281,0.65069,0.6514,240,43,0
2024-03-29 16:00:00+00:00,0.6514,0.6518,0.65074,0.65131,240,129,0
2024-03-29 20:00:00+00:00,0.65132,0.65154,0.64982,0.65082,58,135,0
2024-03-31 20:00:00+00:00,0.65126,0.65334,0.6511,0.65314,174,14,0
2024-04-01 00:00:00+00:00,0.6533,0.6538,0.65173,0.65256,240,14,0
2024-04-01 04:00:00+00:00,0.65256,0.65272,0.65143,0.65241,240,14,0
2024-04-01 08:00:00+00:00,0.65241,0.65273,0.65143,0.65147,240,14,0
2024-04-01 12:00:00+00:00,0.65147,0.65184,0.64804,0.64824,240,14,0
2024-04-01 16:00:00+00:00,0.64824,0.64875,0.64808,0.64872,240,14,0
2024-04-01 20:00:00+00:00,0.64871,0.64905,0.64825,0.64866,239,14,0
2024-04-02 00:00:00+00:00,0.6487,0.64978,0.64844,0.6487,240,14,0
2024-04-02 04:00:00+00:00,0.6487,0.64986,0.64843,0.64971,240,14,0
2024-04-02 08:00:00+00:00,0.6497,0.65102,0.64964,0.65055,240,14,0
2024-04-02 12:00:00+00:00,0.65055,0.6523,0.64948,0.6512,240,14,0
2024-04-02 16:00:00+00:00,0.6512,0.65152,0.65059,0.6515,240,14,0
2024-04-02 20:00:00+00:00,0.6515,0.65206,0.65119,0.65126,251,14,0
2024-04-03 00:00:00+00:00,0.65125,0.65192,0.65036,0.6519,240,14,0
2024-04-03 04:00:00+00:00,0.65191,0.65244,0.65075,0.65087,240,14,0
2024-04-03 08:00:00+00:00,0.65087,0.6518,0.65029,0.6517,240,14,0
2024-04-03 12:00:00+00:00,0.6517,0.656,0.65102,0.65561,240,14,0
2024-04-03 16:00:00+00:00,0.65561,0.6569,0.65499,0.65615,240,14,0
2024-04-03 20:00:00+00:00,0.65615,0.657,0.65586,0.65673,250,14,0
2024-04-04 00:00:00+00:00,0.65673,0.65817,0.65647,0.65802,240,14,0
2024-04-04 04:00:00+00:00,0.65803,0.6598,0.65799,0.65918,240,14,0
2024-04-04 08:00:00+00:00,0.65919,0.66125,0.65902,0.66015,240,14,0
2024-04-04 12:00:00+00:00,0.66015,0.6618,0.6597,0.66138,240,14,0
2024-04-04 16:00:00+00:00,0.66138,0.66172,0.65789,0.65799,240,14,0
2024-04-04 20:00:00+00:00,0.658,0.65891,0.65798,0.65872,246,14,0
2024-04-05 00:00:00+00:00,0.65871,0.65918,0.65616,0.65699,240,14,0
2024-04-05 04:00:00+00:00,0.657,0.65828,0.65673,0.65812,240,14,0
2024-04-05 08:00:00+00:00,0.6581,0.6588,0.65764,0.65834,240,14,0
2024-04-05 12:00:00+00:00,0.65834,0.65919,0.65487,0.6582,240,14,0
2024-04-05 16:00:00+00:00,0.65824,0.65858,0.65769,0.65796,240,14,0
2024-04-05 20:00:00+00:00,0.65795,0.65816,0.65776,0.65784,58,14,0
2024-04-07 20:00:00+00:00,0.65685,0.6575,0.65612,0.65693,197,14,0
2024-04-08 00:00:00+00:00,0.65693,0.65882,0.6559,0.65749,240,14,0
2024-04-08 04:00:00+00:00,0.65749,0.65869,0.65731,0.65841,240,14,0
2024-04-08 08:00:00+00:00,0.65841,0.65904,0.6577,0.65862,240,14,0
2024-04-08 12:00:00+00:00,0.65862,0.66092,0.65832,0.66006,240,14,0
2024-04-08 16:00:00+00:00,0.66004,0.66074,0.65958,0.6603,240,14,0
2024-04-08 20:00:00+00:00,0.6603,0.66071,0.66008,0.66045,252,14,0
2024-04-09 00:00:00+00:00,0.66044,0.66118,0.65982,0.66006,240,14,0
2024-04-09 04:00:00+00:00,0.66006,0.6611,0.6598,0.6604,240,14,0
2024-04-09 08:00:00+00:00,0.6604,0.66248,0.66019,0.66188,240,14,0
2024-04-09 12:00:00+00:00,0.66189,0.66436,0.66153,0.66197,240,14,0
2024-04-09 16:00:00+00:00,0.66197,0.66264,0.66153,0.66263,240,14,0
2024-04-09 20:00:00+00:00,0.66264,0.66293,0.66228,0.66276,248,14,0
2024-04-10 00:00:00+00:00,0.66276,0.66306,0.66167,0.66219,240,14,0
2024-04-10 04:00:00+00:00,0.66219,0.66279,0.66189,0.66252,240,14,0
2024-04-10 08:00:00+00:00,0.66255,0.66269,0.66181,0.6619,240,14,0
2024-04-10 12:00:00+00:00,0.6619,0.66229,0.65051,0.6507,240,14,0
2024-04-10 16:00:00+00:00,0.6507,0.65218,0.64983,0.65117,240,14,0
2024-04-10 20:00:00+00:00,0.65119,0.65141,0.65048,0.6507,255,14,0
2024-04-11 00:00:00+00:00,0.65069,0.6521,0.65015,0.65165,240,14,0
2024-04-11 04:00:00+00:00,0.65164,0.65271,0.65137,0.65271,240,14,0
2024-04-11 08:00:00+00:00,0.65274,0.65293,0.65176,0.65209,240,14,0
2024-04-11 12:00:00+00:00,0.6521,0.6552,0.6509,0.65227,5108,14,0
2024-04-11 16:00:00+00:00,0.65229,0.65449,0.65179,0.65402,5404,14,0
2024-04-11 20:00:00+00:00,0.654,0.65417,0.65337,0.65398,2092,14,0
2024-04-12 00:00:00+00:00,0.65398,0.65427,0.65257,0.65278,4387,14,0
2024-04-12 04:00:00+00:00,0.65278,0.65306,0.65084,0.65184,4883,14,0
2024-04-12 08:00:00+00:00,0.65185,0.65223,0.64891,0.64928,4868,14,0
2024-04-12 12:00:00+00:00,0.64929,0.64947,0.64635,0.64759,9710,14,0
2024-04-12 16:00:00+00:00,0.6476,0.64767,0.64555,0.64585,5962,14,0
2024-04-12 20:00:00+00:00,0.64586,0.64645,0.6458,0.64613,504,14,0
2024-04-14 20:00:00+00:00,0.64488,0.64781,0.64379,0.64744,2898,14,0
2024-04-15 00:00:00+00:00,0.64738,0.64876,0.64589,0.64837,6205,14,0
2024-04-15 04:00:00+00:00,0.64837,0.64923,0.64754,0.64834,5724,14,0
2024-04-15 08:00:00+00:00,0.64834,0.64883,0.64783,0.64822,5043,14,0
2024-04-15 12:00:00+00:00,0.64821,0.64865,0.64532,0.64671,9782,14,0
2024-04-15 16:00:00+00:00,0.64671,0.64704,0.64371,0.64428,6229,14,0
2024-04-15 20:00:00+00:00,0.64428,0.64439,0.64381,0.64416,2315,14,0
2024-04-16 00:00:00+00:00,0.64411,0.64428,0.64077,0.64172,6459,14,0
2024-04-16 04:00:00+00:00,0.64174,0.64279,0.64113,0.64171,5733,14,0
2024-04-16 08:00:00+00:00,0.64171,0.64255,0.64088,0.64248,5662,14,0
2024-04-16 12:00:00+00:00,0.64248,0.64252,0.63966,0.6408,9492,14,0
2024-04-16 16:00:00+00:00,0.64078,0.64188,0.63886,0.64059,8952,14,0
2024-04-16 20:00:00+00:00,0.64059,0.64133,0.63984,0.64113,2778,14,0
2024-04-17 00:00:00+00:00,0.64118,0.64228,0.64086,0.64153,5235,14,0
2024-04-17 04:00:00+00:00,0.64152,0.64275,0.6402,0.64161,5029,14,0
2024-04-17 08:00:00+00:00,0.6416,0.64312,0.64153,0.6426,4739,14,0
2024-04-17 12:00:00+00:00,0.6426,0.64364,0.64151,0.64166,7874,14,0
2024-04-17 16:00:00+00:00,0.64167,0.64452,0.64083,0.64349,7623,14,0
2024-04-17 20:00:00+00:00,0.64349,0.64411,0.64319,0.64377,2458,14,0
2024-04-18 00:00:00+00:00,0.64378,0.64556,0.64309,0.64537,5676,14,0
2024-04-18 04:00:00+00:00,0.64536,0.64549,0.64406,0.645,4497,14,0
2024-04-18 08:00:00+00:00,0.64498,0.64515,0.64393,0.64462,4447,14,0
2024-04-18 12:00:00+00:00,0.64463,0.6447,0.64248,0.64349,9387,14,0
2024-04-18 16:00:00+00:00,0.64348,0.64374,0.64158,0.6421,5855,14,0
2024-04-18 20:00:00+00:00,0.64211,0.64247,0.64178,0.64225,2223,14,0
2024-04-19 00:00:00+00:00,0.64224,0.6424,0.63617,0.63895,12196,14,0
2024-04-19 04:00:00+00:00,0.63896,0.64241,0.63896,0.64221,7313,14,0
2024-04-19 08:00:00+00:00,0.64218,0.64229,0.64051,0.64104,5839,14,0
2024-04-19 12:00:00+00:00,0.64103,0.64323,0.64063,0.64209,8918,14,0
2024-04-19 16:00:00+00:00,0.6421,0.64252,0.64072,0.64179,6569,14,0
2024-04-19 20:00:00+00:00,0.64177,0.64187,0.64162,0.6417,509,14,0
2024-04-21 20:00:00+00:00,0.6411,0.6426,0.64054,0.64244,2252,14,0
2024-04-22 00:00:00+00:00,0.64244,0.64545,0.64227,0.64368,5653,14,0
2024-04-22 04:00:00+00:00,0.64367,0.64389,0.64258,0.6429,4308,14,0
2024-04-22 08:00:00+00:00,0.6429,0.64414,0.64262,0.64369,4248,14,0
2024-04-22 12:00:00+00:00,0.64369,0.64435,0.6424,0.64383,6089,14,0
2024-04-22 16:00:00+00:00,0.64383,0.6453,0.64382,0.64483,3452,14,0
2024-04-22 20:00:00+00:00,0.64483,0.64514,0.64446,0.64511,1671,14,0
2024-04-23 00:00:00+00:00,0.64511,0.64645,0.64491,0.64576,4782,14,0
2024-04-23 04:00:00+00:00,0.64577,0.64624,0.64445,0.64482,4358,14,0
2024-04-23 08:00:00+00:00,0.64479,0.64562,0.64403,0.64542,4465,14,0
2024-04-23 12:00:00+00:00,0.64542,0.64893,0.64502,0.64767,8125,14,0
2024-04-23 16:00:00+00:00,0.64769,0.64892,0.64762,0.64851,3481,14,0
2024-04-23 20:00:00+00:00,0.64851,0.64893,0.64829,0.64875,2061,14,0
2024-04-24 00:00:00+00:00,0.64875,0.65289,0.64854,0.65169,5190,14,0
2024-04-24 04:00:00+00:00,0.65167,0.65202,0.65008,0.65048,3815,14,0
2024-04-24 08:00:00+00:00,0.65047,0.65077,0.6497,0.65046,3372,14,0
2024-04-24 12:00:00+00:00,0.65046,0.6509,0.64828,0.64847,7303,14,0
2024-04-24 16:00:00+00:00,0.64844,0.65029,0.64842,0.65003,4343,14,0
2024-04-24 20:00:00+00:00,0.65002,0.65002,0.64938,0.64968,1998,14,0
2024-04-25 00:00:00+00:00,0.64968,0.65093,0.64911,0.65027,3554,14,0
2024-04-25 04:00:00+00:00,0.65027,0.65245,0.65012,0.65221,3305,14,0
2024-04-25 08:00:00+00:00,0.65223,0.65323,0.65215,0.653,3151,14,0
2024-04-25 12:00:00+00:00,0.653,0.6538,0.6485,0.65047,10958,14,0
2024-04-25 16:00:00+00:00,0.65046,0.6521,0.65001,0.65159,4874,14,0
2024-04-25 20:00:00+00:00,0.6516,0.65251,0.65152,0.6521,2011,14,0
2024-04-26 00:00:00+00:00,0.6521,0.65314,0.65177,0.6522,4437,14,0
2024-04-26 04:00:00+00:00,0.65221,0.655,0.65205,0.65417,4677,14,0
2024-04-26 08:00:00+00:00,0.65417,0.65534,0.65307,0.65346,5156,14,0
2024-04-26 12:00:00+00:00,0.65346,0.65531,0.65168,0.65261,9897,14,0
2024-04-26 16:00:00+00:00,0.65263,0.65393,0.65249,0.65335,3064,14,0
2024-04-26 20:00:00+00:00,0.65333,0.65348,0.65293,0.65329,522,14,0
2024-04-28 20:00:00+00:00,0.65239,0.65416,0.65184,0.65413,1875,14,0
2024-04-29 00:00:00+00:00,0.65412,0.65672,0.65357,0.65644,5217,14,0
2024-04-29 04:00:00+00:00,0.65644,0.65858,0.65492,0.65628,8359,14,0
2024-04-29 08:00:00+00:00,0.65626,0.65693,0.65515,0.65645,4663,14,0
2024-04-29 12:00:00+00:00,0.65646,0.65688,0.65455,0.65607,5859,14,0
2024-04-29 16:00:00+00:00,0.65607,0.6573,0.65589,0.65674,4532,14,0
2024-04-29 20:00:00+00:00,0.65674,0.65686,0.65592,0.65593,1796,14,0
2024-04-30 00:00:00+00:00,0.65594,0.65641,0.65297,0.65336,4751,14,0
2024-04-30 04:00:00+00:00,0.65334,0.65355,0.65133,0.65277,4271,14,0
2024-04-30 08:00:00+00:00,0.65278,0.65357,0.65231,0.65268,3741,14,0
2024-04-30 12:00:00+00:00,0.65267,0.65298,0.64858,0.64884,10256,14,0
2024-04-30 16:00:00+00:00,0.64884,0.64916,0.64765,0.64769,4236,14,0
2024-04-30 20:00:00+00:00,0.64767,0.64791,0.64657,0.64741,2736,14,0
2024-05-01 00:00:00+00:00,0.64742,0.64755,0.64652,0.64673,3098,14,0
2024-05-01 04:00:00+00:00,0.64673,0.64804,0.64647,0.64758,2809,14,0
2024-05-01 08:00:00+00:00,0.64758,0.64824,0.64737,0.64806,3008,14,0
2024-05-01 12:00:00+00:00,0.64806,0.64967,0.64806,0.64932,7378,14,0
2024-05-01 16:00:00+00:00,0.64932,0.65392,0.64822,0.65006,13910,14,0
2024-05-01 20:00:00+00:00,0.65003,0.65322,0.64994,0.65289,4837,14,0
2024-05-02 00:00:00+00:00,0.6529,0.65378,0.65152,0.65291,5424,14,0
2024-05-02 04:00:00+00:00,0.65292,0.65481,0.65278,0.65389,5649,14,0
2024-05-02 08:00:00+00:00,0.6539,0.65444,0.65194,0.65286,5616,14,0
2024-05-02 12:00:00+00:00,0.65287,0.65474,0.65165,0.65455,9494,14,0
2024-05-02 16:00:00+00:00,0.65454,0.65725,0.65415,0.65646,5083,14,0
2024-05-02 20:00:00+00:00,0.65646,0.65738,0.65605,0.65693,2353,14,0
2024-05-03 00:00:00+00:00,0.65693,0.65844,0.65638,0.65746,5047,14,0
2024-05-03 04:00:00+00:00,0.65747,0.65827,0.65676,0.65738,4432,14,0
2024-05-03 08:00:00+00:00,0.65737,0.65851,0.65725,0.65796,4292,14,0
2024-05-03 12:00:00+00:00,0.65799,0.66478,0.65783,0.6613,16478,14,0
2024-05-03 16:00:00+00:00,0.66133,0.66171,0.66048,0.66115,4306,14,0
2024-05-03 20:00:00+00:00,0.66114,0.66128,0.66089,0.66093,362,14,0
2024-05-05 20:00:00+00:00,0.66047,0.66168,0.65958,0.66081,2063,14,0
2024-05-06 00:00:00+00:00,0.66081,0.66236,0.66044,0.66142,4731,14,0
2024-05-06 04:00:00+00:00,0.66142,0.66255,0.66091,0.66211,3637,14,0
2024-05-06 08:00:00+00:00,0.66211,0.66298,0.66167,0.66296,3320,14,0
2024-05-06 12:00:00+00:00,0.66296,0.66374,0.66191,0.66219,4602,14,0
2024-05-06 16:00:00+00:00,0.66216,0.66288,0.66189,0.66214,2684,14,0
2024-05-06 20:00:00+00:00,0.66215,0.66256,0.662,0.66228,1792,14,0
2024-05-07 00:00:00+00:00,0.66227,0.66429,0.66181,0.66286,4966,14,0
2024-05-07 04:00:00+00:00,0.66285,0.66296,0.65864,0.66,5928,14,0
2024-05-07 08:00:00+00:00,0.66,0.66092,0.65917,0.66038,4149,14,0
2024-05-07 12:00:00+00:00,0.66038,0.6623,0.66024,0.66065,5545,14,0
2024-05-07 16:00:00+00:00,0.66064,0.66109,0.65876,0.65982,3817,14,0
2024-05-07 20:00:00+00:00,0.65981,0.65984,0.65871,0.65883,1809,14,0
2024-05-08 00:00:00+00:00,0.6588,0.65935,0.65687,0.65726,4299,14,0
2024-05-08 04:00:00+00:00,0.65726,0.65811,0.65686,0.65695,3663,14,0
2024-05-08 08:00:00+00:00,0.65693,0.65727,0.65616,0.65635,3543,14,0
2024-05-08 12:00:00+00:00,0.65636,0.65846,0.65573,0.65821,4953,14,0
2024-05-08 16:00:00+00:00,0.65821,0.65829,0.65746,0.65773,2591,14,0
2024-05-08 20:00:00+00:00,0.65774,0.65808,0.65753,0.65769,1735,14,0
2024-05-09 00:00:00+00:00,0.65769,0.65857,0.6569,0.65826,4389,14,0
2024-05-09 04:00:00+00:00,0.65827,0.6585,0.65647,0.65738,3468,14,0
2024-05-09 08:00:00+00:00,0.65738,0.65853,0.65712,0.6582,3873,14,0
2024-05-09 12:00:00+00:00,0.65819,0.66116,0.65818,0.66035,7055,14,0
2024-05-09 16:00:00+00:00,0.66037,0.66199,0.66036,0.66188,3229,14,0
2024-05-09 20:00:00+00:00,0.66186,0.66222,0.66153,0.66159,1695,14,0
2024-05-10 00:00:00+00:00,0.6616,0.66179,0.65986,0.66057,3803,14,0
2024-05-10 04:00:00+00:00,0.66057,0.66161,0.66055,0.66101,3786,14,0
2024-05-10 08:00:00+00:00,0.66101,0.66157,0.66041,0.66041,3921,14,0
2024-05-10 12:00:00+00:00,0.6604,0.66216,0.65957,0.66049,6540,14,0
2024-05-10 16:00:00+00:00,0.66049,0.66087,0.66015,0.66052,2751,14,0
2024-05-10 20:00:00+00:00,0.66051,0.66061,0.66018,0.66029,270,14,0
2024-05-12 20:00:00+00:00,0.65968,0.66063,0.65939,0.65996,1341,14,0
2024-05-13 00:00:00+00:00,0.65993,0.66036,0.65853,0.65983,4587,14,0
2024-05-13 04:00:00+00:00,0.65983,0.66042,0.65928,0.66022,3108,14,0
2024-05-13 08:00:00+00:00,0.66022,0.66184,0.66009,0.66158,3411,14,0
2024-05-13 12:00:00+00:00,0.66157,0.66278,0.66044,0.66091,4880,14,0
2024-05-13 16:00:00+00:00,0.66091,0.66122,0.66011,0.66064,2407,14,0
2024-05-13 20:00:00+00:00,0.66064,0.66114,0.66051,0.66103,1632,14,0
2024-05-14 00:00:00+00:00,0.66102,0.66108,0.65979,0.66011,3545,14,0
2024-05-14 04:00:00+00:00,0.66011,0.66079,0.65975,0.66078,2865,14,0
2024-05-14 08:00:00+00:00,0.6608,0.66133,0.66003,0.66091,3214,14,0
2024-05-14 12:00:00+00:00,0.6609,0.66271,0.65791,0.66214,8495,14,0
2024-05-14 16:00:00+00:00,0.66214,0.66268,0.66159,0.66259,2714,14,0
2024-05-14 20:00:00+00:00,0.66256,0.66267,0.66214,0.66229,1490,14,0
2024-05-15 00:00:00+00:00,0.66229,0.66504,0.6621,0.66465,3660,14,0
2024-05-15 04:00:00+00:00,0.66465,0.66473,0.66381,0.66422,3418,14,0
2024-05-15 08:00:00+00:00,0.66421,0.66476,0.66354,0.66413,3364,14,0
2024-05-15 12:00:00+00:00,0.66412,0.66863,0.6628,0.66719,10639,14,0
2024-05-15 16:00:00+00:00,0.66721,0.66941,0.66674,0.66918,4047,14,0
2024-05-15 20:00:00+00:00,0.6692,0.67008,0.66875,0.66992,2373,14,0
2024-05-16 00:00:00+00:00,0.66991,0.67133,0.66763,0.66913,6281,14,0
2024-05-16 04:00:00+00:00,0.66913,0.66914,0.66736,0.66853,4365,14,0
2024-05-16 08:00:00+00:00,0.66853,0.66889,0.6668,0.66686,3631,14,0
2024-05-16 12:00:00+00:00,0.66686,0.66818,0.66537,0.66815,6631,14,0
2024-05-16 16:00:00+00:00,0.66816,0.66822,0.66735,0.66772,3239,14,0
2024-05-16 20:00:00+00:00,0.66771,0.66828,0.6673,0.66812,1689,14,0
2024-05-17 00:00:00+00:00,0.66815,0.66826,0.66581,0.66626,3996,14,0
2024-05-17 04:00:00+00:00,0.66626,0.6676,0.66605,0.66634,3390,14,0
2024-05-17 08:00:00+00:00,0.66634,0.66655,0.6648,0.66574,2859,14,0
2024-05-17 12:00:00+00:00,0.66572,0.66916,0.66555,0.66827,5276,14,0
2024-05-17 16:00:00+00:00,0.66827,0.67,0.66824,0.66955,2917,14,0
2024-05-17 20:00:00+00:00,0.66955,0.66955,0.66928,0.6693,408,14,0
2024-05-19 20:00:00+00:00,0.66881,0.67027,0.66855,0.66985,1817,14,0
2024-05-20 00:00:00+00:00,0.66987,0.67068,0.66927,0.67012,4495,14,0
2024-05-20 04:00:00+00:00,0.67012,0.67084,0.66907,0.66944,3756,14,0
2024-05-20 08:00:00+00:00,0.66942,0.66959,0.66821,0.66823,3015,14,0
2024-05-20 12:00:00+00:00,0.66823,0.6683,0.66613,0.66742,6375,14,0
2024-05-20 16:00:00+00:00,0.66741,0.66788,0.66662,0.66675,2952,14,0
2024-05-20 20:00:00+00:00,0.66675,0.66714,0.66641,0.66711,1468,14,0
2024-05-21 00:00:00+00:00,0.66712,0.66747,0.66461,0.66557,4622,14,0
2024-05-21 04:00:00+00:00,0.66556,0.66686,0.66519,0.66627,3531,14,0
2024-05-21 08:00:00+00:00,0.66628,0.66782,0.66583,0.66772,3495,14,0
2024-05-21 12:00:00+00:00,0.66772,0.6678,0.66566,0.66646,7562,14,0
2024-05-21 16:00:00+00:00,0.66645,0.66675,0.66595,0.66665,3245,14,0
2024-05-21 20:00:00+00:00,0.66665,0.667,0.66619,0.66653,1676,14,0
2024-05-22 00:00:00+00:00,0.66653,0.66846,0.66636,0.66666,4765,14,0
2024-05-22 04:00:00+00:00,0.66666,0.66739,0.66525,0.666,3982,14,0
2024-05-22 08:00:00+00:00,0.66601,0.66662,0.66436,0.66472,4147,14,0
2024-05-22 12:00:00+00:00,0.66474,0.66555,0.66324,0.6634,6876,14,0
2024-05-22 16:00:00+00:00,0.6634,0.66422,0.66075,0.66162,5647,14,0
2024-05-22 20:00:00+00:00,0.66161,0.66238,0.66155,0.66176,2521,14,0
2024-05-23 00:00:00+00:00,0.6618,0.66305,0.66143,0.66299,4853,14,0
2024-05-23 04:00:00+00:00,0.66299,0.66323,0.66169,0.66193,4470,14,0
2024-05-23 08:00:00+00:00,0.66192,0.6643,0.66179,0.66408,4068,14,0
2024-05-23 12:00:00+00:00,0.66408,0.66521,0.66195,0.66275,9773,14,0
2024-05-23 16:00:00+00:00,0.66275,0.66316,0.65971,0.6603,6040,14,0
2024-05-23 20:00:00+00:00,0.6603,0.66063,0.65996,0.65999,1825,14,0
2024-05-24 00:00:00+00:00,0.65997,0.66041,0.65916,0.65954,4179,14,0
2024-05-24 04:00:00+00:00,0.65954,0.66058,0.65938,0.6605,3583,14,0
2024-05-24 08:00:00+00:00,0.6605,0.66193,0.66023,0.66138,3459,14,0
2024-05-24 12:00:00+00:00,0.66137,0.66339,0.6607,0.66261,6862,14,0
2024-05-24 16:00:00+00:00,0.66261,0.66357,0.66233,0.66289,3624,14,0
2024-05-24 20:00:00+00:00,0.66291,0.66295,0.66269,0.66278,320,14,0
2024-05-26 20:00:00+00:00,0.6621,0.66319,0.66184,0.66223,1506,14,0
2024-05-27 00:00:00+00:00,0.66223,0.6637,0.66221,0.66338,3266,14,0
2024-05-27 04:00:00+00:00,0.66338,0.66419,0.66311,0.66361,2552,14,0
2024-05-27 08:00:00+00:00,0.66363,0.66481,0.66325,0.66446,2629,14,0
2024-05-27 12:00:00+00:00,0.66447,0.66592,0.66409,0.66568,4041,14,0
2024-05-27 16:00:00+00:00,0.66568,0.66579,0.66535,0.6657,1052,14,0
2024-05-27 20:00:00+00:00,0.6657,0.66572,0.66497,0.66552,1535,14,0
2024-05-28 00:00:00+00:00,0.66553,0.66733,0.66535,0.66715,4564,14,0
2024-05-28 04:00:00+00:00,0.66714,0.66725,0.66554,0.66621,3721,14,0
2024-05-28 08:00:00+00:00,0.66622,0.66696,0.66545,0.66673,3541,14,0
2024-05-28 12:00:00+00:00,0.66673,0.66789,0.66512,0.66641,6871,14,0
2024-05-28 16:00:00+00:00,0.66639,0.6665,0.66421,0.66503,4789,14,0
2024-05-28 20:00:00+00:00,0.66503,0.6651,0.66453,0.66471,2061,14,0
2024-05-29 00:00:00+00:00,0.6647,0.66655,0.66379,0.66513,5632,14,0
2024-05-29 04:00:00+00:00,0.66513,0.6661,0.66416,0.66542,4567,14,0
2024-05-29 08:00:00+00:00,0.66545,0.66568,0.66262,0.66299,4971,14,0
2024-05-29 12:00:00+00:00,0.66299,0.66365,0.66139,0.66175,7853,14,0
2024-05-29 16:00:00+00:00,0.66174,0.66221,0.66112,0.66141,4481,14,0
2024-05-29 20:00:00+00:00,0.66143,0.66147,0.66056,0.66131,2094,14,0
2024-05-30 00:00:00+00:00,0.66131,0.66194,0.65995,0.66081,5477,14,0
2024-05-30 04:00:00+00:00,0.66081,0.6611,0.65903,0.66075,5479,14,0
2024-05-30 08:00:00+00:00,0.66076,0.6626,0.6603,0.66207,4918,14,0
2024-05-30 12:00:00+00:00,0.66204,0.66469,0.66158,0.66402,8128,14,0
2024-05-30 16:00:00+00:00,0.66403,0.66451,0.66263,0.66327,3926,14,0
2024-05-30 20:00:00+00:00,0.66324,0.66331,0.66272,0.66291,2029,14,0
2024-05-31 00:00:00+00:00,0.66291,0.66391,0.66261,0.66356,5668,14,0
2024-05-31 04:00:00+00:00,0.66355,0.66411,0.66277,0.66308,4512,14,0
2024-05-31 08:00:00+00:00,0.66308,0.66567,0.66304,0.66505,4642,14,0
2024-05-31 12:00:00+00:00,0.66505,0.6672,0.66362,0.66387,9896,14,0
2024-05-31 16:00:00+00:00,0.66386,0.66533,0.66326,0.66522,4980,14,0
2024-05-31 20:00:00+00:00,0.66521,0.66541,0.66505,0.66526,622,14,0
2024-06-02 20:00:00+00:00,0.66443,0.66559,0.66424,0.66552,2083,14,0
2024-06-03 00:00:00+00:00,0.66551,0.66641,0.6644,0.66464,4497,14,0
2024-06-03 04:00:00+00:00,0.66464,0.6649,0.66326,0.66327,4484,14,0
2024-06-03 08:00:00+00:00,0.66327,0.66576,0.66322,0.66563,5206,14,0
2024-06-03 12:00:00+00:00,0.66565,0.66942,0.66537,0.66813,8874,14,0
2024-06-03 16:00:00+00:00,0.66812,0.66832,0.66632,0.66793,5824,14,0
2024-06-03 20:00:00+00:00,0.66797,0.66935,0.66794,0.66887,2064,14,0
2024-06-04 00:00:00+00:00,0.66887,0.66979,0.66749,0.66798,4827,14,0
2024-06-04 04:00:00+00:00,0.66797,0.66833,0.66577,0.6662,5015,14,0
2024-06-04 08:00:00+00:00,0.66623,0.66623,0.66303,0.664,6700,14,0
2024-06-04 12:00:00+00:00,0.664,0.66521,0.66338,0.66405,9372,14,0
2024-06-04 16:00:00+00:00,0.66405,0.66531,0.66383,0.66485,5671,14,0
2024-06-04 20:00:00+00:00,0.66485,0.66494,0.66442,0.66449,1625,14,0
2024-06-05 00:00:00+00:00,0.66452,0.66638,0.66414,0.66582,4881,14,0
2024-06-05 04:00:00+00:00,0.6658,0.66609,0.66514,0.66569,4167,14,0
2024-06-05 08:00:00+00:00,0.66568,0.66618,0.66393,0.6646,4306,14,0
2024-06-05 12:00:00+00:00,0.6646,0.66539,0.66255,0.66412,9816,14,0
2024-06-05 16:00:00+00:00,0.66411,0.6653,0.66353,0.6651,3807,14,0
2024-06-05 20:00:00+00:00,0.66509,0.66557,0.66434,0.66547,1631,14,0
2024-06-06 00:00:00+00:00,0.6655,0.66828,0.66549,0.66645,4997,14,0
2024-06-06 04:00:00+00:00,0.66645,0.6665,0.66489,0.6649,4055,14,0
2024-06-06 08:00:00+00:00,0.6649,0.66509,0.66367,0.66375,3525,14,0
2024-06-06 12:00:00+00:00,0.66375,0.66622,0.66328,0.66602,8579,14,0
2024-06-06 16:00:00+00:00,0.66604,0.6672,0.66548,0.66651,4134,14,0
2024-06-06 20:00:00+00:00,0.66653,0.66696,0.66613,0.66689,1635,14,0
2024-06-07 00:00:00+00:00,0.66689,0.66742,0.6662,0.667,4158,14,0
2024-06-07 04:00:00+00:00,0.667,0.66802,0.66682,0.66727,4080,14,0
2024-06-07 08:00:00+00:00,0.66727,0.66727,0.66571,0.66664,4587,14,0
2024-06-07 12:00:00+00:00,0.66662,0.66694,0.65795,0.65869,11793,14,0
2024-06-07 16:00:00+00:00,0.65872,0.65923,0.65798,0.65801,5329,14,0
2024-06-07 20:00:00+00:00,0.65801,0.65817,0.65786,0.65791,490,14,0
2024-06-09 20:00:00+00:00,0.65768,0.65827,0.65716,0.65813,1972,14,0
2024-06-10 00:00:00+00:00,0.65814,0.65896,0.65757,0.65872,3617,14,0
2024-06-10 04:00:00+00:00,0.65872,0.65949,0.65858,0.65938,4324,14,0
2024-06-10 08:00:00+00:00,0.65939,0.65969,0.65828,0.65921,4187,14,0
2024-06-10 12:00:00+00:00,0.65923,0.66093,0.65851,0.66091,5868,14,0
2024-06-10 16:00:00+00:00,0.66092,0.66102,0.6601,0.66078,3644,14,0
2024-06-10 20:00:00+00:00,0.66079,0.66114,0.66048,0.66066,1613,14,0
2024-06-11 00:00:00+00:00,0.66066,0.66069,0.65907,0.65965,4657,14,0
2024-06-11 04:00:00+00:00,0.65965,0.66079,0.65945,0.66033,3547,14,0
2024-06-11 08:00:00+00:00,0.66032,0.66047,0.6588,0.6593,4827,14,0
2024-06-11 12:00:00+00:00,0.6593,0.6609,0.6589,0.65961,7221,14,0
2024-06-11 16:00:00+00:00,0.65962,0.66127,0.6593,0.6607,4239,14,0
2024-06-11 20:00:00+00:00,0.66067,0.66086,0.66025,0.66069,1535,14,0
2024-06-12 00:00:00+00:00,0.66069,0.6617,0.65968,0.66159,4171,14,0
2024-06-12 04:00:00+00:00,0.66159,0.66211,0.66071,0.66157,3448,14,0
2024-06-12 08:00:00+00:00,0.66155,0.66172,0.66092,0.66124,3465,14,0
2024-06-12 12:00:00+00:00,0.66124,0.66997,0.66102,0.66986,10622,14,0
2024-06-12 16:00:00+00:00,0.66986,0.67036,0.66551,0.66586,13724,14,0
2024-06-12 20:00:00+00:00,0.66589,0.66661,0.66572,0.66628,2551,14,0
2024-06-13 00:00:00+00:00,0.66627,0.66668,0.66461,0.66546,4864,14,0
2024-06-13 04:00:00+00:00,0.66546,0.66555,0.66389,0.66501,3867,14,0
2024-06-13 08:00:00+00:00,0.66502,0.66552,0.66398,0.66409,3823,14,0
2024-06-13 12:00:00+00:00,0.66409,0.66744,0.66315,0.66397,9592,14,0
2024-06-13 16:00:00+00:00,0.66397,0.66397,0.66257,0.66358,5358,14,0
2024-06-13 20:00:00+00:00,0.66357,0.66372,0.663,0.66305,1971,14,0
2024-06-14 00:00:00+00:00,0.66306,0.66407,0.66202,0.66298,5124,14,0
2024-06-14 04:00:00+00:00,0.66298,0.66325,0.66091,0.66177,5612,14,0
2024-06-14 08:00:00+00:00,0.66176,0.66214,0.66027,0.66151,7074,14,0
2024-06-14 12:00:00+00:00,0.66153,0.66171,0.65911,0.66143,8748,14,0
2024-06-14 16:00:00+00:00,0.66143,0.66192,0.66045,0.66147,4271,14,0
2024-06-14 20:00:00+00:00,0.66147,0.6616,0.66129,0.66147,342,14,0
2024-06-16 20:00:00+00:00,0.65966,0.66173,0.65966,0.66117,1677,14,0
2024-06-17 00:00:00+00:00,0.66117,0.66174,0.65983,0.66034,4098,14,0
2024-06-17 04:00:00+00:00,0.66034,0.66076,0.65904,0.66023,4121,14,0
2024-06-17 08:00:00+00:00,0.66023,0.6608,0.65914,0.65921,3902,14,0
2024-06-17 12:00:00+00:00,0.65923,0.65996,0.65846,0.65966,5531,14,0
2024-06-17 16:00:00+00:00,0.65966,0.66156,0.65966,0.66136,3966,14,0
2024-06-17 20:00:00+00:00,0.66137,0.66183,0.66082,0.66169,1759,14,0
2024-06-18 00:00:00+00:00,0.66169,0.66201,0.66048,0.66072,4186,14,0
2024-06-18 04:00:00+00:00,0.66072,0.66316,0.65999,0.66141,5506,14,0
2024-06-18 08:00:00+00:00,0.66139,0.66211,0.66072,0.66106,4679,14,0
2024-06-18 12:00:00+00:00,0.66107,0.66559,0.66085,0.66499,8219,14,0
2024-06-18 16:00:00+00:00,0.66499,0.66566,0.66481,0.66552,4208,14,0
2024-06-18 20:00:00+00:00,0.66552,0.66612,0.66515,0.66602,1554,14,0
2024-06-19 00:00:00+00:00,0.66602,0.66685,0.66588,0.66602,3117,14,0
2024-06-19 04:00:00+00:00,0.66598,0.66743,0.66588,0.66715,3371,14,0
2024-06-19 08:00:00+00:00,0.66716,0.66749,0.66671,0.66694,3139,14,0
2024-06-19 12:00:00+00:00,0.66693,0.66768,0.66643,0.66732,3702,14,0
2024-06-19 16:00:00+00:00,0.66732,0.66743,0.66682,0.66709,876,14,0
2024-06-19 20:00:00+00:00,0.66709,0.66746,0.66666,0.6673,1647,14,0
2024-06-20 00:00:00+00:00,0.6673,0.66756,0.66665,0.66736,3706,14,0
2024-06-20 04:00:00+00:00,0.66736,0.66785,0.66608,0.66699,3764,14,0
2024-06-20 08:00:00+00:00,0.66695,0.66768,0.66635,0.66662,4208,14,0
2024-06-20 12:00:00+00:00,0.6666,0.66758,0.66542,0.66552,6831,14,0
2024-06-20 16:00:00+00:00,0.66552,0.66644,0.66472,0.66575,4895,14,0
2024-06-20 20:00:00+00:00,0.66574,0.66619,0.66529,0.66601,1817,14,0
2024-06-21 00:00:00+00:00,0.66599,0.66664,0.66539,0.66656,3687,14,0
2024-06-21 04:00:00+00:00,0.66656,0.66687,0.66464,0.66503,3597,14,0
2024-06-21 08:00:00+00:00,0.66501,0.66646,0.66452,0.66642,4421,14,0
2024-06-21 12:00:00+00:00,0.66644,0.66689,0.66311,0.66385,7828,14,0
2024-06-21 16:00:00+00:00,0.66384,0.66449,0.66346,0.66415,3835,14,0
2024-06-21 20:00:00+00:00,0.66416,0.66435,0.664,0.664,432,14,0
2024-06-23 20:00:00+00:00,0.66354,0.6641,0.66317,0.66342,1857,14,0
2024-06-24 00:00:00+00:00,0.66344,0.66399,0.66256,0.66332,4304,14,0
2024-06-24 04:00:00+00:00,0.66329,0.66523,0.66323,0.66523,3355,14,0
2024-06-24 08:00:00+00:00,0.66524,0.66558,0.66422,0.66426,4269,14,0
2024-06-24 12:00:00+00:00,0.66426,0.66668,0.66375,0.66542,5919,14,0
2024-06-24 16:00:00+00:00,0.66539,0.66611,0.66483,0.66566,3888,14,0
2024-06-24 20:00:00+00:00,0.66568,0.66585,0.665,0.66531,1752,14,0
2024-06-25 00:00:00+00:00,0.6653,0.6664,0.66508,0.66598,4018,14,0
2024-06-25 04:00:00+00:00,0.66598,0.66718,0.6656,0.6666,3659,14,0
2024-06-25 08:00:00+00:00,0.6666,0.66693,0.66432,0.66478,3827,14,0
2024-06-25 12:00:00+00:00,0.66476,0.66539,0.66351,0.66407,6336,14,0
2024-06-25 16:00:00+00:00,0.66406,0.66498,0.66346,0.66477,3361,14,0
2024-06-25 20:00:00+00:00,0.66476,0.66486,0.66426,0.66439,1559,14,0
2024-06-26 00:00:00+00:00,0.66438,0.6678,0.66355,0.66717,5416,14,0
2024-06-26 04:00:00+00:00,0.66717,0.66878,0.66709,0.66796,4023,14,0
2024-06-26 08:00:00+00:00,0.66796,0.6684,0.66516,0.66575,4080,14,0
2024-06-26 12:00:00+00:00,0.66577,0.66625,0.66397,0.66475,6955,14,0
2024-06-26 16:00:00+00:00,0.66473,0.66564,0.66448,0.66508,4178,14,0
2024-06-26 20:00:00+00:00,0.66508,0.66508,0.66422,0.66449,2298,14,0
2024-06-27 00:00:00+00:00,0.66449,0.66624,0.66394,0.66603,4187,14,0
2024-06-27 04:00:00+00:00,0.66605,0.66716,0.66583,0.6662,3921,14,0
2024-06-27 08:00:00+00:00,0.6662,0.66693,0.66506,0.66511,4250,14,0
2024-06-27 12:00:00+00:00,0.6651,0.66679,0.66427,0.66467,7702,14,0
2024-06-27 16:00:00+00:00,0.66464,0.66519,0.66423,0.66461,3918,14,0
2024-06-27 20:00:00+00:00,0.66461,0.66501,0.66438,0.66491,1701,14,0
2024-06-28 00:00:00+00:00,0.66493,0.66508,0.66196,0.66261,5400,14,0
2024-06-28 04:00:00+00:00,0.66262,0.6636,0.66201,0.66331,3785,14,0
2024-06-28 08:00:00+00:00,0.6633,0.666,0.66305,0.6653,4247,14,0
2024-06-28 12:00:00+00:00,0.66531,0.66837,0.66519,0.66734,9850,14,0
2024-06-28 16:00:00+00:00,0.66734,0.66819,0.66628,0.66707,4698,14,0
2024-06-28 20:00:00+00:00,0.66709,0.6671,0.6667,0.66693,565,14,0
2024-06-30 20:00:00+00:00,0.66672,0.6679,0.66642,0.6673,2412,14,0
2024-07-01 00:00:00+00:00,0.6673,0.66741,0.66643,0.66669,4245,14,0
2024-07-01 04:00:00+00:00,0.66669,0.66777,0.66634,0.66749,3987,14,0
2024-07-01 08:00:00+00:00,0.66749,0.6686,0.66706,0.66735,4053,14,0
2024-07-01 12:00:00+00:00,0.66735,0.6688,0.66433,0.66516,8177,14,0
2024-07-01 16:00:00+00:00,0.66516,0.66585,0.66478,0.6655,3973,14,0
2024-07-01 20:00:00+00:00,0.6655,0.66588,0.66512,0.66538,1702,14,0
2024-07-02 00:00:00+00:00,0.66538,0.6657,0.66336,0.66416,4063,14,0
2024-07-02 04:00:00+00:00,0.66417,0.6649,0.66376,0.66481,4233,14,0
2024-07-02 08:00:00+00:00,0.6648,0.66534,0.6644,0.66501,4157,14,0
2024-07-02 12:00:00+00:00,0.66501,0.66698,0.66497,0.66573,8613,11,0
2024-07-02 16:00:00+00:00,0.66572,0.66697,0.66544,0.66695,3347,14,0
2024-07-02 20:00:00+00:00,0.66694,0.66699,0.66642,0.66677,1531,14,0
2024-07-03 00:00:00+00:00,0.66678,0.66785,0.66647,0.66762,3694,14,0
2024-07-03 04:00:00+00:00,0.66762,0.66834,0.66681,0.66803,3309,14,0
2024-07-03 08:00:00+00:00,0.66801,0.66807,0.66689,0.66722,3274,14,0
2024-07-03 12:00:00+00:00,0.66723,0.67329,0.66701,0.67174,8328,11,0
2024-07-03 16:00:00+00:00,0.67174,0.67187,0.66997,0.67038,2761,11,0
2024-07-03 20:00:00+00:00,0.67038,0.67117,0.67019,0.6711,1619,14,0
2024-07-04 00:00:00+00:00,0.6711,0.67206,0.67096,0.67115,3682,14,0
2024-07-04 04:00:00+00:00,0.67116,0.6719,0.67103,0.6719,3075,11,0
2024-07-04 08:00:00+00:00,0.6719,0.67307,0.67164,0.6728,3018,14,0
2024-07-04 12:00:00+00:00,0.6728,0.67312,0.67235,0.67266,3377,14,0
2024-07-04 16:00:00+00:00,0.67265,0.67281,0.67248,0.67273,1016,14,0
2024-07-04 20:00:00+00:00,0.67273,0.67275,0.67219,0.67241,1285,14,0
2024-07-05 00:00:00+00:00,0.67242,0.6738,0.6724,0.67361,3889,14,0
2024-07-05 04:00:00+00:00,0.67361,0.67372,0.67265,0.67323,3226,14,0
2024-07-05 08:00:00+00:00,0.67324,0.67371,0.67295,0.67321,3158,14,0
2024-07-05 12:00:00+00:00,0.67319,0.6752,0.67104,0.67415,11436,14,0
2024-07-05 16:00:00+00:00,0.67416,0.67519,0.67376,0.67513,3966,14,0
2024-07-05 20:00:00+00:00,0.67513,0.67519,0.67478,0.67484,327,14,0
2024-07-07 20:00:00+00:00,0.67298,0.67479,0.67281,0.67456,2206,14,0
2024-07-08 00:00:00+00:00,0.67456,0.67601,0.67377,0.67542,4580,14,0
2024-07-08 04:00:00+00:00,0.67543,0.67543,0.67387,0.67443,3851,14,0
2024-07-08 08:00:00+00:00,0.67443,0.67458,0.67345,0.67395,3782,14,0
2024-07-08 12:00:00+00:00,0.67395,0.67507,0.67361,0.67366,5572,14,0
2024-07-08 16:00:00+00:00,0.67365,0.67434,0.67314,0.67346,3120,14,0
2024-07-08 20:00:00+00:00,0.67346,0.67422,0.67339,0.67419,1365,14,0
2024-07-09 00:00:00+00:00,0.67422,0.6747,0.67275,0.6735,4015,14,0
2024-07-09 04:00:00+00:00,0.6735,0.67471,0.6735,0.67412,3625,14,0
2024-07-09 08:00:00+00:00,0.67412,0.67428,0.67302,0.67326,3347,14,0
2024-07-09 12:00:00+00:00,0.67326,0.67449,0.67236,0.67351,7178,14,0
2024-07-09 16:00:00+00:00,0.67352,0.67433,0.67329,0.67405,3717,14,0
2024-07-09 20:00:00+00:00,0.67404,0.67425,0.67372,0.67409,1435,14,0
2024-07-10 00:00:00+00:00,0.67409,0.67441,0.67316,0.6744,4577,14,0
2024-07-10 04:00:00+00:00,0.67441,0.67496,0.67366,0.67389,3670,14,0
2024-07-10 08:00:00+00:00,0.67389,0.67427,0.67327,0.6741,3714,14,0
2024-07-10 12:00:00+00:00,0.67409,0.67515,0.6739,0.67452,5475,14,0
2024-07-10 16:00:00+00:00,0.67452,0.67484,0.67379,0.67464,3009,14,0
2024-07-10 20:00:00+00:00,0.67465,0.67515,0.67443,0.67511,1455,14,0
2024-07-11 00:00:00+00:00,0.67512,0.67627,0.67467,0.67607,3619,14,0
2024-07-11 04:00:00+00:00,0.67605,0.67624,0.67524,0.67562,3024,14,0
2024-07-11 08:00:00+00:00,0.67562,0.67611,0.67503,0.67548,3083,14,0
2024-07-11 12:00:00+00:00,0.67548,0.67978,0.67501,0.67731,13560,14,0
2024-07-11 16:00:00+00:00,0.6773,0.67733,0.67543,0.67548,5552,14,0
2024-07-11 20:00:00+00:00,0.67547,0.67716,0.6754,0.6769,2876,14,0
2024-07-12 00:00:00+00:00,0.67691,0.67711,0.67535,0.67662,5289,14,0
2024-07-12 04:00:00+00:00,0.67662,0.67722,0.67593,0.67692,4170,14,0
2024-07-12 08:00:00+00:00,0.67692,0.67776,0.67687,0.67719,3735,14,0
2024-07-12 12:00:00+00:00,0.67719,0.67929,0.67624,0.67863,10124,14,0
2024-07-12 16:00:00+00:00,0.67862,0.67901,0.67828,0.67846,3636,14,0
2024-07-12 20:00:00+00:00,0.67848,0.6785,0.67822,0.67837,388,14,0
2024-07-14 20:00:00+00:00,0.67653,0.67725,0.67584,0.67704,2489,5,0
2024-07-15 00:00:00+00:00,0.67704,0.67777,0.67621,0.67758,4770,10,0
2024-07-15 04:00:00+00:00,0.67758,0.67788,0.6766,0.67783,4058,10,0
2024-07-15 08:00:00+00:00,0.67784,0.67882,0.67751,0.67772,5478,8,0
2024-07-15 12:00:00+00:00,0.67773,0.67821,0.67703,0.67765,8123,7,0
2024-07-15 16:00:00+00:00,0.67765,0.67814,0.67522,0.67604,7350,10,0
2024-07-15 20:00:00+00:00,0.67604,0.67639,0.67579,0.67621,1500,8,0
2024-07-16 00:00:00+00:00,0.6762,0.67624,0.67416,0.67475,5458,10,0
2024-07-16 04:00:00+00:00,0.67475,0.67499,0.67336,0.67434,4846,10,0
2024-07-16 08:00:00+00:00,0.67434,0.67476,0.67323,0.67432,5118,10,0
2024-07-16 12:00:00+00:00,0.67432,0.67447,0.67143,0.67242,9705,10,0
2024-07-16 16:00:00+00:00,0.67244,0.67358,0.67216,0.67349,4094,10,0
2024-07-16 20:00:00+00:00,0.67347,0.67356,0.67276,0.67313,2434,10,0
2024-07-17 00:00:00+00:00,0.67312,0.67409,0.6725,0.67375,4884,10,0
2024-07-17 04:00:00+00:00,0.67375,0.67408,0.67285,0.67346,6127,10,0
2024-07-17 08:00:00+00:00,0.67345,0.67541,0.67338,0.67406,7689,10,0
2024-07-17 12:00:00+00:00,0.67406,0.67436,0.67237,0.67268,9567,10,0
2024-07-17 16:00:00+00:00,0.67269,0.67296,0.67206,0.67261,5613,10,0
2024-07-17 20:00:00+00:00,0.6726,0.67312,0.67246,0.67303,2639,10,0
2024-07-18 00:00:00+00:00,0.67302,0.674,0.67146,0.67365,7030,10,0
2024-07-18 04:00:00+00:00,0.67364,0.6743,0.67319,0.67376,6188,10,0
2024-07-18 08:00:00+00:00,0.67378,0.6741,0.67297,0.67305,4930,10,0
2024-07-18 12:00:00+00:00,0.67305,0.674,0.67236,0.67246,8996,10,0
2024-07-18 16:00:00+00:00,0.67244,0.67271,0.66973,0.67029,6326,10,0
2024-07-18 20:00:00+00:00,0.67029,0.67082,0.67029,0.67035,2047,10,0
2024-07-19 00:00:00+00:00,0.67034,0.67057,0.66944,0.67,6139,10,0
2024-07-19 04:00:00+00:00,0.67,0.67068,0.66897,0.66946,5366,10,0
2024-07-19 08:00:00+00:00,0.66947,0.66965,0.6687,0.66947,5124,10,0
2024-07-19 12:00:00+00:00,0.66947,0.66952,0.66833,0.66925,8424,10,0
2024-07-19 16:00:00+00:00,0.66925,0.66935,0.66798,0.66825,5426,10,0
2024-07-19 20:00:00+00:00,0.66826,0.66845,0.66816,0.66842,368,10,0
2024-07-21 20:00:00+00:00,0.66779,0.67095,0.66762,0.66955,2629,10,0
2024-07-22 00:00:00+00:00,0.66955,0.66955,0.66623,0.66705,6381,10,0
2024-07-22 04:00:00+00:00,0.66706,0.6672,0.66607,0.66634,5642,10,0
2024-07-22 08:00:00+00:00,0.66634,0.66678,0.6653,0.66538,4362,10,0
2024-07-22 12:00:00+00:00,0.66539,0.66539,0.66311,0.66374,7158,10,0
2024-07-22 16:00:00+00:00,0.66374,0.66434,0.66351,0.66418,3572,10,0
2024-07-22 20:00:00+00:00,0.66418,0.66437,0.66381,0.66383,1964,10,0
2024-07-23 00:00:00+00:00,0.66384,0.66453,0.66321,0.66376,5244,10,0
2024-07-23 04:00:00+00:00,0.66375,0.66379,0.66218,0.66233,4254,10,0
2024-07-23 08:00:00+00:00,0.66233,0.66285,0.66205,0.66214,4111,10,0
2024-07-23 12:00:00+00:00,0.66213,0.66255,0.66113,0.66178,5654,10,0
2024-07-23 16:00:00+00:00,0.66178,0.66199,0.6611,0.66135,3974,10,0
2024-07-23 20:00:00+00:00,0.66133,0.6616,0.66106,0.66116,1811,10,0
2024-07-24 00:00:00+00:00,0.66114,0.66128,0.65911,0.65942,4977,10,0
2024-07-24 04:00:00+00:00,0.65941,0.66043,0.65833,0.65984,6982,10,0
2024-07-24 08:00:00+00:00,0.65984,0.66062,0.65896,0.6605,4563,10,0
2024-07-24 12:00:00+00:00,0.66051,0.66097,0.65946,0.65984,8458,10,0
2024-07-24 16:00:00+00:00,0.65984,0.66008,0.65773,0.6579,5319,10,0
2024-07-24 20:00:00+00:00,0.65789,0.65822,0.65722,0.65733,2040,10,0
2024-07-25 00:00:00+00:00,0.65732,0.65738,0.65488,0.6552,7349,10,0
2024-07-25 04:00:00+00:00,0.6552,0.6552,0.65251,0.65336,6561,10,0
2024-07-25 08:00:00+00:00,0.65337,0.65415,0.65185,0.65193,6955,10,0
2024-07-25 12:00:00+00:00,0.65193,0.65573,0.65135,0.65503,12212,10,0
2024-07-25 16:00:00+00:00,0.65503,0.656,0.65396,0.65399,6737,10,0
2024-07-25 20:00:00+00:00,0.65399,0.65415,0.6533,0.65397,2246,10,0
2024-07-26 00:00:00+00:00,0.65396,0.65544,0.65396,0.6551,4678,10,0
2024-07-26 04:00:00+00:00,0.6551,0.65587,0.65505,0.65582,3694,10,0
2024-07-26 08:00:00+00:00,0.65582,0.65658,0.6553,0.65601,3461,10,0
2024-07-26 12:00:00+00:00,0.65601,0.65678,0.655,0.65561,8087,10,0
2024-07-26 16:00:00+00:00,0.65561,0.65642,0.65504,0.65521,4571,10,0
2024-07-26 20:00:00+00:00,0.65521,0.65534,0.65449,0.6547,456,10,0
2024-07-28 20:00:00+00:00,0.65442,0.65601,0.65417,0.65525,1973,10,0
2024-07-29 00:00:00+00:00,0.65524,0.65677,0.65502,0.65641,4907,10,0
2024-07-29 04:00:00+00:00,0.65641,0.65642,0.65411,0.65432,3990,10,0
2024-07-29 08:00:00+00:00,0.65432,0.65562,0.65404,0.65425,3432,10,0
2024-07-29 12:00:00+00:00,0.65425,0.65465,0.65237,0.65378,5979,10,0
2024-07-29 16:00:00+00:00,0.65378,0.65505,0.65352,0.65493,3994,10,0
2024-07-29 20:00:00+00:00,0.65492,0.65571,0.65459,0.65507,1796,10,0
2024-07-30 00:00:00+00:00,0.65507,0.65536,0.65331,0.65531,4471,10,0
2024-07-30 04:00:00+00:00,0.65531,0.65618,0.6549,0.65509,3883,10,0
2024-07-30 08:00:00+00:00,0.65508,0.65567,0.65363,0.65365,3650,10,0
2024-07-30 12:00:00+00:00,0.65365,0.65408,0.65286,0.65342,7472,10,0
2024-07-30 16:00:00+00:00,0.65342,0.65432,0.65315,0.65389,5003,10,0
2024-07-30 20:00:00+00:00,0.65391,0.65439,0.65342,0.65399,2641,10,0
2024-07-31 00:00:00+00:00,0.65398,0.6542,0.64822,0.64974,9164,10,0
2024-07-31 04:00:00+00:00,0.64976,0.65086,0.64792,0.65039,6981,10,0
2024-07-31 08:00:00+00:00,0.65039,0.65114,0.64863,0.65055,5763,10,0
2024-07-31 12:00:00+00:00,0.65055,0.65388,0.65055,0.6533,8630,10,0
2024-07-31 16:00:00+00:00,0.65328,0.65551,0.65158,0.65383,10981,10,0
2024-07-31 20:00:00+00:00,0.65385,0.65488,0.65376,0.65479,2860,10,0
2024-08-01 00:00:00+00:00,0.6548,0.65504,0.65235,0.65271,7275,10,0
2024-08-01 04:00:00+00:00,0.65271,0.65349,0.65205,0.65231,5893,10,0
2024-08-01 08:00:00+00:00,0.65231,0.65367,0.65134,0.6534,5378,10,0
2024-08-01 12:00:00+00:00,0.65341,0.65592,0.65136,0.65189,10712,10,0
2024-08-01 16:00:00+00:00,0.6519,0.65247,0.64885,0.65047,7520,10,0
2024-08-01 20:00:00+00:00,0.65046,0.65048,0.64918,0.64929,3636,10,0
2024-08-02 00:00:00+00:00,0.64929,0.65111,0.64863,0.65067,6878,10,0
2024-08-02 04:00:00+00:00,0.65067,0.65258,0.65062,0.65112,6916,10,0
2024-08-02 08:00:00+00:00,0.65112,0.65176,0.65023,0.65139,6045,10,0
2024-08-02 12:00:00+00:00,0.6514,0.65468,0.65008,0.65247,17759,10,0
2024-08-02 16:00:00+00:00,0.65246,0.65246,0.6508,0.65201,9399,10,0
2024-08-02 20:00:00+00:00,0.652,0.65203,0.65066,0.65108,921,10,0
2024-08-04 20:00:00+00:00,0.65048,0.65153,0.64941,0.64974,4209,10,0
2024-08-05 00:00:00+00:00,0.64974,0.65113,0.64821,0.6501,13524,10,0
2024-08-05 04:00:00+00:00,0.6501,0.65028,0.63481,0.64489,31619,10,0
2024-08-05 08:00:00+00:00,0.64489,0.64602,0.64367,0.64431,13332,10,0
2024-08-05 12:00:00+00:00,0.64429,0.65113,0.64349,0.6487,29600,10,0
2024-08-05 16:00:00+00:00,0.64869,0.65017,0.64784,0.64942,12855,10,0
2024-08-05 20:00:00+00:00,0.64941,0.65217,0.64891,0.65148,6162,10,0
2024-08-06 00:00:00+00:00,0.65148,0.65397,0.65072,0.65089,14421,10,0
2024-08-06 04:00:00+00:00,0.65089,0.65275,0.6491,0.64979,16415,10,0
2024-08-06 08:00:00+00:00,0.64981,0.65068,0.6472,0.64768,11369,10,0
2024-08-06 12:00:00+00:00,0.6477,0.652,0.64747,0.65182,16821,10,0
2024-08-06 16:00:00+00:00,0.65184,0.65411,0.65172,0.65239,9767,10,0
2024-08-06 20:00:00+00:00,0.65238,0.65252,0.65094,0.6514,4695,10,0
2024-08-07 00:00:00+00:00,0.65142,0.65634,0.6511,0.65614,13280,10,0
2024-08-07 04:00:00+00:00,0.65616,0.65642,0.65348,0.65481,11294,10,0
2024-08-07 08:00:00+00:00,0.65483,0.65741,0.6544,0.65646,8296,10,0
2024-08-07 12:00:00+00:00,0.65647,0.6567,0.6546,0.65511,10230,10,0
2024-08-07 16:00:00+00:00,0.65513,0.65521,0.65134,0.65193,10134,10,0
2024-08-07 20:00:00+00:00,0.65193,0.65213,0.65069,0.6518,3713,10,0
2024-08-08 00:00:00+00:00,0.65182,0.65651,0.65096,0.65596,10111,10,0
2024-08-08 04:00:00+00:00,0.65598,0.6565,0.65425,0.65463,9221,10,0
2024-08-08 08:00:00+00:00,0.65461,0.65599,0.65455,0.65501,6626,10,0
2024-08-08 12:00:00+00:00,0.65502,0.65793,0.65448,0.65782,14508,10,0
2024-08-08 16:00:00+00:00,0.65781,0.65921,0.65717,0.65874,7323,10,0
2024-08-08 20:00:00+00:00,0.65875,0.6594,0.65865,0.65903,3144,10,0
2024-08-09 00:00:00+00:00,0.65901,0.66031,0.65799,0.66008,6874,10,0
2024-08-09 04:00:00+00:00,0.66008,0.66048,0.65823,0.65923,6706,10,0
2024-08-09 08:00:00+00:00,0.65923,0.65957,0.65698,0.65759,4849,10,0
2024-08-09 12:00:00+00:00,0.6576,0.65863,0.65664,0.65746,8951,10,0
2024-08-09 16:00:00+00:00,0.65745,0.65794,0.65679,0.65752,5000,10,0
2024-08-09 20:00:00+00:00,0.65753,0.65763,0.65706,0.65719,484,10,0
2024-08-11 20:00:00+00:00,0.65613,0.65753,0.65603,0.65682,2127,10,0
2024-08-12 00:00:00+00:00,0.65682,0.65873,0.65674,0.65831,4734,10,0
2024-08-12 04:00:00+00:00,0.65831,0.65999,0.65772,0.65993,4326,10,0
2024-08-12 08:00:00+00:00,0.65993,0.66023,0.65921,0.65964,3926,10,0
2024-08-12 12:00:00+00:00,0.65964,0.66047,0.65862,0.65939,7610,10,0
2024-08-12 16:00:00+00:00,0.65941,0.65941,0.65817,0.6586,4960,10,0
2024-08-12 20:00:00+00:00,0.6586,0.65877,0.65836,0.65846,1972,10,0
2024-08-13 00:00:00+00:00,0.65846,0.65974,0.65785,0.65921,5096,10,0
2024-08-13 04:00:00+00:00,0.6592,0.66079,0.65857,0.66066,4420,10,0
2024-08-13 08:00:00+00:00,0.66065,0.66084,0.65914,0.65931,4215,10,0
2024-08-13 12:00:00+00:00,0.65931,0.66178,0.65901,0.66103,9007,10,0
2024-08-13 16:00:00+00:00,0.66103,0.66372,0.66092,0.66355,4838,10,0
2024-08-13 20:00:00+00:00,0.66356,0.66387,0.66282,0.66369,2520,10,0
2024-08-14 00:00:00+00:00,0.66369,0.66423,0.66177,0.66232,9198,10,0
2024-08-14 04:00:00+00:00,0.66231,0.66419,0.66223,0.66329,5265,10,0
2024-08-14 08:00:00+00:00,0.66328,0.66379,0.66233,0.66256,4103,10,0
2024-08-14 12:00:00+00:00,0.66256,0.6642,0.66088,0.66145,11303,10,0
2024-08-14 16:00:00+00:00,0.66145,0.66146,0.65953,0.65973,5091,10,0
2024-08-14 20:00:00+00:00,0.65973,0.66005,0.65905,0.65972,3085,10,0
2024-08-15 00:00:00+00:00,0.65973,0.66227,0.65637,0.66183,9100,10,0
2024-08-15 04:00:00+00:00,0.66183,0.66268,0.66165,0.66236,3719,10,0
2024-08-15 08:00:00+00:00,0.66236,0.6633,0.66149,0.66302,3321,10,0
2024-08-15 12:00:00+00:00,0.66303,0.66341,0.65956,0.66284,11188,10,0
2024-08-15 16:00:00+00:00,0.66283,0.66331,0.66088,0.66107,3787,10,0
2024-08-15 20:00:00+00:00,0.66108,0.66131,0.66068,0.66116,2239,10,0
2024-08-16 00:00:00+00:00,0.66116,0.66273,0.66097,0.66226,4622,10,0
2024-08-16 04:00:00+00:00,0.66226,0.66362,0.66214,0.66318,3502,10,0
2024-08-16 08:00:00+00:00,0.66318,0.66403,0.66257,0.66323,3838,10,0
2024-08-16 12:00:00+00:00,0.66325,0.66481,0.66227,0.66481,7246,10,0
2024-08-16 16:00:00+00:00,0.66479,0.66707,0.66469,0.66688,3546,10,0
2024-08-16 20:00:00+00:00,0.66688,0.667,0.66669,0.66691,439,10,0
2024-08-18 20:00:00+00:00,0.66593,0.66755,0.66494,0.66719,1092,10,0
2024-08-19 00:00:00+00:00,0.66721,0.66944,0.66717,0.66895,3470,10,0
2024-08-19 04:00:00+00:00,0.66894,0.66921,0.66771,0.66887,3440,10,0
2024-08-19 08:00:00+00:00,0.66885,0.66984,0.66829,0.66979,1978,10,0
2024-08-19 12:00:00+00:00,0.66981,0.67219,0.66924,0.67141,4064,10,0
2024-08-19 16:00:00+00:00,0.6714,0.67331,0.67137,0.67313,1864,10,0
2024-08-19 20:00:00+00:00,0.67314,0.67375,0.67271,0.67333,1342,10,0
2024-08-20 00:00:00+00:00,0.67334,0.67356,0.6713,0.67174,3640,10,0
2024-08-20 04:00:00+00:00,0.67176,0.67318,0.6713,0.67258,2536,10,0
2024-08-20 08:00:00+00:00,0.6726,0.67341,0.67243,0.67335,2548,10,0
2024-08-20 12:00:00+00:00,0.67337,0.6747,0.67313,0.67393,4893,10,0
2024-08-20 16:00:00+00:00,0.67395,0.67485,0.67329,0.67461,1989,10,0
2024-08-20 20:00:00+00:00,0.67463,0.67487,0.67423,0.67457,1704,10,0
2024-08-21 00:00:00+00:00,0.67455,0.67518,0.6739,0.67445,2678,10,0
2024-08-21 04:00:00+00:00,0.67443,0.6749,0.67316,0.67343,2689,10,0
2024-08-21 08:00:00+00:00,0.67345,0.67427,0.67338,0.6738,1808,10,0
2024-08-21 12:00:00+00:00,0.67381,0.67561,0.67303,0.67491,6976,10,0
2024-08-21 16:00:00+00:00,0.6749,0.67604,0.67369,0.6742,3067,10,0
2024-08-21 20:00:00+00:00,0.67422,0.67519,0.67375,0.6749,1128,10,0
2024-08-22 00:00:00+00:00,0.67489,0.6751,0.67271,0.67318,2906,10,0
2024-08-22 04:00:00+00:00,0.67319,0.67497,0.67286,0.67479,2141,10,0
2024-08-22 08:00:00+00:00,0.67482,0.67523,0.67251,0.67304,2359,10,0
2024-08-22 12:00:00+00:00,0.67303,0.67349,0.66989,0.67071,5982,10,0
2024-08-22 16:00:00+00:00,0.6707,0.67142,0.6697,0.67039,2853,10,0
2024-08-22 20:00:00+00:00,0.67038,0.67085,0.67022,0.67062,1302,10,0
2024-08-23 00:00:00+00:00,0.67064,0.6719,0.67047,0.67168,2463,10,0
2024-08-23 04:00:00+00:00,0.67166,0.6728,0.67163,0.67224,2273,10,0
2024-08-23 08:00:00+00:00,0.67226,0.67338,0.67195,0.67311,1717,10,0
2024-08-23 12:00:00+00:00,0.6731,0.6791,0.67225,0.6776,10114,10,0
2024-08-23 16:00:00+00:00,0.67762,0.67975,0.67694,0.67953,4162,10,0
2024-08-23 20:00:00+00:00,0.67951,0.67981,0.67942,0.67968,260,10,0
2024-08-25 20:00:00+00:00,0.67848,0.67967,0.67842,0.67867,1129,8,0
2024-08-26 00:00:00+00:00,0.67869,0.67961,0.67765,0.67787,3107,8,0
2024-08-26 04:00:00+00:00,0.67788,0.67812,0.67702,0.67739,2538,8,0
2024-08-26 08:00:00+00:00,0.67741,0.67804,0.67664,0.67688,2321,8,0
2024-08-26 12:00:00+00:00,0.67686,0.67869,0.67665,0.6771,5236,8,0
2024-08-26 16:00:00+00:00,0.67708,0.67851,0.677,0.67726,2033,8,0
2024-08-26 20:00:00+00:00,0.67727,0.67751,0.6769,0.67726,1139,8,0
2024-08-27 00:00:00+00:00,0.67724,0.67843,0.67613,0.67834,2759,8,0
2024-08-27 04:00:00+00:00,0.67832,0.67906,0.67718,0.67721,2750,8,0
2024-08-27 08:00:00+00:00,0.6772,0.67871,0.67719,0.67817,2422,8,0
2024-08-27 12:00:00+00:00,0.67815,0.67836,0.67692,0.67779,5377,8,0
2024-08-27 16:00:00+00:00,0.6778,0.67951,0.67755,0.67924,2225,8,0
2024-08-27 20:00:00+00:00,0.67923,0.67938,0.67865,0.67866,1508,8,0
2024-08-28 00:00:00+00:00,0.67867,0.68126,0.67832,0.68004,4873,8,0
2024-08-28 04:00:00+00:00,0.68002,0.68014,0.67813,0.67946,3083,8,0
2024-08-28 08:00:00+00:00,0.67947,0.67989,0.67764,0.67783,2811,8,0
2024-08-28 12:00:00+00:00,0.67786,0.6795,0.67702,0.67805,5665,8,0
2024-08-28 16:00:00+00:00,0.67804,0.67814,0.67642,0.67792,2772,8,0
2024-08-28 20:00:00+00:00,0.67794,0.67865,0.67789,0.67824,1548,8,0
2024-08-29 00:00:00+00:00,0.67826,0.68031,0.67826,0.67964,3223,8,0
2024-08-29 04:00:00+00:00,0.67966,0.68124,0.67966,0.68116,3342,8,0
2024-08-29 08:00:00+00:00,0.68114,0.68234,0.67974,0.68172,4121,8,0
2024-08-29 12:00:00+00:00,0.6817,0.68227,0.67843,0.68044,7469,8,0
2024-08-29 16:00:00+00:00,0.68046,0.68101,0.67927,0.6797,3692,8,0
2024-08-29 20:00:00+00:00,0.67971,0.67989,0.67941,0.67954,1284,8,0
2024-08-30 00:00:00+00:00,0.67953,0.68083,0.67891,0.68051,2859,8,0
2024-08-30 04:00:00+00:00,0.6805,0.68101,0.67983,0.68078,2680,8,0
2024-08-30 08:00:00+00:00,0.68076,0.6816,0.67952,0.67979,2123,8,0
2024-08-30 12:00:00+00:00,0.67981,0.68029,0.67582,0.67645,8125,8,0
2024-08-30 16:00:00+00:00,0.67643,0.67685,0.67513,0.67671,3251,8,0
2024-08-30 20:00:00+00:00,0.6767,0.67703,0.67642,0.67649,268,8,0
2024-09-01 20:00:00+00:00,0.67581,0.67724,0.67577,0.67678,1543,8,0
2024-09-02 00:00:00+00:00,0.67676,0.6778,0.6757,0.67638,4858,8,0
2024-09-02 04:00:00+00:00,0.67638,0.67825,0.67566,0.67782,4523,8,0
2024-09-02 08:00:00+00:00,0.6778,0.67852,0.67728,0.67757,3700,8,0
2024-09-02 12:00:00+00:00,0.67755,0.67945,0.67737,0.67885,4041,8,0
2024-09-02 16:00:00+00:00,0.67885,0.67942,0.67859,0.67934,927,8,0
2024-09-02 20:00:00+00:00,0.67934,0.67935,0.67839,0.67868,1671,8,0
2024-09-03 00:00:00+00:00,0.67869,0.67918,0.67424,0.67446,6598,8,0
2024-09-03 04:00:00+00:00,0.67446,0.67526,0.67298,0.67481,6939,8,0
2024-09-03 08:00:00+00:00,0.67479,0.67516,0.67292,0.67306,5234,8,0
2024-09-03 12:00:00+00:00,0.67306,0.67466,0.6712,0.67196,10590,8,0
2024-09-03 16:00:00+00:00,0.67196,0.67244,0.67077,0.67123,5081,8,0
2024-09-03 20:00:00+00:00,0.67125,0.67153,0.67067,0.67129,2557,8,0
2024-09-04 00:00:00+00:00,0.6713,0.67151,0.66854,0.66994,8176,8,0
2024-09-04 04:00:00+00:00,0.66994,0.67151,0.66962,0.67073,5896,8,0
2024-09-04 08:00:00+00:00,0.67073,0.67201,0.67019,0.67175,4714,8,0
2024-09-04 12:00:00+00:00,0.67175,0.67488,0.67093,0.67216,10430,8,0
2024-09-04 16:00:00+00:00,0.67215,0.67268,0.6711,0.67206,5831,8,0
2024-09-04 20:00:00+00:00,0.67204,0.67256,0.67136,0.67155,2401,8,0
2024-09-05 00:00:00+00:00,0.67154,0.67315,0.67132,0.67227,5249,8,0
2024-09-05 04:00:00+00:00,0.67227,0.6727,0.67133,0.67185,4574,8,0
2024-09-05 08:00:00+00:00,0.67185,0.67325,0.67175,0.67239,4795,8,0
2024-09-05 12:00:00+00:00,0.67241,0.674,0.67186,0.67256,11225,8,0
2024-09-05 16:00:00+00:00,0.67256,0.67396,0.67253,0.67348,4958,8,0
2024-09-05 20:00:00+00:00,0.6735,0.67412,0.67347,0.67403,1877,8,0
2024-09-06 00:00:00+00:00,0.67401,0.67431,0.67278,0.67291,4360,8,0
2024-09-06 04:00:00+00:00,0.67291,0.67374,0.67187,0.67345,5401,8,0
2024-09-06 08:00:00+00:00,0.67346,0.67407,0.673,0.67347,4411,8,0
2024-09-06 12:00:00+00:00,0.67347,0.67668,0.66725,0.66753,23005,8,0
2024-09-06 16:00:00+00:00,0.66752,0.66791,0.66596,0.66739,8051,8,0
2024-09-06 20:00:00+00:00,0.66741,0.66744,0.66671,0.66695,822,8,0
2024-09-08 20:00:00+00:00,0.66639,0.66739,0.66629,0.66696,1951,8,0
2024-09-09 00:00:00+00:00,0.66695,0.66885,0.66667,0.66806,5683,8,0
2024-09-09 04:00:00+00:00,0.66804,0.66839,0.66605,0.66691,4652,8,0
2024-09-09 08:00:00+00:00,0.66691,0.66691,0.66476,0.66577,3944,8,0
2024-09-09 12:00:00+00:00,0.66577,0.6667,0.66481,0.66613,6476,8,0
2024-09-09 16:00:00+00:00,0.66613,0.66725,0.66563,0.66584,4135,8,0
2024-09-09 20:00:00+00:00,0.66584,0.66655,0.66565,0.66572,1822,8,0
2024-09-10 00:00:00+00:00,0.66572,0.66611,0.66442,0.66579,4995,8,0
2024-09-10 04:00:00+00:00,0.6658,0.66728,0.66564,0.66587,4246,8,0
2024-09-10 08:00:00+00:00,0.66588,0.6676,0.66526,0.66633,3973,8,0
2024-09-10 12:00:00+00:00,0.66633,0.66703,0.66408,0.66506,7853,8,0
2024-09-10 16:00:00+00:00,0.66506,0.66613,0.66445,0.66579,4683,8,0
2024-09-10 20:00:00+00:00,0.6658,0.66581,0.66506,0.66528,1957,8,0
2024-09-11 00:00:00+00:00,0.66526,0.66595,0.66445,0.66512,5691,8,0
2024-09-11 04:00:00+00:00,0.66511,0.66684,0.66462,0.66622,5048,8,0
2024-09-11 08:00:00+00:00,0.66622,0.66733,0.66575,0.667,4367,8,0
2024-09-11 12:00:00+00:00,0.667,0.66704,0.66218,0.66493,14758,8,0
2024-09-11 16:00:00+00:00,0.66492,0.66744,0.6647,0.66728,6363,8,0
2024-09-11 20:00:00+00:00,0.66729,0.66788,0.66704,0.66738,1986,8,0
2024-09-12 00:00:00+00:00,0.66738,0.66875,0.66708,0.66873,4641,8,0
2024-09-12 04:00:00+00:00,0.66873,0.66943,0.66691,0.66695,4211,8,0
2024-09-12 08:00:00+00:00,0.66694,0.66855,0.66564,0.66761,5035,8,0
2024-09-12 12:00:00+00:00,0.66762,0.66981,0.66716,0.66949,10444,8,0
2024-09-12 16:00:00+00:00,0.66947,0.67243,0.66943,0.67229,6483,8,0
2024-09-12 20:00:00+00:00,0.67229,0.67278,0.67197,0.67254,2242,8,0
2024-09-13 00:00:00+00:00,0.67254,0.67322,0.67202,0.6727,4973,8,0
2024-09-13 04:00:00+00:00,0.6727,0.67282,0.67132,0.67197,4046,8,0
2024-09-13 08:00:00+00:00,0.67197,0.6727,0.66921,0.66968,4907,8,0
2024-09-13 12:00:00+00:00,0.66968,0.67228,0.66956,0.67113,7872,8,0
2024-09-13 16:00:00+00:00,0.67113,0.67113,0.66997,0.67038,4863,8,0
2024-09-13 20:00:00+00:00,0.67036,0.67055,0.67027,0.6704,535,8,0
2024-09-15 20:00:00+00:00,0.66991,0.67135,0.66932,0.67132,1796,9,0
2024-09-16 00:00:00+00:00,0.67132,0.67268,0.67054,0.67266,3442,9,0
2024-09-16 04:00:00+00:00,0.67266,0.67294,0.67198,0.6727,4089,9,0
2024-09-16 08:00:00+00:00,0.67271,0.67474,0.6726,0.67472,4430,9,0
2024-09-16 12:00:00+00:00,0.67472,0.67484,0.67314,0.67383,7152,9,0
2024-09-16 16:00:00+00:00,0.67384,0.67514,0.67342,0.67512,3738,9,0
2024-09-16 20:00:00+00:00,0.67512,0.67534,0.67471,0.67512,1827,9,0
2024-09-17 00:00:00+00:00,0.67512,0.67535,0.67423,0.67466,3964,9,0
2024-09-17 04:00:00+00:00,0.67466,0.67648,0.67412,0.67641,4236,9,0
2024-09-17 08:00:00+00:00,0.6764,0.67682,0.67537,0.67629,4554,9,0
2024-09-17 12:00:00+00:00,0.6763,0.67669,0.67453,0.67532,10538,9,0
2024-09-17 16:00:00+00:00,0.67532,0.67604,0.67441,0.67551,6141,9,0
2024-09-17 20:00:00+00:00,0.67553,0.67621,0.67526,0.67599,1738,9,0
2024-09-18 00:00:00+00:00,0.676,0.6773,0.67596,0.67621,4032,9,0
2024-09-18 04:00:00+00:00,0.6762,0.67776,0.6749,0.67775,4443,9,0
2024-09-18 08:00:00+00:00,0.67774,0.67891,0.67735,0.67855,4073,9,0
2024-09-18 12:00:00+00:00,0.67855,0.67878,0.67559,0.67577,7029,9,0
2024-09-18 16:00:00+00:00,0.67577,0.68199,0.67422,0.67482,31023,9,0
2024-09-18 20:00:00+00:00,0.67481,0.67716,0.67469,0.67655,4420,9,0
2024-09-19 00:00:00+00:00,0.67655,0.67937,0.67372,0.67926,12329,9,0
2024-09-19 04:00:00+00:00,0.67927,0.68301,0.67865,0.68172,8561,9,0
2024-09-19 08:00:00+00:00,0.6817,0.68386,0.68169,0.68197,7801,9,0
2024-09-19 12:00:00+00:00,0.68197,0.68239,0.67859,0.68136,13270,9,0
2024-09-19 16:00:00+00:00,0.68137,0.68236,0.68101,0.68172,6315,9,0
2024-09-19 20:00:00+00:00,0.68171,0.68173,0.68076,0.68088,2296,9,0
2024-09-20 00:00:00+00:00,0.68089,0.6827,0.68001,0.68212,5724,9,0
2024-09-20 04:00:00+00:00,0.68212,0.68284,0.68078,0.68132,6283,9,0
2024-09-20 08:00:00+00:00,0.68131,0.68157,0.6802,0.68095,5274,9,0
2024-09-20 12:00:00+00:00,0.68095,0.68227,0.67827,0.6805,11591,9,0
2024-09-20 16:00:00+00:00,0.6805,0.68192,0.68027,0.68073,6988,9,0
2024-09-20 20:00:00+00:00,0.68075,0.68082,0.68043,0.68053,623,9,0
2024-09-22 20:00:00+00:00,0.67923,0.68106,0.67923,0.68093,1516,9,0
2024-09-23 00:00:00+00:00,0.68094,0.6831,0.68068,0.68248,4643,9,0
2024-09-23 04:00:00+00:00,0.68248,0.68357,0.68,0.68063,5826,9,0
2024-09-23 08:00:00+00:00,0.68061,0.68338,0.68007,0.68322,5893,9,0
2024-09-23 12:00:00+00:00,0.68321,0.68532,0.68239,0.68467,9921,9,0
2024-09-23 16:00:00+00:00,0.68468,0.68491,0.68348,0.6843,5423,9,0
2024-09-23 20:00:00+00:00,0.68429,0.68429,0.6829,0.68327,2119,9,0
2024-09-24 00:00:00+00:00,0.68328,0.68545,0.68254,0.68466,6454,9,0
2024-09-24 04:00:00+00:00,0.68466,0.68687,0.68141,0.6824,11012,9,0
2024-09-24 08:00:00+00:00,0.6824,0.68508,0.68227,0.68508,6275,9,0
2024-09-24 12:00:00+00:00,0.68509,0.68779,0.68509,0.68716,10516,9,0
2024-09-24 16:00:00+00:00,0.68716,0.68913,0.68716,0.68911,4737,9,0
2024-09-24 20:00:00+00:00,0.68911,0.69067,0.68885,0.69054,2647,9,0
2024-09-25 00:00:00+00:00,0.69054,0.69077,0.68806,0.68894,7934,9,0
2024-09-25 04:00:00+00:00,0.68895,0.68959,0.68727,0.68801,5993,9,0
2024-09-25 08:00:00+00:00,0.68801,0.68858,0.68706,0.68769,5333,9,0
2024-09-25 12:00:00+00:00,0.68769,0.68831,0.68344,0.68363,10941,9,0
2024-09-25 16:00:00+00:00,0.68363,0.68371,0.68181,0.68189,6418,9,0
2024-09-25 20:00:00+00:00,0.68189,0.68253,0.68176,0.68184,2235,9,0
2024-09-26 00:00:00+00:00,0.68184,0.68463,0.68184,0.68458,5556,9,0
2024-09-26 04:00:00+00:00,0.68458,0.68674,0.68407,0.68587,6299,9,0
2024-09-26 08:00:00+00:00,0.68587,0.68872,0.68567,0.68799,6689,9,0
2024-09-26 12:00:00+00:00,0.68799,0.69043,0.68624,0.68993,15984,9,0
2024-09-26 16:00:00+00:00,0.68992,0.69023,0.68844,0.68948,7410,9,0
2024-09-26 20:00:00+00:00,0.6895,0.68994,0.68903,0.68919,2389,9,0
2024-09-27 00:00:00+00:00,0.6892,0.68939,0.68719,0.68794,7019,9,0
2024-09-27 04:00:00+00:00,0.68794,0.68869,0.68679,0.68812,9306,9,0
2024-09-27 08:00:00+00:00,0.68811,0.68971,0.68792,0.68938,6619,9,0
2024-09-27 12:00:00+00:00,0.68938,0.69367,0.68929,0.69107,13094,9,0
2024-09-27 16:00:00+00:00,0.69106,0.69135,0.68987,0.69054,7105,9,0
2024-09-27 20:00:00+00:00,0.69053,0.69053,0.68997,0.6901,745,9,0
2024-09-29 20:00:00+00:00,0.6898,0.692,0.68913,0.69181,2169,9,0
2024-09-30 00:00:00+00:00,0.69182,0.69363,0.69135,0.69287,8397,9,0
2024-09-30 04:00:00+00:00,0.69289,0.69411,0.69244,0.69298,6830,9,0
2024-09-30 08:00:00+00:00,0.69296,0.69327,0.69147,0.69227,6363,9,0
2024-09-30 12:00:00+00:00,0.69226,0.69411,0.69182,0.69313,10963,9,0
2024-09-30 16:00:00+00:00,0.69314,0.69421,0.68986,0.69139,10506,9,0
2024-09-30 20:00:00+00:00,0.69141,0.69199,0.69091,0.69149,2346,9,0
2024-10-01 00:00:00+00:00,0.69149,0.69342,0.69074,0.69141,6485,9,0
2024-10-01 04:00:00+00:00,0.69141,0.69328,0.69014,0.6907,7388,9,0
2024-10-01 08:00:00+00:00,0.69071,0.69148,0.68943,0.69072,7717,9,0
2024-10-01 12:00:00+00:00,0.69072,0.69138,0.68708,0.68851,20389,9,0
2024-10-01 16:00:00+00:00,0.6885,0.68983,0.68562,0.6886,11267,9,0
2024-10-01 20:00:00+00:00,0.6886,0.68874,0.68777,0.6879,2586,9,0
2024-10-02 00:00:00+00:00,0.6879,0.69152,0.68782,0.69057,7776,9,0
2024-10-02 04:00:00+00:00,0.69057,0.69085,0.68751,0.68955,9249,9,0
2024-10-02 08:00:00+00:00,0.68953,0.69041,0.6889,0.68977,6985,9,0
2024-10-02 12:00:00+00:00,0.68979,0.69021,0.68777,0.6894,12144,9,0
2024-10-02 16:00:00+00:00,0.68941,0.6898,0.68788,0.68868,6121,9,0
2024-10-02 20:00:00+00:00,0.68867,0.68881,0.68812,0.68838,2313,9,0
2024-10-03 00:00:00+00:00,0.68838,0.68857,0.68601,0.6864,7678,9,0
2024-10-03 04:00:00+00:00,0.6864,0.68757,0.68549,0.68636,7617,9,0
2024-10-03 08:00:00+00:00,0.68637,0.68639,0.68403,0.68511,7121,9,0
2024-10-03 12:00:00+00:00,0.6851,0.68527,0.68296,0.68417,16457,9,0
2024-10-03 16:00:00+00:00,0.68417,0.68546,0.68398,0.68437,6307,9,0
2024-10-03 20:00:00+00:00,0.68437,0.68504,0.68386,0.68497,1787,9,0
2024-10-04 00:00:00+00:00,0.68496,0.68517,0.68419,0.68469,7191,9,0
2024-10-04 04:00:00+00:00,0.68469,0.68498,0.68373,0.68435,5702,9,0
2024-10-04 08:00:00+00:00,0.68436,0.68449,0.68353,0.68408,4731,9,0
2024-10-04 12:00:00+00:00,0.68408,0.68427,0.67869,0.67959,18124,9,0
2024-10-04 16:00:00+00:00,0.6796,0.68033,0.67853,0.68,5864,9,0
2024-10-04 20:00:00+00:00,0.68,0.68001,0.67922,0.67936,631,9,0
2024-10-06 20:00:00+00:00,0.67864,0.68059,0.67841,0.67975,2774,9,0
2024-10-07 00:00:00+00:00,0.67974,0.68081,0.67942,0.6807,8718,9,0
2024-10-07 04:00:00+00:00,0.6807,0.68099,0.67888,0.67934,6177,9,0
2024-10-07 08:00:00+00:00,0.67932,0.67964,0.67772,0.67929,6767,9,0
2024-10-07 12:00:00+00:00,0.6793,0.67981,0.67578,0.67591,10634,9,0
2024-10-07 16:00:00+00:00,0.6759,0.67666,0.67429,0.6755,6007,9,0
2024-10-07 20:00:00+00:00,0.67551,0.67596,0.67497,0.67551,3195,9,0
2024-10-08 00:00:00+00:00,0.67551,0.67688,0.67148,0.67326,15619,9,0
2024-10-08 04:00:00+00:00,0.67326,0.6742,0.67184,0.67356,9459,9,0
2024-10-08 08:00:00+00:00,0.67357,0.6742,0.67207,0.67405,6318,9,0
2024-10-08 12:00:00+00:00,0.67404,0.67443,0.67215,0.67367,10101,9,0
2024-10-08 16:00:00+00:00,0.67369,0.67497,0.67283,0.67482,5930,9,0
2024-10-08 20:00:00+00:00,0.67482,0.67483,0.67383,0.67389,2451,9,0
2024-10-09 00:00:00+00:00,0.67389,0.67477,0.67254,0.67292,11902,9,0
2024-10-09 04:00:00+00:00,0.67293,0.67615,0.67227,0.67307,15155,9,0
2024-10-09 08:00:00+00:00,0.67308,0.67393,0.67241,0.67281,5376,9,0
2024-10-09 12:00:00+00:00,0.67281,0.67312,0.67075,0.67238,8719,9,0
2024-10-09 16:00:00+00:00,0.67236,0.67238,0.67108,0.67135,5477,9,0
2024-10-09 20:00:00+00:00,0.67134,0.67202,0.671,0.67157,2740,9,0
2024-10-10 00:00:00+00:00,0.67156,0.67332,0.67131,0.67321,9125,9,0
2024-10-10 04:00:00+00:00,0.6732,0.67418,0.67251,0.67282,7015,9,0
2024-10-10 08:00:00+00:00,0.67282,0.67291,0.67126,0.67166,4656,9,0
2024-10-10 12:00:00+00:00,0.67166,0.67392,0.67005,0.67317,18791,9,0
2024-10-10 16:00:00+00:00,0.67317,0.67375,0.67113,0.67371,7717,9,0
2024-10-10 20:00:00+00:00,0.67373,0.67435,0.6737,0.67404,2463,9,0
2024-10-11 00:00:00+00:00,0.67406,0.67489,0.67362,0.67475,5271,9,0
2024-10-11 04:00:00+00:00,0.67475,0.67489,0.67258,0.67424,4432,9,0
2024-10-11 08:00:00+00:00,0.67424,0.67444,0.67244,0.673,5211,9,0
2024-10-11 12:00:00+00:00,0.67299,0.67584,0.67269,0.67545,11307,9,0
2024-10-11 16:00:00+00:00,0.67546,0.67589,0.67528,0.67531,3459,9,0
2024-10-11 20:00:00+00:00,0.67531,0.67554,0.67493,0.67513,539,9,0
2024-10-13 20:00:00+00:00,0.67346,0.67405,0.67229,0.67299,3164,9,0
2024-10-14 00:00:00+00:00,0.673,0.67445,0.67218,0.67387,9332,9,0
2024-10-14 04:00:00+00:00,0.67388,0.67435,0.67291,0.6731,5497,9,0
2024-10-14 08:00:00+00:00,0.6731,0.67343,0.67137,0.67162,4903,9,0
2024-10-14 12:00:00+00:00,0.67162,0.67371,0.67018,0.67226,10267,9,0
2024-10-14 16:00:00+00:00,0.67226,0.67248,0.67121,0.67222,4650,9,0
2024-10-14 20:00:00+00:00,0.67222,0.67272,0.67202,0.67246,2217,9,0
2024-10-15 00:00:00+00:00,0.67248,0.67322,0.67159,0.67171,6524,9,0
2024-10-15 04:00:00+00:00,0.67172,0.67172,0.67018,0.67074,7086,9,0
2024-10-15 08:00:00+00:00,0.67074,0.67174,0.67035,0.67146,6310,9,0
2024-10-15 12:00:00+00:00,0.67147,0.67255,0.67019,0.67076,10044,9,0
2024-10-15 16:00:00+00:00,0.67077,0.67113,0.66991,0.67001,5503,9,0
2024-10-15 20:00:00+00:00,0.67,0.67036,0.66731,0.66773,3204,9,0
2024-10-16 00:00:00+00:00,0.66771,0.67005,0.66679,0.66922,9170,9,0
2024-10-16 04:00:00+00:00,0.66922,0.66986,0.66832,0.66906,6942,9,0
2024-10-16 08:00:00+00:00,0.66906,0.6693,0.66799,0.6685,5728,9,0
2024-10-16 12:00:00+00:00,0.66851,0.66897,0.66579,0.66615,8623,9,0
2024-10-16 16:00:00+00:00,0.66616,0.66674,0.66597,0.66651,3808,9,0
2024-10-16 20:00:00+00:00,0.66652,0.66675,0.66589,0.66641,2004,9,0
2024-10-17 00:00:00+00:00,0.66641,0.67099,0.66633,0.66862,9114,9,0
2024-10-17 04:00:00+00:00,0.66862,0.66948,0.66719,0.66773,6050,9,0
2024-10-17 08:00:00+00:00,0.66772,0.6701,0.66749,0.66957,5183,9,0
2024-10-17 12:00:00+00:00,0.66957,0.67088,0.66796,0.67009,13685,9,0
2024-10-17 16:00:00+00:00,0.67011,0.67025,0.66923,0.66947,5017,9,0
2024-10-17 20:00:00+00:00,0.66947,0.67011,0.66931,0.6699,1924,9,0
2024-10-18 00:00:00+00:00,0.6699,0.67178,0.66937,0.67045,7454,9,0
2024-10-18 04:00:00+00:00,0.67045,0.67176,0.66976,0.67135,6471,9,0
2024-10-18 08:00:00+00:00,0.67135,0.67166,0.67062,0.67114,4758,9,0
2024-10-18 12:00:00+00:00,0.67116,0.67189,0.66981,0.66987,7218,9,0
2024-10-18 16:00:00+00:00,0.66987,0.67101,0.66974,0.67026,4127,9,0
2024-10-18 20:00:00+00:00,0.67025,0.67063,0.6702,0.6706,519,9,0
2024-10-20 20:00:00+00:00,0.66969,0.67153,0.66944,0.67132,2033,9,0
2024-10-21 00:00:00+00:00,0.67133,0.67228,0.6705,0.67162,6696,9,0
2024-10-21 04:00:00+00:00,0.67162,0.67176,0.66819,0.66887,5858,9,0
2024-10-21 08:00:00+00:00,0.66886,0.66927,0.66795,0.66871,4661,9,0
2024-10-21 12:00:00+00:00,0.66871,0.66986,0.6655,0.66585,7375,9,0
2024-10-21 16:00:00+00:00,0.66584,0.66626,0.66524,0.66574,3991,9,0
2024-10-21 20:00:00+00:00,0.66574,0.66593,0.66516,0.66538,1890,9,0
2024-10-22 00:00:00+00:00,0.66537,0.66848,0.66503,0.66837,7411,9,0
2024-10-22 04:00:00+00:00,0.66837,0.6692,0.66794,0.66815,5531,9,0
2024-10-22 08:00:00+00:00,0.66813,0.66872,0.66773,0.66839,4964,9,0
2024-10-22 12:00:00+00:00,0.66839,0.66947,0.66767,0.6678,8144,9,0
2024-10-22 16:00:00+00:00,0.66779,0.669,0.66758,0.66808,4162,9,0
2024-10-22 20:00:00+00:00,0.66808,0.66848,0.66782,0.66813,1824,9,0
2024-10-23 00:00:00+00:00,0.66812,0.66911,0.66623,0.66799,8270,9,0
2024-10-23 04:00:00+00:00,0.66799,0.66809,0.66614,0.66623,5714,9,0
2024-10-23 08:00:00+00:00,0.66621,0.66637,0.66348,0.66366,4729,9,0
2024-10-23 12:00:00+00:00,0.66365,0.66423,0.66276,0.66308,8445,9,0
2024-10-23 16:00:00+00:00,0.66307,0.66336,0.66137,0.66331,5449,9,0
2024-10-23 20:00:00+00:00,0.66333,0.66367,0.66306,0.66342,2164,9,0
2024-10-24 00:00:00+00:00,0.66342,0.66502,0.66289,0.66451,5678,9,0
2024-10-24 04:00:00+00:00,0.66449,0.66598,0.66411,0.66564,5286,9,0
2024-10-24 08:00:00+00:00,0.66564,0.66609,0.6651,0.66534,4616,9,0
2024-10-24 12:00:00+00:00,0.66534,0.66577,0.66229,0.66283,9174,9,0
2024-10-24 16:00:00+00:00,0.66283,0.66436,0.66207,0.66403,5182,9,0
2024-10-24 20:00:00+00:00,0.66405,0.66409,0.663,0.66343,2222,9,0
2024-10-25 00:00:00+00:00,0.66345,0.66383,0.66212,0.66227,5400,9,0
2024-10-25 04:00:00+00:00,0.66226,0.663,0.66171,0.66281,5023,9,0
2024-10-25 08:00:00+00:00,0.6628,0.66366,0.66245,0.66345,3832,9,0
2024-10-25 12:00:00+00:00,0.66345,0.66464,0.662,0.66204,7538,9,0
2024-10-25 16:00:00+00:00,0.66203,0.66203,0.66006,0.66029,5488,9,0
2024-10-25 20:00:00+00:00,0.6603,0.66052,0.66022,0.66038,555,9,0
2024-10-27 20:00:00+00:00,0.65995,0.66105,0.6598,0.66028,2424,9,0
2024-10-28 00:00:00+00:00,0.66027,0.66078,0.6581,0.65823,5765,9,0
2024-10-28 04:00:00+00:00,0.65823,0.6602,0.65792,0.65982,4500,9,0
2024-10-28 08:00:00+00:00,0.6598,0.66097,0.65948,0.66066,4382,9,0
2024-10-28 12:00:00+00:00,0.66065,0.66091,0.65854,0.6586,6632,9,0
2024-10-28 16:00:00+00:00,0.65859,0.65913,0.65799,0.65827,4353,9,0
2024-10-28 20:00:00+00:00,0.65827,0.65842,0.65778,0.65831,1859,9,0
2024-10-29 00:00:00+00:00,0.65829,0.65843,0.65614,0.65634,6011,9,0
2024-10-29 04:00:00+00:00,0.65634,0.65705,0.656,0.65648,4507,9,0
2024-10-29 08:00:00+00:00,0.65649,0.65805,0.65585,0.65621,5801,9,0
2024-10-29 12:00:00+00:00,0.65623,0.65729,0.65448,0.65558,10729,9,0
2024-10-29 16:00:00+00:00,0.65558,0.65615,0.65491,0.65557,5499,9,0
2024-10-29 20:00:00+00:00,0.65556,0.65612,0.6555,0.65578,1903,9,0
2024-10-30 00:00:00+00:00,0.65578,0.65703,0.65365,0.65404,6569,9,0
2024-10-30 04:00:00+00:00,0.65403,0.6561,0.65374,0.65591,4600,9,0
2024-10-30 08:00:00+00:00,0.6559,0.65847,0.65589,0.65757,5884,9,0
2024-10-30 12:00:00+00:00,0.65756,0.65956,0.65636,0.65817,11719,9,0
2024-10-30 16:00:00+00:00,0.65816,0.6584,0.65744,0.65753,5284,9,0
2024-10-30 20:00:00+00:00,0.65753,0.65774,0.65688,0.65723,2406,9,0
2024-10-31 00:00:00+00:00,0.65723,0.65763,0.65639,0.65706,5724,9,0
2024-10-31 04:00:00+00:00,0.65706,0.65786,0.65667,0.65759,4420,9,0
2024-10-31 08:00:00+00:00,0.6576,0.65771,0.65608,0.65709,4696,9,0
2024-10-31 12:00:00+00:00,0.65709,0.65764,0.65392,0.6549,12120,9,0
2024-10-31 16:00:00+00:00,0.6549,0.65801,0.65485,0.65796,6645,9,0
2024-10-31 20:00:00+00:00,0.65796,0.65838,0.65763,0.65763,2654,9,0
2024-11-01 00:00:00+00:00,0.65763,0.6583,0.65685,0.65774,5956,9,0
2024-11-01 04:00:00+00:00,0.65772,0.65798,0.65572,0.65591,4664,9,0
2024-11-01 08:00:00+00:00,0.6559,0.65691,0.65557,0.65664,4260,9,0
2024-11-01 12:00:00+00:00,0.65665,0.65908,0.65604,0.65821,14295,9,0
2024-11-01 16:00:00+00:00,0.6582,0.65832,0.65535,0.65558,6076,9,0
2024-11-01 20:00:00+00:00,0.65559,0.65599,0.65548,0.65592,666,9,0
2024-11-03 20:00:00+00:00,0.65978,0.66025,0.65782,0.65902,2092,9,0
2024-11-04 00:00:00+00:00,0.65902,0.66186,0.65848,0.66137,7907,9,0
2024-11-04 04:00:00+00:00,0.66135,0.66139,0.65853,0.65855,5527,9,0
2024-11-04 08:00:00+00:00,0.65853,0.66044,0.65837,0.66037,5459,9,0
2024-11-04 12:00:00+00:00,0.66036,0.66107,0.65891,0.65995,8347,9,0
2024-11-04 16:00:00+00:00,0.65996,0.66009,0.65792,0.65868,6769,9,0
2024-11-04 20:00:00+00:00,0.65869,0.65892,0.65822,0.65836,2742,9,0
2024-11-05 00:00:00+00:00,0.65836,0.65979,0.65785,0.65844,6241,9,0
2024-11-05 04:00:00+00:00,0.65843,0.66127,0.65837,0.66093,4978,9,0
2024-11-05 08:00:00+00:00,0.66094,0.66259,0.66082,0.66234,4141,9,0
2024-11-05 12:00:00+00:00,0.66236,0.66375,0.66215,0.66333,7186,9,0
2024-11-05 16:00:00+00:00,0.66333,0.6641,0.66287,0.66345,5329,9,0
2024-11-05 20:00:00+00:00,0.66344,0.6644,0.66254,0.664,3891,9,0
2024-11-06 00:00:00+00:00,0.66401,0.66417,0.65122,0.65173,31459,9,0
2024-11-06 04:00:00+00:00,0.65174,0.65637,0.65151,0.65484,23546,9,0
2024-11-06 08:00:00+00:00,0.65483,0.65959,0.65468,0.65563,13921,9,0
2024-11-06 12:00:00+00:00,0.65563,0.65799,0.65471,0.65738,17521,9,0
2024-11-06 16:00:00+00:00,0.65738,0.65928,0.65626,0.65827,10948,9,0
2024-11-06 20:00:00+00:00,0.65826,0.65857,0.65634,0.65665,3848,9,0
2024-11-07 00:00:00+00:00,0.65664,0.66224,0.65637,0.66203,10076,9,0
2024-11-07 04:00:00+00:00,0.66204,0.66369,0.66161,0.66227,7455,9,0
2024-11-07 08:00:00+00:00,0.66229,0.66375,0.66208,0.66305,6802,9,0
2024-11-07 12:00:00+00:00,0.66305,0.66873,0.66291,0.66851,12369,9,0
2024-11-07 16:00:00+00:00,0.66852,0.66865,0.66527,0.66672,13178,9,0
2024-11-07 20:00:00+00:00,0.6667,0.66848,0.6666,0.66745,6154,9,0
2024-11-08 00:00:00+00:00,0.66745,0.66752,0.66454,0.66476,7608,9,0
2024-11-08 04:00:00+00:00,0.66476,0.66569,0.66449,0.66516,6127,9,0
2024-11-08 08:00:00+00:00,0.66515,0.66537,0.66224,0.6633,10870,9,0
2024-11-08 12:00:00+00:00,0.66332,0.66335,0.65968,0.65998,10828,9,0
2024-11-08 16:00:00+00:00,0.65997,0.65998,0.65579,0.65788,8489,9,0
2024-11-08 20:00:00+00:00,0.65788,0.65858,0.6574,0.65813,2184,9,0
2024-11-10 20:00:00+00:00,0.65764,0.65862,0.657,0.65837,1760,9,0
2024-11-11 00:00:00+00:00,0.65835,0.65979,0.6582,0.65931,6804,9,0
2024-11-11 04:00:00+00:00,0.65931,0.6597,0.65745,0.65823,5808,9,0
2024-11-11 08:00:00+00:00,0.65822,0.65894,0.65741,0.6585,6791,9,0
2024-11-11 12:00:00+00:00,0.65852,0.65868,0.65651,0.65694,8454,9,0
2024-11-11 16:00:00+00:00,0.65694,0.65753,0.65624,0.6568,5325,9,0
2024-11-11 20:00:00+00:00,0.6568,0.65783,0.6568,0.65783,2407,9,0
2024-11-12 00:00:00+00:00,0.65784,0.65813,0.65502,0.65515,8566,9,0
2024-11-12 04:00:00+00:00,0.65514,0.6558,0.6545,0.65504,7077,9,0
2024-11-12 08:00:00+00:00,0.65505,0.65543,0.65341,0.65427,7180,9,0
2024-11-12 12:00:00+00:00,0.65426,0.65564,0.65337,0.65414,10298,9,0
2024-11-12 16:00:00+00:00,0.65416,0.65445,0.65137,0.65309,8242,9,0
2024-11-12 20:00:00+00:00,0.65308,0.65393,0.65256,0.6529,3525,9,0
2024-11-13 00:00:00+00:00,0.6529,0.65393,0.65161,0.65329,7553,9,0
2024-11-13 04:00:00+00:00,0.65329,0.6537,0.65202,0.65216,5228,9,0
2024-11-13 08:00:00+00:00,0.65214,0.65351,0.65176,0.65276,6103,9,0
2024-11-13 12:00:00+00:00,0.65277,0.65455,0.64798,0.64989,17834,9,0
2024-11-13 16:00:00+00:00,0.64991,0.64999,0.64819,0.64841,8632,9,0
2024-11-13 20:00:00+00:00,0.64842,0.64965,0.64805,0.6493,3557,9,0
2024-11-14 00:00:00+00:00,0.64932,0.64952,0.64657,0.64694,8015,9,0
2024-11-14 04:00:00+00:00,0.64695,0.64792,0.6459,0.64731,6689,9,0
2024-11-14 08:00:00+00:00,0.64729,0.64779,0.64524,0.64673,7931,9,0
2024-11-14 12:00:00+00:00,0.64673,0.64866,0.64547,0.64804,14252,9,0
2024-11-14 16:00:00+00:00,0.64805,0.64878,0.64674,0.64698,7727,9,0
2024-11-14 20:00:00+00:00,0.64699,0.64703,0.64405,0.64549,7943,9,0
2024-11-15 00:00:00+00:00,0.64549,0.64669,0.6445,0.64624,7636,9,0
2024-11-15 04:00:00+00:00,0.64624,0.64698,0.64544,0.6464,5958,9,0
2024-11-15 08:00:00+00:00,0.6464,0.64784,0.64559,0.64744,7322,9,0
2024-11-15 12:00:00+00:00,0.64742,0.64809,0.64425,0.64594,14373,9,0
2024-11-15 16:00:00+00:00,0.64594,0.64677,0.64542,0.64554,8731,9,0
2024-11-15 20:00:00+00:00,0.64554,0.64658,0.64499,0.6463,2999,9,0
2024-11-17 20:00:00+00:00,0.64555,0.64646,0.64521,0.6464,1414,9,0
2024-11-18 00:00:00+00:00,0.64645,0.64787,0.64606,0.6465,7340,9,0
2024-11-18 04:00:00+00:00,0.64651,0.64738,0.64535,0.64564,5638,9,0
2024-11-18 08:00:00+00:00,0.64565,0.64631,0.64476,0.6452,7227,9,0
2024-11-18 12:00:00+00:00,0.64519,0.64867,0.64482,0.64833,8783,9,0
2024-11-18 16:00:00+00:00,0.64833,0.65107,0.64829,0.65042,6736,9,0
2024-11-18 20:00:00+00:00,0.65041,0.65089,0.6502,0.65053,2799,9,0
2024-11-19 00:00:00+00:00,0.65053,0.65212,0.64957,0.65206,6653,9,0
2024-11-19 04:00:00+00:00,0.65206,0.65235,0.65024,0.65101,5607,9,0
2024-11-19 08:00:00+00:00,0.651,0.65172,0.64821,0.64928,11776,9,0
2024-11-19 12:00:00+00:00,0.64929,0.65206,0.64923,0.65203,13016,9,0
2024-11-19 16:00:00+00:00,0.65204,0.65318,0.65142,0.65301,7437,9,0
2024-11-19 20:00:00+00:00,0.65301,0.65407,0.65263,0.65407,3049,9,0
2024-11-20 00:00:00+00:00,0.65408,0.6544,0.65224,0.65256,5527,9,0
2024-11-20 04:00:00+00:00,0.65256,0.65316,0.65191,0.652,5116,9,0
2024-11-20 08:00:00+00:00,0.65199,0.65224,0.64971,0.65019,6787,9,0
2024-11-20 12:00:00+00:00,0.65019,0.65112,0.64848,0.64903,8469,9,0
2024-11-20 16:00:00+00:00,0.64903,0.6502,0.6484,0.64955,6674,9,0
2024-11-20 20:00:00+00:00,0.64953,0.65117,0.64934,0.65113,2851,9,0
2024-11-21 00:00:00+00:00,0.65113,0.65228,0.6506,0.65225,5274,9,0
2024-11-21 04:00:00+00:00,0.65225,0.65233,0.65088,0.65124,6298,9,0
2024-11-21 08:00:00+00:00,0.65126,0.65245,0.65058,0.6518,7978,9,0
2024-11-21 12:00:00+00:00,0.65179,0.65322,0.65132,0.65149,11412,9,0
2024-11-21 16:00:00+00:00,0.65148,0.65198,0.64969,0.65154,8868,9,0
2024-11-21 20:00:00+00:00,0.65153,0.6517,0.65078,0.6509,2566,9,0
2024-11-22 00:00:00+00:00,0.65089,0.65211,0.65085,0.65116,5885,9,0
2024-11-22 04:00:00+00:00,0.65116,0.6513,0.64867,0.65038,6396,9,0
2024-11-22 08:00:00+00:00,0.65039,0.65182,0.64709,0.65025,15024,9,0
2024-11-22 12:00:00+00:00,0.65026,0.6508,0.64907,0.64937,13931,9,0
2024-11-22 16:00:00+00:00,0.64938,0.65054,0.64813,0.64972,7537,9,0
2024-11-22 20:00:00+00:00,0.6497,0.65026,0.6494,0.65015,2032,9,0
2024-11-24 20:00:00+00:00,0.65293,0.6548,0.65157,0.65388,2394,9,0
2024-11-25 00:00:00+00:00,0.65389,0.65494,0.65218,0.65232,7076,9,0
2024-11-25 04:00:00+00:00,0.65232,0.65284,0.65048,0.65059,6131,9,0
2024-11-25 08:00:00+00:00,0.65061,0.6518,0.6498,0.65046,7479,9,0
2024-11-25 12:00:00+00:00,0.65047,0.65269,0.64968,0.65014,10538,9,0
2024-11-25 16:00:00+00:00,0.65016,0.65045,0.64871,0.65031,7072,9,0
2024-11-25 20:00:00+00:00,0.65031,0.65064,0.64545,0.64627,4613,9,0
2024-11-26 00:00:00+00:00,0.64629,0.64919,0.64337,0.64908,15512,9,0
2024-11-26 04:00:00+00:00,0.64908,0.65016,0.64747,0.64751,7497,9,0
2024-11-26 08:00:00+00:00,0.64749,0.64957,0.64737,0.64917,7632,9,0
2024-11-26 12:00:00+00:00,0.64917,0.65072,0.646,0.64655,13057,9,0
2024-11-26 16:00:00+00:00,0.64656,0.64682,0.64475,0.64591,9364,9,0
2024-11-26 20:00:00+00:00,0.64591,0.64779,0.64577,0.64739,4286,9,0
2024-11-27 00:00:00+00:00,0.64738,0.64845,0.64591,0.64799,9044,9,0
2024-11-27 04:00:00+00:00,0.64799,0.64912,0.64709,0.64855,6055,9,0
2024-11-27 08:00:00+00:00,0.64853,0.65001,0.64729,0.64794,8794,9,0
2024-11-27 12:00:00+00:00,0.64794,0.64993,0.64735,0.64924,12224,9,0
2024-11-27 16:00:00+00:00,0.64924,0.64995,0.64838,0.64957,8630,9,0
2024-11-27 20:00:00+00:00,0.64956,0.65029,0.64933,0.64963,2964,9,0
2024-11-28 00:00:00+00:00,0.64964,0.6509,0.64858,0.6488,6470,9,0
2024-11-28 04:00:00+00:00,0.6488,0.64921,0.64804,0.64824,5212,9,0
2024-11-28 08:00:00+00:00,0.64823,0.6505,0.64769,0.64975,7075,9,0
2024-11-28 12:00:00+00:00,0.64976,0.65034,0.64901,0.64993,5928,9,0
2024-11-28 16:00:00+00:00,0.64992,0.65038,0.64973,0.65022,2023,9,0
2024-11-28 20:00:00+00:00,0.65022,0.65071,0.64936,0.65066,1969,9,0
2024-11-29 00:00:00+00:00,0.65065,0.65204,0.65019,0.65203,7292,9,0
2024-11-29 04:00:00+00:00,0.65204,0.65275,0.65105,0.65165,6244,9,0
2024-11-29 08:00:00+00:00,0.65165,0.65171,0.64995,0.65074,7017,9,0
2024-11-29 12:00:00+00:00,0.65075,0.65173,0.64954,0.65134,9268,9,0
2024-11-29 16:00:00+00:00,0.65136,0.65253,0.65073,0.65252,6022,9,0
2024-11-29 20:00:00+00:00,0.65252,0.65254,0.65127,0.65129,1848,18,0
2024-12-01 20:00:00+00:00,0.65063,0.65124,0.64972,0.65013,1737,9,0
2024-12-02 00:00:00+00:00,0.65012,0.65065,0.64905,0.64976,8214,9,0
2024-12-02 04:00:00+00:00,0.64976,0.65104,0.649,0.64964,7673,9,0
2024-12-02 08:00:00+00:00,0.64963,0.65027,0.64882,0.64906,8118,9,0
2024-12-02 12:00:00+00:00,0.64906,0.64945,0.64445,0.64468,11364,9,0
2024-12-02 16:00:00+00:00,0.64469,0.64719,0.64427,0.64709,7547,9,0
2024-12-02 20:00:00+00:00,0.64708,0.64836,0.64688,0.64744,4512,9,0
2024-12-03 00:00:00+00:00,0.64744,0.64809,0.64549,0.64683,7327,9,0
2024-12-03 04:00:00+00:00,0.64683,0.64861,0.64656,0.64837,5773,9,0
2024-12-03 08:00:00+00:00,0.64836,0.65041,0.6483,0.64901,7123,9,0
2024-12-03 12:00:00+00:00,0.64901,0.64905,0.64606,0.64769,11215,9,0
2024-12-03 16:00:00+00:00,0.6477,0.64935,0.64697,0.64796,6922,9,0
2024-12-03 20:00:00+00:00,0.64795,0.64863,0.64781,0.64846,2639,9,0
2024-12-04 00:00:00+00:00,0.64846,0.64879,0.64077,0.64146,10298,9,0
2024-12-04 04:00:00+00:00,0.64146,0.64506,0.64101,0.64389,7788,9,0
2024-12-04 08:00:00+00:00,0.64387,0.64396,0.64086,0.6413,7937,9,0
2024-12-04 12:00:00+00:00,0.64129,0.64374,0.63991,0.64333,12350,9,0
2024-12-04 16:00:00+00:00,0.64334,0.6443,0.64279,0.64351,8328,9,0
2024-12-04 20:00:00+00:00,0.64351,0.6441,0.6426,0.64308,3433,9,0
2024-12-05 00:00:00+00:00,0.64311,0.64364,0.64211,0.64347,5625,9,0
2024-12-05 04:00:00+00:00,0.64346,0.64483,0.64305,0.64467,4298,9,0
2024-12-05 08:00:00+00:00,0.64465,0.64524,0.64345,0.64386,5478,9,0
2024-12-05 12:00:00+00:00,0.64385,0.64527,0.64231,0.64347,10060,9,0
2024-12-05 16:00:00+00:00,0.64346,0.64544,0.64261,0.64523,6309,9,0
2024-12-05 20:00:00+00:00,0.64522,0.64552,0.64481,0.64504,3078,9,0
2024-12-06 00:00:00+00:00,0.64504,0.64508,0.64195,0.64353,6882,9,0
2024-12-06 04:00:00+00:00,0.64352,0.6436,0.64222,0.64296,4940,9,0
2024-12-06 08:00:00+00:00,0.64297,0.64317,0.64137,0.64159,5405,9,0
2024-12-06 12:00:00+00:00,0.64158,0.64444,0.63834,0.63892,16230,9,0
2024-12-06 16:00:00+00:00,0.63893,0.63922,0.63725,0.63844,7538,9,0
2024-12-06 20:00:00+00:00,0.63844,0.6392,0.6384,0.63888,1749,9,0
2024-12-08 20:00:00+00:00,0.63771,0.63818,0.63769,0.63818,146,219,0
2024-12-09 00:00:00+00:00,0.63948,0.63981,0.63838,0.6384,1187,9,0
2024-12-09 04:00:00+00:00,0.63839,0.64229,0.63795,0.64228,6328,9,0
2024-12-09 08:00:00+00:00,0.64228,0.64496,0.64194,0.64414,7216,9,0
2024-12-09 12:00:00+00:00,0.64413,0.64708,0.6439,0.64663,8940,9,0
2024-12-09 16:00:00+00:00,0.64664,0.6471,0.64403,0.64438,5831,9,0
2024-12-09 20:00:00+00:00,0.64438,0.6445,0.64337,0.64372,2850,9,0
2024-12-10 00:00:00+00:00,0.64372,0.64375,0.63797,0.63928,9281,9,0
2024-12-10 04:00:00+00:00,0.63928,0.64042,0.63816,0.63824,8557,9,0
2024-12-10 08:00:00+00:00,0.63825,0.64019,0.63805,0.63981,6972,9,0
2024-12-10 12:00:00+00:00,0.63981,0.64007,0.63666,0.63691,8519,9,0
2024-12-10 16:00:00+00:00,0.63693,0.63836,0.63651,0.63812,5762,9,0
2024-12-10 20:00:00+00:00,0.63812,0.63831,0.63736,0.63752,2706,9,0
2024-12-11 00:00:00+00:00,0.63752,0.63887,0.63687,0.63824,5983,9,0
2024-12-11 04:00:00+00:00,0.63824,0.63831,0.63404,0.63491,8525,9,0
2024-12-11 08:00:00+00:00,0.63525,0.63634,0.63362,0.6351,8080,9,0
2024-12-11 12:00:00+00:00,0.6351,0.63763,0.63502,0.63648,14383,9,0
2024-12-11 16:00:00+00:00,0.63648,0.63774,0.63621,0.63702,7781,9,0
2024-12-11 20:00:00+00:00,0.63702,0.63833,0.63634,0.63817,3295,9,0
2024-12-12 00:00:00+00:00,0.63817,0.64171,0.63767,0.64162,7997,9,0
2024-12-12 04:00:00+00:00,0.64161,0.6429,0.6411,0.64148,5754,9,0
2024-12-12 08:00:00+00:00,0.64147,0.64186,0.63959,0.64024,9056,9,0
2024-12-12 12:00:00+00:00,0.64024,0.64038,0.63679,0.63802,14984,9,0
2024-12-12 16:00:00+00:00,0.63802,0.63919,0.63626,0.63633,8295,9,0
2024-12-12 20:00:00+00:00,0.63633,0.63717,0.63605,0.63708,3532,9,0
2024-12-13 00:00:00+00:00,0.63707,0.63715,0.63539,0.63617,6995,9,0
2024-12-13 04:00:00+00:00,0.63616,0.63699,0.63545,0.63685,5769,9,0
2024-12-13 08:00:00+00:00,0.63685,0.63756,0.63573,0.63703,7089,9,0
2024-12-13 12:00:00+00:00,0.63703,0.63833,0.63514,0.63589,8279,9,0
2024-12-13 16:00:00+00:00,0.63589,0.63614,0.6353,0.63565,6140,9,0
2024-12-13 20:00:00+00:00,0.63567,0.63611,0.6353,0.63607,1575,9,0
2024-12-15 20:00:00+00:00,0.63427,0.63679,0.63423,0.63665,1224,9,0
2024-12-16 00:00:00+00:00,0.63664,0.63738,0.63616,0.63735,5836,9,0
2024-12-16 04:00:00+00:00,0.63735,0.63822,0.63657,0.63697,4823,9,0
2024-12-16 08:00:00+00:00,0.63697,0.63756,0.63497,0.63531,5339,9,0
2024-12-16 12:00:00+00:00,0.63532,0.63697,0.63447,0.63696,7538,9,0
2024-12-16 16:00:00+00:00,0.63697,0.63766,0.63636,0.63682,5474,9,0
2024-12-16 20:00:00+00:00,0.63682,0.63764,0.63664,0.63761,2671,9,0
2024-12-17 00:00:00+00:00,0.63761,0.63775,0.63596,0.63614,5384,9,0
2024-12-17 04:00:00+00:00,0.63614,0.63652,0.63434,0.63503,4471,9,0
2024-12-17 08:00:00+00:00,0.63501,0.63505,0.63363,0.63429,5062,9,0
2024-12-17 12:00:00+00:00,0.63429,0.63544,0.63356,0.6341,8107,9,0
2024-12-17 16:00:00+00:00,0.63411,0.6343,0.63319,0.63351,5250,9,0
2024-12-17 20:00:00+00:00,0.63351,0.63387,0.63312,0.63387,2227,9,0
2024-12-18 00:00:00+00:00,0.63388,0.63388,0.6317,0.63173,5179,9,0
2024-12-18 04:00:00+00:00,0.63173,0.63229,0.63094,0.63147,4866,9,0
2024-12-18 08:00:00+00:00,0.63146,0.6316,0.63049,0.6314,5069,9,0
2024-12-18 12:00:00+00:00,0.6314,0.63268,0.63049,0.63058,6673,9,0
2024-12-18 16:00:00+00:00,0.63057,0.63071,0.6239,0.62407,12348,9,0
2024-12-18 20:00:00+00:00,0.62405,0.6244,0.61995,0.62044,10663,9,0
2024-12-19 00:00:00+00:00,0.62048,0.62336,0.61988,0.62284,9872,9,0
2024-12-19 04:00:00+00:00,0.62285,0.62391,0.62144,0.62362,7401,9,0
2024-12-19 08:00:00+00:00,0.6236,0.62508,0.62322,0.6249,7550,9,0
2024-12-19 12:00:00+00:00,0.6249,0.62648,0.62456,0.62528,11316,9,0
2024-12-19 16:00:00+00:00,0.6253,0.62625,0.62395,0.62421,8241,9,0
2024-12-19 20:00:00+00:00,0.62423,0.62453,0.6229,0.62306,3836,9,0
2024-12-20 00:00:00+00:00,0.62307,0.62346,0.62147,0.62209,7135,9,0
2024-12-20 04:00:00+00:00,0.62211,0.6246,0.62196,0.62457,6438,9,0
2024-12-20 08:00:00+00:00,0.62456,0.6249,0.62244,0.62262,6572,9,0
2024-12-20 12:00:00+00:00,0.62263,0.62558,0.62259,0.62462,10455,9,0
2024-12-20 16:00:00+00:00,0.62462,0.6274,0.62438,0.62664,8197,9,0
2024-12-20 20:00:00+00:00,0.62664,0.62681,0.62496,0.62505,2359,9,0
2024-12-22 20:00:00+00:00,0.62435,0.62579,0.62398,0.62531,1495,9,0
2024-12-23 00:00:00+00:00,0.62542,0.62593,0.62438,0.62503,5074,9,0
2024-12-23 04:00:00+00:00,0.62503,0.62636,0.62463,0.62489,4355,9,0
2024-12-23 08:00:00+00:00,0.62489,0.62644,0.62413,0.6244,5214,9,0
2024-12-23 12:00:00+00:00,0.62441,0.62447,0.62186,0.62304,7688,9,0
2024-12-23 16:00:00+00:00,0.62304,0.62505,0.62251,0.62481,6092,9,0
2024-12-23 20:00:00+00:00,0.62481,0.62521,0.62419,0.62431,3024,9,0
2024-12-24 00:00:00+00:00,0.6243,0.62455,0.62243,0.6237,5348,9,0
2024-12-24 04:00:00+00:00,0.62371,0.62482,0.62331,0.62404,3602,9,0
2024-12-24 08:00:00+00:00,0.62404,0.62445,0.62307,0.6232,3674,9,0
2024-12-24 12:00:00+00:00,0.62321,0.6241,0.62264,0.62279,5423,9,0
2024-12-24 16:00:00+00:00,0.62277,0.62398,0.62258,0.62359,3460,9,0
2024-12-24 20:00:00+00:00,0.62359,0.62418,0.62307,0.6234,1106,27,0
2024-12-25 20:00:00+00:00,0.62337,0.62465,0.62284,0.62431,1143,9,0
2024-12-26 00:00:00+00:00,0.62431,0.62538,0.62382,0.62488,3552,9,0
2024-12-26 04:00:00+00:00,0.62488,0.62488,0.62299,0.62365,3132,9,0
2024-12-26 08:00:00+00:00,0.62366,0.62372,0.62223,0.6234,3160,9,0
2024-12-26 12:00:00+00:00,0.62338,0.6234,0.62155,0.62162,5785,9,0
2024-12-26 16:00:00+00:00,0.62162,0.62288,0.62154,0.62212,4983,9,0
2024-12-26 20:00:00+00:00,0.62212,0.6223,0.62122,0.62227,2749,9,0
2024-12-27 00:00:00+00:00,0.62229,0.62245,0.62119,0.62164,4366,9,0
2024-12-27 04:00:00+00:00,0.62164,0.6222,0.62046,0.62213,3454,9,0
2024-12-27 08:00:00+00:00,0.62212,0.62255,0.62051,0.62178,4580,9,0
2024-12-27 12:00:00+00:00,0.62178,0.62253,0.62008,0.62126,7515,9,0
2024-12-27 16:00:00+00:00,0.62127,0.62194,0.62002,0.62181,5814,9,0
2024-12-27 20:00:00+00:00,0.62183,0.62184,0.62113,0.62161,1782,9,0
2024-12-29 20:00:00+00:00,0.62133,0.62335,0.62033,0.62247,1405,9,0
2024-12-30 00:00:00+00:00,0.62247,0.62421,0.622,0.62417,3772,9,0
2024-12-30 04:00:00+00:00,0.62416,0.62465,0.62349,0.62374,3806,9,0
2024-12-30 08:00:00+00:00,0.62372,0.62425,0.62205,0.62405,5063,9,0
2024-12-30 12:00:00+00:00,0.62405,0.62423,0.62014,0.62159,9252,9,0
2024-12-30 16:00:00+00:00,0.62159,0.62328,0.62124,0.62235,6323,9,0
2024-12-30 20:00:00+00:00,0.62235,0.62287,0.62129,0.62178,2995,9,0
2024-12-31 00:00:00+00:00,0.62178,0.62311,0.62101,0.6213,3957,9,0
2024-12-31 04:00:00+00:00,0.6213,0.62247,0.62073,0.6221,3120,9,0
2024-12-31 08:00:00+00:00,0.6221,0.62211,0.62085,0.62105,5181,9,0
2024-12-31 12:00:00+00:00,0.62105,0.62112,0.61899,0.61916,9415,9,0
2024-12-31 16:00:00+00:00,0.61916,0.61941,0.61787,0.61887,7106,9,0
2024-12-31 20:00:00+00:00,0.61886,0.61938,0.61873,0.61875,1372,9,0
2025-01-01 20:00:00+00:00,0.61829,0.61939,0.61811,0.61931,1529,9,0
2025-01-02 00:00:00+00:00,0.61931,0.62222,0.6188,0.62152,5838,9,0
2025-01-02 04:00:00+00:00,0.62152,0.6219,0.62032,0.62044,4151,9,0
2025-01-02 08:00:00+00:00,0.62045,0.622,0.62008,0.62152,7061,9,0
2025-01-02 12:00:00+00:00,0.62152,0.62205,0.62039,0.62088,10155,9,0
2025-01-02 16:00:00+00:00,0.62089,0.62125,0.61918,0.61932,9985,9,0
2025-01-02 20:00:00+00:00,0.61932,0.62055,0.61928,0.62008,3330,9,0
2025-01-03 00:00:00+00:00,0.62007,0.62172,0.62004,0.62116,4668,9,0
2025-01-03 04:00:00+00:00,0.62116,0.62207,0.6202,0.62112,5267,9,0
2025-01-03 08:00:00+00:00,0.62112,0.62249,0.62042,0.62238,5650,9,0
2025-01-03 12:00:00+00:00,0.6221,0.6223,0.61976,0.62048,7129,9,0
2025-01-03 16:00:00+00:00,0.62047,0.62204,0.6202,0.62161,5700,9,0
2025-01-03 20:00:00+00:00,0.62161,0.62207,0.62145,0.62162,1703,9,0
2025-01-05 20:00:00+00:00,0.62097,0.62241,0.61967,0.62203,1389,9,0
2025-01-06 00:00:00+00:00,0.62203,0.62393,0.62184,0.62225,6351,9,0
2025-01-06 04:00:00+00:00,0.62225,0.62358,0.62191,0.62303,4203,9,0
2025-01-06 08:00:00+00:00,0.62303,0.62875,0.62287,0.62854,10384,9,0
2025-01-06 12:00:00+00:00,0.62853,0.63016,0.62422,0.6246,19658,9,0
2025-01-06 16:00:00+00:00,0.62461,0.62523,0.62343,0.62413,7370,9,0
2025-01-06 20:00:00+00:00,0.62413,0.62468,0.62372,0.62379,3110,9,0
2025-01-07 00:00:00+00:00,0.62381,0.62613,0.62369,0.62604,5602,9,0
2025-01-07 04:00:00+00:00,0.62604,0.62748,0.62563,0.62748,5211,9,0
2025-01-07 08:00:00+00:00,0.6275,0.62876,0.62721,0.62764,6035,9,0
2025-01-07 12:00:00+00:00,0.62764,0.6284,0.62395,0.62474,9858,9,0
2025-01-07 16:00:00+00:00,0.62475,0.62514,0.62334,0.62392,9551,9,0
2025-01-07 20:00:00+00:00,0.62392,0.62396,0.62277,0.62337,2964,9,0
2025-01-08 00:00:00+00:00,0.62338,0.62418,0.62118,0.62317,6191,9,0
2025-01-08 04:00:00+00:00,0.62316,0.62357,0.62223,0.62261,4703,9,0
2025-01-08 08:00:00+00:00,0.62262,0.62316,0.61895,0.62003,8354,9,0
2025-01-08 12:00:00+00:00,0.62001,0.62134,0.61871,0.62082,12816,9,0
2025-01-08 16:00:00+00:00,0.62082,0.62188,0.62004,0.621,8211,9,0
2025-01-08 20:00:00+00:00,0.621,0.62182,0.6208,0.62103,3106,9,0
2025-01-09 00:00:00+00:00,0.62104,0.62128,0.61978,0.61989,4945,9,0
2025-01-09 04:00:00+00:00,0.61988,0.62017,0.61795,0.61813,5742,9,0
2025-01-09 08:00:00+00:00,0.61814,0.62027,0.61718,0.61996,7393,9,0
2025-01-09 12:00:00+00:00,0.61996,0.6204,0.6191,0.61915,6414,9,0
2025-01-09 16:00:00+00:00,0.61917,0.61988,0.61891,0.6197,3325,9,0
2025-01-09 20:00:00+00:00,0.6197,0.61994,0.61883,0.61892,2162,9,0
2025-01-10 00:00:00+00:00,0.61894,0.62055,0.61878,0.6196,4521,9,0
2025-01-10 04:00:00+00:00,0.6196,0.6199,0.61862,0.61929,4164,9,0
2025-01-10 08:00:00+00:00,0.61929,0.6196,0.61807,0.61879,5437,9,0
2025-01-10 12:00:00+00:00,0.6188,0.6191,0.61391,0.61554,18361,9,0
2025-01-10 16:00:00+00:00,0.61553,0.61559,0.61404,0.61472,9279,9,0
2025-01-10 20:00:00+00:00,0.61472,0.61473,0.61418,0.61456,2027,9,0
2025-01-12 20:00:00+00:00,0.61379,0.61583,0.61376,0.61532,1602,9,0
2025-01-13 00:00:00+00:00,0.61533,0.61624,0.6141,0.61424,6405,9,0
2025-01-13 04:00:00+00:00,0.61423,0.61485,0.61307,0.61456,5471,9,0
2025-01-13 08:00:00+00:00,0.61455,0.61564,0.61362,0.61448,8088,9,0
2025-01-13 12:00:00+00:00,0.61449,0.61579,0.61394,0.61494,9353,9,0
2025-01-13 16:00:00+00:00,0.61494,0.61619,0.6145,0.61545,6166,9,0
2025-01-13 20:00:00+00:00,0.61544,0.62021,0.61538,0.61908,4982,9,0
2025-01-14 00:00:00+00:00,0.61908,0.61923,0.61789,0.6186,6517,9,0
2025-01-14 04:00:00+00:00,0.61859,0.61968,0.6181,0.61964,5521,9,0
2025-01-14 08:00:00+00:00,0.61966,0.62069,0.61801,0.61803,6843,9,0
2025-01-14 12:00:00+00:00,0.61803,0.61969,0.61657,0.61953,12801,9,0
2025-01-14 16:00:00+00:00,0.61953,0.61983,0.61768,0.6186,7290,9,0
2025-01-14 20:00:00+00:00,0.6186,0.61954,0.61838,0.61906,3143,9,0
2025-01-15 00:00:00+00:00,0.61906,0.61942,0.61808,0.61936,4242,9,0
2025-01-15 04:00:00+00:00,0.61936,0.62048,0.61858,0.62026,4194,9,0
2025-01-15 08:00:00+00:00,0.62026,0.62112,0.61951,0.62022,5495,9,0
2025-01-15 12:00:00+00:00,0.62023,0.62461,0.61939,0.62256,13688,9,0
2025-01-15 16:00:00+00:00,0.62255,0.62285,0.62088,0.62279,7262,9,0
2025-01-15 20:00:00+00:00,0.62278,0.62357,0.62209,0.6235,2700,9,0
2025-01-16 00:00:00+00:00,0.6235,0.62459,0.62083,0.62102,6955,9,0
2025-01-16 04:00:00+00:00,0.62103,0.62192,0.61951,0.62169,5370,9,0
2025-01-16 08:00:00+00:00,0.62169,0.62195,0.62088,0.62121,5246,9,0
2025-01-16 12:00:00+00:00,0.62121,0.6224,0.61917,0.62194,12208,9,0
2025-01-16 16:00:00+00:00,0.62194,0.62287,0.62104,0.62121,8604,9,0
2025-01-16 20:00:00+00:00,0.6212,0.62133,0.62056,0.62096,2773,9,0
2025-01-17 00:00:00+00:00,0.62096,0.6219,0.62064,0.62129,4984,9,0
2025-01-17 04:00:00+00:00,0.62129,0.62131,0.6195,0.62075,4552,9,0
2025-01-17 08:00:00+00:00,0.62074,0.62136,0.61953,0.61975,5305,9,0
2025-01-17 12:00:00+00:00,0.61975,0.62268,0.6164,0.62182,13820,9,0
2025-01-17 16:00:00+00:00,0.6218,0.62193,0.61952,0.61985,6228,9,0
2025-01-17 20:00:00+00:00,0.61985,0.62,0.61911,0.61928,1920,9,0
2025-01-19 20:00:00+00:00,0.61869,0.6199,0.61861,0.61972,1306,9,0
2025-01-20 00:00:00+00:00,0.6197,0.62169,0.61963,0.62168,5380,9,0
2025-01-20 04:00:00+00:00,0.62169,0.62222,0.6202,0.62215,4463,9,0
2025-01-20 08:00:00+00:00,0.62216,0.6222,0.61966,0.62042,5426,9,0
2025-01-20 12:00:00+00:00,0.62042,0.62861,0.61993,0.62572,24837,9,0
2025-01-20 16:00:00+00:00,0.62572,0.62772,0.62316,0.62735,8110,9,0
2025-01-20 20:00:00+00:00,0.62734,0.62838,0.62653,0.62801,4673,9,0
2025-01-21 00:00:00+00:00,0.62801,0.62884,0.62079,0.62483,24344,9,0
2025-01-21 04:00:00+00:00,0.62484,0.62552,0.62292,0.62356,6111,9,0
2025-01-21 08:00:00+00:00,0.62355,0.62387,0.62141,0.62189,7712,9,0
2025-01-21 12:00:00+00:00,0.62188,0.62616,0.62152,0.62581,11692,9,0
2025-01-21 16:00:00+00:00,0.6258,0.62752,0.62563,0.62652,6925,9,0
2025-01-21 20:00:00+00:00,0.62652,0.62754,0.62549,0.62614,4930,9,0
2025-01-22 00:00:00+00:00,0.62614,0.62769,0.62605,0.62641,6052,9,0
2025-01-22 04:00:00+00:00,0.62641,0.62688,0.62527,0.6258,4951,9,0
2025-01-22 08:00:00+00:00,0.62582,0.62951,0.62581,0.62828,7637,9,0
2025-01-22 12:00:00+00:00,0.62829,0.62906,0.6266,0.62719,9765,9,0
2025-01-22 16:00:00+00:00,0.62717,0.62812,0.62638,0.62777,5470,9,0
2025-01-22 20:00:00+00:00,0.62777,0.62804,0.62664,0.62725,2978,9,0
2025-01-23 00:00:00+00:00,0.62725,0.62815,0.62672,0.62731,5174,9,0
2025-01-23 04:00:00+00:00,0.62731,0.62762,0.62609,0.62668,4080,9,0
2025-01-23 08:00:00+00:00,0.62668,0.62715,0.62549,0.62646,5250,9,0
2025-01-23 12:00:00+00:00,0.62647,0.62783,0.62594,0.62721,8034,9,0
2025-01-23 16:00:00+00:00,0.6272,0.62992,0.62548,0.6288,11623,9,0
2025-01-23 20:00:00+00:00,0.6288,0.62922,0.62815,0.62825,3160,9,0
2025-01-24 00:00:00+00:00,0.62825,0.63202,0.62783,0.63185,9354,9,0
2025-01-24 04:00:00+00:00,0.63184,0.633,0.63116,0.63138,7742,9,0
2025-01-24 08:00:00+00:00,0.63136,0.63301,0.63118,0.63137,7817,9,0
2025-01-24 12:00:00+00:00,0.63135,0.6324,0.63015,0.63229,9923,9,0
2025-01-24 16:00:00+00:00,0.63227,0.63263,0.63113,0.63138,6427,9,0
2025-01-24 20:00:00+00:00,0.63136,0.63157,0.63101,0.63128,1874,9,0
2025-01-26 20:00:00+00:00,0.62955,0.63021,0.62908,0.62928,1593,9,0
2025-01-27 00:00:00+00:00,0.62929,0.63015,0.62824,0.62958,6703,9,0
2025-01-27 04:00:00+00:00,0.62958,0.62972,0.62779,0.62781,5597,9,0
2025-01-27 08:00:00+00:00,0.62783,0.63024,0.62768,0.62991,10175,9,0
2025-01-27 12:00:00+00:00,0.62991,0.63074,0.62748,0.62843,10751,9,0
2025-01-27 16:00:00+00:00,0.62843,0.62845,0.62744,0.62838,7237,9,0
2025-01-27 20:00:00+00:00,0.62837,0.62954,0.62557,0.62589,5737,9,0
2025-01-28 00:00:00+00:00,0.62592,0.62736,0.62513,0.62513,10052,9,0
2025-01-28 04:00:00+00:00,0.62513,0.62579,0.62456,0.62513,4924,9,0
2025-01-28 08:00:00+00:00,0.62514,0.6257,0.62427,0.62465,6716,9,0
2025-01-28 12:00:00+00:00,0.62467,0.62542,0.62363,0.62438,8219,9,0
2025-01-28 16:00:00+00:00,0.62437,0.62555,0.62417,0.62538,6074,9,0
2025-01-28 20:00:00+00:00,0.62539,0.62559,0.62484,0.62509,2543,9,0
2025-01-29 00:00:00+00:00,0.62511,0.62554,0.62266,0.62338,5304,9,0
2025-01-29 04:00:00+00:00,0.62338,0.62493,0.6233,0.62363,4550,9,0
2025-01-29 08:00:00+00:00,0.62364,0.62405,0.62226,0.6226,5838,9,0
2025-01-29 12:00:00+00:00,0.6226,0.62286,0.62097,0.62265,8256,9,0
2025-01-29 16:00:00+00:00,0.62267,0.62376,0.62134,0.6231,14024,9,0
2025-01-29 20:00:00+00:00,0.62309,0.62402,0.62233,0.62388,6897,9,0
2025-01-30 00:00:00+00:00,0.62388,0.6243,0.62305,0.62315,3966,9,0
2025-01-30 04:00:00+00:00,0.62314,0.62331,0.62147,0.62223,3952,9,0
2025-01-30 08:00:00+00:00,0.62224,0.62343,0.6222,0.62263,6056,9,0
2025-01-30 12:00:00+00:00,0.62263,0.62389,0.62211,0.6233,10334,9,0
2025-01-30 16:00:00+00:00,0.6233,0.62387,0.62241,0.62372,5292,9,0
2025-01-30 20:00:00+00:00,0.62373,0.62397,0.61986,0.62137,10756,9,0
2025-01-31 00:00:00+00:00,0.62136,0.62238,0.62036,0.62194,5822,9,0
2025-01-31 04:00:00+00:00,0.62194,0.62348,0.6217,0.6234,4474,9,0
2025-01-31 08:00:00+00:00,0.6234,0.62365,0.62097,0.62123,5935,9,0
2025-01-31 12:00:00+00:00,0.62121,0.6239,0.621,0.62369,9559,9,0
2025-01-31 16:00:00+00:00,0.62368,0.62621,0.62072,0.62145,19267,9,0
2025-01-31 20:00:00+00:00,0.62143,0.62219,0.62069,0.62102,7365,9,0
2025-02-02 20:00:00+00:00,0.61583,0.61627,0.6137,0.61414,3943,9,0
2025-02-03 00:00:00+00:00,0.61416,0.61526,0.60873,0.60976,18848,9,0
2025-02-03 04:00:00+00:00,0.60976,0.61426,0.6097,0.61346,13691,9,0
2025-02-03 08:00:00+00:00,0.61347,0.61492,0.61328,0.61475,9380,9,0
2025-02-03 12:00:00+00:00,0.61476,0.61962,0.61396,0.61946,24997,9,0
2025-02-03 16:00:00+00:00,0.61945,0.61972,0.61652,0.6182,21702,9,0
2025-02-03 20:00:00+00:00,0.61821,0.62371,0.61813,0.62172,10312,9,0
2025-02-04 00:00:00+00:00,0.62171,0.62213,0.6199,0.62023,6503,9,0
2025-02-04 04:00:00+00:00,0.62022,0.62078,0.61702,0.62064,10000,9,0
2025-02-04 08:00:00+00:00,0.62066,0.62155,0.61978,0.62061,8074,9,0
2025-02-04 12:00:00+00:00,0.62061,0.62532,0.62044,0.62479,10512,9,0
2025-02-04 16:00:00+00:00,0.6248,0.62609,0.62431,0.62596,7564,9,0
2025-02-04 20:00:00+00:00,0.62598,0.62617,0.62488,0.6249,3419,9,0
2025-02-05 00:00:00+00:00,0.62492,0.62599,0.62398,0.62499,6738,9,0
2025-02-05 04:00:00+00:00,0.62499,0.62725,0.62455,0.62695,5517,9,0
2025-02-05 08:00:00+00:00,0.62693,0.62898,0.62682,0.62814,7121,9,0
2025-02-05 12:00:00+00:00,0.62815,0.62957,0.62745,0.62934,10121,9,0
2025-02-05 16:00:00+00:00,0.62933,0.62964,0.6284,0.62852,5771,9,0
2025-02-05 20:00:00+00:00,0.6285,0.62873,0.62802,0.62835,3072,9,0
2025-02-06 00:00:00+00:00,0.62835,0.62878,0.62613,0.6264,5451,9,0
2025-02-06 04:00:00+00:00,0.6264,0.62716,0.62611,0.62624,4181,9,0
2025-02-06 08:00:00+00:00,0.62624,0.6268,0.62549,0.62644,5350,9,0
2025-02-06 12:00:00+00:00,0.62644,0.62804,0.62571,0.62791,8719,9,0
2025-02-06 16:00:00+00:00,0.6279,0.62876,0.62748,0.62802,5463,9,0
2025-02-06 20:00:00+00:00,0.628,0.62853,0.6275,0.62808,2773,9,0
2025-02-07 00:00:00+00:00,0.62808,0.62951,0.62801,0.62869,4336,9,0
2025-02-07 04:00:00+00:00,0.62869,0.62894,0.62778,0.62865,3465,9,0
2025-02-07 08:00:00+00:00,0.62865,0.62973,0.62811,0.62821,4007,9,0
2025-02-07 12:00:00+00:00,0.6282,0.63007,0.62583,0.62749,15937,9,0
2025-02-07 16:00:00+00:00,0.62748,0.6278,0.6253,0.62723,17439,9,0
2025-02-07 20:00:00+00:00,0.62723,0.6274,0.62663,0.62712,2599,9,0
2025-02-09 20:00:00+00:00,0.62371,0.62604,0.62324,0.62577,1804,9,0
2025-02-10 00:00:00+00:00,0.62576,0.62682,0.62518,0.62678,5827,9,0
2025-02-10 04:00:00+00:00,0.62677,0.62795,0.62675,0.62725,4349,9,0
2025-02-10 08:00:00+00:00,0.62724,0.62836,0.62668,0.62731,5531,9,0
2025-02-10 12:00:00+00:00,0.62732,0.62868,0.62679,0.62836,5993,9,0
2025-02-10 16:00:00+00:00,0.62835,0.62854,0.6273,0.6279,4306,9,0
2025-02-10 20:00:00+00:00,0.62791,0.62802,0.62641,0.62695,3516,9,0
2025-02-11 00:00:00+00:00,0.62696,0.62747,0.62601,0.62688,4375,9,0
2025-02-11 04:00:00+00:00,0.62688,0.62832,0.62687,0.62791,3986,9,0
2025-02-11 08:00:00+00:00,0.62792,0.62865,0.62691,0.62735,5258,9,0
2025-02-11 12:00:00+00:00,0.62735,0.62891,0.62705,0.62876,6832,9,0
2025-02-11 16:00:00+00:00,0.62875,0.63015,0.62859,0.6293,5015,9,0
2025-02-11 20:00:00+00:00,0.6293,0.62989,0.62875,0.62962,3104,9,0
2025-02-12 00:00:00+00:00,0.62964,0.63089,0.62878,0.62991,4656,9,0
2025-02-12 04:00:00+00:00,0.6299,0.63003,0.62865,0.62877,4341,9,0
2025-02-12 08:00:00+00:00,0.62878,0.62912,0.62719,0.62781,5451,9,0
2025-02-12 12:00:00+00:00,0.62781,0.628,0.62347,0.62742,14202,9,0
2025-02-12 16:00:00+00:00,0.62742,0.63054,0.62607,0.62856,9738,9,0
2025-02-12 20:00:00+00:00,0.62856,0.62889,0.62764,0.62814,3335,9,0
2025-02-13 00:00:00+00:00,0.62813,0.62905,0.62737,0.62893,5249,9,0
2025-02-13 04:00:00+00:00,0.62893,0.62985,0.62805,0.62832,5901,9,0
2025-02-13 08:00:00+00:00,0.62834,0.62834,0.62582,0.62631,6427,9,0
2025-02-13 12:00:00+00:00,0.6263,0.62974,0.62545,0.6297,11392,9,0
2025-02-13 16:00:00+00:00,0.62969,0.63083,0.62695,0.63017,11614,9,0
2025-02-13 20:00:00+00:00,0.63017,0.63223,0.63008,0.63159,3909,9,0
2025-02-14 00:00:00+00:00,0.63159,0.63273,0.63101,0.63224,5377,9,0
2025-02-14 04:00:00+00:00,0.63223,0.63312,0.63155,0.6328,4976,9,0
2025-02-14 08:00:00+00:00,0.6328,0.63449,0.63277,0.63391,6041,9,0
2025-02-14 12:00:00+00:00,0.63391,0.63673,0.6334,0.63619,9003,9,0
2025-02-14 16:00:00+00:00,0.63619,0.63649,0.63531,0.6358,4804,9,0
2025-02-14 20:00:00+00:00,0.63579,0.63579,0.63522,0.63527,1640,9,0
2025-02-16 20:00:00+00:00,0.63391,0.63565,0.6339,0.63559,1422,9,0
2025-02-17 00:00:00+00:00,0.63559,0.63717,0.63531,0.63648,5875,9,0
2025-02-17 04:00:00+00:00,0.63647,0.63734,0.63606,0.6362,5200,9,0
2025-02-17 08:00:00+00:00,0.63622,0.63675,0.63569,0.63658,4824,9,0
2025-02-17 12:00:00+00:00,0.63658,0.6369,0.63605,0.63648,3711,9,0
2025-02-17 16:00:00+00:00,0.63648,0.63687,0.63542,0.63585,2376,9,0
2025-02-17 20:00:00+00:00,0.63585,0.63613,0.63495,0.63549,2247,9,0
2025-02-18 00:00:00+00:00,0.63549,0.63675,0.63342,0.63497,7032,9,0
2025-02-18 04:00:00+00:00,0.63497,0.63645,0.63399,0.63546,6373,9,0
2025-02-18 08:00:00+00:00,0.63545,0.63622,0.63532,0.63569,4564,9,0
2025-02-18 12:00:00+00:00,0.63569,0.6359,0.63407,0.63517,6571,9,0
2025-02-18 16:00:00+00:00,0.63516,0.63539,0.63434,0.63486,3849,9,0
2025-02-18 20:00:00+00:00,0.63486,0.63546,0.6347,0.63517,2854,9,0
2025-02-19 00:00:00+00:00,0.63516,0.63657,0.63419,0.63618,6106,9,0
2025-02-19 04:00:00+00:00,0.63618,0.63697,0.63573,0.63629,4217,9,0
2025-02-19 08:00:00+00:00,0.63629,0.63643,0.63443,0.63476,4802,9,0
2025-02-19 12:00:00+00:00,0.63476,0.63653,0.63444,0.63491,6981,9,0
2025-02-19 16:00:00+00:00,0.63491,0.63516,0.63364,0.63477,5240,9,0
2025-02-19 20:00:00+00:00,0.63476,0.63493,0.63379,0.63404,2524,9,0
2025-02-20 00:00:00+00:00,0.63404,0.63608,0.63275,0.63585,8225,9,0
2025-02-20 04:00:00+00:00,0.63584,0.63705,0.6357,0.63646,4951,9,0
2025-02-20 08:00:00+00:00,0.63645,0.63806,0.63641,0.63703,5086,9,0
2025-02-20 12:00:00+00:00,0.63703,0.6395,0.63689,0.63941,9166,9,0
2025-02-20 16:00:00+00:00,0.63941,0.64035,0.63904,0.64026,5347,9,0
2025-02-20 20:00:00+00:00,0.64025,0.6408,0.6391,0.64021,2749,9,0
2025-02-21 00:00:00+00:00,0.64021,0.64075,0.63911,0.6401,5882,9,0
2025-02-21 04:00:00+00:00,0.6401,0.64024,0.63848,0.63896,4983,9,0
2025-02-21 08:00:00+00:00,0.63896,0.63928,0.63812,0.63868,5124,9,0
2025-02-21 12:00:00+00:00,0.63868,0.63917,0.63701,0.63743,7343,9,0
2025-02-21 16:00:00+00:00,0.63742,0.63771,0.63516,0.63536,6046,9,0
2025-02-21 20:00:00+00:00,0.63535,0.63582,0.6353,0.63574,1917,9,0
2025-02-23 20:00:00+00:00,0.63541,0.63735,0.63503,0.63685,1750,9,0
2025-02-24 00:00:00+00:00,0.63686,0.63917,0.63608,0.63832,8043,9,0
2025-02-24 04:00:00+00:00,0.63832,0.63838,0.63659,0.63709,5260,9,0
2025-02-24 08:00:00+00:00,0.6371,0.63734,0.63601,0.63663,6280,9,0
2025-02-24 12:00:00+00:00,0.63664,0.63715,0.6344,0.63538,8013,9,0
2025-02-24 16:00:00+00:00,0.63537,0.63646,0.63512,0.63565,5619,9,0
2025-02-24 20:00:00+00:00,0.63567,0.63582,0.63363,0.6338,3697,9,0
2025-02-25 00:00:00+00:00,0.63382,0.63559,0.63372,0.63514,5221,9,0
2025-02-25 04:00:00+00:00,0.63516,0.63561,0.63367,0.63371,4410,9,0
2025-02-25 08:00:00+00:00,0.6337,0.63451,0.63257,0.63446,5940,9,0
2025-02-25 12:00:00+00:00,0.63446,0.63513,0.63254,0.6333,9134,9,0
2025-02-25 16:00:00+00:00,0.6333,0.63456,0.63217,0.63416,7199,9,0
2025-02-25 20:00:00+00:00,0.63417,0.63532,0.6341,0.63508,3344,9,0
2025-02-26 00:00:00+00:00,0.63509,0.63527,0.63235,0.63264,6309,9,0
2025-02-26 04:00:00+00:00,0.63264,0.6339,0.63197,0.63267,5045,9,0
2025-02-26 08:00:00+00:00,0.63264,0.63342,0.63116,0.63135,5293,9,0
2025-02-26 12:00:00+00:00,0.63133,0.6319,0.62993,0.63157,7455,9,0
2025-02-26 16:00:00+00:00,0.63156,0.63347,0.63019,0.63078,10195,9,0
2025-02-26 20:00:00+00:00,0.63078,0.6314,0.62956,0.63086,4005,9,0
2025-02-27 00:00:00+00:00,0.63088,0.63096,0.6291,0.62926,6159,9,0
2025-02-27 04:00:00+00:00,0.62927,0.63033,0.6285,0.6297,5230,9,0
2025-02-27 08:00:00+00:00,0.6297,0.63042,0.62946,0.62987,5541,9,0
2025-02-27 12:00:00+00:00,0.62988,0.63036,0.62497,0.62551,14944,9,0
2025-02-27 16:00:00+00:00,0.62553,0.62574,0.62397,0.62426,7024,9,0
2025-02-27 20:00:00+00:00,0.62425,0.62433,0.62286,0.6231,3943,9,0
2025-02-28 00:00:00+00:00,0.62313,0.62374,0.62098,0.62114,7723,9,0
2025-02-28 04:00:00+00:00,0.62116,0.62172,0.62084,0.62125,5362,9,0
2025-02-28 08:00:00+00:00,0.62124,0.62198,0.62107,0.62181,5063,9,0
2025-02-28 12:00:00+00:00,0.62181,0.62214,0.62057,0.62182,8587,9,0
2025-02-28 16:00:00+00:00,0.62181,0.62184,0.61924,0.61973,9732,9,0
2025-02-28 20:00:00+00:00,0.61973,0.62086,0.61961,0.62081,2939,9,0
2025-03-02 20:00:00+00:00,0.62017,0.62234,0.61988,0.62195,1891,9,0
2025-03-03 00:00:00+00:00,0.62195,0.623,0.62103,0.62175,6869,9,0
2025-03-03 04:00:00+00:00,0.62175,0.62229,0.62082,0.62171,4709,9,0
2025-03-03 08:00:00+00:00,0.62169,0.62264,0.62102,0.62223,5856,9,0
2025-03-03 12:00:00+00:00,0.62222,0.6254,0.62222,0.62404,9936,9,0
2025-03-03 16:00:00+00:00,0.62405,0.62511,0.622,0.62215,10458,9,0
2025-03-03 20:00:00+00:00,0.62216,0.62269,0.62036,0.62154,6940,9,0
2025-03-04 00:00:00+00:00,0.62154,0.62192,0.6197,0.61997,9529,9,0
2025-03-04 04:00:00+00:00,0.61997,0.62128,0.61868,0.62058,8840,9,0
2025-03-04 08:00:00+00:00,0.62056,0.6237,0.61979,0.62361,9296,9,0
2025-03-04 12:00:00+00:00,0.62359,0.62438,0.6196,0.62064,14329,9,0
2025-03-04 16:00:00+00:00,0.62062,0.62464,0.61984,0.62455,13173,9,0
2025-03-04 20:00:00+00:00,0.62455,0.6279,0.62455,0.62676,7985,9,0
2025-03-05 00:00:00+00:00,0.62675,0.62677,0.62337,0.625,10601,9,0
2025-03-05 04:00:00+00:00,0.62501,0.62791,0.62466,0.62722,6966,9,0
2025-03-05 08:00:00+00:00,0.62721,0.62903,0.62673,0.62789,8355,9,0
2025-03-05 12:00:00+00:00,0.6279,0.63205,0.62697,0.63054,16950,9,0
2025-03-05 16:00:00+00:00,0.63054,0.63409,0.63007,0.63385,13311,9,0
2025-03-05 20:00:00+00:00,0.63385,0.63419,0.63287,0.63367,3672,9,0
2025-03-06 00:00:00+00:00,0.63366,0.63563,0.63288,0.63388,7107,9,0
2025-03-06 04:00:00+00:00,0.63388,0.63487,0.63314,0.63318,6425,9,0
2025-03-06 08:00:00+00:00,0.63319,0.63444,0.63221,0.63343,9406,9,0
2025-03-06 12:00:00+00:00,0.63344,0.63556,0.63288,0.63502,14025,9,0
2025-03-06 16:00:00+00:00,0.63503,0.63635,0.63291,0.63351,11681,9,0
2025-03-06 20:00:00+00:00,0.63351,0.63393,0.63274,0.63314,4282,9,0
2025-03-07 00:00:00+00:00,0.63313,0.6337,0.63001,0.63022,6697,9,0
2025-03-07 04:00:00+00:00,0.63022,0.63121,0.62965,0.63088,5816,9,0
2025-03-07 08:00:00+00:00,0.63089,0.63214,0.62935,0.62952,7041,9,0
2025-03-07 12:00:00+00:00,0.62954,0.63162,0.62818,0.63124,17547,9,0
2025-03-07 16:00:00+00:00,0.63123,0.63128,0.62837,0.63084,12028,9,0
2025-03-07 20:00:00+00:00,0.63084,0.63123,0.6305,0.63058,2931,9,0
2025-03-09 20:00:00+00:00,0.63013,0.63095,0.62936,0.63026,3503,9,0
2025-03-10 00:00:00+00:00,0.63028,0.63197,0.62993,0.63048,6858,9,0
2025-03-10 04:00:00+00:00,0.63049,0.63232,0.63038,0.63219,5973,9,0
2025-03-10 08:00:00+00:00,0.63221,0.63292,0.63099,0.6324,9219,9,0
2025-03-10 12:00:00+00:00,0.63241,0.63304,0.63025,0.63062,10563,9,0
2025-03-10 16:00:00+00:00,0.63061,0.63074,0.62642,0.62819,8595,9,0
2025-03-10 20:00:00+00:00,0.62819,0.62844,0.62705,0.62798,3863,9,0
2025-03-11 00:00:00+00:00,0.62799,0.62879,0.62586,0.62739,9216,9,0
2025-03-11 04:00:00+00:00,0.62739,0.62885,0.62623,0.62845,7773,9,0
2025-03-11 08:00:00+00:00,0.62844,0.62967,0.62791,0.62896,7496,9,0
2025-03-11 12:00:00+00:00,0.62896,0.62976,0.62656,0.62839,14139,9,0
2025-03-11 16:00:00+00:00,0.62838,0.63112,0.62765,0.6298,10616,9,0
2025-03-11 20:00:00+00:00,0.62979,0.62993,0.62802,0.62948,2691,9,0
2025-03-12 00:00:00+00:00,0.62947,0.62974,0.62829,0.62835,5266,9,0
2025-03-12 04:00:00+00:00,0.62835,0.6294,0.62759,0.62873,5173,9,0
2025-03-12 08:00:00+00:00,0.62872,0.63007,0.6285,0.6286,6305,9,0
2025-03-12 12:00:00+00:00,0.62859,0.63213,0.62775,0.63048,15206,9,0
2025-03-12 16:00:00+00:00,0.63048,0.63193,0.63044,0.63163,6947,9,0
2025-03-12 20:00:00+00:00,0.63164,0.63283,0.63148,0.63281,2512,9,0
2025-03-13 00:00:00+00:00,0.63283,0.63336,0.63142,0.63142,4744,9,0
2025-03-13 04:00:00+00:00,0.63141,0.63169,0.62878,0.62947,5795,9,0
2025-03-13 08:00:00+00:00,0.62949,0.63001,0.62831,0.62864,6420,9,0
2025-03-13 12:00:00+00:00,0.62862,0.63037,0.62689,0.62868,11089,9,0
2025-03-13 16:00:00+00:00,0.62869,0.62953,0.62755,0.62831,6730,9,0
2025-03-13 20:00:00+00:00,0.62831,0.6289,0.62774,0.62856,2846,9,0
2025-03-14 00:00:00+00:00,0.62854,0.62926,0.62777,0.62916,5635,9,0
2025-03-14 04:00:00+00:00,0.62915,0.63054,0.62872,0.63034,5185,9,0
2025-03-14 08:00:00+00:00,0.63032,0.63102,0.62978,0.63054,6805,9,0
2025-03-14 12:00:00+00:00,0.63054,0.63251,0.63053,0.63166,9112,9,0
2025-03-14 16:00:00+00:00,0.63166,0.63271,0.63147,0.63261,4206,9,0
2025-03-14 20:00:00+00:00,0.63261,0.6331,0.63239,0.63265,720,9,0
2025-03-16 20:00:00+00:00,0.63196,0.63332,0.63178,0.63248,2112,9,0
2025-03-17 00:00:00+00:00,0.63248,0.63378,0.63217,0.63282,4518,9,0
2025-03-17 04:00:00+00:00,0.63281,0.63384,0.63209,0.63377,4760,9,0
2025-03-17 08:00:00+00:00,0.63377,0.63532,0.63355,0.63503,5027,9,0
2025-03-17 12:00:00+00:00,0.63503,0.63742,0.63416,0.63727,7729,9,0
2025-03-17 16:00:00+00:00,0.63727,0.63903,0.6371,0.63858,3576,9,0
2025-03-17 20:00:00+00:00,0.63859,0.63876,0.63803,0.63803,2418,9,0
2025-03-18 00:00:00+00:00,0.63803,0.6388,0.63669,0.6369,3993,9,0
2025-03-18 04:00:00+00:00,0.6369,0.63854,0.63664,0.63801,3519,9,0
2025-03-18 08:00:00+00:00,0.638,0.63906,0.63646,0.63677,4691,9,0
2025-03-18 12:00:00+00:00,0.63678,0.63721,0.63438,0.63541,7252,9,0
2025-03-18 16:00:00+00:00,0.6354,0.63639,0.63526,0.63618,4703,9,0
2025-03-18 20:00:00+00:00,0.63618,0.63631,0.63556,0.63609,2083,9,0
2025-03-19 00:00:00+00:00,0.63609,0.63663,0.63569,0.63593,3524,9,0
2025-03-19 04:00:00+00:00,0.63592,0.63605,0.63268,0.63307,5197,9,0
2025-03-19 08:00:00+00:00,0.63305,0.63404,0.6321,0.63356,6247,9,0
2025-03-19 12:00:00+00:00,0.63354,0.63389,0.63224,0.63295,5921,9,0
2025-03-19 16:00:00+00:00,0.63295,0.63627,0.63202,0.63496,9531,9,0
2025-03-19 20:00:00+00:00,0.63494,0.63634,0.63491,0.63628,2657,9,0
2025-03-20 00:00:00+00:00,0.63628,0.63631,0.63283,0.63445,7027,9,0
2025-03-20 04:00:00+00:00,0.63445,0.63474,0.63127,0.63204,4998,9,0
2025-03-20 08:00:00+00:00,0.63205,0.63236,0.62826,0.62871,7151,9,0
2025-03-20 12:00:00+00:00,0.6287,0.62993,0.62707,0.62991,7998,9,0
2025-03-20 16:00:00+00:00,0.62991,0.63056,0.62896,0.63045,4557,9,0
2025-03-20 20:00:00+00:00,0.63044,0.63052,0.62965,0.63018,2411,9,0
2025-03-21 00:00:00+00:00,0.63018,0.63057,0.62858,0.62913,4373,9,0
2025-03-21 04:00:00+00:00,0.62913,0.63001,0.6284,0.6295,4021,9,0
2025-03-21 08:00:00+00:00,0.62949,0.62983,0.62833,0.62922,4895,9,0
2025-03-21 12:00:00+00:00,0.62922,0.6298,0.62575,0.62633,7378,9,0
2025-03-21 16:00:00+00:00,0.62632,0.62789,0.626,0.62746,4777,9,0
2025-03-21 20:00:00+00:00,0.62745,0.62745,0.62701,0.62739,629,9,0
2025-03-23 20:00:00+00:00,0.62583,0.62883,0.62583,0.62882,2110,9,0
2025-03-24 00:00:00+00:00,0.62883,0.62944,0.62747,0.62765,4578,9,0
2025-03-24 04:00:00+00:00,0.62766,0.62944,0.62723,0.62911,4050,9,0
2025-03-24 08:00:00+00:00,0.62913,0.63047,0.62913,0.62923,4795,9,0
2025-03-24 12:00:00+00:00,0.62923,0.62973,0.62781,0.62782,7052,9,0
2025-03-24 16:00:00+00:00,0.62782,0.62879,0.62674,0.62823,5612,9,0
2025-03-24 20:00:00+00:00,0.62822,0.62874,0.62803,0.62862,1878,9,0
2025-03-25 00:00:00+00:00,0.62862,0.62943,0.62796,0.62884,4139,9,0
2025-03-25 04:00:00+00:00,0.62886,0.62926,0.62788,0.62827,3338,9,0
2025-03-25 08:00:00+00:00,0.62828,0.63224,0.6278,0.63172,5753,9,0
2025-03-25 12:00:00+00:00,0.63174,0.6325,0.63036,0.63071,6869,9,0
2025-03-25 16:00:00+00:00,0.6307,0.63101,0.62958,0.63007,3650,9,0
2025-03-25 20:00:00+00:00,0.63007,0.63065,0.62974,0.63065,2156,9,0
2025-03-26 00:00:00+00:00,0.63065,0.63107,0.6278,0.63081,6025,9,0
2025-03-26 04:00:00+00:00,0.63083,0.6323,0.63044,0.6318,4968,9,0
2025-03-26 08:00:00+00:00,0.63181,0.63301,0.63136,0.63206,4875,9,0
2025-03-26 12:00:00+00:00,0.63205,0.63208,0.62983,0.63048,7533,9,0
2025-03-26 16:00:00+00:00,0.63047,0.63076,0.62835,0.62899,5659,9,0
2025-03-26 20:00:00+00:00,0.62899,0.62974,0.62788,0.62861,4128,9,0
2025-03-27 00:00:00+00:00,0.6286,0.63132,0.62855,0.63084,5446,9,0
2025-03-27 04:00:00+00:00,0.63083,0.63181,0.62986,0.63047,5488,9,0
2025-03-27 08:00:00+00:00,0.63048,0.63173,0.6302,0.63136,5513,9,0
2025-03-27 12:00:00+00:00,0.63136,0.63158,0.62941,0.63065,8008,9,0
2025-03-27 16:00:00+00:00,0.63065,0.63125,0.62981,0.63009,4561,9,0
2025-03-27 20:00:00+00:00,0.63009,0.63047,0.62961,0.63007,1998,9,0
2025-03-28 00:00:00+00:00,0.63006,0.63007,0.62807,0.62829,4660,9,0
2025-03-28 04:00:00+00:00,0.62829,0.62969,0.62805,0.62929,3733,9,0
2025-03-28 08:00:00+00:00,0.62929,0.62997,0.62897,0.62926,4222,9,0
2025-03-28 12:00:00+00:00,0.62925,0.63117,0.62895,0.62978,9118,9,0
2025-03-28 16:00:00+00:00,0.62978,0.63004,0.62834,0.62868,4628,9,0
2025-03-28 20:00:00+00:00,0.6287,0.62901,0.62851,0.62866,906,9,0
2025-03-30 20:00:00+00:00,0.62798,0.6288,0.6269,0.62821,3177,9,0
2025-03-31 00:00:00+00:00,0.62822,0.62998,0.62779,0.62803,6810,9,0
2025-03-31 04:00:00+00:00,0.62803,0.62898,0.62665,0.62688,6073,9,0
2025-03-31 08:00:00+00:00,0.62689,0.62694,0.62427,0.62497,5542,9,0
2025-03-31 12:00:00+00:00,0.62497,0.62498,0.62184,0.62338,8081,9,0
2025-03-31 16:00:00+00:00,0.62339,0.62531,0.62336,0.62488,4925,9,0
2025-03-31 20:00:00+00:00,0.62489,0.62492,0.62379,0.62397,2392,9,0
2025-04-01 00:00:00+00:00,0.62397,0.62643,0.62316,0.62483,6655,9,0
2025-04-01 04:00:00+00:00,0.62481,0.62684,0.62425,0.62472,6847,9,0
2025-04-01 08:00:00+00:00,0.6247,0.6262,0.62446,0.62488,6591,9,0
2025-04-01 12:00:00+00:00,0.62488,0.62827,0.62484,0.62776,8824,9,0
2025-04-01 16:00:00+00:00,0.62774,0.62799,0.62627,0.62775,5058,9,0
2025-04-01 20:00:00+00:00,0.62774,0.62904,0.62729,0.62876,3030,9,0
2025-04-02 00:00:00+00:00,0.62877,0.63014,0.6273,0.6298,5310,9,0
2025-04-02 04:00:00+00:00,0.6298,0.63062,0.62914,0.6303,4484,9,0
2025-04-02 08:00:00+00:00,0.6303,0.63135,0.62993,0.63057,4692,9,0
2025-04-02 12:00:00+00:00,0.63058,0.63075,0.62925,0.62994,7639,9,0
2025-04-02 16:00:00+00:00,0.62993,0.6304,0.62892,0.62963,4945,9,0
2025-04-02 20:00:00+00:00,0.62962,0.63404,0.62257,0.62639,23664,9,0
2025-04-03 00:00:00+00:00,0.62637,0.62868,0.62557,0.62723,15013,9,0
2025-04-03 04:00:00+00:00,0.62723,0.63128,0.62643,0.6306,12036,9,0
2025-04-03 08:00:00+00:00,0.6306,0.63645,0.63055,0.63591,13914,9,0
2025-04-03 12:00:00+00:00,0.63592,0.63887,0.63441,0.63494,18399,9,0
2025-04-03 16:00:00+00:00,0.63494,0.63581,0.63166,0.63174,8585,9,0
2025-04-03 20:00:00+00:00,0.63175,0.63309,0.63154,0.63255,4450,9,0
2025-04-04 00:00:00+00:00,0.63254,0.63315,0.62469,0.62538,11583,9,0
2025-04-04 04:00:00+00:00,0.62538,0.62549,0.62097,0.62118,12809,9,0
2025-04-04 08:00:00+00:00,0.62119,0.62169,0.6049,0.61126,32936,9,0
2025-04-04 12:00:00+00:00,0.61127,0.61384,0.60109,0.60419,52847,9,0
2025-04-04 16:00:00+00:00,0.6042,0.60627,0.59864,0.60373,28468,9,0
2025-04-04 20:00:00+00:00,0.60375,0.6045,0.60278,0.60415,2513,9,0
2025-04-06 20:00:00+00:00,0.59942,0.60096,0.59295,0.59863,14023,9,0
2025-04-07 00:00:00+00:00,0.59865,0.60277,0.59559,0.60229,31793,9,0
2025-04-07 04:00:00+00:00,0.6023,0.60607,0.59956,0.60084,29404,9,0
2025-04-07 08:00:00+00:00,0.60083,0.60603,0.59885,0.60378,28464,9,0
2025-04-07 12:00:00+00:00,0.60376,0.61274,0.59587,0.5979,79801,9,0
2025-04-07 16:00:00+00:00,0.59788,0.60059,0.5944,0.59763,36371,9,0
2025-04-07 20:00:00+00:00,0.59765,0.60052,0.59751,0.59968,6475,9,0
2025-04-08 00:00:00+00:00,0.59966,0.60335,0.59771,0.60288,18096,9,0
2025-04-08 04:00:00+00:00,0.60287,0.60744,0.60277,0.60503,17980,9,0
2025-04-08 08:00:00+00:00,0.60503,0.60673,0.60321,0.60539,17602,9,0
2025-04-08 12:00:00+00:00,0.60541,0.60849,0.60055,0.60139,27295,9,0
2025-04-08 16:00:00+00:00,0.60138,0.6017,0.59511,0.59613,27940,9,0
2025-04-08 20:00:00+00:00,0.59612,0.59686,0.59392,0.59527,8051,9,0
2025-04-09 00:00:00+00:00,0.59527,0.60026,0.59137,0.5964,24716,9,0
2025-04-09 04:00:00+00:00,0.59638,0.60269,0.59513,0.60263,34673,9,0
2025-04-09 08:00:00+00:00,0.60262,0.60464,0.5986,0.60006,30874,9,0
2025-04-09 12:00:00+00:00,0.60008,0.60578,0.59917,0.6002,29027,9,0
2025-04-09 16:00:00+00:00,0.60022,0.61754,0.59986,0.61446,53625,9,0
2025-04-09 20:00:00+00:00,0.61444,0.61709,0.61317,0.61329,10723,9,0
2025-04-10 00:00:00+00:00,0.61328,0.61776,0.61152,0.61747,19771,9,0
2025-04-10 04:00:00+00:00,0.61748,0.62033,0.61429,0.61628,19497,9,0
2025-04-10 08:00:00+00:00,0.6163,0.61931,0.61355,0.61845,21512,9,0
2025-04-10 12:00:00+00:00,0.61843,0.62482,0.61737,0.61912,32650,9,0
2025-04-10 16:00:00+00:00,0.61911,0.6249,0.61697,0.62192,34039,9,0
2025-04-10 20:00:00+00:00,0.62191,0.62378,0.62123,0.62226,9662,9,0
2025-04-11 00:00:00+00:00,0.62225,0.62585,0.62033,0.62425,34644,9,0
2025-04-11 04:00:00+00:00,0.62424,0.62439,0.61807,0.62238,26027,9,0
2025-04-11 08:00:00+00:00,0.62237,0.62453,0.62003,0.62391,26718,9,0
2025-04-11 12:00:00+00:00,0.6239,0.62878,0.62223,0.6243,36696,9,0
2025-04-11 16:00:00+00:00,0.62431,0.63006,0.62266,0.62922,19969,9,0
2025-04-11 20:00:00+00:00,0.62921,0.62953,0.62825,0.62896,2036,9,0
2025-04-13 20:00:00+00:00,0.62874,0.63056,0.62779,0.63004,5892,9,0
2025-04-14 00:00:00+00:00,0.63003,0.63138,0.62852,0.62888,15969,9,0
2025-04-14 04:00:00+00:00,0.62888,0.63312,0.62863,0.63242,10248,9,0
2025-04-14 08:00:00+00:00,0.63243,0.63424,0.63067,0.63113,9623,9,0
2025-04-14 12:00:00+00:00,0.63114,0.63339,0.62749,0.63097,16317,9,0
2025-04-14 16:00:00+00:00,0.63097,0.63406,0.63076,0.63337,11558,9,0
2025-04-14 20:00:00+00:00,0.63339,0.6334,0.63155,0.63184,4109,9,0
2025-04-15 00:00:00+00:00,0.63186,0.63548,0.63186,0.6353,8680,9,0
2025-04-15 04:00:00+00:00,0.6353,0.63771,0.63466,0.63659,10355,9,0
2025-04-15 08:00:00+00:00,0.63658,0.63664,0.63441,0.63592,10358,9,0
2025-04-15 12:00:00+00:00,0.63593,0.63827,0.6353,0.63561,15701,9,0
2025-04-15 16:00:00+00:00,0.63562,0.63631,0.63408,0.63444,8264,9,0
2025-04-15 20:00:00+00:00,0.63446,0.63494,0.63222,0.63376,4891,9,0
2025-04-16 00:00:00+00:00,0.63374,0.63574,0.63305,0.63463,9321,9,0
2025-04-16 04:00:00+00:00,0.63463,0.6356,0.63402,0.63496,9751,9,0
2025-04-16 08:00:00+00:00,0.63495,0.63781,0.63424,0.63729,13375,9,0
2025-04-16 12:00:00+00:00,0.6373,0.63911,0.63585,0.63866,12500,9,0
2025-04-16 16:00:00+00:00,0.63867,0.63893,0.63571,0.6369,11037,9,0
2025-04-16 20:00:00+00:00,0.63691,0.63764,0.63663,0.63686,3651,9,0
2025-04-17 00:00:00+00:00,0.63688,0.63724,0.63515,0.63515,8404,9,0
2025-04-17 04:00:00+00:00,0.63515,0.63556,0.6333,0.635,8005,9,0
2025-04-17 08:00:00+00:00,0.635,0.63625,0.63479,0.63589,7126,9,0
2025-04-17 12:00:00+00:00,0.63588,0.63907,0.63585,0.63805,12748,9,0
2025-04-17 16:00:00+00:00,0.63806,0.63932,0.63761,0.63891,8685,9,0
2025-04-17 20:00:00+00:00,0.6389,0.63938,0.63793,0.63878,3199,9,0
2025-04-18 00:00:00+00:00,0.63878,0.6392,0.63659,0.63741,10734,38,0
2025-04-18 04:00:00+00:00,0.63742,0.63826,0.63668,0.63676,11786,36,0
2025-04-18 08:00:00+00:00,0.63672,0.63743,0.63642,0.63721,13335,54,0
2025-04-18 12:00:00+00:00,0.63723,0.63746,0.63659,0.63712,9290,72,0
2025-04-18 16:00:00+00:00,0.63713,0.63739,0.63698,0.637,7300,72,0
2025-04-18 20:00:00+00:00,0.637,0.63732,0.63699,0.63725,2227,72,0
2025-04-20 20:00:00+00:00,0.63669,0.63926,0.63618,0.63893,3924,9,0
2025-04-21 00:00:00+00:00,0.63891,0.64263,0.63834,0.6424,8110,9,0
2025-04-21 04:00:00+00:00,0.64241,0.64355,0.64107,0.6433,7193,9,0
2025-04-21 08:00:00+00:00,0.64331,0.64373,0.64174,0.64239,7577,9,0
2025-04-21 12:00:00+00:00,0.64238,0.64336,0.6407,0.64099,10522,9,0
2025-04-21 16:00:00+00:00,0.64099,0.64226,0.64018,0.64178,5736,9,0
2025-04-21 20:00:00+00:00,0.64178,0.64221,0.64085,0.64212,3409,9,0
2025-04-22 00:00:00+00:00,0.64213,0.64387,0.64009,0.64332,9145,9,0
2025-04-22 04:00:00+00:00,0.64334,0.6439,0.64128,0.64165,10121,9,0
2025-04-22 08:00:00+00:00,0.64166,0.64219,0.63913,0.63948,8158,9,0
2025-04-22 12:00:00+00:00,0.63949,0.63987,0.63766,0.63886,10122,9,0
2025-04-22 16:00:00+00:00,0.63888,0.64049,0.63609,0.63631,10685,9,0
2025-04-22 20:00:00+00:00,0.63631,0.63803,0.63487,0.63753,8187,9,0
2025-04-23 00:00:00+00:00,0.63754,0.64049,0.63748,0.63914,10918,9,0
2025-04-23 04:00:00+00:00,0.63913,0.64246,0.63863,0.64111,9051,9,0
2025-04-23 08:00:00+00:00,0.64113,0.642,0.64014,0.64107,7635,9,0
2025-04-23 12:00:00+00:00,0.64106,0.64352,0.63725,0.63744,22217,9,0
2025-04-23 16:00:00+00:00,0.63745,0.63749,0.63517,0.63584,10439,9,0
2025-04-23 20:00:00+00:00,0.63583,0.63714,0.63545,0.63634,4705,9,0
2025-04-24 00:00:00+00:00,0.63635,0.63689,0.63512,0.63592,8183,9,0
2025-04-24 04:00:00+00:00,0.63594,0.63842,0.63434,0.63838,9013,9,0
2025-04-24 08:00:00+00:00,0.63839,0.63895,0.63745,0.63747,7811,9,0
2025-04-24 12:00:00+00:00,0.63747,0.64042,0.63747,0.63938,11520,9,0
2025-04-24 16:00:00+00:00,0.63939,0.64095,0.63912,0.64056,6209,9,0
2025-04-24 20:00:00+00:00,0.64056,0.64141,0.63997,0.63999,3133,9,0
2025-04-25 00:00:00+00:00,0.63999,0.64203,0.63923,0.64138,7549,9,0
2025-04-25 04:00:00+00:00,0.64139,0.64151,0.63863,0.6399,9634,9,0
2025-04-25 08:00:00+00:00,0.6399,0.64027,0.63745,0.63793,8502,9,0
2025-04-25 12:00:00+00:00,0.63792,0.63999,0.63755,0.63944,9203,9,0
2025-04-25 16:00:00+00:00,0.63943,0.64038,0.63888,0.63997,5648,9,0
2025-04-25 20:00:00+00:00,0.63997,0.64008,0.63954,0.63969,598,9,0
2025-04-27 20:00:00+00:00,0.63833,0.64017,0.63802,0.63818,2701,9,0
2025-04-28 00:00:00+00:00,0.6382,0.63912,0.63725,0.63853,6470,9,0
2025-04-28 04:00:00+00:00,0.63853,0.64056,0.637,0.63712,7220,9,0
2025-04-28 08:00:00+00:00,0.6371,0.64025,0.63674,0.63946,6804,9,0
2025-04-28 12:00:00+00:00,0.63947,0.64295,0.63927,0.64114,10672,9,0
2025-04-28 16:00:00+00:00,0.64113,0.64345,0.64105,0.64335,6175,9,0
2025-04-28 20:00:00+00:00,0.64337,0.64343,0.64258,0.64274,3084,9,0
2025-04-29 00:00:00+00:00,0.64274,0.64493,0.6412,0.64157,7638,9,0
2025-04-29 04:00:00+00:00,0.64157,0.64306,0.64095,0.64295,7035,9,0
2025-04-29 08:00:00+00:00,0.64297,0.64319,0.63976,0.64021,6665,9,0
2025-04-29 12:00:00+00:00,0.64022,0.64152,0.6376,0.63832,10510,9,0
2025-04-29 16:00:00+00:00,0.63832,0.63938,0.63785,0.63829,5259,9,0
2025-04-29 20:00:00+00:00,0.63827,0.6387,0.63796,0.6387,2801,9,0
2025-04-30 00:00:00+00:00,0.63868,0.64068,0.63782,0.63978,6761,9,0
2025-04-30 04:00:00+00:00,0.63978,0.64172,0.63902,0.63933,5965,9,0
2025-04-30 08:00:00+00:00,0.63932,0.6398,0.63857,0.63907,6286,9,0
2025-04-30 12:00:00+00:00,0.63908,0.64023,0.63557,0.63973,14855,9,0
2025-04-30 16:00:00+00:00,0.63972,0.64128,0.63909,0.64041,7427,9,0
2025-04-30 20:00:00+00:00,0.64042,0.64132,0.63994,0.64099,3626,9,0
2025-05-01 00:00:00+00:00,0.64099,0.64269,0.6404,0.64066,5926,9,0
2025-05-01 04:00:00+00:00,0.64066,0.64084,0.63833,0.63847,7188,9,0
2025-05-01 08:00:00+00:00,0.63847,0.63985,0.63741,0.63904,6559,9,0
2025-05-01 12:00:00+00:00,0.63904,0.63945,0.63673,0.63712,12165,9,0
2025-05-01 16:00:00+00:00,0.63712,0.63915,0.63653,0.63828,5773,9,0
2025-05-01 20:00:00+00:00,0.63828,0.63887,0.63763,0.63852,3121,9,0
2025-05-02 00:00:00+00:00,0.6385,0.64196,0.63816,0.64177,8783,9,0
2025-05-02 04:00:00+00:00,0.64177,0.64226,0.64034,0.64144,8534,9,0
2025-05-02 08:00:00+00:00,0.64145,0.64445,0.64095,0.64329,8107,9,0
2025-05-02 12:00:00+00:00,0.6433,0.64695,0.64152,0.64446,15127,9,0
2025-05-02 16:00:00+00:00,0.64447,0.64574,0.64381,0.64471,7415,9,0
2025-05-02 20:00:00+00:00,0.64472,0.64508,0.64448,0.64468,695,9,0
2025-05-04 20:00:00+00:00,0.64415,0.64575,0.64356,0.64433,2753,9,0
2025-05-05 00:00:00+00:00,0.64433,0.64808,0.64341,0.64629,8810,9,0
2025-05-05 04:00:00+00:00,0.64629,0.64879,0.64599,0.6465,8513,9,0
2025-05-05 08:00:00+00:00,0.64649,0.64934,0.64639,0.64837,7248,9,0
2025-05-05 12:00:00+00:00,0.64836,0.64927,0.64669,0.64701,9991,9,0
2025-05-05 16:00:00+00:00,0.64701,0.64726,0.64615,0.64687,4187,9,0
2025-05-05 20:00:00+00:00,0.64687,0.64713,0.64595,0.64604,2378,9,0
2025-05-06 00:00:00+00:00,0.64604,0.64623,0.64426,0.646,7902,9,0
2025-05-06 04:00:00+00:00,0.646,0.64706,0.64435,0.64577,7394,9,0
2025-05-06 08:00:00+00:00,0.64576,0.64624,0.64376,0.64624,7785,9,0
2025-05-06 12:00:00+00:00,0.64625,0.64885,0.64576,0.64868,7974,9,0
2025-05-06 16:00:00+00:00,0.64871,0.65009,0.64802,0.64974,5649,9,0
2025-05-06 20:00:00+00:00,0.64973,0.65139,0.64875,0.65028,6288,9,0
2025-05-07 00:00:00+00:00,0.65027,0.65114,0.64772,0.64843,11528,9,0
2025-05-07 04:00:00+00:00,0.64844,0.64914,0.64732,0.64828,7847,9,0
2025-05-07 08:00:00+00:00,0.64828,0.64831,0.64637,0.64726,6293,9,0
2025-05-07 12:00:00+00:00,0.64727,0.6475,0.64561,0.646,7650,9,0
2025-05-07 16:00:00+00:00,0.646,0.64659,0.6421,0.64304,13555,9,0
2025-05-07 20:00:00+00:00,0.64302,0.64323,0.64194,0.64304,3289,9,0
2025-05-08 00:00:00+00:00,0.64305,0.6464,0.64303,0.64567,8584,9,0
2025-05-08 04:00:00+00:00,0.64567,0.6458,0.64022,0.64199,10186,9,0
2025-05-08 08:00:00+00:00,0.64199,0.64268,0.64067,0.6416,8731,9,0
2025-05-08 12:00:00+00:00,0.6416,0.64327,0.64077,0.64144,11948,9,0
2025-05-08 16:00:00+00:00,0.64145,0.64149,0.63948,0.64004,6540,9,0
2025-05-08 20:00:00+00:00,0.64005,0.64019,0.63915,0.6393,2706,9,0
2025-05-09 00:00:00+00:00,0.63931,0.64055,0.63709,0.64054,8301,9,0
2025-05-09 04:00:00+00:00,0.64054,0.64146,0.63965,0.64098,5969,9,0
2025-05-09 08:00:00+00:00,0.64099,0.64109,0.63934,0.64044,5796,9,0
2025-05-09 12:00:00+00:00,0.64044,0.64319,0.64016,0.6423,7572,9,0
2025-05-09 16:00:00+00:00,0.6423,0.64238,0.64073,0.64112,3903,9,0
2025-05-09 20:00:00+00:00,0.64111,0.64118,0.64075,0.64097,493,9,0
2025-05-11 20:00:00+00:00,0.64061,0.64308,0.64043,0.6419,4207,9,0
2025-05-12 00:00:00+00:00,0.64192,0.6432,0.6411,0.64301,9214,9,0
2025-05-12 04:00:00+00:00,0.64301,0.64608,0.63919,0.64044,15666,9,0
2025-05-12 08:00:00+00:00,0.64046,0.64144,0.63821,0.63944,13624,9,0
2025-05-12 12:00:00+00:00,0.63944,0.64003,0.63632,0.6367,10838,9,0
2025-05-12 16:00:00+00:00,0.63669,0.63717,0.63564,0.63694,5605,9,0
2025-05-12 20:00:00+00:00,0.63693,0.63765,0.63625,0.6372,2876,9,0
2025-05-13 00:00:00+00:00,0.63721,0.63999,0.63611,0.63979,8027,9,0
2025-05-13 04:00:00+00:00,0.63979,0.64191,0.63969,0.64081,8146,9,0
2025-05-13 08:00:00+00:00,0.64082,0.64173,0.64005,0.64073,6222,9,0
2025-05-13 12:00:00+00:00,0.64073,0.64727,0.64048,0.64706,12599,9,0
2025-05-13 16:00:00+00:00,0.64708,0.64785,0.64665,0.64736,5101,9,0
2025-05-13 20:00:00+00:00,0.64736,0.64777,0.64612,0.64719,2811,9,0
2025-05-14 00:00:00+00:00,0.64719,0.64865,0.64679,0.64759,7832,9,0
2025-05-14 04:00:00+00:00,0.64759,0.64885,0.64648,0.64877,7278,9,0
2025-05-14 08:00:00+00:00,0.64877,0.65005,0.6464,0.64722,10906,9,0
2025-05-14 12:00:00+00:00,0.64721,0.64752,0.6438,0.64455,11230,9,0
2025-05-14 16:00:00+00:00,0.64454,0.6449,0.64222,0.6427,7322,9,0
2025-05-14 20:00:00+00:00,0.6427,0.64304,0.64213,0.64268,2796,9,0
2025-05-15 00:00:00+00:00,0.64268,0.64572,0.64265,0.64407,8001,9,0
2025-05-15 04:00:00+00:00,0.64407,0.64434,0.64142,0.64188,8081,9,0
2025-05-15 08:00:00+00:00,0.64186,0.6424,0.64012,0.64085,6515,9,0
2025-05-15 12:00:00+00:00,0.64084,0.6422,0.63901,0.64013,11202,9,0
2025-05-15 16:00:00+00:00,0.64013,0.64078,0.63962,0.64052,4427,9,0
2025-05-15 20:00:00+00:00,0.64051,0.64088,0.63992,0.64038,2626,9,0
2025-05-16 00:00:00+00:00,0.64038,0.64258,0.63944,0.64212,6876,9,0
2025-05-16 04:00:00+00:00,0.64211,0.64357,0.64202,0.64277,6006,9,0
2025-05-16 08:00:00+00:00,0.64277,0.64307,0.64148,0.64169,5388,9,0
2025-05-16 12:00:00+00:00,0.64169,0.64175,0.63874,0.63929,8252,9,0
2025-05-16 16:00:00+00:00,0.63928,0.64068,0.63896,0.64051,4084,9,0
2025-05-16 20:00:00+00:00,0.64051,0.6407,0.64021,0.64029,673,9,0
2025-05-18 20:00:00+00:00,0.64013,0.64123,0.63902,0.64087,2619,9,0
2025-05-19 00:00:00+00:00,0.64088,0.64212,0.64023,0.64117,6138,9,0
2025-05-19 04:00:00+00:00,0.64117,0.64291,0.63978,0.64252,6558,9,0
2025-05-19 08:00:00+00:00,0.64253,0.64516,0.64188,0.6449,7672,9,0
2025-05-19 12:00:00+00:00,0.6449,0.64646,0.64357,0.64566,8003,9,0
2025-05-19 16:00:00+00:00,0.64566,0.64588,0.64477,0.64564,3824,9,0
2025-05-19 20:00:00+00:00,0.64563,0.64584,0.64525,0.64537,1873,9,0
2025-05-20 00:00:00+00:00,0.64537,0.64543,0.64393,0.64472,5505,9,0
2025-05-20 04:00:00+00:00,0.64472,0.64474,0.64078,0.64237,10602,9,0
2025-05-20 08:00:00+00:00,0.64238,0.64241,0.64096,0.64119,5160,9,0
2025-05-20 12:00:00+00:00,0.64117,0.64123,0.63915,0.64034,7732,9,0
2025-05-20 16:00:00+00:00,0.64034,0.64219,0.64015,0.64186,4476,9,0
2025-05-20 20:00:00+00:00,0.64187,0.6426,0.64164,0.64252,2618,9,0
2025-05-21 00:00:00+00:00,0.64252,0.64519,0.64226,0.64482,6799,9,0
2025-05-21 04:00:00+00:00,0.64481,0.64586,0.64392,0.64481,7801,9,0
2025-05-21 08:00:00+00:00,0.64483,0.64532,0.64351,0.64439,6403,9,0
2025-05-21 12:00:00+00:00,0.6444,0.64659,0.64366,0.64658,9265,9,0
2025-05-21 16:00:00+00:00,0.64657,0.64688,0.64317,0.64317,7479,9,0
2025-05-21 20:00:00+00:00,0.64317,0.64371,0.64284,0.64322,3008,9,0
2025-05-22 00:00:00+00:00,0.64322,0.64466,0.64265,0.64425,6908,9,0
2025-05-22 04:00:00+00:00,0.64425,0.64528,0.64349,0.64486,7137,9,0
2025-05-22 08:00:00+00:00,0.64484,0.64582,0.64144,0.64213,7489,9,0
2025-05-22 12:00:00+00:00,0.64214,0.6427,0.64072,0.64158,9525,9,0
2025-05-22 16:00:00+00:00,0.6416,0.64188,0.64069,0.64087,4630,9,0
2025-05-22 20:00:00+00:00,0.64085,0.64127,0.64076,0.64086,2145,9,0
2025-05-23 00:00:00+00:00,0.64086,0.64376,0.64081,0.64336,4928,9,0
2025-05-23 04:00:00+00:00,0.64336,0.64561,0.64277,0.64524,5416,9,0
2025-05-23 08:00:00+00:00,0.64524,0.64698,0.64391,0.64426,8145,9,0
2025-05-23 12:00:00+00:00,0.64428,0.64791,0.64296,0.64753,13149,9,0
2025-05-23 16:00:00+00:00,0.64753,0.64989,0.64733,0.64952,4740,9,0
2025-05-23 20:00:00+00:00,0.64952,0.64975,0.64946,0.64956,578,9,0
2025-05-25 20:00:00+00:00,0.64817,0.65063,0.6476,0.65014,2962,9,0
2025-05-26 00:00:00+00:00,0.65014,0.65368,0.64981,0.65211,7664,9,0
2025-05-26 04:00:00+00:00,0.65211,0.65305,0.65097,0.65105,5952,9,0
2025-05-26 08:00:00+00:00,0.65106,0.65162,0.65011,0.65095,4582,9,0
2025-05-26 12:00:00+00:00,0.65096,0.65111,0.64939,0.64944,4031,9,0
2025-05-26 16:00:00+00:00,0.64944,0.64946,0.6482,0.64848,1332,9,0
2025-05-26 20:00:00+00:00,0.64848,0.6489,0.64796,0.64797,2449,9,0
2025-05-27 00:00:00+00:00,0.64797,0.6495,0.64747,0.64779,5484,9,0
2025-05-27 04:00:00+00:00,0.64777,0.64877,0.64451,0.64466,8448,9,0
2025-05-27 08:00:00+00:00,0.64468,0.64562,0.64416,0.64449,6560,9,0
2025-05-27 12:00:00+00:00,0.6445,0.64603,0.64345,0.64354,7420,9,0
2025-05-27 16:00:00+00:00,0.64356,0.64468,0.64346,0.64422,3896,9,0
2025-05-27 20:00:00+00:00,0.64423,0.64478,0.64383,0.64473,2137,9,0
2025-05-28 00:00:00+00:00,0.64474,0.64534,0.64252,0.64436,8344,9,0
2025-05-28 04:00:00+00:00,0.64436,0.64451,0.64252,0.64395,6824,9,0
2025-05-28 08:00:00+00:00,0.64397,0.6449,0.64345,0.64366,5138,9,0
2025-05-28 12:00:00+00:00,0.64368,0.64386,0.64097,0.64158,9234,9,0
2025-05-28 16:00:00+00:00,0.6416,0.64294,0.64158,0.64245,4368,9,0
2025-05-28 20:00:00+00:00,0.64246,0.64354,0.64098,0.64221,5857,9,0
2025-05-29 00:00:00+00:00,0.6422,0.6428,0.64069,0.64241,11917,9,0
2025-05-29 04:00:00+00:00,0.64239,0.64489,0.64165,0.64484,7824,9,0
2025-05-29 08:00:00+00:00,0.64486,0.64493,0.64316,0.64334,6029,9,0
2025-05-29 12:00:00+00:00,0.64334,0.64597,0.643,0.64414,11149,9,0
2025-05-29 16:00:00+00:00,0.64414,0.64525,0.64387,0.64473,4918,9,0
2025-05-29 20:00:00+00:00,0.64473,0.64479,0.64369,0.64437,2642,9,0
2025-05-30 00:00:00+00:00,0.64436,0.6452,0.64214,0.6426,8541,9,0
2025-05-30 04:00:00+00:00,0.64261,0.64398,0.64071,0.64174,6129,9,0
2025-05-30 08:00:00+00:00,0.64176,0.6425,0.64114,0.6421,5580,9,0
2025-05-30 12:00:00+00:00,0.6421,0.64375,0.64077,0.64323,12588,9,0
2025-05-30 16:00:00+00:00,0.64323,0.64452,0.64207,0.64432,6255,9,0
2025-05-30 20:00:00+00:00,0.64434,0.64475,0.64314,0.64319,840,9,0
2025-06-01 20:00:00+00:00,0.64284,0.64498,0.6426,0.64427,1949,9,0
2025-06-02 00:00:00+00:00,0.64426,0.64728,0.64423,0.64511,6619,9,0
2025-06-02 04:00:00+00:00,0.6451,0.64889,0.6448,0.64815,6403,9,0
2025-06-02 08:00:00+00:00,0.64814,0.64866,0.64766,0.6479,6245,9,0
2025-06-02 12:00:00+00:00,0.64791,0.64998,0.64712,0.64924,8621,9,0
2025-06-02 16:00:00+00:00,0.64925,0.64964,0.64806,0.64963,4263,9,0
2025-06-02 20:00:00+00:00,0.64962,0.64995,0.64855,0.64981,2428,9,0
2025-06-03 00:00:00+00:00,0.64981,0.64988,0.64635,0.64655,6276,9,0
2025-06-03 04:00:00+00:00,0.64655,0.64686,0.64502,0.64583,6317,9,0
2025-06-03 08:00:00+00:00,0.64583,0.64642,0.64514,0.64565,5628,9,0
2025-06-03 12:00:00+00:00,0.64566,0.64716,0.64465,0.64607,8385,9,0
2025-06-03 16:00:00+00:00,0.64607,0.64699,0.64553,0.64632,3703,9,0
2025-06-03 20:00:00+00:00,0.64632,0.6467,0.6458,0.64641,1988,9,0
2025-06-04 00:00:00+00:00,0.64643,0.64797,0.64535,0.64632,6726,9,0
2025-06-04 04:00:00+00:00,0.64631,0.64741,0.64503,0.64616,6108,9,0
2025-06-04 08:00:00+00:00,0.64616,0.64862,0.64587,0.64826,5089,9,0
2025-06-04 12:00:00+00:00,0.64826,0.65011,0.64826,0.6497,8306,9,0
2025-06-04 16:00:00+00:00,0.64971,0.65044,0.64918,0.64918,3519,9,0
2025-06-04 20:00:00+00:00,0.64919,0.64949,0.64874,0.64893,2285,9,0
2025-06-05 00:00:00+00:00,0.64893,0.6509,0.64856,0.64874,6079,9,0
2025-06-05 04:00:00+00:00,0.64875,0.6508,0.64863,0.65004,5209,9,0
2025-06-05 08:00:00+00:00,0.65003,0.65145,0.64972,0.65088,5056,9,0
2025-06-05 12:00:00+00:00,0.65086,0.65375,0.65042,0.65154,12587,9,0
2025-06-05 16:00:00+00:00,0.65154,0.65178,0.65029,0.65068,5944,9,0
2025-06-05 20:00:00+00:00,0.65069,0.65115,0.65014,0.65098,2464,9,0
2025-06-06 00:00:00+00:00,0.65098,0.65166,0.64924,0.65004,5251,9,0
2025-06-06 04:00:00+00:00,0.65004,0.65045,0.64929,0.64991,4624,9,0
2025-06-06 08:00:00+00:00,0.64991,0.64991,0.64857,0.64911,4624,9,0
2025-06-06 12:00:00+00:00,0.6491,0.65064,0.64793,0.64951,13878,9,0
2025-06-06 16:00:00+00:00,0.64951,0.64988,0.64867,0.6496,4905,9,0
2025-06-06 20:00:00+00:00,0.64961,0.64994,0.6492,0.64926,542,9,0
2025-06-08 20:00:00+00:00,0.6486,0.65013,0.64856,0.64985,1499,9,0
2025-06-09 00:00:00+00:00,0.64985,0.65178,0.64937,0.65114,4858,9,0
2025-06-09 04:00:00+00:00,0.65114,0.65196,0.65089,0.65182,4010,9,0
2025-06-09 08:00:00+00:00,0.65183,0.65334,0.65165,0.65186,4669,9,0
2025-06-09 12:00:00+00:00,0.65187,0.6526,0.65057,0.65243,6327,9,0
2025-06-09 16:00:00+00:00,0.65243,0.65266,0.65187,0.65188,2969,9,0
2025-06-09 20:00:00+00:00,0.65187,0.65189,0.65119,0.65162,2011,9,0
2025-06-10 00:00:00+00:00,0.65163,0.65288,0.65013,0.65278,6652,9,0
2025-06-10 04:00:00+00:00,0.65279,0.65296,0.64896,0.65001,9467,9,0
2025-06-10 08:00:00+00:00,0.65001,0.65214,0.64998,0.65193,5748,9,0
2025-06-10 12:00:00+00:00,0.65193,0.65328,0.65151,0.65203,7020,9,0
2025-06-10 16:00:00+00:00,0.65204,0.65247,0.65147,0.65234,3868,9,0
2025-06-10 20:00:00+00:00,0.65234,0.65313,0.65191,0.65286,2882,9,0
2025-06-11 00:00:00+00:00,0.65285,0.65288,0.64968,0.65142,6100,9,0
2025-06-11 04:00:00+00:00,0.65142,0.65179,0.65071,0.65112,4804,9,0
2025-06-11 08:00:00+00:00,0.65112,0.65188,0.65027,0.65054,5131,9,0
2025-06-11 12:00:00+00:00,0.65054,0.65454,0.65003,0.65197,11519,9,0
2025-06-11 16:00:00+00:00,0.65198,0.65293,0.64955,0.64994,5936,9,0
2025-06-11 20:00:00+00:00,0.64995,0.65107,0.64967,0.65084,2814,9,0
2025-06-12 00:00:00+00:00,0.65085,0.65104,0.64837,0.6502,6664,9,0
2025-06-12 04:00:00+00:00,0.65021,0.65049,0.64769,0.64818,6838,9,0
2025-06-12 08:00:00+00:00,0.64819,0.65197,0.64807,0.65143,8302,9,0
2025-06-12 12:00:00+00:00,0.65145,0.65331,0.65132,0.65225,10024,9,0
2025-06-12 16:00:00+00:00,0.65227,0.65294,0.65214,0.65277,4117,9,0
2025-06-12 20:00:00+00:00,0.65276,0.65328,0.65267,0.65267,2244,9,0
2025-06-13 00:00:00+00:00,0.65265,0.65268,0.64561,0.64808,17540,9,0
2025-06-13 04:00:00+00:00,0.64808,0.64892,0.6466,0.64816,10216,9,0
2025-06-13 08:00:00+00:00,0.64818,0.64958,0.6462,0.6475,9671,9,0
2025-06-13 12:00:00+00:00,0.6475,0.65149,0.64681,0.65106,10160,9,0
2025-06-13 16:00:00+00:00,0.65106,0.65192,0.64824,0.64931,7093,9,0
2025-06-13 20:00:00+00:00,0.64929,0.64942,0.64849,0.64904,1235,9,0
2025-06-15 20:00:00+00:00,0.6477,0.6494,0.64737,0.64916,3724,9,0
2025-06-16 00:00:00+00:00,0.64916,0.64961,0.64661,0.64734,6945,9,0
2025-06-16 04:00:00+00:00,0.64734,0.6513,0.64733,0.6507,7334,9,0
2025-06-16 08:00:00+00:00,0.6507,0.65252,0.6504,0.65238,5257,9,0
2025-06-16 12:00:00+00:00,0.65238,0.65516,0.65193,0.65344,8849,9,0
2025-06-16 16:00:00+00:00,0.65345,0.65476,0.65215,0.65223,4714,9,0
2025-06-16 20:00:00+00:00,0.65224,0.65275,0.65068,0.65121,3415,9,0
2025-06-17 00:00:00+00:00,0.65122,0.6532,0.65026,0.65312,8173,9,0
2025-06-17 04:00:00+00:00,0.65312,0.65432,0.65265,0.65378,7264,9,0
2025-06-17 08:00:00+00:00,0.65379,0.65418,0.65267,0.65365,6241,9,0
2025-06-17 12:00:00+00:00,0.65365,0.65404,0.65022,0.65128,9406,9,0
2025-06-17 16:00:00+00:00,0.65129,0.65188,0.64656,0.64738,8747,9,0
2025-06-17 20:00:00+00:00,0.64739,0.64807,0.64682,0.64802,3321,9,0
2025-06-18 00:00:00+00:00,0.648,0.64931,0.64767,0.64911,7673,9,0
2025-06-18 04:00:00+00:00,0.64911,0.65129,0.64896,0.64973,6275,9,0
2025-06-18 08:00:00+00:00,0.64972,0.65027,0.64868,0.65003,5617,9,0
2025-06-18 12:00:00+00:00,0.65003,0.6523,0.64939,0.65178,9988,9,0
2025-06-18 16:00:00+00:00,0.65179,0.65372,0.6494,0.65038,15011,9,0
2025-06-18 20:00:00+00:00,0.65038,0.65105,0.65001,0.6506,3128,9,0
2025-06-19 00:00:00+00:00,0.65058,0.65089,0.64751,0.64916,8224,9,0
2025-06-19 04:00:00+00:00,0.64916,0.64931,0.64598,0.64638,7603,9,0
2025-06-19 08:00:00+00:00,0.6464,0.64785,0.6457,0.64677,6688,9,0
2025-06-19 12:00:00+00:00,0.64677,0.64703,0.64454,0.6454,7452,9,0
2025-06-19 16:00:00+00:00,0.64539,0.64782,0.64509,0.6477,2672,9,0
2025-06-19 20:00:00+00:00,0.64768,0.6486,0.64663,0.64851,2759,9,0
2025-06-20 00:00:00+00:00,0.6485,0.64936,0.64742,0.64915,6566,9,0
2025-06-20 04:00:00+00:00,0.64914,0.64946,0.64722,0.6485,5559,9,0
2025-06-20 08:00:00+00:00,0.64851,0.64947,0.64803,0.64881,5295,9,0
2025-06-20 12:00:00+00:00,0.6488,0.6495,0.64517,0.64535,8925,9,0
2025-06-20 16:00:00+00:00,0.64534,0.64613,0.64477,0.64486,4767,9,0
2025-06-20 20:00:00+00:00,0.64485,0.64524,0.64482,0.64487,731,9,0
2025-06-22 20:00:00+00:00,0.64176,0.64484,0.64142,0.64453,3779,9,0
2025-06-23 00:00:00+00:00,0.64454,0.64463,0.63975,0.64029,9078,9,0
2025-06-23 04:00:00+00:00,0.64029,0.6427,0.63998,0.64202,8595,9,0
2025-06-23 08:00:00+00:00,0.64202,0.64212,0.63722,0.63868,8382,9,0
2025-06-23 12:00:00+00:00,0.63868,0.6439,0.63799,0.64208,11407,9,0
2025-06-23 16:00:00+00:00,0.6421,0.64576,0.64076,0.64559,9951,9,0
2025-06-23 20:00:00+00:00,0.6456,0.64863,0.64538,0.64766,4771,9,0
2025-06-24 00:00:00+00:00,0.64767,0.64965,0.64708,0.64903,8702,9,0
2025-06-24 04:00:00+00:00,0.64904,0.65131,0.64852,0.6493,9076,9,0
2025-06-24 08:00:00+00:00,0.6493,0.65155,0.64925,0.65084,6103,9,0
2025-06-24 12:00:00+00:00,0.65084,0.65189,0.64865,0.64972,9874,9,0
2025-06-24 16:00:00+00:00,0.64973,0.65093,0.64934,0.64974,4343,9,0
2025-06-24 20:00:00+00:00,0.64976,0.64999,0.64866,0.6495,2414,9,0
2025-06-25 00:00:00+00:00,0.6495,0.65074,0.64893,0.64977,6611,9,0
2025-06-25 04:00:00+00:00,0.64977,0.65064,0.64923,0.64965,5574,9,0
2025-06-25 08:00:00+00:00,0.64966,0.6499,0.64883,0.64964,4561,9,0
2025-06-25 12:00:00+00:00,0.64965,0.64975,0.64842,0.64905,7676,9,0
2025-06-25 16:00:00+00:00,0.64905,0.65147,0.64904,0.65101,5054,9,0
2025-06-25 20:00:00+00:00,0.65102,0.65226,0.65022,0.65206,3041,9,0
2025-06-26 00:00:00+00:00,0.65207,0.65359,0.65098,0.65322,6266,9,0
2025-06-26 04:00:00+00:00,0.65322,0.65379,0.65179,0.65331,6845,9,0
2025-06-26 08:00:00+00:00,0.6533,0.65495,0.65285,0.65316,7453,9,0
2025-06-26 12:00:00+00:00,0.65316,0.65584,0.653,0.65531,11385,9,0
2025-06-26 16:00:00+00:00,0.6553,0.65634,0.65475,0.65505,5768,9,0
2025-06-26 20:00:00+00:00,0.65503,0.65509,0.6542,0.65462,2713,9,0
2025-06-27 00:00:00+00:00,0.65463,0.65607,0.65448,0.65477,6262,9,0
2025-06-27 04:00:00+00:00,0.65478,0.65603,0.65393,0.65488,6220,9,0
2025-06-27 08:00:00+00:00,0.65489,0.65566,0.65288,0.65376,5572,9,0
2025-06-27 12:00:00+00:00,0.65376,0.65491,0.65225,0.65328,9326,9,0
2025-06-27 16:00:00+00:00,0.65327,0.65383,0.6508,0.65245,8108,9,0
2025-06-27 20:00:00+00:00,0.65244,0.65331,0.6524,0.65295,811,9,0
2025-06-29 20:00:00+00:00,0.65219,0.65378,0.65219,0.65315,2220,9,0
2025-06-30 00:00:00+00:00,0.65316,0.65428,0.65269,0.6532,6033,9,0
2025-06-30 04:00:00+00:00,0.6532,0.65523,0.65312,0.65335,6358,9,0
2025-06-30 08:00:00+00:00,0.65333,0.65396,0.65225,0.65311,4831,9,0
2025-06-30 12:00:00+00:00,0.65311,0.65722,0.65267,0.6572,8834,9,0
2025-06-30 16:00:00+00:00,0.6572,0.65819,0.65636,0.65803,5230,9,0
2025-06-30 20:00:00+00:00,0.65805,0.65833,0.65709,0.6576,2515,9,0
2025-07-01 00:00:00+00:00,0.65761,0.6579,0.65536,0.65675,5284,9,0
2025-07-01 04:00:00+00:00,0.65676,0.65871,0.65646,0.65868,6012,9,0
2025-07-01 08:00:00+00:00,0.65867,0.65898,0.65783,0.65849,5759,9,0
2025-07-01 12:00:00+00:00,0.65849,0.65871,0.65615,0.65702,11035,9,0
2025-07-01 16:00:00+00:00,0.65704,0.65766,0.65648,0.6576,4980,9,0
2025-07-01 20:00:00+00:00,0.65758,0.65832,0.65738,0.6579,2337,9,0
2025-07-02 00:00:00+00:00,0.6579,0.65826,0.65647,0.65795,4667,9,0
2025-07-02 04:00:00+00:00,0.65797,0.6583,0.65617,0.65618,5133,9,0
2025-07-02 08:00:00+00:00,0.65616,0.65703,0.65521,0.65532,5022,9,0
2025-07-02 12:00:00+00:00,0.65531,0.65719,0.65432,0.65703,11788,9,0
2025-07-02 16:00:00+00:00,0.65703,0.65883,0.65678,0.65876,4497,9,0
2025-07-02 20:00:00+00:00,0.65876,0.65876,0.65802,0.65816,1961,9,0
2025-07-03 00:00:00+00:00,0.65815,0.65863,0.6565,0.65667,4902,9,0
2025-07-03 04:00:00+00:00,0.65665,0.65813,0.65622,0.65774,4463,9,0
2025-07-03 08:00:00+00:00,0.65775,0.65836,0.65716,0.65727,4370,9,0
2025-07-03 12:00:00+00:00,0.65726,0.65794,0.65369,0.65724,14634,9,0
2025-07-03 16:00:00+00:00,0.65726,0.65739,0.6565,0.65684,2614,9,0
2025-07-03 20:00:00+00:00,0.65685,0.65772,0.65634,0.65758,2093,9,0
2025-07-04 00:00:00+00:00,0.65758,0.65785,0.65628,0.65692,4909,9,0
2025-07-04 04:00:00+00:00,0.65692,0.65781,0.65487,0.65543,5529,9,0
2025-07-04 08:00:00+00:00,0.65543,0.65612,0.65541,0.65582,4722,9,0
2025-07-04 12:00:00+00:00,0.65582,0.65596,0.65457,0.655,4999,9,0
2025-07-04 16:00:00+00:00,0.65499,0.65525,0.65467,0.65502,9696,9,0
2025-07-04 20:00:00+00:00,0.65501,0.65539,0.65472,0.65519,6286,9,0
2025-07-06 20:00:00+00:00,0.65479,0.65558,0.65422,0.65498,1832,9,0
2025-07-07 00:00:00+00:00,0.65498,0.65527,0.6512,0.65154,6791,9,0
2025-07-07 04:00:00+00:00,0.65154,0.65178,0.64995,0.65043,6615,9,0
2025-07-07 08:00:00+00:00,0.65041,0.65062,0.64858,0.64995,5398,9,0
2025-07-07 12:00:00+00:00,0.64995,0.65184,0.64949,0.6511,6576,9,0
2025-07-07 16:00:00+00:00,0.65111,0.65146,0.64852,0.64986,8305,9,0
2025-07-07 20:00:00+00:00,0.64985,0.65067,0.64859,0.6506,2748,9,0
2025-07-08 00:00:00+00:00,0.65061,0.65194,0.65059,0.65128,5255,9,0
2025-07-08 04:00:00+00:00,0.65127,0.6558,0.65106,0.65429,10502,9,0
2025-07-08 08:00:00+00:00,0.65429,0.65474,0.65359,0.65398,5394,9,0
2025-07-08 12:00:00+00:00,0.65397,0.65445,0.65077,0.65225,9660,9,0
2025-07-08 16:00:00+00:00,0.65226,0.65335,0.6514,0.65256,8311,9,0
2025-07-08 20:00:00+00:00,0.65255,0.65309,0.65228,0.65237,2489,9,0
2025-07-09 00:00:00+00:00,0.65239,0.6537,0.65093,0.6522,7371,9,0
2025-07-09 04:00:00+00:00,0.65222,0.65445,0.65211,0.65252,7543,9,0
2025-07-09 08:00:00+00:00,0.6525,0.6535,0.65156,0.65158,5853,9,0
2025-07-09 12:00:00+00:00,0.65158,0.65475,0.65141,0.65299,9149,9,0
2025-07-09 16:00:00+00:00,0.653,0.65421,0.65292,0.65401,4582,9,0
2025-07-09 20:00:00+00:00,0.65401,0.65404,0.65286,0.65357,2250,9,0
2025-07-10 00:00:00+00:00,0.65357,0.65511,0.65333,0.65437,5367,9,0
2025-07-10 04:00:00+00:00,0.65437,0.65624,0.65377,0.65548,4921,9,0
2025-07-10 08:00:00+00:00,0.65549,0.65653,0.65492,0.65512,3719,9,0
2025-07-10 12:00:00+00:00,0.65512,0.65711,0.65414,0.65701,8461,9,0
2025-07-10 16:00:00+00:00,0.65699,0.65895,0.65689,0.65887,4349,9,0
2025-07-10 20:00:00+00:00,0.65886,0.65947,0.65798,0.65927,2370,9,0
2025-07-11 00:00:00+00:00,0.65927,0.65942,0.65562,0.65851,11079,9,0
2025-07-11 04:00:00+00:00,0.65851,0.65905,0.65723,0.65847,6380,9,0
2025-07-11 08:00:00+00:00,0.65848,0.65899,0.65704,0.65793,5754,9,0
2025-07-11 12:00:00+00:00,0.65792,0.65898,0.65697,0.65767,9575,9,0
2025-07-11 16:00:00+00:00,0.65767,0.65839,0.65696,0.65766,4830,9,0
2025-07-11 20:00:00+00:00,0.65766,0.65778,0.65716,0.65768,1046,9,0
2025-07-13 20:00:00+00:00,0.65578,0.65771,0.65543,0.6575,2624,9,0
2025-07-14 00:00:00+00:00,0.65748,0.65871,0.6558,0.65679,6700,9,0
2025-07-14 04:00:00+00:00,0.65677,0.6575,0.65549,0.65719,6051,9,0
2025-07-14 08:00:00+00:00,0.65718,0.65742,0.6562,0.65655,4175,9,0
2025-07-14 12:00:00+00:00,0.65654,0.65696,0.65483,0.65483,6636,9,0
2025-07-14 16:00:00+00:00,0.65482,0.65509,0.6544,0.65468,4119,9,0
2025-07-14 20:00:00+00:00,0.65469,0.65475,0.6539,0.65434,2785,9,0
2025-07-15 00:00:00+00:00,0.65434,0.65547,0.6539,0.65463,5954,9,0
2025-07-15 04:00:00+00:00,0.65463,0.65673,0.65405,0.65666,5023,9,0
2025-07-15 08:00:00+00:00,0.65665,0.65713,0.65598,0.65607,4817,9,0
2025-07-15 12:00:00+00:00,0.65606,0.65753,0.65084,0.65193,13140,9,0
2025-07-15 16:00:00+00:00,0.65194,0.65213,0.65075,0.6514,5060,9,0
2025-07-15 20:00:00+00:00,0.65139,0.65218,0.65114,0.6518,2286,9,0
2025-07-16 00:00:00+00:00,0.6518,0.65339,0.65154,0.65225,5262,9,0
2025-07-16 04:00:00+00:00,0.65225,0.65291,0.65203,0.65248,4912,9,0
2025-07-16 08:00:00+00:00,0.65248,0.6528,0.65155,0.65195,4262,9,0
2025-07-16 12:00:00+00:00,0.65196,0.65539,0.6495,0.65208,20407,9,0
2025-07-16 16:00:00+00:00,0.65207,0.65364,0.65127,0.65268,10028,9,0
2025-07-16 20:00:00+00:00,0.65268,0.65297,0.65211,0.65223,2291,9,0
2025-07-17 00:00:00+00:00,0.65221,0.65232,0.64724,0.64868,7658,9,0
2025-07-17 04:00:00+00:00,0.64868,0.6495,0.64615,0.64643,6574,9,0
2025-07-17 08:00:00+00:00,0.64644,0.64742,0.64548,0.64577,4711,9,0
2025-07-17 12:00:00+00:00,0.64577,0.64875,0.64541,0.64829,8199,9,0
2025-07-17 16:00:00+00:00,0.6483,0.6491,0.64788,0.64903,3828,9,0
2025-07-17 20:00:00+00:00,0.64901,0.64992,0.64828,0.64973,2530,9,0
2025-07-18 00:00:00+00:00,0.64974,0.651,0.64962,0.65021,4650,9,0
2025-07-18 04:00:00+00:00,0.65021,0.65119,0.64973,0.65116,4223,9,0
2025-07-18 08:00:00+00:00,0.65117,0.65253,0.65116,0.6522,3759,9,0
2025-07-18 12:00:00+00:00,0.65221,0.65404,0.65217,0.65255,6848,9,0
2025-07-18 16:00:00+00:00,0.65256,0.6527,0.65023,0.65071,4151,9,0
2025-07-18 20:00:00+00:00,0.65071,0.65081,0.65044,0.6508,650,9,0
2025-07-20 20:00:00+00:00,0.65029,0.65143,0.65024,0.6512,2421,9,0
2025-07-21 00:00:00+00:00,0.6512,0.65144,0.64978,0.65076,4774,9,0
2025-07-21 04:00:00+00:00,0.65076,0.65184,0.65058,0.65085,4297,9,0
2025-07-21 08:00:00+00:00,0.65086,0.65237,0.65075,0.6523,4286,9,0
2025-07-21 12:00:00+00:00,0.6523,0.65369,0.65148,0.65294,5871,9,0
2025-07-21 16:00:00+00:00,0.65294,0.65326,0.65222,0.65226,3151,9,0
2025-07-21 20:00:00+00:00,0.65226,0.65301,0.65197,0.65269,1849,9,0
2025-07-22 00:00:00+00:00,0.6527,0.65279,0.65131,0.65193,4276,9,0
2025-07-22 04:00:00+00:00,0.65193,0.65227,0.65036,0.65054,4295,9,0
2025-07-22 08:00:00+00:00,0.65052,0.65202,0.65039,0.65186,4238,9,0
2025-07-22 12:00:00+00:00,0.65186,0.65552,0.65185,0.65544,8148,9,0
2025-07-22 16:00:00+00:00,0.65544,0.65577,0.65466,0.65526,4100,9,0
2025-07-22 20:00:00+00:00,0.65525,0.65589,0.65473,0.65527,2645,9,0
2025-07-23 00:00:00+00:00,0.65527,0.65683,0.65498,0.65617,6158,9,0
2025-07-23 04:00:00+00:00,0.65617,0.65799,0.6561,0.65779,5062,9,0
2025-07-23 08:00:00+00:00,0.65781,0.66003,0.65767,0.65979,4402,9,0
2025-07-23 12:00:00+00:00,0.65979,0.66003,0.65792,0.65895,7717,9,0
2025-07-23 16:00:00+00:00,0.65894,0.66014,0.65797,0.66006,6156,9,0
2025-07-23 20:00:00+00:00,0.66006,0.66045,0.65953,0.66011,2348,9,0
2025-07-24 00:00:00+00:00,0.66011,0.66192,0.6596,0.66144,5842,9,0
2025-07-24 04:00:00+00:00,0.66143,0.66247,0.66086,0.66107,5424,9,0
2025-07-24 08:00:00+00:00,0.66108,0.66218,0.66054,0.66151,4768,9,0
2025-07-24 12:00:00+00:00,0.66152,0.66194,0.6598,0.65992,8737,9,0
2025-07-24 16:00:00+00:00,0.65992,0.66017,0.65924,0.65931,3908,9,0
2025-07-24 20:00:00+00:00,0.65932,0.65954,0.65857,0.65943,2466,9,0
2025-07-25 00:00:00+00:00,0.65944,0.65983,0.65788,0.65839,5369,9,0
2025-07-25 04:00:00+00:00,0.65839,0.65876,0.65663,0.65719,6340,9,0
2025-07-25 08:00:00+00:00,0.65718,0.65739,0.65579,0.6567,4948,9,0
2025-07-25 12:00:00+00:00,0.65671,0.6568,0.65517,0.65541,9907,9,0
2025-07-25 16:00:00+00:00,0.65542,0.65657,0.65506,0.65638,3554,9,0
2025-07-25 20:00:00+00:00,0.65636,0.65659,0.65614,0.65653,791,9,0
2025-07-27 20:00:00+00:00,0.65589,0.65763,0.65589,0.65704,1866,9,0
2025-07-28 00:00:00+00:00,0.65706,0.65853,0.65657,0.65677,5797,9,0
2025-07-28 04:00:00+00:00,0.65677,0.6569,0.65227,0.65239,6397,9,0
2025-07-28 08:00:00+00:00,0.65237,0.65331,0.65155,0.6529,6834,9,0
2025-07-28 12:00:00+00:00,0.65289,0.65365,0.65151,0.65172,9017,9,0
2025-07-28 16:00:00+00:00,0.65171,0.65212,0.65127,0.65208,3609,9,0
2025-07-28 20:00:00+00:00,0.65207,0.65252,0.6515,0.65213,2179,9,0
2025-07-29 00:00:00+00:00,0.65214,0.65295,0.65111,0.65196,4562,9,0
2025-07-29 04:00:00+00:00,0.65196,0.65283,0.64985,0.65038,6169,9,0
2025-07-29 08:00:00+00:00,0.65038,0.65191,0.64963,0.64986,5442,9,0
2025-07-29 12:00:00+00:00,0.64985,0.65112,0.64957,0.6507,8453,9,0
2025-07-29 16:00:00+00:00,0.65069,0.65181,0.65057,0.65127,4679,9,0
2025-07-29 20:00:00+00:00,0.65127,0.65146,0.65073,0.65127,1988,9,0
2025-07-30 00:00:00+00:00,0.65129,0.65284,0.65027,0.65184,6766,9,0
2025-07-30 04:00:00+00:00,0.65186,0.65193,0.65014,0.65017,5704,9,0
2025-07-30 08:00:00+00:00,0.65017,0.65042,0.64843,0.64876,4549,9,0
2025-07-30 12:00:00+00:00,0.64876,0.64884,0.64482,0.64504,9485,9,0
2025-07-30 16:00:00+00:00,0.64506,0.64706,0.64256,0.64313,13620,9,0
2025-07-30 20:00:00+00:00,0.64311,0.64496,0.64282,0.64451,3356,9,0
2025-07-31 00:00:00+00:00,0.64449,0.64566,0.64331,0.64562,7019,9,0
2025-07-31 04:00:00+00:00,0.64562,0.64759,0.64513,0.64647,6472,9,0
2025-07-31 08:00:00+00:00,0.64647,0.64647,0.64363,0.64458,5474,9,0
2025-07-31 12:00:00+00:00,0.64456,0.64483,0.64274,0.64288,9878,9,0
2025-07-31 16:00:00+00:00,0.64286,0.64347,0.64237,0.64256,5405,9,0
2025-07-31 20:00:00+00:00,0.64257,0.64327,0.64204,0.64272,3781,9,0
2025-08-01 00:00:00+00:00,0.64272,0.64397,0.64215,0.64356,6878,9,0
2025-08-01 04:00:00+00:00,0.64355,0.6439,0.64267,0.64294,5639,9,0
2025-08-01 08:00:00+00:00,0.64295,0.64324,0.64187,0.64235,4429,9,0
2025-08-01 12:00:00+00:00,0.64235,0.64928,0.64188,0.64663,23976,9,0
2025-08-01 16:00:00+00:00,0.64661,0.64681,0.64371,0.64568,9126,9,0
2025-08-01 20:00:00+00:00,0.64569,0.64758,0.64569,0.64692,1665,9,0
2025-08-03 20:00:00+00:00,0.64626,0.64722,0.64543,0.64687,2818,9,0
2025-08-04 00:00:00+00:00,0.64685,0.64837,0.64621,0.64814,6972,9,0
2025-08-04 04:00:00+00:00,0.64814,0.64858,0.64707,0.64737,5709,9,0
2025-08-04 08:00:00+00:00,0.64738,0.64859,0.64691,0.64815,5485,9,0
2025-08-04 12:00:00+00:00,0.64815,0.64891,0.64622,0.64646,8234,9,0
2025-08-04 16:00:00+00:00,0.64646,0.64672,0.64589,0.64643,4329,9,0
2025-08-04 20:00:00+00:00,0.64643,0.64752,0.64631,0.64737,2285,9,0
2025-08-05 00:00:00+00:00,0.64738,0.64789,0.64541,0.64548,5009,9,0
2025-08-05 04:00:00+00:00,0.64548,0.64712,0.64533,0.64591,5130,9,0
2025-08-05 08:00:00+00:00,0.64591,0.64612,0.64492,0.64591,5500,9,0
2025-08-05 12:00:00+00:00,0.64591,0.6474,0.64546,0.64699,10953,9,0
2025-08-05 16:00:00+00:00,0.64699,0.64782,0.64652,0.64684,4651,9,0
2025-08-05 20:00:00+00:00,0.64685,0.6475,0.64618,0.64712,2564,9,0
2025-08-06 00:00:00+00:00,0.64711,0.64905,0.64706,0.64881,3983,9,0
2025-08-06 04:00:00+00:00,0.64881,0.64952,0.6484,0.64943,3766,9,0
2025-08-06 08:00:00+00:00,0.64944,0.65076,0.64868,0.65042,4105,9,0
2025-08-06 12:00:00+00:00,0.65042,0.65075,0.64884,0.65025,7725,9,0
2025-08-06 16:00:00+00:00,0.65025,0.65084,0.64962,0.6503,4423,9,0
2025-08-06 20:00:00+00:00,0.65031,0.65059,0.6498,0.64994,2352,9,0
2025-08-07 00:00:00+00:00,0.64995,0.65139,0.64954,0.65109,4454,9,0
2025-08-07 04:00:00+00:00,0.65108,0.65372,0.65102,0.65368,4247,9,0
2025-08-07 08:00:00+00:00,0.65367,0.65408,0.65169,0.65211,5514,9,0
2025-08-07 12:00:00+00:00,0.65213,0.65297,0.64892,0.64999,9589,9,0
2025-08-07 16:00:00+00:00,0.64998,0.65155,0.64944,0.65155,5709,9,0
2025-08-07 20:00:00+00:00,0.65155,0.65275,0.65132,0.65246,2850,9,0
2025-08-08 00:00:00+00:00,0.65246,0.65263,0.65112,0.65208,3974,9,0
2025-08-08 04:00:00+00:00,0.65208,0.65334,0.65158,0.65295,4005,9,0
2025-08-08 08:00:00+00:00,0.65294,0.65344,0.65166,0.65218,4169,9,0
2025-08-08 12:00:00+00:00,0.65218,0.65307,0.6514,0.65262,6360,9,0
2025-08-08 16:00:00+00:00,0.65262,0.65321,0.65198,0.65223,3574,9,0
2025-08-08 20:00:00+00:00,0.65222,0.65228,0.65187,0.65208,708,9,0
2025-08-10 20:00:00+00:00,0.6517,0.65226,0.65154,0.65161,1188,9,0
2025-08-11 00:00:00+00:00,0.65161,0.65267,0.65134,0.65257,3889,9,0
2025-08-11 04:00:00+00:00,0.65257,0.65282,0.65132,0.65149,3556,9,0
2025-08-11 08:00:00+00:00,0.65148,0.65227,0.65072,0.65112,3871,9,0
2025-08-11 12:00:00+00:00,0.65114,0.65129,0.65011,0.65121,6119,9,0
2025-08-11 16:00:00+00:00,0.6512,0.65163,0.65066,0.65106,3499,9,0
2025-08-11 20:00:00+00:00,0.65107,0.65152,0.65088,0.65129,1766,9,0
2025-08-12 00:00:00+00:00,0.65127,0.65253,0.65098,0.65181,3715,9,0
2025-08-12 04:00:00+00:00,0.6518,0.65188,0.64936,0.65015,7205,9,0
2025-08-12 08:00:00+00:00,0.65017,0.65023,0.64815,0.64859,4133,9,0
2025-08-12 12:00:00+00:00,0.64859,0.654,0.64843,0.6531,16006,9,0
2025-08-12 16:00:00+00:00,0.65309,0.65349,0.65257,0.65289,4586,9,0
2025-08-12 20:00:00+00:00,0.65289,0.6531,0.65217,0.65294,2046,9,0
2025-08-13 00:00:00+00:00,0.65294,0.65313,0.65162,0.65281,3740,9,0
2025-08-13 04:00:00+00:00,0.6528,0.65543,0.65271,0.655,4402,9,0
2025-08-13 08:00:00+00:00,0.65498,0.65622,0.65481,0.65546,4333,9,0
2025-08-13 12:00:00+00:00,0.65546,0.65578,0.65415,0.65438,6324,9,0
2025-08-13 16:00:00+00:00,0.65438,0.65481,0.65386,0.65431,2966,9,0
2025-08-13 20:00:00+00:00,0.65431,0.65517,0.65399,0.65502,1948,9,0
2025-08-14 00:00:00+00:00,0.65503,0.65683,0.65465,0.65474,4983,9,0
2025-08-14 04:00:00+00:00,0.65474,0.6553,0.65289,0.65325,5463,9,0
2025-08-14 08:00:00+00:00,0.65326,0.65381,0.65218,0.65244,4561,9,0
2025-08-14 12:00:00+00:00,0.65246,0.65256,0.64846,0.6488,11188,9,0
2025-08-14 16:00:00+00:00,0.64881,0.64987,0.64822,0.64974,4097,9,0
2025-08-14 20:00:00+00:00,0.64973,0.65002,0.64913,0.64969,2143,9,0
2025-08-15 00:00:00+00:00,0.64969,0.65045,0.64876,0.6502,4273,9,0
2025-08-15 04:00:00+00:00,0.6502,0.65133,0.64979,0.6513,3631,9,0
2025-08-15 08:00:00+00:00,0.6513,0.65157,0.65039,0.65129,3531,9,0
2025-08-15 12:00:00+00:00,0.65129,0.65223,0.65047,0.65128,7956,9,0
2025-08-15 16:00:00+00:00,0.65128,0.65141,0.65026,0.65075,3312,9,0
2025-08-15 20:00:00+00:00,0.65075,0.651,0.65062,0.65067,975,9,0
2025-08-17 20:00:00+00:00,0.65038,0.65126,0.65016,0.65118,1187,9,0
2025-08-18 00:00:00+00:00,0.65118,0.65204,0.65099,0.65197,3382,9,0
2025-08-18 04:00:00+00:00,0.65197,0.65238,0.651,0.65116,3938,9,0
2025-08-18 08:00:00+00:00,0.65116,0.65181,0.65059,0.65085,4106,9,0
2025-08-18 12:00:00+00:00,0.65085,0.65115,0.64812,0.64924,5401,9,0
2025-08-18 16:00:00+00:00,0.64923,0.64951,0.6488,0.64944,3020,9,0
2025-08-18 20:00:00+00:00,0.64943,0.64967,0.64875,0.6494,2270,9,0
2025-08-19 00:00:00+00:00,0.64941,0.64968,0.64842,0.64868,4701,9,0
2025-08-19 04:00:00+00:00,0.64867,0.64957,0.64767,0.64854,4556,9,0
2025-08-19 08:00:00+00:00,0.64855,0.6495,0.64801,0.64925,4229,9,0
2025-08-19 12:00:00+00:00,0.64925,0.64942,0.64577,0.64579,6702,9,0
2025-08-19 16:00:00+00:00,0.64579,0.64626,0.64494,0.64528,3464,9,0
2025-08-19 20:00:00+00:00,0.64527,0.64552,0.645,0.64533,2085,9,0
2025-08-20 00:00:00+00:00,0.64533,0.64548,0.64288,0.64325,6857,9,0
2025-08-20 04:00:00+00:00,0.64326,0.64487,0.64324,0.64412,5134,9,0
2025-08-20 08:00:00+00:00,0.64412,0.64415,0.64253,0.64306,4233,9,0
2025-08-20 12:00:00+00:00,0.64306,0.64478,0.64232,0.64267,7511,9,0
2025-08-20 16:00:00+00:00,0.64269,0.64385,0.64268,0.64327,4309,9,0
2025-08-20 20:00:00+00:00,0.64327,0.64361,0.64291,0.64349,2112,9,0
2025-08-21 00:00:00+00:00,0.64349,0.64364,0.64185,0.64213,4875,9,0
2025-08-21 04:00:00+00:00,0.64213,0.64272,0.64142,0.64225,4461,9,0
2025-08-21 08:00:00+00:00,0.64223,0.64317,0.64187,0.64227,3997,9,0
2025-08-21 12:00:00+00:00,0.64228,0.64313,0.64151,0.64194,8787,9,0
2025-08-21 16:00:00+00:00,0.64193,0.6429,0.64149,0.64214,3960,9,0
2025-08-21 20:00:00+00:00,0.64213,0.64258,0.6417,0.6425,1965,9,0
2025-08-22 00:00:00+00:00,0.6425,0.64297,0.6419,0.64223,4313,9,0
2025-08-22 04:00:00+00:00,0.64223,0.64255,0.64147,0.64229,3552,9,0
2025-08-22 08:00:00+00:00,0.6423,0.64312,0.64154,0.64212,3478,9,0
2025-08-22 12:00:00+00:00,0.64213,0.65004,0.64207,0.6483,13560,9,0
2025-08-22 16:00:00+00:00,0.64828,0.64977,0.64828,0.64877,5244,9,0
2025-08-22 20:00:00+00:00,0.64877,0.64942,0.64872,0.64916,696,9,0
2025-08-24 20:00:00+00:00,0.64863,0.64946,0.64834,0.64843,1799,9,0
2025-08-25 00:00:00+00:00,0.64843,0.64881,0.64713,0.64865,4197,9,0
2025-08-25 04:00:00+00:00,0.64865,0.65045,0.64856,0.64863,4383,9,0
2025-08-25 08:00:00+00:00,0.64862,0.64991,0.64861,0.64986,3793,9,0
2025-08-25 12:00:00+00:00,0.64987,0.65041,0.64886,0.64979,6040,9,0
2025-08-25 16:00:00+00:00,0.64979,0.64995,0.64775,0.64788,4137,9,0
2025-08-25 20:00:00+00:00,0.64787,0.64844,0.64764,0.6481,1807,9,0
2025-08-26 00:00:00+00:00,0.64812,0.64931,0.64706,0.64726,7969,9,0
2025-08-26 04:00:00+00:00,0.64724,0.64847,0.64696,0.64734,5362,9,0
2025-08-26 08:00:00+00:00,0.64734,0.64921,0.64727,0.64898,4671,9,0
2025-08-26 12:00:00+00:00,0.64897,0.64982,0.64802,0.6497,6573,9,0
2025-08-26 16:00:00+00:00,0.64971,0.65003,0.64916,0.64931,3204,9,0
2025-08-26 20:00:00+00:00,0.64931,0.64971,0.64888,0.6495,1960,9,0
2025-08-27 00:00:00+00:00,0.6495,0.65039,0.64869,0.64879,4700,9,0
2025-08-27 04:00:00+00:00,0.6488,0.64902,0.64747,0.64782,4105,9,0
2025-08-27 08:00:00+00:00,0.64781,0.64781,0.64621,0.64661,4528,9,0
2025-08-27 12:00:00+00:00,0.64661,0.64946,0.64657,0.64943,6370,9,0
2025-08-27 16:00:00+00:00,0.64943,0.65125,0.64939,0.65087,4026,9,0
2025-08-27 20:00:00+00:00,0.65087,0.65121,0.65003,0.65121,2273,9,0
2025-08-28 00:00:00+00:00,0.65122,0.65215,0.65096,0.65142,3969,9,0
2025-08-28 04:00:00+00:00,0.65142,0.65152,0.65054,0.65146,4043,9,0
2025-08-28 08:00:00+00:00,0.65145,0.65302,0.65079,0.65269,4265,9,0
2025-08-28 12:00:00+00:00,0.65269,0.6534,0.65191,0.65298,7879,9,0
2025-08-28 16:00:00+00:00,0.65298,0.65373,0.65289,0.6531,2912,9,0
2025-08-28 20:00:00+00:00,0.6531,0.65323,0.65223,0.65303,2024,9,0
2025-08-29 00:00:00+00:00,0.65303,0.65419,0.65281,0.6536,4322,9,0
2025-08-29 04:00:00+00:00,0.6536,0.65402,0.65274,0.6538,3836,9,0
2025-08-29 08:00:00+00:00,0.65382,0.65389,0.65251,0.65261,4024,9,0
2025-08-29 12:00:00+00:00,0.65261,0.65482,0.65226,0.65434,7991,9,0
2025-08-29 16:00:00+00:00,0.65435,0.65467,0.65409,0.65445,3227,9,0
2025-08-29 20:00:00+00:00,0.65446,0.6546,0.65354,0.65403,823,9,0
2025-08-31 20:00:00+00:00,0.65343,0.65436,0.65294,0.65425,1549,9,0
2025-09-01 00:00:00+00:00,0.65427,0.65487,0.65349,0.65469,4646,9,0
2025-09-01 04:00:00+00:00,0.65469,0.65476,0.65346,0.65466,4355,9,0
2025-09-01 08:00:00+00:00,0.65466,0.65596,0.65449,0.65534,3813,9,0
2025-09-01 12:00:00+00:00,0.65534,0.6558,0.65484,0.65523,3738,9,0
2025-09-01 16:00:00+00:00,0.65523,0.6555,0.6549,0.65549,1049,9,0
2025-09-01 20:00:00+00:00,0.65548,0.65572,0.65495,0.65563,1509,9,0
2025-09-02 00:00:00+00:00,0.65565,0.6558,0.65377,0.65402,5038,9,0
2025-09-02 04:00:00+00:00,0.65401,0.65431,0.65,0.65038,5479,9,0
2025-09-02 08:00:00+00:00,0.6504,0.65185,0.65005,0.65084,7344,9,0
2025-09-02 12:00:00+00:00,0.65082,0.65245,0.64828,0.65146,10550,9,0
2025-09-02 16:00:00+00:00,0.65146,0.65221,0.65119,0.65196,4565,9,0
2025-09-02 20:00:00+00:00,0.65196,0.65223,0.65127,0.65182,2173,9,0
2025-09-03 00:00:00+00:00,0.6518,0.65251,0.65119,0.65176,4881,9,0
2025-09-03 04:00:00+00:00,0.65176,0.65233,0.65019,0.65221,5124,9,0
2025-09-03 08:00:00+00:00,0.6522,0.65367,0.65208,0.65351,5525,9,0
2025-09-03 12:00:00+00:00,0.6535,0.65501,0.653,0.65484,8887,9,0
2025-09-03 16:00:00+00:00,0.65484,0.65538,0.65391,0.65398,4482,9,0
2025-09-03 20:00:00+00:00,0.654,0.65457,0.65352,0.65446,1943,9,0
2025-09-04 00:00:00+00:00,0.65447,0.65494,0.6531,0.65328,5005,9,0
2025-09-04 04:00:00+00:00,0.65328,0.65346,0.65202,0.65252,4105,9,0
2025-09-04 08:00:00+00:00,0.65252,0.65275,0.65146,0.65162,3880,9,0
2025-09-04 12:00:00+00:00,0.65161,0.65264,0.6501,0.6511,8764,9,0
2025-09-04 16:00:00+00:00,0.65111,0.65177,0.65065,0.65173,3284,9,0
2025-09-04 20:00:00+00:00,0.65174,0.6522,0.65115,0.65217,1878,9,0
2025-09-05 00:00:00+00:00,0.65217,0.65306,0.65194,0.65303,3382,9,0
2025-09-05 04:00:00+00:00,0.65305,0.65438,0.65261,0.65431,3396,9,0
2025-09-05 08:00:00+00:00,0.65429,0.65472,0.65399,0.65404,2932,9,0
2025-09-05 12:00:00+00:00,0.65406,0.65881,0.65402,0.65675,15384,9,0
2025-09-05 16:00:00+00:00,0.65675,0.65699,0.65496,0.65522,5582,9,0
2025-09-05 20:00:00+00:00,0.65522,0.65568,0.65516,0.65559,781,9,0
2025-09-07 20:00:00+00:00,0.65461,0.65553,0.65454,0.65545,1901,9,0
2025-09-08 00:00:00+00:00,0.65543,0.65672,0.65478,0.65592,5709,9,0
2025-09-08 04:00:00+00:00,0.65591,0.65862,0.65542,0.65848,4613,9,0
2025-09-08 08:00:00+00:00,0.65849,0.65935,0.65796,0.65904,3862,9,0
2025-09-08 12:00:00+00:00,0.65904,0.65981,0.65822,0.65895,6017,9,0
2025-09-08 16:00:00+00:00,0.65896,0.65953,0.65805,0.65943,3027,9,0
2025-09-08 20:00:00+00:00,0.65943,0.65984,0.65859,0.65974,1993,9,0
2025-09-09 00:00:00+00:00,0.65974,0.66038,0.65911,0.65987,4067,9,0
2025-09-09 04:00:00+00:00,0.65988,0.66144,0.6598,0.66058,4266,9,0
2025-09-09 08:00:00+00:00,0.66057,0.66193,0.66033,0.66089,4619,9,0
2025-09-09 12:00:00+00:00,0.66089,0.66124,0.65847,0.659,9731,9,0
2025-09-09 16:00:00+00:00,0.659,0.65958,0.65823,0.65828,3731,9,0
2025-09-09 20:00:00+00:00,0.65828,0.65871,0.65793,0.65852,2270,9,0
2025-09-10 00:00:00+00:00,0.65852,0.66059,0.65799,0.66036,4811,9,0
2025-09-10 04:00:00+00:00,0.66037,0.66151,0.65944,0.6602,5216,9,0
2025-09-10 08:00:00+00:00,0.6602,0.66108,0.65954,0.66059,4155,9,0
2025-09-10 12:00:00+00:00,0.6606,0.66352,0.6601,0.66247,10047,9,0
2025-09-10 16:00:00+00:00,0.66248,0.66249,0.66114,0.66168,3514,9,0
2025-09-10 20:00:00+00:00,0.66167,0.66209,0.66087,0.66187,1963,9,0
2025-09-11 00:00:00+00:00,0.66187,0.66195,0.66078,0.66126,3703,9,0
2025-09-11 04:00:00+00:00,0.66126,0.66135,0.6601,0.66118,4445,9,0
2025-09-11 08:00:00+00:00,0.66119,0.66137,0.65983,0.66028,4621,9,0
2025-09-11 12:00:00+00:00,0.66027,0.66579,0.65897,0.66563,12186,9,0
2025-09-11 16:00:00+00:00,0.66562,0.66639,0.66557,0.66624,3855,9,0
2025-09-11 20:00:00+00:00,0.66623,0.66661,0.66563,0.66649,2208,9,0
2025-09-12 00:00:00+00:00,0.66648,0.66684,0.66549,0.66615,4506,9,0
2025-09-12 04:00:00+00:00,0.66615,0.66654,0.66509,0.66604,4164,9,0
2025-09-12 08:00:00+00:00,0.66604,0.66608,0.66422,0.66445,5096,9,0
2025-09-12 12:00:00+00:00,0.66446,0.66478,0.66304,0.66343,6974,9,0
2025-09-12 16:00:00+00:00,0.66343,0.66529,0.6632,0.66503,3228,9,0
2025-09-12 20:00:00+00:00,0.66502,0.66502,0.66461,0.6648,806,9,0
2025-09-14 20:00:00+00:00,0.66329,0.66496,0.66306,0.66484,1541,9,0
2025-09-15 00:00:00+00:00,0.66484,0.66646,0.66446,0.66608,3620,9,0
2025-09-15 04:00:00+00:00,0.66607,0.66664,0.66517,0.6663,4501,9,0
2025-09-15 08:00:00+00:00,0.66629,0.66653,0.66537,0.66594,4397,9,0
2025-09-15 12:00:00+00:00,0.66596,0.66711,0.66529,0.66696,6336,9,0
2025-09-15 16:00:00+00:00,0.66696,0.66745,0.66641,0.66714,3703,9,0
2025-09-15 20:00:00+00:00,0.66714,0.66725,0.66648,0.66719,1849,9,0
2025-09-16 00:00:00+00:00,0.66718,0.66759,0.66622,0.66685,4136,9,0
2025-09-16 04:00:00+00:00,0.66685,0.66719,0.66601,0.66625,4541,9,0
2025-09-16 08:00:00+00:00,0.66623,0.66761,0.66595,0.66735,4853,9,0
2025-09-16 12:00:00+00:00,0.66735,0.66779,0.66617,0.66753,8668,9,0
2025-09-16 16:00:00+00:00,0.66753,0.66877,0.66744,0.66802,3879,9,0
2025-09-16 20:00:00+00:00,0.66802,0.66883,0.66769,0.66881,2149,9,0
2025-09-17 00:00:00+00:00,0.66882,0.66895,0.66722,0.66758,3749,9,0
2025-09-17 04:00:00+00:00,0.66758,0.66776,0.66688,0.66698,3356,9,0
2025-09-17 08:00:00+00:00,0.66698,0.66782,0.66658,0.66751,3856,9,0
2025-09-17 12:00:00+00:00,0.66751,0.66824,0.66635,0.66664,5200,9,0
2025-09-17 16:00:00+00:00,0.66663,0.67066,0.6641,0.66588,22804,9,0
2025-09-17 20:00:00+00:00,0.66587,0.666,0.66499,0.66517,3395,9,0
2025-09-18 00:00:00+00:00,0.66517,0.66532,0.66332,0.66422,6717,9,0
2025-09-18 04:00:00+00:00,0.66422,0.66466,0.66155,0.66419,6165,9,0
2025-09-18 08:00:00+00:00,0.66418,0.66593,0.66354,0.66517,6516,9,0
2025-09-18 12:00:00+00:00,0.66517,0.6652,0.66067,0.66127,11126,9,0
2025-09-18 16:00:00+00:00,0.66127,0.66225,0.66111,0.66115,4385,9,0
2025-09-18 20:00:00+00:00,0.66115,0.66174,0.66097,0.66163,2292,9,0
2025-09-19 00:00:00+00:00,0.66163,0.66192,0.65993,0.66114,5272,9,0
2025-09-19 04:00:00+00:00,0.66116,0.66144,0.65876,0.66014,6827,9,0
2025-09-19 08:00:00+00:00,0.66013,0.66106,0.65919,0.65924,5050,9,0
2025-09-19 12:00:00+00:00,0.65924,0.65997,0.65856,0.65945,7892,9,0
2025-09-19 16:00:00+00:00,0.65944,0.65973,0.65918,0.65946,2997,9,0
2025-09-19 20:00:00+00:00,0.65946,0.65947,0.65894,0.65935,748,9,0
2025-09-21 20:00:00+00:00,0.65861,0.65945,0.65814,0.65882,1625,9,0
2025-09-22 00:00:00+00:00,0.6588,0.65967,0.65804,0.65936,4755,9,0
2025-09-22 04:00:00+00:00,0.65936,0.65965,0.65746,0.65797,4821,9,0
2025-09-22 08:00:00+00:00,0.65796,0.65992,0.65789,0.65961,4514,9,0
2025-09-22 12:00:00+00:00,0.65961,0.65994,0.65773,0.65891,6346,9,0
2025-09-22 16:00:00+00:00,0.65891,0.6602,0.65878,0.65994,3036,9,0
2025-09-22 20:00:00+00:00,0.65993,0.66007,0.65923,0.66007,1696,9,0
2025-09-23 00:00:00+00:00,0.66007,0.66011,0.65811,0.65872,3929,9,0
2025-09-23 04:00:00+00:00,0.65872,0.65963,0.65808,0.65875,5003,9,0
2025-09-23 08:00:00+00:00,0.65874,0.66111,0.65866,0.66048,4703,9,0
2025-09-23 12:00:00+00:00,0.66047,0.66149,0.65962,0.65989,7179,9,0
2025-09-23 16:00:00+00:00,0.6599,0.66069,0.65927,0.65989,5511,9,0
2025-09-23 20:00:00+00:00,0.65988,0.66023,0.6591,0.65986,2068,9,0
2025-09-24 00:00:00+00:00,0.65987,0.66226,0.65885,0.66151,5613,9,0
2025-09-24 04:00:00+00:00,0.66152,0.66274,0.66141,0.662,4839,9,0
2025-09-24 08:00:00+00:00,0.662,0.66215,0.66009,0.66019,4748,9,0
2025-09-24 12:00:00+00:00,0.66019,0.66118,0.6583,0.65856,8544,9,0
2025-09-24 16:00:00+00:00,0.65855,0.65856,0.65743,0.65823,4257,9,0
2025-09-24 20:00:00+00:00,0.65825,0.65861,0.65806,0.65856,2168,9,0
2025-09-25 00:00:00+00:00,0.65856,0.65998,0.65839,0.65988,4055,9,0
2025-09-25 04:00:00+00:00,0.65988,0.66002,0.65852,0.65852,4342,9,0
2025-09-25 08:00:00+00:00,0.65853,0.66033,0.6582,0.65824,4925,9,0
2025-09-25 12:00:00+00:00,0.65822,0.65843,0.65429,0.65493,10705,9,0
2025-09-25 16:00:00+00:00,0.65493,0.65508,0.65255,0.65364,4901,9,0
2025-09-25 20:00:00+00:00,0.65365,0.65414,0.65312,0.65377,2527,9,0
2025-09-26 00:00:00+00:00,0.65377,0.6544,0.65306,0.65418,4001,9,0
2025-09-26 04:00:00+00:00,0.65418,0.65434,0.6526,0.65308,4373,9,0
2025-09-26 08:00:00+00:00,0.65308,0.65357,0.65202,0.65264,4292,9,0
2025-09-26 12:00:00+00:00,0.65264,0.65479,0.65255,0.65438,9776,9,0
2025-09-26 16:00:00+00:00,0.65438,0.6551,0.65414,0.65508,3487,9,0
2025-09-26 20:00:00+00:00,0.65508,0.6551,0.65448,0.65461,477,9,0
2025-09-28 20:00:00+00:00,0.6542,0.65519,0.65409,0.65515,1241,9,0
2025-09-29 00:00:00+00:00,0.65514,0.65667,0.65474,0.65662,4200,9,0
2025-09-29 04:00:00+00:00,0.65662,0.65729,0.65626,0.65685,4689,9,0
2025-09-29 08:00:00+00:00,0.65687,0.65723,0.65593,0.65671,3944,9,0
2025-09-29 12:00:00+00:00,0.65671,0.65798,0.65599,0.6576,7316,9,0
2025-09-29 16:00:00+00:00,0.65761,0.65808,0.65735,0.65778,2710,9,0
2025-09-29 20:00:00+00:00,0.65778,0.65802,0.65729,0.65774,1686,9,0
2025-09-30 00:00:00+00:00,0.65775,0.65955,0.65708,0.6588,5563,9,0
2025-09-30 04:00:00+00:00,0.6588,0.66085,0.65749,0.66017,8873,9,0
2025-09-30 08:00:00+00:00,0.66014,0.66133,0.66006,0.66096,6232,9,0
2025-09-30 12:00:00+00:00,0.66096,0.6628,0.66078,0.66126,8184,9,0
2025-09-30 16:00:00+00:00,0.66126,0.66212,0.66108,0.66158,3869,9,0
2025-09-30 20:00:00+00:00,0.66159,0.66181,0.66071,0.66103,2588,9,0
2025-10-01 00:00:00+00:00,0.66103,0.66103,0.6589,0.65943,4304,9,0
2025-10-01 04:00:00+00:00,0.65944,0.66171,0.65915,0.66105,6438,9,0
2025-10-01 08:00:00+00:00,0.66106,0.66196,0.66055,0.66147,5856,9,0
2025-10-01 12:00:00+00:00,0.66147,0.66287,0.65988,0.66025,12815,9,0
2025-10-01 16:00:00+00:00,0.66024,0.662,0.66008,0.66128,3850,9,0
2025-10-01 20:00:00+00:00,0.66128,0.66155,0.66082,0.66153,1845,9,0
2025-10-02 00:00:00+00:00,0.66153,0.66207,0.66019,0.66154,4170,9,0
2025-10-02 04:00:00+00:00,0.66154,0.6624,0.66111,0.66222,4813,9,0
2025-10-02 08:00:00+00:00,0.66221,0.66239,0.66026,0.66058,4727,9,0
2025-10-02 12:00:00+00:00,0.66057,0.66088,0.65766,0.65854,7431,9,0
2025-10-02 16:00:00+00:00,0.65853,0.65993,0.6584,0.65958,3031,9,0
2025-10-02 20:00:00+00:00,0.65958,0.65994,0.65904,0.65987,1729,9,0
2025-10-03 00:00:00+00:00,0.65986,0.66035,0.65928,0.65977,3450,9,0
2025-10-03 04:00:00+00:00,0.65976,0.66086,0.65885,0.66051,4097,9,0
2025-10-03 08:00:00+00:00,0.6605,0.66087,0.66004,0.66047,3736,9,0
2025-10-03 12:00:00+00:00,0.66049,0.66136,0.65989,0.66125,7748,9,0
2025-10-03 16:00:00+00:00,0.66126,0.66129,0.65946,0.66038,3796,9,0
2025-10-03 20:00:00+00:00,0.66037,0.66049,0.65996,0.66016,564,9,0
2025-10-05 20:00:00+00:00,0.6579,0.6594,0.65768,0.65935,3427,9,0
2025-10-06 00:00:00+00:00,0.65936,0.6613,0.65917,0.66078,4115,9,0
2025-10-06 04:00:00+00:00,0.66078,0.66175,0.65994,0.66039,6284,9,0
2025-10-06 08:00:00+00:00,0.66039,0.66057,0.65898,0.65977,5887,9,0
2025-10-06 12:00:00+00:00,0.65977,0.66201,0.65951,0.66175,6860,9,0
2025-10-06 16:00:00+00:00,0.66175,0.662,0.66127,0.66153,2789,9,0
2025-10-06 20:00:00+00:00,0.66153,0.66194,0.66116,0.6616,2220,9,0
2025-10-07 00:00:00+00:00,0.66162,0.6624,0.6604,0.66186,3801,9,0
2025-10-07 04:00:00+00:00,0.66185,0.66194,0.65852,0.65903,4952,9,0
2025-10-07 08:00:00+00:00,0.65903,0.65966,0.65835,0.65862,4157,9,0
2025-10-07 12:00:00+00:00,0.6586,0.65967,0.65806,0.65851,7402,9,0
2025-10-07 16:00:00+00:00,0.65852,0.65914,0.65782,0.65793,4744,9,0
2025-10-07 20:00:00+00:00,0.65792,0.65856,0.65783,0.65797,2156,9,0
2025-10-08 00:00:00+00:00,0.65799,0.65801,0.65579,0.65664,6100,9,0
2025-10-08 04:00:00+00:00,0.65664,0.65691,0.65562,0.65661,5076,9,0
2025-10-08 08:00:00+00:00,0.65661,0.65772,0.65584,0.6571,4816,9,0
2025-10-08 12:00:00+00:00,0.6571,0.65882,0.65707,0.65804,6282,9,0
2025-10-08 16:00:00+00:00,0.65806,0.65873,0.6575,0.65862,4162,9,0
2025-10-08 20:00:00+00:00,0.65862,0.65913,0.65803,0.6584,2480,9,0
2025-10-09 00:00:00+00:00,0.65842,0.66011,0.65835,0.66006,4237,9,0
2025-10-09 04:00:00+00:00,0.66006,0.66097,0.657,0.65828,5847,9,0
2025-10-09 08:00:00+00:00,0.65828,0.66006,0.65692,0.65969,5754,9,0
2025-10-09 12:00:00+00:00,0.6597,0.66118,0.65459,0.65539,11190,9,0
2025-10-09 16:00:00+00:00,0.6554,0.65578,0.65397,0.65508,6301,9,0
2025-10-09 20:00:00+00:00,0.65508,0.65605,0.65508,0.65601,2424,9,0
2025-10-10 00:00:00+00:00,0.656,0.65724,0.65559,0.65682,4068,9,0
2025-10-10 04:00:00+00:00,0.65681,0.65687,0.65451,0.65557,5458,9,0
2025-10-10 08:00:00+00:00,0.65557,0.65623,0.65493,0.65516,4984,9,0
2025-10-10 12:00:00+00:00,0.65516,0.6559,0.64827,0.64928,14962,9,0
2025-10-10 16:00:00+00:00,0.64927,0.64955,0.64782,0.64842,10419,9,0
2025-10-10 20:00:00+00:00,0.64842,0.64859,0.6471,0.64749,2315,9,0
2025-10-12 20:00:00+00:00,0.64898,0.65126,0.64877,0.64976,4988,9,0
2025-10-13 00:00:00+00:00,0.64975,0.65322,0.64968,0.65167,7031,9,0
2025-10-13 04:00:00+00:00,0.65167,0.65278,0.65115,0.65215,6817,9,0
2025-10-13 08:00:00+00:00,0.65214,0.65248,0.65056,0.65071,5891,9,0
2025-10-13 12:00:00+00:00,0.65072,0.6523,0.65047,0.65175,8303,9,0
2025-10-13 16:00:00+00:00,0.65176,0.65244,0.65141,0.65154,3673,9,0
2025-10-13 20:00:00+00:00,0.65154,0.65182,0.65099,0.65115,2274,9,0
2025-10-14 00:00:00+00:00,0.65115,0.65208,0.64921,0.64978,6004,9,0
2025-10-14 04:00:00+00:00,0.64977,0.64987,0.64487,0.64544,10845,9,0
2025-10-14 08:00:00+00:00,0.64543,0.64656,0.64399,0.64539,6724,9,0
2025-10-14 12:00:00+00:00,0.64539,0.64923,0.64421,0.64903,10326,9,0
2025-10-14 16:00:00+00:00,0.64903,0.64967,0.64782,0.64832,7837,9,0
2025-10-14 20:00:00+00:00,0.64832,0.64946,0.64796,0.64906,2481,9,0
2025-10-15 00:00:00+00:00,0.64904,0.65158,0.64858,0.65122,5965,9,0
2025-10-15 04:00:00+00:00,0.65123,0.65229,0.65103,0.6516,4808,9,0
2025-10-15 08:00:00+00:00,0.6516,0.65226,0.65132,0.65139,4285,9,0
2025-10-15 12:00:00+00:00,0.6514,0.65227,0.65034,0.65119,9318,9,0
2025-10-15 16:00:00+00:00,0.6512,0.65142,0.64884,0.65096,7173,9,0
2025-10-15 20:00:00+00:00,0.65097,0.6514,0.65028,0.65073,2464,9,0
2025-10-16 00:00:00+00:00,0.65072,0.65155,0.64794,0.64868,8767,9,0
2025-10-16 04:00:00+00:00,0.64868,0.65088,0.64855,0.65066,5991,9,0
2025-10-16 08:00:00+00:00,0.65066,0.65124,0.65005,0.65063,4939,9,0
2025-10-16 12:00:00+00:00,0.65064,0.65071,0.64855,0.64905,9380,9,0
2025-10-16 16:00:00+00:00,0.64903,0.64966,0.64706,0.6484,10975,9,0
2025-10-16 20:00:00+00:00,0.64839,0.64894,0.64748,0.64814,2453,9,0
2025-10-17 00:00:00+00:00,0.64814,0.64915,0.64621,0.64665,6050,9,0
2025-10-17 04:00:00+00:00,0.64666,0.64789,0.64431,0.6462,8279,9,0
2025-10-17 08:00:00+00:00,0.64622,0.65021,0.64514,0.64863,10523,9,0
2025-10-17 12:00:00+00:00,0.64863,0.6492,0.64695,0.64847,12604,9,0
2025-10-17 16:00:00+00:00,0.64848,0.65009,0.64821,0.64994,5890,9,0
2025-10-17 20:00:00+00:00,0.64995,0.64997,0.64925,0.64939,749,9,0
2025-10-19 20:00:00+00:00,0.64899,0.65055,0.64855,0.65009,1834,9,0
2025-10-20 00:00:00+00:00,0.65009,0.65145,0.64954,0.65033,4702,9,0
2025-10-20 04:00:00+00:00,0.65034,0.65081,0.64912,0.64957,4912,9,0
2025-10-20 08:00:00+00:00,0.64956,0.65011,0.64843,0.64901,5023,9,0
2025-10-20 12:00:00+00:00,0.64903,0.65208,0.64868,0.65153,6533,9,0
2025-10-20 16:00:00+00:00,0.65154,0.65186,0.65119,0.65135,3401,9,0
2025-10-20 20:00:00+00:00,0.65135,0.65172,0.65117,0.65157,1537,9,0
2025-10-21 00:00:00+00:00,0.65156,0.65246,0.65036,0.65045,4257,9,0
2025-10-21 04:00:00+00:00,0.65046,0.65049,0.64853,0.64873,6118,9,0
2025-10-21 08:00:00+00:00,0.64872,0.64975,0.64762,0.6492,5904,9,0
2025-10-21 12:00:00+00:00,0.64922,0.64997,0.64724,0.64976,8923,9,0
2025-10-21 16:00:00+00:00,0.64976,0.65031,0.64853,0.64892,4619,9,0
2025-10-21 20:00:00+00:00,0.64891,0.64922,0.64863,0.64905,1907,9,0
2025-10-22 00:00:00+00:00,0.64907,0.64967,0.64828,0.64947,4962,9,0
2025-10-22 04:00:00+00:00,0.64946,0.65116,0.64946,0.65024,4871,9,0
2025-10-22 08:00:00+00:00,0.65024,0.65026,0.64814,0.6484,5294,9,0
2025-10-22 12:00:00+00:00,0.6484,0.65017,0.6483,0.65006,7795,9,0
2025-10-22 16:00:00+00:00,0.65007,0.65009,0.64779,0.64897,9202,9,0
2025-10-22 20:00:00+00:00,0.64897,0.64917,0.64863,0.64877,1915,9,0
2025-10-23 00:00:00+00:00,0.64875,0.64948,0.64785,0.64792,4195,9,0
2025-10-23 04:00:00+00:00,0.64792,0.65081,0.64792,0.65045,4300,9,0
2025-10-23 08:00:00+00:00,0.65046,0.65123,0.65013,0.65013,3996,9,0
2025-10-23 12:00:00+00:00,0.65013,0.65172,0.6498,0.65143,6585,9,0
2025-10-23 16:00:00+00:00,0.65145,0.65175,0.65064,0.65115,3568,9,0
2025-10-23 20:00:00+00:00,0.65114,0.6516,0.65073,0.65143,1759,9,0
2025-10-24 00:00:00+00:00,0.65143,0.65168,0.64961,0.65053,3657,9,0
2025-10-24 04:00:00+00:00,0.65053,0.65084,0.64937,0.65022,4076,9,0
2025-10-24 08:00:00+00:00,0.65023,0.65036,0.64924,0.65,3623,9,0
2025-10-24 12:00:00+00:00,0.64999,0.65284,0.64935,0.65088,10839,9,0
2025-10-24 16:00:00+00:00,0.6509,0.65131,0.65048,0.65107,2768,9,0
2025-10-24 20:00:00+00:00,0.65107,0.6513,0.65087,0.65125,485,9,0
2025-10-26 20:00:00+00:00,0.65276,0.65434,0.65211,0.6533,2975,9,0
2025-10-27 00:00:00+00:00,0.6533,0.65409,0.65282,0.65305,4537,9,0
2025-10-27 04:00:00+00:00,0.65306,0.65477,0.65284,0.65341,3633,9,0
2025-10-27 08:00:00+00:00,0.65341,0.65589,0.65328,0.65567,4934,9,0
2025-10-27 12:00:00+00:00,0.65565,0.65592,0.65433,0.65527,5456,9,0
2025-10-27 16:00:00+00:00,0.65527,0.65572,0.65506,0.65545,3022,9,0
2025-10-27 20:00:00+00:00,0.65544,0.65604,0.65515,0.65578,2014,9,0
2025-10-28 00:00:00+00:00,0.65578,0.65632,0.65533,0.65596,3880,9,0
2025-10-28 04:00:00+00:00,0.65596,0.6564,0.65471,0.65497,3667,9,0
2025-10-28 08:00:00+00:00,0.65497,0.65598,0.6544,0.65544,3906,9,0
2025-10-28 12:00:00+00:00,0.65546,0.65839,0.65507,0.65836,5470,9,0
2025-10-28 16:00:00+00:00,0.65834,0.65902,0.65816,0.65847,3672,9,0
2025-10-28 20:00:00+00:00,0.65847,0.65856,0.65782,0.65845,2110,9,0
2025-10-29 00:00:00+00:00,0.65844,0.66069,0.65781,0.65998,6076,9,0
2025-10-29 04:00:00+00:00,0.65997,0.66171,0.65937,0.66118,4265,9,0
2025-10-29 08:00:00+00:00,0.66117,0.66119,0.65912,0.65953,4680,9,0
2025-10-29 12:00:00+00:00,0.65953,0.66137,0.65862,0.66112,6355,9,0
2025-10-29 16:00:00+00:00,0.66112,0.66154,0.65568,0.65729,18454,9,0
2025-10-29 20:00:00+00:00,0.6573,0.65787,0.65652,0.65761,2967,9,0
2025-10-30 00:00:00+00:00,0.65761,0.65929,0.65758,0.65901,5906,9,0
2025-10-30 04:00:00+00:00,0.65902,0.6597,0.65737,0.65801,10009,9,0
2025-10-30 08:00:00+00:00,0.65803,0.6581,0.65541,0.65553,5513,9,0
2025-10-30 12:00:00+00:00,0.65551,0.65579,0.65324,0.65534,9725,9,0
2025-10-30 16:00:00+00:00,0.65535,0.6558,0.65462,0.65482,4644,9,0
2025-10-30 20:00:00+00:00,0.6548,0.65595,0.65472,0.65587,2226,9,0
2025-10-31 00:00:00+00:00,0.65587,0.65597,0.65456,0.65496,4231,9,0
2025-10-31 04:00:00+00:00,0.65495,0.65523,0.6533,0.65392,3612,9,0
2025-10-31 08:00:00+00:00,0.65392,0.65449,0.65357,0.65424,3748,9,0
2025-10-31 12:00:00+00:00,0.65423,0.65524,0.65328,0.65453,7470,9,0
2025-10-31 16:00:00+00:00,0.65452,0.65465,0.65332,0.65423,4720,9,0
2025-10-31 20:00:00+00:00,0.65421,0.65464,0.65415,0.65448,606,9,0
2025-11-02 20:00:00+00:00,0.65438,0.65479,0.65381,0.65449,1490,9,0
2025-11-03 00:00:00+00:00,0.65449,0.65528,0.65398,0.65525,3169,9,0
2025-11-03 04:00:00+00:00,0.65523,0.6562,0.65489,0.65531,3148,9,0
2025-11-03 08:00:00+00:00,0.65531,0.65553,0.65436,0.65481,4059,9,0
2025-11-03 12:00:00+00:00,0.65481,0.65515,0.65174,0.65267,5474,9,0
2025-11-03 16:00:00+00:00,0.65268,0.65425,0.65268,0.65389,4041,9,0
2025-11-03 20:00:00+00:00,0.65388,0.65399,0.65333,0.65378,2354,9,0
2025-11-04 00:00:00+00:00,0.65378,0.65378,0.65175,0.65315,5568,9,0
2025-11-04 04:00:00+00:00,0.65315,0.6536,0.6505,0.65146,6495,9,0
2025-11-04 08:00:00+00:00,0.65148,0.65195,0.64913,0.64971,5442,9,0
2025-11-04 12:00:00+00:00,0.64972,0.65037,0.64807,0.6502,6313,9,0
2025-11-04 16:00:00+00:00,0.65021,0.65032,0.64826,0.64838,4925,9,0
2025-11-04 20:00:00+00:00,0.64838,0.64928,0.6482,0.64845,2658,9,0
2025-11-05 00:00:00+00:00,0.64843,0.64943,0.64585,0.64923,7203,9,0
2025-11-05 04:00:00+00:00,0.64923,0.64988,0.64841,0.64872,3950,9,0
2025-11-05 08:00:00+00:00,0.64873,0.64956,0.64736,0.64786,4330,9,0
2025-11-05 12:00:00+00:00,0.64787,0.65008,0.64765,0.64993,7257,9,0
2025-11-05 16:00:00+00:00,0.64994,0.65124,0.64948,0.65053,4103,9,0
2025-11-05 20:00:00+00:00,0.65053,0.65106,0.64996,0.65091,2076,9,0
2025-11-06 00:00:00+00:00,0.65091,0.65127,0.64967,0.65115,3983,9,0
2025-11-06 04:00:00+00:00,0.65116,0.65175,0.65052,0.65109,3155,9,0
2025-11-06 08:00:00+00:00,0.6511,0.65172,0.65039,0.65076,4255,9,0
2025-11-06 12:00:00+00:00,0.65076,0.65182,0.64662,0.64689,8776,9,0
2025-11-06 16:00:00+00:00,0.64689,0.64887,0.64629,0.64831,7885,9,0
2025-11-06 20:00:00+00:00,0.64831,0.64863,0.64748,0.64833,2972,9,0
2025-11-07 00:00:00+00:00,0.64834,0.64844,0.64679,0.64719,4509,9,0
2025-11-07 04:00:00+00:00,0.64719,0.64904,0.64673,0.64839,3616,9,0
2025-11-07 08:00:00+00:00,0.6484,0.64874,0.64758,0.64852,4842,9,0
2025-11-07 12:00:00+00:00,0.64851,0.64927,0.64679,0.6472,9835,9,0
2025-11-07 16:00:00+00:00,0.64719,0.64975,0.64705,0.64943,6803,9,0
2025-11-07 20:00:00+00:00,0.64941,0.64986,0.64897,0.64948,2139,9,0
2025-11-09 20:00:00+00:00,0.64942,0.6502,0.64867,0.65019,1690,9,0
2025-11-10 00:00:00+00:00,0.65019,0.65217,0.64956,0.65133,4735,9,0
2025-11-10 04:00:00+00:00,0.65133,0.65327,0.6513,0.65284,3334,9,0
2025-11-10 08:00:00+00:00,0.65285,0.65387,0.65277,0.65335,3586,9,0
2025-11-10 12:00:00+00:00,0.65335,0.65377,0.65147,0.65163,4952,9,0
2025-11-10 16:00:00+00:00,0.65162,0.65399,0.65143,0.65371,3953,9,0
2025-11-10 20:00:00+00:00,0.65371,0.65396,0.65321,0.6534,1976,9,0
2025-11-11 00:00:00+00:00,0.6534,0.65354,0.65258,0.65286,3283,9,0
2025-11-11 04:00:00+00:00,0.65285,0.65319,0.65145,0.65194,3708,9,0
2025-11-11 08:00:00+00:00,0.65193,0.65259,0.65166,0.65255,3389,9,0
2025-11-11 12:00:00+00:00,0.65255,0.65374,0.65202,0.65213,5634,9,0
2025-11-11 16:00:00+00:00,0.65211,0.65334,0.65208,0.65294,3774,9,0
2025-11-11 20:00:00+00:00,0.65295,0.65314,0.65232,0.65288,1974,9,0
2025-11-12 00:00:00+00:00,0.65287,0.65314,0.65194,0.65231,3403,9,0
2025-11-12 04:00:00+00:00,0.65231,0.65404,0.65157,0.65366,3262,9,0
2025-11-12 08:00:00+00:00,0.65368,0.65439,0.653,0.65351,4225,9,0
2025-11-12 12:00:00+00:00,0.65351,0.6544,0.65306,0.65392,5860,9,0
2025-11-12 16:00:00+00:00,0.65391,0.65499,0.65377,0.65437,4673,9,0
2025-11-12 20:00:00+00:00,0.65436,0.65439,0.65339,0.65359,2494,9,0
2025-11-13 00:00:00+00:00,0.6536,0.65649,0.65315,0.65574,6846,9,0
2025-11-13 04:00:00+00:00,0.65573,0.65759,0.65523,0.65745,4205,9,0
2025-11-13 08:00:00+00:00,0.65746,0.65798,0.65604,0.65621,4320,9,0
2025-11-13 12:00:00+00:00,0.65621,0.6566,0.65388,0.65524,8155,9,0
2025-11-13 16:00:00+00:00,0.65524,0.65578,0.65237,0.65277,9469,9,0
2025-11-13 20:00:00+00:00,0.65277,0.65337,0.65251,0.65264,3431,9,0
2025-11-14 00:00:00+00:00,0.65263,0.65491,0.65237,0.65413,5092,9,0
2025-11-14 04:00:00+00:00,0.65413,0.65417,0.65218,0.65281,5305,9,0
2025-11-14 08:00:00+00:00,0.65281,0.65313,0.65034,0.65094,6502,9,0
2025-11-14 12:00:00+00:00,0.65095,0.65459,0.65071,0.65457,11495,9,0
2025-11-14 16:00:00+00:00,0.65458,0.65508,0.6533,0.65376,7758,9,0
2025-11-14 20:00:00+00:00,0.65377,0.65385,0.65339,0.65351,1883,9,0
2025-11-16 20:00:00+00:00,0.65322,0.65352,0.65272,0.65323,1057,9,0
2025-11-17 00:00:00+00:00,0.65324,0.65332,0.65115,0.65167,4906,9,0
2025-11-17 04:00:00+00:00,0.65167,0.65365,0.65163,0.65354,3296,9,0
2025-11-17 08:00:00+00:00,0.65356,0.65369,0.65089,0.65171,4710,9,0
2025-11-17 12:00:00+00:00,0.65171,0.65246,0.65047,0.65083,7235,9,0
2025-11-17 16:00:00+00:00,0.65083,0.65171,0.64826,0.64832,6476,9,0
2025-11-17 20:00:00+00:00,0.64832,0.64982,0.64817,0.6492,3077,9,0
2025-11-18 00:00:00+00:00,0.6492,0.64971,0.64767,0.64786,4896,9,0
2025-11-18 04:00:00+00:00,0.64786,0.64872,0.64646,0.64848,5723,9,0
2025-11-18 08:00:00+00:00,0.64848,0.65042,0.64848,0.65026,5122,9,0
2025-11-18 12:00:00+00:00,0.65026,0.65116,0.64864,0.64865,9607,9,0
2025-11-18 16:00:00+00:00,0.64864,0.65178,0.64823,0.65164,8852,9,0
2025-11-18 20:00:00+00:00,0.65164,0.65176,0.65059,0.6508,2717,9,0
2025-11-19 00:00:00+00:00,0.6508,0.65086,0.64803,0.64819,5405,9,0
2025-11-19 04:00:00+00:00,0.64821,0.6497,0.64762,0.64922,4845,9,0
2025-11-19 08:00:00+00:00,0.64923,0.64935,0.64766,0.6489,5248,9,0
2025-11-19 12:00:00+00:00,0.64889,0.64923,0.64629,0.64647,7042,9,0
2025-11-19 16:00:00+00:00,0.64646,0.64686,0.64507,0.64637,8618,9,0
2025-11-19 20:00:00+00:00,0.64636,0.64906,0.64625,0.64897,3746,9,0
2025-11-20 00:00:00+00:00,0.64897,0.64898,0.64737,0.64812,5179,9,0
2025-11-20 04:00:00+00:00,0.64812,0.64878,0.6475,0.64751,3539,9,0
2025-11-20 08:00:00+00:00,0.64751,0.64856,0.64705,0.64754,4531,9,0
2025-11-20 12:00:00+00:00,0.64755,0.65021,0.64686,0.64764,11327,9,0
2025-11-20 16:00:00+00:00,0.64765,0.64773,0.6436,0.6456,14742,9,0
2025-11-20 20:00:00+00:00,0.6456,0.64567,0.64373,0.64487,4187,9,0
2025-11-21 00:00:00+00:00,0.64487,0.64571,0.64449,0.64467,4511,9,0
2025-11-21 04:00:00+00:00,0.64467,0.64534,0.64349,0.64359,4468,9,0
2025-11-21 08:00:00+00:00,0.64361,0.64532,0.64228,0.64306,7567,9,0
2025-11-21 12:00:00+00:00,0.64306,0.64527,0.6421,0.64326,13953,9,0
2025-11-21 16:00:00+00:00,0.64325,0.64604,0.64276,0.64549,9569,9,0
2025-11-21 20:00:00+00:00,0.6455,0.6459,0.64529,0.64538,2311,9,0
2025-11-23 20:00:00+00:00,0.64517,0.64654,0.64517,0.64613,1230,9,0
2025-11-24 00:00:00+00:00,0.64613,0.6464,0.64488,0.64606,4245,9,0
2025-11-24 04:00:00+00:00,0.64606,0.64669,0.64564,0.64604,3515,9,0
2025-11-24 08:00:00+00:00,0.64603,0.64663,0.64421,0.64501,5469,9,0
2025-11-24 12:00:00+00:00,0.64499,0.64595,0.64436,0.64574,7843,9,0
2025-11-24 16:00:00+00:00,0.64574,0.6466,0.64516,0.64615,4072,9,0
2025-11-24 20:00:00+00:00,0.64616,0.64683,0.64608,0.64648,2307,9,0
2025-11-25 00:00:00+00:00,0.64647,0.64685,0.6451,0.6453,3993,9,0
2025-11-25 04:00:00+00:00,0.64531,0.64602,0.64481,0.64541,3338,9,0
2025-11-25 08:00:00+00:00,0.64541,0.64622,0.64445,0.64484,4691,9,0
2025-11-25 12:00:00+00:00,0.64486,0.64693,0.64359,0.64468,10780,9,0
2025-11-25 16:00:00+00:00,0.64468,0.64753,0.64462,0.64735,6411,9,0
2025-11-25 20:00:00+00:00,0.64737,0.6475,0.64654,0.64699,2388,9,0
2025-11-26 00:00:00+00:00,0.64699,0.65045,0.64685,0.65008,7229,9,0
2025-11-26 04:00:00+00:00,0.65007,0.65115,0.64952,0.65008,4066,9,0
2025-11-26 08:00:00+00:00,0.65008,0.65046,0.64869,0.64907,5365,9,0
2025-11-26 12:00:00+00:00,0.64908,0.6509,0.64836,0.65085,8746,9,0
2025-11-26 16:00:00+00:00,0.65087,0.65205,0.65087,0.65182,4435,9,0
2025-11-26 20:00:00+00:00,0.65182,0.65272,0.65158,0.6523,2243,9,0
2025-11-27 00:00:00+00:00,0.65229,0.65353,0.65226,0.65314,3928,9,0
2025-11-27 04:00:00+00:00,0.65314,0.65392,0.65239,0.65317,3279,9,0
2025-11-27 08:00:00+00:00,0.65318,0.65325,0.6521,0.65268,3734,9,0
2025-11-27 12:00:00+00:00,0.65268,0.65335,0.65229,0.6533,3156,9,0
2025-11-27 16:00:00+00:00,0.6533,0.65332,0.65284,0.65296,1307,9,0
2025-11-27 20:00:00+00:00,0.65296,0.65361,0.65287,0.65353,1275,9,0
2025-11-28 00:00:00+00:00,0.65353,0.65409,0.65321,0.65332,16086,9,0
2025-11-28 04:00:00+00:00,0.6533,0.6537,0.65214,0.65222,37312,9,0
2025-11-28 08:00:00+00:00,0.65224,0.65289,0.65197,0.65232,38328,9,0
2025-11-28 12:00:00+00:00,0.65232,0.65573,0.65209,0.65562,17612,9,0
2025-11-28 16:00:00+00:00,0.65562,0.65566,0.65436,0.65483,3172,27,0
2025-11-28 20:00:00+00:00,0.65482,0.65501,0.6544,0.65483,5852,36,0
2025-11-30 20:00:00+00:00,0.65366,0.65528,0.65288,0.65508,1357,9,0
2025-12-01 00:00:00+00:00,0.65509,0.65564,0.65386,0.65469,6437,9,0
2025-12-01 04:00:00+00:00,0.65469,0.65541,0.65372,0.65499,4313,9,0
2025-12-01 08:00:00+00:00,0.655,0.6554,0.65433,0.65537,5704,9,0
2025-12-01 12:00:00+00:00,0.65537,0.65659,0.65462,0.65536,7749,9,0
2025-12-01 16:00:00+00:00,0.65537,0.65573,0.65401,0.65425,4937,9,0
2025-12-01 20:00:00+00:00,0.65426,0.65446,0.65384,0.65412,2268,9,0
2025-12-02 00:00:00+00:00,0.65414,0.65515,0.65377,0.65505,3376,9,0
2025-12-02 04:00:00+00:00,0.65505,0.65572,0.65482,0.65548,2665,9,0
2025-12-02 08:00:00+00:00,0.6555,0.65579,0.65432,0.6548,3782,9,0
2025-12-02 12:00:00+00:00,0.65479,0.65703,0.65473,0.65693,6046,9,0
2025-12-02 16:00:00+00:00,0.65692,0.65692,0.65529,0.65642,5343,9,0
2025-12-02 20:00:00+00:00,0.65641,0.65732,0.65613,0.65732,2203,9,0
2025-12-03 00:00:00+00:00,0.65732,0.65796,0.65521,0.65786,5247,9,0
2025-12-03 04:00:00+00:00,0.65786,0.65859,0.6576,0.65769,3196,9,0
2025-12-03 08:00:00+00:00,0.65769,0.65907,0.65738,0.65888,4026,9,0
2025-12-03 12:00:00+00:00,0.65888,0.65977,0.65746,0.65969,7763,9,0
2025-12-03 16:00:00+00:00,0.65969,0.66005,0.65886,0.66005,4070,9,0
2025-12-03 20:00:00+00:00,0.66005,0.66037,0.65971,0.66034,1882,9,0
2025-12-04 00:00:00+00:00,0.66035,0.66101,0.66017,0.66086,4710,9,0
2025-12-04 04:00:00+00:00,0.66086,0.66151,0.66051,0.66151,3921,9,0
2025-12-04 08:00:00+00:00,0.66152,0.6619,0.66059,0.66112,5349,9,0
2025-12-04 12:00:00+00:00,0.6611,0.66236,0.66028,0.66191,6957,9,0
2025-12-04 16:00:00+00:00,0.66191,0.66203,0.66092,0.66132,4823,9,0
2025-12-04 20:00:00+00:00,0.6613,0.66136,0.66052,0.66061,2351,9,0
2025-12-05 00:00:00+00:00,0.66061,0.66171,0.66061,0.66139,2762,9,0
2025-12-05 04:00:00+00:00,0.6614,0.66293,0.66131,0.66244,2832,9,0
2025-12-05 08:00:00+00:00,0.66245,0.6636,0.66217,0.66291,3753,9,0
2025-12-05 12:00:00+00:00,0.6629,0.66484,0.66289,0.6642,5940,9,0
2025-12-05 16:00:00+00:00,0.6642,0.66423,0.66261,0.66386,5486,9,0
2025-12-05 20:00:00+00:00,0.66387,0.66421,0.66359,0.66408,1314,9,0
2025-12-07 20:00:00+00:00,0.66357,0.66394,0.66273,0.66343,1609,9,0
2025-12-08 00:00:00+00:00,0.66344,0.66478,0.66327,0.6642,3763,9,0
2025-12-08 04:00:00+00:00,0.66421,0.66487,0.6634,0.66371,3135,9,0
2025-12-08 08:00:00+00:00,0.66369,0.66401,0.66322,0.66333,3841,9,0
2025-12-08 12:00:00+00:00,0.66333,0.66431,0.66138,0.66172,5878,9,0
2025-12-08 16:00:00+00:00,0.66174,0.66289,0.66146,0.66229,4675,9,0
2025-12-08 20:00:00+00:00,0.6623,0.6627,0.66209,0.66264,2030,9,0
2025-12-09 00:00:00+00:00,0.66264,0.66301,0.6608,0.66252,4824,9,0
2025-12-09 04:00:00+00:00,0.66253,0.66481,0.66225,0.66372,6104,9,0
2025-12-09 08:00:00+00:00,0.66373,0.6648,0.66334,0.66378,4479,9,0
2025-12-09 12:00:00+00:00,0.66377,0.66537,0.66309,0.66434,7139,9,0
2025-12-09 16:00:00+00:00,0.66434,0.66532,0.66334,0.66386,4639,9,0
2025-12-09 20:00:00+00:00,0.66386,0.66427,0.66349,0.66392,2254,9,0
2025-12-10 00:00:00+00:00,0.66392,0.66465,0.66286,0.66368,4253,9,0
2025-12-10 04:00:00+00:00,0.66368,0.66506,0.66353,0.6647,3041,9,0
2025-12-10 08:00:00+00:00,0.6647,0.66533,0.66429,0.6647,4351,9,0
2025-12-10 12:00:00+00:00,0.66471,0.66497,0.66291,0.66361,6177,9,0
2025-12-10 16:00:00+00:00,0.6636,0.66686,0.6632,0.66666,13199,9,0
2025-12-10 20:00:00+00:00,0.66665,0.66852,0.6663,0.6673,6063,9,0
2025-12-11 00:00:00+00:00,0.66731,0.66783,0.66361,0.66365,7492,9,0
2025-12-11 04:00:00+00:00,0.66366,0.66457,0.66262,0.66421,5234,9,0
2025-12-11 08:00:00+00:00,0.66421,0.66604,0.66396,0.66573,5069,9,0
2025-12-11 12:00:00+00:00,0.66574,0.66754,0.66534,0.66718,7667,9,0
2025-12-11 16:00:00+00:00,0.66718,0.66743,0.66591,0.66655,5632,9,0
2025-12-11 20:00:00+00:00,0.66656,0.66668,0.66609,0.66619,2505,9,0
2025-12-12 00:00:00+00:00,0.66618,0.66738,0.66613,0.6664,3952,9,0
2025-12-12 04:00:00+00:00,0.6664,0.667,0.66593,0.66684,3159,9,0
2025-12-12 08:00:00+00:00,0.66685,0.66765,0.66608,0.66661,4878,9,0
2025-12-12 12:00:00+00:00,0.66659,0.66699,0.66398,0.66429,7340,9,0
2025-12-12 16:00:00+00:00,0.66428,0.66582,0.66323,0.6652,8051,9,0
2025-12-12 20:00:00+00:00,0.66519,0.66557,0.66473,0.66524,1834,9,0
2025-12-14 20:00:00+00:00,0.6639,0.66501,0.66348,0.6647,1711,9,0
2025-12-15 00:00:00+00:00,0.6647,0.66545,0.66421,0.6644,5120,9,0
2025-12-15 04:00:00+00:00,0.6644,0.66507,0.66404,0.66466,3486,9,0
2025-12-15 08:00:00+00:00,0.66466,0.66528,0.66412,0.66497,4023,9,0
2025-12-15 12:00:00+00:00,0.66497,0.66561,0.66398,0.66507,7246,9,0
2025-12-15 16:00:00+00:00,0.66509,0.66517,0.66316,0.66418,6201,9,0
2025-12-15 20:00:00+00:00,0.66416,0.66476,0.66353,0.66411,2612,9,0
2025-12-16 00:00:00+00:00,0.66411,0.66428,0.6618,0.66345,6501,9,0
2025-12-16 04:00:00+00:00,0.66345,0.66417,0.66283,0.66371,3910,9,0
2025-12-16 08:00:00+00:00,0.66372,0.66435,0.66329,0.66371,4513,9,0
2025-12-16 12:00:00+00:00,0.66372,0.66606,0.66286,0.66391,11567,9,0
2025-12-16 16:00:00+00:00,0.66389,0.66432,0.66206,0.66364,8248,9,0
2025-12-16 20:00:00+00:00,0.66362,0.66396,0.66279,0.66321,3027,9,0
2025-12-17 00:00:00+00:00,0.66321,0.66328,0.66188,0.6626,5535,9,0
2025-12-17 04:00:00+00:00,0.66261,0.66267,0.66119,0.66165,4818,9,0
2025-12-17 08:00:00+00:00,0.66164,0.66228,0.66122,0.66162,4510,9,0
2025-12-17 12:00:00+00:00,0.66163,0.66281,0.66069,0.66109,7365,9,0
2025-12-17 16:00:00+00:00,0.66108,0.66174,0.65988,0.66043,7012,9,0
2025-12-17 20:00:00+00:00,0.66043,0.66088,0.65999,0.66001,2816,9,0
2025-12-18 00:00:00+00:00,0.66001,0.66038,0.65923,0.65934,5035,9,0
2025-12-18 04:00:00+00:00,0.65934,0.66119,0.65928,0.6608,4021,9,0
2025-12-18 08:00:00+00:00,0.66078,0.66094,0.66029,0.66081,3822,9,0
2025-12-18 12:00:00+00:00,0.6608,0.66303,0.66037,0.66155,10716,9,0
2025-12-18 16:00:00+00:00,0.66154,0.66253,0.66029,0.66139,7298,9,0
2025-12-18 20:00:00+00:00,0.6614,0.6615,0.66096,0.6613,2805,9,0
2025-12-19 00:00:00+00:00,0.66131,0.66219,0.66077,0.661,4821,9,0
2025-12-19 04:00:00+00:00,0.661,0.66109,0.65998,0.66025,3781,9,0
2025-12-19 08:00:00+00:00,0.66026,0.66096,0.66016,0.66054,4113,9,0
2025-12-19 12:00:00+00:00,0.66055,0.66243,0.66008,0.66079,6210,9,0
2025-12-19 16:00:00+00:00,0.66079,0.66198,0.66075,0.66185,3703,9,0
2025-12-19 20:00:00+00:00,0.66183,0.66198,0.66073,0.66106,1343,9,0
2025-12-21 20:00:00+00:00,0.66063,0.66119,0.66026,0.66118,1267,9,0
2025-12-22 00:00:00+00:00,0.66118,0.6625,0.66102,0.66203,4114,9,0
2025-12-22 04:00:00+00:00,0.66203,0.66395,0.66203,0.66386,3062,9,0
2025-12-22 08:00:00+00:00,0.66386,0.66426,0.66351,0.66426,3516,9,0
2025-12-22 12:00:00+00:00,0.66425,0.66568,0.66406,0.66566,5190,9,0
2025-12-22 16:00:00+00:00,0.66566,0.66599,0.66511,0.66539,3474,9,0
2025-12-22 20:00:00+00:00,0.66539,0.66609,0.66527,0.66571,1858,9,0
2025-12-23 00:00:00+00:00,0.66571,0.66698,0.66554,0.66689,4222,9,0
2025-12-23 04:00:00+00:00,0.66689,0.66777,0.66639,0.66749,3859,9,0
2025-12-23 08:00:00+00:00,0.66747,0.66971,0.66734,0.66914,3836,9,0
2025-12-23 12:00:00+00:00,0.66914,0.66998,0.66756,0.66909,7415,9,0
2025-12-23 16:00:00+00:00,0.66909,0.66988,0.66876,0.66981,3567,9,0
2025-12-23 20:00:00+00:00,0.6698,0.67022,0.66956,0.67017,2033,9,0
2025-12-24 00:00:00+00:00,0.67018,0.67128,0.66974,0.67037,4168,9,0
2025-12-24 04:00:00+00:00,0.67037,0.67169,0.67022,0.67111,3127,9,0
2025-12-24 08:00:00+00:00,0.6711,0.67137,0.67051,0.67099,3466,9,0
2025-12-24 12:00:00+00:00,0.67098,0.67134,0.67,0.67115,5370,9,0
2025-12-24 16:00:00+00:00,0.67115,0.67146,0.67013,0.67037,4672,9,0
2025-12-24 20:00:00+00:00,0.67036,0.67051,0.67017,0.67035,3247,36,0
2025-12-25 20:00:00+00:00,0.66986,0.67059,0.66976,0.67048,1298,9,0
2025-12-26 00:00:00+00:00,0.67048,0.67174,0.67043,0.67065,3912,9,0
2025-12-26 04:00:00+00:00,0.67065,0.67111,0.66998,0.6702,3637,9,0
2025-12-26 08:00:00+00:00,0.6702,0.67061,0.66967,0.67041,3437,9,0
2025-12-26 12:00:00+00:00,0.67041,0.67243,0.67021,0.67149,5559,9,0
2025-12-26 16:00:00+00:00,0.67149,0.67152,0.67051,0.67106,4604,9,0
2025-12-26 20:00:00+00:00,0.67107,0.67147,0.67105,0.67133,1395,9,0
2025-12-28 20:00:00+00:00,0.67016,0.67153,0.66977,0.67139,1412,9,0
2025-12-29 00:00:00+00:00,0.67139,0.67269,0.67135,0.67245,4595,9,0
2025-12-29 04:00:00+00:00,0.67245,0.67255,0.67106,0.67117,4514,9,0
2025-12-29 08:00:00+00:00,0.67115,0.67116,0.66928,0.66947,5703,9,0
2025-12-29 12:00:00+00:00,0.66947,0.67026,0.66826,0.66951,7942,9,0
2025-12-29 16:00:00+00:00,0.66951,0.66983,0.66864,0.66957,4791,9,0
2025-12-29 20:00:00+00:00,0.66957,0.66965,0.66887,0.66946,2294,9,0
2025-12-30 00:00:00+00:00,0.66945,0.67083,0.66916,0.67053,3829,9,0
2025-12-30 04:00:00+00:00,0.67053,0.67172,0.67053,0.67063,3232,9,0
2025-12-30 08:00:00+00:00,0.67062,0.67118,0.66985,0.67002,3785,9,0
2025-12-30 12:00:00+00:00,0.67003,0.67049,0.66877,0.67001,5797,9,0
2025-12-30 16:00:00+00:00,0.67001,0.67036,0.66929,0.66955,3974,9,0
2025-12-30 20:00:00+00:00,0.66956,0.66985,0.66924,0.66956,1958,9,0
2025-12-31 00:00:00+00:00,0.66956,0.67009,0.66907,0.66957,4371,9,0
2025-12-31 04:00:00+00:00,0.66957,0.66969,0.6682,0.66877,3367,9,0
2025-12-31 08:00:00+00:00,0.66877,0.6689,0.66755,0.66855,4022,9,0
2025-12-31 12:00:00+00:00,0.66853,0.66896,0.66596,0.66676,6536,9,0
2025-12-31 16:00:00+00:00,0.66678,0.66742,0.66635,0.66721,4649,9,0
2025-12-31 20:00:00+00:00,0.66721,0.66745,0.66705,0.66728,1271,9,0
2026-01-01 20:00:00+00:00,0.66691,0.66795,0.66661,0.66779,947,9,0
2026-01-02 00:00:00+00:00,0.66781,0.67016,0.66763,0.66979,3961,9,0
2026-01-02 04:00:00+00:00,0.66979,0.67004,0.66889,0.66957,3634,9,0
2026-01-02 08:00:00+00:00,0.66955,0.67066,0.66878,0.66903,4882,9,0
2026-01-02 12:00:00+00:00,0.66903,0.66966,0.66861,0.66874,7093,9,0
2026-01-02 16:00:00+00:00,0.66874,0.66895,0.66771,0.66884,6541,9,0
2026-01-02 20:00:00+00:00,0.66884,0.66976,0.66864,0.66939,1585,9,0
2026-01-04 20:00:00+00:00,0.66799,0.66929,0.66756,0.66833,2016,9,0
2026-01-05 00:00:00+00:00,0.66833,0.66884,0.66706,0.66706,6699,9,0
2026-01-05 04:00:00+00:00,0.66706,0.66821,0.66648,0.66764,4332,9,0
2026-01-05 08:00:00+00:00,0.66763,0.66882,0.66704,0.66835,5251,9,0
2026-01-05 12:00:00+00:00,0.66835,0.67107,0.66624,0.67075,8764,9,0
2026-01-05 16:00:00+00:00,0.67075,0.67186,0.67075,0.67158,5014,9,0
2026-01-05 20:00:00+00:00,0.67157,0.67172,0.67111,0.67127,1897,9,0
2026-01-06 00:00:00+00:00,0.67127,0.67243,0.6703,0.67219,4776,9,0
2026-01-06 04:00:00+00:00,0.67219,0.67387,0.67211,0.67306,3801,9,0
2026-01-06 08:00:00+00:00,0.67306,0.67355,0.67117,0.67174,5318,9,0
2026-01-06 12:00:00+00:00,0.67175,0.67353,0.67154,0.67295,7255,9,0
2026-01-06 16:00:00+00:00,0.67295,0.67371,0.67227,0.6732,4379,9,0
2026-01-06 20:00:00+00:00,0.6732,0.67414,0.6732,0.67342,2483,9,0
2026-01-07 00:00:00+00:00,0.67344,0.67585,0.67168,0.67565,7139,9,0
2026-01-07 04:00:00+00:00,0.67563,0.67659,0.6737,0.67398,4399,9,0
2026-01-07 08:00:00+00:00,0.67397,0.6741,0.67344,0.67382,3947,9,0
2026-01-07 12:00:00+00:00,0.67383,0.67457,0.67229,0.67272,7878,9,0
2026-01-07 16:00:00+00:00,0.67272,0.67332,0.67218,0.67277,4137,9,0
2026-01-07 20:00:00+00:00,0.67278,0.67284,0.67181,0.67216,2025,9,0
2026-01-08 00:00:00+00:00,0.67216,0.6725,0.67093,0.67128,4411,9,0
2026-01-08 04:00:00+00:00,0.67128,0.67141,0.66904,0.66959,4632,9,0
2026-01-08 08:00:00+00:00,0.66958,0.67038,0.66892,0.66969,4285,9,0
2026-01-08 12:00:00+00:00,0.66967,0.67004,0.66815,0.66979,6705,9,0
2026-01-08 16:00:00+00:00,0.66979,0.66982,0.6688,0.66929,4389,9,0
2026-01-08 20:00:00+00:00,0.66929,0.67036,0.66928,0.66982,2189,9,0
2026-01-09 00:00:00+00:00,0.66981,0.66993,0.66882,0.66941,3924,9,0
2026-01-09 04:00:00+00:00,0.66941,0.6698,0.66792,0.66815,3229,9,0
2026-01-09 08:00:00+00:00,0.66817,0.66852,0.66759,0.66823,3641,9,0
2026-01-09 12:00:00+00:00,0.66823,0.67027,0.66632,0.66804,12240,9,0
2026-01-09 16:00:00+00:00,0.66802,0.66885,0.66749,0.6686,4609,9,0
2026-01-09 20:00:00+00:00,0.66862,0.66907,0.66851,0.6687,976,9,0
2026-01-11 20:00:00+00:00,0.66781,0.66881,0.66781,0.66855,1051,9,0
2026-01-12 00:00:00+00:00,0.66856,0.67061,0.6683,0.66977,5679,9,0
2026-01-12 04:00:00+00:00,0.66975,0.67073,0.66921,0.67049,3407,9,0
2026-01-12 08:00:00+00:00,0.67047,0.67119,0.67019,0.67057,4429,9,0
2026-01-12 12:00:00+00:00,0.67056,0.67199,0.6703,0.67193,6636,9,0
2026-01-12 16:00:00+00:00,0.67193,0.67218,0.67104,0.67139,3796,9,0
2026-01-12 20:00:00+00:00,0.67139,0.67152,0.67066,0.67077,2240,9,0
2026-01-13 00:00:00+00:00,0.67077,0.67163,0.67062,0.67094,3760,9,0
2026-01-13 04:00:00+00:00,0.67094,0.67122,0.67013,0.67042,3094,9,0
2026-01-13 08:00:00+00:00,0.67041,0.67074,0.66969,0.67037,3254,9,0
2026-01-13 12:00:00+00:00,0.67037,0.67266,0.66779,0.66865,10034,9,0
2026-01-13 16:00:00+00:00,0.66864,0.66874,0.66728,0.66811,5724,9,0
2026-01-13 20:00:00+00:00,0.66812,0.66883,0.66783,0.66823,2063,9,0
2026-01-14 00:00:00+00:00,0.66821,0.66996,0.66767,0.66985,3861,9,0
2026-01-14 04:00:00+00:00,0.66985,0.67019,0.66923,0.66943,3501,9,0
2026-01-14 08:00:00+00:00,0.66944,0.66974,0.66788,0.66816,4917,9,0
2026-01-14 12:00:00+00:00,0.66815,0.66893,0.66752,0.66825,8677,9,0
2026-01-14 16:00:00+00:00,0.66825,0.66881,0.66728,0.66791,5918,9,0
2026-01-14 20:00:00+00:00,0.66791,0.66856,0.66762,0.66815,3610,9,0
2026-01-15 00:00:00+00:00,0.66815,0.66855,0.6667,0.66719,4706,9,0
2026-01-15 04:00:00+00:00,0.66721,0.66853,0.66703,0.66825,3820,9,0
2026-01-15 08:00:00+00:00,0.66824,0.67004,0.66792,0.66965,3805,9,0
2026-01-15 12:00:00+00:00,0.66965,0.66996,0.66742,0.66993,6919,9,0
2026-01-15 16:00:00+00:00,0.66993,0.67093,0.66986,0.67017,4633,9,0
2026-01-15 20:00:00+00:00,0.67016,0.67019,0.66956,0.67006,2382,9,0
2026-01-16 00:00:00+00:00,0.67005,0.67049,0.6695,0.67036,3568,9,0
2026-01-16 04:00:00+00:00,0.67037,0.67067,0.66956,0.66997,2545,9,0
2026-01-16 08:00:00+00:00,0.66999,0.67092,0.66999,0.67033,3417,9,0
2026-01-16 12:00:00+00:00,0.67033,0.67061,0.66708,0.6679,7387,9,0
2026-01-16 16:00:00+00:00,0.6679,0.66857,0.66785,0.66834,4577,9,0
2026-01-16 20:00:00+00:00,0.66834,0.66854,0.66809,0.66827,966,9,0
2026-01-18 20:00:00+00:00,0.66695,0.66903,0.66651,0.66875,1946,9,0
2026-01-19 00:00:00+00:00,0.66874,0.66947,0.66765,0.66869,5641,9,0
2026-01-19 04:00:00+00:00,0.66869,0.67004,0.66866,0.66891,3801,9,0
2026-01-19 08:00:00+00:00,0.66893,0.67055,0.66893,0.67022,4430,9,0
2026-01-19 12:00:00+00:00,0.67022,0.67137,0.67004,0.67107,3871,9,0
2026-01-19 16:00:00+00:00,0.67108,0.67168,0.67095,0.67135,1741,9,0
2026-01-19 20:00:00+00:00,0.67135,0.67151,0.67084,0.67088,1319,9,0
2026-01-20 00:00:00+00:00,0.67089,0.67279,0.67065,0.67266,4009,9,0
2026-01-20 04:00:00+00:00,0.67266,0.67437,0.67266,0.67428,4838,9,0
2026-01-20 08:00:00+00:00,0.67429,0.67465,0.67234,0.67347,7535,9,0
2026-01-20 12:00:00+00:00,0.67349,0.67448,0.67248,0.67412,10101,9,0
2026-01-20 16:00:00+00:00,0.67412,0.67453,0.67316,0.67322,5728,9,0
2026-01-20 20:00:00+00:00,0.67321,0.67374,0.67296,0.67306,2917,9,0
2026-01-21 00:00:00+00:00,0.67307,0.67432,0.67294,0.6732,3978,9,0
2026-01-21 04:00:00+00:00,0.67318,0.67551,0.67271,0.6752,3927,9,0
2026-01-21 08:00:00+00:00,0.67519,0.67578,0.67431,0.67492,4492,9,0
2026-01-21 12:00:00+00:00,0.67492,0.67773,0.6749,0.677,9293,9,0
2026-01-21 16:00:00+00:00,0.677,0.67741,0.67527,0.6763,9586,9,0
2026-01-21 20:00:00+00:00,0.67631,0.67644,0.67536,0.67538,3703,9,0
2026-01-22 00:00:00+00:00,0.67539,0.68055,0.67535,0.6805,6068,9,0
2026-01-22 04:00:00+00:00,0.6805,0.68108,0.6798,0.68035,4117,9,0
2026-01-22 08:00:00+00:00,0.68033,0.68095,0.67955,0.6802,5075,9,0
2026-01-22 12:00:00+00:00,0.6802,0.68251,0.6802,0.68248,6897,9,0
2026-01-22 16:00:00+00:00,0.6825,0.68439,0.68242,0.68395,4553,9,0
2026-01-22 20:00:00+00:00,0.68395,0.68427,0.6837,0.68389,2208,9,0
2026-01-23 00:00:00+00:00,0.68389,0.68526,0.68361,0.68424,4219,9,0
2026-01-23 04:00:00+00:00,0.68424,0.68536,0.68389,0.68424,4343,9,0
2026-01-23 08:00:00+00:00,0.68424,0.68539,0.68338,0.68515,5474,9,0
2026-01-23 12:00:00+00:00,0.68516,0.68733,0.68481,0.68721,6046,9,0
2026-01-23 16:00:00+00:00,0.68723,0.68908,0.68644,0.68864,7660,9,0
2026-01-23 20:00:00+00:00,0.68864,0.68984,0.68852,0.68957,2304,9,0
2026-01-25 20:00:00+00:00,0.6921,0.69293,0.6904,0.69135,2736,9,0
2026-01-26 00:00:00+00:00,0.69136,0.69281,0.69059,0.69122,8229,9,0
2026-01-26 04:00:00+00:00,0.69122,0.69207,0.6908,0.69103,5356,9,0
2026-01-26 08:00:00+00:00,0.69103,0.6927,0.69099,0.69209,6640,9,0
2026-01-26 12:00:00+00:00,0.69209,0.69395,0.6907,0.69387,7610,9,0
2026-01-26 16:00:00+00:00,0.69386,0.69403,0.69166,0.69185,6512,9,0
2026-01-26 20:00:00+00:00,0.69185,0.69196,0.69076,0.69133,3350,9,0
2026-01-27 00:00:00+00:00,0.69133,0.69279,0.69067,0.69152,4654,9,0
2026-01-27 04:00:00+00:00,0.69152,0.69218,0.69059,0.69151,4376,9,0
2026-01-27 08:00:00+00:00,0.69153,0.69319,0.69011,0.69312,5986,9,0
2026-01-27 12:00:00+00:00,0.69311,0.69733,0.69308,0.69648,10101,9,0
2026-01-27 16:00:00+00:00,0.69648,0.69816,0.69647,0.69794,7020,9,0
2026-01-27 20:00:00+00:00,0.69793,0.70155,0.69754,0.69963,9597,9,0
2026-01-28 00:00:00+00:00,0.69963,0.7022,0.69797,0.69898,10887,9,0
2026-01-28 04:00:00+00:00,0.699,0.70192,0.69845,0.69985,6981,9,0
2026-01-28 08:00:00+00:00,0.69987,0.70139,0.69895,0.70014,8981,9,0
2026-01-28 12:00:00+00:00,0.70015,0.70078,0.69766,0.69982,13191,9,0
2026-01-28 16:00:00+00:00,0.6998,0.70127,0.69786,0.70093,12712,9,0
2026-01-28 20:00:00+00:00,0.70092,0.7049,0.70089,0.70385,6292,9,0
2026-01-29 00:00:00+00:00,0.70391,0.70785,0.70204,0.70784,9612,9,0
2026-01-29 04:00:00+00:00,0.70784,0.70938,0.70625,0.70688,8721,9,0
2026-01-29 08:00:00+00:00,0.70686,0.70765,0.70266,0.70379,9545,9,0
2026-01-29 12:00:00+00:00,0.70379,0.7082,0.69685,0.69775,27031,9,0
2026-01-29 16:00:00+00:00,0.69774,0.70373,0.69768,0.70258,20022,9,0
2026-01-29 20:00:00+00:00,0.70258,0.70548,0.70233,0.7047,4894,9,0
2026-01-30 00:00:00+00:00,0.70469,0.70525,0.6977,0.69972,17370,9,0
2026-01-30 04:00:00+00:00,0.6997,0.70086,0.69815,0.69977,9688,9,0
2026-01-30 08:00:00+00:00,0.69979,0.70236,0.69679,0.70227,12864,9,0
2026-01-30 12:00:00+00:00,0.70226,0.70313,0.69857,0.70047,20873,9,0
2026-01-30 16:00:00+00:00,0.70046,0.70047,0.69399,0.69723,21875,9,0
2026-01-30 20:00:00+00:00,0.69725,0.69728,0.69605,0.69641,4547,9,0
2026-02-01 20:00:00+00:00,0.69454,0.6952,0.69203,0.6943,4372,9,0
2026-02-02 00:00:00+00:00,0.69434,0.69702,0.69377,0.69401,20234,9,0
2026-02-02 04:00:00+00:00,0.69403,0.69454,0.69083,0.69416,15076,9,0
2026-02-02 08:00:00+00:00,0.69418,0.69702,0.69376,0.6957,13023,9,0
2026-02-02 12:00:00+00:00,0.69569,0.69675,0.69396,0.69439,19619,9,0
2026-02-02 16:00:00+00:00,0.69439,0.69659,0.69353,0.69448,11692,9,0
2026-02-02 20:00:00+00:00,0.6945,0.6957,0.69408,0.6957,4604,9,0
2026-02-03 00:00:00+00:00,0.6957,0.70256,0.69559,0.70219,11280,9,0
2026-02-03 04:00:00+00:00,0.70219,0.70499,0.70016,0.70425,13324,9,0
2026-02-03 08:00:00+00:00,0.70423,0.70437,0.69971,0.69988,10789,9,0
2026-02-03 12:00:00+00:00,0.69989,0.70153,0.69806,0.70137,13847,9,0
2026-02-03 16:00:00+00:00,0.70135,0.70239,0.69931,0.70064,14659,9,0
2026-02-03 20:00:00+00:00,0.70064,0.70263,0.70026,0.70224,4786,9,0
2026-02-04 00:00:00+00:00,0.70225,0.70361,0.70132,0.70204,8557,9,0
2026-02-04 04:00:00+00:00,0.70204,0.7036,0.70182,0.70335,5502,9,0
2026-02-04 08:00:00+00:00,0.70335,0.70426,0.70101,0.70208,8004,9,0
2026-02-04 12:00:00+00:00,0.70206,0.70352,0.69963,0.69979,16622,9,0
2026-02-04 16:00:00+00:00,0.69977,0.7003,0.69711,0.6998,17345,9,0
2026-02-04 20:00:00+00:00,0.6998,0.69999,0.69921,0.69936,3853,9,0
2026-02-05 00:00:00+00:00,0.69942,0.70068,0.6958,0.69637,13044,9,0
2026-02-05 04:00:00+00:00,0.69638,0.69848,0.69624,0.69754,7459,9,0
2026-02-05 08:00:00+00:00,0.69754,0.69901,0.69646,0.69804,8780,9,0
2026-02-05 12:00:00+00:00,0.69803,0.69852,0.69399,0.69523,22997,9,0
2026-02-05 16:00:00+00:00,0.69525,0.69793,0.69464,0.69594,14307,9,0
2026-02-05 20:00:00+00:00,0.69594,0.69664,0.69121,0.69155,5685,9,0
2026-02-06 00:00:00+00:00,0.69155,0.69463,0.68968,0.69403,12212,9,0
2026-02-06 04:00:00+00:00,0.69402,0.69631,0.69365,0.69591,6795,9,0
2026-02-06 08:00:00+00:00,0.69589,0.69869,0.69526,0.69852,7862,9,0
2026-02-06 12:00:00+00:00,0.6985,0.70128,0.69792,0.70057,12225,9,0
2026-02-06 16:00:00+00:00,0.70056,0.70244,0.70054,0.70164,6522,9,0
2026-02-06 20:00:00+00:00,0.70164,0.70228,0.70151,0.70154,1725,9,0
2026-02-08 20:00:00+00:00,0.70114,0.70365,0.70035,0.70354,2132,9,0
2026-02-09 00:00:00+00:00,0.70354,0.70354,0.70156,0.70212,7742,9,0
2026-02-09 04:00:00+00:00,0.70212,0.70423,0.70201,0.70323,6175,9,0
2026-02-09 08:00:00+00:00,0.70324,0.70449,0.70135,0.70353,8046,9,0
2026-02-09 12:00:00+00:00,0.70354,0.7092,0.70354,0.70881,11293,9,0
2026-02-09 16:00:00+00:00,0.7088,0.70984,0.70814,0.70958,5775,9,0
2026-02-09 20:00:00+00:00,0.70957,0.70967,0.70826,0.7083,3078,9,0
2026-02-10 00:00:00+00:00,0.7083,0.709,0.70738,0.70756,6305,9,0
2026-02-10 04:00:00+00:00,0.70756,0.70787,0.70641,0.7071,4471,9,0
2026-02-10 08:00:00+00:00,0.70711,0.70804,0.70673,0.70733,5074,9,0
2026-02-10 12:00:00+00:00,0.70735,0.709,0.70644,0.70845,11122,9,0
2026-02-10 16:00:00+00:00,0.70846,0.70858,0.7066,0.70789,7404,9,0
2026-02-10 20:00:00+00:00,0.70787,0.70797,0.70682,0.70732,2850,9,0
2026-02-11 00:00:00+00:00,0.70733,0.71272,0.70726,0.71259,6796,9,0
2026-02-11 04:00:00+00:00,0.71259,0.71276,0.71023,0.71074,5723,9,0
2026-02-11 08:00:00+00:00,0.71074,0.71234,0.70981,0.71112,6127,9,0
2026-02-11 12:00:00+00:00,0.71114,0.71357,0.70715,0.71073,25362,9,0
2026-02-11 16:00:00+00:00,0.71074,0.71427,0.70997,0.71295,11647,9,0
2026-02-11 20:00:00+00:00,0.71295,0.713,0.71207,0.71242,3353,9,0
2026-02-12 00:00:00+00:00,0.71242,0.71467,0.7119,0.71295,6638,9,0
2026-02-12 04:00:00+00:00,0.71295,0.7137,0.71048,0.71191,7219,9,0
2026-02-12 08:00:00+00:00,0.71191,0.71295,0.71082,0.71287,5945,9,0
2026-02-12 12:00:00+00:00,0.71286,0.71443,0.71157,0.71328,11468,9,0
2026-02-12 16:00:00+00:00,0.71328,0.71329,0.70755,0.70954,20965,9,0
2026-02-12 20:00:00+00:00,0.70952,0.70976,0.70832,0.70877,4234,9,0
2026-02-13 00:00:00+00:00,0.70876,0.70969,0.70804,0.70833,6513,9,0
2026-02-13 04:00:00+00:00,0.70833,0.70912,0.70435,0.70599,7487,9,0
2026-02-13 08:00:00+00:00,0.706,0.70788,0.70451,0.70501,7799,9,0
2026-02-13 12:00:00+00:00,0.70499,0.70808,0.70443,0.70604,24158,9,0
2026-02-13 16:00:00+00:00,0.70602,0.70855,0.70573,0.70711,10946,9,0
2026-02-13 20:00:00+00:00,0.70711,0.70771,0.70649,0.70722,2663,9,0
2026-02-15 20:00:00+00:00,0.70593,0.70717,0.70517,0.70705,1487,9,0
2026-02-16 00:00:00+00:00,0.70711,0.70865,0.70677,0.70837,4963,9,0
2026-02-16 04:00:00+00:00,0.70837,0.70948,0.70805,0.70871,3487,9,0
2026-02-16 08:00:00+00:00,0.70873,0.70963,0.70769,0.70827,5355,9,0
2026-02-16 12:00:00+00:00,0.70828,0.70879,0.70678,0.70686,5054,9,0
2026-02-16 16:00:00+00:00,0.70685,0.70752,0.70668,0.70752,2084,9,0
2026-02-16 20:00:00+00:00,0.70752,0.70763,0.70704,0.70719,1422,9,0
2026-02-17 00:00:00+00:00,0.70721,0.70756,0.70462,0.70548,6599,9,0
2026-02-17 04:00:00+00:00,0.70548,0.70687,0.70539,0.70638,5560,9,0
2026-02-17 08:00:00+00:00,0.70636,0.70764,0.70584,0.70613,6917,9,0
2026-02-17 12:00:00+00:00,0.70614,0.70659,0.7028,0.70428,17054,9,0
2026-02-17 16:00:00+00:00,0.70429,0.70896,0.70429,0.70816,11420,9,0
2026-02-17 20:00:00+00:00,0.70815,0.70868,0.708,0.70815,3117,9,0
2026-02-18 00:00:00+00:00,0.70815,0.70844,0.70648,0.70686,4747,9,0
2026-02-18 04:00:00+00:00,0.70687,0.70736,0.7063,0.70693,3249,9,0
2026-02-18 08:00:00+00:00,0.70692,0.70806,0.70678,0.70707,4945,9,0
2026-02-18 12:00:00+00:00,0.70708,0.70776,0.70507,0.70716,9876,9,0
2026-02-18 16:00:00+00:00,0.70716,0.70771,0.70345,0.70376,7921,9,0
2026-02-18 20:00:00+00:00,0.70377,0.70463,0.70349,0.70424,2842,9,0
2026-02-19 00:00:00+00:00,0.70426,0.7071,0.70387,0.70633,5439,9,0
2026-02-19 04:00:00+00:00,0.70633,0.7075,0.7045,0.70736,4247,9,0
2026-02-19 08:00:00+00:00,0.70737,0.70798,0.70417,0.70457,7656,9,0
2026-02-19 12:00:00+00:00,0.70456,0.70671,0.70237,0.70569,14620,9,0
2026-02-19 16:00:00+00:00,0.70569,0.70601,0.70423,0.70474,9777,9,0
2026-02-19 20:00:00+00:00,0.70474,0.70617,0.70474,0.70552,3132,9,0
2026-02-20 00:00:00+00:00,0.70552,0.70577,0.70152,0.70295,7310,9,0
2026-02-20 04:00:00+00:00,0.70295,0.70539,0.70274,0.70411,5056,9,0
2026-02-20 08:00:00+00:00,0.70412,0.70665,0.70385,0.70472,6590,9,0
2026-02-20 12:00:00+00:00,0.70471,0.70878,0.70398,0.70852,24928,9,0
2026-02-20 16:00:00+00:00,0.70854,0.7094,0.70602,0.70786,19184,9,0
2026-02-20 20:00:00+00:00,0.70786,0.70868,0.70772,0.70834,2310,9,0
2026-02-22 20:00:00+00:00,0.70682,0.71114,0.70679,0.71114,2303,9,0
2026-02-23 00:00:00+00:00,0.71113,0.71113,0.7067,0.707,10351,9,0
2026-02-23 04:00:00+00:00,0.707,0.7083,0.70658,0.70803,4668,9,0
2026-02-23 08:00:00+00:00,0.70802,0.70901,0.70688,0.70702,6354,9,0
2026-02-23 12:00:00+00:00,0.707,0.70818,0.70556,0.70599,11059,9,0
2026-02-23 16:00:00+00:00,0.70598,0.70668,0.70481,0.7055,8847,9,0
2026-02-23 20:00:00+00:00,0.70549,0.70624,0.70518,0.70594,2896,9,0
2026-02-24 00:00:00+00:00,0.70594,0.70729,0.70478,0.70651,7177,9,0
2026-02-24 04:00:00+00:00,0.70651,0.70733,0.70563,0.70678,5358,9,0
2026-02-24 08:00:00+00:00,0.70678,0.707,0.70439,0.70465,6241,9,0
2026-02-24 12:00:00+00:00,0.70465,0.70589,0.70264,0.7052,10791,9,0
2026-02-24 16:00:00+00:00,0.7052,0.70698,0.70516,0.70599,5559,9,0
2026-02-24 20:00:00+00:00,0.70599,0.70649,0.70562,0.70579,2325,9,0
2026-02-25 00:00:00+00:00,0.70579,0.71049,0.70567,0.71003,8969,9,0
2026-02-25 04:00:00+00:00,0.71003,0.71163,0.70977,0.71034,5560,9,0
2026-02-25 08:00:00+00:00,0.71035,0.71076,0.70729,0.708,6345,9,0
2026-02-25 12:00:00+00:00,0.70798,0.71085,0.70792,0.71083,8927,9,0
2026-02-25 16:00:00+00:00,0.71084,0.71238,0.71072,0.71216,4573,9,0
2026-02-25 20:00:00+00:00,0.71216,0.71257,0.71165,0.71195,3012,9,0
2026-02-26 00:00:00+00:00,0.71195,0.71361,0.71138,0.71228,6145,9,0
2026-02-26 04:00:00+00:00,0.71228,0.71353,0.71203,0.71224,5625,9,0
2026-02-26 08:00:00+00:00,0.71225,0.7123,0.71095,0.71101,5531,9,0
2026-02-26 12:00:00+00:00,0.71103,0.71238,0.70666,0.70986,14119,9,0
2026-02-26 16:00:00+00:00,0.70986,0.71099,0.70731,0.71079,9709,9,0
2026-02-26 20:00:00+00:00,0.7108,0.71118,0.70966,0.7102,3026,9,0
2026-02-27 00:00:00+00:00,0.71021,0.71212,0.70956,0.71178,7289,9,0
2026-02-27 04:00:00+00:00,0.71177,0.71317,0.71165,0.71228,5407,9,0
2026-02-27 08:00:00+00:00,0.71227,0.71279,0.7102,0.71073,6765,9,0
2026-02-27 12:00:00+00:00,0.71074,0.71316,0.70863,0.71257,14898,9,0
2026-02-27 16:00:00+00:00,0.71256,0.71304,0.71108,0.71139,8727,9,0
2026-02-27 20:00:00+00:00,0.71139,0.71217,0.71119,0.71148,2573,9,0
2026-03-01 20:00:00+00:00,0.70507,0.70855,0.7043,0.7056,4352,9,0
2026-03-02 00:00:00+00:00,0.70558,0.71163,0.70518,0.71092,15410,9,0
2026-03-02 04:00:00+00:00,0.71092,0.71122,0.70482,0.70575,12222,9,0
2026-03-02 08:00:00+00:00,0.70577,0.70973,0.70448,0.70832,14071,9,0
2026-03-02 12:00:00+00:00,0.70834,0.7087,0.70516,0.7058,20052,9,0
2026-03-02 16:00:00+00:00,0.70578,0.71055,0.70526,0.71034,11448,9,0
2026-03-02 20:00:00+00:00,0.71033,0.71078,0.70716,0.71021,8860,9,0
2026-03-03 00:00:00+00:00,0.7102,0.71223,0.70869,0.71084,13249,9,0
2026-03-03 04:00:00+00:00,0.71084,0.71139,0.70761,0.70776,13112,9,0
2026-03-03 08:00:00+00:00,0.70774,0.7081,0.70077,0.7026,21967,9,0
2026-03-03 12:00:00+00:00,0.70259,0.70452,0.69439,0.69948,34327,9,0
2026-03-03 16:00:00+00:00,0.69949,0.70569,0.6991,0.70422,29345,9,0
2026-03-03 20:00:00+00:00,0.70423,0.70522,0.70293,0.70385,7579,9,0
2026-03-04 00:00:00+00:00,0.70386,0.70391,0.69856,0.70073,21979,9,0
2026-03-04 04:00:00+00:00,0.70074,0.70433,0.69843,0.70298,15853,9,0
2026-03-04 08:00:00+00:00,0.70296,0.70726,0.70119,0.70493,22614,9,0
2026-03-04 12:00:00+00:00,0.70495,0.70717,0.7033,0.70707,26126,9,0
2026-03-04 16:00:00+00:00,0.70707,0.70827,0.70607,0.7082,11491,9,0
2026-03-04 20:00:00+00:00,0.7082,0.70829,0.70733,0.7075,4047,9,0
2026-03-05 00:00:00+00:00,0.70748,0.70887,0.70491,0.70521,13041,9,0
2026-03-05 04:00:00+00:00,0.7052,0.70563,0.70278,0.70347,12664,9,0
2026-03-05 08:00:00+00:00,0.70349,0.70702,0.7011,0.70488,21156,9,0
2026-03-05 12:00:00+00:00,0.70489,0.70571,0.70029,0.70128,21925,9,0
2026-03-05 16:00:00+00:00,0.70128,0.70129,0.69733,0.69814,23368,9,0
2026-03-05 20:00:00+00:00,0.69815,0.70144,0.69773,0.70088,8479,9,0
2026-03-06 00:00:00+00:00,0.70088,0.70401,0.70081,0.70388,9145,9,0
2026-03-06 04:00:00+00:00,0.70388,0.70469,0.70269,0.70433,7240,9,0
2026-03-06 08:00:00+00:00,0.70434,0.70456,0.699,0.69928,15413,9,0
2026-03-06 12:00:00+00:00,0.69929,0.70268,0.69766,0.70039,37545,9,0
2026-03-06 16:00:00+00:00,0.70039,0.70305,0.70031,0.7025,21188,9,0
2026-03-06 20:00:00+00:00,0.70251,0.70296,0.70132,0.70289,5531,9,0
2026-03-08 20:00:00+00:00,0.69863,0.69907,0.69632,0.69686,7164,9,0
2026-03-09 00:00:00+00:00,0.69685,0.69995,0.6956,0.6991,21122,9,0
2026-03-09 04:00:00+00:00,0.6991,0.70216,0.69867,0.70092,19370,9,0
2026-03-09 08:00:00+00:00,0.70093,0.70332,0.69813,0.70133,25198,9,0
2026-03-09 12:00:00+00:00,0.70134,0.7049,0.70065,0.70441,30389,9,0
2026-03-09 16:00:00+00:00,0.70442,0.70782,0.70331,0.70689,19347,9,0
2026-03-09 20:00:00+00:00,0.70688,0.70818,0.70632,0.70675,6612,9,0
2026-03-10 00:00:00+00:00,0.70673,0.70762,0.7053,0.70586,14127,9,0
2026-03-10 04:00:00+00:00,0.70586,0.7119,0.70554,0.71128,11202,9,0
2026-03-10 08:00:00+00:00,0.71127,0.71243,0.70934,0.71197,15703,9,0
2026-03-10 12:00:00+00:00,0.71198,0.71539,0.71044,0.7149,21168,9,0
2026-03-10 16:00:00+00:00,0.71489,0.7168,0.71152,0.71192,23563,9,0
2026-03-10 20:00:00+00:00,0.71193,0.71226,0.71124,0.71191,3539,9,0
2026-03-11 00:00:00+00:00,0.71192,0.71745,0.71162,0.71733,10398,9,0
2026-03-11 04:00:00+00:00,0.71732,0.71851,0.71552,0.71634,9854,9,0
2026-03-11 08:00:00+00:00,0.71636,0.71739,0.71433,0.71576,14146,9,0
2026-03-11 12:00:00+00:00,0.71574,0.71869,0.71427,0.71493,23518,9,0
2026-03-11 16:00:00+00:00,0.71492,0.71588,0.71364,0.71557,11368,9,0
2026-03-11 20:00:00+00:00,0.71555,0.71562,0.7125,0.71288,4888,9,0
2026-03-12 00:00:00+00:00,0.71287,0.71604,0.71234,0.71364,9591,9,0
2026-03-12 04:00:00+00:00,0.71364,0.7137,0.71109,0.71342,8951,9,0
2026-03-12 08:00:00+00:00,0.71343,0.71477,0.71231,0.71364,10047,9,0
2026-03-12 12:00:00+00:00,0.71366,0.71371,0.70721,0.70883,24480,9,0
2026-03-12 16:00:00+00:00,0.70881,0.70998,0.70755,0.70774,14883,9,0
2026-03-12 20:00:00+00:00,0.70774,0.70805,0.70711,0.7076,3556,9,0
2026-03-13 00:00:00+00:00,0.70759,0.70919,0.70604,0.70707,8010,9,0
2026-03-13 04:00:00+00:00,0.70706,0.7071,0.70208,0.7026,8699,9,0
2026-03-13 08:00:00+00:00,0.7026,0.70495,0.70156,0.7049,13165,9,0
2026-03-13 12:00:00+00:00,0.70492,0.70622,0.70018,0.70019,22047,9,0
2026-03-13 16:00:00+00:00,0.70017,0.70133,0.699,0.69905,12992,9,0
2026-03-13 20:00:00+00:00,0.69905,0.69913,0.69796,0.69806,1162,9,0
2026-03-15 20:00:00+00:00,0.69861,0.7006,0.69855,0.70046,4773,9,0
2026-03-16 00:00:00+00:00,0.70045,0.70186,0.69965,0.70102,9693,9,0
2026-03-16 04:00:00+00:00,0.70102,0.70216,0.70036,0.70126,6961,9,0
2026-03-16 08:00:00+00:00,0.70127,0.7054,0.70065,0.70497,10841,9,0
2026-03-16 12:00:00+00:00,0.70498,0.70755,0.70493,0.70547,13339,9,0
2026-03-16 16:00:00+00:00,0.70546,0.70821,0.70443,0.70727,11749,9,0
2026-03-16 20:00:00+00:00,0.70729,0.70741,0.70622,0.70668,2699,9,0
2026-03-17 00:00:00+00:00,0.70668,0.70947,0.70489,0.70658,9134,9,0
2026-03-17 04:00:00+00:00,0.70659,0.7089,0.70552,0.70667,10524,9,0
2026-03-17 08:00:00+00:00,0.70666,0.70903,0.70603,0.70791,10111,9,0
2026-03-17 12:00:00+00:00,0.70789,0.71178,0.70768,0.70991,13861,9,0
2026-03-17 16:00:00+00:00,0.70991,0.7115,0.70931,0.7104,8231,9,0
2026-03-17 20:00:00+00:00,0.7104,0.71091,0.70997,0.71082,2446,9,0
2026-03-18 00:00:00+00:00,0.71082,0.7118,0.70994,0.71111,5528,9,0
2026-03-18 04:00:00+00:00,0.71112,0.71229,0.71077,0.71122,5195,9,0
2026-03-18 08:00:00+00:00,0.71122,0.71129,0.7091,0.70993,7799,9,0
2026-03-18 12:00:00+00:00,0.70994,0.71001,0.70454,0.70761,20688,9,0
2026-03-18 16:00:00+00:00,0.70761,0.70902,0.70337,0.70358,14879,9,0
2026-03-18 20:00:00+00:00,0.70356,0.70373,0.70178,0.70289,5018,9,0
2026-03-19 00:00:00+00:00,0.70288,0.7055,0.70267,0.7046,10299,9,0
2026-03-19 04:00:00+00:00,0.70459,0.70461,0.70229,0.7026,9149,9,0
2026-03-19 08:00:00+00:00,0.70261,0.70628,0.70229,0.70424,18197,9,0
2026-03-19 12:00:00+00:00,0.70423,0.70601,0.69995,0.7035,36004,9,0
2026-03-19 16:00:00+00:00,0.7035,0.71083,0.70333,0.7084,25388,9,0
2026-03-19 20:00:00+00:00,0.70841,0.70917,0.7078,0.70798,4571,9,0
2026-03-20 00:00:00+00:00,0.70798,0.7092,0.70731,0.70819,8299,9,0
2026-03-20 04:00:00+00:00,0.7082,0.70968,0.70744,0.70905,7158,9,0
2026-03-20 08:00:00+00:00,0.70907,0.70943,0.70523,0.70793,13664,9,0
2026-03-20 12:00:00+00:00,0.70794,0.70867,0.70259,0.70319,22997,9,0
2026-03-20 16:00:00+00:00,0.70318,0.70482,0.70049,0.70166,17373,9,0
2026-03-20 20:00:00+00:00,0.70166,0.70247,0.70144,0.70209,1443,9,0
2026-03-22 20:00:00+00:00,0.69926,0.70132,0.69926,0.70098,4606,9,0
2026-03-23 00:00:00+00:00,0.70099,0.70149,0.69757,0.69809,16093,9,0
2026-03-23 04:00:00+00:00,0.6981,0.6985,0.69496,0.69532,11653,9,0
2026-03-23 08:00:00+00:00,0.69531,0.70429,0.69103,0.6985,54746,9,0
2026-03-23 12:00:00+00:00,0.69848,0.70621,0.69729,0.69928,61527,9,0
2026-03-23 16:00:00+00:00,0.69926,0.70288,0.69824,0.7011,24902,9,0
2026-03-23 20:00:00+00:00,0.70109,0.70207,0.70001,0.7008,4978,9,0
2026-03-24 00:00:00+00:00,0.70079,0.70086,0.69643,0.69677,18257,9,0
2026-03-24 04:00:00+00:00,0.69678,0.70143,0.69549,0.69891,14313,9,0
2026-03-24 08:00:00+00:00,0.69889,0.69896,0.69531,0.6969,17759,9,0
2026-03-24 12:00:00+00:00,0.69689,0.69884,0.69448,0.69638,28881,9,0
2026-03-24 16:00:00+00:00,0.69639,0.6977,0.69381,0.69681,20091,9,0
2026-03-24 20:00:00+00:00,0.6968,0.70131,0.69664,0.69943,11063,9,0
2026-03-25 00:00:00+00:00,0.69944,0.70035,0.69694,0.69768,11009,9,0
2026-03-25 04:00:00+00:00,0.69767,0.69801,0.69609,0.69668,7703,9,0
2026-03-25 08:00:00+00:00,0.69667,0.69891,0.69581,0.69663,13254,9,0
2026-03-25 12:00:00+00:00,0.69664,0.69724,0.69425,0.69606,20741,9,0
2026-03-25 16:00:00+00:00,0.69605,0.69703,0.69453,0.69484,12603,9,0
2026-03-25 20:00:00+00:00,0.69485,0.69512,0.69389,0.69423,3127,9,0
2026-03-26 00:00:00+00:00,0.69422,0.69521,0.69318,0.69501,7465,9,0
2026-03-26 04:00:00+00:00,0.69501,0.69565,0.69384,0.69387,7324,9,0
2026-03-26 08:00:00+00:00,0.69389,0.69438,0.69091,0.69096,9709,9,0
2026-03-26 12:00:00+00:00,0.69098,0.69285,0.6901,0.69108,18304,9,0
2026-03-26 16:00:00+00:00,0.69108,0.69128,0.68761,0.68768,9146,9,0
2026-03-26 20:00:00+00:00,0.68766,0.69183,0.68753,0.68859,8695,9,0
2026-03-27 00:00:00+00:00,0.68857,0.69054,0.68716,0.69048,8328,9,0
2026-03-27 04:00:00+00:00,0.69048,0.69117,0.68824,0.68891,6781,9,0
2026-03-27 08:00:00+00:00,0.6889,0.69011,0.68829,0.68875,10295,9,0
2026-03-27 12:00:00+00:00,0.68874,0.69015,0.68766,0.6888,16773,9,0
2026-03-27 16:00:00+00:00,0.6888,0.68941,0.68641,0.68731,10735,9,0
2026-03-27 20:00:00+00:00,0.68729,0.68797,0.68649,0.68752,2049,9,0
2026-03-29 20:00:00+00:00,0.68644,0.68667,0.68459,0.68502,4801,9,0
2026-03-30 00:00:00+00:00,0.68504,0.68718,0.68423,0.68688,11578,9,0
2026-03-30 04:00:00+00:00,0.68689,0.68738,0.68478,0.68505,7213,9,0
2026-03-30 08:00:00+00:00,0.68504,0.6869,0.68471,0.68589,9457,9,0
2026-03-30 12:00:00+00:00,0.68589,0.68653,0.68329,0.68564,14419,9,0
2026-03-30 16:00:00+00:00,0.68562,0.68609,0.68415,0.68494,8877,9,0
2026-03-30 20:00:00+00:00,0.68492,0.68543,0.68423,0.68449,3238,9,0
2026-03-31 00:00:00+00:00,0.6845,0.68745,0.68339,0.68485,14091,9,0
2026-03-31 04:00:00+00:00,0.68486,0.68668,0.68386,0.68659,9033,9,0
2026-03-31 08:00:00+00:00,0.68658,0.6886,0.68494,0.68825,11461,9,0
2026-03-31 12:00:00+00:00,0.68827,0.68899,0.68349,0.68535,19575,9,0
2026-03-31 16:00:00+00:00,0.68533,0.69004,0.6852,0.68992,22395,9,0
2026-03-31 20:00:00+00:00,0.68991,0.69209,0.68958,0.69198,3490,9,0
2026-04-01 00:00:00+00:00,0.69197,0.69298,0.69004,0.6904,8928,9,0
2026-04-01 04:00:00+00:00,0.6904,0.69467,0.68995,0.69282,11602,9,0
2026-04-01 08:00:00+00:00,0.6928,0.69588,0.69251,0.69541,11420,9,0
2026-04-01 12:00:00+00:00,0.69539,0.69633,0.69331,0.69432,20977,9,0
2026-04-01 16:00:00+00:00,0.69431,0.69506,0.69124,0.69225,9877,9,0
2026-04-01 20:00:00+00:00,0.69226,0.6929,0.69199,0.69228,3053,9,0
2026-04-02 00:00:00+00:00,0.69226,0.69404,0.68789,0.6883,22551,9,0
2026-04-02 04:00:00+00:00,0.6883,0.68843,0.68657,0.68842,8965,9,0
2026-04-02 08:00:00+00:00,0.68844,0.68851,0.68595,0.68656,7838,9,0
2026-04-02 12:00:00+00:00,0.68658,0.69177,0.68648,0.69096,21018,9,0
2026-04-02 16:00:00+00:00,0.69095,0.69171,0.69024,0.69062,9694,9,0
2026-04-02 20:00:00+00:00,0.69062,0.69124,0.69018,0.6909,2116,9,0
2026-04-03 00:00:00+00:00,0.6909,0.69138,0.69023,0.69043,1734,54,0
2026-04-03 04:00:00+00:00,0.69044,0.69121,0.68992,0.69051,1520,54,0
2026-04-03 08:00:00+00:00,0.69049,0.69066,0.68998,0.6904,1657,72,0
2026-04-03 12:00:00+00:00,0.6904,0.69108,0.68907,0.68918,4202,9,0
2026-04-03 16:00:00+00:00,0.68919,0.6895,0.6884,0.68852,3399,9,0
2026-04-03 20:00:00+00:00,0.68852,0.6899,0.68783,0.68926,1126,18,0
2026-04-05 20:00:00+00:00,0.68858,0.68905,0.68755,0.68844,3465,9,0
2026-04-06 00:00:00+00:00,0.68844,0.69162,0.6884,0.69028,6446,9,0
2026-04-06 04:00:00+00:00,0.69028,0.69327,0.69021,0.69284,5716,9,0
2026-04-06 08:00:00+00:00,0.69286,0.69359,0.69183,0.69282,7544,9,0
2026-04-06 12:00:00+00:00,0.69284,0.69377,0.69112,0.69176,11129,9,0
2026-04-06 16:00:00+00:00,0.69176,0.69242,0.69054,0.69187,7341,9,0
2026-04-06 20:00:00+00:00,0.69188,0.69227,0.69133,0.69161,2281,9,0
2026-04-07 00:00:00+00:00,0.69161,0.69221,0.68982,0.6911,7267,9,0
2026-04-07 04:00:00+00:00,0.69111,0.69214,0.69084,0.69152,6910,9,0
2026-04-07 08:00:00+00:00,0.69151,0.69482,0.69145,0.69359,14571,9,0
2026-04-07 12:00:00+00:00,0.6936,0.69516,0.69242,0.69426,16160,9,0
2026-04-07 16:00:00+00:00,0.69427,0.6973,0.69402,0.69701,13671,9,0
2026-04-07 20:00:00+00:00,0.69699,0.7077,0.69657,0.70758,14709,9,0
2026-04-08 00:00:00+00:00,0.7076,0.70844,0.70426,0.70523,15194,9,0
2026-04-08 04:00:00+00:00,0.70523,0.70826,0.70519,0.70605,11700,9,0
2026-04-08 08:00:00+00:00,0.70603,0.70625,0.70325,0.70535,10530,9,0
2026-04-08 12:00:00+00:00,0.70536,0.70777,0.70434,0.70603,19826,9,0
2026-04-08 16:00:00+00:00,0.70601,0.70621,0.70284,0.70521,11371,9,0
2026-04-08 20:00:00+00:00,0.70522,0.70537,0.70376,0.70386,3289,9,0
2026-04-09 00:00:00+00:00,0.70387,0.7041,0.70248,0.70396,7098,9,0
2026-04-09 04:00:00+00:00,0.70397,0.7046,0.70264,0.70285,6672,9,0
2026-04-09 08:00:00+00:00,0.70285,0.70453,0.70218,0.70451,6263,9,0
2026-04-09 12:00:00+00:00,0.70451,0.70855,0.70335,0.70849,13076,9,0
2026-04-09 16:00:00+00:00,0.70847,0.70945,0.70726,0.70843,8993,9,0
2026-04-09 20:00:00+00:00,0.70844,0.70857,0.70742,0.70747,2906,9,0
2026-04-10 00:00:00+00:00,0.70747,0.70825,0.70666,0.70693,5068,9,0
2026-04-10 04:00:00+00:00,0.70692,0.70727,0.70533,0.70546,5011,9,0
2026-04-10 08:00:00+00:00,0.70545,0.70719,0.70535,0.70714,6694,9,0
2026-04-10 12:00:00+00:00,0.70715,0.70935,0.70707,0.70763,10984,9,0
2026-04-10 16:00:00+00:00,0.70764,0.70816,0.70648,0.70764,6338,9,0
2026-04-10 20:00:00+00:00,0.70765,0.70777,0.70661,0.70669,1019,9,0
2026-04-12 20:00:00+00:00,0.69893,0.70217,0.69891,0.70191,3749,9,0
2026-04-13 00:00:00+00:00,0.70192,0.70419,0.70163,0.70378,6780,9,0
2026-04-13 04:00:00+00:00,0.70378,0.70582,0.7034,0.70558,5895,9,0
2026-04-13 08:00:00+00:00,0.70556,0.70581,0.70341,0.70348,6322,9,0
2026-04-13 12:00:00+00:00,0.70349,0.70696,0.7029,0.70614,11801,9,0
2026-04-13 16:00:00+00:00,0.70613,0.71,0.70573,0.70963,8107,9,0
2026-04-13 20:00:00+00:00,0.70965,0.7102,0.70906,0.70987,2326,9,0
2026-04-14 00:00:00+00:00,0.70988,0.70988,0.70785,0.70843,4882,9,0
2026-04-14 04:00:00+00:00,0.70844,0.71037,0.70766,0.70962,6359,9,0
2026-04-14 08:00:00+00:00,0.70961,0.71297,0.70931,0.71258,6427,9,0
2026-04-14 12:00:00+00:00,0.7126,0.71475,0.71201,0.71301,10498,9,0
2026-04-14 16:00:00+00:00,0.71301,0.7135,0.71241,0.71259,5116,9,0
2026-04-14 20:00:00+00:00,0.71259,0.71325,0.71164,0.71284,2806,9,0
2026-04-15 00:00:00+00:00,0.71283,0.71323,0.7122,0.71301,4638,9,0
2026-04-15 04:00:00+00:00,0.71301,0.71474,0.71299,0.71424,5639,9,0
2026-04-15 08:00:00+00:00,0.71424,0.71476,0.71293,0.71401,8351,9,0
2026-04-15 12:00:00+00:00,0.71401,0.71663,0.71336,0.71594,9606,9,0
2026-04-15 16:00:00+00:00,0.71593,0.71771,0.71588,0.71735,5704,9,0
2026-04-15 20:00:00+00:00,0.71735,0.71756,0.71648,0.71749,2001,9,0
2026-04-16 00:00:00+00:00,0.71748,0.71969,0.71626,0.71917,6480,9,0
2026-04-16 04:00:00+00:00,0.71917,0.7195,0.71773,0.71829,6271,9,0
2026-04-16 08:00:00+00:00,0.71831,0.7184,0.7164,0.71731,6148,9,0
2026-04-16 12:00:00+00:00,0.71732,0.71778,0.71605,0.7169,10657,9,0
2026-04-16 16:00:00+00:00,0.7169,0.71746,0.7152,0.71605,7273,9,0
2026-04-16 20:00:00+00:00,0.71606,0.71646,0.71544,0.71582,2269,9,0
2026-04-17 00:00:00+00:00,0.7158,0.71663,0.71537,0.71649,4464,9,0
2026-04-17 04:00:00+00:00,0.71648,0.71721,0.71605,0.71717,4922,9,0
2026-04-17 08:00:00+00:00,0.71717,0.7182,0.71667,0.71722,4924,9,0
2026-04-17 12:00:00+00:00,0.71724,0.72213,0.71712,0.719,21042,9,0
2026-04-17 16:00:00+00:00,0.719,0.71927,0.7169,0.71701,8195,9,0
2026-04-17 20:00:00+00:00,0.717,0.71725,0.71658,0.7169,879,9,0
2026-04-19 20:00:00+00:00,0.71216,0.71443,0.71089,0.71344,3668,9,0
2026-04-20 00:00:00+00:00,0.71346,0.71582,0.71317,0.71535,6447,9,0
2026-04-20 04:00:00+00:00,0.71535,0.71649,0.71418,0.71475,7646,9,0
2026-04-20 08:00:00+00:00,0.71476,0.7164,0.71459,0.71609,6603,9,0
2026-04-20 12:00:00+00:00,0.71607,0.7177,0.71533,0.71733,11835,9,0
2026-04-20 16:00:00+00:00,0.71735,0.71793,0.71692,0.7179,5215,9,0
2026-04-20 20:00:00+00:00,0.71789,0.71824,0.71731,0.71732,2423,9,0
2026-04-21 00:00:00+00:00,0.71733,0.71818,0.71647,0.71664,4899,9,0
2026-04-21 04:00:00+00:00,0.71664,0.71724,0.71527,0.71527,4859,9,0
2026-04-21 08:00:00+00:00,0.71526,0.71654,0.71434,0.71647,5872,9,0
2026-04-21 12:00:00+00:00,0.71649,0.71855,0.71516,0.71624,11158,9,0
2026-04-21 16:00:00+00:00,0.71626,0.71674,0.71297,0.71352,15043,9,0
2026-04-21 20:00:00+00:00,0.71353,0.71627,0.71339,0.71556,5666,9,0
2026-04-22 00:00:00+00:00,0.71555,0.71634,0.71526,0.71543,5256,9,0
2026-04-22 04:00:00+00:00,0.71542,0.71758,0.71541,0.71682,6173,9,0
2026-04-22 08:00:00+00:00,0.71683,0.71726,0.71494,0.71525,6494,9,0
2026-04-22 12:00:00+00:00,0.71525,0.71692,0.71461,0.71603,10185,9,0
2026-04-22 16:00:00+00:00,0.71605,0.71649,0.71553,0.71586,5672,9,0
2026-04-22 20:00:00+00:00,0.71586,0.71609,0.71542,0.71573,2217,9,0
2026-04-23 00:00:00+00:00,0.71573,0.71664,0.71364,0.71401,11232,9,0
2026-04-23 04:00:00+00:00,0.71401,0.71574,0.71383,0.7157,5549,9,0
2026-04-23 08:00:00+00:00,0.7157,0.71578,0.71325,0.71499,7621,9,0
2026-04-23 12:00:00+00:00,0.71498,0.71627,0.71372,0.71551,11709,9,0
2026-04-23 16:00:00+00:00,0.7155,0.71566,0.71109,0.71328,16133,9,0
2026-04-23 20:00:00+00:00,0.71327,0.71333,0.71241,0.71289,2294,9,0
2026-04-24 00:00:00+00:00,0.71291,0.71355,0.71144,0.71187,6009,9,0
2026-04-24 04:00:00+00:00,0.71188,0.71339,0.71163,0.71332,5329,9,0
2026-04-24 08:00:00+00:00,0.71332,0.71515,0.71261,0.71436,8330,9,0
2026-04-24 12:00:00+00:00,0.71438,0.71547,0.71256,0.71522,12365,9,0
2026-04-24 16:00:00+00:00,0.71523,0.71546,0.71457,0.7151,5622,9,0
2026-04-24 20:00:00+00:00,0.71509,0.71529,0.71487,0.71514,742,9,0
2026-04-26 20:00:00+00:00,0.71273,0.71463,0.71252,0.71419,1881,9,0
2026-04-27 00:00:00+00:00,0.71421,0.71769,0.71421,0.71733,6218,9,0
2026-04-27 04:00:00+00:00,0.71733,0.71777,0.71572,0.71764,5072,9,0
2026-04-27 08:00:00+00:00,0.71764,0.71898,0.71734,0.71847,5060,9,0
2026-04-27 12:00:00+00:00,0.71849,0.71996,0.71824,0.71917,9163,9,0
2026-04-27 16:00:00+00:00,0.71917,0.71934,0.71842,0.7186,4157,9,0
2026-04-27 20:00:00+00:00,0.71862,0.71903,0.71841,0.71901,1485,9,0
2026-04-28 00:00:00+00:00,0.71903,0.71942,0.71735,0.71841,6036,9,0
2026-04-28 04:00:00+00:00,0.71841,0.71857,0.7162,0.71777,6814,9,0
2026-04-28 08:00:00+00:00,0.71778,0.71805,0.71517,0.71535,8490,9,0
2026-04-28 12:00:00+00:00,0.71536,0.718,0.71506,0.71798,12471,9,0
2026-04-28 16:00:00+00:00,0.71799,0.71867,0.7175,0.71796,5059,9,0
2026-04-28 20:00:00+00:00,0.71795,0.71865,0.71784,0.71865,1661,9,0
2026-04-29 00:00:00+00:00,0.71865,0.71893,0.71595,0.71611,7438,9,0
2026-04-29 04:00:00+00:00,0.71611,0.71663,0.71543,0.71629,5474,9,0
2026-04-29 08:00:00+00:00,0.7163,0.71653,0.71486,0.71583,6402,9,0
2026-04-29 12:00:00+00:00,0.71583,0.71659,0.71182,0.71285,12193,9,0
2026-04-29 16:00:00+00:00,0.71286,0.71365,0.71012,0.71165,12475,9,0
2026-04-29 20:00:00+00:00,0.71167,0.71282,0.7111,0.71275,3589,9,0
2026-04-30 00:00:00+00:00,0.71277,0.71323,0.71171,0.71252,7579,9,0
2026-04-30 04:00:00+00:00,0.71253,0.71305,0.71097,0.71278,8018,9,0
2026-04-30 08:00:00+00:00,0.71279,0.71666,0.7127,0.71531,13142,9,0
2026-04-30 12:00:00+00:00,0.71532,0.71914,0.71444,0.71824,14940,9,0
2026-04-30 16:00:00+00:00,0.71826,0.72025,0.71777,0.71968,6731,9,0
2026-04-30 20:00:00+00:00,0.71966,0.72044,0.71927,0.72,2536,9,0
2026-05-01 00:00:00+00:00,0.72002,0.72048,0.71943,0.71954,4654,9,0
2026-05-01 04:00:00+00:00,0.71955,0.72024,0.7186,0.71952,5848,9,0
2026-05-01 08:00:00+00:00,0.71953,0.71997,0.7183,0.71963,5111,9,0
2026-05-01 12:00:00+00:00,0.71964,0.72274,0.7194,0.7217,11627,9,0
2026-05-01 16:00:00+00:00,0.7217,0.72207,0.72017,0.72045,6341,9,0
2026-05-01 20:00:00+00:00,0.72046,0.72058,0.71974,0.7199,721,9,0
2026-05-03 20:00:00+00:00,0.72127,0.72195,0.72073,0.72089,2062,9,0
2026-05-04 00:00:00+00:00,0.72088,0.72169,0.72006,0.72135,6764,9,0
2026-05-04 04:00:00+00:00,0.72134,0.72141,0.71883,0.71909,6027,9,0
2026-05-04 08:00:00+00:00,0.71907,0.71993,0.71679,0.71783,11185,9,0
2026-05-04 12:00:00+00:00,0.71784,0.71948,0.71619,0.71653,13075,9,0
2026-05-04 16:00:00+00:00,0.71655,0.71741,0.7153,0.7171,9677,9,0
2026-05-04 20:00:00+00:00,0.7171,0.7171,0.71642,0.71669,1608,9,0
2026-05-05 00:00:00+00:00,0.71669,0.71712,0.71524,0.71529,4716,9,0
2026-05-05 04:00:00+00:00,0.71528,0.71702,0.71354,0.71516,8791,9,0
2026-05-05 08:00:00+00:00,0.71514,0.7174,0.71514,0.71718,6530,9,0
2026-05-05 12:00:00+00:00,0.71717,0.71972,0.71669,0.71942,9418,9,0
2026-05-05 16:00:00+00:00,0.71942,0.7195,0.71811,0.71828,4012,9,0
2026-05-05 20:00:00+00:00,0.71828,0.72078,0.71774,0.72027,3546,9,0
2026-05-06 00:00:00+00:00,0.72028,0.72417,0.72018,0.72319,8332,9,0
2026-05-06 04:00:00+00:00,0.72319,0.72503,0.72309,0.72417,8617,9,0
2026-05-06 08:00:00+00:00,0.72416,0.72771,0.72324,0.72502,13067,9,0
2026-05-06 12:00:00+00:00,0.72502,0.72502,0.72287,0.72335,12878,9,0
2026-05-06 16:00:00+00:00,0.72333,0.7241,0.72237,0.72375,5294,9,0
2026-05-06 20:00:00+00:00,0.72374,0.7239,0.72318,0.72347,2170,9,0
2026-05-07 00:00:00+00:00,0.72345,0.72482,0.72314,0.72416,6148,9,0
2026-05-07 04:00:00+00:00,0.72415,0.72632,0.724,0.72612,6694,9,0
2026-05-07 08:00:00+00:00,0.72614,0.72636,0.72515,0.72582,6193,9,0
2026-05-07 12:00:00+00:00,0.72583,0.72594,0.72385,0.72392,9430,9,0
2026-05-07 16:00:00+00:00,0.72394,0.72422,0.72144,0.72146,11088,9,0
2026-05-07 20:00:00+00:00,0.72145,0.72274,0.72007,0.7208,4343,9,0
2026-05-08 00:00:00+00:00,0.72081,0.72204,0.71998,0.7215,7343,9,0
2026-05-08 04:00:00+00:00,0.7215,0.72301,0.72134,0.72234,6435,9,0
2026-05-08 08:00:00+00:00,0.72235,0.72408,0.72218,0.72354,5975,9,0
2026-05-08 12:00:00+00:00,0.72355,0.72485,0.72277,0.72414,11377,9,0
2026-05-08 16:00:00+00:00,0.72413,0.72477,0.72398,0.72461,4730,9,0
2026-05-08 20:00:00+00:00,0.7246,0.72489,0.72443,0.72462,569,9,0
2026-05-10 20:00:00+00:00,0.72223,0.72379,0.72149,0.72339,2130,9,0
2026-05-11 00:00:00+00:00,0.72339,0.72398,0.72275,0.72286,5972,9,0
2026-05-11 04:00:00+00:00,0.72284,0.72421,0.72249,0.724,4861,9,0
2026-05-11 08:00:00+00:00,0.72401,0.72482,0.72351,0.72429,4759,9,0
2026-05-11 12:00:00+00:00,0.72431,0.72589,0.72372,0.7257,7653,9,0
2026-05-11 16:00:00+00:00,0.72571,0.72575,0.72465,0.72486,4383,9,0
2026-05-11 20:00:00+00:00,0.72487,0.72518,0.72439,0.72455,1927,9,0
2026-05-12 00:00:00+00:00,0.72455,0.72455,0.72221,0.72286,6132,9,0
2026-05-12 04:00:00+00:00,0.72286,0.7235,0.72086,0.72169,6899,9,0
2026-05-12 08:00:00+00:00,0.72171,0.7231,0.72124,0.72283,6957,9,0
2026-05-12 12:00:00+00:00,0.72281,0.72326,0.72142,0.72221,11458,9,0
2026-05-12 16:00:00+00:00,0.72222,0.72414,0.72142,0.72383,6022,9,0
2026-05-12 20:00:00+00:00,0.72382,0.72417,0.72363,0.72369,1746,9,0
2026-05-13 00:00:00+00:00,0.72367,0.72471,0.72304,0.7235,5659,9,0
2026-05-13 04:00:00+00:00,0.7235,0.72424,0.72312,0.72334,5131,9,0
2026-05-13 08:00:00+00:00,0.72334,0.7253,0.72326,0.72495,5329,9,0
2026-05-13 12:00:00+00:00,0.72494,0.72714,0.72358,0.72617,9483,9,0
2026-05-13 16:00:00+00:00,0.72617,0.72689,0.72516,0.7253,5198,9,0
2026-05-13 20:00:00+00:00,0.72529,0.72605,0.72503,0.72539,2297,9,0
2026-05-14 00:00:00+00:00,0.7254,0.72568,0.72434,0.7251,5438,9,0
2026-05-14 04:00:00+00:00,0.7251,0.7264,0.72404,0.72421,6081,9,0
2026-05-14 08:00:00+00:00,0.7242,0.72535,0.72381,0.72387,6137,9,0
2026-05-14 12:00:00+00:00,0.72386,0.72428,0.72195,0.72239,8333,9,0
2026-05-14 16:00:00+00:00,0.72238,0.72265,0.72156,0.72197,5378,9,0
2026-05-14 20:00:00+00:00,0.72198,0.72225,0.72128,0.72134,2289,9,0
2026-05-15 00:00:00+00:00,0.72135,0.72176,0.71848,0.71932,7626,9,0
2026-05-15 04:00:00+00:00,0.71931,0.71935,0.71557,0.71668,9286,9,0
2026-05-15 08:00:00+00:00,0.71669,0.71795,0.71395,0.71519,9793,9,0
2026-05-15 12:00:00+00:00,0.71517,0.71657,0.71431,0.715,12115,9,0
2026-05-15 16:00:00+00:00,0.71501,0.7163,0.71475,0.71492,6370,9,0
2026-05-15 20:00:00+00:00,0.71491,0.71492,0.71445,0.71461,960,9,0
2026-05-17 20:00:00+00:00,0.71419,0.71537,0.71274,0.71292,2865,9,0
2026-05-18 00:00:00+00:00,0.71293,0.71345,0.71183,0.7134,9776,9,0
2026-05-18 04:00:00+00:00,0.7134,0.71576,0.71263,0.71516,7680,9,0
2026-05-18 08:00:00+00:00,0.71516,0.71678,0.71459,0.71598,8025,9,0
2026-05-18 12:00:00+00:00,0.71598,0.71838,0.71483,0.71585,13010,9,0
2026-05-18 16:00:00+00:00,0.71587,0.71742,0.71473,0.71676,9472,9,0
2026-05-18 20:00:00+00:00,0.71678,0.71763,0.71625,0.71699,2244,9,0
2026-05-19 00:00:00+00:00,0.717,0.71722,0.71358,0.71367,7864,9,0
2026-05-19 04:00:00+00:00,0.71367,0.71384,0.71246,0.7125,7548,9,0
2026-05-19 08:00:00+00:00,0.71251,0.71258,0.71082,0.71165,7669,9,0
2026-05-19 12:00:00+00:00,0.71165,0.71227,0.70792,0.70992,12538,9,0
2026-05-19 16:00:00+00:00,0.70994,0.71158,0.70952,0.71085,6483,9,0
2026-05-19 20:00:00+00:00,0.71086,0.71125,0.71037,0.71037,1952,9,0
2026-05-20 00:00:00+00:00,0.71035,0.71066,0.70867,0.71026,9256,9,0
2026-05-20 04:00:00+00:00,0.71026,0.71128,0.70969,0.71066,6816,9,0
2026-05-20 08:00:00+00:00,0.71066,0.71343,0.71043,0.71275,5988,9,0
2026-05-20 12:00:00+00:00,0.71275,0.71736,0.71147,0.71503,14794,9,0
2026-05-20 16:00:00+00:00,0.71504,0.71618,0.71487,0.71586,7737,9,0
2026-05-20 20:00:00+00:00,0.71584,0.71586,0.71473,0.71489,2879,9,0
2026-05-21 00:00:00+00:00,0.7149,0.71564,0.70996,0.71185,9295,9,0
2026-05-21 04:00:00+00:00,0.71184,0.71297,0.71078,0.7118,7716,9,0
2026-05-21 08:00:00+00:00,0.71179,0.71418,0.71156,0.71254,10515,9,0
2026-05-21 12:00:00+00:00,0.71254,0.71373,0.71161,0.71322,12645,9,0
2026-05-21 16:00:00+00:00,0.71323,0.7168,0.71323,0.71539,11653,9,0
2026-05-21 20:00:00+00:00,0.71541,0.71552,0.71456,0.71476,2176,9,0
2026-05-22 00:00:00+00:00,0.71476,0.71476,0.71342,0.71395,4787,9,0
2026-05-22 04:00:00+00:00,0.71395,0.71459,0.7127,0.71338,5087,9,0
2026-05-22 08:00:00+00:00,0.71338,0.71437,0.71196,0.71213,6300,9,0
2026-05-22 12:00:00+00:00,0.71213,0.71424,0.7116,0.71304,10412,9,0
2026-05-22 16:00:00+00:00,0.71304,0.7142,0.71282,0.71317,6030,9,0
2026-05-22 20:00:00+00:00,0.71318,0.71321,0.71257,0.71279,907,9,0
2026-05-24 20:00:00+00:00,0.71295,0.71613,0.71276,0.71562,2193,9,0
2026-05-25 00:00:00+00:00,0.71563,0.71723,0.71537,0.7161,4743,9,0
2026-05-25 04:00:00+00:00,0.71608,0.71714,0.7152,0.71603,4256,9,0
2026-05-25 08:00:00+00:00,0.71603,0.71748,0.71577,0.71694,3082,9,0
2026-05-25 12:00:00+00:00,0.71693,0.71815,0.71667,0.71727,4064,9,0
2026-05-25 16:00:00+00:00,0.71726,0.71763,0.71698,0.71752,1347,9,0
2026-05-25 20:00:00+00:00,0.71752,0.71761,0.71664,0.71676,1993,9,0
2026-05-26 00:00:00+00:00,0.71677,0.71722,0.71613,0.71704,4662,9,0
2026-05-26 04:00:00+00:00,0.71704,0.71711,0.71549,0.71632,5057,9,0
2026-05-26 08:00:00+00:00,0.71631,0.71684,0.71587,0.71637,5263,9,0
2026-05-26 12:00:00+00:00,0.71637,0.7176,0.7158,0.71599,7299,9,0
2026-05-26 16:00:00+00:00,0.716,0.71699,0.71596,0.71684,3553,9,0
2026-05-26 20:00:00+00:00,0.71684,0.7174,0.71649,0.71702,2086,9,0
2026-05-27 00:00:00+00:00,0.71701,0.71791,0.71523,0.71593,6447,9,0
2026-05-27 04:00:00+00:00,0.71592,0.71635,0.71373,0.7138,5795,9,0
2026-05-27 08:00:00+00:00,0.7138,0.71456,0.71284,0.71321,5231,9,0
2026-05-27 12:00:00+00:00,0.71322,0.71489,0.71235,0.71351,13032,9,0
2026-05-27 16:00:00+00:00,0.71352,0.71419,0.71313,0.71413,4471,9,0
2026-05-27 20:00:00+00:00,0.71413,0.7144,0.71321,0.71324,2321,9,0
2026-05-28 00:00:00+00:00,0.71325,0.71351,0.70992,0.71015,6862,9,0
2026-05-28 04:00:00+00:00,0.71015,0.71266,0.70975,0.71214,6543,9,0
2026-05-28 08:00:00+00:00,0.71216,0.71241,0.71081,0.71178,5378,9,0
2026-05-28 12:00:00+00:00,0.71177,0.71615,0.71173,0.71575,11743,9,0
2026-05-28 16:00:00+00:00,0.71573,0.71693,0.71559,0.71614,4622,9,0
2026-05-28 20:00:00+00:00,0.71615,0.71649,0.71588,0.71627,2370,9,0
2026-05-29 00:00:00+00:00,0.71625,0.71669,0.71529,0.71541,4738,9,0
2026-05-29 04:00:00+00:00,0.71543,0.71669,0.71518,0.71605,4841,9,0
2026-05-29 08:00:00+00:00,0.71604,0.71696,0.71489,0.71695,5079,9,0
2026-05-29 12:00:00+00:00,0.71696,0.72,0.71671,0.71894,10419,9,0
2026-05-29 16:00:00+00:00,0.71894,0.71917,0.71809,0.71866,5324,9,0
2026-05-29 20:00:00+00:00,0.71867,0.7187,0.71824,0.71837,743,9,0
