time,open,high,low,close,tick_volume,spread,real_volume
2026-03-18 19:00:00+00:00,0.70513,0.70555,0.70478,0.70485,1198,9,0
2026-03-18 19:15:00+00:00,0.70487,0.70509,0.70421,0.7044,837,9,0
2026-03-18 19:30:00+00:00,0.70438,0.70497,0.70424,0.70436,728,9,0
2026-03-18 19:45:00+00:00,0.70436,0.70436,0.70337,0.70358,748,9,0
2026-03-18 20:00:00+00:00,0.70356,0.70373,0.70292,0.70294,458,9,0
2026-03-18 20:15:00+00:00,0.70292,0.70295,0.70178,0.70189,506,9,0
2026-03-18 20:30:00+00:00,0.70188,0.70218,0.70183,0.70218,368,9,0
2026-03-18 20:45:00+00:00,0.70218,0.70244,0.70201,0.70229,373,9,0
2026-03-18 21:00:00+00:00,0.70228,0.7023,0.70217,0.70217,161,9,0
2026-03-18 21:15:00+00:00,0.70218,0.70227,0.70194,0.70203,271,51,0
2026-03-18 21:30:00+00:00,0.70203,0.70218,0.702,0.70213,108,163,0
2026-03-18 21:45:00+00:00,0.70213,0.70271,0.70212,0.70271,124,99,0
2026-03-18 22:00:00+00:00,0.70289,0.70334,0.70242,0.70242,329,9,0
2026-03-18 22:15:00+00:00,0.70242,0.70254,0.70225,0.70233,286,9,0
2026-03-18 22:30:00+00:00,0.70233,0.70256,0.70209,0.7025,240,9,0
2026-03-18 22:45:00+00:00,0.7025,0.70263,0.70238,0.70239,251,9,0
2026-03-18 23:00:00+00:00,0.70237,0.70256,0.70216,0.70238,310,9,0
2026-03-18 23:15:00+00:00,0.70238,0.70263,0.70227,0.70259,260,9,0
2026-03-18 23:30:00+00:00,0.70259,0.70291,0.70241,0.70253,365,9,0
2026-03-18 23:45:00+00:00,0.70252,0.70298,0.70219,0.70289,608,9,0
2026-03-19 00:00:00+00:00,0.70288,0.70402,0.70282,0.70385,646,9,0
2026-03-19 00:15:00+00:00,0.70384,0.70399,0.70346,0.70397,557,9,0
2026-03-19 00:30:00+00:00,0.70393,0.70429,0.70267,0.7034,1038,9,0
2026-03-19 00:45:00+00:00,0.7034,0.7044,0.70328,0.7044,889,9,0
2026-03-19 01:00:00+00:00,0.70441,0.70465,0.70379,0.70392,857,9,0
2026-03-19 01:15:00+00:00,0.70392,0.7043,0.70373,0.7042,678,9,0
2026-03-19 01:30:00+00:00,0.7042,0.7047,0.70417,0.70442,644,9,0
2026-03-19 01:45:00+00:00,0.70442,0.70467,0.70417,0.70419,512,9,0
2026-03-19 02:00:00+00:00,0.70419,0.7052,0.70336,0.70481,1331,9,0
2026-03-19 02:15:00+00:00,0.70481,0.7055,0.70455,0.70549,628,9,0
2026-03-19 02:30:00+00:00,0.70548,0.7055,0.70499,0.705,524,9,0
2026-03-19 02:45:00+00:00,0.705,0.70503,0.70431,0.70449,643,9,0
2026-03-19 03:00:00+00:00,0.7045,0.7051,0.70445,0.70505,379,9,0
2026-03-19 03:15:00+00:00,0.70505,0.70529,0.7049,0.70495,343,9,0
2026-03-19 03:30:00+00:00,0.70496,0.70496,0.70455,0.70475,301,9,0
2026-03-19 03:45:00+00:00,0.70475,0.70484,0.70439,0.7046,329,9,0
2026-03-19 04:00:00+00:00,0.70459,0.70461,0.7042,0.70444,364,9,0
2026-03-19 04:15:00+00:00,0.70444,0.70453,0.70408,0.70414,379,9,0
2026-03-19 04:30:00+00:00,0.70413,0.70414,0.70375,0.70401,295,9,0
2026-03-19 04:45:00+00:00,0.70401,0.70401,0.70365,0.70373,321,9,0
2026-03-19 05:00:00+00:00,0.70373,0.70391,0.70358,0.7037,335,9,0
2026-03-19 05:15:00+00:00,0.7037,0.70426,0.70368,0.70407,371,9,0
2026-03-19 05:30:00+00:00,0.70408,0.70412,0.70309,0.70311,504,9,0
2026-03-19 05:45:00+00:00,0.70312,0.70388,0.70312,0.70328,470,9,0
2026-03-19 06:00:00+00:00,0.7033,0.70418,0.70311,0.70405,588,9,0
2026-03-19 06:15:00+00:00,0.70403,0.70432,0.70356,0.70356,457,9,0
2026-03-19 06:30:00+00:00,0.70357,0.70372,0.70306,0.70357,713,9,0
2026-03-19 06:45:00+00:00,0.70358,0.70381,0.7032,0.70381,721,9,0
2026-03-19 07:00:00+00:00,0.70379,0.70446,0.70331,0.70368,1096,9,0
2026-03-19 07:15:00+00:00,0.70369,0.7044,0.70367,0.70377,846,9,0
2026-03-19 07:30:00+00:00,0.70379,0.70394,0.70275,0.70282,847,9,0
2026-03-19 07:45:00+00:00,0.70282,0.70336,0.70229,0.7026,842,9,0
2026-03-19 08:00:00+00:00,0.70261,0.70298,0.70229,0.70296,1290,9,0
2026-03-19 08:15:00+00:00,0.70298,0.70388,0.70298,0.70338,1033,9,0
2026-03-19 08:30:00+00:00,0.70339,0.70409,0.70314,0.70314,1209,9,0
2026-03-19 08:45:00+00:00,0.70314,0.70392,0.7031,0.70365,1048,9,0
2026-03-19 09:00:00+00:00,0.70367,0.70476,0.70367,0.70451,1171,9,0
2026-03-19 09:15:00+00:00,0.70451,0.70567,0.70394,0.70426,2078,9,0
2026-03-19 09:30:00+00:00,0.70425,0.70533,0.70417,0.70461,1836,9,0
2026-03-19 09:45:00+00:00,0.7046,0.70628,0.70455,0.70574,2100,9,0
2026-03-19 10:00:00+00:00,0.70572,0.70572,0.70518,0.70535,1081,9,0
2026-03-19 10:15:00+00:00,0.70536,0.70545,0.70476,0.70496,799,9,0
2026-03-19 10:30:00+00:00,0.70494,0.70533,0.70484,0.7051,778,9,0
2026-03-19 10:45:00+00:00,0.70508,0.70552,0.70495,0.70505,757,9,0
2026-03-19 11:00:00+00:00,0.70505,0.70537,0.7045,0.7045,862,9,0
2026-03-19 11:15:00+00:00,0.70448,0.70449,0.70348,0.70387,809,9,0
2026-03-19 11:30:00+00:00,0.70388,0.70401,0.7034,0.7036,698,9,0
2026-03-19 11:45:00+00:00,0.70361,0.70425,0.70335,0.70424,648,9,0
2026-03-19 12:00:00+00:00,0.70423,0.70423,0.70312,0.70354,1766,9,0
2026-03-19 12:15:00+00:00,0.70353,0.70399,0.70127,0.70161,1379,9,0
2026-03-19 12:30:00+00:00,0.70159,0.70238,0.70107,0.70191,1984,9,0
2026-03-19 12:45:00+00:00,0.70192,0.7023,0.70149,0.70185,1593,9,0
2026-03-19 13:00:00+00:00,0.70183,0.702,0.69995,0.7,1697,9,0
2026-03-19 13:15:00+00:00,0.70001,0.70253,0.69997,0.70145,2346,9,0
2026-03-19 13:30:00+00:00,0.70144,0.70195,0.7007,0.70141,4105,9,0
2026-03-19 13:45:00+00:00,0.7014,0.70421,0.70108,0.70391,2921,9,0
2026-03-19 14:00:00+00:00,0.7039,0.70562,0.70371,0.70423,3304,9,0
2026-03-19 14:15:00+00:00,0.70425,0.70461,0.70307,0.70315,2618,9,0
2026-03-19 14:30:00+00:00,0.70314,0.70505,0.70294,0.70459,2410,9,0
2026-03-19 14:45:00+00:00,0.7046,0.70531,0.70411,0.70452,2179,9,0
2026-03-19 15:00:00+00:00,0.7045,0.70601,0.70422,0.70579,2059,9,0
2026-03-19 15:15:00+00:00,0.70578,0.70585,0.70375,0.70404,1621,9,0
2026-03-19 15:30:00+00:00,0.70403,0.70403,0.70277,0.70297,1714,9,0
2026-03-19 15:45:00+00:00,0.70297,0.70423,0.70265,0.7035,2308,9,0
2026-03-19 16:00:00+00:00,0.7035,0.70515,0.70333,0.70442,2486,9,0
2026-03-19 16:15:00+00:00,0.70442,0.70518,0.70404,0.7049,1993,9,0
2026-03-19 16:30:00+00:00,0.70491,0.70542,0.70426,0.70497,1492,9,0
2026-03-19 16:45:00+00:00,0.70495,0.7051,0.70376,0.70466,1200,9,0
2026-03-19 17:00:00+00:00,0.70468,0.705,0.70373,0.70421,1138,9,0
2026-03-19 17:15:00+00:00,0.70422,0.70599,0.7041,0.70566,1052,9,0
2026-03-19 17:30:00+00:00,0.70567,0.70592,0.7049,0.70526,968,9,0
2026-03-19 17:45:00+00:00,0.70527,0.70599,0.70524,0.70553,900,9,0
2026-03-19 18:00:00+00:00,0.70551,0.70599,0.70502,0.70588,956,9,0
2026-03-19 18:15:00+00:00,0.70586,0.70599,0.70526,0.70554,816,9,0
2026-03-19 18:30:00+00:00,0.70553,0.70576,0.70529,0.70535,629,9,0
2026-03-19 18:45:00+00:00,0.70534,0.70744,0.70526,0.70744,742,9,0
2026-03-19 19:00:00+00:00,0.70745,0.71083,0.70745,0.71011,4392,9,0
2026-03-19 19:15:00+00:00,0.71013,0.71058,0.70822,0.70874,3272,9,0
2026-03-19 19:30:00+00:00,0.70876,0.70929,0.70809,0.70857,1996,9,0
2026-03-19 19:45:00+00:00,0.70856,0.70861,0.70799,0.7084,1356,9,0
2026-03-19 20:00:00+00:00,0.70841,0.70871,0.70821,0.70847,575,9,0
2026-03-19 20:15:00+00:00,0.70848,0.70861,0.70817,0.70855,362,9,0
2026-03-19 20:30:00+00:00,0.70856,0.70873,0.70839,0.7086,276,9,0
2026-03-19 20:45:00+00:00,0.7086,0.7088,0.70839,0.70869,266,9,0
2026-03-19 21:00:00+00:00,0.70867,0.70871,0.70863,0.70871,103,19,0
2026-03-19 21:15:00+00:00,0.7087,0.70872,0.70842,0.70849,273,27,0
2026-03-19 21:30:00+00:00,0.7085,0.70851,0.70821,0.70846,221,37,0
2026-03-19 21:45:00+00:00,0.70846,0.70864,0.70841,0.70864,127,34,0
2026-03-19 22:00:00+00:00,0.70863,0.70916,0.70863,0.7091,224,9,0
2026-03-19 22:15:00+00:00,0.70909,0.70917,0.70878,0.70889,173,9,0
2026-03-19 22:30:00+00:00,0.70889,0.70889,0.70838,0.7084,282,9,0
2026-03-19 22:45:00+00:00,0.70842,0.70849,0.70813,0.70821,298,9,0
2026-03-19 23:00:00+00:00,0.70821,0.70889,0.70821,0.70857,471,9,0
2026-03-19 23:15:00+00:00,0.70857,0.70858,0.70823,0.70839,259,9,0
2026-03-19 23:30:00+00:00,0.70839,0.70845,0.70791,0.70795,298,9,0
2026-03-19 23:45:00+00:00,0.70797,0.70832,0.7078,0.70798,363,9,0
2026-03-20 00:00:00+00:00,0.70798,0.70834,0.70765,0.70814,560,9,0
2026-03-20 00:15:00+00:00,0.70815,0.70833,0.70745,0.70763,534,9,0
2026-03-20 00:30:00+00:00,0.70764,0.70799,0.70731,0.70799,466,9,0
2026-03-20 00:45:00+00:00,0.70801,0.70824,0.70783,0.7082,519,9,0
2026-03-20 01:00:00+00:00,0.7082,0.7092,0.70811,0.70892,993,9,0
2026-03-20 01:15:00+00:00,0.70893,0.70903,0.70826,0.70865,764,9,0
2026-03-20 01:30:00+00:00,0.70865,0.70902,0.70861,0.70878,607,9,0
2026-03-20 01:45:00+00:00,0.70878,0.70896,0.70801,0.70837,573,9,0
2026-03-20 02:00:00+00:00,0.70838,0.70847,0.70808,0.7083,507,9,0
2026-03-20 02:15:00+00:00,0.7083,0.70844,0.70814,0.70839,401,9,0
2026-03-20 02:30:00+00:00,0.70839,0.7087,0.70822,0.70829,491,9,0
2026-03-20 02:45:00+00:00,0.70829,0.70893,0.70822,0.70878,412,9,0
2026-03-20 03:00:00+00:00,0.70878,0.70882,0.70832,0.70842,463,9,0
2026-03-20 03:15:00+00:00,0.70842,0.70875,0.70813,0.70846,372,9,0
2026-03-20 03:30:00+00:00,0.70847,0.70856,0.7081,0.70811,320,9,0
2026-03-20 03:45:00+00:00,0.70811,0.70828,0.70788,0.70819,317,9,0
2026-03-20 04:00:00+00:00,0.7082,0.7083,0.70797,0.7082,285,9,0
2026-03-20 04:15:00+00:00,0.70819,0.70833,0.70785,0.70822,279,9,0
2026-03-20 04:30:00+00:00,0.70822,0.70863,0.70811,0.70838,230,9,0
2026-03-20 04:45:00+00:00,0.70838,0.70894,0.70838,0.70873,283,9,0
2026-03-20 05:00:00+00:00,0.70873,0.70917,0.70852,0.70914,471,9,0
2026-03-20 05:15:00+00:00,0.70915,0.70953,0.70896,0.70916,435,9,0
2026-03-20 05:30:00+00:00,0.70917,0.70919,0.70857,0.70874,466,9,0
2026-03-20 05:45:00+00:00,0.70874,0.70878,0.70833,0.70834,330,9,0
2026-03-20 06:00:00+00:00,0.70834,0.70904,0.70833,0.70882,374,9,0
2026-03-20 06:15:00+00:00,0.70883,0.70912,0.7084,0.70859,437,9,0
2026-03-20 06:30:00+00:00,0.70861,0.70881,0.70807,0.70808,528,9,0
2026-03-20 06:45:00+00:00,0.70808,0.70816,0.70774,0.70792,416,9,0
2026-03-20 07:00:00+00:00,0.70791,0.70875,0.70744,0.70862,749,9,0
2026-03-20 07:15:00+00:00,0.70863,0.70905,0.70855,0.70876,645,9,0
2026-03-20 07:30:00+00:00,0.70876,0.70954,0.70873,0.70947,632,9,0
2026-03-20 07:45:00+00:00,0.70947,0.70968,0.70898,0.70905,598,9,0
2026-03-20 08:00:00+00:00,0.70907,0.70924,0.70871,0.70915,922,9,0
2026-03-20 08:15:00+00:00,0.70915,0.70943,0.70893,0.70893,669,9,0
2026-03-20 08:30:00+00:00,0.70893,0.70936,0.70865,0.70892,798,9,0
2026-03-20 08:45:00+00:00,0.70891,0.709,0.70832,0.70857,699,9,0
2026-03-20 09:00:00+00:00,0.70858,0.70868,0.70775,0.70825,808,9,0
2026-03-20 09:15:00+00:00,0.70824,0.70833,0.70776,0.70782,753,9,0
2026-03-20 09:30:00+00:00,0.70784,0.70809,0.70733,0.70766,826,9,0
2026-03-20 09:45:00+00:00,0.70765,0.70775,0.70629,0.70646,1281,9,0
2026-03-20 10:00:00+00:00,0.70646,0.70655,0.70523,0.70565,1157,9,0
2026-03-20 10:15:00+00:00,0.70567,0.70591,0.70526,0.70569,937,9,0
2026-03-20 10:30:00+00:00,0.70568,0.7066,0.70563,0.70645,835,9,0
2026-03-20 10:45:00+00:00,0.70646,0.70664,0.70616,0.70648,810,9,0
2026-03-20 11:00:00+00:00,0.70647,0.70762,0.70633,0.70734,841,9,0
2026-03-20 11:15:00+00:00,0.70734,0.70778,0.70729,0.70753,783,9,0
2026-03-20 11:30:00+00:00,0.70752,0.70831,0.70731,0.70811,809,9,0
2026-03-20 11:45:00+00:00,0.70811,0.70814,0.70722,0.70793,736,9,0
2026-03-20 12:00:00+00:00,0.70794,0.70863,0.70763,0.70823,1168,9,0
2026-03-20 12:15:00+00:00,0.70824,0.7086,0.70797,0.70855,811,9,0
2026-03-20 12:30:00+00:00,0.70853,0.70867,0.70712,0.70763,1186,9,0
2026-03-20 12:45:00+00:00,0.70763,0.70786,0.70716,0.70742,996,9,0
2026-03-20 13:00:00+00:00,0.70743,0.70753,0.7064,0.7067,955,9,0
2026-03-20 13:15:00+00:00,0.70669,0.70685,0.70603,0.70608,882,9,0
2026-03-20 13:30:00+00:00,0.70607,0.7066,0.70553,0.70659,1804,9,0
2026-03-20 13:45:00+00:00,0.70659,0.70671,0.70417,0.70426,2059,9,0
2026-03-20 14:00:00+00:00,0.70424,0.70477,0.70333,0.70346,1932,9,0
2026-03-20 14:15:00+00:00,0.70347,0.70377,0.70277,0.70292,1741,9,0
2026-03-20 14:30:00+00:00,0.7029,0.70367,0.7029,0.70303,1602,9,0
2026-03-20 14:45:00+00:00,0.70302,0.70353,0.70259,0.70346,1501,9,0
2026-03-20 15:00:00+00:00,0.70344,0.70472,0.70327,0.7046,1575,9,0
2026-03-20 15:15:00+00:00,0.70461,0.70526,0.7036,0.70399,1966,9,0
2026-03-20 15:30:00+00:00,0.70398,0.70481,0.70374,0.70387,1613,9,0
2026-03-20 15:45:00+00:00,0.70386,0.70395,0.70302,0.70319,1206,9,0
2026-03-20 16:00:00+00:00,0.70318,0.70426,0.70308,0.70419,1051,9,0
2026-03-20 16:15:00+00:00,0.70419,0.70482,0.70406,0.70412,1070,9,0
2026-03-20 16:30:00+00:00,0.70413,0.70414,0.70312,0.70379,1169,9,0
2026-03-20 16:45:00+00:00,0.7038,0.70436,0.70329,0.70383,959,9,0
2026-03-20 17:00:00+00:00,0.70384,0.70435,0.70311,0.70392,1867,9,0
2026-03-20 17:15:00+00:00,0.70392,0.7043,0.70367,0.70406,1097,9,0
2026-03-20 17:30:00+00:00,0.70406,0.70427,0.70298,0.70352,1055,9,0
2026-03-20 17:45:00+00:00,0.70353,0.70366,0.70326,0.70339,914,9,0
2026-03-20 18:00:00+00:00,0.70341,0.70359,0.70291,0.70308,917,9,0
2026-03-20 18:15:00+00:00,0.7031,0.70336,0.70185,0.70285,1539,9,0
2026-03-20 18:30:00+00:00,0.70287,0.70313,0.70186,0.70191,1119,9,0
2026-03-20 18:45:00+00:00,0.7019,0.70216,0.70086,0.70098,1071,9,0
2026-03-20 19:00:00+00:00,0.70099,0.70149,0.70062,0.70115,874,9,0
2026-03-20 19:15:00+00:00,0.70115,0.7014,0.70079,0.70115,857,9,0
2026-03-20 19:30:00+00:00,0.70117,0.70183,0.70049,0.70176,864,9,0
2026-03-20 19:45:00+00:00,0.70174,0.70212,0.70116,0.70166,950,9,0
2026-03-20 20:00:00+00:00,0.70166,0.70203,0.70159,0.70175,419,9,0
2026-03-20 20:15:00+00:00,0.70175,0.7018,0.70145,0.70151,267,9,0
2026-03-20 20:30:00+00:00,0.70151,0.70206,0.70144,0.70206,286,9,0
2026-03-20 20:45:00+00:00,0.70206,0.70247,0.70195,0.70209,471,9,0
2026-03-22 21:00:00+00:00,0.69926,0.69982,0.69926,0.69982,51,43,0
2026-03-22 21:15:00+00:00,0.69982,0.6999,0.69945,0.69957,149,35,0
2026-03-22 21:30:00+00:00,0.69957,0.69985,0.69944,0.69965,156,30,0
2026-03-22 21:45:00+00:00,0.69965,0.69966,0.69948,0.69956,84,43,0
2026-03-22 22:00:00+00:00,0.69962,0.70038,0.69953,0.70005,370,9,0
2026-03-22 22:15:00+00:00,0.70005,0.70119,0.70005,0.70095,474,9,0
2026-03-22 22:30:00+00:00,0.70095,0.7012,0.70027,0.70051,529,9,0
2026-03-22 22:45:00+00:00,0.70051,0.70093,0.7005,0.70066,423,9,0
2026-03-22 23:00:00+00:00,0.70067,0.7012,0.70057,0.70101,597,9,0
2026-03-22 23:15:00+00:00,0.70101,0.70129,0.70078,0.70104,545,9,0
2026-03-22 23:30:00+00:00,0.70103,0.70118,0.7006,0.70118,488,9,0
2026-03-22 23:45:00+00:00,0.7012,0.70132,0.7006,0.70098,740,9,0
2026-03-23 00:00:00+00:00,0.70099,0.70149,0.70025,0.70116,1111,9,0
2026-03-23 00:15:00+00:00,0.70118,0.70134,0.70055,0.70066,968,9,0
2026-03-23 00:30:00+00:00,0.70067,0.70085,0.6988,0.69908,1228,9,0
2026-03-23 00:45:00+00:00,0.69908,0.69973,0.69876,0.69942,1293,9,0
2026-03-23 01:00:00+00:00,0.6994,0.70088,0.69929,0.70051,1436,9,0
2026-03-23 01:15:00+00:00,0.70053,0.70065,0.69972,0.69974,1061,9,0
2026-03-23 01:30:00+00:00,0.69975,0.69995,0.69873,0.69991,1671,9,0
2026-03-23 01:45:00+00:00,0.69989,0.69997,0.69916,0.69941,1201,9,0
2026-03-23 02:00:00+00:00,0.69943,0.70003,0.69914,0.69922,1145,9,0
2026-03-23 02:15:00+00:00,0.69924,0.6998,0.69898,0.69913,910,9,0
2026-03-23 02:30:00+00:00,0.69912,0.69921,0.69818,0.69846,765,9,0
2026-03-23 02:45:00+00:00,0.69846,0.69846,0.69757,0.69811,651,9,0
2026-03-23 03:00:00+00:00,0.69812,0.69863,0.69768,0.69789,763,9,0
2026-03-23 03:15:00+00:00,0.69791,0.6984,0.69782,0.69796,670,9,0
2026-03-23 03:30:00+00:00,0.69795,0.69816,0.69772,0.69812,678,9,0
2026-03-23 03:45:00+00:00,0.69813,0.69834,0.69794,0.69809,542,9,0
2026-03-23 04:00:00+00:00,0.6981,0.6985,0.69797,0.69811,535,9,0
2026-03-23 04:15:00+00:00,0.6981,0.69839,0.69803,0.69803,400,9,0
2026-03-23 04:30:00+00:00,0.69802,0.69831,0.69778,0.69797,450,9,0
2026-03-23 04:45:00+00:00,0.69796,0.69819,0.69766,0.69791,430,9,0
2026-03-23 05:00:00+00:00,0.69791,0.69816,0.69747,0.69762,556,9,0
2026-03-23 05:15:00+00:00,0.69763,0.69764,0.69666,0.6967,517,9,0
2026-03-23 05:30:00+00:00,0.69669,0.69694,0.69612,0.69655,828,9,0
2026-03-23 05:45:00+00:00,0.69653,0.69664,0.69595,0.69619,706,9,0
2026-03-23 06:00:00+00:00,0.69617,0.69622,0.69543,0.69592,865,9,0
2026-03-23 06:15:00+00:00,0.69592,0.69626,0.69559,0.69574,995,9,0
2026-03-23 06:30:00+00:00,0.69575,0.69596,0.69526,0.69526,917,9,0
2026-03-23 06:45:00+00:00,0.69526,0.69587,0.69519,0.69558,796,9,0
2026-03-23 07:00:00+00:00,0.69556,0.69562,0.69508,0.6951,855,9,0
2026-03-23 07:15:00+00:00,0.69509,0.69541,0.69496,0.69521,851,9,0
2026-03-23 07:30:00+00:00,0.69519,0.69603,0.69503,0.69601,971,9,0
2026-03-23 07:45:00+00:00,0.696,0.69648,0.69521,0.69532,981,9,0
2026-03-23 08:00:00+00:00,0.69531,0.69665,0.69531,0.69659,1211,9,0
2026-03-23 08:15:00+00:00,0.69658,0.69698,0.69627,0.69655,1385,9,0
2026-03-23 08:30:00+00:00,0.69654,0.69744,0.69645,0.69707,1222,9,0
2026-03-23 08:45:00+00:00,0.69705,0.69759,0.69664,0.69664,1022,9,0
2026-03-23 09:00:00+00:00,0.69665,0.69685,0.69563,0.69583,1312,9,0
2026-03-23 09:15:00+00:00,0.69581,0.69622,0.69527,0.69534,1024,9,0
2026-03-23 09:30:00+00:00,0.69535,0.69557,0.69415,0.69426,1023,9,0
2026-03-23 09:45:00+00:00,0.69425,0.69453,0.69387,0.69423,964,9,0
2026-03-23 10:00:00+00:00,0.69423,0.69442,0.69348,0.69348,1021,9,0
2026-03-23 10:15:00+00:00,0.6935,0.6935,0.69217,0.69234,1021,9,0
2026-03-23 10:30:00+00:00,0.69232,0.69247,0.69103,0.69146,1093,9,0
2026-03-23 10:45:00+00:00,0.69145,0.6929,0.69113,0.69224,1997,9,0
2026-03-23 11:00:00+00:00,0.69225,0.70429,0.69225,0.70203,13264,9,0
2026-03-23 11:15:00+00:00,0.70202,0.70228,0.69552,0.70069,12492,9,0
2026-03-23 11:30:00+00:00,0.70071,0.70341,0.7002,0.70078,7440,9,0
2026-03-23 11:45:00+00:00,0.7008,0.70129,0.69749,0.6985,7255,9,0
2026-03-23 12:00:00+00:00,0.69848,0.69978,0.69729,0.69805,5988,9,0
2026-03-23 12:15:00+00:00,0.69806,0.70075,0.69805,0.70025,3862,9,0
2026-03-23 12:30:00+00:00,0.70026,0.70226,0.69855,0.70211,5240,9,0
2026-03-23 12:45:00+00:00,0.7021,0.70332,0.70154,0.70296,4917,9,0
2026-03-23 13:00:00+00:00,0.70298,0.70328,0.70121,0.70142,4439,9,0
2026-03-23 13:15:00+00:00,0.70144,0.70198,0.69979,0.70049,2692,9,0
2026-03-23 13:30:00+00:00,0.70051,0.70321,0.70018,0.70138,5788,9,0
2026-03-23 13:45:00+00:00,0.70137,0.7031,0.7012,0.70291,4642,9,0
2026-03-23 14:00:00+00:00,0.70292,0.70399,0.70237,0.70335,3944,9,0
2026-03-23 14:15:00+00:00,0.70336,0.70606,0.7032,0.70568,2548,9,0
2026-03-23 14:30:00+00:00,0.70567,0.70621,0.70477,0.7049,3150,9,0
2026-03-23 14:45:00+00:00,0.70488,0.70568,0.70457,0.70462,3066,9,0
2026-03-23 15:00:00+00:00,0.70461,0.70585,0.7041,0.70444,2540,9,0
2026-03-23 15:15:00+00:00,0.70442,0.7046,0.70198,0.7021,2679,9,0
2026-03-23 15:30:00+00:00,0.70208,0.70237,0.70046,0.70071,2647,9,0
2026-03-23 15:45:00+00:00,0.70069,0.70105,0.6991,0.69928,3385,9,0
2026-03-23 16:00:00+00:00,0.69926,0.70011,0.69877,0.69927,2834,9,0
2026-03-23 16:15:00+00:00,0.69925,0.69926,0.69824,0.69835,2195,9,0
2026-03-23 16:30:00+00:00,0.69833,0.70016,0.69825,0.70008,2359,9,0
2026-03-23 16:45:00+00:00,0.70008,0.70094,0.69978,0.70032,2164,9,0
2026-03-23 17:00:00+00:00,0.70034,0.70122,0.69999,0.70057,1831,9,0
2026-03-23 17:15:00+00:00,0.70058,0.70111,0.70026,0.701,1603,9,0
2026-03-23 17:30:00+00:00,0.70099,0.70265,0.7009,0.70142,1672,9,0
2026-03-23 17:45:00+00:00,0.70141,0.70156,0.70065,0.70132,1179,9,0
2026-03-23 18:00:00+00:00,0.70133,0.70156,0.70025,0.70114,1929,9,0
2026-03-23 18:15:00+00:00,0.70113,0.70121,0.70055,0.7008,1320,9,0
2026-03-23 18:30:00+00:00,0.7008,0.70288,0.7008,0.70235,1742,9,0
2026-03-23 18:45:00+00:00,0.70236,0.70284,0.70219,0.70261,1018,9,0
2026-03-23 19:00:00+00:00,0.70259,0.70269,0.70175,0.70183,852,9,0
2026-03-23 19:15:00+00:00,0.70182,0.70197,0.70135,0.70149,798,9,0
2026-03-23 19:30:00+00:00,0.70149,0.70168,0.70122,0.70143,668,9,0
2026-03-23 19:45:00+00:00,0.70145,0.70168,0.70084,0.7011,738,9,0
2026-03-23 20:00:00+00:00,0.70109,0.70131,0.70071,0.70103,472,9,0
2026-03-23 20:15:00+00:00,0.70104,0.70118,0.70082,0.70089,230,9,0
2026-03-23 20:30:00+00:00,0.70089,0.70116,0.70072,0.70116,206,9,0
2026-03-23 20:45:00+00:00,0.70116,0.70125,0.70071,0.70089,257,9,0
2026-03-23 21:00:00+00:00,0.7009,0.70092,0.70084,0.70088,85,17,0
2026-03-23 21:15:00+00:00,0.70089,0.70094,0.70076,0.70094,167,54,0
2026-03-23 21:30:00+00:00,0.70093,0.70099,0.70079,0.70081,168,56,0
2026-03-23 21:45:00+00:00,0.70082,0.70083,0.70036,0.7005,293,66,0
2026-03-23 22:00:00+00:00,0.70053,0.70088,0.70001,0.70085,360,9,0
2026-03-23 22:15:00+00:00,0.70085,0.70142,0.70067,0.70142,254,9,0
2026-03-23 22:30:00+00:00,0.70142,0.70147,0.70106,0.7014,222,9,0
2026-03-23 22:45:00+00:00,0.7014,0.70207,0.70138,0.70176,364,9,0
2026-03-23 23:00:00+00:00,0.70178,0.70179,0.70114,0.70124,423,9,0
2026-03-23 23:15:00+00:00,0.70124,0.70176,0.70117,0.70141,377,9,0
2026-03-23 23:30:00+00:00,0.70141,0.70141,0.70086,0.70128,344,9,0
2026-03-23 23:45:00+00:00,0.70128,0.70138,0.70045,0.7008,756,9,0
2026-03-24 00:00:00+00:00,0.70079,0.70086,0.69894,0.69894,1121,9,0
2026-03-24 00:15:00+00:00,0.69895,0.69978,0.69861,0.69928,1044,9,0
2026-03-24 00:30:00+00:00,0.69929,0.69945,0.69682,0.69849,2382,9,0
2026-03-24 00:45:00+00:00,0.69849,0.69912,0.69845,0.69867,1467,9,0
2026-03-24 01:00:00+00:00,0.69868,0.69935,0.69832,0.69906,1502,9,0
2026-03-24 01:15:00+00:00,0.69905,0.69928,0.69826,0.69869,1322,9,0
2026-03-24 01:30:00+00:00,0.69868,0.69871,0.69665,0.69681,1317,9,0
2026-03-24 01:45:00+00:00,0.69679,0.69752,0.69667,0.69695,1088,9,0
2026-03-24 02:00:00+00:00,0.69694,0.6972,0.69643,0.69652,1321,9,0
2026-03-24 02:15:00+00:00,0.69651,0.69791,0.69644,0.6979,1224,9,0
2026-03-24 02:30:00+00:00,0.6979,0.69802,0.69731,0.69755,984,9,0
2026-03-24 02:45:00+00:00,0.69756,0.6977,0.6967,0.69678,933,9,0
2026-03-24 03:00:00+00:00,0.69678,0.69731,0.69663,0.69709,767,9,0
2026-03-24 03:15:00+00:00,0.6971,0.69745,0.69705,0.69715,561,9,0
2026-03-24 03:30:00+00:00,0.69716,0.69716,0.69646,0.69687,685,9,0
2026-03-24 03:45:00+00:00,0.69686,0.69712,0.69651,0.69677,539,9,0
2026-03-24 04:00:00+00:00,0.69678,0.69686,0.6964,0.69651,546,9,0
2026-03-24 04:15:00+00:00,0.69652,0.69652,0.69595,0.69624,556,9,0
2026-03-24 04:30:00+00:00,0.69624,0.69647,0.6961,0.69622,466,9,0
2026-03-24 04:45:00+00:00,0.69622,0.69689,0.69622,0.69658,469,9,0
2026-03-24 05:00:00+00:00,0.69659,0.69667,0.69549,0.69596,887,9,0
2026-03-24 05:15:00+00:00,0.69597,0.69682,0.69572,0.69585,1055,9,0
2026-03-24 05:30:00+00:00,0.69587,0.69702,0.69582,0.69671,782,9,0
2026-03-24 05:45:00+00:00,0.69671,0.69701,0.69636,0.69661,715,9,0
2026-03-24 06:00:00+00:00,0.69661,0.69727,0.6964,0.6972,951,9,0
2026-03-24 06:15:00+00:00,0.6972,0.69783,0.69691,0.69759,869,9,0
2026-03-24 06:30:00+00:00,0.69758,0.69781,0.69733,0.69758,856,9,0
2026-03-24 06:45:00+00:00,0.6976,0.69866,0.69739,0.69863,785,9,0
2026-03-24 07:00:00+00:00,0.69861,0.70143,0.69844,0.70064,1633,9,0
2026-03-24 07:15:00+00:00,0.70063,0.70063,0.69882,0.69883,1236,9,0
2026-03-24 07:30:00+00:00,0.69882,0.69922,0.69805,0.69906,1249,9,0
2026-03-24 07:45:00+00:00,0.69905,0.69937,0.69856,0.69891,1258,9,0
2026-03-24 08:00:00+00:00,0.69889,0.69896,0.69798,0.69844,1762,9,0
2026-03-24 08:15:00+00:00,0.69843,0.69872,0.69685,0.69688,1213,9,0
2026-03-24 08:30:00+00:00,0.69687,0.69746,0.69662,0.69684,1331,9,0
2026-03-24 08:45:00+00:00,0.69685,0.69713,0.69592,0.69627,1612,9,0
2026-03-24 09:00:00+00:00,0.69628,0.69653,0.69547,0.69548,1344,9,0
2026-03-24 09:15:00+00:00,0.69548,0.6959,0.69531,0.69569,1029,9,0
2026-03-24 09:30:00+00:00,0.69568,0.69689,0.69554,0.6968,987,9,0
2026-03-24 09:45:00+00:00,0.69679,0.6974,0.69671,0.69725,800,9,0
2026-03-24 10:00:00+00:00,0.69727,0.69733,0.69642,0.69714,947,9,0
2026-03-24 10:15:00+00:00,0.69712,0.69782,0.69701,0.69706,837,9,0
2026-03-24 10:30:00+00:00,0.69705,0.69728,0.69661,0.69725,962,9,0
2026-03-24 10:45:00+00:00,0.69726,0.69762,0.69662,0.69759,845,9,0
2026-03-24 11:00:00+00:00,0.69758,0.69798,0.69703,0.69766,1165,9,0
2026-03-24 11:15:00+00:00,0.69766,0.69767,0.69685,0.69705,750,9,0
2026-03-24 11:30:00+00:00,0.69703,0.69754,0.69684,0.69738,746,9,0
2026-03-24 11:45:00+00:00,0.6974,0.69753,0.69565,0.6969,1429,9,0
2026-03-24 12:00:00+00:00,0.69689,0.69707,0.69594,0.69623,1101,9,0
2026-03-24 12:15:00+00:00,0.69622,0.69659,0.69579,0.6964,942,9,0
2026-03-24 12:30:00+00:00,0.69639,0.69645,0.69511,0.69515,1000,9,0
2026-03-24 12:45:00+00:00,0.69517,0.69632,0.69516,0.69559,1292,9,0
2026-03-24 13:00:00+00:00,0.6956,0.69631,0.69448,0.69526,1956,9,0
2026-03-24 13:15:00+00:00,0.69528,0.69585,0.695,0.6951,1426,9,0
2026-03-24 13:30:00+00:00,0.69509,0.69581,0.69488,0.69514,2436,9,0
2026-03-24 13:45:00+00:00,0.69513,0.69626,0.69496,0.69626,1960,9,0
2026-03-24 14:00:00+00:00,0.69624,0.69709,0.69608,0.6969,1993,9,0
2026-03-24 14:15:00+00:00,0.69691,0.69739,0.69655,0.69706,1776,9,0
2026-03-24 14:30:00+00:00,0.69706,0.69739,0.69631,0.69673,1513,9,0
2026-03-24 14:45:00+00:00,0.69673,0.69884,0.69581,0.69655,4260,9,0
2026-03-24 15:00:00+00:00,0.69656,0.69736,0.69601,0.69644,3069,9,0
2026-03-24 15:15:00+00:00,0.69645,0.6973,0.69592,0.69687,1509,9,0
2026-03-24 15:30:00+00:00,0.69687,0.69739,0.69653,0.69701,1354,9,0
2026-03-24 15:45:00+00:00,0.697,0.69712,0.69601,0.69638,1294,9,0
2026-03-24 16:00:00+00:00,0.69639,0.69667,0.69591,0.69659,1305,9,0
2026-03-24 16:15:00+00:00,0.6966,0.69728,0.69656,0.69718,979,9,0
2026-03-24 16:30:00+00:00,0.69717,0.6974,0.696,0.6967,983,9,0
2026-03-24 16:45:00+00:00,0.69671,0.69701,0.69639,0.69649,956,9,0
2026-03-24 17:00:00+00:00,0.69648,0.69658,0.69381,0.69429,2512,9,0
2026-03-24 17:15:00+00:00,0.69428,0.69458,0.69393,0.69449,1639,9,0
2026-03-24 17:30:00+00:00,0.69448,0.69503,0.69394,0.69404,1259,9,0
2026-03-24 17:45:00+00:00,0.69403,0.69569,0.69391,0.69521,2572,9,0
2026-03-24 18:00:00+00:00,0.6952,0.69569,0.69471,0.69503,1450,9,0
2026-03-24 18:15:00+00:00,0.69504,0.69635,0.69487,0.69626,1449,9,0
2026-03-24 18:30:00+00:00,0.69627,0.69745,0.69611,0.69671,1426,9,0
2026-03-24 18:45:00+00:00,0.69672,0.69695,0.69632,0.69658,934,9,0
2026-03-24 19:00:00+00:00,0.69658,0.6977,0.69658,0.69763,769,9,0
2026-03-24 19:15:00+00:00,0.69762,0.69767,0.69725,0.69726,631,9,0
2026-03-24 19:30:00+00:00,0.69726,0.69731,0.69688,0.69704,649,9,0
2026-03-24 19:45:00+00:00,0.69703,0.69706,0.69671,0.69681,578,9,0
2026-03-24 20:00:00+00:00,0.6968,0.69698,0.69664,0.69667,244,9,0
2026-03-24 20:15:00+00:00,0.69667,0.70131,0.69665,0.69928,3338,9,0
2026-03-24 20:30:00+00:00,0.69926,0.70093,0.69887,0.69942,2521,9,0
2026-03-24 20:45:00+00:00,0.69942,0.69985,0.69859,0.6996,1269,9,0
2026-03-24 21:00:00+00:00,0.69958,0.69958,0.69857,0.69859,187,26,0
2026-03-24 21:15:00+00:00,0.6986,0.69914,0.69841,0.69906,268,77,0
2026-03-24 21:30:00+00:00,0.69906,0.69906,0.69842,0.69893,203,75,0
2026-03-24 21:45:00+00:00,0.69893,0.69913,0.6989,0.69913,71,62,0
2026-03-24 22:00:00+00:00,0.69927,0.69971,0.69914,0.69944,297,9,0
2026-03-24 22:15:00+00:00,0.69941,0.6998,0.69915,0.69956,397,9,0
2026-03-24 22:30:00+00:00,0.69956,0.69966,0.69921,0.69928,316,9,0
2026-03-24 22:45:00+00:00,0.6993,0.69986,0.69927,0.69986,274,9,0
2026-03-24 23:00:00+00:00,0.69984,0.69985,0.699,0.69941,522,9,0
2026-03-24 23:15:00+00:00,0.69941,0.70007,0.69938,0.70006,463,9,0
2026-03-24 23:30:00+00:00,0.70006,0.70008,0.69966,0.69968,365,9,0
2026-03-24 23:45:00+00:00,0.69968,0.69976,0.69938,0.69943,328,9,0
2026-03-25 00:00:00+00:00,0.69944,0.70032,0.69917,0.70015,976,9,0
2026-03-25 00:15:00+00:00,0.70014,0.70021,0.69931,0.69969,738,9,0
2026-03-25 00:30:00+00:00,0.69968,0.70035,0.69822,0.70019,996,9,0
2026-03-25 00:45:00+00:00,0.7002,0.7003,0.69946,0.69947,733,9,0
2026-03-25 01:00:00+00:00,0.69945,0.69987,0.69901,0.69905,1085,9,0
2026-03-25 01:15:00+00:00,0.69906,0.69927,0.69876,0.69903,870,9,0
2026-03-25 01:30:00+00:00,0.69901,0.69937,0.69849,0.69875,912,9,0
2026-03-25 01:45:00+00:00,0.69873,0.69894,0.6981,0.69814,676,9,0
2026-03-25 02:00:00+00:00,0.69814,0.69829,0.69728,0.69766,753,9,0
2026-03-25 02:15:00+00:00,0.69767,0.69822,0.69753,0.6978,531,9,0
2026-03-25 02:30:00+00:00,0.6978,0.69806,0.69758,0.6979,466,9,0
2026-03-25 02:45:00+00:00,0.6979,0.69815,0.69712,0.69722,534,9,0
2026-03-25 03:00:00+00:00,0.69723,0.69773,0.69716,0.69724,538,9,0
2026-03-25 03:15:00+00:00,0.69724,0.69753,0.69699,0.69701,435,9,0
2026-03-25 03:30:00+00:00,0.69701,0.69768,0.69694,0.69745,456,9,0
2026-03-25 03:45:00+00:00,0.69745,0.69774,0.69739,0.69768,310,9,0
2026-03-25 04:00:00+00:00,0.69767,0.69785,0.69749,0.69779,381,9,0
2026-03-25 04:15:00+00:00,0.69779,0.69801,0.69771,0.69773,344,9,0
2026-03-25 04:30:00+00:00,0.69773,0.69774,0.69744,0.69747,302,9,0
2026-03-25 04:45:00+00:00,0.69747,0.69766,0.69729,0.69738,292,9,0
2026-03-25 05:00:00+00:00,0.69738,0.6977,0.69703,0.69764,473,9,0
2026-03-25 05:15:00+00:00,0.69764,0.69764,0.69714,0.69726,497,9,0
2026-03-25 05:30:00+00:00,0.69727,0.69763,0.69715,0.69755,518,9,0
2026-03-25 05:45:00+00:00,0.69755,0.69757,0.69693,0.69711,479,9,0
2026-03-25 06:00:00+00:00,0.69711,0.69719,0.69668,0.69684,515,9,0
2026-03-25 06:15:00+00:00,0.69685,0.69742,0.69683,0.69714,405,9,0
2026-03-25 06:30:00+00:00,0.69715,0.69729,0.69701,0.69713,396,9,0
2026-03-25 06:45:00+00:00,0.69712,0.69752,0.69683,0.69716,449,9,0
2026-03-25 07:00:00+00:00,0.69715,0.69769,0.69698,0.69765,605,9,0
2026-03-25 07:15:00+00:00,0.69765,0.69772,0.69693,0.69709,566,9,0
2026-03-25 07:30:00+00:00,0.69709,0.69709,0.69609,0.69675,771,9,0
2026-03-25 07:45:00+00:00,0.69677,0.69689,0.69645,0.69668,710,9,0
2026-03-25 08:00:00+00:00,0.69667,0.6977,0.6963,0.69728,1332,9,0
2026-03-25 08:15:00+00:00,0.69728,0.69837,0.69721,0.69827,1002,9,0
2026-03-25 08:30:00+00:00,0.69829,0.69891,0.69784,0.69817,1490,9,0
2026-03-25 08:45:00+00:00,0.69817,0.69877,0.69793,0.69802,883,9,0
2026-03-25 09:00:00+00:00,0.69802,0.6985,0.69797,0.69817,763,9,0
2026-03-25 09:15:00+00:00,0.69815,0.69825,0.697,0.69712,704,9,0
2026-03-25 09:30:00+00:00,0.69712,0.69736,0.69651,0.69661,706,9,0
2026-03-25 09:45:00+00:00,0.6966,0.69704,0.69607,0.69682,911,9,0
2026-03-25 10:00:00+00:00,0.69684,0.69734,0.69635,0.69648,829,9,0
2026-03-25 10:15:00+00:00,0.69648,0.6966,0.69598,0.696,607,9,0
2026-03-25 10:30:00+00:00,0.696,0.69651,0.69592,0.69613,568,9,0
2026-03-25 10:45:00+00:00,0.69611,0.69677,0.69608,0.69666,545,9,0
2026-03-25 11:00:00+00:00,0.69664,0.69721,0.69655,0.69688,561,9,0
2026-03-25 11:15:00+00:00,0.69688,0.6973,0.69673,0.69703,491,9,0
2026-03-25 11:30:00+00:00,0.69705,0.69718,0.69674,0.69714,472,9,0
2026-03-25 11:45:00+00:00,0.69712,0.69712,0.69581,0.69663,1390,9,0
2026-03-25 12:00:00+00:00,0.69664,0.69724,0.69651,0.69694,919,9,0
2026-03-25 12:15:00+00:00,0.69695,0.69697,0.69515,0.69561,2031,9,0
2026-03-25 12:30:00+00:00,0.6956,0.69607,0.69506,0.6955,1139,9,0
2026-03-25 12:45:00+00:00,0.69552,0.69628,0.69524,0.69588,853,9,0
2026-03-25 13:00:00+00:00,0.6959,0.69682,0.6957,0.69627,1327,9,0
2026-03-25 13:15:00+00:00,0.69627,0.69669,0.69595,0.69616,758,9,0
2026-03-25 13:30:00+00:00,0.69617,0.69664,0.69577,0.69599,1544,9,0
2026-03-25 13:45:00+00:00,0.696,0.69612,0.69464,0.69472,1353,9,0
2026-03-25 14:00:00+00:00,0.69473,0.69577,0.69425,0.69577,1647,9,0
2026-03-25 14:15:00+00:00,0.69579,0.69641,0.69519,0.69619,1733,9,0
2026-03-25 14:30:00+00:00,0.6962,0.69659,0.69604,0.69615,1218,9,0
2026-03-25 14:45:00+00:00,0.69617,0.69691,0.69616,0.69657,970,9,0
2026-03-25 15:00:00+00:00,0.69659,0.69707,0.69574,0.69577,1178,9,0
2026-03-25 15:15:00+00:00,0.69577,0.69612,0.69469,0.69612,1830,9,0
2026-03-25 15:30:00+00:00,0.69614,0.69644,0.69529,0.69567,1136,9,0
2026-03-25 15:45:00+00:00,0.69568,0.69608,0.69555,0.69606,1105,9,0
2026-03-25 16:00:00+00:00,0.69605,0.69628,0.69534,0.69564,1083,9,0
2026-03-25 16:15:00+00:00,0.69564,0.69662,0.69532,0.69627,1400,9,0
2026-03-25 16:30:00+00:00,0.69629,0.69656,0.69601,0.69639,1061,9,0
2026-03-25 16:45:00+00:00,0.69639,0.69644,0.69586,0.69593,698,9,0
2026-03-25 17:00:00+00:00,0.69592,0.69614,0.69559,0.69602,880,9,0
2026-03-25 17:15:00+00:00,0.69602,0.69651,0.6958,0.69643,681,9,0
2026-03-25 17:30:00+00:00,0.69643,0.69703,0.69627,0.69681,722,9,0
2026-03-25 17:45:00+00:00,0.69683,0.69687,0.69604,0.69618,964,9,0
2026-03-25 18:00:00+00:00,0.69617,0.6965,0.6959,0.69623,797,9,0
2026-03-25 18:15:00+00:00,0.69622,0.69652,0.69617,0.6962,610,9,0
2026-03-25 18:30:00+00:00,0.6962,0.69632,0.69542,0.69549,513,9,0
2026-03-25 18:45:00+00:00,0.69548,0.69558,0.69457,0.69513,884,9,0
2026-03-25 19:00:00+00:00,0.69512,0.69512,0.69457,0.69474,801,9,0
2026-03-25 19:15:00+00:00,0.69473,0.69516,0.6947,0.69483,594,9,0
2026-03-25 19:30:00+00:00,0.69482,0.69491,0.69453,0.69473,475,9,0
2026-03-25 19:45:00+00:00,0.69472,0.69484,0.69457,0.69484,440,9,0
2026-03-25 20:00:00+00:00,0.69485,0.69492,0.69474,0.69484,182,9,0
2026-03-25 20:15:00+00:00,0.69483,0.69485,0.69458,0.69458,134,9,0
2026-03-25 20:30:00+00:00,0.69459,0.69474,0.69453,0.69468,156,9,0
2026-03-25 20:45:00+00:00,0.69468,0.69471,0.69458,0.69459,184,9,0
2026-03-25 21:00:00+00:00,0.6946,0.69465,0.69456,0.69458,126,14,0
2026-03-25 21:15:00+00:00,0.69459,0.69462,0.69439,0.6945,138,32,0
2026-03-25 21:30:00+00:00,0.6945,0.69462,0.69448,0.69461,149,43,0
2026-03-25 21:45:00+00:00,0.69461,0.69477,0.69458,0.69477,65,28,0
2026-03-25 22:00:00+00:00,0.69478,0.69478,0.6939,0.69414,234,9,0
2026-03-25 22:15:00+00:00,0.69414,0.69462,0.69411,0.69462,230,9,0
2026-03-25 22:30:00+00:00,0.69462,0.69508,0.69462,0.69506,198,9,0
2026-03-25 22:45:00+00:00,0.69505,0.69512,0.69459,0.69461,200,9,0
2026-03-25 23:00:00+00:00,0.69462,0.6947,0.69411,0.69421,347,9,0
2026-03-25 23:15:00+00:00,0.69421,0.69431,0.69399,0.69423,266,9,0
2026-03-25 23:30:00+00:00,0.69423,0.69434,0.69404,0.69406,211,9,0
2026-03-25 23:45:00+00:00,0.69405,0.6943,0.69389,0.69423,307,9,0
2026-03-26 00:00:00+00:00,0.69422,0.69445,0.694,0.69427,540,9,0
2026-03-26 00:15:00+00:00,0.69427,0.6948,0.69415,0.69415,465,9,0
2026-03-26 00:30:00+00:00,0.69414,0.69431,0.69376,0.69376,412,9,0
2026-03-26 00:45:00+00:00,0.69375,0.69392,0.69362,0.69379,483,9,0
2026-03-26 01:00:00+00:00,0.69381,0.69432,0.69378,0.69402,686,9,0
2026-03-26 01:15:00+00:00,0.69402,0.69417,0.69377,0.69411,512,9,0
2026-03-26 01:30:00+00:00,0.6941,0.69449,0.69397,0.69406,595,9,0
2026-03-26 01:45:00+00:00,0.69405,0.69427,0.6939,0.69424,434,9,0
2026-03-26 02:00:00+00:00,0.69424,0.69439,0.69405,0.69409,378,9,0
2026-03-26 02:15:00+00:00,0.6941,0.69444,0.69395,0.69421,410,9,0
2026-03-26 02:30:00+00:00,0.6942,0.69427,0.69318,0.69357,665,9,0
2026-03-26 02:45:00+00:00,0.69357,0.69391,0.6934,0.69358,388,9,0
2026-03-26 03:00:00+00:00,0.69356,0.69427,0.69356,0.69421,439,9,0
2026-03-26 03:15:00+00:00,0.69421,0.6947,0.69406,0.69461,347,9,0
2026-03-26 03:30:00+00:00,0.69461,0.69521,0.6946,0.6951,412,9,0
2026-03-26 03:45:00+00:00,0.69509,0.69509,0.69475,0.69501,299,9,0
2026-03-26 04:00:00+00:00,0.69501,0.69521,0.69481,0.69517,288,9,0
2026-03-26 04:15:00+00:00,0.69517,0.6954,0.69505,0.69512,234,9,0
2026-03-26 04:30:00+00:00,0.69512,0.69515,0.69491,0.695,201,9,0
2026-03-26 04:45:00+00:00,0.69499,0.69565,0.69499,0.69536,393,9,0
2026-03-26 05:00:00+00:00,0.69538,0.69542,0.69515,0.69531,378,9,0
2026-03-26 05:15:00+00:00,0.69531,0.69534,0.69477,0.69498,381,9,0
2026-03-26 05:30:00+00:00,0.69499,0.69555,0.69481,0.6952,486,9,0
2026-03-26 05:45:00+00:00,0.69518,0.6952,0.69469,0.69472,511,9,0
2026-03-26 06:00:00+00:00,0.6947,0.69489,0.6942,0.69427,608,9,0
2026-03-26 06:15:00+00:00,0.69427,0.69504,0.69425,0.69494,567,9,0
2026-03-26 06:30:00+00:00,0.69493,0.69509,0.69443,0.69464,514,9,0
2026-03-26 06:45:00+00:00,0.69465,0.69528,0.69465,0.6952,456,9,0
2026-03-26 07:00:00+00:00,0.69521,0.69521,0.6943,0.69452,650,9,0
2026-03-26 07:15:00+00:00,0.69454,0.6949,0.69391,0.69456,603,9,0
2026-03-26 07:30:00+00:00,0.69457,0.69458,0.69387,0.6941,551,9,0
2026-03-26 07:45:00+00:00,0.69411,0.69432,0.69384,0.69387,503,9,0
2026-03-26 08:00:00+00:00,0.69389,0.69408,0.69358,0.69368,782,9,0
2026-03-26 08:15:00+00:00,0.69369,0.694,0.69327,0.69328,669,9,0
2026-03-26 08:30:00+00:00,0.69328,0.69395,0.69318,0.69359,686,9,0
2026-03-26 08:45:00+00:00,0.69359,0.69429,0.69355,0.69421,645,9,0
2026-03-26 09:00:00+00:00,0.69422,0.69438,0.69383,0.69387,712,9,0
2026-03-26 09:15:00+00:00,0.69386,0.69399,0.69358,0.69383,638,9,0
2026-03-26 09:30:00+00:00,0.69383,0.69383,0.69294,0.69312,902,9,0
2026-03-26 09:45:00+00:00,0.69313,0.69362,0.69297,0.69362,538,9,0
2026-03-26 10:00:00+00:00,0.69362,0.69408,0.69332,0.69381,611,9,0
2026-03-26 10:15:00+00:00,0.69381,0.694,0.69362,0.69365,489,9,0
2026-03-26 10:30:00+00:00,0.69365,0.6939,0.69323,0.69336,640,9,0
2026-03-26 10:45:00+00:00,0.69336,0.69358,0.69316,0.69332,531,9,0
2026-03-26 11:00:00+00:00,0.69333,0.69347,0.69296,0.69298,508,9,0
2026-03-26 11:15:00+00:00,0.69299,0.69307,0.69248,0.69253,415,9,0
2026-03-26 11:30:00+00:00,0.69252,0.69263,0.69188,0.6919,382,9,0
2026-03-26 11:45:00+00:00,0.69191,0.69198,0.69091,0.69096,561,9,0
2026-03-26 12:00:00+00:00,0.69098,0.69191,0.69077,0.69166,745,9,0
2026-03-26 12:15:00+00:00,0.69166,0.69176,0.69111,0.69121,508,9,0
2026-03-26 12:30:00+00:00,0.6912,0.69124,0.6901,0.69012,705,9,0
2026-03-26 12:45:00+00:00,0.69013,0.69055,0.69013,0.6904,623,9,0
2026-03-26 13:00:00+00:00,0.6904,0.6917,0.69039,0.69152,783,9,0
2026-03-26 13:15:00+00:00,0.69153,0.69206,0.69145,0.69182,711,9,0
2026-03-26 13:30:00+00:00,0.6918,0.69242,0.69135,0.69242,1541,9,0
2026-03-26 13:45:00+00:00,0.69243,0.69284,0.69121,0.6924,1771,9,0
2026-03-26 14:00:00+00:00,0.6924,0.69269,0.69171,0.69235,1634,9,0
2026-03-26 14:15:00+00:00,0.69235,0.69277,0.69211,0.69236,1097,9,0
2026-03-26 14:30:00+00:00,0.69235,0.69285,0.69119,0.69136,1875,9,0
2026-03-26 14:45:00+00:00,0.69135,0.69169,0.69068,0.69153,1581,9,0
2026-03-26 15:00:00+00:00,0.69155,0.69218,0.69151,0.69168,1493,9,0
2026-03-26 15:15:00+00:00,0.69169,0.69179,0.69126,0.69132,951,9,0
2026-03-26 15:30:00+00:00,0.69131,0.69144,0.69043,0.69065,1020,9,0
2026-03-26 15:45:00+00:00,0.69066,0.69139,0.69056,0.69108,1266,9,0
2026-03-26 16:00:00+00:00,0.69108,0.69128,0.69069,0.69106,776,9,0
2026-03-26 16:15:00+00:00,0.69105,0.69105,0.68994,0.69005,702,9,0
2026-03-26 16:30:00+00:00,0.69005,0.69013,0.68959,0.69004,785,9,0
2026-03-26 16:45:00+00:00,0.69004,0.6903,0.68984,0.68988,620,9,0
2026-03-26 17:00:00+00:00,0.68988,0.69025,0.68976,0.68984,665,9,0
2026-03-26 17:15:00+00:00,0.68983,0.68995,0.68951,0.68971,546,9,0
2026-03-26 17:30:00+00:00,0.68971,0.69001,0.68908,0.68917,598,9,0
2026-03-26 17:45:00+00:00,0.68915,0.68926,0.68847,0.68848,499,9,0
2026-03-26 18:00:00+00:00,0.68848,0.68918,0.68848,0.68904,560,9,0
2026-03-26 18:15:00+00:00,0.68904,0.68906,0.68855,0.68856,539,9,0
2026-03-26 18:30:00+00:00,0.68856,0.68924,0.68856,0.68923,479,9,0
2026-03-26 18:45:00+00:00,0.68923,0.68942,0.68909,0.68941,388,9,0
2026-03-26 19:00:00+00:00,0.68943,0.68944,0.68826,0.68843,586,9,0
2026-03-26 19:15:00+00:00,0.68842,0.68872,0.68825,0.68833,478,9,0
2026-03-26 19:30:00+00:00,0.68834,0.68862,0.68814,0.68815,453,9,0
2026-03-26 19:45:00+00:00,0.68815,0.6882,0.68761,0.68768,472,9,0
2026-03-26 20:00:00+00:00,0.68766,0.69183,0.68753,0.68978,2773,9,0
2026-03-26 20:15:00+00:00,0.6898,0.69044,0.68887,0.68924,2147,9,0
2026-03-26 20:30:00+00:00,0.68923,0.68964,0.68911,0.68928,533,9,0
2026-03-26 20:45:00+00:00,0.68928,0.68937,0.68858,0.68858,407,9,0
2026-03-26 21:00:00+00:00,0.68859,0.68867,0.68846,0.68848,155,15,0
2026-03-26 21:15:00+00:00,0.68849,0.68865,0.68825,0.68825,253,56,0
2026-03-26 21:30:00+00:00,0.68824,0.68848,0.68803,0.68836,206,65,0
2026-03-26 21:45:00+00:00,0.68836,0.68866,0.68836,0.68866,133,54,0
2026-03-26 22:00:00+00:00,0.68875,0.68918,0.68875,0.68908,262,9,0
2026-03-26 22:15:00+00:00,0.68906,0.68927,0.6886,0.68872,271,9,0
2026-03-26 22:30:00+00:00,0.68872,0.68913,0.68872,0.68898,259,9,0
2026-03-26 22:45:00+00:00,0.68897,0.68931,0.68891,0.68928,221,9,0
2026-03-26 23:00:00+00:00,0.68927,0.68935,0.68899,0.6891,360,9,0
2026-03-26 23:15:00+00:00,0.6891,0.68949,0.68908,0.68932,258,9,0
2026-03-26 23:30:00+00:00,0.68932,0.68953,0.68899,0.68907,212,9,0
2026-03-26 23:45:00+00:00,0.68907,0.68909,0.68855,0.68859,245,9,0
2026-03-27 00:00:00+00:00,0.68857,0.68914,0.68853,0.68864,528,9,0
2026-03-27 00:15:00+00:00,0.68864,0.68883,0.68774,0.68786,908,9,0
2026-03-27 00:30:00+00:00,0.68785,0.68818,0.68767,0.68784,623,9,0
2026-03-27 00:45:00+00:00,0.68782,0.68782,0.68724,0.68745,691,9,0
2026-03-27 01:00:00+00:00,0.68745,0.68772,0.68716,0.68759,698,9,0
2026-03-27 01:15:00+00:00,0.6876,0.68833,0.68758,0.68828,593,9,0
2026-03-27 01:30:00+00:00,0.68829,0.68865,0.68824,0.68848,470,9,0
2026-03-27 01:45:00+00:00,0.68848,0.68884,0.68822,0.6888,480,9,0
2026-03-27 02:00:00+00:00,0.68882,0.68913,0.68872,0.68902,505,9,0
2026-03-27 02:15:00+00:00,0.68902,0.68929,0.68884,0.68925,430,9,0
2026-03-27 02:30:00+00:00,0.68924,0.68939,0.68906,0.68935,424,9,0
2026-03-27 02:45:00+00:00,0.68935,0.68957,0.68923,0.68923,381,9,0
2026-03-27 03:00:00+00:00,0.68923,0.68948,0.68906,0.68948,374,9,0
2026-03-27 03:15:00+00:00,0.68948,0.68978,0.68942,0.68972,368,9,0
2026-03-27 03:30:00+00:00,0.68972,0.69038,0.68972,0.69001,440,9,0
2026-03-27 03:45:00+00:00,0.69002,0.69054,0.68984,0.69048,415,9,0
2026-03-27 04:00:00+00:00,0.69048,0.69064,0.69028,0.69039,331,9,0
2026-03-27 04:15:00+00:00,0.69039,0.69063,0.6903,0.69047,260,9,0
2026-03-27 04:30:00+00:00,0.69047,0.69062,0.69043,0.69058,206,9,0
2026-03-27 04:45:00+00:00,0.69058,0.69114,0.69049,0.69099,280,9,0
2026-03-27 05:00:00+00:00,0.69099,0.69117,0.69064,0.69103,418,9,0
2026-03-27 05:15:00+00:00,0.69102,0.69103,0.69028,0.69039,429,9,0
2026-03-27 05:30:00+00:00,0.69039,0.69045,0.69019,0.69044,401,9,0
2026-03-27 05:45:00+00:00,0.69044,0.69069,0.68969,0.68978,445,9,0
2026-03-27 06:00:00+00:00,0.68977,0.69024,0.68937,0.69024,567,9,0
2026-03-27 06:15:00+00:00,0.69024,0.69044,0.69004,0.69027,416,9,0
2026-03-27 06:30:00+00:00,0.69026,0.69033,0.68999,0.6902,317,9,0
2026-03-27 06:45:00+00:00,0.69019,0.69019,0.68944,0.68994,490,9,0
2026-03-27 07:00:00+00:00,0.68993,0.69007,0.68937,0.6896,579,9,0
2026-03-27 07:15:00+00:00,0.68958,0.68958,0.68876,0.68887,494,9,0
2026-03-27 07:30:00+00:00,0.68887,0.68916,0.68824,0.68855,536,9,0
2026-03-27 07:45:00+00:00,0.68854,0.68914,0.68843,0.68891,612,9,0
2026-03-27 08:00:00+00:00,0.6889,0.68953,0.68829,0.68901,1033,9,0
2026-03-27 08:15:00+00:00,0.68901,0.68921,0.68873,0.68919,800,9,0
2026-03-27 08:30:00+00:00,0.68918,0.68983,0.68918,0.68982,767,9,0
2026-03-27 08:45:00+00:00,0.68981,0.68991,0.68941,0.68958,558,9,0
2026-03-27 09:00:00+00:00,0.68959,0.68977,0.68861,0.68924,738,9,0
2026-03-27 09:15:00+00:00,0.68925,0.68998,0.68893,0.68977,727,9,0
2026-03-27 09:30:00+00:00,0.68975,0.69006,0.68939,0.6894,592,9,0
2026-03-27 09:45:00+00:00,0.6894,0.68955,0.6891,0.68932,511,9,0
2026-03-27 10:00:00+00:00,0.68933,0.69011,0.68922,0.6896,658,9,0
2026-03-27 10:15:00+00:00,0.68961,0.68985,0.68934,0.68985,528,9,0
2026-03-27 10:30:00+00:00,0.68985,0.68991,0.68883,0.68891,540,9,0
2026-03-27 10:45:00+00:00,0.68889,0.68938,0.68882,0.68926,495,9,0
2026-03-27 11:00:00+00:00,0.68928,0.68941,0.68902,0.6892,635,9,0
2026-03-27 11:15:00+00:00,0.6892,0.68948,0.68892,0.68946,569,9,0
2026-03-27 11:30:00+00:00,0.68945,0.68969,0.68931,0.68961,508,9,0
2026-03-27 11:45:00+00:00,0.68961,0.68963,0.68874,0.68875,636,9,0
2026-03-27 12:00:00+00:00,0.68874,0.68879,0.68808,0.68839,660,9,0
2026-03-27 12:15:00+00:00,0.68839,0.68869,0.68807,0.68859,648,9,0
2026-03-27 12:30:00+00:00,0.68857,0.68889,0.68809,0.68865,701,9,0
2026-03-27 12:45:00+00:00,0.68866,0.68894,0.68847,0.68864,673,9,0
2026-03-27 13:00:00+00:00,0.68866,0.68873,0.68812,0.68816,909,9,0
2026-03-27 13:15:00+00:00,0.68817,0.68884,0.68815,0.68846,771,9,0
2026-03-27 13:30:00+00:00,0.68845,0.68869,0.68766,0.68853,1366,9,0
2026-03-27 13:45:00+00:00,0.68853,0.6897,0.68828,0.68855,1233,9,0
2026-03-27 14:00:00+00:00,0.68854,0.68936,0.68844,0.68926,1437,9,0
2026-03-27 14:15:00+00:00,0.68925,0.68968,0.68883,0.68883,1158,9,0
2026-03-27 14:30:00+00:00,0.68881,0.68928,0.68838,0.68862,1055,9,0
2026-03-27 14:45:00+00:00,0.68862,0.68909,0.68833,0.68891,1084,9,0
2026-03-27 15:00:00+00:00,0.68891,0.68955,0.68872,0.68889,1175,9,0
2026-03-27 15:15:00+00:00,0.68889,0.68985,0.6884,0.68933,1800,9,0
2026-03-27 15:30:00+00:00,0.68934,0.69015,0.68921,0.68928,1175,9,0
2026-03-27 15:45:00+00:00,0.68927,0.68936,0.68854,0.6888,928,9,0
2026-03-27 16:00:00+00:00,0.6888,0.68916,0.68832,0.68865,862,9,0
2026-03-27 16:15:00+00:00,0.68867,0.68912,0.68852,0.68873,759,9,0
2026-03-27 16:30:00+00:00,0.68873,0.68884,0.68788,0.68836,828,9,0
2026-03-27 16:45:00+00:00,0.68835,0.68893,0.68821,0.68837,757,9,0
2026-03-27 17:00:00+00:00,0.68835,0.68941,0.68764,0.68778,1372,9,0
2026-03-27 17:15:00+00:00,0.68779,0.68781,0.68643,0.68643,635,9,0
2026-03-27 17:30:00+00:00,0.68642,0.68681,0.68641,0.68651,667,9,0
2026-03-27 17:45:00+00:00,0.68651,0.68703,0.6865,0.68683,595,9,0
2026-03-27 18:00:00+00:00,0.68681,0.687,0.68651,0.68662,607,9,0
2026-03-27 18:15:00+00:00,0.68663,0.68715,0.68659,0.68695,608,9,0
2026-03-27 18:30:00+00:00,0.68695,0.68763,0.68689,0.68734,612,9,0
2026-03-27 18:45:00+00:00,0.68734,0.68736,0.68699,0.68719,512,9,0
2026-03-27 19:00:00+00:00,0.6872,0.68726,0.68688,0.68714,443,9,0
2026-03-27 19:15:00+00:00,0.68713,0.68727,0.68705,0.68708,421,9,0
2026-03-27 19:30:00+00:00,0.68709,0.68723,0.68677,0.68691,442,9,0
2026-03-27 19:45:00+00:00,0.68692,0.68745,0.68672,0.68731,615,9,0
2026-03-27 20:00:00+00:00,0.68729,0.68747,0.68691,0.6872,552,9,0
2026-03-27 20:15:00+00:00,0.6872,0.68734,0.68686,0.68692,329,9,0
2026-03-27 20:30:00+00:00,0.68693,0.6878,0.68649,0.68773,567,9,0
2026-03-27 20:45:00+00:00,0.68773,0.68797,0.68742,0.68752,601,9,0
2026-03-29 21:00:00+00:00,0.68644,0.68657,0.68614,0.68621,68,32,0
2026-03-29 21:15:00+00:00,0.68621,0.68648,0.68481,0.68633,201,29,0
2026-03-29 21:30:00+00:00,0.68633,0.68656,0.68618,0.68621,104,28,0
2026-03-29 21:45:00+00:00,0.68621,0.68651,0.68568,0.68651,145,19,0
2026-03-29 22:00:00+00:00,0.68651,0.68667,0.68498,0.68556,621,9,0
2026-03-29 22:15:00+00:00,0.68558,0.68604,0.68511,0.68511,443,9,0
2026-03-29 22:30:00+00:00,0.68509,0.68538,0.68474,0.68484,467,9,0
2026-03-29 22:45:00+00:00,0.68483,0.68515,0.68459,0.68499,365,9,0
2026-03-29 23:00:00+00:00,0.68498,0.68546,0.68483,0.68487,563,9,0
2026-03-29 23:15:00+00:00,0.68487,0.68541,0.68487,0.68509,400,9,0
2026-03-29 23:30:00+00:00,0.68508,0.68532,0.68487,0.68504,464,9,0
2026-03-29 23:45:00+00:00,0.68506,0.68524,0.6846,0.68502,960,9,0
2026-03-30 00:00:00+00:00,0.68504,0.68509,0.68428,0.68439,944,9,0
2026-03-30 00:15:00+00:00,0.68441,0.6859,0.68423,0.68534,1886,9,0
2026-03-30 00:30:00+00:00,0.68533,0.68591,0.68476,0.68511,1042,9,0
2026-03-30 00:45:00+00:00,0.68512,0.68525,0.68459,0.68525,703,9,0
2026-03-30 01:00:00+00:00,0.68524,0.68582,0.68516,0.68527,892,9,0
2026-03-30 01:15:00+00:00,0.68529,0.68561,0.68496,0.6856,845,9,0
2026-03-30 01:30:00+00:00,0.68561,0.6862,0.68548,0.68557,741,9,0
2026-03-30 01:45:00+00:00,0.68559,0.68565,0.68485,0.68523,605,9,0
2026-03-30 02:00:00+00:00,0.68522,0.6858,0.68502,0.68579,499,9,0
2026-03-30 02:15:00+00:00,0.68578,0.68578,0.68509,0.68529,587,9,0
2026-03-30 02:30:00+00:00,0.6853,0.68617,0.6853,0.68608,543,9,0
2026-03-30 02:45:00+00:00,0.68608,0.68618,0.68552,0.68566,564,9,0
2026-03-30 03:00:00+00:00,0.68566,0.68646,0.68555,0.68631,493,9,0
2026-03-30 03:15:00+00:00,0.68631,0.68673,0.68617,0.68656,405,9,0
2026-03-30 03:30:00+00:00,0.68657,0.68671,0.68641,0.6867,386,9,0
2026-03-30 03:45:00+00:00,0.68669,0.68718,0.6865,0.68688,443,9,0
2026-03-30 04:00:00+00:00,0.68689,0.68706,0.68682,0.68694,336,9,0
2026-03-30 04:15:00+00:00,0.68693,0.68733,0.68691,0.68709,254,9,0
2026-03-30 04:30:00+00:00,0.68709,0.68709,0.6867,0.68693,257,9,0
2026-03-30 04:45:00+00:00,0.68693,0.68694,0.68653,0.68663,264,9,0
2026-03-30 05:00:00+00:00,0.68664,0.68684,0.68639,0.68666,478,9,0
2026-03-30 05:15:00+00:00,0.68666,0.68682,0.6865,0.68663,376,9,0
2026-03-30 05:30:00+00:00,0.68664,0.68679,0.68634,0.68662,395,9,0
2026-03-30 05:45:00+00:00,0.68662,0.68718,0.68652,0.68683,423,9,0
2026-03-30 06:00:00+00:00,0.68683,0.68723,0.68667,0.68686,596,9,0
2026-03-30 06:15:00+00:00,0.68687,0.68716,0.68669,0.6869,468,9,0
2026-03-30 06:30:00+00:00,0.68691,0.68738,0.68691,0.68729,498,9,0
2026-03-30 06:45:00+00:00,0.68729,0.68734,0.68613,0.68615,437,9,0
2026-03-30 07:00:00+00:00,0.68614,0.68621,0.68554,0.68598,718,9,0
2026-03-30 07:15:00+00:00,0.68598,0.68638,0.68552,0.68557,577,9,0
2026-03-30 07:30:00+00:00,0.68557,0.68567,0.68478,0.68484,655,9,0
2026-03-30 07:45:00+00:00,0.68485,0.68535,0.68479,0.68505,481,9,0
2026-03-30 08:00:00+00:00,0.68504,0.68541,0.68479,0.68511,650,9,0
2026-03-30 08:15:00+00:00,0.68511,0.68528,0.68483,0.68524,516,9,0
2026-03-30 08:30:00+00:00,0.68524,0.68574,0.68518,0.68566,486,9,0
2026-03-30 08:45:00+00:00,0.68564,0.68606,0.68534,0.68534,454,9,0
2026-03-30 09:00:00+00:00,0.68536,0.68555,0.685,0.68503,463,9,0
2026-03-30 09:15:00+00:00,0.68501,0.68527,0.68471,0.68499,641,9,0
2026-03-30 09:30:00+00:00,0.685,0.68546,0.68485,0.68535,473,9,0
2026-03-30 09:45:00+00:00,0.68534,0.68577,0.68527,0.68567,414,9,0
2026-03-30 10:00:00+00:00,0.68569,0.68617,0.68552,0.68612,456,9,0
2026-03-30 10:15:00+00:00,0.68611,0.68623,0.68564,0.68573,355,9,0
2026-03-30 10:30:00+00:00,0.68572,0.68593,0.68546,0.68586,374,9,0
2026-03-30 10:45:00+00:00,0.68586,0.68598,0.68553,0.68558,368,9,0
2026-03-30 11:00:00+00:00,0.68559,0.68585,0.68553,0.68575,404,9,0
2026-03-30 11:15:00+00:00,0.68575,0.6869,0.68536,0.68592,1588,9,0
2026-03-30 11:30:00+00:00,0.68594,0.6862,0.68574,0.68594,1169,9,0
2026-03-30 11:45:00+00:00,0.68595,0.68637,0.68581,0.68589,646,9,0
2026-03-30 12:00:00+00:00,0.68589,0.68622,0.68563,0.68567,587,9,0
2026-03-30 12:15:00+00:00,0.68567,0.68627,0.68547,0.68606,615,9,0
2026-03-30 12:30:00+00:00,0.68607,0.68653,0.68602,0.68617,549,9,0
2026-03-30 12:45:00+00:00,0.68618,0.68637,0.68587,0.68618,521,9,0
2026-03-30 13:00:00+00:00,0.68618,0.68651,0.68578,0.68607,709,9,0
2026-03-30 13:15:00+00:00,0.68606,0.68613,0.68561,0.68566,606,9,0
2026-03-30 13:30:00+00:00,0.68564,0.68587,0.68455,0.68466,1171,9,0
2026-03-30 13:45:00+00:00,0.68465,0.68469,0.68417,0.68424,919,9,0
2026-03-30 14:00:00+00:00,0.68425,0.68443,0.6833,0.6841,1175,9,0
2026-03-30 14:15:00+00:00,0.68411,0.68414,0.68329,0.6835,1220,9,0
2026-03-30 14:30:00+00:00,0.6835,0.68432,0.68347,0.68425,1032,9,0
2026-03-30 14:45:00+00:00,0.68424,0.68546,0.68414,0.68546,1659,9,0
2026-03-30 15:00:00+00:00,0.68547,0.68581,0.68451,0.68451,1071,9,0
2026-03-30 15:15:00+00:00,0.68451,0.68517,0.68438,0.68505,918,9,0
2026-03-30 15:30:00+00:00,0.68503,0.68592,0.68481,0.68585,884,9,0
2026-03-30 15:45:00+00:00,0.68585,0.68597,0.68542,0.68564,783,9,0
2026-03-30 16:00:00+00:00,0.68562,0.68572,0.68524,0.68549,739,9,0
2026-03-30 16:15:00+00:00,0.68549,0.68553,0.68509,0.68509,592,9,0
2026-03-30 16:30:00+00:00,0.68508,0.68567,0.68495,0.68561,593,9,0
2026-03-30 16:45:00+00:00,0.6856,0.68571,0.68537,0.68555,535,9,0
2026-03-30 17:00:00+00:00,0.68554,0.68608,0.68542,0.68552,624,9,0
2026-03-30 17:15:00+00:00,0.68553,0.68566,0.68521,0.6854,590,9,0
2026-03-30 17:30:00+00:00,0.68539,0.68582,0.6851,0.6858,583,9,0
2026-03-30 17:45:00+00:00,0.68582,0.68609,0.68529,0.68539,675,9,0
2026-03-30 18:00:00+00:00,0.68537,0.68571,0.68533,0.68566,545,9,0
2026-03-30 18:15:00+00:00,0.68565,0.68579,0.68523,0.68525,510,9,0
2026-03-30 18:30:00+00:00,0.68525,0.68562,0.68522,0.68528,412,9,0
2026-03-30 18:45:00+00:00,0.68529,0.68552,0.68502,0.68518,451,9,0
2026-03-30 19:00:00+00:00,0.68517,0.68524,0.6843,0.68446,529,9,0
2026-03-30 19:15:00+00:00,0.68447,0.68456,0.68415,0.68419,482,9,0
2026-03-30 19:30:00+00:00,0.68419,0.68473,0.68419,0.68465,464,9,0
2026-03-30 19:45:00+00:00,0.68467,0.685,0.68456,0.68494,553,9,0
2026-03-30 20:00:00+00:00,0.68492,0.685,0.68473,0.68478,232,9,0
2026-03-30 20:15:00+00:00,0.68478,0.68487,0.68469,0.68473,160,9,0
2026-03-30 20:30:00+00:00,0.68473,0.68494,0.68472,0.68494,152,9,0
2026-03-30 20:45:00+00:00,0.68494,0.6853,0.6849,0.68517,176,9,0
2026-03-30 21:00:00+00:00,0.68515,0.68519,0.6844,0.6844,166,17,0
2026-03-30 21:15:00+00:00,0.68441,0.68455,0.68437,0.68448,140,88,0
2026-03-30 21:30:00+00:00,0.68447,0.68452,0.68431,0.68448,234,78,0
2026-03-30 21:45:00+00:00,0.68448,0.68479,0.68448,0.68479,160,46,0
2026-03-30 22:00:00+00:00,0.68491,0.68537,0.68491,0.68511,145,9,0
2026-03-30 22:15:00+00:00,0.68511,0.68532,0.68511,0.68528,119,9,0
2026-03-30 22:30:00+00:00,0.68528,0.68529,0.68501,0.68507,123,9,0
2026-03-30 22:45:00+00:00,0.68508,0.68543,0.68504,0.68529,203,9,0
2026-03-30 23:00:00+00:00,0.68528,0.68528,0.68442,0.68451,458,9,0
2026-03-30 23:15:00+00:00,0.68452,0.68481,0.68447,0.68457,243,9,0
2026-03-30 23:30:00+00:00,0.68457,0.6847,0.68429,0.68469,225,9,0
2026-03-30 23:45:00+00:00,0.68469,0.68469,0.68423,0.68449,302,9,0
2026-03-31 00:00:00+00:00,0.6845,0.68481,0.68346,0.68357,761,9,0
2026-03-31 00:15:00+00:00,0.68357,0.68426,0.68339,0.6842,576,9,0
2026-03-31 00:30:00+00:00,0.68419,0.68512,0.68362,0.68501,1585,9,0
2026-03-31 00:45:00+00:00,0.68501,0.68638,0.68498,0.68566,2049,9,0
2026-03-31 01:00:00+00:00,0.68564,0.68592,0.68533,0.68558,1195,9,0
2026-03-31 01:15:00+00:00,0.68559,0.68701,0.68549,0.68694,1008,9,0
2026-03-31 01:30:00+00:00,0.68693,0.68745,0.68654,0.68663,1405,9,0
2026-03-31 01:45:00+00:00,0.68663,0.68701,0.68628,0.68665,938,9,0
2026-03-31 02:00:00+00:00,0.68665,0.68665,0.68604,0.68648,732,9,0
2026-03-31 02:15:00+00:00,0.68648,0.68689,0.68624,0.68633,699,9,0
2026-03-31 02:30:00+00:00,0.68631,0.68653,0.68595,0.6861,620,9,0
2026-03-31 02:45:00+00:00,0.68609,0.68638,0.68577,0.68577,678,9,0
2026-03-31 03:00:00+00:00,0.68576,0.68598,0.68544,0.68572,564,9,0
2026-03-31 03:15:00+00:00,0.68572,0.68579,0.68505,0.6854,468,9,0
2026-03-31 03:30:00+00:00,0.6854,0.68543,0.68471,0.68487,431,9,0
2026-03-31 03:45:00+00:00,0.68487,0.685,0.68453,0.68485,382,9,0
2026-03-31 04:00:00+00:00,0.68486,0.68511,0.6848,0.68491,380,9,0
2026-03-31 04:15:00+00:00,0.68493,0.68534,0.68492,0.68499,331,9,0
2026-03-31 04:30:00+00:00,0.68499,0.68524,0.68462,0.68478,349,9,0
2026-03-31 04:45:00+00:00,0.68478,0.68483,0.68436,0.68437,415,9,0
2026-03-31 05:00:00+00:00,0.68437,0.68452,0.68386,0.68397,491,9,0
2026-03-31 05:15:00+00:00,0.68396,0.6851,0.6839,0.68479,576,9,0
2026-03-31 05:30:00+00:00,0.68479,0.68501,0.68446,0.68479,595,9,0
2026-03-31 05:45:00+00:00,0.68478,0.68558,0.68474,0.68503,567,9,0
2026-03-31 06:00:00+00:00,0.68504,0.68515,0.68438,0.68477,632,9,0
2026-03-31 06:15:00+00:00,0.68475,0.68531,0.68446,0.6853,651,9,0
2026-03-31 06:30:00+00:00,0.68529,0.68529,0.68459,0.6846,630,9,0
2026-03-31 06:45:00+00:00,0.68462,0.68539,0.68443,0.68529,578,9,0
2026-03-31 07:00:00+00:00,0.68531,0.68534,0.68436,0.68483,909,9,0
2026-03-31 07:15:00+00:00,0.68481,0.68511,0.6847,0.68496,646,9,0
2026-03-31 07:30:00+00:00,0.68497,0.68639,0.68497,0.68633,683,9,0
2026-03-31 07:45:00+00:00,0.68633,0.68668,0.68611,0.68659,600,9,0
2026-03-31 08:00:00+00:00,0.68658,0.68685,0.68581,0.68588,834,9,0
2026-03-31 08:15:00+00:00,0.68589,0.6861,0.68565,0.68569,560,9,0
2026-03-31 08:30:00+00:00,0.68568,0.6859,0.68554,0.68579,612,9,0
2026-03-31 08:45:00+00:00,0.68579,0.68636,0.68571,0.68607,587,9,0
2026-03-31 09:00:00+00:00,0.68608,0.68665,0.68598,0.68628,601,9,0
2026-03-31 09:15:00+00:00,0.68628,0.68632,0.68562,0.68566,599,9,0
2026-03-31 09:30:00+00:00,0.68567,0.68586,0.68542,0.68563,571,9,0
2026-03-31 09:45:00+00:00,0.68563,0.68579,0.68541,0.68552,428,9,0
2026-03-31 10:00:00+00:00,0.68552,0.68568,0.68536,0.68541,424,9,0
2026-03-31 10:15:00+00:00,0.6854,0.6856,0.68522,0.68556,383,9,0
2026-03-31 10:30:00+00:00,0.68556,0.68565,0.68498,0.6851,517,9,0
2026-03-31 10:45:00+00:00,0.6851,0.68532,0.68499,0.68506,469,9,0
2026-03-31 11:00:00+00:00,0.68508,0.68697,0.68494,0.68581,1613,9,0
2026-03-31 11:15:00+00:00,0.68583,0.68782,0.6857,0.68723,1421,9,0
2026-03-31 11:30:00+00:00,0.68722,0.68832,0.68701,0.68831,843,9,0
2026-03-31 11:45:00+00:00,0.68832,0.6886,0.68773,0.68825,999,9,0
2026-03-31 12:00:00+00:00,0.68827,0.68899,0.68753,0.68773,1468,9,0
2026-03-31 12:15:00+00:00,0.68773,0.68883,0.68728,0.68857,1767,9,0
2026-03-31 12:30:00+00:00,0.68857,0.6888,0.68826,0.68842,1075,9,0
2026-03-31 12:45:00+00:00,0.68842,0.68856,0.68754,0.68761,757,9,0
2026-03-31 13:00:00+00:00,0.68762,0.68794,0.68708,0.68747,803,9,0
2026-03-31 13:15:00+00:00,0.68748,0.68816,0.68744,0.68772,718,9,0
2026-03-31 13:30:00+00:00,0.6877,0.68803,0.68718,0.68736,1078,9,0
2026-03-31 13:45:00+00:00,0.68737,0.68865,0.68729,0.68834,1026,9,0
2026-03-31 14:00:00+00:00,0.68832,0.6886,0.68727,0.6876,1258,9,0
2026-03-31 14:15:00+00:00,0.68759,0.68803,0.68713,0.68778,1179,9,0
2026-03-31 14:30:00+00:00,0.68779,0.68831,0.68698,0.68713,1213,9,0
2026-03-31 14:45:00+00:00,0.68714,0.68732,0.68349,0.68485,2014,9,0
2026-03-31 15:00:00+00:00,0.68484,0.68666,0.68484,0.68659,1768,9,0
2026-03-31 15:15:00+00:00,0.68661,0.68663,0.68579,0.68603,1241,9,0
2026-03-31 15:30:00+00:00,0.68605,0.68628,0.68557,0.68584,1220,9,0
2026-03-31 15:45:00+00:00,0.68583,0.68617,0.68513,0.68535,990,9,0
2026-03-31 16:00:00+00:00,0.68533,0.68612,0.6852,0.6855,894,9,0
2026-03-31 16:15:00+00:00,0.68552,0.68613,0.6852,0.68587,756,9,0
2026-03-31 16:30:00+00:00,0.68588,0.68981,0.68573,0.68902,3395,9,0
2026-03-31 16:45:00+00:00,0.68901,0.68925,0.68768,0.68849,4166,9,0
2026-03-31 17:00:00+00:00,0.6885,0.68978,0.68849,0.68927,2496,9,0
2026-03-31 17:15:00+00:00,0.68926,0.68962,0.68893,0.6891,1587,9,0
2026-03-31 17:30:00+00:00,0.68912,0.68994,0.68874,0.68903,2071,9,0
2026-03-31 17:45:00+00:00,0.68901,0.68945,0.68817,0.68831,1297,9,0
2026-03-31 18:00:00+00:00,0.68831,0.68922,0.68822,0.68912,1005,9,0
2026-03-31 18:15:00+00:00,0.68911,0.68936,0.68878,0.68905,866,9,0
2026-03-31 18:30:00+00:00,0.68903,0.68955,0.68876,0.68936,816,9,0
2026-03-31 18:45:00+00:00,0.68938,0.68958,0.68887,0.68898,622,9,0
2026-03-31 19:00:00+00:00,0.68898,0.68913,0.68854,0.68904,674,9,0
2026-03-31 19:15:00+00:00,0.68904,0.68939,0.68899,0.68917,515,9,0
2026-03-31 19:30:00+00:00,0.68919,0.68987,0.68916,0.68972,529,9,0
2026-03-31 19:45:00+00:00,0.68971,0.69004,0.68966,0.68992,706,9,0
2026-03-31 20:00:00+00:00,0.68991,0.6901,0.68971,0.68991,450,9,0
2026-03-31 20:15:00+00:00,0.68991,0.69024,0.68991,0.69007,242,9,0
2026-03-31 20:30:00+00:00,0.69005,0.69033,0.68993,0.68999,206,9,0
2026-03-31 20:45:00+00:00,0.68999,0.69014,0.68987,0.68996,215,9,0
2026-03-31 21:00:00+00:00,0.68996,0.68998,0.68961,0.68963,81,15,0
2026-03-31 21:15:00+00:00,0.68962,0.68984,0.68959,0.68981,131,26,0
2026-03-31 21:30:00+00:00,0.6898,0.68988,0.68974,0.68982,116,20,0
2026-03-31 21:45:00+00:00,0.68984,0.68985,0.68958,0.68981,217,24,0
2026-03-31 22:00:00+00:00,0.6898,0.69041,0.6898,0.68998,249,9,0
2026-03-31 22:15:00+00:00,0.68998,0.69004,0.68967,0.68978,196,9,0
2026-03-31 22:30:00+00:00,0.68977,0.69006,0.68973,0.69001,161,9,0
2026-03-31 22:45:00+00:00,0.69002,0.69032,0.68994,0.69023,181,9,0
2026-03-31 23:00:00+00:00,0.69024,0.69052,0.69013,0.69046,257,9,0
2026-03-31 23:15:00+00:00,0.69046,0.69089,0.69043,0.69074,250,9,0
2026-03-31 23:30:00+00:00,0.69073,0.69095,0.69071,0.69094,195,9,0
2026-03-31 23:45:00+00:00,0.69094,0.69209,0.69092,0.69198,343,9,0
2026-04-01 00:00:00+00:00,0.69197,0.69249,0.6915,0.69246,790,9,0
2026-04-01 00:15:00+00:00,0.69245,0.69266,0.69228,0.69258,558,9,0
2026-04-01 00:30:00+00:00,0.69259,0.6928,0.69225,0.69277,461,9,0
2026-04-01 00:45:00+00:00,0.69276,0.69298,0.69243,0.69268,527,9,0
2026-04-01 01:00:00+00:00,0.6927,0.69275,0.69103,0.69259,1029,9,0
2026-04-01 01:15:00+00:00,0.69258,0.69259,0.69198,0.69256,791,9,0
2026-04-01 01:30:00+00:00,0.69255,0.69265,0.69126,0.6916,801,9,0
2026-04-01 01:45:00+00:00,0.6916,0.69166,0.69108,0.69139,596,9,0
2026-04-01 02:00:00+00:00,0.69141,0.69194,0.69126,0.69163,503,9,0
2026-04-01 02:15:00+00:00,0.69163,0.69176,0.69137,0.69156,414,9,0
2026-04-01 02:30:00+00:00,0.69156,0.69158,0.69117,0.69136,461,9,0
2026-04-01 02:45:00+00:00,0.69136,0.69164,0.69108,0.69112,369,9,0
2026-04-01 03:00:00+00:00,0.69111,0.69121,0.69084,0.69105,425,9,0
2026-04-01 03:15:00+00:00,0.69105,0.69113,0.69035,0.69035,401,9,0
2026-04-01 03:30:00+00:00,0.69036,0.69075,0.6902,0.6904,446,9,0
2026-04-01 03:45:00+00:00,0.69042,0.69052,0.69004,0.6904,356,9,0
2026-04-01 04:00:00+00:00,0.6904,0.69058,0.69016,0.69031,269,9,0
2026-04-01 04:15:00+00:00,0.69031,0.69032,0.68995,0.6903,320,9,0
2026-04-01 04:30:00+00:00,0.69031,0.69045,0.69016,0.69044,237,9,0
2026-04-01 04:45:00+00:00,0.69044,0.69061,0.69022,0.69024,271,9,0
2026-04-01 05:00:00+00:00,0.69025,0.69111,0.6901,0.69064,597,9,0
2026-04-01 05:15:00+00:00,0.69063,0.69121,0.69053,0.69118,460,9,0
2026-04-01 05:30:00+00:00,0.6912,0.6915,0.69102,0.69132,582,9,0
2026-04-01 05:45:00+00:00,0.69131,0.69136,0.69039,0.6905,550,9,0
2026-04-01 06:00:00+00:00,0.69052,0.69107,0.69028,0.69081,771,9,0
2026-04-01 06:15:00+00:00,0.69082,0.69262,0.69079,0.6924,975,9,0
2026-04-01 06:30:00+00:00,0.69238,0.69298,0.69237,0.69291,915,9,0
2026-04-01 06:45:00+00:00,0.69292,0.6945,0.69292,0.69448,1192,9,0
2026-04-01 07:00:00+00:00,0.69449,0.69467,0.69306,0.69372,1161,9,0
2026-04-01 07:15:00+00:00,0.69374,0.6941,0.69339,0.69394,901,9,0
2026-04-01 07:30:00+00:00,0.69394,0.6945,0.69353,0.69418,997,9,0
2026-04-01 07:45:00+00:00,0.69418,0.69462,0.69259,0.69282,1404,9,0
2026-04-01 08:00:00+00:00,0.6928,0.69403,0.69251,0.69334,1268,9,0
2026-04-01 08:15:00+00:00,0.69335,0.6947,0.69318,0.69468,838,9,0
2026-04-01 08:30:00+00:00,0.69467,0.69523,0.69457,0.69521,801,9,0
2026-04-01 08:45:00+00:00,0.69522,0.69524,0.69398,0.69406,1063,9,0
2026-04-01 09:00:00+00:00,0.69407,0.69437,0.69376,0.69383,871,9,0
2026-04-01 09:15:00+00:00,0.69383,0.69392,0.6934,0.69381,741,9,0
2026-04-01 09:30:00+00:00,0.69379,0.69395,0.69353,0.69356,634,9,0
2026-04-01 09:45:00+00:00,0.69357,0.69453,0.69356,0.69415,684,9,0
2026-04-01 10:00:00+00:00,0.69415,0.69444,0.69383,0.69424,715,9,0
2026-04-01 10:15:00+00:00,0.69422,0.69473,0.69406,0.69439,637,9,0
2026-04-01 10:30:00+00:00,0.69439,0.69459,0.69404,0.69433,551,9,0
2026-04-01 10:45:00+00:00,0.69432,0.69473,0.69426,0.6944,608,9,0
2026-04-01 11:00:00+00:00,0.6944,0.69498,0.69423,0.69496,498,9,0
2026-04-01 11:15:00+00:00,0.69497,0.69499,0.69439,0.69469,441,9,0
2026-04-01 11:30:00+00:00,0.69469,0.69555,0.69469,0.6955,565,9,0
2026-04-01 11:45:00+00:00,0.6955,0.69588,0.69538,0.69541,505,9,0
2026-04-01 12:00:00+00:00,0.69539,0.69563,0.69513,0.69527,611,9,0
2026-04-01 12:15:00+00:00,0.69525,0.69531,0.69435,0.69465,603,9,0
2026-04-01 12:30:00+00:00,0.69464,0.69633,0.6944,0.69583,1053,9,0
2026-04-01 12:45:00+00:00,0.69585,0.69621,0.69364,0.69405,3465,9,0
2026-04-01 13:00:00+00:00,0.69406,0.69463,0.69332,0.69461,1429,9,0
2026-04-01 13:15:00+00:00,0.6946,0.69477,0.69405,0.69432,1066,9,0
2026-04-01 13:30:00+00:00,0.69431,0.69553,0.69392,0.69448,1813,9,0
2026-04-01 13:45:00+00:00,0.69449,0.69471,0.694,0.69431,1640,9,0
2026-04-01 14:00:00+00:00,0.69431,0.69431,0.69331,0.69374,1757,9,0
2026-04-01 14:15:00+00:00,0.69374,0.69465,0.6937,0.69445,1352,9,0
2026-04-01 14:30:00+00:00,0.69446,0.69502,0.69382,0.69462,1855,9,0
2026-04-01 14:45:00+00:00,0.69464,0.69469,0.69406,0.69428,1074,9,0
2026-04-01 15:00:00+00:00,0.6943,0.69486,0.69379,0.69382,1014,9,0
2026-04-01 15:15:00+00:00,0.69383,0.69401,0.69342,0.69348,871,9,0
2026-04-01 15:30:00+00:00,0.69348,0.69412,0.69335,0.69406,776,9,0
2026-04-01 15:45:00+00:00,0.69408,0.69453,0.69403,0.69432,598,9,0
2026-04-01 16:00:00+00:00,0.69431,0.69463,0.69345,0.69357,742,9,0
2026-04-01 16:15:00+00:00,0.69356,0.69413,0.69345,0.69377,598,9,0
2026-04-01 16:30:00+00:00,0.69379,0.69414,0.6937,0.69392,590,9,0
2026-04-01 16:45:00+00:00,0.69392,0.69466,0.69387,0.6946,459,9,0
2026-04-01 17:00:00+00:00,0.6946,0.69506,0.69445,0.69461,514,9,0
2026-04-01 17:15:00+00:00,0.69461,0.69487,0.69417,0.69423,494,9,0
2026-04-01 17:30:00+00:00,0.69424,0.69426,0.69354,0.69394,544,9,0
2026-04-01 17:45:00+00:00,0.69395,0.69397,0.69311,0.69312,556,9,0
2026-04-01 18:00:00+00:00,0.69311,0.69316,0.69234,0.69235,826,9,0
2026-04-01 18:15:00+00:00,0.69235,0.6924,0.6915,0.69154,785,9,0
2026-04-01 18:30:00+00:00,0.69155,0.69225,0.69124,0.69195,845,9,0
2026-04-01 18:45:00+00:00,0.69197,0.69208,0.69159,0.69159,710,9,0
2026-04-01 19:00:00+00:00,0.6916,0.69198,0.69142,0.69188,590,9,0
2026-04-01 19:15:00+00:00,0.69188,0.69216,0.69171,0.69216,445,9,0
2026-04-01 19:30:00+00:00,0.69217,0.69274,0.69197,0.69251,526,9,0
2026-04-01 19:45:00+00:00,0.6925,0.69261,0.69205,0.69225,653,9,0
2026-04-01 20:00:00+00:00,0.69226,0.69261,0.69222,0.69252,245,9,0
2026-04-01 20:15:00+00:00,0.69252,0.69256,0.69244,0.69253,152,9,0
2026-04-01 20:30:00+00:00,0.69253,0.69286,0.69253,0.69282,113,9,0
2026-04-01 20:45:00+00:00,0.69281,0.6929,0.69277,0.6928,170,9,0
2026-04-01 21:00:00+00:00,0.69281,0.69283,0.69246,0.6926,126,14,0
2026-04-01 21:15:00+00:00,0.69262,0.69267,0.69226,0.69228,116,27,0
2026-04-01 21:30:00+00:00,0.69225,0.69225,0.69199,0.69214,317,71,0
2026-04-01 21:45:00+00:00,0.69212,0.69244,0.69209,0.69242,175,46,0
2026-04-01 22:00:00+00:00,0.69259,0.69289,0.69259,0.69273,189,9,0
2026-04-01 22:15:00+00:00,0.69273,0.69276,0.69256,0.69274,121,9,0
2026-04-01 22:30:00+00:00,0.69274,0.69275,0.69239,0.69262,142,9,0
2026-04-01 22:45:00+00:00,0.69261,0.69284,0.69216,0.69245,268,9,0
2026-04-01 23:00:00+00:00,0.69245,0.69279,0.69236,0.69279,219,9,0
2026-04-01 23:15:00+00:00,0.69279,0.69279,0.69228,0.69242,184,9,0
2026-04-01 23:30:00+00:00,0.69242,0.69277,0.69238,0.69269,227,9,0
2026-04-01 23:45:00+00:00,0.6927,0.69271,0.69208,0.69228,289,9,0
2026-04-02 00:00:00+00:00,0.69226,0.69279,0.69192,0.69251,733,9,0
2026-04-02 00:15:00+00:00,0.6925,0.69271,0.69198,0.69213,712,9,0
2026-04-02 00:30:00+00:00,0.69212,0.69313,0.692,0.69305,603,9,0
2026-04-02 00:45:00+00:00,0.69304,0.69343,0.6929,0.69305,616,9,0
2026-04-02 01:00:00+00:00,0.69304,0.69404,0.69094,0.69245,3726,9,0
2026-04-02 01:15:00+00:00,0.69244,0.69282,0.6892,0.68965,5039,9,0
2026-04-02 01:30:00+00:00,0.68963,0.68984,0.6881,0.68883,2960,9,0
2026-04-02 01:45:00+00:00,0.68882,0.68899,0.68789,0.68848,1678,9,0
2026-04-02 02:00:00+00:00,0.68846,0.68949,0.68844,0.68875,1461,9,0
2026-04-02 02:15:00+00:00,0.68876,0.68946,0.68875,0.68894,1129,9,0
2026-04-02 02:30:00+00:00,0.68893,0.68914,0.68807,0.68865,1043,9,0
2026-04-02 02:45:00+00:00,0.68864,0.68893,0.68849,0.68871,649,9,0
2026-04-02 03:00:00+00:00,0.6887,0.68898,0.68839,0.68871,543,9,0
2026-04-02 03:15:00+00:00,0.68871,0.68887,0.6884,0.68887,540,9,0
2026-04-02 03:30:00+00:00,0.68887,0.68902,0.68861,0.68883,633,9,0
2026-04-02 03:45:00+00:00,0.68884,0.68885,0.68817,0.6883,486,9,0
2026-04-02 04:00:00+00:00,0.6883,0.68834,0.68746,0.6879,627,9,0
2026-04-02 04:15:00+00:00,0.6879,0.6882,0.68764,0.68776,465,9,0
2026-04-02 04:30:00+00:00,0.68778,0.68786,0.68736,0.68761,385,9,0
2026-04-02 04:45:00+00:00,0.68761,0.68784,0.6874,0.68784,368,9,0
2026-04-02 05:00:00+00:00,0.68784,0.68811,0.68771,0.68791,414,9,0
2026-04-02 05:15:00+00:00,0.68793,0.68798,0.68766,0.68781,383,9,0
2026-04-02 05:30:00+00:00,0.68782,0.68806,0.68745,0.68759,565,9,0
2026-04-02 05:45:00+00:00,0.68759,0.68765,0.6866,0.68664,699,9,0
2026-04-02 06:00:00+00:00,0.68666,0.68724,0.68657,0.68667,715,9,0
2026-04-02 06:15:00+00:00,0.68668,0.68725,0.68662,0.6871,709,9,0
2026-04-02 06:30:00+00:00,0.68709,0.68714,0.68658,0.68701,610,9,0
2026-04-02 06:45:00+00:00,0.68701,0.68751,0.68677,0.68746,597,9,0
2026-04-02 07:00:00+00:00,0.68747,0.68774,0.68712,0.68728,709,9,0
2026-04-02 07:15:00+00:00,0.68727,0.68813,0.68726,0.68787,688,9,0
2026-04-02 07:30:00+00:00,0.68787,0.68807,0.68746,0.68795,611,9,0
2026-04-02 07:45:00+00:00,0.68796,0.68843,0.68789,0.68842,420,9,0
2026-04-02 08:00:00+00:00,0.68844,0.68851,0.68755,0.68792,573,9,0
2026-04-02 08:15:00+00:00,0.68791,0.68811,0.68734,0.68754,488,9,0
2026-04-02 08:30:00+00:00,0.68754,0.68787,0.68727,0.68742,576,9,0
2026-04-02 08:45:00+00:00,0.68743,0.68773,0.68737,0.68743,494,9,0
2026-04-02 09:00:00+00:00,0.68743,0.68761,0.68668,0.68672,551,9,0
2026-04-02 09:15:00+00:00,0.6867,0.68759,0.68669,0.68749,472,9,0
2026-04-02 09:30:00+00:00,0.68748,0.68782,0.68742,0.68757,428,9,0
2026-04-02 09:45:00+00:00,0.68757,0.68769,0.68738,0.68758,451,9,0
2026-04-02 10:00:00+00:00,0.68759,0.68764,0.6867,0.68674,515,9,0
2026-04-02 10:15:00+00:00,0.68673,0.68677,0.68651,0.68667,438,9,0
2026-04-02 10:30:00+00:00,0.68665,0.6867,0.68632,0.68655,508,9,0
2026-04-02 10:45:00+00:00,0.68656,0.68664,0.6863,0.6863,446,9,0
2026-04-02 11:00:00+00:00,0.68632,0.68663,0.68613,0.68622,491,9,0
2026-04-02 11:15:00+00:00,0.68623,0.68654,0.68595,0.68608,495,9,0
2026-04-02 11:30:00+00:00,0.68608,0.68642,0.68603,0.68622,448,9,0
2026-04-02 11:45:00+00:00,0.68622,0.68667,0.68619,0.68656,464,9,0
2026-04-02 12:00:00+00:00,0.68658,0.68732,0.68648,0.68721,774,9,0
2026-04-02 12:15:00+00:00,0.68722,0.68797,0.68704,0.68794,641,9,0
2026-04-02 12:30:00+00:00,0.68796,0.68863,0.68758,0.68813,801,9,0
2026-04-02 12:45:00+00:00,0.68813,0.6885,0.68799,0.68809,816,9,0
2026-04-02 13:00:00+00:00,0.68811,0.6885,0.68755,0.68767,973,9,0
2026-04-02 13:15:00+00:00,0.68766,0.68826,0.68764,0.68819,780,9,0
2026-04-02 13:30:00+00:00,0.6882,0.68865,0.68761,0.68815,1374,9,0
2026-04-02 13:45:00+00:00,0.68816,0.68952,0.68808,0.68943,1248,9,0
2026-04-02 14:00:00+00:00,0.68945,0.68969,0.68894,0.68935,1262,9,0
2026-04-02 14:15:00+00:00,0.68934,0.68973,0.68893,0.68915,1104,9,0
2026-04-02 14:30:00+00:00,0.68914,0.6915,0.68903,0.69123,3868,9,0
2026-04-02 14:45:00+00:00,0.69125,0.69134,0.68999,0.69116,2072,9,0
2026-04-02 15:00:00+00:00,0.69116,0.69154,0.6908,0.69139,1662,9,0
2026-04-02 15:15:00+00:00,0.69139,0.69177,0.69038,0.69129,1399,9,0
2026-04-02 15:30:00+00:00,0.6913,0.69158,0.69092,0.69136,1249,9,0
2026-04-02 15:45:00+00:00,0.69137,0.69139,0.69051,0.69096,995,9,0
2026-04-02 16:00:00+00:00,0.69095,0.69124,0.69045,0.69069,942,9,0
2026-04-02 16:15:00+00:00,0.69069,0.6911,0.69052,0.6909,857,9,0
2026-04-02 16:30:00+00:00,0.69089,0.69171,0.69083,0.69121,1129,9,0
2026-04-02 16:45:00+00:00,0.69121,0.69139,0.69088,0.69088,750,9,0
2026-04-02 17:00:00+00:00,0.69087,0.6913,0.69069,0.69124,728,9,0
2026-04-02 17:15:00+00:00,0.69125,0.69148,0.69109,0.69112,549,9,0
2026-04-02 17:30:00+00:00,0.69111,0.69112,0.69065,0.69085,515,9,0
2026-04-02 17:45:00+00:00,0.69085,0.69089,0.69037,0.69055,576,9,0
2026-04-02 18:00:00+00:00,0.69055,0.691,0.69053,0.69055,564,9,0
2026-04-02 18:15:00+00:00,0.69055,0.69061,0.69028,0.69032,488,9,0
2026-04-02 18:30:00+00:00,0.69032,0.69061,0.69024,0.69052,459,9,0
2026-04-02 18:45:00+00:00,0.69052,0.6907,0.69046,0.69053,404,9,0
2026-04-02 19:00:00+00:00,0.69053,0.6909,0.69053,0.69054,400,9,0
2026-04-02 19:15:00+00:00,0.69056,0.6911,0.69043,0.69064,543,9,0
2026-04-02 19:30:00+00:00,0.69063,0.69071,0.6904,0.69042,347,9,0
2026-04-02 19:45:00+00:00,0.69041,0.69086,0.69034,0.69062,443,9,0
2026-04-02 20:00:00+00:00,0.69062,0.69089,0.69047,0.69084,262,9,0
2026-04-02 20:15:00+00:00,0.69084,0.6912,0.69083,0.6912,156,9,0
2026-04-02 20:30:00+00:00,0.6912,0.69124,0.69102,0.69103,106,9,0
2026-04-02 20:45:00+00:00,0.69103,0.6911,0.69092,0.69093,156,9,0
2026-04-02 21:00:00+00:00,0.69093,0.69094,0.6903,0.69033,145,22,0
2026-04-02 21:15:00+00:00,0.69032,0.69034,0.69018,0.6902,110,87,0
2026-04-02 21:30:00+00:00,0.69022,0.69047,0.6902,0.69038,406,65,0
2026-04-02 21:45:00+00:00,0.69038,0.69049,0.69025,0.69049,122,49,0
2026-04-02 22:00:00+00:00,0.69052,0.69103,0.69052,0.69072,169,9,0
2026-04-02 22:15:00+00:00,0.69072,0.69083,0.69064,0.69076,111,54,0
2026-04-02 22:30:00+00:00,0.69076,0.69086,0.69073,0.6908,67,54,0
2026-04-02 22:45:00+00:00,0.69075,0.69088,0.69071,0.69083,83,54,0
2026-04-02 23:00:00+00:00,0.69083,0.69097,0.69081,0.69095,68,54,0
2026-04-02 23:15:00+00:00,0.69095,0.69098,0.69089,0.6909,37,54,0
2026-04-02 23:30:00+00:00,0.6909,0.69112,0.6909,0.69103,58,54,0
2026-04-02 23:45:00+00:00,0.69103,0.69103,0.69089,0.6909,60,54,0
2026-04-03 00:00:00+00:00,0.6909,0.69137,0.6909,0.69105,145,54,0
2026-04-03 00:15:00+00:00,0.69105,0.69115,0.69094,0.69114,124,54,0
2026-04-03 00:30:00+00:00,0.69114,0.69138,0.69107,0.69129,134,54,0
2026-04-03 00:45:00+00:00,0.69129,0.69133,0.69084,0.69097,129,54,0
2026-04-03 01:00:00+00:00,0.69096,0.69104,0.69086,0.6909,108,54,0
2026-04-03 01:15:00+00:00,0.6909,0.69098,0.69085,0.69095,103,54,0
2026-04-03 01:30:00+00:00,0.69095,0.69096,0.6906,0.69063,123,54,0
2026-04-03 01:45:00+00:00,0.69064,0.69068,0.69055,0.6906,117,54,0
2026-04-03 02:00:00+00:00,0.6906,0.69089,0.69056,0.69076,108,54,0
2026-04-03 02:15:00+00:00,0.69075,0.69075,0.69031,0.69045,113,54,0
2026-04-03 02:30:00+00:00,0.69046,0.6905,0.69023,0.69027,118,54,0
2026-04-03 02:45:00+00:00,0.69027,0.69067,0.69027,0.69055,107,54,0
2026-04-03 03:00:00+00:00,0.69055,0.69066,0.69053,0.6906,81,54,0
2026-04-03 03:15:00+00:00,0.69062,0.69065,0.69046,0.69048,61,54,0
2026-04-03 03:30:00+00:00,0.69048,0.6906,0.69046,0.69048,58,54,0
2026-04-03 03:45:00+00:00,0.69048,0.69048,0.69027,0.69043,105,54,0
2026-04-03 04:00:00+00:00,0.69044,0.69051,0.69041,0.69049,77,54,0
2026-04-03 04:15:00+00:00,0.69049,0.69056,0.69039,0.69039,60,54,0
2026-04-03 04:30:00+00:00,0.69039,0.69039,0.69018,0.69021,66,54,0
2026-04-03 04:45:00+00:00,0.69021,0.6905,0.69021,0.69038,92,54,0
2026-04-03 05:00:00+00:00,0.69038,0.69049,0.69021,0.69021,66,54,0
2026-04-03 05:15:00+00:00,0.69021,0.69021,0.68992,0.69002,84,72,0
2026-04-03 05:30:00+00:00,0.69001,0.69043,0.69001,0.69043,107,72,0
2026-04-03 05:45:00+00:00,0.69043,0.69056,0.69035,0.69056,102,72,0
2026-04-03 06:00:00+00:00,0.69056,0.6906,0.69032,0.69049,84,72,0
2026-04-03 06:15:00+00:00,0.69048,0.69075,0.69046,0.69055,71,72,0
2026-04-03 06:30:00+00:00,0.69053,0.6906,0.69025,0.69052,126,72,0
2026-04-03 06:45:00+00:00,0.69053,0.69071,0.6905,0.6907,122,72,0
2026-04-03 07:00:00+00:00,0.6907,0.69081,0.69062,0.6907,101,72,0
2026-04-03 07:15:00+00:00,0.6907,0.69109,0.6907,0.691,120,72,0
2026-04-03 07:30:00+00:00,0.691,0.69121,0.69088,0.69098,128,72,0
2026-04-03 07:45:00+00:00,0.69098,0.69105,0.69047,0.69051,114,72,0
2026-04-03 08:00:00+00:00,0.69049,0.69052,0.69022,0.69027,111,72,0
2026-04-03 08:15:00+00:00,0.69027,0.69042,0.69014,0.69041,90,72,0
2026-04-03 08:30:00+00:00,0.69041,0.69061,0.69041,0.69061,77,72,0
2026-04-03 08:45:00+00:00,0.69062,0.69066,0.69046,0.69061,84,72,0
2026-04-03 09:00:00+00:00,0.6906,0.69065,0.69021,0.69022,131,72,0
2026-04-03 09:15:00+00:00,0.69023,0.69035,0.69016,0.69033,115,72,0
2026-04-03 09:30:00+00:00,0.69034,0.69035,0.69013,0.69022,71,72,0
2026-04-03 09:45:00+00:00,0.69022,0.69039,0.69018,0.69035,83,72,0
2026-04-03 10:00:00+00:00,0.69035,0.69041,0.69009,0.69015,117,72,0
2026-04-03 10:15:00+00:00,0.69015,0.69024,0.69006,0.69016,96,72,0
2026-04-03 10:30:00+00:00,0.69016,0.69016,0.68998,0.69005,94,72,0
2026-04-03 10:45:00+00:00,0.69005,0.69055,0.69005,0.69033,115,72,0
2026-04-03 11:00:00+00:00,0.69032,0.6904,0.69014,0.69029,123,72,0
2026-04-03 11:15:00+00:00,0.69029,0.6906,0.69023,0.69042,127,72,0
2026-04-03 11:30:00+00:00,0.69044,0.69048,0.69017,0.69035,113,72,0
2026-04-03 11:45:00+00:00,0.69035,0.69051,0.69035,0.6904,110,72,0
2026-04-03 12:00:00+00:00,0.6904,0.6906,0.69005,0.6906,156,18,0
2026-04-03 12:15:00+00:00,0.6906,0.69108,0.69045,0.69106,339,9,0
2026-04-03 12:30:00+00:00,0.69103,0.69103,0.6896,0.69034,1266,9,0
2026-04-03 12:45:00+00:00,0.69034,0.69045,0.68984,0.68995,429,9,0
2026-04-03 13:00:00+00:00,0.68995,0.69059,0.68988,0.6905,368,9,0
2026-04-03 13:15:00+00:00,0.6905,0.69057,0.69019,0.69019,130,9,0
2026-04-03 13:30:00+00:00,0.69021,0.69028,0.69,0.69008,137,9,0
2026-04-03 13:45:00+00:00,0.69008,0.69036,0.69008,0.69029,173,9,0
2026-04-03 14:00:00+00:00,0.69029,0.69031,0.68982,0.68984,182,9,0
2026-04-03 14:15:00+00:00,0.68984,0.68985,0.68929,0.68942,169,9,0
2026-04-03 14:30:00+00:00,0.68942,0.68948,0.68929,0.68943,142,9,0
2026-04-03 14:45:00+00:00,0.68943,0.68946,0.68919,0.68928,96,9,0
2026-04-03 15:00:00+00:00,0.6893,0.68948,0.68927,0.68936,117,9,0
2026-04-03 15:15:00+00:00,0.68936,0.6894,0.68926,0.68928,107,9,0
2026-04-03 15:30:00+00:00,0.68928,0.68928,0.68907,0.68909,150,9,0
2026-04-03 15:45:00+00:00,0.68909,0.68943,0.68908,0.68918,241,9,0
2026-04-03 16:00:00+00:00,0.68919,0.68934,0.6891,0.68934,276,9,0
2026-04-03 16:15:00+00:00,0.68935,0.6895,0.68926,0.68926,247,9,0
2026-04-03 16:30:00+00:00,0.68926,0.68928,0.68899,0.68901,176,9,0
2026-04-03 16:45:00+00:00,0.68901,0.68916,0.68899,0.68908,243,9,0
2026-04-03 17:00:00+00:00,0.68908,0.68939,0.68906,0.68927,332,9,0
2026-04-03 17:15:00+00:00,0.68926,0.68932,0.68917,0.6892,165,9,0
2026-04-03 17:30:00+00:00,0.68921,0.68921,0.6888,0.68899,227,9,0
2026-04-03 17:45:00+00:00,0.68899,0.68923,0.68891,0.68923,218,9,0
2026-04-03 18:00:00+00:00,0.68925,0.68925,0.68895,0.689,218,9,0
2026-04-03 18:15:00+00:00,0.689,0.68912,0.68896,0.68911,131,18,0
2026-04-03 18:30:00+00:00,0.68911,0.68911,0.68888,0.68901,163,18,0
2026-04-03 18:45:00+00:00,0.68901,0.68903,0.68881,0.68893,190,18,0
2026-04-03 19:00:00+00:00,0.68892,0.68893,0.68848,0.68875,203,18,0
2026-04-03 19:15:00+00:00,0.68875,0.68902,0.68874,0.68894,141,18,0
2026-04-03 19:30:00+00:00,0.68897,0.68904,0.6884,0.68846,207,18,0
2026-04-03 19:45:00+00:00,0.68845,0.68927,0.68843,0.68852,262,18,0
2026-04-03 20:00:00+00:00,0.68852,0.6899,0.68845,0.68932,401,18,0
2026-04-03 20:15:00+00:00,0.68932,0.68946,0.68867,0.68904,366,18,0
2026-04-03 20:30:00+00:00,0.68898,0.68934,0.68783,0.6893,273,41,0
2026-04-03 20:45:00+00:00,0.68934,0.68949,0.68891,0.68926,86,41,0
2026-04-05 21:00:00+00:00,0.68858,0.68861,0.68855,0.68855,6,26,0
2026-04-05 21:15:00+00:00,0.68857,0.68857,0.68814,0.68856,61,25,0
2026-04-05 21:30:00+00:00,0.68857,0.68858,0.68825,0.68844,82,19,0
2026-04-05 21:45:00+00:00,0.68844,0.68854,0.68833,0.68851,61,18,0
2026-04-05 22:00:00+00:00,0.68852,0.68871,0.68755,0.68812,636,9,0
2026-04-05 22:15:00+00:00,0.68811,0.68837,0.68792,0.68832,600,9,0
2026-04-05 22:30:00+00:00,0.6883,0.68865,0.68793,0.68841,590,9,0
2026-04-05 22:45:00+00:00,0.68841,0.68897,0.68833,0.68881,336,9,0
2026-04-05 23:00:00+00:00,0.68883,0.68905,0.68859,0.68866,438,9,0
2026-04-05 23:15:00+00:00,0.68866,0.68877,0.68846,0.68847,232,9,0
2026-04-05 23:30:00+00:00,0.68847,0.68866,0.68837,0.68847,219,9,0
2026-04-05 23:45:00+00:00,0.68847,0.68864,0.68839,0.68844,204,9,0
2026-04-06 00:00:00+00:00,0.68844,0.68933,0.6884,0.6892,500,9,0
2026-04-06 00:15:00+00:00,0.6892,0.68949,0.68908,0.6891,397,9,0
2026-04-06 00:30:00+00:00,0.6891,0.6895,0.68909,0.68949,288,9,0
2026-04-06 00:45:00+00:00,0.68949,0.68956,0.68924,0.6895,317,9,0
2026-04-06 01:00:00+00:00,0.68949,0.68964,0.68926,0.68933,341,9,0
2026-04-06 01:15:00+00:00,0.68933,0.68968,0.68914,0.68968,310,9,0
2026-04-06 01:30:00+00:00,0.68968,0.68973,0.68942,0.68969,288,9,0
2026-04-06 01:45:00+00:00,0.68969,0.68972,0.68928,0.68942,237,9,0
2026-04-06 02:00:00+00:00,0.68943,0.69092,0.68942,0.69066,574,9,0
2026-04-06 02:15:00+00:00,0.69065,0.69162,0.69045,0.6911,776,9,0
2026-04-06 02:30:00+00:00,0.69109,0.69116,0.69064,0.69069,488,9,0
2026-04-06 02:45:00+00:00,0.69069,0.69086,0.69042,0.69042,404,9,0
2026-04-06 03:00:00+00:00,0.69042,0.69054,0.69031,0.69043,318,9,0
2026-04-06 03:15:00+00:00,0.69044,0.69051,0.69006,0.69043,611,9,0
2026-04-06 03:30:00+00:00,0.69045,0.69057,0.69028,0.69033,334,9,0
2026-04-06 03:45:00+00:00,0.69032,0.69035,0.69015,0.69028,263,9,0
2026-04-06 04:00:00+00:00,0.69028,0.69059,0.69021,0.69049,297,9,0
2026-04-06 04:15:00+00:00,0.6905,0.69062,0.69041,0.69055,199,9,0
2026-04-06 04:30:00+00:00,0.69054,0.69089,0.69049,0.6908,212,9,0
2026-04-06 04:45:00+00:00,0.6908,0.69093,0.69065,0.69087,205,9,0
2026-04-06 05:00:00+00:00,0.69087,0.69112,0.69079,0.69104,229,9,0
2026-04-06 05:15:00+00:00,0.69104,0.69121,0.691,0.69104,222,9,0
2026-04-06 05:30:00+00:00,0.69105,0.69107,0.69084,0.69086,245,9,0
2026-04-06 05:45:00+00:00,0.69086,0.69103,0.69067,0.69072,235,9,0
2026-04-06 06:00:00+00:00,0.69072,0.6909,0.69059,0.69086,334,9,0
2026-04-06 06:15:00+00:00,0.69085,0.69088,0.69058,0.69069,280,9,0
2026-04-06 06:30:00+00:00,0.69067,0.69088,0.69052,0.69084,240,9,0
2026-04-06 06:45:00+00:00,0.69084,0.69175,0.69065,0.6913,975,9,0
2026-04-06 07:00:00+00:00,0.69131,0.69149,0.69077,0.69102,512,9,0
2026-04-06 07:15:00+00:00,0.69104,0.69135,0.69101,0.69132,404,9,0
2026-04-06 07:30:00+00:00,0.69133,0.69205,0.69132,0.69204,427,9,0
2026-04-06 07:45:00+00:00,0.69204,0.69327,0.692,0.69284,700,9,0
2026-04-06 08:00:00+00:00,0.69286,0.69332,0.69254,0.69287,716,9,0
2026-04-06 08:15:00+00:00,0.69288,0.69304,0.69271,0.69283,506,9,0
2026-04-06 08:30:00+00:00,0.69282,0.69344,0.69281,0.69309,418,9,0
2026-04-06 08:45:00+00:00,0.69307,0.69319,0.69283,0.69305,325,9,0
2026-04-06 09:00:00+00:00,0.69306,0.69327,0.69301,0.69313,400,9,0
2026-04-06 09:15:00+00:00,0.69313,0.6934,0.69298,0.69332,349,9,0
2026-04-06 09:30:00+00:00,0.69332,0.69359,0.69309,0.69315,335,9,0
2026-04-06 09:45:00+00:00,0.69316,0.6934,0.69241,0.6925,822,9,0
2026-04-06 10:00:00+00:00,0.69252,0.69314,0.69244,0.69287,466,9,0
2026-04-06 10:15:00+00:00,0.69288,0.69307,0.69273,0.69289,303,9,0
2026-04-06 10:30:00+00:00,0.69287,0.69305,0.69273,0.69292,255,9,0
2026-04-06 10:45:00+00:00,0.69292,0.69293,0.69183,0.69269,1141,9,0
2026-04-06 11:00:00+00:00,0.69271,0.69287,0.69225,0.69229,489,9,0
2026-04-06 11:15:00+00:00,0.69229,0.69255,0.69222,0.69243,374,9,0
2026-04-06 11:30:00+00:00,0.69243,0.69272,0.69243,0.69244,283,9,0
2026-04-06 11:45:00+00:00,0.69244,0.69313,0.69243,0.69282,362,9,0
2026-04-06 12:00:00+00:00,0.69284,0.69303,0.69264,0.69265,335,9,0
2026-04-06 12:15:00+00:00,0.69264,0.69265,0.69225,0.69255,370,9,0
2026-04-06 12:30:00+00:00,0.69255,0.69279,0.69249,0.69279,363,9,0
2026-04-06 12:45:00+00:00,0.69277,0.69301,0.69274,0.6928,430,9,0
2026-04-06 13:00:00+00:00,0.6928,0.69284,0.69242,0.6927,497,9,0
2026-04-06 13:15:00+00:00,0.6927,0.69297,0.69247,0.69294,366,9,0
2026-04-06 13:30:00+00:00,0.69295,0.69334,0.69283,0.69303,1013,9,0
2026-04-06 13:45:00+00:00,0.69304,0.69322,0.69275,0.69308,711,9,0
2026-04-06 14:00:00+00:00,0.6931,0.69377,0.69235,0.69299,1004,9,0
2026-04-06 14:15:00+00:00,0.69298,0.69334,0.69291,0.69322,898,9,0
2026-04-06 14:30:00+00:00,0.69322,0.6935,0.69175,0.693,1668,9,0
2026-04-06 14:45:00+00:00,0.69299,0.69301,0.69208,0.69213,1021,9,0
2026-04-06 15:00:00+00:00,0.69213,0.69213,0.69134,0.69146,827,9,0
2026-04-06 15:15:00+00:00,0.69146,0.69167,0.69127,0.69152,668,9,0
2026-04-06 15:30:00+00:00,0.69151,0.69155,0.69116,0.69125,501,9,0
2026-04-06 15:45:00+00:00,0.69124,0.69177,0.69112,0.69176,457,9,0
2026-04-06 16:00:00+00:00,0.69176,0.69194,0.6917,0.69191,466,9,0
2026-04-06 16:15:00+00:00,0.69192,0.69195,0.69144,0.69162,429,9,0
2026-04-06 16:30:00+00:00,0.69162,0.6919,0.69147,0.69168,390,9,0
2026-04-06 16:45:00+00:00,0.69168,0.69168,0.69132,0.69153,483,9,0
2026-04-06 17:00:00+00:00,0.69154,0.69156,0.69056,0.69075,767,9,0
2026-04-06 17:15:00+00:00,0.69076,0.6915,0.69054,0.69147,629,9,0
2026-04-06 17:30:00+00:00,0.69147,0.69186,0.69134,0.6915,581,9,0
2026-04-06 17:45:00+00:00,0.69151,0.69156,0.69127,0.69137,422,9,0
2026-04-06 18:00:00+00:00,0.69138,0.69215,0.69129,0.69184,764,9,0
2026-04-06 18:15:00+00:00,0.69184,0.69236,0.6918,0.6922,613,9,0
2026-04-06 18:30:00+00:00,0.6922,0.69242,0.69171,0.69171,445,9,0
2026-04-06 18:45:00+00:00,0.69171,0.69194,0.69161,0.6919,352,9,0
2026-04-06 19:00:00+00:00,0.69192,0.69204,0.69174,0.69181,311,9,0
2026-04-06 19:15:00+00:00,0.69181,0.69186,0.69167,0.69171,204,9,0
2026-04-06 19:30:00+00:00,0.69171,0.69189,0.6917,0.69189,202,9,0
2026-04-06 19:45:00+00:00,0.69187,0.69214,0.69186,0.69187,283,9,0
2026-04-06 20:00:00+00:00,0.69188,0.69196,0.69176,0.69185,184,9,0
2026-04-06 20:15:00+00:00,0.69184,0.69196,0.69183,0.69188,125,9,0
2026-04-06 20:30:00+00:00,0.69188,0.69192,0.69181,0.69188,109,9,0
2026-04-06 20:45:00+00:00,0.69188,0.6919,0.69171,0.69177,136,9,0
2026-04-06 21:00:00+00:00,0.69176,0.69177,0.6915,0.69153,72,12,0
2026-04-06 21:15:00+00:00,0.69155,0.69169,0.69145,0.69166,131,26,0
2026-04-06 21:30:00+00:00,0.69167,0.69169,0.69149,0.69164,102,34,0
2026-04-06 21:45:00+00:00,0.69164,0.69175,0.69162,0.69175,108,23,0
2026-04-06 22:00:00+00:00,0.69177,0.69227,0.69177,0.69204,171,9,0
2026-04-06 22:15:00+00:00,0.69204,0.6922,0.69174,0.69195,225,9,0
2026-04-06 22:30:00+00:00,0.69195,0.69202,0.69169,0.69169,152,9,0
2026-04-06 22:45:00+00:00,0.69169,0.69173,0.69139,0.69152,176,9,0
2026-04-06 23:00:00+00:00,0.69151,0.69171,0.6915,0.69167,136,9,0
2026-04-06 23:15:00+00:00,0.69167,0.69171,0.69144,0.69144,118,9,0
2026-04-06 23:30:00+00:00,0.69143,0.69153,0.69133,0.69139,104,9,0
2026-04-06 23:45:00+00:00,0.69139,0.6917,0.69139,0.69161,232,9,0
2026-04-07 00:00:00+00:00,0.69161,0.69189,0.69123,0.69189,526,9,0
2026-04-07 00:15:00+00:00,0.69189,0.69215,0.69171,0.69203,517,9,0
2026-04-07 00:30:00+00:00,0.69203,0.69221,0.69157,0.69176,413,9,0
2026-04-07 00:45:00+00:00,0.69176,0.6919,0.69109,0.69111,390,9,0
2026-04-07 01:00:00+00:00,0.6911,0.69174,0.69081,0.69089,793,9,0
2026-04-07 01:15:00+00:00,0.69089,0.69138,0.69085,0.69136,513,9,0
2026-04-07 01:30:00+00:00,0.69135,0.69142,0.69012,0.69045,716,9,0
2026-04-07 01:45:00+00:00,0.69046,0.69063,0.68984,0.69021,660,9,0
2026-04-07 02:00:00+00:00,0.69021,0.69034,0.68983,0.69,640,9,0
2026-04-07 02:15:00+00:00,0.69,0.69039,0.68982,0.69036,386,9,0
2026-04-07 02:30:00+00:00,0.69036,0.69088,0.69036,0.69085,342,9,0
2026-04-07 02:45:00+00:00,0.69084,0.69088,0.69061,0.69074,294,9,0
2026-04-07 03:00:00+00:00,0.69074,0.69105,0.69072,0.69084,307,9,0
2026-04-07 03:15:00+00:00,0.69084,0.69095,0.69059,0.69081,299,9,0
2026-04-07 03:30:00+00:00,0.69081,0.69131,0.69077,0.6913,262,9,0
2026-04-07 03:45:00+00:00,0.6913,0.69132,0.69106,0.6911,209,9,0
2026-04-07 04:00:00+00:00,0.69111,0.69126,0.69084,0.69096,319,9,0
2026-04-07 04:15:00+00:00,0.69096,0.69125,0.69096,0.69117,296,9,0
2026-04-07 04:30:00+00:00,0.69116,0.69165,0.69115,0.69146,367,9,0
2026-04-07 04:45:00+00:00,0.69146,0.69194,0.69143,0.6917,315,9,0
2026-04-07 05:00:00+00:00,0.6917,0.69177,0.69153,0.69154,284,9,0
2026-04-07 05:15:00+00:00,0.69154,0.69173,0.69128,0.69135,385,9,0
2026-04-07 05:30:00+00:00,0.69135,0.69163,0.69092,0.69092,482,9,0
2026-04-07 05:45:00+00:00,0.69092,0.69158,0.69089,0.69154,408,9,0
2026-04-07 06:00:00+00:00,0.69154,0.69194,0.69144,0.69177,510,9,0
2026-04-07 06:15:00+00:00,0.69176,0.69212,0.69158,0.69206,420,9,0
2026-04-07 06:30:00+00:00,0.69205,0.69214,0.69166,0.69179,522,9,0
2026-04-07 06:45:00+00:00,0.69178,0.69194,0.69166,0.69185,398,9,0
2026-04-07 07:00:00+00:00,0.69186,0.69194,0.69096,0.69133,681,9,0
2026-04-07 07:15:00+00:00,0.69134,0.69174,0.69115,0.69116,595,9,0
2026-04-07 07:30:00+00:00,0.69116,0.69148,0.69106,0.6913,519,9,0
2026-04-07 07:45:00+00:00,0.6913,0.69159,0.6912,0.69152,409,9,0
2026-04-07 08:00:00+00:00,0.69151,0.69329,0.69145,0.69301,1863,9,0
2026-04-07 08:15:00+00:00,0.693,0.69359,0.69275,0.69332,1111,9,0
2026-04-07 08:30:00+00:00,0.69334,0.69386,0.69314,0.69378,850,9,0
2026-04-07 08:45:00+00:00,0.69376,0.69482,0.69341,0.69455,760,9,0
2026-04-07 09:00:00+00:00,0.69453,0.69459,0.69415,0.69427,725,9,0
2026-04-07 09:15:00+00:00,0.69427,0.69462,0.69405,0.69439,685,9,0
2026-04-07 09:30:00+00:00,0.69437,0.69455,0.6941,0.6941,684,9,0
2026-04-07 09:45:00+00:00,0.69409,0.69422,0.69385,0.69401,436,9,0
2026-04-07 10:00:00+00:00,0.694,0.69432,0.69275,0.69379,1654,9,0
2026-04-07 10:15:00+00:00,0.69377,0.69401,0.69244,0.69311,1420,9,0
2026-04-07 10:30:00+00:00,0.69312,0.69339,0.69246,0.69289,1064,9,0
2026-04-07 10:45:00+00:00,0.6929,0.69305,0.69242,0.69289,891,9,0
2026-04-07 11:00:00+00:00,0.69291,0.69305,0.69253,0.69268,633,9,0
2026-04-07 11:15:00+00:00,0.69268,0.69324,0.69268,0.69302,623,9,0
2026-04-07 11:30:00+00:00,0.69301,0.69369,0.69282,0.69346,765,9,0
2026-04-07 11:45:00+00:00,0.69346,0.69359,0.69306,0.69359,407,9,0
2026-04-07 12:00:00+00:00,0.6936,0.6943,0.69292,0.69328,1511,9,0
2026-04-07 12:15:00+00:00,0.69328,0.69407,0.69311,0.69366,952,9,0
2026-04-07 12:30:00+00:00,0.69366,0.69385,0.6935,0.69365,594,9,0
2026-04-07 12:45:00+00:00,0.69364,0.69463,0.69315,0.69372,941,9,0
2026-04-07 13:00:00+00:00,0.69373,0.69399,0.69341,0.69371,859,9,0
2026-04-07 13:15:00+00:00,0.69372,0.69394,0.69354,0.69355,645,9,0
2026-04-07 13:30:00+00:00,0.69357,0.69385,0.69277,0.69293,1240,9,0
2026-04-07 13:45:00+00:00,0.69294,0.6934,0.6928,0.69283,919,9,0
2026-04-07 14:00:00+00:00,0.69283,0.69288,0.69242,0.6928,1028,9,0
2026-04-07 14:15:00+00:00,0.69281,0.69427,0.69268,0.69427,1193,9,0
2026-04-07 14:30:00+00:00,0.69428,0.69514,0.69399,0.69447,1179,9,0
2026-04-07 14:45:00+00:00,0.69445,0.69516,0.69362,0.69373,1170,9,0
2026-04-07 15:00:00+00:00,0.69374,0.69374,0.69275,0.69327,989,9,0
2026-04-07 15:15:00+00:00,0.69326,0.69407,0.69316,0.69395,1329,9,0
2026-04-07 15:30:00+00:00,0.69397,0.69398,0.69342,0.69342,733,9,0
2026-04-07 15:45:00+00:00,0.69343,0.69469,0.6934,0.69426,878,9,0
2026-04-07 16:00:00+00:00,0.69427,0.69521,0.69416,0.69422,1141,9,0
2026-04-07 16:15:00+00:00,0.69422,0.69488,0.69402,0.6946,1152,9,0
2026-04-07 16:30:00+00:00,0.69459,0.69483,0.69445,0.69471,624,9,0
2026-04-07 16:45:00+00:00,0.69471,0.69495,0.69447,0.69454,525,9,0
2026-04-07 17:00:00+00:00,0.69454,0.69505,0.69444,0.69479,712,9,0
2026-04-07 17:15:00+00:00,0.6948,0.69486,0.69438,0.69448,519,9,0
2026-04-07 17:30:00+00:00,0.69447,0.69577,0.69447,0.69515,880,9,0
2026-04-07 17:45:00+00:00,0.69516,0.69558,0.69507,0.69532,525,9,0
2026-04-07 18:00:00+00:00,0.69533,0.69548,0.6951,0.6953,467,9,0
2026-04-07 18:15:00+00:00,0.6953,0.69571,0.69519,0.69553,500,9,0
2026-04-07 18:30:00+00:00,0.69554,0.69564,0.69501,0.69505,477,9,0
2026-04-07 18:45:00+00:00,0.69505,0.69513,0.69444,0.69465,537,9,0
2026-04-07 19:00:00+00:00,0.69465,0.69512,0.69443,0.6948,734,9,0
2026-04-07 19:15:00+00:00,0.69479,0.6964,0.69475,0.69568,1715,9,0
2026-04-07 19:30:00+00:00,0.69566,0.69619,0.69547,0.69583,775,9,0
2026-04-07 19:45:00+00:00,0.69582,0.6973,0.69572,0.69701,2388,9,0
2026-04-07 20:00:00+00:00,0.69699,0.69753,0.69688,0.6975,555,9,0
2026-04-07 20:15:00+00:00,0.6975,0.69772,0.69736,0.69745,448,9,0
2026-04-07 20:30:00+00:00,0.69746,0.69784,0.69729,0.69749,559,9,0
2026-04-07 20:45:00+00:00,0.69748,0.69767,0.69733,0.69759,486,9,0
2026-04-07 21:00:00+00:00,0.69757,0.69757,0.69694,0.69727,197,17,0
2026-04-07 21:15:00+00:00,0.69728,0.69737,0.69726,0.69731,197,48,0
2026-04-07 21:30:00+00:00,0.69733,0.69741,0.69727,0.69739,201,37,0
2026-04-07 21:45:00+00:00,0.6974,0.69741,0.69723,0.69734,166,34,0
2026-04-07 22:00:00+00:00,0.69738,0.69958,0.69737,0.69907,535,9,0
2026-04-07 22:15:00+00:00,0.69907,0.69918,0.69889,0.69915,337,9,0
2026-04-07 22:30:00+00:00,0.69915,0.7039,0.69657,0.70316,1714,9,0
2026-04-07 22:45:00+00:00,0.70317,0.70501,0.70239,0.70477,1494,9,0
2026-04-07 23:00:00+00:00,0.70477,0.7069,0.70422,0.70628,3173,9,0
2026-04-07 23:15:00+00:00,0.7063,0.70751,0.70599,0.7062,1769,9,0
2026-04-07 23:30:00+00:00,0.70619,0.70703,0.70586,0.70698,1502,9,0
2026-04-07 23:45:00+00:00,0.70698,0.7077,0.70689,0.70758,1376,9,0
2026-04-08 00:00:00+00:00,0.7076,0.70844,0.70676,0.70689,2496,9,0
2026-04-08 00:15:00+00:00,0.70687,0.70694,0.70582,0.70594,1493,9,0
2026-04-08 00:30:00+00:00,0.70595,0.70611,0.70521,0.70523,1269,9,0
2026-04-08 00:45:00+00:00,0.70524,0.70598,0.70484,0.70532,1082,9,0
2026-04-08 01:00:00+00:00,0.7053,0.70653,0.70521,0.70605,1198,9,0
2026-04-08 01:15:00+00:00,0.70603,0.70711,0.706,0.7068,1059,9,0
2026-04-08 01:30:00+00:00,0.70679,0.7068,0.70597,0.70668,1033,9,0
2026-04-08 01:45:00+00:00,0.70668,0.70723,0.70626,0.70639,721,9,0
2026-04-08 02:00:00+00:00,0.70637,0.70704,0.70598,0.70606,858,9,0
2026-04-08 02:15:00+00:00,0.70605,0.70605,0.70534,0.70553,611,9,0
2026-04-08 02:30:00+00:00,0.70554,0.70567,0.7052,0.70542,592,9,0
2026-04-08 02:45:00+00:00,0.70542,0.70546,0.70496,0.70524,501,9,0
2026-04-08 03:00:00+00:00,0.70525,0.70531,0.70479,0.70509,572,9,0
2026-04-08 03:15:00+00:00,0.70507,0.70537,0.70439,0.70471,619,9,0
2026-04-08 03:30:00+00:00,0.70471,0.70509,0.70426,0.7048,597,9,0
2026-04-08 03:45:00+00:00,0.7048,0.70544,0.70458,0.70523,493,9,0
2026-04-08 04:00:00+00:00,0.70523,0.70638,0.70519,0.70638,628,9,0
2026-04-08 04:15:00+00:00,0.70638,0.7066,0.7062,0.70645,490,9,0
2026-04-08 04:30:00+00:00,0.70645,0.70683,0.70636,0.70659,402,9,0
2026-04-08 04:45:00+00:00,0.70659,0.70671,0.70622,0.70666,556,9,0
2026-04-08 05:00:00+00:00,0.70667,0.70698,0.70612,0.70656,722,9,0
2026-04-08 05:15:00+00:00,0.70656,0.70734,0.70634,0.70726,485,9,0
2026-04-08 05:30:00+00:00,0.70727,0.70755,0.7071,0.7073,648,9,0
2026-04-08 05:45:00+00:00,0.70729,0.70826,0.70708,0.70708,804,9,0
2026-04-08 06:00:00+00:00,0.70706,0.70714,0.70619,0.70659,994,9,0
2026-04-08 06:15:00+00:00,0.70659,0.70734,0.7065,0.70722,816,9,0
2026-04-08 06:30:00+00:00,0.70722,0.70794,0.70706,0.70779,810,9,0
2026-04-08 06:45:00+00:00,0.7078,0.70791,0.70704,0.70712,810,9,0
2026-04-08 07:00:00+00:00,0.70711,0.70714,0.70555,0.70602,1191,9,0
2026-04-08 07:15:00+00:00,0.70601,0.70691,0.70579,0.70661,819,9,0
2026-04-08 07:30:00+00:00,0.70661,0.70711,0.70645,0.70675,813,9,0
2026-04-08 07:45:00+00:00,0.70675,0.70693,0.70603,0.70605,712,9,0
2026-04-08 08:00:00+00:00,0.70603,0.70625,0.70502,0.70509,868,9,0
2026-04-08 08:15:00+00:00,0.70507,0.70543,0.70481,0.70501,645,9,0
2026-04-08 08:30:00+00:00,0.70501,0.7051,0.70325,0.70395,1016,9,0
2026-04-08 08:45:00+00:00,0.70396,0.70462,0.70387,0.70442,762,9,0
2026-04-08 09:00:00+00:00,0.70443,0.70493,0.70443,0.70466,553,9,0
2026-04-08 09:15:00+00:00,0.70465,0.70477,0.70412,0.70416,539,9,0
2026-04-08 09:30:00+00:00,0.70416,0.7044,0.70352,0.70356,733,9,0
2026-04-08 09:45:00+00:00,0.70357,0.70409,0.70334,0.70348,734,9,0
2026-04-08 10:00:00+00:00,0.70347,0.70393,0.70331,0.70378,631,9,0
2026-04-08 10:15:00+00:00,0.70378,0.70409,0.70358,0.704,487,9,0
2026-04-08 10:30:00+00:00,0.70398,0.70424,0.70394,0.70419,393,9,0
2026-04-08 10:45:00+00:00,0.7042,0.70439,0.70378,0.70381,463,9,0
2026-04-08 11:00:00+00:00,0.7038,0.70428,0.70327,0.70416,516,9,0
2026-04-08 11:15:00+00:00,0.70417,0.70562,0.70403,0.70536,740,9,0
2026-04-08 11:30:00+00:00,0.70535,0.70541,0.70441,0.70462,774,9,0
2026-04-08 11:45:00+00:00,0.70462,0.70553,0.70462,0.70535,676,9,0
2026-04-08 12:00:00+00:00,0.70536,0.706,0.70527,0.70594,874,9,0
2026-04-08 12:15:00+00:00,0.70595,0.70634,0.70444,0.70551,2427,9,0
2026-04-08 12:30:00+00:00,0.70552,0.70682,0.70552,0.70679,806,9,0
2026-04-08 12:45:00+00:00,0.70679,0.70731,0.70658,0.70703,708,9,0
2026-04-08 13:00:00+00:00,0.70703,0.70777,0.7069,0.70722,884,9,0
2026-04-08 13:15:00+00:00,0.70722,0.70735,0.70608,0.7062,876,9,0
2026-04-08 13:30:00+00:00,0.70621,0.70642,0.70499,0.7054,1838,9,0
2026-04-08 13:45:00+00:00,0.70539,0.70621,0.70486,0.7055,1625,9,0
2026-04-08 14:00:00+00:00,0.70548,0.70609,0.705,0.7055,1637,9,0
2026-04-08 14:15:00+00:00,0.70551,0.70564,0.70499,0.70527,1342,9,0
2026-04-08 14:30:00+00:00,0.70523,0.70538,0.70462,0.70518,1449,9,0
2026-04-08 14:45:00+00:00,0.70518,0.70588,0.70434,0.70585,1627,9,0
2026-04-08 15:00:00+00:00,0.70586,0.70593,0.70496,0.70527,1223,9,0
2026-04-08 15:15:00+00:00,0.70526,0.70584,0.70506,0.70537,947,9,0
2026-04-08 15:30:00+00:00,0.70539,0.70632,0.70531,0.7058,914,9,0
2026-04-08 15:45:00+00:00,0.70579,0.70633,0.70579,0.70603,649,9,0
2026-04-08 16:00:00+00:00,0.70601,0.70621,0.70559,0.70566,822,9,0
2026-04-08 16:15:00+00:00,0.70566,0.70575,0.70516,0.70535,733,9,0
2026-04-08 16:30:00+00:00,0.70537,0.70585,0.70523,0.70571,537,9,0
2026-04-08 16:45:00+00:00,0.70571,0.70602,0.70563,0.70602,441,9,0
2026-04-08 17:00:00+00:00,0.70603,0.70621,0.70556,0.70588,518,9,0
2026-04-08 17:15:00+00:00,0.70588,0.70593,0.70491,0.70512,838,9,0
2026-04-08 17:30:00+00:00,0.70512,0.70531,0.70451,0.70519,765,9,0
2026-04-08 17:45:00+00:00,0.70518,0.70526,0.70496,0.70526,413,9,0
2026-04-08 18:00:00+00:00,0.70528,0.70568,0.70497,0.70565,460,9,0
2026-04-08 18:15:00+00:00,0.70565,0.70577,0.70407,0.70407,1701,9,0
2026-04-08 18:30:00+00:00,0.70409,0.70434,0.70352,0.70361,840,9,0
2026-04-08 18:45:00+00:00,0.70359,0.70367,0.70313,0.70319,732,9,0
2026-04-08 19:00:00+00:00,0.70318,0.70368,0.70284,0.70367,744,9,0
2026-04-08 19:15:00+00:00,0.70365,0.70385,0.70347,0.70357,579,9,0
2026-04-08 19:30:00+00:00,0.70356,0.70462,0.70356,0.70438,713,9,0
2026-04-08 19:45:00+00:00,0.70438,0.70538,0.70438,0.70521,535,9,0
2026-04-08 20:00:00+00:00,0.70522,0.70537,0.70482,0.70482,351,9,0
2026-04-08 20:15:00+00:00,0.70483,0.70488,0.70452,0.70469,191,9,0
2026-04-08 20:30:00+00:00,0.70469,0.70473,0.70448,0.70455,130,9,0
2026-04-08 20:45:00+00:00,0.70455,0.7047,0.70423,0.70425,309,9,0
2026-04-08 21:00:00+00:00,0.70423,0.70429,0.70409,0.70413,123,10,0
2026-04-08 21:15:00+00:00,0.70412,0.70426,0.70408,0.70421,152,44,0
2026-04-08 21:30:00+00:00,0.7042,0.70421,0.70376,0.7038,288,48,0
2026-04-08 21:45:00+00:00,0.70379,0.70417,0.70376,0.70417,332,43,0
2026-04-08 22:00:00+00:00,0.70428,0.70474,0.70428,0.70445,183,9,0
2026-04-08 22:15:00+00:00,0.70444,0.70448,0.70428,0.70448,160,9,0
2026-04-08 22:30:00+00:00,0.70448,0.70471,0.70446,0.70457,165,9,0
2026-04-08 22:45:00+00:00,0.70459,0.70464,0.70452,0.70461,97,9,0
2026-04-08 23:00:00+00:00,0.70461,0.70474,0.7044,0.7044,216,9,0
2026-04-08 23:15:00+00:00,0.7044,0.70442,0.7041,0.70412,150,9,0
2026-04-08 23:30:00+00:00,0.70412,0.7043,0.70394,0.7042,166,9,0
2026-04-08 23:45:00+00:00,0.7042,0.70432,0.70384,0.70386,276,9,0
2026-04-09 00:00:00+00:00,0.70387,0.7039,0.70296,0.70306,627,9,0
2026-04-09 00:15:00+00:00,0.70306,0.7035,0.70302,0.70333,461,9,0
2026-04-09 00:30:00+00:00,0.70333,0.70377,0.70333,0.70368,404,9,0
2026-04-09 00:45:00+00:00,0.70368,0.70372,0.70343,0.70349,463,9,0
2026-04-09 01:00:00+00:00,0.70347,0.70371,0.70306,0.70309,526,9,0
2026-04-09 01:15:00+00:00,0.70309,0.70316,0.70248,0.70256,569,9,0
2026-04-09 01:30:00+00:00,0.70256,0.70349,0.70256,0.70321,530,9,0
2026-04-09 01:45:00+00:00,0.70322,0.70346,0.703,0.70337,557,9,0
2026-04-09 02:00:00+00:00,0.70337,0.70354,0.70293,0.70303,465,9,0
2026-04-09 02:15:00+00:00,0.70304,0.70364,0.70302,0.70355,391,9,0
2026-04-09 02:30:00+00:00,0.70355,0.70399,0.70352,0.70384,409,9,0
2026-04-09 02:45:00+00:00,0.70383,0.70405,0.70362,0.70376,395,9,0
2026-04-09 03:00:00+00:00,0.70376,0.70388,0.70357,0.70365,339,9,0
2026-04-09 03:15:00+00:00,0.70364,0.70388,0.70357,0.70376,243,9,0
2026-04-09 03:30:00+00:00,0.70376,0.70399,0.70376,0.70392,270,9,0
2026-04-09 03:45:00+00:00,0.70392,0.7041,0.70348,0.70396,449,9,0
2026-04-09 04:00:00+00:00,0.70397,0.70446,0.70391,0.70446,290,9,0
2026-04-09 04:15:00+00:00,0.70446,0.70458,0.70434,0.70455,224,9,0
2026-04-09 04:30:00+00:00,0.70455,0.7046,0.70436,0.70444,212,9,0
2026-04-09 04:45:00+00:00,0.70444,0.70446,0.70395,0.70398,223,9,0
2026-04-09 05:00:00+00:00,0.70398,0.7043,0.70381,0.70387,355,9,0
2026-04-09 05:15:00+00:00,0.70387,0.70445,0.70386,0.70417,348,9,0
2026-04-09 05:30:00+00:00,0.70417,0.7042,0.70396,0.70402,352,9,0
2026-04-09 05:45:00+00:00,0.70402,0.70402,0.7033,0.70342,392,9,0
2026-04-09 06:00:00+00:00,0.70342,0.70378,0.70318,0.70325,526,9,0
2026-04-09 06:15:00+00:00,0.70325,0.70352,0.70314,0.70351,495,9,0
2026-04-09 06:30:00+00:00,0.7035,0.70365,0.70325,0.70353,560,9,0
2026-04-09 06:45:00+00:00,0.70354,0.704,0.70337,0.70398,557,9,0
2026-04-09 07:00:00+00:00,0.70399,0.70409,0.70343,0.70355,531,9,0
2026-04-09 07:15:00+00:00,0.70355,0.70364,0.70278,0.70308,609,9,0
2026-04-09 07:30:00+00:00,0.70309,0.70335,0.70264,0.7031,545,9,0
2026-04-09 07:45:00+00:00,0.7031,0.70318,0.70282,0.70285,453,9,0
2026-04-09 08:00:00+00:00,0.70285,0.70303,0.70229,0.70231,468,9,0
2026-04-09 08:15:00+00:00,0.70231,0.70263,0.70223,0.70235,433,9,0
2026-04-09 08:30:00+00:00,0.70237,0.70281,0.70233,0.7028,446,9,0
2026-04-09 08:45:00+00:00,0.70279,0.7031,0.70264,0.70264,417,9,0
2026-04-09 09:00:00+00:00,0.70264,0.70302,0.70218,0.70302,463,9,0
2026-04-09 09:15:00+00:00,0.70302,0.70311,0.70286,0.70289,353,9,0
2026-04-09 09:30:00+00:00,0.70287,0.70318,0.70283,0.70307,258,9,0
2026-04-09 09:45:00+00:00,0.70307,0.7033,0.70297,0.70322,321,9,0
2026-04-09 10:00:00+00:00,0.70321,0.70348,0.70309,0.70309,357,9,0
2026-04-09 10:15:00+00:00,0.70309,0.70331,0.70296,0.70315,368,9,0
2026-04-09 10:30:00+00:00,0.70314,0.70322,0.70291,0.70301,262,9,0
2026-04-09 10:45:00+00:00,0.70301,0.7033,0.70294,0.70294,421,9,0
2026-04-09 11:00:00+00:00,0.70293,0.70328,0.70287,0.70317,443,9,0
2026-04-09 11:15:00+00:00,0.70317,0.70371,0.70316,0.70368,376,9,0
2026-04-09 11:30:00+00:00,0.7037,0.70436,0.70365,0.70424,451,9,0
2026-04-09 11:45:00+00:00,0.70426,0.70453,0.7042,0.70451,426,9,0
2026-04-09 12:00:00+00:00,0.70451,0.70456,0.70403,0.70417,462,9,0
2026-04-09 12:15:00+00:00,0.70416,0.70427,0.70387,0.70408,371,9,0
2026-04-09 12:30:00+00:00,0.7041,0.70453,0.70364,0.7038,952,9,0
2026-04-09 12:45:00+00:00,0.7038,0.70411,0.70335,0.70409,583,9,0
2026-04-09 13:00:00+00:00,0.70409,0.70434,0.70394,0.70425,587,9,0
2026-04-09 13:15:00+00:00,0.70425,0.70476,0.70424,0.70452,520,9,0
2026-04-09 13:30:00+00:00,0.70454,0.70574,0.70453,0.7056,784,9,0
2026-04-09 13:45:00+00:00,0.70561,0.70576,0.70495,0.70504,838,9,0
2026-04-09 14:00:00+00:00,0.70503,0.70581,0.70496,0.7056,801,9,0
2026-04-09 14:15:00+00:00,0.70559,0.70568,0.7052,0.70566,785,9,0
2026-04-09 14:30:00+00:00,0.70565,0.70565,0.70458,0.70481,792,9,0
2026-04-09 14:45:00+00:00,0.7048,0.70604,0.70479,0.70595,920,9,0
2026-04-09 15:00:00+00:00,0.70595,0.70605,0.70533,0.70601,779,9,0
2026-04-09 15:15:00+00:00,0.70602,0.70713,0.70602,0.7065,949,9,0
2026-04-09 15:30:00+00:00,0.70652,0.70815,0.7064,0.70776,1977,9,0
2026-04-09 15:45:00+00:00,0.70774,0.70855,0.7075,0.70849,976,9,0
2026-04-09 16:00:00+00:00,0.70847,0.70904,0.70821,0.70862,890,9,0
2026-04-09 16:15:00+00:00,0.70864,0.70921,0.70855,0.70911,631,9,0
2026-04-09 16:30:00+00:00,0.70911,0.70916,0.70856,0.70868,616,9,0
2026-04-09 16:45:00+00:00,0.70868,0.70887,0.70842,0.70854,546,9,0
2026-04-09 17:00:00+00:00,0.70854,0.70901,0.70837,0.70891,598,9,0
2026-04-09 17:15:00+00:00,0.7089,0.7092,0.70887,0.70916,527,9,0
2026-04-09 17:30:00+00:00,0.70916,0.70945,0.70881,0.7091,519,9,0
2026-04-09 17:45:00+00:00,0.7091,0.70927,0.70886,0.70896,476,9,0
2026-04-09 18:00:00+00:00,0.70897,0.70898,0.70777,0.70791,935,9,0
2026-04-09 18:15:00+00:00,0.70792,0.70808,0.70749,0.70765,723,9,0
2026-04-09 18:30:00+00:00,0.70764,0.70789,0.70726,0.70772,560,9,0
2026-04-09 18:45:00+00:00,0.70772,0.70794,0.70764,0.7078,443,9,0
2026-04-09 19:00:00+00:00,0.70779,0.70825,0.70772,0.70821,394,9,0
2026-04-09 19:15:00+00:00,0.70822,0.7083,0.70782,0.70818,373,9,0
2026-04-09 19:30:00+00:00,0.70818,0.70857,0.70818,0.70853,354,9,0
2026-04-09 19:45:00+00:00,0.70852,0.70858,0.70831,0.70843,408,9,0
2026-04-09 20:00:00+00:00,0.70844,0.70857,0.7082,0.70837,350,9,0
2026-04-09 20:15:00+00:00,0.70837,0.70852,0.70821,0.70843,230,9,0
2026-04-09 20:30:00+00:00,0.70843,0.70847,0.70827,0.70837,118,9,0
2026-04-09 20:45:00+00:00,0.70837,0.70842,0.70819,0.70827,162,9,0
2026-04-09 21:00:00+00:00,0.70829,0.70829,0.70784,0.708,195,9,0
2026-04-09 21:15:00+00:00,0.70798,0.70815,0.70796,0.70813,170,32,0
2026-04-09 21:30:00+00:00,0.70815,0.70818,0.70763,0.70782,257,39,0
2026-04-09 21:45:00+00:00,0.7078,0.70804,0.7078,0.708,96,44,0
2026-04-09 22:00:00+00:00,0.70801,0.70854,0.70801,0.70826,165,9,0
2026-04-09 22:15:00+00:00,0.70826,0.70828,0.7079,0.7079,115,9,0
2026-04-09 22:30:00+00:00,0.70784,0.70816,0.70783,0.70787,246,9,0
2026-04-09 22:45:00+00:00,0.70787,0.70795,0.70783,0.70793,152,9,0
2026-04-09 23:00:00+00:00,0.70793,0.70797,0.70782,0.7079,125,9,0
2026-04-09 23:15:00+00:00,0.7079,0.70791,0.70767,0.70775,164,9,0
2026-04-09 23:30:00+00:00,0.70775,0.70797,0.70765,0.70765,167,9,0
2026-04-09 23:45:00+00:00,0.70765,0.7078,0.70742,0.70747,194,9,0
2026-04-10 00:00:00+00:00,0.70747,0.70754,0.70699,0.70711,452,9,0
2026-04-10 00:15:00+00:00,0.7071,0.70728,0.70701,0.70705,339,9,0
2026-04-10 00:30:00+00:00,0.70705,0.70745,0.70701,0.7072,325,9,0
2026-04-10 00:45:00+00:00,0.7072,0.70753,0.70717,0.70753,291,9,0
2026-04-10 01:00:00+00:00,0.70752,0.70755,0.70727,0.70729,338,9,0
2026-04-10 01:15:00+00:00,0.70729,0.70756,0.7072,0.70756,334,9,0
2026-04-10 01:30:00+00:00,0.70756,0.70811,0.70747,0.7081,369,9,0
2026-04-10 01:45:00+00:00,0.7081,0.70825,0.70752,0.70758,405,9,0
2026-04-10 02:00:00+00:00,0.70759,0.70783,0.70722,0.70722,465,9,0
2026-04-10 02:15:00+00:00,0.70721,0.70738,0.70683,0.70685,325,9,0
2026-04-10 02:30:00+00:00,0.70684,0.70713,0.7068,0.70712,292,9,0
2026-04-10 02:45:00+00:00,0.70712,0.70713,0.70684,0.70686,211,9,0
2026-04-10 03:00:00+00:00,0.70685,0.70704,0.70669,0.7067,211,9,0
2026-04-10 03:15:00+00:00,0.7067,0.70713,0.70666,0.70698,222,9,0
2026-04-10 03:30:00+00:00,0.70698,0.70709,0.70675,0.70683,234,9,0
2026-04-10 03:45:00+00:00,0.70683,0.70715,0.70678,0.70693,255,9,0
2026-04-10 04:00:00+00:00,0.70692,0.70709,0.70685,0.7069,214,9,0
2026-04-10 04:15:00+00:00,0.70689,0.70692,0.70664,0.70666,171,9,0
2026-04-10 04:30:00+00:00,0.70667,0.70677,0.70649,0.70649,224,9,0
2026-04-10 04:45:00+00:00,0.70649,0.7069,0.70649,0.70667,226,9,0
2026-04-10 05:00:00+00:00,0.70667,0.70675,0.70641,0.7065,259,9,0
2026-04-10 05:15:00+00:00,0.7065,0.70682,0.70649,0.70655,237,9,0
2026-04-10 05:30:00+00:00,0.70656,0.70697,0.70656,0.70675,284,9,0
2026-04-10 05:45:00+00:00,0.70675,0.70707,0.70675,0.70703,214,9,0
2026-04-10 06:00:00+00:00,0.70703,0.70727,0.70649,0.70651,418,9,0
2026-04-10 06:15:00+00:00,0.70651,0.70657,0.70633,0.70638,331,9,0
2026-04-10 06:30:00+00:00,0.70638,0.70672,0.7062,0.70635,402,9,0
2026-04-10 06:45:00+00:00,0.70635,0.70645,0.70611,0.70626,307,9,0
2026-04-10 07:00:00+00:00,0.70624,0.70648,0.70593,0.70631,502,9,0
2026-04-10 07:15:00+00:00,0.70632,0.70655,0.706,0.7063,483,9,0
2026-04-10 07:30:00+00:00,0.7063,0.70631,0.70591,0.70605,359,9,0
2026-04-10 07:45:00+00:00,0.70606,0.7061,0.70533,0.70546,380,9,0
2026-04-10 08:00:00+00:00,0.70545,0.70607,0.70535,0.70605,433,9,0
2026-04-10 08:15:00+00:00,0.70606,0.70621,0.7058,0.70618,333,9,0
2026-04-10 08:30:00+00:00,0.70618,0.70642,0.70617,0.70628,276,9,0
2026-04-10 08:45:00+00:00,0.70629,0.70641,0.70577,0.70577,407,9,0
2026-04-10 09:00:00+00:00,0.70577,0.706,0.70567,0.70584,353,9,0
2026-04-10 09:15:00+00:00,0.70585,0.70702,0.70581,0.70634,1325,9,0
2026-04-10 09:30:00+00:00,0.70633,0.70654,0.70603,0.70647,473,9,0
2026-04-10 09:45:00+00:00,0.70647,0.70677,0.70634,0.70673,414,9,0
2026-04-10 10:00:00+00:00,0.70673,0.70678,0.7064,0.70642,383,9,0
2026-04-10 10:15:00+00:00,0.70642,0.70692,0.70628,0.70664,400,9,0
2026-04-10 10:30:00+00:00,0.70664,0.70676,0.70652,0.70662,320,9,0
2026-04-10 10:45:00+00:00,0.70662,0.70684,0.7065,0.70676,335,9,0
2026-04-10 11:00:00+00:00,0.70676,0.70699,0.70667,0.70683,367,9,0
2026-04-10 11:15:00+00:00,0.70682,0.70711,0.70672,0.70689,306,9,0
2026-04-10 11:30:00+00:00,0.70689,0.70699,0.70666,0.70695,284,9,0
2026-04-10 11:45:00+00:00,0.70696,0.70719,0.70691,0.70714,285,9,0
2026-04-10 12:00:00+00:00,0.70715,0.70732,0.70707,0.70727,367,9,0
2026-04-10 12:15:00+00:00,0.70727,0.70748,0.7072,0.70738,370,9,0
2026-04-10 12:30:00+00:00,0.7074,0.70825,0.7074,0.70777,981,9,0
2026-04-10 12:45:00+00:00,0.70778,0.70784,0.70746,0.70758,585,9,0
2026-04-10 13:00:00+00:00,0.70756,0.70802,0.7074,0.70792,586,9,0
2026-04-10 13:15:00+00:00,0.70792,0.70865,0.7078,0.7086,529,9,0
2026-04-10 13:30:00+00:00,0.7086,0.70874,0.70783,0.70787,848,9,0
2026-04-10 13:45:00+00:00,0.70789,0.70804,0.70733,0.70777,699,9,0
2026-04-10 14:00:00+00:00,0.70776,0.7085,0.70763,0.7085,782,9,0
2026-04-10 14:15:00+00:00,0.70849,0.70935,0.70834,0.70905,684,9,0
2026-04-10 14:30:00+00:00,0.70906,0.70919,0.70806,0.70849,978,9,0
2026-04-10 14:45:00+00:00,0.70851,0.70858,0.70795,0.7083,926,9,0
2026-04-10 15:00:00+00:00,0.70828,0.70862,0.70782,0.70843,665,9,0
2026-04-10 15:15:00+00:00,0.70842,0.70886,0.70808,0.70811,571,9,0
2026-04-10 15:30:00+00:00,0.70811,0.70834,0.7076,0.70776,855,9,0
2026-04-10 15:45:00+00:00,0.70775,0.70785,0.70749,0.70763,558,9,0
2026-04-10 16:00:00+00:00,0.70764,0.70765,0.70726,0.70749,588,9,0
2026-04-10 16:15:00+00:00,0.7075,0.70759,0.70719,0.7072,503,9,0
2026-04-10 16:30:00+00:00,0.70719,0.70731,0.70652,0.70653,613,9,0
2026-04-10 16:45:00+00:00,0.70652,0.70722,0.70648,0.70709,506,9,0
2026-04-10 17:00:00+00:00,0.70709,0.70723,0.70674,0.70718,455,9,0
2026-04-10 17:15:00+00:00,0.70718,0.70726,0.70698,0.70718,347,9,0
2026-04-10 17:30:00+00:00,0.70717,0.70758,0.707,0.70748,422,9,0
2026-04-10 17:45:00+00:00,0.70748,0.70765,0.70732,0.70736,300,9,0
2026-04-10 18:00:00+00:00,0.70736,0.70737,0.70693,0.70731,429,9,0
2026-04-10 18:15:00+00:00,0.70732,0.7078,0.70729,0.70771,444,9,0
2026-04-10 18:30:00+00:00,0.70772,0.70816,0.70772,0.70787,416,9,0
2026-04-10 18:45:00+00:00,0.70786,0.70792,0.70776,0.70785,264,9,0
2026-04-10 19:00:00+00:00,0.70786,0.70795,0.70768,0.70784,310,9,0
2026-04-10 19:15:00+00:00,0.70784,0.70794,0.70772,0.70777,231,9,0
2026-04-10 19:30:00+00:00,0.70775,0.70785,0.70763,0.70778,237,9,0
2026-04-10 19:45:00+00:00,0.70776,0.70783,0.70763,0.70764,273,9,0
2026-04-10 20:00:00+00:00,0.70765,0.70777,0.70755,0.70774,194,9,0
2026-04-10 20:15:00+00:00,0.70773,0.70776,0.70752,0.7076,153,9,0
2026-04-10 20:30:00+00:00,0.7076,0.7077,0.70756,0.70767,124,9,0
2026-04-10 20:45:00+00:00,0.70767,0.70776,0.70661,0.70669,548,9,0
2026-04-12 21:00:00+00:00,0.69893,0.69916,0.69891,0.69909,72,67,0
2026-04-12 21:15:00+00:00,0.69905,0.69989,0.69905,0.69985,187,116,0
2026-04-12 21:30:00+00:00,0.6999,0.70054,0.69981,0.70046,164,61,0
2026-04-12 21:45:00+00:00,0.70046,0.70084,0.70044,0.70078,151,29,0
2026-04-12 22:00:00+00:00,0.70079,0.70141,0.70026,0.70136,644,9,0
2026-04-12 22:15:00+00:00,0.70136,0.70182,0.70119,0.70141,490,9,0
2026-04-12 22:30:00+00:00,0.70142,0.7021,0.70129,0.70201,456,9,0
2026-04-12 22:45:00+00:00,0.702,0.70217,0.70172,0.70203,237,9,0
2026-04-12 23:00:00+00:00,0.70202,0.70208,0.70157,0.70174,355,9,0
2026-04-12 23:15:00+00:00,0.70174,0.70177,0.7012,0.70139,326,9,0
2026-04-12 23:30:00+00:00,0.7014,0.70161,0.70138,0.70158,243,9,0
2026-04-12 23:45:00+00:00,0.70158,0.70214,0.70158,0.70191,424,9,0
2026-04-13 00:00:00+00:00,0.70192,0.7022,0.70163,0.70217,710,9,0
2026-04-13 00:15:00+00:00,0.70217,0.70291,0.70213,0.70264,534,9,0
2026-04-13 00:30:00+00:00,0.70265,0.70329,0.70265,0.70277,477,9,0
2026-04-13 00:45:00+00:00,0.70278,0.70334,0.70278,0.70334,485,9,0
2026-04-13 01:00:00+00:00,0.70335,0.70419,0.70335,0.70373,826,9,0
2026-04-13 01:15:00+00:00,0.70373,0.70376,0.70337,0.70345,434,9,0
2026-04-13 01:30:00+00:00,0.70345,0.70349,0.70284,0.70286,426,9,0
2026-04-13 01:45:00+00:00,0.70286,0.70343,0.70271,0.70334,433,9,0
2026-04-13 02:00:00+00:00,0.70333,0.70356,0.70314,0.70349,362,9,0
2026-04-13 02:15:00+00:00,0.70349,0.70363,0.70338,0.70357,291,9,0
2026-04-13 02:30:00+00:00,0.70358,0.70383,0.70342,0.70352,264,9,0
2026-04-13 02:45:00+00:00,0.70352,0.70363,0.70307,0.70363,357,9,0
2026-04-13 03:00:00+00:00,0.70363,0.70387,0.70322,0.70322,373,9,0
2026-04-13 03:15:00+00:00,0.70322,0.70354,0.70319,0.70347,239,9,0
2026-04-13 03:30:00+00:00,0.70348,0.70367,0.70316,0.70361,301,9,0
2026-04-13 03:45:00+00:00,0.70361,0.70385,0.70336,0.70378,268,9,0
2026-04-13 04:00:00+00:00,0.70378,0.70389,0.70364,0.70383,268,9,0
2026-04-13 04:15:00+00:00,0.70383,0.70395,0.70373,0.70387,220,9,0
2026-04-13 04:30:00+00:00,0.70387,0.70401,0.7038,0.70391,231,9,0
2026-04-13 04:45:00+00:00,0.70391,0.70404,0.70356,0.70362,289,9,0
2026-04-13 05:00:00+00:00,0.70364,0.70376,0.7034,0.70365,332,9,0
2026-04-13 05:15:00+00:00,0.70365,0.70403,0.70358,0.704,296,9,0
2026-04-13 05:30:00+00:00,0.704,0.70425,0.70378,0.70384,352,9,0
2026-04-13 05:45:00+00:00,0.70385,0.70414,0.70383,0.70391,351,9,0
2026-04-13 06:00:00+00:00,0.70391,0.70439,0.70388,0.70404,531,9,0
2026-04-13 06:15:00+00:00,0.70404,0.7043,0.70393,0.70423,437,9,0
2026-04-13 06:30:00+00:00,0.70424,0.70435,0.70403,0.70408,353,9,0
2026-04-13 06:45:00+00:00,0.70408,0.7044,0.70399,0.7044,362,9,0
2026-04-13 07:00:00+00:00,0.7044,0.70521,0.7044,0.70481,551,9,0
2026-04-13 07:15:00+00:00,0.70481,0.70526,0.70474,0.70526,412,9,0
2026-04-13 07:30:00+00:00,0.70525,0.70582,0.70524,0.7054,495,9,0
2026-04-13 07:45:00+00:00,0.7054,0.70562,0.70507,0.70558,415,9,0
2026-04-13 08:00:00+00:00,0.70556,0.70581,0.70531,0.70532,579,9,0
2026-04-13 08:15:00+00:00,0.70533,0.70558,0.70521,0.70549,390,9,0
2026-04-13 08:30:00+00:00,0.7055,0.70567,0.70502,0.7051,433,9,0
2026-04-13 08:45:00+00:00,0.70511,0.70529,0.70505,0.70517,406,9,0
2026-04-13 09:00:00+00:00,0.70519,0.70551,0.70455,0.70465,479,9,0
2026-04-13 09:15:00+00:00,0.70465,0.70507,0.70455,0.70484,352,9,0
2026-04-13 09:30:00+00:00,0.70484,0.70506,0.70466,0.70473,321,9,0
2026-04-13 09:45:00+00:00,0.70474,0.70482,0.70448,0.70463,258,9,0
2026-04-13 10:00:00+00:00,0.70464,0.70493,0.70459,0.70475,317,9,0
2026-04-13 10:15:00+00:00,0.70474,0.70474,0.70447,0.70472,257,9,0
2026-04-13 10:30:00+00:00,0.70472,0.70488,0.70466,0.70482,212,9,0
2026-04-13 10:45:00+00:00,0.70482,0.7051,0.70479,0.70497,293,9,0
2026-04-13 11:00:00+00:00,0.70498,0.70552,0.70498,0.70527,525,9,0
2026-04-13 11:15:00+00:00,0.70527,0.70532,0.70451,0.70458,334,9,0
2026-04-13 11:30:00+00:00,0.70457,0.7049,0.70398,0.7042,533,9,0
2026-04-13 11:45:00+00:00,0.70421,0.7043,0.70341,0.70348,633,9,0
2026-04-13 12:00:00+00:00,0.70349,0.70366,0.7029,0.70361,746,9,0
2026-04-13 12:15:00+00:00,0.70361,0.70375,0.70342,0.70347,430,9,0
2026-04-13 12:30:00+00:00,0.70348,0.70351,0.70304,0.70335,508,9,0
2026-04-13 12:45:00+00:00,0.70335,0.70447,0.70335,0.70432,517,9,0
2026-04-13 13:00:00+00:00,0.70432,0.70482,0.70428,0.70473,547,9,0
2026-04-13 13:15:00+00:00,0.70473,0.70478,0.70425,0.70427,532,9,0
2026-04-13 13:30:00+00:00,0.70429,0.70513,0.70418,0.70482,831,9,0
2026-04-13 13:45:00+00:00,0.70483,0.7062,0.7048,0.70568,1642,9,0
2026-04-13 14:00:00+00:00,0.7057,0.70617,0.70556,0.7061,897,9,0
2026-04-13 14:15:00+00:00,0.7061,0.70673,0.70568,0.70656,1171,9,0
2026-04-13 14:30:00+00:00,0.70658,0.70681,0.70632,0.70672,701,9,0
2026-04-13 14:45:00+00:00,0.70672,0.70696,0.70631,0.70646,753,9,0
2026-04-13 15:00:00+00:00,0.70645,0.70645,0.70602,0.70618,763,9,0
2026-04-13 15:15:00+00:00,0.70619,0.70629,0.70581,0.70583,560,9,0
2026-04-13 15:30:00+00:00,0.70581,0.70663,0.70554,0.70616,730,9,0
2026-04-13 15:45:00+00:00,0.70615,0.70617,0.70592,0.70614,473,9,0
2026-04-13 16:00:00+00:00,0.70613,0.70653,0.70573,0.70607,886,9,0
2026-04-13 16:15:00+00:00,0.70607,0.70718,0.70607,0.70699,894,9,0
2026-04-13 16:30:00+00:00,0.70699,0.70785,0.70696,0.70782,1325,9,0
2026-04-13 16:45:00+00:00,0.7078,0.70837,0.70775,0.70808,752,9,0
2026-04-13 17:00:00+00:00,0.70808,0.70875,0.70807,0.70873,520,9,0
2026-04-13 17:15:00+00:00,0.70872,0.70905,0.70868,0.70895,423,9,0
2026-04-13 17:30:00+00:00,0.70894,0.70906,0.70866,0.70873,325,9,0
2026-04-13 17:45:00+00:00,0.70873,0.70888,0.70861,0.70883,322,9,0
2026-04-13 18:00:00+00:00,0.70882,0.70914,0.70882,0.70903,286,9,0
2026-04-13 18:15:00+00:00,0.70904,0.70907,0.70871,0.70882,344,9,0
2026-04-13 18:30:00+00:00,0.7088,0.7094,0.70878,0.70931,415,9,0
2026-04-13 18:45:00+00:00,0.70931,0.70998,0.70929,0.7099,442,9,0
2026-04-13 19:00:00+00:00,0.70988,0.71,0.70948,0.70964,301,9,0
2026-04-13 19:15:00+00:00,0.70964,0.70982,0.70953,0.70977,244,9,0
2026-04-13 19:30:00+00:00,0.70977,0.70988,0.70949,0.70959,249,9,0
2026-04-13 19:45:00+00:00,0.70957,0.70978,0.70936,0.70963,379,9,0
2026-04-13 20:00:00+00:00,0.70965,0.70985,0.70962,0.70969,216,9,0
2026-04-13 20:15:00+00:00,0.70969,0.70979,0.7096,0.70963,122,9,0
2026-04-13 20:30:00+00:00,0.70965,0.70976,0.70961,0.70969,132,9,0
2026-04-13 20:45:00+00:00,0.70968,0.7097,0.70949,0.70951,175,9,0
2026-04-13 21:00:00+00:00,0.70949,0.70951,0.7092,0.7092,76,19,0
2026-04-13 21:15:00+00:00,0.70921,0.70938,0.70906,0.70933,184,36,0
2026-04-13 21:30:00+00:00,0.70933,0.70943,0.7093,0.70942,92,32,0
2026-04-13 21:45:00+00:00,0.70942,0.70946,0.70938,0.70943,56,26,0
2026-04-13 22:00:00+00:00,0.70944,0.71004,0.70939,0.70975,189,9,0
2026-04-13 22:15:00+00:00,0.70976,0.70979,0.70961,0.70978,124,9,0
2026-04-13 22:30:00+00:00,0.70978,0.71012,0.70978,0.70992,189,9,0
2026-04-13 22:45:00+00:00,0.70992,0.71006,0.70992,0.70999,119,9,0
2026-04-13 23:00:00+00:00,0.71,0.7102,0.70995,0.71005,192,9,0
2026-04-13 23:15:00+00:00,0.71006,0.71015,0.71002,0.71007,107,9,0
2026-04-13 23:30:00+00:00,0.71007,0.71007,0.70981,0.70984,141,9,0
2026-04-13 23:45:00+00:00,0.70984,0.71,0.70967,0.70987,212,9,0
2026-04-14 00:00:00+00:00,0.70988,0.70988,0.70917,0.70922,509,9,0
2026-04-14 00:15:00+00:00,0.70922,0.70948,0.7092,0.70925,307,9,0
2026-04-14 00:30:00+00:00,0.70925,0.70933,0.70876,0.70882,316,9,0
2026-04-14 00:45:00+00:00,0.70881,0.70896,0.70865,0.70896,382,9,0
2026-04-14 01:00:00+00:00,0.70896,0.7091,0.70873,0.70898,344,9,0
2026-04-14 01:15:00+00:00,0.709,0.70904,0.70863,0.70872,323,9,0
2026-04-14 01:30:00+00:00,0.70871,0.70878,0.70823,0.70826,464,9,0
2026-04-14 01:45:00+00:00,0.70826,0.7083,0.70785,0.70791,332,9,0
2026-04-14 02:00:00+00:00,0.7079,0.7082,0.70785,0.70812,303,9,0
2026-04-14 02:15:00+00:00,0.70811,0.70833,0.70801,0.70813,319,9,0
2026-04-14 02:30:00+00:00,0.70813,0.70854,0.70796,0.70839,277,9,0
2026-04-14 02:45:00+00:00,0.70839,0.70843,0.70807,0.7082,196,9,0
2026-04-14 03:00:00+00:00,0.7082,0.70839,0.70811,0.70836,206,9,0
2026-04-14 03:15:00+00:00,0.70836,0.70868,0.70836,0.70856,233,9,0
2026-04-14 03:30:00+00:00,0.70856,0.70872,0.70838,0.70854,171,9,0
2026-04-14 03:45:00+00:00,0.70854,0.70867,0.70839,0.70843,200,9,0
2026-04-14 04:00:00+00:00,0.70844,0.70858,0.70842,0.70851,128,9,0
2026-04-14 04:15:00+00:00,0.70851,0.70906,0.70836,0.70892,234,9,0
2026-04-14 04:30:00+00:00,0.70893,0.70897,0.70878,0.70882,157,9,0
2026-04-14 04:45:00+00:00,0.70882,0.70899,0.70861,0.70879,190,9,0
2026-04-14 05:00:00+00:00,0.70879,0.7089,0.70828,0.70833,351,9,0
2026-04-14 05:15:00+00:00,0.70835,0.70835,0.70782,0.70796,281,9,0
2026-04-14 05:30:00+00:00,0.70797,0.70837,0.70783,0.70837,321,9,0
2026-04-14 05:45:00+00:00,0.70836,0.70842,0.708,0.7081,273,9,0
2026-04-14 06:00:00+00:00,0.70811,0.70854,0.70797,0.70797,479,9,0
2026-04-14 06:15:00+00:00,0.70797,0.7084,0.70766,0.7084,452,9,0
2026-04-14 06:30:00+00:00,0.70839,0.70882,0.70834,0.70881,356,9,0
2026-04-14 06:45:00+00:00,0.7088,0.7093,0.7088,0.70921,404,9,0
2026-04-14 07:00:00+00:00,0.70919,0.71037,0.70919,0.70953,969,9,0
2026-04-14 07:15:00+00:00,0.70954,0.70974,0.7093,0.70947,608,9,0
2026-04-14 07:30:00+00:00,0.70947,0.71016,0.70944,0.70972,663,9,0
2026-04-14 07:45:00+00:00,0.70971,0.70991,0.70934,0.70962,493,9,0
2026-04-14 08:00:00+00:00,0.70961,0.70969,0.70931,0.70959,592,9,0
2026-04-14 08:15:00+00:00,0.7096,0.71009,0.70955,0.71006,454,9,0
2026-04-14 08:30:00+00:00,0.71006,0.71071,0.70991,0.71046,537,9,0
2026-04-14 08:45:00+00:00,0.71047,0.71047,0.71019,0.71038,251,9,0
2026-04-14 09:00:00+00:00,0.71039,0.71086,0.71039,0.71054,436,9,0
2026-04-14 09:15:00+00:00,0.71055,0.71088,0.71048,0.71048,322,9,0
2026-04-14 09:30:00+00:00,0.71048,0.7114,0.71033,0.71126,356,9,0
2026-04-14 09:45:00+00:00,0.71126,0.71133,0.71094,0.71131,291,9,0
2026-04-14 10:00:00+00:00,0.7113,0.71212,0.7113,0.71207,326,9,0
2026-04-14 10:15:00+00:00,0.71207,0.71207,0.71142,0.71161,447,9,0
2026-04-14 10:30:00+00:00,0.71161,0.71192,0.71152,0.71184,418,9,0
2026-04-14 10:45:00+00:00,0.71183,0.71222,0.71177,0.71187,342,9,0
2026-04-14 11:00:00+00:00,0.71185,0.71231,0.71179,0.71226,361,9,0
2026-04-14 11:15:00+00:00,0.71226,0.71271,0.71222,0.71267,307,9,0
2026-04-14 11:30:00+00:00,0.71267,0.71267,0.7119,0.71256,387,9,0
2026-04-14 11:45:00+00:00,0.71256,0.71297,0.7123,0.71258,600,9,0
2026-04-14 12:00:00+00:00,0.7126,0.7128,0.71204,0.71246,681,9,0
2026-04-14 12:15:00+00:00,0.71248,0.7127,0.71201,0.71261,604,9,0
2026-04-14 12:30:00+00:00,0.71261,0.71297,0.71242,0.71292,735,9,0
2026-04-14 12:45:00+00:00,0.71291,0.71363,0.71283,0.71359,527,9,0
2026-04-14 13:00:00+00:00,0.71358,0.71392,0.71334,0.71367,618,9,0
2026-04-14 13:15:00+00:00,0.71366,0.71375,0.71326,0.71331,558,9,0
2026-04-14 13:30:00+00:00,0.71332,0.71382,0.71293,0.71363,914,9,0
2026-04-14 13:45:00+00:00,0.71362,0.71377,0.71342,0.71373,647,9,0
2026-04-14 14:00:00+00:00,0.71371,0.71445,0.71361,0.71433,844,9,0
2026-04-14 14:15:00+00:00,0.71432,0.71465,0.71426,0.71443,609,9,0
2026-04-14 14:30:00+00:00,0.71444,0.71475,0.71417,0.71448,565,9,0
2026-04-14 14:45:00+00:00,0.71448,0.71458,0.71399,0.7142,649,9,0
2026-04-14 15:00:00+00:00,0.7142,0.7142,0.71343,0.71359,716,9,0
2026-04-14 15:15:00+00:00,0.71359,0.71391,0.71325,0.71355,771,9,0
2026-04-14 15:30:00+00:00,0.71357,0.71397,0.71338,0.71351,608,9,0
2026-04-14 15:45:00+00:00,0.71349,0.71357,0.71301,0.71301,452,9,0
2026-04-14 16:00:00+00:00,0.71301,0.71317,0.71278,0.71296,449,9,0
2026-04-14 16:15:00+00:00,0.71296,0.71315,0.71283,0.71312,381,9,0
2026-04-14 16:30:00+00:00,0.71312,0.71319,0.71286,0.71311,366,9,0
2026-04-14 16:45:00+00:00,0.71311,0.71314,0.71284,0.71287,310,9,0
2026-04-14 17:00:00+00:00,0.71287,0.71312,0.71267,0.71296,374,9,0
2026-04-14 17:15:00+00:00,0.71296,0.7135,0.71292,0.71334,306,9,0
2026-04-14 17:30:00+00:00,0.71335,0.71348,0.71327,0.71346,247,9,0
2026-04-14 17:45:00+00:00,0.71346,0.71346,0.71313,0.7132,300,9,0
2026-04-14 18:00:00+00:00,0.7132,0.71334,0.71302,0.71305,317,9,0
2026-04-14 18:15:00+00:00,0.71305,0.71305,0.71241,0.71259,450,9,0
2026-04-14 18:30:00+00:00,0.71259,0.71293,0.71258,0.7127,362,9,0
2026-04-14 18:45:00+00:00,0.7127,0.7127,0.71252,0.71266,273,9,0
2026-04-14 19:00:00+00:00,0.71265,0.71283,0.71255,0.7127,260,9,0
2026-04-14 19:15:00+00:00,0.7127,0.71284,0.71265,0.71282,179,9,0
2026-04-14 19:30:00+00:00,0.71281,0.71286,0.7125,0.71262,247,9,0
2026-04-14 19:45:00+00:00,0.71262,0.71279,0.71253,0.71259,295,9,0
2026-04-14 20:00:00+00:00,0.71259,0.71271,0.71252,0.71267,180,9,0
2026-04-14 20:15:00+00:00,0.71267,0.71273,0.71263,0.71272,109,9,0
2026-04-14 20:30:00+00:00,0.71272,0.71272,0.71261,0.71265,68,9,0
2026-04-14 20:45:00+00:00,0.71264,0.71269,0.71257,0.71259,138,9,0
2026-04-14 21:00:00+00:00,0.7126,0.71262,0.71205,0.71205,138,15,0
2026-04-14 21:15:00+00:00,0.71206,0.71209,0.71165,0.71168,243,70,0
2026-04-14 21:30:00+00:00,0.71166,0.7119,0.71164,0.7119,257,80,0
2026-04-14 21:45:00+00:00,0.7119,0.71223,0.7119,0.71223,381,44,0
2026-04-14 22:00:00+00:00,0.71227,0.71274,0.71227,0.71269,257,9,0
2026-04-14 22:15:00+00:00,0.7127,0.7128,0.71256,0.71268,128,9,0
2026-04-14 22:30:00+00:00,0.71268,0.71277,0.7126,0.71271,102,9,0
2026-04-14 22:45:00+00:00,0.71271,0.71283,0.71268,0.7128,88,9,0
2026-04-14 23:00:00+00:00,0.71279,0.71294,0.71278,0.71294,95,9,0
2026-04-14 23:15:00+00:00,0.71294,0.71302,0.71291,0.71299,76,9,0
2026-04-14 23:30:00+00:00,0.71299,0.71325,0.7129,0.71314,313,9,0
2026-04-14 23:45:00+00:00,0.71315,0.71321,0.71271,0.71284,233,9,0
2026-04-15 00:00:00+00:00,0.71283,0.71292,0.71241,0.7125,415,9,0
2026-04-15 00:15:00+00:00,0.71249,0.71288,0.71248,0.71281,336,9,0
2026-04-15 00:30:00+00:00,0.7128,0.71281,0.71224,0.71239,286,9,0
2026-04-15 00:45:00+00:00,0.71239,0.71254,0.71226,0.71253,301,9,0
2026-04-15 01:00:00+00:00,0.71253,0.71288,0.7122,0.71275,392,9,0
2026-04-15 01:15:00+00:00,0.71275,0.7128,0.71239,0.71244,358,9,0
2026-04-15 01:30:00+00:00,0.71243,0.71249,0.71227,0.71238,334,9,0
2026-04-15 01:45:00+00:00,0.71238,0.71281,0.71237,0.7127,309,9,0
2026-04-15 02:00:00+00:00,0.7127,0.71291,0.71261,0.71263,276,9,0
2026-04-15 02:15:00+00:00,0.71263,0.71271,0.71246,0.71246,206,9,0
2026-04-15 02:30:00+00:00,0.71246,0.71266,0.71226,0.71266,291,9,0
2026-04-15 02:45:00+00:00,0.71266,0.71304,0.71256,0.71291,281,9,0
2026-04-15 03:00:00+00:00,0.7129,0.71291,0.71264,0.71278,285,9,0
2026-04-15 03:15:00+00:00,0.71278,0.71314,0.71275,0.7131,197,9,0
2026-04-15 03:30:00+00:00,0.7131,0.71311,0.71285,0.7129,190,9,0
2026-04-15 03:45:00+00:00,0.71289,0.71323,0.71289,0.71301,181,9,0
2026-04-15 04:00:00+00:00,0.71301,0.71334,0.71299,0.71321,201,9,0
2026-04-15 04:15:00+00:00,0.71322,0.71328,0.71303,0.71327,169,9,0
2026-04-15 04:30:00+00:00,0.71328,0.71329,0.71304,0.71319,154,9,0
2026-04-15 04:45:00+00:00,0.71319,0.71327,0.71314,0.71326,148,9,0
2026-04-15 05:00:00+00:00,0.71326,0.71398,0.71325,0.71395,467,9,0
2026-04-15 05:15:00+00:00,0.71395,0.71435,0.71385,0.71414,378,9,0
2026-04-15 05:30:00+00:00,0.71414,0.71415,0.71348,0.71382,391,9,0
2026-04-15 05:45:00+00:00,0.71382,0.7139,0.71356,0.71373,312,9,0
2026-04-15 06:00:00+00:00,0.71373,0.71424,0.71373,0.71383,461,9,0
2026-04-15 06:15:00+00:00,0.71384,0.71402,0.71366,0.71393,378,9,0
2026-04-15 06:30:00+00:00,0.71391,0.71403,0.71369,0.71389,395,9,0
2026-04-15 06:45:00+00:00,0.71389,0.714,0.71361,0.71364,335,9,0
2026-04-15 07:00:00+00:00,0.71363,0.71437,0.71357,0.71409,581,9,0
2026-04-15 07:15:00+00:00,0.71408,0.71427,0.71386,0.71422,391,9,0
2026-04-15 07:30:00+00:00,0.71422,0.71474,0.71404,0.71472,400,9,0
2026-04-15 07:45:00+00:00,0.71471,0.71473,0.71398,0.71424,478,9,0
2026-04-15 08:00:00+00:00,0.71424,0.71448,0.71403,0.71436,457,9,0
2026-04-15 08:15:00+00:00,0.71437,0.71473,0.71428,0.71448,359,9,0
2026-04-15 08:30:00+00:00,0.71448,0.7145,0.71412,0.71421,296,9,0
2026-04-15 08:45:00+00:00,0.71421,0.71437,0.714,0.71434,244,9,0
2026-04-15 09:00:00+00:00,0.71434,0.71454,0.71321,0.7138,900,9,0
2026-04-15 09:15:00+00:00,0.7138,0.71427,0.71369,0.71377,458,9,0
2026-04-15 09:30:00+00:00,0.71377,0.714,0.71362,0.71388,358,9,0
2026-04-15 09:45:00+00:00,0.71388,0.7143,0.71363,0.7143,340,9,0
2026-04-15 10:00:00+00:00,0.7143,0.71476,0.71405,0.71448,418,9,0
2026-04-15 10:15:00+00:00,0.71449,0.71453,0.71293,0.71321,943,9,0
2026-04-15 10:30:00+00:00,0.7132,0.71419,0.71294,0.71398,800,9,0
2026-04-15 10:45:00+00:00,0.714,0.71438,0.71367,0.71373,546,9,0
2026-04-15 11:00:00+00:00,0.71373,0.71412,0.71358,0.7138,408,9,0
2026-04-15 11:15:00+00:00,0.71379,0.71388,0.71355,0.71361,383,9,0
2026-04-15 11:30:00+00:00,0.71361,0.71404,0.71352,0.71366,435,9,0
2026-04-15 11:45:00+00:00,0.71366,0.71448,0.71338,0.71401,1006,9,0
2026-04-15 12:00:00+00:00,0.71401,0.71409,0.71336,0.71357,704,9,0
2026-04-15 12:15:00+00:00,0.71359,0.71382,0.71351,0.71373,432,9,0
2026-04-15 12:30:00+00:00,0.71373,0.71402,0.71362,0.71375,439,9,0
2026-04-15 12:45:00+00:00,0.71374,0.71409,0.71349,0.71386,385,9,0
2026-04-15 13:00:00+00:00,0.71385,0.71423,0.71385,0.71413,478,9,0
2026-04-15 13:15:00+00:00,0.71413,0.71484,0.71412,0.71478,476,9,0
2026-04-15 13:30:00+00:00,0.7148,0.71487,0.71391,0.71394,818,9,0
2026-04-15 13:45:00+00:00,0.71393,0.71454,0.71393,0.71448,734,9,0
2026-04-15 14:00:00+00:00,0.71449,0.7151,0.71439,0.71501,619,9,0
2026-04-15 14:15:00+00:00,0.71501,0.71621,0.71491,0.7162,687,9,0
2026-04-15 14:30:00+00:00,0.71622,0.71623,0.71524,0.71573,721,9,0
2026-04-15 14:45:00+00:00,0.71574,0.71583,0.71529,0.71555,617,9,0
2026-04-15 15:00:00+00:00,0.71554,0.71619,0.71538,0.71606,806,9,0
2026-04-15 15:15:00+00:00,0.71605,0.71663,0.71589,0.71643,603,9,0
2026-04-15 15:30:00+00:00,0.71642,0.71642,0.71591,0.71618,634,9,0
2026-04-15 15:45:00+00:00,0.71618,0.71632,0.71594,0.71594,453,9,0
2026-04-15 16:00:00+00:00,0.71593,0.71642,0.71588,0.7164,431,9,0
2026-04-15 16:15:00+00:00,0.7164,0.71679,0.71638,0.71661,407,9,0
2026-04-15 16:30:00+00:00,0.71661,0.71671,0.71618,0.71646,480,9,0
2026-04-15 16:45:00+00:00,0.71646,0.71662,0.71619,0.71657,453,9,0
2026-04-15 17:00:00+00:00,0.71657,0.71673,0.71648,0.71657,355,9,0
2026-04-15 17:15:00+00:00,0.71657,0.71669,0.71646,0.71649,306,9,0
2026-04-15 17:30:00+00:00,0.71648,0.71657,0.71606,0.7163,352,9,0
2026-04-15 17:45:00+00:00,0.71629,0.71655,0.71612,0.71647,303,9,0
2026-04-15 18:00:00+00:00,0.71647,0.71711,0.71632,0.71699,770,9,0
2026-04-15 18:15:00+00:00,0.71699,0.7173,0.71699,0.71714,353,9,0
2026-04-15 18:30:00+00:00,0.71714,0.71721,0.71703,0.71708,237,9,0
2026-04-15 18:45:00+00:00,0.7171,0.71748,0.7171,0.71742,240,9,0
2026-04-15 19:00:00+00:00,0.7174,0.71771,0.71729,0.71731,310,9,0
2026-04-15 19:15:00+00:00,0.71731,0.71739,0.71712,0.71737,237,9,0
2026-04-15 19:30:00+00:00,0.71735,0.7175,0.71724,0.71733,192,9,0
2026-04-15 19:45:00+00:00,0.71732,0.71757,0.71732,0.71735,278,9,0
2026-04-15 20:00:00+00:00,0.71735,0.71736,0.71697,0.71708,178,9,0
2026-04-15 20:15:00+00:00,0.71708,0.71708,0.7169,0.71696,120,9,0
2026-04-15 20:30:00+00:00,0.71696,0.71706,0.71689,0.71702,98,9,0
2026-04-15 20:45:00+00:00,0.71702,0.71712,0.71695,0.71698,152,9,0
2026-04-15 21:00:00+00:00,0.71699,0.71699,0.71648,0.71677,119,20,0
2026-04-15 21:15:00+00:00,0.71676,0.71679,0.7167,0.71676,78,37,0
2026-04-15 21:30:00+00:00,0.71677,0.71682,0.71669,0.71678,178,31,0
2026-04-15 21:45:00+00:00,0.71679,0.71686,0.7167,0.71684,123,25,0
2026-04-15 22:00:00+00:00,0.71685,0.71732,0.71683,0.71716,175,9,0
2026-04-15 22:15:00+00:00,0.71716,0.71725,0.71711,0.7172,93,9,0
2026-04-15 22:30:00+00:00,0.71719,0.71725,0.71712,0.71716,75,9,0
2026-04-15 22:45:00+00:00,0.71716,0.71728,0.71712,0.71725,83,9,0
2026-04-15 23:00:00+00:00,0.71725,0.7173,0.71714,0.71714,104,9,0
2026-04-15 23:15:00+00:00,0.71714,0.71722,0.71698,0.71705,98,9,0
2026-04-15 23:30:00+00:00,0.71705,0.71739,0.71704,0.71739,125,9,0
2026-04-15 23:45:00+00:00,0.71738,0.71756,0.71737,0.71749,202,9,0
2026-04-16 00:00:00+00:00,0.71748,0.71762,0.71698,0.7173,369,9,0
2026-04-16 00:15:00+00:00,0.71728,0.71757,0.71724,0.7174,306,9,0
2026-04-16 00:30:00+00:00,0.7174,0.71747,0.717,0.71707,226,9,0
2026-04-16 00:45:00+00:00,0.71707,0.71773,0.71701,0.71757,334,9,0
2026-04-16 01:00:00+00:00,0.71757,0.71763,0.71731,0.71735,374,9,0
2026-04-16 01:15:00+00:00,0.71735,0.71738,0.71692,0.71715,373,9,0
2026-04-16 01:30:00+00:00,0.71717,0.7174,0.71626,0.71718,608,9,0
2026-04-16 01:45:00+00:00,0.71716,0.71782,0.71715,0.71764,455,9,0
2026-04-16 02:00:00+00:00,0.71764,0.7181,0.71752,0.71776,500,9,0
2026-04-16 02:15:00+00:00,0.71776,0.71821,0.71771,0.71818,323,9,0
2026-04-16 02:30:00+00:00,0.71818,0.71926,0.71818,0.71912,581,9,0
2026-04-16 02:45:00+00:00,0.71911,0.71924,0.71851,0.7189,462,9,0
2026-04-16 03:00:00+00:00,0.71889,0.71969,0.71882,0.71921,612,9,0
2026-04-16 03:15:00+00:00,0.71921,0.71929,0.71895,0.719,351,9,0
2026-04-16 03:30:00+00:00,0.71899,0.71916,0.71884,0.71914,351,9,0
2026-04-16 03:45:00+00:00,0.71914,0.71944,0.71904,0.71917,255,9,0
2026-04-16 04:00:00+00:00,0.71917,0.71922,0.71902,0.71912,266,9,0
2026-04-16 04:15:00+00:00,0.71912,0.7195,0.71912,0.7192,229,9,0
2026-04-16 04:30:00+00:00,0.7192,0.71927,0.71901,0.71904,203,9,0
2026-04-16 04:45:00+00:00,0.71904,0.71909,0.71876,0.71884,225,9,0
2026-04-16 05:00:00+00:00,0.71884,0.71897,0.7186,0.7186,272,9,0
2026-04-16 05:15:00+00:00,0.7186,0.71874,0.71831,0.7186,317,9,0
2026-04-16 05:30:00+00:00,0.7186,0.71907,0.71842,0.71866,368,9,0
2026-04-16 05:45:00+00:00,0.71866,0.71899,0.71862,0.71876,324,9,0
2026-04-16 06:00:00+00:00,0.71876,0.71902,0.71825,0.71835,558,9,0
2026-04-16 06:15:00+00:00,0.71835,0.7184,0.71802,0.71809,423,9,0
2026-04-16 06:30:00+00:00,0.71809,0.7185,0.71773,0.7185,471,9,0
2026-04-16 06:45:00+00:00,0.7185,0.71887,0.71838,0.7188,471,9,0
2026-04-16 07:00:00+00:00,0.71881,0.71906,0.7185,0.71857,731,9,0
2026-04-16 07:15:00+00:00,0.71858,0.71883,0.71833,0.71876,532,9,0
2026-04-16 07:30:00+00:00,0.71874,0.71877,0.71834,0.71851,429,9,0
2026-04-16 07:45:00+00:00,0.7185,0.7186,0.71822,0.71829,452,9,0
2026-04-16 08:00:00+00:00,0.71831,0.7184,0.71753,0.71756,576,9,0
2026-04-16 08:15:00+00:00,0.71758,0.71769,0.71685,0.71728,596,9,0
2026-04-16 08:30:00+00:00,0.71729,0.71738,0.71705,0.71726,473,9,0
2026-04-16 08:45:00+00:00,0.71727,0.71757,0.71726,0.71741,338,9,0
2026-04-16 09:00:00+00:00,0.7174,0.71753,0.71698,0.71706,314,9,0
2026-04-16 09:15:00+00:00,0.71705,0.71726,0.7166,0.71673,373,9,0
2026-04-16 09:30:00+00:00,0.71673,0.71714,0.71659,0.7169,357,9,0
2026-04-16 09:45:00+00:00,0.71691,0.71699,0.71674,0.71688,327,9,0
2026-04-16 10:00:00+00:00,0.71687,0.71697,0.71658,0.71693,367,9,0
2026-04-16 10:15:00+00:00,0.71693,0.71699,0.71642,0.71643,272,9,0
2026-04-16 10:30:00+00:00,0.71642,0.71683,0.7164,0.71674,292,9,0
2026-04-16 10:45:00+00:00,0.71674,0.71674,0.7164,0.71668,360,9,0
2026-04-16 11:00:00+00:00,0.71668,0.7173,0.71665,0.71714,466,9,0
2026-04-16 11:15:00+00:00,0.71714,0.71738,0.71702,0.71712,304,9,0
2026-04-16 11:30:00+00:00,0.71711,0.71744,0.717,0.71722,315,9,0
2026-04-16 11:45:00+00:00,0.71722,0.71739,0.71708,0.71731,418,9,0
2026-04-16 12:00:00+00:00,0.71732,0.7174,0.71674,0.7169,604,9,0
2026-04-16 12:15:00+00:00,0.71691,0.71709,0.71658,0.71703,424,9,0
2026-04-16 12:30:00+00:00,0.71704,0.71736,0.71687,0.71736,460,9,0
2026-04-16 12:45:00+00:00,0.71736,0.71747,0.71714,0.71718,397,9,0
2026-04-16 13:00:00+00:00,0.7172,0.71744,0.71711,0.71731,417,9,0
2026-04-16 13:15:00+00:00,0.71731,0.71745,0.71726,0.71731,371,9,0
2026-04-16 13:30:00+00:00,0.71733,0.7176,0.71701,0.71752,869,9,0
2026-04-16 13:45:00+00:00,0.71751,0.71773,0.71659,0.71719,988,9,0
2026-04-16 14:00:00+00:00,0.71719,0.71778,0.71695,0.71761,905,9,0
2026-04-16 14:15:00+00:00,0.71761,0.71762,0.7165,0.71689,928,9,0
2026-04-16 14:30:00+00:00,0.7169,0.71725,0.71661,0.71702,776,9,0
2026-04-16 14:45:00+00:00,0.71701,0.71722,0.71607,0.71623,818,9,0
2026-04-16 15:00:00+00:00,0.71623,0.71705,0.71605,0.71689,565,9,0
2026-04-16 15:15:00+00:00,0.71689,0.71711,0.71641,0.71641,581,9,0
2026-04-16 15:30:00+00:00,0.7164,0.71717,0.71638,0.71687,1072,9,0
2026-04-16 15:45:00+00:00,0.71687,0.7171,0.71663,0.7169,482,9,0
2026-04-16 16:00:00+00:00,0.7169,0.71725,0.71661,0.71725,370,9,0
2026-04-16 16:15:00+00:00,0.71725,0.71746,0.71676,0.71677,412,9,0
2026-04-16 16:30:00+00:00,0.71677,0.71678,0.7153,0.71605,1090,9,0
2026-04-16 16:45:00+00:00,0.71606,0.71606,0.71546,0.71584,597,9,0
2026-04-16 17:00:00+00:00,0.71585,0.71587,0.7152,0.71522,589,9,0
2026-04-16 17:15:00+00:00,0.71522,0.71578,0.71522,0.71538,517,9,0
2026-04-16 17:30:00+00:00,0.71538,0.71565,0.71532,0.71564,404,9,0
2026-04-16 17:45:00+00:00,0.71564,0.71574,0.7154,0.71562,391,9,0
2026-04-16 18:00:00+00:00,0.71562,0.71609,0.71545,0.7156,733,9,0
2026-04-16 18:15:00+00:00,0.71559,0.71574,0.71547,0.71568,434,9,0
2026-04-16 18:30:00+00:00,0.71568,0.71601,0.71563,0.71594,346,9,0
2026-04-16 18:45:00+00:00,0.71594,0.71595,0.71562,0.71574,353,9,0
2026-04-16 19:00:00+00:00,0.71576,0.71592,0.71572,0.71581,294,9,0
2026-04-16 19:15:00+00:00,0.71582,0.71611,0.71582,0.71603,237,9,0
2026-04-16 19:30:00+00:00,0.71603,0.7163,0.71603,0.71616,242,9,0
2026-04-16 19:45:00+00:00,0.71616,0.71627,0.716,0.71605,264,9,0
2026-04-16 20:00:00+00:00,0.71606,0.7161,0.71589,0.71608,173,9,0
2026-04-16 20:15:00+00:00,0.71608,0.7161,0.71589,0.71604,137,9,0
2026-04-16 20:30:00+00:00,0.71604,0.71629,0.71601,0.71626,84,9,0
2026-04-16 20:45:00+00:00,0.71626,0.7163,0.71607,0.71613,122,9,0
2026-04-16 21:00:00+00:00,0.71614,0.71616,0.71609,0.71615,56,12,0
2026-04-16 21:15:00+00:00,0.71616,0.71616,0.71563,0.71565,229,29,0
2026-04-16 21:30:00+00:00,0.71566,0.71569,0.71544,0.71549,283,73,0
2026-04-16 21:45:00+00:00,0.71551,0.71586,0.71544,0.71582,227,37,0
2026-04-16 22:00:00+00:00,0.71584,0.71624,0.71581,0.7162,161,9,0
2026-04-16 22:15:00+00:00,0.7162,0.71621,0.71609,0.71621,90,9,0
2026-04-16 22:30:00+00:00,0.71621,0.71625,0.71613,0.71617,125,9,0
2026-04-16 22:45:00+00:00,0.71617,0.71627,0.71613,0.71622,67,9,0
2026-04-16 23:00:00+00:00,0.71622,0.7163,0.71607,0.71618,118,9,0
2026-04-16 23:15:00+00:00,0.71618,0.71646,0.71618,0.7164,96,9,0
2026-04-16 23:30:00+00:00,0.7164,0.71641,0.71625,0.71625,101,9,0
2026-04-16 23:45:00+00:00,0.71625,0.71625,0.71579,0.71582,200,9,0
2026-04-17 00:00:00+00:00,0.7158,0.71583,0.71537,0.71561,456,9,0
2026-04-17 00:15:00+00:00,0.71561,0.71615,0.71549,0.71595,365,9,0
2026-04-17 00:30:00+00:00,0.71595,0.71633,0.71587,0.71633,290,9,0
2026-04-17 00:45:00+00:00,0.71632,0.71645,0.71595,0.71605,359,9,0
2026-04-17 01:00:00+00:00,0.71605,0.71624,0.71583,0.71609,417,9,0
2026-04-17 01:15:00+00:00,0.71608,0.71634,0.71605,0.71609,318,9,0
2026-04-17 01:30:00+00:00,0.71609,0.7164,0.71592,0.7164,343,9,0
2026-04-17 01:45:00+00:00,0.71639,0.71647,0.71613,0.71615,302,9,0
2026-04-17 02:00:00+00:00,0.71616,0.71632,0.716,0.71608,281,9,0
2026-04-17 02:15:00+00:00,0.71608,0.7162,0.71604,0.71604,202,9,0
2026-04-17 02:30:00+00:00,0.71605,0.71633,0.71603,0.71614,202,9,0
2026-04-17 02:45:00+00:00,0.71614,0.71623,0.71611,0.71618,165,9,0
2026-04-17 03:00:00+00:00,0.71617,0.71652,0.71617,0.71622,213,9,0
2026-04-17 03:15:00+00:00,0.71622,0.71627,0.71589,0.71597,180,9,0
2026-04-17 03:30:00+00:00,0.71597,0.71632,0.71594,0.71631,206,9,0
2026-04-17 03:45:00+00:00,0.71631,0.71663,0.71631,0.71649,165,9,0
2026-04-17 04:00:00+00:00,0.71648,0.7166,0.71642,0.7166,149,9,0
2026-04-17 04:15:00+00:00,0.7166,0.71692,0.71657,0.71689,195,9,0
2026-04-17 04:30:00+00:00,0.71689,0.7169,0.71668,0.71677,144,9,0
2026-04-17 04:45:00+00:00,0.71677,0.7169,0.71671,0.71681,154,9,0
2026-04-17 05:00:00+00:00,0.71681,0.71697,0.71655,0.71695,300,9,0
2026-04-17 05:15:00+00:00,0.71695,0.71706,0.71683,0.71693,247,9,0
2026-04-17 05:30:00+00:00,0.71693,0.71698,0.71656,0.7167,258,9,0
2026-04-17 05:45:00+00:00,0.7167,0.71698,0.7167,0.71683,207,9,0
2026-04-17 06:00:00+00:00,0.71683,0.71698,0.71626,0.71643,506,9,0
2026-04-17 06:15:00+00:00,0.71644,0.71669,0.71633,0.7164,449,9,0
2026-04-17 06:30:00+00:00,0.71639,0.71655,0.7161,0.71629,378,9,0
2026-04-17 06:45:00+00:00,0.71629,0.7167,0.7161,0.71611,352,9,0
2026-04-17 07:00:00+00:00,0.71611,0.71659,0.71611,0.71636,432,9,0
2026-04-17 07:15:00+00:00,0.71636,0.71656,0.71605,0.71656,386,9,0
2026-04-17 07:30:00+00:00,0.71656,0.71662,0.71629,0.7166,374,9,0
2026-04-17 07:45:00+00:00,0.7166,0.71721,0.71658,0.71717,391,9,0
2026-04-17 08:00:00+00:00,0.71717,0.71729,0.71695,0.71706,395,9,0
2026-04-17 08:15:00+00:00,0.71706,0.7172,0.71687,0.71718,313,9,0
2026-04-17 08:30:00+00:00,0.71717,0.7179,0.71717,0.71788,284,9,0
2026-04-17 08:45:00+00:00,0.71788,0.71806,0.71765,0.71793,346,9,0
2026-04-17 09:00:00+00:00,0.71792,0.7182,0.71757,0.7176,401,9,0
2026-04-17 09:15:00+00:00,0.71759,0.71787,0.71754,0.71767,325,9,0
2026-04-17 09:30:00+00:00,0.71766,0.71768,0.71722,0.71726,358,9,0
2026-04-17 09:45:00+00:00,0.71727,0.71737,0.71704,0.71722,321,9,0
2026-04-17 10:00:00+00:00,0.71722,0.71743,0.717,0.71741,287,9,0
2026-04-17 10:15:00+00:00,0.71741,0.71743,0.71723,0.71734,213,9,0
2026-04-17 10:30:00+00:00,0.71734,0.71743,0.71705,0.71714,246,9,0
2026-04-17 10:45:00+00:00,0.71713,0.71736,0.71699,0.71703,281,9,0
2026-04-17 11:00:00+00:00,0.71703,0.71716,0.71667,0.7169,270,9,0
2026-04-17 11:15:00+00:00,0.71689,0.71718,0.71681,0.71697,258,9,0
2026-04-17 11:30:00+00:00,0.71698,0.71743,0.71698,0.7174,307,9,0
2026-04-17 11:45:00+00:00,0.7174,0.71758,0.71712,0.71722,319,9,0
2026-04-17 12:00:00+00:00,0.71724,0.71772,0.71712,0.71763,435,9,0
2026-04-17 12:15:00+00:00,0.71763,0.71832,0.71741,0.71811,786,9,0
2026-04-17 12:30:00+00:00,0.71812,0.71883,0.71799,0.71825,704,9,0
2026-04-17 12:45:00+00:00,0.71826,0.72112,0.71817,0.72108,2948,9,0
2026-04-17 13:00:00+00:00,0.72109,0.72213,0.7206,0.72175,1759,9,0
2026-04-17 13:15:00+00:00,0.72174,0.72174,0.72038,0.72088,2030,9,0
2026-04-17 13:30:00+00:00,0.72087,0.72169,0.7205,0.72129,1886,9,0
2026-04-17 13:45:00+00:00,0.72131,0.72165,0.72039,0.72103,2068,9,0
2026-04-17 14:00:00+00:00,0.72104,0.72106,0.72022,0.72034,1219,9,0
2026-04-17 14:15:00+00:00,0.72033,0.72133,0.72029,0.72084,1095,9,0
2026-04-17 14:30:00+00:00,0.72085,0.72119,0.72041,0.72086,1129,9,0
2026-04-17 14:45:00+00:00,0.72087,0.72087,0.72001,0.72011,932,9,0
2026-04-17 15:00:00+00:00,0.72011,0.72017,0.71917,0.71934,1431,9,0
2026-04-17 15:15:00+00:00,0.71932,0.71941,0.7185,0.71895,931,9,0
2026-04-17 15:30:00+00:00,0.71894,0.71973,0.71879,0.71887,836,9,0
2026-04-17 15:45:00+00:00,0.71889,0.7194,0.71887,0.719,853,9,0
2026-04-17 16:00:00+00:00,0.719,0.71901,0.71842,0.71891,692,9,0
2026-04-17 16:15:00+00:00,0.7189,0.71926,0.71886,0.71898,597,9,0
2026-04-17 16:30:00+00:00,0.71898,0.71912,0.71878,0.71911,375,9,0
2026-04-17 16:45:00+00:00,0.71911,0.71927,0.71873,0.7188,338,9,0
2026-04-17 17:00:00+00:00,0.71879,0.71879,0.71768,0.71804,807,9,0
2026-04-17 17:15:00+00:00,0.71802,0.71836,0.71762,0.71803,971,9,0
2026-04-17 17:30:00+00:00,0.71802,0.71828,0.71789,0.718,508,9,0
2026-04-17 17:45:00+00:00,0.718,0.71867,0.71799,0.71854,314,9,0
2026-04-17 18:00:00+00:00,0.71856,0.71858,0.71781,0.7179,412,9,0
2026-04-17 18:15:00+00:00,0.7179,0.71841,0.71778,0.718,633,9,0
2026-04-17 18:30:00+00:00,0.71801,0.7184,0.71776,0.71785,471,9,0
2026-04-17 18:45:00+00:00,0.71785,0.71789,0.71698,0.7173,634,9,0
2026-04-17 19:00:00+00:00,0.7173,0.71765,0.71716,0.71758,373,9,0
2026-04-17 19:15:00+00:00,0.71758,0.71772,0.7172,0.71722,325,9,0
2026-04-17 19:30:00+00:00,0.71722,0.71738,0.71704,0.71706,352,9,0
2026-04-17 19:45:00+00:00,0.71705,0.71712,0.7169,0.71701,393,9,0
2026-04-17 20:00:00+00:00,0.717,0.71716,0.71688,0.71716,211,9,0
2026-04-17 20:15:00+00:00,0.71716,0.71725,0.71681,0.71683,199,9,0
2026-04-17 20:30:00+00:00,0.71683,0.71699,0.71658,0.71679,205,9,0
2026-04-17 20:45:00+00:00,0.71679,0.71698,0.71662,0.7169,264,9,0
2026-04-19 21:00:00+00:00,0.71216,0.71235,0.71214,0.71235,76,67,0
2026-04-19 21:15:00+00:00,0.71235,0.71269,0.71193,0.71223,134,38,0
2026-04-19 21:30:00+00:00,0.71225,0.7126,0.7119,0.71247,153,25,0
2026-04-19 21:45:00+00:00,0.71247,0.71265,0.71089,0.71116,248,21,0
2026-04-19 22:00:00+00:00,0.71161,0.71348,0.71161,0.71323,686,9,0
2026-04-19 22:15:00+00:00,0.7132,0.71357,0.713,0.71334,421,9,0
2026-04-19 22:30:00+00:00,0.71333,0.71421,0.71333,0.71402,390,9,0
2026-04-19 22:45:00+00:00,0.71403,0.71417,0.7139,0.71411,176,9,0
2026-04-19 23:00:00+00:00,0.71412,0.71438,0.71401,0.71431,271,9,0
2026-04-19 23:15:00+00:00,0.71432,0.71443,0.71404,0.71408,270,9,0
2026-04-19 23:30:00+00:00,0.71409,0.71423,0.71347,0.71367,362,9,0
2026-04-19 23:45:00+00:00,0.71368,0.7137,0.71306,0.71344,481,9,0
2026-04-20 00:00:00+00:00,0.71346,0.71395,0.71317,0.71372,881,9,0
2026-04-20 00:15:00+00:00,0.71373,0.71463,0.71373,0.71458,637,9,0
2026-04-20 00:30:00+00:00,0.71459,0.71484,0.71443,0.71476,418,9,0
2026-04-20 00:45:00+00:00,0.71474,0.71498,0.7145,0.71494,384,9,0
2026-04-20 01:00:00+00:00,0.71492,0.71526,0.71482,0.7151,582,9,0
2026-04-20 01:15:00+00:00,0.71512,0.71512,0.71463,0.71463,446,9,0
2026-04-20 01:30:00+00:00,0.71465,0.71543,0.71459,0.71521,520,9,0
2026-04-20 01:45:00+00:00,0.71521,0.71536,0.71479,0.71483,335,9,0
2026-04-20 02:00:00+00:00,0.71483,0.71529,0.71463,0.71518,374,9,0
2026-04-20 02:15:00+00:00,0.71517,0.71551,0.71509,0.71544,287,9,0
2026-04-20 02:30:00+00:00,0.71544,0.71574,0.71533,0.71543,297,9,0
2026-04-20 02:45:00+00:00,0.71544,0.71552,0.71531,0.71538,274,9,0
2026-04-20 03:00:00+00:00,0.71538,0.71562,0.71522,0.71543,298,9,0
2026-04-20 03:15:00+00:00,0.71543,0.71562,0.71524,0.71546,246,9,0
2026-04-20 03:30:00+00:00,0.71546,0.71582,0.71529,0.71565,267,9,0
2026-04-20 03:45:00+00:00,0.71564,0.71564,0.7153,0.71535,201,9,0
2026-04-20 04:00:00+00:00,0.71535,0.71557,0.71526,0.71533,190,9,0
2026-04-20 04:15:00+00:00,0.71533,0.7154,0.71518,0.71538,212,9,0
2026-04-20 04:30:00+00:00,0.71536,0.71543,0.7151,0.71542,236,9,0
2026-04-20 04:45:00+00:00,0.71543,0.71568,0.7154,0.71555,236,9,0
2026-04-20 05:00:00+00:00,0.71553,0.71561,0.71542,0.7155,257,9,0
2026-04-20 05:15:00+00:00,0.71549,0.71557,0.71497,0.71502,309,9,0
2026-04-20 05:30:00+00:00,0.715,0.71507,0.71422,0.71435,455,9,0
2026-04-20 05:45:00+00:00,0.71437,0.71505,0.71437,0.71471,523,9,0
2026-04-20 06:00:00+00:00,0.71473,0.71493,0.71436,0.71457,667,9,0
2026-04-20 06:15:00+00:00,0.71455,0.71459,0.71418,0.71429,431,9,0
2026-04-20 06:30:00+00:00,0.71431,0.71525,0.71431,0.7152,564,9,0
2026-04-20 06:45:00+00:00,0.71519,0.71555,0.71474,0.71555,748,9,0
2026-04-20 07:00:00+00:00,0.71556,0.71609,0.71532,0.71609,746,9,0
2026-04-20 07:15:00+00:00,0.71607,0.71649,0.71574,0.71578,599,9,0
2026-04-20 07:30:00+00:00,0.71577,0.71582,0.71494,0.7154,915,9,0
2026-04-20 07:45:00+00:00,0.71539,0.71539,0.71424,0.71475,558,9,0
2026-04-20 08:00:00+00:00,0.71476,0.71521,0.71468,0.71505,645,9,0
2026-04-20 08:15:00+00:00,0.71505,0.71511,0.71459,0.71481,633,9,0
2026-04-20 08:30:00+00:00,0.71482,0.71503,0.71464,0.71485,412,9,0
2026-04-20 08:45:00+00:00,0.71485,0.71519,0.71476,0.71491,457,9,0
2026-04-20 09:00:00+00:00,0.7149,0.71541,0.7149,0.71539,484,9,0
2026-04-20 09:15:00+00:00,0.71539,0.71558,0.71499,0.71503,430,9,0
2026-04-20 09:30:00+00:00,0.71504,0.71557,0.71504,0.71541,337,9,0
2026-04-20 09:45:00+00:00,0.71541,0.71574,0.71526,0.71574,325,9,0
2026-04-20 10:00:00+00:00,0.71575,0.7161,0.71554,0.71589,409,9,0
2026-04-20 10:15:00+00:00,0.71589,0.71597,0.71553,0.71563,343,9,0
2026-04-20 10:30:00+00:00,0.71563,0.71573,0.71549,0.71553,206,9,0
2026-04-20 10:45:00+00:00,0.71553,0.71574,0.71529,0.71563,335,9,0
2026-04-20 11:00:00+00:00,0.71564,0.71568,0.71523,0.71543,388,9,0
2026-04-20 11:15:00+00:00,0.71544,0.71584,0.71542,0.71577,304,9,0
2026-04-20 11:30:00+00:00,0.71576,0.71614,0.71572,0.71608,467,9,0
2026-04-20 11:45:00+00:00,0.71609,0.7164,0.716,0.71609,428,9,0
2026-04-20 12:00:00+00:00,0.71607,0.71625,0.71545,0.71546,582,9,0
2026-04-20 12:15:00+00:00,0.71548,0.71584,0.71533,0.71554,426,9,0
2026-04-20 12:30:00+00:00,0.71553,0.7158,0.71541,0.71575,466,9,0
2026-04-20 12:45:00+00:00,0.71575,0.71602,0.71565,0.7158,391,9,0
2026-04-20 13:00:00+00:00,0.71581,0.71629,0.71546,0.71592,980,9,0
2026-04-20 13:15:00+00:00,0.71593,0.71689,0.71588,0.71675,631,9,0
2026-04-20 13:30:00+00:00,0.71676,0.7169,0.71627,0.71683,865,9,0
2026-04-20 13:45:00+00:00,0.71681,0.71699,0.71653,0.71686,686,9,0
2026-04-20 14:00:00+00:00,0.71685,0.71685,0.71605,0.71635,730,9,0
2026-04-20 14:15:00+00:00,0.71636,0.7169,0.71628,0.71682,785,9,0
2026-04-20 14:30:00+00:00,0.71682,0.71694,0.71622,0.71671,790,9,0
2026-04-20 14:45:00+00:00,0.7167,0.71696,0.71537,0.71626,1553,9,0
2026-04-20 15:00:00+00:00,0.71627,0.71642,0.71581,0.71637,809,9,0
2026-04-20 15:15:00+00:00,0.71639,0.7177,0.71628,0.71757,943,9,0
2026-04-20 15:30:00+00:00,0.71755,0.71759,0.71708,0.71736,746,9,0
2026-04-20 15:45:00+00:00,0.71736,0.71744,0.71704,0.71733,452,9,0
2026-04-20 16:00:00+00:00,0.71735,0.71746,0.71715,0.71737,433,9,0
2026-04-20 16:15:00+00:00,0.71736,0.71762,0.71726,0.71734,374,9,0
2026-04-20 16:30:00+00:00,0.71734,0.71753,0.71692,0.71712,472,9,0
2026-04-20 16:45:00+00:00,0.71711,0.71744,0.71703,0.71723,343,9,0
2026-04-20 17:00:00+00:00,0.71723,0.7176,0.71717,0.71734,446,9,0
2026-04-20 17:15:00+00:00,0.71734,0.71736,0.71705,0.71708,272,9,0
2026-04-20 17:30:00+00:00,0.71708,0.71747,0.71698,0.71723,451,9,0
2026-04-20 17:45:00+00:00,0.71724,0.71744,0.71721,0.71738,274,9,0
2026-04-20 18:00:00+00:00,0.7174,0.71778,0.71727,0.71776,412,9,0
2026-04-20 18:15:00+00:00,0.71775,0.71788,0.7175,0.7176,376,9,0
2026-04-20 18:30:00+00:00,0.71759,0.71764,0.71735,0.71745,352,9,0
2026-04-20 18:45:00+00:00,0.71745,0.71756,0.71739,0.71748,251,9,0
2026-04-20 19:00:00+00:00,0.71748,0.71786,0.71744,0.71786,194,9,0
2026-04-20 19:15:00+00:00,0.71786,0.71791,0.71765,0.71769,164,9,0
2026-04-20 19:30:00+00:00,0.71769,0.71785,0.7176,0.7178,183,9,0
2026-04-20 19:45:00+00:00,0.7178,0.71793,0.71777,0.7179,218,9,0
2026-04-20 20:00:00+00:00,0.71789,0.71794,0.7178,0.71792,176,9,0
2026-04-20 20:15:00+00:00,0.71792,0.71792,0.71775,0.71775,79,9,0
2026-04-20 20:30:00+00:00,0.71774,0.71787,0.71764,0.71782,164,9,0
2026-04-20 20:45:00+00:00,0.71782,0.71793,0.71774,0.71776,169,9,0
2026-04-20 21:00:00+00:00,0.71777,0.71777,0.71746,0.71752,105,14,0
2026-04-20 21:15:00+00:00,0.71754,0.71757,0.71743,0.71746,133,32,0
2026-04-20 21:30:00+00:00,0.71748,0.71762,0.71748,0.71753,214,27,0
2026-04-20 21:45:00+00:00,0.71752,0.71764,0.71748,0.71759,156,24,0
2026-04-20 22:00:00+00:00,0.71764,0.71793,0.71764,0.71784,133,9,0
2026-04-20 22:15:00+00:00,0.71784,0.71785,0.71776,0.71778,67,9,0
2026-04-20 22:30:00+00:00,0.71778,0.71782,0.71772,0.71777,89,9,0
2026-04-20 22:45:00+00:00,0.71777,0.71819,0.7177,0.71819,288,9,0
2026-04-20 23:00:00+00:00,0.7182,0.71824,0.71788,0.71793,188,9,0
2026-04-20 23:15:00+00:00,0.71793,0.71793,0.71767,0.71771,97,9,0
2026-04-20 23:30:00+00:00,0.7177,0.7177,0.71732,0.71747,129,9,0
2026-04-20 23:45:00+00:00,0.71746,0.71759,0.71731,0.71732,236,9,0
2026-04-21 00:00:00+00:00,0.71733,0.71769,0.71705,0.71733,432,9,0
2026-04-21 00:15:00+00:00,0.71732,0.71761,0.71704,0.71711,333,9,0
2026-04-21 00:30:00+00:00,0.71712,0.71735,0.71689,0.71725,339,9,0
2026-04-21 00:45:00+00:00,0.71725,0.71771,0.71713,0.71734,591,9,0
2026-04-21 01:00:00+00:00,0.71734,0.71758,0.71719,0.71745,359,9,0
2026-04-21 01:15:00+00:00,0.71745,0.71797,0.71741,0.71797,345,9,0
2026-04-21 01:30:00+00:00,0.71796,0.71818,0.71751,0.71764,395,9,0
2026-04-21 01:45:00+00:00,0.71764,0.71782,0.71743,0.71746,288,9,0
2026-04-21 02:00:00+00:00,0.71745,0.71764,0.71737,0.71757,238,9,0
2026-04-21 02:15:00+00:00,0.71757,0.71759,0.71713,0.71736,264,9,0
2026-04-21 02:30:00+00:00,0.71738,0.71738,0.71696,0.71709,257,9,0
2026-04-21 02:45:00+00:00,0.71709,0.71731,0.71702,0.7173,188,9,0
2026-04-21 03:00:00+00:00,0.71732,0.71736,0.71701,0.71702,200,9,0
2026-04-21 03:15:00+00:00,0.71702,0.71709,0.71666,0.71681,287,9,0
2026-04-21 03:30:00+00:00,0.71681,0.71683,0.71647,0.71656,204,9,0
2026-04-21 03:45:00+00:00,0.71656,0.71685,0.71654,0.71664,179,9,0
2026-04-21 04:00:00+00:00,0.71664,0.71675,0.71656,0.7166,144,9,0
2026-04-21 04:15:00+00:00,0.71659,0.71666,0.71654,0.71665,162,9,0
2026-04-21 04:30:00+00:00,0.71665,0.71666,0.71648,0.7166,104,9,0
2026-04-21 04:45:00+00:00,0.7166,0.71674,0.71659,0.71662,145,9,0
2026-04-21 05:00:00+00:00,0.71662,0.71703,0.71661,0.717,298,9,0
2026-04-21 05:15:00+00:00,0.717,0.71722,0.71696,0.71714,251,9,0
2026-04-21 05:30:00+00:00,0.71713,0.71724,0.71688,0.71699,229,9,0
2026-04-21 05:45:00+00:00,0.71699,0.71703,0.71659,0.71659,217,9,0
2026-04-21 06:00:00+00:00,0.71657,0.7167,0.71591,0.7164,497,9,0
2026-04-21 06:15:00+00:00,0.71639,0.71642,0.71604,0.71636,316,9,0
2026-04-21 06:30:00+00:00,0.71637,0.71654,0.7162,0.71649,285,9,0
2026-04-21 06:45:00+00:00,0.71649,0.71649,0.71606,0.71627,310,9,0
2026-04-21 07:00:00+00:00,0.71627,0.71651,0.71577,0.71595,609,9,0
2026-04-21 07:15:00+00:00,0.71597,0.71624,0.71597,0.71622,396,9,0
2026-04-21 07:30:00+00:00,0.71622,0.7164,0.7158,0.71591,418,9,0
2026-04-21 07:45:00+00:00,0.7159,0.71611,0.71527,0.71527,478,9,0
2026-04-21 08:00:00+00:00,0.71526,0.71549,0.71434,0.71435,820,9,0
2026-04-21 08:15:00+00:00,0.71436,0.71548,0.71434,0.71535,467,9,0
2026-04-21 08:30:00+00:00,0.71537,0.71573,0.71533,0.71564,433,9,0
2026-04-21 08:45:00+00:00,0.71564,0.71567,0.71529,0.71549,290,9,0
2026-04-21 09:00:00+00:00,0.71548,0.71549,0.71486,0.71501,373,9,0
2026-04-21 09:15:00+00:00,0.715,0.71535,0.71494,0.71504,302,9,0
2026-04-21 09:30:00+00:00,0.71504,0.71528,0.71504,0.71515,254,9,0
2026-04-21 09:45:00+00:00,0.71516,0.71549,0.71493,0.71516,360,9,0
2026-04-21 10:00:00+00:00,0.71517,0.71564,0.71505,0.7155,310,9,0
2026-04-21 10:15:00+00:00,0.71551,0.71555,0.71525,0.71537,267,9,0
2026-04-21 10:30:00+00:00,0.71537,0.71569,0.7153,0.71563,233,9,0
2026-04-21 10:45:00+00:00,0.71563,0.71583,0.71561,0.71579,206,9,0
2026-04-21 11:00:00+00:00,0.71579,0.71593,0.71514,0.71566,643,9,0
2026-04-21 11:15:00+00:00,0.71566,0.71627,0.7156,0.71625,377,9,0
2026-04-21 11:30:00+00:00,0.71625,0.71643,0.71606,0.71607,263,9,0
2026-04-21 11:45:00+00:00,0.71608,0.71654,0.71602,0.71647,274,9,0
2026-04-21 12:00:00+00:00,0.71649,0.71657,0.71622,0.71626,371,9,0
2026-04-21 12:15:00+00:00,0.71627,0.71631,0.71571,0.71593,433,9,0
2026-04-21 12:30:00+00:00,0.71592,0.71613,0.71516,0.71549,796,9,0
2026-04-21 12:45:00+00:00,0.7155,0.716,0.71544,0.71596,586,9,0
2026-04-21 13:00:00+00:00,0.71597,0.7163,0.71593,0.71602,534,9,0
2026-04-21 13:15:00+00:00,0.71603,0.71667,0.71602,0.71654,515,9,0
2026-04-21 13:30:00+00:00,0.71652,0.71704,0.71633,0.71704,822,9,0
2026-04-21 13:45:00+00:00,0.71705,0.71758,0.71678,0.7174,647,9,0
2026-04-21 14:00:00+00:00,0.71743,0.71782,0.71727,0.71768,578,9,0
2026-04-21 14:15:00+00:00,0.7177,0.71793,0.7176,0.71791,569,9,0
2026-04-21 14:30:00+00:00,0.71792,0.71855,0.71754,0.71798,941,9,0
2026-04-21 14:45:00+00:00,0.71798,0.718,0.71653,0.71659,1062,9,0
2026-04-21 15:00:00+00:00,0.71659,0.71723,0.71629,0.71684,977,9,0
2026-04-21 15:15:00+00:00,0.71685,0.71717,0.71614,0.71617,836,9,0
2026-04-21 15:30:00+00:00,0.71616,0.71621,0.71535,0.71591,831,9,0
2026-04-21 15:45:00+00:00,0.71593,0.71633,0.71582,0.71624,660,9,0
2026-04-21 16:00:00+00:00,0.71626,0.71674,0.71597,0.71607,825,9,0
2026-04-21 16:15:00+00:00,0.71608,0.71615,0.71557,0.71561,461,9,0
2026-04-21 16:30:00+00:00,0.71559,0.71588,0.71514,0.7152,532,9,0
2026-04-21 16:45:00+00:00,0.71522,0.71554,0.71501,0.71503,410,9,0
2026-04-21 17:00:00+00:00,0.71503,0.71508,0.71332,0.71341,1243,9,0
2026-04-21 17:15:00+00:00,0.71339,0.7139,0.71305,0.71387,791,9,0
2026-04-21 17:30:00+00:00,0.71388,0.71632,0.71386,0.71609,1758,9,0
2026-04-21 17:45:00+00:00,0.7161,0.71616,0.71494,0.71522,776,9,0
2026-04-21 18:00:00+00:00,0.71523,0.71555,0.71497,0.7151,659,9,0
2026-04-21 18:15:00+00:00,0.7151,0.71518,0.71422,0.71447,1014,9,0
2026-04-21 18:30:00+00:00,0.71449,0.71495,0.71449,0.71453,473,9,0
2026-04-21 18:45:00+00:00,0.71452,0.7156,0.71446,0.71523,1020,9,0
2026-04-21 19:00:00+00:00,0.71525,0.71603,0.71516,0.71554,922,9,0
2026-04-21 19:15:00+00:00,0.71556,0.71613,0.71534,0.71613,999,9,0
2026-04-21 19:30:00+00:00,0.71613,0.71613,0.71297,0.71331,1753,9,0
2026-04-21 19:45:00+00:00,0.71333,0.71426,0.71299,0.71352,1407,9,0
2026-04-21 20:00:00+00:00,0.71353,0.71627,0.71339,0.71558,2544,9,0
2026-04-21 20:15:00+00:00,0.7156,0.71621,0.71533,0.7159,691,9,0
2026-04-21 20:30:00+00:00,0.7159,0.7159,0.71535,0.71535,313,9,0
2026-04-21 20:45:00+00:00,0.71535,0.71542,0.71518,0.71535,302,9,0
2026-04-21 21:00:00+00:00,0.71533,0.71535,0.71495,0.71516,157,14,0
2026-04-21 21:15:00+00:00,0.71514,0.71515,0.71447,0.71447,250,37,0
2026-04-21 21:30:00+00:00,0.71446,0.71491,0.71445,0.71479,190,49,0
2026-04-21 21:45:00+00:00,0.7148,0.71491,0.71457,0.71491,223,47,0
2026-04-21 22:00:00+00:00,0.715,0.71542,0.715,0.71538,136,9,0
2026-04-21 22:15:00+00:00,0.71538,0.71548,0.71515,0.7152,116,9,0
2026-04-21 22:30:00+00:00,0.71521,0.71537,0.71519,0.71519,115,9,0
2026-04-21 22:45:00+00:00,0.71519,0.71519,0.71505,0.7151,86,9,0
2026-04-21 23:00:00+00:00,0.71511,0.71518,0.71504,0.71512,108,9,0
2026-04-21 23:15:00+00:00,0.71512,0.71534,0.71511,0.71532,95,9,0
2026-04-21 23:30:00+00:00,0.71532,0.71547,0.71526,0.71534,126,9,0
2026-04-21 23:45:00+00:00,0.71535,0.71569,0.71534,0.71556,214,9,0
2026-04-22 00:00:00+00:00,0.71555,0.71633,0.71555,0.71593,515,9,0
2026-04-22 00:15:00+00:00,0.71593,0.71607,0.71568,0.71571,408,9,0
2026-04-22 00:30:00+00:00,0.71571,0.71617,0.71569,0.71609,374,9,0
2026-04-22 00:45:00+00:00,0.71609,0.71632,0.71589,0.71603,398,9,0
2026-04-22 01:00:00+00:00,0.71603,0.71628,0.71568,0.7158,433,9,0
2026-04-22 01:15:00+00:00,0.7158,0.71596,0.71561,0.71563,310,9,0
2026-04-22 01:30:00+00:00,0.71562,0.71618,0.71559,0.71573,424,9,0
2026-04-22 01:45:00+00:00,0.71573,0.71601,0.71556,0.71582,295,9,0
2026-04-22 02:00:00+00:00,0.71582,0.71634,0.71582,0.71625,340,9,0
2026-04-22 02:15:00+00:00,0.71626,0.7163,0.71606,0.71626,227,9,0
2026-04-22 02:30:00+00:00,0.71626,0.71631,0.71575,0.71589,275,9,0
2026-04-22 02:45:00+00:00,0.71589,0.71606,0.71547,0.71551,295,9,0
2026-04-22 03:00:00+00:00,0.71551,0.7158,0.71526,0.71562,287,9,0
2026-04-22 03:15:00+00:00,0.71562,0.71585,0.71555,0.71585,250,9,0
2026-04-22 03:30:00+00:00,0.71585,0.71605,0.71562,0.71576,212,9,0
2026-04-22 03:45:00+00:00,0.71575,0.71581,0.71542,0.71543,213,9,0
2026-04-22 04:00:00+00:00,0.71542,0.71568,0.71541,0.71564,198,9,0
2026-04-22 04:15:00+00:00,0.71564,0.71578,0.71561,0.71573,199,9,0
2026-04-22 04:30:00+00:00,0.71572,0.71596,0.71562,0.71585,167,9,0
2026-04-22 04:45:00+00:00,0.71585,0.71603,0.71547,0.71562,228,9,0
2026-04-22 05:00:00+00:00,0.71562,0.71629,0.7156,0.71614,262,9,0
2026-04-22 05:15:00+00:00,0.71614,0.71758,0.7161,0.71705,1138,9,0
2026-04-22 05:30:00+00:00,0.71706,0.71721,0.71682,0.71714,433,9,0
2026-04-22 05:45:00+00:00,0.71713,0.71719,0.71686,0.71693,256,9,0
2026-04-22 06:00:00+00:00,0.71694,0.71697,0.71651,0.71671,478,9,0
2026-04-22 06:15:00+00:00,0.71671,0.71703,0.71666,0.71702,347,9,0
2026-04-22 06:30:00+00:00,0.71702,0.71729,0.71698,0.71708,408,9,0
2026-04-22 06:45:00+00:00,0.71707,0.71723,0.71677,0.71678,301,9,0
2026-04-22 07:00:00+00:00,0.71678,0.71706,0.71667,0.71668,401,9,0
2026-04-22 07:15:00+00:00,0.71667,0.71671,0.71601,0.7163,486,9,0
2026-04-22 07:30:00+00:00,0.71629,0.71644,0.71614,0.71633,413,9,0
2026-04-22 07:45:00+00:00,0.71632,0.71694,0.71608,0.71682,458,9,0
2026-04-22 08:00:00+00:00,0.71683,0.71726,0.71668,0.71714,510,9,0
2026-04-22 08:15:00+00:00,0.71714,0.71719,0.71632,0.7166,520,9,0
2026-04-22 08:30:00+00:00,0.7166,0.71684,0.71621,0.71646,505,9,0
2026-04-22 08:45:00+00:00,0.71645,0.71666,0.71631,0.71646,368,9,0
2026-04-22 09:00:00+00:00,0.71645,0.7168,0.71631,0.71661,550,9,0
2026-04-22 09:15:00+00:00,0.71661,0.71663,0.71635,0.71663,303,9,0
2026-04-22 09:30:00+00:00,0.71663,0.71675,0.71649,0.71659,300,9,0
2026-04-22 09:45:00+00:00,0.71659,0.71659,0.71591,0.71615,415,9,0
2026-04-22 10:00:00+00:00,0.71615,0.71623,0.71561,0.71583,539,9,0
2026-04-22 10:15:00+00:00,0.71582,0.71611,0.71576,0.71604,331,9,0
2026-04-22 10:30:00+00:00,0.71604,0.71644,0.71589,0.71597,279,9,0
2026-04-22 10:45:00+00:00,0.71598,0.71621,0.71585,0.71618,264,9,0
2026-04-22 11:00:00+00:00,0.71617,0.71619,0.71586,0.71601,347,9,0
2026-04-22 11:15:00+00:00,0.71601,0.71622,0.71565,0.71568,421,9,0
2026-04-22 11:30:00+00:00,0.71568,0.71579,0.71542,0.71551,427,9,0
2026-04-22 11:45:00+00:00,0.7155,0.71568,0.71494,0.71525,415,9,0
2026-04-22 12:00:00+00:00,0.71525,0.71564,0.7151,0.71523,432,9,0
2026-04-22 12:15:00+00:00,0.71523,0.7157,0.71491,0.71495,488,9,0
2026-04-22 12:30:00+00:00,0.71494,0.71503,0.71461,0.71468,597,9,0
2026-04-22 12:45:00+00:00,0.71468,0.71501,0.71465,0.71479,457,9,0
2026-04-22 13:00:00+00:00,0.7148,0.71557,0.71463,0.71502,785,9,0
2026-04-22 13:15:00+00:00,0.71502,0.71605,0.71501,0.71543,987,9,0
2026-04-22 13:30:00+00:00,0.71544,0.71627,0.71535,0.71615,912,9,0
2026-04-22 13:45:00+00:00,0.71616,0.7165,0.71608,0.71647,656,9,0
2026-04-22 14:00:00+00:00,0.71647,0.71672,0.71627,0.71654,580,9,0
2026-04-22 14:15:00+00:00,0.71653,0.71692,0.71634,0.7166,617,9,0
2026-04-22 14:30:00+00:00,0.7166,0.71666,0.71597,0.716,838,9,0
2026-04-22 14:45:00+00:00,0.716,0.71621,0.71577,0.71596,600,9,0
2026-04-22 15:00:00+00:00,0.71597,0.71613,0.71559,0.71597,708,9,0
2026-04-22 15:15:00+00:00,0.71596,0.71633,0.71574,0.71618,492,9,0
2026-04-22 15:30:00+00:00,0.7162,0.71634,0.71579,0.7158,565,9,0
2026-04-22 15:45:00+00:00,0.71579,0.71634,0.71567,0.71603,471,9,0
2026-04-22 16:00:00+00:00,0.71605,0.71625,0.7159,0.716,494,9,0
2026-04-22 16:15:00+00:00,0.716,0.71602,0.71558,0.71571,392,9,0
2026-04-22 16:30:00+00:00,0.71571,0.71593,0.71557,0.71574,527,9,0
2026-04-22 16:45:00+00:00,0.71573,0.71601,0.71554,0.71576,461,9,0
2026-04-22 17:00:00+00:00,0.71576,0.71647,0.71567,0.71614,646,9,0
2026-04-22 17:15:00+00:00,0.71613,0.71642,0.71604,0.71633,338,9,0
2026-04-22 17:30:00+00:00,0.71633,0.71649,0.71605,0.71615,284,9,0
2026-04-22 17:45:00+00:00,0.71616,0.71623,0.71593,0.71606,391,9,0
2026-04-22 18:00:00+00:00,0.71606,0.71616,0.71593,0.71601,285,9,0
2026-04-22 18:15:00+00:00,0.716,0.716,0.71564,0.71583,287,9,0
2026-04-22 18:30:00+00:00,0.71582,0.71614,0.7158,0.71613,233,9,0
2026-04-22 18:45:00+00:00,0.71612,0.71619,0.71585,0.71588,205,9,0
2026-04-22 19:00:00+00:00,0.71589,0.7159,0.71553,0.71586,387,9,0
2026-04-22 19:15:00+00:00,0.71586,0.7161,0.71586,0.71603,242,9,0
2026-04-22 19:30:00+00:00,0.71602,0.71604,0.71583,0.71592,211,9,0
2026-04-22 19:45:00+00:00,0.71592,0.716,0.71574,0.71586,289,9,0
2026-04-22 20:00:00+00:00,0.71586,0.71591,0.71567,0.71573,222,9,0
2026-04-22 20:15:00+00:00,0.71573,0.71587,0.71573,0.71587,137,9,0
2026-04-22 20:30:00+00:00,0.71587,0.71599,0.71567,0.71594,181,9,0
2026-04-22 20:45:00+00:00,0.71594,0.71609,0.71585,0.71597,161,9,0
2026-04-22 21:00:00+00:00,0.71595,0.71595,0.71547,0.71549,119,24,0
2026-04-22 21:15:00+00:00,0.71551,0.71562,0.71542,0.71556,237,66,0
2026-04-22 21:30:00+00:00,0.71558,0.71579,0.71551,0.71577,236,36,0
2026-04-22 21:45:00+00:00,0.71576,0.71583,0.71568,0.71583,144,33,0
2026-04-22 22:00:00+00:00,0.71587,0.71603,0.71582,0.7159,114,9,0
2026-04-22 22:15:00+00:00,0.7159,0.71596,0.71587,0.71589,60,9,0
2026-04-22 22:30:00+00:00,0.71589,0.71591,0.71568,0.71568,109,9,0
2026-04-22 22:45:00+00:00,0.71568,0.71585,0.71568,0.71579,89,9,0
2026-04-22 23:00:00+00:00,0.71581,0.71586,0.71565,0.71576,130,9,0
2026-04-22 23:15:00+00:00,0.71576,0.71589,0.71566,0.71587,69,9,0
2026-04-22 23:30:00+00:00,0.71587,0.71593,0.71582,0.71587,68,9,0
2026-04-22 23:45:00+00:00,0.71587,0.71592,0.71566,0.71573,141,9,0
2026-04-23 00:00:00+00:00,0.71573,0.7159,0.7144,0.7144,841,9,0
2026-04-23 00:15:00+00:00,0.71439,0.71638,0.71366,0.7161,2289,9,0
2026-04-23 00:30:00+00:00,0.71611,0.71654,0.71604,0.71643,774,9,0
2026-04-23 00:45:00+00:00,0.71642,0.71664,0.71596,0.71618,832,9,0
2026-04-23 01:00:00+00:00,0.7162,0.71625,0.71571,0.71574,551,9,0
2026-04-23 01:15:00+00:00,0.71575,0.71589,0.71533,0.71534,454,9,0
2026-04-23 01:30:00+00:00,0.71535,0.71571,0.71519,0.71539,544,9,0
2026-04-23 01:45:00+00:00,0.71539,0.7157,0.71524,0.7156,546,9,0
2026-04-23 02:00:00+00:00,0.7156,0.71566,0.71518,0.71518,476,9,0
2026-04-23 02:15:00+00:00,0.71516,0.71561,0.71505,0.71525,648,9,0
2026-04-23 02:30:00+00:00,0.71525,0.71543,0.71504,0.71513,514,9,0
2026-04-23 02:45:00+00:00,0.71512,0.71531,0.71428,0.71453,525,9,0
2026-04-23 03:00:00+00:00,0.71453,0.71487,0.7142,0.7144,744,9,0
2026-04-23 03:15:00+00:00,0.7144,0.71448,0.71383,0.71413,589,9,0
2026-04-23 03:30:00+00:00,0.71413,0.71429,0.71389,0.71407,473,9,0
2026-04-23 03:45:00+00:00,0.71406,0.71438,0.71364,0.71401,432,9,0
2026-04-23 04:00:00+00:00,0.71401,0.71429,0.71383,0.71426,360,9,0
2026-04-23 04:15:00+00:00,0.71426,0.71464,0.71425,0.71457,295,9,0
2026-04-23 04:30:00+00:00,0.71457,0.71464,0.71451,0.71456,210,9,0
2026-04-23 04:45:00+00:00,0.71456,0.71482,0.71451,0.71477,274,9,0
2026-04-23 05:00:00+00:00,0.71477,0.7149,0.71466,0.71473,243,9,0
2026-04-23 05:15:00+00:00,0.71473,0.71486,0.71466,0.71474,227,9,0
2026-04-23 05:30:00+00:00,0.71474,0.715,0.71465,0.71486,336,9,0
2026-04-23 05:45:00+00:00,0.71486,0.7155,0.71486,0.71539,354,9,0
2026-04-23 06:00:00+00:00,0.7154,0.71557,0.71495,0.71504,401,9,0
2026-04-23 06:15:00+00:00,0.71504,0.71532,0.71498,0.7151,328,9,0
2026-04-23 06:30:00+00:00,0.7151,0.71535,0.71508,0.71529,298,9,0
2026-04-23 06:45:00+00:00,0.71529,0.7153,0.71505,0.71515,330,9,0
2026-04-23 07:00:00+00:00,0.71515,0.71546,0.71472,0.71511,547,9,0
2026-04-23 07:15:00+00:00,0.7151,0.7153,0.71491,0.71513,359,9,0
2026-04-23 07:30:00+00:00,0.71512,0.71514,0.71474,0.71493,522,9,0
2026-04-23 07:45:00+00:00,0.71494,0.71574,0.71494,0.7157,465,9,0
2026-04-23 08:00:00+00:00,0.7157,0.71578,0.71538,0.71551,543,9,0
2026-04-23 08:15:00+00:00,0.71552,0.71576,0.71535,0.71551,398,9,0
2026-04-23 08:30:00+00:00,0.71553,0.71564,0.71499,0.71501,489,9,0
2026-04-23 08:45:00+00:00,0.71501,0.71558,0.71497,0.71534,376,9,0
2026-04-23 09:00:00+00:00,0.71532,0.71536,0.71453,0.71475,481,9,0
2026-04-23 09:15:00+00:00,0.71474,0.7153,0.71459,0.7149,577,9,0
2026-04-23 09:30:00+00:00,0.71491,0.71513,0.7147,0.71503,386,9,0
2026-04-23 09:45:00+00:00,0.71503,0.71509,0.71462,0.71468,387,9,0
2026-04-23 10:00:00+00:00,0.71468,0.71484,0.7141,0.7142,474,9,0
2026-04-23 10:15:00+00:00,0.71422,0.71428,0.71387,0.71389,331,9,0
2026-04-23 10:30:00+00:00,0.71389,0.71412,0.71325,0.71346,484,9,0
2026-04-23 10:45:00+00:00,0.71346,0.71381,0.71331,0.71355,472,9,0
2026-04-23 11:00:00+00:00,0.71357,0.71376,0.71335,0.71361,463,9,0
2026-04-23 11:15:00+00:00,0.71362,0.71409,0.71345,0.71403,423,9,0
2026-04-23 11:30:00+00:00,0.71403,0.71447,0.71374,0.71432,549,9,0
2026-04-23 11:45:00+00:00,0.71432,0.71541,0.7143,0.71499,788,9,0
2026-04-23 12:00:00+00:00,0.71498,0.7154,0.71462,0.71503,965,9,0
2026-04-23 12:15:00+00:00,0.71503,0.71504,0.71437,0.7145,537,9,0
2026-04-23 12:30:00+00:00,0.7145,0.715,0.7144,0.71471,632,9,0
2026-04-23 12:45:00+00:00,0.71471,0.71483,0.71384,0.71456,1387,9,0
2026-04-23 13:00:00+00:00,0.71457,0.71472,0.71372,0.71387,652,9,0
2026-04-23 13:15:00+00:00,0.71389,0.71446,0.71387,0.71431,593,9,0
2026-04-23 13:30:00+00:00,0.71429,0.71489,0.71427,0.71486,742,9,0
2026-04-23 13:45:00+00:00,0.71488,0.71526,0.71458,0.71463,787,9,0
2026-04-23 14:00:00+00:00,0.71465,0.71517,0.7141,0.71515,976,9,0
2026-04-23 14:15:00+00:00,0.71514,0.716,0.71512,0.71583,700,9,0
2026-04-23 14:30:00+00:00,0.71584,0.71597,0.71554,0.71595,646,9,0
2026-04-23 14:45:00+00:00,0.71595,0.71627,0.71584,0.71603,655,9,0
2026-04-23 15:00:00+00:00,0.71602,0.71622,0.71567,0.71575,637,9,0
2026-04-23 15:15:00+00:00,0.71575,0.71627,0.71572,0.71601,478,9,0
2026-04-23 15:30:00+00:00,0.71602,0.71608,0.71543,0.71543,530,9,0
2026-04-23 15:45:00+00:00,0.71544,0.71573,0.71512,0.71551,792,9,0
2026-04-23 16:00:00+00:00,0.7155,0.71564,0.71518,0.7152,481,9,0
2026-04-23 16:15:00+00:00,0.71518,0.71553,0.71518,0.71539,434,9,0
2026-04-23 16:30:00+00:00,0.71539,0.71564,0.71525,0.71556,359,9,0
2026-04-23 16:45:00+00:00,0.71556,0.71566,0.71531,0.71546,373,9,0
2026-04-23 17:00:00+00:00,0.71545,0.71561,0.71309,0.71335,1645,9,0
2026-04-23 17:15:00+00:00,0.71334,0.71372,0.71262,0.71329,1508,9,0
2026-04-23 17:30:00+00:00,0.71331,0.7139,0.71165,0.71178,1716,9,0
2026-04-23 17:45:00+00:00,0.71178,0.71423,0.71109,0.71413,3199,9,0
2026-04-23 18:00:00+00:00,0.71414,0.71496,0.71408,0.71469,2020,9,0
2026-04-23 18:15:00+00:00,0.71469,0.71495,0.71434,0.7146,997,9,0
2026-04-23 18:30:00+00:00,0.71461,0.71486,0.71409,0.71435,628,9,0
2026-04-23 18:45:00+00:00,0.71434,0.71437,0.71346,0.71357,565,9,0
2026-04-23 19:00:00+00:00,0.71357,0.71364,0.7131,0.71334,671,9,0
2026-04-23 19:15:00+00:00,0.71335,0.71354,0.7132,0.71327,382,9,0
2026-04-23 19:30:00+00:00,0.71327,0.71343,0.71265,0.71297,639,9,0
2026-04-23 19:45:00+00:00,0.71296,0.71337,0.71281,0.71328,516,9,0
2026-04-23 20:00:00+00:00,0.71327,0.71327,0.71254,0.71255,291,9,0
2026-04-23 20:15:00+00:00,0.71254,0.713,0.71241,0.71298,219,9,0
2026-04-23 20:30:00+00:00,0.71297,0.71302,0.7128,0.71286,137,9,0
2026-04-23 20:45:00+00:00,0.71286,0.71302,0.71271,0.71281,211,9,0
2026-04-23 21:00:00+00:00,0.71281,0.71281,0.71263,0.71266,130,14,0
2026-04-23 21:15:00+00:00,0.71267,0.71271,0.71246,0.71266,166,41,0
2026-04-23 21:30:00+00:00,0.71267,0.71274,0.7126,0.71273,147,46,0
2026-04-23 21:45:00+00:00,0.71272,0.71281,0.71269,0.71281,66,37,0
2026-04-23 22:00:00+00:00,0.71294,0.71313,0.71283,0.71306,139,9,0
2026-04-23 22:15:00+00:00,0.71306,0.7131,0.71294,0.71304,98,9,0
2026-04-23 22:30:00+00:00,0.71304,0.71328,0.71303,0.71326,108,9,0
2026-04-23 22:45:00+00:00,0.71326,0.7133,0.7132,0.71329,85,9,0
2026-04-23 23:00:00+00:00,0.71329,0.71331,0.71304,0.71312,111,9,0
2026-04-23 23:15:00+00:00,0.71312,0.71328,0.71299,0.71328,116,9,0
2026-04-23 23:30:00+00:00,0.71328,0.71333,0.71311,0.71314,98,9,0
2026-04-23 23:45:00+00:00,0.71314,0.71319,0.71284,0.71289,172,9,0
2026-04-24 00:00:00+00:00,0.71291,0.71329,0.71269,0.71327,464,9,0
2026-04-24 00:15:00+00:00,0.71327,0.71338,0.71312,0.71334,287,9,0
2026-04-24 00:30:00+00:00,0.71335,0.7135,0.7129,0.71308,393,9,0
2026-04-24 00:45:00+00:00,0.71308,0.7133,0.71292,0.71318,396,9,0
2026-04-24 01:00:00+00:00,0.71318,0.71355,0.7131,0.71335,439,9,0
2026-04-24 01:15:00+00:00,0.71335,0.71348,0.71307,0.71319,339,9,0
2026-04-24 01:30:00+00:00,0.71318,0.71327,0.71269,0.71279,502,9,0
2026-04-24 01:45:00+00:00,0.71279,0.71327,0.71277,0.71326,355,9,0
2026-04-24 02:00:00+00:00,0.71327,0.7133,0.71252,0.71265,412,9,0
2026-04-24 02:15:00+00:00,0.71265,0.71285,0.71223,0.71223,428,9,0
2026-04-24 02:30:00+00:00,0.71222,0.71259,0.71222,0.7125,350,9,0
2026-04-24 02:45:00+00:00,0.7125,0.7125,0.71202,0.71214,278,9,0
2026-04-24 03:00:00+00:00,0.71214,0.71229,0.71177,0.71209,333,9,0
2026-04-24 03:15:00+00:00,0.71209,0.71209,0.7116,0.71172,374,9,0
2026-04-24 03:30:00+00:00,0.71173,0.712,0.71144,0.71189,387,9,0
2026-04-24 03:45:00+00:00,0.71189,0.71212,0.71185,0.71187,272,9,0
2026-04-24 04:00:00+00:00,0.71188,0.71227,0.71163,0.71217,353,9,0
2026-04-24 04:15:00+00:00,0.71217,0.71225,0.71192,0.71199,237,9,0
2026-04-24 04:30:00+00:00,0.71199,0.71224,0.71195,0.71219,260,9,0
2026-04-24 04:45:00+00:00,0.71219,0.71266,0.71216,0.71242,270,9,0
2026-04-24 05:00:00+00:00,0.71243,0.71254,0.71204,0.71234,394,9,0
2026-04-24 05:15:00+00:00,0.71236,0.71254,0.71229,0.71241,314,9,0
2026-04-24 05:30:00+00:00,0.71242,0.71286,0.71242,0.71265,326,9,0
2026-04-24 05:45:00+00:00,0.71265,0.71277,0.71251,0.71261,292,9,0
2026-04-24 06:00:00+00:00,0.71261,0.71297,0.71249,0.7125,445,9,0
2026-04-24 06:15:00+00:00,0.71249,0.71262,0.71199,0.71206,368,9,0
2026-04-24 06:30:00+00:00,0.71207,0.71249,0.71206,0.71242,369,9,0
2026-04-24 06:45:00+00:00,0.71242,0.71243,0.71217,0.71237,367,9,0
2026-04-24 07:00:00+00:00,0.71236,0.71283,0.71198,0.71276,437,9,0
2026-04-24 07:15:00+00:00,0.71275,0.71297,0.71272,0.71278,334,9,0
2026-04-24 07:30:00+00:00,0.71277,0.71295,0.71252,0.71291,267,9,0
2026-04-24 07:45:00+00:00,0.71291,0.71339,0.71288,0.71332,296,9,0
2026-04-24 08:00:00+00:00,0.71332,0.71337,0.71274,0.71292,476,9,0
2026-04-24 08:15:00+00:00,0.71293,0.71373,0.71293,0.71308,685,9,0
2026-04-24 08:30:00+00:00,0.71308,0.7132,0.71296,0.71298,439,9,0
2026-04-24 08:45:00+00:00,0.71297,0.71359,0.71292,0.71318,432,9,0
2026-04-24 09:00:00+00:00,0.71319,0.7133,0.713,0.71323,363,9,0
2026-04-24 09:15:00+00:00,0.71323,0.71333,0.71274,0.71289,504,9,0
2026-04-24 09:30:00+00:00,0.71288,0.71317,0.71261,0.71308,330,9,0
2026-04-24 09:45:00+00:00,0.71309,0.71311,0.71289,0.71296,259,9,0
2026-04-24 10:00:00+00:00,0.71296,0.71307,0.7128,0.71292,305,9,0
2026-04-24 10:15:00+00:00,0.71291,0.71334,0.71289,0.71331,292,9,0
2026-04-24 10:30:00+00:00,0.71331,0.71361,0.71315,0.71356,264,9,0
2026-04-24 10:45:00+00:00,0.71357,0.71357,0.71322,0.7134,261,9,0
2026-04-24 11:00:00+00:00,0.71342,0.71438,0.71327,0.71396,1287,9,0
2026-04-24 11:15:00+00:00,0.71394,0.71507,0.71376,0.71505,1281,9,0
2026-04-24 11:30:00+00:00,0.71506,0.71515,0.71425,0.71449,717,9,0
2026-04-24 11:45:00+00:00,0.71447,0.71447,0.71419,0.71436,435,9,0
2026-04-24 12:00:00+00:00,0.71438,0.71469,0.71427,0.71448,557,9,0
2026-04-24 12:15:00+00:00,0.71449,0.7145,0.71379,0.71419,624,9,0
2026-04-24 12:30:00+00:00,0.71417,0.7142,0.71358,0.7136,448,9,0
2026-04-24 12:45:00+00:00,0.7136,0.71381,0.71303,0.71352,661,9,0
2026-04-24 13:00:00+00:00,0.71354,0.71402,0.71337,0.71354,609,9,0
2026-04-24 13:15:00+00:00,0.71354,0.71373,0.71301,0.71305,536,9,0
2026-04-24 13:30:00+00:00,0.71306,0.71332,0.71256,0.71304,969,9,0
2026-04-24 13:45:00+00:00,0.71305,0.71355,0.71283,0.71348,771,9,0
2026-04-24 14:00:00+00:00,0.71348,0.71437,0.71279,0.71399,1424,9,0
2026-04-24 14:15:00+00:00,0.71399,0.71426,0.7136,0.71397,802,9,0
2026-04-24 14:30:00+00:00,0.71398,0.71461,0.71376,0.71433,823,9,0
2026-04-24 14:45:00+00:00,0.71433,0.71435,0.71379,0.71391,649,9,0
2026-04-24 15:00:00+00:00,0.7139,0.7142,0.71378,0.71392,575,9,0
2026-04-24 15:15:00+00:00,0.71393,0.71419,0.71371,0.714,536,9,0
2026-04-24 15:30:00+00:00,0.71402,0.71474,0.71358,0.71447,1011,9,0
2026-04-24 15:45:00+00:00,0.71446,0.71547,0.71439,0.71522,1370,9,0
2026-04-24 16:00:00+00:00,0.71523,0.71531,0.71457,0.7148,633,9,0
2026-04-24 16:15:00+00:00,0.7148,0.71497,0.71471,0.71483,455,9,0
2026-04-24 16:30:00+00:00,0.71484,0.71512,0.71473,0.71483,426,9,0
2026-04-24 16:45:00+00:00,0.71484,0.71516,0.71481,0.71511,388,9,0
2026-04-24 17:00:00+00:00,0.71512,0.71543,0.71505,0.71517,461,9,0
2026-04-24 17:15:00+00:00,0.71517,0.71518,0.71489,0.71511,366,9,0
2026-04-24 17:30:00+00:00,0.7151,0.7152,0.71484,0.71505,470,9,0
2026-04-24 17:45:00+00:00,0.71505,0.71546,0.71481,0.71483,433,9,0
2026-04-24 18:00:00+00:00,0.71483,0.71493,0.71457,0.71492,316,9,0
2026-04-24 18:15:00+00:00,0.71491,0.715,0.71478,0.71488,305,9,0
2026-04-24 18:30:00+00:00,0.7149,0.71523,0.7148,0.71516,254,9,0
2026-04-24 18:45:00+00:00,0.71516,0.71516,0.71496,0.71507,243,9,0
2026-04-24 19:00:00+00:00,0.71508,0.71531,0.71508,0.7153,222,9,0
2026-04-24 19:15:00+00:00,0.7153,0.71536,0.71501,0.71513,199,9,0
2026-04-24 19:30:00+00:00,0.71513,0.71523,0.715,0.71508,214,9,0
2026-04-24 19:45:00+00:00,0.71507,0.71513,0.71496,0.7151,237,9,0
2026-04-24 20:00:00+00:00,0.71509,0.71526,0.71497,0.71519,207,9,0
2026-04-24 20:15:00+00:00,0.71519,0.71524,0.71494,0.71501,113,9,0
2026-04-24 20:30:00+00:00,0.71502,0.71508,0.71487,0.71502,152,9,0
2026-04-24 20:45:00+00:00,0.71502,0.71529,0.71498,0.71514,270,9,0
2026-04-26 21:00:00+00:00,0.71273,0.71296,0.71253,0.71283,111,195,0
2026-04-26 21:15:00+00:00,0.71282,0.71339,0.71252,0.71316,284,97,0
2026-04-26 21:30:00+00:00,0.71316,0.71364,0.71297,0.71364,169,64,0
2026-04-26 21:45:00+00:00,0.71364,0.71385,0.71364,0.7138,62,73,0
2026-04-26 22:00:00+00:00,0.71423,0.71447,0.71386,0.71402,272,9,0
2026-04-26 22:15:00+00:00,0.71402,0.71416,0.71396,0.71416,146,9,0
2026-04-26 22:30:00+00:00,0.71417,0.71449,0.71412,0.71436,172,9,0
2026-04-26 22:45:00+00:00,0.71436,0.71444,0.71421,0.71444,125,9,0
2026-04-26 23:00:00+00:00,0.71444,0.71461,0.7144,0.71444,126,9,0
2026-04-26 23:15:00+00:00,0.71445,0.71463,0.71435,0.71435,117,9,0
2026-04-26 23:30:00+00:00,0.71435,0.71438,0.71424,0.71434,115,9,0
2026-04-26 23:45:00+00:00,0.71434,0.71448,0.71419,0.71419,182,9,0
2026-04-27 00:00:00+00:00,0.71421,0.71468,0.71421,0.71463,524,9,0
2026-04-27 00:15:00+00:00,0.71464,0.71476,0.71445,0.71469,283,9,0
2026-04-27 00:30:00+00:00,0.71469,0.71515,0.71465,0.71514,259,9,0
2026-04-27 00:45:00+00:00,0.71514,0.71573,0.71514,0.71569,357,9,0
2026-04-27 01:00:00+00:00,0.71569,0.7168,0.71569,0.7161,1076,9,0
2026-04-27 01:15:00+00:00,0.7161,0.71682,0.71608,0.71643,600,9,0
2026-04-27 01:30:00+00:00,0.71644,0.71678,0.71632,0.71667,461,9,0
2026-04-27 01:45:00+00:00,0.71668,0.71692,0.71645,0.71679,423,9,0
2026-04-27 02:00:00+00:00,0.71678,0.71688,0.71638,0.71668,383,9,0
2026-04-27 02:15:00+00:00,0.71668,0.71694,0.71666,0.7169,260,9,0
2026-04-27 02:30:00+00:00,0.71689,0.71745,0.71687,0.71704,344,9,0
2026-04-27 02:45:00+00:00,0.71704,0.71729,0.71701,0.71715,256,9,0
2026-04-27 03:00:00+00:00,0.71713,0.7175,0.71713,0.71729,363,9,0
2026-04-27 03:15:00+00:00,0.71729,0.71743,0.71722,0.71727,199,9,0
2026-04-27 03:30:00+00:00,0.71728,0.71754,0.71723,0.71754,223,9,0
2026-04-27 03:45:00+00:00,0.71754,0.71769,0.71733,0.71733,207,9,0
2026-04-27 04:00:00+00:00,0.71733,0.71738,0.7171,0.71715,173,9,0
2026-04-27 04:15:00+00:00,0.71715,0.71738,0.71705,0.71736,160,9,0
2026-04-27 04:30:00+00:00,0.71736,0.71744,0.71726,0.71726,179,9,0
2026-04-27 04:45:00+00:00,0.71726,0.71727,0.71665,0.71679,343,9,0
2026-04-27 05:00:00+00:00,0.71678,0.71684,0.71657,0.71657,222,9,0
2026-04-27 05:15:00+00:00,0.71657,0.71674,0.71655,0.71668,232,9,0
2026-04-27 05:30:00+00:00,0.71669,0.71669,0.71638,0.71655,291,9,0
2026-04-27 05:45:00+00:00,0.71654,0.71667,0.7164,0.7164,223,9,0
2026-04-27 06:00:00+00:00,0.7164,0.71645,0.71572,0.71615,478,9,0
2026-04-27 06:15:00+00:00,0.71614,0.7164,0.71602,0.71628,336,9,0
2026-04-27 06:30:00+00:00,0.71627,0.71651,0.71596,0.71602,414,9,0
2026-04-27 06:45:00+00:00,0.71602,0.71659,0.71594,0.71644,395,9,0
2026-04-27 07:00:00+00:00,0.71644,0.71697,0.71643,0.71697,491,9,0
2026-04-27 07:15:00+00:00,0.71696,0.71718,0.71665,0.71704,399,9,0
2026-04-27 07:30:00+00:00,0.71704,0.71726,0.71688,0.71718,332,9,0
2026-04-27 07:45:00+00:00,0.71718,0.71777,0.71717,0.71764,404,9,0
2026-04-27 08:00:00+00:00,0.71764,0.71821,0.71734,0.71781,667,9,0
2026-04-27 08:15:00+00:00,0.71782,0.71855,0.71757,0.71841,515,9,0
2026-04-27 08:30:00+00:00,0.71843,0.71843,0.71811,0.7184,404,9,0
2026-04-27 08:45:00+00:00,0.71841,0.71893,0.71841,0.71874,347,9,0
2026-04-27 09:00:00+00:00,0.71874,0.71898,0.71869,0.7189,292,9,0
2026-04-27 09:15:00+00:00,0.7189,0.7189,0.71848,0.71868,266,9,0
2026-04-27 09:30:00+00:00,0.71869,0.71876,0.71848,0.71853,207,9,0
2026-04-27 09:45:00+00:00,0.71854,0.71864,0.71824,0.71845,292,9,0
2026-04-27 10:00:00+00:00,0.71845,0.71877,0.71844,0.71855,254,9,0
2026-04-27 10:15:00+00:00,0.71856,0.71873,0.71832,0.71862,230,9,0
2026-04-27 10:30:00+00:00,0.71862,0.71876,0.71842,0.71862,227,9,0
2026-04-27 10:45:00+00:00,0.71862,0.71879,0.71856,0.71866,281,9,0
2026-04-27 11:00:00+00:00,0.71867,0.71871,0.71821,0.71828,305,9,0
2026-04-27 11:15:00+00:00,0.71828,0.71866,0.71824,0.71861,267,9,0
2026-04-27 11:30:00+00:00,0.71861,0.71872,0.71832,0.71851,261,9,0
2026-04-27 11:45:00+00:00,0.71851,0.71861,0.71829,0.71847,245,9,0
2026-04-27 12:00:00+00:00,0.71849,0.71936,0.71849,0.7193,402,9,0
2026-04-27 12:15:00+00:00,0.7193,0.71955,0.71896,0.71918,460,9,0
2026-04-27 12:30:00+00:00,0.71917,0.71922,0.71869,0.7191,475,9,0
2026-04-27 12:45:00+00:00,0.7191,0.71929,0.71861,0.71876,498,9,0
2026-04-27 13:00:00+00:00,0.71877,0.7194,0.71851,0.7191,781,9,0
2026-04-27 13:15:00+00:00,0.71911,0.71937,0.71887,0.7189,466,9,0
2026-04-27 13:30:00+00:00,0.71891,0.71904,0.71865,0.71869,666,9,0
2026-04-27 13:45:00+00:00,0.7187,0.71884,0.71824,0.71882,720,9,0
2026-04-27 14:00:00+00:00,0.71881,0.71911,0.71857,0.71898,681,9,0
2026-04-27 14:15:00+00:00,0.71899,0.7193,0.71893,0.7191,580,9,0
2026-04-27 14:30:00+00:00,0.7191,0.71988,0.71894,0.71983,688,9,0
2026-04-27 14:45:00+00:00,0.71984,0.71996,0.7189,0.71926,724,9,0
2026-04-27 15:00:00+00:00,0.71925,0.71933,0.71864,0.71891,612,9,0
2026-04-27 15:15:00+00:00,0.71889,0.71926,0.71869,0.71906,577,9,0
2026-04-27 15:30:00+00:00,0.71906,0.71933,0.71879,0.71925,468,9,0
2026-04-27 15:45:00+00:00,0.71924,0.71932,0.71901,0.71917,365,9,0
2026-04-27 16:00:00+00:00,0.71917,0.71931,0.71901,0.71914,365,9,0
2026-04-27 16:15:00+00:00,0.71914,0.71932,0.71895,0.71901,301,9,0
2026-04-27 16:30:00+00:00,0.71901,0.71915,0.71897,0.71897,238,9,0
2026-04-27 16:45:00+00:00,0.71897,0.7192,0.71877,0.71892,278,9,0
2026-04-27 17:00:00+00:00,0.71892,0.71902,0.71854,0.71874,352,9,0
2026-04-27 17:15:00+00:00,0.71875,0.71884,0.71842,0.71871,442,9,0
2026-04-27 17:30:00+00:00,0.71873,0.71934,0.71873,0.71914,335,9,0
2026-04-27 17:45:00+00:00,0.71914,0.71914,0.71882,0.71888,204,9,0
2026-04-27 18:00:00+00:00,0.71887,0.71894,0.71875,0.71888,242,9,0
2026-04-27 18:15:00+00:00,0.71887,0.71898,0.7188,0.71883,217,9,0
2026-04-27 18:30:00+00:00,0.71884,0.71888,0.71862,0.71862,212,9,0
2026-04-27 18:45:00+00:00,0.71862,0.71883,0.71848,0.71859,240,9,0
2026-04-27 19:00:00+00:00,0.71859,0.71877,0.71848,0.71876,162,9,0
2026-04-27 19:15:00+00:00,0.71876,0.71889,0.71872,0.71884,140,9,0
2026-04-27 19:30:00+00:00,0.71884,0.71884,0.71861,0.71871,160,9,0
2026-04-27 19:45:00+00:00,0.71869,0.71887,0.71856,0.7186,269,9,0
2026-04-27 20:00:00+00:00,0.71862,0.71872,0.71853,0.71862,130,9,0
2026-04-27 20:15:00+00:00,0.71862,0.71868,0.71856,0.71859,77,9,0
2026-04-27 20:30:00+00:00,0.71858,0.71868,0.71853,0.71868,81,9,0
2026-04-27 20:45:00+00:00,0.71868,0.71868,0.71851,0.71854,142,9,0
2026-04-27 21:00:00+00:00,0.71853,0.71854,0.71845,0.71851,71,10,0
2026-04-27 21:15:00+00:00,0.71849,0.71854,0.71844,0.71854,49,10,0
2026-04-27 21:30:00+00:00,0.71854,0.71854,0.71847,0.71853,80,10,0
2026-04-27 21:45:00+00:00,0.71852,0.71854,0.71849,0.71853,48,10,0
2026-04-27 22:00:00+00:00,0.71855,0.71874,0.71841,0.71868,165,9,0
2026-04-27 22:15:00+00:00,0.71868,0.71872,0.71862,0.71871,72,9,0
2026-04-27 22:30:00+00:00,0.71871,0.71882,0.71871,0.71872,74,9,0
2026-04-27 22:45:00+00:00,0.71872,0.71872,0.71865,0.71867,69,9,0
2026-04-27 23:00:00+00:00,0.71868,0.71873,0.71862,0.7187,98,9,0
2026-04-27 23:15:00+00:00,0.7187,0.71878,0.71866,0.71872,91,9,0
2026-04-27 23:30:00+00:00,0.71872,0.71891,0.71872,0.7189,78,9,0
2026-04-27 23:45:00+00:00,0.7189,0.71903,0.71886,0.71901,160,9,0
2026-04-28 00:00:00+00:00,0.71903,0.71942,0.71892,0.71906,362,9,0
2026-04-28 00:15:00+00:00,0.71904,0.71932,0.71878,0.71895,452,9,0
2026-04-28 00:30:00+00:00,0.71896,0.71915,0.71873,0.71901,381,9,0
2026-04-28 00:45:00+00:00,0.71901,0.71934,0.71894,0.71907,307,9,0
2026-04-28 01:00:00+00:00,0.71906,0.71911,0.71825,0.71856,528,9,0
2026-04-28 01:15:00+00:00,0.71857,0.71858,0.71821,0.71835,458,9,0
2026-04-28 01:30:00+00:00,0.71835,0.71885,0.71821,0.71847,390,9,0
2026-04-28 01:45:00+00:00,0.71847,0.71854,0.71772,0.71787,448,9,0
2026-04-28 02:00:00+00:00,0.71786,0.71797,0.71745,0.71794,411,9,0
2026-04-28 02:15:00+00:00,0.71794,0.71805,0.71771,0.71782,333,9,0
2026-04-28 02:30:00+00:00,0.71781,0.71782,0.71735,0.71764,366,9,0
2026-04-28 02:45:00+00:00,0.71764,0.71793,0.71758,0.71767,288,9,0
2026-04-28 03:00:00+00:00,0.71767,0.71809,0.71761,0.71791,520,9,0
2026-04-28 03:15:00+00:00,0.71791,0.71829,0.71784,0.71826,287,9,0
2026-04-28 03:30:00+00:00,0.71826,0.71844,0.71818,0.7182,286,9,0
2026-04-28 03:45:00+00:00,0.7182,0.71844,0.71809,0.71841,219,9,0
2026-04-28 04:00:00+00:00,0.71841,0.71848,0.71815,0.71845,221,9,0
2026-04-28 04:15:00+00:00,0.71845,0.71855,0.71822,0.71827,203,9,0
2026-04-28 04:30:00+00:00,0.71825,0.71854,0.71821,0.71854,191,9,0
2026-04-28 04:45:00+00:00,0.71854,0.71857,0.71816,0.71823,225,9,0
2026-04-28 05:00:00+00:00,0.71823,0.71833,0.71762,0.71778,412,9,0
2026-04-28 05:15:00+00:00,0.71778,0.71802,0.71764,0.71801,249,9,0
2026-04-28 05:30:00+00:00,0.718,0.718,0.71738,0.71744,445,9,0
2026-04-28 05:45:00+00:00,0.71744,0.71784,0.71726,0.7176,362,9,0
2026-04-28 06:00:00+00:00,0.71759,0.71775,0.71702,0.71766,579,9,0
2026-04-28 06:15:00+00:00,0.71767,0.71768,0.71711,0.71754,477,9,0
2026-04-28 06:30:00+00:00,0.71754,0.71771,0.71721,0.71734,530,9,0
2026-04-28 06:45:00+00:00,0.71736,0.71744,0.7162,0.71636,786,9,0
2026-04-28 07:00:00+00:00,0.71635,0.71701,0.7163,0.71698,632,9,0
2026-04-28 07:15:00+00:00,0.717,0.71745,0.71687,0.71699,590,9,0
2026-04-28 07:30:00+00:00,0.71698,0.7175,0.71696,0.71734,455,9,0
2026-04-28 07:45:00+00:00,0.71735,0.71793,0.71727,0.71777,457,9,0
2026-04-28 08:00:00+00:00,0.71778,0.71788,0.71709,0.71717,832,9,0
2026-04-28 08:15:00+00:00,0.71716,0.71803,0.71711,0.71803,612,9,0
2026-04-28 08:30:00+00:00,0.71801,0.71805,0.71769,0.7178,442,9,0
2026-04-28 08:45:00+00:00,0.71778,0.71789,0.71752,0.71776,339,9,0
2026-04-28 09:00:00+00:00,0.71775,0.71775,0.71714,0.7173,584,9,0
2026-04-28 09:15:00+00:00,0.71729,0.71759,0.7171,0.71735,471,9,0
2026-04-28 09:30:00+00:00,0.71736,0.71742,0.71675,0.71719,513,9,0
2026-04-28 09:45:00+00:00,0.71719,0.71773,0.71713,0.71745,460,9,0
2026-04-28 10:00:00+00:00,0.71746,0.71759,0.71714,0.7172,397,9,0
2026-04-28 10:15:00+00:00,0.7172,0.7173,0.7167,0.7167,459,9,0
2026-04-28 10:30:00+00:00,0.7167,0.71679,0.71632,0.71641,565,9,0
2026-04-28 10:45:00+00:00,0.7164,0.71657,0.7163,0.71641,399,9,0
2026-04-28 11:00:00+00:00,0.71639,0.71664,0.71619,0.71631,526,9,0
2026-04-28 11:15:00+00:00,0.7163,0.71641,0.71595,0.71623,513,9,0
2026-04-28 11:30:00+00:00,0.71622,0.71622,0.71523,0.71583,677,9,0
2026-04-28 11:45:00+00:00,0.71583,0.71586,0.71517,0.71535,701,9,0
2026-04-28 12:00:00+00:00,0.71536,0.71569,0.71506,0.71553,768,9,0
2026-04-28 12:15:00+00:00,0.71553,0.71627,0.71526,0.71589,1136,9,0
2026-04-28 12:30:00+00:00,0.71589,0.71617,0.71556,0.71594,604,9,0
2026-04-28 12:45:00+00:00,0.71593,0.71653,0.71593,0.71646,543,9,0
2026-04-28 13:00:00+00:00,0.71646,0.7166,0.71618,0.71637,523,9,0
2026-04-28 13:15:00+00:00,0.71636,0.71699,0.71598,0.71687,849,9,0
2026-04-28 13:30:00+00:00,0.71686,0.71741,0.71625,0.7172,1076,9,0
2026-04-28 13:45:00+00:00,0.7172,0.7175,0.71679,0.71702,709,9,0
2026-04-28 14:00:00+00:00,0.71701,0.71711,0.71647,0.71698,691,9,0
2026-04-28 14:15:00+00:00,0.71697,0.71728,0.71672,0.71697,752,9,0
2026-04-28 14:30:00+00:00,0.71697,0.71757,0.71661,0.71667,875,9,0
2026-04-28 14:45:00+00:00,0.71667,0.71687,0.71611,0.71672,1357,9,0
2026-04-28 15:00:00+00:00,0.71673,0.71716,0.71663,0.7169,877,9,0
2026-04-28 15:15:00+00:00,0.71689,0.7174,0.7168,0.71732,593,9,0
2026-04-28 15:30:00+00:00,0.71731,0.71787,0.71721,0.71768,642,9,0
2026-04-28 15:45:00+00:00,0.71768,0.718,0.7176,0.71798,476,9,0
2026-04-28 16:00:00+00:00,0.71799,0.71822,0.71782,0.71791,548,9,0
2026-04-28 16:15:00+00:00,0.71791,0.71792,0.71759,0.71764,412,9,0
2026-04-28 16:30:00+00:00,0.71765,0.71783,0.7175,0.71781,380,9,0
2026-04-28 16:45:00+00:00,0.71781,0.71813,0.71776,0.71805,472,9,0
2026-04-28 17:00:00+00:00,0.71805,0.7182,0.71768,0.71806,400,9,0
2026-04-28 17:15:00+00:00,0.71805,0.7181,0.71777,0.71799,291,9,0
2026-04-28 17:30:00+00:00,0.71798,0.7185,0.71795,0.71832,312,9,0
2026-04-28 17:45:00+00:00,0.71832,0.71854,0.71832,0.71843,287,9,0
2026-04-28 18:00:00+00:00,0.71844,0.71854,0.7182,0.71833,257,9,0
2026-04-28 18:15:00+00:00,0.71832,0.71867,0.71832,0.71857,422,9,0
2026-04-28 18:30:00+00:00,0.71857,0.71858,0.7183,0.7185,217,9,0
2026-04-28 18:45:00+00:00,0.7185,0.71855,0.71826,0.7183,220,9,0
2026-04-28 19:00:00+00:00,0.7183,0.71851,0.71826,0.71827,201,9,0
2026-04-28 19:15:00+00:00,0.71826,0.71826,0.71798,0.71803,217,9,0
2026-04-28 19:30:00+00:00,0.71802,0.71814,0.7179,0.71796,210,9,0
2026-04-28 19:45:00+00:00,0.71796,0.71798,0.71784,0.71796,213,9,0
2026-04-28 20:00:00+00:00,0.71795,0.71828,0.71793,0.71806,138,9,0
2026-04-28 20:15:00+00:00,0.71806,0.71815,0.71805,0.71814,66,9,0
2026-04-28 20:30:00+00:00,0.71813,0.71826,0.7181,0.71822,105,9,0
2026-04-28 20:45:00+00:00,0.71824,0.71826,0.71808,0.71808,107,9,0
2026-04-28 21:00:00+00:00,0.7181,0.71813,0.71796,0.718,86,14,0
2026-04-28 21:15:00+00:00,0.71801,0.71802,0.71784,0.71794,128,24,0
2026-04-28 21:30:00+00:00,0.71793,0.71806,0.7179,0.7179,176,20,0
2026-04-28 21:45:00+00:00,0.71791,0.71804,0.71787,0.718,171,22,0
2026-04-28 22:00:00+00:00,0.71804,0.71842,0.71804,0.71837,96,9,0
2026-04-28 22:15:00+00:00,0.71837,0.71838,0.71821,0.71821,54,9,0
2026-04-28 22:30:00+00:00,0.71821,0.71829,0.71821,0.71823,56,9,0
2026-04-28 22:45:00+00:00,0.71823,0.71826,0.71816,0.71818,57,9,0
2026-04-28 23:00:00+00:00,0.71818,0.71823,0.71813,0.71815,79,9,0
2026-04-28 23:15:00+00:00,0.71815,0.71831,0.71814,0.71827,64,9,0
2026-04-28 23:30:00+00:00,0.71827,0.71858,0.71827,0.71852,94,9,0
2026-04-28 23:45:00+00:00,0.71852,0.71865,0.71844,0.71865,184,9,0
2026-04-29 00:00:00+00:00,0.71865,0.71888,0.71858,0.71884,375,9,0
2026-04-29 00:15:00+00:00,0.71884,0.71889,0.71847,0.71851,275,9,0
2026-04-29 00:30:00+00:00,0.71852,0.71893,0.71851,0.7189,241,9,0
2026-04-29 00:45:00+00:00,0.71889,0.7189,0.71855,0.71858,295,9,0
2026-04-29 01:00:00+00:00,0.71857,0.71858,0.71741,0.71774,882,9,0
2026-04-29 01:15:00+00:00,0.71772,0.71809,0.7176,0.71785,541,9,0
2026-04-29 01:30:00+00:00,0.71783,0.71785,0.7167,0.71753,1002,9,0
2026-04-29 01:45:00+00:00,0.71753,0.71754,0.71672,0.71695,611,9,0
2026-04-29 02:00:00+00:00,0.71695,0.71759,0.71695,0.71725,556,9,0
2026-04-29 02:15:00+00:00,0.71727,0.71747,0.71672,0.7169,498,9,0
2026-04-29 02:30:00+00:00,0.71691,0.71696,0.71614,0.71624,541,9,0
2026-04-29 02:45:00+00:00,0.71624,0.71656,0.71595,0.71598,369,9,0
2026-04-29 03:00:00+00:00,0.71598,0.71656,0.71598,0.71629,452,9,0
2026-04-29 03:15:00+00:00,0.71629,0.71653,0.71617,0.7162,349,9,0
2026-04-29 03:30:00+00:00,0.71621,0.71637,0.71614,0.71627,210,9,0
2026-04-29 03:45:00+00:00,0.71627,0.71633,0.71606,0.71611,241,9,0
2026-04-29 04:00:00+00:00,0.71611,0.71624,0.716,0.71607,216,9,0
2026-04-29 04:15:00+00:00,0.71607,0.71622,0.71602,0.71611,138,9,0
2026-04-29 04:30:00+00:00,0.71611,0.71636,0.71611,0.71631,234,9,0
2026-04-29 04:45:00+00:00,0.71631,0.71644,0.71624,0.7163,179,9,0
2026-04-29 05:00:00+00:00,0.71629,0.71639,0.71606,0.71606,267,9,0
2026-04-29 05:15:00+00:00,0.71606,0.71622,0.71596,0.71621,257,9,0
2026-04-29 05:30:00+00:00,0.71623,0.71637,0.71597,0.71619,309,9,0
2026-04-29 05:45:00+00:00,0.71618,0.71631,0.71603,0.71603,308,9,0
2026-04-29 06:00:00+00:00,0.71604,0.71628,0.71569,0.71569,406,9,0
2026-04-29 06:15:00+00:00,0.71568,0.71593,0.71543,0.71586,427,9,0
2026-04-29 06:30:00+00:00,0.71585,0.71612,0.7155,0.71594,355,9,0
2026-04-29 06:45:00+00:00,0.71594,0.71626,0.7158,0.71596,340,9,0
2026-04-29 07:00:00+00:00,0.71594,0.71635,0.71564,0.71625,620,9,0
2026-04-29 07:15:00+00:00,0.71625,0.71632,0.71592,0.71616,440,9,0
2026-04-29 07:30:00+00:00,0.71616,0.71663,0.71609,0.71611,496,9,0
2026-04-29 07:45:00+00:00,0.71612,0.71648,0.71593,0.71629,482,9,0
2026-04-29 08:00:00+00:00,0.7163,0.71653,0.71545,0.71551,866,9,0
2026-04-29 08:15:00+00:00,0.71553,0.71606,0.71553,0.71595,447,9,0
2026-04-29 08:30:00+00:00,0.71594,0.71598,0.7155,0.71573,458,9,0
2026-04-29 08:45:00+00:00,0.71573,0.71589,0.7155,0.71553,374,9,0
2026-04-29 09:00:00+00:00,0.71553,0.71568,0.71537,0.71565,396,9,0
2026-04-29 09:15:00+00:00,0.71566,0.71585,0.71535,0.71544,357,9,0
2026-04-29 09:30:00+00:00,0.71546,0.71557,0.71505,0.71505,401,9,0
2026-04-29 09:45:00+00:00,0.71504,0.7153,0.71486,0.71499,410,9,0
2026-04-29 10:00:00+00:00,0.71497,0.71554,0.71487,0.71553,333,9,0
2026-04-29 10:15:00+00:00,0.71553,0.71583,0.71553,0.71572,275,9,0
2026-04-29 10:30:00+00:00,0.71573,0.71604,0.71548,0.71553,323,9,0
2026-04-29 10:45:00+00:00,0.71554,0.7159,0.7155,0.7159,288,9,0
2026-04-29 11:00:00+00:00,0.71591,0.71595,0.71565,0.71572,420,9,0
2026-04-29 11:15:00+00:00,0.71572,0.71597,0.71565,0.71574,351,9,0
2026-04-29 11:30:00+00:00,0.71572,0.71593,0.71557,0.71572,384,9,0
2026-04-29 11:45:00+00:00,0.71571,0.71585,0.7155,0.71583,319,9,0
2026-04-29 12:00:00+00:00,0.71583,0.7164,0.71573,0.71629,413,9,0
2026-04-29 12:15:00+00:00,0.71631,0.71659,0.71608,0.71615,499,9,0
2026-04-29 12:30:00+00:00,0.71616,0.71616,0.71551,0.71584,515,9,0
2026-04-29 12:45:00+00:00,0.71583,0.71601,0.71543,0.71549,522,9,0
2026-04-29 13:00:00+00:00,0.7155,0.71594,0.7155,0.71565,578,9,0
2026-04-29 13:15:00+00:00,0.71564,0.71564,0.7145,0.71462,807,9,0
2026-04-29 13:30:00+00:00,0.71461,0.7147,0.71367,0.71375,920,9,0
2026-04-29 13:45:00+00:00,0.71376,0.71376,0.7126,0.71283,1073,9,0
2026-04-29 14:00:00+00:00,0.71282,0.71327,0.71232,0.71316,961,9,0
2026-04-29 14:15:00+00:00,0.71314,0.71386,0.71301,0.71372,735,9,0
2026-04-29 14:30:00+00:00,0.71373,0.71388,0.71354,0.71367,654,9,0
2026-04-29 14:45:00+00:00,0.71367,0.71454,0.71336,0.71412,729,9,0
2026-04-29 15:00:00+00:00,0.71413,0.71426,0.71308,0.71313,771,9,0
2026-04-29 15:15:00+00:00,0.71313,0.71353,0.71298,0.71309,632,9,0
2026-04-29 15:30:00+00:00,0.71309,0.71371,0.71297,0.71367,739,9,0
2026-04-29 15:45:00+00:00,0.71366,0.71389,0.71182,0.71285,1645,9,0
2026-04-29 16:00:00+00:00,0.71286,0.71365,0.71282,0.71325,681,9,0
2026-04-29 16:15:00+00:00,0.71326,0.71345,0.71302,0.71317,553,9,0
2026-04-29 16:30:00+00:00,0.71316,0.71316,0.71271,0.71287,650,9,0
2026-04-29 16:45:00+00:00,0.71286,0.71301,0.71255,0.71265,500,9,0
2026-04-29 17:00:00+00:00,0.71265,0.71277,0.71228,0.71261,454,9,0
2026-04-29 17:15:00+00:00,0.71261,0.7129,0.71246,0.7126,522,9,0
2026-04-29 17:30:00+00:00,0.71262,0.71299,0.7125,0.71287,480,9,0
2026-04-29 17:45:00+00:00,0.71287,0.71329,0.71278,0.71312,513,9,0
2026-04-29 18:00:00+00:00,0.71314,0.71321,0.7108,0.71107,1552,9,0
2026-04-29 18:15:00+00:00,0.71106,0.71194,0.71101,0.7115,863,9,0
2026-04-29 18:30:00+00:00,0.71151,0.71233,0.71017,0.71022,2040,9,0
2026-04-29 18:45:00+00:00,0.71021,0.71136,0.71012,0.71134,1182,9,0
2026-04-29 19:00:00+00:00,0.71136,0.71166,0.71063,0.71161,838,9,0
2026-04-29 19:15:00+00:00,0.7116,0.71194,0.71135,0.71137,617,9,0
2026-04-29 19:30:00+00:00,0.71138,0.71143,0.71088,0.71125,550,9,0
2026-04-29 19:45:00+00:00,0.71125,0.71169,0.71123,0.71165,480,9,0
2026-04-29 20:00:00+00:00,0.71167,0.71195,0.71124,0.71129,808,9,0
2026-04-29 20:15:00+00:00,0.7113,0.71181,0.71117,0.71179,472,9,0
2026-04-29 20:30:00+00:00,0.71179,0.71192,0.71164,0.71174,265,9,0
2026-04-29 20:45:00+00:00,0.71174,0.71178,0.71147,0.71157,299,9,0
2026-04-29 21:00:00+00:00,0.71157,0.71157,0.71135,0.71137,84,17,0
2026-04-29 21:15:00+00:00,0.71136,0.71137,0.71118,0.71121,82,36,0
2026-04-29 21:30:00+00:00,0.7112,0.71142,0.7111,0.71138,113,27,0
2026-04-29 21:45:00+00:00,0.71138,0.71144,0.71137,0.71141,51,29,0
2026-04-29 22:00:00+00:00,0.7114,0.71158,0.71133,0.71152,210,9,0
2026-04-29 22:15:00+00:00,0.71153,0.71198,0.7115,0.71194,201,9,0
2026-04-29 22:30:00+00:00,0.71194,0.71211,0.71189,0.7119,151,9,0
2026-04-29 22:45:00+00:00,0.71191,0.71204,0.71182,0.71184,123,9,0
2026-04-29 23:00:00+00:00,0.71184,0.71204,0.71182,0.71203,139,9,0
2026-04-29 23:15:00+00:00,0.71203,0.71223,0.71199,0.71219,143,9,0
2026-04-29 23:30:00+00:00,0.71219,0.71275,0.71218,0.71266,216,9,0
2026-04-29 23:45:00+00:00,0.71266,0.71282,0.71252,0.71275,232,9,0
2026-04-30 00:00:00+00:00,0.71277,0.71323,0.71247,0.7127,682,9,0
2026-04-30 00:15:00+00:00,0.7127,0.71287,0.71253,0.71274,477,9,0
2026-04-30 00:30:00+00:00,0.71275,0.71294,0.71234,0.71234,388,9,0
2026-04-30 00:45:00+00:00,0.71234,0.71261,0.71211,0.71211,428,9,0
2026-04-30 01:00:00+00:00,0.71209,0.71231,0.71179,0.71191,533,9,0
2026-04-30 01:15:00+00:00,0.71192,0.71235,0.71189,0.71214,404,9,0
2026-04-30 01:30:00+00:00,0.71214,0.71244,0.71182,0.71217,561,9,0
2026-04-30 01:45:00+00:00,0.71217,0.71276,0.71198,0.71254,413,9,0
2026-04-30 02:00:00+00:00,0.71253,0.71284,0.71238,0.71284,370,9,0
2026-04-30 02:15:00+00:00,0.71283,0.71285,0.71223,0.71231,334,9,0
2026-04-30 02:30:00+00:00,0.71229,0.71231,0.71171,0.71202,1054,9,0
2026-04-30 02:45:00+00:00,0.71204,0.71268,0.71184,0.71257,485,9,0
2026-04-30 03:00:00+00:00,0.71256,0.713,0.71246,0.71254,425,9,0
2026-04-30 03:15:00+00:00,0.71255,0.71292,0.71248,0.71287,325,9,0
2026-04-30 03:30:00+00:00,0.71288,0.71301,0.71254,0.71278,361,9,0
2026-04-30 03:45:00+00:00,0.71278,0.71278,0.71248,0.71252,339,9,0
2026-04-30 04:00:00+00:00,0.71253,0.71259,0.712,0.7122,477,9,0
2026-04-30 04:15:00+00:00,0.7122,0.71228,0.71168,0.71182,451,9,0
2026-04-30 04:30:00+00:00,0.71181,0.71185,0.71149,0.71177,428,9,0
2026-04-30 04:45:00+00:00,0.71177,0.71194,0.71151,0.71154,355,9,0
2026-04-30 05:00:00+00:00,0.71156,0.71226,0.71156,0.71206,468,9,0
2026-04-30 05:15:00+00:00,0.71206,0.71211,0.71173,0.7118,318,9,0
2026-04-30 05:30:00+00:00,0.71179,0.71218,0.71175,0.71183,369,9,0
2026-04-30 05:45:00+00:00,0.71181,0.71187,0.71107,0.71126,445,9,0
2026-04-30 06:00:00+00:00,0.71125,0.71156,0.71097,0.71122,537,9,0
2026-04-30 06:15:00+00:00,0.71123,0.71165,0.71119,0.71154,479,9,0
2026-04-30 06:30:00+00:00,0.71156,0.71221,0.71144,0.71153,672,9,0
2026-04-30 06:45:00+00:00,0.71152,0.7119,0.7113,0.71184,579,9,0
2026-04-30 07:00:00+00:00,0.71182,0.71288,0.71179,0.71286,748,9,0
2026-04-30 07:15:00+00:00,0.71285,0.71285,0.71244,0.7128,599,9,0
2026-04-30 07:30:00+00:00,0.7128,0.7128,0.71224,0.71255,530,9,0
2026-04-30 07:45:00+00:00,0.71255,0.71305,0.71235,0.71278,563,9,0
2026-04-30 08:00:00+00:00,0.71279,0.71391,0.71279,0.71334,920,9,0
2026-04-30 08:15:00+00:00,0.71332,0.71345,0.71302,0.71344,537,9,0
2026-04-30 08:30:00+00:00,0.71342,0.71365,0.71304,0.71319,689,9,0
2026-04-30 08:45:00+00:00,0.71321,0.71341,0.71271,0.71294,496,9,0
2026-04-30 09:00:00+00:00,0.71295,0.71317,0.7127,0.71315,673,9,0
2026-04-30 09:15:00+00:00,0.71315,0.7134,0.71283,0.71339,604,9,0
2026-04-30 09:30:00+00:00,0.71341,0.71462,0.71341,0.71396,1150,9,0
2026-04-30 09:45:00+00:00,0.71396,0.71469,0.71396,0.71445,576,9,0
2026-04-30 10:00:00+00:00,0.71445,0.7148,0.71399,0.71405,578,9,0
2026-04-30 10:15:00+00:00,0.71406,0.7153,0.71406,0.71527,772,9,0
2026-04-30 10:30:00+00:00,0.71528,0.71573,0.71493,0.71524,1537,9,0
2026-04-30 10:45:00+00:00,0.71525,0.71572,0.71485,0.7157,905,9,0
2026-04-30 11:00:00+00:00,0.71572,0.71601,0.71525,0.71562,1082,9,0
2026-04-30 11:15:00+00:00,0.71562,0.71666,0.71549,0.71647,896,9,0
2026-04-30 11:30:00+00:00,0.71647,0.71647,0.71563,0.71565,1011,9,0
2026-04-30 11:45:00+00:00,0.71565,0.71594,0.71526,0.71531,716,9,0
2026-04-30 12:00:00+00:00,0.71532,0.71559,0.71474,0.71488,770,9,0
2026-04-30 12:15:00+00:00,0.71488,0.71501,0.71444,0.71488,804,9,0
2026-04-30 12:30:00+00:00,0.71486,0.71513,0.71446,0.71466,814,9,0
2026-04-30 12:45:00+00:00,0.71466,0.7155,0.71465,0.71494,796,9,0
2026-04-30 13:00:00+00:00,0.71495,0.71583,0.71493,0.7154,1147,9,0
2026-04-30 13:15:00+00:00,0.7154,0.71597,0.7151,0.71595,690,9,0
2026-04-30 13:30:00+00:00,0.71594,0.716,0.71538,0.71591,1050,9,0
2026-04-30 13:45:00+00:00,0.7159,0.71681,0.71569,0.71617,1009,9,0
2026-04-30 14:00:00+00:00,0.71617,0.71753,0.71605,0.71753,1257,9,0
2026-04-30 14:15:00+00:00,0.71753,0.7183,0.71747,0.71814,997,9,0
2026-04-30 14:30:00+00:00,0.71814,0.71826,0.71679,0.71764,1247,9,0
2026-04-30 14:45:00+00:00,0.71765,0.71914,0.71765,0.71879,1272,9,0
2026-04-30 15:00:00+00:00,0.71878,0.71906,0.71822,0.71881,1082,9,0
2026-04-30 15:15:00+00:00,0.71879,0.7189,0.71824,0.71849,684,9,0
2026-04-30 15:30:00+00:00,0.7185,0.719,0.7185,0.71879,700,9,0
2026-04-30 15:45:00+00:00,0.71878,0.71878,0.71819,0.71824,621,9,0
2026-04-30 16:00:00+00:00,0.71826,0.719,0.71818,0.71824,688,9,0
2026-04-30 16:15:00+00:00,0.71824,0.71825,0.71777,0.71795,483,9,0
2026-04-30 16:30:00+00:00,0.71797,0.71838,0.71781,0.71818,476,9,0
2026-04-30 16:45:00+00:00,0.71818,0.71834,0.718,0.71819,408,9,0
2026-04-30 17:00:00+00:00,0.71819,0.71863,0.71805,0.71814,552,9,0
2026-04-30 17:15:00+00:00,0.71814,0.71846,0.71802,0.71838,402,9,0
2026-04-30 17:30:00+00:00,0.71839,0.71878,0.7183,0.71849,475,9,0
2026-04-30 17:45:00+00:00,0.71848,0.71858,0.71834,0.71836,343,9,0
2026-04-30 18:00:00+00:00,0.71837,0.719,0.71837,0.71893,423,9,0
2026-04-30 18:15:00+00:00,0.71893,0.71926,0.71892,0.71908,306,9,0
2026-04-30 18:30:00+00:00,0.71908,0.71959,0.71908,0.71955,409,9,0
2026-04-30 18:45:00+00:00,0.71954,0.72,0.71954,0.71978,326,9,0
2026-04-30 19:00:00+00:00,0.71977,0.72025,0.71975,0.72003,457,9,0
2026-04-30 19:15:00+00:00,0.72003,0.72007,0.71967,0.71981,305,9,0
2026-04-30 19:30:00+00:00,0.71981,0.72009,0.71967,0.71994,296,9,0
2026-04-30 19:45:00+00:00,0.71994,0.72005,0.71968,0.71968,382,9,0
2026-04-30 20:00:00+00:00,0.71966,0.71993,0.71958,0.71972,340,9,0
2026-04-30 20:15:00+00:00,0.71972,0.72001,0.71972,0.71993,179,9,0
2026-04-30 20:30:00+00:00,0.71992,0.72028,0.71984,0.71992,235,9,0
2026-04-30 20:45:00+00:00,0.71992,0.72019,0.71985,0.72008,198,9,0
2026-04-30 21:00:00+00:00,0.72007,0.72009,0.71983,0.71997,73,19,0
2026-04-30 21:15:00+00:00,0.71998,0.71998,0.71952,0.71952,108,41,0
2026-04-30 21:30:00+00:00,0.71954,0.71957,0.71927,0.71931,164,75,0
2026-04-30 21:45:00+00:00,0.71932,0.7197,0.7193,0.7197,105,43,0
2026-04-30 22:00:00+00:00,0.71982,0.72016,0.7198,0.72,145,9,0
2026-04-30 22:15:00+00:00,0.71999,0.72007,0.71999,0.72004,69,9,0
2026-04-30 22:30:00+00:00,0.72004,0.72007,0.71966,0.71985,134,9,0
2026-04-30 22:45:00+00:00,0.71986,0.71996,0.71968,0.71994,117,9,0
2026-04-30 23:00:00+00:00,0.71994,0.72021,0.71994,0.72021,173,9,0
2026-04-30 23:15:00+00:00,0.7202,0.72027,0.72014,0.72022,123,9,0
2026-04-30 23:30:00+00:00,0.72022,0.72044,0.72022,0.7203,117,9,0
2026-04-30 23:45:00+00:00,0.72031,0.72042,0.71998,0.72,256,9,0
2026-05-01 00:00:00+00:00,0.72002,0.72025,0.71965,0.71976,520,9,0
2026-05-01 00:15:00+00:00,0.71977,0.71997,0.71965,0.7198,384,9,0
2026-05-01 00:30:00+00:00,0.7198,0.71995,0.71952,0.71995,341,9,0
2026-05-01 00:45:00+00:00,0.71995,0.72014,0.71973,0.72003,399,9,0
2026-05-01 01:00:00+00:00,0.72004,0.72004,0.71959,0.71995,339,9,0
2026-05-01 01:15:00+00:00,0.71995,0.71998,0.71958,0.71985,279,9,0
2026-05-01 01:30:00+00:00,0.71985,0.72011,0.71985,0.71993,319,9,0
2026-05-01 01:45:00+00:00,0.71993,0.72024,0.71986,0.72014,282,9,0
2026-05-01 02:00:00+00:00,0.72013,0.72048,0.72,0.72023,260,9,0
2026-05-01 02:15:00+00:00,0.72023,0.72033,0.72007,0.72016,218,9,0
2026-05-01 02:30:00+00:00,0.72016,0.7202,0.71974,0.71981,270,9,0
2026-05-01 02:45:00+00:00,0.71981,0.71993,0.71953,0.71992,243,9,0
2026-05-01 03:00:00+00:00,0.71994,0.71996,0.71979,0.71996,171,9,0
2026-05-01 03:15:00+00:00,0.71996,0.72028,0.71991,0.7202,137,9,0
2026-05-01 03:30:00+00:00,0.72021,0.72023,0.71969,0.71971,256,9,0
2026-05-01 03:45:00+00:00,0.71971,0.71977,0.71943,0.71954,236,9,0
2026-05-01 04:00:00+00:00,0.71955,0.71957,0.71909,0.71917,367,9,0
2026-05-01 04:15:00+00:00,0.71917,0.71924,0.71898,0.71904,168,9,0
2026-05-01 04:30:00+00:00,0.71903,0.71919,0.71895,0.71905,181,9,0
2026-05-01 04:45:00+00:00,0.71905,0.71918,0.71901,0.71905,163,9,0
2026-05-01 05:00:00+00:00,0.71905,0.71919,0.71902,0.71917,188,9,0
2026-05-01 05:15:00+00:00,0.71917,0.71923,0.71886,0.71922,195,9,0
2026-05-01 05:30:00+00:00,0.71922,0.71934,0.71914,0.71931,210,9,0
2026-05-01 05:45:00+00:00,0.71931,0.71933,0.71884,0.7189,193,9,0
2026-05-01 06:00:00+00:00,0.71889,0.71931,0.71885,0.71907,343,9,0
2026-05-01 06:15:00+00:00,0.71907,0.71917,0.71887,0.71895,297,9,0
2026-05-01 06:30:00+00:00,0.71896,0.71899,0.7186,0.71884,352,9,0
2026-05-01 06:45:00+00:00,0.71885,0.71994,0.71885,0.71953,1085,9,0
2026-05-01 07:00:00+00:00,0.71953,0.71996,0.71938,0.71994,704,9,0
2026-05-01 07:15:00+00:00,0.71994,0.72024,0.71976,0.72023,526,9,0
2026-05-01 07:30:00+00:00,0.72023,0.72023,0.7196,0.71982,388,9,0
2026-05-01 07:45:00+00:00,0.71982,0.72008,0.71928,0.71952,488,9,0
2026-05-01 08:00:00+00:00,0.71953,0.71968,0.71907,0.71907,487,9,0
2026-05-01 08:15:00+00:00,0.71909,0.71979,0.71908,0.7197,400,9,0
2026-05-01 08:30:00+00:00,0.71969,0.71983,0.71934,0.7196,352,9,0
2026-05-01 08:45:00+00:00,0.71959,0.71968,0.71931,0.71946,325,9,0
2026-05-01 09:00:00+00:00,0.71946,0.71953,0.71902,0.71909,344,9,0
2026-05-01 09:15:00+00:00,0.71908,0.71919,0.71868,0.71878,303,9,0
2026-05-01 09:30:00+00:00,0.71876,0.71903,0.71868,0.71899,272,9,0
2026-05-01 09:45:00+00:00,0.71899,0.71903,0.7183,0.7185,313,9,0
2026-05-01 10:00:00+00:00,0.7185,0.71888,0.71841,0.7188,291,9,0
2026-05-01 10:15:00+00:00,0.7188,0.71918,0.7188,0.71899,263,9,0
2026-05-01 10:30:00+00:00,0.71898,0.71913,0.71878,0.71892,222,9,0
2026-05-01 10:45:00+00:00,0.71892,0.71913,0.71888,0.71897,247,9,0
2026-05-01 11:00:00+00:00,0.71898,0.71945,0.71895,0.71942,319,9,0
2026-05-01 11:15:00+00:00,0.71942,0.71997,0.71932,0.71978,357,9,0
2026-05-01 11:30:00+00:00,0.71979,0.71992,0.71948,0.71948,305,9,0
2026-05-01 11:45:00+00:00,0.71949,0.71966,0.71932,0.71963,311,9,0
2026-05-01 12:00:00+00:00,0.71964,0.72064,0.7194,0.72024,720,9,0
2026-05-01 12:15:00+00:00,0.72023,0.72081,0.72003,0.72059,703,9,0
2026-05-01 12:30:00+00:00,0.72058,0.72059,0.72011,0.72021,495,9,0
2026-05-01 12:45:00+00:00,0.72022,0.72044,0.72013,0.72021,394,9,0
2026-05-01 13:00:00+00:00,0.72019,0.7208,0.72015,0.72047,450,9,0
2026-05-01 13:15:00+00:00,0.72047,0.72066,0.72034,0.72052,437,9,0
2026-05-01 13:30:00+00:00,0.72051,0.72084,0.72033,0.72064,711,9,0
2026-05-01 13:45:00+00:00,0.72064,0.72143,0.71998,0.72122,1251,9,0
2026-05-01 14:00:00+00:00,0.72123,0.72274,0.72119,0.72235,1101,9,0
2026-05-01 14:15:00+00:00,0.72236,0.72269,0.72212,0.72232,766,9,0
2026-05-01 14:30:00+00:00,0.72232,0.72235,0.72143,0.72176,864,9,0
2026-05-01 14:45:00+00:00,0.72178,0.72196,0.72131,0.72162,808,9,0
2026-05-01 15:00:00+00:00,0.72163,0.72208,0.72133,0.72204,773,9,0
2026-05-01 15:15:00+00:00,0.72204,0.72229,0.72187,0.72202,562,9,0
2026-05-01 15:30:00+00:00,0.72203,0.72229,0.72173,0.72197,636,9,0
2026-05-01 15:45:00+00:00,0.72197,0.72227,0.72129,0.7217,956,9,0
2026-05-01 16:00:00+00:00,0.7217,0.72197,0.72155,0.72175,473,9,0
2026-05-01 16:15:00+00:00,0.72175,0.72207,0.72125,0.72148,816,9,0
2026-05-01 16:30:00+00:00,0.72146,0.72158,0.72116,0.72135,480,9,0
2026-05-01 16:45:00+00:00,0.72134,0.72138,0.72106,0.72113,390,9,0
2026-05-01 17:00:00+00:00,0.72111,0.7214,0.72108,0.72133,344,9,0
2026-05-01 17:15:00+00:00,0.72133,0.72153,0.721,0.72115,465,9,0
2026-05-01 17:30:00+00:00,0.72114,0.72121,0.72078,0.72082,357,9,0
2026-05-01 17:45:00+00:00,0.72082,0.7213,0.72073,0.721,430,9,0
2026-05-01 18:00:00+00:00,0.721,0.72108,0.72026,0.72041,416,9,0
2026-05-01 18:15:00+00:00,0.72041,0.72071,0.72017,0.72063,414,9,0
2026-05-01 18:30:00+00:00,0.72065,0.72078,0.72028,0.72062,493,9,0
2026-05-01 18:45:00+00:00,0.72062,0.72105,0.72053,0.72092,355,9,0
2026-05-01 19:00:00+00:00,0.72091,0.72102,0.72069,0.72074,256,9,0
2026-05-01 19:15:00+00:00,0.72073,0.72096,0.72072,0.72085,194,9,0
2026-05-01 19:30:00+00:00,0.72086,0.72086,0.72063,0.72064,186,9,0
2026-05-01 19:45:00+00:00,0.72064,0.72068,0.72042,0.72045,272,9,0
2026-05-01 20:00:00+00:00,0.72046,0.72058,0.72042,0.72046,132,9,0
2026-05-01 20:15:00+00:00,0.72046,0.7205,0.72028,0.72028,117,9,0
2026-05-01 20:30:00+00:00,0.72028,0.72033,0.71997,0.72021,185,9,0
2026-05-01 20:45:00+00:00,0.72021,0.72022,0.71974,0.7199,287,9,0
2026-05-03 21:00:00+00:00,0.72127,0.72127,0.72121,0.72121,12,26,0
2026-05-03 21:15:00+00:00,0.72121,0.72124,0.72073,0.72105,192,27,0
2026-05-03 21:30:00+00:00,0.72105,0.72136,0.72105,0.72135,90,76,0
2026-05-03 21:45:00+00:00,0.72136,0.72159,0.72135,0.72158,81,28,0
2026-05-03 22:00:00+00:00,0.7218,0.72195,0.72146,0.7216,358,9,0
2026-05-03 22:15:00+00:00,0.7216,0.72161,0.721,0.72122,207,9,0
2026-05-03 22:30:00+00:00,0.72121,0.7216,0.721,0.72145,194,9,0
2026-05-03 22:45:00+00:00,0.72145,0.72151,0.72125,0.72143,163,9,0
2026-05-03 23:00:00+00:00,0.72143,0.72143,0.72116,0.72121,161,9,0
2026-05-03 23:15:00+00:00,0.72121,0.72126,0.72103,0.72125,137,9,0
2026-05-03 23:30:00+00:00,0.72125,0.72135,0.72098,0.72099,165,9,0
2026-05-03 23:45:00+00:00,0.72099,0.72116,0.72084,0.72089,302,9,0
2026-05-04 00:00:00+00:00,0.72088,0.72125,0.7206,0.72106,582,9,0
2026-05-04 00:15:00+00:00,0.72106,0.72114,0.72054,0.72067,549,9,0
2026-05-04 00:30:00+00:00,0.72069,0.72108,0.72066,0.72083,369,9,0
2026-05-04 00:45:00+00:00,0.72083,0.72106,0.72064,0.72089,403,9,0
2026-05-04 01:00:00+00:00,0.72091,0.72091,0.72006,0.72042,493,9,0
2026-05-04 01:15:00+00:00,0.72043,0.72087,0.72014,0.72019,499,9,0
2026-05-04 01:30:00+00:00,0.72019,0.72075,0.72018,0.72072,413,9,0
2026-05-04 01:45:00+00:00,0.72072,0.72089,0.72048,0.72088,331,9,0
2026-05-04 02:00:00+00:00,0.72088,0.72092,0.7206,0.7208,387,9,0
2026-05-04 02:15:00+00:00,0.7208,0.7208,0.72012,0.72018,355,9,0
2026-05-04 02:30:00+00:00,0.72018,0.72054,0.72015,0.72052,298,9,0
2026-05-04 02:45:00+00:00,0.72052,0.72094,0.72051,0.72079,327,9,0
2026-05-04 03:00:00+00:00,0.72077,0.72088,0.72059,0.72074,268,9,0
2026-05-04 03:15:00+00:00,0.72073,0.72083,0.72064,0.72065,205,9,0
2026-05-04 03:30:00+00:00,0.72064,0.72074,0.72046,0.72069,249,9,0
2026-05-04 03:45:00+00:00,0.7207,0.72169,0.7207,0.72135,1036,9,0
2026-05-04 04:00:00+00:00,0.72134,0.72141,0.72105,0.72105,372,9,0
2026-05-04 04:15:00+00:00,0.72105,0.72123,0.72082,0.72088,255,9,0
2026-05-04 04:30:00+00:00,0.72088,0.72091,0.72078,0.72083,183,9,0
2026-05-04 04:45:00+00:00,0.72083,0.72083,0.72062,0.72075,182,9,0
2026-05-04 05:00:00+00:00,0.72075,0.72092,0.72064,0.72072,241,9,0
2026-05-04 05:15:00+00:00,0.72072,0.72096,0.72036,0.72036,437,9,0
2026-05-04 05:30:00+00:00,0.72037,0.72064,0.72025,0.72057,266,9,0
2026-05-04 05:45:00+00:00,0.72057,0.72078,0.72045,0.72073,254,9,0
2026-05-04 06:00:00+00:00,0.72074,0.72089,0.72054,0.72082,460,9,0
2026-05-04 06:15:00+00:00,0.72082,0.72091,0.72062,0.72079,323,9,0
2026-05-04 06:30:00+00:00,0.7208,0.72088,0.71978,0.71984,518,9,0
2026-05-04 06:45:00+00:00,0.71984,0.71988,0.71934,0.71979,529,9,0
2026-05-04 07:00:00+00:00,0.71978,0.71978,0.71928,0.71942,663,9,0
2026-05-04 07:15:00+00:00,0.71942,0.71975,0.71905,0.71908,490,9,0
2026-05-04 07:30:00+00:00,0.71909,0.71929,0.71883,0.71894,420,9,0
2026-05-04 07:45:00+00:00,0.71893,0.71944,0.7189,0.71909,434,9,0
2026-05-04 08:00:00+00:00,0.71907,0.71909,0.71875,0.71901,548,9,0
2026-05-04 08:15:00+00:00,0.719,0.71941,0.71878,0.7194,429,9,0
2026-05-04 08:30:00+00:00,0.71939,0.7198,0.7193,0.7196,384,9,0
2026-05-04 08:45:00+00:00,0.71959,0.71971,0.71939,0.71943,371,9,0
2026-05-04 09:00:00+00:00,0.71942,0.7198,0.71939,0.71957,362,9,0
2026-05-04 09:15:00+00:00,0.71958,0.71977,0.71951,0.71976,290,9,0
2026-05-04 09:30:00+00:00,0.71975,0.71993,0.71965,0.71985,295,9,0
2026-05-04 09:45:00+00:00,0.71985,0.71988,0.71961,0.71963,264,9,0
2026-05-04 10:00:00+00:00,0.71963,0.71963,0.71681,0.71716,2263,9,0
2026-05-04 10:15:00+00:00,0.71716,0.71827,0.71679,0.71808,1468,9,0
2026-05-04 10:30:00+00:00,0.71808,0.71912,0.71792,0.71868,1477,9,0
2026-05-04 10:45:00+00:00,0.71867,0.7189,0.71829,0.71844,474,9,0
2026-05-04 11:00:00+00:00,0.71845,0.71881,0.71774,0.71796,900,9,0
2026-05-04 11:15:00+00:00,0.71796,0.71824,0.71794,0.71803,476,9,0
2026-05-04 11:30:00+00:00,0.71802,0.71804,0.71754,0.71789,752,9,0
2026-05-04 11:45:00+00:00,0.71789,0.71789,0.7176,0.71783,432,9,0
2026-05-04 12:00:00+00:00,0.71784,0.7184,0.71779,0.71832,465,9,0
2026-05-04 12:15:00+00:00,0.71831,0.71899,0.71818,0.71892,795,9,0
2026-05-04 12:30:00+00:00,0.71892,0.71909,0.71857,0.71893,510,9,0
2026-05-04 12:45:00+00:00,0.71892,0.71912,0.71864,0.71871,496,9,0
2026-05-04 13:00:00+00:00,0.71869,0.71948,0.71774,0.71862,1439,9,0
2026-05-04 13:15:00+00:00,0.71862,0.71877,0.71824,0.71843,487,9,0
2026-05-04 13:30:00+00:00,0.71844,0.71893,0.71833,0.71874,767,9,0
2026-05-04 13:45:00+00:00,0.71873,0.71891,0.71842,0.71855,622,9,0
2026-05-04 14:00:00+00:00,0.71854,0.7188,0.71816,0.71861,803,9,0
2026-05-04 14:15:00+00:00,0.71861,0.71905,0.71858,0.71872,599,9,0
2026-05-04 14:30:00+00:00,0.71871,0.71908,0.71848,0.7185,576,9,0
2026-05-04 14:45:00+00:00,0.7185,0.71889,0.71823,0.7184,790,9,0
2026-05-04 15:00:00+00:00,0.71841,0.71885,0.71813,0.7183,859,9,0
2026-05-04 15:15:00+00:00,0.71829,0.7187,0.71679,0.71761,1654,9,0
2026-05-04 15:30:00+00:00,0.71761,0.71765,0.71663,0.71687,1055,9,0
2026-05-04 15:45:00+00:00,0.71686,0.71707,0.71619,0.71653,1158,9,0
2026-05-04 16:00:00+00:00,0.71655,0.71683,0.71539,0.71543,1185,9,0
2026-05-04 16:15:00+00:00,0.71541,0.71667,0.7153,0.71624,1297,9,0
2026-05-04 16:30:00+00:00,0.71623,0.71638,0.71591,0.71607,854,9,0
2026-05-04 16:45:00+00:00,0.71606,0.71622,0.71574,0.71574,601,9,0
2026-05-04 17:00:00+00:00,0.71576,0.71679,0.71569,0.71673,801,9,0
2026-05-04 17:15:00+00:00,0.71672,0.71717,0.71665,0.71713,803,9,0
2026-05-04 17:30:00+00:00,0.71712,0.7172,0.7166,0.71686,460,9,0
2026-05-04 17:45:00+00:00,0.71686,0.71699,0.71667,0.71687,313,9,0
2026-05-04 18:00:00+00:00,0.71686,0.71728,0.71679,0.71697,392,9,0
2026-05-04 18:15:00+00:00,0.71697,0.71697,0.71654,0.71686,431,9,0
2026-05-04 18:30:00+00:00,0.71687,0.71696,0.71665,0.7167,370,9,0
2026-05-04 18:45:00+00:00,0.7167,0.71722,0.71646,0.7172,473,9,0
2026-05-04 19:00:00+00:00,0.71719,0.71741,0.71676,0.7172,623,9,0
2026-05-04 19:15:00+00:00,0.7172,0.71741,0.71693,0.71713,436,9,0
2026-05-04 19:30:00+00:00,0.71712,0.71736,0.71709,0.71718,309,9,0
2026-05-04 19:45:00+00:00,0.71716,0.71721,0.7169,0.7171,329,9,0
2026-05-04 20:00:00+00:00,0.7171,0.7171,0.71676,0.71676,180,9,0
2026-05-04 20:15:00+00:00,0.71676,0.71676,0.71647,0.71652,193,9,0
2026-05-04 20:30:00+00:00,0.71652,0.71663,0.71642,0.71661,147,9,0
2026-05-04 20:45:00+00:00,0.7166,0.71668,0.71657,0.71657,143,9,0
2026-05-04 21:00:00+00:00,0.71658,0.71664,0.71656,0.71659,56,17,0
2026-05-04 21:15:00+00:00,0.7166,0.71662,0.71656,0.71657,52,17,0
2026-05-04 21:30:00+00:00,0.71657,0.71665,0.71653,0.71664,87,19,0
2026-05-04 21:45:00+00:00,0.71664,0.71666,0.7166,0.71666,70,15,0
2026-05-04 22:00:00+00:00,0.71669,0.71685,0.71653,0.71659,133,9,0
2026-05-04 22:15:00+00:00,0.71659,0.71669,0.71656,0.71669,69,9,0
2026-05-04 22:30:00+00:00,0.71669,0.7168,0.71667,0.7168,73,9,0
2026-05-04 22:45:00+00:00,0.7168,0.7168,0.71663,0.71669,61,9,0
2026-05-04 23:00:00+00:00,0.71669,0.71681,0.71667,0.71672,77,9,0
2026-05-04 23:15:00+00:00,0.71672,0.71681,0.71671,0.71677,57,9,0
2026-05-04 23:30:00+00:00,0.71677,0.71682,0.71671,0.71675,84,9,0
2026-05-04 23:45:00+00:00,0.71675,0.71684,0.71666,0.71669,126,9,0
2026-05-05 00:00:00+00:00,0.71669,0.71712,0.71664,0.71685,395,9,0
2026-05-05 00:15:00+00:00,0.71685,0.71685,0.71591,0.71602,452,9,0
2026-05-05 00:30:00+00:00,0.71602,0.71607,0.71577,0.71592,282,9,0
2026-05-05 00:45:00+00:00,0.71593,0.71629,0.71593,0.71595,304,9,0
2026-05-05 01:00:00+00:00,0.71595,0.71598,0.71566,0.71587,333,9,0
2026-05-05 01:15:00+00:00,0.71587,0.71592,0.71525,0.71552,312,9,0
2026-05-05 01:30:00+00:00,0.71553,0.71585,0.71541,0.71552,488,9,0
2026-05-05 01:45:00+00:00,0.7155,0.71585,0.71548,0.71567,290,9,0
2026-05-05 02:00:00+00:00,0.71568,0.71621,0.71561,0.71617,316,9,0
2026-05-05 02:15:00+00:00,0.71616,0.71637,0.71615,0.71619,218,9,0
2026-05-05 02:30:00+00:00,0.71621,0.71642,0.7161,0.71618,233,9,0
2026-05-05 02:45:00+00:00,0.71617,0.71635,0.71597,0.71598,295,9,0
2026-05-05 03:00:00+00:00,0.71598,0.71603,0.71574,0.716,254,9,0
2026-05-05 03:15:00+00:00,0.71599,0.7161,0.71577,0.71581,177,9,0
2026-05-05 03:30:00+00:00,0.71582,0.71582,0.71541,0.71559,192,9,0
2026-05-05 03:45:00+00:00,0.7156,0.71566,0.71524,0.71529,175,9,0
2026-05-05 04:00:00+00:00,0.71528,0.71565,0.71522,0.7155,222,9,0
2026-05-05 04:15:00+00:00,0.7155,0.71592,0.71541,0.71582,253,9,0
2026-05-05 04:30:00+00:00,0.71583,0.71702,0.71529,0.71638,997,9,0
2026-05-05 04:45:00+00:00,0.71638,0.71638,0.71512,0.71513,518,9,0
2026-05-05 05:00:00+00:00,0.71512,0.71536,0.71481,0.71481,490,9,0
2026-05-05 05:15:00+00:00,0.71481,0.71492,0.71428,0.71442,457,9,0
2026-05-05 05:30:00+00:00,0.71443,0.71459,0.71356,0.71373,1074,9,0
2026-05-05 05:45:00+00:00,0.71373,0.71436,0.71354,0.71392,591,9,0
2026-05-05 06:00:00+00:00,0.7139,0.71475,0.71383,0.71434,720,9,0
2026-05-05 06:15:00+00:00,0.71433,0.7145,0.71386,0.71447,503,9,0
2026-05-05 06:30:00+00:00,0.71446,0.7148,0.7143,0.7145,441,9,0
2026-05-05 06:45:00+00:00,0.71451,0.71458,0.71429,0.71433,390,9,0
2026-05-05 07:00:00+00:00,0.71435,0.715,0.71426,0.71489,668,9,0
2026-05-05 07:15:00+00:00,0.71488,0.71505,0.71476,0.71484,406,9,0
2026-05-05 07:30:00+00:00,0.71485,0.71579,0.71485,0.71556,616,9,0
2026-05-05 07:45:00+00:00,0.71555,0.7157,0.71515,0.71516,445,9,0
2026-05-05 08:00:00+00:00,0.71514,0.71589,0.71514,0.71579,484,9,0
2026-05-05 08:15:00+00:00,0.71579,0.71631,0.71577,0.71607,447,9,0
2026-05-05 08:30:00+00:00,0.71606,0.71606,0.71551,0.71575,417,9,0
2026-05-05 08:45:00+00:00,0.71574,0.71606,0.71562,0.7157,391,9,0
2026-05-05 09:00:00+00:00,0.7157,0.71602,0.71536,0.7156,530,9,0
2026-05-05 09:15:00+00:00,0.7156,0.71568,0.71532,0.71555,380,9,0
2026-05-05 09:30:00+00:00,0.71556,0.7161,0.71555,0.71591,467,9,0
2026-05-05 09:45:00+00:00,0.7159,0.71641,0.71588,0.71634,384,9,0
2026-05-05 10:00:00+00:00,0.71633,0.71652,0.71607,0.71646,327,9,0
2026-05-05 10:15:00+00:00,0.71646,0.71702,0.71639,0.71694,313,9,0
2026-05-05 10:30:00+00:00,0.71694,0.71735,0.71664,0.71673,463,9,0
2026-05-05 10:45:00+00:00,0.71673,0.71675,0.71647,0.71675,277,9,0
2026-05-05 11:00:00+00:00,0.71674,0.71681,0.71627,0.71658,516,9,0
2026-05-05 11:15:00+00:00,0.71658,0.71732,0.7164,0.71727,448,9,0
2026-05-05 11:30:00+00:00,0.71729,0.7174,0.71703,0.71715,376,9,0
2026-05-05 11:45:00+00:00,0.71716,0.71735,0.71705,0.71718,310,9,0
2026-05-05 12:00:00+00:00,0.71717,0.71747,0.71669,0.71726,752,9,0
2026-05-05 12:15:00+00:00,0.71727,0.71822,0.71723,0.7181,586,9,0
2026-05-05 12:30:00+00:00,0.71811,0.71811,0.71726,0.71727,440,9,0
2026-05-05 12:45:00+00:00,0.71727,0.71755,0.7172,0.71749,340,9,0
2026-05-05 13:00:00+00:00,0.71749,0.7184,0.71749,0.71822,509,9,0
2026-05-05 13:15:00+00:00,0.71822,0.7185,0.71804,0.71809,423,9,0
2026-05-05 13:30:00+00:00,0.7181,0.71817,0.71781,0.71791,577,9,0
2026-05-05 13:45:00+00:00,0.71792,0.71825,0.71784,0.71799,518,9,0
2026-05-05 14:00:00+00:00,0.71802,0.71878,0.71763,0.71776,991,9,0
2026-05-05 14:15:00+00:00,0.71777,0.71867,0.71748,0.71847,1042,9,0
2026-05-05 14:30:00+00:00,0.71848,0.71876,0.71823,0.71866,639,9,0
2026-05-05 14:45:00+00:00,0.71865,0.71884,0.71831,0.7188,672,9,0
2026-05-05 15:00:00+00:00,0.7188,0.71939,0.71863,0.7192,512,9,0
2026-05-05 15:15:00+00:00,0.7192,0.71921,0.71893,0.71909,412,9,0
2026-05-05 15:30:00+00:00,0.7191,0.71971,0.71892,0.7196,575,9,0
2026-05-05 15:45:00+00:00,0.7196,0.71972,0.71941,0.71942,430,9,0
2026-05-05 16:00:00+00:00,0.71942,0.7195,0.71901,0.71903,385,9,0
2026-05-05 16:15:00+00:00,0.71902,0.71905,0.71879,0.719,347,9,0
2026-05-05 16:30:00+00:00,0.71901,0.71901,0.71875,0.71896,328,9,0
2026-05-05 16:45:00+00:00,0.71896,0.71903,0.71861,0.71866,297,9,0
2026-05-05 17:00:00+00:00,0.71866,0.71885,0.71844,0.71855,299,9,0
2026-05-05 17:15:00+00:00,0.71856,0.71873,0.71849,0.71869,260,9,0
2026-05-05 17:30:00+00:00,0.71869,0.71909,0.71865,0.71872,310,9,0
2026-05-05 17:45:00+00:00,0.71872,0.71884,0.71863,0.71872,212,9,0
2026-05-05 18:00:00+00:00,0.71871,0.71899,0.71867,0.71881,235,9,0
2026-05-05 18:15:00+00:00,0.71881,0.71891,0.71879,0.71885,184,9,0
2026-05-05 18:30:00+00:00,0.71885,0.7189,0.71871,0.71875,173,9,0
2026-05-05 18:45:00+00:00,0.71875,0.71886,0.71866,0.71874,170,9,0
2026-05-05 19:00:00+00:00,0.71875,0.71881,0.71857,0.7186,179,9,0
2026-05-05 19:15:00+00:00,0.7186,0.71864,0.71843,0.71843,178,9,0
2026-05-05 19:30:00+00:00,0.71843,0.71857,0.71823,0.7183,204,9,0
2026-05-05 19:45:00+00:00,0.7183,0.71835,0.71811,0.71828,251,9,0
2026-05-05 20:00:00+00:00,0.71828,0.71837,0.71824,0.71831,129,9,0
2026-05-05 20:15:00+00:00,0.71829,0.71843,0.71823,0.71837,158,9,0
2026-05-05 20:30:00+00:00,0.71837,0.71837,0.7182,0.7182,93,9,0
2026-05-05 20:45:00+00:00,0.71821,0.7183,0.71814,0.71824,110,9,0
2026-05-05 21:00:00+00:00,0.71823,0.71825,0.71801,0.71806,72,14,0
2026-05-05 21:15:00+00:00,0.71804,0.71805,0.71781,0.71782,123,37,0
2026-05-05 21:30:00+00:00,0.71784,0.71812,0.71784,0.71795,135,26,0
2026-05-05 21:45:00+00:00,0.71793,0.718,0.71774,0.71799,255,34,0
2026-05-05 22:00:00+00:00,0.71812,0.71832,0.71812,0.71824,123,9,0
2026-05-05 22:15:00+00:00,0.71824,0.71826,0.71816,0.71821,68,9,0
2026-05-05 22:30:00+00:00,0.71821,0.71832,0.71821,0.71829,74,9,0
2026-05-05 22:45:00+00:00,0.71829,0.71999,0.71824,0.71959,517,9,0
2026-05-05 23:00:00+00:00,0.71962,0.72054,0.71942,0.72045,688,9,0
2026-05-05 23:15:00+00:00,0.72046,0.72078,0.72022,0.72035,424,9,0
2026-05-05 23:30:00+00:00,0.72035,0.72065,0.72029,0.72037,305,9,0
2026-05-05 23:45:00+00:00,0.72037,0.72049,0.72021,0.72027,272,9,0
2026-05-06 00:00:00+00:00,0.72028,0.72093,0.72018,0.72049,842,9,0
2026-05-06 00:15:00+00:00,0.72049,0.72128,0.72032,0.72086,600,9,0
2026-05-06 00:30:00+00:00,0.72088,0.72193,0.72072,0.72188,596,9,0
2026-05-06 00:45:00+00:00,0.72186,0.72236,0.7217,0.72235,557,9,0
2026-05-06 01:00:00+00:00,0.72233,0.72249,0.7221,0.72216,623,9,0
2026-05-06 01:15:00+00:00,0.72216,0.72313,0.72209,0.72274,577,9,0
2026-05-06 01:30:00+00:00,0.72273,0.72284,0.72205,0.72277,645,9,0
2026-05-06 01:45:00+00:00,0.72277,0.72336,0.72277,0.72286,660,9,0
2026-05-06 02:00:00+00:00,0.72285,0.72302,0.72275,0.72292,521,9,0
2026-05-06 02:15:00+00:00,0.72292,0.72334,0.72289,0.72304,472,9,0
2026-05-06 02:30:00+00:00,0.72304,0.72334,0.72295,0.72297,348,9,0
2026-05-06 02:45:00+00:00,0.72295,0.72338,0.72288,0.72334,366,9,0
2026-05-06 03:00:00+00:00,0.72335,0.72417,0.72332,0.72377,544,9,0
2026-05-06 03:15:00+00:00,0.72377,0.72389,0.72358,0.72362,305,9,0
2026-05-06 03:30:00+00:00,0.72361,0.72387,0.72335,0.72375,399,9,0
2026-05-06 03:45:00+00:00,0.72376,0.72377,0.72316,0.72319,277,9,0
2026-05-06 04:00:00+00:00,0.72319,0.72362,0.72309,0.72362,265,9,0
2026-05-06 04:15:00+00:00,0.72362,0.72409,0.72332,0.72408,395,9,0
2026-05-06 04:30:00+00:00,0.72407,0.72479,0.72401,0.72447,1067,9,0
2026-05-06 04:45:00+00:00,0.72446,0.72503,0.7244,0.7244,717,9,0
2026-05-06 05:00:00+00:00,0.72439,0.72489,0.7243,0.72468,570,9,0
2026-05-06 05:15:00+00:00,0.72468,0.72468,0.72422,0.72449,466,9,0
2026-05-06 05:30:00+00:00,0.72449,0.72458,0.72433,0.72453,310,9,0
2026-05-06 05:45:00+00:00,0.72451,0.72487,0.72451,0.72474,325,9,0
2026-05-06 06:00:00+00:00,0.72474,0.72484,0.72405,0.72455,639,9,0
2026-05-06 06:15:00+00:00,0.72455,0.72484,0.72442,0.72468,488,9,0
2026-05-06 06:30:00+00:00,0.7247,0.72471,0.72417,0.72442,566,9,0
2026-05-06 06:45:00+00:00,0.72443,0.72489,0.7244,0.72485,335,9,0
2026-05-06 07:00:00+00:00,0.72485,0.725,0.72356,0.72366,784,9,0
2026-05-06 07:15:00+00:00,0.72365,0.72384,0.7233,0.72377,548,9,0
2026-05-06 07:30:00+00:00,0.72379,0.72381,0.72332,0.72369,465,9,0
2026-05-06 07:45:00+00:00,0.72368,0.7242,0.72358,0.72417,677,9,0
2026-05-06 08:00:00+00:00,0.72416,0.72433,0.72324,0.72348,766,9,0
2026-05-06 08:15:00+00:00,0.72347,0.72413,0.7234,0.72399,405,9,0
2026-05-06 08:30:00+00:00,0.72399,0.725,0.72394,0.72494,486,9,0
2026-05-06 08:45:00+00:00,0.72494,0.72671,0.7249,0.72601,1598,9,0
2026-05-06 09:00:00+00:00,0.72599,0.72614,0.72505,0.72518,837,9,0
2026-05-06 09:15:00+00:00,0.72519,0.72617,0.72514,0.72565,812,9,0
2026-05-06 09:30:00+00:00,0.72565,0.72635,0.72557,0.72584,797,9,0
2026-05-06 09:45:00+00:00,0.72584,0.72619,0.72572,0.72614,594,9,0
2026-05-06 10:00:00+00:00,0.72615,0.7263,0.72522,0.72524,657,9,0
2026-05-06 10:15:00+00:00,0.72523,0.72564,0.72514,0.72537,531,9,0
2026-05-06 10:30:00+00:00,0.72537,0.72684,0.72537,0.72668,710,9,0
2026-05-06 10:45:00+00:00,0.72667,0.72771,0.72636,0.72684,1399,9,0
2026-05-06 11:00:00+00:00,0.72682,0.72682,0.72583,0.72601,956,9,0
2026-05-06 11:15:00+00:00,0.72599,0.72639,0.72581,0.72604,596,9,0
2026-05-06 11:30:00+00:00,0.72604,0.72632,0.72492,0.72502,995,9,0
2026-05-06 11:45:00+00:00,0.72503,0.72551,0.72484,0.72502,928,9,0
2026-05-06 12:00:00+00:00,0.72502,0.72502,0.72361,0.7238,979,9,0
2026-05-06 12:15:00+00:00,0.72382,0.72472,0.72316,0.72453,1126,9,0
2026-05-06 12:30:00+00:00,0.72454,0.72468,0.72396,0.72432,753,9,0
2026-05-06 12:45:00+00:00,0.72432,0.72433,0.72369,0.72374,665,9,0
2026-05-06 13:00:00+00:00,0.72373,0.72408,0.72287,0.72379,1209,9,0
2026-05-06 13:15:00+00:00,0.72378,0.72401,0.72323,0.72331,674,9,0
2026-05-06 13:30:00+00:00,0.72329,0.72381,0.72304,0.72355,953,9,0
2026-05-06 13:45:00+00:00,0.72356,0.72373,0.72319,0.72342,798,9,0
2026-05-06 14:00:00+00:00,0.72342,0.72363,0.7229,0.72343,923,9,0
2026-05-06 14:15:00+00:00,0.72344,0.72359,0.72306,0.72314,744,9,0
2026-05-06 14:30:00+00:00,0.72315,0.72464,0.72312,0.72462,852,9,0
2026-05-06 14:45:00+00:00,0.72463,0.72471,0.72368,0.72394,851,9,0
2026-05-06 15:00:00+00:00,0.72394,0.724,0.72325,0.72337,742,9,0
2026-05-06 15:15:00+00:00,0.72337,0.72368,0.72331,0.72353,542,9,0
2026-05-06 15:30:00+00:00,0.72354,0.72377,0.72333,0.7235,572,9,0
2026-05-06 15:45:00+00:00,0.7235,0.72361,0.72334,0.72335,495,9,0
2026-05-06 16:00:00+00:00,0.72333,0.72334,0.72293,0.72314,466,9,0
2026-05-06 16:15:00+00:00,0.72314,0.72323,0.72294,0.72302,389,9,0
2026-05-06 16:30:00+00:00,0.72303,0.72323,0.72302,0.72306,322,9,0
2026-05-06 16:45:00+00:00,0.72306,0.72306,0.72237,0.72266,576,9,0
2026-05-06 17:00:00+00:00,0.72265,0.72324,0.72253,0.72315,399,9,0
2026-05-06 17:15:00+00:00,0.72315,0.72344,0.72303,0.72334,283,9,0
2026-05-06 17:30:00+00:00,0.72336,0.7234,0.72289,0.723,293,9,0
2026-05-06 17:45:00+00:00,0.72301,0.72316,0.72288,0.72316,289,9,0
2026-05-06 18:00:00+00:00,0.72318,0.72346,0.72317,0.72323,351,9,0
2026-05-06 18:15:00+00:00,0.72322,0.72344,0.72322,0.72334,266,9,0
2026-05-06 18:30:00+00:00,0.72334,0.72347,0.72331,0.72341,262,9,0
2026-05-06 18:45:00+00:00,0.72341,0.72386,0.72335,0.72367,337,9,0
2026-05-06 19:00:00+00:00,0.72366,0.72409,0.72366,0.72402,303,9,0
2026-05-06 19:15:00+00:00,0.72403,0.7241,0.72389,0.7239,193,9,0
2026-05-06 19:30:00+00:00,0.7239,0.7239,0.72365,0.72365,208,9,0
2026-05-06 19:45:00+00:00,0.72364,0.72396,0.7236,0.72375,357,9,0
2026-05-06 20:00:00+00:00,0.72374,0.72379,0.72358,0.72375,232,9,0
2026-05-06 20:15:00+00:00,0.72375,0.7238,0.72366,0.72374,135,9,0
2026-05-06 20:30:00+00:00,0.72373,0.72377,0.72356,0.72356,137,9,0
2026-05-06 20:45:00+00:00,0.72355,0.72374,0.72344,0.72362,172,9,0
2026-05-06 21:00:00+00:00,0.72361,0.72363,0.7234,0.72363,78,22,0
2026-05-06 21:15:00+00:00,0.72362,0.72363,0.72333,0.72342,201,20,0
2026-05-06 21:30:00+00:00,0.72342,0.72348,0.72318,0.72332,253,29,0
2026-05-06 21:45:00+00:00,0.72333,0.72357,0.72333,0.72357,151,47,0
2026-05-06 22:00:00+00:00,0.72371,0.7239,0.72363,0.72379,111,9,0
2026-05-06 22:15:00+00:00,0.72379,0.72388,0.72373,0.72377,77,9,0
2026-05-06 22:30:00+00:00,0.72377,0.72379,0.72359,0.72373,83,9,0
2026-05-06 22:45:00+00:00,0.72373,0.72374,0.72364,0.72373,87,9,0
2026-05-06 23:00:00+00:00,0.72374,0.72389,0.72366,0.72383,121,9,0
2026-05-06 23:15:00+00:00,0.72383,0.72383,0.72361,0.72363,94,9,0
2026-05-06 23:30:00+00:00,0.72363,0.72365,0.72358,0.72365,79,9,0
2026-05-06 23:45:00+00:00,0.72365,0.72384,0.72341,0.72347,159,9,0
2026-05-07 00:00:00+00:00,0.72345,0.72396,0.72316,0.72395,701,9,0
2026-05-07 00:15:00+00:00,0.72397,0.72397,0.72358,0.72362,425,9,0
2026-05-07 00:30:00+00:00,0.72362,0.72364,0.72326,0.7234,379,9,0
2026-05-07 00:45:00+00:00,0.7234,0.72358,0.72321,0.72353,370,9,0
2026-05-07 01:00:00+00:00,0.72354,0.72411,0.72314,0.72385,635,9,0
2026-05-07 01:15:00+00:00,0.72385,0.72423,0.72385,0.7242,481,9,0
2026-05-07 01:30:00+00:00,0.72419,0.72461,0.72393,0.72459,442,9,0
2026-05-07 01:45:00+00:00,0.72459,0.72482,0.72447,0.72447,371,9,0
2026-05-07 02:00:00+00:00,0.72445,0.72465,0.72418,0.7242,380,9,0
2026-05-07 02:15:00+00:00,0.72421,0.72426,0.72397,0.72412,312,9,0
2026-05-07 02:30:00+00:00,0.72413,0.7244,0.72412,0.72431,309,9,0
2026-05-07 02:45:00+00:00,0.72432,0.72444,0.72423,0.72426,321,9,0
2026-05-07 03:00:00+00:00,0.72425,0.72425,0.72395,0.72402,275,9,0
2026-05-07 03:15:00+00:00,0.72402,0.72431,0.72401,0.72414,252,9,0
2026-05-07 03:30:00+00:00,0.72414,0.72447,0.72404,0.72431,270,9,0
2026-05-07 03:45:00+00:00,0.7243,0.72433,0.72407,0.72416,225,9,0
2026-05-07 04:00:00+00:00,0.72415,0.72456,0.72411,0.72436,290,9,0
2026-05-07 04:15:00+00:00,0.72437,0.72479,0.72436,0.72476,254,9,0
2026-05-07 04:30:00+00:00,0.72476,0.725,0.72461,0.72492,293,9,0
2026-05-07 04:45:00+00:00,0.72492,0.72493,0.72451,0.72472,286,9,0
2026-05-07 05:00:00+00:00,0.72472,0.72488,0.72463,0.7248,290,9,0
2026-05-07 05:15:00+00:00,0.72481,0.72485,0.72457,0.72468,233,9,0
2026-05-07 05:30:00+00:00,0.72468,0.72503,0.72468,0.72495,275,9,0
2026-05-07 05:45:00+00:00,0.72496,0.72498,0.72458,0.72464,227,9,0
2026-05-07 06:00:00+00:00,0.72462,0.72466,0.72422,0.72435,380,9,0
2026-05-07 06:15:00+00:00,0.72435,0.72452,0.7241,0.72412,347,9,0
2026-05-07 06:30:00+00:00,0.72413,0.72564,0.724,0.72557,685,9,0
2026-05-07 06:45:00+00:00,0.72555,0.72555,0.72487,0.72501,491,9,0
2026-05-07 07:00:00+00:00,0.72502,0.72627,0.72497,0.72627,883,9,0
2026-05-07 07:15:00+00:00,0.72628,0.72632,0.72545,0.72556,728,9,0
2026-05-07 07:30:00+00:00,0.72557,0.72597,0.72524,0.72578,550,9,0
2026-05-07 07:45:00+00:00,0.72579,0.72616,0.72548,0.72612,482,9,0
2026-05-07 08:00:00+00:00,0.72614,0.72632,0.72602,0.72631,504,9,0
2026-05-07 08:15:00+00:00,0.72631,0.72636,0.72565,0.72608,662,9,0
2026-05-07 08:30:00+00:00,0.72608,0.72622,0.7257,0.72582,431,9,0
2026-05-07 08:45:00+00:00,0.72581,0.72622,0.72568,0.72583,387,9,0
2026-05-07 09:00:00+00:00,0.72582,0.72584,0.7255,0.72562,374,9,0
2026-05-07 09:15:00+00:00,0.72562,0.72565,0.72534,0.72536,303,9,0
2026-05-07 09:30:00+00:00,0.72536,0.72617,0.72535,0.72611,332,9,0
2026-05-07 09:45:00+00:00,0.72611,0.72616,0.72569,0.72597,397,9,0
2026-05-07 10:00:00+00:00,0.72596,0.72623,0.72586,0.72616,332,9,0
2026-05-07 10:15:00+00:00,0.72616,0.72634,0.72599,0.72605,316,9,0
2026-05-07 10:30:00+00:00,0.72605,0.72622,0.7257,0.72597,354,9,0
2026-05-07 10:45:00+00:00,0.72597,0.72601,0.72553,0.72553,350,9,0
2026-05-07 11:00:00+00:00,0.72555,0.72574,0.7254,0.72541,399,9,0
2026-05-07 11:15:00+00:00,0.72542,0.72556,0.72515,0.72551,373,9,0
2026-05-07 11:30:00+00:00,0.72551,0.72575,0.72549,0.72553,347,9,0
2026-05-07 11:45:00+00:00,0.72553,0.72587,0.72551,0.72582,332,9,0
2026-05-07 12:00:00+00:00,0.72583,0.72594,0.7256,0.72566,437,9,0
2026-05-07 12:15:00+00:00,0.72564,0.72594,0.72501,0.72532,540,9,0
2026-05-07 12:30:00+00:00,0.7253,0.72547,0.72517,0.7254,406,9,0
2026-05-07 12:45:00+00:00,0.72542,0.72561,0.72517,0.72522,482,9,0
2026-05-07 13:00:00+00:00,0.72522,0.72522,0.72446,0.72482,635,9,0
2026-05-07 13:15:00+00:00,0.72483,0.72544,0.72478,0.72529,508,9,0
2026-05-07 13:30:00+00:00,0.72528,0.72528,0.72481,0.72482,657,9,0
2026-05-07 13:45:00+00:00,0.72482,0.72496,0.72446,0.72481,748,9,0
2026-05-07 14:00:00+00:00,0.7248,0.72504,0.72421,0.72502,622,9,0
2026-05-07 14:15:00+00:00,0.72503,0.72532,0.7246,0.72521,688,9,0
2026-05-07 14:30:00+00:00,0.72522,0.72543,0.72507,0.72523,534,9,0
2026-05-07 14:45:00+00:00,0.72523,0.72577,0.72506,0.72575,633,9,0
2026-05-07 15:00:00+00:00,0.72574,0.72578,0.72538,0.72539,565,9,0
2026-05-07 15:15:00+00:00,0.7254,0.72547,0.72425,0.72448,809,9,0
2026-05-07 15:30:00+00:00,0.7245,0.72506,0.72443,0.72453,590,9,0
2026-05-07 15:45:00+00:00,0.72452,0.72455,0.72385,0.72392,576,9,0
2026-05-07 16:00:00+00:00,0.72394,0.72416,0.72351,0.72366,695,9,0
2026-05-07 16:15:00+00:00,0.72366,0.72415,0.72324,0.7241,677,9,0
2026-05-07 16:30:00+00:00,0.72411,0.72422,0.72365,0.72377,513,9,0
2026-05-07 16:45:00+00:00,0.72378,0.72394,0.72352,0.72382,520,9,0
2026-05-07 17:00:00+00:00,0.72383,0.72396,0.72362,0.72373,472,9,0
2026-05-07 17:15:00+00:00,0.72372,0.72412,0.72285,0.72287,1099,9,0
2026-05-07 17:30:00+00:00,0.72289,0.72315,0.72246,0.72279,957,9,0
2026-05-07 17:45:00+00:00,0.72278,0.72342,0.72271,0.72341,730,9,0
2026-05-07 18:00:00+00:00,0.72343,0.72355,0.72304,0.72331,531,9,0
2026-05-07 18:15:00+00:00,0.72332,0.72338,0.7231,0.72314,389,9,0
2026-05-07 18:30:00+00:00,0.72315,0.72329,0.7222,0.72254,708,9,0
2026-05-07 18:45:00+00:00,0.72253,0.723,0.72205,0.72296,1069,9,0
2026-05-07 19:00:00+00:00,0.72296,0.72315,0.72262,0.72292,553,9,0
2026-05-07 19:15:00+00:00,0.72292,0.72295,0.72184,0.72226,965,9,0
2026-05-07 19:30:00+00:00,0.72225,0.72274,0.72222,0.72261,414,9,0
2026-05-07 19:45:00+00:00,0.72261,0.72276,0.72144,0.72146,796,9,0
2026-05-07 20:00:00+00:00,0.72145,0.72274,0.72143,0.72205,772,9,0
2026-05-07 20:15:00+00:00,0.72205,0.72207,0.72177,0.72177,187,9,0
2026-05-07 20:30:00+00:00,0.72178,0.72188,0.72069,0.72111,739,9,0
2026-05-07 20:45:00+00:00,0.7211,0.72119,0.72045,0.72054,401,9,0
2026-05-07 21:00:00+00:00,0.72055,0.72058,0.72045,0.72054,119,29,0
2026-05-07 21:15:00+00:00,0.72053,0.72058,0.72032,0.72036,196,29,0
2026-05-07 21:30:00+00:00,0.72034,0.72053,0.72027,0.72045,186,31,0
2026-05-07 21:45:00+00:00,0.72044,0.72057,0.72042,0.72057,115,23,0
2026-05-07 22:00:00+00:00,0.72057,0.72057,0.72007,0.72042,268,9,0
2026-05-07 22:15:00+00:00,0.72039,0.7208,0.72035,0.72065,298,9,0
2026-05-07 22:30:00+00:00,0.72065,0.72081,0.72042,0.72054,233,9,0
2026-05-07 22:45:00+00:00,0.72054,0.72054,0.72028,0.72028,151,9,0
2026-05-07 23:00:00+00:00,0.72028,0.72059,0.72027,0.72051,130,9,0
2026-05-07 23:15:00+00:00,0.72051,0.72064,0.7205,0.72058,122,9,0
2026-05-07 23:30:00+00:00,0.72058,0.72069,0.72034,0.72052,154,9,0
2026-05-07 23:45:00+00:00,0.7205,0.72089,0.7205,0.7208,272,9,0
2026-05-08 00:00:00+00:00,0.72081,0.72117,0.72069,0.72092,536,9,0
2026-05-08 00:15:00+00:00,0.72092,0.72092,0.71998,0.72035,721,9,0
2026-05-08 00:30:00+00:00,0.72035,0.72079,0.7203,0.72059,407,9,0
2026-05-08 00:45:00+00:00,0.72059,0.72085,0.72037,0.72073,484,9,0
2026-05-08 01:00:00+00:00,0.72075,0.72133,0.72072,0.72125,563,9,0
2026-05-08 01:15:00+00:00,0.72125,0.72143,0.7211,0.72115,525,9,0
2026-05-08 01:30:00+00:00,0.72115,0.72137,0.72089,0.72095,444,9,0
2026-05-08 01:45:00+00:00,0.72095,0.72115,0.72081,0.72101,335,9,0
2026-05-08 02:00:00+00:00,0.72103,0.72125,0.72079,0.72111,394,9,0
2026-05-08 02:15:00+00:00,0.72111,0.72136,0.72078,0.72104,402,9,0
2026-05-08 02:30:00+00:00,0.72105,0.72111,0.72038,0.72075,718,9,0
2026-05-08 02:45:00+00:00,0.72076,0.72133,0.72076,0.72098,447,9,0
2026-05-08 03:00:00+00:00,0.72099,0.72139,0.72091,0.72133,359,9,0
2026-05-08 03:15:00+00:00,0.72134,0.72156,0.72118,0.72151,286,9,0
2026-05-08 03:30:00+00:00,0.72151,0.72204,0.7215,0.72194,402,9,0
2026-05-08 03:45:00+00:00,0.72194,0.72203,0.7215,0.7215,320,9,0
2026-05-08 04:00:00+00:00,0.7215,0.72167,0.72138,0.72146,316,9,0
2026-05-08 04:15:00+00:00,0.72146,0.72167,0.72134,0.72144,308,9,0
2026-05-08 04:30:00+00:00,0.72144,0.72167,0.72139,0.72167,276,9,0
2026-05-08 04:45:00+00:00,0.72167,0.72219,0.72163,0.722,345,9,0
2026-05-08 05:00:00+00:00,0.72201,0.72211,0.72173,0.72195,331,9,0
2026-05-08 05:15:00+00:00,0.72194,0.72234,0.72192,0.72233,269,9,0
2026-05-08 05:30:00+00:00,0.72233,0.72261,0.72211,0.7223,452,9,0
2026-05-08 05:45:00+00:00,0.7223,0.72245,0.72208,0.72231,315,9,0
2026-05-08 06:00:00+00:00,0.72231,0.72276,0.72217,0.72237,551,9,0
2026-05-08 06:15:00+00:00,0.72235,0.72294,0.72233,0.72292,479,9,0
2026-05-08 06:30:00+00:00,0.72294,0.72301,0.72258,0.72288,471,9,0
2026-05-08 06:45:00+00:00,0.72288,0.72289,0.72259,0.72259,351,9,0
2026-05-08 07:00:00+00:00,0.72259,0.72269,0.7223,0.7223,553,9,0
2026-05-08 07:15:00+00:00,0.7223,0.72243,0.7221,0.72223,565,9,0
2026-05-08 07:30:00+00:00,0.72222,0.72259,0.72215,0.72228,451,9,0
2026-05-08 07:45:00+00:00,0.7223,0.72255,0.72225,0.72234,402,9,0
2026-05-08 08:00:00+00:00,0.72235,0.72258,0.72218,0.72236,460,9,0
2026-05-08 08:15:00+00:00,0.72236,0.72307,0.72234,0.72295,471,9,0
2026-05-08 08:30:00+00:00,0.72295,0.72337,0.72291,0.72316,463,9,0
2026-05-08 08:45:00+00:00,0.72315,0.72358,0.72302,0.72338,435,9,0
2026-05-08 09:00:00+00:00,0.72338,0.7238,0.72324,0.72371,390,9,0
2026-05-08 09:15:00+00:00,0.72371,0.72406,0.7237,0.72372,342,9,0
2026-05-08 09:30:00+00:00,0.72371,0.72389,0.72348,0.72353,326,9,0
2026-05-08 09:45:00+00:00,0.72353,0.72363,0.72303,0.72336,463,9,0
2026-05-08 10:00:00+00:00,0.72337,0.72367,0.72329,0.72365,337,9,0
2026-05-08 10:15:00+00:00,0.72365,0.72391,0.72359,0.72377,277,9,0
2026-05-08 10:30:00+00:00,0.72377,0.72408,0.72375,0.72393,272,9,0
2026-05-08 10:45:00+00:00,0.72393,0.72393,0.72323,0.72361,421,9,0
2026-05-08 11:00:00+00:00,0.7236,0.72395,0.72346,0.7236,351,9,0
2026-05-08 11:15:00+00:00,0.72359,0.72371,0.72338,0.72352,307,9,0
2026-05-08 11:30:00+00:00,0.72353,0.72371,0.7233,0.72331,313,9,0
2026-05-08 11:45:00+00:00,0.72329,0.72362,0.72314,0.72354,347,9,0
2026-05-08 12:00:00+00:00,0.72355,0.72367,0.72299,0.7231,459,9,0
2026-05-08 12:15:00+00:00,0.72309,0.72351,0.72294,0.72332,455,9,0
2026-05-08 12:30:00+00:00,0.7233,0.72485,0.72277,0.72452,1315,9,0
2026-05-08 12:45:00+00:00,0.72453,0.72456,0.72362,0.72381,901,9,0
2026-05-08 13:00:00+00:00,0.72379,0.72401,0.72285,0.72325,868,9,0
2026-05-08 13:15:00+00:00,0.72324,0.7242,0.72307,0.72417,714,9,0
2026-05-08 13:30:00+00:00,0.72419,0.72479,0.72404,0.72446,948,9,0
2026-05-08 13:45:00+00:00,0.72448,0.72467,0.72417,0.72429,592,9,0
2026-05-08 14:00:00+00:00,0.7243,0.72449,0.72358,0.72422,768,9,0
2026-05-08 14:15:00+00:00,0.72422,0.72437,0.72384,0.72384,674,9,0
2026-05-08 14:30:00+00:00,0.72383,0.72444,0.72381,0.72422,660,9,0
2026-05-08 14:45:00+00:00,0.72422,0.72452,0.72417,0.72432,562,9,0
2026-05-08 15:00:00+00:00,0.72432,0.72459,0.7239,0.72401,714,9,0
2026-05-08 15:15:00+00:00,0.724,0.72431,0.72366,0.72431,535,9,0
2026-05-08 15:30:00+00:00,0.72431,0.72455,0.72386,0.72402,669,9,0
2026-05-08 15:45:00+00:00,0.72402,0.72452,0.72385,0.72414,543,9,0
2026-05-08 16:00:00+00:00,0.72413,0.72459,0.72408,0.72413,497,9,0
2026-05-08 16:15:00+00:00,0.72413,0.72446,0.72411,0.72445,299,9,0
2026-05-08 16:30:00+00:00,0.72446,0.72453,0.72398,0.72413,290,9,0
2026-05-08 16:45:00+00:00,0.72413,0.72428,0.72403,0.72403,310,9,0
2026-05-08 17:00:00+00:00,0.72402,0.7242,0.72399,0.72407,250,9,0
2026-05-08 17:15:00+00:00,0.72407,0.72446,0.72405,0.72439,281,9,0
2026-05-08 17:30:00+00:00,0.72439,0.72446,0.72421,0.72431,256,9,0
2026-05-08 17:45:00+00:00,0.7243,0.72442,0.72421,0.72421,258,9,0
2026-05-08 18:00:00+00:00,0.72421,0.72472,0.72408,0.72465,546,9,0
2026-05-08 18:15:00+00:00,0.72464,0.72468,0.72437,0.72444,248,9,0
2026-05-08 18:30:00+00:00,0.72444,0.72451,0.72434,0.72444,219,9,0
2026-05-08 18:45:00+00:00,0.72443,0.72447,0.72402,0.72419,283,9,0
2026-05-08 19:00:00+00:00,0.72418,0.72454,0.72416,0.72451,280,9,0
2026-05-08 19:15:00+00:00,0.72451,0.72458,0.72446,0.72448,176,9,0
2026-05-08 19:30:00+00:00,0.72448,0.72477,0.72444,0.72468,254,9,0
2026-05-08 19:45:00+00:00,0.72468,0.72472,0.72428,0.72461,283,9,0
2026-05-08 20:00:00+00:00,0.7246,0.72465,0.72443,0.72464,175,9,0
2026-05-08 20:15:00+00:00,0.72464,0.72479,0.72464,0.7247,123,9,0
2026-05-08 20:30:00+00:00,0.7247,0.72489,0.72464,0.72474,136,9,0
2026-05-08 20:45:00+00:00,0.72475,0.72479,0.72458,0.72462,135,9,0
2026-05-10 21:00:00+00:00,0.72223,0.72229,0.72194,0.72226,105,27,0
2026-05-10 21:15:00+00:00,0.72226,0.7224,0.72186,0.7223,111,26,0
2026-05-10 21:30:00+00:00,0.72231,0.72234,0.72202,0.72214,108,23,0
2026-05-10 21:45:00+00:00,0.72214,0.72226,0.72149,0.72174,138,22,0
2026-05-10 22:00:00+00:00,0.72189,0.72301,0.72188,0.7229,329,9,0
2026-05-10 22:15:00+00:00,0.72292,0.72329,0.72253,0.72328,244,9,0
2026-05-10 22:30:00+00:00,0.72328,0.72343,0.72312,0.72328,193,9,0
2026-05-10 22:45:00+00:00,0.72327,0.72342,0.72318,0.72336,159,9,0
2026-05-10 23:00:00+00:00,0.72336,0.72352,0.72327,0.72338,164,9,0
2026-05-10 23:15:00+00:00,0.72337,0.72379,0.72337,0.72363,140,9,0
2026-05-10 23:30:00+00:00,0.72362,0.72369,0.7235,0.72361,163,9,0
2026-05-10 23:45:00+00:00,0.7236,0.72372,0.72331,0.72339,276,9,0
2026-05-11 00:00:00+00:00,0.72339,0.72375,0.72322,0.7233,522,9,0
2026-05-11 00:15:00+00:00,0.7233,0.72376,0.72323,0.72373,377,9,0
2026-05-11 00:30:00+00:00,0.72373,0.72398,0.72365,0.72374,288,9,0
2026-05-11 00:45:00+00:00,0.72374,0.72389,0.7232,0.72375,649,9,0
2026-05-11 01:00:00+00:00,0.72377,0.7239,0.72308,0.72339,668,9,0
2026-05-11 01:15:00+00:00,0.72341,0.72372,0.72332,0.72355,462,9,0
2026-05-11 01:30:00+00:00,0.72355,0.72355,0.72275,0.72297,480,9,0
2026-05-11 01:45:00+00:00,0.72297,0.72331,0.7229,0.72331,335,9,0
2026-05-11 02:00:00+00:00,0.72331,0.72353,0.72325,0.7234,369,9,0
2026-05-11 02:15:00+00:00,0.72339,0.72363,0.72329,0.72361,252,9,0
2026-05-11 02:30:00+00:00,0.72362,0.72372,0.72316,0.7232,303,9,0
2026-05-11 02:45:00+00:00,0.7232,0.7232,0.72296,0.72296,292,9,0
2026-05-11 03:00:00+00:00,0.72296,0.72313,0.7228,0.72311,328,9,0
2026-05-11 03:15:00+00:00,0.72311,0.72317,0.72293,0.72313,213,9,0
2026-05-11 03:30:00+00:00,0.72313,0.72323,0.72295,0.72322,227,9,0
2026-05-11 03:45:00+00:00,0.7232,0.7232,0.72286,0.72286,207,9,0
2026-05-11 04:00:00+00:00,0.72284,0.72288,0.72266,0.72276,213,9,0
2026-05-11 04:15:00+00:00,0.72276,0.7228,0.72249,0.72258,159,9,0
2026-05-11 04:30:00+00:00,0.72257,0.72269,0.72249,0.72255,182,9,0
2026-05-11 04:45:00+00:00,0.72255,0.7227,0.7225,0.72268,194,9,0
2026-05-11 05:00:00+00:00,0.72268,0.72309,0.72265,0.72307,214,9,0
2026-05-11 05:15:00+00:00,0.72306,0.72314,0.72292,0.72306,198,9,0
2026-05-11 05:30:00+00:00,0.72306,0.72311,0.72268,0.72269,320,9,0
2026-05-11 05:45:00+00:00,0.7227,0.72297,0.7226,0.72291,310,9,0
2026-05-11 06:00:00+00:00,0.72291,0.72392,0.72282,0.72377,414,9,0
2026-05-11 06:15:00+00:00,0.72375,0.72375,0.72335,0.72372,371,9,0
2026-05-11 06:30:00+00:00,0.72373,0.72401,0.72355,0.72393,349,9,0
2026-05-11 06:45:00+00:00,0.72393,0.72421,0.72358,0.72409,412,9,0
2026-05-11 07:00:00+00:00,0.72411,0.72415,0.72377,0.72399,483,9,0
2026-05-11 07:15:00+00:00,0.72399,0.72417,0.72388,0.72394,350,9,0
2026-05-11 07:30:00+00:00,0.72392,0.72399,0.72357,0.72388,359,9,0
2026-05-11 07:45:00+00:00,0.72388,0.72401,0.7236,0.724,333,9,0
2026-05-11 08:00:00+00:00,0.72401,0.7244,0.72396,0.72418,422,9,0
2026-05-11 08:15:00+00:00,0.72418,0.72472,0.72418,0.72424,411,9,0
2026-05-11 08:30:00+00:00,0.72424,0.7244,0.7241,0.72413,337,9,0
2026-05-11 08:45:00+00:00,0.72412,0.72415,0.72379,0.72379,279,9,0
2026-05-11 09:00:00+00:00,0.72378,0.72409,0.72375,0.72388,257,9,0
2026-05-11 09:15:00+00:00,0.72388,0.72403,0.72373,0.72373,225,9,0
2026-05-11 09:30:00+00:00,0.72373,0.72406,0.72359,0.72397,239,9,0
2026-05-11 09:45:00+00:00,0.72397,0.72403,0.72361,0.72362,222,9,0
2026-05-11 10:00:00+00:00,0.72361,0.72373,0.72351,0.72372,286,9,0
2026-05-11 10:15:00+00:00,0.72372,0.72399,0.72368,0.7239,210,9,0
2026-05-11 10:30:00+00:00,0.72389,0.72422,0.72362,0.72411,368,9,0
2026-05-11 10:45:00+00:00,0.72411,0.72436,0.72401,0.72423,360,9,0
2026-05-11 11:00:00+00:00,0.72422,0.72459,0.72422,0.7245,350,9,0
2026-05-11 11:15:00+00:00,0.7245,0.7246,0.72439,0.7246,206,9,0
2026-05-11 11:30:00+00:00,0.7246,0.72482,0.72449,0.72452,272,9,0
2026-05-11 11:45:00+00:00,0.72452,0.72456,0.72393,0.72429,315,9,0
2026-05-11 12:00:00+00:00,0.72431,0.72438,0.72392,0.72407,387,9,0
2026-05-11 12:15:00+00:00,0.72407,0.72449,0.72388,0.72434,415,9,0
2026-05-11 12:30:00+00:00,0.72432,0.72451,0.72406,0.72426,394,9,0
2026-05-11 12:45:00+00:00,0.72425,0.72432,0.72372,0.72431,532,9,0
2026-05-11 13:00:00+00:00,0.72432,0.72502,0.72426,0.72489,468,9,0
2026-05-11 13:15:00+00:00,0.72489,0.72519,0.72484,0.72504,496,9,0
2026-05-11 13:30:00+00:00,0.72505,0.72551,0.72495,0.7255,571,9,0
2026-05-11 13:45:00+00:00,0.7255,0.72565,0.72534,0.72537,460,9,0
2026-05-11 14:00:00+00:00,0.72537,0.72551,0.72497,0.72539,472,9,0
2026-05-11 14:15:00+00:00,0.7254,0.72576,0.72535,0.7256,408,9,0
2026-05-11 14:30:00+00:00,0.72561,0.72589,0.72494,0.72582,862,9,0
2026-05-11 14:45:00+00:00,0.7258,0.72586,0.72529,0.72554,558,9,0
2026-05-11 15:00:00+00:00,0.72554,0.72561,0.72532,0.72539,473,9,0
2026-05-11 15:15:00+00:00,0.7254,0.72588,0.72531,0.72573,370,9,0
2026-05-11 15:30:00+00:00,0.72574,0.72588,0.72556,0.72562,389,9,0
2026-05-11 15:45:00+00:00,0.72561,0.72589,0.7255,0.7257,398,9,0
2026-05-11 16:00:00+00:00,0.72571,0.72575,0.72561,0.72569,253,9,0
2026-05-11 16:15:00+00:00,0.72569,0.7257,0.72528,0.72535,200,9,0
2026-05-11 16:30:00+00:00,0.72535,0.7255,0.72465,0.725,506,9,0
2026-05-11 16:45:00+00:00,0.72499,0.72527,0.72494,0.72501,430,9,0
2026-05-11 17:00:00+00:00,0.72501,0.72511,0.72474,0.725,368,9,0
2026-05-11 17:15:00+00:00,0.725,0.72522,0.72492,0.72515,282,9,0
2026-05-11 17:30:00+00:00,0.72515,0.7254,0.72511,0.72533,227,9,0
2026-05-11 17:45:00+00:00,0.72533,0.72539,0.72519,0.72521,175,9,0
2026-05-11 18:00:00+00:00,0.7252,0.72552,0.7252,0.72531,244,9,0
2026-05-11 18:15:00+00:00,0.72531,0.7254,0.72518,0.7253,275,9,0
2026-05-11 18:30:00+00:00,0.7253,0.72536,0.725,0.725,266,9,0
2026-05-11 18:45:00+00:00,0.725,0.72502,0.72485,0.72485,259,9,0
2026-05-11 19:00:00+00:00,0.72484,0.72502,0.72479,0.72481,281,9,0
2026-05-11 19:15:00+00:00,0.72481,0.72493,0.72472,0.72474,213,9,0
2026-05-11 19:30:00+00:00,0.72474,0.72489,0.72469,0.72477,195,9,0
2026-05-11 19:45:00+00:00,0.72475,0.72486,0.72469,0.72486,209,9,0
2026-05-11 20:00:00+00:00,0.72487,0.72488,0.72439,0.72479,335,9,0
2026-05-11 20:15:00+00:00,0.7248,0.72488,0.72473,0.72483,115,9,0
2026-05-11 20:30:00+00:00,0.72483,0.72498,0.72483,0.72495,114,9,0
2026-05-11 20:45:00+00:00,0.72495,0.72495,0.72478,0.72488,139,9,0
2026-05-11 21:00:00+00:00,0.7249,0.7249,0.72473,0.72475,67,9,0
2026-05-11 21:15:00+00:00,0.72474,0.7248,0.72464,0.72464,132,24,0
2026-05-11 21:30:00+00:00,0.72465,0.7247,0.72441,0.7245,125,34,0
2026-05-11 21:45:00+00:00,0.72449,0.72477,0.72448,0.72477,135,31,0
2026-05-11 22:00:00+00:00,0.7248,0.72516,0.7248,0.72513,95,9,0
2026-05-11 22:15:00+00:00,0.72513,0.72518,0.72506,0.72506,62,9,0
2026-05-11 22:30:00+00:00,0.72506,0.7251,0.72502,0.72506,84,9,0
2026-05-11 22:45:00+00:00,0.72506,0.72506,0.72495,0.72498,72,9,0
2026-05-11 23:00:00+00:00,0.72496,0.72505,0.72488,0.72505,95,9,0
2026-05-11 23:15:00+00:00,0.72505,0.72507,0.72481,0.72482,73,9,0
2026-05-11 23:30:00+00:00,0.72483,0.72486,0.72473,0.72478,124,9,0
2026-05-11 23:45:00+00:00,0.72476,0.72477,0.72448,0.72455,160,9,0
2026-05-12 00:00:00+00:00,0.72455,0.72455,0.72405,0.72414,454,9,0
2026-05-12 00:15:00+00:00,0.72413,0.72429,0.72364,0.72387,330,9,0
2026-05-12 00:30:00+00:00,0.72387,0.7239,0.72365,0.72367,301,9,0
2026-05-12 00:45:00+00:00,0.72368,0.72401,0.72327,0.72347,374,9,0
2026-05-12 01:00:00+00:00,0.72345,0.72377,0.72329,0.72352,404,9,0
2026-05-12 01:15:00+00:00,0.72352,0.72352,0.72284,0.72301,503,9,0
2026-05-12 01:30:00+00:00,0.72301,0.72342,0.72221,0.72291,771,9,0
2026-05-12 01:45:00+00:00,0.7229,0.72325,0.7228,0.72313,516,9,0
2026-05-12 02:00:00+00:00,0.72313,0.72342,0.72304,0.72331,435,9,0
2026-05-12 02:15:00+00:00,0.72332,0.72332,0.7229,0.72303,338,9,0
2026-05-12 02:30:00+00:00,0.72303,0.72317,0.72291,0.72316,310,9,0
2026-05-12 02:45:00+00:00,0.72316,0.72364,0.72316,0.72348,358,9,0
2026-05-12 03:00:00+00:00,0.72346,0.72353,0.72306,0.72324,307,9,0
2026-05-12 03:15:00+00:00,0.72324,0.72324,0.72283,0.72294,270,9,0
2026-05-12 03:30:00+00:00,0.72295,0.72309,0.72287,0.72307,230,9,0
2026-05-12 03:45:00+00:00,0.72307,0.72314,0.72281,0.72286,231,9,0
2026-05-12 04:00:00+00:00,0.72286,0.72321,0.72286,0.72308,249,9,0
2026-05-12 04:15:00+00:00,0.72308,0.72338,0.72307,0.72332,215,9,0
2026-05-12 04:30:00+00:00,0.72332,0.7235,0.72331,0.7234,165,9,0
2026-05-12 04:45:00+00:00,0.7234,0.72343,0.72307,0.72317,265,9,0
2026-05-12 05:00:00+00:00,0.72317,0.72333,0.72272,0.72277,340,9,0
2026-05-12 05:15:00+00:00,0.72278,0.72297,0.72261,0.7229,337,9,0
2026-05-12 05:30:00+00:00,0.7229,0.72302,0.72269,0.72283,306,9,0
2026-05-12 05:45:00+00:00,0.72283,0.72345,0.72275,0.72298,508,9,0
2026-05-12 06:00:00+00:00,0.72298,0.72311,0.72239,0.72243,612,9,0
2026-05-12 06:15:00+00:00,0.72242,0.72254,0.72175,0.72187,526,9,0
2026-05-12 06:30:00+00:00,0.72188,0.72208,0.72147,0.72156,485,9,0
2026-05-12 06:45:00+00:00,0.72156,0.72181,0.72108,0.7212,533,9,0
2026-05-12 07:00:00+00:00,0.72122,0.72176,0.72086,0.72164,720,9,0
2026-05-12 07:15:00+00:00,0.72165,0.72198,0.72149,0.7219,601,9,0
2026-05-12 07:30:00+00:00,0.7219,0.72215,0.72172,0.72173,449,9,0
2026-05-12 07:45:00+00:00,0.72175,0.72183,0.72146,0.72169,588,9,0
2026-05-12 08:00:00+00:00,0.72171,0.72186,0.72124,0.72151,559,9,0
2026-05-12 08:15:00+00:00,0.72151,0.7222,0.72147,0.72199,583,9,0
2026-05-12 08:30:00+00:00,0.722,0.72203,0.72141,0.72159,434,9,0
2026-05-12 08:45:00+00:00,0.72158,0.72222,0.72157,0.72174,490,9,0
2026-05-12 09:00:00+00:00,0.72172,0.72193,0.72141,0.72176,433,9,0
2026-05-12 09:15:00+00:00,0.72176,0.72189,0.7216,0.72183,345,9,0
2026-05-12 09:30:00+00:00,0.72185,0.72241,0.72166,0.72213,808,9,0
2026-05-12 09:45:00+00:00,0.72213,0.72251,0.72204,0.72232,381,9,0
2026-05-12 10:00:00+00:00,0.72231,0.72262,0.72214,0.72262,345,9,0
2026-05-12 10:15:00+00:00,0.72262,0.72262,0.72229,0.7226,296,9,0
2026-05-12 10:30:00+00:00,0.72261,0.72265,0.72231,0.7224,306,9,0
2026-05-12 10:45:00+00:00,0.72239,0.72259,0.72227,0.7224,308,9,0
2026-05-12 11:00:00+00:00,0.72241,0.72278,0.722,0.7225,587,9,0
2026-05-12 11:15:00+00:00,0.7225,0.7226,0.72229,0.72251,350,9,0
2026-05-12 11:30:00+00:00,0.7225,0.7231,0.7225,0.72293,373,9,0
2026-05-12 11:45:00+00:00,0.72293,0.72303,0.72271,0.72283,359,9,0
2026-05-12 12:00:00+00:00,0.72281,0.72286,0.72217,0.72249,503,9,0
2026-05-12 12:15:00+00:00,0.72249,0.72254,0.72198,0.72222,409,9,0
2026-05-12 12:30:00+00:00,0.72221,0.72268,0.72169,0.72264,920,9,0
2026-05-12 12:45:00+00:00,0.72264,0.72326,0.72248,0.72303,587,9,0
2026-05-12 13:00:00+00:00,0.72304,0.72316,0.72251,0.72251,624,9,0
2026-05-12 13:15:00+00:00,0.72251,0.72271,0.72208,0.72251,564,9,0
2026-05-12 13:30:00+00:00,0.7225,0.72275,0.72216,0.72245,913,9,0
2026-05-12 13:45:00+00:00,0.72246,0.72269,0.72142,0.72172,860,9,0
2026-05-12 14:00:00+00:00,0.72173,0.72302,0.72169,0.72293,1022,9,0
2026-05-12 14:15:00+00:00,0.72294,0.72304,0.72236,0.72251,693,9,0
2026-05-12 14:30:00+00:00,0.72251,0.72299,0.72205,0.72273,847,9,0
2026-05-12 14:45:00+00:00,0.72272,0.723,0.72213,0.72298,814,9,0
2026-05-12 15:00:00+00:00,0.72299,0.72318,0.72227,0.72228,759,9,0
2026-05-12 15:15:00+00:00,0.72229,0.7224,0.72144,0.72177,752,9,0
2026-05-12 15:30:00+00:00,0.72178,0.72253,0.72178,0.72249,678,9,0
2026-05-12 15:45:00+00:00,0.7225,0.7226,0.72218,0.72221,513,9,0
2026-05-12 16:00:00+00:00,0.72222,0.72245,0.72202,0.72241,520,9,0
2026-05-12 16:15:00+00:00,0.72241,0.72254,0.722,0.72218,428,9,0
2026-05-12 16:30:00+00:00,0.72219,0.72219,0.72175,0.72177,435,9,0
2026-05-12 16:45:00+00:00,0.72177,0.72181,0.72142,0.72154,471,9,0
2026-05-12 17:00:00+00:00,0.72156,0.72207,0.72152,0.72197,398,9,0
2026-05-12 17:15:00+00:00,0.72198,0.72246,0.72195,0.72219,400,9,0
2026-05-12 17:30:00+00:00,0.7222,0.72233,0.7221,0.72225,306,9,0
2026-05-12 17:45:00+00:00,0.72226,0.72253,0.72213,0.72252,348,9,0
2026-05-12 18:00:00+00:00,0.72252,0.72261,0.72225,0.72259,447,9,0
2026-05-12 18:15:00+00:00,0.72259,0.72319,0.72256,0.72304,407,9,0
2026-05-12 18:30:00+00:00,0.72305,0.72338,0.72303,0.72335,389,9,0
2026-05-12 18:45:00+00:00,0.72335,0.72363,0.72319,0.72345,335,9,0
2026-05-12 19:00:00+00:00,0.72345,0.72398,0.72334,0.72386,264,9,0
2026-05-12 19:15:00+00:00,0.72385,0.72394,0.72355,0.72367,272,9,0
2026-05-12 19:30:00+00:00,0.72367,0.72414,0.72367,0.7239,281,9,0
2026-05-12 19:45:00+00:00,0.72389,0.72402,0.72375,0.72383,321,9,0
2026-05-12 20:00:00+00:00,0.72382,0.72384,0.72363,0.72375,178,9,0
2026-05-12 20:15:00+00:00,0.72374,0.72384,0.72371,0.72372,94,9,0
2026-05-12 20:30:00+00:00,0.72372,0.7238,0.72367,0.7238,97,9,0
2026-05-12 20:45:00+00:00,0.72379,0.724,0.72374,0.72388,160,9,0
2026-05-12 21:00:00+00:00,0.72386,0.72396,0.72385,0.72392,71,12,0
2026-05-12 21:15:00+00:00,0.72391,0.72397,0.72385,0.72391,101,19,0
2026-05-12 21:30:00+00:00,0.72391,0.72396,0.72375,0.72375,91,14,0
2026-05-12 21:45:00+00:00,0.72376,0.72389,0.72369,0.72388,100,17,0
2026-05-12 22:00:00+00:00,0.7239,0.72415,0.72388,0.724,71,9,0
2026-05-12 22:15:00+00:00,0.724,0.72412,0.724,0.7241,73,9,0
2026-05-12 22:30:00+00:00,0.7241,0.72417,0.72409,0.72409,76,9,0
2026-05-12 22:45:00+00:00,0.72409,0.72411,0.72394,0.72398,70,9,0
2026-05-12 23:00:00+00:00,0.72396,0.72409,0.7239,0.72391,113,9,0
2026-05-12 23:15:00+00:00,0.72391,0.72404,0.72385,0.72402,116,9,0
2026-05-12 23:30:00+00:00,0.72402,0.7241,0.72376,0.72382,139,9,0
2026-05-12 23:45:00+00:00,0.72382,0.72401,0.72365,0.72369,196,9,0
2026-05-13 00:00:00+00:00,0.72367,0.724,0.72342,0.72346,465,9,0
2026-05-13 00:15:00+00:00,0.72346,0.7238,0.72345,0.72357,390,9,0
2026-05-13 00:30:00+00:00,0.72357,0.72364,0.72342,0.72351,343,9,0
2026-05-13 00:45:00+00:00,0.7235,0.72363,0.72325,0.72362,349,9,0
2026-05-13 01:00:00+00:00,0.72362,0.72377,0.72337,0.72339,402,9,0
2026-05-13 01:15:00+00:00,0.72339,0.72368,0.72304,0.72365,496,9,0
2026-05-13 01:30:00+00:00,0.72364,0.72419,0.72352,0.72409,463,9,0
2026-05-13 01:45:00+00:00,0.72409,0.72471,0.72403,0.72434,374,9,0
2026-05-13 02:00:00+00:00,0.72435,0.72457,0.72429,0.72429,356,9,0
2026-05-13 02:15:00+00:00,0.7243,0.7244,0.72414,0.72426,276,9,0
2026-05-13 02:30:00+00:00,0.72427,0.72429,0.72404,0.72406,210,9,0
2026-05-13 02:45:00+00:00,0.72407,0.72412,0.72383,0.72386,300,9,0
2026-05-13 03:00:00+00:00,0.72386,0.72386,0.72314,0.72346,489,9,0
2026-05-13 03:15:00+00:00,0.72346,0.7235,0.72328,0.72339,280,9,0
2026-05-13 03:30:00+00:00,0.7234,0.72382,0.7234,0.72377,228,9,0
2026-05-13 03:45:00+00:00,0.72378,0.72383,0.72348,0.7235,238,9,0
2026-05-13 04:00:00+00:00,0.7235,0.72361,0.72334,0.72335,177,9,0
2026-05-13 04:15:00+00:00,0.72335,0.72356,0.72325,0.72334,192,9,0
2026-05-13 04:30:00+00:00,0.72334,0.7235,0.72312,0.72328,221,9,0
2026-05-13 04:45:00+00:00,0.72327,0.72353,0.72322,0.72344,206,9,0
2026-05-13 05:00:00+00:00,0.72344,0.7237,0.7234,0.72356,247,9,0
2026-05-13 05:15:00+00:00,0.72355,0.72385,0.72337,0.72381,313,9,0
2026-05-13 05:30:00+00:00,0.72381,0.72391,0.72353,0.7237,311,9,0
2026-05-13 05:45:00+00:00,0.7237,0.72393,0.7237,0.72392,361,9,0
2026-05-13 06:00:00+00:00,0.72393,0.72424,0.72368,0.72384,458,9,0
2026-05-13 06:15:00+00:00,0.72383,0.72386,0.72336,0.72366,357,9,0
2026-05-13 06:30:00+00:00,0.72367,0.72383,0.72351,0.72374,352,9,0
2026-05-13 06:45:00+00:00,0.72375,0.72375,0.72322,0.72355,389,9,0
2026-05-13 07:00:00+00:00,0.72354,0.72393,0.72348,0.7238,475,9,0
2026-05-13 07:15:00+00:00,0.7238,0.72388,0.72369,0.72379,336,9,0
2026-05-13 07:30:00+00:00,0.72379,0.72387,0.72327,0.72352,346,9,0
2026-05-13 07:45:00+00:00,0.72354,0.72367,0.72331,0.72334,390,9,0
2026-05-13 08:00:00+00:00,0.72334,0.72382,0.72326,0.72373,416,9,0
2026-05-13 08:15:00+00:00,0.72373,0.72414,0.72369,0.72414,261,9,0
2026-05-13 08:30:00+00:00,0.72415,0.72415,0.7237,0.72384,321,9,0
2026-05-13 08:45:00+00:00,0.72384,0.72418,0.72375,0.72406,411,9,0
2026-05-13 09:00:00+00:00,0.72407,0.72413,0.72386,0.72388,311,9,0
2026-05-13 09:15:00+00:00,0.72388,0.72388,0.72348,0.72348,331,9,0
2026-05-13 09:30:00+00:00,0.72347,0.72389,0.72347,0.72373,338,9,0
2026-05-13 09:45:00+00:00,0.72374,0.72446,0.72373,0.72446,266,9,0
2026-05-13 10:00:00+00:00,0.72446,0.7247,0.72403,0.7244,523,9,0
2026-05-13 10:15:00+00:00,0.72439,0.72463,0.72419,0.72429,447,9,0
2026-05-13 10:30:00+00:00,0.72429,0.72456,0.72409,0.72453,289,9,0
2026-05-13 10:45:00+00:00,0.72453,0.72485,0.72445,0.72477,322,9,0
2026-05-13 11:00:00+00:00,0.72477,0.72483,0.72453,0.72477,326,9,0
2026-05-13 11:15:00+00:00,0.72477,0.72491,0.72462,0.72491,204,9,0
2026-05-13 11:30:00+00:00,0.72491,0.7253,0.72485,0.72513,310,9,0
2026-05-13 11:45:00+00:00,0.72513,0.72518,0.72482,0.72495,253,9,0
2026-05-13 12:00:00+00:00,0.72494,0.72519,0.72486,0.72487,364,9,0
2026-05-13 12:15:00+00:00,0.72486,0.72486,0.72409,0.72428,473,9,0
2026-05-13 12:30:00+00:00,0.7243,0.72467,0.72358,0.72448,995,9,0
2026-05-13 12:45:00+00:00,0.72448,0.7245,0.72398,0.72413,527,9,0
2026-05-13 13:00:00+00:00,0.72414,0.72462,0.72409,0.7246,564,9,0
2026-05-13 13:15:00+00:00,0.72461,0.72467,0.72437,0.72449,427,9,0
2026-05-13 13:30:00+00:00,0.72449,0.72466,0.72395,0.72454,894,9,0
2026-05-13 13:45:00+00:00,0.72454,0.7248,0.72393,0.72463,820,9,0
2026-05-13 14:00:00+00:00,0.72461,0.72522,0.72444,0.72512,727,9,0
2026-05-13 14:15:00+00:00,0.72511,0.72546,0.72474,0.72537,590,9,0
2026-05-13 14:30:00+00:00,0.72537,0.72567,0.72533,0.72544,478,9,0
2026-05-13 14:45:00+00:00,0.72545,0.72574,0.72508,0.72566,625,9,0
2026-05-13 15:00:00+00:00,0.72565,0.72604,0.72546,0.72573,565,9,0
2026-05-13 15:15:00+00:00,0.72573,0.72649,0.72573,0.72648,414,9,0
2026-05-13 15:30:00+00:00,0.72648,0.72714,0.72636,0.72692,545,9,0
2026-05-13 15:45:00+00:00,0.72692,0.72694,0.72614,0.72617,475,9,0
2026-05-13 16:00:00+00:00,0.72617,0.72658,0.72613,0.72639,383,9,0
2026-05-13 16:15:00+00:00,0.72639,0.72689,0.72625,0.72657,555,9,0
2026-05-13 16:30:00+00:00,0.72656,0.72671,0.72626,0.72627,399,9,0
2026-05-13 16:45:00+00:00,0.72627,0.72634,0.72596,0.72598,324,9,0
2026-05-13 17:00:00+00:00,0.72597,0.72623,0.72587,0.72618,293,9,0
2026-05-13 17:15:00+00:00,0.72617,0.72637,0.72614,0.7262,219,9,0
2026-05-13 17:30:00+00:00,0.72621,0.72622,0.72607,0.72614,219,9,0
2026-05-13 17:45:00+00:00,0.72614,0.7262,0.72559,0.72562,277,9,0
2026-05-13 18:00:00+00:00,0.72561,0.72606,0.7255,0.72599,326,9,0
2026-05-13 18:15:00+00:00,0.726,0.72616,0.72563,0.72573,351,9,0
2026-05-13 18:30:00+00:00,0.72574,0.7259,0.72559,0.72559,353,9,0
2026-05-13 18:45:00+00:00,0.72559,0.72586,0.72516,0.7257,464,9,0
2026-05-13 19:00:00+00:00,0.7257,0.72591,0.72566,0.72583,261,9,0
2026-05-13 19:15:00+00:00,0.72583,0.72585,0.72553,0.72564,299,9,0
2026-05-13 19:30:00+00:00,0.72564,0.72567,0.72543,0.72553,208,9,0
2026-05-13 19:45:00+00:00,0.72553,0.72561,0.72529,0.7253,267,9,0
2026-05-13 20:00:00+00:00,0.72529,0.72552,0.72503,0.72548,280,9,0
2026-05-13 20:15:00+00:00,0.72548,0.72577,0.72548,0.72558,121,9,0
2026-05-13 20:30:00+00:00,0.72559,0.72585,0.72556,0.72584,123,9,0
2026-05-13 20:45:00+00:00,0.72585,0.7259,0.72574,0.72579,138,9,0
2026-05-13 21:00:00+00:00,0.7258,0.72581,0.72571,0.72576,126,14,0
2026-05-13 21:15:00+00:00,0.72575,0.7258,0.72571,0.72575,123,19,0
2026-05-13 21:30:00+00:00,0.72574,0.72581,0.72563,0.72563,185,19,0
2026-05-13 21:45:00+00:00,0.72564,0.72567,0.72526,0.72562,226,27,0
2026-05-13 22:00:00+00:00,0.72565,0.72585,0.72564,0.72582,110,9,0
2026-05-13 22:15:00+00:00,0.72582,0.72602,0.72582,0.72602,83,9,0
2026-05-13 22:30:00+00:00,0.72602,0.72604,0.72596,0.72597,52,9,0
2026-05-13 22:45:00+00:00,0.72597,0.726,0.72589,0.72594,54,9,0
2026-05-13 23:00:00+00:00,0.72594,0.72605,0.7257,0.72585,171,9,0
2026-05-13 23:15:00+00:00,0.72584,0.72584,0.72569,0.72579,113,9,0
2026-05-13 23:30:00+00:00,0.72579,0.72579,0.72526,0.7253,184,9,0
2026-05-13 23:45:00+00:00,0.7253,0.72543,0.72519,0.72539,208,9,0
2026-05-14 00:00:00+00:00,0.7254,0.72544,0.72487,0.72537,435,9,0
2026-05-14 00:15:00+00:00,0.72539,0.72568,0.72518,0.72543,433,9,0
2026-05-14 00:30:00+00:00,0.72543,0.72559,0.72508,0.72513,340,9,0
2026-05-14 00:45:00+00:00,0.72513,0.72521,0.72482,0.7251,375,9,0
2026-05-14 01:00:00+00:00,0.72512,0.72516,0.72464,0.72473,456,9,0
2026-05-14 01:15:00+00:00,0.72472,0.725,0.72467,0.72489,401,9,0
2026-05-14 01:30:00+00:00,0.7249,0.72507,0.72477,0.7249,364,9,0
2026-05-14 01:45:00+00:00,0.7249,0.72495,0.72448,0.72455,398,9,0
2026-05-14 02:00:00+00:00,0.72456,0.72494,0.72434,0.72469,318,9,0
2026-05-14 02:15:00+00:00,0.7247,0.72492,0.7245,0.72492,247,9,0
2026-05-14 02:30:00+00:00,0.72491,0.72519,0.7249,0.72509,318,9,0
2026-05-14 02:45:00+00:00,0.72509,0.72524,0.72474,0.72517,322,9,0
2026-05-14 03:00:00+00:00,0.72517,0.72523,0.72485,0.72492,273,9,0
2026-05-14 03:15:00+00:00,0.72492,0.72532,0.72474,0.72525,264,9,0
2026-05-14 03:30:00+00:00,0.72524,0.72538,0.725,0.72503,266,9,0
2026-05-14 03:45:00+00:00,0.72503,0.72532,0.725,0.7251,228,9,0
2026-05-14 04:00:00+00:00,0.7251,0.72546,0.72504,0.72542,345,9,0
2026-05-14 04:15:00+00:00,0.72542,0.72568,0.72532,0.72556,230,9,0
2026-05-14 04:30:00+00:00,0.72556,0.7258,0.72552,0.72576,217,9,0
2026-05-14 04:45:00+00:00,0.72577,0.72594,0.72558,0.72559,219,9,0
2026-05-14 05:00:00+00:00,0.72561,0.72567,0.72523,0.72542,368,9,0
2026-05-14 05:15:00+00:00,0.72544,0.72566,0.72542,0.72556,290,9,0
2026-05-14 05:30:00+00:00,0.72557,0.72578,0.7254,0.72578,296,9,0
2026-05-14 05:45:00+00:00,0.72578,0.72623,0.72545,0.72553,574,9,0
2026-05-14 06:00:00+00:00,0.72554,0.72611,0.72554,0.72574,440,9,0
2026-05-14 06:15:00+00:00,0.72574,0.7261,0.72553,0.72601,416,9,0
2026-05-14 06:30:00+00:00,0.72601,0.72612,0.72587,0.72599,322,9,0
2026-05-14 06:45:00+00:00,0.72599,0.7264,0.72597,0.72607,463,9,0
2026-05-14 07:00:00+00:00,0.72605,0.7261,0.72542,0.72553,500,9,0
2026-05-14 07:15:00+00:00,0.72553,0.72568,0.72525,0.72564,365,9,0
2026-05-14 07:30:00+00:00,0.72565,0.7259,0.72546,0.72566,366,9,0
2026-05-14 07:45:00+00:00,0.72566,0.72577,0.72404,0.72421,670,9,0
2026-05-14 08:00:00+00:00,0.7242,0.72509,0.72412,0.72508,660,9,0
2026-05-14 08:15:00+00:00,0.72508,0.72529,0.72489,0.72524,409,9,0
2026-05-14 08:30:00+00:00,0.72524,0.72535,0.72476,0.72486,335,9,0
2026-05-14 08:45:00+00:00,0.72486,0.72526,0.72484,0.7252,265,9,0
2026-05-14 09:00:00+00:00,0.72521,0.72535,0.72499,0.72515,405,9,0
2026-05-14 09:15:00+00:00,0.72513,0.72513,0.72477,0.72488,307,9,0
2026-05-14 09:30:00+00:00,0.72488,0.72492,0.72419,0.72466,525,9,0
2026-05-14 09:45:00+00:00,0.72466,0.72489,0.72457,0.72457,311,9,0
2026-05-14 10:00:00+00:00,0.72456,0.72496,0.72449,0.72453,464,9,0
2026-05-14 10:15:00+00:00,0.72455,0.72471,0.72428,0.72455,399,9,0
2026-05-14 10:30:00+00:00,0.72455,0.72462,0.72383,0.72392,316,9,0
2026-05-14 10:45:00+00:00,0.72392,0.72439,0.72392,0.72423,448,9,0
2026-05-14 11:00:00+00:00,0.72425,0.72434,0.72381,0.72434,412,9,0
2026-05-14 11:15:00+00:00,0.72434,0.72446,0.72402,0.72402,316,9,0
2026-05-14 11:30:00+00:00,0.72402,0.72421,0.72391,0.72396,266,9,0
2026-05-14 11:45:00+00:00,0.72396,0.72427,0.72387,0.72387,299,9,0
2026-05-14 12:00:00+00:00,0.72386,0.72422,0.7237,0.72412,450,9,0
2026-05-14 12:15:00+00:00,0.72412,0.72428,0.72399,0.72401,348,9,0
2026-05-14 12:30:00+00:00,0.72399,0.72406,0.72359,0.72359,403,9,0
2026-05-14 12:45:00+00:00,0.72359,0.72376,0.72344,0.72344,368,9,0
2026-05-14 13:00:00+00:00,0.72344,0.72359,0.72304,0.72319,461,9,0
2026-05-14 13:15:00+00:00,0.7232,0.72321,0.72254,0.72266,390,9,0
2026-05-14 13:30:00+00:00,0.72264,0.72265,0.72195,0.7225,741,9,0
2026-05-14 13:45:00+00:00,0.72249,0.72301,0.72203,0.72204,1136,9,0
2026-05-14 14:00:00+00:00,0.72203,0.7228,0.72195,0.7228,671,9,0
2026-05-14 14:15:00+00:00,0.72279,0.72313,0.72257,0.72294,563,9,0
2026-05-14 14:30:00+00:00,0.72295,0.72296,0.72272,0.72276,389,9,0
2026-05-14 14:45:00+00:00,0.72276,0.72296,0.72225,0.72275,754,9,0
2026-05-14 15:00:00+00:00,0.72275,0.72275,0.72218,0.72245,582,9,0
2026-05-14 15:15:00+00:00,0.72245,0.72257,0.72222,0.72237,362,9,0
2026-05-14 15:30:00+00:00,0.72235,0.72264,0.72224,0.72235,388,9,0
2026-05-14 15:45:00+00:00,0.72236,0.72249,0.72224,0.72239,327,9,0
2026-05-14 16:00:00+00:00,0.72238,0.7224,0.72202,0.7222,417,9,0
2026-05-14 16:15:00+00:00,0.72221,0.72243,0.7218,0.72186,460,9,0
2026-05-14 16:30:00+00:00,0.72184,0.72204,0.72156,0.72177,452,9,0
2026-05-14 16:45:00+00:00,0.72176,0.72209,0.72164,0.72209,451,9,0
2026-05-14 17:00:00+00:00,0.72209,0.72248,0.72209,0.7222,355,9,0
2026-05-14 17:15:00+00:00,0.72219,0.72224,0.72202,0.72214,454,9,0
2026-05-14 17:30:00+00:00,0.72213,0.72257,0.72205,0.72251,349,9,0
2026-05-14 17:45:00+00:00,0.72252,0.72265,0.7223,0.72231,299,9,0
2026-05-14 18:00:00+00:00,0.72231,0.72235,0.72182,0.72234,444,9,0
2026-05-14 18:15:00+00:00,0.72235,0.72248,0.7222,0.72228,305,9,0
2026-05-14 18:30:00+00:00,0.72228,0.72234,0.7221,0.72225,262,9,0
2026-05-14 18:45:00+00:00,0.72225,0.72243,0.72223,0.72243,235,9,0
2026-05-14 19:00:00+00:00,0.72244,0.72256,0.72237,0.72242,203,9,0
2026-05-14 19:15:00+00:00,0.72242,0.72243,0.72219,0.72219,191,9,0
2026-05-14 19:30:00+00:00,0.72219,0.72227,0.72188,0.72192,249,9,0
2026-05-14 19:45:00+00:00,0.72191,0.72198,0.72174,0.72197,252,9,0
2026-05-14 20:00:00+00:00,0.72198,0.7221,0.72186,0.72193,159,9,0
2026-05-14 20:15:00+00:00,0.72192,0.72207,0.72183,0.72191,156,9,0
2026-05-14 20:30:00+00:00,0.72192,0.72201,0.72184,0.72189,112,9,0
2026-05-14 20:45:00+00:00,0.72189,0.72204,0.72188,0.72195,126,9,0
2026-05-14 21:00:00+00:00,0.72197,0.72197,0.72183,0.72187,65,10,0
2026-05-14 21:15:00+00:00,0.72185,0.72195,0.72182,0.72195,126,19,0
2026-05-14 21:30:00+00:00,0.72194,0.72198,0.7218,0.72187,321,27,0
2026-05-14 21:45:00+00:00,0.72186,0.72195,0.72178,0.72195,109,29,0
2026-05-14 22:00:00+00:00,0.72198,0.72213,0.72198,0.72204,106,9,0
2026-05-14 22:15:00+00:00,0.72204,0.7221,0.72196,0.72209,85,9,0
2026-05-14 22:30:00+00:00,0.72208,0.72217,0.72203,0.72217,85,9,0
2026-05-14 22:45:00+00:00,0.72217,0.72225,0.72212,0.72221,95,9,0
2026-05-14 23:00:00+00:00,0.72221,0.72221,0.72184,0.72192,219,9,0
2026-05-14 23:15:00+00:00,0.72192,0.72215,0.72181,0.72214,169,9,0
2026-05-14 23:30:00+00:00,0.72215,0.72215,0.72191,0.72204,121,9,0
2026-05-14 23:45:00+00:00,0.72204,0.72212,0.72128,0.72134,235,9,0
2026-05-15 00:00:00+00:00,0.72135,0.7217,0.72113,0.72147,491,9,0
2026-05-15 00:15:00+00:00,0.72147,0.72176,0.72135,0.72136,326,9,0
2026-05-15 00:30:00+00:00,0.72137,0.72137,0.7204,0.72058,433,9,0
2026-05-15 00:45:00+00:00,0.72057,0.72076,0.72009,0.72056,530,9,0
2026-05-15 01:00:00+00:00,0.72055,0.72069,0.7203,0.72042,518,9,0
2026-05-15 01:15:00+00:00,0.72043,0.72043,0.71947,0.71947,642,9,0
2026-05-15 01:30:00+00:00,0.71948,0.71997,0.71919,0.7197,778,9,0
2026-05-15 01:45:00+00:00,0.7197,0.71974,0.71869,0.71872,648,9,0
2026-05-15 02:00:00+00:00,0.71872,0.71884,0.71848,0.71877,665,9,0
2026-05-15 02:15:00+00:00,0.71876,0.71907,0.71864,0.71885,482,9,0
2026-05-15 02:30:00+00:00,0.71885,0.71924,0.71881,0.71923,333,9,0
2026-05-15 02:45:00+00:00,0.71924,0.71995,0.71918,0.71928,522,9,0
2026-05-15 03:00:00+00:00,0.71926,0.71953,0.71915,0.7192,375,9,0
2026-05-15 03:15:00+00:00,0.7192,0.71928,0.719,0.71908,279,9,0
2026-05-15 03:30:00+00:00,0.71909,0.71941,0.7189,0.71927,369,9,0
2026-05-15 03:45:00+00:00,0.71927,0.71933,0.71911,0.71932,235,9,0
2026-05-15 04:00:00+00:00,0.71931,0.71934,0.71895,0.71931,264,9,0
2026-05-15 04:15:00+00:00,0.71931,0.71935,0.71895,0.71895,242,9,0
2026-05-15 04:30:00+00:00,0.71895,0.71914,0.71863,0.71864,314,9,0
2026-05-15 04:45:00+00:00,0.71864,0.71866,0.71807,0.7181,298,9,0
2026-05-15 05:00:00+00:00,0.7181,0.71813,0.71665,0.71684,828,9,0
2026-05-15 05:15:00+00:00,0.71684,0.71728,0.71679,0.71721,485,9,0
2026-05-15 05:30:00+00:00,0.71722,0.71725,0.71692,0.71692,489,9,0
2026-05-15 05:45:00+00:00,0.71691,0.71691,0.71557,0.71585,948,9,0
2026-05-15 06:00:00+00:00,0.71583,0.71655,0.71574,0.71622,930,9,0
2026-05-15 06:15:00+00:00,0.71623,0.71646,0.71602,0.71616,732,9,0
2026-05-15 06:30:00+00:00,0.71617,0.71685,0.71609,0.71663,651,9,0
2026-05-15 06:45:00+00:00,0.71663,0.71677,0.71568,0.71598,666,9,0
2026-05-15 07:00:00+00:00,0.71599,0.71706,0.71571,0.71702,703,9,0
2026-05-15 07:15:00+00:00,0.71702,0.71763,0.71671,0.71723,677,9,0
2026-05-15 07:30:00+00:00,0.71724,0.71726,0.71678,0.7172,578,9,0
2026-05-15 07:45:00+00:00,0.7172,0.71721,0.71664,0.71668,481,9,0
2026-05-15 08:00:00+00:00,0.71669,0.71681,0.71609,0.71623,626,9,0
2026-05-15 08:15:00+00:00,0.71623,0.71632,0.71583,0.71594,603,9,0
2026-05-15 08:30:00+00:00,0.71594,0.71609,0.71561,0.71607,653,9,0
2026-05-15 08:45:00+00:00,0.71608,0.71613,0.71544,0.71563,509,9,0
2026-05-15 09:00:00+00:00,0.71565,0.71566,0.71452,0.71454,685,9,0
2026-05-15 09:15:00+00:00,0.71453,0.71453,0.71395,0.71451,747,9,0
2026-05-15 09:30:00+00:00,0.71451,0.71476,0.71437,0.71443,533,9,0
2026-05-15 09:45:00+00:00,0.71442,0.71477,0.71414,0.71472,645,9,0
2026-05-15 10:00:00+00:00,0.71473,0.71572,0.71467,0.71566,541,9,0
2026-05-15 10:15:00+00:00,0.71566,0.71619,0.71551,0.71566,564,9,0
2026-05-15 10:30:00+00:00,0.71566,0.71665,0.71566,0.71664,564,9,0
2026-05-15 10:45:00+00:00,0.71664,0.71795,0.71661,0.71719,1251,9,0
2026-05-15 11:00:00+00:00,0.7172,0.71733,0.71637,0.71646,556,9,0
2026-05-15 11:15:00+00:00,0.71646,0.71654,0.71593,0.71593,398,9,0
2026-05-15 11:30:00+00:00,0.71592,0.71598,0.7151,0.71511,451,9,0
2026-05-15 11:45:00+00:00,0.71511,0.71552,0.71501,0.71519,467,9,0
2026-05-15 12:00:00+00:00,0.71517,0.71518,0.7147,0.71479,613,9,0
2026-05-15 12:15:00+00:00,0.71479,0.71535,0.71474,0.71509,618,9,0
2026-05-15 12:30:00+00:00,0.71509,0.71513,0.71434,0.71438,603,9,0
2026-05-15 12:45:00+00:00,0.71437,0.71544,0.71433,0.71528,556,9,0
2026-05-15 13:00:00+00:00,0.71527,0.71531,0.71489,0.71525,632,9,0
2026-05-15 13:15:00+00:00,0.71525,0.71573,0.71511,0.7155,600,9,0
2026-05-15 13:30:00+00:00,0.71551,0.71554,0.71443,0.71446,1101,9,0
2026-05-15 13:45:00+00:00,0.71446,0.71511,0.71431,0.71468,899,9,0
2026-05-15 14:00:00+00:00,0.71467,0.71556,0.71444,0.71551,1039,9,0
2026-05-15 14:15:00+00:00,0.71551,0.71657,0.71546,0.71599,979,9,0
2026-05-15 14:30:00+00:00,0.71601,0.71638,0.71578,0.71587,876,9,0
2026-05-15 14:45:00+00:00,0.71585,0.71589,0.71518,0.7154,903,9,0
2026-05-15 15:00:00+00:00,0.71541,0.71566,0.71496,0.71536,812,9,0
2026-05-15 15:15:00+00:00,0.71534,0.71541,0.71464,0.71499,626,9,0
2026-05-15 15:30:00+00:00,0.71501,0.71525,0.71459,0.71477,675,9,0
2026-05-15 15:45:00+00:00,0.71476,0.715,0.71462,0.715,583,9,0
2026-05-15 16:00:00+00:00,0.71501,0.7151,0.7148,0.71508,568,9,0
2026-05-15 16:15:00+00:00,0.71508,0.71539,0.71504,0.71538,441,9,0
2026-05-15 16:30:00+00:00,0.71538,0.71578,0.71534,0.71577,425,9,0
2026-05-15 16:45:00+00:00,0.71577,0.71585,0.71528,0.71563,396,9,0
2026-05-15 17:00:00+00:00,0.71561,0.71602,0.71549,0.716,420,9,0
2026-05-15 17:15:00+00:00,0.716,0.7163,0.71578,0.71596,405,9,0
2026-05-15 17:30:00+00:00,0.71595,0.71617,0.71568,0.71568,325,9,0
2026-05-15 17:45:00+00:00,0.71569,0.71594,0.71569,0.71581,270,9,0
2026-05-15 18:00:00+00:00,0.71582,0.71592,0.71554,0.71571,365,9,0
2026-05-15 18:15:00+00:00,0.71571,0.71571,0.71516,0.71537,557,9,0
2026-05-15 18:30:00+00:00,0.71538,0.71538,0.71475,0.71532,543,9,0
2026-05-15 18:45:00+00:00,0.71532,0.71543,0.7151,0.71528,359,9,0
2026-05-15 19:00:00+00:00,0.71527,0.71531,0.71486,0.71488,335,9,0
2026-05-15 19:15:00+00:00,0.71488,0.71516,0.71486,0.71505,278,9,0
2026-05-15 19:30:00+00:00,0.71506,0.71521,0.71487,0.71489,320,9,0
2026-05-15 19:45:00+00:00,0.7149,0.71509,0.71475,0.71492,363,9,0
2026-05-15 20:00:00+00:00,0.71491,0.71492,0.71458,0.71477,271,9,0
2026-05-15 20:15:00+00:00,0.71478,0.71482,0.71452,0.71459,219,9,0
2026-05-15 20:30:00+00:00,0.71459,0.71464,0.71445,0.71463,167,9,0
2026-05-15 20:45:00+00:00,0.71463,0.71481,0.71451,0.71461,303,9,0
2026-05-17 21:00:00+00:00,0.71419,0.71441,0.71419,0.71441,23,115,0
2026-05-17 21:15:00+00:00,0.71441,0.71482,0.71433,0.71482,103,57,0
2026-05-17 21:30:00+00:00,0.71483,0.7151,0.71475,0.71475,153,36,0
2026-05-17 21:45:00+00:00,0.71475,0.71497,0.71457,0.71483,96,25,0
2026-05-17 22:00:00+00:00,0.71491,0.71537,0.71474,0.71516,320,9,0
2026-05-17 22:15:00+00:00,0.71515,0.7152,0.71489,0.71502,178,9,0
2026-05-17 22:30:00+00:00,0.71502,0.71528,0.71502,0.71523,163,9,0
2026-05-17 22:45:00+00:00,0.71523,0.71525,0.71481,0.71495,155,9,0
2026-05-17 23:00:00+00:00,0.71496,0.71508,0.71472,0.7148,228,9,0
2026-05-17 23:15:00+00:00,0.7148,0.7148,0.71416,0.71416,262,9,0
2026-05-17 23:30:00+00:00,0.71414,0.71424,0.71324,0.71358,567,9,0
2026-05-17 23:45:00+00:00,0.71357,0.71357,0.71274,0.71292,617,9,0
2026-05-18 00:00:00+00:00,0.71293,0.71319,0.71241,0.71246,1153,9,0
2026-05-18 00:15:00+00:00,0.71247,0.71291,0.71224,0.71238,838,9,0
2026-05-18 00:30:00+00:00,0.71239,0.71254,0.71204,0.71207,680,9,0
2026-05-18 00:45:00+00:00,0.71206,0.71248,0.71183,0.71245,696,9,0
2026-05-18 01:00:00+00:00,0.71243,0.71262,0.71199,0.71224,806,9,0
2026-05-18 01:15:00+00:00,0.71223,0.71267,0.71206,0.71246,825,9,0
2026-05-18 01:30:00+00:00,0.71247,0.71286,0.7123,0.7124,728,9,0
2026-05-18 01:45:00+00:00,0.71239,0.71314,0.7121,0.7128,666,9,0
2026-05-18 02:00:00+00:00,0.71278,0.71294,0.71232,0.71288,632,9,0
2026-05-18 02:15:00+00:00,0.71288,0.71311,0.71273,0.71281,419,9,0
2026-05-18 02:30:00+00:00,0.7128,0.71318,0.71268,0.71285,379,9,0
2026-05-18 02:45:00+00:00,0.71284,0.71293,0.71222,0.71247,435,9,0
2026-05-18 03:00:00+00:00,0.71248,0.71283,0.71248,0.71258,400,9,0
2026-05-18 03:15:00+00:00,0.71259,0.71299,0.71239,0.71295,328,9,0
2026-05-18 03:30:00+00:00,0.71294,0.71335,0.7126,0.71335,488,9,0
2026-05-18 03:45:00+00:00,0.71335,0.71345,0.71304,0.7134,303,9,0
2026-05-18 04:00:00+00:00,0.7134,0.71375,0.71325,0.71363,355,9,0
2026-05-18 04:15:00+00:00,0.71363,0.71375,0.71312,0.71319,305,9,0
2026-05-18 04:30:00+00:00,0.71318,0.71351,0.71312,0.71343,309,9,0
2026-05-18 04:45:00+00:00,0.71343,0.71356,0.71301,0.71311,327,9,0
2026-05-18 05:00:00+00:00,0.71311,0.71333,0.7129,0.71295,443,9,0
2026-05-18 05:15:00+00:00,0.71294,0.71338,0.71263,0.71338,465,9,0
2026-05-18 05:30:00+00:00,0.71339,0.71352,0.71312,0.71315,499,9,0
2026-05-18 05:45:00+00:00,0.71315,0.71325,0.71301,0.71315,383,9,0
2026-05-18 06:00:00+00:00,0.71313,0.71366,0.71303,0.71355,645,9,0
2026-05-18 06:15:00+00:00,0.71356,0.71429,0.7135,0.71387,567,9,0
2026-05-18 06:30:00+00:00,0.71388,0.71438,0.71384,0.71418,493,9,0
2026-05-18 06:45:00+00:00,0.71419,0.71484,0.7141,0.71484,446,9,0
2026-05-18 07:00:00+00:00,0.71485,0.71491,0.71451,0.71463,504,9,0
2026-05-18 07:15:00+00:00,0.71463,0.71538,0.71427,0.71528,655,9,0
2026-05-18 07:30:00+00:00,0.71527,0.71576,0.71505,0.71507,721,9,0
2026-05-18 07:45:00+00:00,0.71506,0.71542,0.71468,0.71516,563,9,0
2026-05-18 08:00:00+00:00,0.71516,0.71545,0.71476,0.71496,532,9,0
2026-05-18 08:15:00+00:00,0.71494,0.71576,0.71489,0.71571,512,9,0
2026-05-18 08:30:00+00:00,0.71571,0.71642,0.71553,0.71557,613,9,0
2026-05-18 08:45:00+00:00,0.71558,0.7163,0.71558,0.71577,464,9,0
2026-05-18 09:00:00+00:00,0.71578,0.71594,0.71543,0.71564,404,9,0
2026-05-18 09:15:00+00:00,0.71564,0.71611,0.71561,0.71595,376,9,0
2026-05-18 09:30:00+00:00,0.71595,0.71601,0.71573,0.71574,392,9,0
2026-05-18 09:45:00+00:00,0.71574,0.71589,0.71551,0.71552,326,9,0
2026-05-18 10:00:00+00:00,0.71551,0.71561,0.71501,0.71538,413,9,0
2026-05-18 10:15:00+00:00,0.7154,0.71548,0.7153,0.71536,305,9,0
2026-05-18 10:30:00+00:00,0.71536,0.71556,0.7151,0.71531,391,9,0
2026-05-18 10:45:00+00:00,0.71531,0.71547,0.71477,0.71482,322,9,0
2026-05-18 11:00:00+00:00,0.71483,0.71501,0.71459,0.7149,500,9,0
2026-05-18 11:15:00+00:00,0.7149,0.71521,0.71477,0.71502,348,9,0
2026-05-18 11:30:00+00:00,0.71501,0.71678,0.715,0.7165,1321,9,0
2026-05-18 11:45:00+00:00,0.71651,0.71653,0.7156,0.71598,806,9,0
2026-05-18 12:00:00+00:00,0.71598,0.71662,0.71584,0.71639,604,9,0
2026-05-18 12:15:00+00:00,0.7164,0.71659,0.71617,0.7165,577,9,0
2026-05-18 12:30:00+00:00,0.7165,0.71774,0.71644,0.71773,843,9,0
2026-05-18 12:45:00+00:00,0.71773,0.71838,0.71741,0.7178,884,9,0
2026-05-18 13:00:00+00:00,0.71781,0.71806,0.71732,0.71754,861,9,0
2026-05-18 13:15:00+00:00,0.71752,0.71758,0.71704,0.71745,510,9,0
2026-05-18 13:30:00+00:00,0.71747,0.7176,0.71664,0.71696,964,9,0
2026-05-18 13:45:00+00:00,0.71696,0.71774,0.7169,0.71728,1025,9,0
2026-05-18 14:00:00+00:00,0.71726,0.71734,0.7162,0.71631,1134,9,0
2026-05-18 14:15:00+00:00,0.71631,0.71674,0.71586,0.71637,816,9,0
2026-05-18 14:30:00+00:00,0.71638,0.71659,0.71564,0.71584,882,9,0
2026-05-18 14:45:00+00:00,0.71584,0.71626,0.71565,0.71586,754,9,0
2026-05-18 15:00:00+00:00,0.71586,0.71593,0.71483,0.71531,1134,9,0
2026-05-18 15:15:00+00:00,0.71529,0.71543,0.71492,0.7151,734,9,0
2026-05-18 15:30:00+00:00,0.71509,0.71574,0.71492,0.7155,664,9,0
2026-05-18 15:45:00+00:00,0.71551,0.71608,0.71537,0.71585,624,9,0
2026-05-18 16:00:00+00:00,0.71587,0.71626,0.71564,0.71626,521,9,0
2026-05-18 16:15:00+00:00,0.71626,0.71656,0.71541,0.7155,692,9,0
2026-05-18 16:30:00+00:00,0.71548,0.71618,0.71532,0.7159,551,9,0
2026-05-18 16:45:00+00:00,0.71589,0.71645,0.71586,0.71615,486,9,0
2026-05-18 17:00:00+00:00,0.71614,0.71646,0.71589,0.7162,512,9,0
2026-05-18 17:15:00+00:00,0.71619,0.71651,0.71612,0.7163,395,9,0
2026-05-18 17:30:00+00:00,0.7163,0.71633,0.71607,0.71619,409,9,0
2026-05-18 17:45:00+00:00,0.71618,0.71643,0.71614,0.71625,321,9,0
2026-05-18 18:00:00+00:00,0.71627,0.7163,0.71579,0.7158,455,9,0
2026-05-18 18:15:00+00:00,0.7158,0.7158,0.71488,0.71534,576,9,0
2026-05-18 18:30:00+00:00,0.71536,0.71549,0.71504,0.71527,429,9,0
2026-05-18 18:45:00+00:00,0.71528,0.7153,0.7148,0.71482,449,9,0
2026-05-18 19:00:00+00:00,0.7148,0.71741,0.71473,0.71627,1953,9,0
2026-05-18 19:15:00+00:00,0.71628,0.71664,0.71604,0.71633,679,9,0
2026-05-18 19:30:00+00:00,0.71634,0.71703,0.71626,0.71694,517,9,0
2026-05-18 19:45:00+00:00,0.71693,0.71742,0.71671,0.71676,527,9,0
2026-05-18 20:00:00+00:00,0.71678,0.71707,0.71663,0.71702,219,9,0
2026-05-18 20:15:00+00:00,0.71701,0.71716,0.71698,0.71707,169,9,0
2026-05-18 20:30:00+00:00,0.71707,0.71709,0.71674,0.71698,183,9,0
2026-05-18 20:45:00+00:00,0.71698,0.71699,0.71672,0.71677,154,9,0
2026-05-18 21:00:00+00:00,0.71676,0.71676,0.71638,0.71639,60,22,0
2026-05-18 21:15:00+00:00,0.71638,0.71657,0.71625,0.71656,178,37,0
2026-05-18 21:30:00+00:00,0.71656,0.71661,0.7165,0.71654,122,31,0
2026-05-18 21:45:00+00:00,0.71655,0.71668,0.7165,0.71668,122,26,0
2026-05-18 22:00:00+00:00,0.71675,0.71724,0.71673,0.71708,150,9,0
2026-05-18 22:15:00+00:00,0.71708,0.71714,0.71703,0.71705,75,9,0
2026-05-18 22:30:00+00:00,0.71706,0.71717,0.71701,0.71706,95,9,0
2026-05-18 22:45:00+00:00,0.71706,0.71726,0.71704,0.71721,91,9,0
2026-05-18 23:00:00+00:00,0.71721,0.71732,0.71718,0.71726,134,9,0
2026-05-18 23:15:00+00:00,0.71726,0.71763,0.71723,0.71733,168,9,0
2026-05-18 23:30:00+00:00,0.71733,0.71741,0.71722,0.71733,124,9,0
2026-05-18 23:45:00+00:00,0.71733,0.71733,0.71698,0.71699,200,9,0
2026-05-19 00:00:00+00:00,0.717,0.71722,0.7163,0.71644,694,9,0
2026-05-19 00:15:00+00:00,0.71643,0.71681,0.71613,0.71639,561,9,0
2026-05-19 00:30:00+00:00,0.71641,0.71643,0.71549,0.71561,393,9,0
2026-05-19 00:45:00+00:00,0.71561,0.71568,0.71501,0.71506,432,9,0
2026-05-19 01:00:00+00:00,0.71507,0.71516,0.71469,0.71507,663,9,0
2026-05-19 01:15:00+00:00,0.71508,0.71525,0.71461,0.71487,507,9,0
2026-05-19 01:30:00+00:00,0.71488,0.71513,0.71394,0.7151,753,9,0
2026-05-19 01:45:00+00:00,0.7151,0.71517,0.71449,0.7145,548,9,0
2026-05-19 02:00:00+00:00,0.71451,0.71451,0.71374,0.71386,624,9,0
2026-05-19 02:15:00+00:00,0.71387,0.71447,0.71358,0.71414,456,9,0
2026-05-19 02:30:00+00:00,0.71413,0.71439,0.71398,0.71433,447,9,0
2026-05-19 02:45:00+00:00,0.71433,0.71437,0.7139,0.71413,389,9,0
2026-05-19 03:00:00+00:00,0.71412,0.71414,0.71368,0.71407,400,9,0
2026-05-19 03:15:00+00:00,0.71407,0.71443,0.71404,0.71423,324,9,0
2026-05-19 03:30:00+00:00,0.71422,0.71445,0.71411,0.71411,337,9,0
2026-05-19 03:45:00+00:00,0.7141,0.7141,0.71361,0.71367,336,9,0
2026-05-19 04:00:00+00:00,0.71367,0.71384,0.71349,0.71365,386,9,0
2026-05-19 04:15:00+00:00,0.71366,0.71371,0.71327,0.71337,297,9,0
2026-05-19 04:30:00+00:00,0.71338,0.7136,0.71297,0.71298,334,9,0
2026-05-19 04:45:00+00:00,0.71298,0.71318,0.71272,0.71291,349,9,0
2026-05-19 05:00:00+00:00,0.71293,0.71333,0.71281,0.71323,464,9,0
2026-05-19 05:15:00+00:00,0.71323,0.71323,0.71252,0.71276,511,9,0
2026-05-19 05:30:00+00:00,0.71278,0.71283,0.71246,0.71272,482,9,0
2026-05-19 05:45:00+00:00,0.71271,0.71339,0.71259,0.7132,493,9,0
2026-05-19 06:00:00+00:00,0.71322,0.71361,0.713,0.71324,713,9,0
2026-05-19 06:15:00+00:00,0.71324,0.71352,0.71293,0.71331,481,9,0
2026-05-19 06:30:00+00:00,0.7133,0.71359,0.71303,0.71354,518,9,0
2026-05-19 06:45:00+00:00,0.71354,0.71362,0.71321,0.71336,444,9,0
2026-05-19 07:00:00+00:00,0.71336,0.7134,0.71291,0.71325,720,9,0
2026-05-19 07:15:00+00:00,0.71325,0.71353,0.71316,0.71337,373,9,0
2026-05-19 07:30:00+00:00,0.71338,0.71355,0.71309,0.71309,378,9,0
2026-05-19 07:45:00+00:00,0.71311,0.71362,0.71249,0.7125,605,9,0
2026-05-19 08:00:00+00:00,0.71251,0.71258,0.71142,0.71177,668,9,0
2026-05-19 08:15:00+00:00,0.71179,0.71217,0.71161,0.7118,558,9,0
2026-05-19 08:30:00+00:00,0.71181,0.71215,0.71176,0.71186,430,9,0
2026-05-19 08:45:00+00:00,0.71186,0.71213,0.71169,0.71171,409,9,0
2026-05-19 09:00:00+00:00,0.71171,0.71172,0.71137,0.71147,431,9,0
2026-05-19 09:15:00+00:00,0.71146,0.71148,0.71097,0.71135,513,9,0
2026-05-19 09:30:00+00:00,0.71134,0.71144,0.71084,0.71117,488,9,0
2026-05-19 09:45:00+00:00,0.71118,0.71155,0.71108,0.7115,444,9,0
2026-05-19 10:00:00+00:00,0.71149,0.71182,0.71142,0.7118,380,9,0
2026-05-19 10:15:00+00:00,0.7118,0.71198,0.7116,0.71184,301,9,0
2026-05-19 10:30:00+00:00,0.71185,0.71211,0.71082,0.71093,677,9,0
2026-05-19 10:45:00+00:00,0.71094,0.71175,0.71091,0.71161,665,9,0
2026-05-19 11:00:00+00:00,0.71162,0.71187,0.71141,0.71159,497,9,0
2026-05-19 11:15:00+00:00,0.71159,0.71183,0.71146,0.71181,418,9,0
2026-05-19 11:30:00+00:00,0.71182,0.71212,0.71179,0.71201,416,9,0
2026-05-19 11:45:00+00:00,0.71202,0.71209,0.71164,0.71165,374,9,0
2026-05-19 12:00:00+00:00,0.71165,0.71197,0.71139,0.71182,505,9,0
2026-05-19 12:15:00+00:00,0.71182,0.71227,0.71168,0.71213,439,9,0
2026-05-19 12:30:00+00:00,0.71212,0.71215,0.7116,0.71166,650,9,0
2026-05-19 12:45:00+00:00,0.71167,0.71196,0.7114,0.71144,525,9,0
2026-05-19 13:00:00+00:00,0.71143,0.71146,0.71068,0.71118,723,9,0
2026-05-19 13:15:00+00:00,0.71117,0.71122,0.71021,0.71029,804,9,0
2026-05-19 13:30:00+00:00,0.7103,0.71077,0.71001,0.71053,1065,9,0
2026-05-19 13:45:00+00:00,0.71054,0.71118,0.71004,0.71089,1027,9,0
2026-05-19 14:00:00+00:00,0.71089,0.71117,0.70975,0.70976,1217,9,0
2026-05-19 14:15:00+00:00,0.70975,0.70975,0.70838,0.70887,1095,9,0
2026-05-19 14:30:00+00:00,0.70887,0.70911,0.70823,0.70824,1018,9,0
2026-05-19 14:45:00+00:00,0.70824,0.70859,0.70792,0.70846,919,9,0
2026-05-19 15:00:00+00:00,0.70846,0.70874,0.70819,0.70852,766,9,0
2026-05-19 15:15:00+00:00,0.70853,0.70892,0.70848,0.70882,666,9,0
2026-05-19 15:30:00+00:00,0.70882,0.70987,0.70871,0.70973,642,9,0
2026-05-19 15:45:00+00:00,0.70973,0.71007,0.70966,0.70992,477,9,0
2026-05-19 16:00:00+00:00,0.70994,0.7101,0.70952,0.70975,603,9,0
2026-05-19 16:15:00+00:00,0.70976,0.71068,0.70965,0.71058,541,9,0
2026-05-19 16:30:00+00:00,0.71059,0.7112,0.71054,0.71111,583,9,0
2026-05-19 16:45:00+00:00,0.71112,0.71118,0.71099,0.71106,390,9,0
2026-05-19 17:00:00+00:00,0.71105,0.71158,0.71105,0.71152,394,9,0
2026-05-19 17:15:00+00:00,0.71152,0.71158,0.71127,0.71131,337,9,0
2026-05-19 17:30:00+00:00,0.7113,0.71138,0.71102,0.71117,336,9,0
2026-05-19 17:45:00+00:00,0.71117,0.71133,0.711,0.71123,369,9,0
2026-05-19 18:00:00+00:00,0.71125,0.71144,0.7112,0.7113,293,9,0
2026-05-19 18:15:00+00:00,0.71129,0.71132,0.71097,0.71098,436,9,0
2026-05-19 18:30:00+00:00,0.71098,0.71115,0.71075,0.71111,424,9,0
2026-05-19 18:45:00+00:00,0.71111,0.71111,0.71054,0.7106,377,9,0
2026-05-19 19:00:00+00:00,0.71059,0.71104,0.71059,0.71102,363,9,0
2026-05-19 19:15:00+00:00,0.71102,0.71104,0.7105,0.71073,381,9,0
2026-05-19 19:30:00+00:00,0.71073,0.71107,0.71067,0.71104,341,9,0
2026-05-19 19:45:00+00:00,0.71103,0.71106,0.71066,0.71085,315,9,0
2026-05-19 20:00:00+00:00,0.71086,0.71088,0.71063,0.71072,182,9,0
2026-05-19 20:15:00+00:00,0.71072,0.71073,0.71051,0.71058,102,9,0
2026-05-19 20:30:00+00:00,0.7106,0.71084,0.7106,0.71072,113,9,0
2026-05-19 20:45:00+00:00,0.71072,0.71072,0.7106,0.71063,116,9,0
2026-05-19 21:00:00+00:00,0.71062,0.71064,0.71057,0.7106,66,17,0
2026-05-19 21:15:00+00:00,0.71059,0.71064,0.71054,0.71054,72,19,0
2026-05-19 21:30:00+00:00,0.71054,0.71059,0.71042,0.71059,143,26,0
2026-05-19 21:45:00+00:00,0.71059,0.71069,0.71057,0.71069,69,22,0
2026-05-19 22:00:00+00:00,0.71073,0.71076,0.71059,0.71067,128,9,0
2026-05-19 22:15:00+00:00,0.71067,0.7108,0.71064,0.71077,96,9,0
2026-05-19 22:30:00+00:00,0.71077,0.71078,0.71048,0.71057,152,9,0
2026-05-19 22:45:00+00:00,0.71056,0.71071,0.71051,0.71071,94,9,0
2026-05-19 23:00:00+00:00,0.71071,0.71082,0.7107,0.71076,98,9,0
2026-05-19 23:15:00+00:00,0.71076,0.71089,0.71076,0.71085,80,9,0
2026-05-19 23:30:00+00:00,0.71085,0.71125,0.71085,0.71091,243,9,0
2026-05-19 23:45:00+00:00,0.71091,0.71096,0.71037,0.71037,198,9,0
2026-05-20 00:00:00+00:00,0.71035,0.71035,0.70958,0.70968,691,9,0
2026-05-20 00:15:00+00:00,0.70967,0.71037,0.70954,0.7101,637,9,0
2026-05-20 00:30:00+00:00,0.71012,0.71043,0.70993,0.71005,611,9,0
2026-05-20 00:45:00+00:00,0.71005,0.71023,0.70918,0.70921,607,9,0
2026-05-20 01:00:00+00:00,0.70919,0.70991,0.70914,0.70957,728,9,0
2026-05-20 01:15:00+00:00,0.70956,0.70966,0.70878,0.70886,600,9,0
2026-05-20 01:30:00+00:00,0.70887,0.70941,0.70867,0.70936,708,9,0
2026-05-20 01:45:00+00:00,0.70937,0.7102,0.70918,0.71008,828,9,0
2026-05-20 02:00:00+00:00,0.7101,0.71044,0.70992,0.71034,514,9,0
2026-05-20 02:15:00+00:00,0.71033,0.71066,0.71006,0.71015,452,9,0
2026-05-20 02:30:00+00:00,0.71014,0.71015,0.70917,0.70974,827,9,0
2026-05-20 02:45:00+00:00,0.70973,0.71003,0.7094,0.70954,443,9,0
2026-05-20 03:00:00+00:00,0.70955,0.70978,0.70932,0.70956,426,9,0
2026-05-20 03:15:00+00:00,0.70956,0.7103,0.70956,0.71023,372,9,0
2026-05-20 03:30:00+00:00,0.71024,0.71057,0.71006,0.7104,514,9,0
2026-05-20 03:45:00+00:00,0.71041,0.71048,0.71025,0.71026,298,9,0
2026-05-20 04:00:00+00:00,0.71026,0.71091,0.71026,0.71081,460,9,0
2026-05-20 04:15:00+00:00,0.71081,0.71082,0.71033,0.71043,260,9,0
2026-05-20 04:30:00+00:00,0.71042,0.71042,0.70979,0.71008,324,9,0
2026-05-20 04:45:00+00:00,0.71008,0.71018,0.70984,0.70992,299,9,0
2026-05-20 05:00:00+00:00,0.70991,0.71053,0.70991,0.71012,439,9,0
2026-05-20 05:15:00+00:00,0.71012,0.7103,0.70978,0.70983,384,9,0
2026-05-20 05:30:00+00:00,0.70983,0.71043,0.70983,0.71012,457,9,0
2026-05-20 05:45:00+00:00,0.71012,0.71022,0.70969,0.71019,360,9,0
2026-05-20 06:00:00+00:00,0.71019,0.7104,0.70999,0.7104,555,9,0
2026-05-20 06:15:00+00:00,0.7104,0.71118,0.7104,0.71082,669,9,0
2026-05-20 06:30:00+00:00,0.71082,0.71083,0.71032,0.71043,414,9,0
2026-05-20 06:45:00+00:00,0.71043,0.71056,0.71011,0.71047,403,9,0
2026-05-20 07:00:00+00:00,0.71048,0.71128,0.71028,0.71085,619,9,0
2026-05-20 07:15:00+00:00,0.71086,0.71111,0.71065,0.71086,414,9,0
2026-05-20 07:30:00+00:00,0.71085,0.71097,0.7106,0.71071,411,9,0
2026-05-20 07:45:00+00:00,0.71071,0.7109,0.71056,0.71066,348,9,0
2026-05-20 08:00:00+00:00,0.71066,0.71125,0.71046,0.71075,556,9,0
2026-05-20 08:15:00+00:00,0.71075,0.71102,0.71043,0.71099,525,9,0
2026-05-20 08:30:00+00:00,0.71101,0.71149,0.71082,0.7114,520,9,0
2026-05-20 08:45:00+00:00,0.71139,0.71157,0.71111,0.71114,410,9,0
2026-05-20 09:00:00+00:00,0.71114,0.71151,0.71104,0.7111,384,9,0
2026-05-20 09:15:00+00:00,0.7111,0.71131,0.71084,0.71121,319,9,0
2026-05-20 09:30:00+00:00,0.71121,0.71142,0.71114,0.71115,260,9,0
2026-05-20 09:45:00+00:00,0.71115,0.71135,0.71109,0.7112,298,9,0
2026-05-20 10:00:00+00:00,0.7112,0.7118,0.71117,0.71176,293,9,0
2026-05-20 10:15:00+00:00,0.71176,0.71206,0.71171,0.712,281,9,0
2026-05-20 10:30:00+00:00,0.712,0.71256,0.712,0.71239,398,9,0
2026-05-20 10:45:00+00:00,0.71239,0.71248,0.71214,0.71247,302,9,0
2026-05-20 11:00:00+00:00,0.71247,0.71247,0.71216,0.71235,309,9,0
2026-05-20 11:15:00+00:00,0.71235,0.713,0.71235,0.71298,296,9,0
2026-05-20 11:30:00+00:00,0.713,0.71343,0.71297,0.71309,392,9,0
2026-05-20 11:45:00+00:00,0.7131,0.7131,0.71249,0.71275,445,9,0
2026-05-20 12:00:00+00:00,0.71275,0.71311,0.71271,0.71303,369,9,0
2026-05-20 12:15:00+00:00,0.71303,0.71303,0.71261,0.7128,421,9,0
2026-05-20 12:30:00+00:00,0.7128,0.71324,0.71272,0.71282,396,9,0
2026-05-20 12:45:00+00:00,0.71283,0.71291,0.71227,0.7124,378,9,0
2026-05-20 13:00:00+00:00,0.71238,0.71252,0.71194,0.71219,460,9,0
2026-05-20 13:15:00+00:00,0.71219,0.71225,0.71192,0.712,421,9,0
2026-05-20 13:30:00+00:00,0.71198,0.71252,0.71183,0.71245,721,9,0
2026-05-20 13:45:00+00:00,0.71246,0.71289,0.71189,0.71207,734,9,0
2026-05-20 14:00:00+00:00,0.71209,0.71227,0.71147,0.71202,905,9,0
2026-05-20 14:15:00+00:00,0.71204,0.71448,0.71204,0.71405,2417,9,0
2026-05-20 14:30:00+00:00,0.71406,0.71485,0.71404,0.7147,1206,9,0
2026-05-20 14:45:00+00:00,0.71471,0.71551,0.71445,0.71527,1095,9,0
2026-05-20 15:00:00+00:00,0.71526,0.71568,0.71463,0.71485,792,9,0
2026-05-20 15:15:00+00:00,0.71485,0.71736,0.71481,0.71548,2756,9,0
2026-05-20 15:30:00+00:00,0.71547,0.71644,0.71547,0.71596,970,9,0
2026-05-20 15:45:00+00:00,0.71598,0.71607,0.71494,0.71503,753,9,0
2026-05-20 16:00:00+00:00,0.71504,0.71603,0.71499,0.71584,536,9,0
2026-05-20 16:15:00+00:00,0.71583,0.71609,0.71505,0.71526,805,9,0
2026-05-20 16:30:00+00:00,0.71528,0.71562,0.71487,0.71562,694,9,0
2026-05-20 16:45:00+00:00,0.71564,0.71584,0.71519,0.71541,712,9,0
2026-05-20 17:00:00+00:00,0.71542,0.7156,0.71515,0.71545,745,9,0
2026-05-20 17:15:00+00:00,0.71546,0.71562,0.71514,0.71554,566,9,0
2026-05-20 17:30:00+00:00,0.71555,0.71576,0.71514,0.7152,575,9,0
2026-05-20 17:45:00+00:00,0.7152,0.71541,0.71515,0.71518,303,9,0
2026-05-20 18:00:00+00:00,0.71518,0.71555,0.71489,0.7155,440,9,0
2026-05-20 18:15:00+00:00,0.71549,0.71578,0.7154,0.7157,456,9,0
2026-05-20 18:30:00+00:00,0.7157,0.71604,0.7154,0.7154,339,9,0
2026-05-20 18:45:00+00:00,0.71542,0.71614,0.71538,0.71574,422,9,0
2026-05-20 19:00:00+00:00,0.71573,0.71609,0.7157,0.7158,280,9,0
2026-05-20 19:15:00+00:00,0.7158,0.71603,0.7158,0.71599,228,9,0
2026-05-20 19:30:00+00:00,0.71599,0.71618,0.71579,0.71584,281,9,0
2026-05-20 19:45:00+00:00,0.71584,0.71594,0.71564,0.71586,355,9,0
2026-05-20 20:00:00+00:00,0.71584,0.71586,0.71557,0.7156,267,9,0
2026-05-20 20:15:00+00:00,0.71561,0.71561,0.71533,0.71556,345,9,0
2026-05-20 20:30:00+00:00,0.71556,0.71557,0.7153,0.7153,177,9,0
2026-05-20 20:45:00+00:00,0.7153,0.71535,0.71518,0.71519,150,9,0
2026-05-20 21:00:00+00:00,0.71518,0.71522,0.71494,0.71498,147,12,0
2026-05-20 21:15:00+00:00,0.71501,0.71513,0.71473,0.71507,382,29,0
2026-05-20 21:30:00+00:00,0.71505,0.71511,0.71499,0.71505,199,36,0
2026-05-20 21:45:00+00:00,0.71506,0.71521,0.71498,0.71521,144,40,0
2026-05-20 22:00:00+00:00,0.71526,0.71543,0.71488,0.71516,221,9,0
2026-05-20 22:15:00+00:00,0.71516,0.71518,0.71505,0.71518,139,9,0
2026-05-20 22:30:00+00:00,0.71517,0.71527,0.71513,0.71525,96,9,0
2026-05-20 22:45:00+00:00,0.71525,0.71525,0.71512,0.7152,87,9,0
2026-05-20 23:00:00+00:00,0.71521,0.71521,0.71501,0.71511,90,9,0
2026-05-20 23:15:00+00:00,0.71511,0.71514,0.71495,0.71504,113,9,0
2026-05-20 23:30:00+00:00,0.71504,0.71504,0.71489,0.71496,106,9,0
2026-05-20 23:45:00+00:00,0.71496,0.71525,0.71485,0.71489,216,9,0
2026-05-21 00:00:00+00:00,0.7149,0.71494,0.71457,0.71476,509,9,0
2026-05-21 00:15:00+00:00,0.71476,0.71499,0.71441,0.71479,456,9,0
2026-05-21 00:30:00+00:00,0.71479,0.7148,0.71455,0.71462,293,9,0
2026-05-21 00:45:00+00:00,0.71462,0.71488,0.71453,0.71476,296,9,0
2026-05-21 01:00:00+00:00,0.71477,0.71546,0.71473,0.71537,411,9,0
2026-05-21 01:15:00+00:00,0.71537,0.71564,0.71508,0.71524,393,9,0
2026-05-21 01:30:00+00:00,0.71515,0.71515,0.71307,0.71346,1005,9,0
2026-05-21 01:45:00+00:00,0.71346,0.71347,0.71107,0.7119,1252,9,0
2026-05-21 02:00:00+00:00,0.71192,0.7124,0.71152,0.71182,1012,9,0
2026-05-21 02:15:00+00:00,0.71182,0.71206,0.71099,0.711,759,9,0
2026-05-21 02:30:00+00:00,0.711,0.71136,0.71054,0.71083,827,9,0
2026-05-21 02:45:00+00:00,0.71082,0.71096,0.70996,0.7107,726,9,0
2026-05-21 03:00:00+00:00,0.7107,0.71155,0.71067,0.71132,494,9,0
2026-05-21 03:15:00+00:00,0.71132,0.7117,0.71113,0.71152,324,9,0
2026-05-21 03:30:00+00:00,0.71152,0.7118,0.71128,0.71174,256,9,0
2026-05-21 03:45:00+00:00,0.71176,0.71192,0.71163,0.71185,282,9,0
2026-05-21 04:00:00+00:00,0.71184,0.71224,0.7118,0.71224,284,9,0
2026-05-21 04:15:00+00:00,0.71224,0.71263,0.71214,0.71263,279,9,0
2026-05-21 04:30:00+00:00,0.71263,0.71271,0.71233,0.71258,266,9,0
2026-05-21 04:45:00+00:00,0.71259,0.71297,0.71254,0.71267,284,9,0
2026-05-21 05:00:00+00:00,0.71267,0.71286,0.71228,0.71244,354,9,0
2026-05-21 05:15:00+00:00,0.71244,0.71254,0.71192,0.71194,382,9,0
2026-05-21 05:30:00+00:00,0.71196,0.71218,0.71169,0.71211,477,9,0
2026-05-21 05:45:00+00:00,0.71211,0.71252,0.71154,0.7124,577,9,0
2026-05-21 06:00:00+00:00,0.7124,0.71276,0.71233,0.71256,516,9,0
2026-05-21 06:15:00+00:00,0.71256,0.71267,0.712,0.71241,693,9,0
2026-05-21 06:30:00+00:00,0.71242,0.71248,0.71082,0.71102,634,9,0
2026-05-21 06:45:00+00:00,0.71102,0.71139,0.71086,0.71128,562,9,0
2026-05-21 07:00:00+00:00,0.71129,0.71166,0.71116,0.71158,587,9,0
2026-05-21 07:15:00+00:00,0.71157,0.71157,0.71078,0.71092,771,9,0
2026-05-21 07:30:00+00:00,0.71093,0.71146,0.71091,0.71141,563,9,0
2026-05-21 07:45:00+00:00,0.71141,0.71212,0.7114,0.7118,487,9,0
2026-05-21 08:00:00+00:00,0.71179,0.71321,0.71156,0.7132,690,9,0
2026-05-21 08:15:00+00:00,0.7132,0.71391,0.71269,0.71377,1097,9,0
2026-05-21 08:30:00+00:00,0.71376,0.71376,0.71316,0.71322,759,9,0
2026-05-21 08:45:00+00:00,0.71323,0.71365,0.71305,0.71315,616,9,0
2026-05-21 09:00:00+00:00,0.71314,0.71395,0.71305,0.71387,554,9,0
2026-05-21 09:15:00+00:00,0.71385,0.71416,0.71377,0.71409,448,9,0
2026-05-21 09:30:00+00:00,0.71407,0.71418,0.71342,0.71347,452,9,0
2026-05-21 09:45:00+00:00,0.71347,0.71359,0.71332,0.71356,313,9,0
2026-05-21 10:00:00+00:00,0.71356,0.7139,0.71353,0.71361,395,9,0
2026-05-21 10:15:00+00:00,0.71361,0.71379,0.71219,0.71248,1002,9,0
2026-05-21 10:30:00+00:00,0.7125,0.71261,0.71172,0.71237,1173,9,0
2026-05-21 10:45:00+00:00,0.71238,0.71275,0.71212,0.71242,864,9,0
2026-05-21 11:00:00+00:00,0.71241,0.71302,0.71239,0.71299,659,9,0
2026-05-21 11:15:00+00:00,0.713,0.71375,0.71292,0.71346,680,9,0
2026-05-21 11:30:00+00:00,0.71345,0.71357,0.71294,0.7131,419,9,0
2026-05-21 11:45:00+00:00,0.71309,0.71317,0.71235,0.71254,394,9,0
2026-05-21 12:00:00+00:00,0.71254,0.71297,0.71243,0.71263,542,9,0
2026-05-21 12:15:00+00:00,0.71263,0.71269,0.71219,0.71242,523,9,0
2026-05-21 12:30:00+00:00,0.7124,0.71322,0.71237,0.71302,1108,9,0
2026-05-21 12:45:00+00:00,0.71304,0.71329,0.71245,0.71247,699,9,0
2026-05-21 13:00:00+00:00,0.71246,0.71277,0.71202,0.71221,717,9,0
2026-05-21 13:15:00+00:00,0.71221,0.7123,0.71181,0.71224,557,9,0
2026-05-21 13:30:00+00:00,0.71226,0.71232,0.71161,0.71161,936,9,0
2026-05-21 13:45:00+00:00,0.71162,0.7134,0.71162,0.71305,1363,9,0
2026-05-21 14:00:00+00:00,0.71306,0.71315,0.71224,0.71271,933,9,0
2026-05-21 14:15:00+00:00,0.71269,0.71278,0.71217,0.71268,875,9,0
2026-05-21 14:30:00+00:00,0.71269,0.713,0.7126,0.71284,745,9,0
2026-05-21 14:45:00+00:00,0.71283,0.71373,0.71274,0.71356,785,9,0
2026-05-21 15:00:00+00:00,0.71356,0.71361,0.71227,0.713,1101,9,0
2026-05-21 15:15:00+00:00,0.71301,0.71308,0.71264,0.71284,649,9,0
2026-05-21 15:30:00+00:00,0.71284,0.71324,0.71273,0.7129,615,9,0
2026-05-21 15:45:00+00:00,0.71291,0.71329,0.7129,0.71322,497,9,0
2026-05-21 16:00:00+00:00,0.71323,0.71387,0.71323,0.71353,713,9,0
2026-05-21 16:15:00+00:00,0.71354,0.7137,0.71332,0.71366,449,9,0
2026-05-21 16:30:00+00:00,0.71365,0.71376,0.71345,0.71355,417,9,0
2026-05-21 16:45:00+00:00,0.71356,0.71366,0.71329,0.71364,380,9,0
2026-05-21 17:00:00+00:00,0.71365,0.71454,0.71346,0.71436,874,9,0
2026-05-21 17:15:00+00:00,0.71437,0.71597,0.71437,0.71589,1679,9,0
2026-05-21 17:30:00+00:00,0.71588,0.71653,0.71559,0.71653,919,9,0
2026-05-21 17:45:00+00:00,0.71652,0.7168,0.71607,0.71624,801,9,0
2026-05-21 18:00:00+00:00,0.71622,0.71663,0.71556,0.71573,986,9,0
2026-05-21 18:15:00+00:00,0.71573,0.71626,0.71555,0.71609,564,9,0
2026-05-21 18:30:00+00:00,0.71609,0.71618,0.71583,0.716,496,9,0
2026-05-21 18:45:00+00:00,0.71599,0.71605,0.7143,0.7147,1327,9,0
2026-05-21 19:00:00+00:00,0.71469,0.71518,0.71454,0.71501,697,9,0
2026-05-21 19:15:00+00:00,0.71501,0.71541,0.71501,0.71538,364,9,0
2026-05-21 19:30:00+00:00,0.71537,0.71573,0.71525,0.7153,394,9,0
2026-05-21 19:45:00+00:00,0.71529,0.7157,0.71482,0.71539,593,9,0
2026-05-21 20:00:00+00:00,0.71541,0.71552,0.71496,0.71506,262,9,0
2026-05-21 20:15:00+00:00,0.71506,0.71508,0.71492,0.71503,150,9,0
2026-05-21 20:30:00+00:00,0.71503,0.71509,0.71494,0.71497,108,9,0
2026-05-21 20:45:00+00:00,0.71498,0.71511,0.71483,0.71486,148,9,0
2026-05-21 21:00:00+00:00,0.71487,0.71489,0.71478,0.71482,140,10,0
2026-05-21 21:15:00+00:00,0.7148,0.71483,0.71468,0.71473,169,53,0
2026-05-21 21:30:00+00:00,0.71473,0.71487,0.7146,0.7146,204,39,0
2026-05-21 21:45:00+00:00,0.71463,0.71492,0.71462,0.71488,103,36,0
2026-05-21 22:00:00+00:00,0.71488,0.71515,0.71486,0.71512,129,9,0
2026-05-21 22:15:00+00:00,0.71512,0.71519,0.71504,0.71506,62,9,0
2026-05-21 22:30:00+00:00,0.71506,0.71525,0.71498,0.71519,95,9,0
2026-05-21 22:45:00+00:00,0.71519,0.71525,0.71509,0.71509,107,9,0
2026-05-21 23:00:00+00:00,0.71509,0.71516,0.715,0.71503,86,9,0
2026-05-21 23:15:00+00:00,0.71502,0.71503,0.7147,0.71498,105,9,0
2026-05-21 23:30:00+00:00,0.71498,0.71501,0.71473,0.71474,99,9,0
2026-05-21 23:45:00+00:00,0.71474,0.71494,0.71456,0.71476,209,9,0
2026-05-22 00:00:00+00:00,0.71476,0.71476,0.71425,0.71425,438,9,0
2026-05-22 00:15:00+00:00,0.71427,0.71453,0.71404,0.71449,363,9,0
2026-05-22 00:30:00+00:00,0.7145,0.71454,0.71416,0.71452,263,9,0
2026-05-22 00:45:00+00:00,0.71454,0.71461,0.714,0.71409,272,9,0
2026-05-22 01:00:00+00:00,0.71408,0.71408,0.71361,0.71384,419,9,0
2026-05-22 01:15:00+00:00,0.71385,0.71414,0.71353,0.71409,351,9,0
2026-05-22 01:30:00+00:00,0.71407,0.71414,0.71372,0.7139,436,9,0
2026-05-22 01:45:00+00:00,0.71389,0.71437,0.71366,0.71367,367,9,0
2026-05-22 02:00:00+00:00,0.71366,0.71402,0.71366,0.71397,271,9,0
2026-05-22 02:15:00+00:00,0.71397,0.71411,0.71385,0.71402,272,9,0
2026-05-22 02:30:00+00:00,0.71402,0.71431,0.71397,0.71423,216,9,0
2026-05-22 02:45:00+00:00,0.71422,0.71423,0.7137,0.71392,262,9,0
2026-05-22 03:00:00+00:00,0.71392,0.71399,0.71345,0.71346,274,9,0
2026-05-22 03:15:00+00:00,0.71347,0.71364,0.71342,0.71364,237,9,0
2026-05-22 03:30:00+00:00,0.71365,0.71384,0.71364,0.71368,201,9,0
2026-05-22 03:45:00+00:00,0.71368,0.71401,0.71356,0.71395,145,9,0
2026-05-22 04:00:00+00:00,0.71395,0.71416,0.71379,0.71411,216,9,0
2026-05-22 04:15:00+00:00,0.71411,0.71419,0.71404,0.71406,160,9,0
2026-05-22 04:30:00+00:00,0.71406,0.71407,0.7138,0.71392,128,9,0
2026-05-22 04:45:00+00:00,0.71392,0.71402,0.71385,0.71401,133,9,0
2026-05-22 05:00:00+00:00,0.71401,0.71428,0.71397,0.71416,233,9,0
2026-05-22 05:15:00+00:00,0.71416,0.71421,0.71407,0.71417,208,9,0
2026-05-22 05:30:00+00:00,0.71417,0.71432,0.71404,0.71417,266,9,0
2026-05-22 05:45:00+00:00,0.71419,0.71459,0.71363,0.71372,391,9,0
2026-05-22 06:00:00+00:00,0.7137,0.71404,0.71364,0.71376,469,9,0
2026-05-22 06:15:00+00:00,0.71374,0.71374,0.71313,0.7136,575,9,0
2026-05-22 06:30:00+00:00,0.71361,0.71365,0.71319,0.71337,391,9,0
2026-05-22 06:45:00+00:00,0.71337,0.71357,0.71323,0.71357,354,9,0
2026-05-22 07:00:00+00:00,0.71358,0.71358,0.7127,0.71281,477,9,0
2026-05-22 07:15:00+00:00,0.71281,0.71331,0.71281,0.71316,365,9,0
2026-05-22 07:30:00+00:00,0.71317,0.71331,0.71286,0.71318,386,9,0
2026-05-22 07:45:00+00:00,0.71318,0.71338,0.71294,0.71338,335,9,0
2026-05-22 08:00:00+00:00,0.71338,0.71345,0.71309,0.71319,393,9,0
2026-05-22 08:15:00+00:00,0.71319,0.71437,0.71319,0.71367,629,9,0
2026-05-22 08:30:00+00:00,0.71368,0.71388,0.71299,0.7134,704,9,0
2026-05-22 08:45:00+00:00,0.7134,0.71361,0.71329,0.7133,361,9,0
2026-05-22 09:00:00+00:00,0.7133,0.71333,0.71272,0.71279,428,9,0
2026-05-22 09:15:00+00:00,0.71278,0.71282,0.71242,0.71275,402,9,0
2026-05-22 09:30:00+00:00,0.71276,0.71302,0.71256,0.71282,329,9,0
2026-05-22 09:45:00+00:00,0.71284,0.71308,0.71279,0.71287,305,9,0
2026-05-22 10:00:00+00:00,0.71287,0.71321,0.71279,0.71293,351,9,0
2026-05-22 10:15:00+00:00,0.71292,0.71314,0.71273,0.71273,269,9,0
2026-05-22 10:30:00+00:00,0.71273,0.71284,0.71225,0.71255,444,9,0
2026-05-22 10:45:00+00:00,0.71255,0.71259,0.71237,0.71248,293,9,0
2026-05-22 11:00:00+00:00,0.71248,0.71255,0.71203,0.71208,348,9,0
2026-05-22 11:15:00+00:00,0.71208,0.7124,0.71206,0.71227,295,9,0
2026-05-22 11:30:00+00:00,0.71226,0.71231,0.71196,0.71212,300,9,0
2026-05-22 11:45:00+00:00,0.71212,0.71255,0.71205,0.71213,449,9,0
2026-05-22 12:00:00+00:00,0.71213,0.71333,0.71193,0.71295,982,9,0
2026-05-22 12:15:00+00:00,0.71293,0.71329,0.71231,0.71239,863,9,0
2026-05-22 12:30:00+00:00,0.71239,0.71266,0.71217,0.71238,481,9,0
2026-05-22 12:45:00+00:00,0.71238,0.71316,0.71238,0.71315,402,9,0
2026-05-22 13:00:00+00:00,0.71314,0.71424,0.71302,0.71389,934,9,0
2026-05-22 13:15:00+00:00,0.71389,0.71394,0.7131,0.71327,620,9,0
2026-05-22 13:30:00+00:00,0.71326,0.71339,0.71261,0.71284,910,9,0
2026-05-22 13:45:00+00:00,0.71282,0.71299,0.71228,0.71289,634,9,0
2026-05-22 14:00:00+00:00,0.71287,0.71289,0.71166,0.71186,934,9,0
2026-05-22 14:15:00+00:00,0.71185,0.71217,0.7116,0.71217,651,9,0
2026-05-22 14:30:00+00:00,0.71218,0.71254,0.71208,0.71244,563,9,0
2026-05-22 14:45:00+00:00,0.71244,0.71286,0.71208,0.71264,573,9,0
2026-05-22 15:00:00+00:00,0.71264,0.71317,0.71244,0.71291,544,9,0
2026-05-22 15:15:00+00:00,0.71291,0.71306,0.71269,0.71291,422,9,0
2026-05-22 15:30:00+00:00,0.71292,0.7132,0.71285,0.71309,480,9,0
2026-05-22 15:45:00+00:00,0.71309,0.7133,0.71289,0.71304,419,9,0
2026-05-22 16:00:00+00:00,0.71304,0.71336,0.71282,0.71323,449,9,0
2026-05-22 16:15:00+00:00,0.71322,0.71351,0.71302,0.71349,390,9,0
2026-05-22 16:30:00+00:00,0.7135,0.71365,0.71318,0.71324,343,9,0
2026-05-22 16:45:00+00:00,0.71324,0.71351,0.71324,0.71347,320,9,0
2026-05-22 17:00:00+00:00,0.71348,0.71385,0.71347,0.71375,305,9,0
2026-05-22 17:15:00+00:00,0.71375,0.71401,0.71329,0.71398,792,9,0
2026-05-22 17:30:00+00:00,0.71399,0.7142,0.71364,0.71373,656,9,0
2026-05-22 17:45:00+00:00,0.71373,0.71393,0.71364,0.71374,356,9,0
2026-05-22 18:00:00+00:00,0.71374,0.71387,0.7134,0.71377,433,9,0
2026-05-22 18:15:00+00:00,0.71377,0.71383,0.71365,0.71368,283,9,0
2026-05-22 18:30:00+00:00,0.71367,0.71402,0.71356,0.71376,334,9,0
2026-05-22 18:45:00+00:00,0.71376,0.71386,0.71367,0.71376,230,9,0
2026-05-22 19:00:00+00:00,0.71376,0.71382,0.71337,0.71345,372,9,0
2026-05-22 19:15:00+00:00,0.71345,0.71359,0.71331,0.71332,211,9,0
2026-05-22 19:30:00+00:00,0.71333,0.71334,0.71317,0.71324,280,9,0
2026-05-22 19:45:00+00:00,0.71324,0.7133,0.71309,0.71317,276,9,0
2026-05-22 20:00:00+00:00,0.71318,0.71321,0.71303,0.71314,153,9,0
2026-05-22 20:15:00+00:00,0.71314,0.71314,0.7129,0.71291,126,9,0
2026-05-22 20:30:00+00:00,0.7129,0.71294,0.7126,0.71289,289,9,0
2026-05-22 20:45:00+00:00,0.71288,0.71294,0.71257,0.71279,339,9,0
2026-05-24 21:00:00+00:00,0.71295,0.71392,0.71276,0.71392,73,232,0
2026-05-24 21:15:00+00:00,0.7139,0.71429,0.71388,0.71429,78,230,0
2026-05-24 21:30:00+00:00,0.71429,0.71491,0.71429,0.71489,76,108,0
2026-05-24 21:45:00+00:00,0.7149,0.71508,0.7149,0.71508,61,58,0
2026-05-24 22:00:00+00:00,0.71508,0.71602,0.71508,0.71572,438,9,0
2026-05-24 22:15:00+00:00,0.71572,0.71589,0.71542,0.71553,334,9,0
2026-05-24 22:30:00+00:00,0.71552,0.71565,0.71545,0.71559,231,9,0
2026-05-24 22:45:00+00:00,0.71559,0.71591,0.71559,0.71576,159,9,0
2026-05-24 23:00:00+00:00,0.71576,0.7161,0.71576,0.71592,187,9,0
2026-05-24 23:15:00+00:00,0.71592,0.71603,0.71582,0.71592,119,9,0
2026-05-24 23:30:00+00:00,0.71591,0.71613,0.71583,0.71608,183,9,0
2026-05-24 23:45:00+00:00,0.71608,0.71611,0.71559,0.71562,254,9,0
2026-05-25 00:00:00+00:00,0.71563,0.71582,0.71537,0.7157,336,9,0
2026-05-25 00:15:00+00:00,0.7157,0.71612,0.71555,0.71612,336,9,0
2026-05-25 00:30:00+00:00,0.71613,0.71622,0.71572,0.71577,297,9,0
2026-05-25 00:45:00+00:00,0.71577,0.71648,0.71568,0.71582,453,9,0
2026-05-25 01:00:00+00:00,0.71582,0.71671,0.71579,0.71668,496,9,0
2026-05-25 01:15:00+00:00,0.71668,0.71723,0.71652,0.71723,370,9,0
2026-05-25 01:30:00+00:00,0.71721,0.71721,0.71652,0.71682,406,9,0
2026-05-25 01:45:00+00:00,0.71683,0.71688,0.71649,0.71658,256,9,0
2026-05-25 02:00:00+00:00,0.71658,0.71706,0.71658,0.71679,290,9,0
2026-05-25 02:15:00+00:00,0.7168,0.71711,0.71668,0.71695,227,9,0
2026-05-25 02:30:00+00:00,0.71697,0.71703,0.71664,0.71683,176,9,0
2026-05-25 02:45:00+00:00,0.71683,0.71685,0.71629,0.71639,200,9,0
2026-05-25 03:00:00+00:00,0.71639,0.71659,0.7162,0.7163,287,9,0
2026-05-25 03:15:00+00:00,0.7163,0.7164,0.71614,0.71625,237,9,0
2026-05-25 03:30:00+00:00,0.71626,0.71641,0.71612,0.71616,165,9,0
2026-05-25 03:45:00+00:00,0.71617,0.7162,0.71599,0.7161,211,9,0
2026-05-25 04:00:00+00:00,0.71608,0.71628,0.71608,0.7161,165,9,0
2026-05-25 04:15:00+00:00,0.7161,0.71644,0.71606,0.7164,173,9,0
2026-05-25 04:30:00+00:00,0.7164,0.71675,0.71637,0.71675,194,9,0
2026-05-25 04:45:00+00:00,0.71675,0.71704,0.71675,0.71686,188,9,0
2026-05-25 05:00:00+00:00,0.71685,0.71714,0.71681,0.71703,243,9,0
2026-05-25 05:15:00+00:00,0.71703,0.7171,0.71673,0.71676,141,9,0
2026-05-25 05:30:00+00:00,0.71676,0.71701,0.71665,0.71692,193,9,0
2026-05-25 05:45:00+00:00,0.71691,0.71697,0.71639,0.71649,230,9,0
2026-05-25 06:00:00+00:00,0.71648,0.71678,0.71637,0.71676,297,9,0
2026-05-25 06:15:00+00:00,0.71676,0.71676,0.7164,0.71652,226,9,0
2026-05-25 06:30:00+00:00,0.71652,0.71674,0.71644,0.71649,258,9,0
2026-05-25 06:45:00+00:00,0.71649,0.71675,0.71648,0.71658,280,9,0
2026-05-25 07:00:00+00:00,0.71658,0.71662,0.71594,0.71611,349,9,0
2026-05-25 07:15:00+00:00,0.71611,0.71612,0.7152,0.7157,654,9,0
2026-05-25 07:30:00+00:00,0.7157,0.71627,0.7157,0.71589,454,9,0
2026-05-25 07:45:00+00:00,0.71587,0.71603,0.71578,0.71603,211,9,0
2026-05-25 08:00:00+00:00,0.71603,0.71622,0.71577,0.71611,334,9,0
2026-05-25 08:15:00+00:00,0.71611,0.71625,0.71603,0.71618,227,9,0
2026-05-25 08:30:00+00:00,0.71619,0.71668,0.71616,0.71648,239,9,0
2026-05-25 08:45:00+00:00,0.71648,0.71671,0.71642,0.71664,230,9,0
2026-05-25 09:00:00+00:00,0.71665,0.71688,0.71662,0.71665,200,9,0
2026-05-25 09:15:00+00:00,0.71664,0.7167,0.71653,0.71654,153,9,0
2026-05-25 09:30:00+00:00,0.71654,0.71693,0.71654,0.71692,140,9,0
2026-05-25 09:45:00+00:00,0.71692,0.71692,0.71665,0.71667,119,9,0
2026-05-25 10:00:00+00:00,0.71667,0.71685,0.71667,0.71677,157,9,0
2026-05-25 10:15:00+00:00,0.71677,0.71689,0.71664,0.71666,129,9,0
2026-05-25 10:30:00+00:00,0.71666,0.71672,0.71652,0.7167,157,9,0
2026-05-25 10:45:00+00:00,0.7167,0.71674,0.71654,0.71661,124,9,0
2026-05-25 11:00:00+00:00,0.71663,0.71664,0.71638,0.7166,169,9,0
2026-05-25 11:15:00+00:00,0.7166,0.71676,0.71659,0.71676,120,9,0
2026-05-25 11:30:00+00:00,0.71676,0.71742,0.71676,0.71739,308,9,0
2026-05-25 11:45:00+00:00,0.71739,0.71748,0.71693,0.71694,276,9,0
2026-05-25 12:00:00+00:00,0.71693,0.7171,0.7168,0.71702,267,9,0
2026-05-25 12:15:00+00:00,0.71702,0.71717,0.71688,0.71705,287,9,0
2026-05-25 12:30:00+00:00,0.71704,0.71735,0.71704,0.71734,226,9,0
2026-05-25 12:45:00+00:00,0.71735,0.71739,0.71688,0.71693,281,9,0
2026-05-25 13:00:00+00:00,0.71692,0.71723,0.71688,0.71709,241,9,0
2026-05-25 13:15:00+00:00,0.71709,0.71713,0.71692,0.71707,198,9,0
2026-05-25 13:30:00+00:00,0.71709,0.71713,0.71696,0.71696,244,9,0
2026-05-25 13:45:00+00:00,0.71696,0.71701,0.71667,0.71682,238,9,0
2026-05-25 14:00:00+00:00,0.71684,0.71715,0.71684,0.71695,192,9,0
2026-05-25 14:15:00+00:00,0.71695,0.71723,0.71695,0.71712,180,9,0
2026-05-25 14:30:00+00:00,0.71713,0.71738,0.71701,0.71738,212,9,0
2026-05-25 14:45:00+00:00,0.71738,0.71783,0.71726,0.71777,315,9,0
2026-05-25 15:00:00+00:00,0.71776,0.71815,0.71742,0.7177,517,9,0
2026-05-25 15:15:00+00:00,0.71771,0.71782,0.71758,0.7176,344,9,0
2026-05-25 15:30:00+00:00,0.7176,0.71763,0.71738,0.71755,174,9,0
2026-05-25 15:45:00+00:00,0.71754,0.71766,0.71722,0.71727,148,9,0
2026-05-25 16:00:00+00:00,0.71726,0.71728,0.71698,0.7172,200,9,0
2026-05-25 16:15:00+00:00,0.7172,0.7173,0.71704,0.71708,138,9,0
2026-05-25 16:30:00+00:00,0.71708,0.71716,0.717,0.71716,125,9,0
2026-05-25 16:45:00+00:00,0.71716,0.71736,0.71711,0.71732,191,9,0
2026-05-25 17:00:00+00:00,0.71732,0.71736,0.71727,0.71731,66,9,0
2026-05-25 17:15:00+00:00,0.71731,0.71762,0.71731,0.7176,100,9,0
2026-05-25 17:30:00+00:00,0.71759,0.71763,0.71748,0.71751,87,9,0
2026-05-25 17:45:00+00:00,0.71751,0.71752,0.71742,0.71751,69,9,0
2026-05-25 18:00:00+00:00,0.71752,0.71755,0.71746,0.71753,45,9,0
2026-05-25 18:15:00+00:00,0.71753,0.71753,0.71743,0.71743,38,9,0
2026-05-25 18:30:00+00:00,0.71743,0.71749,0.71736,0.71737,56,9,0
2026-05-25 18:45:00+00:00,0.71737,0.71747,0.71737,0.71747,49,9,0
2026-05-25 19:00:00+00:00,0.71746,0.71751,0.71744,0.71746,40,9,0
2026-05-25 19:15:00+00:00,0.71746,0.71753,0.71746,0.71753,42,9,0
2026-05-25 19:30:00+00:00,0.71753,0.7176,0.71751,0.71753,50,9,0
2026-05-25 19:45:00+00:00,0.71753,0.71757,0.71751,0.71752,51,9,0
2026-05-25 20:00:00+00:00,0.71752,0.71759,0.71752,0.71756,48,9,0
2026-05-25 20:15:00+00:00,0.71756,0.71761,0.71751,0.71754,49,9,0
2026-05-25 20:30:00+00:00,0.71754,0.71759,0.71734,0.71745,73,9,0
2026-05-25 20:45:00+00:00,0.71747,0.71753,0.71745,0.71745,94,9,0
2026-05-25 21:00:00+00:00,0.71747,0.71748,0.71701,0.71703,121,9,0
2026-05-25 21:15:00+00:00,0.71704,0.71715,0.7169,0.71697,100,49,0
2026-05-25 21:30:00+00:00,0.71696,0.71697,0.71676,0.71679,235,63,0
2026-05-25 21:45:00+00:00,0.71678,0.71695,0.71664,0.71693,238,48,0
2026-05-25 22:00:00+00:00,0.71695,0.71737,0.71695,0.71731,158,9,0
2026-05-25 22:15:00+00:00,0.71731,0.71733,0.71712,0.71726,80,9,0
2026-05-25 22:30:00+00:00,0.71726,0.71731,0.71718,0.71725,94,9,0
2026-05-25 22:45:00+00:00,0.71725,0.71741,0.71725,0.71732,92,9,0
2026-05-25 23:00:00+00:00,0.71732,0.71754,0.71732,0.7174,121,9,0
2026-05-25 23:15:00+00:00,0.71739,0.71751,0.7173,0.71731,119,9,0
2026-05-25 23:30:00+00:00,0.71731,0.71731,0.71697,0.71701,139,9,0
2026-05-25 23:45:00+00:00,0.71701,0.7172,0.71676,0.71676,232,9,0
2026-05-26 00:00:00+00:00,0.71677,0.71701,0.71655,0.71683,470,9,0
2026-05-26 00:15:00+00:00,0.71683,0.71691,0.71638,0.71675,320,9,0
2026-05-26 00:30:00+00:00,0.71675,0.71692,0.71663,0.71675,287,9,0
2026-05-26 00:45:00+00:00,0.71675,0.71703,0.71662,0.717,273,9,0
2026-05-26 01:00:00+00:00,0.717,0.71709,0.71647,0.71682,447,9,0
2026-05-26 01:15:00+00:00,0.71681,0.71692,0.71639,0.71679,405,9,0
2026-05-26 01:30:00+00:00,0.71679,0.71685,0.71613,0.71633,449,9,0
2026-05-26 01:45:00+00:00,0.71633,0.71671,0.71627,0.71646,351,9,0
2026-05-26 02:00:00+00:00,0.71646,0.71665,0.71634,0.71635,285,9,0
2026-05-26 02:15:00+00:00,0.71636,0.71661,0.71634,0.71653,227,9,0
2026-05-26 02:30:00+00:00,0.71654,0.71661,0.71621,0.71622,239,9,0
2026-05-26 02:45:00+00:00,0.71622,0.71664,0.7162,0.71656,202,9,0
2026-05-26 03:00:00+00:00,0.71657,0.71696,0.71653,0.7168,190,9,0
2026-05-26 03:15:00+00:00,0.7168,0.71722,0.71674,0.71692,223,9,0
2026-05-26 03:30:00+00:00,0.71692,0.71706,0.71686,0.71704,164,9,0
2026-05-26 03:45:00+00:00,0.71703,0.71706,0.71691,0.71704,130,9,0
2026-05-26 04:00:00+00:00,0.71704,0.71711,0.7167,0.71706,199,9,0
2026-05-26 04:15:00+00:00,0.71704,0.71706,0.71678,0.71678,138,9,0
2026-05-26 04:30:00+00:00,0.71678,0.71678,0.71621,0.7163,229,9,0
2026-05-26 04:45:00+00:00,0.71629,0.71637,0.71603,0.71605,179,9,0
2026-05-26 05:00:00+00:00,0.71603,0.71608,0.71561,0.71581,273,9,0
2026-05-26 05:15:00+00:00,0.71581,0.71599,0.7158,0.71599,168,9,0
2026-05-26 05:30:00+00:00,0.71599,0.71612,0.71587,0.71599,217,9,0
2026-05-26 05:45:00+00:00,0.716,0.71602,0.71584,0.71592,205,9,0
2026-05-26 06:00:00+00:00,0.71592,0.71628,0.71582,0.71623,297,9,0
2026-05-26 06:15:00+00:00,0.71623,0.71686,0.71609,0.71644,412,9,0
2026-05-26 06:30:00+00:00,0.71643,0.71676,0.71629,0.71671,353,9,0
2026-05-26 06:45:00+00:00,0.71671,0.71679,0.71641,0.71646,268,9,0
2026-05-26 07:00:00+00:00,0.71647,0.71651,0.71549,0.71627,686,9,0
2026-05-26 07:15:00+00:00,0.71627,0.71627,0.71585,0.71594,383,9,0
2026-05-26 07:30:00+00:00,0.71594,0.71646,0.71566,0.71594,670,9,0
2026-05-26 07:45:00+00:00,0.71594,0.71636,0.71574,0.71632,380,9,0
2026-05-26 08:00:00+00:00,0.71631,0.71659,0.71596,0.71638,454,9,0
2026-05-26 08:15:00+00:00,0.71638,0.71668,0.71636,0.71653,322,9,0
2026-05-26 08:30:00+00:00,0.71652,0.71661,0.7162,0.71621,361,9,0
2026-05-26 08:45:00+00:00,0.71621,0.71645,0.71612,0.71635,274,9,0
2026-05-26 09:00:00+00:00,0.71634,0.71636,0.71587,0.71609,349,9,0
2026-05-26 09:15:00+00:00,0.71609,0.71638,0.716,0.71635,385,9,0
2026-05-26 09:30:00+00:00,0.71636,0.71648,0.71612,0.71614,304,9,0
2026-05-26 09:45:00+00:00,0.71614,0.71649,0.71614,0.71635,241,9,0
2026-05-26 10:00:00+00:00,0.71635,0.71636,0.71597,0.71627,282,9,0
2026-05-26 10:15:00+00:00,0.71628,0.71659,0.71622,0.71644,281,9,0
2026-05-26 10:30:00+00:00,0.71644,0.7167,0.71622,0.71652,435,9,0
2026-05-26 10:45:00+00:00,0.71652,0.71677,0.71632,0.71652,266,9,0
2026-05-26 11:00:00+00:00,0.71651,0.71684,0.71648,0.71674,264,9,0
2026-05-26 11:15:00+00:00,0.71673,0.71684,0.7166,0.71667,253,9,0
2026-05-26 11:30:00+00:00,0.71667,0.71684,0.71607,0.71626,482,9,0
2026-05-26 11:45:00+00:00,0.71625,0.71656,0.71615,0.71637,310,9,0
2026-05-26 12:00:00+00:00,0.71637,0.71655,0.71616,0.71639,410,9,0
2026-05-26 12:15:00+00:00,0.71639,0.71671,0.71634,0.7167,282,9,0
2026-05-26 12:30:00+00:00,0.7167,0.71683,0.71651,0.71667,260,9,0
2026-05-26 12:45:00+00:00,0.71666,0.71683,0.71655,0.71676,271,9,0
2026-05-26 13:00:00+00:00,0.71676,0.71699,0.71669,0.71693,347,9,0
2026-05-26 13:15:00+00:00,0.71693,0.7173,0.71686,0.71701,312,9,0
2026-05-26 13:30:00+00:00,0.71702,0.71731,0.71667,0.71711,540,9,0
2026-05-26 13:45:00+00:00,0.71712,0.7176,0.71625,0.71687,789,9,0
2026-05-26 14:00:00+00:00,0.71688,0.71732,0.71668,0.71707,605,9,0
2026-05-26 14:15:00+00:00,0.71707,0.71725,0.71661,0.71678,515,9,0
2026-05-26 14:30:00+00:00,0.71676,0.71722,0.7165,0.71686,584,9,0
2026-05-26 14:45:00+00:00,0.71685,0.71691,0.71648,0.71676,497,9,0
2026-05-26 15:00:00+00:00,0.71675,0.71678,0.7164,0.71665,523,9,0
2026-05-26 15:15:00+00:00,0.71665,0.71667,0.71607,0.71612,445,9,0
2026-05-26 15:30:00+00:00,0.71613,0.71628,0.7158,0.71605,503,9,0
2026-05-26 15:45:00+00:00,0.71605,0.71614,0.7159,0.71599,416,9,0
2026-05-26 16:00:00+00:00,0.716,0.7164,0.71596,0.71632,321,9,0
2026-05-26 16:15:00+00:00,0.71631,0.71663,0.71631,0.71644,260,9,0
2026-05-26 16:30:00+00:00,0.71644,0.71663,0.71613,0.71625,281,9,0
2026-05-26 16:45:00+00:00,0.71625,0.71631,0.71606,0.71625,276,9,0
2026-05-26 17:00:00+00:00,0.71625,0.71639,0.71621,0.71635,243,9,0
2026-05-26 17:15:00+00:00,0.71634,0.71644,0.71629,0.71629,223,9,0
2026-05-26 17:30:00+00:00,0.71629,0.7164,0.71613,0.71614,242,9,0
2026-05-26 17:45:00+00:00,0.71613,0.71625,0.71605,0.7162,207,9,0
2026-05-26 18:00:00+00:00,0.71619,0.71652,0.71613,0.71648,218,9,0
2026-05-26 18:15:00+00:00,0.71648,0.71662,0.71641,0.71662,208,9,0
2026-05-26 18:30:00+00:00,0.71662,0.71676,0.7165,0.71662,229,9,0
2026-05-26 18:45:00+00:00,0.71662,0.71686,0.71662,0.71676,174,9,0
2026-05-26 19:00:00+00:00,0.71675,0.71676,0.7166,0.71661,184,9,0
2026-05-26 19:15:00+00:00,0.71661,0.71684,0.71657,0.71673,157,9,0
2026-05-26 19:30:00+00:00,0.71673,0.71692,0.71673,0.71691,124,9,0
2026-05-26 19:45:00+00:00,0.71691,0.71699,0.71676,0.71684,206,9,0
2026-05-26 20:00:00+00:00,0.71684,0.71695,0.71673,0.71676,124,9,0
2026-05-26 20:15:00+00:00,0.71675,0.7168,0.7167,0.71676,66,9,0
2026-05-26 20:30:00+00:00,0.71675,0.71681,0.71673,0.71673,63,9,0
2026-05-26 20:45:00+00:00,0.71673,0.71673,0.71655,0.71659,111,9,0
2026-05-26 21:00:00+00:00,0.71658,0.71665,0.71649,0.71659,596,9,0
2026-05-26 21:15:00+00:00,0.7166,0.71666,0.71651,0.71666,238,37,0
2026-05-26 21:30:00+00:00,0.71665,0.71671,0.71665,0.71669,55,26,0
2026-05-26 21:45:00+00:00,0.71669,0.71672,0.71665,0.71672,62,22,0
2026-05-26 22:00:00+00:00,0.71672,0.71685,0.7166,0.71665,139,9,0
2026-05-26 22:15:00+00:00,0.71665,0.71672,0.71663,0.71663,80,9,0
2026-05-26 22:30:00+00:00,0.71663,0.71676,0.71663,0.71671,60,9,0
2026-05-26 22:45:00+00:00,0.71671,0.71675,0.7166,0.71672,60,9,0
2026-05-26 23:00:00+00:00,0.71672,0.71683,0.71671,0.71675,70,9,0
2026-05-26 23:15:00+00:00,0.71675,0.71699,0.71675,0.71696,92,9,0
2026-05-26 23:30:00+00:00,0.71696,0.71728,0.71694,0.71728,77,9,0
2026-05-26 23:45:00+00:00,0.71728,0.7174,0.71698,0.71702,193,9,0
2026-05-27 00:00:00+00:00,0.71701,0.71719,0.71681,0.71709,388,9,0
2026-05-27 00:15:00+00:00,0.71709,0.71747,0.717,0.71746,272,9,0
2026-05-27 00:30:00+00:00,0.71746,0.71773,0.71739,0.71769,238,9,0
2026-05-27 00:45:00+00:00,0.7177,0.71791,0.71739,0.71752,303,9,0
2026-05-27 01:00:00+00:00,0.71752,0.71774,0.71739,0.71765,354,9,0
2026-05-27 01:15:00+00:00,0.71765,0.71781,0.71748,0.71761,246,9,0
2026-05-27 01:30:00+00:00,0.71759,0.71759,0.71556,0.71614,1012,9,0
2026-05-27 01:45:00+00:00,0.71614,0.71616,0.71523,0.71556,511,9,0
2026-05-27 02:00:00+00:00,0.71558,0.71636,0.71548,0.71611,862,9,0
2026-05-27 02:15:00+00:00,0.71612,0.71616,0.71562,0.71571,377,9,0
2026-05-27 02:30:00+00:00,0.71571,0.71602,0.71568,0.71585,339,9,0
2026-05-27 02:45:00+00:00,0.71585,0.71651,0.71585,0.71613,318,9,0
2026-05-27 03:00:00+00:00,0.71613,0.71667,0.71611,0.71619,380,9,0
2026-05-27 03:15:00+00:00,0.71619,0.71627,0.7159,0.71612,288,9,0
2026-05-27 03:30:00+00:00,0.71612,0.71623,0.71576,0.71579,318,9,0
2026-05-27 03:45:00+00:00,0.71579,0.71605,0.71571,0.71593,241,9,0
2026-05-27 04:00:00+00:00,0.71592,0.71623,0.71571,0.7162,296,9,0
2026-05-27 04:15:00+00:00,0.71621,0.7163,0.71591,0.71591,267,9,0
2026-05-27 04:30:00+00:00,0.7159,0.71626,0.71586,0.71626,274,9,0
2026-05-27 04:45:00+00:00,0.71627,0.71635,0.716,0.71605,228,9,0
2026-05-27 05:00:00+00:00,0.71606,0.71621,0.71588,0.71615,297,9,0
2026-05-27 05:15:00+00:00,0.71616,0.71616,0.71588,0.7161,262,9,0
2026-05-27 05:30:00+00:00,0.7161,0.71617,0.71557,0.7157,452,9,0
2026-05-27 05:45:00+00:00,0.7157,0.71582,0.71544,0.71544,394,9,0
2026-05-27 06:00:00+00:00,0.71544,0.71557,0.71507,0.71508,414,9,0
2026-05-27 06:15:00+00:00,0.71509,0.71519,0.71465,0.71491,460,9,0
2026-05-27 06:30:00+00:00,0.71492,0.71529,0.71481,0.71526,402,9,0
2026-05-27 06:45:00+00:00,0.71525,0.71528,0.71458,0.71458,437,9,0
2026-05-27 07:00:00+00:00,0.71459,0.71496,0.71446,0.71459,462,9,0
2026-05-27 07:15:00+00:00,0.71459,0.71472,0.71425,0.71446,357,9,0
2026-05-27 07:30:00+00:00,0.71446,0.71453,0.71391,0.71414,382,9,0
2026-05-27 07:45:00+00:00,0.71414,0.71436,0.71373,0.7138,411,9,0
2026-05-27 08:00:00+00:00,0.7138,0.71409,0.71356,0.71366,492,9,0
2026-05-27 08:15:00+00:00,0.71366,0.71398,0.71353,0.7138,372,9,0
2026-05-27 08:30:00+00:00,0.7138,0.71395,0.71367,0.71393,330,9,0
2026-05-27 08:45:00+00:00,0.71393,0.71419,0.71383,0.71411,310,9,0
2026-05-27 09:00:00+00:00,0.71411,0.71418,0.71394,0.71414,308,9,0
2026-05-27 09:15:00+00:00,0.71413,0.71456,0.71413,0.71438,314,9,0
2026-05-27 09:30:00+00:00,0.71438,0.71451,0.71424,0.71425,231,9,0
2026-05-27 09:45:00+00:00,0.71425,0.71452,0.71412,0.71418,258,9,0
2026-05-27 10:00:00+00:00,0.71419,0.71443,0.71412,0.71426,266,9,0
2026-05-27 10:15:00+00:00,0.71427,0.71432,0.71382,0.71389,267,9,0
2026-05-27 10:30:00+00:00,0.71388,0.71408,0.71371,0.71377,254,9,0
2026-05-27 10:45:00+00:00,0.71377,0.71384,0.71318,0.71335,407,9,0
2026-05-27 11:00:00+00:00,0.71336,0.7136,0.71307,0.7134,369,9,0
2026-05-27 11:15:00+00:00,0.7134,0.71347,0.71304,0.71304,336,9,0
2026-05-27 11:30:00+00:00,0.71304,0.71328,0.71284,0.71328,377,9,0
2026-05-27 11:45:00+00:00,0.71328,0.71329,0.71296,0.71321,340,9,0
2026-05-27 12:00:00+00:00,0.71322,0.71326,0.71254,0.71254,418,9,0
2026-05-27 12:15:00+00:00,0.71254,0.71467,0.71235,0.71453,1862,9,0
2026-05-27 12:30:00+00:00,0.71454,0.71489,0.71376,0.71389,1120,9,0
2026-05-27 12:45:00+00:00,0.71389,0.71389,0.71319,0.71335,556,9,0
2026-05-27 13:00:00+00:00,0.71334,0.71386,0.7133,0.71346,688,9,0
2026-05-27 13:15:00+00:00,0.71346,0.71361,0.71306,0.71316,589,9,0
2026-05-27 13:30:00+00:00,0.71315,0.71372,0.71303,0.71336,916,9,0
2026-05-27 13:45:00+00:00,0.71334,0.71373,0.71311,0.71373,801,9,0
2026-05-27 14:00:00+00:00,0.71373,0.71385,0.71323,0.71372,786,9,0
2026-05-27 14:15:00+00:00,0.71373,0.71418,0.71332,0.71356,788,9,0
2026-05-27 14:30:00+00:00,0.71355,0.71383,0.71278,0.71352,1219,9,0
2026-05-27 14:45:00+00:00,0.71353,0.71388,0.71243,0.71267,794,9,0
2026-05-27 15:00:00+00:00,0.71267,0.71358,0.71257,0.71353,735,9,0
2026-05-27 15:15:00+00:00,0.71352,0.71375,0.7134,0.71368,502,9,0
2026-05-27 15:30:00+00:00,0.7137,0.71388,0.71328,0.7133,692,9,0
2026-05-27 15:45:00+00:00,0.7133,0.7136,0.71304,0.71351,566,9,0
2026-05-27 16:00:00+00:00,0.71352,0.71364,0.71313,0.71356,534,9,0
2026-05-27 16:15:00+00:00,0.71357,0.71392,0.71357,0.71371,343,9,0
2026-05-27 16:30:00+00:00,0.71371,0.71395,0.71359,0.71387,268,9,0
2026-05-27 16:45:00+00:00,0.71387,0.71404,0.71383,0.71389,273,9,0
2026-05-27 17:00:00+00:00,0.71389,0.71392,0.71317,0.71329,477,9,0
2026-05-27 17:15:00+00:00,0.7133,0.71347,0.71322,0.71328,328,9,0
2026-05-27 17:30:00+00:00,0.71328,0.71348,0.71327,0.7134,275,9,0
2026-05-27 17:45:00+00:00,0.7134,0.71366,0.71338,0.71352,269,9,0
2026-05-27 18:00:00+00:00,0.7135,0.71352,0.71329,0.71336,221,9,0
2026-05-27 18:15:00+00:00,0.71336,0.71363,0.7133,0.71363,234,9,0
2026-05-27 18:30:00+00:00,0.71363,0.71372,0.71347,0.71372,216,9,0
2026-05-27 18:45:00+00:00,0.71372,0.71392,0.71367,0.71387,195,9,0
2026-05-27 19:00:00+00:00,0.71386,0.71418,0.71377,0.71411,230,9,0
2026-05-27 19:15:00+00:00,0.7141,0.71415,0.71395,0.71399,158,9,0
2026-05-27 19:30:00+00:00,0.71399,0.71419,0.71389,0.71404,230,9,0
2026-05-27 19:45:00+00:00,0.71403,0.71413,0.71397,0.71413,220,9,0
2026-05-27 20:00:00+00:00,0.71413,0.71423,0.71412,0.71417,135,9,0
2026-05-27 20:15:00+00:00,0.71417,0.71422,0.71413,0.71413,84,9,0
2026-05-27 20:30:00+00:00,0.71414,0.71418,0.71401,0.71407,68,9,0
2026-05-27 20:45:00+00:00,0.71407,0.71412,0.71399,0.71402,147,9,0
2026-05-27 21:00:00+00:00,0.71401,0.71409,0.71401,0.71404,27,12,0
2026-05-27 21:15:00+00:00,0.71403,0.71408,0.71385,0.71391,86,12,0
2026-05-27 21:30:00+00:00,0.71389,0.71395,0.71366,0.71387,252,24,0
2026-05-27 21:45:00+00:00,0.71387,0.71395,0.71355,0.71374,276,24,0
2026-05-27 22:00:00+00:00,0.7138,0.71424,0.71378,0.71422,126,9,0
2026-05-27 22:15:00+00:00,0.71422,0.71427,0.71415,0.71415,116,9,0
2026-05-27 22:30:00+00:00,0.71415,0.71418,0.71405,0.71414,107,9,0
2026-05-27 22:45:00+00:00,0.71415,0.7142,0.71405,0.71415,86,9,0
2026-05-27 23:00:00+00:00,0.71415,0.71428,0.71411,0.71426,78,9,0
2026-05-27 23:15:00+00:00,0.71426,0.7144,0.71378,0.71387,265,9,0
2026-05-27 23:30:00+00:00,0.71389,0.71395,0.71352,0.71365,206,9,0
2026-05-27 23:45:00+00:00,0.71365,0.71368,0.71321,0.71324,262,9,0
2026-05-28 00:00:00+00:00,0.71325,0.71326,0.71294,0.71302,554,9,0
2026-05-28 00:15:00+00:00,0.71304,0.71351,0.71302,0.71334,341,9,0
2026-05-28 00:30:00+00:00,0.71334,0.71334,0.71279,0.7129,437,9,0
2026-05-28 00:45:00+00:00,0.7129,0.71317,0.71279,0.71314,343,9,0
2026-05-28 01:00:00+00:00,0.71313,0.71328,0.71293,0.71298,472,9,0
2026-05-28 01:15:00+00:00,0.71298,0.71306,0.71248,0.71254,414,9,0
2026-05-28 01:30:00+00:00,0.71255,0.71258,0.71197,0.71214,440,9,0
2026-05-28 01:45:00+00:00,0.71214,0.71227,0.71175,0.71188,396,9,0
2026-05-28 02:00:00+00:00,0.71188,0.71229,0.71181,0.71229,399,9,0
2026-05-28 02:15:00+00:00,0.71228,0.7124,0.71214,0.71237,261,9,0
2026-05-28 02:30:00+00:00,0.71237,0.71253,0.71208,0.71215,275,9,0
2026-05-28 02:45:00+00:00,0.71215,0.71241,0.71189,0.71241,317,9,0
2026-05-28 03:00:00+00:00,0.71241,0.71275,0.71168,0.71176,426,9,0
2026-05-28 03:15:00+00:00,0.71176,0.71177,0.71107,0.71118,524,9,0
2026-05-28 03:30:00+00:00,0.71118,0.7112,0.71026,0.71035,705,9,0
2026-05-28 03:45:00+00:00,0.71034,0.71052,0.70992,0.71015,558,9,0
2026-05-28 04:00:00+00:00,0.71015,0.71039,0.70975,0.71036,563,9,0
2026-05-28 04:15:00+00:00,0.71036,0.71044,0.70988,0.70998,489,9,0
2026-05-28 04:30:00+00:00,0.70998,0.71032,0.70995,0.71024,362,9,0
2026-05-28 04:45:00+00:00,0.71024,0.71046,0.7101,0.71037,307,9,0
2026-05-28 05:00:00+00:00,0.71037,0.7107,0.71013,0.71065,437,9,0
2026-05-28 05:15:00+00:00,0.71064,0.71136,0.71054,0.71129,348,9,0
2026-05-28 05:30:00+00:00,0.71131,0.71183,0.71129,0.71143,511,9,0
2026-05-28 05:45:00+00:00,0.71143,0.712,0.71143,0.7116,385,9,0
2026-05-28 06:00:00+00:00,0.71161,0.71214,0.71153,0.71207,405,9,0
2026-05-28 06:15:00+00:00,0.71207,0.71255,0.71199,0.71219,413,9,0
2026-05-28 06:30:00+00:00,0.7122,0.71236,0.71201,0.71221,340,9,0
2026-05-28 06:45:00+00:00,0.71221,0.7123,0.71192,0.71198,256,9,0
2026-05-28 07:00:00+00:00,0.71198,0.71253,0.71198,0.71248,545,9,0
2026-05-28 07:15:00+00:00,0.71249,0.71266,0.7121,0.7121,426,9,0
2026-05-28 07:30:00+00:00,0.71211,0.71233,0.71174,0.71199,416,9,0
2026-05-28 07:45:00+00:00,0.71199,0.71223,0.71194,0.71214,340,9,0
2026-05-28 08:00:00+00:00,0.71216,0.71236,0.71184,0.71194,433,9,0
2026-05-28 08:15:00+00:00,0.71194,0.71194,0.71135,0.71152,395,9,0
2026-05-28 08:30:00+00:00,0.71152,0.71172,0.7115,0.71151,306,9,0
2026-05-28 08:45:00+00:00,0.71152,0.71189,0.71151,0.71172,216,9,0
2026-05-28 09:00:00+00:00,0.71172,0.71207,0.71163,0.71207,258,9,0
2026-05-28 09:15:00+00:00,0.71207,0.71241,0.71202,0.71225,271,9,0
2026-05-28 09:30:00+00:00,0.71226,0.71226,0.71186,0.71203,303,9,0
2026-05-28 09:45:00+00:00,0.71203,0.71221,0.71188,0.712,305,9,0
2026-05-28 10:00:00+00:00,0.71199,0.71221,0.71174,0.71206,336,9,0
2026-05-28 10:15:00+00:00,0.71207,0.71229,0.71182,0.71201,328,9,0
2026-05-28 10:30:00+00:00,0.71201,0.71201,0.7112,0.71124,279,9,0
2026-05-28 10:45:00+00:00,0.71125,0.71165,0.71081,0.71119,613,9,0
2026-05-28 11:00:00+00:00,0.71117,0.71158,0.71116,0.71148,472,9,0
2026-05-28 11:15:00+00:00,0.71149,0.71169,0.71146,0.71166,257,9,0
2026-05-28 11:30:00+00:00,0.71166,0.71176,0.71156,0.71171,257,9,0
2026-05-28 11:45:00+00:00,0.71171,0.71187,0.71152,0.71178,349,9,0
2026-05-28 12:00:00+00:00,0.71177,0.71208,0.71173,0.71207,324,9,0
2026-05-28 12:15:00+00:00,0.71205,0.71216,0.71188,0.71202,314,9,0
2026-05-28 12:30:00+00:00,0.71203,0.71297,0.71203,0.71292,689,9,0
2026-05-28 12:45:00+00:00,0.71293,0.71326,0.71281,0.71314,505,9,0
2026-05-28 13:00:00+00:00,0.71315,0.71359,0.71261,0.71264,587,9,0
2026-05-28 13:15:00+00:00,0.71266,0.71304,0.71261,0.71275,383,9,0
2026-05-28 13:30:00+00:00,0.71277,0.71296,0.71261,0.71281,650,9,0
2026-05-28 13:45:00+00:00,0.7128,0.7131,0.7125,0.71269,523,9,0
2026-05-28 14:00:00+00:00,0.71269,0.71536,0.71247,0.71478,1842,9,0
2026-05-28 14:15:00+00:00,0.71477,0.71537,0.71416,0.71534,1651,9,0
2026-05-28 14:30:00+00:00,0.71533,0.71552,0.71444,0.71519,991,9,0
2026-05-28 14:45:00+00:00,0.71518,0.71547,0.71428,0.7148,1151,9,0
2026-05-28 15:00:00+00:00,0.71481,0.71603,0.71479,0.71588,754,9,0
2026-05-28 15:15:00+00:00,0.71588,0.71604,0.71564,0.71584,533,9,0
2026-05-28 15:30:00+00:00,0.71583,0.71615,0.71568,0.71588,482,9,0
2026-05-28 15:45:00+00:00,0.71588,0.71598,0.7157,0.71575,364,9,0
2026-05-28 16:00:00+00:00,0.71573,0.71622,0.71559,0.71614,390,9,0
2026-05-28 16:15:00+00:00,0.71614,0.71693,0.71603,0.71675,553,9,0
2026-05-28 16:30:00+00:00,0.71675,0.71675,0.71643,0.71656,368,9,0
2026-05-28 16:45:00+00:00,0.71657,0.71685,0.71641,0.71676,346,9,0
2026-05-28 17:00:00+00:00,0.71677,0.71682,0.71646,0.71653,321,9,0
2026-05-28 17:15:00+00:00,0.71653,0.71658,0.71637,0.71638,259,9,0
2026-05-28 17:30:00+00:00,0.71639,0.71666,0.71639,0.71647,226,9,0
2026-05-28 17:45:00+00:00,0.71647,0.7166,0.71644,0.71648,219,9,0
2026-05-28 18:00:00+00:00,0.71648,0.7167,0.71633,0.71644,266,9,0
2026-05-28 18:15:00+00:00,0.71644,0.71671,0.71614,0.71617,410,9,0
2026-05-28 18:30:00+00:00,0.71616,0.71619,0.71599,0.71611,242,9,0
2026-05-28 18:45:00+00:00,0.71611,0.71642,0.71606,0.71624,174,9,0
2026-05-28 19:00:00+00:00,0.71623,0.71634,0.71613,0.71616,241,9,0
2026-05-28 19:15:00+00:00,0.71616,0.71641,0.71615,0.7164,144,9,0
2026-05-28 19:30:00+00:00,0.7164,0.7166,0.7164,0.71645,205,9,0
2026-05-28 19:45:00+00:00,0.71645,0.71654,0.71611,0.71614,258,9,0
2026-05-28 20:00:00+00:00,0.71615,0.71628,0.71607,0.71624,164,9,0
2026-05-28 20:15:00+00:00,0.71624,0.7163,0.71608,0.71615,100,9,0
2026-05-28 20:30:00+00:00,0.71615,0.7162,0.71613,0.71618,87,9,0
2026-05-28 20:45:00+00:00,0.71618,0.71626,0.71615,0.71623,124,9,0
2026-05-28 21:00:00+00:00,0.71622,0.71622,0.71608,0.71614,81,15,0
2026-05-28 21:15:00+00:00,0.71612,0.71617,0.71606,0.7161,91,22,0
2026-05-28 21:30:00+00:00,0.71609,0.71616,0.71588,0.71593,388,17,0
2026-05-28 21:45:00+00:00,0.71593,0.71611,0.71593,0.71605,206,15,0
2026-05-28 22:00:00+00:00,0.71615,0.71649,0.71615,0.71635,164,9,0
2026-05-28 22:15:00+00:00,0.71635,0.71635,0.7163,0.71633,50,9,0
2026-05-28 22:30:00+00:00,0.71634,0.71634,0.71622,0.71628,83,9,0
2026-05-28 22:45:00+00:00,0.71628,0.71634,0.7162,0.71622,68,9,0
2026-05-28 23:00:00+00:00,0.71624,0.71646,0.71623,0.71637,289,9,0
2026-05-28 23:15:00+00:00,0.71637,0.71641,0.71622,0.71624,153,9,0
2026-05-28 23:30:00+00:00,0.71623,0.71645,0.71613,0.71628,111,9,0
2026-05-28 23:45:00+00:00,0.71628,0.71631,0.71609,0.71627,211,9,0
2026-05-29 00:00:00+00:00,0.71625,0.7165,0.7162,0.71633,365,9,0
2026-05-29 00:15:00+00:00,0.71632,0.71669,0.71623,0.71645,288,9,0
2026-05-29 00:30:00+00:00,0.71645,0.71645,0.71581,0.71598,296,9,0
2026-05-29 00:45:00+00:00,0.71598,0.71607,0.7158,0.71597,279,9,0
2026-05-29 01:00:00+00:00,0.71597,0.7163,0.71562,0.7163,480,9,0
2026-05-29 01:15:00+00:00,0.71629,0.71651,0.71625,0.71626,351,9,0
2026-05-29 01:30:00+00:00,0.71625,0.71641,0.71612,0.71631,330,9,0
2026-05-29 01:45:00+00:00,0.71632,0.71632,0.71595,0.71604,290,9,0
2026-05-29 02:00:00+00:00,0.71604,0.71614,0.71581,0.71595,269,9,0
2026-05-29 02:15:00+00:00,0.71594,0.71595,0.7156,0.71562,208,9,0
2026-05-29 02:30:00+00:00,0.71562,0.71612,0.71561,0.71607,262,9,0
2026-05-29 02:45:00+00:00,0.71608,0.71629,0.71566,0.71569,342,9,0
2026-05-29 03:00:00+00:00,0.71569,0.71573,0.71538,0.71549,285,9,0
2026-05-29 03:15:00+00:00,0.71548,0.71567,0.71544,0.71551,241,9,0
2026-05-29 03:30:00+00:00,0.7155,0.71567,0.71538,0.71549,228,9,0
2026-05-29 03:45:00+00:00,0.71549,0.71555,0.71529,0.71541,224,9,0
2026-05-29 04:00:00+00:00,0.71543,0.71575,0.71541,0.71561,229,9,0
2026-05-29 04:15:00+00:00,0.7156,0.7158,0.71555,0.71572,227,9,0
2026-05-29 04:30:00+00:00,0.71573,0.71617,0.71566,0.71613,189,9,0
2026-05-29 04:45:00+00:00,0.71613,0.71634,0.71604,0.7163,206,9,0
2026-05-29 05:00:00+00:00,0.71631,0.71656,0.71626,0.71649,219,9,0
2026-05-29 05:15:00+00:00,0.71649,0.71657,0.71638,0.71645,172,9,0
2026-05-29 05:30:00+00:00,0.71645,0.71669,0.71628,0.71628,228,9,0
2026-05-29 05:45:00+00:00,0.71628,0.71642,0.7162,0.7163,227,9,0
2026-05-29 06:00:00+00:00,0.71629,0.71669,0.71623,0.71657,383,9,0
2026-05-29 06:15:00+00:00,0.71657,0.71658,0.71589,0.71604,400,9,0
2026-05-29 06:30:00+00:00,0.71605,0.71628,0.71567,0.71585,401,9,0
2026-05-29 06:45:00+00:00,0.71585,0.71622,0.71575,0.71605,306,9,0
2026-05-29 07:00:00+00:00,0.71604,0.71614,0.71578,0.71606,410,9,0
2026-05-29 07:15:00+00:00,0.71606,0.71641,0.71577,0.71584,393,9,0
2026-05-29 07:30:00+00:00,0.71584,0.71595,0.71518,0.71578,537,9,0
2026-05-29 07:45:00+00:00,0.71577,0.71614,0.71565,0.71605,314,9,0
2026-05-29 08:00:00+00:00,0.71604,0.71604,0.71535,0.7154,423,9,0
2026-05-29 08:15:00+00:00,0.7154,0.71564,0.71538,0.71552,332,9,0
2026-05-29 08:30:00+00:00,0.71552,0.71559,0.71522,0.71532,307,9,0
2026-05-29 08:45:00+00:00,0.71532,0.71533,0.71489,0.71524,333,9,0
2026-05-29 09:00:00+00:00,0.71524,0.71552,0.71507,0.7155,328,9,0
2026-05-29 09:15:00+00:00,0.7155,0.7157,0.71531,0.71544,386,9,0
2026-05-29 09:30:00+00:00,0.71544,0.71549,0.71508,0.71529,309,9,0
2026-05-29 09:45:00+00:00,0.71529,0.71559,0.71524,0.71551,324,9,0
2026-05-29 10:00:00+00:00,0.71551,0.71564,0.71521,0.71561,299,9,0
2026-05-29 10:15:00+00:00,0.7156,0.71567,0.71538,0.71552,263,9,0
2026-05-29 10:30:00+00:00,0.71552,0.71566,0.71543,0.7155,243,9,0
2026-05-29 10:45:00+00:00,0.7155,0.71578,0.71543,0.71572,278,9,0
2026-05-29 11:00:00+00:00,0.71572,0.71597,0.7157,0.71592,278,9,0
2026-05-29 11:15:00+00:00,0.71592,0.71606,0.71586,0.71604,288,9,0
2026-05-29 11:30:00+00:00,0.71604,0.71659,0.71591,0.71649,265,9,0
2026-05-29 11:45:00+00:00,0.71649,0.71696,0.71628,0.71695,423,9,0
2026-05-29 12:00:00+00:00,0.71696,0.71744,0.71671,0.71733,468,9,0
2026-05-29 12:15:00+00:00,0.71733,0.71747,0.71707,0.71732,318,9,0
2026-05-29 12:30:00+00:00,0.71733,0.71741,0.71699,0.71729,442,9,0
2026-05-29 12:45:00+00:00,0.71729,0.71786,0.71719,0.71786,410,9,0
2026-05-29 13:00:00+00:00,0.71786,0.71809,0.71776,0.71784,471,9,0
2026-05-29 13:15:00+00:00,0.71785,0.71832,0.71779,0.7183,402,9,0
2026-05-29 13:30:00+00:00,0.71828,0.7188,0.71815,0.71868,522,9,0
2026-05-29 13:45:00+00:00,0.71869,0.71898,0.71838,0.71872,586,9,0
2026-05-29 14:00:00+00:00,0.71873,0.71888,0.71831,0.71831,569,9,0
2026-05-29 14:15:00+00:00,0.71831,0.71845,0.71802,0.7182,621,9,0
2026-05-29 14:30:00+00:00,0.7182,0.71828,0.71755,0.71822,866,9,0
2026-05-29 14:45:00+00:00,0.71821,0.71974,0.71793,0.71938,1563,9,0
2026-05-29 15:00:00+00:00,0.71936,0.72,0.71913,0.71974,984,9,0
2026-05-29 15:15:00+00:00,0.71975,0.71975,0.71891,0.71913,641,9,0
2026-05-29 15:30:00+00:00,0.71915,0.71952,0.71886,0.71901,985,9,0
2026-05-29 15:45:00+00:00,0.71901,0.7194,0.71891,0.71894,571,9,0
2026-05-29 16:00:00+00:00,0.71894,0.71907,0.7187,0.7187,449,9,0
2026-05-29 16:15:00+00:00,0.71869,0.71896,0.71862,0.71873,384,9,0
2026-05-29 16:30:00+00:00,0.71872,0.71917,0.71854,0.71888,578,9,0
2026-05-29 16:45:00+00:00,0.71888,0.71889,0.71861,0.71884,364,9,0
2026-05-29 17:00:00+00:00,0.71885,0.71891,0.71859,0.71871,293,9,0
2026-05-29 17:15:00+00:00,0.71871,0.7188,0.71843,0.71861,345,9,0
2026-05-29 17:30:00+00:00,0.7186,0.71866,0.71835,0.71845,301,9,0
2026-05-29 17:45:00+00:00,0.71845,0.71856,0.71817,0.71818,283,9,0
2026-05-29 18:00:00+00:00,0.71818,0.71847,0.71811,0.71841,306,9,0
2026-05-29 18:15:00+00:00,0.71841,0.71852,0.71831,0.7184,264,9,0
2026-05-29 18:30:00+00:00,0.71841,0.71867,0.71841,0.71848,227,9,0
2026-05-29 18:45:00+00:00,0.71848,0.71851,0.71809,0.71821,486,9,0
2026-05-29 19:00:00+00:00,0.71819,0.71867,0.71816,0.71861,278,9,0
2026-05-29 19:15:00+00:00,0.71859,0.71871,0.71846,0.71864,212,9,0
2026-05-29 19:30:00+00:00,0.71864,0.71885,0.71864,0.71884,237,9,0
2026-05-29 19:45:00+00:00,0.71884,0.71885,0.71864,0.71866,317,9,0
2026-05-29 20:00:00+00:00,0.71867,0.7187,0.71842,0.71846,196,9,0
2026-05-29 20:15:00+00:00,0.71846,0.71846,0.71824,0.71835,134,9,0
2026-05-29 20:30:00+00:00,0.71835,0.71848,0.71826,0.71848,147,9,0
2026-05-29 20:45:00+00:00,0.71848,0.7185,0.71832,0.71837,266,9,0
