time,open,high,low,close,tick_volume,spread,real_volume
2025-11-02 16:00:00+00:00,110102.64,110125.97,109713.16,110093.86,3238,1800,0
2025-11-02 17:00:00+00:00,110090.03,110257.22,109999.76,110171.37,1728,1800,0
2025-11-02 18:00:00+00:00,110171.6,110323.76,110150.37,110314.25,1530,1800,0
2025-11-02 19:00:00+00:00,110313.7,110313.7,109946.81,110156.17,1572,1800,0
2025-11-02 20:00:00+00:00,110159.18,110206.28,109869.87,110071.18,1382,1800,0
2025-11-02 21:00:00+00:00,110071.29,110121.65,109946.49,109984.87,1185,1800,0
2025-11-02 22:00:00+00:00,109985.84,110010.26,109411.19,109888.19,1883,1800,0
2025-11-02 23:00:00+00:00,109887.85,110729.49,109887.85,110522.09,3914,1800,0
2025-11-03 00:00:00+00:00,110525.48,110749.52,109739.34,109741.53,3012,1800,0
2025-11-03 01:00:00+00:00,109739.92,109891.48,109355.55,109660.22,4644,1800,0
2025-11-03 02:00:00+00:00,109654.76,109755.04,108659.91,109035.01,5423,1800,0
2025-11-03 03:00:00+00:00,109033.71,109152.42,107895.41,107937.09,7210,1800,0
2025-11-03 04:00:00+00:00,107935.44,108003.64,107470.29,107893.36,5189,1800,0
2025-11-03 05:00:00+00:00,107895.57,108118.14,107369.51,107591.89,3671,1800,0
2025-11-03 06:00:00+00:00,107591.26,107703.49,106978.62,107484.74,4584,1800,0
2025-11-03 07:00:00+00:00,107483.48,107822.73,107253.48,107444.11,4236,1800,0
2025-11-03 08:00:00+00:00,107439.49,107696.34,106945.04,107564.68,3949,1800,0
2025-11-03 09:00:00+00:00,107567.36,107893.77,107052.89,107191.17,3376,1800,0
2025-11-03 10:00:00+00:00,107195.05,107609.96,106716.35,106943.66,3343,1800,0
2025-11-03 11:00:00+00:00,106947.69,107910.14,106945.15,107773.19,4227,1800,0
2025-11-03 12:00:00+00:00,107772.63,108248.85,107682.71,107747.7,3572,1800,0
2025-11-03 13:00:00+00:00,107749.26,108049.02,107541.84,107890.75,3220,1800,0
2025-11-03 14:00:00+00:00,107893.83,108303.69,107342.1,108035.2,6338,1800,0
2025-11-03 15:00:00+00:00,108031.75,108136.89,105513.11,105727.84,16882,1800,0
2025-11-03 16:00:00+00:00,105729.68,106765.62,105296.94,106659.94,10984,1800,0
2025-11-03 17:00:00+00:00,106660.28,107771.54,106498.44,107450.76,6491,1800,0
2025-11-03 18:00:00+00:00,107450.49,107569.36,106766.95,106930.44,4940,1800,0
2025-11-03 19:00:00+00:00,106935.03,107370.47,106410.09,107059.38,5483,1800,0
2025-11-03 20:00:00+00:00,107059.53,107141.7,106275.24,106624.17,6056,1800,0
2025-11-03 21:00:00+00:00,106626.26,107071.58,106046.39,106867.11,5752,1800,0
2025-11-03 22:00:00+00:00,106871.24,106871.24,105780.97,106456.74,3864,1800,0
2025-11-03 23:00:00+00:00,106453.13,106727.25,105996.71,106559.86,2811,1800,0
2025-11-04 00:00:00+00:00,106560.45,106783.51,105821.37,106434.77,5110,1800,0
2025-11-04 01:00:00+00:00,106436.87,107277.99,106237.99,107003.81,4615,1800,0
2025-11-04 02:00:00+00:00,107003.61,107202.41,106425.57,106453.58,3435,1800,0
2025-11-04 03:00:00+00:00,106449.58,107206.22,106174.67,107108.45,4141,1800,0
2025-11-04 04:00:00+00:00,107108.62,107260.59,106677.78,106712.6,3461,1800,0
2025-11-04 05:00:00+00:00,106712.02,106712.02,104136.42,104170.73,10624,1800,0
2025-11-04 06:00:00+00:00,104162.81,105187.19,104136.18,104728.16,8642,1800,0
2025-11-04 07:00:00+00:00,104727.88,104906.78,104282.05,104452.71,5783,1800,0
2025-11-04 08:00:00+00:00,104451.98,104583.12,103705.61,103994.61,7077,1800,0
2025-11-04 09:00:00+00:00,104002.95,104101.41,103577.39,103806.79,5388,1800,0
2025-11-04 10:00:00+00:00,103805.31,104079.8,103537.54,103767.49,5314,1800,0
2025-11-04 11:00:00+00:00,103775.34,104661.96,103713.77,104542.23,4498,1800,0
2025-11-04 12:00:00+00:00,104541.04,104605.62,103775.57,103919.29,4773,1800,0
2025-11-04 13:00:00+00:00,103913.53,104201.29,103518.15,103881.24,4974,1800,0
2025-11-04 14:00:00+00:00,103871.07,104646.6,102850.17,104460.9,12080,1800,0
2025-11-04 15:00:00+00:00,104463.18,104805.48,103125.89,103155.26,10626,1800,0
2025-11-04 16:00:00+00:00,103154.17,103464.68,102100.31,102204.33,12812,1800,0
2025-11-04 17:00:00+00:00,102202.19,102202.19,100696.81,101048.0,16134,1800,0
2025-11-04 18:00:00+00:00,101049.72,101442.53,99937.37,101290.13,16472,1800,0
2025-11-04 19:00:00+00:00,101286.69,101666.04,100333.59,100476.38,11290,1800,0
2025-11-04 20:00:00+00:00,100477.04,101061.64,99482.88,100693.22,17442,1800,0
2025-11-04 21:00:00+00:00,100690.33,100779.98,98880.19,100246.61,16787,1800,0
2025-11-04 22:00:00+00:00,100249.02,101854.24,100017.74,101255.7,8800,1800,0
2025-11-04 23:00:00+00:00,101272.27,101722.65,100863.86,101457.87,6354,1800,0
2025-11-05 00:00:00+00:00,101469.68,101724.16,100313.22,100539.65,6918,1800,0
2025-11-05 01:00:00+00:00,100544.58,101001.57,98932.15,100739.01,14957,1800,0
2025-11-05 02:00:00+00:00,100742.77,101937.93,100735.21,101657.62,11185,1800,0
2025-11-05 03:00:00+00:00,101672.2,102260.07,101437.07,102123.99,6892,1800,0
2025-11-05 04:00:00+00:00,102124.55,102238.82,101503.79,101987.3,4750,1800,0
2025-11-05 05:00:00+00:00,101987.03,102356.55,101578.88,101806.91,4578,1800,0
2025-11-05 06:00:00+00:00,101809.14,102134.86,101476.13,102105.39,4036,1800,0
2025-11-05 07:00:00+00:00,102104.08,102137.31,101588.04,101986.67,3494,1800,0
2025-11-05 08:00:00+00:00,101980.84,101980.84,101170.79,101684.7,6004,1800,0
2025-11-05 09:00:00+00:00,101688.41,102196.48,101582.11,101979.71,4686,1800,0
2025-11-05 10:00:00+00:00,101978.57,101982.94,101281.44,101384.69,3991,1800,0
2025-11-05 11:00:00+00:00,101381.39,102105.22,101363.68,102059.9,3474,1800,0
2025-11-05 12:00:00+00:00,102056.78,102821.03,101899.7,102656.39,4888,1800,0
2025-11-05 13:00:00+00:00,102653.85,103238.68,102275.31,102975.64,4942,1800,0
2025-11-05 14:00:00+00:00,102971.35,103456.95,102153.56,103190.8,8470,1800,0
2025-11-05 15:00:00+00:00,103191.83,103789.86,102800.16,103704.92,9063,1800,0
2025-11-05 16:00:00+00:00,103707.76,104028.28,103036.46,103911.62,6411,1800,0
2025-11-05 17:00:00+00:00,103910.16,103997.36,103362.47,103893.79,4983,1800,0
2025-11-05 18:00:00+00:00,103889.7,104436.88,103742.43,104348.32,4175,1800,0
2025-11-05 19:00:00+00:00,104350.76,104536.74,103971.52,103994.82,3572,1800,0
2025-11-05 20:00:00+00:00,103999.02,104534.4,103616.68,103821.88,4232,1800,0
2025-11-05 21:00:00+00:00,103816.92,103816.92,103492.95,103656.6,3259,1800,0
2025-11-05 22:00:00+00:00,103660.98,103776.52,103273.27,103694.38,2333,1800,0
2025-11-05 23:00:00+00:00,103694.73,104098.23,103645.26,103875.5,2703,1800,0
2025-11-06 00:00:00+00:00,103865.38,103882.21,103298.77,103662.43,3409,1800,0
2025-11-06 01:00:00+00:00,103661.4,103661.4,102709.41,103343.59,3975,1800,0
2025-11-06 02:00:00+00:00,103337.78,103559.08,102831.78,103307.39,4021,1800,0
2025-11-06 03:00:00+00:00,103306.38,103937.74,103306.38,103634.75,3375,1800,0
2025-11-06 04:00:00+00:00,103634.93,104200.46,103562.72,104024.42,2594,1800,0
2025-11-06 05:00:00+00:00,104024.53,104024.53,103057.74,103136.26,3224,1800,0
2025-11-06 06:00:00+00:00,103137.39,103593.5,102990.56,103297.28,2985,1800,0
2025-11-06 07:00:00+00:00,103293.21,103561.69,102891.97,103170.89,4094,1800,0
2025-11-06 08:00:00+00:00,103167.87,103433.15,102959.37,103183.41,3600,1800,0
2025-11-06 09:00:00+00:00,103190.48,103247.87,102790.62,102790.62,3253,1800,0
2025-11-06 10:00:00+00:00,102791.22,103264.49,102630.36,103107.97,3232,1800,0
2025-11-06 11:00:00+00:00,103105.41,103292.14,102708.62,103197.22,2649,1800,0
2025-11-06 12:00:00+00:00,103198.34,103312.28,102348.25,102513.7,4124,1800,0
2025-11-06 13:00:00+00:00,102512.12,103578.6,102512.12,103278.2,4698,1800,0
2025-11-06 14:00:00+00:00,103281.09,103542.05,101995.74,102073.48,9623,1800,0
2025-11-06 15:00:00+00:00,102076.38,102895.72,101557.99,101963.69,13328,1800,0
2025-11-06 16:00:00+00:00,101966.99,102339.88,100210.33,100809.22,10710,1800,0
2025-11-06 17:00:00+00:00,100811.85,101928.07,100697.01,101736.61,9818,1800,0
2025-11-06 18:00:00+00:00,101734.4,102279.47,100853.62,101663.16,6968,1800,0
2025-11-06 19:00:00+00:00,101658.66,101947.78,101141.05,101340.23,6380,1800,0
2025-11-06 20:00:00+00:00,101339.88,101596.44,100589.75,100858.58,6797,1800,0
2025-11-06 21:00:00+00:00,100858.93,101167.23,100484.0,101063.63,4429,1800,0
2025-11-06 22:00:00+00:00,101056.42,101433.67,100948.1,101360.21,2768,1800,0
2025-11-06 23:00:00+00:00,101357.0,101497.21,101070.14,101293.76,3371,1800,0
2025-11-07 00:00:00+00:00,101298.17,101591.06,100687.27,101415.76,5457,1800,0
2025-11-07 01:00:00+00:00,101417.38,101818.84,100826.94,101489.9,6647,1800,0
2025-11-07 02:00:00+00:00,101488.65,101871.42,101184.02,101841.45,4661,1800,0
2025-11-07 03:00:00+00:00,101846.16,102302.42,101797.99,101858.68,4187,1800,0
2025-11-07 04:00:00+00:00,101858.81,102019.05,101512.55,101961.77,3054,1800,0
2025-11-07 05:00:00+00:00,101959.91,102466.95,101957.18,102394.5,3108,1800,0
2025-11-07 06:00:00+00:00,102397.83,102443.48,101759.65,101763.18,2085,1800,0
2025-11-07 07:00:00+00:00,101772.02,101971.28,101573.01,101964.55,2699,1800,0
2025-11-07 08:00:00+00:00,101958.12,102009.37,101373.08,101442.72,2657,1800,0
2025-11-07 09:00:00+00:00,101440.32,101454.63,100720.04,100948.94,3660,1800,0
2025-11-07 10:00:00+00:00,100953.34,101198.9,100507.29,100703.51,3456,1800,0
2025-11-07 11:00:00+00:00,100710.98,100738.9,99733.0,100341.69,7793,1800,0
2025-11-07 12:00:00+00:00,100331.98,100566.62,99164.13,99571.07,6688,1800,0
2025-11-07 13:00:00+00:00,99567.5,100506.84,99390.0,100271.43,6326,1800,0
2025-11-07 14:00:00+00:00,100268.36,100870.75,99443.16,100711.48,11952,1800,0
2025-11-07 15:00:00+00:00,100716.21,101196.05,100280.63,100714.68,13026,1800,0
2025-11-07 16:00:00+00:00,100717.69,101563.82,100426.05,101089.8,8781,1800,0
2025-11-07 17:00:00+00:00,101090.96,102661.81,100862.25,102320.36,8376,1800,0
2025-11-07 18:00:00+00:00,102318.03,102797.95,102225.84,102541.97,7887,1800,0
2025-11-07 19:00:00+00:00,102542.1,103347.33,102414.93,103347.33,5989,1800,0
2025-11-07 20:00:00+00:00,103346.5,103861.81,102892.98,103736.78,5827,1800,0
2025-11-07 21:00:00+00:00,103736.98,103840.35,103291.19,103839.39,2987,1800,0
2025-11-07 22:00:00+00:00,103839.88,104054.55,103539.9,103575.03,2581,1800,0
2025-11-07 23:00:00+00:00,103580.85,103726.13,103260.85,103282.93,2213,1800,0
2025-11-08 00:00:00+00:00,103282.87,103339.59,102462.88,102637.68,3848,1800,0
2025-11-08 01:00:00+00:00,102640.17,103164.55,102582.3,102927.15,3130,1800,0
2025-11-08 02:00:00+00:00,102927.59,103280.38,102699.22,102797.97,2744,1800,0
2025-11-08 03:00:00+00:00,102791.46,103242.39,102523.37,102524.26,2804,1800,0
2025-11-08 04:00:00+00:00,102524.3,102780.65,102325.89,102502.84,3101,1800,0
2025-11-08 05:00:00+00:00,102501.89,102674.38,102214.18,102245.91,2344,1800,0
2025-11-08 06:00:00+00:00,102246.6,102465.85,102031.13,102167.19,2952,1800,0
2025-11-08 07:00:00+00:00,102169.36,102348.61,101850.86,102287.06,2519,1800,0
2025-11-08 08:00:00+00:00,102287.21,102636.76,102099.76,102382.17,2364,1800,0
2025-11-08 09:00:00+00:00,102383.58,102553.04,102166.85,102342.54,1851,1800,0
2025-11-08 10:00:00+00:00,102342.35,102521.11,102243.01,102421.53,1634,1800,0
2025-11-08 11:00:00+00:00,102421.27,102592.18,101656.76,101807.06,2938,1800,0
2025-11-08 12:00:00+00:00,101799.12,102058.24,101678.13,102003.65,2725,1800,0
2025-11-08 13:00:00+00:00,102005.51,102149.21,101658.08,101764.39,2879,1800,0
2025-11-08 14:00:00+00:00,101760.68,102051.75,101408.04,101792.36,3655,1800,0
2025-11-08 15:00:00+00:00,101789.29,101921.5,101451.3,101686.9,2684,1800,0
2025-11-08 16:00:00+00:00,101685.67,101923.28,101483.9,101815.59,3069,1800,0
2025-11-08 17:00:00+00:00,101815.69,101991.59,101545.31,101959.15,2216,1800,0
2025-11-08 18:00:00+00:00,101960.28,102194.37,101802.68,102101.08,1969,1800,0
2025-11-08 19:00:00+00:00,102100.28,102154.04,101494.12,101948.06,2057,1800,0
2025-11-08 20:00:00+00:00,101945.44,102133.05,101915.72,102039.18,1513,1800,0
2025-11-08 21:00:00+00:00,102035.83,102350.4,101991.32,102240.11,1602,1800,0
2025-11-08 22:00:00+00:00,102240.0,102395.11,102134.53,102334.79,1304,1800,0
2025-11-08 23:00:00+00:00,102334.1,102453.95,102249.27,102282.16,1468,1800,0
2025-11-09 00:00:00+00:00,102282.85,102309.03,101598.3,101760.3,2451,1800,0
2025-11-09 01:00:00+00:00,101759.41,102073.59,101651.85,102011.05,2117,1800,0
2025-11-09 02:00:00+00:00,102011.47,102011.47,101539.07,101606.46,2080,1800,0
2025-11-09 03:00:00+00:00,101607.97,101781.22,101319.2,101634.93,2715,1800,0
2025-11-09 04:00:00+00:00,101635.87,102103.7,101607.28,101701.55,2024,1800,0
2025-11-09 05:00:00+00:00,101701.61,101997.59,101647.55,101895.45,1948,1800,0
2025-11-09 06:00:00+00:00,101901.63,101941.04,101673.81,101721.8,1601,1800,0
2025-11-09 07:00:00+00:00,101721.73,101956.77,101636.42,101919.76,1847,1800,0
2025-11-09 08:00:00+00:00,101918.11,102034.27,101793.82,101959.59,1760,1800,0
2025-11-09 09:00:00+00:00,101966.95,102106.52,101605.88,101642.3,2190,1800,0
2025-11-09 10:00:00+00:00,101642.28,101900.03,101487.81,101847.37,2403,1800,0
2025-11-09 11:00:00+00:00,101847.49,102294.53,101847.49,102224.46,2724,1800,0
2025-11-09 12:00:00+00:00,102233.26,102407.74,102029.21,102065.58,2345,1800,0
2025-11-09 13:00:00+00:00,102069.62,102969.2,102048.12,102886.9,3482,1800,0
2025-11-09 14:00:00+00:00,102886.98,104024.29,102734.89,103020.3,6970,1800,0
2025-11-09 15:00:00+00:00,103017.52,104202.86,102941.01,103732.96,4389,1800,0
2025-11-09 16:00:00+00:00,103732.12,103889.64,103298.34,103823.09,3430,1800,0
2025-11-09 17:00:00+00:00,103822.99,103947.4,103313.82,103613.77,2731,1800,0
2025-11-09 18:00:00+00:00,103613.64,104578.99,103487.4,104489.49,2963,1800,0
2025-11-09 19:00:00+00:00,104481.86,104801.12,104118.8,104793.1,3980,1800,0
2025-11-09 20:00:00+00:00,104790.2,105057.2,104376.5,104607.62,3378,1800,0
2025-11-09 21:00:00+00:00,104609.72,104824.33,104276.2,104508.32,2605,1800,0
2025-11-09 22:00:00+00:00,104504.91,104802.93,104047.38,104697.1,3242,1800,0
2025-11-09 23:00:00+00:00,104701.36,105455.82,104504.18,104689.19,5293,1800,0
2025-11-10 00:00:00+00:00,104685.86,106496.82,104225.62,106283.49,7512,1800,0
2025-11-10 01:00:00+00:00,106282.47,106666.46,105694.78,105703.84,6152,1800,0
2025-11-10 02:00:00+00:00,105703.72,106039.37,105576.12,105983.45,3758,1800,0
2025-11-10 03:00:00+00:00,105981.6,106267.96,105823.73,106012.05,3887,1800,0
2025-11-10 04:00:00+00:00,106019.05,106292.42,105815.27,106135.86,2776,1800,0
2025-11-10 05:00:00+00:00,106139.03,106456.88,105977.15,106084.5,3050,1800,0
2025-11-10 06:00:00+00:00,106084.25,106295.08,105927.52,106193.73,2480,1800,0
2025-11-10 07:00:00+00:00,106193.08,106526.1,106119.34,106436.51,2439,1800,0
2025-11-10 08:00:00+00:00,106436.39,106546.64,105876.32,105956.79,2746,1800,0
2025-11-10 09:00:00+00:00,105956.63,106600.81,105796.83,106434.72,3283,1800,0
2025-11-10 10:00:00+00:00,106435.98,106448.6,105940.48,105972.29,2068,1800,0
2025-11-10 11:00:00+00:00,105975.18,106311.63,105923.72,106162.07,2053,1800,0
2025-11-10 12:00:00+00:00,106159.61,106201.72,105855.38,105926.16,2833,1800,0
2025-11-10 13:00:00+00:00,105928.25,106585.87,105887.68,106521.27,3710,1800,0
2025-11-10 14:00:00+00:00,106518.98,106518.98,104638.14,104863.97,6799,1800,0
2025-11-10 15:00:00+00:00,104861.49,105607.27,104644.37,105054.2,7791,1800,0
2025-11-10 16:00:00+00:00,105053.63,105337.6,104753.51,105198.1,6113,1800,0
2025-11-10 17:00:00+00:00,105195.22,105953.93,105138.84,105915.34,3655,1800,0
2025-11-10 18:00:00+00:00,105920.96,106066.68,105431.52,105452.44,3244,1800,0
2025-11-10 19:00:00+00:00,105448.8,106025.38,105362.2,105797.88,3480,1800,0
2025-11-10 20:00:00+00:00,105796.69,106262.47,105783.0,105977.25,3507,1800,0
2025-11-10 21:00:00+00:00,105980.28,105996.51,105217.23,105598.7,3268,1800,0
2025-11-10 22:00:00+00:00,105597.85,106102.63,105331.7,106019.04,2307,1800,0
2025-11-10 23:00:00+00:00,106023.59,106246.25,105843.64,105976.63,2985,1800,0
2025-11-11 00:00:00+00:00,105978.76,106123.36,105458.07,106104.45,3682,1800,0
2025-11-11 01:00:00+00:00,106106.12,107473.95,105985.86,106068.82,7490,1800,0
2025-11-11 02:00:00+00:00,106069.29,107108.7,105567.76,106611.39,6335,1800,0
2025-11-11 03:00:00+00:00,106615.87,107054.77,106324.21,106427.84,3920,1800,0
2025-11-11 04:00:00+00:00,106431.54,106520.81,105665.67,105728.28,3224,1800,0
2025-11-11 05:00:00+00:00,105728.49,105728.49,105118.25,105231.57,3717,1800,0
2025-11-11 06:00:00+00:00,105230.32,105322.23,104851.17,105224.03,3158,1800,0
2025-11-11 07:00:00+00:00,105224.68,105305.79,104710.67,104760.95,3236,1800,0
2025-11-11 08:00:00+00:00,104762.19,105236.42,104735.88,105124.76,3121,1800,0
2025-11-11 09:00:00+00:00,105134.49,105476.52,104887.52,104955.7,2806,1800,0
2025-11-11 10:00:00+00:00,104952.13,105224.73,104903.45,105148.82,2563,1800,0
2025-11-11 11:00:00+00:00,105143.12,105494.36,105121.93,105287.02,2498,1800,0
2025-11-11 12:00:00+00:00,105287.95,105486.85,104379.58,104529.32,3997,1800,0
2025-11-11 13:00:00+00:00,104523.41,104694.89,104189.65,104383.11,4604,1800,0
2025-11-11 14:00:00+00:00,104388.26,104663.9,103827.54,104547.29,6003,1800,0
2025-11-11 15:00:00+00:00,104545.91,104545.91,103150.55,103437.0,7339,1800,0
2025-11-11 16:00:00+00:00,103455.93,103710.38,103182.74,103387.79,5253,1800,0
2025-11-11 17:00:00+00:00,103396.34,103614.83,102791.77,103299.12,4845,1800,0
2025-11-11 18:00:00+00:00,103297.09,103536.01,103036.56,103368.93,3950,1800,0
2025-11-11 19:00:00+00:00,103368.53,103433.22,102816.47,103102.45,3599,1800,0
2025-11-11 20:00:00+00:00,103102.57,103195.6,102625.92,102772.88,4444,1800,0
2025-11-11 21:00:00+00:00,102775.31,103063.16,102426.74,102602.47,3712,1800,0
2025-11-11 22:00:00+00:00,102600.66,103121.43,102457.11,102949.99,2363,1800,0
2025-11-11 23:00:00+00:00,102950.18,103178.4,102757.63,103009.96,3181,1800,0
2025-11-12 00:00:00+00:00,103012.78,103298.93,102778.51,102852.79,4025,1800,0
2025-11-12 01:00:00+00:00,102850.16,103331.05,102630.9,103216.43,3909,1800,0
2025-11-12 02:00:00+00:00,103216.03,103374.51,102892.15,103104.56,2930,1800,0
2025-11-12 03:00:00+00:00,103106.53,103406.72,103049.35,103275.59,2153,1800,0
2025-11-12 04:00:00+00:00,103270.82,103430.96,102973.93,103206.53,2026,1800,0
2025-11-12 05:00:00+00:00,103205.76,103447.4,103192.67,103366.2,1901,1800,0
2025-11-12 06:00:00+00:00,103366.48,103633.74,103317.89,103337.93,2035,1800,0
2025-11-12 07:00:00+00:00,103335.4,103527.26,103035.04,103103.47,1837,1800,0
2025-11-12 08:00:00+00:00,103102.97,104207.68,103102.97,104129.34,3787,1800,0
2025-11-12 09:00:00+00:00,104133.17,105076.14,104115.84,104505.59,4583,1800,0
2025-11-12 10:00:00+00:00,104504.16,105032.14,104491.88,104877.05,2952,1800,0
2025-11-12 11:00:00+00:00,104870.23,105197.03,104723.92,105014.55,3120,1800,0
2025-11-12 12:00:00+00:00,105014.83,105320.86,104808.59,104972.83,2843,1800,0
2025-11-12 13:00:00+00:00,104971.74,105167.77,104589.87,105031.31,3105,1800,0
2025-11-12 14:00:00+00:00,105033.46,105033.46,103580.65,103979.27,6878,1800,0
2025-11-12 15:00:00+00:00,103979.81,104308.91,101934.34,102149.69,11531,1800,0
2025-11-12 16:00:00+00:00,102152.65,102273.41,101303.48,101420.61,10404,1800,0
2025-11-12 17:00:00+00:00,101423.19,102137.75,101384.41,101728.09,5908,1800,0
2025-11-12 18:00:00+00:00,101726.6,101944.02,101385.16,101522.28,4087,1800,0
2025-11-12 19:00:00+00:00,101521.98,101552.62,100737.99,101272.28,5745,1800,0
2025-11-12 20:00:00+00:00,101272.96,101820.46,101108.58,101518.12,3804,1800,0
2025-11-12 21:00:00+00:00,101523.71,101904.43,101487.96,101904.43,2237,1800,0
2025-11-12 22:00:00+00:00,101905.36,101979.79,101423.13,101950.38,2155,1800,0
2025-11-12 23:00:00+00:00,101948.72,101984.46,101442.43,101635.61,2998,1800,0
2025-11-13 00:00:00+00:00,101634.23,102035.49,101439.71,101849.27,3112,1800,0
2025-11-13 01:00:00+00:00,101847.01,102600.34,101814.11,101991.26,5356,1800,0
2025-11-13 02:00:00+00:00,101998.24,102324.91,101950.43,102045.09,3071,1800,0
2025-11-13 03:00:00+00:00,102045.54,102548.0,100889.31,102108.48,7099,1800,0
2025-11-13 04:00:00+00:00,102104.69,102385.16,101625.68,102090.05,4759,1800,0
2025-11-13 05:00:00+00:00,102079.83,103376.17,101753.83,103102.25,4520,1800,0
2025-11-13 06:00:00+00:00,103107.11,103670.45,102882.17,103564.14,4981,1800,0
2025-11-13 07:00:00+00:00,103565.16,104037.01,103278.98,103439.95,4349,1800,0
2025-11-13 08:00:00+00:00,103438.34,103782.05,103240.32,103638.81,3451,1800,0
2025-11-13 09:00:00+00:00,103644.87,103713.69,102533.07,102794.64,5028,1800,0
2025-11-13 10:00:00+00:00,102792.84,103271.63,102740.31,102961.65,2697,1800,0
2025-11-13 11:00:00+00:00,102962.14,103130.82,102660.47,102901.57,2438,1800,0
2025-11-13 12:00:00+00:00,102899.72,103251.48,102703.05,103117.94,3178,1800,0
2025-11-13 13:00:00+00:00,103115.9,103137.08,102109.39,102300.34,5278,1800,0
2025-11-13 14:00:00+00:00,102298.27,103455.05,101700.59,102847.02,11700,1800,0
2025-11-13 15:00:00+00:00,102845.33,102976.84,101142.49,101352.48,12051,1800,0
2025-11-13 16:00:00+00:00,101350.45,101508.94,100481.04,100577.61,9297,1800,0
2025-11-13 17:00:00+00:00,100582.37,100778.71,99551.15,99603.01,8679,1800,0
2025-11-13 18:00:00+00:00,99601.05,99867.35,98071.54,98521.07,12436,1800,0
2025-11-13 19:00:00+00:00,98521.05,99237.8,98250.94,98623.04,9159,1800,0
2025-11-13 20:00:00+00:00,98622.28,98935.11,97922.67,98084.53,10532,1800,0
2025-11-13 21:00:00+00:00,98087.42,98840.85,97934.8,98733.96,5020,1800,0
2025-11-13 22:00:00+00:00,98727.95,99887.35,98630.5,99792.32,4394,1800,0
2025-11-13 23:00:00+00:00,99794.58,100447.22,99491.58,99618.55,5072,1800,0
2025-11-14 00:00:00+00:00,99613.83,99731.66,98665.44,98925.1,8793,1800,0
2025-11-14 01:00:00+00:00,98926.89,99518.19,98641.1,99207.1,6840,1800,0
2025-11-14 02:00:00+00:00,99206.23,99835.84,99194.12,99569.15,3955,1800,0
2025-11-14 03:00:00+00:00,99567.44,99605.21,98738.1,99090.36,3941,1800,0
2025-11-14 04:00:00+00:00,99093.77,99141.55,96628.52,97774.4,13176,1800,0
2025-11-14 05:00:00+00:00,97771.76,97985.75,96987.51,97474.45,8259,1800,0
2025-11-14 06:00:00+00:00,97476.06,97550.25,95847.14,97495.61,9449,1800,0
2025-11-14 07:00:00+00:00,97490.89,97684.85,96706.11,97087.19,9836,1800,0
2025-11-14 08:00:00+00:00,97087.21,97399.69,96700.25,97310.57,6032,1800,0
2025-11-14 09:00:00+00:00,97309.37,97492.79,96605.75,96790.16,5894,1800,0
2025-11-14 10:00:00+00:00,96785.3,97242.63,96616.9,96705.86,3899,1800,0
2025-11-14 11:00:00+00:00,96694.76,96894.53,95601.75,96110.9,7826,1800,0
2025-11-14 12:00:00+00:00,96106.68,96110.63,94483.54,95289.85,12776,1800,0
2025-11-14 13:00:00+00:00,95296.66,95635.56,94480.42,95149.24,12093,1800,0
2025-11-14 14:00:00+00:00,95146.01,96728.21,94854.17,96454.81,16663,1800,0
2025-11-14 15:00:00+00:00,96466.39,97236.25,95764.03,96721.21,14590,1800,0
2025-11-14 16:00:00+00:00,96724.19,97343.04,96191.52,96941.73,9225,1800,0
2025-11-14 17:00:00+00:00,96947.76,97066.85,95526.35,95788.53,7185,1800,0
2025-11-14 18:00:00+00:00,95787.82,96269.83,94878.71,95002.6,8437,1800,0
2025-11-14 19:00:00+00:00,95000.25,95852.96,94720.44,95696.4,7518,1800,0
2025-11-14 20:00:00+00:00,95696.9,95868.65,94122.24,94293.63,8352,1800,0
2025-11-14 21:00:00+00:00,94291.07,95058.68,94143.83,94960.18,5238,1800,0
2025-11-14 22:00:00+00:00,94959.57,95392.04,94595.87,95095.25,4502,1800,0
2025-11-14 23:00:00+00:00,95090.35,95090.35,93910.56,94502.88,6988,1800,0
2025-11-15 00:00:00+00:00,94496.62,95337.04,94475.9,95057.19,5975,1800,0
2025-11-15 01:00:00+00:00,95062.93,95704.44,94661.16,95561.51,4414,1800,0
2025-11-15 02:00:00+00:00,95569.31,96399.0,95318.29,96394.63,3922,1800,0
2025-11-15 03:00:00+00:00,96390.01,96746.5,96048.73,96340.26,4397,1800,0
2025-11-15 04:00:00+00:00,96339.54,96445.53,95859.02,96037.58,2785,1800,0
2025-11-15 05:00:00+00:00,96037.71,96363.82,95902.96,96282.65,2225,1800,0
2025-11-15 06:00:00+00:00,96282.3,96522.92,95877.31,96058.3,2355,1800,0
2025-11-15 07:00:00+00:00,96058.12,96313.96,95894.58,96261.49,2414,1800,0
2025-11-15 08:00:00+00:00,96261.15,96288.26,95563.08,95829.4,3767,1800,0
2025-11-15 09:00:00+00:00,95827.62,96073.59,95589.57,95734.1,2742,1800,0
2025-11-15 10:00:00+00:00,95739.56,95990.12,95611.11,95876.16,2423,1800,0
2025-11-15 11:00:00+00:00,95883.16,95912.89,95546.07,95622.98,2096,1800,0
2025-11-15 12:00:00+00:00,95565.7,95801.96,95492.61,95738.24,2289,1800,0
2025-11-15 13:00:00+00:00,95732.76,96312.33,95651.86,96305.95,3091,1800,0
2025-11-15 14:00:00+00:00,96303.13,96423.72,95948.62,96181.64,3202,1800,0
2025-11-15 15:00:00+00:00,96180.78,96366.73,96039.86,96209.84,2623,1800,0
2025-11-15 16:00:00+00:00,96209.73,96271.27,95655.32,96081.06,3134,1800,0
2025-11-15 17:00:00+00:00,96079.64,96335.22,95768.5,96161.6,3623,1800,0
2025-11-15 18:00:00+00:00,96164.26,96279.86,95863.19,95975.98,2312,1800,0
2025-11-15 19:00:00+00:00,95978.44,96083.06,95840.9,95943.14,1505,1800,0
2025-11-15 20:00:00+00:00,95943.39,95954.03,95040.22,95211.29,2729,1800,0
2025-11-15 21:00:00+00:00,95208.16,95603.17,95050.89,95207.62,2853,1800,0
2025-11-15 22:00:00+00:00,95212.25,95593.09,95149.94,95541.9,2334,1800,0
2025-11-15 23:00:00+00:00,95542.0,95629.2,95420.42,95536.11,1579,1800,0
2025-11-16 00:00:00+00:00,95539.27,95647.15,95136.17,95304.79,2323,1800,0
2025-11-16 01:00:00+00:00,95302.46,95442.29,94782.21,95211.79,4468,1800,0
2025-11-16 02:00:00+00:00,95208.45,95903.41,95034.33,95892.79,3507,1800,0
2025-11-16 03:00:00+00:00,95895.36,95908.83,95544.96,95747.94,2109,1800,0
2025-11-16 04:00:00+00:00,95746.11,95852.98,95566.99,95745.83,1822,1800,0
2025-11-16 05:00:00+00:00,95744.87,96130.32,95736.92,95816.47,1966,1800,0
2025-11-16 06:00:00+00:00,95816.34,95964.84,95677.74,95729.23,1501,1800,0
2025-11-16 07:00:00+00:00,95732.65,96026.88,95656.77,96014.84,1450,1800,0
2025-11-16 08:00:00+00:00,96015.78,96163.66,95782.83,96035.61,2112,1800,0
2025-11-16 09:00:00+00:00,96038.7,96550.82,95855.22,96544.84,2455,1800,0
2025-11-16 10:00:00+00:00,96542.65,96542.65,96300.15,96367.67,2154,1800,0
2025-11-16 11:00:00+00:00,96369.44,96375.68,95421.7,95568.18,3993,1800,0
2025-11-16 12:00:00+00:00,95565.68,95842.27,95359.02,95688.17,3179,1800,0
2025-11-16 13:00:00+00:00,95684.95,95793.46,95055.72,95356.02,3328,1800,0
2025-11-16 14:00:00+00:00,95358.23,95613.54,95245.24,95471.51,2489,1800,0
2025-11-16 15:00:00+00:00,95473.08,95491.97,94293.15,94508.77,4677,1800,0
2025-11-16 16:00:00+00:00,94514.47,94876.18,93968.51,94155.18,9407,1800,0
2025-11-16 17:00:00+00:00,94160.96,94463.64,93674.57,94302.5,6614,1800,0
2025-11-16 18:00:00+00:00,94298.94,95512.66,93717.28,93991.42,9149,1800,0
2025-11-16 19:00:00+00:00,93989.5,94543.21,93871.26,93973.77,5405,1800,0
2025-11-16 20:00:00+00:00,93974.3,94685.38,93892.82,94030.72,3862,1800,0
2025-11-16 21:00:00+00:00,94031.57,94151.77,93258.83,93448.23,5757,1800,0
2025-11-16 22:00:00+00:00,93454.03,94437.38,92966.0,94116.54,6682,1800,0
2025-11-16 23:00:00+00:00,94119.15,94469.43,92906.24,94175.62,11597,1800,0
2025-11-17 00:00:00+00:00,94173.84,95315.33,93697.56,95231.53,8763,1800,0
2025-11-17 01:00:00+00:00,95230.17,95449.1,94650.29,94705.6,4862,1800,0
2025-11-17 02:00:00+00:00,94705.2,95347.15,94640.96,94902.12,3990,1800,0
2025-11-17 03:00:00+00:00,94901.8,95498.03,94892.68,95425.82,3127,1800,0
2025-11-17 04:00:00+00:00,95435.07,95503.21,94809.45,95037.56,3740,1800,0
2025-11-17 05:00:00+00:00,95038.62,95205.53,94830.05,95058.62,2497,1800,0
2025-11-17 06:00:00+00:00,95061.34,95260.84,94817.08,95194.31,2504,1800,0
2025-11-17 07:00:00+00:00,95194.53,95809.5,95123.32,95556.15,3441,1800,0
2025-11-17 08:00:00+00:00,95565.77,95951.09,95442.93,95539.53,2962,1800,0
2025-11-17 09:00:00+00:00,95541.62,95799.42,95229.64,95568.88,2966,1800,0
2025-11-17 10:00:00+00:00,95568.22,95807.58,95456.68,95572.92,2382,1800,0
2025-11-17 11:00:00+00:00,95574.29,95859.31,95308.86,95488.6,2568,1800,0
2025-11-17 12:00:00+00:00,95487.32,95503.24,95179.26,95241.64,2537,1800,0
2025-11-17 13:00:00+00:00,95246.04,95301.5,93477.1,93869.08,7088,1800,0
2025-11-17 14:00:00+00:00,93857.09,95954.86,93665.99,94685.35,17231,1800,0
2025-11-17 15:00:00+00:00,94687.16,94935.26,93697.7,93870.88,15622,1800,0
2025-11-17 16:00:00+00:00,93873.35,94331.27,92964.61,94213.62,11812,1800,0
2025-11-17 17:00:00+00:00,94218.66,94302.38,92564.22,92670.83,9758,1800,0
2025-11-17 18:00:00+00:00,92673.6,93120.49,92320.48,92449.55,10301,1800,0
2025-11-17 19:00:00+00:00,92449.35,92560.4,91461.51,91567.48,9754,1800,0
2025-11-17 20:00:00+00:00,91563.17,92107.27,91157.21,91819.71,10549,1800,0
2025-11-17 21:00:00+00:00,91816.07,92145.9,91391.98,91836.0,5345,1800,0
2025-11-17 22:00:00+00:00,91824.87,92295.45,91686.86,92135.7,3381,1800,0
2025-11-17 23:00:00+00:00,92137.46,92176.5,91669.88,92101.54,4182,1800,0
2025-11-18 00:00:00+00:00,92101.47,92243.17,91068.61,92043.85,6739,1800,0
2025-11-18 01:00:00+00:00,92047.82,92106.56,91493.53,91627.18,6415,1800,0
2025-11-18 02:00:00+00:00,91622.99,91627.97,90569.76,90754.98,10146,1800,0
2025-11-18 03:00:00+00:00,90755.56,90811.84,89583.99,90730.5,12116,1800,0
2025-11-18 04:00:00+00:00,90728.84,90758.88,89060.37,89970.38,10343,1800,0
2025-11-18 05:00:00+00:00,89971.91,90385.19,89597.7,90107.62,5825,1800,0
2025-11-18 06:00:00+00:00,90108.18,90118.3,89255.24,89536.16,5153,1800,0
2025-11-18 07:00:00+00:00,89539.23,90435.34,89220.71,90392.17,6428,1800,0
2025-11-18 08:00:00+00:00,90391.24,91341.32,90389.57,91116.45,6238,1800,0
2025-11-18 09:00:00+00:00,91115.18,91379.95,90780.64,91286.62,4263,1800,0
2025-11-18 10:00:00+00:00,91286.36,91500.71,91141.45,91468.62,3935,1800,0
2025-11-18 11:00:00+00:00,91468.16,91504.48,91132.08,91407.31,3399,1800,0
2025-11-18 12:00:00+00:00,91407.22,91785.45,90990.72,91416.33,4610,1800,0
2025-11-18 13:00:00+00:00,91413.62,91558.44,90821.05,91374.27,4900,1800,0
2025-11-18 14:00:00+00:00,91372.59,92346.03,91098.79,91268.59,12664,1800,0
2025-11-18 15:00:00+00:00,91263.02,92950.39,90908.48,92827.86,17109,1800,0
2025-11-18 16:00:00+00:00,92824.34,93767.07,92497.29,93435.29,10044,1800,0
2025-11-18 17:00:00+00:00,93435.38,93601.91,92745.52,93200.73,6909,1800,0
2025-11-18 18:00:00+00:00,93204.9,93713.14,93088.59,93265.58,4543,1800,0
2025-11-18 19:00:00+00:00,93273.37,93556.18,92922.51,93122.55,4458,1800,0
2025-11-18 20:00:00+00:00,93125.96,93239.51,92602.01,92738.06,4354,1800,0
2025-11-18 21:00:00+00:00,92740.53,92992.54,92402.02,92438.55,3006,1800,0
2025-11-18 22:00:00+00:00,92433.27,93380.36,92423.83,93105.78,2564,1800,0
2025-11-18 23:00:00+00:00,93106.93,93121.83,92677.46,92910.32,2727,1800,0
2025-11-19 00:00:00+00:00,92911.22,92932.18,91876.25,92361.99,5452,1800,0
2025-11-19 01:00:00+00:00,92362.15,92594.53,91866.38,92383.85,5247,1800,0
2025-11-19 02:00:00+00:00,92379.14,92802.07,92203.49,92502.97,4120,1800,0
2025-11-19 03:00:00+00:00,92501.53,92576.2,91578.68,91814.96,4356,1800,0
2025-11-19 04:00:00+00:00,91812.65,91908.35,91084.07,91092.41,4379,1800,0
2025-11-19 05:00:00+00:00,91096.83,91203.11,89948.3,90390.44,6268,1800,0
2025-11-19 06:00:00+00:00,90382.46,91039.66,90208.61,90919.19,4861,1800,0
2025-11-19 07:00:00+00:00,90913.62,91956.22,90874.84,91798.26,4208,1800,0
2025-11-19 08:00:00+00:00,91799.54,91893.79,91254.29,91413.67,3656,1800,0
2025-11-19 09:00:00+00:00,91410.56,91458.69,91015.27,91458.69,3486,1800,0
2025-11-19 10:00:00+00:00,91458.47,91635.31,91155.79,91233.4,2760,1800,0
2025-11-19 11:00:00+00:00,91230.58,91711.75,91226.65,91338.47,2500,1800,0
2025-11-19 12:00:00+00:00,91338.35,91805.52,91131.23,91713.3,2974,1800,0
2025-11-19 13:00:00+00:00,91714.13,91839.71,91166.14,91331.31,4023,1800,0
2025-11-19 14:00:00+00:00,91328.37,91803.81,90970.89,91646.75,9550,1800,0
2025-11-19 15:00:00+00:00,91649.21,92331.26,89795.2,89877.88,13199,1800,0
2025-11-19 16:00:00+00:00,89874.51,90163.24,89382.92,89822.95,10403,1800,0
2025-11-19 17:00:00+00:00,89817.02,90061.7,88786.75,89407.81,10618,1800,0
2025-11-19 18:00:00+00:00,89407.92,89645.59,88697.99,89138.08,8485,1800,0
2025-11-19 19:00:00+00:00,89139.33,89278.86,88517.85,88783.67,7048,1800,0
2025-11-19 20:00:00+00:00,88784.52,89596.98,88484.73,89399.22,6470,1800,0
2025-11-19 21:00:00+00:00,89401.48,90750.82,89336.45,90502.72,8602,1800,0
2025-11-19 22:00:00+00:00,90498.2,90545.32,89996.02,90374.49,3976,1800,0
2025-11-19 23:00:00+00:00,90377.35,91502.85,90377.35,91460.45,5002,1800,0
2025-11-20 00:00:00+00:00,91449.88,92223.58,91092.09,91803.35,4571,1800,0
2025-11-20 01:00:00+00:00,91804.56,92634.38,91727.5,92505.72,4447,1800,0
2025-11-20 02:00:00+00:00,92505.64,92719.35,92232.94,92509.8,4038,1800,0
2025-11-20 03:00:00+00:00,92510.7,92643.84,92286.1,92356.55,3433,1800,0
2025-11-20 04:00:00+00:00,92359.37,92900.84,92051.84,92873.11,3317,1800,0
2025-11-20 05:00:00+00:00,92872.3,93075.93,92484.08,92541.15,3050,1800,0
2025-11-20 06:00:00+00:00,92541.16,92777.87,91590.87,91887.34,3677,1800,0
2025-11-20 07:00:00+00:00,91894.58,92356.37,91706.38,92224.58,3117,1800,0
2025-11-20 08:00:00+00:00,92224.67,92311.93,91950.79,92036.75,2742,1800,0
2025-11-20 09:00:00+00:00,92034.33,92049.41,91339.39,91801.36,3173,1800,0
2025-11-20 10:00:00+00:00,91813.0,91969.54,91501.18,91708.78,3108,1800,0
2025-11-20 11:00:00+00:00,91708.66,91933.8,91387.72,91841.39,2679,1800,0
2025-11-20 12:00:00+00:00,91838.51,91910.51,91588.86,91743.02,2989,1800,0
2025-11-20 13:00:00+00:00,91743.31,92438.22,91392.32,91430.77,8750,1800,0
2025-11-20 14:00:00+00:00,91431.6,91590.03,90353.74,90998.85,14899,1800,0
2025-11-20 15:00:00+00:00,91001.79,91078.27,89728.67,89758.86,11352,1800,0
2025-11-20 16:00:00+00:00,89757.98,89810.54,87369.41,87795.06,19480,1800,0
2025-11-20 17:00:00+00:00,87790.22,88058.84,86246.22,87133.81,21666,1800,0
2025-11-20 18:00:00+00:00,87133.4,87665.4,86211.23,86379.45,12384,1800,0
2025-11-20 19:00:00+00:00,86374.68,87052.13,85986.49,86795.6,11224,1800,0
2025-11-20 20:00:00+00:00,86792.6,87002.87,86209.29,86337.2,7859,1800,0
2025-11-20 21:00:00+00:00,86336.93,87561.68,86301.81,87188.53,5341,1800,0
2025-11-20 22:00:00+00:00,87183.76,88144.48,87094.82,87959.07,5139,1800,0
2025-11-20 23:00:00+00:00,87964.27,88063.84,86449.38,86522.46,7063,1800,0
2025-11-21 00:00:00+00:00,86525.37,87395.88,86475.11,87177.13,6978,1800,0
2025-11-21 01:00:00+00:00,87178.93,87362.42,86720.89,86939.05,6113,1800,0
2025-11-21 02:00:00+00:00,86936.74,86966.62,85236.17,85353.56,11269,1800,0
2025-11-21 03:00:00+00:00,85350.76,86033.25,85335.62,85714.58,9510,1800,0
2025-11-21 04:00:00+00:00,85714.09,86019.06,85285.47,85939.55,7304,1800,0
2025-11-21 05:00:00+00:00,85940.3,86247.6,85719.4,86075.11,5836,1800,0
2025-11-21 06:00:00+00:00,86079.21,86152.72,85420.51,85460.93,5793,1800,0
2025-11-21 07:00:00+00:00,85465.21,85648.5,81154.99,83918.98,21427,1800,0
2025-11-21 08:00:00+00:00,83917.41,84586.58,83469.49,83529.49,12660,1800,0
2025-11-21 09:00:00+00:00,83536.6,83885.21,81989.34,82106.63,11672,1800,0
2025-11-21 10:00:00+00:00,82105.91,82801.86,81531.34,82595.59,15573,1800,0
2025-11-21 11:00:00+00:00,82598.08,83229.16,82081.57,82201.98,9109,1800,0
2025-11-21 12:00:00+00:00,82205.68,83500.82,80535.93,83173.4,24952,1800,0
2025-11-21 13:00:00+00:00,83168.54,84338.48,83003.76,84017.87,13598,1800,0
2025-11-21 14:00:00+00:00,84017.06,85407.29,83456.07,84756.23,19254,1800,0
2025-11-21 15:00:00+00:00,84763.66,85017.84,82652.29,82848.15,20412,1800,0
2025-11-21 16:00:00+00:00,82844.77,84840.07,82232.29,84819.73,19372,1800,0
2025-11-21 17:00:00+00:00,84824.75,85491.66,84487.97,84798.09,14309,1800,0
2025-11-21 18:00:00+00:00,84798.3,85018.99,83222.88,84514.53,14333,1800,0
2025-11-21 19:00:00+00:00,84511.73,84953.17,84002.06,84137.89,8047,1800,0
2025-11-21 20:00:00+00:00,84135.54,84591.74,83380.76,84507.65,10207,1800,0
2025-11-21 21:00:00+00:00,84503.73,85354.91,84284.29,85115.67,6164,1800,0
2025-11-21 22:00:00+00:00,85117.19,85345.15,84189.57,84215.4,5488,1800,0
2025-11-21 23:00:00+00:00,84221.54,85298.42,84047.42,85060.62,4781,1800,0
2025-11-22 00:00:00+00:00,85064.59,85565.94,84489.49,84666.8,5450,1800,0
2025-11-22 01:00:00+00:00,84669.32,85139.2,84518.31,85093.64,4463,1800,0
2025-11-22 02:00:00+00:00,85098.64,85136.38,84207.58,84452.88,4037,1800,0
2025-11-22 03:00:00+00:00,84455.05,84547.31,84147.54,84288.91,3174,1800,0
2025-11-22 04:00:00+00:00,84279.13,84299.46,83759.75,84171.15,4740,1800,0
2025-11-22 05:00:00+00:00,84171.11,84255.29,83805.48,84219.82,3650,1800,0
2025-11-22 06:00:00+00:00,84218.64,84736.02,84009.71,84546.73,3139,1800,0
2025-11-22 11:00:00+00:00,84154.31,84294.22,84023.72,84027.51,622,1800,0
2025-11-22 12:00:00+00:00,84031.91,84101.55,83562.55,83826.18,3586,1800,0
2025-11-22 13:00:00+00:00,83829.53,84074.75,83588.14,83883.77,3835,1800,0
2025-11-22 14:00:00+00:00,83888.22,84694.36,83873.87,84432.81,5480,1800,0
2025-11-22 15:00:00+00:00,84434.13,84510.88,83949.81,84214.24,3823,1800,0
2025-11-22 16:00:00+00:00,84215.77,84845.59,84153.78,84641.16,3509,1800,0
2025-11-22 17:00:00+00:00,84649.94,84672.63,84357.97,84497.45,2861,1800,0
2025-11-22 18:00:00+00:00,84499.9,84627.61,84410.05,84605.86,2377,1800,0
2025-11-22 19:00:00+00:00,84600.09,84741.62,84454.46,84550.62,2252,1800,0
2025-11-22 20:00:00+00:00,84550.48,84762.95,84185.55,84409.98,2595,1800,0
2025-11-22 21:00:00+00:00,84408.28,84463.62,84175.2,84346.3,2415,1800,0
2025-11-22 22:00:00+00:00,84346.4,85211.61,84220.72,85003.45,3085,1800,0
2025-11-22 23:00:00+00:00,85008.28,85127.72,84607.99,84680.6,3485,1800,0
2025-11-23 00:00:00+00:00,84677.17,85266.73,84613.75,84911.96,4056,1800,0
2025-11-23 01:00:00+00:00,84918.53,86183.73,84893.57,85826.58,4964,1800,0
2025-11-23 02:00:00+00:00,85825.74,86298.07,85619.08,85944.88,5125,1800,0
2025-11-23 03:00:00+00:00,85944.71,86252.5,85756.95,86252.5,3423,1800,0
2025-11-23 04:00:00+00:00,86254.41,86817.6,86101.83,86490.8,4652,1800,0
2025-11-23 05:00:00+00:00,86492.24,86531.72,85943.43,86300.53,2781,1800,0
2025-11-23 06:00:00+00:00,86304.53,86460.12,85814.64,85814.64,2704,1800,0
2025-11-23 07:00:00+00:00,85815.85,85870.47,85802.99,85864.55,39,1800,0
2025-11-23 08:00:00+00:00,86126.9,86137.58,86067.57,86088.52,62,1800,0
2025-11-23 09:00:00+00:00,86085.69,86430.92,86019.72,86345.85,2736,1800,0
2025-11-23 10:00:00+00:00,86346.81,86414.99,85994.66,86020.67,2655,1800,0
2025-11-23 11:00:00+00:00,86021.12,86370.49,85787.75,86294.04,3235,1800,0
2025-11-23 12:00:00+00:00,86283.78,86852.73,86218.56,86484.35,4494,1800,0
2025-11-23 13:00:00+00:00,86486.89,86889.53,86271.45,86881.96,3663,1800,0
2025-11-23 14:00:00+00:00,86882.68,87171.5,86441.48,86513.1,4801,1800,0
2025-11-23 15:00:00+00:00,86519.72,87215.21,86400.48,87034.32,4105,1800,0
2025-11-23 16:00:00+00:00,87033.68,87466.16,86628.02,86649.91,4835,1800,0
2025-11-23 17:00:00+00:00,86651.68,86926.98,86455.59,86698.54,4246,1800,0
2025-11-23 18:00:00+00:00,86698.65,87226.13,86683.54,86960.02,3276,1800,0
2025-11-23 19:00:00+00:00,86961.4,87652.45,86887.79,87297.02,3647,1800,0
2025-11-23 20:00:00+00:00,87298.0,87667.16,87187.28,87438.27,3348,1800,0
2025-11-23 21:00:00+00:00,87442.46,87961.7,87120.16,87957.42,3130,1800,0
2025-11-23 22:00:00+00:00,87957.11,88117.56,87527.93,87974.46,3950,1800,0
2025-11-23 23:00:00+00:00,87982.76,88065.41,86698.35,86804.6,5874,1800,0
2025-11-24 00:00:00+00:00,86805.86,87182.63,85898.73,86700.71,7005,1800,0
2025-11-24 01:00:00+00:00,86694.94,87046.03,86351.31,87021.8,6506,1800,0
2025-11-24 02:00:00+00:00,87027.32,88013.69,86968.23,87489.1,8022,1800,0
2025-11-24 03:00:00+00:00,87488.08,87758.76,87153.28,87411.49,4575,1800,0
2025-11-24 04:00:00+00:00,87413.89,87557.32,86401.37,86687.08,5343,1800,0
2025-11-24 05:00:00+00:00,86684.65,87793.26,86625.58,87415.85,5570,1800,0
2025-11-24 06:00:00+00:00,87418.62,87472.31,86761.88,86863.51,4756,1800,0
2025-11-24 07:00:00+00:00,86860.63,87305.71,86647.3,87006.21,4270,1800,0
2025-11-24 08:00:00+00:00,87004.16,87004.16,86666.04,86913.71,4373,1800,0
2025-11-24 09:00:00+00:00,86914.56,86914.56,85755.06,85897.73,5691,1800,0
2025-11-24 10:00:00+00:00,85896.64,86142.56,85637.71,85997.05,4068,1800,0
2025-11-24 11:00:00+00:00,85996.37,86386.58,85776.59,86214.76,3288,1800,0
2025-11-24 12:00:00+00:00,86216.02,86270.54,85819.29,85952.19,3985,1800,0
2025-11-24 13:00:00+00:00,85947.1,86528.82,85897.27,86098.17,4056,1800,0
2025-11-24 14:00:00+00:00,86095.57,86621.44,85211.96,86113.64,11445,1800,0
2025-11-24 15:00:00+00:00,86117.79,86685.48,85851.06,86563.66,11245,1800,0
2025-11-24 16:00:00+00:00,86562.12,87679.6,86562.12,87131.57,7128,1800,0
2025-11-24 17:00:00+00:00,87135.72,88415.27,86902.97,88336.71,6610,1800,0
2025-11-24 18:00:00+00:00,88333.92,88698.09,88151.81,88684.24,5161,1800,0
2025-11-24 19:00:00+00:00,88683.77,88823.75,88075.61,88304.01,4261,1800,0
2025-11-24 20:00:00+00:00,88303.25,89217.15,88303.25,89068.58,4577,1800,0
2025-11-24 21:00:00+00:00,89061.31,89120.35,88703.54,88737.4,3091,1800,0
2025-11-24 22:00:00+00:00,88737.63,89077.16,88570.98,88607.91,2577,1800,0
2025-11-24 23:00:00+00:00,88603.71,88668.59,88215.01,88264.91,2326,1800,0
2025-11-25 00:00:00+00:00,88264.15,88264.15,87835.44,88077.62,3524,1800,0
2025-11-25 01:00:00+00:00,88078.13,88183.09,87679.07,87704.14,3447,1800,0
2025-11-25 02:00:00+00:00,87709.62,87921.11,87422.29,87882.26,3379,1800,0
2025-11-25 03:00:00+00:00,87883.2,88026.47,87520.51,87782.43,2729,1800,0
2025-11-25 04:00:00+00:00,87773.19,88484.34,87749.08,88312.47,2760,1800,0
2025-11-25 05:00:00+00:00,88312.36,88312.36,87901.51,88088.51,2150,1800,0
2025-11-25 06:00:00+00:00,88086.57,88127.62,87771.66,87976.62,2075,1800,0
2025-11-25 07:00:00+00:00,87978.44,88037.54,87305.2,87368.98,2755,1800,0
2025-11-25 08:00:00+00:00,87378.67,87600.35,86967.02,86985.21,3080,1800,0
2025-11-25 09:00:00+00:00,86987.63,87219.14,86644.3,87203.12,3581,1800,0
2025-11-25 10:00:00+00:00,87200.55,87402.36,86918.92,87381.16,2294,1800,0
2025-11-25 11:00:00+00:00,87376.92,87516.66,87281.08,87332.12,1870,1800,0
2025-11-25 12:00:00+00:00,87333.33,87756.76,87332.15,87486.32,3236,1800,0
2025-11-25 13:00:00+00:00,87487.64,87689.19,86827.39,87039.17,4244,1800,0
2025-11-25 14:00:00+00:00,87047.61,87275.6,86056.69,86694.15,8364,1800,0
2025-11-25 15:00:00+00:00,86691.53,87273.32,86154.32,86951.45,7734,1800,0
2025-11-25 16:00:00+00:00,86950.73,87251.23,86657.14,87064.19,5338,1800,0
2025-11-25 17:00:00+00:00,87065.31,88104.57,86987.26,87584.69,4691,1800,0
2025-11-25 18:00:00+00:00,87585.91,87790.11,87180.28,87193.21,3938,1800,0
2025-11-25 19:00:00+00:00,87187.91,87296.73,86125.75,86827.72,5522,1800,0
2025-11-25 20:00:00+00:00,86836.64,87431.21,86657.43,87358.23,3974,1800,0
2025-11-25 21:00:00+00:00,87346.22,87413.96,86938.87,86993.69,2846,1800,0
2025-11-25 22:00:00+00:00,86999.04,87685.98,86542.61,87602.33,3564,1800,0
2025-11-25 23:00:00+00:00,87601.96,87862.74,87282.69,87326.18,3419,1800,0
2025-11-26 00:00:00+00:00,87328.46,87737.8,87312.26,87543.47,3168,1800,0
2025-11-26 01:00:00+00:00,87542.65,88195.95,87289.16,87882.33,3734,1800,0
2025-11-26 02:00:00+00:00,87883.61,88056.01,87619.16,87679.95,2770,1800,0
2025-11-26 03:00:00+00:00,87680.64,87851.65,87031.83,87093.09,2951,1800,0
2025-11-26 04:00:00+00:00,87092.97,87325.45,86861.39,87193.64,2300,1800,0
2025-11-26 05:00:00+00:00,87190.78,87718.68,87173.88,87486.33,2297,1800,0
2025-11-26 06:00:00+00:00,87483.52,87854.96,87411.84,87755.36,2583,1800,0
2025-11-26 07:00:00+00:00,87750.3,87940.54,87657.52,87896.51,2284,1800,0
2025-11-26 08:00:00+00:00,87899.86,87907.27,87361.77,87375.8,2286,1800,0
2025-11-26 09:00:00+00:00,87379.35,87414.67,86702.68,86802.95,2466,1800,0
2025-11-26 10:00:00+00:00,86800.47,87024.71,86629.99,86921.0,2255,1800,0
2025-11-26 11:00:00+00:00,86920.15,87084.7,86805.16,87065.1,2094,1800,0
2025-11-26 12:00:00+00:00,87063.53,87153.3,86277.75,86623.31,3903,1800,0
2025-11-26 13:00:00+00:00,86617.34,87103.7,86532.14,87093.7,3437,1800,0
2025-11-26 14:00:00+00:00,87097.34,87667.47,86782.4,86884.94,5993,1800,0
2025-11-26 15:00:00+00:00,86884.8,87334.83,86628.68,86944.34,6264,1800,0
2025-11-26 16:00:00+00:00,86945.24,87931.48,86929.11,87793.71,4458,1800,0
2025-11-26 17:00:00+00:00,87794.81,89947.97,87679.03,89813.09,7431,1800,0
2025-11-26 18:00:00+00:00,89813.24,90399.02,89656.23,90132.35,6483,1800,0
2025-11-26 19:00:00+00:00,90124.24,90177.51,89717.76,89951.93,3944,1800,0
2025-11-26 20:00:00+00:00,89943.41,90103.14,89490.75,89852.43,3836,1800,0
2025-11-26 21:00:00+00:00,89853.62,90502.03,89792.62,90180.49,2934,1800,0
2025-11-26 22:00:00+00:00,90181.14,90625.8,90105.7,90365.35,2687,1800,0
2025-11-26 23:00:00+00:00,90362.67,90588.57,90290.36,90475.17,2172,1800,0
2025-11-27 00:00:00+00:00,90473.88,90570.53,90057.74,90462.16,2748,1800,0
2025-11-27 01:00:00+00:00,90462.01,91224.81,90361.58,91130.61,3517,1800,0
2025-11-27 02:00:00+00:00,91123.39,91885.81,90867.32,91373.9,5114,1800,0
2025-11-27 03:00:00+00:00,91371.61,91591.99,91023.25,91079.12,3260,1800,0
2025-11-27 04:00:00+00:00,91079.27,91343.21,91033.34,91260.47,2482,1800,0
2025-11-27 05:00:00+00:00,91257.78,91544.54,90874.95,90947.75,3058,1800,0
2025-11-27 06:00:00+00:00,90946.28,91429.33,90943.68,91228.16,2140,1800,0
2025-11-27 07:00:00+00:00,91228.64,91493.35,91116.52,91395.79,2227,1800,0
2025-11-27 08:00:00+00:00,91396.1,91513.33,91205.81,91474.02,1959,1800,0
2025-11-27 09:00:00+00:00,91474.11,91944.46,91469.94,91562.64,2496,1800,0
2025-11-27 10:00:00+00:00,91564.44,91732.46,91340.17,91594.4,2194,1800,0
2025-11-27 11:00:00+00:00,91594.5,91613.95,91292.69,91368.34,1674,1800,0
2025-11-27 12:00:00+00:00,91367.23,91445.41,90931.34,90974.77,2349,1800,0
2025-11-27 13:00:00+00:00,90975.45,91059.62,90426.23,90842.2,3769,1800,0
2025-11-27 14:00:00+00:00,90844.13,90968.07,90557.01,90771.55,2888,1800,0
2025-11-27 15:00:00+00:00,90770.14,90973.87,90609.15,90944.38,2744,1800,0
2025-11-27 16:00:00+00:00,90940.65,91553.56,90830.47,91438.59,3650,1800,0
2025-11-27 17:00:00+00:00,91438.67,91630.98,91286.64,91458.0,2629,1800,0
2025-11-27 18:00:00+00:00,91457.68,91834.65,91332.86,91769.89,2368,1800,0
2025-11-27 19:00:00+00:00,91773.37,91773.37,91486.24,91520.26,2040,1800,0
2025-11-27 20:00:00+00:00,91521.39,91591.46,91385.45,91427.84,1899,1800,0
2025-11-27 21:00:00+00:00,91426.12,91593.15,91188.79,91402.37,1971,1800,0
2025-11-27 22:00:00+00:00,91404.62,91577.92,91093.31,91314.8,2170,1800,0
2025-11-27 23:00:00+00:00,91311.03,91554.26,91209.57,91321.79,1756,1800,0
2025-11-28 00:00:00+00:00,91314.77,91403.6,91047.06,91187.94,2037,1800,0
2025-11-28 01:00:00+00:00,91189.2,91195.82,90772.6,90777.25,2896,1800,0
2025-11-28 02:00:00+00:00,90778.37,91121.39,90639.46,91060.55,3078,1800,0
2025-11-28 03:00:00+00:00,91058.52,91290.16,90971.88,91190.5,1891,1800,0
2025-11-28 04:00:00+00:00,91194.44,91470.19,91109.09,91400.18,1935,1800,0
2025-11-28 05:00:00+00:00,91401.23,91704.78,91279.47,91592.85,2196,1800,0
2025-11-28 06:00:00+00:00,91588.35,91588.35,91138.44,91273.56,1848,1800,0
2025-11-28 07:00:00+00:00,91276.16,91552.89,90836.04,90885.3,1928,1800,0
2025-11-28 08:00:00+00:00,90883.01,91704.22,90879.23,91670.19,3365,1800,0
2025-11-28 09:00:00+00:00,91665.76,91878.0,91423.7,91588.99,3187,1800,0
2025-11-28 10:00:00+00:00,91588.65,91860.21,91465.39,91833.46,2032,1800,0
2025-11-28 11:00:00+00:00,91839.74,92021.53,91045.8,91422.16,3931,1800,0
2025-11-28 12:00:00+00:00,91421.62,91678.93,91385.49,91504.08,2228,1800,0
2025-11-28 13:00:00+00:00,91504.63,92661.78,91360.8,92365.95,4600,1800,0
2025-11-28 14:00:00+00:00,92363.33,93117.92,91819.85,92255.38,8246,1800,0
2025-11-28 15:00:00+00:00,92253.47,92803.62,91972.51,92361.48,4946,1800,0
2025-11-28 16:00:00+00:00,92363.57,92391.99,90872.0,90943.47,6179,1800,0
2025-11-28 17:00:00+00:00,90942.89,91218.68,90213.2,90689.93,6863,1800,0
2025-11-28 18:00:00+00:00,90695.26,90988.89,90424.09,90838.2,4261,1800,0
2025-11-28 19:00:00+00:00,90843.63,91211.88,90828.28,91157.38,2550,1800,0
2025-11-28 20:00:00+00:00,91156.0,91243.58,90866.17,91213.45,2071,1800,0
2025-11-28 21:00:00+00:00,91212.83,91273.79,90900.32,90903.52,1758,1800,0
2025-11-28 22:00:00+00:00,90896.26,91172.37,90717.48,91141.29,2413,1800,0
2025-11-28 23:00:00+00:00,91138.98,91212.36,90899.95,90911.65,1625,1800,0
2025-11-29 00:00:00+00:00,90908.3,90988.13,90777.77,90895.08,1732,1800,0
2025-11-29 01:00:00+00:00,90895.5,91137.28,90808.99,90890.48,1567,1800,0
2025-11-29 02:00:00+00:00,90891.4,90947.31,90554.02,90802.11,1653,1800,0
2025-11-29 03:00:00+00:00,90802.24,90883.82,90664.33,90686.39,1286,1800,0
2025-11-29 04:00:00+00:00,90685.69,90928.85,90555.42,90909.37,1221,1800,0
2025-11-29 05:00:00+00:00,90909.29,90935.78,90731.43,90764.86,1104,1800,0
2025-11-29 06:00:00+00:00,90766.14,90838.04,90315.34,90568.0,2293,1800,0
2025-11-29 07:00:00+00:00,90564.25,90682.87,90376.07,90577.06,1631,1800,0
2025-11-29 08:00:00+00:00,90578.32,90747.67,90491.75,90639.82,1682,1800,0
2025-11-29 09:00:00+00:00,90640.94,90691.51,90518.14,90583.73,1466,1800,0
2025-11-29 10:00:00+00:00,90583.61,90665.34,90392.11,90571.76,1528,1800,0
2025-11-29 11:00:00+00:00,90574.8,90701.97,90479.45,90691.19,1358,1800,0
2025-11-29 12:00:00+00:00,90694.38,90830.22,90549.39,90637.04,1421,1800,0
2025-11-29 13:00:00+00:00,90641.85,90839.06,90606.46,90804.5,1385,1800,0
2025-11-29 14:00:00+00:00,90804.02,90804.02,90634.71,90650.18,1423,1800,0
2025-11-29 15:00:00+00:00,90651.16,91134.77,90651.16,91087.01,2131,1800,0
2025-11-29 16:00:00+00:00,91092.73,91188.56,90879.32,91021.07,1776,1800,0
2025-11-29 17:00:00+00:00,91021.55,91050.49,90454.84,90458.07,2294,1800,0
2025-11-29 18:00:00+00:00,90457.25,90754.4,90173.34,90720.87,3072,1800,0
2025-11-29 19:00:00+00:00,90720.45,90871.45,90618.38,90668.9,1634,1800,0
2025-11-29 20:00:00+00:00,90668.97,91060.76,90429.63,90981.36,1962,1800,0
2025-11-29 21:00:00+00:00,90977.63,91078.2,90827.4,91031.59,1619,1800,0
2025-11-29 22:00:00+00:00,91029.05,91033.48,90720.19,90779.16,1853,1800,0
2025-11-29 23:00:00+00:00,90781.82,90921.13,90711.06,90827.79,1267,1800,0
2025-11-30 00:00:00+00:00,90827.85,90968.3,90789.47,90913.5,1304,1800,0
2025-11-30 01:00:00+00:00,90910.66,91072.12,90877.97,90927.22,1277,1800,0
2025-11-30 02:00:00+00:00,90926.78,91056.25,90767.31,90811.54,1310,1800,0
2025-11-30 03:00:00+00:00,90814.22,90937.31,90481.24,90926.87,1729,1800,0
2025-11-30 04:00:00+00:00,90927.66,90993.4,90802.71,90861.64,1277,1800,0
2025-11-30 05:00:00+00:00,90859.4,90862.58,90686.99,90802.57,1253,1800,0
2025-11-30 06:00:00+00:00,90800.74,90948.9,90732.71,90905.19,1283,1800,0
2025-11-30 07:00:00+00:00,90905.19,91056.02,90867.57,90983.95,1287,1800,0
2025-11-30 08:00:00+00:00,90981.88,91453.63,90946.52,91189.02,2550,1800,0
2025-11-30 09:00:00+00:00,91196.56,91641.96,91133.84,91406.67,2378,1800,0
2025-11-30 10:00:00+00:00,91404.63,91466.0,91198.29,91241.13,1616,1800,0
2025-11-30 11:00:00+00:00,91241.44,91405.12,90996.77,91060.59,1681,1800,0
2025-11-30 12:00:00+00:00,91062.77,91542.71,91015.01,91475.02,2130,1800,0
2025-11-30 13:00:00+00:00,91475.18,91972.24,91399.37,91764.3,2949,1800,0
2025-11-30 14:00:00+00:00,91767.48,91778.15,91253.04,91494.9,2071,1800,0
2025-11-30 15:00:00+00:00,91494.56,91613.98,91317.7,91450.14,1929,1800,0
2025-11-30 16:00:00+00:00,91452.64,91860.97,91408.05,91833.84,1820,1800,0
2025-11-30 17:00:00+00:00,91827.39,91827.39,91323.52,91495.07,1932,1800,0
2025-11-30 18:00:00+00:00,91494.23,91494.23,91138.84,91458.63,1676,1800,0
2025-11-30 19:00:00+00:00,91456.97,91498.84,91305.23,91462.38,1335,1800,0
2025-11-30 20:00:00+00:00,91462.93,91626.03,91169.82,91309.08,1604,1800,0
2025-11-30 21:00:00+00:00,91302.09,91337.14,90878.6,91177.79,2038,1800,0
2025-11-30 22:00:00+00:00,91179.29,91337.74,91039.82,91221.09,1830,1800,0
2025-11-30 23:00:00+00:00,91222.6,91253.21,90348.7,90371.36,3576,1800,0
2025-12-01 00:00:00+00:00,90370.03,90431.81,86982.49,87009.06,19185,1800,0
2025-12-01 01:00:00+00:00,87007.19,87748.4,86936.95,87172.73,8902,1800,0
2025-12-01 02:00:00+00:00,87171.32,87511.06,86466.29,86725.01,5922,1800,0
2025-12-01 03:00:00+00:00,86737.11,86825.34,86161.65,86352.02,5148,1800,0
2025-12-01 04:00:00+00:00,86353.89,86355.77,85695.08,85803.52,4884,1800,0
2025-12-01 05:00:00+00:00,85805.67,86010.9,85603.24,85998.5,3693,1800,0
2025-12-01 06:00:00+00:00,86001.77,86362.22,85965.78,86241.2,3330,1800,0
2025-12-01 07:00:00+00:00,86242.49,86571.48,86051.39,86535.28,3228,1800,0
2025-12-01 08:00:00+00:00,86531.2,86884.24,86379.52,86864.51,2848,1800,0
2025-12-01 09:00:00+00:00,86860.49,86931.57,86510.33,86695.18,3123,1800,0
2025-12-01 10:00:00+00:00,86695.57,86805.48,86536.05,86635.95,2108,1800,0
2025-12-01 11:00:00+00:00,86636.98,86694.17,86115.25,86122.39,2572,1800,0
2025-12-01 12:00:00+00:00,86124.14,86208.88,84726.14,85412.94,6699,1800,0
2025-12-01 13:00:00+00:00,85410.71,86135.25,85320.97,85961.81,6539,1800,0
2025-12-01 14:00:00+00:00,85965.1,86656.47,85844.83,86046.96,8620,1800,0
2025-12-01 15:00:00+00:00,86048.15,86124.04,83795.71,84669.41,13350,1800,0
2025-12-01 16:00:00+00:00,84670.73,85446.74,84021.04,84535.2,9279,1800,0
2025-12-01 17:00:00+00:00,84541.98,85260.31,84429.91,84933.1,6299,1800,0
2025-12-01 18:00:00+00:00,84935.93,85561.62,84698.82,85180.02,5681,1800,0
2025-12-01 19:00:00+00:00,85182.82,85291.85,84587.98,85019.07,5692,1800,0
2025-12-01 20:00:00+00:00,85015.3,85834.63,84991.48,85508.64,6572,1800,0
2025-12-01 21:00:00+00:00,85512.3,86507.11,85489.42,86436.24,5081,1800,0
2025-12-01 22:00:00+00:00,86433.1,86876.96,86302.63,86579.61,3679,1800,0
2025-12-01 23:00:00+00:00,86584.23,86830.57,86242.12,86280.02,2805,1800,0
2025-12-02 00:00:00+00:00,86279.0,86666.33,86181.97,86516.98,3952,1800,0
2025-12-02 01:00:00+00:00,86516.89,87370.77,86382.38,86451.81,6084,1800,0
2025-12-02 02:00:00+00:00,86453.66,86857.78,86256.65,86534.41,4015,1800,0
2025-12-02 03:00:00+00:00,86533.58,87097.26,86195.97,86969.28,3329,1800,0
2025-12-02 04:00:00+00:00,86968.39,87277.72,86890.43,86966.27,3231,1800,0
2025-12-02 05:00:00+00:00,86970.13,87119.2,86811.37,87009.33,2660,1800,0
2025-12-02 06:00:00+00:00,87001.32,87182.55,86852.93,87079.16,2248,1800,0
2025-12-02 07:00:00+00:00,87079.42,87116.55,86874.74,87008.74,2005,1800,0
2025-12-02 08:00:00+00:00,87006.9,87057.93,86346.96,86465.07,3133,1800,0
2025-12-02 09:00:00+00:00,86463.8,86996.49,86443.32,86758.89,3059,1800,0
2025-12-02 10:00:00+00:00,86757.78,87612.78,86748.93,87270.43,2948,1800,0
2025-12-02 11:00:00+00:00,87273.26,87612.85,86988.62,87375.55,3137,1800,0
2025-12-02 12:00:00+00:00,87375.42,87556.55,87202.12,87264.09,2606,1800,0
2025-12-02 13:00:00+00:00,87264.27,87892.41,87042.92,87727.86,4066,1800,0
2025-12-02 14:00:00+00:00,87728.28,89280.56,87596.48,89271.41,10317,1800,0
2025-12-02 15:00:00+00:00,89264.34,91220.59,89264.34,90852.57,14591,1800,0
2025-12-02 16:00:00+00:00,90858.54,91347.78,90212.19,90764.36,9083,1800,0
2025-12-02 17:00:00+00:00,90763.32,92022.04,90742.4,91475.04,7194,1800,0
2025-12-02 18:00:00+00:00,91475.3,92279.27,91354.36,91959.41,6025,1800,0
2025-12-02 19:00:00+00:00,91960.34,92336.98,91852.46,91922.37,4051,1800,0
2025-12-02 20:00:00+00:00,91919.37,91955.02,90745.14,91049.3,5708,1800,0
2025-12-02 21:00:00+00:00,91052.41,91664.01,90986.21,91590.43,3167,1800,0
2025-12-02 22:00:00+00:00,91590.31,92040.42,91533.21,91999.89,2943,1800,0
2025-12-02 23:00:00+00:00,91997.66,92010.64,91287.31,91308.82,2575,1800,0
2025-12-03 00:00:00+00:00,91309.44,91777.8,91015.16,91684.76,4780,1800,0
2025-12-03 01:00:00+00:00,91673.68,92512.12,91483.66,92266.09,4928,1800,0
2025-12-03 02:00:00+00:00,92270.58,93072.5,92157.5,92828.06,6853,1800,0
2025-12-03 03:00:00+00:00,92833.68,93104.39,92591.98,92641.37,4240,1800,0
2025-12-03 04:00:00+00:00,92639.19,93486.66,92628.74,93367.98,5470,1800,0
2025-12-03 05:00:00+00:00,93368.61,93677.33,93111.25,93648.69,5409,1800,0
2025-12-03 06:00:00+00:00,93649.38,93979.42,93160.49,93453.54,5141,1800,0
2025-12-03 07:00:00+00:00,93453.22,93489.11,92874.54,93019.78,4047,1800,0
2025-12-03 08:00:00+00:00,93021.63,93202.81,92684.04,92782.26,3619,1800,0
2025-12-03 09:00:00+00:00,92776.95,93232.58,92716.87,93187.39,3622,1800,0
2025-12-03 10:00:00+00:00,93192.92,93399.64,92869.5,92958.52,3335,1800,0
2025-12-03 11:00:00+00:00,92956.28,93073.85,92669.15,93020.85,3257,1800,0
2025-12-03 12:00:00+00:00,93020.78,93133.46,92706.41,92951.34,3265,1800,0
2025-12-03 13:00:00+00:00,92952.55,93295.07,92893.77,93146.7,3640,1800,0
2025-12-03 14:00:00+00:00,93149.9,93712.51,91725.93,92365.44,17844,1800,0
2025-12-03 15:00:00+00:00,92368.18,93016.6,91948.59,92391.72,10754,1800,0
2025-12-03 16:00:00+00:00,92392.09,92767.36,91785.34,92261.9,6899,1800,0
2025-12-03 17:00:00+00:00,92257.18,93053.13,92205.14,92971.69,5715,1800,0
2025-12-03 18:00:00+00:00,92975.58,93524.93,92386.96,92635.16,5168,1800,0
2025-12-03 19:00:00+00:00,92635.0,93110.95,92537.88,93038.21,3626,1800,0
2025-12-03 20:00:00+00:00,93040.73,93408.75,92832.49,92991.94,4211,1800,0
2025-12-03 21:00:00+00:00,92988.91,93795.67,92858.91,93710.71,3447,1800,0
2025-12-03 22:00:00+00:00,93708.66,94218.46,93306.97,93789.6,4671,1800,0
2025-12-03 23:00:00+00:00,93786.8,94110.54,93369.91,93453.57,4143,1800,0
2025-12-04 00:00:00+00:00,93450.66,93506.48,92681.74,93075.84,4240,1800,0
2025-12-04 01:00:00+00:00,93075.71,93773.47,92994.75,93212.9,4704,1800,0
2025-12-04 02:00:00+00:00,93215.52,94080.82,93127.15,93943.16,4347,1800,0
2025-12-04 03:00:00+00:00,93939.08,94089.29,93393.69,93550.08,3241,1800,0
2025-12-04 04:00:00+00:00,93542.04,93597.64,93211.82,93363.8,2641,1800,0
2025-12-04 05:00:00+00:00,93364.75,93384.31,92784.38,92983.3,2646,1800,0
2025-12-04 06:00:00+00:00,92985.76,93385.5,92847.55,93158.22,2686,1800,0
2025-12-04 07:00:00+00:00,93158.27,93433.24,92902.89,93401.04,2184,1800,0
2025-12-04 08:00:00+00:00,93407.35,93621.05,93044.42,93263.53,2792,1800,0
2025-12-04 09:00:00+00:00,93266.89,93643.76,93242.36,93460.5,2852,1800,0
2025-12-04 10:00:00+00:00,93460.88,93579.3,93161.86,93268.41,2540,1800,0
2025-12-04 11:00:00+00:00,93266.44,93328.6,92731.5,92956.81,2721,1800,0
2025-12-04 12:00:00+00:00,92958.93,93211.41,92779.03,93002.5,2608,1800,0
2025-12-04 13:00:00+00:00,93002.32,93064.43,92430.48,92530.3,4728,1800,0
2025-12-04 14:00:00+00:00,92528.23,92832.58,91809.36,91909.74,7700,1800,0
2025-12-04 15:00:00+00:00,91907.04,93285.54,91897.51,92992.28,9104,1800,0
2025-12-04 16:00:00+00:00,92991.5,93202.14,92280.27,92447.89,6255,1800,0
2025-12-04 17:00:00+00:00,92447.8,92565.07,91771.98,92445.88,5607,1800,0
2025-12-04 18:00:00+00:00,92445.08,92582.16,91966.67,92149.83,4555,1800,0
2025-12-04 19:00:00+00:00,92150.07,92203.11,90886.5,91992.57,8913,1800,0
2025-12-04 20:00:00+00:00,91990.36,92564.73,91696.63,92499.6,5612,1800,0
2025-12-04 21:00:00+00:00,92496.61,92742.09,92096.53,92177.95,3221,1800,0
2025-12-04 22:00:00+00:00,92179.21,92514.11,92165.8,92359.95,2282,1800,0
2025-12-04 23:00:00+00:00,92360.75,92473.93,92075.52,92092.67,2285,1800,0
2025-12-05 00:00:00+00:00,92093.56,92499.16,92072.88,92316.39,2628,1800,0
2025-12-05 01:00:00+00:00,92317.14,92625.33,92242.66,92381.79,2498,1800,0
2025-12-05 02:00:00+00:00,92378.96,92728.17,92263.56,92539.48,2189,1800,0
2025-12-05 03:00:00+00:00,92539.38,92683.54,91979.5,92170.3,2126,1800,0
2025-12-05 04:00:00+00:00,92166.04,92419.41,91811.33,92044.76,2525,1800,0
2025-12-05 05:00:00+00:00,92044.31,92226.46,91890.44,91957.34,2033,1800,0
2025-12-05 06:00:00+00:00,91955.58,92309.53,91915.84,92296.62,1885,1800,0
2025-12-05 07:00:00+00:00,92291.62,92519.26,92217.58,92279.38,1939,1800,0
2025-12-05 08:00:00+00:00,92283.65,92283.65,91913.25,92131.61,2102,1800,0
2025-12-05 09:00:00+00:00,92132.99,92133.2,91004.34,91149.43,4579,1800,0
2025-12-05 10:00:00+00:00,91136.76,91519.46,91106.6,91298.23,2754,1800,0
2025-12-05 11:00:00+00:00,91302.93,91588.02,91137.95,91375.69,2779,1800,0
2025-12-05 12:00:00+00:00,91373.15,91450.21,91083.31,91261.6,2641,1800,0
2025-12-05 13:00:00+00:00,91262.81,91387.04,90246.74,90494.79,6076,1800,0
2025-12-05 14:00:00+00:00,90490.91,90768.06,89906.63,90303.08,8521,1800,0
2025-12-05 15:00:00+00:00,90304.1,91499.95,90270.53,90471.82,11265,1800,0
2025-12-05 16:00:00+00:00,90471.69,90528.79,88050.58,88833.4,15394,1800,0
2025-12-05 17:00:00+00:00,88839.44,89547.3,88624.25,89347.52,8205,1800,0
2025-12-05 18:00:00+00:00,89341.52,89825.28,88921.39,88967.81,6469,1800,0
2025-12-05 19:00:00+00:00,88969.81,89830.11,88836.59,89664.57,6217,1800,0
2025-12-05 20:00:00+00:00,89651.96,89771.55,89206.55,89321.73,4180,1800,0
2025-12-05 21:00:00+00:00,89324.08,89506.12,89090.7,89197.19,2795,1800,0
2025-12-05 22:00:00+00:00,89200.59,89389.62,88908.63,89252.69,2488,1800,0
2025-12-05 23:00:00+00:00,89258.24,89401.63,88948.46,89335.05,2060,1800,0
2025-12-06 00:00:00+00:00,89335.47,89488.77,89044.45,89420.46,2131,1800,0
2025-12-06 01:00:00+00:00,89434.88,89518.53,89205.43,89336.8,1994,1800,0
2025-12-06 02:00:00+00:00,89338.37,89416.05,89176.11,89387.17,1965,1800,0
2025-12-06 03:00:00+00:00,89387.71,89812.65,89384.53,89690.67,2315,1800,0
2025-12-06 04:00:00+00:00,89693.68,89727.27,89525.77,89666.43,1825,1800,0
2025-12-06 05:00:00+00:00,89663.45,89748.92,89529.75,89606.47,1524,1800,0
2025-12-06 06:00:00+00:00,89605.2,89780.4,89531.58,89700.39,1312,1800,0
2025-12-06 07:00:00+00:00,89699.81,89715.65,89581.15,89609.06,537,1800,0
2025-12-06 08:00:00+00:00,89609.52,89658.49,89222.66,89291.3,2274,1800,0
2025-12-06 09:00:00+00:00,89289.65,89686.82,89265.95,89586.95,1902,1800,0
2025-12-06 10:00:00+00:00,89588.84,89694.87,89461.25,89514.16,1571,1800,0
2025-12-06 11:00:00+00:00,89510.78,89737.46,89494.82,89645.44,1614,1800,0
2025-12-06 12:00:00+00:00,89642.13,89661.59,89561.98,89588.48,1369,1800,0
2025-12-06 13:00:00+00:00,89594.93,89800.56,89580.88,89672.62,1330,1800,0
2025-12-06 14:00:00+00:00,89663.43,90313.39,89649.89,90006.88,2850,1800,0
2025-12-06 15:00:00+00:00,90006.86,90060.61,89484.79,89775.4,3166,1800,0
2025-12-06 16:00:00+00:00,89775.32,89994.64,89675.04,89722.04,2111,1800,0
2025-12-06 17:00:00+00:00,89720.49,89853.22,89607.93,89724.84,1942,1800,0
2025-12-06 18:00:00+00:00,89724.19,89807.86,89528.2,89670.4,1563,1800,0
2025-12-06 19:00:00+00:00,89669.93,89764.56,89256.46,89428.79,2372,1800,0
2025-12-06 20:00:00+00:00,89429.91,89584.2,89330.88,89562.69,1570,1800,0
2025-12-06 21:00:00+00:00,89561.48,89641.6,89408.2,89437.24,1872,1800,0
2025-12-06 22:00:00+00:00,89437.28,89548.2,89260.94,89305.94,1525,1800,0
2025-12-06 23:00:00+00:00,89306.25,89353.19,88914.91,89232.21,2741,1800,0
2025-12-07 00:00:00+00:00,89258.79,89571.45,89180.52,89398.04,2334,1800,0
2025-12-07 01:00:00+00:00,89417.7,89597.58,89301.77,89302.46,1732,1800,0
2025-12-07 02:00:00+00:00,89300.57,89700.33,89300.57,89626.74,1565,1800,0
2025-12-07 03:00:00+00:00,89619.02,89757.65,89552.47,89731.67,1481,1800,0
2025-12-07 04:00:00+00:00,89733.32,89805.82,89492.1,89553.86,1548,1800,0
2025-12-07 05:00:00+00:00,89553.89,89580.71,89424.19,89517.12,1199,1800,0
2025-12-07 06:00:00+00:00,89516.4,89714.15,89491.27,89714.15,1318,1800,0
2025-12-07 07:00:00+00:00,89714.07,89749.44,89208.0,89387.0,1911,1800,0
2025-12-07 08:00:00+00:00,89390.6,89541.55,89184.87,89315.76,1792,1800,0
2025-12-07 09:00:00+00:00,89319.51,89415.56,89054.72,89117.01,1790,1800,0
2025-12-07 10:00:00+00:00,89116.59,89410.84,89098.86,89248.32,1766,1800,0
2025-12-07 11:00:00+00:00,89244.94,89293.79,89147.3,89158.47,1412,1800,0
2025-12-07 12:00:00+00:00,89158.41,89598.59,89123.84,89480.52,1798,1800,0
2025-12-07 13:00:00+00:00,89481.6,89527.47,88624.68,89061.09,3302,1800,0
2025-12-07 14:00:00+00:00,89064.0,89119.64,87730.22,88229.91,8537,1800,0
2025-12-07 15:00:00+00:00,88226.97,89737.76,88167.68,89550.36,7092,1800,0
2025-12-07 16:00:00+00:00,89546.99,89929.42,89107.83,89901.86,4537,1800,0
2025-12-07 17:00:00+00:00,89907.81,91308.5,89621.45,90951.87,8481,1800,0
2025-12-07 18:00:00+00:00,90951.31,91780.9,90951.31,91374.5,5325,1800,0
2025-12-07 19:00:00+00:00,91378.25,91556.54,91219.34,91436.16,2709,1800,0
2025-12-07 20:00:00+00:00,91434.98,91523.98,91315.0,91433.9,2039,1800,0
2025-12-07 21:00:00+00:00,91441.23,91441.23,89852.2,90230.05,4506,1800,0
2025-12-07 22:00:00+00:00,90221.68,90260.01,88939.02,89603.69,9539,1800,0
2025-12-07 23:00:00+00:00,89599.93,90498.04,89527.52,90396.05,4690,1800,0
2025-12-08 00:00:00+00:00,90395.58,90612.58,89843.99,90353.1,4358,1800,0
2025-12-08 01:00:00+00:00,90357.5,91706.38,90301.42,90919.68,5974,1800,0
2025-12-08 02:00:00+00:00,90919.31,91453.57,90803.79,91367.17,4203,1800,0
2025-12-08 03:00:00+00:00,91367.46,91431.12,90979.67,91077.09,2916,1800,0
2025-12-08 04:00:00+00:00,91082.19,91490.27,91012.25,91288.48,2779,1800,0
2025-12-08 05:00:00+00:00,91285.29,91449.66,91035.4,91323.36,2562,1800,0
2025-12-08 06:00:00+00:00,91324.18,91653.17,91240.47,91468.56,2372,1800,0
2025-12-08 07:00:00+00:00,91471.49,91887.43,91341.33,91570.77,2755,1800,0
2025-12-08 08:00:00+00:00,91573.9,91953.51,91475.05,91831.46,2615,1800,0
2025-12-08 09:00:00+00:00,91825.85,92302.2,91783.72,91912.8,3840,1800,0
2025-12-08 10:00:00+00:00,91913.03,92227.02,91820.42,92128.18,2434,1800,0
2025-12-08 11:00:00+00:00,92126.14,92190.44,91858.17,91967.04,2190,1800,0
2025-12-08 12:00:00+00:00,91973.36,91997.07,91664.52,91768.51,2612,1800,0
2025-12-08 13:00:00+00:00,91764.6,92149.77,91265.17,91461.96,4161,1800,0
2025-12-08 14:00:00+00:00,91461.83,91784.14,90764.95,90844.39,9097,1800,0
2025-12-08 15:00:00+00:00,90848.63,91009.25,89600.2,89955.14,11176,1800,0
2025-12-08 16:00:00+00:00,89953.28,90486.89,89659.99,89982.3,7213,1800,0
2025-12-08 17:00:00+00:00,89982.5,90350.29,89686.34,90259.78,5824,1800,0
2025-12-08 18:00:00+00:00,90260.89,90524.13,89719.28,89918.84,6007,1800,0
2025-12-08 19:00:00+00:00,89918.85,90370.51,89845.2,90129.93,5104,1800,0
2025-12-08 20:00:00+00:00,90134.58,90941.59,90134.12,90800.31,4857,1800,0
2025-12-08 21:00:00+00:00,90801.78,91396.13,90671.06,91306.89,3585,1800,0
2025-12-08 22:00:00+00:00,91310.1,91390.34,90716.41,90826.43,2478,1800,0
2025-12-08 23:00:00+00:00,90825.15,91030.47,90481.69,90663.31,2948,1800,0
2025-12-09 00:00:00+00:00,90663.2,90863.91,90350.61,90396.91,3087,1800,0
2025-12-09 01:00:00+00:00,90406.83,90579.36,89959.86,90069.27,3794,1800,0
2025-12-09 02:00:00+00:00,90069.52,90390.26,89977.35,90076.15,2983,1800,0
2025-12-09 03:00:00+00:00,90077.43,90460.55,89811.21,90417.53,2914,1800,0
2025-12-09 04:00:00+00:00,90416.95,90520.63,89731.18,89922.74,2513,1800,0
2025-12-09 05:00:00+00:00,89923.14,90208.79,89463.44,89902.55,2902,1800,0
2025-12-09 06:00:00+00:00,89902.49,90233.39,89773.06,90160.39,2453,1800,0
2025-12-09 07:00:00+00:00,90160.57,90527.77,90083.48,90488.92,2484,1800,0
2025-12-09 08:00:00+00:00,90495.05,90622.89,90353.12,90493.45,2275,1800,0
2025-12-09 09:00:00+00:00,90491.28,90501.19,90125.44,90144.26,2280,1800,0
2025-12-09 10:00:00+00:00,90146.19,90354.48,89905.19,90298.84,2936,1800,0
2025-12-09 11:00:00+00:00,90300.45,90402.5,90131.72,90393.37,2307,1800,0
2025-12-09 12:00:00+00:00,90396.65,90710.3,90315.82,90572.33,2680,1800,0
2025-12-09 13:00:00+00:00,90573.38,90857.73,90156.3,90427.02,3052,1800,0
2025-12-09 14:00:00+00:00,90426.76,90641.28,89999.84,90361.76,7133,1800,0
2025-12-09 15:00:00+00:00,90361.88,92899.06,90283.03,92713.26,13879,1800,0
2025-12-09 16:00:00+00:00,92701.3,94484.73,92684.94,94198.11,12111,1800,0
2025-12-09 17:00:00+00:00,94197.57,94606.16,93548.52,93937.18,7493,1800,0
2025-12-09 18:00:00+00:00,93933.19,94191.57,93666.16,93936.41,4904,1800,0
2025-12-09 19:00:00+00:00,93937.07,94252.13,93652.88,93821.72,4095,1800,0
2025-12-09 20:00:00+00:00,93817.26,93866.76,92779.67,93127.42,6518,1800,0
2025-12-09 21:00:00+00:00,93123.86,93248.86,92250.23,92648.14,4651,1800,0
2025-12-09 22:00:00+00:00,92648.48,93051.89,92501.1,92878.47,3802,1800,0
2025-12-09 23:00:00+00:00,92877.63,92986.48,92546.14,92688.76,2656,1800,0
2025-12-10 00:00:00+00:00,92688.84,92796.19,92050.43,92133.72,3351,1800,0
2025-12-10 01:00:00+00:00,92136.28,92413.18,91966.76,92323.52,3076,1800,0
2025-12-10 02:00:00+00:00,92325.35,92579.1,92031.26,92512.13,2665,1800,0
2025-12-10 03:00:00+00:00,92518.23,92581.19,92348.26,92416.35,1886,1800,0
2025-12-10 04:00:00+00:00,92418.26,92683.46,92388.49,92567.57,2291,1800,0
2025-12-10 05:00:00+00:00,92569.55,92756.85,92527.3,92558.12,1926,1800,0
2025-12-10 06:00:00+00:00,92559.57,92756.68,92401.99,92697.45,1750,1800,0
2025-12-10 07:00:00+00:00,92693.04,92803.86,92495.17,92796.3,1786,1800,0
2025-12-10 08:00:00+00:00,92797.06,92817.8,92548.24,92606.52,1971,1800,0
2025-12-10 09:00:00+00:00,92604.49,92957.89,92426.96,92925.34,2323,1800,0
2025-12-10 10:00:00+00:00,92931.27,93279.83,92132.01,92274.52,4733,1800,0
2025-12-10 11:00:00+00:00,92272.84,92440.98,91761.34,92125.08,3721,1800,0
2025-12-10 12:00:00+00:00,92125.44,92222.79,91816.91,91985.57,2992,1800,0
2025-12-10 13:00:00+00:00,91986.17,92243.15,91940.65,92097.34,2764,1800,0
2025-12-10 14:00:00+00:00,92089.22,92115.78,91593.87,91838.83,5765,1800,0
2025-12-10 15:00:00+00:00,91836.44,92162.9,91565.29,92066.0,6611,1800,0
2025-12-10 16:00:00+00:00,92069.67,92602.92,91893.61,92178.45,5464,1800,0
2025-12-10 17:00:00+00:00,92178.34,92526.37,92090.0,92390.88,4697,1800,0
2025-12-10 18:00:00+00:00,92390.39,93045.65,91985.91,92489.15,6082,1800,0
2025-12-10 19:00:00+00:00,92490.08,93271.98,91667.68,92982.72,19336,1800,0
2025-12-10 20:00:00+00:00,92986.01,94505.18,92268.64,92487.13,15586,1800,0
2025-12-10 21:00:00+00:00,92490.18,92806.58,91885.29,92373.64,7123,1800,0
2025-12-10 22:00:00+00:00,92384.86,92724.27,91955.74,92536.41,4008,1800,0
2025-12-10 23:00:00+00:00,92535.05,92613.76,91950.81,92031.12,2987,1800,0
2025-12-11 00:00:00+00:00,92026.11,92104.1,91057.46,91407.9,4966,1800,0
2025-12-11 01:00:00+00:00,91410.12,91431.94,90662.64,90702.95,6085,1800,0
2025-12-11 02:00:00+00:00,90703.25,90703.25,89882.94,90098.15,7066,1800,0
2025-12-11 03:00:00+00:00,90098.9,90098.9,89403.29,89888.08,6419,1800,0
2025-12-11 04:00:00+00:00,89887.25,90509.83,89695.22,90445.46,3987,1800,0
2025-12-11 05:00:00+00:00,90446.2,90446.2,90075.68,90319.71,2400,1800,0
2025-12-11 06:00:00+00:00,90320.08,90463.59,89969.75,90300.94,2507,1800,0
2025-12-11 07:00:00+00:00,90297.54,90344.45,90084.95,90285.84,2148,1800,0
2025-12-11 08:00:00+00:00,90285.24,90288.89,89978.27,90200.9,2635,1800,0
2025-12-11 09:00:00+00:00,90200.81,90529.07,90148.89,90253.63,2465,1800,0
2025-12-11 10:00:00+00:00,90252.2,90367.7,90170.03,90331.31,1690,1800,0
2025-12-11 11:00:00+00:00,90331.39,90436.2,90212.17,90248.21,1502,1800,0
2025-12-11 12:00:00+00:00,90248.56,90396.7,90015.73,90043.14,2036,1800,0
2025-12-11 13:00:00+00:00,90043.73,90176.46,89856.54,90103.3,2513,1800,0
2025-12-11 14:00:00+00:00,90103.2,90498.1,89255.13,89549.76,8068,1800,0
2025-12-11 15:00:00+00:00,89544.06,90664.27,89403.78,89879.93,9734,1800,0
2025-12-11 16:00:00+00:00,89878.18,90180.42,89319.72,89738.7,7240,1800,0
2025-12-11 17:00:00+00:00,89731.38,90263.31,89618.9,89990.61,4455,1800,0
2025-12-11 18:00:00+00:00,89986.75,91208.71,89889.95,90699.88,5952,1800,0
2025-12-11 19:00:00+00:00,90698.59,91559.25,90579.34,90853.98,5989,1800,0
2025-12-11 20:00:00+00:00,90854.05,91860.9,90798.54,91791.91,5719,1800,0
2025-12-11 21:00:00+00:00,91794.07,93592.49,91703.94,92879.02,8989,1800,0
2025-12-11 22:00:00+00:00,92877.39,93221.75,92100.82,92378.77,5204,1800,0
2025-12-11 23:00:00+00:00,92379.33,92838.21,92345.05,92544.87,3892,1800,0
2025-12-12 00:00:00+00:00,92541.94,92668.78,91469.48,91597.1,3710,1800,0
2025-12-12 01:00:00+00:00,91599.62,92334.64,91542.22,92181.67,4281,1800,0
2025-12-12 02:00:00+00:00,92181.57,92759.91,91935.15,92604.79,3549,1800,0
2025-12-12 03:00:00+00:00,92610.83,92781.83,92182.53,92304.66,2604,1800,0
2025-12-12 04:00:00+00:00,92301.03,92475.28,92141.02,92403.11,1830,1800,0
2025-12-12 05:00:00+00:00,92415.69,92516.73,92075.16,92450.38,1965,1800,0
2025-12-12 06:00:00+00:00,92444.71,92744.29,92408.02,92520.63,2066,1800,0
2025-12-12 07:00:00+00:00,92518.07,92585.28,92266.84,92441.33,1760,1800,0
2025-12-12 08:00:00+00:00,92440.76,92501.38,92099.8,92366.93,2224,1800,0
2025-12-12 09:00:00+00:00,92354.81,92565.28,92086.23,92524.39,2077,1800,0
2025-12-12 10:00:00+00:00,92526.97,92647.73,92420.2,92504.16,1799,1800,0
2025-12-12 11:00:00+00:00,92503.79,92503.79,92278.91,92432.19,1722,1800,0
2025-12-12 12:00:00+00:00,92425.64,92446.71,92079.68,92440.68,1827,1800,0
2025-12-12 13:00:00+00:00,92437.12,92530.43,92245.55,92323.14,1906,1800,0
2025-12-12 14:00:00+00:00,92324.48,92690.15,91899.5,92460.88,6216,1800,0
2025-12-12 15:00:00+00:00,92456.18,92474.16,89767.09,89942.3,14360,1800,0
2025-12-12 16:00:00+00:00,89931.69,90445.91,89473.81,90048.06,11811,1800,0
2025-12-12 17:00:00+00:00,90048.99,90639.09,89834.91,90105.99,7012,1800,0
2025-12-12 18:00:00+00:00,90106.5,90684.04,90044.98,90393.61,5662,1800,0
2025-12-12 19:00:00+00:00,90394.4,90427.33,90007.75,90196.38,4570,1800,0
2025-12-12 20:00:00+00:00,90198.36,90349.55,89886.95,90217.85,4183,1800,0
2025-12-12 21:00:00+00:00,90218.43,90360.58,90107.36,90194.31,1997,1800,0
2025-12-12 22:00:00+00:00,90191.5,90399.24,90184.13,90349.18,1529,1800,0
2025-12-12 23:00:00+00:00,90351.19,90402.54,90231.46,90280.67,1372,1800,0
2025-12-13 00:00:00+00:00,90282.05,90442.93,90202.64,90320.29,1322,1800,0
2025-12-13 01:00:00+00:00,90325.73,90361.74,90113.46,90224.6,1043,1800,0
2025-12-13 02:00:00+00:00,90221.34,90318.87,90210.73,90234.23,1010,1800,0
2025-12-13 03:00:00+00:00,90237.82,90475.09,90197.32,90348.25,932,1800,0
2025-12-13 04:00:00+00:00,90349.86,90423.62,90270.47,90373.57,965,1800,0
2025-12-13 05:00:00+00:00,90378.8,90395.72,90264.51,90337.26,888,1800,0
2025-12-13 06:00:00+00:00,90337.08,90385.86,90271.47,90363.59,832,1800,0
2025-12-13 07:00:00+00:00,90363.19,90414.71,90328.63,90342.34,984,1800,0
2025-12-13 08:00:00+00:00,90345.64,90584.57,90320.31,90468.58,1644,1800,0
2025-12-13 09:00:00+00:00,90466.24,90527.08,90385.57,90430.26,1175,1800,0
2025-12-13 10:00:00+00:00,90432.75,90654.43,90415.16,90603.53,1229,1800,0
2025-12-13 11:00:00+00:00,90601.21,90622.43,90291.88,90359.74,1365,1800,0
2025-12-13 12:00:00+00:00,90361.68,90494.69,90293.24,90359.58,1333,1800,0
2025-12-13 13:00:00+00:00,90365.74,90471.51,90201.88,90272.09,1497,1800,0
2025-12-13 14:00:00+00:00,90270.96,90362.68,89927.93,90101.71,1923,1800,0
2025-12-13 15:00:00+00:00,90092.26,90300.83,90046.91,90107.73,1551,1800,0
2025-12-13 16:00:00+00:00,90111.27,90286.38,90035.42,90109.06,1403,1800,0
2025-12-13 17:00:00+00:00,90108.54,90122.59,89985.71,90072.27,1333,1800,0
2025-12-13 18:00:00+00:00,90068.76,90206.33,90049.56,90135.96,1175,1800,0
2025-12-13 19:00:00+00:00,90130.68,90245.47,90113.22,90193.25,902,1800,0
2025-12-13 20:00:00+00:00,90207.72,90237.63,90047.36,90116.47,987,1800,0
2025-12-13 21:00:00+00:00,90114.13,90195.12,89756.45,90179.73,1761,1800,0
2025-12-13 22:00:00+00:00,90178.37,90283.63,90014.39,90139.22,1804,1800,0
2025-12-13 23:00:00+00:00,90138.36,90303.86,90067.42,90256.34,1481,1800,0
2025-12-14 00:00:00+00:00,90250.22,90494.9,90131.87,90356.66,1788,1800,0
2025-12-14 01:00:00+00:00,90356.97,90455.55,90207.89,90303.95,1331,1800,0
2025-12-14 02:00:00+00:00,90309.79,90402.2,90255.55,90304.58,1057,1800,0
2025-12-14 03:00:00+00:00,90308.85,90323.24,90249.65,90273.71,868,1800,0
2025-12-14 04:00:00+00:00,90274.58,90353.23,90129.64,90214.78,1092,1800,0
2025-12-14 05:00:00+00:00,90209.23,90245.07,90051.74,90205.7,1120,1800,0
2025-12-14 06:00:00+00:00,90205.2,90262.89,90107.58,90161.57,1208,1800,0
2025-12-14 07:00:00+00:00,90162.59,90288.21,90086.36,90265.33,889,1800,0
2025-12-14 08:00:00+00:00,90258.74,90303.9,90116.76,90130.42,1226,1800,0
2025-12-14 09:00:00+00:00,90130.32,90169.17,90015.44,90037.66,1194,1800,0
2025-12-14 10:00:00+00:00,90037.54,90135.64,89792.59,89861.07,2132,1800,0
2025-12-14 11:00:00+00:00,89859.52,89875.03,88586.29,89367.46,6799,1800,0
2025-12-14 12:00:00+00:00,89361.92,89683.86,89115.16,89430.52,3678,1800,0
2025-12-14 13:00:00+00:00,89427.13,89511.97,89085.29,89488.85,3056,1800,0
2025-12-14 14:00:00+00:00,89488.99,89574.42,88878.68,89110.55,3689,1800,0
2025-12-14 15:00:00+00:00,89114.68,89185.08,88867.43,89020.86,2929,1800,0
2025-12-14 16:00:00+00:00,89025.31,89407.15,88499.74,88842.83,3687,1800,0
2025-12-14 17:00:00+00:00,88842.37,89044.55,88598.59,88815.77,3704,1800,0
2025-12-14 18:00:00+00:00,88812.48,89077.73,88714.04,89002.14,2658,1800,0
2025-12-14 19:00:00+00:00,89000.73,89005.72,88495.75,88645.46,2628,1800,0
2025-12-14 20:00:00+00:00,88644.82,88833.54,88353.37,88566.63,3142,1800,0
2025-12-14 21:00:00+00:00,88561.95,88722.26,88347.68,88451.85,2315,1800,0
2025-12-14 22:00:00+00:00,88455.0,88626.58,87988.35,88404.84,3923,1800,0
2025-12-14 23:00:00+00:00,88404.02,88619.39,87561.31,88173.2,6215,1800,0
2025-12-15 00:00:00+00:00,88165.22,88700.39,88058.73,88452.05,5022,1800,0
2025-12-15 01:00:00+00:00,88460.17,89342.74,88412.59,89240.91,5026,1800,0
2025-12-15 02:00:00+00:00,89242.33,90020.88,89230.77,89318.83,4911,1800,0
2025-12-15 03:00:00+00:00,89319.76,89551.2,89228.97,89287.9,2770,1800,0
2025-12-15 04:00:00+00:00,89289.77,89801.75,89273.24,89671.94,2725,1800,0
2025-12-15 05:00:00+00:00,89672.66,89760.8,89488.06,89615.24,1952,1800,0
2025-12-15 06:00:00+00:00,89619.11,89923.24,89469.54,89747.65,2061,1800,0
2025-12-15 07:00:00+00:00,89752.95,89839.27,89515.38,89743.18,2356,1800,0
2025-12-15 08:00:00+00:00,89746.65,89903.97,89643.2,89769.84,2005,1800,0
2025-12-15 09:00:00+00:00,89770.23,89990.73,89770.23,89861.14,2102,1800,0
2025-12-15 10:00:00+00:00,89861.94,89990.9,89694.6,89869.44,2483,1800,0
2025-12-15 11:00:00+00:00,89868.85,89911.08,89573.43,89652.47,1619,1800,0
2025-12-15 12:00:00+00:00,89652.33,89770.31,89421.56,89695.77,2268,1800,0
2025-12-15 13:00:00+00:00,89698.23,89747.4,89263.33,89422.96,2592,1800,0
2025-12-15 14:00:00+00:00,89423.08,89882.03,87832.22,88033.75,10299,1800,0
2025-12-15 15:00:00+00:00,88029.55,88183.15,86600.43,87031.77,18141,1800,0
2025-12-15 16:00:00+00:00,87034.56,87217.06,86015.78,86370.81,11015,1800,0
2025-12-15 17:00:00+00:00,86368.07,86487.08,85569.34,85752.81,7998,1800,0
2025-12-15 18:00:00+00:00,85750.81,86277.85,85095.95,86171.0,8068,1800,0
2025-12-15 19:00:00+00:00,86168.92,86554.72,85847.17,86133.83,7447,1800,0
2025-12-15 20:00:00+00:00,86132.14,86183.45,85592.4,85760.21,6208,1800,0
2025-12-15 21:00:00+00:00,85765.28,86291.27,85494.3,86203.35,3757,1800,0
2025-12-15 22:00:00+00:00,86207.29,86251.63,85795.3,86244.64,2446,1800,0
2025-12-15 23:00:00+00:00,86245.86,86451.95,86088.38,86406.54,2760,1800,0
2025-12-16 00:00:00+00:00,86416.47,86501.45,85815.57,85848.12,3087,1800,0
2025-12-16 01:00:00+00:00,85847.79,86150.71,85646.14,85869.64,4284,1800,0
2025-12-16 02:00:00+00:00,85869.17,86207.28,85780.07,85910.5,3477,1800,0
2025-12-16 03:00:00+00:00,85914.43,85995.45,85356.42,85851.87,3658,1800,0
2025-12-16 04:00:00+00:00,85851.04,85908.36,85244.82,85820.51,3282,1800,0
2025-12-16 05:00:00+00:00,85810.35,86198.53,85771.98,86005.0,2734,1800,0
2025-12-16 06:00:00+00:00,86009.61,86597.6,86009.61,86482.49,1970,1800,0
2025-12-16 07:00:00+00:00,86481.23,86602.45,85834.24,85995.5,3212,1800,0
2025-12-16 08:00:00+00:00,85996.48,86368.74,85894.15,86259.17,2738,1800,0
2025-12-16 09:00:00+00:00,86255.69,86408.2,86164.87,86323.32,2184,1800,0
2025-12-16 10:00:00+00:00,86325.48,87313.98,86243.21,86949.03,4622,1800,0
2025-12-16 11:00:00+00:00,86954.35,87320.84,86790.13,87237.43,3212,1800,0
2025-12-16 12:00:00+00:00,87235.5,87475.16,87042.76,87186.56,3144,1800,0
2025-12-16 13:00:00+00:00,87184.52,87790.54,86392.43,86425.91,9891,1800,0
2025-12-16 14:00:00+00:00,86422.94,87750.24,86066.64,87276.62,14159,1800,0
2025-12-16 15:00:00+00:00,87265.67,88145.47,86819.61,87953.77,11872,1800,0
2025-12-16 16:00:00+00:00,87950.66,88035.22,87360.76,87561.49,8269,1800,0
2025-12-16 17:00:00+00:00,87557.79,87829.46,87066.07,87106.28,5117,1800,0
2025-12-16 18:00:00+00:00,87112.8,88002.45,87034.13,87766.42,4799,1800,0
2025-12-16 19:00:00+00:00,87770.02,87777.83,87262.19,87555.66,4120,1800,0
2025-12-16 20:00:00+00:00,87555.48,87824.79,87313.59,87550.44,3900,1800,0
2025-12-16 21:00:00+00:00,87548.5,87893.23,87475.87,87740.3,2049,1800,0
2025-12-16 22:00:00+00:00,87739.83,87924.89,87613.22,87778.47,1833,1800,0
2025-12-16 23:00:00+00:00,87787.8,87854.6,87574.99,87842.14,2123,1800,0
2025-12-17 00:00:00+00:00,87838.75,87838.75,87383.38,87509.6,2622,1800,0
2025-12-17 01:00:00+00:00,87507.85,87935.41,87449.81,87530.25,2672,1800,0
2025-12-17 02:00:00+00:00,87533.08,87574.59,87163.98,87459.76,2897,1800,0
2025-12-17 03:00:00+00:00,87461.3,87592.73,87116.56,87190.11,1997,1800,0
2025-12-17 04:00:00+00:00,87191.7,87367.66,86682.05,86728.36,2735,1800,0
2025-12-17 05:00:00+00:00,86734.0,86742.67,86180.92,86604.36,4144,1800,0
2025-12-17 06:00:00+00:00,86604.16,86979.6,86557.47,86747.29,2896,1800,0
2025-12-17 07:00:00+00:00,86747.4,87143.4,86556.29,87015.4,3115,1800,0
2025-12-17 08:00:00+00:00,87016.34,87021.43,86281.81,86369.6,2953,1800,0
2025-12-17 09:00:00+00:00,86369.48,86570.35,86216.52,86391.14,2539,1800,0
2025-12-17 10:00:00+00:00,86388.42,86813.9,86195.14,86588.73,3179,1800,0
2025-12-17 11:00:00+00:00,86587.98,87105.68,86520.58,86956.02,2463,1800,0
2025-12-17 12:00:00+00:00,86958.09,87189.56,86783.65,86990.68,3111,1800,0
2025-12-17 13:00:00+00:00,86985.69,87828.64,86770.33,87596.95,5291,1800,0
2025-12-17 14:00:00+00:00,87600.05,89663.35,87131.94,89637.35,14157,1800,0
2025-12-17 15:00:00+00:00,89632.09,90358.52,87102.2,87214.89,23756,1800,0
2025-12-17 16:00:00+00:00,87203.78,87738.38,86128.36,86944.02,17780,1800,0
2025-12-17 17:00:00+00:00,86940.86,87088.68,86218.25,86387.2,7906,1800,0
2025-12-17 18:00:00+00:00,86385.52,86815.26,85603.22,85787.09,7709,1800,0
2025-12-17 19:00:00+00:00,85788.18,86147.23,85265.35,85982.68,8279,1800,0
2025-12-17 20:00:00+00:00,85982.57,86210.61,85621.96,85855.84,5635,1800,0
2025-12-17 21:00:00+00:00,85853.91,86020.24,85660.7,85943.38,2803,1800,0
2025-12-17 22:00:00+00:00,85947.06,86409.85,85851.47,86313.71,2514,1800,0
2025-12-17 23:00:00+00:00,86313.54,86313.54,85905.15,86199.49,2197,1800,0
2025-12-18 00:00:00+00:00,86199.62,86284.23,86007.87,86182.5,2321,1800,0
2025-12-18 01:00:00+00:00,86182.63,86205.55,85816.4,86088.42,3467,1800,0
2025-12-18 02:00:00+00:00,86090.67,86846.41,85974.77,86646.48,4573,1800,0
2025-12-18 03:00:00+00:00,86641.95,86657.07,86218.27,86574.25,2865,1800,0
2025-12-18 04:00:00+00:00,86577.88,86859.22,86550.32,86726.63,2109,1800,0
2025-12-18 05:00:00+00:00,86718.4,86731.29,86329.74,86401.64,2267,1800,0
2025-12-18 06:00:00+00:00,86399.15,86625.41,86363.71,86609.14,1987,1800,0
2025-12-18 07:00:00+00:00,86600.41,86831.68,86547.52,86783.01,2161,1800,0
2025-12-18 08:00:00+00:00,86781.82,87095.14,86636.85,86930.75,3038,1800,0
2025-12-18 09:00:00+00:00,86929.17,87360.35,86750.8,87231.24,2970,1800,0
2025-12-18 10:00:00+00:00,87229.66,87415.47,87159.14,87308.78,2266,1800,0
2025-12-18 11:00:00+00:00,87306.6,87319.25,87012.43,87235.27,2177,1800,0
2025-12-18 12:00:00+00:00,87253.94,87405.66,87065.9,87214.94,2605,1800,0
2025-12-18 13:00:00+00:00,87215.05,89172.02,87210.74,88795.89,12835,1800,0
2025-12-18 14:00:00+00:00,88793.19,89437.64,87675.02,88310.85,17048,1800,0
2025-12-18 15:00:00+00:00,88302.22,89309.43,87918.24,88456.97,11204,1800,0
2025-12-18 16:00:00+00:00,88456.78,88482.52,87765.14,87945.53,7199,1800,0
2025-12-18 17:00:00+00:00,87951.01,87981.13,85409.35,86430.8,17893,1800,0
2025-12-18 18:00:00+00:00,86431.77,86837.86,85654.71,85931.35,7772,1800,0
2025-12-18 19:00:00+00:00,85928.36,85979.32,84426.77,84428.59,12331,1800,0
2025-12-18 20:00:00+00:00,84429.96,85228.13,84393.64,84529.77,9430,1800,0
2025-12-18 21:00:00+00:00,84523.57,85798.09,84506.82,85578.0,6224,1800,0
2025-12-18 22:00:00+00:00,85581.79,85716.41,85224.96,85531.41,3210,1800,0
2025-12-18 23:00:00+00:00,85531.6,85578.52,85260.39,85442.47,2744,1800,0
2025-12-19 00:00:00+00:00,85442.62,85551.1,85234.69,85547.67,2647,1800,0
2025-12-19 01:00:00+00:00,85547.67,85547.67,85048.98,85265.92,3107,1800,0
2025-12-19 02:00:00+00:00,85264.52,85898.96,85064.86,85589.89,3930,1800,0
2025-12-19 03:00:00+00:00,85587.48,87522.14,85546.4,86842.62,11909,1800,0
2025-12-19 04:00:00+00:00,86838.48,87322.52,86771.95,87046.09,4603,1800,0
2025-12-19 05:00:00+00:00,87050.64,87181.41,86612.36,87077.67,3395,1800,0
2025-12-19 06:00:00+00:00,87075.53,87432.52,86846.62,87431.68,2943,1800,0
2025-12-19 07:00:00+00:00,87428.11,88336.05,87410.93,87893.92,6447,1800,0
2025-12-19 08:00:00+00:00,87894.05,88160.45,87667.72,88042.65,4141,1800,0
2025-12-19 09:00:00+00:00,88036.13,88116.34,87841.62,88044.24,3019,1800,0
2025-12-19 10:00:00+00:00,88042.17,88313.09,87842.08,88223.31,2998,1800,0
2025-12-19 11:00:00+00:00,88219.4,88329.01,88080.85,88155.35,2825,1800,0
2025-12-19 12:00:00+00:00,88156.1,88223.24,87786.21,87820.94,3888,1800,0
2025-12-19 13:00:00+00:00,87820.78,88166.68,87773.5,87935.26,3198,1800,0
2025-12-19 14:00:00+00:00,87948.75,88524.27,87449.17,88116.37,10318,1800,0
2025-12-19 15:00:00+00:00,88112.17,89358.98,87635.29,87906.2,13562,1800,0
2025-12-19 16:00:00+00:00,87903.64,88843.73,87810.48,87929.47,7449,1800,0
2025-12-19 17:00:00+00:00,87929.33,88295.88,86810.96,86886.59,8439,1800,0
2025-12-19 18:00:00+00:00,86887.01,87409.44,86773.98,87102.77,4788,1800,0
2025-12-19 19:00:00+00:00,87102.64,88069.78,87071.87,87781.53,4807,1800,0
2025-12-19 20:00:00+00:00,87771.21,88363.5,87537.25,88037.92,5250,1800,0
2025-12-19 21:00:00+00:00,88042.62,88043.36,87729.03,87789.6,2375,1800,0
2025-12-19 22:00:00+00:00,87790.69,88376.61,87786.97,88289.35,2793,1800,0
2025-12-19 23:00:00+00:00,88279.66,88307.16,88076.78,88091.58,1693,1800,0
2025-12-20 00:00:00+00:00,88092.02,88138.87,87909.76,87964.56,2044,1800,0
2025-12-20 01:00:00+00:00,87963.89,88127.25,87956.87,88033.29,1356,1800,0
2025-12-20 02:00:00+00:00,88036.29,88275.55,87940.83,88158.41,1537,1800,0
2025-12-20 03:00:00+00:00,88158.31,88296.48,88120.31,88165.98,1341,1800,0
2025-12-20 04:00:00+00:00,88167.37,88294.64,88072.08,88248.9,1426,1800,0
2025-12-20 05:00:00+00:00,88256.91,88548.42,88219.2,88253.77,1772,1800,0
2025-12-20 06:00:00+00:00,88253.67,88401.93,88234.61,88266.03,1240,1800,0
2025-12-20 07:00:00+00:00,88264.99,88299.07,88142.17,88228.34,1382,1800,0
2025-12-20 08:00:00+00:00,88228.57,88393.39,88212.13,88212.89,1657,1800,0
2025-12-20 09:00:00+00:00,88210.6,88302.65,88176.55,88187.09,1429,1800,0
2025-12-20 10:00:00+00:00,88187.0,88240.32,88079.33,88119.0,1553,1800,0
2025-12-20 11:00:00+00:00,88118.9,88266.36,88049.08,88234.44,1560,1800,0
2025-12-20 12:00:00+00:00,88233.73,88310.92,88138.19,88194.94,1251,1800,0
2025-12-20 13:00:00+00:00,88195.5,88300.04,87753.01,88215.99,2688,1800,0
2025-12-20 14:00:00+00:00,88215.41,88241.02,87959.95,88210.33,1935,1800,0
2025-12-20 15:00:00+00:00,88209.53,88227.55,87956.77,88132.74,1580,1800,0
2025-12-20 16:00:00+00:00,88133.92,88198.12,88081.85,88109.09,1282,1800,0
2025-12-20 17:00:00+00:00,88109.33,88214.78,88050.19,88153.77,1297,1800,0
2025-12-20 18:00:00+00:00,88152.29,88384.53,88103.43,88271.21,1078,1800,0
2025-12-20 19:00:00+00:00,88272.95,88291.74,88158.47,88187.39,1252,1800,0
2025-12-20 20:00:00+00:00,88184.53,88291.33,88168.9,88233.11,1074,1800,0
2025-12-20 21:00:00+00:00,88233.02,88424.05,88137.07,88185.12,1423,1800,0
2025-12-20 22:00:00+00:00,88185.0,88304.08,88111.32,88242.97,1525,1800,0
2025-12-20 23:00:00+00:00,88243.87,88380.69,88208.61,88316.14,1463,1800,0
2025-12-21 00:00:00+00:00,88316.33,88398.24,88259.08,88341.95,1309,1800,0
2025-12-21 01:00:00+00:00,88340.7,88340.7,87961.73,87988.17,1564,1800,0
2025-12-21 02:00:00+00:00,87996.14,88116.72,87823.76,87924.54,2041,1800,0
2025-12-21 03:00:00+00:00,87924.45,88130.67,87907.41,88040.83,1424,1800,0
2025-12-21 04:00:00+00:00,88042.43,88117.24,88006.12,88047.42,1136,1800,0
2025-12-21 05:00:00+00:00,88047.44,88127.61,88019.59,88101.4,1252,1800,0
2025-12-21 06:00:00+00:00,88099.49,88182.59,88036.79,88063.28,1280,1800,0
2025-12-21 07:00:00+00:00,88064.0,88146.15,88014.31,88140.54,1152,1800,0
2025-12-21 08:00:00+00:00,88140.44,88723.33,88098.69,88494.09,2547,1800,0
2025-12-21 09:00:00+00:00,88493.99,89046.27,88456.91,88866.54,3575,1800,0
2025-12-21 10:00:00+00:00,88869.0,88935.61,88531.83,88628.85,2757,1800,0
2025-12-21 11:00:00+00:00,88635.96,88717.44,88537.52,88567.23,1558,1800,0
2025-12-21 12:00:00+00:00,88566.75,88892.58,88419.1,88584.57,2728,1800,0
2025-12-21 13:00:00+00:00,88602.31,88668.39,87547.34,87635.86,7326,1800,0
2025-12-21 14:00:00+00:00,87638.71,88132.03,87584.47,88023.11,4010,1800,0
2025-12-21 15:00:00+00:00,88031.77,88243.4,87770.01,88042.2,2759,1800,0
2025-12-21 16:00:00+00:00,88036.38,88344.92,87948.42,88313.79,2370,1800,0
2025-12-21 17:00:00+00:00,88314.75,88463.89,88231.68,88289.02,2027,1800,0
2025-12-21 18:00:00+00:00,88285.98,88434.54,87908.76,88411.12,2342,1800,0
2025-12-21 19:00:00+00:00,88414.4,88597.59,88173.77,88455.45,2044,1800,0
2025-12-21 20:00:00+00:00,88455.36,88482.47,88193.63,88215.49,1490,1800,0
2025-12-21 21:00:00+00:00,88215.54,88351.1,88060.35,88134.9,1721,1800,0
2025-12-21 22:00:00+00:00,88135.29,88472.51,88083.91,88449.73,1947,1800,0
2025-12-21 23:00:00+00:00,88451.05,88793.58,88333.4,88630.96,3220,1800,0
2025-12-22 00:00:00+00:00,88638.53,89596.56,88574.53,88589.7,7870,1800,0
2025-12-22 01:00:00+00:00,88580.79,89261.72,88478.2,88591.72,4663,1800,0
2025-12-22 02:00:00+00:00,88596.09,88636.63,87859.5,88440.16,5620,1800,0
2025-12-22 03:00:00+00:00,88440.07,88827.99,88240.15,88734.92,3495,1800,0
2025-12-22 04:00:00+00:00,88736.66,89000.96,88670.13,88869.79,2964,1800,0
2025-12-22 05:00:00+00:00,88870.71,88976.83,88718.44,88803.58,2382,1800,0
2025-12-22 06:00:00+00:00,88794.64,88987.06,88689.13,88880.74,2302,1800,0
2025-12-22 07:00:00+00:00,88880.74,89180.54,88844.9,89127.31,2302,1800,0
2025-12-22 08:00:00+00:00,89125.74,89876.97,89050.78,89308.17,5197,1800,0
2025-12-22 09:00:00+00:00,89308.04,89796.43,89253.38,89779.37,3033,1800,0
2025-12-22 10:00:00+00:00,89772.61,89835.23,89558.32,89738.3,2693,1800,0
2025-12-22 11:00:00+00:00,89738.4,90086.6,89608.61,89899.24,3425,1800,0
2025-12-22 12:00:00+00:00,89900.12,90574.22,89812.42,90172.34,4798,1800,0
2025-12-22 13:00:00+00:00,90165.84,90290.99,89683.79,89881.43,3899,1800,0
2025-12-22 14:00:00+00:00,89884.13,90268.48,89400.87,90100.85,9128,1800,0
2025-12-22 15:00:00+00:00,90099.38,90438.27,89127.25,89701.25,10450,1800,0
2025-12-22 16:00:00+00:00,89704.18,90097.19,89469.43,89510.19,5093,1800,0
2025-12-22 17:00:00+00:00,89509.72,89551.58,89040.64,89266.1,4264,1800,0
2025-12-22 18:00:00+00:00,89266.26,89486.81,89096.61,89101.04,3218,1800,0
2025-12-22 19:00:00+00:00,89098.88,89108.9,87901.53,88007.02,5801,1800,0
2025-12-22 20:00:00+00:00,88005.52,88439.97,87858.85,88305.73,4977,1800,0
2025-12-22 21:00:00+00:00,88300.72,88575.8,88179.52,88232.96,2296,1800,0
2025-12-22 22:00:00+00:00,88230.16,88798.58,88086.64,88599.59,2441,1800,0
2025-12-22 23:00:00+00:00,88600.37,88645.97,88366.71,88560.4,2123,1800,0
2025-12-23 00:00:00+00:00,88563.43,88887.84,88435.06,88714.2,2553,1800,0
2025-12-23 01:00:00+00:00,88715.21,88838.79,88362.1,88453.58,2466,1800,0
2025-12-23 02:00:00+00:00,88454.5,88699.97,88048.79,88148.89,3448,1800,0
2025-12-23 03:00:00+00:00,88149.73,88305.29,87718.91,88108.89,3677,1800,0
2025-12-23 04:00:00+00:00,88111.06,88325.19,87857.45,87870.02,2332,1800,0
2025-12-23 05:00:00+00:00,87865.01,87963.17,87532.59,87699.26,3188,1800,0
2025-12-23 06:00:00+00:00,87698.3,87727.13,86961.31,87340.13,5147,1800,0
2025-12-23 07:00:00+00:00,87340.53,87634.72,87305.0,87507.61,2579,1800,0
2025-12-23 08:00:00+00:00,87508.03,87639.89,87358.25,87404.72,2129,1800,0
2025-12-23 09:00:00+00:00,87393.82,87574.55,87224.59,87469.2,2221,1800,0
2025-12-23 10:00:00+00:00,87476.43,87613.29,87438.51,87548.32,1551,1800,0
2025-12-23 11:00:00+00:00,87550.81,87831.79,87496.63,87802.1,2113,1800,0
2025-12-23 12:00:00+00:00,87802.56,87908.99,87531.4,87726.79,2417,1800,0
2025-12-23 13:00:00+00:00,87722.2,87849.67,87360.7,87563.28,3820,1800,0
2025-12-23 14:00:00+00:00,87567.6,87791.54,86528.01,86825.98,8163,1800,0
2025-12-23 15:00:00+00:00,86825.5,87512.62,86648.39,87389.62,6646,1800,0
2025-12-23 16:00:00+00:00,87387.31,88139.71,87270.35,87948.22,6445,1800,0
2025-12-23 17:00:00+00:00,87948.41,88240.49,87109.21,87123.9,4941,1800,0
2025-12-23 18:00:00+00:00,87124.0,88123.42,87100.1,87914.08,4374,1800,0
2025-12-23 19:00:00+00:00,87917.11,87992.99,87576.5,87691.55,2847,1800,0
2025-12-23 20:00:00+00:00,87688.97,88319.71,87462.93,87621.85,3921,1800,0
2025-12-23 21:00:00+00:00,87624.97,87801.64,87473.0,87671.62,2420,1800,0
2025-12-23 22:00:00+00:00,87669.32,87729.3,87185.52,87356.18,2586,1800,0
2025-12-23 23:00:00+00:00,87360.14,87469.78,87118.22,87437.03,2531,1800,0
2025-12-24 00:00:00+00:00,87437.78,87626.25,87194.08,87591.38,2296,1800,0
2025-12-24 01:00:00+00:00,87592.88,87779.15,87436.93,87567.39,2647,1800,0
2025-12-24 02:00:00+00:00,87568.29,87606.54,86862.11,87068.63,3409,1800,0
2025-12-24 03:00:00+00:00,87069.22,87337.13,86790.56,87282.16,2698,1800,0
2025-12-24 04:00:00+00:00,87282.05,87402.49,87020.42,87090.06,1912,1800,0
2025-12-24 05:00:00+00:00,87091.28,87196.93,86716.77,86887.6,2265,1800,0
2025-12-24 06:00:00+00:00,86894.19,87006.68,86718.53,86951.03,1890,1800,0
2025-12-24 07:00:00+00:00,86952.13,87123.11,86835.17,86848.46,1663,1800,0
2025-12-24 08:00:00+00:00,86848.91,87009.7,86687.13,86726.79,2025,1800,0
2025-12-24 09:00:00+00:00,86726.72,86843.55,86654.9,86739.13,1737,1800,0
2025-12-24 10:00:00+00:00,86735.85,87143.7,86729.57,87034.05,1764,1800,0
2025-12-24 11:00:00+00:00,87033.95,87296.78,87030.45,87143.66,1755,1800,0
2025-12-24 12:00:00+00:00,87145.92,87436.46,87064.33,87371.49,1806,1800,0
2025-12-24 13:00:00+00:00,87366.11,87393.1,86985.68,87229.1,1998,1800,0
2025-12-24 14:00:00+00:00,87229.38,87400.62,86352.47,86937.44,6359,1800,0
2025-12-24 15:00:00+00:00,86925.29,87168.55,86512.06,86975.34,5889,1800,0
2025-12-24 16:00:00+00:00,86970.2,87625.19,86841.86,87216.58,5040,1800,0
2025-12-24 17:00:00+00:00,87224.3,87520.22,87180.85,87245.52,3286,1800,0
2025-12-24 18:00:00+00:00,87251.61,87446.13,87155.42,87402.02,2150,1800,0
2025-12-24 19:00:00+00:00,87401.73,87517.97,87264.31,87492.85,1484,1800,0
2025-12-24 20:00:00+00:00,87492.29,87619.18,87456.92,87483.26,1341,1800,0
2025-12-24 21:00:00+00:00,87484.02,87727.36,87484.02,87626.22,1249,1800,0
2025-12-24 22:00:00+00:00,87626.33,88001.26,87618.27,87933.96,1869,1800,0
2025-12-24 23:00:00+00:00,87934.26,87962.82,87520.79,87610.26,2165,1800,0
2025-12-25 00:00:00+00:00,87610.33,87683.18,87437.17,87501.49,2144,1800,0
2025-12-25 01:00:00+00:00,87503.87,87689.56,87496.53,87647.13,1638,1800,0
2025-12-25 02:00:00+00:00,87646.6,87901.53,87500.19,87817.95,1701,1800,0
2025-12-25 03:00:00+00:00,87829.13,87866.89,87708.64,87781.8,1444,1800,0
2025-12-25 04:00:00+00:00,87782.61,87785.92,87671.51,87721.97,1327,1800,0
2025-12-25 05:00:00+00:00,87719.4,87727.48,87583.96,87687.35,1311,1800,0
2025-12-25 06:00:00+00:00,87691.92,87792.72,87617.48,87768.24,1126,1800,0
2025-12-25 07:00:00+00:00,87770.51,87814.0,87689.28,87775.33,1137,1800,0
2025-12-25 08:00:00+00:00,87774.52,87838.97,87288.96,87515.95,2549,1800,0
2025-12-25 09:00:00+00:00,87527.36,87537.9,87379.53,87459.13,1501,1800,0
2025-12-25 10:00:00+00:00,87462.4,87471.5,87189.5,87349.9,1826,1800,0
2025-12-25 11:00:00+00:00,87350.2,87527.86,87340.06,87448.41,1486,1800,0
2025-12-25 12:00:00+00:00,87454.84,87534.83,87413.03,87499.42,1426,1800,0
2025-12-25 13:00:00+00:00,87497.98,87622.42,87338.36,87566.69,1760,1800,0
2025-12-25 14:00:00+00:00,87566.57,87711.43,87486.21,87660.07,1788,1800,0
2025-12-25 15:00:00+00:00,87663.31,88548.5,87651.85,88310.93,4734,1800,0
2025-12-25 16:00:00+00:00,88314.84,88419.05,87918.88,88021.02,2838,1800,0
2025-12-25 17:00:00+00:00,88018.7,88147.81,87924.39,88070.24,2017,1800,0
2025-12-25 18:00:00+00:00,88070.16,88259.91,88065.64,88171.18,1749,1800,0
2025-12-25 19:00:00+00:00,88173.71,88195.69,88000.15,88091.31,1371,1800,0
2025-12-25 20:00:00+00:00,88083.88,88114.38,87569.17,87820.65,2079,1800,0
2025-12-25 21:00:00+00:00,87828.74,87925.49,87746.84,87846.84,1424,1800,0
2025-12-25 22:00:00+00:00,87846.88,87867.4,87236.85,87584.6,2754,1800,0
2025-12-25 23:00:00+00:00,87585.13,87713.23,86891.51,87166.93,4403,1800,0
2025-12-26 00:00:00+00:00,87164.76,87269.46,86816.54,87063.35,3479,1800,0
2025-12-26 01:00:00+00:00,87062.61,87450.48,87058.96,87358.68,2464,1800,0
2025-12-26 02:00:00+00:00,87358.64,89381.04,87355.18,89110.19,9848,1800,0
2025-12-26 03:00:00+00:00,89106.8,89194.99,88619.08,88761.7,4117,1800,0
2025-12-26 04:00:00+00:00,88760.75,89060.05,88428.89,88877.7,2900,1800,0
2025-12-26 05:00:00+00:00,88886.28,88972.8,88738.11,88921.89,2151,1800,0
2025-12-26 06:00:00+00:00,88922.42,89163.48,88922.11,89059.43,2225,1800,0
2025-12-26 07:00:00+00:00,89060.42,89510.63,88264.34,88395.24,3613,1800,0
2025-12-26 08:00:00+00:00,88395.49,88831.27,88344.47,88659.77,3540,1800,0
2025-12-26 09:00:00+00:00,88661.16,88860.72,88569.04,88760.8,2056,1800,0
2025-12-26 10:00:00+00:00,88750.57,88824.0,88606.1,88696.16,1935,1800,0
2025-12-26 11:00:00+00:00,88696.56,88699.78,88457.12,88475.5,1760,1800,0
2025-12-26 12:00:00+00:00,88473.99,88705.39,88473.99,88612.84,1893,1800,0
2025-12-26 13:00:00+00:00,88613.45,89003.17,88545.01,88933.13,2300,1800,0
2025-12-26 14:00:00+00:00,88929.85,89001.02,87273.99,87318.19,8057,1800,0
2025-12-26 15:00:00+00:00,87318.48,87320.96,86583.02,87066.09,10605,1800,0
2025-12-26 16:00:00+00:00,87069.85,87321.42,86757.78,86789.62,4784,1800,0
2025-12-26 17:00:00+00:00,86790.51,87385.36,86724.12,87246.97,3768,1800,0
2025-12-26 18:00:00+00:00,87248.54,87301.68,87049.4,87196.62,2582,1800,0
2025-12-26 19:00:00+00:00,87196.49,87520.49,87153.79,87423.8,1980,1800,0
2025-12-26 20:00:00+00:00,87423.94,87718.31,87307.06,87518.2,2388,1800,0
2025-12-26 21:00:00+00:00,87516.08,87632.14,87368.51,87394.31,1706,1800,0
2025-12-26 22:00:00+00:00,87393.25,87518.83,87231.29,87475.05,1598,1800,0
2025-12-26 23:00:00+00:00,87471.4,87483.84,87257.6,87286.72,1593,1800,0
2025-12-27 00:00:00+00:00,87283.45,87343.06,87156.98,87322.62,1554,1800,0
2025-12-27 01:00:00+00:00,87319.79,87424.59,87252.44,87407.12,1331,1800,0
2025-12-27 02:00:00+00:00,87407.2,87439.7,87317.39,87385.49,1133,1800,0
2025-12-27 03:00:00+00:00,87384.14,87466.73,87307.21,87446.52,1233,1800,0
2025-12-27 04:00:00+00:00,87447.99,87462.01,87392.66,87413.0,958,1800,0
2025-12-27 05:00:00+00:00,87413.31,87451.43,87376.76,87439.17,889,1800,0
2025-12-27 06:00:00+00:00,87439.08,87499.13,87343.25,87401.83,1099,1800,0
2025-12-27 07:00:00+00:00,87399.14,87648.21,87399.14,87470.14,1398,1800,0
2025-12-27 08:00:00+00:00,87477.49,87609.31,87473.85,87527.91,1220,1800,0
2025-12-27 09:00:00+00:00,87519.2,87612.57,87484.7,87557.12,1242,1800,0
2025-12-27 10:00:00+00:00,87560.48,87578.8,87304.21,87443.84,1399,1800,0
2025-12-27 11:00:00+00:00,87449.73,87495.57,87383.59,87423.55,1273,1800,0
2025-12-27 12:00:00+00:00,87425.8,87466.27,87360.17,87414.8,1075,1800,0
2025-12-27 13:00:00+00:00,87414.72,87431.55,87244.65,87395.03,1345,1800,0
2025-12-27 14:00:00+00:00,87395.13,87498.87,87337.26,87479.77,1216,1800,0
2025-12-27 15:00:00+00:00,87479.2,87539.8,87404.56,87503.7,1195,1800,0
2025-12-27 16:00:00+00:00,87506.82,87530.27,87383.84,87451.24,1257,1800,0
2025-12-27 17:00:00+00:00,87452.6,87511.44,87406.25,87494.69,1069,1800,0
2025-12-27 18:00:00+00:00,87495.12,87525.72,87402.23,87435.35,959,1800,0
2025-12-27 19:00:00+00:00,87436.73,87525.95,87426.15,87510.21,959,1800,0
2025-12-27 20:00:00+00:00,87510.31,87582.43,87469.28,87503.86,964,1800,0
2025-12-27 21:00:00+00:00,87504.13,87614.73,87493.6,87597.15,950,1800,0
2025-12-27 22:00:00+00:00,87599.29,87897.42,87429.93,87500.13,2175,1800,0
2025-12-27 23:00:00+00:00,87500.7,87935.89,87486.32,87823.21,1734,1800,0
2025-12-28 00:00:00+00:00,87798.88,87890.89,87641.6,87782.1,1648,1800,0
2025-12-28 01:00:00+00:00,87782.5,87881.2,87670.62,87723.11,1448,1800,0
2025-12-28 02:00:00+00:00,87717.3,87805.08,87682.93,87731.51,921,1800,0
2025-12-28 03:00:00+00:00,87726.01,87775.29,87655.59,87658.85,939,1800,0
2025-12-28 04:00:00+00:00,87655.58,87766.83,87616.35,87658.58,1107,1800,0
2025-12-28 05:00:00+00:00,87660.29,87660.29,87534.07,87592.41,1267,1800,0
2025-12-28 06:00:00+00:00,87588.53,87720.9,87567.48,87656.2,1069,1800,0
2025-12-28 07:00:00+00:00,87654.81,87661.95,87589.77,87656.13,1006,1800,0
2025-12-28 08:00:00+00:00,87666.07,87913.13,87659.32,87736.32,1369,1800,0
2025-12-28 09:00:00+00:00,87740.69,87830.58,87646.08,87731.0,1163,1800,0
2025-12-28 10:00:00+00:00,87725.71,87944.11,87720.81,87789.66,1537,1800,0
2025-12-28 11:00:00+00:00,87789.93,87865.7,87738.75,87807.8,1296,1800,0
2025-12-28 12:00:00+00:00,87807.96,87823.92,87714.53,87781.29,1108,1800,0
2025-12-28 13:00:00+00:00,87783.43,87879.87,87721.28,87821.52,1335,1800,0
2025-12-28 14:00:00+00:00,87826.47,88034.22,87822.91,87851.13,1540,1800,0
2025-12-28 15:00:00+00:00,87851.25,87938.88,87749.2,87773.28,1322,1800,0
2025-12-28 16:00:00+00:00,87774.25,87833.22,87665.53,87744.99,1397,1800,0
2025-12-28 17:00:00+00:00,87746.53,87860.65,87680.84,87680.84,1095,1800,0
2025-12-28 18:00:00+00:00,87703.43,87703.43,87414.36,87527.95,2009,1800,0
2025-12-28 19:00:00+00:00,87528.03,87620.27,87424.84,87446.57,1359,1800,0
2025-12-28 20:00:00+00:00,87447.17,87584.1,87367.58,87439.53,1202,1800,0
2025-12-28 21:00:00+00:00,87441.6,87525.79,87352.49,87524.49,1169,1800,0
2025-12-28 22:00:00+00:00,87528.15,87926.9,87403.55,87831.78,1655,1800,0
2025-12-28 23:00:00+00:00,87827.58,87985.46,87566.08,87878.3,2302,1800,0
2025-12-29 00:00:00+00:00,87870.04,88374.62,87726.26,88210.01,3909,1800,0
2025-12-29 01:00:00+00:00,88204.82,88407.56,87784.04,88359.8,3456,1800,0
2025-12-29 02:00:00+00:00,88359.35,89287.88,88359.35,89069.44,6036,1800,0
2025-12-29 03:00:00+00:00,89080.12,90076.08,88990.83,90021.88,4525,1800,0
2025-12-29 04:00:00+00:00,90009.68,90321.29,89827.88,90049.43,3262,1800,0
2025-12-29 05:00:00+00:00,90050.07,90203.57,89820.55,89883.81,2250,1800,0
2025-12-29 06:00:00+00:00,89883.26,90031.18,89647.98,89677.31,2019,1800,0
2025-12-29 07:00:00+00:00,89677.54,89759.55,89389.45,89510.45,2588,1800,0
2025-12-29 08:00:00+00:00,89510.59,89722.35,89346.54,89452.54,2388,1800,0
2025-12-29 09:00:00+00:00,89452.79,89512.1,87662.55,88007.58,5729,1800,0
2025-12-29 10:00:00+00:00,88000.51,88169.63,87534.15,87683.77,3219,1800,0
2025-12-29 11:00:00+00:00,87682.47,87689.24,87441.33,87448.05,2396,1800,0
2025-12-29 12:00:00+00:00,87458.76,87529.41,86681.38,87271.04,6441,1800,0
2025-12-29 13:00:00+00:00,87269.36,87421.62,87042.52,87280.8,2859,1800,0
2025-12-29 14:00:00+00:00,87280.67,88086.4,87140.7,87331.59,7315,1800,0
2025-12-29 15:00:00+00:00,87332.73,87817.06,87091.78,87584.48,5777,1800,0
2025-12-29 16:00:00+00:00,87582.65,87753.11,87339.19,87517.86,3835,1800,0
2025-12-29 17:00:00+00:00,87533.27,87763.29,87235.78,87745.97,3079,1800,0
2025-12-29 18:00:00+00:00,87746.9,87907.49,87249.64,87358.25,2945,1800,0
2025-12-29 19:00:00+00:00,87360.13,87570.44,87194.59,87251.16,2471,1800,0
2025-12-29 20:00:00+00:00,87249.35,87488.96,86965.56,87094.52,2816,1800,0
2025-12-29 21:00:00+00:00,87092.1,87263.34,87061.83,87221.77,1537,1800,0
2025-12-29 22:00:00+00:00,87221.72,87294.26,86952.37,87243.25,1651,1800,0
2025-12-29 23:00:00+00:00,87236.65,87298.66,87057.1,87107.53,1504,1800,0
2025-12-30 00:00:00+00:00,87107.65,87248.84,86987.73,87139.57,1912,1800,0
2025-12-30 01:00:00+00:00,87139.47,87240.14,86988.62,87198.97,1765,1800,0
2025-12-30 02:00:00+00:00,87202.18,87230.29,86851.84,86982.62,2678,1800,0
2025-12-30 03:00:00+00:00,86986.76,87320.44,86708.87,87253.47,2878,1800,0
2025-12-30 04:00:00+00:00,87253.38,87385.5,87170.19,87195.61,1853,1800,0
2025-12-30 05:00:00+00:00,87193.73,87257.39,87027.07,87142.47,1599,1800,0
2025-12-30 06:00:00+00:00,87134.29,87414.74,87116.55,87332.58,1626,1800,0
2025-12-30 07:00:00+00:00,87335.48,87510.44,87244.41,87377.6,1643,1800,0
2025-12-30 08:00:00+00:00,87375.31,88112.04,87370.75,87744.44,4108,1800,0
2025-12-30 09:00:00+00:00,87742.39,87920.52,87521.05,87880.32,2341,1800,0
2025-12-30 10:00:00+00:00,87873.28,88078.55,87776.18,87836.49,2273,1800,0
2025-12-30 11:00:00+00:00,87836.84,87925.44,87635.14,87793.28,1964,1800,0
2025-12-30 12:00:00+00:00,87797.18,87981.68,87787.73,87907.03,1833,1800,0
2025-12-30 13:00:00+00:00,87911.87,88032.64,87787.92,87985.64,2257,1800,0
2025-12-30 14:00:00+00:00,87985.71,88904.55,87706.66,88757.44,7249,1800,0
2025-12-30 15:00:00+00:00,88753.31,89071.67,88085.91,88912.13,7595,1800,0
2025-12-30 16:00:00+00:00,88913.47,89313.0,88475.26,88652.41,5845,1800,0
2025-12-30 17:00:00+00:00,88657.16,88822.54,88039.28,88296.79,3435,1800,0
2025-12-30 18:00:00+00:00,88296.56,88423.52,88042.81,88220.87,2632,1800,0
2025-12-30 19:00:00+00:00,88217.28,88357.65,87869.98,88139.58,3042,1800,0
2025-12-30 20:00:00+00:00,88136.49,88142.76,87772.42,87850.52,2338,1800,0
2025-12-30 21:00:00+00:00,87854.91,88244.07,87789.08,88197.09,1835,1800,0
2025-12-30 22:00:00+00:00,88200.97,88387.32,88174.26,88322.93,1664,1800,0
2025-12-30 23:00:00+00:00,88321.69,88485.01,88253.7,88408.99,1875,1800,0
2025-12-31 00:00:00+00:00,88408.89,88408.89,88136.07,88154.49,1972,1800,0
2025-12-31 01:00:00+00:00,88153.55,88694.56,88064.18,88537.05,2600,1800,0
2025-12-31 02:00:00+00:00,88537.47,88644.9,88404.72,88570.76,2324,1800,0
2025-12-31 03:00:00+00:00,88570.75,88710.4,88260.34,88333.7,2162,1800,0
2025-12-31 04:00:00+00:00,88329.79,88442.5,88202.25,88211.13,1702,1800,0
2025-12-31 05:00:00+00:00,88217.75,88417.23,88217.75,88340.79,1544,1800,0
2025-12-31 06:00:00+00:00,88343.51,88453.84,88343.51,88391.43,1250,1800,0
2025-12-31 07:00:00+00:00,88393.69,88531.65,88311.99,88497.59,1570,1800,0
2025-12-31 08:00:00+00:00,88497.5,88620.54,88270.97,88318.12,1650,1800,0
2025-12-31 09:00:00+00:00,88317.77,88602.22,88317.77,88548.56,1674,1800,0
2025-12-31 10:00:00+00:00,88547.81,88778.39,88547.47,88727.04,1755,1800,0
2025-12-31 11:00:00+00:00,88731.64,88938.96,88686.45,88903.41,2283,1800,0
2025-12-31 12:00:00+00:00,88900.21,88935.66,88626.91,88660.95,2153,1800,0
2025-12-31 13:00:00+00:00,88659.65,88950.18,88625.28,88879.39,2111,1800,0
2025-12-31 14:00:00+00:00,88876.68,89123.33,88161.94,88380.17,5417,1800,0
2025-12-31 15:00:00+00:00,88376.56,88389.49,87661.48,87832.89,5249,1800,0
2025-12-31 16:00:00+00:00,87833.91,87934.39,87260.8,87546.08,5013,1800,0
2025-12-31 17:00:00+00:00,87544.86,87630.76,87362.38,87483.73,2936,1800,0
2025-12-31 18:00:00+00:00,87483.69,87853.3,87435.34,87567.18,2361,1800,0
2025-12-31 19:00:00+00:00,87567.16,87745.85,87366.48,87391.93,1970,1800,0
2025-12-31 20:00:00+00:00,87386.5,87548.99,87077.42,87492.88,2598,1800,0
2025-12-31 21:00:00+00:00,87496.43,87722.11,87496.43,87653.36,1580,1800,0
2025-12-31 22:00:00+00:00,87653.02,87747.34,87508.53,87594.24,1507,1800,0
2025-12-31 23:00:00+00:00,87594.15,87599.13,87471.38,87507.73,1206,1800,0
2026-01-01 00:00:00+00:00,87507.82,87701.46,87489.55,87652.17,1305,1800,0
2026-01-01 01:00:00+00:00,87649.31,87908.19,87646.93,87793.12,1653,1800,0
2026-01-01 02:00:00+00:00,87794.08,87942.1,87737.94,87761.11,1546,1800,0
2026-01-01 03:00:00+00:00,87761.19,87873.54,87672.23,87704.59,1078,1800,0
2026-01-01 04:00:00+00:00,87704.5,87711.39,87381.41,87425.03,1600,1800,0
2026-01-01 05:00:00+00:00,87424.95,87596.74,87422.76,87553.72,1058,1800,0
2026-01-01 06:00:00+00:00,87553.5,87553.5,87474.03,87504.61,815,1800,0
2026-01-01 07:00:00+00:00,87506.0,87527.65,87433.24,87484.42,1100,1800,0
2026-01-01 08:00:00+00:00,87477.63,87658.29,87456.93,87613.83,1313,1800,0
2026-01-01 09:00:00+00:00,87613.92,87810.44,87591.78,87738.39,1221,1800,0
2026-01-01 10:00:00+00:00,87736.31,87747.24,87650.19,87725.89,1033,1800,0
2026-01-01 11:00:00+00:00,87724.22,87886.41,87703.0,87874.48,1355,1800,0
2026-01-01 12:00:00+00:00,87876.18,87903.6,87784.41,87796.47,1332,1800,0
2026-01-01 13:00:00+00:00,87804.68,87889.29,87715.24,87782.57,1239,1800,0
2026-01-01 14:00:00+00:00,87783.58,87855.02,87686.95,87834.78,1512,1800,0
2026-01-01 15:00:00+00:00,87834.47,88009.19,87801.22,87914.24,1625,1800,0
2026-01-01 16:00:00+00:00,87914.34,87934.86,87755.81,87874.67,1456,1800,0
2026-01-01 17:00:00+00:00,87874.75,88396.38,87846.15,88199.84,2170,1800,0
2026-01-01 18:00:00+00:00,88204.21,88250.39,87984.23,88072.49,1718,1800,0
2026-01-01 19:00:00+00:00,88072.39,88308.95,87945.29,88275.66,1507,1800,0
2026-01-01 20:00:00+00:00,88275.25,88276.89,88108.68,88147.12,1329,1800,0
2026-01-01 21:00:00+00:00,88147.2,88321.83,88122.85,88277.56,1163,1800,0
2026-01-01 22:00:00+00:00,88277.41,88581.81,88274.68,88527.31,1730,1800,0
2026-01-01 23:00:00+00:00,88530.38,88800.65,88346.5,88733.79,2413,1800,0
2026-01-02 00:00:00+00:00,88733.95,88791.57,88473.8,88732.05,2366,1800,0
2026-01-02 01:00:00+00:00,88738.04,88774.31,88421.85,88533.33,1748,1800,0
2026-01-02 02:00:00+00:00,88539.05,88573.89,88254.03,88530.81,1882,1800,0
2026-01-02 03:00:00+00:00,88534.19,89027.14,88458.57,88839.69,3062,1800,0
2026-01-02 04:00:00+00:00,88841.29,88892.1,88511.31,88536.74,1755,1800,0
2026-01-02 05:00:00+00:00,88535.5,88691.46,88460.13,88654.74,1320,1800,0
2026-01-02 06:00:00+00:00,88657.71,88989.92,88612.38,88833.89,1794,1800,0
2026-01-02 07:00:00+00:00,88841.36,88968.53,88720.94,88762.52,1586,1800,0
2026-01-02 08:00:00+00:00,88764.02,89093.31,88702.0,89060.84,1898,1800,0
2026-01-02 09:00:00+00:00,89054.31,89395.0,88984.8,89359.63,3000,1800,0
2026-01-02 10:00:00+00:00,89363.63,89843.11,89323.15,89563.08,3414,1800,0
2026-01-02 11:00:00+00:00,89565.71,89583.65,89252.31,89411.25,2387,1800,0
2026-01-02 12:00:00+00:00,89408.62,89502.89,89286.13,89315.52,2163,1800,0
2026-01-02 13:00:00+00:00,89313.09,89615.45,89224.21,89283.28,1992,1800,0
2026-01-02 14:00:00+00:00,89280.22,90095.48,88388.55,89520.48,9663,1800,0
2026-01-02 15:00:00+00:00,89520.03,89824.15,88730.14,89352.7,9981,1800,0
2026-01-02 16:00:00+00:00,89344.7,90806.63,89131.06,90315.29,9939,1800,0
2026-01-02 17:00:00+00:00,90314.02,90942.72,90151.61,90336.87,6809,1800,0
2026-01-02 18:00:00+00:00,90338.56,90528.56,89505.14,89726.44,5060,1800,0
2026-01-02 19:00:00+00:00,89727.42,90111.96,89595.24,89855.2,4822,1800,0
2026-01-02 20:00:00+00:00,89854.4,90031.37,89567.29,89678.52,3843,1800,0
2026-01-02 21:00:00+00:00,89680.29,90141.58,89666.87,90017.59,2148,1800,0
2026-01-02 22:00:00+00:00,90017.1,90371.97,89972.6,90159.46,2372,1800,0
2026-01-02 23:00:00+00:00,90159.3,90166.99,89853.6,89955.16,1549,1800,0
2026-01-03 00:00:00+00:00,89947.1,90157.27,89923.32,90118.32,1810,1800,0
2026-01-03 01:00:00+00:00,90117.68,90255.99,90025.39,90226.69,1632,1800,0
2026-01-03 02:00:00+00:00,90228.59,90369.99,90083.08,90283.31,1578,1800,0
2026-01-03 03:00:00+00:00,90282.19,90342.52,90151.7,90282.32,1526,1800,0
2026-01-03 04:00:00+00:00,90283.58,90451.94,89995.38,90123.63,1692,1800,0
2026-01-03 05:00:00+00:00,90128.72,90165.52,89876.85,89995.32,1534,1800,0
2026-01-03 06:00:00+00:00,89995.53,90102.03,89810.95,89830.04,1473,1800,0
2026-01-03 07:00:00+00:00,89830.24,89915.29,89264.09,89531.98,3128,1800,0
2026-01-03 08:00:00+00:00,89533.58,89802.44,89388.23,89625.51,2563,1800,0
2026-01-03 09:00:00+00:00,89628.61,89949.41,89587.28,89755.67,2309,1800,0
2026-01-03 10:00:00+00:00,89761.44,89837.13,89665.88,89713.33,1723,1800,0
2026-01-03 11:00:00+00:00,89716.4,89745.83,89628.2,89697.57,1314,1800,0
2026-01-03 12:00:00+00:00,89697.79,90004.84,89602.22,89990.68,1732,1800,0
2026-01-03 13:00:00+00:00,89970.96,90006.95,89865.48,89945.38,1566,1800,0
2026-01-03 14:00:00+00:00,89946.83,90192.08,89903.64,90078.26,2003,1800,0
2026-01-03 15:00:00+00:00,90078.32,90078.32,89905.91,89921.58,1556,1800,0
2026-01-03 16:00:00+00:00,89929.87,90169.01,89854.48,90059.37,1949,1800,0
2026-01-03 17:00:00+00:00,90055.34,90082.31,89969.03,90046.55,1265,1800,0
2026-01-03 18:00:00+00:00,90049.19,90143.32,89970.98,90087.59,1216,1800,0
2026-01-03 19:00:00+00:00,90090.82,90102.08,89999.45,90078.42,1225,1800,0
2026-01-03 20:00:00+00:00,90078.31,90323.32,89960.35,90301.49,1540,1800,0
2026-01-03 21:00:00+00:00,90299.88,90694.22,90277.74,90505.63,2017,1800,0
2026-01-03 22:00:00+00:00,90503.61,90691.37,90433.24,90549.23,1794,1800,0
2026-01-03 23:00:00+00:00,90549.4,90653.18,90408.96,90582.25,1717,1800,0
2026-01-04 00:00:00+00:00,90581.29,91585.66,90581.29,91281.41,5544,1800,0
2026-01-04 01:00:00+00:00,91282.69,91441.22,90959.4,91176.12,2631,1800,0
2026-01-04 02:00:00+00:00,91176.47,91261.65,91036.58,91098.06,1794,1800,0
2026-01-04 03:00:00+00:00,91098.14,91317.84,91039.18,91195.42,2041,1800,0
2026-01-04 04:00:00+00:00,91189.64,91553.73,91140.12,91354.03,1996,1800,0
2026-01-04 05:00:00+00:00,91360.52,91450.21,91296.83,91432.53,1657,1800,0
2026-01-04 06:00:00+00:00,91432.62,91779.69,91178.88,91194.15,3028,1800,0
2026-01-04 07:00:00+00:00,91199.06,91505.0,91169.92,91471.66,2148,1800,0
2026-01-04 08:00:00+00:00,91471.76,91501.11,91103.58,91319.13,2525,1800,0
2026-01-04 09:00:00+00:00,91319.34,91439.94,91208.74,91407.02,2147,1800,0
2026-01-04 10:00:00+00:00,91403.64,91586.6,91368.21,91548.81,2153,1800,0
2026-01-04 11:00:00+00:00,91548.74,91550.95,91190.62,91267.1,2018,1800,0
2026-01-04 12:00:00+00:00,91266.56,91329.42,91031.48,91094.26,2213,1800,0
2026-01-04 13:00:00+00:00,91095.5,91240.17,90979.95,91224.09,2030,1800,0
2026-01-04 14:00:00+00:00,91224.18,91370.18,91098.14,91297.56,2191,1800,0
2026-01-04 15:00:00+00:00,91297.44,91349.87,91048.94,91283.21,2039,1800,0
2026-01-04 16:00:00+00:00,91282.52,91424.21,91199.37,91282.35,2089,1800,0
2026-01-04 17:00:00+00:00,91281.99,91410.47,91251.29,91299.52,1604,1800,0
2026-01-04 18:00:00+00:00,91305.54,91305.88,90933.7,91161.51,2005,1800,0
2026-01-04 19:00:00+00:00,91153.12,91186.69,90798.45,91109.04,2484,1800,0
2026-01-04 20:00:00+00:00,91109.14,91311.45,91079.87,91285.25,1562,1800,0
2026-01-04 21:00:00+00:00,91286.64,91394.07,91135.3,91241.51,1734,1800,0
2026-01-04 22:00:00+00:00,91240.43,91361.16,91095.03,91178.91,1694,1800,0
2026-01-04 23:00:00+00:00,91179.55,91565.0,91179.55,91488.4,3358,1800,0
2026-01-05 00:00:00+00:00,91485.09,92396.49,91465.83,92368.73,6661,1800,0
2026-01-05 01:00:00+00:00,92369.95,93370.81,92226.29,92934.28,7004,1800,0
2026-01-05 02:00:00+00:00,92939.57,93130.66,92687.64,92991.15,3289,1800,0
2026-01-05 03:00:00+00:00,92993.41,93168.98,92824.36,92837.49,2489,1800,0
2026-01-05 04:00:00+00:00,92829.0,92923.95,92285.7,92560.58,2997,1800,0
2026-01-05 05:00:00+00:00,92560.82,92687.36,92300.94,92324.1,2164,1800,0
2026-01-05 06:00:00+00:00,92322.84,92464.68,92087.9,92440.54,2177,1800,0
2026-01-05 07:00:00+00:00,92444.78,92601.9,92425.94,92479.47,1583,1800,0
2026-01-05 08:00:00+00:00,92481.94,92734.58,92396.67,92423.79,2113,1800,0
2026-01-05 09:00:00+00:00,92423.45,92811.81,92266.91,92647.21,2510,1800,0
2026-01-05 10:00:00+00:00,92645.92,93105.75,92616.65,93031.47,2443,1800,0
2026-01-05 11:00:00+00:00,93034.33,93107.84,92834.13,93074.53,2318,1800,0
2026-01-05 12:00:00+00:00,93082.17,93177.71,92693.93,92821.61,2570,1800,0
2026-01-05 13:00:00+00:00,92820.34,92967.62,92480.32,92690.91,3062,1800,0
2026-01-05 14:00:00+00:00,92693.26,93650.86,92355.51,93387.0,8915,1800,0
2026-01-05 15:00:00+00:00,93389.69,94009.81,93117.16,93921.03,8370,1800,0
2026-01-05 16:00:00+00:00,93921.09,94074.53,93563.0,93674.11,5316,1800,0
2026-01-05 17:00:00+00:00,93674.35,94466.39,93227.08,94298.09,5265,1800,0
2026-01-05 18:00:00+00:00,94301.01,94514.95,93895.0,94432.92,4566,1800,0
2026-01-05 19:00:00+00:00,94429.46,94496.62,94121.38,94282.66,3491,1800,0
2026-01-05 20:00:00+00:00,94283.2,94815.18,94033.35,94181.68,4579,1800,0
2026-01-05 21:00:00+00:00,94184.11,94238.97,93802.45,94087.97,2670,1800,0
2026-01-05 22:00:00+00:00,94086.91,94409.49,93994.89,94174.37,2081,1800,0
2026-01-05 23:00:00+00:00,94178.08,94204.44,93853.74,93870.79,2480,1800,0
2026-01-06 00:00:00+00:00,93872.83,93998.34,93544.34,93809.88,2831,1800,0
2026-01-06 01:00:00+00:00,93806.1,94171.0,93726.24,93776.38,2895,1800,0
2026-01-06 02:00:00+00:00,93770.62,93875.08,93509.0,93629.57,2233,1800,0
2026-01-06 03:00:00+00:00,93629.47,93930.94,93594.16,93752.82,2045,1800,0
2026-01-06 04:00:00+00:00,93754.29,93998.21,93715.96,93786.52,1787,1800,0
2026-01-06 05:00:00+00:00,93786.16,93819.67,93539.89,93571.41,1992,1800,0
2026-01-06 06:00:00+00:00,93563.6,93935.12,93521.23,93744.33,2295,1800,0
2026-01-06 07:00:00+00:00,93753.86,93770.13,93095.98,93217.32,2764,1800,0
2026-01-06 08:00:00+00:00,93216.01,93391.37,93127.07,93197.77,2161,1800,0
2026-01-06 09:00:00+00:00,93197.89,93531.63,93185.35,93419.84,2094,1800,0
2026-01-06 10:00:00+00:00,93419.93,93627.21,93360.57,93536.82,1787,1800,0
2026-01-06 11:00:00+00:00,93547.51,93875.08,93532.06,93812.74,1933,1800,0
2026-01-06 12:00:00+00:00,93813.75,93961.0,93743.67,93829.11,1895,1800,0
2026-01-06 13:00:00+00:00,93825.0,93842.82,93596.47,93694.92,2190,1800,0
2026-01-06 14:00:00+00:00,93695.38,94432.16,93481.55,93806.75,8112,1800,0
2026-01-06 15:00:00+00:00,93808.9,94286.05,93313.22,93616.49,6985,1800,0
2026-01-06 16:00:00+00:00,93606.01,93744.87,92277.33,92648.17,7681,1800,0
2026-01-06 17:00:00+00:00,92648.03,92727.0,91476.08,91539.66,7155,1800,0
2026-01-06 18:00:00+00:00,91538.65,92192.55,91198.08,91982.65,6289,1800,0
2026-01-06 19:00:00+00:00,91984.35,92297.25,91835.2,92030.09,2967,1800,0
2026-01-06 20:00:00+00:00,92030.01,92652.25,92030.01,92452.73,2924,1800,0
2026-01-06 21:00:00+00:00,92452.44,93806.9,92316.22,93208.14,6248,1800,0
2026-01-06 22:00:00+00:00,93208.02,93496.19,92914.37,93326.25,3062,1800,0
2026-01-06 23:00:00+00:00,93327.59,93742.03,93280.2,93713.26,2757,1800,0
2026-01-07 00:00:00+00:00,93713.13,93718.02,92585.83,92654.58,3403,1800,0
2026-01-07 01:00:00+00:00,92651.95,92844.3,92265.45,92378.85,4151,1800,0
2026-01-07 02:00:00+00:00,92376.81,92998.69,92178.48,92895.92,3086,1800,0
2026-01-07 03:00:00+00:00,92896.88,93060.29,92678.87,92758.77,2305,1800,0
2026-01-07 04:00:00+00:00,92759.51,92871.25,92535.2,92603.26,2176,1800,0
2026-01-07 05:00:00+00:00,92607.99,92796.55,92432.26,92475.3,2163,1800,0
2026-01-07 06:00:00+00:00,92479.59,92844.28,92446.5,92548.48,1895,1800,0
2026-01-07 07:00:00+00:00,92560.51,92834.36,92560.51,92820.09,1681,1800,0
2026-01-07 08:00:00+00:00,92817.93,92911.09,92620.43,92647.79,2048,1800,0
2026-01-07 09:00:00+00:00,92647.03,92647.03,91528.7,91635.35,4331,1800,0
2026-01-07 10:00:00+00:00,91636.59,91926.16,91516.66,91885.24,2500,1800,0
2026-01-07 11:00:00+00:00,91887.57,92186.45,91846.32,92004.22,2147,1800,0
2026-01-07 12:00:00+00:00,92006.95,92113.07,91892.19,91923.04,2250,1800,0
2026-01-07 13:00:00+00:00,91921.2,92214.33,91777.06,91964.73,2747,1800,0
2026-01-07 14:00:00+00:00,91968.08,92082.49,91271.63,91900.55,7633,1800,0
2026-01-07 15:00:00+00:00,91903.19,91939.2,90952.76,91266.74,8812,1800,0
2026-01-07 16:00:00+00:00,91268.72,91715.77,91055.65,91183.27,5025,1800,0
2026-01-07 17:00:00+00:00,91185.61,91629.03,90936.57,91163.81,4003,1800,0
2026-01-07 18:00:00+00:00,91158.37,91361.4,90642.31,90804.71,3965,1800,0
2026-01-07 19:00:00+00:00,90803.15,91181.57,90578.65,91082.82,3658,1800,0
2026-01-07 20:00:00+00:00,91083.0,91207.11,90675.32,90940.33,3499,1800,0
2026-01-07 21:00:00+00:00,90939.82,91141.08,90931.99,90988.65,1899,1800,0
2026-01-07 22:00:00+00:00,90978.68,91300.52,90779.92,91086.28,2312,1800,0
2026-01-07 23:00:00+00:00,91088.68,91408.63,90914.32,91279.41,3185,1800,0
2026-01-08 00:00:00+00:00,91284.59,91440.18,90978.9,91297.35,2519,1800,0
2026-01-08 01:00:00+00:00,91302.45,91604.46,91196.72,91318.53,2204,1800,0
2026-01-08 02:00:00+00:00,91320.25,91378.88,90641.2,90858.49,3373,1800,0
2026-01-08 03:00:00+00:00,90856.94,91031.86,90497.56,90713.59,2861,1800,0
2026-01-08 04:00:00+00:00,90713.32,91067.14,90587.93,90914.27,2512,1800,0
2026-01-08 05:00:00+00:00,90914.26,91079.74,90663.76,90705.32,2070,1800,0
2026-01-08 06:00:00+00:00,90713.1,90758.18,89750.52,89773.81,4307,1800,0
2026-01-08 07:00:00+00:00,89764.17,90465.08,89515.02,90419.73,4460,1800,0
2026-01-08 08:00:00+00:00,90423.92,90658.13,90026.95,90114.06,2991,1800,0
2026-01-08 09:00:00+00:00,90114.33,90264.95,89836.67,89902.0,2949,1800,0
2026-01-08 10:00:00+00:00,89905.16,90393.16,89655.54,90297.32,3106,1800,0
2026-01-08 11:00:00+00:00,90286.05,90381.14,89890.81,90094.45,2706,1800,0
2026-01-08 12:00:00+00:00,90101.07,90119.33,89661.73,89859.59,3074,1800,0
2026-01-08 13:00:00+00:00,89859.68,89993.89,89737.54,89839.26,2248,1800,0
2026-01-08 14:00:00+00:00,89837.09,90073.11,89177.51,89916.7,9024,1800,0
2026-01-08 15:00:00+00:00,89910.29,90737.31,89702.89,90674.11,8192,1800,0
2026-01-08 16:00:00+00:00,90671.36,90849.23,90212.39,90849.23,5357,1800,0
2026-01-08 17:00:00+00:00,90849.68,91373.37,90750.23,91294.03,4752,1800,0
2026-01-08 18:00:00+00:00,91291.05,91402.77,90857.54,91035.81,3428,1800,0
2026-01-08 19:00:00+00:00,91036.19,91251.16,90722.23,90859.87,2938,1800,0
2026-01-08 20:00:00+00:00,90859.77,90922.68,90476.21,90835.42,3608,1800,0
2026-01-08 21:00:00+00:00,90845.81,91263.73,90828.71,91190.26,2315,1800,0
2026-01-08 22:00:00+00:00,91190.36,91415.21,90944.9,91166.65,2222,1800,0
2026-01-08 23:00:00+00:00,91169.73,91264.93,90965.03,91025.51,1900,1800,0
2026-01-09 00:00:00+00:00,91025.85,91231.48,90974.83,91207.92,2043,1800,0
2026-01-09 01:00:00+00:00,91211.02,91573.54,90758.16,90957.28,3593,1800,0
2026-01-09 02:00:00+00:00,90957.38,91396.72,90911.33,90956.16,2625,1800,0
2026-01-09 03:00:00+00:00,90956.05,91176.18,90867.07,91120.05,2192,1800,0
2026-01-09 04:00:00+00:00,91118.69,91142.66,90822.93,90921.83,1716,1800,0
2026-01-09 05:00:00+00:00,90921.59,91024.91,90809.98,90982.5,1861,1800,0
2026-01-09 06:00:00+00:00,90982.65,91043.77,90882.11,91017.2,1934,1800,0
2026-01-09 07:00:00+00:00,91016.47,91024.05,90632.17,90650.79,2020,1800,0
2026-01-09 08:00:00+00:00,90652.71,90747.93,89586.13,89919.95,4522,1800,0
2026-01-09 09:00:00+00:00,89918.99,90375.29,89887.23,90238.12,2835,1800,0
2026-01-09 10:00:00+00:00,90238.03,90461.23,90157.65,90384.2,1946,1800,0
2026-01-09 11:00:00+00:00,90384.11,90580.21,90296.87,90332.48,1932,1800,0
2026-01-09 12:00:00+00:00,90332.57,90506.27,90121.38,90350.07,2078,1800,0
2026-01-09 13:00:00+00:00,90344.41,90941.74,90292.23,90502.34,3958,1800,0
2026-01-09 14:00:00+00:00,90501.13,90590.43,89839.33,90057.02,6887,1800,0
2026-01-09 15:00:00+00:00,90069.69,91945.94,89744.04,91075.8,11694,1800,0
2026-01-09 16:00:00+00:00,91079.13,91691.02,91057.35,91539.18,5972,1800,0
2026-01-09 17:00:00+00:00,91539.7,91593.3,90904.42,91325.25,4216,1800,0
2026-01-09 18:00:00+00:00,91326.85,91419.17,90232.67,90723.88,4683,1800,0
2026-01-09 19:00:00+00:00,90723.19,90732.08,90072.12,90218.28,3575,1800,0
2026-01-09 20:00:00+00:00,90218.12,90484.0,90122.97,90190.79,3401,1800,0
2026-01-09 21:00:00+00:00,90193.64,90531.97,90003.64,90423.81,2240,1800,0
2026-01-09 22:00:00+00:00,90424.64,90598.26,90233.34,90503.18,1934,1800,0
2026-01-09 23:00:00+00:00,90506.26,90606.74,90469.87,90513.2,1538,1800,0
2026-01-10 00:00:00+00:00,90509.16,90559.2,90382.78,90464.82,1493,1800,0
2026-01-10 01:00:00+00:00,90464.72,90605.49,90449.69,90561.34,1568,1800,0
2026-01-10 02:00:00+00:00,90560.73,90657.67,90473.09,90554.47,1230,1800,0
2026-01-10 03:00:00+00:00,90558.38,90565.85,90426.26,90501.74,1314,1800,0
2026-01-10 04:00:00+00:00,90502.76,90524.71,90262.29,90337.08,1375,1800,0
2026-01-10 05:00:00+00:00,90336.95,90491.04,90298.06,90469.64,1266,1800,0
2026-01-10 06:00:00+00:00,90470.56,90485.69,90347.26,90389.45,1068,1800,0
2026-01-10 07:00:00+00:00,90389.34,90560.97,90373.94,90540.17,1256,1800,0
2026-01-10 08:00:00+00:00,90537.17,90624.29,90487.9,90533.07,1494,1800,0
2026-01-10 09:00:00+00:00,90530.95,90638.48,90497.31,90634.08,1419,1800,0
2026-01-10 10:00:00+00:00,90633.97,90710.07,90584.56,90699.72,1536,1800,0
2026-01-10 11:00:00+00:00,90700.26,90706.15,90572.56,90605.28,1183,1800,0
2026-01-10 12:00:00+00:00,90605.2,90667.14,90541.03,90610.54,1193,1800,0
2026-01-10 13:00:00+00:00,90607.4,90645.74,90510.95,90531.56,1214,1800,0
2026-01-10 14:00:00+00:00,90530.74,90544.51,90404.51,90474.21,1066,1800,0
2026-01-10 15:00:00+00:00,90474.55,90548.05,90448.81,90535.43,1000,1800,0
2026-01-10 16:00:00+00:00,90517.53,90603.4,90472.85,90555.23,1039,1800,0
2026-01-10 17:00:00+00:00,90555.39,90617.9,90422.42,90435.03,909,1800,0
2026-01-10 18:00:00+00:00,90437.13,90477.61,90377.61,90461.47,838,1800,0
2026-01-10 19:00:00+00:00,90461.04,90508.93,90446.67,90497.33,773,1800,0
2026-01-10 20:00:00+00:00,90499.11,90535.41,90441.72,90457.25,683,1800,0
2026-01-10 21:00:00+00:00,90457.27,90457.27,90363.66,90386.97,1055,1800,0
2026-01-10 22:00:00+00:00,90387.07,90467.56,90271.83,90307.17,1319,1800,0
2026-01-10 23:00:00+00:00,90307.07,90441.22,90306.89,90388.59,1205,1800,0
2026-01-11 00:00:00+00:00,90388.42,90519.39,90324.78,90497.47,1083,1800,0
2026-01-11 01:00:00+00:00,90497.41,90545.28,90430.11,90500.87,1104,1800,0
2026-01-11 02:00:00+00:00,90502.53,90618.98,90484.58,90567.77,1224,1800,0
2026-01-11 03:00:00+00:00,90564.74,90616.16,90506.94,90616.16,1098,1800,0
2026-01-11 04:00:00+00:00,90606.6,90664.27,90532.45,90654.27,1093,1800,0
2026-01-11 05:00:00+00:00,90654.18,90727.35,90615.8,90645.88,1019,1800,0
2026-01-11 06:00:00+00:00,90645.78,90676.84,90462.4,90609.32,942,1800,0
2026-01-11 07:00:00+00:00,90607.06,90626.58,90544.13,90576.78,832,1800,0
2026-01-11 08:00:00+00:00,90585.39,90698.01,90483.87,90664.6,1327,1800,0
2026-01-11 09:00:00+00:00,90663.72,90685.26,90551.89,90607.58,1198,1800,0
2026-01-11 10:00:00+00:00,90611.72,90624.38,90554.36,90604.86,938,1800,0
2026-01-11 11:00:00+00:00,90612.45,90632.76,90568.66,90632.76,889,1800,0
2026-01-11 12:00:00+00:00,90638.62,90889.33,90588.82,90807.02,1569,1800,0
2026-01-11 13:00:00+00:00,90808.09,90849.41,90693.65,90731.93,1403,1800,0
2026-01-11 14:00:00+00:00,90734.47,91071.14,90732.5,90996.93,1485,1800,0
2026-01-11 15:00:00+00:00,90998.7,91029.71,90575.11,90738.39,2137,1800,0
2026-01-11 16:00:00+00:00,90747.33,91166.78,90746.75,90910.7,2307,1800,0
2026-01-11 17:00:00+00:00,90913.53,91015.32,90761.73,90847.78,1452,1800,0
2026-01-11 18:00:00+00:00,90850.17,90853.51,90653.57,90755.97,1299,1800,0
2026-01-11 19:00:00+00:00,90759.83,90801.71,90524.03,90546.07,1268,1800,0
2026-01-11 20:00:00+00:00,90548.1,90609.18,90235.77,90560.35,2307,1800,0
2026-01-11 21:00:00+00:00,90550.88,90705.88,90449.86,90622.28,1504,1800,0
2026-01-11 22:00:00+00:00,90621.54,90621.54,90314.81,90397.43,1745,1800,0
2026-01-11 23:00:00+00:00,90397.52,90916.01,90091.61,90863.17,3712,1800,0
2026-01-12 00:00:00+00:00,90866.95,91133.21,90550.41,91133.21,4173,1800,0
2026-01-12 01:00:00+00:00,91139.93,91674.73,90954.21,91281.85,5487,1800,0
2026-01-12 02:00:00+00:00,91284.97,92275.81,91230.38,92074.85,4557,1800,0
2026-01-12 03:00:00+00:00,92084.63,92400.18,91672.29,91683.1,3658,1800,0
2026-01-12 04:00:00+00:00,91686.5,92162.87,91618.07,92042.88,2357,1800,0
2026-01-12 05:00:00+00:00,92038.33,92140.69,91899.94,91978.95,1854,1800,0
2026-01-12 06:00:00+00:00,91980.52,92078.67,91673.92,91702.78,1991,1800,0
2026-01-12 07:00:00+00:00,91713.01,91839.12,91255.2,91285.27,2536,1800,0
2026-01-12 08:00:00+00:00,91283.7,91507.62,90262.84,90624.77,5157,1800,0
2026-01-12 09:00:00+00:00,90637.34,90823.72,90519.83,90568.56,2802,1800,0
2026-01-12 10:00:00+00:00,90580.44,90672.02,90231.43,90317.14,2370,1800,0
2026-01-12 11:00:00+00:00,90313.44,90700.46,90294.0,90485.92,1984,1800,0
2026-01-12 12:00:00+00:00,90486.02,90748.86,90486.02,90660.93,1873,1800,0
2026-01-12 13:00:00+00:00,90662.81,90713.85,90408.71,90516.97,2136,1800,0
2026-01-12 14:00:00+00:00,90515.42,91018.33,89998.29,90779.02,7397,1800,0
2026-01-12 15:00:00+00:00,90784.66,91588.29,90585.63,91566.01,6795,1800,0
2026-01-12 16:00:00+00:00,91566.03,92251.26,91482.44,92051.47,5871,1800,0
2026-01-12 17:00:00+00:00,92051.61,92240.86,90947.56,91428.86,5846,1800,0
2026-01-12 18:00:00+00:00,91445.68,91877.39,91322.18,91619.67,3582,1800,0
2026-01-12 19:00:00+00:00,91619.67,91810.09,91349.21,91786.6,2705,1800,0
2026-01-12 20:00:00+00:00,91789.44,91981.27,91326.8,91402.94,2677,1800,0
2026-01-12 21:00:00+00:00,91398.71,91446.04,90844.43,90981.35,2542,1800,0
2026-01-12 22:00:00+00:00,90978.73,91354.17,90969.61,91154.88,2201,1800,0
2026-01-12 23:00:00+00:00,91155.33,91225.11,90968.99,91193.84,1641,1800,0
2026-01-13 00:00:00+00:00,91187.84,91458.28,91129.55,91371.13,2053,1800,0
2026-01-13 01:00:00+00:00,91370.71,91451.51,90929.07,91084.18,2093,1800,0
2026-01-13 02:00:00+00:00,91083.35,91273.95,90981.17,91026.31,1841,1800,0
2026-01-13 03:00:00+00:00,91027.21,91362.87,91008.0,91308.26,1858,1800,0
2026-01-13 04:00:00+00:00,91309.85,91545.78,91238.4,91401.92,1686,1800,0
2026-01-13 05:00:00+00:00,91402.47,92143.65,91362.77,91823.03,3571,1800,0
2026-01-13 06:00:00+00:00,91822.89,92185.96,91692.94,92074.5,2567,1800,0
2026-01-13 07:00:00+00:00,92083.84,92113.57,91795.57,91829.84,2128,1800,0
2026-01-13 08:00:00+00:00,91830.79,92163.46,91815.76,92074.55,2038,1800,0
2026-01-13 09:00:00+00:00,92071.69,92599.58,91839.6,92189.13,3694,1800,0
2026-01-13 10:00:00+00:00,92192.3,92263.39,91921.4,92042.98,2102,1800,0
2026-01-13 11:00:00+00:00,92043.11,92163.67,91865.43,91908.35,1898,1800,0
2026-01-13 12:00:00+00:00,91910.44,92063.4,91803.38,92021.02,1855,1800,0
2026-01-13 13:00:00+00:00,92022.19,92505.55,91805.44,91976.33,4649,1800,0
2026-01-13 14:00:00+00:00,91976.19,92843.59,91677.09,92382.59,7617,1800,0
2026-01-13 15:00:00+00:00,92378.85,93406.17,92036.75,93406.17,8160,1800,0
2026-01-13 16:00:00+00:00,93410.39,93738.75,93012.5,93361.62,5777,1800,0
2026-01-13 17:00:00+00:00,93362.93,93474.34,93064.09,93187.34,4421,1800,0
2026-01-13 18:00:00+00:00,93184.85,93851.56,93143.01,93591.4,4330,1800,0
2026-01-13 19:00:00+00:00,93591.5,94223.5,93437.52,94207.93,4017,1800,0
2026-01-13 20:00:00+00:00,94207.8,94508.85,94092.7,94403.96,4520,1800,0
2026-01-13 21:00:00+00:00,94405.54,94521.85,94043.25,94081.33,2417,1800,0
2026-01-13 22:00:00+00:00,94082.1,96729.93,94065.73,95728.44,10636,1800,0
2026-01-13 23:00:00+00:00,95740.41,96098.49,95031.34,95376.07,4427,1800,0
2026-01-14 00:00:00+00:00,95376.5,95618.77,95138.28,95203.91,3684,1800,0
2026-01-14 01:00:00+00:00,95205.02,95551.38,95081.66,95196.52,3017,1800,0
2026-01-14 02:00:00+00:00,95197.81,95530.73,95153.6,95315.66,2606,1800,0
2026-01-14 03:00:00+00:00,95309.26,95678.95,95237.72,95663.31,2109,1800,0
2026-01-14 04:00:00+00:00,95664.1,95758.58,95182.96,95203.66,2496,1800,0
2026-01-14 05:00:00+00:00,95200.35,95251.01,94918.29,94988.18,2708,1800,0
2026-01-14 06:00:00+00:00,94988.82,95006.73,94420.46,94996.48,3070,1800,0
2026-01-14 07:00:00+00:00,94996.97,95226.07,94815.03,95172.67,2330,1800,0
2026-01-14 08:00:00+00:00,95169.19,95302.23,94860.36,94880.78,2053,1800,0
2026-01-14 09:00:00+00:00,94880.65,95153.21,94843.93,95050.07,2206,1800,0
2026-01-14 10:00:00+00:00,95047.37,95263.26,94854.58,95060.3,2732,1800,0
2026-01-14 11:00:00+00:00,95057.37,95071.84,94690.17,94763.03,2437,1800,0
2026-01-14 12:00:00+00:00,94763.1,95127.03,94634.4,95033.5,1966,1800,0
2026-01-14 13:00:00+00:00,95032.91,95196.05,94842.01,94962.0,2555,1800,0
2026-01-14 14:00:00+00:00,94960.97,96803.73,94941.53,96468.15,9407,1800,0
2026-01-14 15:00:00+00:00,96469.9,97102.31,96165.02,96757.3,9531,1800,0
2026-01-14 16:00:00+00:00,96757.4,97720.77,96725.28,97299.06,6608,1800,0
2026-01-14 17:00:00+00:00,97299.2,97825.05,96764.3,96962.75,5604,1800,0
2026-01-14 18:00:00+00:00,96964.7,97134.14,96223.73,96807.04,5586,1800,0
2026-01-14 19:00:00+00:00,96799.54,97655.59,96674.67,97265.07,4564,1800,0
2026-01-14 20:00:00+00:00,97266.57,97968.49,97194.54,97663.11,5767,1800,0
2026-01-14 21:00:00+00:00,97659.52,97729.91,97386.19,97568.55,2889,1800,0
2026-01-14 22:00:00+00:00,97564.84,97594.12,96766.48,96868.41,2730,1800,0
2026-01-14 23:00:00+00:00,96871.0,97390.19,96856.38,96955.27,2565,1800,0
2026-01-15 00:00:00+00:00,96955.15,97001.58,96480.12,96648.58,2889,1800,0
2026-01-15 01:00:00+00:00,96641.95,96975.54,96289.0,96430.04,3194,1800,0
2026-01-15 02:00:00+00:00,96433.21,96601.67,96075.34,96323.21,3205,1800,0
2026-01-15 03:00:00+00:00,96324.12,96381.78,95744.56,95944.02,3611,1800,0
2026-01-15 04:00:00+00:00,95944.89,96360.49,95906.86,96299.13,2669,1800,0
2026-01-15 05:00:00+00:00,96293.82,96509.3,96205.28,96403.26,2477,1800,0
2026-01-15 06:00:00+00:00,96401.46,96561.11,96148.53,96217.18,2544,1800,0
2026-01-15 07:00:00+00:00,96220.55,96746.18,96154.89,96630.06,2526,1800,0
2026-01-15 08:00:00+00:00,96627.35,96664.58,96269.14,96614.46,2318,1800,0
2026-01-15 09:00:00+00:00,96614.04,97179.39,96534.4,97031.69,2818,1800,0
2026-01-15 10:00:00+00:00,97028.39,97050.2,96718.45,96786.83,1992,1800,0
2026-01-15 11:00:00+00:00,96789.72,96911.54,96547.78,96566.57,1952,1800,0
2026-01-15 12:00:00+00:00,96564.91,96992.75,96483.37,96952.17,2154,1800,0
2026-01-15 13:00:00+00:00,96952.41,97012.41,96580.97,96830.22,2666,1800,0
2026-01-15 14:00:00+00:00,96835.66,97128.98,95556.31,96024.43,8086,1800,0
2026-01-15 15:00:00+00:00,96022.18,96774.63,95402.44,96731.6,9429,1800,0
2026-01-15 16:00:00+00:00,96729.31,96936.1,96218.91,96683.8,6530,1800,0
2026-01-15 17:00:00+00:00,96684.8,97041.53,96370.95,96585.61,3885,1800,0
2026-01-15 18:00:00+00:00,96583.76,96595.12,95705.79,95822.99,4022,1800,0
2026-01-15 19:00:00+00:00,95822.92,95904.27,95095.24,95474.68,4788,1800,0
2026-01-15 20:00:00+00:00,95472.16,95637.31,95092.85,95231.14,3558,1800,0
2026-01-15 21:00:00+00:00,95234.14,95607.7,95163.87,95558.85,1856,1800,0
2026-01-15 22:00:00+00:00,95555.63,95849.28,95452.93,95553.6,1954,1800,0
2026-01-15 23:00:00+00:00,95552.9,95696.08,95370.22,95587.59,1956,1800,0
2026-01-16 00:00:00+00:00,95590.0,95800.67,95537.11,95609.78,1849,1800,0
2026-01-16 01:00:00+00:00,95609.67,95832.95,95386.9,95637.31,1952,1800,0
2026-01-16 02:00:00+00:00,95632.41,95662.97,95355.37,95470.36,2133,1800,0
2026-01-16 03:00:00+00:00,95470.6,95554.19,95277.12,95313.55,1384,1800,0
2026-01-16 04:00:00+00:00,95313.13,95551.87,95117.85,95231.31,2038,1800,0
2026-01-16 05:00:00+00:00,95231.79,95671.8,95209.37,95629.74,2280,1800,0
2026-01-16 06:00:00+00:00,95644.47,95800.32,95486.52,95702.49,1782,1800,0
2026-01-16 07:00:00+00:00,95706.43,95767.68,95446.36,95624.11,1540,1800,0
2026-01-16 08:00:00+00:00,95625.15,95818.78,95537.99,95646.41,1783,1800,0
2026-01-16 09:00:00+00:00,95645.71,95747.74,95550.04,95582.94,1432,1800,0
2026-01-16 10:00:00+00:00,95580.09,95606.5,95264.38,95276.83,1614,1800,0
2026-01-16 11:00:00+00:00,95272.46,95444.12,95217.99,95389.97,1628,1800,0
2026-01-16 12:00:00+00:00,95389.14,95548.93,95317.82,95419.01,1597,1800,0
2026-01-16 13:00:00+00:00,95420.05,95555.67,95240.73,95412.47,1873,1800,0
2026-01-16 14:00:00+00:00,95412.67,95767.7,95138.84,95150.66,4949,1800,0
2026-01-16 15:00:00+00:00,95154.83,95644.55,94231.7,94538.49,8950,1800,0
2026-01-16 16:00:00+00:00,94542.7,94953.78,94451.56,94826.41,4467,1800,0
2026-01-16 17:00:00+00:00,94826.32,95093.26,94506.05,95025.5,2925,1800,0
2026-01-16 18:00:00+00:00,95024.83,95180.76,94920.96,94952.9,2571,1800,0
2026-01-16 19:00:00+00:00,94946.56,95015.0,94781.98,94947.34,2215,1800,0
2026-01-16 20:00:00+00:00,94948.94,95549.64,94627.58,95532.34,2521,1800,0
2026-01-16 21:00:00+00:00,95527.15,95577.71,95311.09,95483.83,2150,1800,0
2026-01-16 22:00:00+00:00,95507.59,95548.87,95214.89,95469.19,1847,1800,0
2026-01-16 23:00:00+00:00,95469.09,95545.04,95381.16,95504.69,1199,1800,0
2026-01-17 00:00:00+00:00,95501.68,95540.22,95380.5,95429.23,1267,1800,0
2026-01-17 01:00:00+00:00,95416.99,95490.25,95345.53,95357.48,1102,1800,0
2026-01-17 02:00:00+00:00,95365.57,95381.93,95138.61,95311.32,1240,1800,0
2026-01-17 03:00:00+00:00,95313.79,95343.66,95227.22,95313.69,914,1800,0
2026-01-17 04:00:00+00:00,95314.79,95332.0,95216.54,95274.78,1022,1800,0
2026-01-17 05:00:00+00:00,95277.03,95346.6,95233.55,95281.46,788,1800,0
2026-01-17 06:00:00+00:00,95281.49,95296.18,95143.66,95194.83,948,1800,0
2026-01-17 07:00:00+00:00,95188.03,95188.32,95008.52,95063.72,1266,1800,0
2026-01-17 08:00:00+00:00,95061.41,95224.88,94980.15,95212.94,1377,1800,0
2026-01-17 09:00:00+00:00,95207.92,95271.89,95134.37,95226.09,974,1800,0
2026-01-17 10:00:00+00:00,95227.71,95241.4,95067.6,95074.2,892,1800,0
2026-01-17 11:00:00+00:00,95074.11,95296.34,95032.29,95288.01,1249,1800,0
2026-01-17 12:00:00+00:00,95281.3,95368.44,95196.64,95222.45,983,1800,0
2026-01-17 13:00:00+00:00,95224.74,95402.93,95152.51,95401.98,1253,1800,0
2026-01-17 14:00:00+00:00,95399.58,95498.16,95311.49,95427.19,1467,1800,0
2026-01-17 15:00:00+00:00,95426.04,95633.01,95390.12,95540.47,1792,1800,0
2026-01-17 16:00:00+00:00,95540.29,95540.29,95171.82,95267.62,1685,1800,0
2026-01-17 17:00:00+00:00,95266.04,95405.43,95244.5,95329.82,1214,1800,0
2026-01-17 18:00:00+00:00,95330.18,95435.09,95300.39,95395.48,1082,1800,0
2026-01-17 19:00:00+00:00,95397.15,95397.15,95244.09,95263.94,976,1800,0
2026-01-17 20:00:00+00:00,95263.89,95352.2,95240.62,95337.51,734,1800,0
2026-01-17 21:00:00+00:00,95336.94,95373.17,95237.05,95271.6,929,1800,0
2026-01-17 22:00:00+00:00,95270.88,95274.93,95003.16,95124.33,1546,1800,0
2026-01-17 23:00:00+00:00,95124.44,95178.13,95073.67,95118.69,1366,1800,0
2026-01-18 00:00:00+00:00,95118.55,95201.2,95020.18,95074.75,1265,1800,0
2026-01-18 01:00:00+00:00,95077.6,95077.73,94825.48,94926.23,1552,1800,0
2026-01-18 02:00:00+00:00,94925.67,95029.61,94832.5,94987.19,1242,1800,0
2026-01-18 03:00:00+00:00,94984.28,95175.1,94970.76,95145.24,1329,1800,0
2026-01-18 04:00:00+00:00,95146.54,95152.3,95034.83,95065.01,1003,1800,0
2026-01-18 05:00:00+00:00,95064.98,95231.45,95007.19,95142.6,1206,1800,0
2026-01-18 06:00:00+00:00,95144.24,95165.71,95098.73,95129.07,1140,1800,0
2026-01-18 07:00:00+00:00,95128.44,95143.65,94979.37,94992.23,878,1800,0
2026-01-18 08:00:00+00:00,94992.38,95159.2,94976.71,95133.58,1148,1800,0
2026-01-18 09:00:00+00:00,95133.68,95242.55,95106.77,95217.15,1097,1800,0
2026-01-18 10:00:00+00:00,95217.52,95254.73,95039.72,95128.39,1348,1800,0
2026-01-18 11:00:00+00:00,95128.48,95143.12,95038.33,95127.93,1235,1800,0
2026-01-18 12:00:00+00:00,95133.31,95144.0,95038.93,95073.08,915,1800,0
2026-01-18 13:00:00+00:00,95070.03,95166.28,94857.32,95103.39,1598,1800,0
2026-01-18 14:00:00+00:00,95103.11,95317.62,94888.78,94915.19,1503,1800,0
2026-01-18 15:00:00+00:00,94915.04,95079.7,94865.79,95063.07,1347,1800,0
2026-01-18 16:00:00+00:00,95063.18,95154.95,95027.91,95128.65,1493,1800,0
2026-01-18 17:00:00+00:00,95130.56,95237.55,95091.81,95214.85,1268,1800,0
2026-01-18 18:00:00+00:00,95213.84,95493.77,95125.12,95410.28,1816,1800,0
2026-01-18 19:00:00+00:00,95413.46,95494.32,95289.03,95335.3,1523,1800,0
2026-01-18 20:00:00+00:00,95333.78,95415.03,95253.02,95269.21,1389,1800,0
2026-01-18 21:00:00+00:00,95278.09,95393.76,95243.3,95380.96,1075,1800,0
2026-01-18 22:00:00+00:00,95380.85,95496.35,95353.72,95447.92,1171,1800,0
2026-01-18 23:00:00+00:00,95440.41,95450.96,93565.6,93639.75,7505,1800,0
2026-01-19 00:00:00+00:00,93639.83,93639.83,91858.97,92668.35,17017,1800,0
2026-01-19 01:00:00+00:00,92666.98,92841.69,92190.03,92541.37,4690,1800,0
2026-01-19 02:00:00+00:00,92543.13,92637.61,92335.39,92510.74,2768,1800,0
2026-01-19 03:00:00+00:00,92513.35,92742.3,92448.35,92654.41,2015,1800,0
2026-01-19 04:00:00+00:00,92649.79,92701.61,92444.24,92611.44,1856,1800,0
2026-01-19 05:00:00+00:00,92622.74,92769.38,92451.92,92480.17,2077,1800,0
2026-01-19 06:00:00+00:00,92486.04,92594.43,92341.32,92548.21,1945,1800,0
2026-01-19 07:00:00+00:00,92550.31,92801.55,92506.59,92781.82,1792,1800,0
2026-01-19 08:00:00+00:00,92784.36,93316.61,92637.48,93200.02,2937,1800,0
2026-01-19 09:00:00+00:00,93204.03,93217.6,92880.75,92998.62,2275,1800,0
2026-01-19 10:00:00+00:00,93000.0,93030.02,92828.64,93012.41,1442,1800,0
2026-01-19 11:00:00+00:00,93012.46,93256.12,92901.75,93137.83,1696,1800,0
2026-01-19 12:00:00+00:00,93140.26,93174.83,92942.02,93021.78,1909,1800,0
2026-01-19 13:00:00+00:00,93021.02,93099.14,92727.4,92981.05,1905,1800,0
2026-01-19 14:00:00+00:00,92980.63,92988.4,92641.31,92759.12,2481,1800,0
2026-01-19 15:00:00+00:00,92765.62,93048.23,92756.29,93001.23,2042,1800,0
2026-01-19 16:00:00+00:00,93002.66,93367.47,92933.28,93244.35,2157,1800,0
2026-01-19 17:00:00+00:00,93246.88,93342.94,93092.11,93183.53,1790,1800,0
2026-01-19 18:00:00+00:00,93183.99,93208.41,92868.92,93004.04,1639,1800,0
2026-01-19 19:00:00+00:00,93003.92,93102.76,92931.91,93047.25,1430,1800,0
2026-01-19 20:00:00+00:00,93054.29,93222.96,93030.66,93090.02,1273,1800,0
2026-01-19 21:00:00+00:00,93092.58,93298.92,92929.56,92944.41,1342,1800,0
2026-01-19 22:00:00+00:00,92943.94,93001.56,92484.72,92507.15,1912,1800,0
2026-01-19 23:00:00+00:00,92507.25,92684.47,92080.53,92570.84,3759,1800,0
2026-01-20 00:00:00+00:00,92562.82,92805.53,92289.85,92642.02,2662,1800,0
2026-01-20 01:00:00+00:00,92644.47,92804.7,92442.93,92653.77,2380,1800,0
2026-01-20 02:00:00+00:00,92654.7,92665.72,92293.7,92482.37,2337,1800,0
2026-01-20 03:00:00+00:00,92482.27,92588.64,92176.25,92363.63,1929,1800,0
2026-01-20 04:00:00+00:00,92368.82,92404.52,91897.92,91999.44,2251,1800,0
2026-01-20 05:00:00+00:00,91999.61,92014.87,91206.02,91542.49,5007,1800,0
2026-01-20 06:00:00+00:00,91543.27,91562.76,90669.29,90835.92,5528,1800,0
2026-01-20 07:00:00+00:00,90832.16,91214.23,90760.47,91078.61,3106,1800,0
2026-01-20 08:00:00+00:00,91079.05,91150.6,90556.88,91005.2,4231,1800,0
2026-01-20 09:00:00+00:00,90999.07,91000.26,90796.05,90937.49,2537,1800,0
2026-01-20 10:00:00+00:00,90933.98,91199.43,90892.06,91163.23,1794,1800,0
2026-01-20 11:00:00+00:00,91162.59,91365.51,91118.39,91136.82,1807,1800,0
2026-01-20 12:00:00+00:00,91141.89,91230.17,90958.43,91201.01,1837,1800,0
2026-01-20 13:00:00+00:00,91193.26,91215.95,90678.83,90869.56,3135,1800,0
2026-01-20 14:00:00+00:00,90870.76,91302.05,90185.87,90458.71,9401,1800,0
2026-01-20 15:00:00+00:00,90456.37,90717.33,89751.98,90577.02,9759,1800,0
2026-01-20 16:00:00+00:00,90576.16,90887.61,89916.47,90070.83,5318,1800,0
2026-01-20 17:00:00+00:00,90068.85,90419.22,89315.24,89672.37,5934,1800,0
2026-01-20 18:00:00+00:00,89673.56,89857.54,89264.51,89385.63,4346,1800,0
2026-01-20 19:00:00+00:00,89387.62,89689.92,89175.93,89600.75,4269,1800,0
2026-01-20 20:00:00+00:00,89600.54,89729.05,89260.35,89601.64,4137,1800,0
2026-01-20 21:00:00+00:00,89614.55,89712.57,89285.26,89342.48,2300,1800,0
2026-01-20 22:00:00+00:00,89341.48,89515.86,87696.18,88391.64,5587,1800,0
2026-01-20 23:00:00+00:00,88384.06,88413.85,87766.72,88322.47,4791,1800,0
2026-01-21 00:00:00+00:00,88323.65,88866.35,88133.82,88817.75,3950,1800,0
2026-01-21 01:00:00+00:00,88810.85,89055.06,88722.37,88912.59,2773,1800,0
2026-01-21 02:00:00+00:00,88914.55,89244.38,88869.76,88938.98,2578,1800,0
2026-01-21 03:00:00+00:00,88939.97,89494.65,88918.88,89318.21,2388,1800,0
2026-01-21 04:00:00+00:00,89318.89,89548.11,89232.12,89326.54,1746,1800,0
2026-01-21 05:00:00+00:00,89325.94,90010.21,89310.31,89858.59,2215,1800,0
2026-01-21 06:00:00+00:00,89858.69,89858.69,89386.9,89558.05,2159,1800,0
2026-01-21 07:00:00+00:00,89557.93,89665.76,88978.02,89100.97,2408,1800,0
2026-01-21 08:00:00+00:00,89100.26,89277.79,88876.4,89091.27,2615,1800,0
2026-01-21 09:00:00+00:00,89085.5,89387.87,88962.58,89010.47,2176,1800,0
2026-01-21 10:00:00+00:00,89010.44,89292.65,88950.02,89140.1,1937,1800,0
2026-01-21 11:00:00+00:00,89136.4,89287.72,88574.73,88695.98,2192,1800,0
2026-01-21 12:00:00+00:00,88690.03,88763.19,88045.52,88643.23,5553,1800,0
2026-01-21 13:00:00+00:00,88630.35,88951.12,88458.78,88574.06,3588,1800,0
2026-01-21 14:00:00+00:00,88561.04,89921.62,88512.22,89702.27,12790,1800,0
2026-01-21 15:00:00+00:00,89702.91,90500.79,89655.69,90196.18,8172,1800,0
2026-01-21 16:00:00+00:00,90204.87,90296.28,87510.66,87523.6,10007,1800,0
2026-01-21 17:00:00+00:00,87528.15,88084.55,87167.72,87841.66,12145,1800,0
2026-01-21 18:00:00+00:00,87845.46,88579.26,87486.09,88383.38,6764,1800,0
2026-01-21 19:00:00+00:00,88382.89,90386.85,88185.49,90280.58,12539,1800,0
2026-01-21 20:00:00+00:00,90278.56,90303.75,89374.42,90140.41,7568,1800,0
2026-01-21 21:00:00+00:00,90145.87,90274.42,89855.3,90180.9,2698,1800,0
2026-01-21 22:00:00+00:00,90169.19,90319.74,89669.6,89692.23,2208,1800,0
2026-01-21 23:00:00+00:00,89701.08,90146.37,89270.76,89358.62,3130,1800,0
2026-01-22 00:00:00+00:00,89358.71,89955.29,89358.71,89820.44,2716,1800,0
2026-01-22 01:00:00+00:00,89821.23,90119.14,89723.94,90018.63,2973,1800,0
2026-01-22 02:00:00+00:00,90013.27,90272.89,89746.93,89842.19,2800,1800,0
2026-01-22 03:00:00+00:00,89842.04,90074.94,89600.66,89800.25,1999,1800,0
2026-01-22 04:00:00+00:00,89797.96,89992.53,89719.58,89908.73,1746,1800,0
2026-01-22 05:00:00+00:00,89909.68,89990.78,89824.9,89933.96,1539,1800,0
2026-01-22 06:00:00+00:00,89930.02,90128.45,89797.92,90081.8,1928,1800,0
2026-01-22 07:00:00+00:00,90081.9,90107.83,89697.36,89729.95,1688,1800,0
2026-01-22 08:00:00+00:00,89731.9,89886.16,89656.49,89835.76,1853,1800,0
2026-01-22 09:00:00+00:00,89835.87,90042.91,89787.7,89958.98,1495,1800,0
2026-01-22 10:00:00+00:00,89956.41,90025.92,89864.76,89990.28,1723,1800,0
2026-01-22 11:00:00+00:00,89988.29,90073.4,89802.64,89840.68,2074,1800,0
2026-01-22 12:00:00+00:00,89847.09,90000.82,89775.36,89920.12,1625,1800,0
2026-01-22 13:00:00+00:00,89915.55,90247.47,89396.78,89526.6,3393,1800,0
2026-01-22 14:00:00+00:00,89524.76,89663.8,88961.23,89016.38,7289,1800,0
2026-01-22 15:00:00+00:00,89006.17,89369.12,88410.38,88898.23,9637,1800,0
2026-01-22 16:00:00+00:00,88899.01,89183.36,88573.39,88954.25,6553,1800,0
2026-01-22 17:00:00+00:00,88954.08,89533.68,88919.12,89448.51,4944,1800,0
2026-01-22 18:00:00+00:00,89451.42,89713.21,89200.78,89249.37,3871,1800,0
2026-01-22 19:00:00+00:00,89250.1,89844.16,89009.36,89683.86,3805,1800,0
2026-01-22 20:00:00+00:00,89685.55,89872.27,89295.27,89319.81,3079,1800,0
2026-01-22 21:00:00+00:00,89325.68,89579.35,89142.33,89170.91,2179,1800,0
2026-01-22 22:00:00+00:00,89166.64,89481.63,89037.9,89244.13,1769,1800,0
2026-01-22 23:00:00+00:00,89243.15,89499.4,89070.66,89470.07,1902,1800,0
2026-01-23 00:00:00+00:00,89470.71,89552.71,89346.74,89433.23,1677,1800,0
2026-01-23 01:00:00+00:00,89436.15,89848.81,89436.15,89830.94,2026,1800,0
2026-01-23 02:00:00+00:00,89827.08,89898.1,89545.94,89547.18,1770,1800,0
2026-01-23 03:00:00+00:00,89544.27,89836.65,89526.43,89827.54,1527,1800,0
2026-01-23 04:00:00+00:00,89828.24,89992.72,89769.37,89861.34,1599,1800,0
2026-01-23 05:00:00+00:00,89856.26,89873.46,89359.83,89495.91,1968,1800,0
2026-01-23 06:00:00+00:00,89494.63,89687.01,89284.04,89398.05,2295,1800,0
2026-01-23 07:00:00+00:00,89405.09,89572.92,89325.35,89419.5,2003,1800,0
2026-01-23 08:00:00+00:00,89419.89,89514.68,89012.16,89104.41,2724,1800,0
2026-01-23 09:00:00+00:00,89101.38,89270.91,88762.84,88862.66,2512,1800,0
2026-01-23 10:00:00+00:00,88873.82,89046.82,88732.41,88937.61,1980,1800,0
2026-01-23 11:00:00+00:00,88938.56,89242.09,88879.99,89092.12,1907,1800,0
2026-01-23 12:00:00+00:00,89091.24,89261.7,88970.83,89139.25,1501,1800,0
2026-01-23 13:00:00+00:00,89139.28,89336.13,89109.5,89238.44,1639,1800,0
2026-01-23 14:00:00+00:00,89236.42,89618.87,88521.86,88902.85,6875,1800,0
2026-01-23 15:00:00+00:00,88907.36,89771.65,88442.52,89642.28,7587,1800,0
2026-01-23 16:00:00+00:00,89642.15,90391.07,89364.22,90017.67,6690,1800,0
2026-01-23 17:00:00+00:00,90017.59,91134.34,89865.82,90505.89,6493,1800,0
2026-01-23 18:00:00+00:00,90508.57,90946.83,90338.04,90423.96,4268,1800,0
2026-01-23 19:00:00+00:00,90423.85,90442.79,89493.44,89886.26,4932,1800,0
2026-01-23 20:00:00+00:00,89881.55,90064.25,89097.11,89392.23,4865,1800,0
2026-01-23 21:00:00+00:00,89390.78,89599.87,89200.61,89240.36,2057,1800,0
2026-01-23 22:00:00+00:00,89238.38,89654.39,89225.05,89519.76,1806,1800,0
2026-01-23 23:00:00+00:00,89520.76,89524.9,89350.26,89484.24,1196,1800,0
2026-01-24 00:00:00+00:00,89486.07,89522.61,89297.92,89326.06,1253,1800,0
2026-01-24 01:00:00+00:00,89320.56,89472.4,89320.56,89420.0,1125,1800,0
2026-01-24 02:00:00+00:00,89423.3,89591.79,89423.3,89573.21,1034,1800,0
2026-01-24 03:00:00+00:00,89571.96,89794.71,89530.92,89642.85,1426,1800,0
2026-01-24 04:00:00+00:00,89643.45,89726.8,89578.04,89717.92,1011,1800,0
2026-01-24 05:00:00+00:00,89716.34,89738.23,89627.37,89663.13,877,1800,0
2026-01-24 06:00:00+00:00,89664.77,89665.73,89500.5,89515.94,904,1800,0
2026-01-24 07:00:00+00:00,89511.48,89564.85,89426.86,89478.83,843,1800,0
2026-01-24 08:00:00+00:00,89476.6,89547.81,89438.79,89523.22,722,1800,0
2026-01-24 09:00:00+00:00,89525.39,89526.17,89442.68,89462.35,736,1800,0
2026-01-24 10:00:00+00:00,89461.53,89511.78,89433.11,89483.05,834,1800,0
2026-01-24 11:00:00+00:00,89482.34,89544.24,89448.84,89448.84,724,1800,0
2026-01-24 12:00:00+00:00,89448.98,89462.02,89343.55,89392.28,999,1800,0
2026-01-24 13:00:00+00:00,89390.3,89410.88,89225.44,89225.44,729,1800,0
2026-01-24 14:00:00+00:00,89225.14,89379.15,89031.52,89326.85,1549,1800,0
2026-01-24 15:00:00+00:00,89326.55,89369.92,89114.39,89144.2,1300,1800,0
2026-01-24 16:00:00+00:00,89147.71,89222.37,89018.66,89142.03,1303,1800,0
2026-01-24 17:00:00+00:00,89142.28,89273.25,89105.58,89249.98,1086,1800,0
2026-01-24 18:00:00+00:00,89255.88,89318.48,89218.99,89255.49,806,1800,0
2026-01-24 19:00:00+00:00,89255.12,89263.45,89123.89,89190.89,796,1800,0
2026-01-24 20:00:00+00:00,89190.97,89272.26,89183.04,89239.05,672,1800,0
2026-01-24 21:00:00+00:00,89240.95,89254.24,89118.04,89249.75,824,1800,0
2026-01-24 22:00:00+00:00,89249.2,89351.23,89152.99,89291.23,909,1800,0
2026-01-24 23:00:00+00:00,89291.15,89339.5,89065.94,89092.8,1127,1800,0
2026-01-25 00:00:00+00:00,89092.6,89170.12,89031.88,89169.65,1011,1800,0
2026-01-25 01:00:00+00:00,89169.54,89180.68,88941.95,89035.14,1165,1800,0
2026-01-25 02:00:00+00:00,89027.14,89119.09,88982.78,89001.09,971,1800,0
2026-01-25 03:00:00+00:00,89001.21,89041.16,88695.73,88809.02,1471,1800,0
2026-01-25 04:00:00+00:00,88810.86,88952.0,88794.31,88882.06,1044,1800,0
2026-01-25 05:00:00+00:00,88883.68,88914.32,88735.15,88853.01,1065,1800,0
2026-01-25 06:00:00+00:00,88848.61,88855.07,88508.11,88699.6,1736,1800,0
2026-01-25 07:00:00+00:00,88697.55,88701.89,88499.09,88525.02,1111,1800,0
2026-01-25 08:00:00+00:00,88524.85,88621.52,87979.9,88149.36,2172,1800,0
2026-01-25 09:00:00+00:00,88146.64,88360.69,88089.31,88268.57,1789,1800,0
2026-01-25 10:00:00+00:00,88267.83,88546.24,88262.5,88510.66,1582,1800,0
2026-01-25 11:00:00+00:00,88505.52,88570.43,88383.07,88426.68,1143,1800,0
2026-01-25 12:00:00+00:00,88430.0,88666.92,88301.36,88647.26,1967,1800,0
2026-01-25 13:00:00+00:00,88649.01,88859.41,88519.6,88784.53,1682,1800,0
2026-01-25 14:00:00+00:00,88785.36,88817.18,88480.31,88571.07,1895,1800,0
2026-01-25 15:00:00+00:00,88570.8,88633.61,88233.06,88331.21,1627,1800,0
2026-01-25 16:00:00+00:00,88326.14,88335.98,87425.39,87960.38,7575,1800,0
2026-01-25 17:00:00+00:00,87961.65,87987.55,87623.4,87760.73,2880,1800,0
2026-01-25 18:00:00+00:00,87760.58,87860.25,86690.76,87288.93,7358,1800,0
2026-01-25 19:00:00+00:00,87291.87,87395.19,86073.33,86407.79,7358,1800,0
2026-01-25 20:00:00+00:00,86407.82,86624.66,86118.45,86564.06,3969,1800,0
2026-01-25 21:00:00+00:00,86556.29,86920.92,86293.06,86472.13,3158,1800,0
2026-01-25 22:00:00+00:00,86470.96,86613.48,86072.77,86437.85,3169,1800,0
2026-01-25 23:00:00+00:00,86434.23,86694.04,85962.61,86569.01,5297,1800,0
2026-01-26 00:00:00+00:00,86567.91,87087.98,86401.16,86744.12,3719,1800,0
2026-01-26 01:00:00+00:00,86744.74,87722.06,86702.03,87578.55,4872,1800,0
2026-01-26 02:00:00+00:00,87585.84,87856.2,87318.53,87437.99,3359,1800,0
2026-01-26 03:00:00+00:00,87437.15,87571.63,86943.61,87156.97,2427,1800,0
2026-01-26 04:00:00+00:00,87151.99,87819.93,87105.21,87626.82,2490,1800,0
2026-01-26 05:00:00+00:00,87628.62,87840.32,87538.07,87692.42,2015,1800,0
2026-01-26 06:00:00+00:00,87693.71,87919.85,87629.64,87828.8,2253,1800,0
2026-01-26 07:00:00+00:00,87830.12,87984.71,87590.11,87905.69,2343,1800,0
2026-01-26 08:00:00+00:00,87906.52,88296.57,87728.58,87888.85,2764,1800,0
2026-01-26 09:00:00+00:00,87889.21,87908.88,87488.4,87572.19,2300,1800,0
2026-01-26 10:00:00+00:00,87572.08,87865.0,87549.71,87795.96,1694,1800,0
2026-01-26 11:00:00+00:00,87797.95,87898.36,87663.69,87749.86,1344,1800,0
2026-01-26 12:00:00+00:00,87748.69,87881.35,87630.6,87701.49,1658,1800,0
2026-01-26 13:00:00+00:00,87702.16,87953.93,87582.65,87856.25,2137,1800,0
2026-01-26 14:00:00+00:00,87855.8,88438.93,87342.41,88076.01,7236,1800,0
2026-01-26 15:00:00+00:00,88075.81,88782.38,87236.0,87553.27,9047,1800,0
2026-01-26 16:00:00+00:00,87555.34,87869.96,87098.38,87523.57,6038,1800,0
2026-01-26 17:00:00+00:00,87524.75,87698.16,86916.22,87598.28,3799,1800,0
2026-01-26 18:00:00+00:00,87595.42,88330.38,87549.12,88310.87,3717,1800,0
2026-01-26 19:00:00+00:00,88312.44,88450.61,87850.7,87913.26,2875,1800,0
2026-01-26 20:00:00+00:00,87910.23,88038.56,87439.4,87535.46,2375,1800,0
2026-01-26 21:00:00+00:00,87536.79,88148.32,87472.58,87967.53,2401,1800,0
2026-01-26 22:00:00+00:00,87967.63,88186.86,87896.8,88040.54,1856,1800,0
2026-01-26 23:00:00+00:00,88034.27,88582.75,87924.89,88242.0,2118,1800,0
2026-01-27 00:00:00+00:00,88243.23,88374.53,88103.82,88264.24,1755,1800,0
2026-01-27 01:00:00+00:00,88265.48,88633.72,88097.31,88468.97,1926,1800,0
2026-01-27 02:00:00+00:00,88465.67,88760.89,88439.69,88710.8,2104,1800,0
2026-01-27 03:00:00+00:00,88701.97,88801.52,88467.53,88677.44,1834,1800,0
2026-01-27 04:00:00+00:00,88672.06,88912.72,88404.37,88471.71,2057,1800,0
2026-01-27 05:00:00+00:00,88473.14,88495.16,88279.36,88355.0,1433,1800,0
2026-01-27 06:00:00+00:00,88354.1,88423.72,88159.16,88217.07,1517,1800,0
2026-01-27 07:00:00+00:00,88216.94,88454.9,88200.26,88219.27,1365,1800,0
2026-01-27 08:00:00+00:00,88218.73,88295.01,88002.19,88055.89,1754,1800,0
2026-01-27 09:00:00+00:00,88055.77,88055.77,87734.15,87764.51,1906,1800,0
2026-01-27 10:00:00+00:00,87764.09,87928.75,87627.87,87658.76,1660,1800,0
2026-01-27 11:00:00+00:00,87668.6,87979.8,87610.05,87861.97,1630,1800,0
2026-01-27 12:00:00+00:00,87859.71,88046.08,87820.93,87869.24,1426,1800,0
2026-01-27 13:00:00+00:00,87867.18,87960.17,87662.35,87867.92,1705,1800,0
2026-01-27 14:00:00+00:00,87867.81,88339.41,87531.68,87621.42,5776,1800,0
2026-01-27 15:00:00+00:00,87625.01,88074.38,87431.67,87911.97,5656,1800,0
2026-01-27 16:00:00+00:00,87911.49,88712.06,87870.22,88523.99,6514,1800,0
2026-01-27 17:00:00+00:00,88520.53,88579.93,87184.85,87438.24,6595,1800,0
2026-01-27 18:00:00+00:00,87437.2,88401.3,87339.07,88158.64,4826,1800,0
2026-01-27 19:00:00+00:00,88163.83,88436.1,87921.79,88293.51,3220,1800,0
2026-01-27 20:00:00+00:00,88292.1,89393.88,88250.95,89298.2,5706,1800,0
2026-01-27 21:00:00+00:00,89296.17,89431.3,88882.91,88963.28,3019,1800,0
2026-01-27 22:00:00+00:00,88966.45,89324.03,88893.98,89138.6,2203,1800,0
2026-01-27 23:00:00+00:00,89139.94,89424.07,89024.55,89126.74,2037,1800,0
2026-01-28 00:00:00+00:00,89125.41,89357.86,89026.37,89352.94,1810,1800,0
2026-01-28 01:00:00+00:00,89352.15,89383.16,89069.78,89278.55,2121,1800,0
2026-01-28 02:00:00+00:00,89276.53,89336.73,88977.13,89154.95,2106,1800,0
2026-01-28 03:00:00+00:00,89154.17,89194.52,88848.7,88994.51,2008,1800,0
2026-01-28 04:00:00+00:00,88994.79,89045.52,88706.89,88858.01,1778,1800,0
2026-01-28 05:00:00+00:00,88860.46,88988.34,88721.78,88969.73,1749,1800,0
2026-01-28 06:00:00+00:00,88973.19,89278.31,88973.19,89207.09,2134,1800,0
2026-01-28 07:00:00+00:00,89209.45,89231.52,88972.17,89012.06,1733,1800,0
2026-01-28 08:00:00+00:00,89007.98,89142.9,88761.03,88811.58,2122,1800,0
2026-01-28 09:00:00+00:00,88819.77,89452.58,88732.1,89445.97,2310,1800,0
2026-01-28 10:00:00+00:00,89445.07,89590.92,89198.23,89275.11,2690,1800,0
2026-01-28 11:00:00+00:00,89280.92,90042.98,89189.04,89950.3,3109,1800,0
2026-01-28 12:00:00+00:00,89949.81,90058.5,89661.58,89883.84,3151,1800,0
2026-01-28 13:00:00+00:00,89884.59,90372.48,89833.39,90146.99,3567,1800,0
2026-01-28 14:00:00+00:00,90150.45,90150.45,89317.55,89495.44,6215,1800,0
2026-01-28 15:00:00+00:00,89491.37,89736.37,88766.68,89353.91,6290,1800,0
2026-01-28 16:00:00+00:00,89356.22,89712.73,89115.3,89508.59,4342,1800,0
2026-01-28 17:00:00+00:00,89506.87,90493.11,89147.71,90041.32,4461,1800,0
2026-01-28 18:00:00+00:00,90050.96,90057.74,89199.52,89414.64,4139,1800,0
2026-01-28 19:00:00+00:00,89412.01,89605.7,88883.1,89274.27,8834,1800,0
2026-01-28 20:00:00+00:00,89271.91,89780.66,88863.21,89006.52,4223,1800,0
2026-01-28 21:00:00+00:00,89003.82,89352.77,88721.13,89276.49,3257,1800,0
2026-01-28 22:00:00+00:00,89278.66,89347.04,88992.54,89241.71,1560,1800,0
2026-01-28 23:00:00+00:00,89241.86,89337.78,89061.41,89160.41,2227,1800,0
2026-01-29 00:00:00+00:00,89159.3,89219.22,88760.37,89014.67,2714,1800,0
2026-01-29 01:00:00+00:00,89011.56,89033.98,88396.88,88463.92,3325,1800,0
2026-01-29 02:00:00+00:00,88464.02,88625.01,87557.11,87768.23,5270,1800,0
2026-01-29 03:00:00+00:00,87778.32,88122.59,87631.6,87902.4,3240,1800,0
2026-01-29 04:00:00+00:00,87895.57,88206.55,87757.93,88167.54,2022,1800,0
2026-01-29 05:00:00+00:00,88166.53,88268.38,88000.95,88047.48,1675,1800,0
2026-01-29 06:00:00+00:00,88046.58,88202.93,88024.42,88172.19,1494,1800,0
2026-01-29 07:00:00+00:00,88172.15,88293.51,88112.11,88220.47,1520,1800,0
2026-01-29 08:00:00+00:00,88217.59,88357.15,87765.04,87916.66,2545,1800,0
2026-01-29 09:00:00+00:00,87915.01,88016.92,87735.72,87744.02,1701,1800,0
2026-01-29 10:00:00+00:00,87738.9,87864.3,87660.69,87807.18,1621,1800,0
2026-01-29 11:00:00+00:00,87806.81,87923.98,87591.31,87682.23,1988,1800,0
2026-01-29 12:00:00+00:00,87682.35,87985.75,87661.18,87961.94,1631,1800,0
2026-01-29 13:00:00+00:00,87962.19,88030.83,87801.14,87905.84,1428,1800,0
2026-01-29 14:00:00+00:00,87909.63,87931.81,86839.79,86863.7,4625,1800,0
2026-01-29 15:00:00+00:00,86864.47,86900.45,84220.0,84796.32,17039,1800,0
2026-01-29 16:00:00+00:00,84797.91,85260.64,84121.71,85124.5,9490,1800,0
2026-01-29 17:00:00+00:00,85133.38,85500.34,83860.27,84137.6,6618,1800,0
2026-01-29 18:00:00+00:00,84141.11,84502.84,83247.25,83336.3,9125,1800,0
2026-01-29 19:00:00+00:00,83326.59,84188.99,83223.37,83847.65,5515,1800,0
2026-01-29 20:00:00+00:00,83854.39,84235.55,83646.9,84043.05,3660,1800,0
2026-01-29 21:00:00+00:00,84047.41,84510.16,84037.23,84381.86,3066,1800,0
2026-01-29 22:00:00+00:00,84381.43,84475.98,84160.04,84423.75,1567,1800,0
2026-01-29 23:00:00+00:00,84423.03,84605.4,84290.43,84508.57,2095,1800,0
2026-01-30 00:00:00+00:00,84505.36,84604.17,84006.45,84050.74,2101,1800,0
2026-01-30 01:00:00+00:00,84044.14,84059.28,80936.55,82336.64,16869,1800,0
2026-01-30 02:00:00+00:00,82338.6,82422.3,81012.07,82031.53,12269,1800,0
2026-01-30 03:00:00+00:00,82030.98,82614.57,81899.29,82547.53,4216,1800,0
2026-01-30 04:00:00+00:00,82547.01,83192.15,82539.47,82807.32,3479,1800,0
2026-01-30 05:00:00+00:00,82806.15,83208.67,82751.44,82775.79,2579,1800,0
2026-01-30 06:00:00+00:00,82774.61,82792.89,81919.52,82463.67,4326,1800,0
2026-01-30 07:00:00+00:00,82463.77,82972.94,82319.45,82655.27,4228,1800,0
2026-01-30 08:00:00+00:00,82652.59,82829.32,82277.67,82523.79,3757,1800,0
2026-01-30 09:00:00+00:00,82524.34,82693.59,82008.6,82218.18,4291,1800,0
2026-01-30 10:00:00+00:00,82217.79,82765.16,82021.87,82687.77,3735,1800,0
2026-01-30 11:00:00+00:00,82690.26,83173.41,82522.74,83007.17,3126,1800,0
2026-01-30 12:00:00+00:00,83008.84,83202.25,82489.76,82642.56,3151,1800,0
2026-01-30 13:00:00+00:00,82644.2,82938.22,82257.63,82606.59,4893,1800,0
2026-01-30 14:00:00+00:00,82599.39,83682.62,82591.82,82977.01,9402,1800,0
2026-01-30 15:00:00+00:00,82980.26,83491.25,82234.56,82757.83,11673,1800,0
2026-01-30 16:00:00+00:00,82756.92,83376.52,82416.17,83017.46,8805,1800,0
2026-01-30 17:00:00+00:00,83018.63,83354.03,82494.1,82807.63,8011,1800,0
2026-01-30 18:00:00+00:00,82805.1,84055.21,81731.29,83795.36,13417,1800,0
2026-01-30 19:00:00+00:00,83799.84,84520.91,83775.71,84122.25,9563,1800,0
2026-01-30 20:00:00+00:00,84126.77,84166.65,83400.23,83762.48,10279,1800,0
2026-01-30 21:00:00+00:00,83766.91,84359.47,83640.89,84119.89,4219,1800,0
2026-01-30 22:00:00+00:00,84117.52,84176.89,83758.54,84078.99,2665,1800,0
2026-01-30 23:00:00+00:00,84080.32,84163.76,83785.19,84106.75,1924,1800,0
2026-01-31 00:00:00+00:00,84107.55,84147.83,83865.4,83936.54,1880,1800,0
2026-01-31 01:00:00+00:00,83934.49,84121.73,83748.64,83865.7,1859,1800,0
2026-01-31 02:00:00+00:00,83865.59,84036.05,83666.17,83972.19,1892,1800,0
2026-01-31 03:00:00+00:00,83973.04,84080.3,83873.59,83875.52,1463,1800,0
2026-01-31 04:00:00+00:00,83874.6,83997.61,83774.23,83842.07,1316,1800,0
2026-01-31 05:00:00+00:00,83841.98,83956.68,83734.45,83855.28,1453,1800,0
2026-01-31 06:00:00+00:00,83853.55,83898.96,83494.16,83623.13,1715,1800,0
2026-01-31 07:00:00+00:00,83624.67,83654.62,83243.2,83404.61,1992,1800,0
2026-01-31 08:00:00+00:00,83402.9,83483.23,82426.16,82916.49,5756,1800,0
2026-01-31 09:00:00+00:00,82923.13,83151.27,82732.46,82973.5,3156,1800,0
2026-01-31 10:00:00+00:00,82977.07,83056.6,82768.97,83021.89,2112,1800,0
2026-01-31 11:00:00+00:00,83014.69,83014.69,82697.32,82874.06,2184,1800,0
2026-01-31 12:00:00+00:00,82871.24,83005.11,82562.2,82629.7,2821,1800,0
2026-01-31 13:00:00+00:00,82624.83,82783.74,82337.99,82621.8,3551,1800,0
2026-01-31 14:00:00+00:00,82621.92,82794.81,80677.91,81360.19,16397,1800,0
2026-01-31 15:00:00+00:00,81356.18,81667.56,80957.66,81179.63,6567,1800,0
2026-01-31 16:00:00+00:00,81179.87,82104.11,79956.15,80227.47,16284,1800,0
2026-01-31 17:00:00+00:00,80226.91,80424.66,77945.69,78774.54,27777,1800,0
2026-01-31 18:00:00+00:00,78773.91,79025.56,75480.52,77928.09,28227,1800,0
2026-01-31 19:00:00+00:00,77932.46,78471.65,77073.85,77633.35,13675,1800,0
2026-01-31 20:00:00+00:00,77636.05,78028.85,76967.36,77882.71,9723,1800,0
2026-01-31 21:00:00+00:00,77878.58,78283.61,77262.27,78200.43,8016,1800,0
2026-01-31 22:00:00+00:00,78202.63,78391.46,77868.89,78049.77,4547,1800,0
2026-01-31 23:00:00+00:00,78046.58,79138.99,77958.11,78630.97,6996,1800,0
2026-02-01 00:00:00+00:00,78654.77,79349.55,78535.55,78817.72,6610,1800,0
2026-02-01 01:00:00+00:00,78806.32,78862.88,78188.6,78426.5,5091,1800,0
2026-02-01 02:00:00+00:00,78428.82,78978.0,78278.99,78808.68,4357,1800,0
2026-02-01 03:00:00+00:00,78804.25,78919.59,78578.55,78780.05,3278,1800,0
2026-02-01 04:00:00+00:00,78789.09,79053.81,78630.9,78882.39,2812,1800,0
2026-02-01 05:00:00+00:00,78885.11,78922.31,78437.97,78529.35,2704,1800,0
2026-02-01 06:00:00+00:00,78528.91,78744.27,78168.13,78217.64,2965,1800,0
2026-02-01 07:00:00+00:00,78217.26,78637.17,77871.88,78278.87,4485,1800,0
2026-02-01 08:00:00+00:00,78278.75,78789.15,78159.66,78512.74,3480,1800,0
2026-02-01 09:00:00+00:00,78516.01,79073.71,78452.49,78957.17,2846,1800,0
2026-02-01 10:00:00+00:00,78955.77,79162.88,78060.3,78206.5,4896,1800,0
2026-02-01 11:00:00+00:00,78206.67,78817.41,78206.67,78687.69,3173,1800,0
2026-02-01 12:00:00+00:00,78682.21,78700.5,78173.39,78389.79,2630,1800,0
2026-02-01 13:00:00+00:00,78395.82,78701.42,78120.86,78254.91,3141,1800,0
2026-02-01 14:00:00+00:00,78254.49,78453.41,77165.65,78147.32,10167,1800,0
2026-02-01 15:00:00+00:00,78150.46,78186.85,76702.94,77534.8,13077,1800,0
2026-02-01 16:00:00+00:00,77525.61,77768.66,77014.33,77409.1,9764,1800,0
2026-02-01 17:00:00+00:00,77403.18,77678.09,77221.38,77671.43,6028,1800,0
2026-02-01 18:00:00+00:00,77673.07,78391.41,77632.95,77942.04,6914,1800,0
2026-02-01 19:00:00+00:00,77940.53,78030.99,76907.21,77088.38,4884,1800,0
2026-02-01 20:00:00+00:00,77090.18,77667.15,76499.64,77024.77,7332,1800,0
2026-02-01 21:00:00+00:00,77025.3,77103.07,76264.28,76447.5,8525,1800,0
2026-02-01 22:00:00+00:00,76435.68,77715.83,76361.11,77158.03,8580,1800,0
2026-02-01 23:00:00+00:00,77162.23,77557.86,75614.33,76898.99,19545,1800,0
2026-02-02 00:00:00+00:00,76897.98,78078.31,76531.74,77597.31,12132,1800,0
2026-02-02 01:00:00+00:00,77593.96,77878.95,76533.33,77447.52,12768,1800,0
2026-02-02 02:00:00+00:00,77451.95,77493.63,76353.7,76405.47,9781,1800,0
2026-02-02 03:00:00+00:00,76406.93,76498.18,74524.9,76214.37,25352,1800,0
2026-02-02 04:00:00+00:00,76214.9,76533.94,75237.29,75805.68,11961,1800,0
2026-02-02 05:00:00+00:00,75804.44,75913.35,74817.04,75402.37,13356,1800,0
2026-02-02 06:00:00+00:00,75402.15,76752.28,74855.62,76455.57,18048,1800,0
2026-02-02 07:00:00+00:00,76457.85,76877.25,76225.54,76564.26,10570,1800,0
2026-02-02 08:00:00+00:00,76561.21,77107.96,76517.84,76779.8,8620,1800,0
2026-02-02 09:00:00+00:00,76786.13,77733.01,76554.99,77629.99,7501,1800,0
2026-02-02 10:00:00+00:00,77629.12,77784.27,77373.68,77412.0,4454,1800,0
2026-02-02 11:00:00+00:00,77416.1,77891.03,77351.61,77672.9,4307,1800,0
2026-02-02 12:00:00+00:00,77676.16,78352.7,77620.89,77924.72,5257,1800,0
2026-02-02 13:00:00+00:00,77923.7,78429.64,77721.33,78137.39,5196,1800,0
2026-02-02 14:00:00+00:00,78141.73,78815.69,77543.68,77781.03,15051,1800,0
2026-02-02 15:00:00+00:00,77789.15,79317.84,77496.46,78815.68,15855,1800,0
2026-02-02 16:00:00+00:00,78813.01,79268.24,78518.23,78577.9,8738,1800,0
2026-02-02 17:00:00+00:00,78575.36,79176.67,78541.7,78939.78,6261,1800,0
2026-02-02 18:00:00+00:00,78939.24,78943.38,78304.86,78508.86,5354,1800,0
2026-02-02 19:00:00+00:00,78503.82,78637.07,78210.39,78281.21,4792,1800,0
2026-02-02 20:00:00+00:00,78278.83,78615.09,77810.09,77937.72,6107,1800,0
2026-02-02 21:00:00+00:00,77947.26,78494.71,77844.78,78456.44,3543,1800,0
2026-02-02 22:00:00+00:00,78457.62,78794.3,78450.85,78730.25,2443,1800,0
2026-02-02 23:00:00+00:00,78731.54,78910.34,78493.75,78664.72,3254,1800,0
2026-02-03 00:00:00+00:00,78662.85,79043.17,78335.41,78989.99,3964,1800,0
2026-02-03 01:00:00+00:00,78993.52,79132.8,78640.3,78948.54,4348,1800,0
2026-02-03 02:00:00+00:00,78948.45,78948.45,77711.87,77731.22,4759,1800,0
2026-02-03 03:00:00+00:00,77735.11,78841.13,77569.87,78679.81,5867,1800,0
2026-02-03 04:00:00+00:00,78673.78,78926.22,78396.34,78727.63,3374,1800,0
2026-02-03 05:00:00+00:00,78726.93,78740.13,78148.83,78168.56,3223,1800,0
2026-02-03 06:00:00+00:00,78167.87,78600.46,77870.98,78523.59,3986,1800,0
2026-02-03 07:00:00+00:00,78523.72,78873.66,78409.52,78711.28,4063,1800,0
2026-02-03 08:00:00+00:00,78713.04,79021.21,78386.57,78682.19,4266,1800,0
2026-02-03 09:00:00+00:00,78682.32,78778.59,77861.62,78313.49,5607,1800,0
2026-02-03 10:00:00+00:00,78313.63,78486.83,77981.9,78047.68,3460,1800,0
2026-02-03 11:00:00+00:00,78048.76,78282.8,77919.32,78004.02,3338,1800,0
2026-02-03 12:00:00+00:00,78003.26,78341.85,77900.81,78255.0,3375,1800,0
2026-02-03 13:00:00+00:00,78255.67,78387.03,78099.13,78219.7,3283,1800,0
2026-02-03 14:00:00+00:00,78217.46,78355.04,77095.57,77140.19,11447,1800,0
2026-02-03 15:00:00+00:00,77139.07,78149.2,76969.26,78059.27,15936,1800,0
2026-02-03 16:00:00+00:00,78060.6,78067.93,76395.5,76418.48,11758,1800,0
2026-02-03 17:00:00+00:00,76424.47,76457.73,74778.99,74814.51,12735,1800,0
2026-02-03 18:00:00+00:00,74819.04,75215.16,73049.9,73060.63,17768,1800,0
2026-02-03 19:00:00+00:00,73050.69,75175.53,72845.97,74830.98,18527,1800,0
2026-02-03 20:00:00+00:00,74829.27,76638.41,74488.33,76375.27,13964,1800,0
2026-02-03 21:00:00+00:00,76371.68,76872.72,76008.8,76142.75,6615,1800,0
2026-02-03 22:00:00+00:00,76142.91,76212.37,75304.86,75603.69,5716,1800,0
2026-02-03 23:00:00+00:00,75601.02,75911.0,75322.85,75658.95,5559,1800,0
2026-02-04 00:00:00+00:00,75658.69,76171.39,75350.96,75813.31,5016,1800,0
2026-02-04 01:00:00+00:00,75816.13,76683.97,75816.13,76310.38,5677,1800,0
2026-02-04 02:00:00+00:00,76312.05,76509.51,75602.81,75848.26,4856,1800,0
2026-02-04 03:00:00+00:00,75848.42,76893.35,75796.22,76603.02,4311,1800,0
2026-02-04 04:00:00+00:00,76603.45,76747.19,76313.78,76386.87,2626,1800,0
2026-02-04 05:00:00+00:00,76391.33,76440.84,76009.74,76192.05,2700,1800,0
2026-02-04 06:00:00+00:00,76190.61,76697.03,76159.64,76550.22,2680,1800,0
2026-02-04 07:00:00+00:00,76544.29,76566.07,76232.36,76407.8,3092,1800,0
2026-02-04 08:00:00+00:00,76410.5,76494.97,75968.73,76476.54,4019,1800,0
2026-02-04 09:00:00+00:00,76474.7,76501.98,75843.51,76011.67,3712,1800,0
2026-02-04 10:00:00+00:00,76016.2,76232.35,75943.2,76191.4,3186,1800,0
2026-02-04 11:00:00+00:00,76190.38,76190.38,75546.69,75910.29,4772,1800,0
2026-02-04 12:00:00+00:00,75910.36,76161.19,75885.3,76070.16,3408,1800,0
2026-02-04 13:00:00+00:00,76064.22,76082.57,74739.88,74751.13,5633,1800,0
2026-02-04 14:00:00+00:00,74749.84,75688.05,74138.28,74251.85,15667,1800,0
2026-02-04 15:00:00+00:00,74256.93,75215.34,73678.63,74016.77,23705,1800,0
2026-02-04 16:00:00+00:00,74019.33,74128.08,72947.26,73506.75,17574,1800,0
2026-02-04 17:00:00+00:00,73505.18,73728.39,71984.03,72423.77,18804,1800,0
2026-02-04 18:00:00+00:00,72423.48,73980.03,72101.85,73277.49,18314,1800,0
2026-02-04 19:00:00+00:00,73281.59,73868.73,72877.05,73769.55,11483,1800,0
2026-02-04 20:00:00+00:00,73767.04,73999.66,73246.68,73348.73,6637,1800,0
2026-02-04 21:00:00+00:00,73345.08,73489.41,72013.68,72630.85,7245,1800,0
2026-02-04 22:00:00+00:00,72636.37,73508.46,71695.75,72369.97,9793,1800,0
2026-02-04 23:00:00+00:00,72367.69,73367.19,72287.15,72997.13,8100,1800,0
2026-02-05 00:00:00+00:00,72995.31,73143.91,72572.49,72705.77,5697,1800,0
2026-02-05 01:00:00+00:00,72708.61,73180.92,71820.97,72241.31,12262,1800,0
2026-02-05 02:00:00+00:00,72243.76,72690.6,71141.45,71310.54,14872,1800,0
2026-02-05 03:00:00+00:00,71305.51,71723.95,71013.81,71087.45,12399,1800,0
2026-02-05 04:00:00+00:00,71088.72,71306.01,70565.61,70730.2,12467,1800,0
2026-02-05 05:00:00+00:00,70745.2,71008.16,69983.22,70583.89,11671,1800,0
2026-02-05 06:00:00+00:00,70585.28,70841.89,70273.68,70807.71,8752,1800,0
2026-02-05 07:00:00+00:00,70805.04,71495.89,70477.58,70593.79,8526,1800,0
2026-02-05 08:00:00+00:00,70596.48,71394.98,70509.48,70908.48,7677,1800,0
2026-02-05 09:00:00+00:00,70909.51,71847.81,70888.3,71432.75,7635,1800,0
2026-02-05 10:00:00+00:00,71433.93,71597.51,70506.98,70721.42,5845,1800,0
2026-02-05 11:00:00+00:00,70716.62,70924.02,69789.66,70186.53,11775,1800,0
2026-02-05 12:00:00+00:00,70188.03,70481.05,69025.38,69440.38,15406,1800,0
2026-02-05 13:00:00+00:00,69439.99,69699.41,69117.19,69546.11,10512,1800,0
2026-02-05 14:00:00+00:00,69546.96,70760.14,69155.68,69285.7,22132,1800,0
2026-02-05 15:00:00+00:00,69282.16,69491.5,66552.19,67369.11,39107,1800,0
2026-02-05 16:00:00+00:00,67371.79,68552.93,66814.09,68168.46,24515,1800,0
2026-02-05 17:00:00+00:00,68170.74,68250.41,66020.39,66052.97,25768,1800,0
2026-02-05 18:00:00+00:00,66052.83,66416.67,65243.04,66197.27,22438,1800,0
2026-02-05 19:00:00+00:00,66193.9,66500.0,65044.06,65123.52,18674,1800,0
2026-02-05 20:00:00+00:00,65126.12,65563.39,62111.7,63639.12,41451,1800,0
2026-02-05 21:00:00+00:00,63636.68,64647.77,62747.09,63079.73,33717,1800,0
2026-02-05 22:00:00+00:00,63081.24,64488.3,62552.29,63789.98,22269,1800,0
2026-02-05 23:00:00+00:00,63774.46,64776.61,62581.18,62790.78,17288,1800,0
2026-02-06 00:00:00+00:00,62791.15,63751.2,59781.05,63400.67,61911,1800,0
2026-02-06 01:00:00+00:00,63397.39,65678.63,63397.39,65619.14,27064,1800,0
2026-02-06 02:00:00+00:00,65620.61,65929.61,64116.85,64913.5,17793,1800,0
2026-02-06 03:00:00+00:00,64915.31,65089.02,63677.16,64081.36,13744,1800,0
2026-02-06 04:00:00+00:00,64077.13,64932.28,63875.25,64828.7,9202,1800,0
2026-02-06 05:00:00+00:00,64827.78,66726.99,64716.3,66311.09,12230,1800,0
2026-02-06 06:00:00+00:00,66307.73,66699.95,64780.49,64893.58,12281,1800,0
2026-02-06 07:00:00+00:00,64892.65,65469.02,64555.17,64767.68,10439,1800,0
2026-02-06 08:00:00+00:00,64764.23,65124.71,64390.81,64803.63,11473,1800,0
2026-02-06 09:00:00+00:00,64805.6,66077.73,64671.02,65710.14,10073,1800,0
2026-02-06 10:00:00+00:00,65712.76,66149.5,65446.79,65879.54,7878,1800,0
2026-02-06 11:00:00+00:00,65869.98,66703.42,65675.27,66537.83,6482,1800,0
2026-02-06 12:00:00+00:00,66534.84,66539.97,66016.19,66471.49,6431,1800,0
2026-02-06 13:00:00+00:00,66474.46,67624.14,66394.02,67251.37,12218,1800,0
2026-02-06 14:00:00+00:00,67255.76,68592.5,66554.78,68161.39,20869,1800,0
2026-02-06 15:00:00+00:00,68170.04,69157.4,67729.35,68605.7,22673,1800,0
2026-02-06 16:00:00+00:00,68603.34,70196.66,68387.26,69918.96,16421,1800,0
2026-02-06 17:00:00+00:00,69912.54,71464.52,69545.18,70704.9,15677,1800,0
2026-02-06 18:00:00+00:00,70695.72,70770.35,69282.79,69712.3,15000,1800,0
2026-02-06 19:00:00+00:00,69714.6,70883.54,69576.06,70657.56,9182,1800,0
2026-02-06 20:00:00+00:00,70659.43,70944.37,69929.72,69937.13,9858,1800,0
2026-02-06 21:00:00+00:00,69943.06,70464.62,69775.39,70306.17,6267,1800,0
2026-02-06 22:00:00+00:00,70308.83,71518.54,70216.1,71287.38,7964,1800,0
2026-02-06 23:00:00+00:00,71283.76,71689.21,70438.57,70521.16,7124,1800,0
2026-02-07 00:00:00+00:00,70521.24,70548.61,69660.03,69909.76,10148,1800,0
2026-02-07 01:00:00+00:00,69909.86,70639.16,69687.35,70432.93,5585,1800,0
2026-02-07 02:00:00+00:00,70434.77,70586.62,70094.87,70304.65,4657,1800,0
2026-02-07 03:00:00+00:00,70303.84,70894.6,70229.16,70878.85,5309,1800,0
2026-02-07 04:00:00+00:00,70880.78,71657.79,70550.07,70715.94,8437,1800,0
2026-02-07 05:00:00+00:00,70713.4,71139.1,69906.53,70123.26,6394,1800,0
2026-02-07 06:00:00+00:00,70116.81,70271.42,68713.49,68750.27,7698,1800,0
2026-02-07 07:00:00+00:00,68756.76,69057.51,67273.51,68042.74,20483,1800,0
2026-02-07 08:00:00+00:00,68049.91,68780.32,67711.87,68463.48,8885,1800,0
2026-02-07 09:00:00+00:00,68471.49,68738.84,67840.3,68089.47,6099,1800,0
2026-02-07 10:00:00+00:00,68086.71,68266.73,67539.01,67948.74,5409,1800,0
2026-02-07 11:00:00+00:00,67948.38,68134.0,67639.97,67927.09,4612,1800,0
2026-02-07 12:00:00+00:00,67921.35,69946.47,67845.94,68958.15,15485,1800,0
2026-02-07 13:00:00+00:00,68957.46,69309.62,68745.26,69023.18,6095,1800,0
2026-02-07 14:00:00+00:00,69020.92,69123.24,68247.95,68583.73,6710,1800,0
2026-02-07 15:00:00+00:00,68572.34,69714.07,68475.39,69086.11,8824,1800,0
2026-02-07 16:00:00+00:00,69091.74,69847.36,68768.38,68891.25,20469,1800,0
2026-02-07 17:00:00+00:00,68906.84,69384.17,68482.19,69145.11,5606,1800,0
2026-02-07 18:00:00+00:00,69138.06,69649.88,68937.99,69447.19,5078,1800,0
2026-02-07 19:00:00+00:00,69458.46,69529.26,69203.26,69328.0,3321,1800,0
2026-02-07 20:00:00+00:00,69305.93,69682.83,69190.28,69575.6,2982,1800,0
2026-02-07 21:00:00+00:00,69575.96,69650.43,69299.82,69462.11,2951,1800,0
2026-02-07 22:00:00+00:00,69447.55,69651.9,69271.84,69359.2,2413,1800,0
2026-02-07 23:00:00+00:00,69365.85,69427.0,68721.3,69239.12,4436,1800,0
2026-02-08 00:00:00+00:00,69242.24,69394.46,68831.69,69073.6,3876,1800,0
2026-02-08 01:00:00+00:00,69073.32,69466.27,69031.25,69324.82,3556,1800,0
2026-02-08 02:00:00+00:00,69329.5,69653.5,69090.97,69313.35,3617,1800,0
2026-02-08 03:00:00+00:00,69313.21,69397.5,69001.75,69052.95,2823,1800,0
2026-02-08 04:00:00+00:00,69051.96,69310.11,68905.77,69276.91,2666,1800,0
2026-02-08 05:00:00+00:00,69282.7,69371.94,69082.96,69168.75,2136,1800,0
2026-02-08 06:00:00+00:00,69167.97,69366.25,69032.98,69300.85,2464,1800,0
2026-02-08 07:00:00+00:00,69310.22,69662.94,69150.83,69637.9,2861,1800,0
2026-02-08 08:00:00+00:00,69638.92,70736.77,69449.28,70585.62,7862,1800,0
2026-02-08 09:00:00+00:00,70588.36,70641.61,70025.84,70042.07,5218,1800,0
2026-02-08 10:00:00+00:00,70051.68,70398.49,69814.13,70201.87,4749,1800,0
2026-02-08 11:00:00+00:00,70198.69,71164.22,70153.06,70931.18,6184,1800,0
2026-02-08 12:00:00+00:00,70923.98,71236.32,70637.88,71169.1,4742,1800,0
2026-02-08 13:00:00+00:00,71167.79,71474.61,70898.55,71451.61,4954,1800,0
2026-02-08 14:00:00+00:00,71453.95,71516.3,71025.96,71208.2,4225,1800,0
2026-02-08 15:00:00+00:00,71194.47,71416.02,70728.2,71129.27,6169,1800,0
2026-02-08 16:00:00+00:00,71119.58,71206.51,70193.53,70374.69,6394,1800,0
2026-02-08 17:00:00+00:00,70368.73,70824.42,70353.52,70730.06,4752,1800,0
2026-02-08 18:00:00+00:00,70735.03,71357.9,70681.47,71083.83,4803,1800,0
2026-02-08 19:00:00+00:00,71082.12,71477.22,71082.12,71376.55,3288,1800,0
2026-02-08 20:00:00+00:00,71372.27,71374.97,70643.23,70784.31,3761,1800,0
2026-02-08 21:00:00+00:00,70794.68,71097.74,70489.59,70644.13,3454,1800,0
2026-02-08 22:00:00+00:00,70647.35,71066.66,70592.41,71022.77,3204,1800,0
2026-02-08 23:00:00+00:00,71011.63,72254.82,69919.59,70272.95,16563,1800,0
2026-02-09 00:00:00+00:00,70267.85,70726.02,70051.27,70442.27,7807,1800,0
2026-02-09 01:00:00+00:00,70437.73,70875.16,69996.25,70321.97,9172,1800,0
2026-02-09 02:00:00+00:00,70312.93,70966.26,70159.99,70579.42,6455,1800,0
2026-02-09 03:00:00+00:00,70580.33,71391.95,70556.03,71234.37,5689,1800,0
2026-02-09 04:00:00+00:00,71228.39,71287.98,70843.12,70940.83,3975,1800,0
2026-02-09 05:00:00+00:00,70934.94,71056.41,70734.18,70978.9,3297,1800,0
2026-02-09 06:00:00+00:00,70979.84,70982.68,70226.4,70595.88,4540,1800,0
2026-02-09 07:00:00+00:00,70590.42,70851.76,70283.21,70370.4,3803,1800,0
2026-02-09 08:00:00+00:00,70369.54,70556.31,69342.4,69806.49,7141,1800,0
2026-02-09 09:00:00+00:00,69802.78,70061.84,69401.47,69572.39,4618,1800,0
2026-02-09 10:00:00+00:00,69573.29,69672.58,68341.72,68664.54,9039,1800,0
2026-02-09 11:00:00+00:00,68662.67,68957.12,68509.04,68860.95,4977,1800,0
2026-02-09 12:00:00+00:00,68864.06,69187.73,68790.73,69079.26,4287,1800,0
2026-02-09 13:00:00+00:00,69072.74,69246.01,68518.31,68529.94,4781,1800,0
2026-02-09 14:00:00+00:00,68539.29,69706.61,68227.8,69215.99,17190,1800,0
2026-02-09 15:00:00+00:00,69218.86,69829.22,68763.04,69527.27,12009,1800,0
2026-02-09 16:00:00+00:00,69522.75,70384.56,69036.25,70045.73,10582,1800,0
2026-02-09 17:00:00+00:00,70038.82,71004.02,69810.3,70562.82,9156,1800,0
2026-02-09 18:00:00+00:00,70566.1,70974.92,70032.46,70366.09,8301,1800,0
2026-02-09 19:00:00+00:00,70364.84,71042.53,70207.53,70914.01,5728,1800,0
2026-02-09 20:00:00+00:00,70912.71,71095.0,70441.5,70697.89,5656,1800,0
2026-02-09 21:00:00+00:00,70706.13,70777.61,69769.41,70359.45,4630,1800,0
2026-02-09 22:00:00+00:00,70354.6,70678.71,70223.78,70322.69,3557,1800,0
2026-02-09 23:00:00+00:00,70321.92,70532.47,70030.14,70105.74,3083,1800,0
2026-02-10 00:00:00+00:00,70105.97,70216.72,69689.85,69780.32,3523,1800,0
2026-02-10 01:00:00+00:00,69782.52,70502.98,69775.27,70445.92,4233,1800,0
2026-02-10 02:00:00+00:00,70447.09,70447.09,69937.01,70055.94,3352,1800,0
2026-02-10 03:00:00+00:00,70067.47,70133.2,69148.88,69460.92,5447,1800,0
2026-02-10 04:00:00+00:00,69460.05,69869.19,69409.94,69782.84,3072,1800,0
2026-02-10 05:00:00+00:00,69789.16,69818.91,69159.4,69406.25,3829,1800,0
2026-02-10 06:00:00+00:00,69409.68,69454.93,68616.88,68867.66,5630,1800,0
2026-02-10 07:00:00+00:00,68872.8,69148.82,68796.74,68864.07,3798,1800,0
2026-02-10 08:00:00+00:00,68865.72,69169.99,68648.99,69064.63,3858,1800,0
2026-02-10 09:00:00+00:00,69062.25,69351.14,68880.44,69087.19,3361,1800,0
2026-02-10 10:00:00+00:00,69087.15,69202.89,68839.62,68855.36,2580,1800,0
2026-02-10 11:00:00+00:00,68861.07,69020.43,68381.24,68458.58,3815,1800,0
2026-02-10 12:00:00+00:00,68458.95,68798.04,68344.34,68545.6,3974,1800,0
2026-02-10 13:00:00+00:00,68544.53,69085.38,68289.68,68955.59,5492,1800,0
2026-02-10 14:00:00+00:00,68957.97,69537.09,67850.59,68400.16,14799,1800,0
2026-02-10 15:00:00+00:00,68390.74,69479.47,68229.31,69242.71,14274,1800,0
2026-02-10 16:00:00+00:00,69239.58,69781.31,68889.41,69479.26,9590,1800,0
2026-02-10 17:00:00+00:00,69483.49,69964.2,69258.86,69887.9,6619,1800,0
2026-02-10 18:00:00+00:00,69898.29,69910.04,68550.22,68843.91,8253,1800,0
2026-02-10 19:00:00+00:00,68849.53,69270.5,68649.15,69019.68,5955,1800,0
2026-02-10 20:00:00+00:00,69023.05,69102.36,68570.6,68718.65,4851,1800,0
2026-02-10 21:00:00+00:00,68710.45,68969.72,68296.9,68598.7,3839,1800,0
2026-02-10 22:00:00+00:00,68602.59,68810.43,68508.06,68642.47,2833,1800,0
2026-02-10 23:00:00+00:00,68636.81,68821.53,68445.92,68794.99,2582,1800,0
2026-02-11 00:00:00+00:00,68795.46,69201.65,68726.15,69132.88,3063,1800,0
2026-02-11 01:00:00+00:00,69134.66,69248.92,68852.95,68939.35,2816,1800,0
2026-02-11 02:00:00+00:00,68940.12,69125.89,68559.36,68636.2,3273,1800,0
2026-02-11 03:00:00+00:00,68636.61,68706.46,67951.63,68139.28,5021,1800,0
2026-02-11 04:00:00+00:00,68130.1,68278.93,67307.62,67536.33,7902,1800,0
2026-02-11 05:00:00+00:00,67539.02,67779.93,67343.37,67350.87,4443,1800,0
2026-02-11 06:00:00+00:00,67356.1,67448.12,66496.47,66724.03,8086,1800,0
2026-02-11 07:00:00+00:00,66753.36,67213.37,66593.86,66983.09,5073,1800,0
2026-02-11 08:00:00+00:00,66980.38,67087.85,66743.19,66936.22,4313,1800,0
2026-02-11 09:00:00+00:00,66940.05,67073.59,66678.89,66835.44,3607,1800,0
2026-02-11 10:00:00+00:00,66842.18,66857.92,66330.68,66503.96,4839,1800,0
2026-02-11 11:00:00+00:00,66504.78,67084.15,66472.25,67021.62,4435,1800,0
2026-02-11 12:00:00+00:00,67015.59,67397.55,66915.58,67100.05,4411,1800,0
2026-02-11 13:00:00+00:00,67110.73,67648.81,66759.31,67429.41,8971,1800,0
2026-02-11 14:00:00+00:00,67417.55,68812.55,66384.94,66541.08,21317,1800,0
2026-02-11 15:00:00+00:00,66549.51,66782.46,65702.98,66480.65,21792,1800,0
2026-02-11 16:00:00+00:00,66477.74,67246.91,65891.67,65992.11,12765,1800,0
2026-02-11 17:00:00+00:00,65990.53,66876.95,65815.27,66462.09,9924,1800,0
2026-02-11 18:00:00+00:00,66466.5,67265.39,66084.43,67233.87,8654,1800,0
2026-02-11 19:00:00+00:00,67225.12,67812.7,67056.57,67532.05,7987,1800,0
2026-02-11 20:00:00+00:00,67530.25,67703.03,67112.38,67506.77,5660,1800,0
2026-02-11 21:00:00+00:00,67509.03,68296.23,67350.56,67751.15,5580,1800,0
2026-02-11 22:00:00+00:00,67756.1,67818.2,67310.85,67364.58,3922,1800,0
2026-02-11 23:00:00+00:00,67373.39,67507.12,66723.6,67016.61,4663,1800,0
2026-02-12 00:00:00+00:00,67025.04,67662.45,66988.72,67399.3,4106,1800,0
2026-02-12 01:00:00+00:00,67400.73,67997.37,67397.17,67643.63,4864,1800,0
2026-02-12 02:00:00+00:00,67645.7,67750.24,67340.15,67389.0,4134,1800,0
2026-02-12 03:00:00+00:00,67388.06,67546.58,67243.26,67523.42,3134,1800,0
2026-02-12 04:00:00+00:00,67525.07,67638.48,66937.71,66961.56,3983,1800,0
2026-02-12 05:00:00+00:00,66960.25,67155.81,66604.09,67089.5,4470,1800,0
2026-02-12 06:00:00+00:00,67081.95,67304.98,66945.95,67074.04,3423,1800,0
2026-02-12 07:00:00+00:00,67077.65,67273.7,66868.14,67158.12,3076,1800,0
2026-02-12 08:00:00+00:00,67153.4,67296.2,66840.9,67075.72,3390,1800,0
2026-02-12 09:00:00+00:00,67080.63,67674.97,66992.3,67490.9,3640,1800,0
2026-02-12 10:00:00+00:00,67490.6,67978.5,67364.45,67958.06,3800,1800,0
2026-02-12 11:00:00+00:00,67951.41,68256.09,67691.45,68021.01,4838,1800,0
2026-02-12 12:00:00+00:00,68018.46,68113.79,67668.51,67830.38,3810,1800,0
2026-02-12 13:00:00+00:00,67831.51,68365.85,67627.0,68328.31,5235,1800,0
2026-02-12 14:00:00+00:00,68328.28,68384.51,67434.44,67522.46,10915,1800,0
2026-02-12 15:00:00+00:00,67525.28,67976.35,66956.77,67084.68,14603,1800,0
2026-02-12 16:00:00+00:00,67091.68,67202.95,65490.42,65815.41,20330,1800,0
2026-02-12 17:00:00+00:00,65810.56,66212.71,65295.48,65359.2,12347,1800,0
2026-02-12 18:00:00+00:00,65365.27,65744.83,65059.58,65536.71,10713,1800,0
2026-02-12 19:00:00+00:00,65540.74,66072.96,65203.95,65742.25,7566,1800,0
2026-02-12 20:00:00+00:00,65744.19,65984.57,65140.64,65375.36,6947,1800,0
2026-02-12 21:00:00+00:00,65379.43,65847.24,65374.45,65786.26,3933,1800,0
2026-02-12 22:00:00+00:00,65781.63,66343.71,65564.45,66219.89,3393,1800,0
2026-02-12 23:00:00+00:00,66219.46,66427.33,66088.56,66213.8,4019,1800,0
2026-02-13 00:00:00+00:00,66213.74,66467.95,65795.48,65842.36,4144,1800,0
2026-02-13 01:00:00+00:00,65846.53,66566.07,65846.53,66390.25,4242,1800,0
2026-02-13 02:00:00+00:00,66390.29,66712.1,66310.1,66598.85,3420,1800,0
2026-02-13 03:00:00+00:00,66606.28,66759.63,66397.8,66498.5,3408,1800,0
2026-02-13 04:00:00+00:00,66490.41,66623.39,66245.91,66282.21,3109,1800,0
2026-02-13 05:00:00+00:00,66282.39,66452.14,66117.36,66124.66,3019,1800,0
2026-02-13 06:00:00+00:00,66121.07,66340.23,65942.91,66309.79,3191,1800,0
2026-02-13 07:00:00+00:00,66308.68,66524.59,65978.62,66141.75,3685,1800,0
2026-02-13 08:00:00+00:00,66141.93,66688.96,66114.19,66642.69,4019,1800,0
2026-02-13 09:00:00+00:00,66629.93,67018.44,66545.1,66890.45,3879,1800,0
2026-02-13 10:00:00+00:00,66890.55,67065.72,66730.54,66913.08,3803,1800,0
2026-02-13 11:00:00+00:00,66923.72,67176.82,66730.41,67113.52,3835,1800,0
2026-02-13 12:00:00+00:00,67112.75,67161.88,66866.39,67024.67,3363,1800,0
2026-02-13 13:00:00+00:00,67021.37,67569.42,66877.44,67215.37,7927,1800,0
2026-02-13 14:00:00+00:00,67215.27,67984.02,66803.57,67686.9,14122,1800,0
2026-02-13 15:00:00+00:00,67689.32,69277.87,67640.65,68641.48,18525,1800,0
2026-02-13 16:00:00+00:00,68639.77,69441.94,68486.11,68919.9,11084,1800,0
2026-02-13 17:00:00+00:00,68919.83,69208.68,68572.16,68992.14,7383,1800,0
2026-02-13 18:00:00+00:00,68990.42,69370.53,68839.17,69090.99,6408,1800,0
2026-02-13 19:00:00+00:00,69089.22,69194.88,68866.39,68889.76,4547,1800,0
2026-02-13 20:00:00+00:00,68903.78,68928.22,68632.83,68735.51,5121,1800,0
2026-02-13 21:00:00+00:00,68733.25,69052.3,68687.03,68838.34,2759,1800,0
2026-02-13 22:00:00+00:00,68838.45,68963.98,68671.16,68942.86,2556,1800,0
2026-02-13 23:00:00+00:00,68945.8,68975.64,68777.73,68807.23,2152,1800,0
2026-02-14 00:00:00+00:00,68816.48,69112.09,68710.78,69054.7,2290,1800,0
2026-02-14 01:00:00+00:00,69051.86,69078.39,68871.02,68923.06,2007,1800,0
2026-02-14 02:00:00+00:00,68922.2,68970.3,68793.94,68832.97,1653,1800,0
2026-02-14 03:00:00+00:00,68836.65,68990.5,68805.24,68936.61,1408,1800,0
2026-02-14 04:00:00+00:00,68929.26,68956.12,68737.99,68764.1,1391,1800,0
2026-02-14 05:00:00+00:00,68763.83,68873.54,68699.74,68742.1,1441,1800,0
2026-02-14 06:00:00+00:00,68743.29,68898.19,68683.81,68884.2,1440,1800,0
2026-02-14 07:00:00+00:00,68884.28,69301.24,68839.02,69177.31,2134,1800,0
2026-02-14 08:00:00+00:00,69170.87,69832.74,69164.6,69696.0,4639,1800,0
2026-02-14 09:00:00+00:00,69698.21,69869.03,69521.26,69668.75,2583,1800,0
2026-02-14 10:00:00+00:00,69666.49,69668.76,69532.28,69621.5,1735,1800,0
2026-02-14 11:00:00+00:00,69630.02,70554.64,69620.53,70449.99,5557,1800,0
2026-02-14 12:00:00+00:00,70446.15,70490.21,69537.45,69604.22,4564,1800,0
2026-02-14 13:00:00+00:00,69605.54,69741.66,69168.35,69434.38,5100,1800,0
2026-02-14 14:00:00+00:00,69431.6,69840.38,69301.85,69689.9,3473,1800,0
2026-02-14 15:00:00+00:00,69690.61,70024.65,69531.15,69768.24,3593,1800,0
2026-02-14 16:00:00+00:00,69764.44,69794.13,69254.45,69719.19,4369,1800,0
2026-02-14 17:00:00+00:00,69719.62,69898.92,69568.1,69700.85,3120,1800,0
2026-02-14 18:00:00+00:00,69698.74,69824.7,69635.68,69741.05,2125,1800,0
2026-02-14 19:00:00+00:00,69737.23,69899.82,69563.19,69847.36,2407,1800,0
2026-02-14 20:00:00+00:00,69837.99,69992.72,69668.9,69974.16,2264,1800,0
2026-02-14 21:00:00+00:00,69966.87,70225.96,69618.97,69893.06,3013,1800,0
2026-02-14 22:00:00+00:00,69891.4,70065.2,69721.41,69930.65,2540,1800,0
2026-02-14 23:00:00+00:00,69927.59,69981.54,69672.17,69792.63,2446,1800,0
2026-02-15 00:00:00+00:00,69793.24,69823.41,69547.52,69726.35,2481,1800,0
2026-02-15 01:00:00+00:00,69722.8,69872.19,69307.73,69659.44,3373,1800,0
2026-02-15 02:00:00+00:00,69656.63,69721.54,69307.59,69435.11,2919,1800,0
2026-02-15 03:00:00+00:00,69447.03,69958.97,69199.03,69924.56,3717,1800,0
2026-02-15 04:00:00+00:00,69928.28,70494.26,69917.82,70148.85,4327,1800,0
2026-02-15 05:00:00+00:00,70148.98,70452.02,70097.69,70243.55,2378,1800,0
2026-02-15 06:00:00+00:00,70236.81,70520.3,70140.82,70366.47,2428,1800,0
2026-02-15 07:00:00+00:00,70355.62,70897.66,70312.82,70784.94,3259,1800,0
2026-02-15 08:00:00+00:00,70779.85,70937.11,70123.94,70402.51,4445,1800,0
2026-02-15 09:00:00+00:00,70398.58,70629.63,70320.02,70385.17,2571,1800,0
2026-02-15 10:00:00+00:00,70382.2,70481.66,70173.46,70387.58,2764,1800,0
2026-02-15 11:00:00+00:00,70391.73,70520.17,70221.66,70257.92,1810,1800,0
2026-02-15 12:00:00+00:00,70255.12,70390.94,69255.79,69265.81,4929,1800,0
2026-02-15 13:00:00+00:00,69268.78,69589.19,68726.54,68895.06,6884,1800,0
2026-02-15 14:00:00+00:00,68893.72,69182.61,68794.1,69131.81,4360,1800,0
2026-02-15 15:00:00+00:00,69126.87,69231.37,68842.96,69057.83,3237,1800,0
2026-02-15 16:00:00+00:00,69055.19,69067.28,68741.51,68962.72,2855,1800,0
2026-02-15 17:00:00+00:00,68976.96,69053.01,68138.36,68593.31,5452,1800,0
2026-02-15 18:00:00+00:00,68590.38,68757.98,68309.85,68405.43,5016,1800,0
2026-02-15 19:00:00+00:00,68405.27,68507.74,68026.26,68241.0,4890,1800,0
2026-02-15 20:00:00+00:00,68241.42,68520.02,68071.02,68405.98,2621,1800,0
2026-02-15 21:00:00+00:00,68410.58,68926.71,68410.58,68783.86,2732,1800,0
2026-02-15 22:00:00+00:00,68784.94,69043.31,68731.7,68959.77,2580,1800,0
2026-02-15 23:00:00+00:00,68956.48,68956.48,68280.52,68788.0,4440,1800,0
2026-02-16 00:00:00+00:00,68786.15,69026.57,68642.87,68808.75,3353,1800,0
2026-02-16 01:00:00+00:00,68807.65,68998.8,68401.61,68583.64,3140,1800,0
2026-02-16 02:00:00+00:00,68581.97,68701.27,68198.38,68292.84,3298,1800,0
2026-02-16 03:00:00+00:00,68295.31,68432.83,68102.91,68382.83,2538,1800,0
2026-02-16 04:00:00+00:00,68388.14,68855.25,68367.86,68816.03,2539,1800,0
2026-02-16 05:00:00+00:00,68820.18,68850.65,68253.03,68347.97,2389,1800,0
2026-02-16 06:00:00+00:00,68343.89,68498.38,68178.46,68403.52,1912,1800,0
2026-02-16 07:00:00+00:00,68404.53,68632.14,68328.91,68532.51,2359,1800,0
2026-02-16 08:00:00+00:00,68533.72,68753.69,68488.92,68717.98,2263,1800,0
2026-02-16 09:00:00+00:00,68721.44,69027.93,68691.2,68946.86,2726,1800,0
2026-02-16 10:00:00+00:00,68944.87,68944.87,68644.29,68756.78,2223,1800,0
2026-02-16 11:00:00+00:00,68761.28,68881.25,68297.24,68755.07,3378,1800,0
2026-02-16 12:00:00+00:00,68751.11,69813.43,68748.41,69724.77,6899,1800,0
2026-02-16 13:00:00+00:00,69711.11,70099.92,68177.31,68363.83,11263,1800,0
2026-02-16 14:00:00+00:00,68348.86,68686.82,68210.48,68384.15,6705,1800,0
2026-02-16 15:00:00+00:00,68384.28,68566.07,67236.47,67505.24,10274,1800,0
2026-02-16 16:00:00+00:00,67505.7,67944.67,67459.65,67845.15,5682,1800,0
2026-02-16 17:00:00+00:00,67835.18,68032.76,67538.32,67898.53,3783,1800,0
2026-02-16 18:00:00+00:00,67902.75,68208.62,67778.64,67820.89,2709,1800,0
2026-02-16 19:00:00+00:00,67824.9,68094.2,67767.26,67883.69,2103,1800,0
2026-02-16 20:00:00+00:00,67881.07,68528.19,67769.74,68478.74,2723,1800,0
2026-02-16 21:00:00+00:00,68479.26,68896.07,68373.85,68808.07,3063,1800,0
2026-02-16 22:00:00+00:00,68810.86,68857.12,68449.52,68556.15,3009,1800,0
2026-02-16 23:00:00+00:00,68554.02,68951.63,68492.98,68845.39,2772,1800,0
2026-02-17 00:00:00+00:00,68845.73,69007.48,68650.47,68837.6,3293,1800,0
2026-02-17 01:00:00+00:00,68840.43,68973.68,68527.81,68574.61,3080,1800,0
2026-02-17 02:00:00+00:00,68574.66,69208.22,68332.3,68796.06,4776,1800,0
2026-02-17 03:00:00+00:00,68794.62,68833.17,68426.53,68436.8,3083,1800,0
2026-02-17 04:00:00+00:00,68436.07,68665.06,68232.7,68431.07,2655,1800,0
2026-02-17 05:00:00+00:00,68438.31,68479.33,67842.1,68201.78,3832,1800,0
2026-02-17 06:00:00+00:00,68201.35,68493.06,68186.32,68354.93,2345,1800,0
2026-02-17 07:00:00+00:00,68353.39,68442.13,68116.03,68351.19,2480,1800,0
2026-02-17 08:00:00+00:00,68356.94,68444.74,68074.06,68132.83,2514,1800,0
2026-02-17 09:00:00+00:00,68132.92,68270.98,67934.82,68081.67,2698,1800,0
2026-02-17 10:00:00+00:00,68081.54,68158.7,67635.08,67808.79,3295,1800,0
2026-02-17 11:00:00+00:00,67800.7,67893.73,67633.62,67805.85,2522,1800,0
2026-02-17 12:00:00+00:00,67806.84,68254.16,67770.14,67883.46,3031,1800,0
2026-02-17 13:00:00+00:00,67883.58,68341.0,67681.63,68089.82,4705,1800,0
2026-02-17 14:00:00+00:00,68099.64,68297.34,66651.24,66830.15,12030,1800,0
2026-02-17 15:00:00+00:00,66829.17,67366.09,66558.86,67348.99,11553,1800,0
2026-02-17 16:00:00+00:00,67350.06,68123.75,67270.95,67487.49,10394,1800,0
2026-02-17 17:00:00+00:00,67489.47,67690.09,66834.17,67202.79,7954,1800,0
2026-02-17 18:00:00+00:00,67201.03,68204.24,67072.26,68041.93,6489,1800,0
2026-02-17 19:00:00+00:00,68042.35,68200.61,67685.47,67758.03,5042,1800,0
2026-02-17 20:00:00+00:00,67758.08,67889.37,67421.78,67695.11,4549,1800,0
2026-02-17 21:00:00+00:00,67697.59,67897.48,67484.79,67627.84,2499,1800,0
2026-02-17 22:00:00+00:00,67623.1,67748.54,67454.15,67493.14,1831,1800,0
2026-02-17 23:00:00+00:00,67491.47,67576.12,67332.18,67469.55,2398,1800,0
2026-02-18 00:00:00+00:00,67468.75,67593.15,67235.92,67235.98,2577,1800,0
2026-02-18 01:00:00+00:00,67245.11,67337.66,66838.53,67126.45,3325,1800,0
2026-02-18 02:00:00+00:00,67127.78,67384.44,67097.32,67282.97,2427,1800,0
2026-02-18 03:00:00+00:00,67283.04,67659.31,67277.27,67582.97,2310,1800,0
2026-02-18 04:00:00+00:00,67584.82,67866.92,67445.75,67782.12,2221,1800,0
2026-02-18 05:00:00+00:00,67784.56,67901.81,67553.63,67603.37,2261,1800,0
2026-02-18 06:00:00+00:00,67601.9,67943.04,67564.27,67808.78,2077,1800,0
2026-02-18 07:00:00+00:00,67803.89,68192.88,67650.17,68067.7,2523,1800,0
2026-02-18 08:00:00+00:00,68078.32,68438.66,68013.99,68090.0,3359,1800,0
2026-02-18 09:00:00+00:00,68091.74,68239.49,67955.32,68113.84,2151,1800,0
2026-02-18 10:00:00+00:00,68114.44,68148.0,67682.03,67759.31,2394,1800,0
2026-02-18 11:00:00+00:00,67757.2,67774.97,67048.89,67348.56,4576,1800,0
2026-02-18 12:00:00+00:00,67346.93,67654.75,67297.38,67435.59,3361,1800,0
2026-02-18 13:00:00+00:00,67436.39,67571.23,67007.33,67208.85,3344,1800,0
2026-02-18 14:00:00+00:00,67208.44,67339.22,66676.61,67186.39,9269,1800,0
2026-02-18 15:00:00+00:00,67181.27,68323.34,67150.68,67657.97,9024,1800,0
2026-02-18 16:00:00+00:00,67657.08,67676.39,66934.63,67095.17,7225,1800,0
2026-02-18 17:00:00+00:00,67096.69,67452.06,67007.62,67142.14,4309,1800,0
2026-02-18 18:00:00+00:00,67144.3,67192.76,66123.87,66324.47,6584,1800,0
2026-02-18 19:00:00+00:00,66322.09,66587.16,65817.63,66137.49,8194,1800,0
2026-02-18 20:00:00+00:00,66143.42,66500.78,66085.82,66229.42,4768,1800,0
2026-02-18 21:00:00+00:00,66234.8,66460.04,65982.27,66288.63,2893,1800,0
2026-02-18 22:00:00+00:00,66287.22,66451.87,66181.79,66367.59,2072,1800,0
2026-02-18 23:00:00+00:00,66367.74,66471.37,66222.48,66411.51,2253,1800,0
2026-02-19 00:00:00+00:00,66410.32,66566.97,66294.59,66400.87,2283,1800,0
2026-02-19 01:00:00+00:00,66400.15,66843.13,66398.54,66817.23,2852,1800,0
2026-02-19 02:00:00+00:00,66827.26,66932.76,66596.06,66782.58,2681,1800,0
2026-02-19 03:00:00+00:00,66782.51,66974.18,66684.39,66931.61,2127,1800,0
2026-02-19 04:00:00+00:00,66931.23,67037.1,66710.59,66761.95,2089,1800,0
2026-02-19 05:00:00+00:00,66763.57,66858.5,66635.68,66833.47,2168,1800,0
2026-02-19 06:00:00+00:00,66833.97,67272.99,66819.34,67114.14,2522,1800,0
2026-02-19 07:00:00+00:00,67115.63,67293.45,66986.46,67164.04,2341,1800,0
2026-02-19 08:00:00+00:00,67160.09,67160.09,66744.14,66914.85,2631,1800,0
2026-02-19 09:00:00+00:00,66924.49,67158.0,66712.44,66802.67,2706,1800,0
2026-02-19 10:00:00+00:00,66802.93,66936.92,66691.91,66791.87,2529,1800,0
2026-02-19 11:00:00+00:00,66786.98,66899.07,66428.66,66462.62,2330,1800,0
2026-02-19 12:00:00+00:00,66459.59,66648.59,66274.31,66488.28,2804,1800,0
2026-02-19 13:00:00+00:00,66488.75,66526.96,65716.12,65898.94,5261,1800,0
2026-02-19 14:00:00+00:00,65889.76,66645.08,65593.26,66382.79,9337,1800,0
2026-02-19 15:00:00+00:00,66388.79,66733.61,65924.79,66356.89,8385,1800,0
2026-02-19 16:00:00+00:00,66354.68,66485.84,65849.13,66266.07,5963,1800,0
2026-02-19 17:00:00+00:00,66260.66,67038.77,66129.2,66324.79,6238,1800,0
2026-02-19 18:00:00+00:00,66327.79,67059.62,66204.41,66994.68,5639,1800,0
2026-02-19 19:00:00+00:00,66993.85,67179.93,66665.53,67018.92,4759,1800,0
2026-02-19 20:00:00+00:00,67018.19,67154.88,66783.18,67128.43,3436,1800,0
2026-02-19 21:00:00+00:00,67131.29,67149.53,66864.51,66895.79,2078,1800,0
2026-02-19 22:00:00+00:00,66898.19,66970.48,66605.2,66867.94,2397,1800,0
2026-02-19 23:00:00+00:00,66876.26,67000.3,66778.72,66972.61,2131,1800,0
2026-02-20 00:00:00+00:00,66970.33,67489.85,66906.85,67183.23,3616,1800,0
2026-02-20 01:00:00+00:00,67194.97,67326.87,67103.29,67246.08,2471,1800,0
2026-02-20 02:00:00+00:00,67245.8,67316.25,67138.79,67206.93,1955,1800,0
2026-02-20 03:00:00+00:00,67207.45,67461.95,67200.5,67317.59,2088,1800,0
2026-02-20 04:00:00+00:00,67316.84,67357.03,67068.22,67224.12,2243,1800,0
2026-02-20 05:00:00+00:00,67224.76,67994.09,67170.75,67760.11,3242,1800,0
2026-02-20 06:00:00+00:00,67761.12,67875.06,67628.83,67816.25,2492,1800,0
2026-02-20 07:00:00+00:00,67813.83,67968.62,67729.41,67800.66,2038,1800,0
2026-02-20 08:00:00+00:00,67801.57,67921.43,67713.77,67839.16,1898,1800,0
2026-02-20 09:00:00+00:00,67836.13,68203.45,67836.13,68174.94,2989,1800,0
2026-02-20 10:00:00+00:00,68174.84,68297.34,67747.78,67921.65,2682,1800,0
2026-02-20 11:00:00+00:00,67923.04,67960.37,67257.15,67304.0,3244,1800,0
2026-02-20 12:00:00+00:00,67306.88,67574.87,67239.33,67497.7,2824,1800,0
2026-02-20 13:00:00+00:00,67502.12,67519.64,66412.98,66790.33,6721,1800,0
2026-02-20 14:00:00+00:00,66775.55,67306.15,66629.59,67057.32,8016,1800,0
2026-02-20 15:00:00+00:00,67062.27,68099.39,66510.39,67552.76,16580,1800,0
2026-02-20 16:00:00+00:00,67562.82,67905.13,67266.77,67777.24,7765,1800,0
2026-02-20 17:00:00+00:00,67774.41,67775.34,66923.44,67576.17,7961,1800,0
2026-02-20 18:00:00+00:00,67578.12,67991.21,67428.18,67908.55,6879,1800,0
2026-02-20 19:00:00+00:00,67911.83,67991.77,67517.04,67613.04,3711,1800,0
2026-02-20 20:00:00+00:00,67611.58,67810.01,67485.85,67733.23,2709,1800,0
2026-02-20 21:00:00+00:00,67728.72,67808.3,67602.43,67798.28,2043,1800,0
2026-02-20 22:00:00+00:00,67788.59,68114.77,67598.95,68042.08,2477,1800,0
2026-02-20 23:00:00+00:00,68041.98,68225.79,67869.72,67973.16,2206,1800,0
2026-02-21 00:00:00+00:00,67981.37,68014.57,67736.72,67810.21,1768,1800,0
2026-02-21 01:00:00+00:00,67810.62,67985.36,67802.63,67932.84,1482,1800,0
2026-02-21 02:00:00+00:00,67933.69,68090.38,67885.6,67973.69,1338,1800,0
2026-02-21 03:00:00+00:00,67978.1,67978.23,67491.81,67640.66,2097,1800,0
2026-02-21 04:00:00+00:00,67647.46,67829.71,67553.44,67778.08,1534,1800,0
2026-02-21 05:00:00+00:00,67780.36,67866.65,67758.67,67832.05,1226,1800,0
2026-02-21 06:00:00+00:00,67832.99,67905.94,67711.9,67763.93,1229,1800,0
2026-02-21 07:00:00+00:00,67763.03,67866.07,67713.58,67834.51,1054,1800,0
2026-02-21 08:00:00+00:00,67828.79,68050.74,67776.37,68021.07,1485,1800,0
2026-02-21 09:00:00+00:00,68028.76,68288.19,67937.71,68124.16,1950,1800,0
2026-02-21 10:00:00+00:00,68122.09,68219.38,68107.43,68182.61,1372,1800,0
2026-02-21 11:00:00+00:00,68183.79,68271.13,68044.55,68071.22,1637,1800,0
2026-02-21 12:00:00+00:00,68062.5,68191.82,67890.46,68166.76,1721,1800,0
2026-02-21 13:00:00+00:00,68172.39,68247.82,68075.06,68220.24,1457,1800,0
2026-02-21 14:00:00+00:00,68219.76,68656.1,68154.03,68422.41,3081,1800,0
2026-02-21 15:00:00+00:00,68427.95,68694.17,68387.15,68583.75,2019,1800,0
2026-02-21 16:00:00+00:00,68587.26,68613.83,68068.45,68303.79,2778,1800,0
2026-02-21 17:00:00+00:00,68311.7,68464.33,68164.69,68426.64,1762,1800,0
2026-02-21 18:00:00+00:00,68419.23,68623.58,68346.87,68557.83,1764,1800,0
2026-02-21 19:00:00+00:00,68554.54,68650.8,68491.35,68529.56,1423,1800,0
2026-02-21 20:00:00+00:00,68529.09,68578.38,68131.17,68196.01,1561,1800,0
2026-02-21 21:00:00+00:00,68195.19,68369.85,68154.15,68351.32,1447,1800,0
2026-02-21 22:00:00+00:00,68350.08,68418.26,67870.19,67950.47,2109,1800,0
2026-02-21 23:00:00+00:00,67950.77,68103.59,67911.18,67954.94,1763,1800,0
2026-02-22 00:00:00+00:00,67950.31,68045.05,67773.19,67907.57,1860,1800,0
2026-02-22 01:00:00+00:00,67907.7,68147.81,67895.75,68134.15,1522,1800,0
2026-02-22 02:00:00+00:00,68136.97,68208.74,67849.37,67885.14,1855,1800,0
2026-02-22 03:00:00+00:00,67885.87,68042.99,67794.93,68018.26,1651,1800,0
2026-02-22 04:00:00+00:00,68020.09,68063.75,67928.52,67955.86,1267,1800,0
2026-02-22 05:00:00+00:00,67955.86,67989.58,67846.83,67945.07,1080,1800,0
2026-02-22 06:00:00+00:00,67947.99,68209.14,67929.38,68023.8,1326,1800,0
2026-02-22 07:00:00+00:00,68026.28,68078.41,67956.12,67981.78,1226,1800,0
2026-02-22 08:00:00+00:00,67979.54,68006.46,67887.23,67909.53,1299,1800,0
2026-02-22 09:00:00+00:00,67918.47,68088.85,67918.47,68033.17,1248,1800,0
2026-02-22 10:00:00+00:00,68034.22,68144.65,67981.34,68097.21,1138,1800,0
2026-02-22 11:00:00+00:00,68111.63,68227.14,68095.77,68185.74,1296,1800,0
2026-02-22 12:00:00+00:00,68185.7,68221.8,67835.28,67907.3,2065,1800,0
2026-02-22 13:00:00+00:00,67901.03,68017.83,67546.25,67638.77,2887,1800,0
2026-02-22 14:00:00+00:00,67636.83,67674.94,67324.13,67417.45,2765,1800,0
2026-02-22 15:00:00+00:00,67426.59,67802.28,67276.45,67666.59,2435,1800,0
2026-02-22 16:00:00+00:00,67667.12,67703.62,67485.01,67596.12,1584,1800,0
2026-02-22 17:00:00+00:00,67595.21,67604.52,67138.79,67360.28,2162,1800,0
2026-02-22 18:00:00+00:00,67354.09,67438.24,67282.13,67379.21,1407,1800,0
2026-02-22 19:00:00+00:00,67379.53,67458.74,67361.24,67388.11,1214,1800,0
2026-02-22 20:00:00+00:00,67386.79,67449.99,67304.03,67360.22,1281,1800,0
2026-02-22 21:00:00+00:00,67363.34,67614.77,67363.34,67565.2,1204,1800,0
2026-02-22 22:00:00+00:00,67565.27,67719.31,67436.47,67640.64,1987,1800,0
2026-02-22 23:00:00+00:00,67635.7,67694.79,67422.04,67609.32,2286,1800,0
2026-02-23 00:00:00+00:00,67617.76,67647.78,66675.5,66717.46,3481,1800,0
2026-02-23 01:00:00+00:00,66716.67,66716.67,64255.67,64403.51,17957,1800,0
2026-02-23 02:00:00+00:00,64402.93,64895.96,64280.47,64761.46,5885,1800,0
2026-02-23 03:00:00+00:00,64769.88,65074.04,64669.16,64910.97,3234,1800,0
2026-02-23 04:00:00+00:00,64939.47,65010.47,64640.42,64794.93,2535,1800,0
2026-02-23 05:00:00+00:00,64794.63,65205.38,64776.65,65039.9,2797,1800,0
2026-02-23 06:00:00+00:00,65043.05,65796.32,64991.92,65731.75,3721,1800,0
2026-02-23 07:00:00+00:00,65730.52,65997.43,65606.25,65925.77,3233,1800,0
2026-02-23 08:00:00+00:00,65923.38,65944.62,65540.66,65655.34,3001,1800,0
2026-02-23 09:00:00+00:00,65652.56,66454.16,65649.61,66386.19,4125,1800,0
2026-02-23 10:00:00+00:00,66386.15,66594.66,66188.67,66310.46,3149,1800,0
2026-02-23 11:00:00+00:00,66312.61,66478.09,66088.69,66193.52,2270,1800,0
2026-02-23 12:00:00+00:00,66197.73,66509.56,65879.35,66278.45,3621,1800,0
2026-02-23 13:00:00+00:00,66282.05,66435.69,66084.97,66127.64,3265,1800,0
2026-02-23 14:00:00+00:00,66123.55,66259.28,65501.15,65896.0,8570,1800,0
2026-02-23 15:00:00+00:00,65894.39,66246.99,65557.3,65635.12,7424,1800,0
2026-02-23 16:00:00+00:00,65636.06,65715.42,65143.1,65353.7,6724,1800,0
2026-02-23 17:00:00+00:00,65356.45,65439.84,64117.95,64796.41,8051,1800,0
2026-02-23 18:00:00+00:00,64793.59,65157.21,64556.21,64603.19,5864,1800,0
2026-02-23 19:00:00+00:00,64605.58,64842.27,64047.65,64275.65,5139,1800,0
2026-02-23 20:00:00+00:00,64274.29,64465.62,63851.71,64450.62,5077,1800,0
2026-02-23 21:00:00+00:00,64447.59,64760.4,64428.83,64568.95,2849,1800,0
2026-02-23 22:00:00+00:00,64565.46,65000.55,64527.12,64702.46,2781,1800,0
2026-02-23 23:00:00+00:00,64694.73,64878.98,64485.29,64622.69,2279,1800,0
2026-02-24 00:00:00+00:00,64624.13,64983.38,64620.79,64896.24,2582,1800,0
2026-02-24 01:00:00+00:00,64900.33,64905.52,63383.2,64132.16,10941,1800,0
2026-02-24 02:00:00+00:00,64132.09,64475.0,63960.2,64082.02,4872,1800,0
2026-02-24 03:00:00+00:00,64081.36,64081.36,63295.82,63568.3,6718,1800,0
2026-02-24 04:00:00+00:00,63568.5,63602.66,62827.5,63338.97,6692,1800,0
2026-02-24 05:00:00+00:00,63330.69,63517.1,62663.08,63073.96,5404,1800,0
2026-02-24 06:00:00+00:00,63065.91,63301.1,62854.21,63057.18,3773,1800,0
2026-02-24 07:00:00+00:00,63059.72,63345.29,62884.83,63152.78,3847,1800,0
2026-02-24 08:00:00+00:00,63153.26,63406.2,62966.79,63359.69,3480,1800,0
2026-02-24 09:00:00+00:00,63364.28,63399.8,62904.43,63236.43,3441,1800,0
2026-02-24 10:00:00+00:00,63235.12,63357.57,63076.2,63265.26,2528,1800,0
2026-02-24 11:00:00+00:00,63265.58,63306.97,63024.0,63197.34,2611,1800,0
2026-02-24 12:00:00+00:00,63199.49,63325.26,62931.81,62954.44,2750,1800,0
2026-02-24 13:00:00+00:00,62952.34,63094.43,62406.98,62877.13,5631,1800,0
2026-02-24 14:00:00+00:00,62873.23,63826.22,62734.8,63458.69,10619,1800,0
2026-02-24 15:00:00+00:00,63462.24,64033.65,63288.22,63955.59,9034,1800,0
2026-02-24 16:00:00+00:00,63957.77,64418.81,63681.24,64247.99,7723,1800,0
2026-02-24 17:00:00+00:00,64247.94,64523.03,64030.21,64205.54,4622,1800,0
2026-02-24 18:00:00+00:00,64201.71,64507.68,63876.01,64408.93,3891,1800,0
2026-02-24 19:00:00+00:00,64409.43,64746.93,64232.2,64438.77,3965,1800,0
2026-02-24 20:00:00+00:00,64436.24,64591.15,64302.38,64452.58,2892,1800,0
2026-02-24 21:00:00+00:00,64448.4,64454.36,63791.11,64026.7,2874,1800,0
2026-02-24 22:00:00+00:00,64031.64,64231.11,63957.21,64117.7,2113,1800,0
2026-02-24 23:00:00+00:00,64114.71,64253.76,63837.97,64058.64,2469,1800,0
2026-02-25 00:00:00+00:00,64059.64,64323.32,63892.8,64211.49,2500,1800,0
2026-02-25 01:00:00+00:00,64211.15,66308.23,64131.92,65877.37,13211,1800,0
2026-02-25 02:00:00+00:00,65876.22,66305.03,65832.18,65877.82,5209,1800,0
2026-02-25 03:00:00+00:00,65876.02,65953.84,65324.65,65388.96,4464,1800,0
2026-02-25 04:00:00+00:00,65385.7,65653.99,65097.43,65451.57,3332,1800,0
2026-02-25 05:00:00+00:00,65456.07,65508.94,64730.9,64877.36,3919,1800,0
2026-02-25 06:00:00+00:00,64874.52,65121.75,64842.74,64891.44,2459,1800,0
2026-02-25 07:00:00+00:00,64893.33,65184.93,64751.17,65018.97,2896,1800,0
2026-02-25 08:00:00+00:00,65013.92,65570.61,64941.16,65511.77,3320,1800,0
2026-02-25 09:00:00+00:00,65499.84,65696.68,65402.85,65537.68,2626,1800,0
2026-02-25 10:00:00+00:00,65536.22,65657.58,65316.11,65390.74,2208,1800,0
2026-02-25 11:00:00+00:00,65383.88,65473.87,65171.19,65417.45,2349,1800,0
2026-02-25 12:00:00+00:00,65418.77,66240.77,65291.06,66060.14,4535,1800,0
2026-02-25 13:00:00+00:00,66065.99,66705.02,65996.62,66226.83,4720,1800,0
2026-02-25 14:00:00+00:00,66231.36,67017.68,66194.05,66959.16,9152,1800,0
2026-02-25 15:00:00+00:00,66951.61,67596.43,66704.58,67404.68,10398,1800,0
2026-02-25 16:00:00+00:00,67401.84,68364.93,67394.71,68300.28,8334,1800,0
2026-02-25 17:00:00+00:00,68313.79,68907.23,68034.97,68676.6,9280,1800,0
2026-02-25 18:00:00+00:00,68674.22,69579.31,68386.17,69348.23,8597,1800,0
2026-02-25 19:00:00+00:00,69348.12,69416.48,68780.13,69041.59,5844,1800,0
2026-02-25 20:00:00+00:00,69042.1,69397.75,68620.54,69157.57,4985,1800,0
2026-02-25 21:00:00+00:00,69157.72,70052.69,68763.93,68923.4,8860,1800,0
2026-02-25 22:00:00+00:00,68931.4,69200.76,68050.81,68444.95,5579,1800,0
2026-02-25 23:00:00+00:00,68438.89,68694.19,67582.92,67990.12,6146,1800,0
2026-02-26 00:00:00+00:00,67989.49,68549.65,67718.03,68322.65,6710,1800,0
2026-02-26 01:00:00+00:00,68322.7,68713.13,68204.94,68257.43,4773,1800,0
2026-02-26 02:00:00+00:00,68258.2,68367.32,67788.18,68252.16,4687,1800,0
2026-02-26 03:00:00+00:00,68249.52,68390.22,68041.51,68209.31,3219,1800,0
2026-02-26 04:00:00+00:00,68209.27,68872.47,68164.59,68567.53,4021,1800,0
2026-02-26 05:00:00+00:00,68566.72,68572.39,68105.08,68443.91,3696,1800,0
2026-02-26 06:00:00+00:00,68441.58,68532.53,68050.22,68179.26,2965,1800,0
2026-02-26 07:00:00+00:00,68180.33,68304.09,67803.57,67834.4,2989,1800,0
2026-02-26 08:00:00+00:00,67838.11,68252.58,67772.03,67948.85,3681,1800,0
2026-02-26 09:00:00+00:00,67952.28,68637.55,67923.26,68576.48,3364,1800,0
2026-02-26 10:00:00+00:00,68582.45,68719.26,68241.72,68299.67,2834,1800,0
2026-02-26 11:00:00+00:00,68299.58,68398.66,67970.85,68052.07,2493,1800,0
2026-02-26 12:00:00+00:00,68051.98,68298.41,67990.76,68177.74,3023,1800,0
2026-02-26 13:00:00+00:00,68177.64,68220.04,67821.03,67892.59,3233,1800,0
2026-02-26 14:00:00+00:00,67886.04,68281.97,67253.14,67684.06,11647,1800,0
2026-02-26 15:00:00+00:00,67679.17,67733.87,66747.93,67391.78,13162,1800,0
2026-02-26 16:00:00+00:00,67392.56,67572.65,66483.35,66643.38,9632,1800,0
2026-02-26 17:00:00+00:00,66643.08,67055.28,66580.48,66819.49,6332,1800,0
2026-02-26 18:00:00+00:00,66817.53,67375.0,66555.51,67298.55,5631,1800,0
2026-02-26 19:00:00+00:00,67296.69,67915.08,67274.56,67579.75,5016,1800,0
2026-02-26 20:00:00+00:00,67580.4,67822.94,67279.87,67428.13,3388,1800,0
2026-02-26 21:00:00+00:00,67427.74,67586.13,67137.41,67462.32,2668,1800,0
2026-02-26 22:00:00+00:00,67459.85,67636.08,67294.66,67559.87,1948,1800,0
2026-02-26 23:00:00+00:00,67559.67,67659.96,67383.45,67485.36,2396,1800,0
2026-02-27 00:00:00+00:00,67479.95,67540.92,66980.35,67220.25,3572,1800,0
2026-02-27 01:00:00+00:00,67221.48,67386.31,66869.87,67353.29,4409,1800,0
2026-02-27 02:00:00+00:00,67357.3,67537.67,67257.06,67257.37,3070,1800,0
2026-02-27 03:00:00+00:00,67259.78,67707.55,67079.57,67590.54,2956,1800,0
2026-02-27 04:00:00+00:00,67590.84,68221.35,67556.88,67749.57,4525,1800,0
2026-02-27 05:00:00+00:00,67734.36,67927.02,67660.06,67721.54,2557,1800,0
2026-02-27 06:00:00+00:00,67723.14,67828.34,67508.34,67660.17,2300,1800,0
2026-02-27 07:00:00+00:00,67652.68,67766.4,67440.73,67672.4,2712,1800,0
2026-02-27 08:00:00+00:00,67671.87,68091.86,67650.24,67933.27,3353,1800,0
2026-02-27 09:00:00+00:00,67935.24,68164.78,67272.51,67350.68,4360,1800,0
2026-02-27 10:00:00+00:00,67355.56,67421.89,66565.56,66609.51,5950,1800,0
2026-02-27 11:00:00+00:00,66609.59,66776.96,65944.87,66127.1,6402,1800,0
2026-02-27 12:00:00+00:00,66123.73,66230.83,65733.51,65932.06,4527,1800,0
2026-02-27 13:00:00+00:00,65929.24,66345.6,65649.8,66271.44,6189,1800,0
2026-02-27 14:00:00+00:00,66269.51,66337.02,65684.91,65876.64,9163,1800,0
2026-02-27 15:00:00+00:00,65872.38,66314.32,65835.54,66098.6,7387,1800,0
2026-02-27 16:00:00+00:00,66097.76,66121.6,65441.98,65472.16,5839,1800,0
2026-02-27 17:00:00+00:00,65477.9,65744.28,65088.97,65695.6,6365,1800,0
2026-02-27 18:00:00+00:00,65697.43,65798.59,65208.65,65298.7,4243,1800,0
2026-02-27 19:00:00+00:00,65294.12,65450.02,65150.4,65365.0,3270,1800,0
2026-02-27 20:00:00+00:00,65372.37,65663.16,65368.01,65577.14,3171,1800,0
2026-02-27 21:00:00+00:00,65584.69,65748.16,65375.97,65512.27,2318,1800,0
2026-02-27 22:00:00+00:00,65523.68,65662.62,64894.9,65618.44,3378,1800,0
2026-02-27 23:00:00+00:00,65615.88,65947.28,65537.62,65855.89,2489,1800,0
2026-02-28 00:00:00+00:00,65853.85,66009.4,65692.34,65927.12,2059,1800,0
2026-02-28 01:00:00+00:00,65926.22,65971.0,65719.31,65756.62,1950,1800,0
2026-02-28 02:00:00+00:00,65764.43,66024.25,65747.61,65952.05,1618,1800,0
2026-02-28 03:00:00+00:00,65950.53,65971.68,65719.4,65794.23,1668,1800,0
2026-02-28 04:00:00+00:00,65788.25,65814.72,65459.04,65661.57,2024,1800,0
2026-02-28 05:00:00+00:00,65657.76,65719.89,65481.04,65571.73,1824,1800,0
2026-02-28 06:00:00+00:00,65579.24,65587.91,63003.63,63207.85,16572,1800,0
2026-02-28 07:00:00+00:00,63208.3,64325.04,63007.91,63814.88,10329,1800,0
2026-02-28 08:00:00+00:00,63823.24,63882.76,63386.13,63471.09,5350,1800,0
2026-02-28 09:00:00+00:00,63469.99,63942.9,63345.2,63647.8,4733,1800,0
2026-02-28 10:00:00+00:00,63640.7,64054.79,63452.18,63991.32,3882,1800,0
2026-02-28 11:00:00+00:00,63991.94,64309.38,63768.36,63842.75,3818,1800,0
2026-02-28 12:00:00+00:00,63844.9,64095.94,63814.1,64011.82,2634,1800,0
2026-02-28 13:00:00+00:00,64024.25,65215.36,63894.08,65084.85,7062,1800,0
2026-02-28 14:00:00+00:00,65097.78,65360.13,64257.29,64428.75,9884,1800,0
2026-02-28 15:00:00+00:00,64425.1,65026.7,64200.87,64834.89,5226,1800,0
2026-02-28 16:00:00+00:00,64831.74,65203.41,64664.95,65096.34,3858,1800,0
2026-02-28 17:00:00+00:00,65095.28,65607.12,64824.58,65418.88,3419,1800,0
2026-02-28 18:00:00+00:00,65416.72,66178.17,65166.25,65899.88,5995,1800,0
2026-02-28 19:00:00+00:00,65903.75,66674.59,65591.2,66342.98,6775,1800,0
2026-02-28 20:00:00+00:00,66348.33,67175.44,66173.38,66957.09,7053,1800,0
2026-02-28 21:00:00+00:00,66956.26,67029.72,66356.02,66719.97,5096,1800,0
2026-02-28 22:00:00+00:00,66725.34,67768.14,66600.35,67110.48,7466,1800,0
2026-02-28 23:00:00+00:00,67111.42,67212.05,66721.89,66969.97,3444,1800,0
2026-03-01 00:00:00+00:00,66959.32,67118.63,66601.51,66787.63,3545,1800,0
2026-03-01 01:00:00+00:00,66781.39,67718.45,66039.5,67342.94,7768,1800,0
2026-03-01 02:00:00+00:00,67342.94,68210.1,67327.65,67614.12,9722,1800,0
2026-03-01 03:00:00+00:00,67610.7,67817.41,67371.58,67505.9,4087,1800,0
2026-03-01 04:00:00+00:00,67506.61,67607.53,67066.79,67340.32,3550,1800,0
2026-03-01 05:00:00+00:00,67333.03,67570.35,67187.74,67297.69,2376,1800,0
2026-03-01 06:00:00+00:00,67298.4,67353.49,66773.79,66917.74,3205,1800,0
2026-03-01 07:00:00+00:00,66912.0,67234.35,66786.66,67138.5,2842,1800,0
2026-03-01 08:00:00+00:00,67147.73,67298.4,66443.69,66566.03,3946,1800,0
2026-03-01 09:00:00+00:00,66554.79,66771.65,66227.76,66395.73,4420,1800,0
2026-03-01 10:00:00+00:00,66394.63,66740.89,66202.12,66463.55,3156,1800,0
2026-03-01 11:00:00+00:00,66463.56,66670.19,66365.59,66467.02,2077,1800,0
2026-03-01 12:00:00+00:00,66451.82,66552.48,66233.19,66300.66,2583,1800,0
2026-03-01 13:00:00+00:00,66292.72,67363.64,66124.33,66948.55,6836,1800,0
2026-03-01 14:00:00+00:00,66948.76,67320.39,66731.27,66860.58,7322,1800,0
2026-03-01 15:00:00+00:00,66844.99,67255.88,66812.33,66852.24,4058,1800,0
2026-03-01 16:00:00+00:00,66855.37,67114.94,65804.71,66139.41,7190,1800,0
2026-03-01 17:00:00+00:00,66126.14,66220.83,65704.94,65991.07,5901,1800,0
2026-03-01 18:00:00+00:00,65989.6,66692.06,65970.54,66312.27,4244,1800,0
2026-03-01 19:00:00+00:00,66311.95,66345.41,65767.61,65951.92,2855,1800,0
2026-03-01 20:00:00+00:00,65948.81,65968.61,65055.81,65293.82,5367,1800,0
2026-03-01 21:00:00+00:00,65292.74,65767.7,65271.6,65666.49,2936,1800,0
2026-03-01 22:00:00+00:00,65664.36,66807.42,65018.19,65259.45,7128,1800,0
2026-03-01 23:00:00+00:00,65256.05,66082.68,65096.0,65766.16,7229,1800,0
2026-03-02 00:00:00+00:00,65766.48,66778.64,65740.56,66505.53,7439,1800,0
2026-03-02 01:00:00+00:00,66503.15,67111.92,66353.43,66538.57,8231,1800,0
2026-03-02 02:00:00+00:00,66538.66,66616.7,65867.81,66278.22,5559,1800,0
2026-03-02 03:00:00+00:00,66280.21,67048.87,66106.74,66805.48,5330,1800,0
2026-03-02 04:00:00+00:00,66811.13,66978.66,66618.0,66855.2,3791,1800,0
2026-03-02 05:00:00+00:00,66857.57,66991.12,66537.76,66734.54,3656,1800,0
2026-03-02 06:00:00+00:00,66740.11,66740.11,66037.44,66212.57,4824,1800,0
2026-03-02 07:00:00+00:00,66212.38,66213.66,65536.34,65996.05,5276,1800,0
2026-03-02 08:00:00+00:00,65999.12,66304.09,65632.41,66272.02,5743,1800,0
2026-03-02 09:00:00+00:00,66273.63,66728.46,66150.52,66164.71,5052,1800,0
2026-03-02 10:00:00+00:00,66159.78,66393.91,66072.82,66314.53,3587,1800,0
2026-03-02 11:00:00+00:00,66310.62,66484.76,65984.63,66352.52,3978,1800,0
2026-03-02 12:00:00+00:00,66345.34,66396.8,65896.31,65940.07,3482,1800,0
2026-03-02 13:00:00+00:00,65936.05,66135.57,65326.99,65418.52,6443,1800,0
2026-03-02 14:00:00+00:00,65418.11,67220.1,65237.78,67151.85,15431,1800,0
2026-03-02 15:00:00+00:00,67146.2,69628.57,66973.09,69128.2,21079,1800,0
2026-03-02 16:00:00+00:00,69116.55,70143.63,68910.75,69460.06,14363,1800,0
2026-03-02 17:00:00+00:00,69456.86,69599.25,68783.31,69197.51,8144,1800,0
2026-03-02 18:00:00+00:00,69198.99,69290.16,68733.95,68885.22,6223,1800,0
2026-03-02 19:00:00+00:00,68888.13,69069.41,68570.58,68965.33,5311,1800,0
2026-03-02 20:00:00+00:00,68966.47,69526.85,68574.91,69121.1,7829,1800,0
2026-03-02 21:00:00+00:00,69104.83,69556.95,68993.18,69416.48,4081,1800,0
2026-03-02 22:00:00+00:00,69418.59,69509.54,69136.86,69451.99,3519,1800,0
2026-03-02 23:00:00+00:00,69440.16,69487.87,68718.52,68827.69,4455,1800,0
2026-03-03 00:00:00+00:00,68828.39,69160.31,68617.13,69071.96,4584,1800,0
2026-03-03 01:00:00+00:00,69074.12,69257.92,68730.17,68747.99,5306,1800,0
2026-03-03 02:00:00+00:00,68750.13,68768.26,68171.45,68492.03,6214,1800,0
2026-03-03 03:00:00+00:00,68493.03,68538.03,68195.17,68359.96,3355,1800,0
2026-03-03 04:00:00+00:00,68362.92,68443.69,68030.54,68110.21,3390,1800,0
2026-03-03 05:00:00+00:00,68109.68,68566.78,67829.86,67931.86,4766,1800,0
2026-03-03 06:00:00+00:00,67925.7,68239.83,67771.43,68080.95,3886,1800,0
2026-03-03 07:00:00+00:00,68080.48,68267.55,67925.61,68162.66,3849,1800,0
2026-03-03 08:00:00+00:00,68162.56,68306.46,66870.66,66989.87,7043,1800,0
2026-03-03 09:00:00+00:00,66989.99,67174.73,66295.49,66628.68,7271,1800,0
2026-03-03 10:00:00+00:00,66625.06,67032.0,66409.68,66842.58,5353,1800,0
2026-03-03 11:00:00+00:00,66834.06,67155.81,66734.62,67012.33,5506,1800,0
2026-03-03 12:00:00+00:00,67010.37,67977.88,67010.37,67372.23,6434,1800,0
2026-03-03 13:00:00+00:00,67375.17,67417.45,66599.65,66908.3,6532,1800,0
2026-03-03 14:00:00+00:00,66903.72,67573.92,66092.14,66552.8,15442,1800,0
2026-03-03 15:00:00+00:00,66545.49,67844.15,66430.38,67715.71,15924,1800,0
2026-03-03 16:00:00+00:00,67713.29,68991.26,67456.71,68161.82,17354,1800,0
2026-03-03 17:00:00+00:00,68169.53,68406.06,67606.36,68313.48,10438,1800,0
2026-03-03 18:00:00+00:00,68304.3,68930.59,67966.18,68632.05,7993,1800,0
2026-03-03 19:00:00+00:00,68631.6,68881.4,68305.47,68440.09,7978,1800,0
2026-03-03 20:00:00+00:00,68441.16,68597.26,68068.86,68265.63,6158,1800,0
2026-03-03 21:00:00+00:00,68259.02,68269.09,67805.43,68003.5,3659,1800,0
2026-03-03 22:00:00+00:00,68005.25,68515.66,68003.85,68297.95,3510,1800,0
2026-03-03 23:00:00+00:00,68306.43,68860.66,68234.28,68330.01,3638,1800,0
2026-03-04 00:00:00+00:00,68329.3,68414.59,67851.21,68096.2,4805,1800,0
2026-03-04 01:00:00+00:00,68102.1,68913.01,67954.1,68424.52,6475,1800,0
2026-03-04 02:00:00+00:00,68421.61,68452.65,67967.52,68320.08,5206,1800,0
2026-03-04 03:00:00+00:00,68311.54,68390.84,67376.66,67713.65,7269,1800,0
2026-03-04 04:00:00+00:00,67714.98,67953.87,67437.71,67780.84,5124,1800,0
2026-03-04 05:00:00+00:00,67781.57,68373.34,67658.72,68201.27,4839,1800,0
2026-03-04 06:00:00+00:00,68199.29,68678.03,68022.13,68496.32,4858,1800,0
2026-03-04 07:00:00+00:00,68498.05,69685.65,68323.98,69482.65,6213,1800,0
2026-03-04 08:00:00+00:00,69487.04,71201.11,69122.34,71010.5,11218,1800,0
2026-03-04 09:00:00+00:00,71016.58,71901.28,70708.07,71515.03,12447,1800,0
2026-03-04 10:00:00+00:00,71519.74,71877.03,71181.21,71333.6,7826,1800,0
2026-03-04 11:00:00+00:00,71328.45,71500.82,70923.19,71098.86,5241,1800,0
2026-03-04 12:00:00+00:00,71099.31,71357.59,70577.58,71330.88,5680,1800,0
2026-03-04 13:00:00+00:00,71332.23,71624.31,71195.42,71465.87,6093,1800,0
2026-03-04 14:00:00+00:00,71468.36,72657.02,71272.71,71638.38,17225,1800,0
2026-03-04 15:00:00+00:00,71620.57,73497.2,71599.32,73396.38,16783,1800,0
2026-03-04 16:00:00+00:00,73394.51,73546.1,72539.19,73325.16,11655,1800,0
2026-03-04 17:00:00+00:00,73322.81,73785.77,72937.47,73236.14,9489,1800,0
2026-03-04 18:00:00+00:00,73228.8,73761.58,72917.03,73729.61,5705,1800,0
2026-03-04 19:00:00+00:00,73714.96,74123.3,73535.67,73670.99,7817,1800,0
2026-03-04 20:00:00+00:00,73670.23,73761.34,73033.18,73033.18,5201,1800,0
2026-03-04 21:00:00+00:00,73038.1,73361.62,72900.34,73327.79,3852,1800,0
2026-03-04 22:00:00+00:00,73326.97,73553.83,72632.31,72716.51,3687,1800,0
2026-03-04 23:00:00+00:00,72719.82,72902.68,72305.84,72681.82,4383,1800,0
2026-03-05 00:00:00+00:00,72684.61,73030.53,72546.54,72777.39,4856,1800,0
2026-03-05 01:00:00+00:00,72787.04,73351.15,72408.63,72547.57,6242,1800,0
2026-03-05 02:00:00+00:00,72549.9,72910.04,72336.9,72510.7,4465,1800,0
2026-03-05 03:00:00+00:00,72508.09,72768.74,72342.92,72517.19,3578,1800,0
2026-03-05 04:00:00+00:00,72516.6,73110.76,72452.06,72827.96,3783,1800,0
2026-03-05 05:00:00+00:00,72826.8,72939.13,72252.25,72432.49,3358,1800,0
2026-03-05 06:00:00+00:00,72432.84,72680.03,72045.26,72551.45,4823,1800,0
2026-03-05 07:00:00+00:00,72552.26,72692.32,71783.12,72064.03,4286,1800,0
2026-03-05 08:00:00+00:00,72062.34,72380.75,71758.6,72344.41,5168,1800,0
2026-03-05 09:00:00+00:00,72342.09,72900.32,72298.77,72613.52,5971,1800,0
2026-03-05 10:00:00+00:00,72614.57,73578.31,72524.4,73405.31,6160,1800,0
2026-03-05 11:00:00+00:00,73401.54,73464.61,72790.78,72926.1,5350,1800,0
2026-03-05 12:00:00+00:00,72932.31,73091.98,72664.52,72892.43,5157,1800,0
2026-03-05 13:00:00+00:00,72898.93,72957.35,72186.43,72482.87,6404,1800,0
2026-03-05 14:00:00+00:00,72476.49,72861.98,71949.92,72623.03,12233,1800,0
2026-03-05 15:00:00+00:00,72627.96,72793.88,71161.77,71660.29,13583,1800,0
2026-03-05 16:00:00+00:00,71649.77,71660.09,70792.58,71312.25,8837,1800,0
2026-03-05 17:00:00+00:00,71309.99,71586.81,70642.36,70703.4,8459,1800,0
2026-03-05 18:00:00+00:00,70701.37,71091.51,70649.46,70988.89,6523,1800,0
2026-03-05 19:00:00+00:00,70990.19,71441.64,70858.08,70904.87,5297,1800,0
2026-03-05 20:00:00+00:00,70908.16,71389.1,70823.9,71238.23,6120,1800,0
2026-03-05 21:00:00+00:00,71236.52,71580.83,71021.06,71138.31,3299,1800,0
2026-03-05 22:00:00+00:00,71133.52,71376.41,71050.03,71209.16,2835,1800,0
2026-03-05 23:00:00+00:00,71209.26,71300.0,70763.76,70865.92,2735,1800,0
2026-03-06 00:00:00+00:00,70875.12,71058.32,70763.43,70987.71,3068,1800,0
2026-03-06 01:00:00+00:00,70979.85,71294.02,70370.34,71250.03,5704,1800,0
2026-03-06 02:00:00+00:00,71252.27,71427.58,71016.69,71233.4,4379,1800,0
2026-03-06 03:00:00+00:00,71231.83,71288.57,70978.95,71074.82,3213,1800,0
2026-03-06 04:00:00+00:00,71069.2,71121.69,70244.83,70615.38,4103,1800,0
2026-03-06 05:00:00+00:00,70618.67,70665.46,70124.06,70425.93,4816,1800,0
2026-03-06 06:00:00+00:00,70426.79,70849.22,70257.96,70596.94,3160,1800,0
2026-03-06 07:00:00+00:00,70597.33,71200.0,70455.25,71060.31,3863,1800,0
2026-03-06 08:00:00+00:00,71058.14,71070.74,70719.08,70777.88,3803,1800,0
2026-03-06 09:00:00+00:00,70778.92,70812.21,70279.71,70560.04,5065,1800,0
2026-03-06 10:00:00+00:00,70557.39,70796.01,70444.73,70521.52,3455,1800,0
2026-03-06 11:00:00+00:00,70522.33,70653.68,70186.74,70217.21,3586,1800,0
2026-03-06 12:00:00+00:00,70217.22,70236.91,69645.46,69926.04,5724,1800,0
2026-03-06 13:00:00+00:00,69923.9,70354.95,69204.18,69214.17,8949,1800,0
2026-03-06 14:00:00+00:00,69216.73,69279.63,68152.94,68396.74,15765,1800,0
2026-03-06 15:00:00+00:00,68394.69,69121.57,68289.02,68491.59,10478,1800,0
2026-03-06 16:00:00+00:00,68492.54,68787.72,68203.29,68440.86,8007,1800,0
2026-03-06 17:00:00+00:00,68440.65,68639.88,67727.51,67945.82,7670,1800,0
2026-03-06 18:00:00+00:00,67945.1,68475.42,67930.51,68169.16,6089,1800,0
2026-03-06 19:00:00+00:00,68168.55,68476.98,67978.87,68116.95,4553,1800,0
2026-03-06 20:00:00+00:00,68112.06,68273.12,67746.15,68099.22,5285,1800,0
2026-03-06 21:00:00+00:00,68101.52,68324.53,67905.42,68285.88,2696,1800,0
2026-03-06 22:00:00+00:00,68285.46,68438.01,68204.77,68322.11,2066,1800,0
2026-03-06 23:00:00+00:00,68325.37,68368.71,68074.66,68109.54,1983,1800,0
2026-03-07 00:00:00+00:00,68107.1,68378.24,68098.61,68272.06,2166,1800,0
2026-03-07 01:00:00+00:00,68273.83,68358.31,68158.58,68248.83,1897,1800,0
2026-03-07 02:00:00+00:00,68249.62,68358.22,68032.31,68328.58,1942,1800,0
2026-03-07 03:00:00+00:00,68328.5,68547.33,68071.36,68081.64,2256,1800,0
2026-03-07 04:00:00+00:00,68088.26,68149.17,67776.87,68051.75,2341,1800,0
2026-03-07 05:00:00+00:00,68053.46,68134.27,67888.31,68016.95,1982,1800,0
2026-03-07 06:00:00+00:00,68006.66,68024.89,67585.66,67691.18,2680,1800,0
2026-03-07 07:00:00+00:00,67693.78,67855.14,67425.5,67834.05,3073,1800,0
2026-03-07 08:00:00+00:00,67833.83,68062.6,67689.51,67798.67,2240,1800,0
2026-03-07 09:00:00+00:00,67792.62,68072.21,67720.02,67992.37,2043,1800,0
2026-03-07 10:00:00+00:00,67991.91,68103.72,67855.13,67882.06,1816,1800,0
2026-03-07 11:00:00+00:00,67887.9,68241.84,67822.75,68011.81,2385,1800,0
2026-03-07 12:00:00+00:00,68011.87,68082.52,67879.4,67985.5,1669,1800,0
2026-03-07 13:00:00+00:00,67985.99,68082.79,67834.34,67913.48,1967,1800,0
2026-03-07 14:00:00+00:00,67916.17,68093.38,67598.96,68019.08,3047,1800,0
2026-03-07 15:00:00+00:00,68017.27,68027.74,67762.74,67871.2,2413,1800,0
2026-03-07 16:00:00+00:00,67873.34,67884.6,67677.8,67792.11,2069,1800,0
2026-03-07 17:00:00+00:00,67791.18,67945.79,67753.14,67782.86,1486,1800,0
2026-03-07 18:00:00+00:00,67788.18,67788.18,67431.41,67572.95,2806,1800,0
2026-03-07 19:00:00+00:00,67568.28,67571.02,66888.12,67076.1,4144,1800,0
2026-03-07 20:00:00+00:00,67075.48,67430.51,67060.05,67380.13,2591,1800,0
2026-03-07 21:00:00+00:00,67380.67,67477.39,67258.05,67445.25,2211,1800,0
2026-03-07 22:00:00+00:00,67449.32,67474.13,67082.65,67254.76,2312,1800,0
2026-03-07 23:00:00+00:00,67252.22,67401.87,67163.16,67265.86,1815,1800,0
2026-03-08 00:00:00+00:00,67262.94,67488.01,67164.34,67176.43,1967,1800,0
2026-03-08 01:00:00+00:00,67189.04,67351.02,67082.89,67291.88,2209,1800,0
2026-03-08 02:00:00+00:00,67291.62,67420.26,66785.86,66927.0,3244,1800,0
2026-03-08 03:00:00+00:00,66923.44,67083.47,66821.87,66997.57,2509,1800,0
2026-03-08 04:00:00+00:00,66994.09,67077.13,66534.82,66631.21,2804,1800,0
2026-03-08 05:00:00+00:00,66633.67,67250.53,66613.72,67146.87,2887,1800,0
2026-03-08 06:00:00+00:00,67140.17,67226.98,67013.31,67161.96,2204,1800,0
2026-03-08 07:00:00+00:00,67155.73,67457.25,67132.47,67294.84,2415,1800,0
2026-03-08 08:00:00+00:00,67294.31,67580.29,67140.04,67520.71,2215,1800,0
2026-03-08 09:00:00+00:00,67518.79,67906.64,67457.03,67690.99,3164,1800,0
2026-03-08 10:00:00+00:00,67695.63,68191.65,67679.46,67886.93,3092,1800,0
2026-03-08 11:00:00+00:00,67888.0,67889.06,67399.33,67509.23,3757,1800,0
2026-03-08 12:00:00+00:00,67498.16,67635.47,66880.38,67307.01,4805,1800,0
2026-03-08 13:00:00+00:00,67321.44,67438.9,66778.67,67224.1,4917,1800,0
2026-03-08 14:00:00+00:00,67221.72,67431.05,67032.7,67322.24,3556,1800,0
2026-03-08 15:00:00+00:00,67314.46,67363.77,67048.94,67200.15,2996,1800,0
2026-03-08 16:00:00+00:00,67197.72,67256.46,66779.39,66847.67,2942,1800,0
2026-03-08 17:00:00+00:00,66847.0,67173.61,66771.71,67050.95,2888,1800,0
2026-03-08 18:00:00+00:00,67037.58,67059.86,66733.29,66803.41,2638,1800,0
2026-03-08 19:00:00+00:00,66802.24,67475.69,66758.25,67317.29,3468,1800,0
2026-03-08 20:00:00+00:00,67314.34,67521.94,67012.48,67216.28,2950,1800,0
2026-03-08 21:00:00+00:00,67219.55,67254.41,66688.15,67007.87,2869,1800,0
2026-03-08 22:00:00+00:00,67010.03,67010.03,65608.88,66223.97,10808,1800,0
2026-03-08 23:00:00+00:00,66230.6,66558.74,65899.1,65971.88,5925,1800,0
2026-03-09 00:00:00+00:00,65972.11,66754.73,65798.43,66348.88,7815,1800,0
2026-03-09 01:00:00+00:00,66348.64,66690.24,66097.91,66179.08,6543,1800,0
2026-03-09 02:00:00+00:00,66179.05,66709.24,65934.88,66519.43,6150,1800,0
2026-03-09 03:00:00+00:00,66528.75,67669.05,66488.45,67186.4,8277,1800,0
2026-03-09 04:00:00+00:00,67191.56,67609.09,67092.46,67126.2,4376,1800,0
2026-03-09 05:00:00+00:00,67130.76,68056.96,67101.0,67891.08,5575,1800,0
2026-03-09 06:00:00+00:00,67889.97,67918.22,67199.0,67259.43,4347,1800,0
2026-03-09 07:00:00+00:00,67261.1,67564.4,66855.21,67524.21,5246,1800,0
2026-03-09 08:00:00+00:00,67527.94,67908.0,67361.38,67794.04,5466,1800,0
2026-03-09 09:00:00+00:00,67797.87,68461.79,67554.56,67970.22,5899,1800,0
2026-03-09 10:00:00+00:00,67958.6,68080.56,67520.57,67584.14,5018,1800,0
2026-03-09 11:00:00+00:00,67582.43,67852.89,67316.9,67738.98,3806,1800,0
2026-03-09 12:00:00+00:00,67740.25,68329.21,67731.13,68134.8,4387,1800,0
2026-03-09 13:00:00+00:00,68141.07,69302.08,68112.57,68967.89,11316,1800,0
2026-03-09 14:00:00+00:00,68965.87,69497.0,68683.66,69155.35,10845,1800,0
2026-03-09 15:00:00+00:00,69162.61,69268.36,68729.7,68882.29,6091,1800,0
2026-03-09 16:00:00+00:00,68887.18,69239.82,68635.31,68966.89,5906,1800,0
2026-03-09 17:00:00+00:00,68960.46,69101.04,68250.19,68595.98,5682,1800,0
2026-03-09 18:00:00+00:00,68597.16,68720.93,68233.94,68357.29,4198,1800,0
2026-03-09 19:00:00+00:00,68370.73,69542.04,68369.94,68996.75,9620,1800,0
2026-03-09 20:00:00+00:00,69009.22,69160.92,68757.71,68967.44,3873,1800,0
2026-03-09 21:00:00+00:00,68966.72,69110.14,68655.84,68920.96,2864,1800,0
2026-03-09 22:00:00+00:00,68920.73,69034.89,68594.13,68634.15,3209,1800,0
2026-03-09 23:00:00+00:00,68635.59,68702.21,68377.81,68429.3,2724,1800,0
2026-03-10 00:00:00+00:00,68427.75,69292.54,68382.78,69158.13,4228,1800,0
2026-03-10 01:00:00+00:00,69155.97,69392.96,68772.53,69256.75,4094,1800,0
2026-03-10 02:00:00+00:00,69254.24,70587.77,69091.12,70262.15,7590,1800,0
2026-03-10 03:00:00+00:00,70251.61,70374.84,69376.38,69431.46,5042,1800,0
2026-03-10 04:00:00+00:00,69431.35,70131.29,69430.5,70067.4,4368,1800,0
2026-03-10 05:00:00+00:00,70068.09,70369.05,69874.45,69980.98,4015,1800,0
2026-03-10 06:00:00+00:00,69981.51,70206.4,69747.35,69912.0,3419,1800,0
2026-03-10 07:00:00+00:00,69911.61,70538.18,69815.14,70401.5,4464,1800,0
2026-03-10 08:00:00+00:00,70409.6,71096.7,70355.81,70682.4,6274,1800,0
2026-03-10 09:00:00+00:00,70683.53,71301.04,70639.91,71052.31,4685,1800,0
2026-03-10 10:00:00+00:00,71049.34,71087.93,70657.7,70781.64,3538,1800,0
2026-03-10 11:00:00+00:00,70769.88,70874.01,70535.69,70601.75,3238,1800,0
2026-03-10 12:00:00+00:00,70602.7,70638.12,70279.9,70535.6,3662,1800,0
2026-03-10 13:00:00+00:00,70537.25,70940.26,69711.48,69917.76,9558,1800,0
2026-03-10 14:00:00+00:00,69917.16,71530.06,69212.86,71471.79,13779,1800,0
2026-03-10 15:00:00+00:00,71469.78,71785.58,70901.09,71340.12,10632,1800,0
2026-03-10 16:00:00+00:00,71342.53,71738.94,70946.06,71265.22,7308,1800,0
2026-03-10 17:00:00+00:00,71271.8,71471.53,70511.69,70877.47,7295,1800,0
2026-03-10 18:00:00+00:00,70878.42,70925.12,69885.44,70024.85,11337,1800,0
2026-03-10 19:00:00+00:00,70024.69,70300.6,69718.48,70047.55,6913,1800,0
2026-03-10 20:00:00+00:00,70044.54,70368.38,70000.8,70252.13,2995,1800,0
2026-03-10 21:00:00+00:00,70250.97,70429.17,69529.19,69754.1,3297,1800,0
2026-03-10 22:00:00+00:00,69744.49,69879.82,69429.66,69699.75,2941,1800,0
2026-03-10 23:00:00+00:00,69698.9,69987.43,69693.02,69947.56,3240,1800,0
2026-03-11 00:00:00+00:00,69954.4,70177.83,69758.19,70050.06,4037,1800,0
2026-03-11 01:00:00+00:00,70052.98,70158.17,69869.39,70074.29,3456,1800,0
2026-03-11 02:00:00+00:00,70079.0,70129.11,69598.67,69811.85,3214,1800,0
2026-03-11 03:00:00+00:00,69811.12,69906.81,69489.16,69551.07,2962,1800,0
2026-03-11 04:00:00+00:00,69552.93,70288.5,69492.98,70126.35,3305,1800,0
2026-03-11 05:00:00+00:00,70128.96,70195.27,69377.47,69504.47,3578,1800,0
2026-03-11 06:00:00+00:00,69503.64,70000.68,69483.9,69933.4,2889,1800,0
2026-03-11 07:00:00+00:00,69933.71,70029.36,69490.63,69650.23,3051,1800,0
2026-03-11 08:00:00+00:00,69650.74,69789.84,69485.34,69645.02,3541,1800,0
2026-03-11 09:00:00+00:00,69639.9,69764.37,69356.86,69466.02,2982,1800,0
2026-03-11 10:00:00+00:00,69466.37,69719.52,69384.7,69612.29,2748,1800,0
2026-03-11 11:00:00+00:00,69622.21,69680.29,69121.13,69184.73,3602,1800,0
2026-03-11 12:00:00+00:00,69174.0,69787.07,68958.2,69350.76,5683,1800,0
2026-03-11 13:00:00+00:00,69352.01,71092.8,69321.61,70185.6,11935,1800,0
2026-03-11 14:00:00+00:00,70186.54,70991.36,69967.2,70592.11,12002,1800,0
2026-03-11 15:00:00+00:00,70593.28,70666.3,69668.29,70242.94,9097,1800,0
2026-03-11 16:00:00+00:00,70242.84,70844.73,70159.66,70589.93,7378,1800,0
2026-03-11 17:00:00+00:00,70591.8,71337.91,70515.28,70783.62,8669,1800,0
2026-03-11 18:00:00+00:00,70777.83,70914.75,70417.17,70628.63,5473,1800,0
2026-03-11 19:00:00+00:00,70627.74,70762.55,70386.16,70650.13,3770,1800,0
2026-03-11 20:00:00+00:00,70649.16,70715.04,70397.86,70630.95,2372,1800,0
2026-03-11 21:00:00+00:00,70640.92,70796.63,70503.56,70739.75,2064,1800,0
2026-03-11 22:00:00+00:00,70741.11,70973.56,70236.53,70380.8,3513,1800,0
2026-03-11 23:00:00+00:00,70382.18,70514.0,70120.58,70201.32,3329,1800,0
2026-03-12 00:00:00+00:00,70203.13,70358.81,70126.76,70212.06,3359,1800,0
2026-03-12 01:00:00+00:00,70209.08,70237.7,69740.33,69816.87,3898,1800,0
2026-03-12 02:00:00+00:00,69819.2,69885.44,69215.11,69287.66,4107,1800,0
2026-03-12 03:00:00+00:00,69285.58,69624.36,69241.05,69441.96,2913,1800,0
2026-03-12 04:00:00+00:00,69441.72,69680.66,69281.81,69368.53,2706,1800,0
2026-03-12 05:00:00+00:00,69367.66,69545.58,69191.41,69466.11,2768,1800,0
2026-03-12 06:00:00+00:00,69462.96,69568.05,69350.21,69491.82,2274,1800,0
2026-03-12 07:00:00+00:00,69495.42,69856.3,69397.69,69817.14,2531,1800,0
2026-03-12 08:00:00+00:00,69818.08,70109.9,69696.09,69900.87,3228,1800,0
2026-03-12 09:00:00+00:00,69900.05,70391.42,69571.77,69941.02,3633,1800,0
2026-03-12 10:00:00+00:00,69938.5,70516.37,69840.77,70410.01,3795,1800,0
2026-03-12 11:00:00+00:00,70412.37,70814.01,70361.85,70430.86,3510,1800,0
2026-03-12 12:00:00+00:00,70439.9,70633.88,70280.93,70388.74,3580,1800,0
2026-03-12 13:00:00+00:00,70385.84,70534.4,69675.27,69979.85,7974,1800,0
2026-03-12 14:00:00+00:00,69977.48,70687.48,69344.04,69592.88,10660,1800,0
2026-03-12 15:00:00+00:00,69591.03,70586.4,69471.15,70324.25,9265,1800,0
2026-03-12 16:00:00+00:00,70325.05,70586.94,69909.17,70378.42,8312,1800,0
2026-03-12 17:00:00+00:00,70377.43,70563.23,70076.87,70220.45,5596,1800,0
2026-03-12 18:00:00+00:00,70220.36,70310.28,69788.81,69820.59,4944,1800,0
2026-03-12 19:00:00+00:00,69820.24,70568.06,69762.1,70448.71,4549,1800,0
2026-03-12 20:00:00+00:00,70443.35,70571.31,70114.19,70162.44,2567,1800,0
2026-03-12 21:00:00+00:00,70169.34,70480.61,70169.34,70270.12,2072,1800,0
2026-03-12 22:00:00+00:00,70276.09,70319.6,70000.19,70165.1,2473,1800,0
2026-03-12 23:00:00+00:00,70169.54,70756.56,70151.24,70523.87,3901,1800,0
2026-03-13 00:00:00+00:00,70520.46,72004.25,70385.94,71467.21,10140,1800,0
2026-03-13 01:00:00+00:00,71465.98,71772.49,71270.39,71665.17,5029,1800,0
2026-03-13 02:00:00+00:00,71666.25,71704.41,71029.5,71141.97,3776,1800,0
2026-03-13 03:00:00+00:00,71142.91,71516.69,70942.94,71390.67,3417,1800,0
2026-03-13 04:00:00+00:00,71390.74,71504.59,71229.0,71376.16,2562,1800,0
2026-03-13 05:00:00+00:00,71383.69,71641.6,71223.39,71544.75,2941,1800,0
2026-03-13 06:00:00+00:00,71559.0,71600.67,71174.49,71359.22,3112,1800,0
2026-03-13 07:00:00+00:00,71351.43,71688.24,71232.28,71630.73,3148,1800,0
2026-03-13 08:00:00+00:00,71628.79,72201.33,71380.2,71835.43,4629,1800,0
2026-03-13 09:00:00+00:00,71831.28,72101.07,71588.39,72007.86,3122,1800,0
2026-03-13 10:00:00+00:00,72010.98,72605.12,71994.97,72465.48,4317,1800,0
2026-03-13 11:00:00+00:00,72466.89,72537.22,72211.42,72241.47,3233,1800,0
2026-03-13 12:00:00+00:00,72237.59,72924.3,72216.6,72780.96,4848,1800,0
2026-03-13 13:00:00+00:00,72787.01,73612.87,72685.0,73393.84,9433,1800,0
2026-03-13 14:00:00+00:00,73393.5,73939.98,72375.64,72392.36,11277,1800,0
2026-03-13 15:00:00+00:00,72396.17,72861.12,71737.39,71842.11,9795,1800,0
2026-03-13 16:00:00+00:00,71843.69,72144.44,71161.44,71892.09,8233,1800,0
2026-03-13 17:00:00+00:00,71890.47,72261.7,70902.72,71041.1,6927,1800,0
2026-03-13 18:00:00+00:00,71049.44,71353.49,70838.17,71057.12,4970,1800,0
2026-03-13 19:00:00+00:00,71056.14,71308.12,70990.52,71191.31,3911,1800,0
2026-03-13 20:00:00+00:00,71194.33,71486.9,71139.82,71348.64,2322,1800,0
2026-03-13 21:00:00+00:00,71350.8,71491.89,71063.26,71106.41,2497,1800,0
2026-03-13 22:00:00+00:00,71106.49,71183.81,70544.07,70818.54,3525,1800,0
2026-03-13 23:00:00+00:00,70821.13,71014.93,70689.99,70935.25,2556,1800,0
2026-03-14 00:00:00+00:00,70937.69,70958.91,70550.68,70634.93,2597,1800,0
2026-03-14 01:00:00+00:00,70637.88,70906.72,70466.58,70826.32,2270,1800,0
2026-03-14 02:00:00+00:00,70824.13,70902.37,70732.5,70800.91,1973,1800,0
2026-03-14 03:00:00+00:00,70805.3,71184.41,70805.3,71077.34,2329,1800,0
2026-03-14 04:00:00+00:00,71076.56,71314.0,71018.61,71037.1,2172,1800,0
2026-03-14 05:00:00+00:00,71038.92,71162.42,70911.29,71017.81,1834,1800,0
2026-03-14 06:00:00+00:00,71013.36,71014.47,70301.97,70638.36,3021,1800,0
2026-03-14 07:00:00+00:00,70646.52,70744.95,70482.47,70606.78,2285,1800,0
2026-03-14 08:00:00+00:00,70609.34,70718.54,70533.75,70587.25,1883,1800,0
2026-03-14 09:00:00+00:00,70588.73,70748.64,70405.74,70515.4,1924,1800,0
2026-03-14 10:00:00+00:00,70514.64,70591.58,70382.25,70568.79,1714,1800,0
2026-03-14 11:00:00+00:00,70568.31,70791.6,70554.01,70742.8,1582,1800,0
2026-03-14 12:00:00+00:00,70747.17,70848.54,70606.6,70774.83,1784,1800,0
2026-03-14 13:00:00+00:00,70774.53,70942.47,70715.69,70864.36,1836,1800,0
2026-03-14 14:00:00+00:00,70866.96,70957.81,70568.46,70606.44,1922,1800,0
2026-03-14 15:00:00+00:00,70612.68,70742.08,70485.87,70592.01,1803,1800,0
2026-03-14 16:00:00+00:00,70592.99,70715.22,70487.15,70681.48,1653,1800,0
2026-03-14 17:00:00+00:00,70678.54,70746.58,70582.19,70621.69,1300,1800,0
2026-03-14 18:00:00+00:00,70620.24,70710.06,70544.89,70666.48,1173,1800,0
2026-03-14 19:00:00+00:00,70658.36,70748.57,70586.24,70698.45,1270,1800,0
2026-03-14 20:00:00+00:00,70698.72,70874.03,70644.88,70808.54,1463,1800,0
2026-03-14 21:00:00+00:00,70801.62,70823.14,70655.78,70805.29,1539,1800,0
2026-03-14 22:00:00+00:00,70806.13,70811.95,70694.9,70715.49,1407,1800,0
2026-03-14 23:00:00+00:00,70726.4,71268.07,70726.4,71213.17,2712,1800,0
2026-03-15 00:00:00+00:00,71219.14,71225.17,70959.34,70995.25,2328,1800,0
2026-03-15 01:00:00+00:00,70994.97,71042.97,70859.7,71000.86,1792,1800,0
2026-03-15 02:00:00+00:00,71005.27,71644.82,71005.27,71441.65,3536,1800,0
2026-03-15 03:00:00+00:00,71443.21,71530.84,71226.67,71364.68,2143,1800,0
2026-03-15 04:00:00+00:00,71360.33,71671.63,71317.14,71583.6,2334,1800,0
2026-03-15 05:00:00+00:00,71583.5,71791.96,71476.63,71498.98,2288,1800,0
2026-03-15 06:00:00+00:00,71494.42,71595.0,71387.23,71455.27,1676,1800,0
2026-03-15 07:00:00+00:00,71455.86,71660.56,71402.57,71456.11,1281,1800,0
2026-03-15 08:00:00+00:00,71456.42,71725.76,71456.42,71708.37,1994,1800,0
2026-03-15 09:00:00+00:00,71713.41,71940.93,71701.22,71787.66,2399,1800,0
2026-03-15 10:00:00+00:00,71794.11,71916.69,71722.59,71782.12,1630,1800,0
2026-03-15 11:00:00+00:00,71780.69,71890.08,71643.59,71839.06,1683,1800,0
2026-03-15 12:00:00+00:00,71842.34,71851.94,71572.06,71622.66,1822,1800,0
2026-03-15 13:00:00+00:00,71617.05,71687.15,71262.39,71592.44,3368,1800,0
2026-03-15 14:00:00+00:00,71589.16,71639.65,71338.92,71618.69,2210,1800,0
2026-03-15 15:00:00+00:00,71619.83,71631.13,71403.69,71484.01,1823,1800,0
2026-03-15 16:00:00+00:00,71481.97,71588.1,71299.13,71440.24,2159,1800,0
2026-03-15 17:00:00+00:00,71442.46,71997.99,71407.33,71817.5,2200,1800,0
2026-03-15 18:00:00+00:00,71818.57,71894.93,71313.15,71390.78,2293,1800,0
2026-03-15 19:00:00+00:00,71386.69,71588.36,71338.04,71552.18,1775,1800,0
2026-03-15 20:00:00+00:00,71551.14,71936.97,71430.68,71731.85,2227,1800,0
2026-03-15 21:00:00+00:00,71735.03,72236.94,71629.59,72119.71,3406,1800,0
2026-03-15 22:00:00+00:00,72124.0,73151.08,71718.14,72756.31,6749,1800,0
2026-03-15 23:00:00+00:00,72748.18,73226.4,72420.19,72812.13,7025,1800,0
2026-03-16 00:00:00+00:00,72818.78,73025.13,72447.06,72540.56,4354,1800,0
2026-03-16 01:00:00+00:00,72543.8,72862.76,72268.82,72762.55,4338,1800,0
2026-03-16 02:00:00+00:00,72766.84,72867.4,72370.6,72517.2,2770,1800,0
2026-03-16 03:00:00+00:00,72519.48,74322.63,72434.79,73574.99,7344,1800,0
2026-03-16 04:00:00+00:00,73577.05,74470.39,73576.48,73819.97,5422,1800,0
2026-03-16 05:00:00+00:00,73822.12,74264.24,73700.31,74203.05,4237,1800,0
2026-03-16 06:00:00+00:00,74195.61,74205.55,73583.89,73710.71,3310,1800,0
2026-03-16 07:00:00+00:00,73702.73,73927.0,73367.49,73454.4,3158,1800,0
2026-03-16 08:00:00+00:00,73452.89,73781.56,72873.93,73140.95,4309,1800,0
2026-03-16 09:00:00+00:00,73140.7,73335.94,73055.41,73259.86,2652,1800,0
2026-03-16 10:00:00+00:00,73262.37,73800.33,73195.24,73788.72,3207,1800,0
2026-03-16 11:00:00+00:00,73792.24,73853.29,73494.52,73556.59,2605,1800,0
2026-03-16 12:00:00+00:00,73555.16,74069.47,73450.59,73866.51,4158,1800,0
2026-03-16 13:00:00+00:00,73864.84,74527.49,73776.87,74112.11,6882,1800,0
2026-03-16 14:00:00+00:00,74115.95,74495.54,72978.35,73560.68,10043,1800,0
2026-03-16 15:00:00+00:00,73560.98,74056.16,73182.05,73282.01,6762,1800,0
2026-03-16 16:00:00+00:00,73279.38,73925.97,73150.92,73760.53,5202,1800,0
2026-03-16 17:00:00+00:00,73762.66,74086.91,73638.17,73946.55,4804,1800,0
2026-03-16 18:00:00+00:00,73939.21,74363.94,73840.09,73913.26,4990,1800,0
2026-03-16 19:00:00+00:00,73915.4,74431.3,73766.09,73964.73,5183,1800,0
2026-03-16 20:00:00+00:00,73957.19,74242.92,73851.06,74226.08,2429,1800,0
2026-03-16 21:00:00+00:00,74226.26,74811.08,74150.19,74398.53,4379,1800,0
2026-03-16 22:00:00+00:00,74392.97,74904.05,74362.62,74754.16,4358,1800,0
2026-03-16 23:00:00+00:00,74751.98,74923.69,74238.86,74873.5,3609,1800,0
2026-03-17 00:00:00+00:00,74867.53,75513.3,74594.0,75312.78,7064,1800,0
2026-03-17 01:00:00+00:00,75307.58,76012.62,75058.37,75614.97,7866,1800,0
2026-03-17 02:00:00+00:00,75610.11,75676.87,75107.03,75197.48,3886,1800,0
2026-03-17 03:00:00+00:00,75205.99,75326.1,74268.75,74471.26,5445,1800,0
2026-03-17 04:00:00+00:00,74471.37,74685.61,73983.3,74239.5,4356,1800,0
2026-03-17 05:00:00+00:00,74240.96,74455.39,73767.61,74044.82,3430,1800,0
2026-03-17 06:00:00+00:00,74043.37,74278.39,73871.77,74073.97,3425,1800,0
2026-03-17 07:00:00+00:00,74075.8,74454.35,74049.59,74260.4,2898,1800,0
2026-03-17 08:00:00+00:00,74260.33,74463.73,74096.35,74191.33,3125,1800,0
2026-03-17 09:00:00+00:00,74187.32,74410.41,73834.62,73944.78,3087,1800,0
2026-03-17 10:00:00+00:00,73947.24,73979.72,73552.94,73734.86,3355,1800,0
2026-03-17 11:00:00+00:00,73736.22,74252.49,73680.0,74023.65,2925,1800,0
2026-03-17 12:00:00+00:00,74034.11,74184.73,73665.45,73733.04,3374,1800,0
2026-03-17 13:00:00+00:00,73730.0,74195.12,73386.1,73629.72,6222,1800,0
2026-03-17 14:00:00+00:00,73633.01,74448.47,73430.08,74392.37,7013,1800,0
2026-03-17 15:00:00+00:00,74394.43,74912.29,73673.29,73937.72,7434,1800,0
2026-03-17 16:00:00+00:00,73936.95,74364.99,73870.22,74170.7,4719,1800,0
2026-03-17 17:00:00+00:00,74170.57,74610.85,74014.84,74531.63,3653,1800,0
2026-03-17 18:00:00+00:00,74536.04,74785.14,74397.05,74685.1,3557,1800,0
2026-03-17 19:00:00+00:00,74689.16,74826.85,74446.94,74523.03,3381,1800,0
2026-03-17 20:00:00+00:00,74523.41,74706.89,74386.83,74528.14,2046,1800,0
2026-03-17 21:00:00+00:00,74530.15,74810.15,74463.5,74705.14,2165,1800,0
2026-03-17 22:00:00+00:00,74704.07,74797.15,73947.44,74333.44,2724,1800,0
2026-03-17 23:00:00+00:00,74333.52,74428.06,73877.57,73936.94,2721,1800,0
2026-03-18 00:00:00+00:00,73930.2,74084.13,73539.95,73863.49,4080,1800,0
2026-03-18 01:00:00+00:00,73866.43,74227.16,73828.29,74082.83,2924,1800,0
2026-03-18 02:00:00+00:00,74074.52,74491.64,74045.74,74360.66,2397,1800,0
2026-03-18 03:00:00+00:00,74356.79,74692.56,74259.38,74463.84,2542,1800,0
2026-03-18 04:00:00+00:00,74466.69,74510.61,74150.49,74198.42,2070,1800,0
2026-03-18 05:00:00+00:00,74197.32,74331.41,73842.61,73975.25,2348,1800,0
2026-03-18 06:00:00+00:00,73979.66,74248.6,73948.17,73971.42,2147,1800,0
2026-03-18 07:00:00+00:00,73965.8,74018.25,73701.61,73893.58,2255,1800,0
2026-03-18 08:00:00+00:00,73890.84,74135.9,73864.06,74055.22,2283,1800,0
2026-03-18 09:00:00+00:00,74055.18,74309.97,74029.32,74181.01,1889,1800,0
2026-03-18 10:00:00+00:00,74178.15,74272.24,73810.63,73951.9,2099,1800,0
2026-03-18 11:00:00+00:00,73944.98,74080.02,72800.06,72955.72,6806,1800,0
2026-03-18 12:00:00+00:00,72953.92,73007.4,72268.74,72365.02,7397,1800,0
2026-03-18 13:00:00+00:00,72368.72,72573.67,71968.65,72136.44,6990,1800,0
2026-03-18 14:00:00+00:00,72135.27,72234.59,71044.87,71209.97,8342,1800,0
2026-03-18 15:00:00+00:00,71203.37,71527.9,70851.5,71470.97,6506,1800,0
2026-03-18 16:00:00+00:00,71470.95,71573.68,71023.29,71326.92,4792,1800,0
2026-03-18 17:00:00+00:00,71327.54,71755.97,71191.47,71602.08,4137,1800,0
2026-03-18 18:00:00+00:00,71598.8,72012.87,70938.61,71099.75,7863,1800,0
2026-03-18 19:00:00+00:00,71098.63,71500.21,70892.57,71065.42,4742,1800,0
2026-03-18 20:00:00+00:00,71056.68,71331.8,70481.37,71216.69,4365,1800,0
2026-03-18 21:00:00+00:00,71213.64,71439.42,71150.4,71259.84,2431,1800,0
2026-03-18 22:00:00+00:00,71251.71,71267.81,70923.24,71140.72,2508,1800,0
2026-03-18 23:00:00+00:00,71143.18,71358.71,71051.48,71231.23,2749,1800,0
2026-03-19 00:00:00+00:00,71230.47,71313.06,70960.06,70998.65,3202,1800,0
2026-03-19 01:00:00+00:00,70997.62,71189.92,70938.32,71104.88,2874,1800,0
2026-03-19 02:00:00+00:00,71105.83,71262.06,70886.21,71058.59,2842,1800,0
2026-03-19 03:00:00+00:00,71058.85,71619.72,71050.76,71210.65,3348,1800,0
2026-03-19 04:00:00+00:00,71213.26,71213.26,70645.26,70816.87,3590,1800,0
2026-03-19 05:00:00+00:00,70815.04,70906.53,70634.12,70824.2,2889,1800,0
2026-03-19 06:00:00+00:00,70821.55,70984.63,70485.83,70570.17,3279,1800,0
2026-03-19 07:00:00+00:00,70577.99,70605.81,69478.07,70183.99,6768,1800,0
2026-03-19 08:00:00+00:00,70185.3,70292.42,69889.4,69991.04,4043,1800,0
2026-03-19 09:00:00+00:00,69991.14,70567.35,69973.59,70485.25,4410,1800,0
2026-03-19 10:00:00+00:00,70482.39,70525.15,70104.85,70122.9,2692,1800,0
2026-03-19 11:00:00+00:00,70132.79,70261.95,69892.38,69956.57,2706,1800,0
2026-03-19 12:00:00+00:00,69956.48,69956.48,69091.06,69296.26,5038,1800,0
2026-03-19 13:00:00+00:00,69295.8,70083.15,69059.63,69896.06,9693,1800,0
2026-03-19 14:00:00+00:00,69902.47,70167.72,69069.5,69465.84,8056,1800,0
2026-03-19 15:00:00+00:00,69463.39,69908.93,68782.39,69398.7,7812,1800,0
2026-03-19 16:00:00+00:00,69401.29,69636.23,69146.54,69443.38,5943,1800,0
2026-03-19 17:00:00+00:00,69445.71,69947.55,69092.1,69837.06,5166,1800,0
2026-03-19 18:00:00+00:00,69836.9,69926.47,69558.18,69806.19,3615,1800,0
2026-03-19 19:00:00+00:00,69799.31,70599.52,69782.22,70266.61,7886,1800,0
2026-03-19 20:00:00+00:00,70266.8,70682.58,70179.39,70478.96,2514,1800,0
2026-03-19 21:00:00+00:00,70470.48,70687.59,70363.91,70405.81,2443,1800,0
2026-03-19 22:00:00+00:00,70407.88,70500.76,69944.68,70176.48,2748,1800,0
2026-03-19 23:00:00+00:00,70179.13,70287.07,69709.04,69913.33,2861,1800,0
2026-03-20 00:00:00+00:00,69912.64,70310.21,69826.34,70182.17,2955,1800,0
2026-03-20 01:00:00+00:00,70182.96,70593.14,70174.71,70397.78,3311,1800,0
2026-03-20 02:00:00+00:00,70401.82,70516.15,70070.58,70396.28,2778,1800,0
2026-03-20 03:00:00+00:00,70397.15,70798.91,70371.29,70721.26,3153,1800,0
2026-03-20 04:00:00+00:00,70723.99,70971.23,70543.83,70756.5,2932,1800,0
2026-03-20 05:00:00+00:00,70757.79,70865.53,70493.76,70591.37,2436,1800,0
2026-03-20 06:00:00+00:00,70589.62,70646.34,70323.0,70487.5,2680,1800,0
2026-03-20 07:00:00+00:00,70486.07,70931.54,70180.1,70849.03,3478,1800,0
2026-03-20 08:00:00+00:00,70851.07,71360.43,70773.7,71021.12,4287,1800,0
2026-03-20 09:00:00+00:00,71018.92,71038.8,70404.96,70568.86,3921,1800,0
2026-03-20 10:00:00+00:00,70564.57,70664.81,70194.57,70597.88,3291,1800,0
2026-03-20 11:00:00+00:00,70602.14,70814.35,70285.67,70463.76,2784,1800,0
2026-03-20 12:00:00+00:00,70464.01,70684.64,70232.55,70328.73,3027,1800,0
2026-03-20 13:00:00+00:00,70329.84,70605.14,69769.68,69855.51,7644,1400,0
2026-03-20 14:00:00+00:00,69854.23,70259.51,69569.6,69725.53,10249,1400,0
2026-03-20 15:00:00+00:00,69728.59,69996.14,69458.93,69835.43,7776,1400,0
2026-03-20 16:00:00+00:00,69836.61,70094.97,69584.32,69802.89,5523,1400,0
2026-03-20 17:00:00+00:00,69805.03,70038.0,69357.2,69977.52,5820,1400,0
2026-03-20 18:00:00+00:00,69979.05,70062.02,69493.87,69738.99,5700,1400,0
2026-03-20 19:00:00+00:00,69740.29,70186.77,69641.14,70166.12,5004,1400,0
2026-03-20 20:00:00+00:00,70167.88,70249.64,69730.01,70041.81,3008,1400,0
2026-03-20 21:00:00+00:00,70033.81,70736.65,69922.02,70528.06,3438,1400,0
2026-03-20 22:00:00+00:00,70513.68,70914.57,70512.27,70752.59,2875,1400,0
2026-03-20 23:00:00+00:00,70751.52,70762.7,70402.38,70489.88,2501,1400,0
2026-03-21 00:00:00+00:00,70487.27,70817.53,70451.38,70667.73,2338,1400,0
2026-03-21 01:00:00+00:00,70668.36,70748.44,70430.35,70451.56,2021,1400,0
2026-03-21 02:00:00+00:00,70451.23,70777.88,70415.06,70716.15,2047,1400,0
2026-03-21 03:00:00+00:00,70716.06,70774.86,70603.6,70656.69,1742,1400,0
2026-03-21 04:00:00+00:00,70650.64,70823.19,70599.28,70631.28,1872,1400,0
2026-03-21 05:00:00+00:00,70631.36,70819.44,70610.38,70689.33,1781,1400,0
2026-03-21 06:00:00+00:00,70689.33,70807.86,70673.66,70759.74,1700,1400,0
2026-03-21 07:00:00+00:00,70754.67,70870.3,70652.67,70704.35,1689,1400,0
2026-03-21 08:00:00+00:00,70704.29,70748.21,70476.83,70576.05,1968,1400,0
2026-03-21 09:00:00+00:00,70578.29,70715.21,70548.76,70640.23,1766,1400,0
2026-03-21 10:00:00+00:00,70647.17,70683.42,70536.84,70589.27,1442,1400,0
2026-03-21 11:00:00+00:00,70592.59,70642.88,70548.87,70632.87,1323,1400,0
2026-03-21 12:00:00+00:00,70633.03,70793.05,70633.03,70693.6,1588,1400,0
2026-03-21 13:00:00+00:00,70694.48,70792.34,70680.19,70708.36,1415,1400,0
2026-03-21 14:00:00+00:00,70709.92,71094.51,70562.76,70619.21,2878,1400,0
2026-03-21 15:00:00+00:00,70622.85,70751.92,70436.34,70614.78,2364,1400,0
2026-03-21 16:00:00+00:00,70612.31,70640.73,70223.78,70290.51,2109,1400,0
2026-03-21 17:00:00+00:00,70296.86,70415.45,70170.3,70295.35,1831,1400,0
2026-03-21 18:00:00+00:00,70294.79,70523.84,70268.22,70364.97,1513,1400,0
2026-03-21 19:00:00+00:00,70362.03,70433.61,70302.89,70370.81,1227,1400,0
2026-03-21 20:00:00+00:00,70370.79,70486.08,70334.55,70439.87,1307,1400,0
2026-03-21 21:00:00+00:00,70439.82,70501.94,70237.71,70333.93,1376,1400,0
2026-03-21 22:00:00+00:00,70334.85,70370.89,70241.06,70263.01,1478,1400,0
2026-03-21 23:00:00+00:00,70270.21,70276.78,68538.03,68906.02,7065,1400,0
2026-03-22 00:00:00+00:00,68919.43,69146.6,68225.21,68919.45,10391,1400,0
2026-03-22 01:00:00+00:00,68920.76,69090.48,68733.87,68954.45,3678,1400,0
2026-03-22 02:00:00+00:00,68956.6,69403.93,68922.98,69268.23,3355,1400,0
2026-03-22 03:00:00+00:00,69255.65,69580.09,69099.45,69319.7,3394,1400,0
2026-03-22 04:00:00+00:00,69322.38,69520.19,69190.13,69325.57,2711,1400,0
2026-03-22 05:00:00+00:00,69325.65,69343.73,69120.84,69130.29,1926,1400,0
2026-03-22 06:00:00+00:00,69126.11,69237.33,69036.51,69139.27,1928,1400,0
2026-03-22 07:00:00+00:00,69144.36,69230.27,68873.47,68912.15,2371,1400,0
2026-03-22 08:00:00+00:00,68912.02,68975.97,68539.03,68774.21,3808,1400,0
2026-03-22 09:00:00+00:00,68771.86,68888.61,68560.38,68802.49,2547,1400,0
2026-03-22 10:00:00+00:00,68800.28,68838.31,68562.14,68628.42,2077,1400,0
2026-03-22 11:00:00+00:00,68626.7,68679.99,68063.56,68208.11,3858,1400,0
2026-03-22 12:00:00+00:00,68210.43,68757.0,68173.95,68640.72,3257,1400,0
2026-03-22 13:00:00+00:00,68651.34,68943.22,68523.06,68691.23,3189,1400,0
2026-03-22 14:00:00+00:00,68693.4,68923.21,68523.37,68698.99,2679,1400,0
2026-03-22 15:00:00+00:00,68703.1,69023.92,68691.99,68834.61,2508,1400,0
2026-03-22 16:00:00+00:00,68836.9,68879.81,68650.38,68783.34,2057,1400,0
2026-03-22 17:00:00+00:00,68785.63,68848.5,68654.99,68662.52,1979,1400,0
2026-03-22 18:00:00+00:00,68659.02,68742.93,68322.3,68598.42,2603,1400,0
2026-03-22 19:00:00+00:00,68607.38,68622.41,68128.3,68195.96,2981,1400,0
2026-03-22 20:00:00+00:00,68198.49,68497.21,68067.61,68157.63,2559,1400,0
2026-03-22 21:00:00+00:00,68160.21,68223.44,67324.07,67892.75,6661,1400,0
2026-03-22 22:00:00+00:00,67871.42,68393.95,67549.41,68310.98,5816,1400,0
2026-03-22 23:00:00+00:00,68319.75,68453.44,67810.04,67845.73,3795,1400,0
2026-03-23 00:00:00+00:00,67844.7,68142.54,67421.32,67651.2,7076,1400,0
2026-03-23 01:00:00+00:00,67650.63,68143.55,67505.55,67894.1,5594,1400,0
2026-03-23 02:00:00+00:00,67896.54,68385.86,67769.27,68294.15,4207,1400,0
2026-03-23 03:00:00+00:00,68300.92,68573.18,68030.79,68056.29,3556,1400,0
2026-03-23 04:00:00+00:00,68056.0,68520.42,68029.03,68515.44,3070,1400,0
2026-03-23 05:00:00+00:00,68511.21,68888.74,68508.42,68879.99,4101,1400,0
2026-03-23 06:00:00+00:00,68869.59,68877.73,67664.57,67850.62,5733,1400,0
2026-03-23 07:00:00+00:00,67848.89,68442.35,67476.64,68291.46,6766,1400,0
2026-03-23 08:00:00+00:00,68293.77,68685.05,68282.59,68406.98,5427,1400,0
2026-03-23 09:00:00+00:00,68404.29,68449.46,67887.99,68318.57,4161,1400,0
2026-03-23 10:00:00+00:00,68317.62,68702.11,68265.5,68513.35,3996,1400,0
2026-03-23 11:00:00+00:00,68515.13,71485.7,68515.13,70103.36,27468,1400,0
2026-03-23 12:00:00+00:00,70106.05,70863.53,69641.28,70711.06,11931,1400,0
2026-03-23 13:00:00+00:00,70712.38,71583.51,70559.37,71467.09,13794,1400,0
2026-03-23 14:00:00+00:00,71470.74,71811.85,71100.49,71427.88,11063,1400,0
2026-03-23 15:00:00+00:00,71434.38,71656.25,70076.23,70125.45,9577,1400,0
2026-03-23 16:00:00+00:00,70125.33,70738.81,70104.89,70549.5,9835,1400,0
2026-03-23 17:00:00+00:00,70553.83,71104.91,70324.37,71053.36,7057,1400,0
2026-03-23 18:00:00+00:00,71049.7,71182.63,70845.21,71042.02,5594,1400,0
2026-03-23 19:00:00+00:00,71046.0,71237.12,70624.46,70651.73,4218,1400,0
2026-03-23 20:00:00+00:00,70651.8,70963.81,70529.27,70888.63,2545,1400,0
2026-03-23 21:00:00+00:00,70890.08,70986.0,70797.23,70834.0,1984,1400,0
2026-03-23 22:00:00+00:00,70834.98,70882.28,70486.13,70744.49,3390,1400,0
2026-03-23 23:00:00+00:00,70744.21,70978.66,70366.11,70866.74,3706,1400,0
2026-03-24 00:00:00+00:00,70873.78,71076.34,70385.01,70653.03,5137,1400,0
2026-03-24 01:00:00+00:00,70650.91,70859.79,70250.55,70493.15,4581,1400,0
2026-03-24 02:00:00+00:00,70493.47,70681.97,70340.0,70417.66,3970,1400,0
2026-03-24 03:00:00+00:00,70416.12,70568.92,70364.82,70520.81,2956,1400,0
2026-03-24 04:00:00+00:00,70516.5,70724.29,70221.67,70354.62,3339,1400,0
2026-03-24 05:00:00+00:00,70357.34,70359.9,70088.87,70251.65,3501,1400,0
2026-03-24 06:00:00+00:00,70253.14,70550.92,70219.37,70514.1,2697,1400,0
2026-03-24 07:00:00+00:00,70515.71,71390.71,70441.83,71275.29,4927,1400,0
2026-03-24 08:00:00+00:00,71268.18,71323.32,70828.36,70937.13,4270,1400,0
2026-03-24 09:00:00+00:00,70936.45,71353.23,70821.54,71300.93,3049,1400,0
2026-03-24 10:00:00+00:00,71301.31,71317.25,71062.03,71252.89,2758,1400,0
2026-03-24 11:00:00+00:00,71245.38,71315.71,70924.74,71135.17,3750,1400,0
2026-03-24 12:00:00+00:00,71137.51,71166.0,70831.79,70945.33,3399,1400,0
2026-03-24 13:00:00+00:00,70938.48,71047.39,69899.08,70080.76,9070,1400,0
2026-03-24 14:00:00+00:00,70081.84,70443.43,69472.95,69843.35,11559,1400,0
2026-03-24 15:00:00+00:00,69845.0,70245.56,69733.26,69835.72,7903,1400,0
2026-03-24 16:00:00+00:00,69833.68,69985.2,69275.36,69451.24,6032,1400,0
2026-03-24 17:00:00+00:00,69454.18,69487.34,68875.77,69199.94,7293,1400,0
2026-03-24 18:00:00+00:00,69207.19,69726.53,69122.07,69401.31,5122,1400,0
2026-03-24 19:00:00+00:00,69399.96,69660.07,69215.22,69335.08,3494,1400,0
2026-03-24 20:00:00+00:00,69328.12,70268.82,69241.41,70070.6,5982,1400,0
2026-03-24 21:00:00+00:00,70068.34,70379.44,69861.72,70290.33,3709,1400,0
2026-03-24 22:00:00+00:00,70288.37,70542.27,70077.26,70277.8,3793,1400,0
2026-03-24 23:00:00+00:00,70283.0,70806.77,70215.08,70519.36,3083,1400,0
2026-03-25 00:00:00+00:00,70527.37,71028.83,70434.37,70805.94,3901,1400,0
2026-03-25 01:00:00+00:00,70803.5,70949.54,70597.11,70649.14,3541,1400,0
2026-03-25 02:00:00+00:00,70649.63,70735.59,70451.49,70489.44,2908,1400,0
2026-03-25 03:00:00+00:00,70491.23,70775.82,70363.09,70689.6,2802,1400,0
2026-03-25 04:00:00+00:00,70686.4,70945.07,70648.36,70933.64,2318,1400,0
2026-03-25 05:00:00+00:00,70930.45,71317.75,70892.45,71081.5,3133,1400,0
2026-03-25 06:00:00+00:00,71082.19,71248.45,70948.6,70976.97,2311,1400,0
2026-03-25 07:00:00+00:00,70979.12,71245.53,70857.25,70912.49,2422,1400,0
2026-03-25 08:00:00+00:00,70913.6,71491.11,70762.85,71213.65,3832,1400,0
2026-03-25 09:00:00+00:00,71202.96,71399.98,71070.82,71315.16,2765,1400,0
2026-03-25 10:00:00+00:00,71323.65,71622.97,71263.48,71483.48,2672,1400,0
2026-03-25 11:00:00+00:00,71483.48,72040.9,71433.66,71674.93,4153,1400,0
2026-03-25 12:00:00+00:00,71675.21,71945.06,71097.29,71693.79,5868,1400,0
2026-03-25 13:00:00+00:00,71695.63,71950.97,71487.26,71554.96,6396,1400,0
2026-03-25 14:00:00+00:00,71555.28,71682.65,71195.48,71209.38,6706,1400,0
2026-03-25 15:00:00+00:00,71212.3,71296.48,70552.77,70811.53,6961,1400,0
2026-03-25 16:00:00+00:00,70799.99,71737.89,70675.03,71301.08,6108,1400,0
2026-03-25 17:00:00+00:00,71301.31,71373.84,70673.15,70755.61,4173,1400,0
2026-03-25 18:00:00+00:00,70757.72,71130.03,70643.42,70791.55,3576,1400,0
2026-03-25 19:00:00+00:00,70791.91,71079.77,70738.37,70855.1,3380,1400,0
2026-03-25 20:00:00+00:00,70860.56,71032.86,70598.2,70977.7,2346,1400,0
2026-03-25 21:00:00+00:00,70978.63,71157.34,70915.0,71000.54,2198,1400,0
2026-03-25 22:00:00+00:00,71000.1,71575.77,70913.84,71340.53,2943,1400,0
2026-03-25 23:00:00+00:00,71340.22,71412.04,71149.83,71308.4,2494,1400,0
2026-03-26 00:00:00+00:00,71297.51,71403.54,71093.79,71262.04,2822,1400,0
2026-03-26 01:00:00+00:00,71263.04,71344.04,71118.35,71212.75,2682,1400,0
2026-03-26 02:00:00+00:00,71213.85,71256.01,70643.34,70849.6,3115,1400,0
2026-03-26 03:00:00+00:00,70848.74,70945.39,70645.83,70861.43,2483,1400,0
2026-03-26 04:00:00+00:00,70875.77,70881.29,70676.62,70734.93,2068,1400,0
2026-03-26 05:00:00+00:00,70735.01,70765.28,69899.46,69976.01,4017,1400,0
2026-03-26 06:00:00+00:00,69970.84,70121.84,69800.54,70053.52,3545,1400,0
2026-03-26 07:00:00+00:00,70061.57,70135.44,69745.07,70060.19,3174,1400,0
2026-03-26 08:00:00+00:00,70057.01,70100.27,69762.25,69983.27,3214,1400,0
2026-03-26 09:00:00+00:00,69979.21,70128.24,69361.32,69529.05,4638,1400,0
2026-03-26 10:00:00+00:00,69528.42,69698.19,69415.6,69477.79,2992,1400,0
2026-03-26 11:00:00+00:00,69479.48,69615.7,69138.75,69243.01,3493,1400,0
2026-03-26 12:00:00+00:00,69240.7,69435.82,69179.57,69394.0,2777,1400,0
2026-03-26 13:00:00+00:00,69393.99,69862.96,69165.84,69602.13,6021,1400,0
2026-03-26 14:00:00+00:00,69617.01,69798.98,69207.37,69436.48,6717,1400,0
2026-03-26 15:00:00+00:00,69444.09,69464.98,68573.36,69039.87,6738,1400,0
2026-03-26 16:00:00+00:00,69037.1,69037.41,68769.91,68878.88,4156,1400,0
2026-03-26 17:00:00+00:00,68877.73,69118.0,68301.04,68440.83,3892,1400,0
2026-03-26 18:00:00+00:00,68438.79,68565.81,68099.08,68432.03,5063,1400,0
2026-03-26 19:00:00+00:00,68441.39,68636.41,68290.99,68479.17,2986,1400,0
2026-03-26 20:00:00+00:00,68470.4,69438.09,68367.29,68949.09,6704,1400,0
2026-03-26 21:00:00+00:00,68946.88,69153.5,68818.38,68867.07,2649,1400,0
2026-03-26 22:00:00+00:00,68870.44,68974.03,68533.12,68840.02,3367,1400,0
2026-03-26 23:00:00+00:00,68844.34,68948.57,68575.03,68768.82,2522,1400,0
2026-03-27 00:00:00+00:00,68769.15,68914.76,68461.05,68716.19,3297,1400,0
2026-03-27 01:00:00+00:00,68716.34,69022.48,68634.0,69004.44,2595,1400,0
2026-03-27 02:00:00+00:00,69007.52,69133.58,68812.26,68868.26,2383,1400,0
2026-03-27 03:00:00+00:00,68871.96,68880.84,68617.56,68717.02,2255,1400,0
2026-03-27 04:00:00+00:00,68717.64,68750.31,68248.16,68523.74,3091,1400,0
2026-03-27 05:00:00+00:00,68521.22,68819.54,68452.52,68573.79,2659,1400,0
2026-03-27 06:00:00+00:00,68576.1,68806.47,68512.18,68601.8,2137,1400,0
2026-03-27 07:00:00+00:00,68604.08,68911.52,68393.24,68478.05,2913,1400,0
2026-03-27 08:00:00+00:00,68483.86,68592.39,67558.14,67862.4,5354,1400,0
2026-03-27 09:00:00+00:00,67863.68,67904.32,67487.55,67644.91,3644,1400,0
2026-03-27 10:00:00+00:00,67645.24,67728.3,66263.8,66467.49,7450,1400,0
2026-03-27 11:00:00+00:00,66470.76,66814.04,66185.87,66665.33,4598,1400,0
2026-03-27 12:00:00+00:00,66667.13,66746.75,66381.56,66580.46,3388,1400,0
2026-03-27 13:00:00+00:00,66581.93,66701.78,65935.75,66151.71,6726,1400,0
2026-03-27 14:00:00+00:00,66151.07,66376.37,65673.62,66160.03,7721,1400,0
2026-03-27 15:00:00+00:00,66157.78,66596.58,65907.29,66077.53,5816,1400,0
2026-03-27 16:00:00+00:00,66076.41,66137.58,65730.0,65931.8,5149,1400,0
2026-03-27 17:00:00+00:00,65935.2,66249.36,65525.95,65585.24,4978,1400,0
2026-03-27 18:00:00+00:00,65589.17,65917.24,65479.94,65782.2,4719,1400,0
2026-03-27 19:00:00+00:00,65793.0,66100.56,65635.48,65983.69,4145,1400,0
2026-03-27 20:00:00+00:00,65980.06,66099.02,65743.39,65966.7,2785,1400,0
2026-03-27 21:00:00+00:00,65963.6,66139.13,65947.13,66019.47,1806,1400,0
2026-03-27 22:00:00+00:00,66021.06,66038.07,65857.38,65975.78,1694,1400,0
2026-03-27 23:00:00+00:00,65981.13,66374.06,65909.86,66353.03,1711,1400,0
2026-03-28 00:00:00+00:00,66345.97,66467.31,66227.77,66385.98,1963,1400,0
2026-03-28 01:00:00+00:00,66375.64,66375.64,65989.04,66120.62,2057,1400,0
2026-03-28 02:00:00+00:00,66122.13,66206.44,65865.61,66005.04,2085,1400,0
2026-03-28 03:00:00+00:00,66006.16,66198.23,66004.46,66172.25,1734,1400,0
2026-03-28 04:00:00+00:00,66180.26,66261.36,66049.15,66227.68,1598,1400,0
2026-03-28 05:00:00+00:00,66226.38,66339.39,66153.27,66295.01,1510,1400,0
2026-03-28 06:00:00+00:00,66294.17,66451.93,66251.76,66341.46,1674,1400,0
2026-03-28 07:00:00+00:00,66346.03,66524.61,66323.57,66498.37,1397,1400,0
2026-03-28 08:00:00+00:00,66497.33,66522.34,66328.48,66361.95,1564,1400,0
2026-03-28 09:00:00+00:00,66362.26,66362.26,66182.17,66256.55,1465,1400,0
2026-03-28 10:00:00+00:00,66259.22,66367.47,66067.48,66169.17,1564,1400,0
2026-03-28 11:00:00+00:00,66169.32,66312.53,66140.04,66273.97,1142,1400,0
2026-03-28 12:00:00+00:00,66270.73,66490.27,66171.4,66410.82,1680,1400,0
2026-03-28 13:00:00+00:00,66405.17,67133.93,66347.82,66798.31,3735,1400,0
2026-03-28 14:00:00+00:00,66788.51,66924.25,66616.93,66702.32,2736,1400,0
2026-03-28 15:00:00+00:00,66696.72,67261.24,66650.6,66958.27,3186,1400,0
2026-03-28 16:00:00+00:00,66958.29,67049.79,66794.29,66869.74,2156,1400,0
2026-03-28 17:00:00+00:00,66861.06,66939.22,66625.01,66797.47,2218,1400,0
2026-03-28 18:00:00+00:00,66797.31,66912.99,66778.01,66854.07,1513,1400,0
2026-03-28 19:00:00+00:00,66864.57,66907.22,66747.61,66855.1,1392,1400,0
2026-03-28 20:00:00+00:00,66855.04,66969.33,66844.15,66864.14,1541,1400,0
2026-03-28 21:00:00+00:00,66858.66,66877.05,66519.71,66623.05,1828,1400,0
2026-03-28 22:00:00+00:00,66619.36,66733.99,66537.08,66700.42,1890,1400,0
2026-03-28 23:00:00+00:00,66699.72,66699.72,66213.85,66320.68,2517,1400,0
2026-03-29 00:00:00+00:00,66319.74,66454.12,66214.43,66416.99,2196,1400,0
2026-03-29 01:00:00+00:00,66413.42,66568.63,66315.22,66507.99,2115,1400,0
2026-03-29 02:00:00+00:00,66506.12,66797.65,66471.89,66740.99,2107,1400,0
2026-03-29 03:00:00+00:00,66741.32,67074.23,66692.38,66847.27,2113,1400,0
2026-03-29 04:00:00+00:00,66851.55,66881.45,66654.58,66684.74,1781,1400,0
2026-03-29 05:00:00+00:00,66684.65,66781.81,66535.2,66713.7,2039,1400,0
2026-03-29 06:00:00+00:00,66710.61,66819.64,66582.92,66673.95,1668,1400,0
2026-03-29 07:00:00+00:00,66672.88,66700.05,66490.46,66606.89,1609,1400,0
2026-03-29 08:00:00+00:00,66603.11,66722.09,66537.49,66663.9,1543,1400,0
2026-03-29 09:00:00+00:00,66666.23,66718.34,66472.39,66563.47,1807,1400,0
2026-03-29 10:00:00+00:00,66561.23,66561.23,66340.48,66452.76,1991,1400,0
2026-03-29 11:00:00+00:00,66453.47,66960.45,66442.34,66758.45,2678,1400,0
2026-03-29 12:00:00+00:00,66752.33,66811.61,66639.56,66784.87,1926,1400,0
2026-03-29 13:00:00+00:00,66788.03,66816.5,66461.63,66519.75,2761,1400,0
2026-03-29 14:00:00+00:00,66520.75,66738.37,66395.8,66526.21,2741,1400,0
2026-03-29 15:00:00+00:00,66529.54,66663.96,66256.29,66464.93,2857,1400,0
2026-03-29 16:00:00+00:00,66468.39,66600.42,66359.58,66443.71,2489,1400,0
2026-03-29 17:00:00+00:00,66445.54,66487.94,66088.22,66321.05,2526,1400,0
2026-03-29 18:00:00+00:00,66320.77,66499.08,66252.16,66360.81,1834,1400,0
2026-03-29 19:00:00+00:00,66360.18,66427.12,66253.64,66286.36,1539,1400,0
2026-03-29 20:00:00+00:00,66291.97,66743.97,66288.18,66543.39,1873,1400,0
2026-03-29 21:00:00+00:00,66549.82,66706.8,66451.86,66639.27,1789,1400,0
2026-03-29 22:00:00+00:00,66650.7,66662.58,64925.79,65801.33,8933,1400,0
2026-03-29 23:00:00+00:00,65800.07,66333.42,65796.05,65959.45,7090,1400,0
2026-03-30 00:00:00+00:00,65961.68,67012.9,65726.32,66206.35,10421,1400,0
2026-03-30 01:00:00+00:00,66210.44,66771.99,66210.44,66597.28,6113,1400,0
2026-03-30 02:00:00+00:00,66599.31,67436.75,66503.78,67053.97,6151,1400,0
2026-03-30 03:00:00+00:00,67053.26,67262.26,66905.37,67100.87,3946,1400,0
2026-03-30 04:00:00+00:00,67102.66,67597.65,67087.13,67541.37,4591,1400,0
2026-03-30 05:00:00+00:00,67546.94,67755.02,67365.58,67437.79,3910,1400,0
2026-03-30 06:00:00+00:00,67437.07,67523.86,67202.09,67242.08,3146,1400,0
2026-03-30 07:00:00+00:00,67236.51,67585.54,67158.61,67559.28,3072,1400,0
2026-03-30 08:00:00+00:00,67553.02,67889.24,67532.31,67601.15,3788,1400,0
2026-03-30 09:00:00+00:00,67598.81,67634.44,67393.33,67426.27,2344,1400,0
2026-03-30 10:00:00+00:00,67426.77,67463.63,67296.76,67435.09,2088,1400,0
2026-03-30 11:00:00+00:00,67438.78,67952.9,67417.66,67620.91,3995,1400,0
2026-03-30 12:00:00+00:00,67623.25,67929.17,67597.68,67841.05,3087,1400,0
2026-03-30 13:00:00+00:00,67845.71,68128.88,67373.76,67468.89,5510,1400,0
2026-03-30 14:00:00+00:00,67468.53,67827.13,67026.16,67741.13,7491,1400,0
2026-03-30 15:00:00+00:00,67732.98,67857.11,67348.56,67577.52,5484,1400,0
2026-03-30 16:00:00+00:00,67574.91,67597.71,67155.44,67308.92,3869,1400,0
2026-03-30 17:00:00+00:00,67309.51,67414.83,66580.88,66774.3,5176,1400,0
2026-03-30 18:00:00+00:00,66774.59,66866.21,66434.04,66592.37,3765,1400,0
2026-03-30 19:00:00+00:00,66589.36,66612.88,66169.18,66479.92,4229,1400,0
2026-03-30 20:00:00+00:00,66477.86,66630.0,66452.2,66593.04,2303,1400,0
2026-03-30 21:00:00+00:00,66588.57,66931.73,66528.61,66743.14,2655,1400,0
2026-03-30 22:00:00+00:00,66742.4,66948.37,66625.45,66717.56,2418,1400,0
2026-03-30 23:00:00+00:00,66716.32,66748.56,66346.82,66744.43,2781,1400,0
2026-03-31 00:00:00+00:00,66736.29,67253.32,66473.53,67163.86,5213,1400,0
2026-03-31 01:00:00+00:00,67157.95,68351.25,66988.61,67873.5,7361,1400,0
2026-03-31 02:00:00+00:00,67868.61,68048.96,67709.66,67887.23,3633,1400,0
2026-03-31 03:00:00+00:00,67885.03,67953.7,67583.52,67648.02,2986,1400,0
2026-03-31 04:00:00+00:00,67648.65,67831.19,67423.55,67486.55,3122,1400,0
2026-03-31 05:00:00+00:00,67484.81,67736.64,67330.59,67627.39,3195,1400,0
2026-03-31 06:00:00+00:00,67627.56,67652.14,67265.06,67428.65,3042,1400,0
2026-03-31 07:00:00+00:00,67435.25,67463.36,67036.08,67310.52,3313,1400,0
2026-03-31 08:00:00+00:00,67310.54,67445.75,66610.98,66710.37,4111,1400,0
2026-03-31 09:00:00+00:00,66709.27,66856.37,65914.41,66070.74,5130,1400,0
2026-03-31 10:00:00+00:00,66071.44,66414.04,66030.09,66308.43,3254,1400,0
2026-03-31 11:00:00+00:00,66309.68,66816.23,66172.5,66617.47,4860,1400,0
2026-03-31 12:00:00+00:00,66625.06,66875.41,66443.53,66581.29,3957,1400,0
2026-03-31 13:00:00+00:00,66594.21,67356.99,66591.78,67240.97,6107,1400,0
2026-03-31 14:00:00+00:00,67230.37,67733.1,66348.26,66521.67,8956,1400,0
2026-03-31 15:00:00+00:00,66526.51,67230.92,66526.51,66683.58,7351,1400,0
2026-03-31 16:00:00+00:00,66685.54,67963.49,66667.53,67605.57,9754,1400,0
2026-03-31 17:00:00+00:00,67598.12,68539.57,67337.08,67468.93,9402,1400,0
2026-03-31 18:00:00+00:00,67471.11,67890.07,67454.03,67780.49,4382,1400,0
2026-03-31 19:00:00+00:00,67779.79,67979.87,67637.6,67765.92,3908,1400,0
2026-03-31 20:00:00+00:00,67761.25,68210.07,67757.18,68192.76,3187,1400,0
2026-03-31 21:00:00+00:00,68184.86,68358.39,67821.86,68202.12,3134,1400,0
2026-03-31 22:00:00+00:00,68202.07,68282.2,67889.15,68107.9,2722,1400,0
2026-03-31 23:00:00+00:00,68112.95,68316.99,68025.93,68220.11,2773,1400,0
2026-04-01 00:00:00+00:00,68209.61,68284.2,67784.68,68261.24,3802,1400,0
2026-04-01 01:00:00+00:00,68262.9,68311.82,67688.62,67724.82,3508,1400,0
2026-04-01 02:00:00+00:00,67724.7,67855.87,67504.39,67605.08,3291,1400,0
2026-04-01 03:00:00+00:00,67600.41,68180.84,67600.41,68112.25,3014,1400,0
2026-04-01 04:00:00+00:00,68105.09,68433.73,67933.44,68253.52,2823,1400,0
2026-04-01 05:00:00+00:00,68251.39,68719.82,68090.59,68402.15,3685,1400,0
2026-04-01 06:00:00+00:00,68395.46,69208.77,68392.08,69063.19,4432,1400,0
2026-04-01 07:00:00+00:00,69063.54,69290.59,68629.82,68656.17,3849,1400,0
2026-04-01 08:00:00+00:00,68642.02,68824.48,68427.71,68628.55,3546,1400,0
2026-04-01 09:00:00+00:00,68620.54,68704.96,68351.94,68618.97,2968,1400,0
2026-04-01 10:00:00+00:00,68619.05,68640.56,68367.99,68550.17,2648,1400,0
2026-04-01 11:00:00+00:00,68552.17,68719.24,68474.2,68686.79,2490,1400,0
2026-04-01 12:00:00+00:00,68684.35,68768.88,68216.63,68370.62,4643,1400,0
2026-04-01 13:00:00+00:00,68370.29,68657.8,67889.14,68093.8,7029,1400,0
2026-04-01 14:00:00+00:00,68080.13,68667.32,68020.01,68565.46,6950,1400,0
2026-04-01 15:00:00+00:00,68574.68,68947.79,68390.49,68894.71,4893,1400,0
2026-04-01 16:00:00+00:00,68893.96,68978.72,68576.15,68796.58,4148,1400,0
2026-04-01 17:00:00+00:00,68795.73,69149.73,68215.15,68254.67,4614,1400,0
2026-04-01 18:00:00+00:00,68253.29,68303.23,67904.27,68062.42,4715,1400,0
2026-04-01 19:00:00+00:00,68061.26,68276.49,68001.73,68154.47,3214,1400,0
2026-04-01 20:00:00+00:00,68139.97,68234.82,67941.47,68186.39,2300,1400,0
2026-04-01 21:00:00+00:00,68186.31,68534.35,68151.56,68342.47,2623,1400,0
2026-04-01 22:00:00+00:00,68340.59,68345.7,68055.57,68109.2,3046,1400,0
2026-04-01 23:00:00+00:00,68111.97,68244.47,67975.12,68110.5,2597,1400,0
2026-04-02 00:00:00+00:00,68108.52,68652.11,68030.25,68579.62,3828,1400,0
2026-04-02 01:00:00+00:00,68579.25,68579.25,67018.95,67347.81,14551,1400,0
2026-04-02 02:00:00+00:00,67341.49,67341.49,66616.93,66839.97,6180,1400,0
2026-04-02 03:00:00+00:00,66846.23,66959.05,66475.57,66551.85,3787,1400,0
2026-04-02 04:00:00+00:00,66552.61,66640.33,66187.63,66317.23,3191,1400,0
2026-04-02 05:00:00+00:00,66316.08,66636.26,66285.81,66568.0,2736,1400,0
2026-04-02 06:00:00+00:00,66578.19,66801.18,66521.84,66660.78,2472,1400,0
2026-04-02 07:00:00+00:00,66661.81,66918.85,66530.58,66899.76,2341,1400,0
2026-04-02 08:00:00+00:00,66902.71,66902.71,66381.77,66431.64,2346,1400,0
2026-04-02 09:00:00+00:00,66428.42,66494.43,66255.62,66441.46,2498,1400,0
2026-04-02 10:00:00+00:00,66451.04,66494.83,66188.91,66441.23,2714,1400,0
2026-04-02 11:00:00+00:00,66443.32,66472.01,66092.55,66183.7,2747,1400,0
2026-04-02 12:00:00+00:00,66188.21,66227.76,65928.03,66035.43,3704,1400,0
2026-04-02 13:00:00+00:00,66037.25,66264.86,65682.9,66243.8,6732,1400,0
2026-04-02 14:00:00+00:00,66246.43,67100.15,66139.74,66842.64,9864,1400,0
2026-04-02 15:00:00+00:00,66841.47,66980.65,66618.79,66836.75,5578,1400,0
2026-04-02 16:00:00+00:00,66827.7,67263.72,66727.79,67076.03,4642,1400,0
2026-04-02 17:00:00+00:00,67076.94,67432.61,66641.48,66675.35,4006,1400,0
2026-04-02 18:00:00+00:00,66674.12,67066.4,66578.07,66962.26,3365,1400,0
2026-04-02 19:00:00+00:00,66962.34,67105.05,66856.13,66967.24,2822,1400,0
2026-04-02 20:00:00+00:00,66972.11,67098.77,66773.51,66922.84,2090,1400,0
2026-04-02 21:00:00+00:00,66934.3,67009.82,66705.04,66929.31,1955,1400,0
2026-04-02 22:00:00+00:00,66927.08,67034.88,66806.29,66984.33,2129,1400,0
2026-04-02 23:00:00+00:00,66984.4,67096.59,66835.85,66887.14,1972,1400,0
2026-04-03 00:00:00+00:00,66889.92,66991.45,66687.18,66776.74,2391,1400,0
2026-04-03 01:00:00+00:00,66774.48,66897.28,66462.19,66614.16,2997,1400,0
2026-04-03 02:00:00+00:00,66605.15,66742.16,66264.53,66520.76,3659,1400,0
2026-04-03 03:00:00+00:00,66520.69,66720.21,66473.05,66570.31,2233,1400,0
2026-04-03 04:00:00+00:00,66571.12,66694.4,66485.59,66597.86,2183,1400,0
2026-04-03 05:00:00+00:00,66608.22,66808.81,66395.26,66605.15,2498,1400,0
2026-04-03 06:00:00+00:00,66595.96,66790.64,66539.11,66785.06,2557,1400,0
2026-04-03 07:00:00+00:00,66781.09,67263.72,66744.67,67042.8,3202,1400,0
2026-04-03 08:00:00+00:00,67035.38,67288.89,66891.76,66959.84,2664,1400,0
2026-04-03 09:00:00+00:00,66958.54,66998.96,66729.12,66859.86,1958,1400,0
2026-04-03 10:00:00+00:00,66854.64,66890.73,66661.43,66867.03,2004,1400,0
2026-04-03 11:00:00+00:00,66869.63,67059.79,66815.45,67007.7,1938,1400,0
2026-04-03 12:00:00+00:00,67011.69,67371.13,66626.88,66706.8,3859,1400,0
2026-04-03 13:00:00+00:00,66724.62,66739.35,66499.93,66670.84,3052,1400,0
2026-04-03 14:00:00+00:00,66663.33,66995.01,66618.9,66929.37,2623,1400,0
2026-04-03 15:00:00+00:00,66925.08,67018.7,66792.21,66815.61,2226,1400,0
2026-04-03 16:00:00+00:00,66825.34,67072.56,66802.18,66992.46,1774,1400,0
2026-04-03 17:00:00+00:00,66995.4,67070.09,66748.15,66836.16,2014,1400,0
2026-04-03 18:00:00+00:00,66829.37,66921.62,66765.71,66812.28,1389,1400,0
2026-04-03 19:00:00+00:00,66815.43,66905.4,66759.06,66867.06,1557,1400,0
2026-04-03 20:00:00+00:00,66866.97,66910.67,66817.06,66821.22,1248,1400,0
2026-04-03 21:00:00+00:00,66823.76,66980.98,66808.57,66949.92,1357,1400,0
2026-04-03 22:00:00+00:00,66959.6,66965.37,66833.85,66879.83,1564,1400,0
2026-04-03 23:00:00+00:00,66877.29,66949.12,66816.51,66946.67,1207,1400,0
2026-04-04 00:00:00+00:00,66946.9,66952.99,66866.45,66893.24,1235,1400,0
2026-04-04 01:00:00+00:00,66894.24,66917.76,66818.23,66844.33,1075,1400,0
2026-04-04 02:00:00+00:00,66846.0,66907.12,66791.36,66831.31,1207,1400,0
2026-04-04 03:00:00+00:00,66830.63,66897.12,66814.79,66821.26,963,1400,0
2026-04-04 04:00:00+00:00,66819.78,66861.63,66761.64,66850.34,865,1400,0
2026-04-04 05:00:00+00:00,66853.33,66919.42,66830.44,66896.95,1191,1400,0
2026-04-04 06:00:00+00:00,66896.51,67047.81,66896.51,67001.9,1184,1400,0
2026-04-04 07:00:00+00:00,67004.87,67045.8,66919.11,66995.91,1004,1400,0
2026-04-04 08:00:00+00:00,67003.85,67052.38,66889.68,66928.25,1118,1400,0
2026-04-04 09:00:00+00:00,66932.36,66983.99,66904.92,66973.89,1055,1400,0
2026-04-04 10:00:00+00:00,66964.9,67172.29,66892.35,67149.16,1269,1400,0
2026-04-04 11:00:00+00:00,67152.3,67234.02,67064.61,67148.89,1282,1400,0
2026-04-04 12:00:00+00:00,67137.62,67174.26,67045.47,67079.34,1241,1400,0
2026-04-04 13:00:00+00:00,67086.11,67272.78,67064.92,67190.32,1367,1400,0
2026-04-04 14:00:00+00:00,67187.45,67209.93,67015.28,67189.01,1116,1400,0
2026-04-04 15:00:00+00:00,67188.95,67571.23,67159.74,67370.84,2018,1400,0
2026-04-04 16:00:00+00:00,67379.85,67520.18,67304.28,67360.02,1674,1400,0
2026-04-04 17:00:00+00:00,67359.95,67408.69,67270.69,67321.56,1258,1400,0
2026-04-04 18:00:00+00:00,67317.41,67367.54,67235.99,67284.02,1205,1400,0
2026-04-04 19:00:00+00:00,67292.88,67544.07,67254.8,67273.48,1678,1400,0
2026-04-04 20:00:00+00:00,67277.64,67294.27,67164.23,67261.07,1073,1400,0
2026-04-04 21:00:00+00:00,67258.55,67472.57,67203.74,67349.44,1253,1400,0
2026-04-04 22:00:00+00:00,67350.02,67458.61,67316.27,67383.58,1288,1400,0
2026-04-04 23:00:00+00:00,67383.44,67390.32,67223.69,67290.7,1191,1400,0
2026-04-05 00:00:00+00:00,67296.12,67298.81,67139.28,67189.27,1321,1400,0
2026-04-05 01:00:00+00:00,67185.26,67223.45,67054.06,67065.19,1157,1400,0
2026-04-05 02:00:00+00:00,67076.55,67169.34,66926.55,67154.81,1397,1400,0
2026-04-05 03:00:00+00:00,67152.16,67181.13,67066.58,67130.78,991,1400,0
2026-04-05 04:00:00+00:00,67122.19,67179.68,67046.98,67081.27,1211,1400,0
2026-04-05 05:00:00+00:00,67082.44,67134.65,66854.77,66925.18,1444,1400,0
2026-04-05 06:00:00+00:00,66925.62,66939.31,66587.89,66787.61,2258,1400,0
2026-04-05 07:00:00+00:00,66788.71,66897.17,66698.27,66805.06,1452,1400,0
2026-04-05 08:00:00+00:00,66802.45,66932.96,66792.68,66915.16,1292,1400,0
2026-04-05 09:00:00+00:00,66923.46,67034.38,66869.56,67002.8,1315,1400,0
2026-04-05 10:00:00+00:00,67000.42,67141.8,66935.21,67022.96,1363,1400,0
2026-04-05 11:00:00+00:00,67025.12,67073.03,66950.01,66980.37,1321,1400,0
2026-04-05 12:00:00+00:00,66979.41,66980.48,66657.2,66768.09,2161,1400,0
2026-04-05 13:00:00+00:00,66757.84,66904.14,66672.31,66873.28,1779,1400,0
2026-04-05 14:00:00+00:00,66865.53,66952.16,66785.84,66902.81,1369,1400,0
2026-04-05 15:00:00+00:00,66902.73,67834.9,66802.54,67284.29,4144,1400,0
2026-04-05 16:00:00+00:00,67284.45,67396.16,67145.14,67191.69,1984,1400,0
2026-04-05 17:00:00+00:00,67192.8,67384.62,67158.51,67343.05,1736,1400,0
2026-04-05 18:00:00+00:00,67327.86,67437.81,67242.86,67389.97,1496,1400,0
2026-04-05 19:00:00+00:00,67382.03,67549.81,67258.13,67333.98,1554,1400,0
2026-04-05 20:00:00+00:00,67334.61,67692.02,67304.67,67636.51,1579,1400,0
2026-04-05 21:00:00+00:00,67636.38,67666.48,67383.1,67527.21,2077,1400,0
2026-04-05 22:00:00+00:00,67511.4,68353.85,67314.43,68313.45,5279,1400,0
2026-04-05 23:00:00+00:00,68317.06,69120.62,68231.44,68998.46,6137,1400,0
2026-04-06 00:00:00+00:00,69000.06,69587.63,69000.06,69056.61,6072,1400,0
2026-04-06 01:00:00+00:00,69053.47,69114.97,68759.83,68786.68,3641,1400,0
2026-04-06 02:00:00+00:00,68784.4,69393.77,68737.52,69191.2,4577,1400,0
2026-04-06 03:00:00+00:00,69188.84,69236.38,69029.63,69101.27,2655,1400,0
2026-04-06 04:00:00+00:00,69100.72,69197.8,68939.4,69112.41,2194,1400,0
2026-04-06 05:00:00+00:00,69118.31,69228.07,69053.94,69171.95,1804,1400,0
2026-04-06 06:00:00+00:00,69163.96,69344.58,68783.25,68966.27,3055,1400,0
2026-04-06 07:00:00+00:00,68966.37,69201.35,68806.81,69099.18,2384,1400,0
2026-04-06 08:00:00+00:00,69102.49,69338.77,69054.07,69200.88,2303,1400,0
2026-04-06 09:00:00+00:00,69206.71,70272.2,69187.83,69722.26,5086,1400,0
2026-04-06 10:00:00+00:00,69728.62,69983.44,69686.35,69761.12,2768,1400,0
2026-04-06 11:00:00+00:00,69759.59,69762.93,69550.41,69617.54,2080,1400,0
2026-04-06 12:00:00+00:00,69615.37,69632.27,69307.04,69368.4,2395,1400,0
2026-04-06 13:00:00+00:00,69374.17,69547.13,69222.8,69421.15,4348,1400,0
2026-04-06 14:00:00+00:00,69420.75,69815.7,69117.04,69645.33,6790,1400,0
2026-04-06 15:00:00+00:00,69651.24,69980.14,69523.27,69964.1,4565,1400,0
2026-04-06 16:00:00+00:00,69969.32,70368.57,69784.01,69805.34,4259,1400,0
2026-04-06 17:00:00+00:00,69801.7,69831.85,69267.19,69569.87,4867,1400,0
2026-04-06 18:00:00+00:00,69573.5,70000.08,69462.34,69885.83,3460,1400,0
2026-04-06 19:00:00+00:00,69888.86,69897.75,69574.51,69752.4,2462,1400,0
2026-04-06 20:00:00+00:00,69737.32,69994.51,69602.52,69825.48,2004,1400,0
2026-04-06 21:00:00+00:00,69823.64,69833.77,69428.33,69512.56,2193,1400,0
2026-04-06 22:00:00+00:00,69506.5,69588.77,68804.74,68812.24,3131,1400,0
2026-04-06 23:00:00+00:00,68811.07,68902.53,68263.53,68834.55,4758,1400,0
2026-04-07 00:00:00+00:00,68832.48,69127.97,68711.17,68771.72,4142,1400,0
2026-04-07 01:00:00+00:00,68771.91,68903.09,68321.08,68381.03,4054,1400,0
2026-04-07 02:00:00+00:00,68381.75,68712.11,68257.7,68654.08,3072,1400,0
2026-04-07 03:00:00+00:00,68652.67,68797.07,68609.48,68778.04,1894,1400,0
2026-04-07 04:00:00+00:00,68760.19,68984.87,68526.0,68854.14,2342,1400,0
2026-04-07 05:00:00+00:00,68860.32,68866.82,68594.31,68658.16,1890,1400,0
2026-04-07 06:00:00+00:00,68656.03,68656.15,68419.38,68561.93,2130,1400,0
2026-04-07 07:00:00+00:00,68562.62,68697.33,68485.06,68614.6,1818,1400,0
2026-04-07 08:00:00+00:00,68616.33,68989.75,68587.5,68932.2,2955,1400,0
2026-04-07 09:00:00+00:00,68940.61,69259.03,68917.94,69144.36,2740,1400,0
2026-04-07 10:00:00+00:00,69143.77,69209.37,68187.42,68218.45,4847,1400,0
2026-04-07 11:00:00+00:00,68219.33,68449.0,68049.78,68331.36,3132,1400,0
2026-04-07 12:00:00+00:00,68324.64,68600.1,68050.6,68394.54,4008,1400,0
2026-04-07 13:00:00+00:00,68392.27,68638.35,68177.32,68216.04,4215,1400,0
2026-04-07 14:00:00+00:00,68214.55,68251.65,67747.77,67843.59,5975,1400,0
2026-04-07 15:00:00+00:00,67841.95,68259.14,67708.17,68144.14,4232,1400,0
2026-04-07 16:00:00+00:00,68143.27,68445.29,68051.7,68215.26,3673,1400,0
2026-04-07 17:00:00+00:00,68208.66,69001.41,68171.17,68692.52,3785,1400,0
2026-04-07 18:00:00+00:00,68692.76,68769.06,68331.55,68437.38,2754,1400,0
2026-04-07 19:00:00+00:00,68436.82,69078.64,68325.43,68986.39,5944,1400,0
2026-04-07 20:00:00+00:00,68990.05,69526.64,68990.05,69308.48,4182,1400,0
2026-04-07 21:00:00+00:00,69297.94,70212.1,69288.92,69909.95,5816,1400,0
2026-04-07 22:00:00+00:00,69909.02,71521.55,69909.02,71491.29,12348,1400,0
2026-04-07 23:00:00+00:00,71493.18,72763.92,71177.5,71895.49,12024,1400,0
2026-04-08 00:00:00+00:00,71893.94,72112.26,71527.64,71691.63,5127,1400,0
2026-04-08 01:00:00+00:00,71694.18,71750.94,71433.79,71464.75,3113,1400,0
2026-04-08 02:00:00+00:00,71466.72,71722.58,71207.8,71351.29,3143,1400,0
2026-04-08 03:00:00+00:00,71352.5,71475.31,71255.86,71280.32,1950,1400,0
2026-04-08 04:00:00+00:00,71278.95,71681.9,71271.45,71542.97,2390,1400,0
2026-04-08 05:00:00+00:00,71545.02,71831.67,71539.23,71725.8,2155,1400,0
2026-04-08 06:00:00+00:00,71725.02,71944.11,71560.69,71725.4,2298,1400,0
2026-04-08 07:00:00+00:00,71726.33,71901.49,71575.24,71640.11,2207,1400,0
2026-04-08 08:00:00+00:00,71643.1,71825.88,71629.06,71798.88,2368,1400,0
2026-04-08 09:00:00+00:00,71797.75,71959.87,71572.27,71669.48,2224,1400,0
2026-04-08 10:00:00+00:00,71670.16,71790.49,71431.98,71466.13,1896,1400,0
2026-04-08 11:00:00+00:00,71466.19,71726.51,71397.91,71691.0,2433,1400,0
2026-04-08 12:00:00+00:00,71693.93,72212.66,71574.65,72064.83,3550,1400,0
2026-04-08 13:00:00+00:00,72059.15,72886.2,71484.43,71591.63,9987,1400,0
2026-04-08 14:00:00+00:00,71588.31,71757.73,70682.03,70905.16,8133,1400,0
2026-04-08 15:00:00+00:00,70911.95,71359.68,70808.74,71300.32,4547,1400,0
2026-04-08 16:00:00+00:00,71299.22,71701.44,71242.3,71592.68,3734,1400,0
2026-04-08 17:00:00+00:00,71593.09,71975.46,71485.55,71890.81,4218,1400,0
2026-04-08 18:00:00+00:00,71890.83,71890.83,71059.13,71100.52,5082,1400,0
2026-04-08 19:00:00+00:00,71092.45,71381.06,71003.48,71338.44,3440,1400,0
2026-04-08 20:00:00+00:00,71330.32,71494.76,71261.18,71374.44,1856,1400,0
2026-04-08 21:00:00+00:00,71374.37,71754.65,71325.31,71555.25,2083,1400,0
2026-04-08 22:00:00+00:00,71554.26,71580.89,71056.03,71059.58,2594,1400,0
2026-04-08 23:00:00+00:00,71049.89,71225.86,70891.23,71073.71,3051,1400,0
2026-04-09 00:00:00+00:00,71067.73,71146.78,70642.27,70803.81,3712,1400,0
2026-04-09 01:00:00+00:00,70804.19,70963.25,70447.97,70934.78,4188,1400,0
2026-04-09 02:00:00+00:00,70934.69,71205.73,70801.7,71062.64,2654,1400,0
2026-04-09 03:00:00+00:00,71057.21,71121.33,70846.35,70994.96,2099,1400,0
2026-04-09 04:00:00+00:00,70993.73,71018.46,70737.22,70796.05,1741,1400,0
2026-04-09 05:00:00+00:00,70795.95,71099.69,70687.51,70987.33,2229,1400,0
2026-04-09 06:00:00+00:00,70994.11,71097.85,70813.35,71031.22,2011,1400,0
2026-04-09 07:00:00+00:00,71033.24,71135.32,70943.6,70982.89,1818,1400,0
2026-04-09 08:00:00+00:00,70987.59,71385.88,70864.34,71252.83,2147,1400,0
2026-04-09 09:00:00+00:00,71254.15,71585.72,71099.58,71529.5,2209,1400,0
2026-04-09 10:00:00+00:00,71530.83,71548.32,71274.7,71279.9,1829,1400,0
2026-04-09 11:00:00+00:00,71277.7,71358.07,71050.63,71144.96,2009,1400,0
2026-04-09 12:00:00+00:00,71144.52,71332.08,71021.82,71284.35,2648,1400,0
2026-04-09 13:00:00+00:00,71281.0,71358.34,70620.33,70793.65,4981,1400,0
2026-04-09 14:00:00+00:00,70797.22,71270.42,70505.86,71120.65,5314,1400,0
2026-04-09 15:00:00+00:00,71123.24,72363.04,70928.38,72148.5,9365,1400,0
2026-04-09 16:00:00+00:00,72149.97,72417.24,71723.77,72095.67,5823,1400,0
2026-04-09 17:00:00+00:00,72093.67,72567.96,72066.08,72348.75,5739,1400,0
2026-04-09 18:00:00+00:00,72352.33,72390.46,71733.47,71879.96,4792,1400,0
2026-04-09 19:00:00+00:00,71879.01,72304.83,71731.02,72099.38,3665,1400,0
2026-04-09 20:00:00+00:00,72098.93,72467.14,71989.12,72425.63,2455,1400,0
2026-04-09 21:00:00+00:00,72426.63,72712.49,72141.34,72279.46,3620,1400,0
2026-04-09 22:00:00+00:00,72279.05,73174.3,71939.33,71939.33,5351,1400,0
2026-04-09 23:00:00+00:00,71942.83,72040.47,71569.78,71778.89,4148,1400,0
2026-04-10 00:00:00+00:00,71780.28,72037.77,71581.34,71966.99,4192,1400,0
2026-04-10 01:00:00+00:00,71948.38,72397.7,71660.17,72165.47,4242,1400,0
2026-04-10 02:00:00+00:00,72160.56,72291.43,71915.97,71962.44,2664,1400,0
2026-04-10 03:00:00+00:00,71962.74,72031.66,71808.76,71872.67,2113,1400,0
2026-04-10 04:00:00+00:00,71873.71,72222.32,71813.32,72127.28,2153,1400,0
2026-04-10 05:00:00+00:00,72125.76,72286.32,72012.27,72132.2,2006,1400,0
2026-04-10 06:00:00+00:00,72142.57,72193.42,71789.16,71810.69,2182,1400,0
2026-04-10 07:00:00+00:00,71810.43,71858.27,71420.71,71498.74,2348,1400,0
2026-04-10 08:00:00+00:00,71503.35,71762.93,71417.08,71599.07,2251,1400,0
2026-04-10 09:00:00+00:00,71599.15,71882.71,71586.98,71771.53,2357,1400,0
2026-04-10 10:00:00+00:00,71774.77,71948.17,71699.87,71917.78,1852,1400,0
2026-04-10 11:00:00+00:00,71924.46,72279.29,71895.72,72138.67,2456,1400,0
2026-04-10 12:00:00+00:00,72143.92,72496.47,72008.89,72266.48,4137,1400,0
2026-04-10 13:00:00+00:00,72264.43,72431.22,71909.4,72329.64,4695,1400,0
2026-04-10 14:00:00+00:00,72337.53,73190.69,72255.76,72933.05,7571,1400,0
2026-04-10 15:00:00+00:00,72936.54,73334.45,72369.5,72481.24,5485,1400,0
2026-04-10 16:00:00+00:00,72488.23,73080.26,72399.78,73023.54,4172,1400,0
2026-04-10 17:00:00+00:00,73022.29,73182.05,72810.48,73142.93,2920,1400,0
2026-04-10 18:00:00+00:00,73140.43,73202.74,72897.15,73127.81,2515,1400,0
2026-04-10 19:00:00+00:00,73127.95,73298.92,72928.82,73261.54,2651,1400,0
2026-04-10 20:00:00+00:00,73259.3,73485.81,73070.19,73375.26,2997,1400,0
2026-04-10 21:00:00+00:00,73376.49,73388.69,72945.69,73215.65,2232,1400,0
2026-04-10 22:00:00+00:00,73216.07,73270.3,72737.59,72901.35,1902,1400,0
2026-04-10 23:00:00+00:00,72901.72,72994.12,72802.68,72982.15,1524,1400,0
2026-04-11 00:00:00+00:00,72981.5,72981.5,72812.82,72860.98,1617,1400,0
2026-04-11 01:00:00+00:00,72857.79,73041.22,72689.49,72986.64,1632,1400,0
2026-04-11 02:00:00+00:00,72984.11,73143.25,72934.62,73001.19,1588,1400,0
2026-04-11 03:00:00+00:00,72996.69,73109.35,72838.26,72908.59,1411,1400,0
2026-04-11 04:00:00+00:00,72909.83,72985.57,72697.61,72837.6,1546,1400,0
2026-04-11 05:00:00+00:00,72838.32,72871.82,72692.64,72761.68,1377,1400,0
2026-04-11 06:00:00+00:00,72757.94,72810.06,72634.43,72800.05,1524,1400,0
2026-04-11 07:00:00+00:00,72795.04,72866.66,72696.22,72774.81,1116,1400,0
2026-04-11 08:00:00+00:00,72775.1,72845.32,72654.21,72698.64,1184,1400,0
2026-04-11 09:00:00+00:00,72693.74,72956.56,72647.42,72941.68,1770,1400,0
2026-04-11 10:00:00+00:00,72934.22,72953.42,72796.04,72864.29,1226,1400,0
2026-04-11 11:00:00+00:00,72864.19,72946.55,72847.29,72938.62,1120,1400,0
2026-04-11 12:00:00+00:00,72938.52,73023.17,72828.54,72963.87,1283,1400,0
2026-04-11 13:00:00+00:00,72974.23,72974.23,72538.27,72676.94,2360,1400,0
2026-04-11 14:00:00+00:00,72683.54,72791.0,72624.56,72721.07,1599,1400,0
2026-04-11 15:00:00+00:00,72731.41,72938.57,72701.68,72879.57,1882,1400,0
2026-04-11 16:00:00+00:00,72877.96,73247.65,72842.21,73068.73,2297,1400,0
2026-04-11 17:00:00+00:00,73069.63,73211.31,72970.07,73122.03,1771,1400,0
2026-04-11 18:00:00+00:00,73122.11,73773.53,73064.92,73581.41,3336,1400,0
2026-04-11 19:00:00+00:00,73578.7,73847.75,73495.69,73703.93,2976,1400,0
2026-04-11 20:00:00+00:00,73704.24,73726.74,73251.48,73330.33,2183,1400,0
2026-04-11 21:00:00+00:00,73333.71,73565.74,73222.78,73471.09,2113,1400,0
2026-04-11 22:00:00+00:00,73463.32,73607.36,73263.87,73396.31,1989,1400,0
2026-04-11 23:00:00+00:00,73391.43,73391.43,72922.75,73084.66,2348,1400,0
2026-04-12 00:00:00+00:00,73084.13,73146.68,72885.44,73093.53,2278,1400,0
2026-04-12 01:00:00+00:00,73093.38,73162.05,71329.7,71667.86,7004,1400,0
2026-04-12 02:00:00+00:00,71664.12,72043.95,71358.85,71792.0,4503,1400,0
2026-04-12 03:00:00+00:00,71791.56,71893.12,71606.84,71626.31,2472,1400,0
2026-04-12 04:00:00+00:00,71629.61,71715.93,71457.43,71492.08,2200,1400,0
2026-04-12 05:00:00+00:00,71492.18,71812.67,71429.8,71729.82,2078,1400,0
2026-04-12 06:00:00+00:00,71723.05,71784.29,71662.31,71683.14,1544,1400,0
2026-04-12 07:00:00+00:00,71677.81,71780.18,71603.16,71703.63,1419,1400,0
2026-04-12 08:00:00+00:00,71703.74,71820.11,71619.83,71658.97,1629,1400,0
2026-04-12 09:00:00+00:00,71656.1,71666.77,71519.99,71572.32,1357,1400,0
2026-04-12 10:00:00+00:00,71564.73,71717.11,71363.51,71469.67,1901,1400,0
2026-04-12 11:00:00+00:00,71473.74,71577.34,71441.86,71494.14,1400,1400,0
2026-04-12 12:00:00+00:00,71491.2,71532.41,71093.1,71105.23,2712,1400,0
2026-04-12 13:00:00+00:00,71108.81,71174.46,70867.31,70921.45,3363,1400,0
2026-04-12 14:00:00+00:00,70921.34,71121.66,70708.03,70778.77,2957,1400,0
2026-04-12 15:00:00+00:00,70777.5,70959.12,70618.76,70918.26,2495,1400,0
2026-04-12 16:00:00+00:00,70920.58,70988.95,70837.49,70956.72,1933,1400,0
2026-04-12 17:00:00+00:00,70955.25,71248.34,70915.68,71161.52,2045,1400,0
2026-04-12 18:00:00+00:00,71165.57,71243.49,71078.1,71160.72,1627,1400,0
2026-04-12 19:00:00+00:00,71160.04,71267.15,71086.6,71111.33,1160,1400,0
2026-04-12 20:00:00+00:00,71110.44,71469.81,70973.63,71356.44,1867,1400,0
2026-04-12 21:00:00+00:00,71350.16,71484.78,71178.26,71390.35,1906,1400,0
2026-04-12 22:00:00+00:00,71385.97,71385.97,70504.09,70903.65,5850,1400,0
2026-04-12 23:00:00+00:00,70903.09,70910.65,70566.41,70743.56,3183,1400,0
2026-04-13 00:00:00+00:00,70746.38,71286.28,70614.88,71180.66,3583,1400,0
2026-04-13 01:00:00+00:00,71168.5,71241.83,71029.79,71197.81,2714,1400,0
2026-04-13 02:00:00+00:00,71197.93,71293.23,70985.99,71095.03,2330,1400,0
2026-04-13 03:00:00+00:00,71093.8,71172.03,70921.0,70986.02,2098,1400,0
2026-04-13 04:00:00+00:00,70986.22,71162.95,70853.76,70904.49,2038,1400,0
2026-04-13 05:00:00+00:00,70905.54,70945.05,70675.67,70891.11,2180,1400,0
2026-04-13 06:00:00+00:00,70894.23,71122.43,70882.69,71047.8,1949,1400,0
2026-04-13 07:00:00+00:00,71049.75,71093.95,70689.23,70833.59,2273,1400,0
2026-04-13 08:00:00+00:00,70834.72,70887.31,70563.96,70688.7,2373,1400,0
2026-04-13 09:00:00+00:00,70698.83,70927.25,70678.83,70796.24,1954,1400,0
2026-04-13 10:00:00+00:00,70794.72,70859.08,70684.34,70765.84,1865,1400,0
2026-04-13 11:00:00+00:00,70769.53,71012.56,70744.44,70929.94,2188,1400,0
2026-04-13 12:00:00+00:00,70932.72,71234.62,70752.47,71086.0,2633,1400,0
2026-04-13 13:00:00+00:00,71085.9,71720.98,70823.55,71672.24,5701,1400,0
2026-04-13 14:00:00+00:00,71672.91,72439.18,71400.55,72422.91,7013,1400,0
2026-04-13 15:00:00+00:00,72419.97,72520.13,71684.16,71892.51,5786,1400,0
2026-04-13 16:00:00+00:00,71897.29,72481.86,71695.03,72240.84,6212,1400,0
2026-04-13 17:00:00+00:00,72238.13,72628.96,72098.36,72186.86,3998,1400,0
2026-04-13 18:00:00+00:00,72187.75,72504.04,72086.45,72457.37,2836,1400,0
2026-04-13 19:00:00+00:00,72455.34,73534.01,72327.0,73359.57,5009,1400,0
2026-04-13 20:00:00+00:00,73357.33,73438.51,73057.02,73187.21,3679,1400,0
2026-04-13 21:00:00+00:00,73187.54,73403.9,73114.31,73211.28,2315,1400,0
2026-04-13 22:00:00+00:00,73211.37,74785.09,73196.58,74655.13,9377,1400,0
2026-04-13 23:00:00+00:00,74659.64,74933.67,74415.63,74449.54,5338,1400,0
2026-04-14 00:00:00+00:00,74447.74,74553.18,74119.0,74183.75,3330,1400,0
2026-04-14 01:00:00+00:00,74179.28,74469.13,73998.31,74402.86,2823,1400,0
2026-04-14 02:00:00+00:00,74419.4,74643.92,74304.3,74360.75,2648,1400,0
2026-04-14 03:00:00+00:00,74360.62,74531.23,74271.12,74477.82,1949,1400,0
2026-04-14 04:00:00+00:00,74478.64,74546.75,74381.5,74416.11,1922,1400,0
2026-04-14 05:00:00+00:00,74416.01,74464.94,74185.52,74247.79,1730,1400,0
2026-04-14 06:00:00+00:00,74247.63,74594.59,74247.63,74551.46,1799,1400,0
2026-04-14 07:00:00+00:00,74550.17,74973.48,74460.19,74585.68,3217,1400,0
2026-04-14 08:00:00+00:00,74582.87,74948.69,74486.6,74784.67,2805,1400,0
2026-04-14 09:00:00+00:00,74788.42,74872.78,74468.1,74541.4,2356,1400,0
2026-04-14 10:00:00+00:00,74537.11,74650.17,74366.24,74377.18,2097,1400,0
2026-04-14 11:00:00+00:00,74371.8,74491.7,74320.11,74405.76,2064,1400,0
2026-04-14 12:00:00+00:00,74403.26,74526.77,74291.71,74481.65,2558,1400,0
2026-04-14 13:00:00+00:00,74492.73,75594.51,74433.46,75570.71,6733,1400,0
2026-04-14 14:00:00+00:00,75568.09,76112.38,75054.46,75054.46,8952,1400,0
2026-04-14 15:00:00+00:00,75060.83,75487.46,74595.69,75362.38,6338,1400,0
2026-04-14 16:00:00+00:00,75359.16,75750.9,74535.65,74689.24,4795,1400,0
2026-04-14 17:00:00+00:00,74687.34,74993.12,74284.4,74793.9,4376,1400,0
2026-04-14 18:00:00+00:00,74796.69,74854.48,73883.0,74144.07,4467,1400,0
2026-04-14 19:00:00+00:00,74144.26,74458.85,73942.01,74283.53,4290,1400,0
2026-04-14 20:00:00+00:00,74288.06,74487.07,74046.26,74148.56,2675,1400,0
2026-04-14 21:00:00+00:00,74147.55,74374.63,73975.26,74296.55,2421,1400,0
2026-04-14 22:00:00+00:00,74296.09,74424.93,73840.2,74052.2,3352,1400,0
2026-04-14 23:00:00+00:00,74057.74,74268.0,74031.45,74169.06,2846,1400,0
2026-04-15 00:00:00+00:00,74171.74,74717.91,74149.04,74595.5,3783,1400,0
2026-04-15 01:00:00+00:00,74598.76,74826.98,74521.37,74649.05,2893,1400,0
2026-04-15 02:00:00+00:00,74649.39,74730.48,74210.76,74355.22,2606,1400,0
2026-04-15 03:00:00+00:00,74357.6,74413.18,74192.41,74376.26,1925,1400,0
2026-04-15 04:00:00+00:00,74376.35,74476.13,74280.94,74364.81,1868,1400,0
2026-04-15 05:00:00+00:00,74362.72,74470.29,73884.61,74042.9,2792,1400,0
2026-04-15 06:00:00+00:00,74044.82,74077.5,73886.51,73918.57,1969,1400,0
2026-04-15 07:00:00+00:00,73920.05,74055.93,73533.27,73774.23,3448,1400,0
2026-04-15 08:00:00+00:00,73763.98,74221.11,73697.3,74136.54,2390,1400,0
2026-04-15 09:00:00+00:00,74133.78,74211.86,73922.44,74033.74,2143,1400,0
2026-04-15 10:00:00+00:00,74028.31,74285.16,73805.93,73891.72,3029,1400,0
2026-04-15 11:00:00+00:00,73895.76,74289.36,73883.04,74227.04,2755,1400,0
2026-04-15 12:00:00+00:00,74228.93,74540.27,74061.71,74297.24,2695,1400,0
2026-04-15 13:00:00+00:00,74299.0,74467.63,73815.09,74072.08,5158,1400,0
2026-04-15 14:00:00+00:00,74065.27,74531.29,73829.64,74165.23,5750,1400,0
2026-04-15 15:00:00+00:00,74167.32,74317.97,73592.35,73849.05,4548,1400,0
2026-04-15 16:00:00+00:00,73848.74,74201.39,73766.21,73950.26,4194,1400,0
2026-04-15 17:00:00+00:00,73948.66,74258.0,73918.75,74152.81,3554,1400,0
2026-04-15 18:00:00+00:00,74150.23,74431.86,74081.48,74400.73,3346,1400,0
2026-04-15 19:00:00+00:00,74397.87,75307.82,74368.05,75040.46,4405,1400,0
2026-04-15 20:00:00+00:00,75046.19,75072.44,74521.82,74852.35,3423,1400,0
2026-04-15 21:00:00+00:00,74853.35,74877.75,74565.61,74769.53,2359,1400,0
2026-04-15 22:00:00+00:00,74763.13,75465.83,74751.77,74987.1,3728,1400,0
2026-04-15 23:00:00+00:00,74991.37,74991.37,74628.0,74831.31,2621,1400,0
2026-04-16 00:00:00+00:00,74829.58,74891.9,74444.24,74828.55,2950,1400,0
2026-04-16 01:00:00+00:00,74817.21,74817.21,74468.47,74670.94,2794,1400,0
2026-04-16 02:00:00+00:00,74672.02,75293.59,74602.29,74894.05,3685,1400,0
2026-04-16 03:00:00+00:00,74894.34,75173.48,74872.28,74907.08,2704,1400,0
2026-04-16 04:00:00+00:00,74897.92,75192.28,74729.44,74955.64,2560,1400,0
2026-04-16 05:00:00+00:00,74956.15,75157.14,74904.92,75065.79,1977,1400,0
2026-04-16 06:00:00+00:00,75069.01,75132.01,74863.51,75038.52,1910,1400,0
2026-04-16 07:00:00+00:00,75025.8,75098.45,74635.91,74714.76,2363,1400,0
2026-04-16 08:00:00+00:00,74713.25,74763.48,74513.88,74685.85,2621,1400,0
2026-04-16 09:00:00+00:00,74683.0,74919.9,74599.06,74616.86,2278,1400,0
2026-04-16 10:00:00+00:00,74613.48,74675.75,74283.87,74330.81,3041,1400,0
2026-04-16 11:00:00+00:00,74332.14,74597.37,74295.84,74581.72,2303,1400,0
2026-04-16 12:00:00+00:00,74581.14,74877.5,74572.89,74625.61,2413,1400,0
2026-04-16 13:00:00+00:00,74625.72,75040.1,73305.3,73795.09,7806,1400,0
2026-04-16 14:00:00+00:00,73795.42,74210.13,73422.0,73976.32,7168,1400,0
2026-04-16 15:00:00+00:00,73976.2,74908.27,73936.52,74707.88,6131,1400,0
2026-04-16 16:00:00+00:00,74716.01,74959.37,74063.43,74180.58,5825,1400,0
2026-04-16 17:00:00+00:00,74178.37,74460.37,73901.86,74347.14,4862,1400,0
2026-04-16 18:00:00+00:00,74346.31,75117.57,74239.95,75043.61,4718,1400,0
2026-04-16 19:00:00+00:00,75044.77,75433.46,74749.41,75369.14,4547,1400,0
2026-04-16 20:00:00+00:00,75367.12,75557.94,75012.62,75236.69,3606,1400,0
2026-04-16 21:00:00+00:00,75237.17,75298.85,74809.39,74952.99,3165,1400,0
2026-04-16 22:00:00+00:00,74956.69,75139.65,74839.61,74890.83,2839,1400,0
2026-04-16 23:00:00+00:00,74885.95,75199.55,74848.87,75160.94,2500,1400,0
2026-04-17 00:00:00+00:00,75161.47,75179.58,74891.2,74949.28,2527,1400,0
2026-04-17 01:00:00+00:00,74951.39,75056.77,74581.17,74762.16,2817,1400,0
2026-04-17 02:00:00+00:00,74763.38,74825.3,74527.11,74720.2,2082,1400,0
2026-04-17 03:00:00+00:00,74722.88,74868.74,74614.6,74634.29,2141,1400,0
2026-04-17 04:00:00+00:00,74629.98,74871.26,74592.8,74809.49,1860,1400,0
2026-04-17 05:00:00+00:00,74801.93,74824.34,74557.81,74658.01,2054,1400,0
2026-04-17 06:00:00+00:00,74648.94,74963.13,74608.63,74953.89,2025,1400,0
2026-04-17 07:00:00+00:00,74949.91,75113.31,74940.76,75100.9,2287,1400,0
2026-04-17 08:00:00+00:00,75091.92,75906.69,75004.68,75798.59,3596,1400,0
2026-04-17 09:00:00+00:00,75799.31,76391.66,75518.32,75790.45,5759,1400,0
2026-04-17 10:00:00+00:00,75781.78,75908.53,75094.2,75290.88,3644,1400,0
2026-04-17 11:00:00+00:00,75289.58,75637.89,75258.02,75613.31,2579,1400,0
2026-04-17 12:00:00+00:00,75610.39,76299.19,75550.47,76250.25,5825,1400,0
2026-04-17 13:00:00+00:00,76256.72,77463.96,76074.95,77377.42,15173,1400,0
2026-04-17 14:00:00+00:00,77379.22,78122.36,77044.26,77961.44,9698,1400,0
2026-04-17 15:00:00+00:00,77955.94,78056.21,77472.18,77828.46,7941,1400,0
2026-04-17 16:00:00+00:00,77827.44,78403.19,77754.6,77902.47,5616,1400,0
2026-04-17 17:00:00+00:00,77897.24,77966.38,77128.33,77542.94,6829,1400,0
2026-04-17 18:00:00+00:00,77541.38,77612.64,77107.12,77187.46,4853,1400,0
2026-04-17 19:00:00+00:00,77189.22,77525.62,76989.19,77430.4,4121,1400,0
2026-04-17 20:00:00+00:00,77442.16,77659.87,77183.05,77358.75,2735,1400,0
2026-04-17 21:00:00+00:00,77357.47,77530.37,77304.6,77469.49,2376,1400,0
2026-04-17 22:00:00+00:00,77470.13,77553.68,77283.5,77338.12,2386,1400,0
2026-04-17 23:00:00+00:00,77338.26,77338.26,76916.36,77097.59,2419,1400,0
2026-04-18 00:00:00+00:00,77095.16,77289.11,77001.36,77195.1,2502,1400,0
2026-04-18 01:00:00+00:00,77198.54,77365.54,77143.52,77242.33,2039,1400,0
2026-04-18 02:00:00+00:00,77240.4,77457.03,77149.25,77315.45,1913,1400,0
2026-04-18 03:00:00+00:00,77315.36,77330.39,76985.19,77044.02,1911,1400,0
2026-04-18 04:00:00+00:00,77044.73,77191.62,76899.06,77139.75,1981,1400,0
2026-04-18 05:00:00+00:00,77143.62,77307.54,77136.21,77160.77,1607,1400,0
2026-04-18 06:00:00+00:00,77161.78,77240.97,77084.14,77146.87,1624,1400,0
2026-04-18 07:00:00+00:00,77138.36,77158.84,76897.59,77015.79,1580,1400,0
2026-04-18 08:00:00+00:00,77019.57,77067.12,76522.02,76748.54,3162,1400,0
2026-04-18 09:00:00+00:00,76741.34,76746.23,76411.33,76619.36,2320,1400,0
2026-04-18 10:00:00+00:00,76623.22,76623.22,76156.4,76216.76,2912,1400,0
2026-04-18 11:00:00+00:00,76214.79,76219.72,75774.66,76055.67,3603,1400,0
2026-04-18 12:00:00+00:00,76058.63,76347.83,76058.63,76231.89,2934,1400,0
2026-04-18 13:00:00+00:00,76228.8,76247.65,75802.84,76146.93,2901,1400,0
2026-04-18 14:00:00+00:00,76147.03,76315.91,75992.99,76271.27,2186,1400,0
2026-04-18 15:00:00+00:00,76275.5,76403.92,76008.66,76187.63,2031,1400,0
2026-04-18 16:00:00+00:00,76194.37,76247.58,75648.74,75963.88,2733,1400,0
2026-04-18 17:00:00+00:00,75963.62,75997.48,75787.91,75854.18,1846,1400,0
2026-04-18 18:00:00+00:00,75853.61,75871.66,75456.58,75664.18,3205,1400,0
2026-04-18 19:00:00+00:00,75667.64,75828.92,75594.06,75667.83,1856,1400,0
2026-04-18 20:00:00+00:00,75673.31,75871.41,75622.54,75779.43,1749,1400,0
2026-04-18 21:00:00+00:00,75775.65,75865.08,75627.08,75840.68,1773,1400,0
2026-04-18 22:00:00+00:00,75840.77,75913.04,75632.72,75844.69,1658,1400,0
2026-04-18 23:00:00+00:00,75855.61,75926.43,75720.32,75730.32,1647,1400,0
2026-04-19 00:00:00+00:00,75729.98,75874.18,75574.75,75693.79,2068,1400,0
2026-04-19 01:00:00+00:00,75693.9,75826.89,75479.96,75642.93,1915,1400,0
2026-04-19 02:00:00+00:00,75642.25,75756.25,75414.95,75526.68,2194,1400,0
2026-04-19 03:00:00+00:00,75521.4,75676.94,75389.27,75544.36,2027,1400,0
2026-04-19 04:00:00+00:00,75544.75,75822.0,75442.8,75690.83,2247,1400,0
2026-04-19 05:00:00+00:00,75690.87,75722.54,75538.55,75578.79,1408,1400,0
2026-04-19 06:00:00+00:00,75578.87,75582.99,75303.4,75435.62,1986,1400,0
2026-04-19 07:00:00+00:00,75437.61,75441.66,74907.74,75284.26,2808,1400,0
2026-04-19 08:00:00+00:00,75283.15,75332.41,75107.2,75285.94,2011,1400,0
2026-04-19 09:00:00+00:00,75284.5,75300.76,74947.41,75045.5,2208,1400,0
2026-04-19 10:00:00+00:00,75047.47,75268.85,74959.45,75243.79,2117,1400,0
2026-04-19 11:00:00+00:00,75243.88,75671.68,75233.46,75623.12,2840,1400,0
2026-04-19 12:00:00+00:00,75636.68,75745.49,75452.88,75606.09,2764,1400,0
2026-04-19 13:00:00+00:00,75605.63,76274.3,75579.3,75954.66,4268,1400,0
2026-04-19 14:00:00+00:00,75954.55,76184.43,75696.37,76053.09,3510,1400,0
2026-04-19 15:00:00+00:00,76055.03,76198.56,75418.59,75884.55,4044,1400,0
2026-04-19 16:00:00+00:00,75880.8,75892.71,75315.3,75415.4,4176,1400,0
2026-04-19 17:00:00+00:00,75414.78,75418.23,74643.77,74821.46,5138,1400,0
2026-04-19 18:00:00+00:00,74817.74,74943.5,74606.26,74800.02,4400,1400,0
2026-04-19 19:00:00+00:00,74802.29,75107.75,74802.29,74979.0,2747,1400,0
2026-04-19 20:00:00+00:00,74979.16,74983.24,74439.3,74664.0,3418,1400,0
2026-04-19 21:00:00+00:00,74666.99,74843.52,74384.45,74448.49,3202,1400,0
2026-04-19 22:00:00+00:00,74450.02,74455.07,73782.62,74065.16,8152,1400,0
2026-04-19 23:00:00+00:00,74067.65,74086.0,73805.83,73824.44,3622,1400,0
2026-04-20 00:00:00+00:00,73827.01,74394.98,73726.86,74297.17,3949,1400,0
2026-04-20 01:00:00+00:00,74296.38,74776.19,74229.18,74617.07,3196,1400,0
2026-04-20 02:00:00+00:00,74614.59,74662.18,74323.13,74438.21,2472,1400,0
2026-04-20 03:00:00+00:00,74436.23,74672.02,74377.6,74664.03,2173,1400,0
2026-04-20 04:00:00+00:00,74666.9,74671.83,74452.97,74584.4,1772,1400,0
2026-04-20 05:00:00+00:00,74585.67,74585.67,74115.37,74290.18,2246,1400,0
2026-04-20 06:00:00+00:00,74288.21,74916.81,74273.06,74825.98,3065,1400,0
2026-04-20 07:00:00+00:00,74830.82,75603.0,74677.98,74858.37,5772,1400,0
2026-04-20 08:00:00+00:00,74859.8,75031.78,74622.12,74757.7,3565,1400,0
2026-04-20 09:00:00+00:00,74758.0,75264.1,74718.32,75094.59,3439,1400,0
2026-04-20 10:00:00+00:00,75096.16,75437.92,75022.1,75059.34,2778,1400,0
2026-04-20 11:00:00+00:00,75054.56,75309.06,74968.0,75208.5,2937,1400,0
2026-04-20 12:00:00+00:00,75214.2,75683.21,75028.08,75315.99,4048,1400,0
2026-04-20 13:00:00+00:00,75321.04,75457.44,74869.9,75299.52,7681,1400,0
2026-04-20 14:00:00+00:00,75292.47,75811.92,74946.68,75078.87,9714,1400,0
2026-04-20 15:00:00+00:00,75068.25,75816.36,74724.05,75738.48,8102,1400,0
2026-04-20 16:00:00+00:00,75745.6,75756.41,75314.02,75377.22,4274,1400,0
2026-04-20 17:00:00+00:00,75368.44,76043.63,75304.74,75927.42,4361,1400,0
2026-04-20 18:00:00+00:00,75935.47,76499.17,75935.47,76451.46,4973,1400,0
2026-04-20 19:00:00+00:00,76454.95,76514.09,76170.24,76318.93,2687,1400,0
2026-04-20 20:00:00+00:00,76317.68,76613.98,76148.77,76318.73,2366,1400,0
2026-04-20 21:00:00+00:00,76318.61,76409.0,75794.9,75982.77,2459,1400,0
2026-04-20 22:00:00+00:00,75981.3,76183.86,75916.17,76004.72,2499,1400,0
2026-04-20 23:00:00+00:00,75996.78,75996.78,75639.47,75868.18,2182,1400,0
2026-04-21 00:00:00+00:00,75868.91,76123.99,75719.12,76119.86,2775,1400,0
2026-04-21 01:00:00+00:00,76114.62,76295.09,75874.11,75957.2,2559,1400,0
2026-04-21 02:00:00+00:00,75956.84,75963.77,75588.9,75607.2,2222,1400,0
2026-04-21 03:00:00+00:00,75610.03,75751.63,75502.97,75728.89,2161,1400,0
2026-04-21 04:00:00+00:00,75724.89,75859.83,75620.05,75840.48,1824,1400,0
2026-04-21 05:00:00+00:00,75835.43,76020.84,75795.08,75826.07,1866,1400,0
2026-04-21 06:00:00+00:00,75819.95,76157.52,75724.11,76002.22,2068,1400,0
2026-04-21 07:00:00+00:00,76001.33,76343.67,75831.72,76113.38,2858,1400,0
2026-04-21 08:00:00+00:00,76114.8,76958.4,76082.58,76532.56,3309,1400,0
2026-04-21 09:00:00+00:00,76530.9,76613.54,76172.58,76388.46,3043,1400,0
2026-04-21 10:00:00+00:00,76390.77,76902.31,76370.3,76775.5,2909,1400,0
2026-04-21 11:00:00+00:00,76775.31,76793.65,76357.48,76477.22,3172,1400,0
2026-04-21 12:00:00+00:00,76484.26,76558.19,75698.24,76036.73,4284,1400,0
2026-04-21 13:00:00+00:00,76038.96,76209.05,75743.04,75924.26,5750,1400,0
2026-04-21 14:00:00+00:00,75927.81,76627.35,75623.34,75687.87,7164,1400,0
2026-04-21 15:00:00+00:00,75687.01,76002.74,75424.71,75848.15,7080,1400,0
2026-04-21 16:00:00+00:00,75850.2,76209.43,75754.67,75791.36,4739,1400,0
2026-04-21 17:00:00+00:00,75774.84,75926.89,75063.44,75559.24,7314,1400,0
2026-04-21 18:00:00+00:00,75560.23,75679.67,75310.68,75616.11,4707,1400,0
2026-04-21 19:00:00+00:00,75603.13,75936.56,74825.3,75027.32,6418,1400,0
2026-04-21 20:00:00+00:00,75029.79,75870.65,74980.0,75712.45,4769,1400,0
2026-04-21 21:00:00+00:00,75708.33,75789.78,75465.44,75552.23,1934,1400,0
2026-04-21 22:00:00+00:00,75548.24,75667.4,75303.54,75655.39,2599,1400,0
2026-04-21 23:00:00+00:00,75643.63,76454.71,75630.25,76348.32,3082,1400,0
2026-04-22 00:00:00+00:00,76352.98,76529.34,76224.09,76381.88,3192,1400,0
2026-04-22 01:00:00+00:00,76380.58,76442.18,76145.36,76318.95,2510,1400,0
2026-04-22 02:00:00+00:00,76319.05,77665.08,76223.71,77609.22,6058,1400,0
2026-04-22 03:00:00+00:00,77617.72,77753.48,77415.59,77539.2,3670,1400,0
2026-04-22 04:00:00+00:00,77538.2,77722.68,77374.42,77531.67,2560,1400,0
2026-04-22 05:00:00+00:00,77521.18,78480.94,77447.3,77978.18,5157,1400,0
2026-04-22 06:00:00+00:00,77976.08,78050.39,77891.66,78005.63,2383,1400,0
2026-04-22 07:00:00+00:00,78004.32,78138.05,77823.42,78026.22,2581,1400,0
2026-04-22 08:00:00+00:00,78027.59,78219.89,77938.34,78011.87,2662,1400,0
2026-04-22 09:00:00+00:00,78010.06,78198.21,77954.3,78005.33,2482,1400,0
2026-04-22 10:00:00+00:00,78008.89,78190.8,77951.21,78161.65,2120,1400,0
2026-04-22 11:00:00+00:00,78168.57,78430.28,78111.81,78315.29,2769,1400,0
2026-04-22 12:00:00+00:00,78316.35,78554.66,78128.95,78252.55,3379,1400,0
2026-04-22 13:00:00+00:00,78253.07,78882.96,78184.4,78871.48,6945,1400,0
2026-04-22 14:00:00+00:00,78874.33,79227.54,78615.33,79053.88,7147,1400,0
2026-04-22 15:00:00+00:00,79070.71,79446.96,78854.34,79314.9,5235,1400,0
2026-04-22 16:00:00+00:00,79315.74,79519.63,78640.98,78774.95,4436,1400,0
2026-04-22 17:00:00+00:00,78776.57,79062.79,78711.87,78938.56,3584,1400,0
2026-04-22 18:00:00+00:00,78943.62,79195.65,78840.75,79049.22,2403,1400,0
2026-04-22 19:00:00+00:00,79056.11,79098.33,78716.06,78871.76,3192,1400,0
2026-04-22 20:00:00+00:00,78869.79,78944.29,78420.59,78466.24,2411,1400,0
2026-04-22 21:00:00+00:00,78468.03,78859.54,78442.4,78785.61,1802,1400,0
2026-04-22 22:00:00+00:00,78775.3,78860.04,78473.91,78629.02,2203,1400,0
2026-04-22 23:00:00+00:00,78622.11,78635.05,78177.36,78211.51,2602,1400,0
2026-04-23 00:00:00+00:00,78209.29,78605.98,77605.95,78456.07,6365,1400,0
2026-04-23 01:00:00+00:00,78456.5,78509.74,78082.76,78380.84,3758,1400,0
2026-04-23 02:00:00+00:00,78386.43,78390.19,77776.41,77968.94,4212,1400,0
2026-04-23 03:00:00+00:00,77956.42,78060.24,77469.21,77760.81,3697,1400,0
2026-04-23 04:00:00+00:00,77756.83,77977.23,77694.28,77924.43,2640,1400,0
2026-04-23 05:00:00+00:00,77946.7,78153.56,77785.07,78065.75,2226,1400,0
2026-04-23 06:00:00+00:00,78067.41,78370.88,78063.49,78237.59,2563,1400,0
2026-04-23 07:00:00+00:00,78239.14,78280.24,77991.24,78073.65,2429,1400,0
2026-04-23 08:00:00+00:00,78076.14,78211.82,77727.89,77876.46,2651,1400,0
2026-04-23 09:00:00+00:00,77874.58,77886.86,77447.97,77666.47,2962,1400,0
2026-04-23 10:00:00+00:00,77661.26,77739.86,76749.4,77426.89,3372,1400,0
2026-04-23 11:00:00+00:00,77430.97,77779.91,77377.59,77716.02,2680,1400,0
2026-04-23 12:00:00+00:00,77729.06,77909.29,77539.62,77894.11,3748,1400,0
2026-04-23 13:00:00+00:00,77893.19,77946.75,77394.88,77543.94,4755,1400,0
2026-04-23 14:00:00+00:00,77542.96,78239.4,77435.46,78200.91,5732,1400,0
2026-04-23 15:00:00+00:00,78195.82,78701.81,77998.36,78394.04,4852,1400,0
2026-04-23 16:00:00+00:00,78399.54,78541.02,78044.38,78129.14,3698,1400,0
2026-04-23 17:00:00+00:00,78128.56,78211.46,76975.29,77786.26,9941,1400,0
2026-04-23 18:00:00+00:00,77787.16,78177.87,77688.95,77694.48,5512,1400,0
2026-04-23 19:00:00+00:00,77692.19,77921.01,77609.78,77734.94,3493,1400,0
2026-04-23 20:00:00+00:00,77732.53,78072.64,77657.31,77901.09,2396,1400,0
2026-04-23 21:00:00+00:00,77900.2,78106.21,77800.44,77879.31,1690,1400,0
2026-04-23 22:00:00+00:00,77878.27,78359.85,77878.27,78249.03,2473,1400,0
2026-04-23 23:00:00+00:00,78251.61,78329.94,78039.58,78270.52,1916,1400,0
2026-04-24 00:00:00+00:00,78276.08,78526.75,78178.8,78439.12,2525,1400,0
2026-04-24 01:00:00+00:00,78445.94,78471.66,77968.82,78433.85,2736,1400,0
2026-04-24 02:00:00+00:00,78435.24,78616.91,78069.16,78144.97,2357,1400,0
2026-04-24 03:00:00+00:00,78144.59,78203.62,77572.94,77749.14,2945,1400,0
2026-04-24 04:00:00+00:00,77742.18,77879.04,77484.28,77683.22,2218,1400,0
2026-04-24 05:00:00+00:00,77681.71,78077.7,77455.87,77979.12,2352,1400,0
2026-04-24 06:00:00+00:00,77980.5,78011.25,77767.66,77803.26,2158,1400,0
2026-04-24 07:00:00+00:00,77799.23,77878.21,77555.09,77677.41,2014,1400,0
2026-04-24 08:00:00+00:00,77677.03,78036.06,77582.86,77805.61,2392,1400,0
2026-04-24 09:00:00+00:00,77807.68,77828.92,77420.02,77551.17,2251,1400,0
2026-04-24 10:00:00+00:00,77547.78,77804.24,77458.82,77761.12,2160,1400,0
2026-04-24 11:00:00+00:00,77761.72,78402.08,77761.72,78253.79,4694,1400,0
2026-04-24 12:00:00+00:00,78253.25,78366.85,78028.2,78296.93,2857,1400,0
2026-04-24 13:00:00+00:00,78298.59,78497.0,77923.09,78100.86,5072,1400,0
2026-04-24 14:00:00+00:00,78103.3,78103.3,77695.06,78061.76,5266,1400,0
2026-04-24 15:00:00+00:00,78061.69,78264.36,77590.75,78059.28,5184,1400,0
2026-04-24 16:00:00+00:00,78061.45,78090.65,77591.93,77787.02,3418,1400,0
2026-04-24 17:00:00+00:00,77785.18,77850.99,77466.77,77706.3,3148,1400,0
2026-04-24 18:00:00+00:00,77704.74,77741.1,77372.03,77633.77,2603,1400,0
2026-04-24 19:00:00+00:00,77635.58,77769.21,77542.22,77655.97,2224,1400,0
2026-04-24 20:00:00+00:00,77653.88,77788.59,77463.26,77749.29,1768,1400,0
2026-04-24 21:00:00+00:00,77748.22,77785.03,77558.36,77559.8,1626,1400,0
2026-04-24 22:00:00+00:00,77562.21,77648.53,77269.97,77355.14,1795,1400,0
2026-04-24 23:00:00+00:00,77352.97,77477.47,77349.12,77458.66,1424,1400,0
2026-04-25 00:00:00+00:00,77450.41,77529.41,77327.46,77468.9,1343,1400,0
2026-04-25 01:00:00+00:00,77473.63,77647.02,77445.96,77554.48,1403,1400,0
2026-04-25 02:00:00+00:00,77559.06,77667.64,77514.85,77630.23,1204,1400,0
2026-04-25 03:00:00+00:00,77630.14,77739.21,77569.93,77692.8,1438,1400,0
2026-04-25 04:00:00+00:00,77687.46,77721.67,77612.95,77640.76,1172,1400,0
2026-04-25 05:00:00+00:00,77636.95,77636.95,77498.17,77538.74,1221,1400,0
2026-04-25 06:00:00+00:00,77540.6,77599.85,77489.76,77518.65,1117,1400,0
2026-04-25 07:00:00+00:00,77517.52,77584.61,77464.45,77502.99,1271,1400,0
2026-04-25 08:00:00+00:00,77513.04,77676.54,77499.09,77661.95,1261,1400,0
2026-04-25 09:00:00+00:00,77668.51,77802.51,77595.64,77742.68,1275,1400,0
2026-04-25 10:00:00+00:00,77745.82,77905.12,77735.69,77807.93,1455,1400,0
2026-04-25 11:00:00+00:00,77810.56,77810.71,77631.67,77699.65,1449,1400,0
2026-04-25 12:00:00+00:00,77705.69,77733.59,77555.24,77577.85,1386,1400,0
2026-04-25 13:00:00+00:00,77575.46,77731.01,77575.46,77705.13,1177,1400,0
2026-04-25 14:00:00+00:00,77701.09,77772.22,77641.58,77679.48,1411,1400,0
2026-04-25 15:00:00+00:00,77672.42,77742.02,77328.31,77353.4,1712,1400,0
2026-04-25 16:00:00+00:00,77353.18,77479.55,77163.15,77421.62,2135,1400,0
2026-04-25 17:00:00+00:00,77424.16,77429.02,77215.76,77275.0,1525,1400,0
2026-04-25 18:00:00+00:00,77267.75,77413.58,77228.66,77315.14,1313,1400,0
2026-04-25 19:00:00+00:00,77312.75,77361.97,77199.61,77324.44,1274,1400,0
2026-04-25 20:00:00+00:00,77325.46,77503.54,77310.83,77486.33,1290,1400,0
2026-04-25 21:00:00+00:00,77486.03,77559.05,77416.13,77547.54,1494,1400,0
2026-04-25 22:00:00+00:00,77544.03,77658.25,77504.84,77576.67,1270,1400,0
2026-04-25 23:00:00+00:00,77576.7,77667.9,77541.81,77637.96,1245,1400,0
2026-04-26 00:00:00+00:00,77639.57,77657.24,77467.54,77514.26,1457,1400,0
2026-04-26 01:00:00+00:00,77528.69,77585.08,77464.6,77481.03,1303,1400,0
2026-04-26 02:00:00+00:00,77480.95,77609.96,77470.82,77544.23,1088,1400,0
2026-04-26 03:00:00+00:00,77531.79,77564.27,77337.08,77403.74,1326,1400,0
2026-04-26 04:00:00+00:00,77398.22,77838.6,77386.01,77774.78,1630,1400,0
2026-04-26 05:00:00+00:00,77774.89,78217.46,77725.82,78008.09,2627,1400,0
2026-04-26 06:00:00+00:00,78007.85,78067.41,77901.17,78006.31,1550,1400,0
2026-04-26 07:00:00+00:00,78019.81,78144.55,77969.61,78116.0,1283,1400,0
2026-04-26 08:00:00+00:00,78120.88,78241.98,78034.66,78050.51,1495,1400,0
2026-04-26 09:00:00+00:00,78035.07,78068.4,77935.51,78018.14,1428,1400,0
2026-04-26 10:00:00+00:00,78018.21,78074.22,77964.37,78012.3,1240,1400,0
2026-04-26 11:00:00+00:00,78020.14,78167.47,78015.06,78108.16,1337,1400,0
2026-04-26 12:00:00+00:00,78106.31,78125.29,77777.53,77837.44,1550,1400,0
2026-04-26 13:00:00+00:00,77845.4,78002.06,77794.19,77988.39,1606,1400,0
2026-04-26 14:00:00+00:00,77975.16,78190.28,77884.11,78099.0,1970,1400,0
2026-04-26 15:00:00+00:00,78105.31,78136.25,77965.26,78061.73,1417,1400,0
2026-04-26 16:00:00+00:00,78062.99,78115.04,77946.89,77946.89,1222,1400,0
2026-04-26 17:00:00+00:00,77942.07,78076.43,77862.15,78036.76,1433,1400,0
2026-04-26 18:00:00+00:00,78036.27,78375.1,78000.47,78284.69,2130,1400,0
2026-04-26 19:00:00+00:00,78286.48,78523.45,78018.47,78252.37,2711,1400,0
2026-04-26 20:00:00+00:00,78258.03,78409.89,78169.37,78218.82,1653,1400,0
2026-04-26 21:00:00+00:00,78215.71,78992.21,77855.44,78436.97,3460,1400,0
2026-04-26 22:00:00+00:00,78429.62,78880.0,77973.28,78336.88,4734,1400,0
2026-04-26 23:00:00+00:00,78327.47,78926.62,78040.9,78666.78,3998,1400,0
2026-04-27 00:00:00+00:00,78668.37,79393.65,78395.31,79263.73,4622,1400,0
2026-04-27 01:00:00+00:00,79299.73,79510.94,78725.91,79298.57,5815,1400,0
2026-04-27 02:00:00+00:00,79294.64,79323.3,79032.38,79143.5,2728,1400,0
2026-04-27 03:00:00+00:00,79140.78,79337.31,79086.34,79119.77,2350,1400,0
2026-04-27 04:00:00+00:00,79136.09,79176.36,78883.75,78936.06,2207,1400,0
2026-04-27 05:00:00+00:00,78938.27,78957.15,77575.9,77792.6,6206,1400,0
2026-04-27 06:00:00+00:00,77792.26,77891.85,77462.53,77701.97,3109,1400,0
2026-04-27 07:00:00+00:00,77709.61,77748.07,77570.07,77612.03,2288,1400,0
2026-04-27 08:00:00+00:00,77611.36,77823.85,77556.85,77803.67,2336,1400,0
2026-04-27 09:00:00+00:00,77805.31,77996.15,77704.89,77899.03,1897,1400,0
2026-04-27 10:00:00+00:00,77897.99,77950.51,77784.68,77855.44,1569,1400,0
2026-04-27 11:00:00+00:00,77849.28,77895.65,77739.82,77839.27,1591,1400,0
2026-04-27 12:00:00+00:00,77836.69,77882.71,77606.1,77672.45,1932,1400,0
2026-04-27 13:00:00+00:00,77674.05,77970.06,77564.84,77738.18,4024,1400,0
2026-04-27 14:00:00+00:00,77742.28,78269.84,77672.28,77825.56,4862,1400,0
2026-04-27 15:00:00+00:00,77827.64,77844.32,76551.19,76786.0,8159,1400,0
2026-04-27 16:00:00+00:00,76777.84,76861.8,76523.54,76616.01,3389,1400,0
2026-04-27 17:00:00+00:00,76612.47,76929.97,76596.68,76721.36,2848,1400,0
2026-04-27 18:00:00+00:00,76719.48,76878.95,76638.03,76812.2,2035,1400,0
2026-04-27 19:00:00+00:00,76809.8,76885.34,76425.03,76871.67,2742,1400,0
2026-04-27 20:00:00+00:00,76874.96,77073.16,76815.56,76946.95,1534,1400,0
2026-04-27 21:00:00+00:00,76953.23,76986.99,76778.31,76778.62,1465,1400,0
2026-04-27 22:00:00+00:00,76779.95,77073.69,76744.54,77055.57,1800,1400,0
2026-04-27 23:00:00+00:00,77055.45,77450.9,77002.22,77352.15,1651,1400,0
2026-04-28 00:00:00+00:00,77353.2,77489.5,77198.9,77371.22,2533,1400,0
2026-04-28 01:00:00+00:00,77366.19,77388.39,77017.69,77087.4,2219,1400,0
2026-04-28 02:00:00+00:00,77086.85,77224.26,76664.49,76876.31,2760,1400,0
2026-04-28 03:00:00+00:00,76875.62,76901.59,76655.85,76803.02,1844,1400,0
2026-04-28 04:00:00+00:00,76804.3,76955.96,76683.54,76872.83,1813,1400,0
2026-04-28 05:00:00+00:00,76878.33,77155.86,76792.67,76883.06,1943,1400,0
2026-04-28 06:00:00+00:00,76880.43,77022.23,76566.41,76704.54,2056,1400,0
2026-04-28 07:00:00+00:00,76691.27,76919.8,76387.83,76869.61,2795,1400,0
2026-04-28 08:00:00+00:00,76876.5,77000.29,76728.86,76851.3,2219,1400,0
2026-04-28 09:00:00+00:00,76841.64,76857.14,76481.28,76583.17,2025,1400,0
2026-04-28 10:00:00+00:00,76574.25,76689.83,76456.87,76606.24,1752,1400,0
2026-04-28 11:00:00+00:00,76606.13,76639.47,76101.74,76225.45,3252,1400,0
2026-04-28 12:00:00+00:00,76222.19,76426.21,76148.34,76370.22,3104,1400,0
2026-04-28 13:00:00+00:00,76359.12,76414.98,75932.09,76171.47,5205,1400,0
2026-04-28 14:00:00+00:00,76172.7,76192.52,75641.09,75938.73,5981,1400,0
2026-04-28 15:00:00+00:00,75937.43,76076.72,75812.08,76041.64,3694,1400,0
2026-04-28 16:00:00+00:00,76050.14,76208.57,75859.78,76105.86,3103,1400,0
2026-04-28 17:00:00+00:00,76101.93,76250.03,75929.53,76165.75,2554,1400,0
2026-04-28 18:00:00+00:00,76166.61,76272.78,76109.38,76210.88,2011,1400,0
2026-04-28 19:00:00+00:00,76210.98,76369.11,76039.93,76319.7,1838,1400,0
2026-04-28 20:00:00+00:00,76318.93,76473.27,76311.19,76451.97,1460,1400,0
2026-04-28 21:00:00+00:00,76451.92,76483.29,76246.18,76352.47,1526,1400,0
2026-04-28 22:00:00+00:00,76352.54,76436.19,76195.78,76226.35,1604,1400,0
2026-04-28 23:00:00+00:00,76226.25,76358.26,76163.54,76312.58,1599,1400,0
2026-04-29 00:00:00+00:00,76314.59,76545.23,76245.58,76496.23,2052,1400,0
2026-04-29 01:00:00+00:00,76490.95,76659.59,76153.52,76557.93,2634,1400,0
2026-04-29 02:00:00+00:00,76559.57,76648.68,76375.27,76512.19,1833,1400,0
2026-04-29 03:00:00+00:00,76507.36,77118.07,76482.97,76979.62,3102,1400,0
2026-04-29 04:00:00+00:00,76990.57,77446.55,76859.69,77242.36,2709,1400,0
2026-04-29 05:00:00+00:00,77240.34,77320.08,77167.84,77281.36,1846,1400,0
2026-04-29 06:00:00+00:00,77278.94,77325.19,76918.0,77014.12,1941,1400,0
2026-04-29 07:00:00+00:00,77017.98,77172.69,76992.27,77019.33,1683,1400,0
2026-04-29 08:00:00+00:00,77019.92,77144.02,76941.56,77016.78,1654,1400,0
2026-04-29 09:00:00+00:00,77016.04,77797.12,76943.31,77640.28,3179,1400,0
2026-04-29 10:00:00+00:00,77638.28,77911.09,77538.06,77604.72,2987,1400,0
2026-04-29 11:00:00+00:00,77607.29,77692.57,77468.89,77574.44,2111,1400,0
2026-04-29 12:00:00+00:00,77571.68,77589.23,76973.09,77126.76,3116,1400,0
2026-04-29 13:00:00+00:00,77117.94,77249.14,76385.43,76761.86,4976,1400,0
2026-04-29 14:00:00+00:00,76760.43,76866.36,76446.81,76560.42,3903,1400,0
2026-04-29 15:00:00+00:00,76560.93,76626.27,75676.16,75877.67,5062,1400,0
2026-04-29 16:00:00+00:00,75893.05,76112.75,75648.52,75767.41,3442,1400,0
2026-04-29 17:00:00+00:00,75769.7,76143.51,75757.06,76136.93,2997,1400,0
2026-04-29 18:00:00+00:00,76141.75,76219.31,74877.29,75482.22,7539,1400,0
2026-04-29 19:00:00+00:00,75475.61,75576.15,75256.27,75526.0,3106,1400,0
2026-04-29 20:00:00+00:00,75521.9,75837.95,75452.43,75647.41,3468,1400,0
2026-04-29 21:00:00+00:00,75647.42,76070.88,75566.94,75893.81,1966,1400,0
2026-04-29 22:00:00+00:00,75888.43,75981.57,75787.44,75888.37,1917,1400,0
2026-04-29 23:00:00+00:00,75887.68,75960.94,75651.57,75752.83,2055,1400,0
2026-04-30 00:00:00+00:00,75752.89,76312.19,75608.1,76218.23,3229,1400,0
2026-04-30 01:00:00+00:00,76216.31,76454.66,76137.41,76215.52,2770,1400,0
2026-04-30 02:00:00+00:00,76213.76,76325.17,75456.61,75666.96,4448,1400,0
2026-04-30 03:00:00+00:00,75667.36,75969.01,75614.84,75889.54,2220,1400,0
2026-04-30 04:00:00+00:00,75888.83,75945.36,75367.33,75455.33,2987,1400,0
2026-04-30 05:00:00+00:00,75456.48,75725.06,75275.99,75568.75,2475,1400,0
2026-04-30 06:00:00+00:00,75560.1,75844.98,75533.06,75723.32,2302,1400,0
2026-04-30 07:00:00+00:00,75732.72,76151.9,75677.88,76128.67,2241,1400,0
2026-04-30 08:00:00+00:00,76139.5,76185.69,75976.72,76023.06,1945,1400,0
2026-04-30 09:00:00+00:00,76021.05,76324.6,75969.1,76057.47,2404,1400,0
2026-04-30 10:00:00+00:00,76062.18,76140.08,75934.92,76001.62,1982,1400,0
2026-04-30 11:00:00+00:00,75996.88,76231.12,75836.46,76035.01,2307,1400,0
2026-04-30 12:00:00+00:00,76031.08,76391.26,76003.94,76263.22,2272,1400,0
2026-04-30 13:00:00+00:00,76269.46,76645.79,76067.48,76386.83,4551,1400,0
2026-04-30 14:00:00+00:00,76389.25,76560.28,76052.06,76264.35,5395,1400,0
2026-04-30 15:00:00+00:00,76261.01,76621.18,76124.15,76437.36,3526,1400,0
2026-04-30 16:00:00+00:00,76430.84,76453.37,76176.66,76217.82,2477,1400,0
2026-04-30 17:00:00+00:00,76214.71,76298.68,76059.55,76204.89,2398,1400,0
2026-04-30 18:00:00+00:00,76205.77,76442.84,76156.72,76309.49,2150,1400,0
2026-04-30 19:00:00+00:00,76314.88,76485.93,76270.29,76375.92,1975,1400,0
2026-04-30 20:00:00+00:00,76373.02,76543.23,76272.84,76454.67,1756,1400,0
2026-04-30 21:00:00+00:00,76442.21,76505.26,76192.07,76202.9,1504,1400,0
2026-04-30 22:00:00+00:00,76204.16,76417.44,76153.4,76206.91,1554,1400,0
2026-04-30 23:00:00+00:00,76206.46,76349.72,76173.24,76314.47,1423,1400,0
2026-05-01 00:00:00+00:00,76316.26,76561.85,76269.07,76421.65,1771,1400,0
2026-05-01 01:00:00+00:00,76421.52,76750.73,76407.7,76651.0,1606,1400,0
2026-05-01 02:00:00+00:00,76660.18,76715.77,76500.27,76567.44,1456,1400,0
2026-05-01 03:00:00+00:00,76565.4,77434.96,76523.47,77094.43,3863,1400,0
2026-05-01 04:00:00+00:00,77096.23,77179.53,76908.85,77004.08,1864,1400,0
2026-05-01 05:00:00+00:00,77000.7,77164.43,76990.16,77139.91,1516,1400,0
2026-05-01 06:00:00+00:00,77143.31,77161.31,76841.88,76956.41,1842,1400,0
2026-05-01 07:00:00+00:00,76962.94,77127.92,76924.06,77103.16,1582,1400,0
2026-05-01 08:00:00+00:00,77103.09,77484.46,77023.2,77347.09,2055,1400,0
2026-05-01 09:00:00+00:00,77356.8,77376.04,77171.41,77253.59,1365,1400,0
2026-05-01 10:00:00+00:00,77256.06,77419.55,77133.6,77275.97,1489,1400,0
2026-05-01 11:00:00+00:00,77277.26,77600.2,77237.39,77444.3,1826,1400,0
2026-05-01 12:00:00+00:00,77445.59,78173.61,77384.74,77886.97,3964,1400,0
2026-05-01 13:00:00+00:00,77888.41,78927.41,77888.41,78747.97,5355,1400,0
2026-05-01 14:00:00+00:00,78748.41,78900.08,78041.95,78345.97,4505,1400,0
2026-05-01 15:00:00+00:00,78345.16,78741.42,78165.0,78424.59,3931,1400,0
2026-05-01 16:00:00+00:00,78424.24,78686.9,78146.13,78201.96,3735,1400,0
2026-05-01 17:00:00+00:00,78201.19,78593.58,78105.02,78536.49,2773,1400,0
2026-05-01 18:00:00+00:00,78538.0,78627.5,78366.76,78421.71,2436,1400,0
2026-05-01 19:00:00+00:00,78421.61,78549.74,78303.74,78359.18,2031,1400,0
2026-05-01 20:00:00+00:00,78361.37,78429.03,77745.22,77859.95,2059,1400,0
2026-05-01 21:00:00+00:00,77855.6,78204.2,77845.24,78195.09,1892,1400,0
2026-05-01 22:00:00+00:00,78196.0,78419.07,78127.76,78135.27,1657,1400,0
2026-05-01 23:00:00+00:00,78133.9,78248.13,78028.72,78229.82,1384,1400,0
2026-05-02 00:00:00+00:00,78224.3,78395.95,78153.39,78338.68,1704,1400,0
2026-05-02 01:00:00+00:00,78339.16,78452.5,78278.44,78334.01,1450,1400,0
2026-05-02 02:00:00+00:00,78333.53,78518.08,78243.51,78355.74,1433,1400,0
2026-05-02 03:00:00+00:00,78349.83,78541.3,78211.77,78405.37,1482,1400,0
2026-05-02 04:00:00+00:00,78407.4,78441.29,78112.39,78174.03,1445,1400,0
2026-05-02 05:00:00+00:00,78172.33,78254.79,78009.31,78176.01,1392,1400,0
2026-05-02 06:00:00+00:00,78178.08,78363.09,78130.99,78306.54,1195,1400,0
2026-05-02 07:00:00+00:00,78305.53,78343.74,78189.0,78222.91,1020,1400,0
2026-05-02 08:00:00+00:00,78223.82,78354.15,78151.09,78303.12,1150,1400,0
2026-05-02 09:00:00+00:00,78307.03,78398.84,78202.36,78289.14,1075,1400,0
2026-05-02 10:00:00+00:00,78293.46,78319.7,78209.8,78238.29,942,1400,0
2026-05-02 11:00:00+00:00,78245.31,78249.09,78083.73,78137.38,1123,1400,0
2026-05-02 12:00:00+00:00,78133.52,78269.28,78092.69,78195.83,1002,1400,0
2026-05-02 13:00:00+00:00,78195.92,78435.84,78195.92,78368.32,1210,1400,0
2026-05-02 14:00:00+00:00,78366.65,78490.36,78297.17,78399.98,1320,1400,0
2026-05-02 15:00:00+00:00,78409.12,78482.99,78350.13,78482.99,1091,1400,0
2026-05-02 16:00:00+00:00,78477.1,78607.34,78412.31,78442.74,1451,1400,0
2026-05-02 17:00:00+00:00,78437.22,78477.93,78353.27,78379.65,1019,1400,0
2026-05-02 18:00:00+00:00,78377.8,78490.72,78304.23,78454.24,1099,1400,0
2026-05-02 19:00:00+00:00,78451.85,78517.13,78423.27,78472.09,922,1400,0
2026-05-02 20:00:00+00:00,78475.84,78488.08,78403.26,78446.12,843,1400,0
2026-05-02 21:00:00+00:00,78447.49,79176.49,78432.61,78725.43,2335,1400,0
2026-05-02 22:00:00+00:00,78732.37,78865.52,78599.48,78823.56,1743,1400,0
2026-05-02 23:00:00+00:00,78813.93,78817.79,78615.27,78678.7,1303,1400,0
2026-05-03 00:00:00+00:00,78684.35,78756.45,78475.72,78542.64,1588,1400,0
2026-05-03 01:00:00+00:00,78537.59,78542.18,78139.43,78238.64,1995,1400,0
2026-05-03 02:00:00+00:00,78236.96,78313.93,78102.38,78157.1,1520,1400,0
2026-05-03 03:00:00+00:00,78157.23,78212.86,78100.73,78184.64,1211,1400,0
2026-05-03 04:00:00+00:00,78189.66,78234.08,78100.58,78167.1,1175,1400,0
2026-05-03 05:00:00+00:00,78165.65,78259.2,78146.35,78236.23,1058,1400,0
2026-05-03 06:00:00+00:00,78234.85,78344.73,78057.04,78279.82,1315,1400,0
2026-05-03 07:00:00+00:00,78281.17,78447.73,78270.71,78355.53,1564,1400,0
2026-05-03 08:00:00+00:00,78352.5,78496.27,78352.5,78377.41,1240,1400,0
2026-05-03 09:00:00+00:00,78380.58,78610.34,78325.55,78517.27,1458,1400,0
2026-05-03 10:00:00+00:00,78517.19,78530.76,78388.68,78407.98,1161,1400,0
2026-05-03 11:00:00+00:00,78398.45,78848.48,78367.7,78654.93,1785,1400,0
2026-05-03 12:00:00+00:00,78658.02,78883.9,78655.24,78736.89,1667,1400,0
2026-05-03 13:00:00+00:00,78747.1,78769.96,78572.48,78657.34,1204,1400,0
2026-05-03 14:00:00+00:00,78654.72,78785.0,78594.3,78720.3,1356,1400,0
2026-05-03 15:00:00+00:00,78730.56,78812.38,78605.48,78652.48,1460,1400,0
2026-05-03 16:00:00+00:00,78652.56,78780.61,78568.16,78649.17,1345,1400,0
2026-05-03 17:00:00+00:00,78647.25,78812.95,78538.89,78721.87,1466,1400,0
2026-05-03 18:00:00+00:00,78727.43,78747.69,78608.58,78719.0,1093,1400,0
2026-05-03 19:00:00+00:00,78717.35,78856.65,78657.29,78757.77,1218,1400,0
2026-05-03 20:00:00+00:00,78750.84,79289.18,78712.92,78912.45,2129,1400,0
2026-05-03 21:00:00+00:00,78916.28,79051.0,78640.22,78818.02,2083,1400,0
2026-05-03 22:00:00+00:00,78822.04,79451.44,78817.76,79154.82,4885,1400,0
2026-05-03 23:00:00+00:00,79160.93,79285.03,78459.42,78565.75,3426,1400,0
2026-05-04 00:00:00+00:00,78558.14,78566.97,78256.16,78520.28,3025,1400,0
2026-05-04 01:00:00+00:00,78521.79,79872.63,78394.74,79768.17,5105,1400,0
2026-05-04 02:00:00+00:00,79772.84,80427.56,79510.22,80151.51,8002,1400,0
2026-05-04 03:00:00+00:00,80167.09,80449.9,79888.33,80297.83,3667,1400,0
2026-05-04 04:00:00+00:00,80297.05,80621.6,80202.49,80319.85,3514,1400,0
2026-05-04 05:00:00+00:00,80330.0,80388.03,79938.04,80006.62,2254,1400,0
2026-05-04 06:00:00+00:00,80007.01,80038.7,79472.26,79862.94,2625,1400,0
2026-05-04 07:00:00+00:00,79860.01,79945.19,79649.72,79692.67,1834,1400,0
2026-05-04 08:00:00+00:00,79693.16,79791.62,79568.81,79684.07,2050,1400,0
2026-05-04 09:00:00+00:00,79684.62,79918.78,79620.56,79821.39,1867,1400,0
2026-05-04 10:00:00+00:00,79825.6,79866.49,78176.1,78917.42,10448,1400,0
2026-05-04 11:00:00+00:00,78925.64,79122.96,78681.1,78779.08,3089,1400,0
2026-05-04 12:00:00+00:00,78767.39,79019.79,78694.53,78841.51,2631,1400,0
2026-05-04 13:00:00+00:00,78838.19,79123.92,78555.91,78771.32,4735,1400,0
2026-05-04 14:00:00+00:00,78769.33,80563.39,78475.12,80212.89,7343,1400,0
2026-05-04 15:00:00+00:00,80201.23,80374.97,79308.48,80020.39,9201,1400,0
2026-05-04 16:00:00+00:00,80023.53,80393.16,79595.25,80012.0,6831,1400,0
2026-05-04 17:00:00+00:00,80009.98,80789.42,80007.78,80384.61,4540,1400,0
2026-05-04 18:00:00+00:00,80384.72,80436.17,80014.66,80102.51,2708,1400,0
2026-05-04 19:00:00+00:00,80102.4,80136.45,79860.2,80048.45,2364,1400,0
2026-05-04 20:00:00+00:00,80041.07,80165.24,79877.41,79926.41,1711,1400,0
2026-05-04 21:00:00+00:00,79932.2,80378.99,79932.2,80253.82,1746,1400,0
2026-05-04 22:00:00+00:00,80252.81,80394.95,80029.73,80053.12,1753,1400,0
2026-05-04 23:00:00+00:00,80049.42,80049.42,79727.62,79848.61,1674,1400,0
2026-05-05 00:00:00+00:00,79845.98,80180.23,79776.13,80154.86,2210,1400,0
2026-05-05 01:00:00+00:00,80154.78,80375.52,80055.59,80337.31,1908,1400,0
2026-05-05 02:00:00+00:00,80327.74,80902.04,80278.28,80554.98,2682,1400,0
2026-05-05 03:00:00+00:00,80554.87,81089.38,80436.03,80870.63,2912,1400,0
2026-05-05 04:00:00+00:00,80867.63,80979.06,80706.87,80888.34,2224,1400,0
2026-05-05 05:00:00+00:00,80886.55,81332.58,80817.73,80965.93,3110,1400,0
2026-05-05 06:00:00+00:00,80965.3,81011.73,80774.76,80956.21,2021,1400,0
2026-05-05 07:00:00+00:00,80954.95,81146.3,80822.85,80851.34,2266,1400,0
2026-05-05 08:00:00+00:00,80846.85,80883.75,80694.37,80813.36,1589,1400,0
2026-05-05 09:00:00+00:00,80811.56,80816.65,80508.23,80579.8,1812,1400,0
2026-05-05 10:00:00+00:00,80573.11,80836.79,80513.2,80836.39,1724,1400,0
2026-05-05 11:00:00+00:00,80836.9,81113.28,80771.92,81020.76,2156,1400,0
2026-05-05 12:00:00+00:00,81021.72,81317.58,80923.86,81266.4,2359,1400,0
2026-05-05 13:00:00+00:00,81266.48,81711.48,81186.98,81323.07,4967,1400,0
2026-05-05 14:00:00+00:00,81325.95,81504.24,80929.09,81330.54,5611,1400,0
2026-05-05 15:00:00+00:00,81328.51,81701.99,81227.56,81539.39,3486,1400,0
2026-05-05 16:00:00+00:00,81540.12,81635.93,81048.66,81293.73,3386,1400,0
2026-05-05 17:00:00+00:00,81289.16,81473.17,81174.38,81270.25,2183,1400,0
2026-05-05 18:00:00+00:00,81275.24,81613.47,81275.24,81505.89,2144,1400,0
2026-05-05 19:00:00+00:00,81506.53,81681.82,81391.35,81606.42,1911,1400,0
2026-05-05 20:00:00+00:00,81590.6,81781.72,81507.75,81640.08,2369,1400,0
2026-05-05 21:00:00+00:00,81637.1,81785.74,81294.16,81403.99,2550,1400,0
2026-05-05 22:00:00+00:00,81411.24,81609.61,80787.99,81124.28,3875,1400,0
2026-05-05 23:00:00+00:00,81124.49,81219.38,80762.75,80901.61,2575,1400,0
2026-05-06 00:00:00+00:00,80897.69,81261.15,80708.02,81005.98,2960,1400,0
2026-05-06 01:00:00+00:00,81006.01,81531.15,80964.9,81422.47,2684,1400,0
2026-05-06 02:00:00+00:00,81423.19,81436.64,81028.23,81353.25,2267,1400,0
2026-05-06 03:00:00+00:00,81353.43,81743.87,81335.35,81579.03,2460,1400,0
2026-05-06 04:00:00+00:00,81579.13,81636.72,81245.63,81329.78,2300,1400,0
2026-05-06 05:00:00+00:00,81321.17,81338.54,81029.22,81315.27,2121,1400,0
2026-05-06 06:00:00+00:00,81313.53,81507.65,81194.74,81467.89,1890,1400,0
2026-05-06 07:00:00+00:00,81465.8,81610.58,81297.66,81365.87,1884,1400,0
2026-05-06 08:00:00+00:00,81364.06,81987.76,81308.54,81944.11,3570,1400,0
2026-05-06 09:00:00+00:00,81946.31,82052.52,81660.78,81991.96,3582,1400,0
2026-05-06 10:00:00+00:00,81993.05,82397.38,81956.01,82282.29,4016,1400,0
2026-05-06 11:00:00+00:00,82279.99,82842.48,82242.08,82516.73,4092,1400,0
2026-05-06 12:00:00+00:00,82518.71,82539.37,82149.36,82230.29,3291,1400,0
2026-05-06 13:00:00+00:00,82219.9,82221.97,81571.74,81655.66,6402,1400,0
2026-05-06 14:00:00+00:00,81666.18,81980.98,81108.78,81509.88,5930,1400,0
2026-05-06 15:00:00+00:00,81511.67,81805.51,81284.42,81686.63,3674,1400,0
2026-05-06 16:00:00+00:00,81688.75,81890.46,81413.32,81611.94,3266,1400,0
2026-05-06 17:00:00+00:00,81605.18,81696.48,81366.54,81446.45,2523,1400,0
2026-05-06 18:00:00+00:00,81446.69,81556.13,81251.39,81337.4,2672,1400,0
2026-05-06 19:00:00+00:00,81338.22,81504.73,81165.5,81443.35,2105,1400,0
2026-05-06 20:00:00+00:00,81441.48,81702.86,81290.62,81418.08,1904,1400,0
2026-05-06 21:00:00+00:00,81429.03,81622.28,81285.02,81541.15,1581,1400,0
2026-05-06 22:00:00+00:00,81542.61,81546.76,81230.64,81332.77,1892,1400,0
2026-05-06 23:00:00+00:00,81328.68,81447.7,80964.86,81424.19,2203,1400,0
2026-05-07 00:00:00+00:00,81425.15,81478.13,80961.84,81011.14,2680,1400,0
2026-05-07 01:00:00+00:00,81005.33,81287.03,80820.01,81160.41,3184,1400,0
2026-05-07 02:00:00+00:00,81165.76,81177.54,80878.96,81116.21,2434,1400,0
2026-05-07 03:00:00+00:00,81114.82,81114.82,80820.1,80842.46,1797,1400,0
2026-05-07 04:00:00+00:00,80845.62,80989.2,80709.34,80976.14,1839,1400,0
2026-05-07 05:00:00+00:00,80977.0,81170.53,80956.03,81079.35,1690,1400,0
2026-05-07 06:00:00+00:00,81081.23,81439.99,80873.9,81432.69,2264,1400,0
2026-05-07 07:00:00+00:00,81435.13,81714.83,81379.99,81515.64,2519,1400,0
2026-05-07 08:00:00+00:00,81515.74,81598.3,81188.94,81219.74,2418,1400,0
2026-05-07 09:00:00+00:00,81217.64,81223.44,80829.97,80918.33,2296,1400,0
2026-05-07 10:00:00+00:00,80918.59,81002.15,80547.37,80829.44,2284,1400,0
2026-05-07 11:00:00+00:00,80832.24,81044.71,80767.22,80861.44,1941,1400,0
2026-05-07 12:00:00+00:00,80857.67,81199.93,80819.07,81149.3,2426,1400,0
2026-05-07 13:00:00+00:00,81148.22,81158.44,80226.71,80480.22,5379,1400,0
2026-05-07 14:00:00+00:00,80480.36,80686.44,80034.31,80156.06,5457,1400,0
2026-05-07 15:00:00+00:00,80164.19,80264.05,79643.66,79895.0,4727,1400,0
2026-05-07 16:00:00+00:00,79898.06,80007.8,79686.06,79778.17,3835,1400,0
2026-05-07 17:00:00+00:00,79790.52,80127.81,79476.22,80092.43,4276,1400,0
2026-05-07 18:00:00+00:00,80088.16,80282.14,79989.96,80203.8,3213,1400,0
2026-05-07 19:00:00+00:00,80200.37,80213.01,79913.91,80133.42,2599,1400,0
2026-05-07 20:00:00+00:00,80137.44,80373.46,79835.07,79871.14,2092,1400,0
2026-05-07 21:00:00+00:00,79870.58,79923.18,79614.97,79721.56,1844,1400,0
2026-05-07 22:00:00+00:00,79715.5,79979.4,79564.26,79893.91,2596,1400,0
2026-05-07 23:00:00+00:00,79878.33,80065.52,79849.63,80009.88,1625,1400,0
2026-05-08 00:00:00+00:00,80009.78,80146.93,79706.33,79824.82,2050,1400,0
2026-05-08 01:00:00+00:00,79827.46,79891.79,79591.94,79730.8,2248,1400,0
2026-05-08 02:00:00+00:00,79729.69,79751.66,79313.24,79467.97,3159,1400,0
2026-05-08 03:00:00+00:00,79465.54,79665.27,79156.83,79568.27,2707,1400,0
2026-05-08 04:00:00+00:00,79560.52,79747.0,79537.74,79646.83,2025,1400,0
2026-05-08 05:00:00+00:00,79644.09,79774.98,79580.87,79585.31,1713,1400,0
2026-05-08 06:00:00+00:00,79590.95,79648.12,79428.51,79504.5,2428,1400,0
2026-05-08 07:00:00+00:00,79502.09,79717.79,79227.82,79659.08,2611,1400,0
2026-05-08 08:00:00+00:00,79661.88,79984.22,79647.52,79873.91,2261,1400,0
2026-05-08 09:00:00+00:00,79873.49,80058.25,79772.97,79849.71,1920,1400,0
2026-05-08 10:00:00+00:00,79851.16,80272.67,79755.67,80203.26,2468,1400,0
2026-05-08 11:00:00+00:00,80204.44,80326.39,80114.69,80219.29,2262,1400,0
2026-05-08 12:00:00+00:00,80227.86,80511.7,79948.71,80018.11,3039,1400,0
2026-05-08 13:00:00+00:00,80023.91,80091.67,79515.93,79627.67,4215,1400,0
2026-05-08 14:00:00+00:00,79634.63,80438.69,79624.6,80134.13,5681,1400,0
2026-05-08 15:00:00+00:00,80129.95,80189.4,79591.09,80123.16,4142,1400,0
2026-05-08 16:00:00+00:00,80128.08,80178.29,79712.25,79775.99,2953,1400,0
2026-05-08 17:00:00+00:00,79778.98,80253.8,79702.9,80059.41,3331,1400,0
2026-05-08 18:00:00+00:00,80061.33,80294.02,80049.31,80073.47,2811,1400,0
2026-05-08 19:00:00+00:00,80071.35,80177.72,79930.06,80162.88,2101,1400,0
2026-05-08 20:00:00+00:00,80165.51,80295.53,80065.9,80125.51,1758,1400,0
2026-05-08 21:00:00+00:00,80121.66,80258.26,80097.1,80242.14,1524,1400,0
2026-05-08 22:00:00+00:00,80238.7,80412.38,80215.31,80267.28,1589,1400,0
2026-05-08 23:00:00+00:00,80265.71,80292.28,80098.14,80187.85,1312,1400,0
2026-05-09 00:00:00+00:00,80189.74,80236.51,80113.86,80228.54,1387,1400,0
2026-05-09 01:00:00+00:00,80225.71,80445.36,80204.54,80321.47,1572,1400,0
2026-05-09 02:00:00+00:00,80330.11,80482.83,80309.43,80416.57,1524,1400,0
2026-05-09 03:00:00+00:00,80418.57,80563.99,80300.7,80384.54,1449,1400,0
2026-05-09 04:00:00+00:00,80383.78,80653.61,80363.1,80374.34,1585,1400,0
2026-05-09 05:00:00+00:00,80380.9,80483.02,80342.98,80379.73,1291,1400,0
2026-05-09 06:00:00+00:00,80374.71,80429.62,80185.13,80248.14,1513,1400,0
2026-05-09 07:00:00+00:00,80254.44,80293.48,80109.33,80215.91,1259,1400,0
2026-05-09 08:00:00+00:00,80215.29,80444.53,80196.59,80405.18,1414,1400,0
2026-05-09 09:00:00+00:00,80394.73,80406.03,80191.57,80227.35,1255,1400,0
2026-05-09 10:00:00+00:00,80222.99,80335.89,80148.28,80255.59,1226,1400,0
2026-05-09 11:00:00+00:00,80255.91,80378.57,80235.34,80332.36,933,1400,0
2026-05-09 12:00:00+00:00,80330.83,80418.13,80255.37,80386.83,1134,1400,0
2026-05-09 13:00:00+00:00,80386.74,80413.73,80304.01,80383.14,1111,1400,0
2026-05-09 14:00:00+00:00,80389.55,80435.45,80239.68,80321.5,1588,1400,0
2026-05-09 15:00:00+00:00,80317.86,80597.75,80215.78,80515.9,1514,1400,0
2026-05-09 16:00:00+00:00,80521.3,80796.45,80466.98,80617.87,2017,1400,0
2026-05-09 17:00:00+00:00,80618.56,80924.15,80604.49,80800.49,1997,1400,0
2026-05-09 18:00:00+00:00,80800.21,81076.22,80766.82,80894.42,1700,1400,0
2026-05-09 19:00:00+00:00,80895.51,80952.34,80767.29,80920.93,1362,1400,0
2026-05-09 20:00:00+00:00,80922.06,80935.23,80714.74,80795.86,1254,1400,0
2026-05-09 21:00:00+00:00,80794.08,80886.01,80718.64,80770.21,1164,1400,0
2026-05-09 22:00:00+00:00,80772.77,80820.36,80653.34,80759.91,1248,1400,0
2026-05-09 23:00:00+00:00,80751.77,80841.9,80600.16,80655.42,1262,1400,0
2026-05-10 00:00:00+00:00,80650.93,80753.64,80603.77,80660.43,1508,1400,0
2026-05-10 01:00:00+00:00,80656.2,80674.4,80540.83,80670.38,1291,1400,0
2026-05-10 02:00:00+00:00,80671.66,80774.31,80582.96,80762.01,1439,1400,0
2026-05-10 03:00:00+00:00,80762.74,80884.06,80684.37,80755.97,1368,1400,0
2026-05-10 04:00:00+00:00,80758.8,80833.94,80714.95,80743.21,1196,1400,0
2026-05-10 05:00:00+00:00,80737.82,80799.95,80654.35,80686.61,1288,1400,0
2026-05-10 06:00:00+00:00,80686.53,80743.76,80634.1,80726.34,1142,1400,0
2026-05-10 07:00:00+00:00,80726.14,80787.42,80701.8,80718.07,1206,1400,0
2026-05-10 08:00:00+00:00,80725.79,80893.93,80697.54,80828.89,1401,1400,0
2026-05-10 09:00:00+00:00,80824.43,80909.45,80736.61,80799.03,1178,1400,0
2026-05-10 10:00:00+00:00,80787.74,80873.39,80665.72,80850.21,1335,1400,0
2026-05-10 11:00:00+00:00,80846.85,80964.71,80736.86,80811.3,1465,1400,0
2026-05-10 12:00:00+00:00,80811.43,80948.02,80773.78,80912.5,1558,1400,0
2026-05-10 13:00:00+00:00,80911.95,81004.77,80859.09,80952.4,1622,1400,0
2026-05-10 14:00:00+00:00,80948.23,81009.18,80802.49,80970.98,1646,1400,0
2026-05-10 15:00:00+00:00,80971.41,81442.33,80923.29,81391.83,2664,1400,0
2026-05-10 16:00:00+00:00,81395.15,81494.8,81173.09,81349.68,2329,1400,0
2026-05-10 17:00:00+00:00,81349.6,81587.37,81206.72,81464.61,2179,1400,0
2026-05-10 18:00:00+00:00,81463.85,81486.17,81210.61,81261.59,1615,1400,0
2026-05-10 19:00:00+00:00,81261.7,81477.12,81135.53,81420.79,1552,1400,0
2026-05-10 20:00:00+00:00,81420.96,81448.87,80252.61,80711.06,4609,1400,0
2026-05-10 21:00:00+00:00,80709.88,80936.79,80554.32,80703.57,3086,1400,0
2026-05-10 22:00:00+00:00,80702.27,82166.06,80638.51,82044.65,7269,1400,0
2026-05-10 23:00:00+00:00,82044.31,82472.29,82041.32,82198.86,4919,1400,0
2026-05-11 00:00:00+00:00,82193.64,82373.49,81256.63,81447.75,5054,1400,0
2026-05-11 01:00:00+00:00,81450.4,81743.55,81266.92,81484.75,3972,1400,0
2026-05-11 02:00:00+00:00,81480.26,81553.22,81088.82,81154.98,3203,1400,0
2026-05-11 03:00:00+00:00,81160.27,81176.14,80487.11,80714.23,3722,1400,0
2026-05-11 04:00:00+00:00,80715.89,80863.0,80615.52,80799.8,2020,1400,0
2026-05-11 05:00:00+00:00,80800.19,80965.79,80728.93,80826.82,1789,1400,0
2026-05-11 06:00:00+00:00,80826.72,81039.12,80733.07,80807.25,1949,1400,0
2026-05-11 07:00:00+00:00,80808.04,80830.69,80647.68,80720.74,1956,1400,0
2026-05-11 08:00:00+00:00,80711.19,80847.62,80593.73,80744.08,2055,1400,0
2026-05-11 09:00:00+00:00,80741.0,80981.66,80732.97,80935.19,1697,1400,0
2026-05-11 10:00:00+00:00,80936.1,81193.07,80909.31,80929.85,2132,1400,0
2026-05-11 11:00:00+00:00,80930.76,81201.82,80882.8,81187.27,1957,1400,0
2026-05-11 12:00:00+00:00,81190.82,81347.31,80996.41,81031.37,2492,1400,0
2026-05-11 13:00:00+00:00,81044.33,81312.57,80723.64,81024.7,4041,1400,0
2026-05-11 14:00:00+00:00,81025.87,81228.01,80411.75,80902.84,5094,1400,0
2026-05-11 15:00:00+00:00,80915.94,81445.37,80785.35,81409.0,3839,1400,0
2026-05-11 16:00:00+00:00,81426.27,81902.62,81314.09,81541.96,4322,1400,0
2026-05-11 17:00:00+00:00,81543.67,82054.58,81330.42,81921.55,3361,1400,0
2026-05-11 18:00:00+00:00,81930.03,82131.52,81801.7,81849.76,2835,1400,0
2026-05-11 19:00:00+00:00,81848.07,82085.44,81712.44,81946.66,2292,1400,0
2026-05-11 20:00:00+00:00,81949.73,82068.28,81734.2,81802.36,2207,1400,0
2026-05-11 21:00:00+00:00,81803.25,81904.9,81565.42,81816.38,1878,1400,0
2026-05-11 22:00:00+00:00,81815.94,81963.35,81702.57,81808.2,1990,1400,0
2026-05-11 23:00:00+00:00,81794.85,81798.84,81555.39,81718.05,1552,1400,0
2026-05-12 00:00:00+00:00,81718.31,81776.1,81446.82,81533.48,1851,1400,0
2026-05-12 01:00:00+00:00,81521.17,81603.3,80676.56,81168.29,3862,1400,0
2026-05-12 02:00:00+00:00,81167.14,81322.67,81048.65,81234.81,2087,1400,0
2026-05-12 03:00:00+00:00,81233.34,81271.42,80989.59,81033.64,1704,1400,0
2026-05-12 04:00:00+00:00,81041.97,81280.86,80970.73,81207.37,1618,1400,0
2026-05-12 05:00:00+00:00,81205.91,81293.28,81153.88,81198.22,1316,1400,0
2026-05-12 06:00:00+00:00,81199.27,81283.59,80979.51,80999.81,1469,1400,0
2026-05-12 07:00:00+00:00,80993.43,81112.63,80769.38,80831.47,2251,1400,0
2026-05-12 08:00:00+00:00,80829.89,80943.42,80726.66,80804.41,1915,1400,0
2026-05-12 09:00:00+00:00,80812.3,80931.76,80681.06,80803.19,1949,1400,0
2026-05-12 10:00:00+00:00,80803.04,80815.76,80564.65,80647.01,1684,1400,0
2026-05-12 11:00:00+00:00,80649.07,80770.98,80450.12,80746.53,1916,1400,0
2026-05-12 12:00:00+00:00,80751.79,80982.47,80578.03,80862.77,2839,1400,0
2026-05-12 13:00:00+00:00,80862.86,80910.26,80360.92,80435.21,3608,1400,0
2026-05-12 14:00:00+00:00,80448.23,80878.05,80363.38,80520.63,4856,1400,0
2026-05-12 15:00:00+00:00,80507.53,80644.37,80143.46,80295.3,3996,1400,0
2026-05-12 16:00:00+00:00,80298.72,80396.12,79800.93,79976.12,3759,1400,0
2026-05-12 17:00:00+00:00,79976.64,80572.84,79907.06,80493.87,2769,1400,0
2026-05-12 18:00:00+00:00,80495.71,80736.46,80390.57,80639.9,2050,1400,0
2026-05-12 19:00:00+00:00,80647.66,80852.62,80637.28,80814.46,1893,1400,0
2026-05-12 20:00:00+00:00,80816.1,80872.48,80606.1,80672.54,1467,1400,0
2026-05-12 21:00:00+00:00,80673.05,80718.8,80463.4,80566.69,1448,1400,0
2026-05-12 22:00:00+00:00,80562.66,80782.64,80562.66,80633.44,1600,1400,0
2026-05-12 23:00:00+00:00,80626.29,80699.74,80408.69,80485.09,1715,1400,0
2026-05-13 00:00:00+00:00,80483.54,80753.85,80379.98,80690.82,2142,1400,0
2026-05-13 01:00:00+00:00,80694.15,81181.9,80647.22,80980.17,2737,1400,0
2026-05-13 02:00:00+00:00,80990.19,81262.55,80906.06,81039.17,1962,1400,0
2026-05-13 03:00:00+00:00,81040.39,81290.13,80951.65,81241.29,1590,1400,0
2026-05-13 04:00:00+00:00,81235.37,81271.39,81092.3,81213.11,1357,1400,0
2026-05-13 05:00:00+00:00,81212.61,81225.31,80968.07,81006.35,1341,1400,0
2026-05-13 06:00:00+00:00,81003.32,81141.45,80937.36,80954.67,1342,1400,0
2026-05-13 07:00:00+00:00,80951.72,81031.41,80857.53,80989.12,1277,1400,0
2026-05-13 08:00:00+00:00,81004.44,81172.22,80906.42,81162.04,1720,1400,0
2026-05-13 09:00:00+00:00,81164.89,81280.78,81093.21,81254.31,1652,1400,0
2026-05-13 10:00:00+00:00,81254.22,81265.61,80767.71,80784.2,1813,1400,0
2026-05-13 11:00:00+00:00,80782.05,80831.24,80457.46,80475.13,2211,1400,0
2026-05-13 12:00:00+00:00,80474.49,80568.12,79813.16,80173.71,4182,1400,0
2026-05-13 13:00:00+00:00,80175.7,80327.43,79540.38,79612.99,4649,1400,0
2026-05-13 14:00:00+00:00,79610.58,79874.32,79429.6,79736.93,4068,1400,0
2026-05-13 15:00:00+00:00,79731.83,79829.87,78753.88,78794.89,4006,1400,0
2026-05-13 16:00:00+00:00,78797.18,79198.34,78705.93,79064.83,3548,1400,0
2026-05-13 17:00:00+00:00,79064.95,79547.47,79064.95,79478.79,2100,1400,0
2026-05-13 18:00:00+00:00,79479.1,79782.02,79479.1,79573.78,2177,1400,0
2026-05-13 19:00:00+00:00,79569.76,79619.57,79358.09,79614.28,2065,1400,0
2026-05-13 20:00:00+00:00,79616.22,79738.55,79572.78,79677.03,1514,1400,0
2026-05-13 21:00:00+00:00,79676.8,79681.38,79292.27,79362.31,2022,1400,0
2026-05-13 22:00:00+00:00,79365.24,79441.93,79180.13,79390.71,2065,1400,0
2026-05-13 23:00:00+00:00,79389.81,79468.13,79187.47,79292.04,1991,1400,0
2026-05-14 00:00:00+00:00,79292.8,79664.6,79265.98,79542.64,2397,1400,0
2026-05-14 01:00:00+00:00,79541.87,79660.34,79366.11,79571.05,2314,1400,0
2026-05-14 02:00:00+00:00,79575.6,79652.81,79177.83,79325.41,2061,1400,0
2026-05-14 03:00:00+00:00,79324.63,79431.56,78880.14,79008.36,3941,1400,0
2026-05-14 04:00:00+00:00,79009.24,79442.35,78940.88,79406.11,2441,1400,0
2026-05-14 05:00:00+00:00,79406.19,79972.79,79331.36,79771.89,2600,1400,0
2026-05-14 06:00:00+00:00,79768.03,79907.62,79718.59,79775.57,2033,1400,0
2026-05-14 07:00:00+00:00,79770.69,79908.66,79657.05,79713.33,1787,1400,0
2026-05-14 08:00:00+00:00,79713.43,79909.87,79589.26,79785.04,2076,1400,0
2026-05-14 09:00:00+00:00,79790.47,79880.68,79535.5,79592.19,1962,1400,0
2026-05-14 10:00:00+00:00,79595.43,79738.58,79368.38,79537.75,2120,1400,0
2026-05-14 11:00:00+00:00,79536.42,79581.55,79183.64,79212.04,1911,1400,0
2026-05-14 12:00:00+00:00,79219.47,79753.88,79193.89,79748.54,2390,1400,0
2026-05-14 13:00:00+00:00,79743.95,80055.16,79634.81,79677.92,4656,1400,0
2026-05-14 14:00:00+00:00,79675.78,81010.6,79518.97,80945.32,5899,1400,0
2026-05-14 15:00:00+00:00,80948.77,81320.57,80786.58,81282.68,4451,1400,0
2026-05-14 16:00:00+00:00,81285.41,81898.65,81072.94,81872.42,5211,1400,0
2026-05-14 17:00:00+00:00,81876.05,82051.87,81256.41,81676.61,5560,1400,0
2026-05-14 18:00:00+00:00,81676.97,81974.65,81435.01,81573.37,3510,1400,0
2026-05-14 19:00:00+00:00,81589.04,81715.97,81317.33,81425.86,2870,1400,0
2026-05-14 20:00:00+00:00,81426.29,81618.7,81143.58,81402.34,2544,1400,0
2026-05-14 21:00:00+00:00,81413.04,81522.11,81248.72,81367.14,1796,1400,0
2026-05-14 22:00:00+00:00,81378.42,81553.34,81314.52,81452.39,1702,1400,0
2026-05-14 23:00:00+00:00,81448.74,81450.53,81024.27,81076.87,1560,1400,0
2026-05-15 00:00:00+00:00,81076.83,81652.88,81039.58,81494.29,2700,1400,0
2026-05-15 01:00:00+00:00,81496.4,81604.66,81087.91,81121.14,3406,1400,0
2026-05-15 02:00:00+00:00,81114.46,81353.94,80720.78,81282.62,4058,1400,0
2026-05-15 03:00:00+00:00,81283.37,81329.28,80910.27,81046.86,2335,1400,0
2026-05-15 04:00:00+00:00,81035.5,81091.06,80683.63,80719.73,2240,1400,0
2026-05-15 05:00:00+00:00,80720.52,80873.58,80290.86,80340.86,3908,1400,0
2026-05-15 06:00:00+00:00,80342.57,80631.4,80290.82,80560.98,2596,1400,0
2026-05-15 07:00:00+00:00,80561.43,81000.08,80543.2,80807.66,2398,1400,0
2026-05-15 08:00:00+00:00,80813.54,80824.88,80389.87,80637.01,2639,1400,0
2026-05-15 09:00:00+00:00,80640.69,80672.22,80355.86,80469.02,2383,1400,0
2026-05-15 10:00:00+00:00,80468.96,80768.22,80384.53,80704.06,2148,1400,0
2026-05-15 11:00:00+00:00,80703.66,80756.46,80570.56,80608.56,1660,1400,0
2026-05-15 12:00:00+00:00,80605.5,80632.73,80300.44,80384.74,2124,1400,0
2026-05-15 13:00:00+00:00,80384.63,80384.63,78648.75,78712.91,7734,1400,0
2026-05-15 14:00:00+00:00,78724.16,79306.09,78591.61,79120.56,7311,1400,0
2026-05-15 15:00:00+00:00,79122.85,79347.71,78975.32,79120.33,3826,1400,0
2026-05-15 16:00:00+00:00,79113.03,79363.56,79089.12,79258.38,2980,1400,0
2026-05-15 17:00:00+00:00,79256.58,79479.85,79183.99,79430.86,2638,1400,0
2026-05-15 18:00:00+00:00,79429.53,79535.61,79119.03,79223.63,2635,1400,0
2026-05-15 19:00:00+00:00,79223.89,79250.88,78993.33,79096.43,2299,1400,0
2026-05-15 20:00:00+00:00,79095.14,79180.27,78941.79,79079.35,1808,1400,0
2026-05-15 21:00:00+00:00,79079.43,79159.37,78846.63,78935.43,1833,1400,0
2026-05-15 22:00:00+00:00,78935.64,79108.6,78920.73,79056.9,1395,1400,0
2026-05-15 23:00:00+00:00,79054.61,79129.32,79026.26,79067.79,1178,1400,0
2026-05-16 00:00:00+00:00,79069.02,79188.75,79021.29,79065.41,1352,1400,0
2026-05-16 01:00:00+00:00,79069.61,79139.32,78950.6,79113.43,1493,1400,0
2026-05-16 02:00:00+00:00,79111.5,79162.05,79023.73,79098.44,1363,1400,0
2026-05-16 03:00:00+00:00,79101.32,79144.16,79008.18,79046.1,1151,1400,0
2026-05-16 04:00:00+00:00,79042.54,79090.3,78796.9,78988.89,1514,1400,0
2026-05-16 05:00:00+00:00,78989.02,79007.01,78877.11,78987.66,1350,1400,0
2026-05-16 06:00:00+00:00,78987.59,79019.13,78409.23,78615.95,2286,1400,0
2026-05-16 07:00:00+00:00,78614.89,78614.89,78013.56,78330.88,3829,1400,0
2026-05-16 08:00:00+00:00,78329.21,78517.73,78281.92,78366.99,1666,1400,0
2026-05-16 09:00:00+00:00,78374.87,78399.96,77839.88,78042.39,3606,1400,0
2026-05-16 10:00:00+00:00,78043.77,78071.62,77600.31,77929.03,3102,1400,0
2026-05-16 11:00:00+00:00,77928.37,78160.23,77928.37,78052.27,1800,1400,0
2026-05-16 12:00:00+00:00,78051.78,78106.6,77879.83,77978.64,1582,1400,0
2026-05-16 13:00:00+00:00,77973.6,77984.9,77800.97,77977.4,1786,1400,0
2026-05-16 14:00:00+00:00,77985.09,78316.96,77848.61,78085.63,2162,1400,0
2026-05-16 15:00:00+00:00,78086.26,78250.37,78024.46,78193.93,1749,1400,0
2026-05-16 16:00:00+00:00,78197.32,78344.94,78066.5,78170.57,1853,1400,0
2026-05-16 17:00:00+00:00,78172.32,78295.94,78152.61,78158.57,1254,1400,0
2026-05-16 18:00:00+00:00,78157.41,78295.9,78104.83,78206.56,1209,1400,0
2026-05-16 19:00:00+00:00,78202.05,78281.37,78170.68,78230.71,1120,1400,0
2026-05-16 20:00:00+00:00,78231.4,78301.14,78165.8,78209.71,1069,1400,0
2026-05-16 21:00:00+00:00,78208.41,78274.61,78171.49,78227.56,1297,1400,0
2026-05-16 22:00:00+00:00,78224.91,78252.93,78135.32,78152.61,1155,1400,0
2026-05-16 23:00:00+00:00,78152.11,78243.13,78074.67,78102.91,1132,1400,0
2026-05-17 00:00:00+00:00,78103.05,78201.31,77759.92,77913.71,1654,1400,0
2026-05-17 01:00:00+00:00,77915.79,78079.22,77683.85,77695.81,2654,1400,0
2026-05-17 02:00:00+00:00,77693.68,77906.83,77693.68,77856.89,1805,1400,0
2026-05-17 03:00:00+00:00,77857.38,78056.61,77843.75,77984.61,1433,1400,0
2026-05-17 04:00:00+00:00,77984.53,78187.19,77951.8,78122.31,1406,1400,0
2026-05-17 05:00:00+00:00,78125.54,78297.49,78067.59,78091.71,1324,1400,0
2026-05-17 06:00:00+00:00,78090.38,78186.37,77981.91,78076.54,1167,1400,0
2026-05-17 07:00:00+00:00,78077.44,78163.5,78019.55,78145.26,987,1400,0
2026-05-17 08:00:00+00:00,78152.82,78171.62,77988.88,78060.43,1356,1400,0
2026-05-17 09:00:00+00:00,78058.83,78268.51,78044.04,78209.82,1265,1400,0
2026-05-17 10:00:00+00:00,78215.46,78577.23,78203.0,78426.68,2142,1400,0
2026-05-17 11:00:00+00:00,78428.73,78447.42,78245.77,78383.3,1726,1400,0
2026-05-17 12:00:00+00:00,78383.34,78523.14,78281.65,78333.03,1617,1400,0
2026-05-17 13:00:00+00:00,78341.08,78341.9,78126.78,78180.4,1656,1400,0
2026-05-17 14:00:00+00:00,78180.49,78190.19,77801.42,78013.86,2421,1400,0
2026-05-17 15:00:00+00:00,78015.05,78098.7,77881.4,78013.41,1606,1400,0
2026-05-17 16:00:00+00:00,78010.52,78169.53,77979.89,78009.25,1425,1400,0
2026-05-17 17:00:00+00:00,78009.17,78065.38,77805.6,78044.94,1736,1400,0
2026-05-17 18:00:00+00:00,78048.8,78239.6,77966.11,78216.95,1763,1400,0
2026-05-17 19:00:00+00:00,78217.63,78434.49,78166.11,78362.25,1510,1400,0
2026-05-17 20:00:00+00:00,78360.85,78395.08,78196.02,78225.35,1419,1400,0
2026-05-17 21:00:00+00:00,78226.16,78454.33,78183.23,78354.93,1439,1400,0
2026-05-17 22:00:00+00:00,78352.8,78373.87,77765.41,77948.52,3456,1400,0
2026-05-17 23:00:00+00:00,77957.13,77964.82,76675.25,77401.43,7096,1400,0
2026-05-18 00:00:00+00:00,77412.7,77434.0,76859.86,77158.15,6232,1400,0
2026-05-18 01:00:00+00:00,77160.89,77241.03,76686.16,77069.53,5115,1400,0
2026-05-18 02:00:00+00:00,77070.89,77172.81,76649.58,76783.35,2807,1400,0
2026-05-18 03:00:00+00:00,76794.75,76986.45,76755.74,76890.83,2396,1400,0
2026-05-18 04:00:00+00:00,76890.49,77033.73,76718.16,76977.36,2098,1400,0
2026-05-18 05:00:00+00:00,76981.07,77043.31,76835.17,76875.39,2184,1400,0
2026-05-18 06:00:00+00:00,76872.8,76930.85,76518.29,76875.33,2973,1400,0
2026-05-18 07:00:00+00:00,76878.31,77044.81,76711.96,77021.36,2530,1400,0
2026-05-18 08:00:00+00:00,77020.3,77137.52,76829.12,76966.84,2266,1400,0
2026-05-18 09:00:00+00:00,76973.42,77000.21,76811.21,76888.84,1802,1400,0
2026-05-18 10:00:00+00:00,76890.54,76907.04,76656.57,76729.91,1938,1400,0
2026-05-18 11:00:00+00:00,76731.04,77358.42,76603.29,77240.53,3267,1400,0
2026-05-18 12:00:00+00:00,77247.08,77759.46,77231.64,77605.43,4234,1400,0
2026-05-18 13:00:00+00:00,77606.24,77608.94,76638.82,76892.16,6688,1400,0
2026-05-18 14:00:00+00:00,76906.48,76918.9,76183.88,76349.78,7545,1400,0
2026-05-18 15:00:00+00:00,76347.91,76442.56,75982.09,76374.07,5479,1400,0
2026-05-18 16:00:00+00:00,76374.4,76616.33,76138.67,76347.03,4062,1400,0
2026-05-18 17:00:00+00:00,76361.9,76701.53,76310.17,76640.88,3047,1400,0
2026-05-18 18:00:00+00:00,76632.15,76653.03,76073.86,76188.05,3573,1400,0
2026-05-18 19:00:00+00:00,76189.07,76932.74,76161.84,76861.96,5458,1400,0
2026-05-18 20:00:00+00:00,76867.11,77126.31,76812.75,76835.74,2245,1400,0
2026-05-18 21:00:00+00:00,76837.37,77133.18,76735.9,77036.54,2033,1400,0
2026-05-18 22:00:00+00:00,77036.75,77170.29,76866.81,77014.74,2099,1400,0
2026-05-18 23:00:00+00:00,77017.88,77112.24,76879.71,76937.92,1594,1400,0
2026-05-19 00:00:00+00:00,76934.82,77364.61,76887.21,77082.61,2684,1400,0
2026-05-19 01:00:00+00:00,77077.6,77100.53,76598.9,76609.9,2837,1400,0
2026-05-19 02:00:00+00:00,76607.87,76951.78,76414.02,76550.1,2817,1400,0
2026-05-19 03:00:00+00:00,76553.26,76807.6,76515.13,76723.0,1891,1400,0
2026-05-19 04:00:00+00:00,76721.86,76891.19,76628.15,76855.62,1817,1400,0
2026-05-19 05:00:00+00:00,76856.37,76957.07,76561.45,76841.88,2313,1400,0
2026-05-19 06:00:00+00:00,76842.4,77045.91,76813.12,76961.0,2071,1400,0
2026-05-19 07:00:00+00:00,76961.2,77225.14,76903.32,77173.04,2197,1400,0
2026-05-19 08:00:00+00:00,77172.39,77261.28,76900.94,76994.48,2295,1400,0
2026-05-19 09:00:00+00:00,76992.88,77009.91,76632.73,76748.47,2403,1400,0
2026-05-19 10:00:00+00:00,76747.32,77045.74,76625.19,76977.77,2469,1400,0
2026-05-19 11:00:00+00:00,76981.03,77014.37,76553.58,76640.95,1953,1400,0
2026-05-19 12:00:00+00:00,76636.92,76918.07,76572.23,76867.63,1764,1400,0
2026-05-19 13:00:00+00:00,76872.67,76998.63,76512.19,76804.99,5129,1400,0
2026-05-19 14:00:00+00:00,76808.52,76954.05,76070.25,76333.06,5945,1400,0
2026-05-19 15:00:00+00:00,76331.62,76619.81,76263.83,76458.74,3065,1400,0
2026-05-19 16:00:00+00:00,76461.43,76856.21,76333.23,76814.99,2740,1400,0
2026-05-19 17:00:00+00:00,76825.23,76957.41,76683.96,76773.73,2779,1400,0
2026-05-19 18:00:00+00:00,76773.82,76881.42,76667.63,76729.79,2086,1400,0
2026-05-19 19:00:00+00:00,76729.87,77015.2,76690.98,76755.58,2009,1400,0
2026-05-19 20:00:00+00:00,76753.98,76973.11,76753.98,76942.1,1164,1400,0
2026-05-19 21:00:00+00:00,76942.21,76978.52,76894.66,76912.23,1286,1400,0
2026-05-19 22:00:00+00:00,76910.79,76910.79,76573.31,76643.95,2002,1400,0
2026-05-19 23:00:00+00:00,76635.93,76917.24,76596.74,76775.38,1606,1400,0
2026-05-20 00:00:00+00:00,76772.6,76829.76,76437.11,76710.03,2792,1400,0
2026-05-20 01:00:00+00:00,76707.55,76861.05,76455.22,76743.29,3170,1400,0
2026-05-20 02:00:00+00:00,76740.53,76844.01,76517.15,76616.01,2315,1400,0
2026-05-20 03:00:00+00:00,76615.05,76749.57,76527.17,76646.55,1861,1400,0
2026-05-20 04:00:00+00:00,76649.39,76771.41,76604.09,76698.71,1460,1400,0
2026-05-20 05:00:00+00:00,76697.99,77261.64,76697.99,77123.74,2381,1400,0
2026-05-20 06:00:00+00:00,77124.7,77348.27,77106.87,77334.23,1739,1400,0
2026-05-20 07:00:00+00:00,77335.27,77399.47,77149.44,77199.64,1580,1400,0
2026-05-20 08:00:00+00:00,77194.94,77554.32,77120.2,77377.14,1830,1400,0
2026-05-20 09:00:00+00:00,77376.91,77467.91,77274.86,77405.04,1453,1400,0
2026-05-20 10:00:00+00:00,77406.31,77597.56,77406.31,77423.75,1448,1400,0
2026-05-20 11:00:00+00:00,77423.77,77483.95,77236.59,77300.78,1292,1400,0
2026-05-20 12:00:00+00:00,77301.23,77688.6,77275.98,77548.65,1607,1400,0
2026-05-20 13:00:00+00:00,77552.15,77584.17,76884.76,77136.34,4486,1400,0
2026-05-20 14:00:00+00:00,77138.5,77510.55,76812.9,77371.76,6348,1400,0
2026-05-20 15:00:00+00:00,77369.91,77794.99,77225.0,77385.47,4509,1400,0
2026-05-20 16:00:00+00:00,77382.26,77488.84,76926.22,77254.53,3266,1400,0
2026-05-20 17:00:00+00:00,77248.02,77643.79,77148.5,77494.73,2785,1400,0
2026-05-20 18:00:00+00:00,77492.98,77560.96,77305.35,77337.01,2393,1400,0
2026-05-20 19:00:00+00:00,77336.39,77643.62,77267.13,77600.91,2179,1400,0
2026-05-20 20:00:00+00:00,77594.02,77699.9,77401.78,77637.29,2280,1400,0
2026-05-20 21:00:00+00:00,77632.92,77706.56,77430.11,77433.25,1444,1400,0
2026-05-20 22:00:00+00:00,77432.94,77432.94,77137.52,77430.23,2209,1400,0
2026-05-20 23:00:00+00:00,77434.5,77482.88,77298.4,77471.0,1495,1400,0
2026-05-21 00:00:00+00:00,77474.39,78004.0,77427.61,77885.11,2218,1400,0
2026-05-21 01:00:00+00:00,77885.76,78118.2,77717.08,77782.92,2285,1400,0
2026-05-21 02:00:00+00:00,77782.63,78029.71,77738.84,77876.94,1752,1400,0
2026-05-21 03:00:00+00:00,77875.36,78027.0,77822.93,77995.27,1282,1400,0
2026-05-21 04:00:00+00:00,77989.14,78097.72,77879.43,77956.22,1368,1400,0
2026-05-21 05:00:00+00:00,77952.97,78070.8,77620.84,77758.72,1612,1400,0
2026-05-21 06:00:00+00:00,77756.53,77801.58,77446.32,77544.23,1817,1400,0
2026-05-21 07:00:00+00:00,77544.28,77824.2,77429.57,77795.07,1832,1400,0
2026-05-21 08:00:00+00:00,77796.13,78144.5,77796.13,77850.42,2715,1400,0
2026-05-21 09:00:00+00:00,77844.43,77914.59,77545.21,77551.7,1727,1400,0
2026-05-21 10:00:00+00:00,77551.85,77611.69,77094.46,77127.96,3448,1400,0
2026-05-21 11:00:00+00:00,77129.95,77300.59,77053.69,77122.16,2121,1400,0
2026-05-21 12:00:00+00:00,77124.6,77287.16,76983.96,77202.42,2172,1400,0
2026-05-21 13:00:00+00:00,77203.01,77280.45,76647.02,77052.18,5058,1400,0
2026-05-21 14:00:00+00:00,77048.63,77171.05,76693.67,76900.76,4510,1400,0
2026-05-21 15:00:00+00:00,76898.81,77338.14,76808.63,77183.81,3309,1400,0
2026-05-21 16:00:00+00:00,77185.09,77275.33,76912.99,77113.82,2500,1400,0
2026-05-21 17:00:00+00:00,77114.19,78023.73,77088.81,77800.29,5203,1400,0
2026-05-21 18:00:00+00:00,77794.67,77862.09,77172.22,77307.37,3977,1400,0
2026-05-21 19:00:00+00:00,77301.41,77727.66,77284.49,77620.41,2511,1400,0
2026-05-21 20:00:00+00:00,77625.5,77733.17,77561.63,77627.79,1537,1400,0
2026-05-21 21:00:00+00:00,77628.01,77745.21,77565.68,77603.45,1368,1400,0
2026-05-21 22:00:00+00:00,77607.09,77684.77,77475.2,77553.14,1553,1400,0
2026-05-21 23:00:00+00:00,77554.39,77679.1,77449.37,77555.09,1544,1400,0
2026-05-22 00:00:00+00:00,77555.53,77567.68,77291.22,77309.0,2039,1400,0
2026-05-22 01:00:00+00:00,77314.78,77595.96,77246.47,77544.5,1827,1400,0
2026-05-22 02:00:00+00:00,77545.88,77662.6,77519.43,77592.39,1635,1400,0
2026-05-22 03:00:00+00:00,77591.83,77743.37,77591.83,77708.55,1339,1400,0
2026-05-22 04:00:00+00:00,77707.39,77831.01,77557.16,77574.77,1362,1400,0
2026-05-22 05:00:00+00:00,77575.84,77653.03,77373.66,77413.74,1411,1400,0
2026-05-22 06:00:00+00:00,77412.33,77452.32,77269.38,77345.44,1775,1400,0
2026-05-22 07:00:00+00:00,77346.89,77468.4,77187.29,77320.29,1577,1400,0
2026-05-22 08:00:00+00:00,77323.44,77457.34,77112.54,77189.05,2250,1400,0
2026-05-22 09:00:00+00:00,77190.14,77280.63,77110.2,77217.06,1604,1400,0
2026-05-22 10:00:00+00:00,77210.91,77284.31,77166.87,77227.45,1226,1400,0
2026-05-22 11:00:00+00:00,77232.53,77349.67,77083.46,77349.67,1472,1400,0
2026-05-22 12:00:00+00:00,77348.71,77501.83,77295.7,77438.7,1804,1400,0
2026-05-22 13:00:00+00:00,77442.84,77475.58,77020.76,77203.79,3338,1400,0
2026-05-22 14:00:00+00:00,77201.04,77201.04,76639.47,76673.59,3591,1400,0
2026-05-22 15:00:00+00:00,76672.31,76932.96,76472.61,76696.93,3136,1400,0
2026-05-22 16:00:00+00:00,76688.97,76915.91,76662.87,76861.49,2252,1400,0
2026-05-22 17:00:00+00:00,76864.79,77017.18,76655.62,76655.62,2623,1400,0
2026-05-22 18:00:00+00:00,76662.42,76814.91,75989.44,76441.2,3587,1400,0
2026-05-22 19:00:00+00:00,76441.21,76508.56,75561.84,75781.6,5883,1400,0
2026-05-22 20:00:00+00:00,75781.19,75999.0,75724.8,75891.38,2634,1400,0
2026-05-22 21:00:00+00:00,75894.14,75997.41,75837.81,75883.39,1639,1400,0
2026-05-22 22:00:00+00:00,75884.36,75901.37,75447.67,75646.1,2082,1400,0
2026-05-22 23:00:00+00:00,75653.74,75793.43,75258.07,75453.58,2543,1400,0
2026-05-23 00:00:00+00:00,75456.86,75545.19,75112.88,75268.29,3512,1400,0
2026-05-23 01:00:00+00:00,75273.44,75421.16,75256.88,75401.84,1667,1400,0
2026-05-23 02:00:00+00:00,75410.35,75495.35,75325.19,75479.39,1481,1400,0
2026-05-23 03:00:00+00:00,75474.72,75582.93,75460.48,75544.55,1101,1400,0
2026-05-23 04:00:00+00:00,75540.77,75569.71,75415.89,75453.37,1118,1400,0
2026-05-23 05:00:00+00:00,75453.74,75478.99,75377.19,75401.55,1008,1400,0
2026-05-23 06:00:00+00:00,75403.11,75414.88,75288.17,75309.28,1166,1400,0
2026-05-23 07:00:00+00:00,75312.72,75350.6,74154.51,74528.56,5042,1400,0
2026-05-23 08:00:00+00:00,74534.87,74673.4,74254.82,74588.31,2998,1400,0
2026-05-23 09:00:00+00:00,74596.43,74685.42,74526.77,74583.15,1374,1400,0
2026-05-23 10:00:00+00:00,74580.35,74707.54,74569.95,74627.9,1178,1400,0
2026-05-23 11:00:00+00:00,74625.53,74787.0,74614.98,74702.45,1088,1400,0
2026-05-23 12:00:00+00:00,74710.29,74718.67,74566.76,74668.91,1283,1400,0
2026-05-23 13:00:00+00:00,74668.51,75185.13,74658.91,75129.93,2446,1400,0
2026-05-23 14:00:00+00:00,75126.27,75624.32,75021.9,75435.65,2047,1400,0
2026-05-23 15:00:00+00:00,75438.37,75591.54,75306.0,75425.48,1918,1400,0
2026-05-23 16:00:00+00:00,75425.7,75549.18,75313.28,75341.74,1618,1400,0
2026-05-23 17:00:00+00:00,75353.56,75436.24,75265.93,75396.24,1751,1400,0
2026-05-23 18:00:00+00:00,75398.81,75934.49,75367.64,75748.62,2754,1400,0
2026-05-23 19:00:00+00:00,75748.54,75948.01,75684.92,75892.96,1806,1400,0
2026-05-23 20:00:00+00:00,75887.29,77219.64,75848.84,77179.35,6369,1400,0
2026-05-23 21:00:00+00:00,77173.66,77318.21,76438.84,76708.75,5042,1400,0
2026-05-23 22:00:00+00:00,76718.28,76805.01,76287.19,76475.87,2288,1400,0
2026-05-23 23:00:00+00:00,76475.78,76735.27,76431.38,76638.13,1857,1400,0
2026-05-24 00:00:00+00:00,76657.63,76853.95,76521.24,76738.74,1727,1400,0
2026-05-24 01:00:00+00:00,76745.56,76830.68,76645.48,76791.57,1657,1400,0
2026-05-24 02:00:00+00:00,76788.52,76866.51,76590.67,76721.56,1376,1400,0
2026-05-24 03:00:00+00:00,76715.53,76909.32,76599.5,76639.13,1587,1400,0
2026-05-24 04:00:00+00:00,76643.33,76763.89,76621.22,76684.76,1222,1400,0
2026-05-24 05:00:00+00:00,76680.94,76771.19,76540.78,76715.25,1331,1400,0
2026-05-24 06:00:00+00:00,76713.45,76981.71,76623.71,76889.78,1519,1400,0
2026-05-24 07:00:00+00:00,76889.69,76927.86,76681.49,76717.44,1463,1400,0
2026-05-24 08:00:00+00:00,76712.78,76758.81,76629.98,76721.74,1165,1400,0
2026-05-24 09:00:00+00:00,76722.72,76956.52,76708.16,76923.16,1558,1400,0
2026-05-24 10:00:00+00:00,76923.56,77529.75,76816.56,77084.8,2552,1400,0
2026-05-24 11:00:00+00:00,77080.11,77257.19,77078.09,77218.77,1822,1400,0
2026-05-24 12:00:00+00:00,77218.69,77225.87,76929.13,77014.27,1655,1400,0
2026-05-24 13:00:00+00:00,77017.83,77030.8,76582.48,76695.07,2282,1400,0
2026-05-24 14:00:00+00:00,76696.62,76752.25,76092.61,76364.48,4183,1400,0
2026-05-24 15:00:00+00:00,76361.34,76451.14,76241.74,76283.61,1805,1400,0
2026-05-24 16:00:00+00:00,76285.78,76659.41,76266.9,76574.7,2367,1400,0
2026-05-24 17:00:00+00:00,76579.85,76714.3,76459.35,76597.51,1832,1400,0
2026-05-24 18:00:00+00:00,76593.08,76690.03,76477.31,76555.69,1749,1400,0
2026-05-24 19:00:00+00:00,76555.18,76687.08,76508.39,76667.81,1613,1400,0
2026-05-24 20:00:00+00:00,76668.39,76708.78,76495.5,76560.88,1943,1400,0
2026-05-24 21:00:00+00:00,76565.13,76653.28,75993.72,76047.04,2840,1400,0
2026-05-24 22:00:00+00:00,76048.48,76930.93,76025.03,76716.54,4796,1400,0
2026-05-24 23:00:00+00:00,76716.87,77130.01,76709.71,76981.93,3062,1400,0
2026-05-25 00:00:00+00:00,76984.03,77201.8,76975.4,77058.43,2784,1400,0
2026-05-25 01:00:00+00:00,77061.01,77156.73,76822.02,76858.59,2250,1400,0
2026-05-25 02:00:00+00:00,76861.22,77401.2,76861.22,77016.12,2737,1400,0
2026-05-25 03:00:00+00:00,77013.37,77077.83,76898.28,76929.87,1844,1400,0
2026-05-25 04:00:00+00:00,76929.83,77357.5,76884.8,77297.3,1826,1400,0
2026-05-25 05:00:00+00:00,77297.28,77411.29,77216.68,77315.89,1709,1400,0
2026-05-25 06:00:00+00:00,77319.43,77588.09,77121.25,77339.18,2089,1400,0
2026-05-25 07:00:00+00:00,77341.96,77438.44,77076.13,77311.29,1945,1400,0
2026-05-25 08:00:00+00:00,77309.53,77381.4,77183.99,77364.7,1493,1400,0
2026-05-25 09:00:00+00:00,77363.59,77627.49,77324.09,77515.01,1754,1400,0
2026-05-25 10:00:00+00:00,77508.38,77606.61,77402.63,77462.53,1360,1400,0
2026-05-25 11:00:00+00:00,77463.55,77463.55,77236.63,77282.93,1492,1400,0
2026-05-25 12:00:00+00:00,77282.38,77366.97,77206.9,77285.59,1748,1400,0
2026-05-25 13:00:00+00:00,77287.31,77383.66,77194.35,77259.12,1621,1400,0
2026-05-25 14:00:00+00:00,77259.14,77704.01,77232.3,77634.19,2189,1400,0
2026-05-25 15:00:00+00:00,77637.76,77848.45,77473.99,77544.02,2330,1400,0
2026-05-25 16:00:00+00:00,77543.77,77752.25,77434.75,77653.37,1696,1400,0
2026-05-25 17:00:00+00:00,77653.99,77734.01,77465.52,77487.44,1646,1400,0
2026-05-25 18:00:00+00:00,77487.2,77590.82,77460.1,77484.15,1213,1400,0
2026-05-25 19:00:00+00:00,77489.55,77493.2,77269.31,77359.26,1449,1400,0
2026-05-25 20:00:00+00:00,77355.03,77438.02,77136.08,77204.51,1594,1400,0
2026-05-25 21:00:00+00:00,77217.07,77328.59,77193.53,77306.71,1420,1400,0
2026-05-25 22:00:00+00:00,77309.16,77385.66,76973.83,77046.51,2338,1400,0
2026-05-25 23:00:00+00:00,77045.07,77305.24,77000.1,77242.51,1592,1400,0
2026-05-26 00:00:00+00:00,77243.33,77281.8,76493.99,76713.45,3178,1400,0
2026-05-26 01:00:00+00:00,76708.25,76816.49,76497.43,76671.4,2676,1400,0
2026-05-26 02:00:00+00:00,76686.76,76753.35,76423.08,76590.07,2151,1400,0
2026-05-26 03:00:00+00:00,76587.25,76636.62,76382.27,76582.19,1760,1400,0
2026-05-26 04:00:00+00:00,76586.71,76744.48,76521.44,76659.81,1414,1400,0
2026-05-26 05:00:00+00:00,76659.73,76904.52,76619.0,76831.77,1394,1400,0
2026-05-26 06:00:00+00:00,76829.69,76984.27,76684.11,76831.54,1671,1400,0
2026-05-26 07:00:00+00:00,76831.13,76848.03,76503.98,76623.39,1753,1400,0
2026-05-26 08:00:00+00:00,76634.62,76764.34,76590.98,76639.3,1377,1400,0
2026-05-26 09:00:00+00:00,76635.13,76729.95,76549.57,76587.68,1525,1400,0
2026-05-26 10:00:00+00:00,76587.57,77543.94,76477.5,77336.47,4206,1400,0
2026-05-26 11:00:00+00:00,77337.52,77426.73,77078.9,77101.67,2167,1400,0
2026-05-26 12:00:00+00:00,77101.86,77152.48,76792.58,77049.31,2249,1400,0
2026-05-26 13:00:00+00:00,77051.19,77376.18,76577.57,77142.02,4100,1400,0
2026-05-26 14:00:00+00:00,77144.83,78001.56,76622.76,76818.69,7637,1400,0
2026-05-26 15:00:00+00:00,76810.65,76923.84,76164.74,76399.58,5711,1400,0
2026-05-26 16:00:00+00:00,76407.25,76610.66,76094.58,76462.96,3731,1400,0
2026-05-26 17:00:00+00:00,76454.7,76545.78,75732.78,75822.61,4129,1400,0
2026-05-26 18:00:00+00:00,75828.37,76172.78,75632.01,75724.62,2720,1400,0
2026-05-26 19:00:00+00:00,75723.98,75971.59,75673.73,75917.44,2125,1400,0
2026-05-26 20:00:00+00:00,75922.54,76075.3,75873.37,76008.52,1816,1400,0
2026-05-26 21:00:00+00:00,76008.22,76016.5,75734.81,75794.99,1510,1400,0
2026-05-26 22:00:00+00:00,75795.95,75900.33,75551.08,75633.96,2139,1400,0
2026-05-26 23:00:00+00:00,75634.15,75885.11,75634.15,75823.21,1751,1400,0
2026-05-27 00:00:00+00:00,75823.3,75983.96,75760.87,75966.0,1838,1400,0
2026-05-27 01:00:00+00:00,75971.7,76004.42,75703.15,75762.2,1915,1400,0
2026-05-27 02:00:00+00:00,75764.85,75792.08,75565.35,75757.88,1813,1400,0
2026-05-27 03:00:00+00:00,75753.94,75844.54,75465.92,75545.08,1842,1400,0
2026-05-27 04:00:00+00:00,75543.65,75590.06,75184.06,75438.69,2177,1400,0
2026-05-27 05:00:00+00:00,75440.74,75625.65,75440.74,75589.19,1761,1400,0
2026-05-27 06:00:00+00:00,75587.16,75782.34,75555.51,75712.48,1633,1400,0
2026-05-27 07:00:00+00:00,75711.83,75857.24,75632.14,75845.82,1574,1400,0
2026-05-27 08:00:00+00:00,75837.91,75956.98,75714.91,75756.58,1608,1400,0
2026-05-27 09:00:00+00:00,75752.98,75858.93,75578.24,75790.48,1561,1400,0
2026-05-27 10:00:00+00:00,75799.27,75921.7,75739.08,75778.34,1541,1400,0
2026-05-27 11:00:00+00:00,75777.64,75909.03,75622.77,75646.76,1678,1400,0
2026-05-27 12:00:00+00:00,75648.57,76057.55,75433.51,75570.1,3471,1400,0
2026-05-27 13:00:00+00:00,75563.6,75645.81,74729.55,74937.95,6084,1400,0
2026-05-27 14:00:00+00:00,74939.14,75136.4,74626.32,74893.03,5106,1400,0
2026-05-27 15:00:00+00:00,74895.52,75392.56,74838.32,75199.2,3790,1400,0
2026-05-27 16:00:00+00:00,75201.81,75279.86,74858.7,75170.08,2874,1400,0
2026-05-27 17:00:00+00:00,75172.17,75222.42,74537.48,74728.68,3506,1400,0
2026-05-27 18:00:00+00:00,74728.06,74890.85,74514.3,74888.11,2893,1400,0
2026-05-27 19:00:00+00:00,74885.88,74963.99,74791.37,74921.74,2185,1400,0
2026-05-27 20:00:00+00:00,74921.83,75285.2,74901.01,75126.82,1777,1400,0
2026-05-27 21:00:00+00:00,75126.74,75132.64,74222.1,74366.31,4468,1400,0
2026-05-27 22:00:00+00:00,74368.98,74654.71,74139.08,74314.7,4096,1400,0
2026-05-27 23:00:00+00:00,74315.39,74452.79,74114.68,74323.57,2482,1400,0
2026-05-28 00:00:00+00:00,74318.14,74461.11,74234.07,74433.89,2480,1400,0
2026-05-28 01:00:00+00:00,74436.82,74464.24,74011.66,74219.25,3547,1400,0
2026-05-28 02:00:00+00:00,74219.62,74283.06,73980.48,74161.09,2683,1400,0
2026-05-28 03:00:00+00:00,74169.52,74255.12,72951.38,73139.0,6855,1400,0
2026-05-28 04:00:00+00:00,73138.94,73141.9,72581.31,73050.41,4817,1400,0
2026-05-28 05:00:00+00:00,73056.42,73056.42,72778.01,72874.62,2475,1400,0
2026-05-28 06:00:00+00:00,72874.46,73091.23,72632.14,73078.34,2273,1400,0
2026-05-28 07:00:00+00:00,73083.57,73383.76,73013.51,73355.92,2055,1400,0
2026-05-28 08:00:00+00:00,73355.42,73373.12,73061.63,73196.92,1935,1400,0
2026-05-28 09:00:00+00:00,73195.35,73442.37,73126.23,73407.62,1727,1400,0
2026-05-28 10:00:00+00:00,73407.54,73503.62,73214.37,73265.72,1772,1400,0
2026-05-28 11:00:00+00:00,73264.52,73411.36,73178.94,73379.63,1751,1400,0
2026-05-28 12:00:00+00:00,73381.15,73459.34,73116.55,73400.89,2129,1400,0
2026-05-28 13:00:00+00:00,73399.06,73458.91,72630.18,72883.76,4214,1400,0
2026-05-28 14:00:00+00:00,72884.74,73450.64,72446.99,72896.33,8215,1400,0
2026-05-28 15:00:00+00:00,72902.82,73063.08,72556.45,72799.99,3764,1400,0
2026-05-28 16:00:00+00:00,72797.0,73321.52,72591.0,73318.93,3656,1400,0
2026-05-28 17:00:00+00:00,73328.46,73638.46,73180.5,73440.88,2816,1400,0
2026-05-28 18:00:00+00:00,73440.64,73645.01,73388.91,73533.7,2339,1400,0
2026-05-28 19:00:00+00:00,73534.71,73534.71,73252.13,73304.37,2031,1400,0
2026-05-28 20:00:00+00:00,73301.62,73616.92,73122.53,73467.59,2098,1400,0
2026-05-28 21:00:00+00:00,73471.28,73817.16,73449.83,73717.97,1836,1400,0
2026-05-28 22:00:00+00:00,73715.28,73860.04,73337.8,73379.32,1660,1400,0
2026-05-28 23:00:00+00:00,73379.22,73614.68,73377.28,73510.53,1364,1400,0
2026-05-29 00:00:00+00:00,73516.58,73759.96,73514.23,73626.6,2037,1400,0
2026-05-29 01:00:00+00:00,73632.06,73771.07,73350.61,73481.95,2083,1400,0
2026-05-29 02:00:00+00:00,73479.15,73545.9,73076.35,73123.94,2008,1400,0
2026-05-29 03:00:00+00:00,73125.86,73356.03,73125.86,73200.23,1676,1400,0
2026-05-29 04:00:00+00:00,73200.16,73410.72,73090.92,73394.99,1638,1400,0
2026-05-29 05:00:00+00:00,73394.53,73626.05,73377.19,73593.0,1755,1400,0
2026-05-29 06:00:00+00:00,73594.99,73843.22,73527.68,73686.43,1587,1400,0
2026-05-29 07:00:00+00:00,73687.55,73727.57,73267.59,73431.99,1785,1400,0
2026-05-29 08:00:00+00:00,73422.56,73739.77,73408.02,73563.56,1887,1400,0
2026-05-29 09:00:00+00:00,73563.49,73802.36,73541.15,73648.12,1545,1400,0
2026-05-29 10:00:00+00:00,73647.94,73648.18,73481.25,73528.56,1336,1400,0
2026-05-29 11:00:00+00:00,73526.5,73601.56,73235.24,73379.91,1614,1400,0
2026-05-29 12:00:00+00:00,73382.09,73382.09,73092.87,73190.15,1977,1400,0
2026-05-29 13:00:00+00:00,73190.08,73237.0,72787.71,73039.35,4030,1400,0
2026-05-29 14:00:00+00:00,73042.2,73124.76,72378.42,72976.15,6538,1400,0
2026-05-29 15:00:00+00:00,72979.16,74104.87,72877.32,73700.32,7428,1400,0
2026-05-29 16:00:00+00:00,73701.55,74026.9,73452.32,73952.6,4338,1400,0
2026-05-29 17:00:00+00:00,73961.53,74228.51,73794.6,73858.4,3351,1400,0
2026-05-29 18:00:00+00:00,73868.61,73963.57,73063.25,73271.81,3625,1400,0
2026-05-29 19:00:00+00:00,73269.87,73630.13,73125.0,73408.95,2755,1400,0
2026-05-29 20:00:00+00:00,73407.11,73670.0,73402.37,73585.36,1988,1400,0
2026-05-29 21:00:00+00:00,73580.6,73757.76,73286.84,73315.05,1779,1400,0
2026-05-29 22:00:00+00:00,73314.96,73472.47,73262.9,73375.81,1557,1400,0
2026-05-29 23:00:00+00:00,73369.44,73418.46,73209.76,73364.58,1497,1400,0
2026-05-30 00:00:00+00:00,73373.48,73479.53,73298.0,73403.52,1574,1400,0
2026-05-30 01:00:00+00:00,73403.71,73573.08,73360.69,73559.8,1253,1400,0
2026-05-30 02:00:00+00:00,73555.2,73687.34,73506.34,73681.28,1090,1400,0
2026-05-30 03:00:00+00:00,73682.26,73698.86,73422.92,73439.9,1225,1400,0
