time,open,high,low,close,tick_volume,spread,real_volume
2024-02-16 20:00:00+00:00,51697.05,52224.43,51614.04,52112.97,21504,3014,0
2024-02-17 00:00:00+00:00,52105.78,52170.19,51816.59,51915.59,18368,2873,0
2024-02-17 04:00:00+00:00,51919.55,52035.27,51743.84,51865.57,17705,3050,0
2024-02-17 08:00:00+00:00,51870.71,51874.4,51424.75,51634.99,21520,2918,0
2024-02-17 12:00:00+00:00,51636.95,51683.77,50570.03,50938.39,30093,4207,0
2024-02-17 16:00:00+00:00,50934.17,51410.36,50671.77,51354.5,23179,4247,0
2024-02-17 20:00:00+00:00,51358.72,51962.69,51258.3,51613.87,23136,3609,0
2024-02-18 00:00:00+00:00,51571.32,51753.28,51105.88,51442.34,22220,3353,0
2024-02-18 04:00:00+00:00,51436.44,51701.88,51358.66,51626.3,19402,2820,0
2024-02-18 08:00:00+00:00,51621.64,52041.67,51569.02,51781.04,20057,2604,0
2024-02-18 12:00:00+00:00,51783.17,51900.1,51472.8,51737.0,20631,2748,0
2024-02-18 16:00:00+00:00,51739.13,51926.75,51596.7,51737.63,20852,2683,0
2024-02-18 20:00:00+00:00,51738.45,52353.36,51550.13,52041.66,23419,2709,0
2024-02-19 00:00:00+00:00,52065.14,52381.57,51841.11,52004.02,23621,2782,0
2024-02-19 04:00:00+00:00,52002.18,52474.46,51909.01,52374.74,22918,2603,0
2024-02-19 08:00:00+00:00,52379.66,52439.29,52002.6,52308.0,24727,2603,0
2024-02-19 12:00:00+00:00,52304.46,52440.8,51950.97,52076.87,25747,2602,0
2024-02-19 16:00:00+00:00,52077.11,52173.78,51603.8,51745.07,25962,2901,0
2024-02-19 20:00:00+00:00,51743.84,52045.03,51614.23,51704.75,21340,3266,0
2024-02-20 00:00:00+00:00,51708.52,51763.28,51223.38,51537.02,24020,3285,0
2024-02-20 04:00:00+00:00,51536.08,51984.62,51459.19,51784.14,22083,2944,0
2024-02-20 08:00:00+00:00,51778.34,52356.05,51477.06,52244.7,26829,2633,0
2024-02-20 12:00:00+00:00,52246.61,52925.83,51290.83,51626.74,37819,2604,0
2024-02-20 16:00:00+00:00,51622.67,52051.04,50675.25,52016.35,30742,3567,0
2024-02-20 20:00:00+00:00,52019.38,52496.64,51806.86,52190.47,25016,3217,0
2024-02-21 00:00:00+00:00,52194.46,52321.5,51901.88,51933.87,19636,3150,0
2024-02-21 04:00:00+00:00,51934.47,52065.74,51421.11,51516.23,21496,3267,0
2024-02-21 08:00:00+00:00,51519.88,51740.75,50728.06,50907.77,29063,3662,0
2024-02-21 12:00:00+00:00,50914.23,51408.0,50495.01,51102.81,36530,3575,0
2024-02-21 16:00:00+00:00,51100.11,51400.34,50537.99,51006.6,30960,3464,0
2024-02-21 20:00:00+00:00,51009.86,51913.7,50801.56,51775.6,24192,3180,0
2024-02-22 00:00:00+00:00,51821.76,51842.6,51103.06,51539.74,22572,3123,0
2024-02-22 04:00:00+00:00,51535.65,51859.92,51253.78,51751.18,21735,3089,0
2024-02-22 08:00:00+00:00,51756.78,51980.71,51460.88,51581.27,23674,3240,0
2024-02-22 12:00:00+00:00,51580.97,51695.11,50865.93,51536.99,29149,3417,0
2024-02-22 16:00:00+00:00,51536.57,51695.55,51341.14,51465.22,23573,3571,0
2024-02-22 20:00:00+00:00,51466.03,52022.5,51145.28,51277.17,25443,3390,0
2024-02-23 00:00:00+00:00,51207.07,51509.63,50875.81,51049.44,23105,3851,0
2024-02-23 04:00:00+00:00,51046.16,51259.86,50812.69,50865.25,21290,4259,0
2024-02-23 08:00:00+00:00,50865.34,51224.82,50759.42,51174.47,22915,4245,0
2024-02-23 12:00:00+00:00,51170.04,51258.67,50721.3,50872.57,27942,4169,0
2024-02-23 16:00:00+00:00,50874.77,51165.03,50564.66,51079.86,24744,4372,0
2024-02-23 20:00:00+00:00,51073.96,51128.3,50450.63,50690.89,20051,4338,0
2024-02-24 00:00:00+00:00,50702.09,50875.75,50502.44,50804.26,19570,4609,0
2024-02-24 04:00:00+00:00,50805.29,51051.66,50766.87,51034.67,15521,4299,0
2024-02-24 08:00:00+00:00,51027.94,51113.94,50894.85,51055.9,16122,4217,0
2024-02-24 12:00:00+00:00,51055.79,51110.09,50969.07,51042.76,16018,3786,0
2024-02-24 16:00:00+00:00,51043.43,51654.64,51029.43,51535.18,19463,3428,0
2024-02-24 20:00:00+00:00,51537.64,51648.72,51383.14,51542.29,16952,3267,0
2024-02-25 00:00:00+00:00,51529.22,51859.25,51389.61,51603.97,18415,3132,0
2024-02-25 04:00:00+00:00,51603.74,51779.79,51475.94,51678.04,16411,3265,0
2024-02-25 08:00:00+00:00,51674.06,51731.03,51476.96,51605.46,15959,3234,0
2024-02-25 12:00:00+00:00,51605.68,51729.32,51376.52,51461.38,16951,3226,0
2024-02-25 16:00:00+00:00,51463.5,51697.73,51187.14,51617.99,18677,3788,0
2024-02-25 20:00:00+00:00,51616.1,51927.61,51572.42,51670.05,18591,3648,0
2024-02-26 00:00:00+00:00,51664.27,51739.39,51338.93,51496.71,18317,3887,0
2024-02-26 04:00:00+00:00,51500.2,51567.32,51217.25,51244.87,16679,4298,0
2024-02-26 08:00:00+00:00,51243.98,51345.4,50848.85,51023.43,21590,4485,0
2024-02-26 12:00:00+00:00,51027.79,52873.96,50865.17,52863.99,25609,2680,0
2024-02-26 16:00:00+00:00,52862.1,54469.7,52743.15,54442.78,28789,2604,0
2024-02-26 20:00:00+00:00,54435.06,54851.06,54231.26,54467.24,26293,2603,0
2024-02-27 00:00:00+00:00,54448.23,56967.56,54404.76,55632.67,31065,2613,0
2024-02-27 04:00:00+00:00,55634.77,56438.89,55496.72,56052.89,24894,3172,0
2024-02-27 08:00:00+00:00,56057.29,56810.49,56003.49,56510.55,26750,3100,0
2024-02-27 12:00:00+00:00,56512.72,57384.14,56444.79,56739.49,40950,3102,0
2024-02-27 16:00:00+00:00,56741.2,57617.26,56206.92,57341.13,35542,3043,0
2024-02-27 20:00:00+00:00,57336.99,57376.41,56558.45,57053.73,28432,3691,0
2024-02-28 00:00:00+00:00,57055.65,57128.52,56658.1,56896.95,23542,3617,0
2024-02-28 04:00:00+00:00,56901.86,58336.44,56852.91,58217.44,25541,3159,0
2024-02-28 08:00:00+00:00,58222.66,59468.18,58136.95,58929.87,41147,2963,0
2024-02-28 12:00:00+00:00,58933.8,61301.88,58875.5,60898.3,43351,2859,0
2024-02-28 16:00:00+00:00,60900.7,63943.86,58619.2,60865.64,60441,3440,0
2024-02-28 20:00:00+00:00,60870.95,62689.26,59721.51,62462.4,36795,3524,0
2024-02-29 00:00:00+00:00,62446.55,62453.51,60938.38,61545.26,37561,4246,0
2024-02-29 04:00:00+00:00,61535.92,63645.78,61244.0,62702.03,43053,3415,0
2024-02-29 08:00:00+00:00,62698.91,63303.43,62061.47,62871.98,38740,3441,0
2024-02-29 12:00:00+00:00,62878.81,63573.62,61993.97,62750.1,40501,3151,0
2024-02-29 16:00:00+00:00,62752.22,62885.05,60290.19,61586.0,55648,3436,0
2024-02-29 20:00:00+00:00,61592.35,62309.47,60596.73,61159.12,41363,3319,0
2024-03-01 00:00:00+00:00,61147.36,61753.35,60690.87,61003.18,33290,3998,0
2024-03-01 04:00:00+00:00,61014.07,61789.29,60976.65,61401.48,28282,3906,0
2024-03-01 08:00:00+00:00,61396.5,62267.28,61298.52,61846.09,31608,3574,0
2024-03-01 12:00:00+00:00,61844.22,62694.85,61014.9,61218.57,40499,3722,0
2024-03-01 16:00:00+00:00,61215.82,62467.99,61161.43,62186.0,33483,3726,0
2024-03-01 20:00:00+00:00,62190.86,63181.69,62190.86,62355.61,27262,3275,0
2024-03-02 00:00:00+00:00,62372.59,62437.56,61913.53,62278.11,26660,3362,0
2024-03-02 04:00:00+00:00,62278.87,62294.85,61740.05,62013.27,25296,3030,0
2024-03-02 08:00:00+00:00,62019.97,62145.41,61642.95,61835.84,24073,4457,0
2024-03-02 12:00:00+00:00,61836.21,62179.59,61550.36,61759.51,23124,4626,0
2024-03-02 16:00:00+00:00,61763.01,62138.06,61633.75,62133.87,19315,4407,0
2024-03-02 20:00:00+00:00,62133.7,62222.02,61675.97,61984.41,19999,4452,0
2024-03-03 00:00:00+00:00,61975.98,61994.28,61596.37,61901.38,18921,4517,0
2024-03-03 04:00:00+00:00,61900.64,62086.3,61296.1,61577.68,20711,3952,0
2024-03-03 08:00:00+00:00,61574.1,61890.98,61367.58,61812.83,22453,4577,0
2024-03-03 12:00:00+00:00,61811.62,62638.53,61770.25,62155.9,30166,3365,0
2024-03-03 16:00:00+00:00,62156.19,63032.27,62056.45,62755.48,27807,2926,0
2024-03-03 20:00:00+00:00,62755.11,63257.98,62588.13,63157.06,24681,2935,0
2024-03-04 00:00:00+00:00,63136.54,64283.3,62331.47,63483.39,44378,2838,0
2024-03-04 04:00:00+00:00,63486.14,64307.57,63212.12,64069.22,28376,2928,0
2024-03-04 08:00:00+00:00,64065.25,65549.33,64001.38,65227.47,45511,2793,0
2024-03-04 12:00:00+00:00,65232.15,66622.46,64614.25,66447.24,45637,2690,0
2024-03-04 16:00:00+00:00,66446.13,67506.6,66031.84,67421.42,49894,2801,0
2024-03-04 20:00:00+00:00,67417.14,68482.17,66756.14,68270.82,39418,2743,0
2024-03-05 00:00:00+00:00,68250.79,68694.06,67536.8,68157.88,33278,2711,0
2024-03-05 04:00:00+00:00,68156.63,68359.96,65024.16,66143.09,42206,2648,0
2024-03-05 08:00:00+00:00,66149.99,67139.71,65486.68,66616.46,38456,2937,0
2024-03-05 12:00:00+00:00,66617.89,69156.55,66322.94,66688.32,49492,2600,0
2024-03-05 16:00:00+00:00,66694.93,66917.31,59187.01,61369.82,79201,2794,0
2024-03-05 20:00:00+00:00,61375.32,64420.55,61237.16,63731.53,62344,3959,0
2024-03-06 00:00:00+00:00,63738.64,64201.22,62741.99,63240.48,40885,4738,0
2024-03-06 04:00:00+00:00,63240.51,66748.5,63231.55,66620.52,46642,4593,0
2024-03-06 08:00:00+00:00,66624.88,67648.0,65982.58,67326.12,54029,4282,0
2024-03-06 12:00:00+00:00,67333.92,67605.47,64603.85,66458.66,68731,3919,0
2024-03-06 16:00:00+00:00,66464.97,67570.43,66232.22,66786.96,52775,4120,0
2024-03-06 20:00:00+00:00,66792.83,67483.88,65649.08,66032.92,36996,4089,0
2024-03-07 00:00:00+00:00,66062.78,66476.83,65542.9,65819.53,37687,4780,0
2024-03-07 04:00:00+00:00,65823.58,66452.38,65607.22,66364.55,37232,5126,0
2024-03-07 08:00:00+00:00,66371.05,67279.38,66304.1,66897.27,37581,5135,0
2024-03-07 12:00:00+00:00,66896.51,67976.97,66528.0,67278.5,40265,4815,0
2024-03-07 16:00:00+00:00,67274.47,68066.72,67030.92,67540.78,37460,4667,0
2024-03-07 20:00:00+00:00,67536.86,68012.84,66815.77,66862.06,30149,4447,0
2024-03-08 00:00:00+00:00,66851.84,67307.77,66763.47,67166.91,25215,5175,0
2024-03-08 04:00:00+00:00,67161.48,67695.22,66760.09,67291.29,24059,5171,0
2024-03-08 08:00:00+00:00,67292.97,67781.31,67073.51,67740.25,24367,5249,0
2024-03-08 12:00:00+00:00,67740.93,69991.55,67247.45,67626.83,37232,4221,0
2024-03-08 16:00:00+00:00,67635.96,68955.55,66135.02,68944.86,48065,4698,0
2024-03-08 20:00:00+00:00,68941.09,69428.03,67904.61,68212.6,31383,4385,0
2024-03-09 00:00:00+00:00,68189.64,68384.92,67927.18,68312.33,19902,4661,0
2024-03-09 04:00:00+00:00,68317.7,68635.57,68138.9,68347.51,18059,3017,0
2024-03-09 08:00:00+00:00,68342.8,68544.75,67993.18,68386.52,19879,5242,0
2024-03-09 12:00:00+00:00,68390.92,68632.27,68143.7,68367.68,19384,5226,0
2024-03-09 16:00:00+00:00,68368.89,68445.7,68039.19,68275.58,19513,5308,0
2024-03-09 20:00:00+00:00,68267.52,68520.61,68251.97,68400.0,16725,5279,0
2024-03-10 00:00:00+00:00,68390.01,69297.41,68259.0,69131.39,24783,4883,0
2024-03-10 04:00:00+00:00,69130.69,69664.79,69005.49,69399.17,21567,4082,0
2024-03-10 08:00:00+00:00,69397.32,69950.61,69175.16,69592.2,27503,3963,0
2024-03-10 12:00:00+00:00,69594.81,69896.55,68721.56,69248.79,30034,3911,0
2024-03-10 16:00:00+00:00,69248.44,69803.79,69160.83,69412.39,22821,5036,0
2024-03-10 20:00:00+00:00,69415.89,69492.88,68109.12,68962.05,29392,5254,0
2024-03-11 00:00:00+00:00,68960.68,68985.77,67033.37,68556.61,38836,5068,0
2024-03-11 04:00:00+00:00,68565.49,71234.36,68380.28,70991.77,34537,4515,0
2024-03-11 08:00:00+00:00,70999.16,72228.83,70972.98,71445.74,36908,3898,0
2024-03-11 12:00:00+00:00,71454.7,72591.17,71248.0,71954.35,46017,4057,0
2024-03-11 16:00:00+00:00,71962.29,72750.75,71709.23,71983.06,34982,3416,0
2024-03-11 20:00:00+00:00,71976.77,72665.02,71794.57,72062.28,25360,4042,0
2024-03-12 00:00:00+00:00,72046.88,72452.88,71256.6,71562.96,29181,4746,0
2024-03-12 04:00:00+00:00,71572.52,72309.15,71211.66,72087.06,32832,5318,0
2024-03-12 08:00:00+00:00,72076.89,72276.92,71331.17,71947.55,29406,5396,0
2024-03-12 12:00:00+00:00,71949.09,72873.86,70772.75,71571.36,40807,4864,0
2024-03-12 16:00:00+00:00,71577.07,71726.84,68434.43,71285.83,54542,5334,0
2024-03-12 20:00:00+00:00,71289.04,71463.17,70510.24,71378.57,23916,5398,0
2024-03-13 00:00:00+00:00,71346.91,72194.71,71162.07,71993.61,25984,5393,0
2024-03-13 04:00:00+00:00,72003.01,73123.74,71855.61,72861.11,26465,4523,0
2024-03-13 08:00:00+00:00,72872.33,73657.22,72848.44,73035.9,28279,5104,0
2024-03-13 12:00:00+00:00,73035.64,73167.88,71302.26,72602.6,41608,5422,0
2024-03-13 16:00:00+00:00,72597.93,73389.43,72301.4,73355.93,31661,5469,0
2024-03-13 20:00:00+00:00,73359.58,73437.01,72761.48,73004.54,23620,5471,0
2024-03-14 00:00:00+00:00,73030.99,73272.0,72439.63,73186.24,24195,5838,0
2024-03-14 04:00:00+00:00,73186.92,73706.93,72606.93,73172.78,28639,4893,0
2024-03-14 08:00:00+00:00,73175.21,73503.34,72540.9,72820.82,25999,5294,0
2024-03-14 12:00:00+00:00,72820.71,73001.32,70408.13,70762.23,44697,5435,0
2024-03-14 16:00:00+00:00,70753.13,71364.73,68436.14,69272.41,57561,5337,0
2024-03-14 20:00:00+00:00,69263.15,71657.5,69146.22,71313.64,37746,5367,0
2024-03-15 00:00:00+00:00,71300.98,72395.27,66529.61,68192.05,56119,5262,0
2024-03-15 04:00:00+00:00,68198.83,68806.37,66867.59,68339.26,59328,5299,0
2024-03-15 08:00:00+00:00,68350.08,68545.85,65465.36,67714.82,70125,5221,0
2024-03-15 12:00:00+00:00,67718.99,68713.09,67363.17,68155.94,56150,5255,0
2024-03-15 16:00:00+00:00,68151.59,70594.58,67391.66,68965.72,58734,5195,0
2024-03-15 20:00:00+00:00,68962.0,69786.85,67390.92,69382.62,44333,5195,0
2024-03-16 00:00:00+00:00,69490.33,70102.88,68901.7,69196.47,34499,4635,0
2024-03-16 04:00:00+00:00,69194.72,69460.17,68548.49,69416.18,27334,5039,0
2024-03-16 08:00:00+00:00,69419.31,69427.28,67639.8,68250.54,31414,5010,0
2024-03-16 12:00:00+00:00,68240.94,68452.15,67410.73,68337.62,33084,5309,0
2024-03-16 16:00:00+00:00,68339.04,68386.15,66564.53,66812.69,42541,5267,0
2024-03-16 20:00:00+00:00,66811.77,67483.79,64721.77,65251.93,53238,5196,0
2024-03-17 00:00:00+00:00,65193.9,66556.17,65044.3,66495.23,44762,5200,0
2024-03-17 04:00:00+00:00,66489.24,66526.87,64464.39,65546.56,41195,5169,0
2024-03-17 08:00:00+00:00,65538.76,67449.16,65168.99,66895.83,44230,5002,0
2024-03-17 12:00:00+00:00,66889.86,68086.55,66322.76,67922.45,40125,5180,0
2024-03-17 16:00:00+00:00,67918.67,68642.21,67718.62,68493.68,33060,4268,0
2024-03-17 20:00:00+00:00,68500.91,68884.25,67909.83,68362.74,34812,4199,0
2024-03-18 00:00:00+00:00,68356.86,68408.05,66727.43,67932.59,45540,4616,0
2024-03-18 04:00:00+00:00,67934.89,68904.26,67614.77,68125.15,38473,4579,0
2024-03-18 08:00:00+00:00,68132.86,68431.06,67237.88,68197.93,42378,5009,0
2024-03-18 12:00:00+00:00,68193.59,68559.49,66515.62,67433.46,53147,4738,0
2024-03-18 16:00:00+00:00,67443.15,68081.25,66530.84,66883.76,48800,5188,0
2024-03-18 20:00:00+00:00,66882.02,67992.94,66882.02,67552.59,32949,5057,0
2024-03-19 00:00:00+00:00,67576.46,68118.46,64792.21,65835.66,58252,5134,0
2024-03-19 04:00:00+00:00,65828.42,65944.45,63523.13,64599.36,55360,5158,0
2024-03-19 08:00:00+00:00,64604.93,64617.4,62407.11,63018.47,60967,5099,0
2024-03-19 12:00:00+00:00,63021.36,64053.54,62322.2,63934.75,54492,5106,0
2024-03-19 16:00:00+00:00,63928.97,65747.36,63825.12,64352.84,49078,4866,0
2024-03-19 20:00:00+00:00,64357.03,64492.45,61477.86,61930.35,47594,4922,0
2024-03-20 00:00:00+00:00,61908.96,63437.3,61558.03,61835.2,55409,4958,0
2024-03-20 04:00:00+00:00,61832.85,63197.25,60724.29,62974.14,53218,4540,0
2024-03-20 08:00:00+00:00,62970.29,63913.91,62602.58,63367.66,38727,4081,0
2024-03-20 12:00:00+00:00,63372.93,64382.38,63028.71,63592.95,47319,4168,0
2024-03-20 16:00:00+00:00,63593.76,65970.28,62016.54,65749.07,65333,4135,0
2024-03-20 20:00:00+00:00,65746.64,68156.75,65623.52,67925.95,56087,4249,0
2024-03-21 00:00:00+00:00,67838.34,68230.85,66339.25,66648.37,43668,4272,0
2024-03-21 04:00:00+00:00,66647.0,67364.03,66050.78,66988.59,42319,4509,0
2024-03-21 08:00:00+00:00,66993.35,67689.76,66631.79,67021.63,39081,4249,0
2024-03-21 12:00:00+00:00,67016.59,67707.04,66021.63,66560.25,49299,4234,0
2024-03-21 16:00:00+00:00,66565.33,66981.9,64818.1,65207.68,48824,3169,0
2024-03-21 20:00:00+00:00,65199.35,65895.32,64526.92,65458.96,39985,4437,0
2024-03-22 00:00:00+00:00,65476.34,66154.13,65070.85,65961.88,37121,4437,0
2024-03-22 04:00:00+00:00,65967.06,66664.69,65715.03,66184.19,29316,4037,0
2024-03-22 08:00:00+00:00,66183.85,66379.76,64025.89,64241.73,36415,4378,0
2024-03-22 12:00:00+00:00,64232.97,64624.05,62507.3,63828.46,56275,3675,0
2024-03-22 16:00:00+00:00,63832.02,64158.93,62683.77,63840.51,42672,5007,0
2024-03-22 20:00:00+00:00,63846.86,63988.94,62223.46,63773.02,37625,4897,0
2024-03-23 00:00:00+00:00,63790.2,64344.15,62968.86,63536.61,28280,4391,0
2024-03-23 04:00:00+00:00,63532.68,64857.37,63480.4,64586.58,27223,3394,0
2024-03-23 08:00:00+00:00,64586.67,64882.74,64175.4,64653.95,27691,2627,0
2024-03-23 12:00:00+00:00,64653.75,65431.24,64275.55,65108.56,31340,2639,0
2024-03-23 16:00:00+00:00,65113.98,66032.34,64766.24,64850.38,29169,2616,0
2024-03-23 20:00:00+00:00,64850.57,65208.79,63893.53,64097.51,25008,2632,0
2024-03-24 00:00:00+00:00,64007.13,64725.61,63933.28,64000.41,26584,2635,0
2024-03-24 04:00:00+00:00,64003.06,64572.43,63775.2,64552.61,23748,3401,0
2024-03-24 08:00:00+00:00,64557.12,65381.42,64464.2,65358.4,27625,3026,0
2024-03-24 12:00:00+00:00,65362.14,65957.81,65211.07,65681.38,29169,2616,0
2024-03-24 16:00:00+00:00,65685.37,66061.56,64581.74,65843.25,32910,2600,0
2024-03-24 20:00:00+00:00,65849.73,67618.7,65717.43,67213.48,36095,2663,0
2024-03-25 00:00:00+00:00,67217.83,67339.85,66368.85,67326.73,33444,2931,0
2024-03-25 04:00:00+00:00,67319.72,67740.81,66745.08,66873.92,28643,3168,0
2024-03-25 08:00:00+00:00,66873.6,67401.56,66760.32,66841.67,27827,3031,0
2024-03-25 12:00:00+00:00,66843.09,70026.67,66799.01,69797.24,45293,3039,0
2024-03-25 16:00:00+00:00,69806.2,71032.19,69433.89,70987.98,36701,3020,0
2024-03-25 20:00:00+00:00,70979.76,71133.81,69546.8,69888.2,32622,3111,0
2024-03-26 00:00:00+00:00,69888.32,70600.64,69671.61,70423.33,28204,3577,0
2024-03-26 04:00:00+00:00,70425.77,71488.21,70232.97,70502.41,25062,4173,0
2024-03-26 08:00:00+00:00,70504.95,71262.09,70269.21,70670.45,28032,5006,0
2024-03-26 12:00:00+00:00,70677.77,71112.71,69277.86,70230.48,41103,4523,0
2024-03-26 16:00:00+00:00,70237.87,70499.31,69402.56,69473.38,36611,4467,0
2024-03-26 20:00:00+00:00,69468.18,70290.22,69351.72,69978.77,30111,4502,0
2024-03-27 00:00:00+00:00,69970.67,70725.14,69792.11,70326.68,27719,4437,0
2024-03-27 04:00:00+00:00,70321.81,70544.34,69614.35,69722.51,25500,4470,0
2024-03-27 08:00:00+00:00,69718.74,70314.51,69415.36,70203.55,27376,5330,0
2024-03-27 12:00:00+00:00,70204.59,71656.93,68441.5,68796.19,49574,5234,0
2024-03-27 16:00:00+00:00,68798.87,69426.96,68299.03,68573.76,42899,5291,0
2024-03-27 20:00:00+00:00,68582.25,69599.93,68541.59,69422.83,31123,5342,0
2024-03-28 00:00:00+00:00,69404.3,69943.72,68836.41,69262.06,33621,5353,0
2024-03-28 04:00:00+00:00,69259.2,70398.34,69202.62,70321.54,28840,5344,0
2024-03-28 08:00:00+00:00,70326.3,70902.4,70226.5,70568.35,30289,4932,0
2024-03-28 12:00:00+00:00,70572.12,71541.01,70279.33,71266.69,39401,4719,0
2024-03-28 16:00:00+00:00,71269.95,71283.98,70318.16,70772.82,31080,5240,0
2024-03-28 20:00:00+00:00,70767.2,71075.26,70539.5,70697.09,25099,5244,0
2024-03-29 00:00:00+00:00,70752.58,70916.31,70281.94,70440.67,24376,5464,0
2024-03-29 04:00:00+00:00,70441.66,70517.33,69751.49,69761.97,25177,5394,0
2024-03-29 08:00:00+00:00,69768.2,70355.45,69562.26,70179.9,26745,5416,0
2024-03-29 12:00:00+00:00,70179.58,70624.77,68993.14,69160.75,28081,5365,0
2024-03-29 16:00:00+00:00,69159.64,69688.9,69067.2,69677.34,23032,5359,0
2024-03-29 20:00:00+00:00,69680.88,69969.68,69296.8,69870.15,20523,5371,0
2024-03-30 00:00:00+00:00,69860.11,70175.74,69745.76,69816.43,14667,5384,0
2024-03-30 04:00:00+00:00,69817.17,70341.24,69775.11,69866.46,19185,5384,0
2024-03-30 08:00:00+00:00,69861.61,70206.52,69812.61,70190.75,18017,5390,0
2024-03-30 12:00:00+00:00,70189.12,70281.09,69925.42,70022.2,17460,5368,0
2024-03-30 16:00:00+00:00,70022.86,70298.95,69701.36,69906.37,19575,5369,0
2024-03-30 20:00:00+00:00,69904.13,69942.95,69530.4,69639.55,18705,5381,0
2024-03-31 00:00:00+00:00,69595.54,70158.33,69573.55,69920.48,18226,5391,0
2024-03-31 04:00:00+00:00,69924.51,70421.52,69875.51,70281.38,17951,5348,0
2024-03-31 08:00:00+00:00,70275.59,70434.04,70146.24,70355.06,16921,5340,0
2024-03-31 12:00:00+00:00,70355.75,70737.57,70264.23,70371.29,18951,5292,0
2024-03-31 16:00:00+00:00,70373.89,71191.44,70303.03,70979.62,21845,5333,0
2024-03-31 20:00:00+00:00,70972.14,71356.03,70592.71,71288.85,20882,5414,0
2024-04-01 00:00:00+00:00,71243.5,71261.3,70457.21,70552.51,22110,5407,0
2024-04-01 04:00:00+00:00,70557.58,70636.67,68904.64,69622.24,29650,5404,0
2024-04-01 08:00:00+00:00,69629.47,69802.58,69113.04,69477.66,25974,5370,0
2024-04-01 12:00:00+00:00,69474.03,70086.41,68105.28,68196.58,36296,5452,0
2024-04-01 16:00:00+00:00,68188.22,69855.88,67983.42,69686.02,35566,5328,0
2024-04-01 20:00:00+00:00,69686.32,69903.47,69320.92,69683.7,22825,5392,0
2024-04-02 00:00:00+00:00,69654.25,69698.62,65945.23,66706.64,40315,5052,0
2024-04-02 04:00:00+00:00,66703.02,67152.12,66095.46,66449.58,28517,5246,0
2024-04-02 08:00:00+00:00,66459.14,66704.36,64885.25,65530.96,40522,5191,0
2024-04-02 12:00:00+00:00,65537.44,66262.4,64550.78,64890.71,45495,5177,0
2024-04-02 16:00:00+00:00,64895.34,66218.82,64573.27,65922.87,41066,5179,0
2024-04-02 20:00:00+00:00,65916.19,66113.84,65185.93,65368.55,31634,5208,0
2024-04-03 00:00:00+00:00,65406.48,66282.62,64519.22,66208.45,35654,5144,0
2024-04-03 04:00:00+00:00,66208.42,66506.98,65906.0,66108.84,26037,5231,0
2024-04-03 08:00:00+00:00,66108.02,66657.72,65503.24,66080.02,29892,5190,0
2024-04-03 12:00:00+00:00,66082.82,66888.68,65574.38,65809.13,38634,5146,0
2024-04-03 16:00:00+00:00,65815.84,66568.49,65428.74,65760.56,32760,5167,0
2024-04-03 20:00:00+00:00,65757.21,66304.72,65427.77,65934.97,24935,5110,0
2024-04-04 00:00:00+00:00,65947.75,66363.51,65469.44,65587.01,26480,5300,0
2024-04-04 04:00:00+00:00,65581.94,66253.18,65041.33,66037.35,24977,5200,0
2024-04-04 08:00:00+00:00,66041.96,66454.24,65929.65,66275.38,20913,5390,0
2024-04-04 12:00:00+00:00,66273.61,67966.04,66266.41,67619.82,32063,5376,0
2024-04-04 16:00:00+00:00,67624.48,69350.38,67506.92,68455.45,37901,5330,0
2024-04-04 20:00:00+00:00,68463.71,68567.1,67292.21,68494.98,32731,5223,0
2024-04-05 00:00:00+00:00,68501.24,68750.73,67414.74,67847.0,31771,6806,0
2024-04-05 04:00:00+00:00,67850.49,68024.78,66369.08,66903.47,32033,5159,0
2024-04-05 08:00:00+00:00,66904.37,67651.0,66317.4,66488.47,38397,5240,0
2024-04-05 12:00:00+00:00,66481.55,68593.77,65888.29,68212.04,46513,5226,0
2024-04-05 16:00:00+00:00,68205.36,68401.8,67259.75,67339.34,33281,5287,0
2024-04-05 20:00:00+00:00,67347.51,67973.26,67271.04,67796.3,23161,5289,0
2024-04-06 00:00:00+00:00,67822.0,68068.67,67431.49,67794.6,21495,5827,0
2024-04-06 04:00:00+00:00,67796.05,68240.42,67603.59,67975.88,19990,5295,0
2024-04-06 08:00:00+00:00,67975.5,68120.6,67599.25,67667.95,18434,5297,0
2024-04-06 12:00:00+00:00,67661.54,68294.08,67534.65,68090.19,22812,5304,0
2024-04-06 16:00:00+00:00,68090.04,68475.01,67907.81,68242.36,20564,5595,0
2024-04-06 20:00:00+00:00,68234.09,69654.0,68101.58,68889.02,22242,5966,0
2024-04-07 00:00:00+00:00,68875.92,69768.61,68793.38,69408.71,24025,5698,0
2024-04-07 04:00:00+00:00,69411.12,69490.68,69061.08,69357.68,19317,6454,0
2024-04-07 08:00:00+00:00,69361.83,69531.92,69165.33,69358.92,18071,6221,0
2024-04-07 12:00:00+00:00,69358.92,69849.45,69196.14,69540.54,21254,6237,0
2024-04-07 16:00:00+00:00,69544.17,70244.75,68813.61,69046.37,25045,5363,0
2024-04-07 20:00:00+00:00,69048.87,69455.99,68851.03,69319.6,21583,6829,0
2024-04-08 00:00:00+00:00,69323.16,69774.45,69002.47,69443.57,21798,6421,0
2024-04-08 04:00:00+00:00,69438.13,70817.31,69218.3,70628.24,21732,5387,0
2024-04-08 08:00:00+00:00,70617.39,72567.33,70574.04,72298.79,33933,5340,0
2024-04-08 12:00:00+00:00,72307.19,72688.69,71183.52,71725.44,31621,5288,0
2024-04-08 16:00:00+00:00,71719.57,72107.04,71252.44,71667.68,27730,5731,0
2024-04-08 20:00:00+00:00,71671.08,71960.41,71399.65,71567.18,18740,5421,0
2024-04-09 00:00:00+00:00,71573.84,71722.54,70792.63,71244.39,25577,5431,0
2024-04-09 04:00:00+00:00,71245.41,71317.17,70147.71,70357.42,28728,5406,0
2024-04-09 08:00:00+00:00,70360.01,70881.1,69545.21,70750.52,27258,5376,0
2024-04-09 12:00:00+00:00,70747.9,70940.53,68450.15,69184.16,35611,5344,0
2024-04-09 16:00:00+00:00,69168.16,69276.52,68117.84,68949.56,33390,5348,0
2024-04-09 20:00:00+00:00,68943.81,69415.13,68781.44,69071.4,21761,6672,0
2024-04-10 00:00:00+00:00,69068.09,69564.85,68412.2,69106.26,31441,6925,0
2024-04-10 04:00:00+00:00,69116.35,69510.82,68904.24,69307.96,22622,6153,0
2024-04-10 08:00:00+00:00,69307.78,69321.22,68552.85,68985.36,29767,5367,0
2024-04-10 12:00:00+00:00,68992.7,69193.18,67403.75,68627.56,38473,5299,0
2024-04-10 16:00:00+00:00,68632.12,70072.02,68501.27,70072.02,34817,5363,0
2024-04-10 20:00:00+00:00,70090.49,71154.57,69541.8,70535.86,27023,5385,0
2024-04-11 00:00:00+00:00,70596.81,71040.54,70234.72,70800.77,26056,6848,0
2024-04-11 04:00:00+00:00,70799.31,71275.73,70341.13,70699.62,24431,6359,0
2024-04-11 08:00:00+00:00,70705.55,71230.72,69833.13,69977.79,29245,7149,0
2024-04-11 12:00:00+00:00,69985.95,71073.24,69502.47,70005.98,37144,5358,0
2024-04-11 16:00:00+00:00,70005.19,70557.28,69548.07,70471.37,28124,5369,0
2024-04-11 20:00:00+00:00,70468.29,70758.99,69777.59,69995.05,23270,6520,0
2024-04-12 00:00:00+00:00,69993.4,70992.24,69993.4,70929.36,25761,5417,0
2024-04-12 04:00:00+00:00,70939.89,71202.41,70521.94,70753.26,22628,6345,0
2024-04-12 08:00:00+00:00,70752.95,70947.16,70459.5,70872.33,20936,6730,0
2024-04-12 12:00:00+00:00,70872.09,70947.43,69167.29,69274.68,28328,5328,0
2024-04-12 16:00:00+00:00,69277.22,69556.33,65090.16,66800.94,49100,5133,0
2024-04-12 20:00:00+00:00,66808.71,67456.88,66617.24,67088.81,25761,6734,0
2024-04-13 00:00:00+00:00,67044.6,67135.69,65672.15,67113.31,31053,5223,0
2024-04-13 04:00:00+00:00,67116.78,67931.28,66941.97,67416.55,26194,5278,0
2024-04-13 08:00:00+00:00,67403.54,67822.82,67027.51,67345.8,23353,6732,0
2024-04-13 12:00:00+00:00,67335.56,67935.59,67106.57,67665.4,25908,5288,0
2024-04-13 16:00:00+00:00,67670.51,67773.24,63964.78,64771.2,37456,5062,0
2024-04-13 20:00:00+00:00,64764.64,65626.71,61450.2,63860.04,52838,4288,0
2024-04-14 00:00:00+00:00,64020.52,64383.36,62099.46,63339.02,36360,4396,0
2024-04-14 04:00:00+00:00,63340.5,64928.79,63282.48,64505.43,22375,4220,0
2024-04-14 08:00:00+00:00,64502.1,64917.03,63903.21,64231.38,23714,3799,0
2024-04-14 12:00:00+00:00,64234.67,64900.3,63442.15,64205.48,33851,3743,0
2024-04-14 16:00:00+00:00,64211.36,64780.49,62594.23,64212.24,40632,3692,0
2024-04-14 20:00:00+00:00,64209.45,65874.72,63352.28,65745.67,38025,3922,0
2024-04-15 00:00:00+00:00,65735.23,65979.75,64949.3,65194.08,35244,4436,0
2024-04-15 04:00:00+00:00,65194.27,66653.44,64717.11,66310.37,30841,4518,0
2024-04-15 08:00:00+00:00,66305.18,66864.66,65835.22,65922.09,27850,4599,0
2024-04-15 12:00:00+00:00,65927.74,66473.23,63829.02,64628.65,39123,4024,0
2024-04-15 16:00:00+00:00,64628.52,64917.79,62254.18,63317.52,46319,4080,0
2024-04-15 20:00:00+00:00,63309.9,63665.31,62627.57,63438.24,31378,4310,0
2024-04-16 00:00:00+00:00,63475.01,63935.06,62731.31,62965.01,34092,4561,0
2024-04-16 04:00:00+00:00,62971.2,63858.33,61529.24,63551.44,33293,4666,0
2024-04-16 08:00:00+00:00,63552.88,63735.95,61563.25,63121.43,34339,4312,0
2024-04-16 12:00:00+00:00,63125.86,63486.7,61706.09,61756.61,48138,4319,0
2024-04-16 16:00:00+00:00,61749.59,63299.13,61648.11,62666.3,41872,4852,0
2024-04-16 20:00:00+00:00,62672.52,64401.34,62537.28,63846.43,26517,4930,0
2024-04-17 00:00:00+00:00,63800.43,64314.66,63577.15,63846.18,29589,5217,0
2024-04-17 04:00:00+00:00,63842.59,64516.91,63251.64,63255.14,26882,4460,0
2024-04-17 08:00:00+00:00,63251.76,63615.6,62514.69,62610.97,28103,4677,0
2024-04-17 12:00:00+00:00,62604.88,62983.37,59795.16,60255.68,47126,4527,0
2024-04-17 16:00:00+00:00,60248.87,61979.56,59619.97,60955.6,49591,4902,0
2024-04-17 20:00:00+00:00,60963.32,61761.94,60728.16,61256.44,31274,4777,0
2024-04-18 00:00:00+00:00,61244.16,62258.11,60875.56,62010.66,29283,4852,0
2024-04-18 04:00:00+00:00,62003.26,62105.01,60725.61,61134.76,28586,4674,0
2024-04-18 08:00:00+00:00,61140.15,63133.81,60771.91,62615.84,27467,4299,0
2024-04-18 12:00:00+00:00,62617.16,64162.52,61551.05,63537.16,34602,4188,0
2024-04-18 16:00:00+00:00,63524.8,63910.4,62317.5,63515.88,29558,3939,0
2024-04-18 20:00:00+00:00,63518.39,63851.51,63126.74,63515.28,21063,4024,0
2024-04-19 00:00:00+00:00,63489.45,63514.67,59537.38,61743.58,41453,4040,0
2024-04-19 04:00:00+00:00,61752.19,65188.77,61693.37,64629.43,35614,3865,0
2024-04-19 08:00:00+00:00,64622.72,65427.5,64183.04,64929.36,27549,3739,0
2024-04-19 12:00:00+00:00,64922.43,65499.96,63875.14,64459.57,30002,3513,0
2024-04-19 16:00:00+00:00,64457.6,64823.56,63512.61,64350.86,27416,3481,0
2024-04-19 20:00:00+00:00,64354.6,64532.69,62961.44,63828.64,21608,3517,0
2024-04-20 00:00:00+00:00,63866.16,64245.5,63078.61,64001.33,24559,3557,0
2024-04-20 04:00:00+00:00,64008.78,64303.1,63841.27,63991.09,17134,4958,0
2024-04-20 08:00:00+00:00,63997.87,64042.18,63283.6,63761.4,19435,4264,0
2024-04-20 12:00:00+00:00,63768.32,64988.3,63578.64,64829.87,19949,5873,0
2024-04-20 16:00:00+00:00,64830.57,65438.32,64470.37,64855.36,22630,3953,0
2024-04-20 20:00:00+00:00,64858.24,65033.37,64525.78,64954.94,17749,4300,0
2024-04-21 00:00:00+00:00,64962.43,65690.35,64561.53,65181.25,17617,3906,0
2024-04-21 04:00:00+00:00,65181.12,65272.28,64850.05,65155.07,17033,6094,0
2024-04-21 08:00:00+00:00,65154.9,65433.69,64752.86,65224.18,17462,5780,0
2024-04-21 12:00:00+00:00,65219.85,65373.84,64746.7,65034.29,18777,4741,0
2024-04-21 16:00:00+00:00,65035.48,65083.83,64199.91,64535.58,20222,4727,0
2024-04-21 20:00:00+00:00,64542.72,65140.53,64291.03,64916.54,18951,4648,0
2024-04-22 00:00:00+00:00,64916.28,66071.93,64489.05,65700.47,22630,4378,0
2024-04-22 04:00:00+00:00,65704.9,66542.35,65475.19,65956.24,22403,4645,0
2024-04-22 08:00:00+00:00,65962.5,66244.94,65709.55,65895.03,19402,4389,0
2024-04-22 12:00:00+00:00,65903.76,66515.41,65634.63,66002.54,23460,3892,0
2024-04-22 16:00:00+00:00,66011.97,66875.23,65908.99,66540.07,20944,3657,0
2024-04-22 20:00:00+00:00,66548.16,67252.41,66308.27,66827.97,20149,3428,0
2024-04-23 00:00:00+00:00,66824.37,67188.6,66447.48,66464.18,18054,3295,0
2024-04-23 04:00:00+00:00,66457.05,66679.12,66045.59,66127.71,17886,3977,0
2024-04-23 08:00:00+00:00,66131.15,66331.87,65815.3,66067.69,17452,4205,0
2024-04-23 12:00:00+00:00,66076.93,67157.54,65777.95,66423.92,25078,4316,0
2024-04-23 16:00:00+00:00,66429.69,66919.17,66310.53,66462.96,20050,4200,0
2024-04-23 20:00:00+00:00,66464.62,66489.3,65963.1,66389.33,18875,5906,0
2024-04-24 00:00:00+00:00,66391.03,66881.56,66356.85,66606.51,19848,4394,0
2024-04-24 04:00:00+00:00,66610.47,67067.07,66507.44,66603.23,19128,6972,0
2024-04-24 08:00:00+00:00,66598.08,66742.16,66155.74,66593.95,18486,4086,0
2024-04-24 12:00:00+00:00,66592.67,66724.4,64472.86,64594.93,25777,3711,0
2024-04-24 16:00:00+00:00,64584.66,65095.73,63696.48,63907.47,24212,4084,0
2024-04-24 20:00:00+00:00,63912.1,64407.32,63524.68,64237.79,22562,3778,0
2024-04-25 00:00:00+00:00,64247.95,64710.4,63812.4,64250.41,22191,4043,0
2024-04-25 04:00:00+00:00,64245.54,64385.03,63734.43,63976.83,19565,4053,0
2024-04-25 08:00:00+00:00,63979.16,64180.06,63278.9,63836.54,22310,3849,0
2024-04-25 12:00:00+00:00,63835.81,64250.95,62726.45,64117.54,31470,3866,0
2024-04-25 16:00:00+00:00,64125.72,64928.93,63922.48,64719.98,23055,3804,0
2024-04-25 20:00:00+00:00,64718.73,65283.9,64391.17,64480.32,17423,3822,0
2024-04-26 00:00:00+00:00,64478.86,64677.71,63883.83,64380.36,17746,3710,0
2024-04-26 04:00:00+00:00,64382.29,64633.47,63916.3,64274.97,17621,3676,0
2024-04-26 08:00:00+00:00,64277.46,64582.58,64028.75,64230.77,17048,5487,0
2024-04-26 12:00:00+00:00,64228.84,64802.43,63301.23,63471.61,25975,3722,0
2024-04-26 16:00:00+00:00,63471.2,64171.67,63252.2,63649.29,20120,4112,0
2024-04-26 20:00:00+00:00,63659.78,64113.51,63645.74,63730.84,16657,4100,0
2024-04-27 00:00:00+00:00,63735.5,63917.39,62338.67,63055.97,21461,4130,0
2024-04-27 04:00:00+00:00,63052.93,63167.39,62738.1,62935.1,16890,4448,0
2024-04-27 08:00:00+00:00,62936.43,63020.1,62624.19,62820.21,15711,4916,0
2024-04-27 12:00:00+00:00,62816.36,63388.42,62745.3,62928.5,17089,4989,0
2024-04-27 16:00:00+00:00,62930.89,63599.32,62712.02,63309.46,19537,4493,0
2024-04-27 20:00:00+00:00,63313.17,63552.1,63097.19,63433.2,15965,4507,0
2024-04-28 00:00:00+00:00,63424.68,64359.16,63409.05,64015.09,17022,3507,0
2024-04-28 04:00:00+00:00,64014.81,64062.86,63743.32,63880.49,16218,3720,0
2024-04-28 08:00:00+00:00,63880.51,63976.36,63334.56,63467.51,15934,4472,0
2024-04-28 12:00:00+00:00,63463.28,63836.64,63385.17,63543.0,16053,4763,0
2024-04-28 16:00:00+00:00,63542.97,63986.09,63445.98,63721.9,16183,4545,0
2024-04-28 20:00:00+00:00,63719.54,63763.38,62745.29,63103.66,18702,4449,0
2024-04-29 00:00:00+00:00,63109.01,63350.27,62129.43,62297.3,19913,4483,0
2024-04-29 04:00:00+00:00,62293.06,62658.76,61906.15,62399.53,21265,4470,0
2024-04-29 08:00:00+00:00,62392.51,62704.29,62142.16,62251.03,18732,4793,0
2024-04-29 12:00:00+00:00,62253.51,63102.38,61766.12,63044.68,26009,4467,0
2024-04-29 16:00:00+00:00,63050.31,63227.53,62498.75,62940.9,20712,4490,0
2024-04-29 20:00:00+00:00,62936.35,64246.19,62804.72,63869.04,18840,4103,0
2024-04-30 00:00:00+00:00,63860.69,64715.82,63099.79,63648.42,20725,3661,0
2024-04-30 04:00:00+00:00,63648.04,63712.89,63038.78,63123.19,17720,4293,0
2024-04-30 08:00:00+00:00,63128.63,63234.02,60898.36,61177.68,28296,4219,0
2024-04-30 12:00:00+00:00,61175.23,61496.05,60481.23,60699.54,38079,4413,0
2024-04-30 16:00:00+00:00,60705.05,60823.61,59066.44,59159.49,37389,4381,0
2024-04-30 20:00:00+00:00,59164.93,60995.95,59136.92,60604.29,27013,4386,0
2024-05-01 00:00:00+00:00,60611.58,60802.63,59526.83,60151.27,25512,4370,0
2024-05-01 04:00:00+00:00,60158.66,60288.83,57128.82,57485.19,30350,4147,0
2024-05-01 08:00:00+00:00,57492.19,57862.03,56550.38,57829.14,32516,4193,0
2024-05-01 12:00:00+00:00,57826.3,58240.5,56618.03,56867.47,33433,3880,0
2024-05-01 16:00:00+00:00,56858.85,59391.94,56574.01,56925.09,33339,3713,0
2024-05-01 20:00:00+00:00,56926.89,58489.1,56694.37,58297.12,23128,4033,0
2024-05-02 00:00:00+00:00,58301.07,58515.8,56908.86,57407.46,21962,4060,0
2024-05-02 04:00:00+00:00,57402.6,57933.03,57195.61,57652.45,19176,4252,0
2024-05-02 08:00:00+00:00,57654.6,58669.65,57537.84,58573.33,22876,4217,0
2024-05-02 12:00:00+00:00,58572.59,59495.53,58243.83,59290.08,31119,3996,0
2024-05-02 16:00:00+00:00,59284.65,59600.22,58945.6,59377.12,24916,3895,0
2024-05-02 20:00:00+00:00,59372.96,59616.45,58649.57,59054.9,20930,3885,0
2024-05-03 00:00:00+00:00,59062.82,60029.69,58807.49,59743.43,23677,3889,0
2024-05-03 04:00:00+00:00,59738.97,59864.59,59056.57,59178.5,19615,3969,0
2024-05-03 08:00:00+00:00,59182.06,59578.23,58838.5,59288.37,22096,3994,0
2024-05-03 12:00:00+00:00,59290.25,62148.99,58974.24,61708.12,33997,2835,0
2024-05-03 16:00:00+00:00,61711.33,62208.6,61555.46,62073.32,26866,2799,0
2024-05-03 20:00:00+00:00,62074.11,63365.36,61965.02,62895.9,27475,2866,0
2024-05-04 00:00:00+00:00,62896.29,63594.68,62548.13,62729.17,22932,2654,0
2024-05-04 04:00:00+00:00,62729.91,63480.0,62667.93,62989.51,22153,2367,0
2024-05-04 08:00:00+00:00,62989.57,64516.95,62945.89,63888.12,24119,2061,0
2024-05-04 12:00:00+00:00,63887.56,64164.61,63415.51,63599.2,23577,2270,0
2024-05-04 16:00:00+00:00,63599.31,64000.5,63313.16,63919.3,19392,2677,0
2024-05-04 20:00:00+00:00,63917.61,64191.54,63533.18,63905.08,17228,2394,0
2024-05-05 00:00:00+00:00,63893.52,64181.65,62915.65,63247.9,24944,2272,0
2024-05-05 04:00:00+00:00,63254.92,63974.24,63141.34,63743.32,19322,2255,0
2024-05-05 08:00:00+00:00,63740.35,63946.45,63557.63,63843.72,16518,2131,0
2024-05-05 12:00:00+00:00,63842.67,64607.7,63648.99,64429.48,20958,2035,0
2024-05-05 16:00:00+00:00,64427.4,64518.32,63826.56,63892.3,19014,2157,0
2024-05-05 20:00:00+00:00,63896.09,64228.47,63564.98,64024.46,19844,2650,0
2024-05-06 00:00:00+00:00,64021.05,64475.7,63719.37,63881.48,19979,2698,0
2024-05-06 04:00:00+00:00,63888.02,64567.7,63772.03,64512.57,21172,2607,0
2024-05-06 08:00:00+00:00,64519.67,65496.77,63815.55,64231.03,28910,2234,0
2024-05-06 12:00:00+00:00,64224.52,64329.77,62877.42,63616.0,32503,2503,0
2024-05-06 16:00:00+00:00,63622.54,63767.21,62695.56,63188.6,26394,3203,0
2024-05-06 20:00:00+00:00,63188.71,63623.15,63021.68,63160.65,21148,3110,0
2024-05-07 00:00:00+00:00,63160.1,63977.14,62849.03,63240.87,24770,2882,0
2024-05-07 04:00:00+00:00,63240.94,63872.68,63071.84,63671.9,24698,2923,0
2024-05-07 08:00:00+00:00,63666.51,64405.88,63344.11,63511.8,25287,2657,0
2024-05-07 12:00:00+00:00,63506.2,64303.89,63077.46,63731.8,26051,2591,0
2024-05-07 16:00:00+00:00,63732.62,63891.83,62783.93,63062.29,23387,3096,0
2024-05-07 20:00:00+00:00,63067.79,63224.98,62246.09,62335.88,23671,3246,0
2024-05-08 00:00:00+00:00,62339.0,62972.02,62121.77,62886.9,23955,3499,0
2024-05-08 04:00:00+00:00,62885.68,63028.82,62055.49,62217.66,23555,3022,0
2024-05-08 08:00:00+00:00,62210.56,62543.43,62065.53,62262.78,23696,3306,0
2024-05-08 12:00:00+00:00,62258.83,62807.22,61721.42,62247.45,27275,3506,0
2024-05-08 16:00:00+00:00,62247.27,62782.05,61926.66,62169.9,23837,3237,0
2024-05-08 20:00:00+00:00,62171.37,62251.28,60867.31,61173.81,27362,3334,0
2024-05-09 00:00:00+00:00,61178.77,61792.0,61091.13,61670.57,20425,3608,0
2024-05-09 04:00:00+00:00,61677.49,61796.05,61105.9,61249.18,21212,3440,0
2024-05-09 08:00:00+00:00,61248.83,61461.25,60607.52,61050.84,24134,3525,0
2024-05-09 12:00:00+00:00,61047.91,62287.79,60853.5,62157.49,26187,2929,0
2024-05-09 16:00:00+00:00,62162.91,62676.07,61755.43,62466.14,22955,3148,0
2024-05-09 20:00:00+00:00,62465.87,63441.99,62358.58,63089.41,24161,3148,0
2024-05-10 00:00:00+00:00,63090.53,63116.68,62647.33,62928.52,20935,3172,0
2024-05-10 04:00:00+00:00,62929.06,63403.09,62642.86,63094.94,20191,3320,0
2024-05-10 08:00:00+00:00,63092.69,63365.19,62792.24,63316.85,18108,3717,0
2024-05-10 12:00:00+00:00,63314.22,63490.42,60649.27,60944.63,30128,3051,0
2024-05-10 16:00:00+00:00,60940.95,61305.57,60160.32,60667.5,29928,3718,0
2024-05-10 20:00:00+00:00,60670.58,60993.07,60413.78,60771.96,18882,3943,0
2024-05-11 00:00:00+00:00,60768.83,61076.13,60601.41,60704.01,17433,4182,0
2024-05-11 04:00:00+00:00,60705.1,61085.47,60665.61,61013.03,16814,3015,0
2024-05-11 08:00:00+00:00,61015.32,61063.58,60447.25,60697.08,18186,2965,0
2024-05-11 12:00:00+00:00,60696.57,61486.74,60609.88,61151.04,19580,2958,0
2024-05-11 16:00:00+00:00,61154.75,61404.69,60996.13,61133.67,18095,3204,0
2024-05-11 20:00:00+00:00,61132.84,61169.69,60725.19,60821.48,16172,3079,0
2024-05-12 00:00:00+00:00,60824.02,61102.84,60781.43,60924.02,16242,3196,0
2024-05-12 04:00:00+00:00,60927.55,61115.21,60571.25,60826.81,16074,3205,0
2024-05-12 08:00:00+00:00,60826.08,61348.98,60771.99,61127.67,18136,3155,0
2024-05-12 12:00:00+00:00,61129.48,61548.69,61062.04,61411.14,17722,3012,0
2024-05-12 16:00:00+00:00,61407.02,61875.6,61140.8,61398.3,20028,2645,0
2024-05-12 20:00:00+00:00,61400.27,61531.63,60843.18,61463.38,18547,2950,0
2024-05-13 00:00:00+00:00,61465.17,61800.78,60750.24,61157.12,24127,2878,0
2024-05-13 04:00:00+00:00,61156.9,62465.94,60769.66,62328.01,22397,2601,0
2024-05-13 08:00:00+00:00,62335.04,63292.96,62322.71,62741.4,26699,2265,0
2024-05-13 12:00:00+00:00,62744.89,63224.24,62379.9,63009.59,25762,2304,0
2024-05-13 16:00:00+00:00,63007.8,63477.52,62527.72,63197.22,26293,2198,0
2024-05-13 20:00:00+00:00,63196.37,63212.57,62690.71,62950.15,18057,2170,0
2024-05-14 00:00:00+00:00,62942.63,63100.09,62173.0,62433.6,20161,2210,0
2024-05-14 04:00:00+00:00,62430.46,62714.45,61401.64,62002.91,23925,2264,0
2024-05-14 08:00:00+00:00,61997.68,62012.06,61482.07,61770.0,23184,2279,0
2024-05-14 12:00:00+00:00,61768.78,62298.79,61080.52,61755.79,39315,2353,0
2024-05-14 16:00:00+00:00,61757.41,61799.37,61054.53,61563.74,26310,2366,0
2024-05-14 20:00:00+00:00,61560.52,61762.41,61411.79,61531.3,20545,2573,0
2024-05-15 00:00:00+00:00,61534.57,62021.51,61288.17,61938.73,22741,2459,0
2024-05-15 04:00:00+00:00,61943.08,62246.67,61782.35,62172.44,19999,2321,0
2024-05-15 08:00:00+00:00,62176.59,63002.42,61885.95,62448.73,29438,2372,0
2024-05-15 12:00:00+00:00,62450.6,65109.94,62394.61,64745.74,38567,2088,0
2024-05-15 16:00:00+00:00,64739.83,66447.84,64712.73,66027.44,31256,2254,0
2024-05-15 20:00:00+00:00,66023.54,66430.33,65738.16,66201.93,22900,2344,0
2024-05-16 00:00:00+00:00,66209.54,66674.5,65700.1,65982.34,22722,2421,0
2024-05-16 04:00:00+00:00,65974.48,66257.83,65620.25,66128.04,18569,2402,0
2024-05-16 08:00:00+00:00,66123.48,66559.45,65994.41,66500.37,19367,2179,0
2024-05-16 12:00:00+00:00,66506.26,66712.91,65355.48,65806.91,26593,2169,0
2024-05-16 16:00:00+00:00,65807.36,65833.78,64590.85,65171.03,25045,2061,0
2024-05-16 20:00:00+00:00,65174.22,65495.98,64987.7,65231.64,18172,2390,0
2024-05-17 00:00:00+00:00,65232.85,65881.68,65085.62,65558.99,19638,2369,0
2024-05-17 04:00:00+00:00,65554.16,66483.22,65344.44,66363.47,21018,2459,0
2024-05-17 08:00:00+00:00,66372.16,66559.41,66028.97,66207.38,22272,2577,0
2024-05-17 12:00:00+00:00,66199.82,67494.26,65795.16,67234.19,27374,2408,0
2024-05-17 16:00:00+00:00,67237.66,67352.94,66204.69,67075.47,23005,2467,0
2024-05-17 20:00:00+00:00,67079.78,67086.45,66670.77,67032.52,16611,2636,0
2024-05-18 00:00:00+00:00,67029.38,67100.8,66725.54,66960.71,17844,2638,0
2024-05-18 04:00:00+00:00,66960.16,67268.27,66712.42,66893.22,17844,2570,0
2024-05-18 08:00:00+00:00,66900.09,67425.75,66838.03,67235.28,17354,2272,0
2024-05-18 12:00:00+00:00,67233.57,67272.17,66532.55,66815.56,20871,2491,0
2024-05-18 16:00:00+00:00,66816.41,66994.38,66680.12,66888.76,16372,2890,0
2024-05-18 20:00:00+00:00,66891.6,67044.03,66791.85,66895.69,17038,2782,0
2024-05-19 00:00:00+00:00,66885.17,67285.62,66811.17,67163.97,16286,2337,0
2024-05-19 04:00:00+00:00,67164.16,67341.69,66888.55,67310.13,15711,2528,0
2024-05-19 08:00:00+00:00,67312.43,67671.51,66943.51,67311.74,21808,2309,0
2024-05-19 12:00:00+00:00,67311.92,67319.49,66658.75,66869.36,20825,2736,0
2024-05-19 16:00:00+00:00,66870.95,66993.14,65809.0,65990.11,20306,2682,0
2024-05-19 20:00:00+00:00,65989.59,66424.96,65920.7,66227.31,17723,2793,0
2024-05-20 00:00:00+00:00,66231.8,66731.01,66007.15,66633.44,21807,2933,0
2024-05-20 04:00:00+00:00,66633.72,67272.81,66245.22,66796.88,24039,2582,0
2024-05-20 08:00:00+00:00,66801.45,67337.94,66691.42,66960.85,20358,2564,0
2024-05-20 12:00:00+00:00,66959.5,67485.9,66703.81,67418.6,23068,2452,0
2024-05-20 16:00:00+00:00,67412.7,70075.34,67366.61,70043.53,33496,2530,0
2024-05-20 20:00:00+00:00,70042.49,71474.02,68880.06,71435.24,32968,2521,0
2024-05-21 00:00:00+00:00,71438.9,71900.34,70665.91,71214.82,23267,2409,0
2024-05-21 04:00:00+00:00,71223.5,71356.49,70750.89,70879.55,19321,3187,0
2024-05-21 08:00:00+00:00,70880.55,71415.26,70776.74,71071.65,21472,3589,0
2024-05-21 12:00:00+00:00,71076.0,71408.47,69604.81,69774.52,27890,2680,0
2024-05-21 16:00:00+00:00,69770.4,70239.83,69097.12,69256.39,24087,2683,0
2024-05-21 20:00:00+00:00,69254.64,70389.34,69206.17,70129.83,20811,2963,0
2024-05-22 00:00:00+00:00,70133.95,70358.59,69788.14,69948.45,18606,3734,0
2024-05-22 04:00:00+00:00,69949.62,70047.71,69168.29,69702.88,18929,3030,0
2024-05-22 08:00:00+00:00,69707.83,70248.97,69613.1,69718.48,18510,3490,0
2024-05-22 12:00:00+00:00,69705.48,70567.1,69366.87,70404.41,24073,2836,0
2024-05-22 16:00:00+00:00,70404.74,70637.13,69192.17,69597.04,28883,2802,0
2024-05-22 20:00:00+00:00,69600.35,69946.81,68770.02,69120.41,28751,2897,0
2024-05-23 00:00:00+00:00,69125.67,69612.01,69125.56,69407.2,26116,3022,0
2024-05-23 04:00:00+00:00,69406.69,69835.3,69292.17,69719.87,22755,3057,0
2024-05-23 08:00:00+00:00,69722.22,70000.81,69460.21,69931.51,23417,3064,0
2024-05-23 12:00:00+00:00,69937.69,70008.17,67531.47,68032.11,35088,2919,0
2024-05-23 16:00:00+00:00,68031.43,68140.1,66670.81,67110.0,30348,2998,0
2024-05-23 20:00:00+00:00,67112.2,68290.88,66209.75,67954.42,31970,2837,0
2024-05-24 00:00:00+00:00,67959.57,68011.76,67568.98,67850.91,22224,3412,0
2024-05-24 04:00:00+00:00,67853.93,67890.66,66755.92,67104.05,24306,3011,0
2024-05-24 08:00:00+00:00,67104.95,67487.35,66564.98,67275.52,24027,3334,0
2024-05-24 12:00:00+00:00,67277.37,68420.96,66860.81,68244.29,25815,2938,0
2024-05-24 16:00:00+00:00,68246.36,69300.48,67855.46,69149.56,28096,2868,0
2024-05-24 20:00:00+00:00,69146.24,69253.35,68435.04,68508.49,18326,3065,0
2024-05-25 00:00:00+00:00,68511.87,68891.7,68471.66,68717.72,17704,2886,0
2024-05-25 04:00:00+00:00,68713.57,68805.25,68582.77,68723.96,16219,3046,0
2024-05-25 08:00:00+00:00,68724.8,69633.28,68687.25,69099.01,18562,2290,0
2024-05-25 12:00:00+00:00,69099.3,69310.92,68822.79,68951.38,19966,3041,0
2024-05-25 16:00:00+00:00,68950.63,69264.84,68853.06,69165.7,15869,3057,0
2024-05-25 20:00:00+00:00,69164.92,69373.63,69032.62,69311.9,15682,3056,0
2024-05-26 00:00:00+00:00,69312.71,69349.99,68793.87,69064.75,18161,3054,0
2024-05-26 04:00:00+00:00,69068.95,69426.92,68866.74,69334.88,16215,3057,0
2024-05-26 08:00:00+00:00,69336.94,69535.78,68954.04,69130.94,18025,2869,0
2024-05-26 12:00:00+00:00,69126.97,69372.1,68653.26,68855.04,19249,3161,0
2024-05-26 16:00:00+00:00,68858.62,68969.17,68665.0,68846.59,17075,3150,0
2024-05-26 20:00:00+00:00,68846.65,68867.91,67970.66,68444.94,18603,2866,0
2024-05-27 00:00:00+00:00,68444.61,69282.47,68398.49,68855.84,21502,2994,0
2024-05-27 04:00:00+00:00,68852.04,68874.46,68245.75,68591.8,20542,3246,0
2024-05-27 08:00:00+00:00,68590.52,68870.64,68174.48,68362.11,21988,3951,0
2024-05-27 12:00:00+00:00,68365.11,70451.85,68254.13,70279.74,27446,3145,0
2024-05-27 16:00:00+00:00,70281.81,70602.03,68993.82,69188.25,20955,2942,0
2024-05-27 20:00:00+00:00,69193.11,69844.33,69129.1,69379.9,15315,4771,0
2024-05-28 00:00:00+00:00,69379.34,69542.16,67691.07,67998.57,15860,3347,0
2024-05-28 04:00:00+00:00,68001.86,68084.14,67437.1,67631.53,15408,4491,0
2024-05-28 08:00:00+00:00,67623.7,68832.55,67515.29,68325.76,16979,3361,0
2024-05-28 12:00:00+00:00,68325.05,68508.45,67455.23,68274.42,20787,3978,0
2024-05-28 16:00:00+00:00,68275.01,68554.65,67189.73,68346.81,19382,3878,0
2024-05-28 20:00:00+00:00,68347.62,68605.36,68040.37,68290.88,15970,3910,0
2024-05-29 00:00:00+00:00,68294.25,68887.52,68160.19,68752.66,17854,3866,0
2024-05-29 04:00:00+00:00,68754.77,68891.08,67871.14,67885.03,17576,4070,0
2024-05-29 08:00:00+00:00,67887.25,67987.65,67556.05,67694.78,17808,3328,0
2024-05-29 12:00:00+00:00,67687.69,68228.42,67244.24,67327.04,30086,3346,0
2024-05-29 16:00:00+00:00,67333.28,67709.69,67067.29,67214.07,59226,3464,0
2024-05-29 20:00:00+00:00,67216.97,67778.68,67044.45,67566.21,42641,3659,0
2024-05-30 00:00:00+00:00,67573.35,68132.27,67381.06,68046.65,32401,3814,0
2024-05-30 04:00:00+00:00,68053.44,68376.97,67459.21,67547.01,35149,3320,0
2024-05-30 08:00:00+00:00,67548.78,68084.3,67052.83,67755.27,52666,3431,0
2024-05-30 12:00:00+00:00,67761.07,68829.56,67665.91,68483.76,63869,3495,0
2024-05-30 16:00:00+00:00,68483.92,69547.1,68325.76,68639.23,55641,3497,0
2024-05-30 20:00:00+00:00,68644.4,68651.01,67975.18,68291.96,55857,3321,0
2024-05-31 00:00:00+00:00,68298.37,68732.74,68221.79,68512.83,42412,3889,0
2024-05-31 04:00:00+00:00,68515.85,68630.07,68029.77,68124.36,41645,3880,0
2024-05-31 08:00:00+00:00,68132.46,68437.13,67803.95,68294.87,43402,3720,0
2024-05-31 12:00:00+00:00,68288.63,69018.62,67103.89,67145.91,53971,3427,0
2024-05-31 16:00:00+00:00,67142.42,67907.56,66574.58,67527.58,56227,3471,0
2024-05-31 20:00:00+00:00,67535.19,67716.19,67125.88,67478.68,35027,3487,0
2024-06-01 00:00:00+00:00,67480.39,67711.0,67333.38,67649.54,40654,3566,0
2024-06-01 04:00:00+00:00,67657.32,67772.01,67468.6,67564.66,29509,3387,0
2024-06-01 08:00:00+00:00,67570.72,67689.25,67478.9,67595.77,23491,3344,0
2024-06-01 12:00:00+00:00,67589.45,67834.02,67560.84,67611.05,27600,3320,0
2024-06-01 16:00:00+00:00,67611.39,67794.21,67495.05,67687.08,25627,3333,0
2024-06-01 20:00:00+00:00,67678.17,67806.02,67600.8,67693.79,28754,3347,0
2024-06-02 00:00:00+00:00,67701.38,67858.26,67573.1,67712.35,27713,3486,0
2024-06-02 04:00:00+00:00,67713.07,67805.94,67633.07,67653.07,25950,3331,0
2024-06-02 08:00:00+00:00,67654.05,68244.39,67301.55,68198.34,20157,3344,0
2024-06-02 12:00:00+00:00,68200.04,68434.5,67726.07,68082.59,17801,3944,0
2024-06-02 16:00:00+00:00,68084.2,68152.14,67228.19,67697.75,17556,3638,0
2024-06-02 20:00:00+00:00,67697.8,67937.89,67511.37,67729.62,16682,3636,0
2024-06-03 00:00:00+00:00,67733.47,68738.93,67532.92,68335.17,18515,3683,0
2024-06-03 04:00:00+00:00,68340.83,69201.75,68228.52,68872.87,21552,3206,0
2024-06-03 08:00:00+00:00,68877.7,69338.76,68826.44,69074.74,20261,2733,0
2024-06-03 12:00:00+00:00,69069.03,70260.26,68518.25,69570.54,28366,2729,0
2024-06-03 16:00:00+00:00,69575.42,69685.24,68752.93,69173.69,22811,3351,0
2024-06-03 20:00:00+00:00,69179.07,69505.01,68717.64,68789.71,19463,3284,0
2024-06-04 00:00:00+00:00,68783.65,69358.75,68629.87,69153.92,19981,3479,0
2024-06-04 04:00:00+00:00,69150.29,69263.97,68721.37,68985.82,19490,3480,0
2024-06-04 08:00:00+00:00,68988.86,69183.47,68522.39,68935.95,20250,3276,0
2024-06-04 12:00:00+00:00,68934.02,70540.6,68836.99,70439.54,29512,3112,0
2024-06-04 16:00:00+00:00,70442.38,71086.3,70057.32,70433.1,26531,2673,0
2024-06-04 20:00:00+00:00,70435.82,70738.91,70131.78,70524.08,18599,2857,0
2024-06-05 00:00:00+00:00,70520.69,71259.09,70415.74,70919.26,22066,2709,0
2024-06-05 04:00:00+00:00,70918.18,71318.36,70780.28,71146.05,20517,2416,0
2024-06-05 08:00:00+00:00,71145.67,71193.62,70627.57,70902.58,19273,2631,0
2024-06-05 12:00:00+00:00,70901.35,71683.64,70323.91,71541.14,25195,2831,0
2024-06-05 16:00:00+00:00,71540.89,71707.06,70821.89,71250.99,23611,2669,0
2024-06-05 20:00:00+00:00,71253.47,71346.56,70745.69,71073.84,18610,2794,0
2024-06-06 00:00:00+00:00,71080.35,71227.92,70854.99,71051.75,17640,2995,0
2024-06-06 04:00:00+00:00,71051.19,71106.09,70759.18,70983.02,18223,3057,0
2024-06-06 08:00:00+00:00,70984.9,71155.58,70850.87,71127.63,17670,3081,0
2024-06-06 12:00:00+00:00,71131.28,71626.77,70927.71,71255.38,25170,3000,0
2024-06-06 16:00:00+00:00,71254.89,71348.73,70386.34,70434.87,21650,3192,0
2024-06-06 20:00:00+00:00,70434.84,70937.98,70070.76,70757.21,18844,2866,0
2024-06-07 00:00:00+00:00,70750.49,70994.38,70624.4,70969.25,17669,3189,0
2024-06-07 04:00:00+00:00,70967.59,71402.18,70941.49,71018.52,18973,2411,0
2024-06-07 08:00:00+00:00,71020.29,71673.92,70938.76,71673.92,17885,2895,0
2024-06-07 12:00:00+00:00,71677.91,71914.83,70566.05,71051.99,23895,2588,0
2024-06-07 16:00:00+00:00,71053.01,71161.75,68343.41,69206.61,35846,3029,0
2024-06-07 20:00:00+00:00,69204.08,69497.3,68908.08,69308.25,20081,3170,0
2024-06-08 00:00:00+00:00,69303.45,69512.29,69226.61,69380.81,17070,3048,0
2024-06-08 04:00:00+00:00,69386.15,69569.56,69180.38,69569.56,15458,3169,0
2024-06-08 08:00:00+00:00,69572.88,69577.81,69248.03,69335.09,16123,3126,0
2024-06-08 12:00:00+00:00,69336.91,69488.19,69126.74,69408.41,17741,3032,0
2024-06-08 16:00:00+00:00,69404.21,69492.12,69259.18,69481.09,16857,2781,0
2024-06-08 20:00:00+00:00,69474.1,69480.39,69246.15,69309.38,16192,2801,0
2024-06-09 00:00:00+00:00,69311.64,69314.75,69089.06,69214.52,15901,3300,0
2024-06-09 04:00:00+00:00,69215.31,69407.31,69170.41,69257.7,15808,2950,0
2024-06-09 08:00:00+00:00,69258.94,69376.04,69214.26,69339.05,14985,3258,0
2024-06-09 12:00:00+00:00,69341.11,69782.89,69206.04,69508.59,19634,3074,0
2024-06-09 16:00:00+00:00,69507.41,69849.13,69466.29,69698.56,17117,2797,0
2024-06-09 20:00:00+00:00,69701.16,69796.05,69561.39,69597.6,16339,2707,0
2024-06-10 00:00:00+00:00,69604.19,69797.29,69392.94,69615.01,16004,3105,0
2024-06-10 04:00:00+00:00,69618.17,69664.28,69206.17,69266.46,16507,3198,0
2024-06-10 08:00:00+00:00,69260.26,69526.59,69109.22,69437.93,17618,3464,0
2024-06-10 12:00:00+00:00,69441.05,70184.16,69167.18,70028.29,19381,3328,0
2024-06-10 16:00:00+00:00,70030.39,70102.14,69331.02,69430.5,18736,2851,0
2024-06-10 20:00:00+00:00,69434.95,69664.48,69280.13,69489.4,16417,3276,0
2024-06-11 00:00:00+00:00,69489.71,69541.42,67849.04,68405.13,19836,3275,0
2024-06-11 04:00:00+00:00,68399.48,68399.48,67256.71,67473.9,24961,3154,0
2024-06-11 08:00:00+00:00,67479.03,67601.19,66666.72,66807.68,25069,3331,0
2024-06-11 12:00:00+00:00,66806.92,67230.65,66051.91,66181.2,28337,3316,0
2024-06-11 16:00:00+00:00,66182.66,67568.37,66101.21,67357.6,27858,3317,0
2024-06-11 20:00:00+00:00,67356.71,67556.83,67113.64,67251.56,19205,3335,0
2024-06-12 00:00:00+00:00,67260.35,67552.67,66831.17,67375.52,21092,3326,0
2024-06-12 04:00:00+00:00,67373.78,67572.27,67120.16,67406.81,20249,3323,0
2024-06-12 08:00:00+00:00,67400.81,68041.3,67290.99,67734.82,20531,3295,0
2024-06-12 12:00:00+00:00,67739.92,70033.92,67685.85,69757.46,27354,2672,0
2024-06-12 16:00:00+00:00,69760.41,69891.8,67206.71,67503.63,33182,2661,0
2024-06-12 20:00:00+00:00,67501.2,68636.28,67382.62,68244.71,22319,3082,0
2024-06-13 00:00:00+00:00,68247.16,68365.47,66941.71,67417.67,27783,3111,0
2024-06-13 04:00:00+00:00,67423.09,67724.5,67267.16,67707.23,24053,3192,0
2024-06-13 08:00:00+00:00,67705.34,67957.25,67142.52,67694.35,23687,3067,0
2024-06-13 12:00:00+00:00,67698.39,68398.04,66303.88,66396.03,34456,3238,0
2024-06-13 16:00:00+00:00,66399.19,67020.77,66192.77,66519.88,24911,3323,0
2024-06-13 20:00:00+00:00,66523.8,66942.84,66432.54,66741.3,20416,3313,0
2024-06-14 00:00:00+00:00,66739.79,66978.3,66394.59,66684.43,22631,3331,0
2024-06-14 04:00:00+00:00,66685.09,67147.53,66620.98,66838.51,19643,3331,0
2024-06-14 08:00:00+00:00,66835.86,67160.24,66689.17,66966.14,20053,3333,0
2024-06-14 12:00:00+00:00,66966.79,67314.61,66243.04,66328.61,25074,3325,0
2024-06-14 16:00:00+00:00,66328.8,66458.13,65003.16,65451.99,34548,3298,0
2024-06-14 20:00:00+00:00,65457.34,66564.37,65411.12,65963.93,23097,3306,0
2024-06-15 00:00:00+00:00,65960.37,66240.71,65913.54,66200.46,18092,3317,0
2024-06-15 04:00:00+00:00,66205.54,66353.08,65977.78,66005.03,18647,3308,0
2024-06-15 08:00:00+00:00,66009.15,66291.47,65998.94,66230.32,16346,3309,0
2024-06-15 12:00:00+00:00,66227.99,66413.31,66107.99,66262.77,17717,3311,0
2024-06-15 16:00:00+00:00,66264.88,66319.01,66018.87,66116.33,16826,3310,0
2024-06-15 20:00:00+00:00,66108.72,66251.33,65808.68,66175.05,15962,3305,0
2024-06-16 00:00:00+00:00,66167.17,66224.11,66002.28,66093.21,15340,3308,0
2024-06-16 04:00:00+00:00,66093.01,66307.14,65989.08,66197.98,14979,3308,0
2024-06-16 08:00:00+00:00,66199.64,66727.12,66116.14,66437.03,16073,3253,0
2024-06-16 12:00:00+00:00,66433.99,66739.07,66393.89,66650.46,16469,3114,0
2024-06-16 16:00:00+00:00,66651.88,66701.44,66429.65,66487.46,16220,3000,0
2024-06-16 20:00:00+00:00,66486.1,66928.16,66381.78,66618.2,18203,3316,0
2024-06-17 00:00:00+00:00,66614.42,66863.49,66100.92,66158.46,19916,3311,0
2024-06-17 04:00:00+00:00,66155.07,66514.75,65872.85,66124.13,18657,3307,0
2024-06-17 08:00:00+00:00,66120.01,66262.24,65503.88,65752.65,22690,3287,0
2024-06-17 12:00:00+00:00,65748.29,65768.64,65036.22,65327.05,24842,3289,0
2024-06-17 16:00:00+00:00,65329.11,67252.92,65137.05,66617.04,28099,3145,0
2024-06-17 20:00:00+00:00,66619.39,66723.17,66114.82,66476.44,21784,3232,0
2024-06-18 00:00:00+00:00,66469.98,66564.1,64534.78,65504.04,32166,3275,0
2024-06-18 04:00:00+00:00,65505.52,65856.33,65352.72,65697.61,21856,3125,0
2024-06-18 08:00:00+00:00,65697.27,65785.55,65100.91,65370.95,20387,3046,0
2024-06-18 12:00:00+00:00,65374.77,65457.45,64260.82,64696.92,41215,3145,0
2024-06-18 16:00:00+00:00,64701.94,64905.46,64020.43,64373.83,31645,3276,0
2024-06-18 20:00:00+00:00,64370.07,65305.32,64155.56,65157.12,24596,3280,0
2024-06-19 00:00:00+00:00,65158.14,65579.15,64765.59,65385.65,25230,3277,0
2024-06-19 04:00:00+00:00,65389.68,65726.11,65172.58,65307.43,19638,3111,0
2024-06-19 08:00:00+00:00,65310.43,65512.57,64975.29,65205.3,18665,3270,0
2024-06-19 12:00:00+00:00,65207.0,65298.23,64712.67,64894.32,20007,3266,0
2024-06-19 16:00:00+00:00,64897.27,65250.6,64736.68,64845.92,18221,3287,0
2024-06-19 20:00:00+00:00,64848.36,65085.64,64628.79,64943.37,16970,3288,0
2024-06-20 00:00:00+00:00,64939.63,65387.69,64791.08,65177.52,20117,3291,0
2024-06-20 04:00:00+00:00,65172.76,65950.53,65071.27,65847.8,19394,3225,0
2024-06-20 08:00:00+00:00,65849.04,66474.36,65546.29,66162.6,18855,3153,0
2024-06-20 12:00:00+00:00,66162.18,66298.56,64605.06,64797.03,28844,3218,0
2024-06-20 16:00:00+00:00,64796.83,65172.67,64512.83,65000.41,28096,3285,0
2024-06-20 20:00:00+00:00,64999.69,65168.81,64811.7,64841.84,16733,3294,0
2024-06-21 00:00:00+00:00,64837.94,65043.42,64335.79,64468.15,20471,3284,0
2024-06-21 04:00:00+00:00,64467.46,64734.3,64155.04,64180.9,19112,3285,0
2024-06-21 08:00:00+00:00,64184.26,64357.65,63505.34,63739.12,25823,3267,0
2024-06-21 12:00:00+00:00,63740.4,64325.84,63357.35,63704.5,29070,3262,0
2024-06-21 16:00:00+00:00,63706.26,64219.78,63422.59,64209.75,25748,3262,0
2024-06-21 20:00:00+00:00,64205.21,64445.08,63816.79,64119.78,17527,3270,0
2024-06-22 00:00:00+00:00,64120.36,64330.75,63926.98,64298.03,16753,3272,0
2024-06-22 04:00:00+00:00,64298.78,64477.83,64225.61,64457.35,15705,3200,0
2024-06-22 08:00:00+00:00,64456.41,64475.03,64175.92,64214.41,15384,3174,0
2024-06-22 12:00:00+00:00,64214.34,64347.19,64186.05,64244.01,15176,3277,0
2024-06-22 16:00:00+00:00,64248.48,64339.78,64190.11,64240.94,14289,3277,0
2024-06-22 20:00:00+00:00,64241.08,64317.29,64191.21,64214.91,14607,3277,0
2024-06-23 00:00:00+00:00,64220.87,64483.12,64218.39,64389.15,16153,3279,0
2024-06-23 04:00:00+00:00,64389.17,64406.45,64292.89,64367.81,14563,3281,0
2024-06-23 08:00:00+00:00,64365.33,64398.94,64215.53,64297.03,14683,3330,0
2024-06-23 12:00:00+00:00,64296.66,64388.31,64012.45,64069.64,15274,3274,0
2024-06-23 16:00:00+00:00,64068.17,64146.6,63891.29,64111.07,15974,3271,0
2024-06-23 20:00:00+00:00,64104.84,64132.31,63137.87,63192.11,21131,3266,0
2024-06-24 00:00:00+00:00,63195.16,63369.47,62680.71,62866.83,23950,3248,0
2024-06-24 04:00:00+00:00,62867.75,62946.86,62122.92,62444.86,23837,3238,0
2024-06-24 08:00:00+00:00,62445.37,62981.25,60639.73,61272.99,30505,3208,0
2024-06-24 12:00:00+00:00,61269.65,61678.35,60614.97,60793.16,29004,3212,0
2024-06-24 16:00:00+00:00,60794.96,60997.42,59009.43,59284.71,40056,3179,0
2024-06-24 20:00:00+00:00,59281.25,60372.68,58459.78,60227.12,27776,3170,0
2024-06-25 00:00:00+00:00,60227.0,61601.06,60185.45,61314.1,25692,3185,0
2024-06-25 04:00:00+00:00,61309.49,61437.31,60579.79,60664.56,22816,3167,0
2024-06-25 08:00:00+00:00,60667.03,61552.53,60649.61,61174.78,22254,3189,0
2024-06-25 12:00:00+00:00,61175.75,62137.24,60942.67,61801.44,31315,3169,0
2024-06-25 16:00:00+00:00,61804.88,62425.94,61127.98,61996.56,25739,3143,0
2024-06-25 20:00:00+00:00,61991.06,62200.03,61638.04,61802.41,19463,3146,0
2024-06-26 00:00:00+00:00,61806.61,62450.45,61638.0,61940.92,20289,3176,0
2024-06-26 04:00:00+00:00,61944.82,62006.74,61508.03,61729.79,19658,3179,0
2024-06-26 08:00:00+00:00,61725.8,61767.77,61186.63,61457.51,19428,3180,0
2024-06-26 12:00:00+00:00,61457.27,61990.78,61193.73,61461.69,24729,3185,0
2024-06-26 16:00:00+00:00,61464.32,61544.74,60670.98,60973.06,21694,3192,0
2024-06-26 20:00:00+00:00,60968.34,61112.62,60684.91,60832.58,18643,3201,0
2024-06-27 00:00:00+00:00,60836.36,61233.1,60743.16,61018.0,19783,3202,0
2024-06-27 04:00:00+00:00,61017.1,61167.84,60563.03,60741.42,18976,3197,0
2024-06-27 08:00:00+00:00,60746.39,61392.39,60677.45,61133.08,20131,3164,0
2024-06-27 12:00:00+00:00,61130.89,62392.72,61084.49,61564.46,25296,3044,0
2024-06-27 16:00:00+00:00,61562.62,62033.46,61347.91,61393.55,21185,3172,0
2024-06-27 20:00:00+00:00,61395.75,61664.25,61299.57,61654.05,16469,3174,0
2024-06-28 00:00:00+00:00,61650.31,62190.86,61425.18,61780.81,20469,3193,0
2024-06-28 04:00:00+00:00,61781.71,61801.38,61190.17,61292.02,18031,3179,0
2024-06-28 08:00:00+00:00,61290.24,61746.61,61155.85,61628.6,19104,3204,0
2024-06-28 12:00:00+00:00,61629.65,61809.79,60656.86,60997.97,30721,3174,0
2024-06-28 16:00:00+00:00,60998.86,61056.67,59973.39,60007.35,27189,3192,0
2024-06-28 20:00:00+00:00,60011.63,60383.71,59957.52,60370.46,19119,3193,0
2024-06-29 00:00:00+00:00,60370.77,60963.42,60337.53,60706.46,18256,3200,0
2024-06-29 04:00:00+00:00,60706.33,61089.61,60646.94,60998.55,16238,3083,0
2024-06-29 08:00:00+00:00,60994.43,61186.26,60826.06,61045.93,15458,3038,0
2024-06-29 12:00:00+00:00,61045.93,61130.46,60868.02,61047.79,17426,3024,0
2024-06-29 16:00:00+00:00,61047.86,61095.05,60855.41,61001.65,15994,3111,0
2024-06-29 20:00:00+00:00,61001.49,61058.42,60814.41,60928.23,16774,3111,0
2024-06-30 00:00:00+00:00,60929.26,61035.56,60707.14,60844.23,17404,3154,0
2024-06-30 04:00:00+00:00,60843.79,61740.9,60641.63,61468.46,18532,2910,0
2024-06-30 08:00:00+00:00,61469.19,61655.53,61299.31,61474.6,18738,2596,0
2024-06-30 12:00:00+00:00,61477.41,61788.22,61257.18,61659.37,19454,2318,0
2024-06-30 16:00:00+00:00,61660.0,62074.46,61498.21,61988.61,18939,2293,0
2024-06-30 20:00:00+00:00,61991.23,63009.89,61787.58,62720.81,22908,2574,0
2024-07-01 00:00:00+00:00,62717.5,63775.64,62513.32,63356.01,25052,2656,0
2024-07-01 04:00:00+00:00,63352.99,63411.7,63162.86,63242.76,18272,3104,0
2024-07-01 08:00:00+00:00,63244.78,63290.59,62540.74,62599.43,20097,2909,0
2024-07-01 12:00:00+00:00,62597.67,63110.28,62463.84,63096.65,30257,3168,0
2024-07-01 16:00:00+00:00,63097.9,63844.82,62920.56,63164.47,26737,2912,0
2024-07-01 20:00:00+00:00,63162.24,63390.48,62772.75,62857.52,18639,2977,0
2024-07-02 00:00:00+00:00,62852.81,63245.01,62722.07,63070.29,18883,3018,0
2024-07-02 04:00:00+00:00,63071.64,63191.9,62502.02,62551.1,18984,3128,0
2024-07-02 08:00:00+00:00,62549.39,62815.26,62341.05,62778.2,19837,3236,0
2024-07-02 12:00:00+00:00,62776.26,63095.26,61767.19,61878.76,29216,3225,0
2024-07-02 16:00:00+00:00,61884.17,62318.66,61726.0,61860.13,22617,3224,0
2024-07-02 20:00:00+00:00,61864.18,62138.72,61770.55,62075.48,18668,3234,0
2024-07-03 00:00:00+00:00,62073.21,62248.38,60565.28,60923.91,24230,3210,0
2024-07-03 04:00:00+00:00,60928.08,61117.93,60728.91,60801.7,20585,3213,0
2024-07-03 08:00:00+00:00,60800.82,60933.7,59511.57,60316.48,28075,3190,0
2024-07-03 12:00:00+00:00,60319.46,60601.71,59667.04,60112.18,32725,3191,0
2024-07-03 16:00:00+00:00,60111.79,60608.9,59564.92,59587.86,28540,3189,0
2024-07-03 20:00:00+00:00,59591.2,60332.38,59309.59,60162.36,25232,3185,0
2024-07-04 00:00:00+00:00,60163.19,60456.25,57911.91,59060.34,39799,3156,0
2024-07-04 04:00:00+00:00,59066.83,59098.66,58008.5,58141.94,30718,3158,0
2024-07-04 08:00:00+00:00,58140.19,58430.97,56950.76,57699.63,39529,3137,0
2024-07-04 12:00:00+00:00,57698.48,58252.66,56702.85,58042.83,41442,3132,0
2024-07-04 16:00:00+00:00,58045.38,58616.07,57654.18,58244.53,25719,3151,0
2024-07-04 20:00:00+00:00,58242.99,58735.34,56889.21,56996.88,28917,3136,0
2024-07-05 00:00:00+00:00,56996.44,57505.88,55055.44,55216.86,68895,3099,0
2024-07-05 04:00:00+00:00,55218.87,55352.73,53535.2,54346.64,43626,3072,0
2024-07-05 08:00:00+00:00,54345.57,55631.69,53855.79,55436.26,36636,3075,0
2024-07-05 12:00:00+00:00,55440.05,56683.18,54785.48,56647.18,34406,3087,0
2024-07-05 16:00:00+00:00,56649.56,57009.34,55834.31,56466.28,28985,3042,0
2024-07-05 20:00:00+00:00,56469.74,56904.98,56298.01,56639.39,19285,3010,0
2024-07-06 00:00:00+00:00,56633.39,57017.94,56166.71,56391.56,21592,3023,0
2024-07-06 04:00:00+00:00,56391.88,56677.82,56034.0,56601.81,16532,3097,0
2024-07-06 08:00:00+00:00,56596.4,56893.16,56412.73,56734.31,18128,3006,0
2024-07-06 12:00:00+00:00,56736.17,57487.94,56498.03,57355.36,21957,2949,0
2024-07-06 16:00:00+00:00,57357.96,58142.87,57212.14,57898.07,22053,2964,0
2024-07-06 20:00:00+00:00,57899.69,58513.67,57851.01,58269.95,20502,3016,0
2024-07-07 00:00:00+00:00,58268.55,58478.99,57895.15,58026.57,21737,3092,0
2024-07-07 04:00:00+00:00,58028.12,58058.27,57094.02,57402.05,20794,3132,0
2024-07-07 08:00:00+00:00,57405.26,57956.26,57390.07,57514.66,20520,2911,0
2024-07-07 12:00:00+00:00,57515.34,57685.5,56588.25,56861.44,30191,3121,0
2024-07-07 16:00:00+00:00,56859.19,57433.44,56754.76,57186.76,23869,3124,0
2024-07-07 20:00:00+00:00,57182.93,57384.85,55735.54,55890.94,33610,3094,0
2024-07-08 00:00:00+00:00,55885.6,56059.37,54288.33,55183.31,50264,3075,0
2024-07-08 04:00:00+00:00,55181.25,55943.7,54968.25,55889.46,31837,3035,0
2024-07-08 08:00:00+00:00,55892.08,58242.06,55765.26,57207.54,36991,2229,0
2024-07-08 12:00:00+00:00,57205.22,57625.83,54976.9,55760.24,43897,2586,0
2024-07-08 16:00:00+00:00,55760.31,56587.06,55407.6,56504.45,32141,2616,0
2024-07-08 20:00:00+00:00,56508.61,57015.26,56194.47,56734.76,25033,2606,0
2024-07-09 00:00:00+00:00,56740.74,57380.12,56305.32,57217.5,29963,2622,0
2024-07-09 04:00:00+00:00,57219.3,57790.62,57052.6,57161.25,25429,2509,0
2024-07-09 08:00:00+00:00,57164.75,57925.95,57057.01,57481.37,24367,2497,0
2024-07-09 12:00:00+00:00,57481.89,58139.52,56951.44,57521.23,31828,2568,0
2024-07-09 16:00:00+00:00,57521.43,58308.65,57407.82,57886.37,26278,2556,0
2024-07-09 20:00:00+00:00,57886.42,58317.05,57734.71,58073.91,22388,2600,0
2024-07-10 00:00:00+00:00,58074.19,58249.81,57377.8,58217.16,23954,2480,0
2024-07-10 04:00:00+00:00,58220.25,59492.76,58211.81,59040.55,27408,2301,0
2024-07-10 08:00:00+00:00,59041.01,59092.97,58345.89,58533.86,26237,2444,0
2024-07-10 12:00:00+00:00,58536.38,58611.85,57507.09,57746.37,31324,2626,0
2024-07-10 16:00:00+00:00,57740.34,58064.46,57386.02,57417.01,24012,2968,0
2024-07-10 20:00:00+00:00,57414.9,57913.07,57179.84,57749.85,21145,2860,0
2024-07-11 00:00:00+00:00,57747.34,58429.94,57083.92,57607.32,28103,2844,0
2024-07-11 04:00:00+00:00,57606.8,58338.43,57515.39,58216.98,24972,2808,0
2024-07-11 08:00:00+00:00,58222.73,58922.76,58066.23,58811.54,27624,2693,0
2024-07-11 12:00:00+00:00,58811.9,59461.59,57274.62,57434.46,39683,2669,0
2024-07-11 16:00:00+00:00,57435.35,58035.71,57207.23,57430.63,25318,2777,0
2024-07-11 20:00:00+00:00,57425.7,57661.67,57160.17,57381.13,22084,2826,0
2024-07-12 00:00:00+00:00,57378.24,57598.58,56540.47,56937.28,30249,2694,0
2024-07-12 04:00:00+00:00,56939.36,57467.13,56719.29,57124.41,24127,2761,0
2024-07-12 08:00:00+00:00,57122.21,57378.56,56781.2,57252.39,24758,2817,0
2024-07-12 12:00:00+00:00,57247.2,58320.55,57093.39,58239.07,31587,2695,0
2024-07-12 16:00:00+00:00,58234.43,58591.69,57556.34,57624.23,27102,2698,0
2024-07-12 20:00:00+00:00,57620.9,57964.16,57180.13,57922.53,20111,2762,0
2024-07-13 00:00:00+00:00,57921.84,58039.27,57779.39,57868.44,17769,2782,0
2024-07-13 04:00:00+00:00,57868.24,58246.0,57776.96,58202.46,17357,2659,0
2024-07-13 08:00:00+00:00,58207.19,58878.32,57955.4,58559.43,21670,2391,0
2024-07-13 12:00:00+00:00,58561.67,58921.45,58447.4,58868.88,21088,2313,0
2024-07-13 16:00:00+00:00,58870.09,58998.75,58604.13,58671.43,19023,2211,0
2024-07-13 20:00:00+00:00,58670.61,59901.45,58316.08,59242.34,23613,2439,0
2024-07-14 00:00:00+00:00,59234.4,59899.97,59224.36,59484.52,23970,2236,0
2024-07-14 04:00:00+00:00,59487.61,60394.89,59447.38,60122.49,24311,2178,0
2024-07-14 08:00:00+00:00,60122.1,60455.22,59928.55,60174.32,20670,2053,0
2024-07-14 12:00:00+00:00,60170.76,60272.58,59504.96,60111.48,27245,2419,0
2024-07-14 16:00:00+00:00,60122.67,60254.83,59927.86,59964.65,21917,2606,0
2024-07-14 20:00:00+00:00,59966.82,61466.2,59909.46,60838.36,36670,2584,0
2024-07-15 00:00:00+00:00,60839.52,62866.44,60683.2,62704.74,41553,2052,0
2024-07-15 04:00:00+00:00,62711.3,63108.53,62464.95,62881.25,33430,2001,0
2024-07-15 08:00:00+00:00,62878.75,63265.1,62336.59,62492.58,32007,2004,0
2024-07-15 12:00:00+00:00,62495.62,63357.08,62481.57,63086.41,40769,2246,0
2024-07-15 16:00:00+00:00,63089.27,63894.73,62930.51,63409.01,40815,2191,0
2024-07-15 20:00:00+00:00,63413.15,64945.99,63338.22,64767.74,38058,2220,0
2024-07-16 00:00:00+00:00,64764.88,64988.95,64473.02,64762.49,32612,2236,0
2024-07-16 04:00:00+00:00,64765.57,64981.51,62753.71,62947.72,45893,2367,0
2024-07-16 08:00:00+00:00,62953.18,63891.59,62423.96,63795.92,41386,2732,0
2024-07-16 12:00:00+00:00,63797.82,64993.08,63109.15,64907.03,53582,2553,0
2024-07-16 16:00:00+00:00,64909.96,65236.5,64141.37,65191.21,39460,2778,0
2024-07-16 20:00:00+00:00,65187.71,65378.98,64178.58,65075.37,32490,2676,0
2024-07-17 00:00:00+00:00,65081.57,66094.72,64978.31,65723.44,36025,2752,0
2024-07-17 04:00:00+00:00,65726.69,66027.83,65224.33,65256.66,30687,2616,0
2024-07-17 08:00:00+00:00,65260.96,65536.52,64575.4,64727.47,34902,2656,0
2024-07-17 12:00:00+00:00,64730.08,65401.56,64555.69,64749.86,47400,2915,0
2024-07-17 16:00:00+00:00,64751.92,64784.45,63869.87,64574.77,38381,2712,0
2024-07-17 20:00:00+00:00,64569.51,64704.56,64064.49,64128.18,29606,2729,0
2024-07-18 00:00:00+00:00,64122.42,65079.19,63921.27,64854.36,33929,2711,0
2024-07-18 04:00:00+00:00,64856.11,65071.39,64408.11,64657.87,25728,2740,0
2024-07-18 08:00:00+00:00,64656.62,64952.87,64451.27,64768.79,25951,2747,0
2024-07-18 12:00:00+00:00,64769.04,65113.3,63417.63,63545.04,41832,2746,0
2024-07-18 16:00:00+00:00,63543.0,63982.31,63226.17,63533.84,37308,2801,0
2024-07-18 20:00:00+00:00,63536.24,64144.45,63427.23,64023.01,24704,2797,0
2024-07-19 00:00:00+00:00,64027.72,64381.63,63306.17,64339.17,32489,2649,0
2024-07-19 04:00:00+00:00,64336.69,64489.22,63634.18,63735.76,26789,2577,0
2024-07-19 08:00:00+00:00,63730.01,64217.61,63402.7,64141.44,32107,2478,0
2024-07-19 12:00:00+00:00,64140.71,65881.15,64056.46,65837.11,49662,2471,0
2024-07-19 16:00:00+00:00,65835.63,67487.7,65814.5,67207.22,54915,2153,0
2024-07-19 20:00:00+00:00,67205.53,67379.9,66608.61,66662.47,27478,2412,0
2024-07-20 00:00:00+00:00,66667.47,66844.13,66249.76,66612.98,28250,2352,0
2024-07-20 04:00:00+00:00,66615.95,66767.52,66430.39,66564.79,21753,2450,0
2024-07-20 08:00:00+00:00,66565.44,66736.27,66460.32,66490.98,20485,2507,0
2024-07-20 12:00:00+00:00,66491.86,66838.06,66291.63,66811.35,22564,2578,0
2024-07-20 16:00:00+00:00,66809.48,67649.77,66681.09,67223.82,34938,2546,0
2024-07-20 20:00:00+00:00,67222.88,67481.58,66782.07,67108.03,25553,2398,0
2024-07-21 00:00:00+00:00,67113.38,67441.1,66938.53,67139.85,24697,2365,0
2024-07-21 04:00:00+00:00,67138.76,67222.75,66577.38,66675.14,24623,2628,0
2024-07-21 08:00:00+00:00,66679.33,67058.94,66650.32,66849.45,21690,2590,0
2024-07-21 12:00:00+00:00,66846.63,67539.56,66575.69,67168.16,29090,2245,0
2024-07-21 16:00:00+00:00,67166.48,67734.36,65823.08,67419.28,49533,2266,0
2024-07-21 20:00:00+00:00,67421.76,68399.76,67265.86,68193.77,42347,2344,0
2024-07-22 00:00:00+00:00,68191.96,68510.4,67732.12,67858.68,36714,2250,0
2024-07-22 04:00:00+00:00,67861.53,68009.78,67103.35,67216.8,34456,2374,0
2024-07-22 08:00:00+00:00,67219.09,67576.01,66904.38,67485.05,33607,2837,0
2024-07-22 12:00:00+00:00,67481.08,68002.15,66526.99,67044.4,48637,2534,0
2024-07-22 16:00:00+00:00,67047.25,68284.6,66777.59,68268.1,37381,2833,0
2024-07-22 20:00:00+00:00,68270.01,68307.6,67246.7,67548.21,36034,2817,0
2024-07-23 00:00:00+00:00,67550.47,67781.74,67175.35,67471.0,33867,2792,0
2024-07-23 04:00:00+00:00,67476.5,67534.8,66224.8,66567.85,37973,2839,0
2024-07-23 08:00:00+00:00,66566.86,67138.77,66449.46,66671.34,35304,3112,0
2024-07-23 12:00:00+00:00,66675.93,67333.88,65964.0,66602.29,54608,2794,0
2024-07-23 16:00:00+00:00,66600.17,66772.28,65425.09,65514.9,40328,2170,0
2024-07-23 20:00:00+00:00,65512.79,66052.77,65460.57,65944.76,29254,3202,0
2024-07-24 00:00:00+00:00,65946.47,66129.75,65455.08,66044.18,24852,3233,0
2024-07-24 04:00:00+00:00,66044.2,66083.86,65602.03,66067.73,23406,3238,0
2024-07-24 08:00:00+00:00,66071.07,66590.24,65986.3,66352.85,26556,2770,0
2024-07-24 12:00:00+00:00,66350.64,67101.0,66090.47,66176.11,35174,2794,0
2024-07-24 16:00:00+00:00,66177.67,66722.23,65575.36,65653.42,36171,2905,0
2024-07-24 20:00:00+00:00,65656.47,66087.51,65111.94,65366.38,38943,2839,0
2024-07-25 00:00:00+00:00,65367.05,65622.26,63865.75,64096.2,55497,2958,0
2024-07-25 04:00:00+00:00,64100.37,64403.51,63788.69,64129.71,34603,3075,0
2024-07-25 08:00:00+00:00,64124.06,64484.66,63878.98,64104.39,35150,3066,0
2024-07-25 12:00:00+00:00,64108.65,65035.56,63410.12,64801.4,45713,2878,0
2024-07-25 16:00:00+00:00,64802.03,65177.15,64384.28,64669.94,44092,2382,0
2024-07-25 20:00:00+00:00,64665.67,66126.9,64408.97,65788.32,35611,2625,0
2024-07-26 00:00:00+00:00,65784.78,67469.73,65686.82,66989.54,38828,2475,0
2024-07-26 04:00:00+00:00,66992.82,67168.76,66813.22,66884.73,26400,2630,0
2024-07-26 08:00:00+00:00,66881.07,67504.58,66877.03,67303.37,24258,2413,0
2024-07-26 12:00:00+00:00,67301.87,68037.48,66878.23,67562.59,51297,2375,0
2024-07-26 16:00:00+00:00,67562.51,68176.39,67282.82,68014.27,39461,2406,0
2024-07-26 20:00:00+00:00,68011.15,68235.05,67391.39,67927.61,29408,2400,0
2024-07-27 00:00:00+00:00,67924.65,68124.06,67630.99,67790.2,24811,2162,0
2024-07-27 04:00:00+00:00,67795.84,68333.38,67773.06,68070.06,18963,2003,0
2024-07-27 08:00:00+00:00,68071.6,68303.12,67888.73,68236.02,18129,2000,0
2024-07-27 12:00:00+00:00,68237.83,69411.37,68215.52,68883.88,26342,2000,0
2024-07-27 16:00:00+00:00,68881.86,69043.04,67768.84,68241.9,25678,2275,0
2024-07-27 20:00:00+00:00,68245.04,69124.52,66572.52,67885.39,34427,2237,0
2024-07-28 00:00:00+00:00,67886.84,68305.75,67227.9,67884.25,19572,2300,0
2024-07-28 04:00:00+00:00,67884.52,68026.28,66976.17,67506.63,19042,2550,0
2024-07-28 08:00:00+00:00,67506.18,67991.43,67154.01,67799.94,18297,2715,0
2024-07-28 12:00:00+00:00,67805.73,68106.05,67511.08,67617.78,20169,2512,0
2024-07-28 16:00:00+00:00,67616.54,68320.4,67555.41,68095.67,19778,2343,0
2024-07-28 20:00:00+00:00,68096.8,68286.65,67756.42,68215.16,19445,2272,0
2024-07-29 00:00:00+00:00,68204.9,69766.55,68121.22,69317.43,24906,2055,0
2024-07-29 04:00:00+00:00,69317.56,69869.98,69212.37,69522.01,20460,2001,0
2024-07-29 08:00:00+00:00,69517.15,69862.38,69340.3,69593.12,24254,2001,0
2024-07-29 12:00:00+00:00,69591.65,70044.56,67624.39,68064.27,58115,2000,0
2024-07-29 16:00:00+00:00,68069.38,68091.45,66459.8,67226.13,47061,2834,0
2024-07-29 20:00:00+00:00,67230.93,67541.95,66554.18,66754.98,34308,2957,0
2024-07-30 00:00:00+00:00,66749.6,66866.57,65869.65,66605.32,48752,2875,0
2024-07-30 04:00:00+00:00,66608.8,66987.6,66283.67,66917.48,36301,2837,0
2024-07-30 08:00:00+00:00,66921.64,66967.78,66367.24,66543.85,34789,2889,0
2024-07-30 12:00:00+00:00,66549.26,66924.96,65547.24,66199.61,51862,2981,0
2024-07-30 16:00:00+00:00,66201.09,66540.11,65551.51,65910.14,46758,2983,0
2024-07-30 20:00:00+00:00,65912.13,66352.24,65331.86,66190.13,35743,2877,0
2024-07-31 00:00:00+00:00,66190.59,66422.15,65854.34,66040.91,29182,2916,0
2024-07-31 04:00:00+00:00,66038.77,66533.43,65473.83,66172.93,31372,3211,0
2024-07-31 08:00:00+00:00,66175.71,66360.37,65892.6,66049.31,25791,3298,0
2024-07-31 12:00:00+00:00,66051.64,66838.75,65924.81,66363.49,41061,3310,0
2024-07-31 16:00:00+00:00,66366.07,66817.24,64963.62,65258.63,46071,3223,0
2024-07-31 20:00:00+00:00,65253.83,65411.77,64490.5,64616.02,45987,3263,0
2024-08-01 00:00:00+00:00,64614.88,64834.54,63680.32,63871.16,41911,3263,0
2024-08-01 04:00:00+00:00,63869.13,64478.51,63513.37,64287.57,40085,3260,0
2024-08-01 08:00:00+00:00,64283.8,64689.47,64264.51,64673.95,27153,3275,0
2024-08-01 12:00:00+00:00,64668.84,64932.56,62630.28,62847.91,46839,3223,0
2024-08-01 16:00:00+00:00,62849.67,63444.03,62202.66,63357.28,63386,3230,0
2024-08-01 20:00:00+00:00,63354.43,65601.47,63287.97,65300.37,50737,3172,0
2024-08-02 00:00:00+00:00,65295.61,65577.39,63646.88,64563.46,44908,3093,0
2024-08-02 04:00:00+00:00,64566.87,64630.76,63799.15,64151.54,42658,3048,0
2024-08-02 08:00:00+00:00,64154.67,64833.11,64008.54,64681.48,38674,3172,0
2024-08-02 12:00:00+00:00,64681.96,65475.42,62498.8,63401.92,66462,2649,0
2024-08-02 16:00:00+00:00,63400.97,63602.33,62481.74,62606.21,54234,2867,0
2024-08-02 20:00:00+00:00,62601.77,63049.43,61326.0,61443.38,53225,2732,0
2024-08-03 00:00:00+00:00,61445.52,61833.6,60371.95,61764.11,48674,3114,0
2024-08-03 04:00:00+00:00,61759.32,61852.07,61451.36,61679.62,25558,2453,0
2024-08-03 08:00:00+00:00,61674.0,61970.69,61434.49,61914.7,25290,2511,0
2024-08-03 12:00:00+00:00,61911.26,62222.86,61555.21,61596.42,35287,2000,0
2024-08-03 16:00:00+00:00,61596.06,61715.02,59822.75,60154.05,51907,2000,0
2024-08-03 20:00:00+00:00,60155.45,60832.82,59782.74,60672.85,44863,3130,0
2024-08-04 00:00:00+00:00,60673.15,61095.87,60259.28,60693.71,44745,3144,0
2024-08-04 04:00:00+00:00,60693.7,60903.45,60192.12,60313.86,35304,3189,0
2024-08-04 08:00:00+00:00,60309.25,60979.56,60034.28,60859.39,43053,2995,0
2024-08-04 12:00:00+00:00,60859.39,61068.18,58845.41,58989.71,58607,2591,0
2024-08-04 16:00:00+00:00,58989.71,59429.88,56976.48,59191.15,79915,3134,0
2024-08-04 20:00:00+00:00,59191.15,59531.28,57915.23,58091.28,55741,2900,0
2024-08-05 00:00:00+00:00,58091.28,58231.9,52218.52,53859.86,123807,2361,0
2024-08-05 04:00:00+00:00,53865.27,54536.88,48941.34,52703.8,135850,2262,0
2024-08-05 08:00:00+00:00,52702.64,53275.09,50644.26,51359.57,118202,2088,0
2024-08-05 12:00:00+00:00,51359.57,55042.47,49543.48,54382.07,157130,2150,0
2024-08-05 16:00:00+00:00,54380.68,55624.49,52587.62,53513.48,109999,2076,0
2024-08-05 20:00:00+00:00,53513.48,55254.06,53503.96,54049.51,70016,2118,0
2024-08-06 00:00:00+00:00,54042.56,56320.6,53977.92,55729.71,77960,2118,0
2024-08-06 04:00:00+00:00,55729.71,56219.83,55296.39,56067.21,69519,2075,0
2024-08-06 08:00:00+00:00,56068.48,56200.3,54643.47,55284.85,82618,2075,0
2024-08-06 12:00:00+00:00,55284.85,56703.23,54403.62,56490.07,98010,2000,0
2024-08-06 16:00:00+00:00,56490.07,57137.16,56320.77,56872.37,70025,2018,0
2024-08-06 20:00:00+00:00,56872.37,57040.64,55895.19,56093.43,56662,2087,0
2024-08-07 00:00:00+00:00,56094.33,57351.93,55620.72,56902.61,65417,2038,0
2024-08-07 04:00:00+00:00,56903.2,57312.49,56583.49,56979.6,53848,2069,0
2024-08-07 08:00:00+00:00,56979.6,57780.1,56910.79,57025.79,57671,2000,0
2024-08-07 12:00:00+00:00,57025.78,57530.35,55671.96,56110.94,82631,2120,0
2024-08-07 16:00:00+00:00,56110.94,56351.68,54683.51,54787.89,76746,2049,0
2024-08-07 20:00:00+00:00,54787.9,55587.44,54568.01,55134.19,56919,2065,0
2024-08-08 00:00:00+00:00,55134.79,57733.15,54736.7,57125.62,66936,2089,0
2024-08-08 04:00:00+00:00,57129.35,57493.29,56724.49,57263.4,53090,2089,0
2024-08-08 08:00:00+00:00,57263.4,57737.81,57029.83,57375.01,50229,2060,0
2024-08-08 12:00:00+00:00,57375.01,59540.67,56738.16,59444.07,90240,2120,0
2024-08-08 16:00:00+00:00,59444.21,59896.33,59287.1,59484.46,65600,2017,0
2024-08-08 20:00:00+00:00,59485.2,62800.0,59372.82,61707.13,62197,2041,0
2024-08-09 00:00:00+00:00,61707.13,61772.38,60778.48,61367.74,50810,2242,0
2024-08-09 04:00:00+00:00,61367.99,61397.83,60573.91,60876.94,46289,2316,0
2024-08-09 08:00:00+00:00,60876.94,61225.1,60174.64,60661.73,49263,2238,0
2024-08-09 12:00:00+00:00,60661.22,61104.9,59532.84,59806.59,76431,2318,0
2024-08-09 16:00:00+00:00,59806.72,60764.48,59719.77,60695.54,56464,2490,0
2024-08-09 20:00:00+00:00,60695.54,61009.76,59928.39,60850.64,45812,2450,0
2024-08-10 00:00:00+00:00,60850.64,61492.9,60263.63,60450.11,44565,2413,0
2024-08-10 04:00:00+00:00,60450.47,60866.09,60242.07,60850.39,34485,2638,0
2024-08-10 08:00:00+00:00,60850.4,61128.89,60620.08,60927.82,41875,2305,0
2024-08-10 12:00:00+00:00,60927.82,60957.73,60408.97,60521.1,39805,2424,0
2024-08-10 16:00:00+00:00,60521.1,61221.51,60397.14,61039.23,35609,2421,0
2024-08-10 20:00:00+00:00,61039.23,61183.19,60760.72,60928.52,26923,2376,0
2024-08-11 00:00:00+00:00,60928.53,61387.28,60896.78,61104.53,30631,2222,0
2024-08-11 04:00:00+00:00,61104.54,61277.2,60884.47,61262.79,27687,2292,0
2024-08-11 08:00:00+00:00,61262.79,61997.68,60432.08,60684.65,41783,2090,0
2024-08-11 12:00:00+00:00,60684.65,60785.44,59955.91,60147.46,49015,3082,0
2024-08-11 16:00:00+00:00,60147.46,60370.82,59552.47,59646.49,38812,3043,0
2024-08-11 20:00:00+00:00,59646.49,59706.41,58305.95,58747.53,61570,2520,0
2024-08-12 00:00:00+00:00,58747.53,59102.69,58127.61,58537.08,49486,2500,0
2024-08-12 04:00:00+00:00,58537.08,59005.32,57652.44,58690.49,49066,2518,0
2024-08-12 08:00:00+00:00,58690.49,60000.47,58141.63,59875.32,60462,2439,0
2024-08-12 12:00:00+00:00,59875.65,60708.39,57824.02,60220.2,88670,2415,0
2024-08-12 16:00:00+00:00,60220.2,60446.28,58446.02,59057.88,62627,2296,0
2024-08-12 20:00:00+00:00,59060.19,59752.79,58575.17,59370.06,47109,2401,0
2024-08-13 00:00:00+00:00,59370.04,59943.27,58885.55,59062.61,47152,2644,0
2024-08-13 04:00:00+00:00,59062.61,59495.01,58856.92,59260.42,42179,2489,0
2024-08-13 08:00:00+00:00,59260.42,59354.24,58434.84,58865.32,44388,2601,0
2024-08-13 12:00:00+00:00,58865.32,59812.62,58731.93,59490.53,66282,2595,0
2024-08-13 16:00:00+00:00,59490.53,61615.99,59470.69,60826.66,65920,2229,0
2024-08-13 20:00:00+00:00,60829.67,61161.24,60396.96,60601.8,34237,2382,0
2024-08-14 00:00:00+00:00,60601.8,61348.6,60440.87,60986.83,38060,2539,0
2024-08-14 04:00:00+00:00,60988.0,61188.7,60653.77,60953.6,37868,2436,0
2024-08-14 08:00:00+00:00,60953.6,61479.8,60661.64,61333.89,43693,2617,0
2024-08-14 12:00:00+00:00,61333.89,61913.97,58846.24,59480.04,79371,2470,0
2024-08-14 16:00:00+00:00,59480.04,59508.45,58586.48,58925.04,52593,2481,0
2024-08-14 20:00:00+00:00,58922.65,59213.0,58434.1,58714.16,31939,2534,0
2024-08-15 00:00:00+00:00,58714.16,59087.72,58020.86,58462.79,40639,2577,0
2024-08-15 04:00:00+00:00,58462.79,58647.73,57686.03,58038.96,44712,2664,0
2024-08-15 08:00:00+00:00,58038.96,58882.42,57942.67,58762.14,47812,2755,0
2024-08-15 12:00:00+00:00,58762.14,59795.43,58554.98,59707.72,68043,2665,0
2024-08-15 16:00:00+00:00,59704.72,59881.99,56650.11,57035.25,70387,2455,0
2024-08-15 20:00:00+00:00,57032.08,57889.64,55980.97,57542.99,49367,2638,0
2024-08-16 00:00:00+00:00,57543.7,58503.51,57069.58,57895.87,47318,2711,0
2024-08-16 04:00:00+00:00,57895.87,58665.41,57804.14,58467.53,42455,2651,0
2024-08-16 08:00:00+00:00,58467.54,58708.31,58225.14,58409.63,43233,2512,0
2024-08-16 12:00:00+00:00,58409.63,58937.53,57529.54,58065.4,78382,2374,0
2024-08-16 16:00:00+00:00,58060.32,59887.51,57990.36,59749.02,65576,2484,0
2024-08-16 20:00:00+00:00,59749.02,59783.58,58773.51,58910.5,40305,2443,0
2024-08-17 00:00:00+00:00,58910.5,59427.66,58814.75,59195.61,41061,2538,0
2024-08-17 04:00:00+00:00,59196.66,59322.26,59101.35,59302.84,34426,2809,0
2024-08-17 08:00:00+00:00,59302.84,59524.72,59092.28,59178.26,32847,2739,0
2024-08-17 12:00:00+00:00,59178.25,59721.24,59129.17,59437.25,36744,2830,0
2024-08-17 16:00:00+00:00,59437.25,59767.49,59332.0,59517.36,32548,2924,0
2024-08-17 20:00:00+00:00,59517.35,59552.0,59184.42,59528.7,25712,2693,0
2024-08-18 00:00:00+00:00,59528.71,60301.83,59331.65,59385.85,32846,2682,0
2024-08-18 04:00:00+00:00,59385.85,59732.55,59283.45,59606.29,33083,3138,0
2024-08-18 08:00:00+00:00,59606.29,60247.52,59460.75,60050.21,39961,2768,0
2024-08-18 12:00:00+00:00,60050.09,60327.99,59689.41,59898.08,37228,2996,0
2024-08-18 16:00:00+00:00,59898.1,59986.41,59398.44,59744.34,33576,2829,0
2024-08-18 20:00:00+00:00,59744.21,59929.49,58437.68,58460.51,32254,2671,0
2024-08-19 00:00:00+00:00,58460.59,58820.87,58240.94,58780.42,43899,2685,0
2024-08-19 04:00:00+00:00,58780.42,58793.93,58393.16,58546.76,33621,2850,0
2024-08-19 08:00:00+00:00,58546.76,58728.51,57830.52,58427.03,41213,2593,0
2024-08-19 12:00:00+00:00,58427.03,59018.39,58092.08,58574.57,54404,2611,0
2024-08-19 16:00:00+00:00,58573.89,59330.03,58412.28,58990.21,41433,2673,0
2024-08-19 20:00:00+00:00,58990.31,59657.93,58933.59,59471.8,29160,2662,0
2024-08-20 00:00:00+00:00,59471.51,60939.78,59401.21,60656.82,44317,2462,0
2024-08-20 04:00:00+00:00,60656.95,61446.7,60610.7,60948.53,42350,2434,0
2024-08-20 08:00:00+00:00,60950.89,61008.51,60432.97,60547.1,33719,2460,0
2024-08-20 12:00:00+00:00,60547.7,60976.27,58708.0,58835.71,60614,2430,0
2024-08-20 16:00:00+00:00,58835.71,59628.9,58569.06,59537.81,43621,2597,0
2024-08-20 20:00:00+00:00,59547.21,59754.64,58900.41,59047.2,29363,2568,0
2024-08-21 00:00:00+00:00,59047.2,59552.69,58811.88,59358.8,33777,2504,0
2024-08-21 04:00:00+00:00,59358.79,59763.29,59223.74,59719.21,32822,2512,0
2024-08-21 08:00:00+00:00,59719.21,59923.14,59097.83,59372.58,42050,2486,0
2024-08-21 12:00:00+00:00,59372.58,60238.32,58860.19,59537.04,65262,2379,0
2024-08-21 16:00:00+00:00,59537.03,61646.38,59386.03,61585.01,54679,2419,0
2024-08-21 20:00:00+00:00,61585.01,61841.93,60884.36,61139.17,44408,2292,0
2024-08-22 00:00:00+00:00,61139.17,61204.56,59708.1,60553.77,42878,2365,0
2024-08-22 04:00:00+00:00,60553.65,61098.94,60455.02,60970.54,37538,2440,0
2024-08-22 08:00:00+00:00,60970.54,61400.58,60789.74,61316.67,38752,2522,0
2024-08-22 12:00:00+00:00,61316.67,61389.56,60102.72,60401.82,58346,2415,0
2024-08-22 16:00:00+00:00,60401.82,60589.12,60139.26,60304.5,38615,2521,0
2024-08-22 20:00:00+00:00,60304.5,60696.73,60278.15,60373.32,23394,2589,0
2024-08-23 00:00:00+00:00,60373.32,60998.44,60322.45,60605.11,26304,2657,0
2024-08-23 04:00:00+00:00,60605.1,61383.33,60582.59,61077.03,31404,2482,0
2024-08-23 08:00:00+00:00,61077.03,61342.25,60661.29,60725.06,32958,2514,0
2024-08-23 12:00:00+00:00,60725.06,62337.41,60718.62,61523.53,65846,2546,0
2024-08-23 16:00:00+00:00,61520.51,63889.44,61321.95,63657.43,66274,2175,0
2024-08-23 20:00:00+00:00,63657.52,65098.91,63521.94,64091.7,52868,2137,0
2024-08-24 00:00:00+00:00,64091.7,64249.73,63672.5,63880.03,44833,2481,0
2024-08-24 04:00:00+00:00,63880.03,64396.95,63865.95,64362.35,37830,2132,0
2024-08-24 08:00:00+00:00,64361.91,64553.71,63920.78,63950.43,38814,2159,0
2024-08-24 12:00:00+00:00,63950.43,64283.25,63881.71,64002.73,41009,2437,0
2024-08-24 16:00:00+00:00,64002.73,64486.21,63951.9,64242.02,36322,2367,0
2024-08-24 20:00:00+00:00,64242.02,64373.75,63584.66,64196.34,32914,2424,0
2024-08-25 00:00:00+00:00,64196.33,64627.8,64025.81,64132.03,33814,2160,0
2024-08-25 04:00:00+00:00,64131.59,64254.67,63815.32,63905.77,33088,2517,0
2024-08-25 08:00:00+00:00,63905.77,64059.36,63794.72,63910.49,29758,3024,0
2024-08-25 12:00:00+00:00,63910.49,64341.03,63833.67,64174.03,30468,2399,0
2024-08-25 16:00:00+00:00,64174.85,64291.3,64019.91,64216.37,23026,2489,0
2024-08-25 20:00:00+00:00,64216.36,65230.97,64160.89,64258.44,31312,2297,0
2024-08-26 00:00:00+00:00,64258.44,64515.04,63787.64,64131.71,37380,2510,0
2024-08-26 04:00:00+00:00,64131.71,64231.28,63558.66,63624.4,30806,2627,0
2024-08-26 08:00:00+00:00,63624.4,64059.13,63191.14,63868.16,41150,2508,0
2024-08-26 12:00:00+00:00,63868.45,63985.36,63044.66,63526.85,53705,2497,0
2024-08-26 16:00:00+00:00,63525.15,63908.69,63177.45,63348.1,40081,2465,0
2024-08-26 20:00:00+00:00,63348.1,63561.79,62799.91,62827.96,30136,2491,0
2024-08-27 00:00:00+00:00,62827.96,63224.11,62638.38,62986.12,31503,2459,0
2024-08-27 04:00:00+00:00,62986.12,63225.41,62732.8,62908.61,29430,2442,0
2024-08-27 08:00:00+00:00,62908.61,63017.6,62206.45,62408.67,35769,2474,0
2024-08-27 12:00:00+00:00,62405.54,62498.57,61405.93,61653.93,51477,2787,0
2024-08-27 16:00:00+00:00,61653.14,62190.15,61473.56,62092.62,37185,2977,0
2024-08-27 20:00:00+00:00,62090.36,62099.23,57990.06,59441.12,61343,2404,0
2024-08-28 00:00:00+00:00,59441.61,59684.41,58911.84,59650.39,46230,2460,0
2024-08-28 04:00:00+00:00,59650.4,59697.5,58561.52,58648.28,36533,2291,0
2024-08-28 08:00:00+00:00,58648.28,60260.47,58579.37,59959.76,48121,2221,0
2024-08-28 12:00:00+00:00,59959.75,60193.48,58465.81,59035.38,61337,2301,0
2024-08-28 16:00:00+00:00,59035.38,59874.14,57881.76,58939.82,58259,2298,0
2024-08-28 20:00:00+00:00,58939.82,59643.43,58670.16,59077.36,42634,2436,0
2024-08-29 00:00:00+00:00,59077.36,59373.65,58907.99,59207.97,30687,2483,0
2024-08-29 04:00:00+00:00,59207.97,59801.58,59123.43,59617.38,35042,2479,0
2024-08-29 08:00:00+00:00,59617.37,60506.72,59405.22,60093.91,40416,2466,0
2024-08-29 12:00:00+00:00,60093.81,61203.5,60009.92,60807.5,66271,2329,0
2024-08-29 16:00:00+00:00,60807.55,60987.4,58930.04,59303.76,59038,2261,0
2024-08-29 20:00:00+00:00,59303.76,59692.84,58739.17,59401.51,36414,2380,0
2024-08-30 00:00:00+00:00,59401.5,59534.68,58945.5,59077.17,35953,2245,0
2024-08-30 04:00:00+00:00,59078.08,59631.26,58727.37,59316.78,38724,2302,0
2024-08-30 08:00:00+00:00,59316.78,59710.04,59309.76,59438.3,35806,2471,0
2024-08-30 12:00:00+00:00,59438.3,59979.59,57934.48,58108.29,70417,2226,0
2024-08-30 16:00:00+00:00,58108.29,59425.22,57693.71,58732.17,62223,2476,0
2024-08-30 20:00:00+00:00,58732.17,59363.28,58732.15,59186.79,33909,2215,0
2024-08-31 00:00:00+00:00,59186.79,59526.63,59116.95,59288.04,33624,2467,0
2024-08-31 04:00:00+00:00,59288.04,59408.02,59104.13,59129.87,32400,2266,0
2024-08-31 08:00:00+00:00,59129.61,59233.18,58865.95,59171.59,35078,1853,0
2024-08-31 12:00:00+00:00,59173.48,59301.46,58942.24,59068.67,38777,2160,0
2024-08-31 16:00:00+00:00,59068.67,59184.51,58770.88,58907.64,30271,2490,0
2024-08-31 20:00:00+00:00,58907.64,59193.61,58822.33,59019.93,21421,2621,0
2024-09-01 00:00:00+00:00,59015.54,59137.86,58304.59,58558.74,31268,2692,0
2024-09-01 04:00:00+00:00,58558.75,58634.74,57786.22,58511.01,40189,2883,0
2024-09-01 08:00:00+00:00,58512.98,58541.73,57867.96,58281.24,35214,2882,0
2024-09-01 12:00:00+00:00,58281.24,58413.05,57187.74,58256.17,48052,2520,0
2024-09-01 16:00:00+00:00,58256.17,58842.76,57911.66,58549.11,41880,2545,0
2024-09-01 20:00:00+00:00,58549.11,58702.71,57227.0,57335.56,43662,2592,0
2024-09-02 00:00:00+00:00,57335.66,57809.24,57151.29,57775.8,41314,2671,0
2024-09-02 04:00:00+00:00,57775.8,58030.04,57385.48,57593.42,34117,2649,0
2024-09-02 08:00:00+00:00,57593.42,58715.88,57554.68,58462.55,47110,2245,0
2024-09-02 12:00:00+00:00,58462.54,58836.48,58122.97,58568.96,43801,2215,0
2024-09-02 16:00:00+00:00,58568.96,58701.93,58318.63,58485.23,34227,2266,0
2024-09-02 20:00:00+00:00,58485.23,59478.66,58417.47,59185.75,33640,2079,0
2024-09-03 00:00:00+00:00,59185.75,59869.09,59079.72,59161.05,33319,2079,0
2024-09-03 04:00:00+00:00,59161.05,59304.28,58911.18,59150.52,32340,2424,0
2024-09-03 08:00:00+00:00,59150.52,59249.72,58749.03,59099.57,34930,2309,0
2024-09-03 12:00:00+00:00,59099.57,59391.51,57560.07,57728.64,58517,2321,0
2024-09-03 16:00:00+00:00,57728.86,58296.19,57596.36,58063.54,44083,2686,0
2024-09-03 20:00:00+00:00,58067.13,58272.83,57390.48,57503.58,27430,2475,0
2024-09-04 00:00:00+00:00,57503.58,57972.69,55619.2,56712.94,56772,2239,0
2024-09-04 04:00:00+00:00,56712.98,56929.55,56197.65,56801.33,39784,2267,0
2024-09-04 08:00:00+00:00,56801.33,56961.77,56494.79,56623.53,38417,2244,0
2024-09-04 12:00:00+00:00,56620.73,58197.46,56207.69,58161.61,64447,2110,0
2024-09-04 16:00:00+00:00,58163.94,58571.01,57680.42,58089.19,51227,2031,0
2024-09-04 20:00:00+00:00,58092.88,58439.68,57853.53,58007.24,28510,2209,0
2024-09-05 00:00:00+00:00,58007.24,58386.69,56960.18,57177.15,36701,2214,0
2024-09-05 04:00:00+00:00,57177.15,57343.5,56570.38,57186.18,38279,2232,0
2024-09-05 08:00:00+00:00,57186.18,57266.88,56624.23,56704.64,35032,2321,0
2024-09-05 12:00:00+00:00,56704.64,57348.81,55821.26,55986.7,69184,2531,0
2024-09-05 16:00:00+00:00,55986.7,56743.32,55791.87,56058.14,52313,2492,0
2024-09-05 20:00:00+00:00,56054.34,56279.11,55654.92,56201.35,32431,2511,0
2024-09-06 00:00:00+00:00,56201.35,56889.96,56001.74,56613.49,37683,2438,0
2024-09-06 04:00:00+00:00,56613.49,56784.15,55295.73,55813.43,42611,2403,0
2024-09-06 08:00:00+00:00,55813.42,56298.32,55655.2,56021.41,42191,2384,0
2024-09-06 12:00:00+00:00,56021.41,57044.11,53809.79,54034.83,87695,2237,0
2024-09-06 16:00:00+00:00,54034.83,54429.01,53255.48,53536.48,71244,2795,0
2024-09-06 20:00:00+00:00,53536.48,54005.08,52549.38,53994.23,55814,2577,0
2024-09-07 00:00:00+00:00,53993.93,54120.57,53788.33,53864.44,41688,2569,0
2024-09-07 04:00:00+00:00,53864.45,54452.72,53850.66,54322.88,43239,2328,0
2024-09-07 08:00:00+00:00,54322.88,54554.52,54223.09,54377.51,35773,2168,0
2024-09-07 12:00:00+00:00,54377.51,54894.67,54375.89,54836.45,40907,1972,0
2024-09-07 16:00:00+00:00,54836.45,54917.75,54028.38,54433.53,42591,1938,0
2024-09-07 20:00:00+00:00,54433.53,54478.07,53840.26,54184.7,32691,2229,0
2024-09-08 00:00:00+00:00,54184.68,54529.18,53975.66,54413.24,33423,2549,0
2024-09-08 04:00:00+00:00,54414.55,54598.71,54284.51,54475.54,34769,2412,0
2024-09-08 08:00:00+00:00,54475.54,54750.31,54380.09,54601.65,31154,2117,0
2024-09-08 12:00:00+00:00,54601.64,54604.85,53664.82,53721.56,42354,2273,0
2024-09-08 16:00:00+00:00,53721.56,54560.67,53651.49,54367.03,35261,1970,0
2024-09-08 20:00:00+00:00,54367.03,55362.98,54210.81,54911.39,39919,2001,0
2024-09-09 00:00:00+00:00,54911.19,55413.06,54723.79,55153.45,47131,2198,0
2024-09-09 04:00:00+00:00,55153.65,55188.23,54605.89,54985.97,41000,2232,0
2024-09-09 08:00:00+00:00,54985.98,55585.95,54974.89,55299.71,39640,2050,0
2024-09-09 12:00:00+00:00,55299.61,55852.54,54843.91,55431.54,61340,2002,0
2024-09-09 16:00:00+00:00,55431.54,57226.19,55391.18,57140.27,59061,1781,0
2024-09-09 20:00:00+00:00,57144.86,58195.21,56845.72,57067.1,41683,1780,0
2024-09-10 00:00:00+00:00,57067.51,57105.9,56540.74,56550.17,38829,2035,0
2024-09-10 04:00:00+00:00,56550.84,57329.42,56416.92,57238.45,40062,2127,0
2024-09-10 08:00:00+00:00,57238.45,57407.49,56918.78,57252.22,38105,2077,0
2024-09-10 12:00:00+00:00,57252.22,57503.83,56544.25,56618.36,63721,2113,0
2024-09-10 16:00:00+00:00,56617.16,58088.86,56583.91,57987.55,52796,1998,0
2024-09-10 20:00:00+00:00,57988.77,58016.78,57474.63,57675.19,31005,2008,0
2024-09-11 00:00:00+00:00,57675.46,57781.98,56689.52,56849.21,43997,2063,0
2024-09-11 04:00:00+00:00,56849.21,56849.21,56108.98,56743.57,45246,2176,0
2024-09-11 08:00:00+00:00,56743.45,56911.7,56375.99,56832.79,44214,2077,0
2024-09-11 12:00:00+00:00,56832.79,57199.9,55584.21,56734.66,77143,2085,0
2024-09-11 16:00:00+00:00,56734.64,58052.28,56674.69,57633.49,61153,1890,0
2024-09-11 20:00:00+00:00,57633.49,57732.94,57245.74,57376.69,27686,1989,0
2024-09-12 00:00:00+00:00,57376.39,58525.64,57365.66,58275.75,44092,1926,0
2024-09-12 04:00:00+00:00,58275.74,58474.65,57884.42,58165.34,39273,1890,0
2024-09-12 08:00:00+00:00,58165.34,58403.01,57916.38,58085.65,34466,1890,0
2024-09-12 12:00:00+00:00,58085.85,58600.17,57353.46,57528.44,64236,1952,0
2024-09-12 16:00:00+00:00,57528.43,58499.64,57503.51,58427.32,46327,2071,0
2024-09-12 20:00:00+00:00,58427.19,58431.73,57810.84,58171.7,27280,2120,0
2024-09-13 00:00:00+00:00,58171.7,58289.29,57857.63,57886.3,28366,2161,0
2024-09-13 04:00:00+00:00,57885.74,58167.91,57766.43,58139.75,26093,2079,0
2024-09-13 08:00:00+00:00,58139.76,58393.29,57853.78,57913.21,30422,2210,0
2024-09-13 12:00:00+00:00,57913.21,59772.89,57648.93,59697.27,57910,2027,0
2024-09-13 16:00:00+00:00,59695.07,60031.43,59335.68,59759.67,52290,1868,0
2024-09-13 20:00:00+00:00,59761.07,60674.74,59639.46,60531.23,38923,1957,0
2024-09-14 00:00:00+00:00,60531.2,60651.28,60319.79,60348.59,35122,1892,0
2024-09-14 04:00:00+00:00,60348.59,60373.64,59900.2,60143.16,35571,1997,0
2024-09-14 08:00:00+00:00,60143.18,60169.97,59635.39,59744.29,29795,2603,0
2024-09-14 12:00:00+00:00,59744.66,60050.35,59668.78,59895.7,35880,2870,0
2024-09-14 16:00:00+00:00,59895.7,59999.98,59423.55,59847.21,32329,2339,0
2024-09-14 20:00:00+00:00,59847.2,60184.5,59804.06,60023.16,28162,2392,0
2024-09-15 00:00:00+00:00,60023.5,60295.75,60013.79,60183.64,29630,2146,0
2024-09-15 04:00:00+00:00,60183.64,60246.61,60102.92,60207.15,24666,2111,0
2024-09-15 08:00:00+00:00,60206.23,60224.59,59902.2,60019.89,28191,2255,0
2024-09-15 12:00:00+00:00,60020.32,60410.88,59879.05,60343.23,34485,2074,0
2024-09-15 16:00:00+00:00,60342.01,60360.05,59712.14,59892.39,32470,2038,0
2024-09-15 20:00:00+00:00,59892.39,59953.4,58716.2,59166.65,37893,2190,0
2024-09-16 00:00:00+00:00,59159.63,59243.81,58118.82,58583.55,46746,2233,0
2024-09-16 04:00:00+00:00,58581.05,58978.01,58312.51,58917.73,34996,2707,0
2024-09-16 08:00:00+00:00,58917.67,59198.57,58503.13,58671.02,38628,2514,0
2024-09-16 12:00:00+00:00,58670.89,58806.87,57581.97,57897.78,52700,2514,0
2024-09-16 16:00:00+00:00,57897.78,58283.07,57495.41,57966.93,42242,2626,0
2024-09-16 20:00:00+00:00,57966.93,58439.0,57609.98,58238.52,28920,2590,0
2024-09-17 00:00:00+00:00,58238.52,58371.85,57641.35,58098.36,33793,2526,0
2024-09-17 04:00:00+00:00,58096.73,58810.86,58050.87,58712.94,29269,2227,0
2024-09-17 08:00:00+00:00,58712.98,59343.93,58648.19,59122.19,36925,1946,0
2024-09-17 12:00:00+00:00,59122.99,61379.97,58909.62,61140.22,65100,1780,0
2024-09-17 16:00:00+00:00,61140.22,61273.41,59643.13,59990.26,55271,1785,0
2024-09-17 20:00:00+00:00,59990.85,60463.23,59748.78,60336.11,34873,1988,0
2024-09-18 00:00:00+00:00,60335.98,60797.95,59900.86,60535.42,34427,2004,0
2024-09-18 04:00:00+00:00,60535.13,60709.16,60203.85,60436.38,29590,2100,0
2024-09-18 08:00:00+00:00,60436.38,60436.38,59396.61,59867.33,38451,2170,0
2024-09-18 12:00:00+00:00,59867.33,60176.89,59299.32,59443.01,48879,2303,0
2024-09-18 16:00:00+00:00,59443.59,61347.46,59179.01,60065.89,82210,2184,0
2024-09-18 20:00:00+00:00,60065.89,61802.18,59479.04,61765.54,39963,2018,0
2024-09-19 00:00:00+00:00,61765.54,62621.03,61574.84,62141.64,49900,1849,0
2024-09-19 04:00:00+00:00,62141.23,62218.63,61834.12,62133.05,35765,1816,0
2024-09-19 08:00:00+00:00,62133.2,62770.92,61906.08,62689.97,38774,1921,0
2024-09-19 12:00:00+00:00,62689.97,63564.31,62636.17,63186.43,61227,1832,0
2024-09-19 16:00:00+00:00,63186.59,63911.07,62976.68,63288.8,55111,1800,0
2024-09-19 20:00:00+00:00,63288.8,63288.8,62650.35,62963.58,33357,1904,0
2024-09-20 00:00:00+00:00,62963.58,63764.36,62603.77,63753.96,41892,2046,0
2024-09-20 04:00:00+00:00,63753.96,64150.24,63385.07,63531.79,47779,1933,0
2024-09-20 08:00:00+00:00,63532.15,63706.94,63106.99,63432.52,36074,2185,0
2024-09-20 12:00:00+00:00,63432.51,63543.15,62550.88,63136.74,59854,2436,0
2024-09-20 16:00:00+00:00,63136.75,63276.36,62318.03,62777.56,48577,2434,0
2024-09-20 20:00:00+00:00,62778.41,63273.06,62674.21,63176.07,31367,2425,0
2024-09-21 00:00:00+00:00,63176.07,63280.1,62774.79,62855.4,34125,2552,0
2024-09-21 04:00:00+00:00,62854.71,63114.56,62693.29,63062.97,34154,2853,0
2024-09-21 08:00:00+00:00,63062.97,63126.52,62949.93,63075.43,24756,2888,0
2024-09-21 12:00:00+00:00,63075.43,63298.06,62995.76,63149.49,33207,2483,0
2024-09-21 16:00:00+00:00,63150.25,63381.79,63064.65,63180.12,24661,2353,0
2024-09-21 20:00:00+00:00,63180.12,63557.43,63018.83,63341.42,23310,2826,0
2024-09-22 00:00:00+00:00,63341.42,63437.32,62810.63,63104.57,32810,2916,0
2024-09-22 04:00:00+00:00,63104.57,63200.65,62822.84,62932.49,25344,2948,0
2024-09-22 08:00:00+00:00,62932.49,63028.47,62528.77,62751.57,31697,3018,0
2024-09-22 12:00:00+00:00,62751.61,62918.54,62457.18,62641.56,33975,3017,0
2024-09-22 16:00:00+00:00,62641.56,63217.58,62462.0,63147.5,26140,2870,0
2024-09-22 20:00:00+00:00,63147.5,64021.86,62367.73,63580.13,38986,2246,0
2024-09-23 00:00:00+00:00,63580.13,64761.62,62557.8,64343.0,54080,2088,0
2024-09-23 04:00:00+00:00,64343.06,64452.13,63377.06,63541.24,34425,2281,0
2024-09-23 08:00:00+00:00,63541.01,63684.2,63286.43,63404.39,31652,2804,0
2024-09-23 12:00:00+00:00,63404.38,63784.27,63014.59,63620.71,51924,2885,0
2024-09-23 16:00:00+00:00,63620.52,63825.78,63079.99,63303.14,35213,2880,0
2024-09-23 20:00:00+00:00,63303.14,63496.08,63073.88,63333.9,22052,2916,0
2024-09-24 00:00:00+00:00,63333.9,63401.73,62697.63,63111.37,32677,2755,0
2024-09-24 04:00:00+00:00,63111.37,63570.41,62922.33,63550.73,25946,2705,0
2024-09-24 08:00:00+00:00,63550.74,63969.08,63370.37,63476.67,31310,2295,0
2024-09-24 12:00:00+00:00,63476.67,63778.43,62706.39,63145.51,43030,2492,0
2024-09-24 16:00:00+00:00,63145.66,64402.1,63075.13,64309.52,35531,2377,0
2024-09-24 20:00:00+00:00,64309.52,64690.07,63968.98,64260.35,32462,2232,0
2024-09-25 00:00:00+00:00,64260.35,64825.65,63981.7,64454.76,31976,2515,0
2024-09-25 04:00:00+00:00,64454.56,64461.91,63629.61,63834.06,25256,2648,0
2024-09-25 08:00:00+00:00,63834.06,63909.7,63390.66,63827.57,27280,2860,0
2024-09-25 12:00:00+00:00,63827.57,64005.63,63296.34,63497.75,44489,2908,0
2024-09-25 16:00:00+00:00,63497.75,63665.19,62979.63,63162.57,35030,2934,0
2024-09-25 20:00:00+00:00,63162.57,63569.63,62918.11,63115.39,26482,2691,0
2024-09-26 00:00:00+00:00,63118.25,63541.45,62641.7,63510.54,30203,2785,0
2024-09-26 04:00:00+00:00,63510.84,63871.93,63335.73,63852.75,26805,2484,0
2024-09-26 08:00:00+00:00,63852.75,64513.24,63585.82,64397.77,31526,2364,0
2024-09-26 12:00:00+00:00,64397.77,65576.07,64150.54,65247.43,59655,1988,0
2024-09-26 16:00:00+00:00,65247.43,65864.04,64721.89,64740.41,45331,1984,0
2024-09-26 20:00:00+00:00,64740.4,65267.61,64651.65,65185.15,29250,2571,0
2024-09-27 00:00:00+00:00,65185.15,65453.41,64841.05,65383.09,30999,2192,0
2024-09-27 04:00:00+00:00,65383.11,65589.75,65120.68,65500.76,33120,2444,0
2024-09-27 08:00:00+00:00,65500.76,66022.51,65349.11,65450.71,36835,2340,0
2024-09-27 12:00:00+00:00,65450.71,66512.63,65330.81,66041.7,52386,2069,0
2024-09-27 16:00:00+00:00,66041.69,66401.04,65525.45,65664.49,39674,2255,0
2024-09-27 20:00:00+00:00,65662.29,65993.81,65626.28,65788.1,25702,2619,0
2024-09-28 00:00:00+00:00,65788.11,66284.98,65724.22,66095.45,30334,2170,0
2024-09-28 04:00:00+00:00,66095.45,66115.0,65751.74,65832.04,27561,2222,0
2024-09-28 08:00:00+00:00,65832.04,65832.41,65462.65,65814.56,33273,3000,0
2024-09-28 12:00:00+00:00,65814.68,65843.1,65428.49,65634.82,29824,2951,0
2024-09-28 16:00:00+00:00,65634.37,65836.64,65496.64,65748.6,22976,2852,0
2024-09-28 20:00:00+00:00,65748.53,66023.22,65434.3,65870.51,21092,2895,0
2024-09-29 00:00:00+00:00,65870.31,66000.23,65642.76,65828.13,26534,2589,0
2024-09-29 04:00:00+00:00,65828.37,65828.37,65439.77,65480.13,21186,2682,0
2024-09-29 08:00:00+00:00,65480.13,65737.25,65441.02,65701.27,22175,3077,0
2024-09-29 12:00:00+00:00,65701.27,65873.55,65530.2,65768.51,25947,2463,0
2024-09-29 16:00:00+00:00,65768.12,65994.89,65659.27,65967.97,21366,2108,0
2024-09-29 20:00:00+00:00,65967.98,66105.86,65531.41,65607.1,22801,2245,0
2024-09-30 00:00:00+00:00,65607.1,65620.44,64208.68,64594.85,39229,3016,0
2024-09-30 04:00:00+00:00,64594.56,64739.93,64338.26,64589.79,29575,3064,0
2024-09-30 08:00:00+00:00,64589.96,64603.42,63256.02,63830.28,44400,3039,0
2024-09-30 12:00:00+00:00,63830.44,64181.79,63540.84,63570.94,45356,2873,0
2024-09-30 16:00:00+00:00,63570.93,63742.01,63032.47,63474.15,43640,3037,0
2024-09-30 20:00:00+00:00,63476.25,63853.49,62831.6,63314.34,31780,3020,0
2024-10-01 00:00:00+00:00,63314.34,63713.33,62997.18,63688.49,37639,3023,0
2024-10-01 04:00:00+00:00,63688.49,64110.56,63603.61,64041.98,31249,2996,0
2024-10-01 08:00:00+00:00,64041.98,64097.37,63697.14,63709.56,28495,2982,0
2024-10-01 12:00:00+00:00,63709.56,63801.85,61779.5,62601.04,62590,2941,0
2024-10-01 16:00:00+00:00,62599.87,62746.72,61053.29,61733.74,66884,2907,0
2024-10-01 20:00:00+00:00,61736.28,61743.45,60133.15,60783.7,49276,2660,0
2024-10-02 00:00:00+00:00,60783.7,61860.52,60707.37,61720.59,39293,2775,0
2024-10-02 04:00:00+00:00,61720.58,61926.74,61316.63,61698.2,39455,2726,0
2024-10-02 08:00:00+00:00,61698.2,61891.02,60846.79,61132.35,44436,2679,0
2024-10-02 12:00:00+00:00,61131.74,61921.52,60495.9,61855.82,63767,2676,0
2024-10-02 16:00:00+00:00,61855.82,62381.08,59943.2,60162.87,62393,2635,0
2024-10-02 20:00:00+00:00,60154.99,60975.48,60084.7,60610.94,43232,2827,0
2024-10-03 00:00:00+00:00,60610.94,61445.78,60489.86,61443.5,41034,2864,0
2024-10-03 04:00:00+00:00,61443.5,61468.98,60798.03,60899.46,35455,2657,0
2024-10-03 08:00:00+00:00,60898.11,61045.27,60108.8,60738.19,46581,2719,0
2024-10-03 12:00:00+00:00,60738.19,60908.01,59831.67,60624.53,73654,2793,0
2024-10-03 16:00:00+00:00,60624.53,61035.8,59902.73,61010.63,48193,2518,0
2024-10-03 20:00:00+00:00,61008.98,61084.63,60582.61,60719.66,29043,2525,0
2024-10-04 00:00:00+00:00,60719.66,61260.41,60420.94,60942.47,35026,2528,0
2024-10-04 04:00:00+00:00,60942.47,61500.34,60911.27,61430.01,26934,2524,0
2024-10-04 08:00:00+00:00,61430.06,61647.68,61242.93,61429.09,33570,2468,0
2024-10-04 12:00:00+00:00,61429.09,61997.27,60762.61,61862.68,63785,2365,0
2024-10-04 16:00:00+00:00,61862.88,62490.52,61632.1,62388.87,46569,2140,0
2024-10-04 20:00:00+00:00,62392.03,62506.61,61968.1,62095.17,30559,2125,0
2024-10-05 00:00:00+00:00,62095.17,62210.09,61676.79,61868.13,33420,2347,0
2024-10-05 04:00:00+00:00,61868.32,62276.89,61822.01,62071.95,34594,2138,0
2024-10-05 08:00:00+00:00,62071.95,62324.41,62068.33,62175.02,31904,1990,0
2024-10-05 12:00:00+00:00,62175.02,62370.98,62072.37,62143.23,32520,1889,0
2024-10-05 16:00:00+00:00,62142.54,62165.86,61746.41,61832.82,26780,2581,0
2024-10-05 20:00:00+00:00,61832.82,62087.29,61669.12,62026.12,25237,2944,0
2024-10-06 00:00:00+00:00,62026.12,62120.4,61838.13,61854.03,25747,2928,0
2024-10-06 04:00:00+00:00,61854.62,61987.68,61772.65,61929.1,24795,2849,0
2024-10-06 08:00:00+00:00,61929.1,62143.37,61894.12,62066.83,25759,2772,0
2024-10-06 12:00:00+00:00,62066.83,62768.01,62029.2,62703.58,34130,1780,0
2024-10-06 16:00:00+00:00,62703.58,63004.01,62526.34,62642.39,35656,1782,0
2024-10-06 20:00:00+00:00,62642.38,62919.28,62283.8,62824.79,30887,1933,0
2024-10-07 00:00:00+00:00,62824.89,63991.08,62662.58,63522.16,44057,1782,0
2024-10-07 04:00:00+00:00,63522.16,63723.96,63295.24,63537.96,31858,1865,0
2024-10-07 08:00:00+00:00,63537.96,63715.0,62616.72,63116.28,35512,2094,0
2024-10-07 12:00:00+00:00,63116.33,64476.17,62806.65,63647.31,53980,1955,0
2024-10-07 16:00:00+00:00,63647.31,63907.16,62714.88,63377.81,46439,2261,0
2024-10-07 20:00:00+00:00,63378.41,63409.77,62111.3,62200.22,34973,2325,0
2024-10-08 00:00:00+00:00,62200.23,62809.16,62122.15,62620.29,38789,2478,0
2024-10-08 04:00:00+00:00,62619.98,62780.46,61975.41,62288.4,37530,2517,0
2024-10-08 08:00:00+00:00,62288.4,62653.62,62159.44,62608.35,33431,2453,0
2024-10-08 12:00:00+00:00,62608.35,63193.62,61847.27,62265.54,57169,2338,0
2024-10-08 16:00:00+00:00,62265.54,62568.98,61812.74,62215.26,42444,2366,0
2024-10-08 20:00:00+00:00,62219.96,62558.91,61985.98,62128.91,27679,2464,0
2024-10-09 00:00:00+00:00,62128.8,62482.19,61968.25,62370.76,32264,2512,0
2024-10-09 04:00:00+00:00,62370.77,62546.18,62173.49,62242.6,26353,2383,0
2024-10-09 08:00:00+00:00,62242.6,62262.48,62011.58,62155.26,27428,2506,0
2024-10-09 12:00:00+00:00,62155.26,62394.14,61568.53,62294.06,48849,2341,0
2024-10-09 16:00:00+00:00,62294.06,62324.68,60752.27,60973.94,42946,2286,0
2024-10-09 20:00:00+00:00,60973.93,61051.03,60224.2,60585.43,34871,2473,0
2024-10-10 00:00:00+00:00,60585.43,60892.06,60310.82,60805.39,31605,2618,0
2024-10-10 04:00:00+00:00,60805.39,61078.42,60750.93,60825.77,29804,2525,0
2024-10-10 08:00:00+00:00,60825.78,61258.88,60560.03,61192.67,34514,2433,0
2024-10-10 12:00:00+00:00,61192.67,61253.09,60378.59,60740.95,51263,2385,0
2024-10-10 16:00:00+00:00,60740.95,60986.46,58857.02,59685.6,52657,2763,0
2024-10-10 20:00:00+00:00,59685.6,60301.95,59527.83,60296.87,32170,2547,0
2024-10-11 00:00:00+00:00,60296.87,60727.12,60042.67,60555.96,32875,2531,0
2024-10-11 04:00:00+00:00,60555.96,60873.3,60525.36,60623.86,28718,2501,0
2024-10-11 08:00:00+00:00,60624.15,61230.15,60593.91,61140.42,29808,2302,0
2024-10-11 12:00:00+00:00,61140.01,62485.24,61084.36,62268.65,51923,2056,0
2024-10-11 16:00:00+00:00,62268.66,63469.36,62145.73,63099.55,46541,1781,0
2024-10-11 20:00:00+00:00,63099.55,63214.4,62360.61,62543.26,33125,1856,0
2024-10-12 00:00:00+00:00,62543.32,63098.4,62492.16,62577.48,41446,1987,0
2024-10-12 04:00:00+00:00,62577.19,62816.57,62577.19,62762.12,32572,2173,0
2024-10-12 08:00:00+00:00,62762.12,63276.72,62679.48,62950.96,36303,1798,0
2024-10-12 12:00:00+00:00,62950.96,63536.7,62836.36,63198.18,41953,1780,0
2024-10-12 16:00:00+00:00,63197.26,63430.45,62922.85,63020.23,33091,1915,0
2024-10-12 20:00:00+00:00,63020.24,63404.12,63017.75,63225.04,27348,2028,0
2024-10-13 00:00:00+00:00,63225.02,63313.78,62676.08,62735.48,32993,1967,0
2024-10-13 04:00:00+00:00,62735.48,63017.32,62720.95,62860.14,27158,2520,0
2024-10-13 08:00:00+00:00,62860.35,62993.85,62533.59,62577.57,28652,2876,0
2024-10-13 12:00:00+00:00,62577.57,62854.69,62059.52,62246.33,37360,2860,0
2024-10-13 16:00:00+00:00,62246.33,62928.99,62185.15,62755.86,36602,1958,0
2024-10-13 20:00:00+00:00,62761.72,63158.25,62633.78,62895.84,33931,2292,0
2024-10-14 00:00:00+00:00,62895.84,64397.03,62471.09,64300.73,42944,1781,0
2024-10-14 04:00:00+00:00,64300.73,64682.9,63760.43,64603.05,42385,1782,0
2024-10-14 08:00:00+00:00,64603.05,65146.25,64308.48,64891.53,44328,1785,0
2024-10-14 12:00:00+00:00,64891.53,66268.0,64626.82,65841.9,58367,1785,0
2024-10-14 16:00:00+00:00,65841.9,66056.9,65501.15,65918.8,42567,1795,0
2024-10-14 20:00:00+00:00,65918.8,66512.67,65713.32,66057.46,30641,1781,0
2024-10-15 00:00:00+00:00,66057.46,66316.44,65282.36,65370.44,38951,1785,0
2024-10-15 04:00:00+00:00,65370.44,65816.34,65181.79,65627.32,36993,1901,0
2024-10-15 08:00:00+00:00,65627.32,65831.49,65260.9,65380.28,39766,2011,0
2024-10-15 12:00:00+00:00,65389.15,67947.76,64756.96,65967.21,80189,1780,0
2024-10-15 16:00:00+00:00,65967.21,67381.51,65931.13,66965.41,61394,2032,0
2024-10-15 20:00:00+00:00,66965.41,67152.03,66108.87,67061.31,40948,2022,0
2024-10-16 00:00:00+00:00,67061.31,67592.66,66741.74,67112.26,42168,1987,0
2024-10-16 04:00:00+00:00,67112.26,67390.58,66772.87,66971.38,43999,1999,0
2024-10-16 08:00:00+00:00,66971.38,68433.78,66906.43,67899.28,51510,1787,0
2024-10-16 12:00:00+00:00,67898.68,68320.26,67110.26,67758.92,72685,1835,0
2024-10-16 16:00:00+00:00,67759.04,68127.33,67478.15,67730.99,44546,1935,0
2024-10-16 20:00:00+00:00,67730.99,67980.71,67475.45,67607.99,30080,1962,0
2024-10-17 00:00:00+00:00,67607.99,67942.95,67374.53,67585.87,33210,1970,0
2024-10-17 04:00:00+00:00,67586.23,67586.23,67044.41,67266.01,38894,2191,0
2024-10-17 08:00:00+00:00,67266.0,67514.95,66765.95,66823.28,39256,2234,0
2024-10-17 12:00:00+00:00,66823.28,67683.36,66623.05,67568.09,62386,2328,0
2024-10-17 16:00:00+00:00,67568.09,67583.62,66685.47,66789.22,45878,2244,0
2024-10-17 20:00:00+00:00,66789.21,67463.79,66769.9,67398.05,28826,2203,0
2024-10-18 00:00:00+00:00,67398.05,68251.96,67157.75,67540.46,42006,2203,0
2024-10-18 04:00:00+00:00,67540.46,68386.41,67519.54,67959.58,41099,2212,0
2024-10-18 08:00:00+00:00,67959.58,68044.06,67641.4,67680.54,37063,2293,0
2024-10-18 12:00:00+00:00,67680.54,68868.54,67601.85,68715.36,57210,1976,0
2024-10-18 16:00:00+00:00,68715.36,69002.18,68341.35,68588.53,44366,1826,0
2024-10-18 20:00:00+00:00,68588.53,68673.24,68145.9,68402.67,31521,2188,0
2024-10-19 00:00:00+00:00,68403.04,68669.51,68264.9,68423.14,27559,2539,0
2024-10-19 04:00:00+00:00,68423.14,68541.89,68261.81,68329.61,22816,2986,0
2024-10-19 08:00:00+00:00,68329.61,68449.3,68039.95,68054.8,28048,3129,0
2024-10-19 12:00:00+00:00,68054.8,68327.64,68046.66,68202.27,32325,3137,0
2024-10-19 16:00:00+00:00,68201.94,68219.03,67983.99,68156.91,22739,3136,0
2024-10-19 20:00:00+00:00,68156.91,68395.67,68135.19,68347.48,22533,3139,0
2024-10-20 00:00:00+00:00,68350.97,68428.56,68047.09,68144.89,19739,3113,0
2024-10-20 04:00:00+00:00,68144.89,68410.06,68123.07,68337.65,23622,2945,0
2024-10-20 08:00:00+00:00,68337.66,68484.23,68327.66,68406.08,25180,2437,0
2024-10-20 12:00:00+00:00,68406.08,68752.96,68177.76,68607.0,31893,1810,0
2024-10-20 16:00:00+00:00,68607.0,68648.65,68394.73,68505.22,23639,2206,0
2024-10-20 20:00:00+00:00,68505.22,69388.62,68446.76,68965.77,38336,2329,0
2024-10-21 00:00:00+00:00,68965.77,69498.36,68548.78,68903.23,36607,2330,0
2024-10-21 04:00:00+00:00,68903.22,69153.97,68439.63,68483.57,33059,2952,0
2024-10-21 08:00:00+00:00,68483.57,68634.95,68087.66,68186.83,36157,3130,0
2024-10-21 12:00:00+00:00,68187.46,68286.61,66777.73,67283.14,46173,3014,0
2024-10-21 16:00:00+00:00,67288.98,67933.39,66813.8,67747.96,40205,2838,0
2024-10-21 20:00:00+00:00,67747.96,67926.25,67313.01,67340.15,30414,2734,0
2024-10-22 00:00:00+00:00,67340.15,67665.36,66508.04,67348.69,41120,2479,0
2024-10-22 04:00:00+00:00,67348.69,67756.72,67222.41,67344.78,31767,2753,0
2024-10-22 08:00:00+00:00,67344.77,67477.69,66669.04,67216.75,42307,2734,0
2024-10-22 12:00:00+00:00,67216.75,67638.97,66533.31,67203.43,55342,2612,0
2024-10-22 16:00:00+00:00,67203.05,67591.75,66827.36,67432.15,39526,2739,0
2024-10-22 20:00:00+00:00,67432.15,67791.4,67212.93,67356.76,26908,2720,0
2024-10-23 00:00:00+00:00,67356.76,67395.5,66781.61,66984.25,28344,2802,0
2024-10-23 04:00:00+00:00,66984.25,67222.6,66688.25,66748.56,29938,2874,0
2024-10-23 08:00:00+00:00,66748.56,66945.52,66087.5,66343.45,38349,2952,0
2024-10-23 12:00:00+00:00,66343.45,66821.89,65810.77,66109.4,49530,2787,0
2024-10-23 16:00:00+00:00,66109.39,66474.89,65146.99,66368.56,52832,2573,0
2024-10-23 20:00:00+00:00,66368.56,66743.01,66223.21,66586.72,31197,2678,0
2024-10-24 00:00:00+00:00,66586.72,67550.05,66425.52,67125.81,38570,2579,0
2024-10-24 04:00:00+00:00,67125.81,67405.64,66970.61,67029.61,32625,2684,0
2024-10-24 08:00:00+00:00,67029.6,67241.29,66625.43,67211.88,38009,2706,0
2024-10-24 12:00:00+00:00,67211.88,67935.42,67176.91,67629.24,54907,2299,0
2024-10-24 16:00:00+00:00,67629.24,68294.99,67275.91,68283.22,40367,2132,0
2024-10-24 20:00:00+00:00,68283.84,68828.6,67929.64,68130.38,36284,2307,0
2024-10-25 00:00:00+00:00,68130.38,68217.88,67756.55,67959.57,34031,2773,0
2024-10-25 04:00:00+00:00,67959.57,67993.74,67162.69,67461.3,33570,2723,0
2024-10-25 08:00:00+00:00,67460.5,68146.3,67246.25,68065.92,37701,2728,0
2024-10-25 12:00:00+00:00,68065.92,68740.33,67393.88,67643.99,55242,2442,0
2024-10-25 16:00:00+00:00,67640.89,67829.43,65887.62,66749.47,69134,2308,0
2024-10-25 20:00:00+00:00,66749.47,67294.11,65483.14,66579.57,55399,2540,0
2024-10-26 00:00:00+00:00,66579.57,66937.63,66325.8,66819.63,52864,2256,0
2024-10-26 04:00:00+00:00,66819.76,67176.42,66674.46,66931.82,45839,2043,0
2024-10-26 08:00:00+00:00,66931.88,67218.58,66890.24,67064.92,36742,2135,0
2024-10-26 12:00:00+00:00,67064.93,67112.19,66623.98,66795.79,41115,2206,0
2024-10-26 16:00:00+00:00,66795.79,67106.59,66700.79,67095.5,40379,1858,0
2024-10-26 20:00:00+00:00,67095.5,67387.77,66986.44,67002.03,30065,1857,0
2024-10-27 00:00:00+00:00,67002.05,67225.93,66816.26,67185.06,32049,2382,0
2024-10-27 04:00:00+00:00,67185.06,67215.11,67018.99,67131.26,30949,2280,0
2024-10-27 08:00:00+00:00,67131.26,67197.46,66971.57,67063.05,27804,2266,0
2024-10-27 12:00:00+00:00,67063.05,67791.86,67050.14,67718.22,41465,1784,0
2024-10-27 16:00:00+00:00,67719.23,67941.69,67455.85,67772.36,34412,1783,0
2024-10-27 20:00:00+00:00,67772.37,68287.23,67646.78,67967.64,37349,1781,0
2024-10-28 00:00:00+00:00,67967.63,68068.08,67596.97,67666.48,34165,1873,0
2024-10-28 04:00:00+00:00,67666.48,68623.61,67549.08,68380.33,35593,1823,0
2024-10-28 08:00:00+00:00,68380.33,68810.21,68169.54,68721.31,37236,1782,0
2024-10-28 12:00:00+00:00,68721.31,69255.64,68387.1,68460.34,55774,1783,0
2024-10-28 16:00:00+00:00,68460.34,69898.84,68418.38,69613.25,45013,1781,0
2024-10-28 20:00:00+00:00,69613.24,70307.5,69387.57,69910.87,41927,1784,0
2024-10-29 00:00:00+00:00,69910.88,71540.0,69705.3,70850.64,49305,1783,0
2024-10-29 04:00:00+00:00,70850.64,71295.88,70743.54,70942.54,40443,1827,0
2024-10-29 08:00:00+00:00,70942.54,71537.7,70895.06,71403.16,39392,1784,0
2024-10-29 12:00:00+00:00,71403.16,72381.1,70847.3,72356.14,57571,1782,0
2024-10-29 16:00:00+00:00,72355.34,73626.94,72311.73,72468.42,60820,1786,0
2024-10-29 20:00:00+00:00,72474.94,72913.55,71792.87,72674.74,46286,1937,0
2024-10-30 00:00:00+00:00,72674.08,72729.23,71934.54,72166.25,39248,2281,0
2024-10-30 04:00:00+00:00,72166.41,72557.8,72039.51,72167.75,33136,2498,0
2024-10-30 08:00:00+00:00,72167.42,72550.1,71866.09,71931.71,33895,2443,0
2024-10-30 12:00:00+00:00,71931.71,72433.89,71359.89,72002.96,61909,2490,0
2024-10-30 16:00:00+00:00,72002.96,72149.08,71573.88,71764.86,42382,2468,0
2024-10-30 20:00:00+00:00,71764.86,72929.24,71563.46,72304.86,39410,2234,0
2024-10-31 00:00:00+00:00,72304.86,72546.84,71966.72,72302.66,31268,2469,0
2024-10-31 04:00:00+00:00,72302.66,72425.36,72080.09,72353.6,28893,2578,0
2024-10-31 08:00:00+00:00,72353.59,72630.16,72074.58,72134.7,30040,2246,0
2024-10-31 12:00:00+00:00,72134.7,72190.94,70333.5,70524.11,58808,2515,0
2024-10-31 16:00:00+00:00,70524.11,70802.3,69917.55,69990.26,47577,2337,0
2024-10-31 20:00:00+00:00,69990.26,70550.03,69543.23,70199.91,37290,2431,0
2024-11-01 00:00:00+00:00,70199.9,70367.42,68735.69,69277.22,50507,2646,0
2024-11-01 04:00:00+00:00,69277.21,69635.04,68981.33,69180.07,37169,2708,0
2024-11-01 08:00:00+00:00,69180.07,70165.58,69145.8,69937.63,37407,2635,0
2024-11-01 12:00:00+00:00,69936.86,71576.38,68983.23,69334.39,66710,2264,0
2024-11-01 16:00:00+00:00,69334.39,70487.99,68741.7,69187.73,63333,2252,0
2024-11-01 20:00:00+00:00,69181.95,69578.44,68783.58,69460.02,38129,2674,0
2024-11-02 00:00:00+00:00,69460.02,69885.41,69442.41,69562.54,35377,2515,0
2024-11-02 04:00:00+00:00,69560.91,69789.47,69393.47,69767.72,34569,2600,0
2024-11-02 08:00:00+00:00,69767.72,69801.88,69359.94,69570.58,35923,2423,0
2024-11-02 12:00:00+00:00,69570.59,69647.49,68952.63,69319.28,43363,2635,0
2024-11-02 16:00:00+00:00,69319.28,69549.05,69148.58,69442.04,31663,2751,0
2024-11-02 20:00:00+00:00,69442.04,69515.81,69093.88,69296.65,24780,2606,0
2024-11-03 00:00:00+00:00,69296.64,69325.56,67789.54,68323.99,44887,2950,0
2024-11-03 04:00:00+00:00,68323.37,68727.1,68242.9,68334.16,42649,2848,0
2024-11-03 08:00:00+00:00,68334.16,68549.25,68142.7,68297.58,34415,2958,0
2024-11-03 12:00:00+00:00,68297.59,68479.75,67450.17,68041.77,49904,3090,0
2024-11-03 16:00:00+00:00,68041.77,68657.19,67633.8,68632.0,44499,2216,0
2024-11-03 20:00:00+00:00,68632.27,69311.69,68443.2,68704.96,46463,1947,0
2024-11-04 00:00:00+00:00,68704.95,69450.38,68145.92,68974.02,52424,2095,0
2024-11-04 04:00:00+00:00,68973.79,69335.69,68523.34,68523.39,39839,2071,0
2024-11-04 08:00:00+00:00,68523.68,68985.97,68375.19,68716.49,47145,2142,0
2024-11-04 12:00:00+00:00,68716.49,69197.03,68117.0,68588.83,51802,2083,0
2024-11-04 16:00:00+00:00,68588.83,68786.34,67198.09,67805.83,48867,2222,0
2024-11-04 20:00:00+00:00,67805.83,68063.05,66806.81,67801.12,46122,2201,0
2024-11-05 00:00:00+00:00,67801.12,68205.4,67417.57,68183.32,43587,2097,0
2024-11-05 04:00:00+00:00,68183.08,68951.06,68154.64,68861.81,39606,1936,0
2024-11-05 08:00:00+00:00,68861.81,69065.75,68559.29,68777.57,41750,1916,0
2024-11-05 12:00:00+00:00,68778.0,70312.85,68632.16,69641.81,58105,2021,0
2024-11-05 16:00:00+00:00,69641.81,70570.35,68698.65,68982.13,54301,2169,0
2024-11-05 20:00:00+00:00,68983.01,69912.78,68812.68,69389.34,47128,2235,0
2024-11-06 00:00:00+00:00,69389.34,75438.22,69300.55,74314.56,91548,1800,0
2024-11-06 04:00:00+00:00,74314.57,75416.24,73053.12,73362.23,82823,1840,0
2024-11-06 08:00:00+00:00,73362.22,74493.75,72654.98,74307.94,69340,2152,0
2024-11-06 12:00:00+00:00,74308.27,74796.18,73525.03,74349.87,72301,2119,0
2024-11-06 16:00:00+00:00,74350.07,75925.12,74162.74,75871.87,60131,1947,0
2024-11-06 20:00:00+00:00,75871.87,76470.03,75543.14,75589.85,54592,1944,0
2024-11-07 00:00:00+00:00,75589.85,76046.81,74994.84,75039.98,55589,2134,0
2024-11-07 04:00:00+00:00,75039.98,75063.05,74402.63,74760.57,44160,2384,0
2024-11-07 08:00:00+00:00,74760.57,75166.57,74682.24,74748.27,45718,2489,0
2024-11-07 12:00:00+00:00,74748.27,76130.07,74524.96,76118.31,56401,2459,0
2024-11-07 16:00:00+00:00,76118.31,76777.03,75603.69,76577.64,70215,2148,0
2024-11-07 20:00:00+00:00,76577.64,76935.25,75493.64,75892.62,53873,2090,0
2024-11-08 00:00:00+00:00,75893.73,76386.83,75584.38,75924.37,51098,2191,0
2024-11-08 04:00:00+00:00,75924.37,76285.2,75712.81,76211.95,45896,2135,0
2024-11-08 08:00:00+00:00,76211.95,76374.16,75804.25,75983.38,42976,2188,0
2024-11-08 12:00:00+00:00,75983.38,76654.48,75647.96,76464.97,54085,2007,0
2024-11-08 16:00:00+00:00,76464.97,77248.97,75838.55,76960.03,56776,1784,0
2024-11-08 20:00:00+00:00,76960.03,77149.8,76286.12,76483.04,47355,1814,0
2024-11-09 00:00:00+00:00,76484.12,76632.48,76124.16,76335.79,42359,1966,0
2024-11-09 04:00:00+00:00,76335.79,76800.94,76289.42,76526.83,43468,1780,0
2024-11-09 08:00:00+00:00,76526.82,76736.93,76364.7,76497.52,41355,1781,0
2024-11-09 12:00:00+00:00,76496.12,76554.97,76246.16,76299.5,34711,1934,0
2024-11-09 16:00:00+00:00,76296.95,76698.13,75686.63,76175.16,43833,2125,0
2024-11-09 20:00:00+00:00,76175.28,76900.85,76131.08,76665.37,36823,1796,0
2024-11-10 00:00:00+00:00,76665.37,77502.48,76482.85,77162.13,51644,1801,0
2024-11-10 04:00:00+00:00,77162.53,79733.9,77095.55,78777.72,68995,1904,0
2024-11-10 08:00:00+00:00,78777.03,80102.02,78777.03,79858.96,53130,1877,0
2024-11-10 12:00:00+00:00,79856.0,80134.57,79168.95,79688.05,61102,1781,0
2024-11-10 16:00:00+00:00,79688.05,81119.73,79322.69,79728.53,60322,1780,0
2024-11-10 20:00:00+00:00,79728.54,81607.05,78461.53,80360.51,68783,1865,0
2024-11-11 00:00:00+00:00,80360.51,81917.13,80214.84,81639.17,61312,1780,0
2024-11-11 04:00:00+00:00,81638.78,81758.45,80438.13,81138.3,57850,1782,0
2024-11-11 08:00:00+00:00,81136.81,82410.45,81053.34,82167.95,57735,1783,0
2024-11-11 12:00:00+00:00,82166.8,84384.95,81490.33,84135.57,77903,1782,0
2024-11-11 16:00:00+00:00,84135.57,86951.72,83885.41,86226.38,84101,1780,0
2024-11-11 20:00:00+00:00,86226.38,89724.85,86172.25,88698.08,84777,2099,0
2024-11-12 00:00:00+00:00,88698.06,89549.65,86631.66,88147.83,84723,2490,0
2024-11-12 04:00:00+00:00,88147.83,90009.79,87800.11,89073.72,70055,2796,0
2024-11-12 08:00:00+00:00,89073.95,89505.55,85384.45,87189.88,92306,2523,0
2024-11-12 12:00:00+00:00,87189.88,87902.97,85062.81,86648.71,100900,2619,0
2024-11-12 16:00:00+00:00,86648.72,89899.54,85784.28,88813.22,84443,2500,0
2024-11-12 20:00:00+00:00,88813.22,89999.95,87459.02,87987.94,68571,2295,0
2024-11-13 00:00:00+00:00,87987.94,88641.37,87090.46,87220.1,72193,2299,0
2024-11-13 04:00:00+00:00,87220.1,87774.25,86193.09,87436.86,65674,2273,0
2024-11-13 08:00:00+00:00,87436.94,88175.38,87143.5,87729.13,57522,2352,0
2024-11-13 12:00:00+00:00,87728.29,92888.35,87568.45,92693.73,96421,1780,0
2024-11-13 16:00:00+00:00,92693.73,93487.89,90045.92,90231.34,99147,1780,0
2024-11-13 20:00:00+00:00,90231.34,91233.58,87993.29,90456.32,82817,2400,0
2024-11-14 00:00:00+00:00,90456.24,90634.19,89531.49,89959.68,66681,2731,0
2024-11-14 04:00:00+00:00,89959.68,90879.21,89085.04,90792.41,57182,3051,0
2024-11-14 08:00:00+00:00,90792.41,91718.3,90358.83,91524.63,69990,2907,0
2024-11-14 12:00:00+00:00,91524.69,91827.49,87814.7,87948.4,86040,2901,0
2024-11-14 16:00:00+00:00,87948.93,89716.47,87507.06,89476.74,70644,2921,0
2024-11-14 20:00:00+00:00,89477.1,89477.1,86648.79,87314.05,74500,2382,0
2024-11-15 00:00:00+00:00,87314.05,88505.2,87226.84,88231.63,60855,2581,0
2024-11-15 04:00:00+00:00,88231.63,88428.85,87056.21,87648.15,55785,2522,0
2024-11-15 08:00:00+00:00,87648.38,89787.5,87372.34,89739.62,58884,2590,0
2024-11-15 12:00:00+00:00,89739.62,90746.39,87721.8,88400.33,80632,2548,0
2024-11-15 16:00:00+00:00,88400.34,90878.27,88345.05,90397.22,71883,2406,0
2024-11-15 20:00:00+00:00,90397.22,91921.93,90349.93,91015.04,59144,2040,0
2024-11-16 00:00:00+00:00,91014.46,91730.39,90844.25,91247.77,51784,1789,0
2024-11-16 04:00:00+00:00,91247.77,91806.28,91057.83,91111.28,47439,1993,0
2024-11-16 08:00:00+00:00,91111.27,91598.6,90967.39,91148.49,45075,1899,0
2024-11-16 12:00:00+00:00,91148.49,91300.95,90021.17,90480.67,59875,2230,0
2024-11-16 16:00:00+00:00,90480.74,91401.78,90159.76,91092.06,52877,1980,0
2024-11-16 20:00:00+00:00,91092.06,91168.95,90260.12,90545.29,40606,2238,0
2024-11-17 00:00:00+00:00,90572.86,90896.26,89320.88,90248.61,53461,2394,0
2024-11-17 04:00:00+00:00,90248.61,90876.09,90146.4,90497.5,50066,1930,0
2024-11-17 08:00:00+00:00,90498.3,91433.02,90424.84,90631.37,50842,1780,0
2024-11-17 12:00:00+00:00,90631.38,91140.61,89852.52,90216.76,53917,2350,0
2024-11-17 16:00:00+00:00,90215.13,90603.42,89622.19,90003.25,46216,3288,0
2024-11-17 20:00:00+00:00,90003.25,90190.17,88648.52,89833.48,51153,3435,0
2024-11-18 00:00:00+00:00,89833.48,90931.24,89605.55,90634.31,55212,2742,0
2024-11-18 04:00:00+00:00,90634.31,92320.8,90424.21,91688.74,49348,2079,0
2024-11-18 08:00:00+00:00,91688.74,92224.33,89964.98,90219.72,53731,2396,0
2024-11-18 12:00:00+00:00,90219.73,92670.21,89327.72,92378.42,79011,1907,0
2024-11-18 16:00:00+00:00,92379.23,92654.27,89630.52,90623.15,74523,1949,0
2024-11-18 20:00:00+00:00,90623.15,92050.56,90236.05,90465.1,58968,2265,0
2024-11-19 00:00:00+00:00,90465.13,91554.12,90359.14,91425.48,48014,2854,0
2024-11-19 04:00:00+00:00,91425.48,92056.99,91208.92,91622.91,47200,2063,0
2024-11-19 08:00:00+00:00,91622.92,91940.21,91156.64,91640.4,49055,2151,0
2024-11-19 12:00:00+00:00,91640.53,92864.11,90971.77,92431.3,74629,1828,0
2024-11-19 16:00:00+00:00,92434.81,93996.88,92206.52,93280.63,69343,1781,0
2024-11-19 20:00:00+00:00,93273.23,93620.72,91338.81,92348.72,57850,1784,0
2024-11-20 00:00:00+00:00,92359.93,92484.73,91490.84,92045.12,48427,3253,0
2024-11-20 04:00:00+00:00,92044.91,92894.53,91857.36,92878.93,48016,2612,0
2024-11-20 08:00:00+00:00,92878.93,93729.9,92753.95,93489.39,53408,1783,0
2024-11-20 12:00:00+00:00,93489.39,94901.53,93337.34,94810.23,71261,1978,0
2024-11-20 16:00:00+00:00,94810.2,94919.73,93187.52,94065.75,71949,1781,0
2024-11-20 20:00:00+00:00,94066.32,94682.92,93814.23,94343.04,52293,1780,0
2024-11-21 00:00:00+00:00,94342.68,95989.77,94052.99,95815.72,54468,1781,0
2024-11-21 04:00:00+00:00,95814.76,97880.52,95813.31,96922.78,66311,1783,0
2024-11-21 08:00:00+00:00,96922.78,98350.24,96715.68,97941.51,56201,1780,0
2024-11-21 12:00:00+00:00,97941.04,98223.52,95584.64,96653.55,79012,2279,0
2024-11-21 16:00:00+00:00,96653.33,99093.55,96295.05,97832.77,76231,1892,0
2024-11-21 20:00:00+00:00,97832.77,98802.43,97554.14,98402.98,55732,2330,0
2024-11-22 00:00:00+00:00,98402.95,99396.85,97859.9,98858.98,54289,2325,0
2024-11-22 04:00:00+00:00,98858.98,99532.23,98531.37,99250.28,47390,2345,0
2024-11-22 08:00:00+00:00,99250.28,99336.88,98221.15,98875.44,47030,2905,0
2024-11-22 12:00:00+00:00,98875.44,98964.58,97120.46,98753.62,72368,3380,0
2024-11-22 16:00:00+00:00,98753.62,99728.71,98309.54,99140.46,65417,2780,0
2024-11-22 20:00:00+00:00,99140.44,99521.35,98529.81,98924.26,52383,2827,0
2024-11-23 00:00:00+00:00,98924.25,98949.22,98217.46,98635.75,48961,3624,0
2024-11-23 04:00:00+00:00,98635.74,98741.36,98208.92,98492.32,39609,3741,0
2024-11-23 08:00:00+00:00,98492.32,98560.29,98234.13,98388.32,33756,3743,0
2024-11-23 12:00:00+00:00,98388.27,98910.56,98373.99,98472.49,41128,3731,0
2024-11-23 16:00:00+00:00,98472.5,98551.65,97427.12,97581.92,48961,3727,0
2024-11-23 20:00:00+00:00,97581.92,98119.78,97169.33,97713.35,42036,3722,0
2024-11-24 00:00:00+00:00,97713.38,98607.07,97659.05,98222.32,36881,3604,0
2024-11-24 04:00:00+00:00,98222.32,98444.49,97895.49,98437.46,34690,3724,0
2024-11-24 08:00:00+00:00,98437.46,98504.42,97280.7,97331.89,38649,3712,0
2024-11-24 12:00:00+00:00,97331.89,97726.88,95938.03,95952.1,62023,3685,0
2024-11-24 16:00:00+00:00,95951.05,96813.95,95750.78,96370.99,53037,3681,0
2024-11-24 20:00:00+00:00,96370.99,98447.73,96238.82,97978.32,46756,3691,0
2024-11-25 00:00:00+00:00,97978.32,98147.59,96953.61,97985.1,52876,3705,0
2024-11-25 04:00:00+00:00,97983.34,98431.1,97635.76,98113.9,48171,3602,0
2024-11-25 08:00:00+00:00,98113.16,98958.73,97909.31,98198.26,49056,3312,0
2024-11-25 12:00:00+00:00,98198.48,98325.9,94571.74,96040.93,77138,3649,0
2024-11-25 16:00:00+00:00,96041.6,96554.1,94418.12,94666.24,69321,3668,0
2024-11-25 20:00:00+00:00,94666.24,95328.0,92586.31,93009.27,67581,3554,0
2024-11-26 00:00:00+00:00,93009.42,95035.66,92760.38,94585.24,60439,3586,0
2024-11-26 04:00:00+00:00,94585.24,95086.2,93580.08,93842.34,52918,3561,0
2024-11-26 08:00:00+00:00,93842.34,93842.34,91383.28,92275.26,81879,3516,0
2024-11-26 12:00:00+00:00,92277.97,93567.47,91666.15,92853.85,87528,3431,0
2024-11-26 16:00:00+00:00,92853.85,94747.54,91501.6,91617.49,78853,3311,0
2024-11-26 20:00:00+00:00,91617.49,92339.67,90685.18,91912.29,65436,3559,0
2024-11-27 00:00:00+00:00,91912.3,93073.96,91752.59,92577.34,60182,3587,0
2024-11-27 04:00:00+00:00,92577.34,93712.27,92322.49,93639.04,54673,3582,0
2024-11-27 08:00:00+00:00,93639.04,93952.01,93154.62,93418.67,52986,3271,0
2024-11-27 12:00:00+00:00,93418.67,95964.67,92874.04,95687.18,67495,2015,0
2024-11-27 16:00:00+00:00,95687.18,96834.09,95322.02,96818.39,63362,1955,0
2024-11-27 20:00:00+00:00,96818.39,97391.01,95871.4,96009.09,52310,1968,0
2024-11-28 00:00:00+00:00,96009.09,96732.95,94932.43,95588.81,55160,2484,0
2024-11-28 04:00:00+00:00,95588.82,96084.72,95199.61,95449.18,54575,2213,0
2024-11-28 08:00:00+00:00,95449.18,95899.74,94710.57,95565.47,56874,2470,0
2024-11-28 12:00:00+00:00,95565.47,96344.52,94967.79,95082.09,62686,2947,0
2024-11-28 16:00:00+00:00,95082.08,95503.83,94864.95,95171.86,44963,3494,0
2024-11-28 20:00:00+00:00,95171.87,96128.02,94731.06,95723.82,40999,3095,0
2024-11-29 00:00:00+00:00,95723.8,96988.47,95429.17,96689.63,52205,2576,0
2024-11-29 04:00:00+00:00,96689.63,96731.66,95675.01,95700.82,44197,2535,0
2024-11-29 08:00:00+00:00,95700.82,97492.79,95698.19,97357.73,48295,2209,0
2024-11-29 12:00:00+00:00,97356.81,98797.08,96853.52,98170.46,62057,1780,0
2024-11-29 16:00:00+00:00,98170.46,98615.27,96945.96,97453.5,59142,1874,0
2024-11-29 20:00:00+00:00,97453.5,97770.49,97121.96,97549.1,42376,2991,0
2024-11-30 00:00:00+00:00,97549.1,97559.05,96389.32,96735.34,45799,3094,0
2024-11-30 04:00:00+00:00,96735.33,97340.56,96637.05,96880.8,44746,3671,0
2024-11-30 08:00:00+00:00,96880.8,97082.1,96173.27,96351.5,40746,3624,0
2024-11-30 12:00:00+00:00,96351.5,96845.03,96322.77,96741.69,42983,3369,0
2024-11-30 16:00:00+00:00,96742.32,97171.39,96613.04,97113.47,40012,2951,0
2024-11-30 20:00:00+00:00,97113.47,97160.43,96393.91,96489.24,34433,2951,0
2024-12-01 00:00:00+00:00,96489.23,96759.29,95730.32,96432.29,47565,3507,0
2024-12-01 04:00:00+00:00,96432.27,96636.14,96273.98,96597.69,39903,2797,0
2024-12-01 08:00:00+00:00,96597.49,97313.77,96548.25,97218.34,43449,1928,0
2024-12-01 12:00:00+00:00,97218.34,97533.66,96786.75,97144.54,41795,1783,0
2024-12-01 16:00:00+00:00,97144.54,97655.76,97053.88,97260.79,34041,1994,0
2024-12-01 20:00:00+00:00,97260.79,97973.44,96871.66,97317.63,39790,2013,0
2024-12-02 00:00:00+00:00,97317.63,98298.6,96406.74,96560.07,50162,2252,0
2024-12-02 04:00:00+00:00,96560.07,97047.94,95797.23,96052.27,53363,3439,0
2024-12-02 08:00:00+00:00,96052.1,96176.06,94855.18,95181.54,56826,3661,0
2024-12-02 12:00:00+00:00,95181.54,97354.19,94815.15,97160.73,64699,2842,0
2024-12-02 16:00:00+00:00,97160.73,97493.38,94419.52,95871.07,68073,2477,0
2024-12-02 20:00:00+00:00,95871.07,96410.67,95133.47,95895.9,50678,2800,0
2024-12-03 00:00:00+00:00,95895.91,96383.55,95468.81,96162.87,52006,3096,0
2024-12-03 04:00:00+00:00,96162.87,96355.31,95319.9,95594.02,46027,2827,0
2024-12-03 08:00:00+00:00,95594.25,95728.55,94648.87,95031.72,42694,3627,0
2024-12-03 12:00:00+00:00,95031.31,96382.37,93573.91,95798.51,71540,1970,0
2024-12-03 16:00:00+00:00,95798.51,96289.71,94949.01,95503.74,61621,2334,0
2024-12-03 20:00:00+00:00,95503.74,96281.59,95344.74,95998.34,49329,2118,0
2024-12-04 00:00:00+00:00,95998.34,96779.56,95324.07,95903.3,51264,2166,0
2024-12-04 04:00:00+00:00,95903.3,96874.76,95834.12,96724.03,41922,1946,0
2024-12-04 08:00:00+00:00,96724.03,97070.3,96286.6,96317.25,44072,1815,0
2024-12-04 12:00:00+00:00,96317.25,96673.91,95419.72,95886.14,61184,2637,0
2024-12-04 16:00:00+00:00,95886.14,97400.03,94685.96,97373.8,63947,1864,0
2024-12-04 20:00:00+00:00,97373.79,99187.82,97285.51,98688.94,65433,1780,0
2024-12-05 00:00:00+00:00,98688.94,104320.4,98008.99,102957.4,91118,1780,0
2024-12-05 04:00:00+00:00,102957.4,103573.07,101352.65,102308.81,65364,1780,0
2024-12-05 08:00:00+00:00,102308.81,103263.99,102289.67,102622.1,56449,1780,0
2024-12-05 12:00:00+00:00,102622.1,103666.58,100977.86,101371.31,71140,1780,0
2024-12-05 16:00:00+00:00,101371.31,102065.73,98569.37,98972.48,72965,2875,0
2024-12-05 20:00:00+00:00,98972.48,99492.19,90806.09,96986.04,90167,2364,0
2024-12-06 00:00:00+00:00,96986.04,98789.36,96406.55,97714.83,67762,2765,0
2024-12-06 04:00:00+00:00,97714.83,98327.68,97354.08,98183.52,45569,3182,0
2024-12-06 08:00:00+00:00,98183.52,98761.41,97699.45,98126.78,51937,2749,0
2024-12-06 12:00:00+00:00,98126.78,99644.01,97549.24,99463.65,70391,2149,0
2024-12-06 16:00:00+00:00,99463.65,101936.56,98914.98,101576.01,65406,1783,0
2024-12-06 20:00:00+00:00,101576.02,102019.66,99120.36,99828.04,50222,1782,0
2024-12-07 00:00:00+00:00,99827.87,100563.85,99426.3,99522.04,53389,2194,0
2024-12-07 04:00:00+00:00,99522.05,99849.29,98926.68,99488.81,51301,3359,0
2024-12-07 08:00:00+00:00,99488.82,99958.34,99369.89,99702.44,44746,2720,0
2024-12-07 12:00:00+00:00,99701.05,99905.39,99101.47,99822.28,42474,3578,0
2024-12-07 16:00:00+00:00,99822.28,100366.0,99524.53,100183.47,37701,1886,0
2024-12-07 20:00:00+00:00,100183.47,100541.08,99650.21,99899.52,37179,1780,0
2024-12-08 00:00:00+00:00,99899.04,100444.29,99682.99,100008.93,40077,1781,0
2024-12-08 04:00:00+00:00,100006.5,100108.12,99368.17,99726.13,35366,2339,0
2024-12-08 08:00:00+00:00,99726.13,99903.97,98666.37,99763.2,42367,2623,0
2024-12-08 12:00:00+00:00,99763.18,100584.77,99377.27,99944.77,48750,1781,0
2024-12-08 16:00:00+00:00,99944.77,100232.07,99497.97,100146.13,43127,2785,0
2024-12-08 20:00:00+00:00,100146.14,100372.69,99770.79,100219.09,28880,2818,0
2024-12-09 00:00:00+00:00,99084.59,99400.37,98487.94,99128.63,13991,3744,0
2024-12-09 04:00:00+00:00,99128.64,99783.9,98358.16,99620.99,52133,3637,0
2024-12-09 08:00:00+00:00,99620.99,99747.35,98011.64,98057.37,57835,3645,0
2024-12-09 12:00:00+00:00,98057.36,100491.59,97465.19,97749.5,70046,2907,0
2024-12-09 16:00:00+00:00,97749.7,98359.26,96894.14,96994.91,63826,3707,0
2024-12-09 20:00:00+00:00,96994.91,97585.08,93994.63,97353.71,82403,3525,0
2024-12-10 00:00:00+00:00,97355.33,98207.63,95587.4,96958.23,66828,3652,0
2024-12-10 04:00:00+00:00,96959.09,97540.84,95919.78,97200.21,53487,3488,0
2024-12-10 08:00:00+00:00,97200.22,97967.0,96939.49,97769.44,52260,3044,0
2024-12-10 12:00:00+00:00,97769.44,98344.12,95608.26,95650.1,78059,2896,0
2024-12-10 16:00:00+00:00,95650.1,96515.11,94206.25,95869.21,86247,1970,0
2024-12-10 20:00:00+00:00,95869.47,97298.88,95625.21,96650.99,54344,1895,0
2024-12-11 00:00:00+00:00,96650.99,97700.7,95682.41,97449.49,66064,1887,0
2024-12-11 04:00:00+00:00,97449.16,97858.74,97225.42,97389.4,47186,1847,0
2024-12-11 08:00:00+00:00,97389.41,98571.94,97358.59,98369.72,57018,1808,0
2024-12-11 12:00:00+00:00,98369.72,100924.83,98137.18,100425.97,67484,1787,0
2024-12-11 16:00:00+00:00,100426.38,101251.34,99650.88,101215.07,64175,1793,0
2024-12-11 20:00:00+00:00,101215.07,101953.4,100924.73,101163.64,51808,1792,0
2024-12-12 00:00:00+00:00,101168.2,101881.45,100350.74,101063.46,53676,1788,0
2024-12-12 04:00:00+00:00,101064.25,101221.36,100395.18,100487.79,45557,1808,0
2024-12-12 08:00:00+00:00,100487.79,101142.79,100128.62,100321.38,45794,1802,0
2024-12-12 12:00:00+00:00,100321.38,101879.85,100320.54,101793.14,64659,1780,0
2024-12-12 16:00:00+00:00,101793.14,102537.43,99225.29,99422.28,63572,1781,0
2024-12-12 20:00:00+00:00,99422.28,100493.22,99399.62,99989.04,52745,1818,0
2024-12-13 00:00:00+00:00,99989.38,100349.51,99185.3,99748.64,47914,1818,0
2024-12-13 04:00:00+00:00,99748.64,100246.96,99484.12,100144.87,43425,1825,0
2024-12-13 08:00:00+00:00,100144.87,100782.13,99871.39,100324.62,46840,1805,0
2024-12-13 12:00:00+00:00,100324.62,101432.47,99711.97,99897.55,55707,2885,0
2024-12-13 16:00:00+00:00,99891.93,101919.04,99792.68,101451.63,57228,2885,0
2024-12-13 20:00:00+00:00,101451.64,101875.58,101065.55,101385.87,41213,2895,0
2024-12-14 00:00:00+00:00,101388.53,102622.73,101117.12,102044.74,50332,2885,0
2024-12-14 04:00:00+00:00,102044.74,102114.29,101555.14,101793.11,45218,2885,0
2024-12-14 08:00:00+00:00,101793.11,101855.62,101277.38,101537.48,42656,2905,0
2024-12-14 12:00:00+00:00,101537.47,101738.52,100758.49,101597.21,45892,2884,0
2024-12-14 16:00:00+00:00,101597.21,101715.62,100783.96,101311.29,44341,2883,0
2024-12-14 20:00:00+00:00,101311.29,101469.22,100544.81,101395.91,37344,2923,0
2024-12-15 00:00:00+00:00,101395.89,102148.55,101213.12,101680.5,42134,2881,0
2024-12-15 04:00:00+00:00,101680.5,102806.29,101471.91,101672.25,41712,2881,0
2024-12-15 08:00:00+00:00,101672.25,102654.25,101530.62,102600.14,40229,2881,0
2024-12-15 12:00:00+00:00,102600.14,103291.07,102383.72,102632.0,49492,2939,0
2024-12-15 16:00:00+00:00,102632.0,103440.23,102513.92,103179.59,38771,3015,0
2024-12-15 20:00:00+00:00,103179.83,105294.95,102553.56,104397.6,47377,2907,0
2024-12-16 00:00:00+00:00,104396.69,106590.13,104174.22,104482.6,57583,2888,0
2024-12-16 04:00:00+00:00,104484.97,105364.28,104368.09,104916.36,44272,2905,0
2024-12-16 08:00:00+00:00,104916.36,104957.53,103503.44,103620.03,46530,2905,0
2024-12-16 12:00:00+00:00,103620.03,106438.65,103164.0,106269.9,65821,2881,0
2024-12-16 16:00:00+00:00,106270.1,107776.83,105742.73,106535.4,62661,2884,0
2024-12-16 20:00:00+00:00,106535.4,106612.75,105401.81,106004.75,46219,2885,0
2024-12-17 00:00:00+00:00,106004.75,106971.36,105598.44,106808.65,45868,2896,0
2024-12-17 04:00:00+00:00,106808.65,107082.79,106309.61,106752.03,43585,2887,0
2024-12-17 08:00:00+00:00,106747.05,107449.99,106634.34,106749.79,47248,2887,0
2024-12-17 12:00:00+00:00,106749.79,108320.63,105616.57,106385.32,64248,2884,0
2024-12-17 16:00:00+00:00,106385.32,107579.58,106074.38,106389.41,59596,2881,0
2024-12-17 20:00:00+00:00,106389.41,106847.34,105219.98,106051.22,48072,2965,0
2024-12-18 00:00:00+00:00,106050.93,106465.19,104442.8,104640.25,53037,2987,0
2024-12-18 04:00:00+00:00,104631.34,104631.89,103065.22,104155.87,57609,3066,0
2024-12-18 08:00:00+00:00,104155.87,104993.3,103645.09,104966.92,49099,3067,0
2024-12-18 12:00:00+00:00,104966.92,105332.65,103557.17,104330.89,65004,2984,0
2024-12-18 16:00:00+00:00,104330.89,104922.98,102716.21,102722.77,72712,3067,0
2024-12-18 20:00:00+00:00,102722.94,102895.69,99870.92,100075.77,89403,3043,0
2024-12-19 00:00:00+00:00,100075.77,101240.27,98628.15,101108.08,72542,3042,0
2024-12-19 04:00:00+00:00,101108.08,101717.49,100551.71,101633.04,52104,3042,0
2024-12-19 08:00:00+00:00,101633.04,102589.99,101360.29,102411.85,49713,2982,0
2024-12-19 12:00:00+00:00,102409.91,102739.54,99378.06,100570.57,76521,2956,0
2024-12-19 16:00:00+00:00,100570.57,101135.22,96047.92,96980.04,104485,3045,0
2024-12-19 20:00:00+00:00,96980.04,98217.36,95489.35,97283.2,81859,3058,0
2024-12-20 00:00:00+00:00,97283.2,97640.39,95786.58,96932.51,73226,3058,0
2024-12-20 04:00:00+00:00,96932.51,98051.92,96199.21,97613.57,62109,3059,0
2024-12-20 08:00:00+00:00,97613.66,97658.05,92477.0,92583.5,92855,3052,0
2024-12-20 12:00:00+00:00,92583.5,97499.27,92112.33,96900.53,100017,2963,0
2024-12-20 16:00:00+00:00,96901.4,97694.41,96210.72,97085.37,74971,2963,0
2024-12-20 20:00:00+00:00,97085.36,97761.87,95368.63,97738.03,59166,2902,0
2024-12-21 00:00:00+00:00,97738.03,97759.23,97142.68,97439.5,50806,2902,0
2024-12-21 04:00:00+00:00,97439.5,99479.68,97327.67,98997.27,51421,2904,0
2024-12-21 08:00:00+00:00,98997.26,99143.93,97781.79,98206.57,51518,2944,0
2024-12-21 12:00:00+00:00,98206.58,98234.97,96364.7,97489.14,64049,2880,0
2024-12-21 16:00:00+00:00,97489.14,97696.24,96775.27,97210.61,54422,2880,0
2024-12-21 20:00:00+00:00,97210.61,98022.23,96493.71,97238.41,52401,2880,0
2024-12-22 00:00:00+00:00,97238.41,97409.39,96499.73,96946.58,48547,2880,0
2024-12-22 04:00:00+00:00,96946.15,97040.59,95822.18,96172.6,49799,2880,0
2024-12-22 08:00:00+00:00,96172.59,97301.04,96141.86,97069.26,50791,2880,0
2024-12-22 12:00:00+00:00,97069.26,97251.87,95051.77,95312.83,57760,2880,0
2024-12-22 16:00:00+00:00,95312.65,96435.81,94615.52,94762.06,55662,2880,0
2024-12-22 20:00:00+00:00,94762.06,95759.42,94147.51,95097.12,57671,2880,0
2024-12-23 00:00:00+00:00,95097.13,95970.64,93572.89,95945.03,69958,2880,0
2024-12-23 04:00:00+00:00,95945.03,96456.67,94593.69,95332.14,57657,2880,0
2024-12-23 08:00:00+00:00,95332.14,96485.16,94966.79,95841.93,54907,2880,0
2024-12-23 12:00:00+00:00,95841.93,96320.8,92944.21,93102.47,71602,2880,0
2024-12-23 16:00:00+00:00,93102.47,94147.36,92546.03,92918.79,63856,2880,0
2024-12-23 20:00:00+00:00,92918.79,95453.89,92369.94,94798.48,62053,2880,0
2024-12-24 00:00:00+00:00,94798.48,94798.52,93410.54,94239.57,58610,2880,0
2024-12-24 04:00:00+00:00,94239.96,94581.87,93678.14,94089.9,49129,2880,0
2024-12-24 08:00:00+00:00,94089.9,94525.05,93687.66,94275.23,47123,2880,0
2024-12-24 12:00:00+00:00,94275.23,98299.43,93952.15,98264.81,61968,2880,0
2024-12-24 16:00:00+00:00,98264.81,99544.91,97527.52,97573.41,66857,2880,0
2024-12-24 20:00:00+00:00,97573.41,99094.34,97224.54,98624.51,54893,2880,0
2024-12-25 00:00:00+00:00,98623.92,98813.95,97607.06,97956.27,50575,2880,0
2024-12-25 04:00:00+00:00,97956.27,98497.06,97742.93,97991.47,47643,2880,0
2024-12-25 08:00:00+00:00,97991.47,99268.42,97683.47,97841.2,51246,2880,0
2024-12-25 12:00:00+00:00,97841.2,98773.76,97530.55,98449.58,57503,2880,0
2024-12-25 16:00:00+00:00,98450.12,99235.76,98027.16,98972.99,45642,2880,0
2024-12-25 20:00:00+00:00,98972.99,99524.73,98263.92,99366.73,43333,2880,0
2024-12-26 00:00:00+00:00,99366.74,99931.99,98387.32,98917.98,49639,2880,0
2024-12-26 04:00:00+00:00,98917.98,98919.05,97541.68,97573.4,46044,2880,0
2024-12-26 08:00:00+00:00,97573.4,97626.24,95045.52,95595.2,56528,2880,0
2024-12-26 12:00:00+00:00,95595.2,96175.42,95131.87,95959.99,64430,2899,0
2024-12-26 16:00:00+00:00,95959.99,96566.97,95321.64,96009.04,54610,2899,0
2024-12-26 20:00:00+00:00,96008.9,96031.99,95176.6,95672.93,42618,2899,0
2024-12-27 00:00:00+00:00,95673.16,96344.83,95287.35,96304.6,43322,2899,0
2024-12-27 04:00:00+00:00,96304.61,96528.66,94526.59,94986.86,49854,2898,0
2024-12-27 08:00:00+00:00,94971.55,97429.47,94971.55,96843.64,64845,2899,0
2024-12-27 12:00:00+00:00,96843.65,96948.67,93874.43,94416.81,66477,2898,0
2024-12-27 16:00:00+00:00,94418.23,94856.16,93317.81,94629.27,67031,2898,0
2024-12-27 20:00:00+00:00,94629.28,94716.8,93996.07,94172.19,42072,2898,0
2024-12-28 00:00:00+00:00,94172.19,94599.72,94009.32,94451.44,35619,2898,0
2024-12-28 04:00:00+00:00,94451.74,94671.4,94163.51,94245.97,35702,2898,0
2024-12-28 08:00:00+00:00,94245.97,94771.56,94172.1,94626.47,36782,2898,0
2024-12-28 12:00:00+00:00,94625.61,95223.51,94222.64,94303.06,43754,2898,0
2024-12-28 16:00:00+00:00,94302.66,95092.25,94245.25,94894.0,42281,2898,0
2024-12-28 20:00:00+00:00,94894.0,95601.47,94738.53,95186.57,36731,2898,0
2024-12-29 00:00:00+00:00,95186.6,95227.66,94693.4,95067.09,36339,2898,0
2024-12-29 04:00:00+00:00,95066.44,95192.22,94861.2,95165.47,36248,2898,0
2024-12-29 08:00:00+00:00,95165.48,95230.11,94901.48,94930.09,27077,2898,0
2024-12-29 12:00:00+00:00,94930.09,95102.63,93865.78,94394.05,45734,2898,0
2024-12-29 16:00:00+00:00,94394.05,94463.45,93259.98,93478.08,43209,2898,0
2024-12-29 20:00:00+00:00,93476.84,93830.34,92875.09,93627.63,42719,2898,0
2024-12-30 00:00:00+00:00,93627.63,94142.72,93227.6,93520.62,47159,2898,0
2024-12-30 04:00:00+00:00,93519.53,93877.02,93008.23,93526.56,43262,2898,0
2024-12-30 08:00:00+00:00,93526.56,93911.35,93286.21,93752.65,42561,2898,0
2024-12-30 12:00:00+00:00,93752.66,94102.4,91282.62,91896.51,70139,2898,0
2024-12-30 16:00:00+00:00,91896.52,94605.14,91598.47,94329.87,67305,2898,0
2024-12-30 20:00:00+00:00,94329.87,94949.06,91771.25,92670.27,60272,2898,0
2024-12-31 00:00:00+00:00,92670.27,92797.57,91914.9,92409.0,46542,2898,0
2024-12-31 04:00:00+00:00,92405.92,92975.65,92260.55,92806.49,43775,2898,0
2024-12-31 08:00:00+00:00,92806.42,94698.37,92786.76,94103.33,57929,2898,0
2024-12-31 12:00:00+00:00,94102.79,96200.73,94102.74,95333.04,66280,2898,0
2024-12-31 16:00:00+00:00,95332.51,95508.22,93029.29,94053.43,63603,2898,0
2024-12-31 20:00:00+00:00,94052.87,94127.84,93233.73,93440.45,39183,2898,0
2025-01-01 00:00:00+00:00,93440.45,94358.9,93329.67,93704.93,39807,2898,0
2025-01-01 04:00:00+00:00,93704.93,93786.69,93372.51,93543.86,36914,2898,0
2025-01-01 08:00:00+00:00,93543.86,93622.78,92724.57,93313.85,43359,2898,0
2025-01-01 12:00:00+00:00,93315.91,94401.17,93257.0,94315.11,49601,2898,0
2025-01-01 16:00:00+00:00,94315.11,94677.68,93605.36,94472.33,45372,2898,0
2025-01-01 20:00:00+00:00,94472.34,95077.71,94392.75,94449.47,40139,2898,0
2025-01-02 00:00:00+00:00,94449.63,95422.47,94212.26,94882.39,50699,2898,0
2025-01-02 04:00:00+00:00,94882.39,95935.97,94854.78,95783.65,46038,2898,0
2025-01-02 08:00:00+00:00,95784.14,96836.35,95575.02,96671.31,48759,2880,0
2025-01-02 12:00:00+00:00,96671.32,97401.53,95888.21,96391.24,66927,2880,0
2025-01-02 16:00:00+00:00,96389.95,97678.93,95973.7,97228.8,63625,2880,0
2025-01-02 20:00:00+00:00,97228.8,97757.52,96566.46,96885.76,42072,2880,0
2025-01-03 00:00:00+00:00,96885.75,97257.56,96557.13,96952.96,43430,2880,0
2025-01-03 04:00:00+00:00,96952.96,96952.96,96212.88,96267.08,46359,2880,0
2025-01-03 08:00:00+00:00,96264.7,96757.54,96046.95,96651.2,49886,2880,0
2025-01-03 12:00:00+00:00,96651.2,97634.88,96389.47,97476.43,66725,2880,0
2025-01-03 16:00:00+00:00,97475.35,98947.68,97261.84,98544.44,65683,2880,0
2025-01-03 20:00:00+00:00,98544.45,98704.95,97985.05,98105.15,42955,2880,0
2025-01-04 00:00:00+00:00,98105.15,98241.55,97722.4,98136.11,43099,2880,0
2025-01-04 04:00:00+00:00,98136.11,98290.17,97782.44,98232.15,39451,2880,0
2025-01-04 08:00:00+00:00,98232.03,98277.69,97476.28,97827.07,43575,2880,0
2025-01-04 12:00:00+00:00,97827.07,98132.88,97486.94,97630.5,48457,2899,0
2025-01-04 16:00:00+00:00,97630.5,98349.11,97535.92,98146.95,40674,2880,0
2025-01-04 20:00:00+00:00,98146.59,98764.52,98090.5,98190.73,39700,2880,0
2025-01-05 00:00:00+00:00,98190.72,98376.05,98006.28,98135.6,37589,2880,0
2025-01-05 04:00:00+00:00,98135.6,98472.79,98135.6,98226.65,37576,2880,0
2025-01-05 08:00:00+00:00,98226.65,98226.65,97534.27,97606.17,40751,2880,0
2025-01-05 12:00:00+00:00,97606.17,98283.37,97214.13,98025.98,46972,2899,0
2025-01-05 16:00:00+00:00,98025.98,98334.68,97551.06,98058.34,39039,2880,0
2025-01-05 20:00:00+00:00,98058.24,98834.02,97997.15,98354.62,36995,2880,0
2025-01-06 00:00:00+00:00,98354.55,99286.38,97889.71,99007.08,44924,2880,0
2025-01-06 04:00:00+00:00,99007.32,99901.72,99004.83,99296.57,45221,2880,0
2025-01-06 08:00:00+00:00,99294.3,99617.25,98638.85,99225.24,44809,2880,0
2025-01-06 12:00:00+00:00,99225.24,102496.21,98667.5,102154.65,66619,2880,0
2025-01-06 16:00:00+00:00,102154.65,102474.33,101277.47,101830.79,54235,2880,0
2025-01-06 20:00:00+00:00,101830.52,102377.6,101628.62,102247.32,36999,2880,0
2025-01-07 00:00:00+00:00,102247.32,102777.55,101520.67,101701.19,40114,2880,0
2025-01-07 04:00:00+00:00,101705.41,102033.83,101594.55,101696.01,38080,2880,0
2025-01-07 08:00:00+00:00,101696.01,102002.29,100445.12,100797.96,42064,2880,0
2025-01-07 12:00:00+00:00,100797.96,100931.89,97085.04,97896.24,71428,2880,0
2025-01-07 16:00:00+00:00,97895.99,98297.3,96269.35,96397.94,68973,2899,0
2025-01-07 20:00:00+00:00,96397.94,97198.3,96088.58,96957.34,55499,2899,0
2025-01-08 00:00:00+00:00,96955.08,97262.68,96221.6,96519.8,47226,2899,0
2025-01-08 04:00:00+00:00,96519.31,96676.57,95212.79,95647.21,59605,2898,0
2025-01-08 08:00:00+00:00,95647.79,96126.94,94471.9,95057.1,57202,2898,0
2025-01-08 12:00:00+00:00,95056.52,96041.64,94567.09,95430.93,77522,2898,0
2025-01-08 16:00:00+00:00,95430.94,95431.14,92438.92,94205.08,85178,2898,0
2025-01-08 20:00:00+00:00,94204.33,95294.8,93537.94,95036.76,54469,2898,0
2025-01-09 00:00:00+00:00,95034.96,95366.09,93405.89,93952.12,56522,2898,0
2025-01-09 04:00:00+00:00,93952.12,94593.35,93135.33,93157.83,51589,2898,0
2025-01-09 08:00:00+00:00,93157.83,93825.46,92658.78,93393.75,55634,2898,0
2025-01-09 12:00:00+00:00,93394.17,94574.69,91692.31,94230.9,72077,2898,0
2025-01-09 16:00:00+00:00,94230.89,94689.06,91837.2,91851.73,71546,2898,0
2025-01-09 20:00:00+00:00,91851.74,92693.35,91120.14,92516.82,66432,2898,0
2025-01-10 00:00:00+00:00,92516.82,93720.27,92448.97,93686.65,53461,2898,0
2025-01-10 04:00:00+00:00,93686.65,95036.84,93478.87,94535.01,52202,2898,0
2025-01-10 08:00:00+00:00,94531.41,95328.73,94405.75,95103.01,52107,2898,0
2025-01-10 12:00:00+00:00,95103.02,95165.65,92171.72,93705.82,90650,2898,0
2025-01-10 16:00:00+00:00,93704.9,95853.66,93127.59,95334.87,83419,2898,0
2025-01-10 20:00:00+00:00,95334.88,95480.35,94545.36,94688.44,45164,2898,0
2025-01-11 00:00:00+00:00,94688.44,94707.64,94023.66,94134.16,43343,2898,0
2025-01-11 04:00:00+00:00,94134.03,94386.73,93760.42,94186.3,49092,2898,0
2025-01-11 08:00:00+00:00,94186.79,94748.1,93955.1,94577.37,48821,2898,0
2025-01-11 12:00:00+00:00,94577.36,94614.77,94237.26,94360.05,48832,2898,0
2025-01-11 16:00:00+00:00,94360.05,94680.33,93904.13,94141.17,42100,2898,0
2025-01-11 20:00:00+00:00,94141.17,94994.3,94086.2,94565.35,43087,2898,0
2025-01-12 00:00:00+00:00,94565.34,94664.42,94246.74,94578.8,39670,2898,0
2025-01-12 04:00:00+00:00,94578.8,94644.81,94220.43,94275.84,35734,2898,0
2025-01-12 08:00:00+00:00,94275.83,94336.17,93619.32,94189.13,40249,2898,0
2025-01-12 12:00:00+00:00,94191.08,95436.36,94104.29,95030.41,49962,2898,0
2025-01-12 16:00:00+00:00,95030.65,95295.01,94516.08,94614.14,44446,2898,0
2025-01-12 20:00:00+00:00,94614.14,94763.14,93695.58,94490.25,44074,2898,0
2025-01-13 00:00:00+00:00,94490.25,95911.78,93821.88,94185.62,63972,2898,0
2025-01-13 04:00:00+00:00,94185.62,94884.26,93178.8,93525.13,53389,2898,0
2025-01-13 08:00:00+00:00,93525.13,93590.51,90739.78,90788.67,60199,2898,0
2025-01-13 12:00:00+00:00,90788.66,93098.06,88988.99,92116.92,93344,2897,0
2025-01-13 16:00:00+00:00,92114.98,92529.08,91226.32,92284.76,75862,2898,0
2025-01-13 20:00:00+00:00,92284.76,94742.88,91875.56,94517.17,57573,2898,0
2025-01-14 00:00:00+00:00,94517.17,95281.14,94329.11,94823.41,54899,2898,0
2025-01-14 04:00:00+00:00,94823.41,95443.18,94678.05,94809.22,50535,2898,0
2025-01-14 08:00:00+00:00,94809.21,97439.42,94809.21,96518.48,61929,2880,0
2025-01-14 12:00:00+00:00,96518.41,97272.05,95697.48,96465.73,75821,2880,0
2025-01-14 16:00:00+00:00,96465.73,97095.83,95298.05,96545.82,67213,2880,0
2025-01-14 20:00:00+00:00,96545.81,96920.4,96134.44,96574.36,44868,2880,0
2025-01-15 00:00:00+00:00,96574.37,97578.36,96496.21,97309.62,49227,2880,0
2025-01-15 04:00:00+00:00,97309.62,97709.42,96712.39,97292.2,46578,2880,0
2025-01-15 08:00:00+00:00,97292.39,97530.4,96508.26,96748.0,45555,2880,0
2025-01-15 12:00:00+00:00,96746.79,99832.76,96527.87,99026.73,74545,2880,0
2025-01-15 16:00:00+00:00,99026.73,100114.07,98621.6,99909.53,57046,2880,0
2025-01-15 20:00:00+00:00,99911.08,100743.87,99481.98,100506.91,46147,2880,0
2025-01-16 00:00:00+00:00,100506.91,100904.03,99142.99,99465.93,56739,2880,0
2025-01-16 04:00:00+00:00,99465.93,99891.9,99298.07,99813.21,45418,2880,0
2025-01-16 08:00:00+00:00,99807.2,99831.83,98560.71,99114.13,55507,2880,0
2025-01-16 12:00:00+00:00,99114.13,99513.73,97268.93,99255.61,73553,2880,0
2025-01-16 16:00:00+00:00,99255.61,100457.63,99053.71,100414.51,64900,2880,0
2025-01-16 20:00:00+00:00,100414.51,100642.13,99348.77,99977.95,50119,2880,0
2025-01-17 00:00:00+00:00,99975.45,102131.54,99934.87,100996.42,51818,2880,0
2025-01-17 04:00:00+00:00,100996.42,101854.68,100878.03,101418.8,46137,2880,0
2025-01-17 08:00:00+00:00,101418.8,102548.29,101407.93,102185.75,50038,2880,0
2025-01-17 12:00:00+00:00,102178.66,104247.46,102134.08,104002.07,65496,2880,0
2025-01-17 16:00:00+00:00,104002.07,105882.09,103832.85,105864.15,62372,2880,0
2025-01-17 20:00:00+00:00,105864.15,105888.62,104078.32,104094.96,54002,2880,0
2025-01-18 00:00:00+00:00,104094.96,104698.23,103031.28,103540.5,52373,2880,0
2025-01-18 04:00:00+00:00,103540.5,103714.18,102512.46,102732.9,59298,2880,0
2025-01-18 08:00:00+00:00,102732.9,103832.06,102178.21,103527.2,57191,2880,0
2025-01-18 12:00:00+00:00,103528.13,104981.36,103042.55,104536.4,59623,2880,0
2025-01-18 16:00:00+00:00,104536.4,104685.68,103092.84,104336.16,59664,2880,0
2025-01-18 20:00:00+00:00,104336.17,104679.72,103715.83,104466.33,45622,2880,0
2025-01-19 00:00:00+00:00,104466.3,105409.52,103916.08,104915.73,48712,2880,0
2025-01-19 04:00:00+00:00,104915.73,105546.33,104144.4,105033.05,47421,2880,0
2025-01-19 08:00:00+00:00,105033.05,105357.04,103333.78,104248.16,62451,2880,0
2025-01-19 12:00:00+00:00,104248.16,105647.74,104165.45,104826.71,63125,2880,0
2025-01-19 16:00:00+00:00,104826.71,106195.02,104411.38,106171.45,45617,2880,0
2025-01-19 20:00:00+00:00,106171.45,106380.54,99474.02,101188.55,94138,2880,0
2025-01-20 00:00:00+00:00,101188.1,102159.36,99396.91,101730.71,94844,2899,0
2025-01-20 04:00:00+00:00,101730.72,109867.12,101386.26,107057.58,88695,2880,0
2025-01-20 08:00:00+00:00,107053.55,109172.71,107014.35,108182.6,72814,2880,0
2025-01-20 12:00:00+00:00,108182.6,108676.54,104412.03,104883.51,92170,2880,0
2025-01-20 16:00:00+00:00,104896.27,106961.71,100409.69,103607.08,118638,2880,0
2025-01-20 20:00:00+00:00,103606.54,104250.28,101612.39,102131.96,68838,2900,0
2025-01-21 00:00:00+00:00,102132.46,103177.33,99961.17,102846.24,85104,2899,0
2025-01-21 04:00:00+00:00,102846.38,102867.74,100973.51,101883.86,66672,2899,0
2025-01-21 08:00:00+00:00,101883.85,103937.17,101624.09,103714.29,63552,2900,0
2025-01-21 12:00:00+00:00,103711.27,105314.11,102751.82,103889.98,79314,2900,0
2025-01-21 16:00:00+00:00,103892.98,107295.29,103742.96,107069.92,79497,2900,0
2025-01-21 20:00:00+00:00,107069.92,107260.13,105459.12,106169.81,61044,2880,0
2025-01-22 00:00:00+00:00,106169.81,106455.99,105481.35,105659.88,52668,2880,0
2025-01-22 04:00:00+00:00,105659.88,105995.33,105050.86,105066.6,49632,2880,0
2025-01-22 08:00:00+00:00,105066.19,105455.07,104610.95,105100.98,51921,2880,0
2025-01-22 12:00:00+00:00,105101.08,105588.09,103597.86,104144.71,70761,2900,0
2025-01-22 16:00:00+00:00,104144.71,104738.37,103264.79,104627.75,63755,2900,0
2025-01-22 20:00:00+00:00,104627.75,104834.12,103564.96,103651.23,47615,2900,0
2025-01-23 00:00:00+00:00,103651.23,103761.15,101976.61,102325.68,57631,2900,0
2025-01-23 04:00:00+00:00,102325.68,102862.87,101436.92,102589.55,54053,2900,0
2025-01-23 08:00:00+00:00,102589.55,102595.62,101164.91,101886.45,52089,2899,0
2025-01-23 12:00:00+00:00,101886.45,106015.43,101216.33,105288.19,89654,2899,0
2025-01-23 16:00:00+00:00,105294.4,106917.02,103382.49,103763.79,85314,2880,0
2025-01-23 20:00:00+00:00,103754.21,106441.32,102205.41,103921.38,89527,2880,0
2025-01-24 00:00:00+00:00,103921.37,104278.95,102691.83,103863.5,56207,2900,0
2025-01-24 04:00:00+00:00,103862.77,105361.16,103760.14,105022.56,54859,2900,0
2025-01-24 08:00:00+00:00,105022.57,105782.48,104897.57,105426.1,46281,2900,0
2025-01-24 12:00:00+00:00,105426.1,106318.92,104637.94,105859.93,59623,2900,0
2025-01-24 16:00:00+00:00,105858.4,107186.88,105605.17,105779.43,59353,2880,0
2025-01-24 20:00:00+00:00,105779.42,105781.53,104393.83,104781.93,52595,2880,0
2025-01-25 00:00:00+00:00,104781.95,105188.82,104269.95,105115.17,43304,2880,0
2025-01-25 04:00:00+00:00,105115.15,105115.15,104122.93,104307.03,39357,2880,0
2025-01-25 08:00:00+00:00,104307.03,104641.89,104011.43,104608.36,41420,2900,0
2025-01-25 12:00:00+00:00,104608.37,105072.69,104382.72,104853.85,44104,2900,0
2025-01-25 16:00:00+00:00,104853.85,105283.43,104400.53,105013.6,43642,2900,0
2025-01-25 20:00:00+00:00,105020.52,105236.1,104630.31,104698.94,34198,2900,0
2025-01-26 00:00:00+00:00,104698.94,105182.74,104441.22,105020.84,33233,2900,0
2025-01-26 04:00:00+00:00,105020.26,105472.43,104870.02,104942.22,37105,2900,0
2025-01-26 08:00:00+00:00,104943.06,105190.34,104343.41,104763.14,33027,2900,0
2025-01-26 12:00:00+00:00,104763.13,105032.06,104648.69,104915.66,31517,2900,0
2025-01-26 16:00:00+00:00,104915.66,105224.24,104844.71,105035.06,28139,2880,0
2025-01-26 20:00:00+00:00,105038.56,105150.04,102442.03,102548.61,49116,2880,0
2025-01-27 00:00:00+00:00,102548.61,103213.03,100646.16,101390.77,77108,2900,0
2025-01-27 04:00:00+00:00,101390.71,101391.81,97654.45,98980.19,83646,2899,0
2025-01-27 08:00:00+00:00,98980.06,99474.77,98179.13,98651.49,80409,2899,0
2025-01-27 12:00:00+00:00,98651.49,102356.96,98616.84,101131.54,94585,2899,0
2025-01-27 16:00:00+00:00,101132.03,101275.68,98744.97,99622.99,86138,2899,0
2025-01-27 20:00:00+00:00,99622.99,102480.38,99517.77,102128.42,82626,2899,0
2025-01-28 00:00:00+00:00,102128.42,102973.25,101384.27,102699.04,79843,2900,0
2025-01-28 04:00:00+00:00,102702.68,103428.71,102575.38,102849.41,78055,2900,0
2025-01-28 08:00:00+00:00,102860.33,103226.01,102436.92,102807.98,76747,2900,0
2025-01-28 12:00:00+00:00,102808.63,103859.66,101843.34,102795.91,82318,2900,0
2025-01-28 16:00:00+00:00,102794.88,103145.67,101808.34,102438.23,77190,2900,0
2025-01-28 20:00:00+00:00,102428.83,102569.62,100213.25,101302.12,80138,2900,0
2025-01-29 00:00:00+00:00,101302.12,102345.62,101292.5,102034.95,77652,2900,0
2025-01-29 04:00:00+00:00,102034.95,102861.47,101963.31,102736.2,76245,2900,0
2025-01-29 08:00:00+00:00,102736.08,103028.89,102153.59,102616.01,77813,2900,0
2025-01-29 12:00:00+00:00,102616.68,102800.62,101542.37,101957.94,77161,2900,0
2025-01-29 16:00:00+00:00,101958.01,104016.31,101400.87,103577.94,85691,2900,0
2025-01-29 20:00:00+00:00,103575.67,104794.19,102823.15,103743.95,82383,2900,0
2025-01-30 00:00:00+00:00,103742.61,105373.21,103259.41,105242.67,75094,2880,0
2025-01-30 04:00:00+00:00,105242.67,105649.61,104826.94,105141.08,78399,2880,0
2025-01-30 08:00:00+00:00,105141.08,105595.43,104955.72,105326.79,79820,2880,0
2025-01-30 12:00:00+00:00,105333.71,106497.07,104660.51,105609.8,82386,2880,0
2025-01-30 16:00:00+00:00,105609.79,106053.93,104786.51,105758.27,79029,2880,0
2025-01-30 20:00:00+00:00,105762.78,105866.33,104664.3,104721.3,76181,2880,0
2025-01-31 00:00:00+00:00,104720.85,105029.33,103867.98,104266.11,79191,2880,0
2025-01-31 04:00:00+00:00,104266.49,104792.55,103906.62,104175.48,81319,2880,0
2025-01-31 08:00:00+00:00,104174.0,104856.24,103874.87,104722.77,80757,2880,0
2025-01-31 12:00:00+00:00,104722.78,106094.65,104069.49,105499.88,82306,2880,0
2025-01-31 16:00:00+00:00,105495.52,105626.83,102089.88,102263.66,84630,2880,0
2025-01-31 20:00:00+00:00,102263.67,102493.75,101499.17,102416.09,80353,2880,0
2025-02-01 00:00:00+00:00,102413.96,102804.05,102170.33,102239.41,83739,2900,0
2025-02-01 04:00:00+00:00,102239.36,102582.88,102093.83,102160.46,78320,2900,0
2025-02-01 08:00:00+00:00,102163.03,102266.53,101350.39,102000.1,81271,2900,0
2025-02-01 12:00:00+00:00,101999.16,102335.44,101698.46,102063.45,81286,2900,0
2025-02-01 16:00:00+00:00,102063.26,102298.94,101404.03,101639.45,80453,2900,0
2025-02-01 20:00:00+00:00,101639.45,101639.45,100194.81,100591.75,78768,2900,0
2025-02-02 00:00:00+00:00,100592.36,101446.77,99039.04,99098.22,78975,2899,0
2025-02-02 04:00:00+00:00,99098.22,100467.54,98909.22,99537.82,81492,2899,0
2025-02-02 08:00:00+00:00,99536.78,100021.56,98508.66,98772.82,79405,2899,0
2025-02-02 12:00:00+00:00,98772.88,99334.14,98044.45,99265.71,81224,2899,0
2025-02-02 16:00:00+00:00,99267.27,99291.57,96645.52,98139.93,89993,2899,0
2025-02-02 20:00:00+00:00,98134.63,98500.7,95986.22,97591.4,91700,2899,0
2025-02-03 00:00:00+00:00,97591.4,97684.06,91078.24,94028.66,130891,2898,0
2025-02-03 04:00:00+00:00,94028.66,95489.97,92628.18,95387.61,89403,2898,0
2025-02-03 08:00:00+00:00,95388.0,96047.59,94869.81,95160.49,91736,2898,0
2025-02-03 12:00:00+00:00,95160.3,99520.58,94129.79,98880.39,108670,2898,0
2025-02-03 16:00:00+00:00,98880.4,101968.59,98070.53,101957.09,94358,2899,0
2025-02-03 20:00:00+00:00,101956.08,102563.52,100982.75,101383.6,90295,2900,0
2025-02-04 00:00:00+00:00,101380.08,101742.28,100537.98,100613.81,86887,2900,0
2025-02-04 04:00:00+00:00,100613.78,100764.63,98205.63,98407.12,90445,2899,0
2025-02-04 08:00:00+00:00,98407.11,99406.41,97808.58,98958.86,86310,2899,0
2025-02-04 12:00:00+00:00,98959.47,100397.92,98249.93,99349.53,96646,2899,0
2025-02-04 16:00:00+00:00,99348.4,100797.78,98742.75,98854.12,87834,2899,0
2025-02-04 20:00:00+00:00,98848.47,99408.04,96152.05,97745.97,96849,2899,0
2025-02-05 00:00:00+00:00,97745.77,98944.01,97074.22,98004.04,84799,2899,0
2025-02-05 04:00:00+00:00,98001.34,98315.86,97313.56,97831.4,80722,2899,0
2025-02-05 08:00:00+00:00,97831.74,98218.66,97227.19,98200.68,83116,2899,0
2025-02-05 12:00:00+00:00,98200.8,99146.47,97720.95,98072.14,88767,2899,0
2025-02-05 16:00:00+00:00,98071.6,98266.06,96452.11,97366.79,83719,2899,0
2025-02-05 20:00:00+00:00,97366.76,97714.62,96154.39,96616.64,78437,2899,0
2025-02-06 00:00:00+00:00,96616.07,97499.88,96437.86,97337.85,80575,2899,0
2025-02-06 04:00:00+00:00,97338.66,98414.43,97249.71,98201.03,80125,2899,0
2025-02-06 08:00:00+00:00,98201.03,99126.52,97899.23,98868.03,85235,2899,0
2025-02-06 12:00:00+00:00,98867.98,99059.54,96915.51,97347.64,88069,2899,0
2025-02-06 16:00:00+00:00,97349.23,97578.66,95705.95,96033.69,85361,2899,0
2025-02-06 20:00:00+00:00,96033.9,97141.87,95810.26,96613.2,78544,2899,0
2025-02-07 00:00:00+00:00,96612.55,97885.08,96450.02,97466.11,78636,2899,0
2025-02-07 04:00:00+00:00,97465.88,97889.19,96593.01,96757.91,80448,2899,0
2025-02-07 08:00:00+00:00,96759.56,97751.76,96625.83,97722.76,81117,2899,0
2025-02-07 12:00:00+00:00,97717.77,100133.96,97162.38,98270.4,98449,2899,0
2025-02-07 16:00:00+00:00,98270.4,98570.12,96850.14,96873.48,88502,2899,0
2025-02-07 20:00:00+00:00,96873.48,96937.39,95603.15,96559.42,83866,2899,0
2025-02-08 00:00:00+00:00,96560.19,96950.36,96389.67,96736.25,83922,2899,0
2025-02-08 04:00:00+00:00,96736.27,96740.6,95768.77,96234.67,81839,2880,0
2025-02-08 08:00:00+00:00,96234.67,96330.49,95845.07,96119.44,83377,2880,0
2025-02-08 12:00:00+00:00,96119.11,96529.89,95659.64,95853.3,81998,2899,0
2025-02-08 16:00:00+00:00,95854.3,96815.42,95725.72,96656.74,81941,2899,0
2025-02-08 20:00:00+00:00,96658.05,96780.57,96389.74,96528.79,79652,2899,0
2025-02-09 00:00:00+00:00,96529.75,97342.82,96411.72,97327.22,79209,2899,0
2025-02-09 04:00:00+00:00,97327.24,97353.2,96770.94,97080.56,81629,2899,0
2025-02-09 08:00:00+00:00,97081.14,97332.54,96560.83,96587.56,78909,2899,0
2025-02-09 12:00:00+00:00,96587.48,96744.56,95701.29,96520.81,80974,2899,0
2025-02-09 16:00:00+00:00,96519.64,96615.69,95877.5,96058.16,79044,2899,0
2025-02-09 20:00:00+00:00,96058.08,96791.19,94701.54,96507.72,82214,2898,0
2025-02-10 00:00:00+00:00,96508.09,97156.91,95264.13,96830.21,83309,2899,0
2025-02-10 04:00:00+00:00,96830.04,97656.37,96641.35,97427.14,83844,2899,0
2025-02-10 08:00:00+00:00,97425.93,97980.05,97339.11,97675.16,88825,2899,0
2025-02-10 12:00:00+00:00,97674.92,98371.15,96840.23,97231.92,89902,2899,0
2025-02-10 16:00:00+00:00,97231.79,97647.13,96856.44,97384.68,87106,2899,0
2025-02-10 20:00:00+00:00,97384.86,97491.65,97118.86,97413.43,91291,2899,0
2025-02-11 00:00:00+00:00,97414.96,98152.68,97391.52,97583.41,87525,2899,0
2025-02-11 04:00:00+00:00,97584.09,98514.43,97526.47,98269.71,85697,2899,0
2025-02-11 08:00:00+00:00,98270.36,98345.1,97857.02,98135.17,83937,2899,0
2025-02-11 12:00:00+00:00,98135.32,98143.56,96563.97,97055.98,87419,2899,0
2025-02-11 16:00:00+00:00,97055.98,97091.16,94839.22,95019.35,84844,2898,0
2025-02-11 20:00:00+00:00,95019.35,96565.14,94898.79,95826.88,84912,2898,0
2025-02-12 00:00:00+00:00,95826.67,96326.98,95104.37,95287.63,82524,2899,0
2025-02-12 04:00:00+00:00,95287.63,96231.17,95240.94,96119.69,82979,2899,0
2025-02-12 08:00:00+00:00,96119.69,96518.51,95932.0,96140.16,87064,2899,0
2025-02-12 12:00:00+00:00,96142.47,96662.47,94075.43,95829.54,98560,2898,0
2025-02-12 16:00:00+00:00,95829.56,97768.74,95126.97,97182.63,87261,2899,0
2025-02-12 20:00:00+00:00,97182.63,98144.39,96849.7,97823.71,84562,2899,0
2025-02-13 00:00:00+00:00,97825.51,98093.11,97283.81,97410.85,82855,2899,0
2025-02-13 04:00:00+00:00,97410.51,97474.13,95753.94,96052.43,84627,2899,0
2025-02-13 08:00:00+00:00,96053.34,96379.19,95596.89,95950.47,89336,2899,0
2025-02-13 12:00:00+00:00,95950.37,96500.01,95354.68,96030.68,87493,2899,0
2025-02-13 16:00:00+00:00,96027.47,96410.29,95213.65,95675.65,79198,2899,0
2025-02-13 20:00:00+00:00,95675.67,96839.37,95630.25,96646.97,78863,2899,0
2025-02-14 00:00:00+00:00,96655.46,97237.19,96404.37,97164.42,80943,2899,0
2025-02-14 04:00:00+00:00,97164.27,97276.17,96575.71,96946.88,76326,2899,0
2025-02-14 08:00:00+00:00,96946.45,97190.93,96784.5,96892.87,81370,2899,0
2025-02-14 12:00:00+00:00,96892.71,97575.58,96249.15,96962.02,86683,2899,0
2025-02-14 16:00:00+00:00,96960.63,98790.57,96495.86,97867.05,86953,2899,0
2025-02-14 20:00:00+00:00,97873.47,98212.19,96655.03,97458.92,83937,2899,0
2025-02-15 00:00:00+00:00,97459.06,97914.97,97199.1,97588.6,84398,2899,0
2025-02-15 04:00:00+00:00,97588.66,97714.52,97288.52,97314.63,78369,2880,0
2025-02-15 08:00:00+00:00,97314.58,97675.13,97250.8,97560.02,78025,2880,0
2025-02-15 12:00:00+00:00,97560.14,97884.34,97359.35,97562.76,77298,2880,0
2025-02-15 16:00:00+00:00,97562.98,97649.23,97268.7,97506.94,77222,2880,0
2025-02-15 20:00:00+00:00,97507.15,97680.6,97359.09,97526.95,73903,2880,0
2025-02-16 00:00:00+00:00,97526.89,97657.11,97374.36,97493.85,74933,2880,0
2025-02-16 04:00:00+00:00,97494.31,97617.01,97134.58,97212.79,73143,2880,0
2025-02-16 08:00:00+00:00,97212.44,97373.11,97030.64,97300.28,78966,2899,0
2025-02-16 12:00:00+00:00,97300.46,97307.33,96669.85,96895.6,80534,2899,0
2025-02-16 16:00:00+00:00,96895.47,97179.52,96614.76,97051.06,77222,2899,0
2025-02-16 20:00:00+00:00,97051.63,97281.72,96045.37,96114.71,79081,2899,0
2025-02-17 00:00:00+00:00,96118.5,96689.94,96046.39,96230.22,82386,2899,0
2025-02-17 04:00:00+00:00,96230.07,96529.16,95812.3,96103.33,83121,2899,0
2025-02-17 08:00:00+00:00,96103.08,96451.24,95979.74,96100.74,84188,2899,0
2025-02-17 12:00:00+00:00,96100.65,97088.87,95557.47,95680.05,83238,2899,0
2025-02-17 16:00:00+00:00,95680.05,95977.54,95159.78,95535.98,81537,2899,0
2025-02-17 20:00:00+00:00,95536.9,96493.29,95496.84,95829.02,83022,2899,0
2025-02-18 00:00:00+00:00,95828.55,96399.49,95562.32,96274.21,85399,2899,0
2025-02-18 04:00:00+00:00,96274.72,96379.53,95214.95,95464.71,88496,2899,0
2025-02-18 08:00:00+00:00,95464.29,95918.08,95026.94,95643.49,89054,2899,0
2025-02-18 12:00:00+00:00,95643.49,96799.12,95141.21,95542.87,89264,2899,0
2025-02-18 16:00:00+00:00,95542.57,95645.03,93316.25,94067.28,83855,2898,0
2025-02-18 20:00:00+00:00,94067.1,95709.69,93689.58,95683.48,85734,2898,0
2025-02-19 00:00:00+00:00,95683.47,96003.5,95057.2,95761.86,87533,2899,0
2025-02-19 04:00:00+00:00,95763.33,95912.72,95033.06,95718.85,87722,2899,0
2025-02-19 08:00:00+00:00,95718.85,96530.93,95648.18,96450.14,88993,2899,0
2025-02-19 12:00:00+00:00,96450.54,96742.84,95550.79,95978.35,89031,2899,0
2025-02-19 16:00:00+00:00,95978.35,96543.11,95409.36,96244.85,86537,2899,0
2025-02-19 20:00:00+00:00,96246.25,96935.64,96115.61,96655.76,83362,2899,0
2025-02-20 00:00:00+00:00,96655.76,97402.65,96428.24,97069.64,86452,2899,0
2025-02-20 04:00:00+00:00,97069.57,97354.62,96786.56,96885.84,86678,2899,0
2025-02-20 08:00:00+00:00,96886.07,97398.2,96803.62,97200.72,85409,2899,0
2025-02-20 12:00:00+00:00,97199.68,98055.89,96798.29,96927.68,86921,2880,0
2025-02-20 16:00:00+00:00,96931.07,98559.66,96891.73,98431.86,86585,2880,0
2025-02-20 20:00:00+00:00,98431.86,98745.96,97994.23,98295.2,85778,2880,0
2025-02-21 00:00:00+00:00,98294.15,98496.15,98072.29,98136.91,88721,2880,0
2025-02-21 04:00:00+00:00,98136.84,98597.42,98091.85,98181.85,88290,2880,0
2025-02-21 08:00:00+00:00,98181.86,98924.29,98097.98,98642.8,88937,2880,0
2025-02-21 12:00:00+00:00,98642.56,99481.06,97179.51,98092.64,93624,2880,0
2025-02-21 16:00:00+00:00,98091.88,98758.93,95189.9,95245.05,90477,2880,0
2025-02-21 20:00:00+00:00,95249.18,96216.63,94764.49,96195.96,89199,2898,0
2025-02-22 00:00:00+00:00,96195.89,96488.28,95796.27,96329.5,88090,2899,0
2025-02-22 04:00:00+00:00,96329.64,96637.14,96289.18,96317.69,84884,2880,0
2025-02-22 08:00:00+00:00,96317.26,96664.48,96155.44,96618.99,84341,2880,0
2025-02-22 12:00:00+00:00,96619.24,97052.91,96516.06,96632.88,85204,2880,0
2025-02-22 16:00:00+00:00,96633.09,96890.81,96412.86,96691.46,84800,2880,0
2025-02-22 20:00:00+00:00,96691.75,96779.62,96543.53,96618.3,78859,2880,0
2025-02-23 00:00:00+00:00,96617.7,96727.8,96438.0,96503.1,80141,2880,0
2025-02-23 04:00:00+00:00,96503.28,96635.03,96203.91,96587.26,83500,2880,0
2025-02-23 08:00:00+00:00,96587.22,96587.22,96117.35,96164.77,82553,2880,0
2025-02-23 12:00:00+00:00,96164.46,96218.28,95430.37,95472.79,85322,2899,0
2025-02-23 16:00:00+00:00,95471.35,95930.03,95228.19,95809.0,85979,2899,0
2025-02-23 20:00:00+00:00,95809.79,96408.5,95579.43,96331.2,81807,2899,0
2025-02-24 00:00:00+00:00,96331.34,96587.7,95351.86,95481.02,85919,2899,0
2025-02-24 04:00:00+00:00,95481.05,96025.87,95084.28,95937.88,86162,2899,0
2025-02-24 08:00:00+00:00,95937.46,96246.96,95381.38,95895.38,87035,2899,0
2025-02-24 12:00:00+00:00,95893.6,96171.65,93812.81,94315.08,85454,2898,0
2025-02-24 16:00:00+00:00,94316.8,95234.07,93663.98,93952.2,84061,2898,0
2025-02-24 20:00:00+00:00,93952.2,94580.49,91353.45,91576.75,88654,2898,0
2025-02-25 00:00:00+00:00,91579.46,92595.31,90926.97,92224.88,90359,2898,0
2025-02-25 04:00:00+00:00,92224.89,92382.76,88350.33,89432.96,97328,2897,0
2025-02-25 08:00:00+00:00,89422.69,90083.24,86815.92,89223.11,100226,2897,0
2025-02-25 12:00:00+00:00,89223.12,89575.02,85935.93,87143.85,110951,2897,0
2025-02-25 16:00:00+00:00,87146.15,87988.89,86096.76,87858.72,96501,2897,0
2025-02-25 20:00:00+00:00,87857.98,89414.7,87522.19,88645.9,91398,2897,0
2025-02-26 00:00:00+00:00,88645.89,89377.28,88023.48,88831.23,85782,2897,0
2025-02-26 04:00:00+00:00,88832.5,89208.37,88345.03,88670.92,85386,2897,0
2025-02-26 08:00:00+00:00,88671.7,89315.37,88067.95,88567.74,86748,2897,0
2025-02-26 12:00:00+00:00,88569.09,88655.64,85370.86,87518.13,100530,2897,0
2025-02-26 16:00:00+00:00,87518.63,87763.99,83327.36,83844.16,110536,2896,0
2025-02-26 20:00:00+00:00,83844.15,85381.09,82224.37,84200.82,105271,2896,0
2025-02-27 00:00:00+00:00,84201.06,85451.12,84005.8,85246.41,88120,2896,0
2025-02-27 04:00:00+00:00,85243.49,86729.69,84695.51,86230.14,88507,2896,0
2025-02-27 08:00:00+00:00,86231.23,87083.53,85820.55,86658.13,90081,2897,0
2025-02-27 12:00:00+00:00,86657.16,86763.93,84615.43,85488.2,104612,2896,0
2025-02-27 16:00:00+00:00,85488.57,85682.64,83541.41,84068.41,89497,2896,0
2025-02-27 20:00:00+00:00,84067.3,84920.59,82621.4,84690.42,91481,2896,0
2025-02-28 00:00:00+00:00,84690.42,84868.3,79545.78,80449.32,113913,2895,0
2025-02-28 04:00:00+00:00,80454.22,80976.87,78807.5,79172.13,108842,2895,0
2025-02-28 08:00:00+00:00,79172.34,80855.16,78212.6,80532.6,99663,2895,0
2025-02-28 12:00:00+00:00,80524.63,84488.93,80069.84,84058.86,111472,2896,0
2025-02-28 16:00:00+00:00,84052.64,85161.38,83201.94,84455.99,99829,2896,0
2025-02-28 20:00:00+00:00,84455.99,84815.82,83638.48,84347.28,85658,2896,0
2025-03-01 00:00:00+00:00,84347.29,85695.86,83812.84,85341.59,87862,2896,0
2025-03-01 04:00:00+00:00,85338.86,86590.4,84729.65,84752.53,88066,2880,0
2025-03-01 08:00:00+00:00,84747.56,85563.82,84382.0,84653.77,88559,2880,0
2025-03-01 12:00:00+00:00,84654.18,84987.73,84340.74,84814.27,87150,2880,0
2025-03-01 16:00:00+00:00,84814.27,85622.6,84708.35,85494.97,80873,2880,0
2025-03-01 20:00:00+00:00,85495.15,86296.88,85304.54,86082.3,83212,2880,0
2025-03-02 00:00:00+00:00,86081.54,86557.95,85638.93,85885.43,82075,2880,0
2025-03-02 04:00:00+00:00,85885.29,86601.43,85527.98,86262.96,83570,2880,0
2025-03-02 08:00:00+00:00,86262.56,86290.59,85658.8,86117.6,84430,2880,0
2025-03-02 12:00:00+00:00,86117.38,88713.48,85080.59,87474.7,93597,2880,0
2025-03-02 16:00:00+00:00,87473.6,95153.38,87317.92,93512.47,125363,2880,0
2025-03-02 20:00:00+00:00,93512.27,94851.22,93491.36,94269.67,89923,2880,0
2025-03-03 00:00:00+00:00,94269.97,94428.84,92418.03,92688.8,90373,2880,0
2025-03-03 04:00:00+00:00,92687.72,93352.11,91158.73,92378.82,90438,2880,0
2025-03-03 08:00:00+00:00,92378.82,92969.45,91098.1,92779.38,94151,2880,0
2025-03-03 12:00:00+00:00,92779.38,93735.78,89100.0,90014.23,110497,2880,0
2025-03-03 16:00:00+00:00,90014.23,90959.12,85453.74,85515.11,119798,2880,0
2025-03-03 20:00:00+00:00,85515.81,86990.9,85029.72,86199.19,105533,2880,0
2025-03-04 00:00:00+00:00,86199.19,86780.33,82451.52,84012.19,115060,2880,0
2025-03-04 04:00:00+00:00,84022.95,84641.82,83141.26,83205.79,92990,2880,0
2025-03-04 08:00:00+00:00,83205.25,84429.35,83033.39,83959.65,89557,2880,0
2025-03-04 12:00:00+00:00,83965.49,84974.52,81471.33,82980.15,124449,2880,0
2025-03-04 16:00:00+00:00,82982.8,88540.33,81951.38,88194.19,116119,2880,0
2025-03-04 20:00:00+00:00,88194.19,88951.81,86564.64,87223.0,94189,2880,0
2025-03-05 00:00:00+00:00,87222.98,87888.12,86334.56,86833.75,93130,2880,0
2025-03-05 04:00:00+00:00,86835.27,87713.58,86704.99,87605.94,82944,2880,0
2025-03-05 08:00:00+00:00,87599.86,90668.42,87563.02,89800.43,92949,2880,0
2025-03-05 12:00:00+00:00,89800.02,90984.86,87884.85,88317.47,111053,2880,0
2025-03-05 16:00:00+00:00,88317.46,90498.72,87545.47,89775.5,103808,2880,0
2025-03-05 20:00:00+00:00,89775.14,91064.77,89684.47,90645.3,85385,2880,0
2025-03-06 00:00:00+00:00,90645.29,92121.07,89988.86,91681.97,90978,2880,0
2025-03-06 04:00:00+00:00,91682.18,92903.0,91289.84,91391.24,86610,2880,0
2025-03-06 08:00:00+00:00,91391.68,91726.7,90622.49,91399.9,89328,2880,0
2025-03-06 12:00:00+00:00,91399.79,91505.52,89102.72,90876.85,105408,2880,0
2025-03-06 16:00:00+00:00,90876.99,91126.32,87835.46,88552.61,101106,2880,0
2025-03-06 20:00:00+00:00,88553.35,90818.24,88475.89,89965.47,89699,2880,0
2025-03-07 00:00:00+00:00,89965.46,91327.73,84610.31,87011.2,115314,2880,0
2025-03-07 04:00:00+00:00,87010.31,88634.13,86859.78,88378.45,88124,2880,0
2025-03-07 08:00:00+00:00,88376.98,89736.83,87995.77,88995.85,87837,2880,0
2025-03-07 12:00:00+00:00,88995.49,91159.77,88063.47,88497.49,113767,2880,0
2025-03-07 16:00:00+00:00,88491.46,89048.34,86509.03,87820.56,113049,2880,0
2025-03-07 20:00:00+00:00,87817.95,88525.48,85569.86,86802.82,101347,2880,0
2025-03-08 00:00:00+00:00,86803.58,86920.69,85203.94,85910.8,86006,2880,0
2025-03-08 04:00:00+00:00,85907.81,86680.27,85633.63,86222.38,84845,2880,0
2025-03-08 08:00:00+00:00,86222.01,86488.71,85750.15,85946.67,81360,2880,0
2025-03-08 12:00:00+00:00,85947.28,86658.56,85801.86,86421.0,82923,2880,0
2025-03-08 16:00:00+00:00,86419.71,86500.68,85639.42,86249.16,81140,2880,0
2025-03-08 20:00:00+00:00,86248.92,86524.53,85857.15,86236.45,75733,2880,0
2025-03-09 00:00:00+00:00,86236.41,86528.33,85964.88,86152.94,75329,2880,0
2025-03-09 04:00:00+00:00,86153.44,86217.24,85827.93,86045.03,72544,2880,0
2025-03-09 08:00:00+00:00,86046.18,86137.3,84658.96,85057.12,78439,2896,0
2025-03-09 12:00:00+00:00,85058.23,85102.97,82720.2,83085.99,87862,2896,0
2025-03-09 16:00:00+00:00,83085.82,83785.0,82218.96,82663.68,93595,2896,0
2025-03-09 20:00:00+00:00,82662.33,83563.81,79982.56,80733.48,93500,2896,0
2025-03-10 00:00:00+00:00,80737.0,82748.91,80039.98,82054.5,96125,2896,0
2025-03-10 04:00:00+00:00,82053.63,82817.75,81980.02,82314.69,87465,2896,0
2025-03-10 08:00:00+00:00,82314.91,84080.43,81146.27,83624.77,101797,2896,0
2025-03-10 12:00:00+00:00,83627.26,83822.89,79183.26,80071.94,122407,2895,0
2025-03-10 16:00:00+00:00,80071.94,80273.97,77444.04,79047.39,117762,2315,0
2025-03-10 20:00:00+00:00,79060.42,79925.5,78403.98,78630.85,92876,2315,0
2025-03-11 00:00:00+00:00,78630.85,80017.05,76587.33,79601.81,113986,2315,0
2025-03-11 04:00:00+00:00,79601.81,80715.4,79525.86,80526.13,91391,2315,0
2025-03-11 08:00:00+00:00,80525.87,82159.34,80421.27,81786.51,91589,2316,0
2025-03-11 12:00:00+00:00,81785.37,82337.01,79094.94,81275.45,125123,2315,0
2025-03-11 16:00:00+00:00,81275.2,83658.77,80686.4,83109.05,104982,2316,0
2025-03-11 20:00:00+00:00,83109.5,83328.0,82554.58,82931.74,84858,2316,0
2025-03-12 00:00:00+00:00,82932.2,83823.83,82126.0,82166.44,86652,2316,0
2025-03-12 04:00:00+00:00,82165.83,82589.02,81339.75,82480.29,90372,2316,0
2025-03-12 08:00:00+00:00,82478.83,83116.18,82043.42,83036.97,94428,2316,0
2025-03-12 12:00:00+00:00,83037.83,84545.54,80635.71,81773.8,113445,2316,0
2025-03-12 16:00:00+00:00,81771.9,83179.04,81649.54,82918.48,95802,2316,0
2025-03-12 20:00:00+00:00,82929.99,83915.56,82717.88,83701.61,85829,2316,0
2025-03-13 00:00:00+00:00,83702.32,84362.59,83300.02,83572.6,88089,2316,0
2025-03-13 04:00:00+00:00,83572.77,83705.25,82823.54,83161.63,89367,2316,0
2025-03-13 08:00:00+00:00,83162.88,83532.44,82381.47,82935.54,90166,2316,0
2025-03-13 12:00:00+00:00,82935.53,83948.7,80967.7,81073.49,103908,2316,0
2025-03-13 16:00:00+00:00,81071.51,81295.49,79932.43,80234.53,94357,2316,0
2025-03-13 20:00:00+00:00,80231.42,81543.1,80204.13,81180.65,86485,2316,0
2025-03-14 00:00:00+00:00,81180.64,82300.04,80864.86,81906.04,87512,2316,0
2025-03-14 04:00:00+00:00,81908.71,82478.88,81779.62,82162.97,86517,2316,0
2025-03-14 08:00:00+00:00,82163.56,83386.49,82163.56,83263.33,91048,2316,0
2025-03-14 12:00:00+00:00,83262.77,85346.15,82642.04,84766.65,101677,2316,0
2025-03-14 16:00:00+00:00,84767.61,84986.37,83959.14,84573.06,91657,2316,0
2025-03-14 20:00:00+00:00,84573.06,84573.06,83718.55,83991.41,87051,2316,0
2025-03-15 00:00:00+00:00,83991.4,84698.07,83958.49,84504.97,84419,2316,0
2025-03-15 04:00:00+00:00,84505.16,84571.52,83788.14,83839.23,85901,2300,0
2025-03-15 08:00:00+00:00,83839.44,84186.31,83616.09,84093.27,86794,2300,0
2025-03-15 12:00:00+00:00,84091.46,84502.36,84002.05,84360.49,85117,2300,0
2025-03-15 16:00:00+00:00,84360.37,84520.32,84093.83,84310.32,81326,2300,0
2025-03-15 20:00:00+00:00,84309.5,84492.88,84229.23,84343.62,81865,2880,0
2025-03-16 00:00:00+00:00,84348.79,84403.79,83707.98,84339.6,77095,2880,0
2025-03-16 04:00:00+00:00,84339.66,84441.67,83967.7,84296.38,78254,2880,0
2025-03-16 08:00:00+00:00,84296.4,84355.22,82401.02,82467.42,80338,2880,0
2025-03-16 12:00:00+00:00,82467.43,83501.05,82438.08,83317.47,85353,2896,0
2025-03-16 16:00:00+00:00,83317.53,85168.99,82536.44,83116.68,87694,2896,0
2025-03-16 20:00:00+00:00,83116.93,83467.36,81997.71,82591.16,85016,2896,0
2025-03-17 00:00:00+00:00,82591.09,83748.18,82524.51,83678.47,85541,2896,0
2025-03-17 04:00:00+00:00,83678.31,83889.56,82653.03,83557.54,88895,2896,0
2025-03-17 08:00:00+00:00,83557.59,83792.97,83186.56,83502.64,88926,2896,0
2025-03-17 12:00:00+00:00,83502.92,84001.11,82409.3,83543.33,98662,2896,0
2025-03-17 16:00:00+00:00,83542.01,84771.39,83097.62,84488.72,88901,2896,0
2025-03-17 20:00:00+00:00,84480.16,84512.67,83737.49,84013.42,84228,2896,0
2025-03-18 00:00:00+00:00,84013.41,84040.25,82954.22,83158.95,83924,2896,0
2025-03-18 04:00:00+00:00,83159.04,83300.63,82251.41,83192.61,85848,2896,0
2025-03-18 08:00:00+00:00,83193.01,83490.98,82499.64,82603.43,85614,2896,0
2025-03-18 12:00:00+00:00,82603.77,82839.78,81143.61,81623.11,93280,2896,0
2025-03-18 16:00:00+00:00,81623.11,82503.45,81253.78,82331.83,87808,2896,0
2025-03-18 20:00:00+00:00,82331.84,82844.59,81885.49,82732.67,86388,2896,0
2025-03-19 00:00:00+00:00,82732.66,83264.1,82546.41,83062.68,89969,2896,0
2025-03-19 04:00:00+00:00,83062.03,83424.26,82797.33,83225.62,88709,2896,0
2025-03-19 08:00:00+00:00,83227.82,84148.33,83208.37,83914.85,89964,2896,0
2025-03-19 12:00:00+00:00,83913.28,84931.87,83512.34,84776.31,93581,2896,0
2025-03-19 16:00:00+00:00,84776.17,86016.02,83587.76,85482.04,102767,2896,0
2025-03-19 20:00:00+00:00,85481.33,87096.75,85278.0,86921.18,86444,2897,0
2025-03-20 00:00:00+00:00,86920.64,87554.67,85639.0,85935.72,87859,2897,0
2025-03-20 04:00:00+00:00,85935.76,86059.1,85442.97,85842.39,86076,2897,0
2025-03-20 08:00:00+00:00,85842.47,86360.2,84745.43,85517.96,92387,2896,0
2025-03-20 12:00:00+00:00,85517.71,86552.13,84565.06,84707.46,95484,2896,0
2025-03-20 16:00:00+00:00,84703.67,84893.91,83628.48,84146.5,87389,2896,0
2025-03-20 20:00:00+00:00,84144.1,84601.49,83889.49,84213.86,86066,2896,0
2025-03-21 00:00:00+00:00,84213.45,84839.45,84160.0,84431.28,90732,2896,0
2025-03-21 04:00:00+00:00,84429.87,84818.68,83695.25,83908.89,87669,2896,0
2025-03-21 08:00:00+00:00,83908.65,84338.28,83699.81,84033.41,89218,2896,0
2025-03-21 12:00:00+00:00,84032.82,84356.82,83151.91,83557.38,92804,2896,0
2025-03-21 16:00:00+00:00,83558.24,84418.74,83345.41,83948.49,86867,2896,0
2025-03-21 20:00:00+00:00,83949.1,84582.76,83792.88,84088.78,81552,2896,0
2025-03-22 00:00:00+00:00,84088.75,84304.15,83963.4,84237.28,84604,2896,0
2025-03-22 04:00:00+00:00,84238.75,84429.3,84142.87,84278.1,90920,2880,0
2025-03-22 08:00:00+00:00,84276.95,84537.57,84096.22,84227.83,87942,2880,0
2025-03-22 12:00:00+00:00,84227.83,84294.57,83948.1,84099.63,83271,2880,0
2025-03-22 16:00:00+00:00,84098.16,84349.2,84045.98,84189.88,84821,2880,0
2025-03-22 20:00:00+00:00,84190.22,84227.9,83625.8,83847.55,83392,2880,0
2025-03-23 00:00:00+00:00,83847.21,84283.13,83810.19,84228.46,85860,2880,0
2025-03-23 04:00:00+00:00,84234.3,84314.37,84057.04,84258.46,85433,2880,0
2025-03-23 08:00:00+00:00,84267.2,85059.27,84238.29,84702.09,84454,2880,0
2025-03-23 12:00:00+00:00,84702.07,85269.04,84572.6,85187.39,86712,2880,0
2025-03-23 16:00:00+00:00,85186.61,85454.69,84795.82,85024.02,84475,2880,0
2025-03-23 20:00:00+00:00,85023.81,86205.72,84937.42,86123.04,85842,2880,0
2025-03-24 00:00:00+00:00,86123.04,86710.82,85539.31,86565.59,90041,2880,0
2025-03-24 04:00:00+00:00,86565.26,87328.59,86562.33,86881.92,90034,2880,0
2025-03-24 08:00:00+00:00,86881.05,87939.61,86860.41,87704.28,92741,2880,0
2025-03-24 12:00:00+00:00,87703.73,88801.34,87126.04,88327.33,93367,2880,0
2025-03-24 16:00:00+00:00,88327.33,88548.74,87675.66,88236.74,91281,2880,0
2025-03-24 20:00:00+00:00,88233.45,88515.6,87038.37,87498.57,84886,2880,0
2025-03-25 00:00:00+00:00,87499.12,87700.12,86319.87,86522.36,88286,2880,0
2025-03-25 04:00:00+00:00,86522.66,86901.22,86291.67,86438.98,89158,2880,0
2025-03-25 08:00:00+00:00,86439.14,87512.5,86388.76,87373.83,91128,2880,0
2025-03-25 12:00:00+00:00,87374.15,88283.2,86924.02,87778.38,94080,2880,0
2025-03-25 16:00:00+00:00,87778.66,88344.61,87580.3,88121.26,89406,2880,0
2025-03-25 20:00:00+00:00,88125.01,88579.75,87147.64,87435.29,86538,2880,0
2025-03-26 00:00:00+00:00,87433.54,87932.69,87043.94,87186.18,86207,2880,0
2025-03-26 04:00:00+00:00,87186.74,88312.35,87069.75,88160.33,86896,2880,0
2025-03-26 08:00:00+00:00,88160.16,88297.01,87828.14,87980.97,87523,2880,0
2025-03-26 12:00:00+00:00,87980.97,88040.24,86472.92,86789.29,93416,2880,0
2025-03-26 16:00:00+00:00,86789.35,87092.47,85874.54,86598.62,86303,2880,0
2025-03-26 20:00:00+00:00,86598.51,87447.46,86531.79,86969.55,87331,2880,0
2025-03-27 00:00:00+00:00,86969.55,87803.76,86841.37,87694.7,87983,2880,0
2025-03-27 04:00:00+00:00,87695.0,87725.09,87272.05,87432.64,86529,2880,0
2025-03-27 08:00:00+00:00,87432.65,87633.64,86798.55,86962.23,89892,2880,0
2025-03-27 12:00:00+00:00,86962.13,87579.37,85777.11,86954.63,94933,2880,0
2025-03-27 16:00:00+00:00,86953.64,87446.67,86751.37,87096.29,89667,2880,0
2025-03-27 20:00:00+00:00,87096.29,87765.78,86931.08,87201.2,82376,2880,0
2025-03-28 00:00:00+00:00,87201.01,87501.0,86700.18,86764.13,85747,2880,0
2025-03-28 04:00:00+00:00,86764.29,86812.98,85135.52,85200.74,88529,2880,0
2025-03-28 08:00:00+00:00,85200.74,85437.54,84771.44,85227.59,88355,2880,0
2025-03-28 12:00:00+00:00,85226.89,85587.95,83919.63,84046.76,93042,2880,0
2025-03-28 16:00:00+00:00,84046.67,84215.14,83572.85,83785.24,86161,2880,0
2025-03-28 20:00:00+00:00,83785.18,84537.37,83690.46,84417.77,86276,2896,0
2025-03-29 00:00:00+00:00,84417.4,84626.19,83709.77,84164.59,87586,2896,0
2025-03-29 04:00:00+00:00,84163.34,84268.63,83656.28,83747.51,86819,2880,0
2025-03-29 08:00:00+00:00,83747.41,83964.64,81991.15,82288.54,87929,2896,0
2025-03-29 12:00:00+00:00,82288.22,82898.34,82137.08,82438.47,89024,2896,0
2025-03-29 16:00:00+00:00,82443.5,82789.73,81639.93,82771.28,85676,2896,0
2025-03-29 20:00:00+00:00,82773.99,82806.23,82265.26,82660.69,80946,2896,0
2025-03-30 00:00:00+00:00,82660.83,83537.08,82506.91,83108.04,86308,2896,0
2025-03-30 04:00:00+00:00,83108.04,83357.29,82867.91,83117.19,85107,2896,0
2025-03-30 08:00:00+00:00,83116.52,83576.48,82971.1,83129.82,85062,2896,0
2025-03-30 12:00:00+00:00,83130.3,83286.87,82577.19,82741.22,85812,2896,0
2025-03-30 16:00:00+00:00,82740.75,82907.62,82033.06,82571.12,84542,2896,0
2025-03-30 20:00:00+00:00,82571.01,82801.1,81540.36,82426.79,83259,2896,0
2025-03-31 00:00:00+00:00,82428.01,82493.93,81272.56,81544.46,88994,2896,0
2025-03-31 04:00:00+00:00,81544.71,82335.61,81398.36,81945.68,89554,2896,0
2025-03-31 08:00:00+00:00,81943.95,82300.43,81267.39,82227.91,87926,2896,0
2025-03-31 12:00:00+00:00,82227.36,83955.36,81636.62,83433.74,100331,2896,0
2025-03-31 16:00:00+00:00,83434.21,83713.3,82373.91,82437.41,90006,2896,0
2025-03-31 20:00:00+00:00,82443.8,82896.48,82238.62,82539.11,83699,2896,0
2025-04-01 00:00:00+00:00,82538.09,83258.97,82402.8,82974.93,85689,2896,0
2025-04-01 04:00:00+00:00,82975.1,83622.67,82871.39,83462.94,88041,2896,0
2025-04-01 08:00:00+00:00,83462.65,84490.88,83456.5,83895.74,91636,2896,0
2025-04-01 12:00:00+00:00,83895.46,85510.69,82485.52,85295.56,95780,2896,0
2025-04-01 16:00:00+00:00,85296.67,85508.46,84685.2,84949.26,91559,2896,0
2025-04-01 20:00:00+00:00,84949.26,85595.75,84753.64,85183.46,84830,2896,0
2025-04-02 00:00:00+00:00,85183.55,85278.59,84478.45,84508.12,91343,2896,0
2025-04-02 04:00:00+00:00,84509.31,84705.71,83887.93,84402.56,90579,2896,0
2025-04-02 08:00:00+00:00,84402.3,85470.62,84241.74,84540.74,91673,2896,0
2025-04-02 12:00:00+00:00,84536.34,87325.45,84429.63,86756.09,104341,2880,0
2025-04-02 16:00:00+00:00,86755.01,87291.68,86142.41,86853.04,91813,2880,0
2025-04-02 20:00:00+00:00,86853.63,88517.18,82226.91,82417.0,103542,2880,0
2025-04-03 00:00:00+00:00,82417.06,83854.4,82066.51,83436.77,95989,2880,0
2025-04-03 04:00:00+00:00,83437.17,83691.55,82912.03,83392.78,91072,2880,0
2025-04-03 08:00:00+00:00,83393.5,83742.9,82950.39,83010.4,92727,2880,0
2025-04-03 12:00:00+00:00,83010.13,83065.33,81109.37,81960.58,105861,2880,0
2025-04-03 16:00:00+00:00,81960.94,82421.96,81460.87,81939.34,93013,2880,0
2025-04-03 20:00:00+00:00,81944.03,83277.51,81704.97,83149.04,88190,2880,0
2025-04-04 00:00:00+00:00,83155.92,83351.57,82525.06,82752.93,90769,2880,0
2025-04-04 04:00:00+00:00,82752.87,83984.33,82531.53,83961.16,90497,2880,0
2025-04-04 08:00:00+00:00,83961.14,84729.33,81569.09,82590.79,101001,2880,0
2025-04-04 12:00:00+00:00,82590.8,83655.41,81759.95,82801.94,119782,2880,0
2025-04-04 16:00:00+00:00,82802.28,84581.71,82672.97,83985.19,101850,2880,0
2025-04-04 20:00:00+00:00,83978.41,84433.36,83447.87,83851.36,85540,2880,0
2025-04-05 00:00:00+00:00,83851.31,84257.67,83331.7,83571.97,85984,2880,0
2025-04-05 04:00:00+00:00,83572.01,83836.11,83293.29,83496.29,84457,2880,0
2025-04-05 08:00:00+00:00,83496.48,83881.87,83330.2,83428.94,84491,2880,0
2025-04-05 12:00:00+00:00,83428.93,83527.3,82345.73,82596.66,89708,2880,0
2025-04-05 16:00:00+00:00,82596.23,83155.96,82572.78,82845.75,85050,2880,0
2025-04-05 20:00:00+00:00,82846.92,83713.12,82812.3,83526.66,81008,2880,0
2025-04-06 00:00:00+00:00,83535.1,83800.74,83140.23,83331.99,85353,2880,0
2025-04-06 04:00:00+00:00,83332.05,83530.23,82970.81,82984.68,87249,2880,0
2025-04-06 08:00:00+00:00,82985.74,83129.47,82582.16,82781.65,85971,2880,0
2025-04-06 12:00:00+00:00,82778.74,82925.82,82145.79,82493.5,86922,2880,0
2025-04-06 16:00:00+00:00,82493.52,82523.84,78609.21,79550.95,98089,2880,0
2025-04-06 20:00:00+00:00,79549.85,79851.3,77020.55,78301.66,103319,2880,0
2025-04-07 00:00:00+00:00,78301.96,79252.4,77231.38,77594.06,103782,2880,0
2025-04-07 04:00:00+00:00,77594.23,77884.48,74360.24,74980.1,112972,2880,0
2025-04-07 08:00:00+00:00,74979.91,77492.26,74945.26,76595.81,105963,2880,0
2025-04-07 12:00:00+00:00,76595.54,81150.91,75702.69,78418.93,145780,2880,0
2025-04-07 16:00:00+00:00,78420.54,79367.62,77246.63,78081.83,116621,2880,0
2025-04-07 20:00:00+00:00,78081.71,80223.81,78057.12,79170.09,89078,2880,0
2025-04-08 00:00:00+00:00,79168.26,80858.35,78742.59,79891.32,92141,2880,0
2025-04-08 04:00:00+00:00,79891.23,80403.15,79181.75,79446.8,88763,2880,0
2025-04-08 08:00:00+00:00,79446.76,80055.32,78771.66,79967.56,91941,2880,0
2025-04-08 12:00:00+00:00,79967.56,80357.79,78123.58,78463.12,106596,2880,0
2025-04-08 16:00:00+00:00,78463.05,78493.54,76225.21,76731.16,111436,2880,0
2025-04-08 20:00:00+00:00,76741.22,77201.43,76112.24,76190.89,87169,2880,0
2025-04-09 00:00:00+00:00,76191.76,76754.53,74468.3,74928.14,100423,2880,0
2025-04-09 04:00:00+00:00,74926.75,77922.19,74819.51,77658.5,100038,2880,0
2025-04-09 08:00:00+00:00,77658.29,77853.9,75652.36,76109.48,99622,2880,0
2025-04-09 12:00:00+00:00,76109.48,78248.25,75903.91,77174.94,114313,2880,0
2025-04-09 16:00:00+00:00,77187.27,83021.66,77043.51,82344.01,122563,2880,0
2025-04-09 20:00:00+00:00,82352.01,83676.65,82048.2,82677.78,91237,2880,0
2025-04-10 00:00:00+00:00,82677.89,82809.89,81457.09,81779.25,91605,2880,0
2025-04-10 04:00:00+00:00,81779.26,82387.03,81299.11,81609.62,92475,2880,0
2025-04-10 08:00:00+00:00,81609.85,82157.5,81319.25,81868.27,93112,2880,0
2025-04-10 12:00:00+00:00,81868.63,82506.25,78506.89,78688.33,108052,2880,0
2025-04-10 16:00:00+00:00,78688.32,79967.89,78355.14,79579.83,100874,2880,0
2025-04-10 20:00:00+00:00,79570.35,79989.98,79292.47,79530.17,84441,2880,0
2025-04-11 00:00:00+00:00,79529.57,80866.28,78893.78,80792.04,90332,2880,0
2025-04-11 04:00:00+00:00,80792.02,81423.8,80459.58,81252.36,88575,2880,0
2025-04-11 08:00:00+00:00,81252.27,82992.32,80763.58,82101.12,92238,2880,0
2025-04-11 12:00:00+00:00,82101.1,83326.19,81324.92,82514.34,101694,2880,0
2025-04-11 16:00:00+00:00,82513.09,84239.66,81993.72,83881.8,94621,2880,0
2025-04-11 20:00:00+00:00,83881.8,84356.17,83144.19,83430.12,87764,2880,0
2025-04-12 00:00:00+00:00,83421.94,83595.54,82773.25,82951.93,90614,2880,0
2025-04-12 04:00:00+00:00,82951.9,83808.11,82818.46,83709.4,91051,2880,0
2025-04-12 08:00:00+00:00,83708.99,84019.49,83258.28,83495.99,89202,2880,0
2025-04-12 12:00:00+00:00,83496.54,85439.35,83433.89,85018.53,91256,2880,0
2025-04-12 16:00:00+00:00,85018.55,85294.44,84414.58,84955.3,87974,2880,0
2025-04-12 20:00:00+00:00,84955.86,85969.18,84878.26,85260.94,81991,2880,0
2025-04-13 00:00:00+00:00,85262.79,86147.82,84731.96,85433.93,88598,2880,0
2025-04-13 04:00:00+00:00,85434.43,85458.71,84361.82,84390.66,88149,2880,0
2025-04-13 08:00:00+00:00,84390.96,84953.26,84195.78,84513.95,92198,2880,0
2025-04-13 12:00:00+00:00,84514.07,84685.22,83424.21,83808.68,90772,2880,0
2025-04-13 16:00:00+00:00,83809.29,85003.99,82989.94,83938.1,91526,2880,0
2025-04-13 20:00:00+00:00,83936.3,84424.78,82977.72,83705.35,86840,2880,0
2025-04-14 00:00:00+00:00,83705.62,85518.11,83619.03,84545.0,89355,2880,0
2025-04-14 04:00:00+00:00,84544.98,85077.66,84182.53,84566.13,88987,2880,0
2025-04-14 08:00:00+00:00,84566.07,84976.28,84218.58,84935.76,90424,2880,0
2025-04-14 12:00:00+00:00,84934.63,85799.35,83688.99,84073.21,86855,2880,0
2025-04-14 16:00:00+00:00,84073.21,85207.66,83824.86,84912.49,91256,2880,0
2025-04-14 20:00:00+00:00,84919.09,84966.12,84388.94,84572.44,81239,2880,0
2025-04-15 00:00:00+00:00,84571.09,85416.32,84314.12,85363.33,84065,2880,0
2025-04-15 04:00:00+00:00,85363.27,85878.76,85140.96,85730.07,84791,2880,0
2025-04-15 08:00:00+00:00,85729.51,86023.34,85329.97,85581.63,83993,2880,0
2025-04-15 12:00:00+00:00,85581.82,86496.42,84612.58,84909.78,91724,2880,0
2025-04-15 16:00:00+00:00,84909.21,85154.73,83891.91,83963.76,84444,2880,0
2025-04-15 20:00:00+00:00,83964.19,84226.1,83589.85,83646.48,84580,2880,0
2025-04-16 00:00:00+00:00,83646.2,83950.25,83085.62,83677.89,86618,2880,0
2025-04-16 04:00:00+00:00,83678.97,83826.17,83195.16,83352.83,87255,2880,0
2025-04-16 08:00:00+00:00,83352.84,84143.29,83119.38,84061.51,89286,2880,0
2025-04-16 12:00:00+00:00,84066.37,85297.69,83475.16,84881.28,91606,2880,0
2025-04-16 16:00:00+00:00,84882.59,85568.68,83230.58,84315.76,94329,2880,0
2025-04-16 20:00:00+00:00,84316.4,84692.28,84001.25,84019.53,81583,2880,0
2025-04-17 00:00:00+00:00,84019.56,84497.6,83787.99,83969.52,82706,2880,0
2025-04-17 04:00:00+00:00,83979.72,85078.49,83866.71,84670.89,87015,2880,0
2025-04-17 08:00:00+00:00,84670.85,84768.56,84143.44,84545.27,88774,2880,0
2025-04-17 12:00:00+00:00,84546.77,84862.6,83677.41,84516.22,88462,2880,0
2025-04-17 16:00:00+00:00,84516.25,85484.32,84364.85,84822.15,86239,2880,0
2025-04-17 20:00:00+00:00,84822.15,85129.29,84674.68,84924.89,81252,2880,0
2025-04-18 00:00:00+00:00,84924.83,85110.55,84684.04,84790.04,80487,2880,0
2025-04-18 04:00:00+00:00,84789.75,84809.53,84330.47,84603.47,84064,2880,0
2025-04-18 08:00:00+00:00,84603.38,84731.98,84402.74,84597.64,84964,2880,0
2025-04-18 12:00:00+00:00,84602.49,84695.9,84292.23,84324.95,83611,2880,0
2025-04-18 16:00:00+00:00,84326.08,84611.07,84247.83,84505.65,80650,2880,0
2025-04-18 20:00:00+00:00,84506.02,84640.23,84288.3,84434.8,80102,2880,0
2025-04-19 00:00:00+00:00,84434.5,84953.62,84329.41,84839.3,79145,2880,0
2025-04-19 04:00:00+00:00,84839.38,85237.6,84836.92,85193.45,86450,2880,0
2025-04-19 08:00:00+00:00,85192.83,85429.63,85074.59,85186.53,83428,2880,0
2025-04-19 12:00:00+00:00,85187.34,85652.16,85042.98,85166.25,84893,2880,0
2025-04-19 16:00:00+00:00,85166.38,85295.16,84623.02,85045.65,87476,2880,0
2025-04-19 20:00:00+00:00,85054.81,85352.82,84952.37,85049.09,83287,2880,0
2025-04-20 00:00:00+00:00,85046.78,85290.22,84990.99,85130.54,79965,2880,0
2025-04-20 04:00:00+00:00,85130.35,85213.04,84627.14,84717.62,84229,2880,0
2025-04-20 08:00:00+00:00,84718.02,84743.33,83872.86,84065.57,88493,2896,0
2025-04-20 12:00:00+00:00,84065.13,84641.15,84028.04,84314.13,85966,2896,0
2025-04-20 16:00:00+00:00,84313.8,84625.72,84228.82,84594.12,81534,2896,0
2025-04-20 20:00:00+00:00,84593.14,85273.82,84551.48,85134.14,83294,2880,0
2025-04-21 00:00:00+00:00,85134.4,87630.05,85092.56,87169.35,92000,2880,0
2025-04-21 04:00:00+00:00,87169.5,87721.56,86999.9,87410.82,86233,2880,0
2025-04-21 08:00:00+00:00,87411.51,87772.96,86606.72,86932.22,87271,2880,0
2025-04-21 12:00:00+00:00,86932.84,88499.47,86758.02,88092.64,93872,2880,0
2025-04-21 16:00:00+00:00,88093.17,88298.85,86380.47,87414.65,88386,2880,0
2025-04-21 20:00:00+00:00,87414.65,87660.69,86888.61,87525.79,83295,2880,0
2025-04-22 00:00:00+00:00,87527.01,88897.83,87079.71,88152.63,90073,2880,0
2025-04-22 04:00:00+00:00,88152.83,88488.3,87944.48,88475.11,86384,2880,0
2025-04-22 08:00:00+00:00,88474.33,88687.5,88212.05,88594.74,89651,2880,0
2025-04-22 12:00:00+00:00,88594.77,91441.78,88463.67,90999.49,101659,2880,0
2025-04-22 16:00:00+00:00,90998.44,91734.37,90665.13,91407.9,91016,2880,0
2025-04-22 20:00:00+00:00,91407.9,94094.54,91042.38,93422.18,92708,2880,0
2025-04-23 00:00:00+00:00,93421.96,93888.38,92541.93,93115.52,90945,2880,0
2025-04-23 04:00:00+00:00,93115.76,94264.52,92969.76,94105.2,91447,2880,0
2025-04-23 08:00:00+00:00,94105.41,94465.13,93240.93,93395.26,91048,2880,0
2025-04-23 12:00:00+00:00,93393.78,94742.51,91887.62,93140.1,99451,2880,0
2025-04-23 16:00:00+00:00,93139.81,94205.56,92862.17,93465.1,89693,2880,0
2025-04-23 20:00:00+00:00,93463.93,93937.4,93203.85,93678.67,82978,2880,0
2025-04-24 00:00:00+00:00,93679.12,93783.32,92609.6,92651.22,85220,2880,0
2025-04-24 04:00:00+00:00,92651.19,92897.1,92083.57,92183.59,87138,2880,0
2025-04-24 08:00:00+00:00,92183.59,92682.58,91630.78,92622.43,88480,2880,0
2025-04-24 12:00:00+00:00,92623.02,93469.73,92428.37,93197.28,90726,2880,0
2025-04-24 16:00:00+00:00,93197.07,93673.09,92649.62,93557.42,87466,2880,0
2025-04-24 20:00:00+00:00,93557.42,94031.08,93005.01,93972.65,83626,2880,0
2025-04-25 00:00:00+00:00,93973.5,94461.88,92806.11,93278.65,88813,2880,0
2025-04-25 04:00:00+00:00,93278.63,93854.19,92971.54,93754.33,88152,2880,0
2025-04-25 08:00:00+00:00,93756.35,94666.66,93513.83,94633.34,88382,2880,0
2025-04-25 12:00:00+00:00,94631.59,95881.29,93906.64,95088.66,98044,2880,0
2025-04-25 16:00:00+00:00,95089.07,95577.08,94352.32,95343.3,89628,2880,0
2025-04-25 20:00:00+00:00,95342.76,95400.37,94457.96,94648.4,83926,2880,0
2025-04-26 00:00:00+00:00,94648.39,95213.65,94534.79,94715.27,87414,2880,0
2025-04-26 04:00:00+00:00,94715.18,94808.98,94297.97,94545.99,90101,2880,0
2025-04-26 08:00:00+00:00,94544.35,94698.09,93957.82,94116.13,91114,2880,0
2025-04-26 12:00:00+00:00,94115.59,94406.37,93855.76,94377.4,89159,2880,0
2025-04-26 16:00:00+00:00,94379.25,94384.33,94053.35,94268.21,84796,2880,0
2025-04-26 20:00:00+00:00,94268.65,94906.42,94060.54,94625.89,83972,2880,0
2025-04-27 00:00:00+00:00,94626.27,95326.68,94020.04,94124.37,86144,2880,0
2025-04-27 04:00:00+00:00,94124.36,94250.58,93553.65,94035.77,85360,2880,0
2025-04-27 08:00:00+00:00,94035.63,94305.06,93824.09,93855.59,86830,2880,0
2025-04-27 12:00:00+00:00,93856.83,94174.66,93566.82,93878.76,87894,2880,0
2025-04-27 16:00:00+00:00,93878.93,94415.04,93679.78,94400.1,85014,2880,0
2025-04-27 20:00:00+00:00,94400.1,94533.54,93594.59,93701.54,83530,2898,0
2025-04-28 00:00:00+00:00,93701.52,93990.97,92762.51,93837.68,87644,2898,0
2025-04-28 04:00:00+00:00,93836.93,94802.39,93836.26,94677.63,87923,2898,0
2025-04-28 08:00:00+00:00,94677.56,95552.12,94292.41,95322.79,89530,2880,0
2025-04-28 12:00:00+00:00,95322.01,95619.04,93560.2,93826.16,91003,2880,0
2025-04-28 16:00:00+00:00,93818.67,94945.94,93406.83,94807.82,88789,2880,0
2025-04-28 20:00:00+00:00,94807.82,95161.19,94275.18,94993.58,84903,2880,0
2025-04-29 00:00:00+00:00,94992.82,95432.22,94399.81,94617.84,85426,2880,0
2025-04-29 04:00:00+00:00,94618.32,94971.15,94166.46,94929.5,87994,2880,0
2025-04-29 08:00:00+00:00,94930.07,95297.83,94720.36,95107.6,89003,2880,0
2025-04-29 12:00:00+00:00,95107.99,95292.36,94491.64,94817.95,87707,2880,0
2025-04-29 16:00:00+00:00,94817.84,95446.84,94621.57,95292.59,83352,2880,0
2025-04-29 20:00:00+00:00,95292.59,95389.5,93714.03,94259.16,83637,2880,0
2025-04-30 00:00:00+00:00,94259.12,95150.2,94136.96,95051.16,88537,2880,0
2025-04-30 04:00:00+00:00,95051.16,95224.18,94469.95,94595.27,84396,2880,0
2025-04-30 08:00:00+00:00,94594.87,95210.39,94470.53,95139.36,82766,2880,0
2025-04-30 12:00:00+00:00,95139.33,95179.58,92927.69,93971.7,92989,2880,0
2025-04-30 16:00:00+00:00,93971.33,94506.57,93477.17,94125.11,84573,2880,0
2025-04-30 20:00:00+00:00,94125.09,94791.85,93971.7,94142.34,81149,2880,0
2025-05-01 00:00:00+00:00,94142.54,95019.79,94093.22,94755.16,81436,2880,0
2025-05-01 04:00:00+00:00,94754.15,95183.52,94674.2,94864.89,59808,2880,0
2025-05-01 08:00:00+00:00,95120.49,96389.28,95050.66,96153.29,80126,1440,0
2025-05-01 12:00:00+00:00,96151.13,97469.3,95766.03,96851.84,95014,1440,0
2025-05-01 16:00:00+00:00,96850.44,97374.05,96383.25,96465.78,86130,1440,0
2025-05-01 20:00:00+00:00,96478.08,96864.57,96101.7,96415.64,81621,1440,0
2025-05-02 00:00:00+00:00,96417.97,97199.41,96384.06,97079.13,85960,1440,0
2025-05-02 04:00:00+00:00,97078.77,97273.84,96284.81,96297.85,90512,1440,0
2025-05-02 08:00:00+00:00,96297.86,97069.89,96284.28,96888.26,87952,1440,0
2025-05-02 12:00:00+00:00,96888.75,97901.39,96582.03,97293.92,92970,1440,0
2025-05-02 16:00:00+00:00,97294.08,97782.47,96711.88,96869.89,89656,1440,0
2025-05-02 20:00:00+00:00,96870.64,97101.88,96515.0,96844.13,88056,1440,0
2025-05-03 00:00:00+00:00,96843.74,96894.09,96265.06,96317.05,91265,1440,0
2025-05-03 04:00:00+00:00,96317.05,96585.91,96106.87,96323.38,92018,1440,0
2025-05-03 08:00:00+00:00,96323.66,96425.19,95884.78,95985.94,89051,1440,0
2025-05-03 12:00:00+00:00,95987.4,96523.14,95920.87,96409.84,91550,1440,0
2025-05-03 16:00:00+00:00,96411.14,96424.9,95873.62,96344.21,88625,1440,0
2025-05-03 20:00:00+00:00,96344.09,96457.07,95741.59,95877.93,85557,1440,0
2025-05-04 00:00:00+00:00,95880.17,96337.65,95578.24,95770.06,90007,1440,0
2025-05-04 04:00:00+00:00,95770.13,96170.81,95708.75,95921.48,87834,1440,0
2025-05-04 08:00:00+00:00,95921.56,95970.19,95300.03,95440.79,89273,1440,0
2025-05-04 12:00:00+00:00,95440.37,95736.14,95221.1,95486.83,89494,1449,0
2025-05-04 16:00:00+00:00,95486.79,95676.35,95229.65,95614.05,87494,1449,0
2025-05-04 20:00:00+00:00,95613.11,95826.23,94192.23,94315.9,89401,1449,0
2025-05-05 00:00:00+00:00,94315.98,94834.24,93560.99,94050.66,92649,1449,0
2025-05-05 04:00:00+00:00,94050.64,94839.56,94009.08,94768.31,91787,1449,0
2025-05-05 08:00:00+00:00,94767.71,94797.66,93932.21,94079.21,92338,1449,0
2025-05-05 12:00:00+00:00,94081.9,94554.96,93576.24,93735.13,95608,1449,0
2025-05-05 16:00:00+00:00,93735.12,94928.63,93714.21,94356.76,90365,1449,0
2025-05-05 20:00:00+00:00,94357.33,95242.25,93823.62,94759.51,91503,1449,0
2025-05-06 00:00:00+00:00,94758.62,94953.25,93996.34,94462.37,90308,1449,0
2025-05-06 04:00:00+00:00,94465.53,94634.57,94284.99,94382.52,90242,1449,0
2025-05-06 08:00:00+00:00,94382.75,94394.83,93701.39,93797.52,94813,1449,0
2025-05-06 12:00:00+00:00,93798.82,94760.03,93327.92,94582.15,97191,1449,0
2025-05-06 16:00:00+00:00,94581.6,95216.11,94207.79,95010.54,91306,1440,0
2025-05-06 20:00:00+00:00,95010.42,96916.92,94458.0,96828.97,92561,1440,0
2025-05-07 00:00:00+00:00,96828.97,97744.78,96172.72,96489.73,94782,1440,0
2025-05-07 04:00:00+00:00,96487.93,96995.07,96280.07,96968.82,89934,1440,0
2025-05-07 08:00:00+00:00,96968.99,97108.3,96799.5,97035.97,88397,1440,0
2025-05-07 12:00:00+00:00,97035.99,97495.54,96656.37,96890.26,93603,1440,0
2025-05-07 16:00:00+00:00,96890.48,96936.46,95768.17,96159.46,95170,1440,0
2025-05-07 20:00:00+00:00,96161.0,97386.46,96045.63,97021.99,86360,1440,0
2025-05-08 00:00:00+00:00,97022.37,99215.97,96844.35,99106.48,93921,1440,0
2025-05-08 04:00:00+00:00,99106.85,99401.82,98661.88,99217.15,92370,1440,0
2025-05-08 08:00:00+00:00,99216.84,99876.24,99163.31,99380.23,94068,1440,0
2025-05-08 12:00:00+00:00,99380.08,101553.72,99046.23,100793.77,100202,1440,0
2025-05-08 16:00:00+00:00,100794.86,101774.67,100602.03,101313.47,96718,1440,0
2025-05-08 20:00:00+00:00,101313.47,104306.89,101285.23,103241.17,93631,1440,0
2025-05-09 00:00:00+00:00,103241.17,103258.76,102311.25,102408.94,94925,1440,0
2025-05-09 04:00:00+00:00,102409.2,104404.04,102334.42,103652.17,97452,1440,0
2025-05-09 08:00:00+00:00,103652.08,103977.2,102389.35,102924.24,102151,1440,0
2025-05-09 12:00:00+00:00,102924.89,103791.34,102383.12,102871.59,99556,1440,0
2025-05-09 16:00:00+00:00,102871.54,103371.03,102283.5,103184.83,93660,1440,0
2025-05-09 20:00:00+00:00,103185.7,103419.57,102685.1,102931.5,88052,1440,0
2025-05-10 00:00:00+00:00,102931.17,103250.91,102777.86,103180.45,91632,1440,0
2025-05-10 04:00:00+00:00,103180.46,104101.88,102998.2,103744.2,93290,1440,0
2025-05-10 08:00:00+00:00,103744.2,104089.04,103329.51,103378.74,96711,1440,0
2025-05-10 12:00:00+00:00,103379.0,103773.45,103003.47,103066.5,95210,1440,0
2025-05-10 16:00:00+00:00,103067.16,103567.94,102905.24,103122.48,93577,1440,0
2025-05-10 20:00:00+00:00,103126.98,104991.35,102987.16,104765.32,92843,1440,0
2025-05-11 00:00:00+00:00,104763.66,104938.82,103406.32,103953.41,93909,1440,0
2025-05-11 04:00:00+00:00,103954.09,104367.56,103261.61,103321.79,91188,1440,0
2025-05-11 08:00:00+00:00,103321.79,104762.82,103312.18,104597.53,98521,1440,0
2025-05-11 12:00:00+00:00,104597.21,104859.2,103711.1,104091.59,95907,1440,0
2025-05-11 16:00:00+00:00,104092.18,104809.69,103687.21,104383.58,88513,1440,0
2025-05-11 20:00:00+00:00,104376.44,104551.53,103499.75,104074.03,87089,1450,0
2025-05-12 00:00:00+00:00,104073.84,105136.07,103631.44,104028.54,91392,1450,0
2025-05-12 04:00:00+00:00,104029.47,105842.38,103663.14,104422.6,94499,1450,0
2025-05-12 08:00:00+00:00,104422.6,104684.82,103513.33,103672.44,93908,1450,0
2025-05-12 12:00:00+00:00,103670.43,104597.44,102361.06,102513.4,99643,1450,0
2025-05-12 16:00:00+00:00,102513.4,103096.5,100680.9,101860.13,95861,1450,0
2025-05-12 20:00:00+00:00,101850.95,103169.63,101762.42,102838.81,88648,1450,0
2025-05-13 00:00:00+00:00,102838.9,102843.76,101459.96,101753.6,93306,1450,0
2025-05-13 04:00:00+00:00,101753.41,102994.39,101637.05,102717.54,91893,1450,0
2025-05-13 08:00:00+00:00,102717.53,103844.72,102583.76,103746.59,93262,1450,0
2025-05-13 12:00:00+00:00,103746.6,103995.97,102836.25,103703.83,97937,1450,0
2025-05-13 16:00:00+00:00,103703.73,105002.73,103559.76,104794.36,93888,1440,0
2025-05-13 20:00:00+00:00,104794.36,104955.52,103856.28,104121.64,86392,2880,0
2025-05-14 00:00:00+00:00,104120.46,104131.76,103388.83,103522.75,88877,2880,0
2025-05-14 04:00:00+00:00,103522.75,103929.36,103302.16,103677.46,92029,2880,0
2025-05-14 08:00:00+00:00,103678.22,104146.81,102837.46,103943.08,93441,2880,0
2025-05-14 12:00:00+00:00,103943.08,104374.87,102813.11,103504.23,93168,2880,0
2025-05-14 16:00:00+00:00,103508.99,103726.44,102575.27,103324.98,86519,2880,0
2025-05-14 20:00:00+00:00,103324.97,103652.23,103281.38,103489.96,81116,2880,0
2025-05-15 00:00:00+00:00,103490.76,103878.24,102719.7,102765.81,86894,2880,0
2025-05-15 04:00:00+00:00,102764.29,102969.16,101687.39,101759.03,89719,2880,0
2025-05-15 08:00:00+00:00,101759.1,102440.52,101470.13,102398.8,89645,2880,0
2025-05-15 12:00:00+00:00,102398.34,103320.66,101360.71,103287.53,95017,2880,0
2025-05-15 16:00:00+00:00,103287.53,104199.37,102541.77,103173.7,91086,2880,0
2025-05-15 20:00:00+00:00,103173.37,103993.83,102719.97,103770.96,86278,2880,0
2025-05-16 00:00:00+00:00,103762.67,104477.74,103463.27,104019.8,89978,2880,0
2025-05-16 04:00:00+00:00,104019.89,104201.01,103686.16,103710.06,88568,2880,0
2025-05-16 08:00:00+00:00,103710.62,103938.34,103104.13,103674.85,89906,2880,0
2025-05-16 12:00:00+00:00,103674.85,104315.17,103349.06,104186.11,92044,2880,0
2025-05-16 16:00:00+00:00,104187.44,104580.88,103572.63,104011.33,88254,2880,0
2025-05-16 20:00:00+00:00,104011.33,104037.37,103385.47,103457.92,85888,2880,0
2025-05-17 00:00:00+00:00,103452.91,103539.71,102611.63,103217.02,74979,2880,0
2025-05-17 04:00:00+00:00,103616.95,103715.31,103265.64,103456.06,75271,2880,0
2025-05-17 08:00:00+00:00,103456.13,103580.25,102766.06,103018.4,90104,2880,0
2025-05-17 12:00:00+00:00,103018.55,103200.15,102652.54,102960.41,87781,2900,0
2025-05-17 16:00:00+00:00,102959.89,103367.22,102766.53,103177.29,85332,2900,0
2025-05-17 20:00:00+00:00,103177.29,103496.68,102910.03,103149.3,81166,2900,0
2025-05-18 00:00:00+00:00,103139.43,103442.22,103096.66,103284.95,82451,2900,0
2025-05-18 04:00:00+00:00,103285.5,104011.72,103285.5,103947.56,87083,2880,0
2025-05-18 08:00:00+00:00,103947.56,104122.73,103787.38,103801.42,88239,2880,0
2025-05-18 12:00:00+00:00,103802.94,105670.46,103679.39,105496.43,89946,2880,0
2025-05-18 16:00:00+00:00,105494.89,106009.1,103841.67,103887.06,91024,2880,0
2025-05-18 20:00:00+00:00,103886.5,106672.24,103271.78,106444.85,92125,2880,0
2025-05-19 00:00:00+00:00,106445.25,107131.97,103510.38,103580.44,90359,2880,0
2025-05-19 04:00:00+00:00,103580.44,103742.52,102019.38,103192.71,91898,2880,0
2025-05-19 08:00:00+00:00,103192.75,103394.04,102729.41,102932.52,88572,2880,0
2025-05-19 12:00:00+00:00,102932.52,104981.96,102068.94,104795.7,94324,2880,0
2025-05-19 16:00:00+00:00,104795.7,105553.32,104489.2,105492.88,91128,2900,0
2025-05-19 20:00:00+00:00,105490.96,105823.92,104994.08,105549.55,84265,2900,0
2025-05-20 00:00:00+00:00,105550.01,106838.67,105461.26,105707.35,90805,2880,0
2025-05-20 04:00:00+00:00,105707.5,106398.91,104860.93,104984.44,89393,2880,0
2025-05-20 08:00:00+00:00,104984.44,105398.66,104808.51,105198.51,89876,2880,0
2025-05-20 12:00:00+00:00,105198.64,105410.07,104157.87,105345.57,91133,2880,0
2025-05-20 16:00:00+00:00,105344.57,107262.97,105063.53,106997.28,90390,2880,0
2025-05-20 20:00:00+00:00,106997.28,107315.27,105889.88,106820.34,87588,2880,0
2025-05-21 00:00:00+00:00,106820.38,107196.6,106181.29,106841.89,87779,2880,0
2025-05-21 04:00:00+00:00,106842.31,107989.41,106421.03,106483.07,91226,2880,0
2025-05-21 08:00:00+00:00,106483.07,106777.64,106030.34,106519.1,88915,2880,0
2025-05-21 12:00:00+00:00,106519.1,109474.24,106308.62,108957.49,94072,2880,0
2025-05-21 16:00:00+00:00,108957.49,109810.28,106092.57,108619.77,102021,2880,0
2025-05-21 20:00:00+00:00,108620.31,110793.28,107718.13,109609.66,89575,2880,0
2025-05-22 00:00:00+00:00,109609.66,111847.24,109133.59,111728.78,96159,2880,0
2025-05-22 04:00:00+00:00,111730.07,111742.24,110381.49,110963.1,93951,2880,0
2025-05-22 08:00:00+00:00,110962.25,111269.17,110207.47,110903.33,93331,2880,0
2025-05-22 12:00:00+00:00,110901.48,111519.34,110462.48,111200.61,95966,2880,0
2025-05-22 16:00:00+00:00,111203.96,111908.95,110830.85,111125.19,89121,2880,0
2025-05-22 20:00:00+00:00,111128.19,111636.8,110682.99,111600.61,90629,2880,0
2025-05-23 00:00:00+00:00,111600.46,111709.17,110926.81,111003.89,91536,2880,0
2025-05-23 04:00:00+00:00,111003.89,111117.8,110301.51,110641.44,92236,2880,0
2025-05-23 08:00:00+00:00,110641.87,111298.24,108774.99,109025.79,94277,2880,0
2025-05-23 12:00:00+00:00,109006.59,109970.9,107220.6,108893.33,102982,2880,0
2025-05-23 16:00:00+00:00,108895.38,109779.18,107928.35,108655.22,91457,2880,0
2025-05-23 20:00:00+00:00,108654.55,108678.8,106711.99,107243.18,86586,2880,0
2025-05-24 00:00:00+00:00,107243.46,108276.82,106801.0,108231.5,90107,2901,0
2025-05-24 04:00:00+00:00,108231.59,108486.82,107452.57,107499.6,89086,2880,0
2025-05-24 08:00:00+00:00,107499.63,109445.0,107496.74,109163.82,89112,2880,0
2025-05-24 12:00:00+00:00,109164.45,109239.82,108458.57,108881.57,85710,2880,0
2025-05-24 16:00:00+00:00,108887.08,109160.32,108619.41,108847.09,82630,2901,0
2025-05-24 20:00:00+00:00,108847.93,109008.95,107366.83,107664.59,83368,2901,0
2025-05-25 00:00:00+00:00,107666.43,108158.71,107093.04,107991.72,86754,2901,0
2025-05-25 04:00:00+00:00,107990.72,108194.52,107310.06,107580.35,84033,2901,0
2025-05-25 08:00:00+00:00,107580.05,107598.84,106579.34,107164.73,87327,2901,0
2025-05-25 12:00:00+00:00,107178.04,107678.32,106463.02,106888.38,88134,2901,0
2025-05-25 16:00:00+00:00,106887.36,107915.43,106538.42,107677.14,82754,2901,0
2025-05-25 20:00:00+00:00,107676.9,109268.01,107113.18,108919.75,87015,2901,0
2025-05-26 00:00:00+00:00,108920.55,109814.6,108584.69,109541.05,87888,2901,0
2025-05-26 04:00:00+00:00,109541.05,110143.66,109258.9,110053.89,88963,2901,0
2025-05-26 08:00:00+00:00,110054.1,110156.92,109502.98,109721.28,87697,2901,0
2025-05-26 12:00:00+00:00,109721.28,110404.29,109439.34,109978.08,87349,2901,0
2025-05-26 16:00:00+00:00,109977.88,110411.64,108790.61,109070.79,85977,2901,0
2025-05-26 20:00:00+00:00,109071.57,109883.34,108896.83,109390.57,83697,2901,0
2025-05-27 00:00:00+00:00,109391.21,109647.93,107457.83,108858.09,89933,2901,0
2025-05-27 04:00:00+00:00,108857.57,109629.18,108499.3,109501.49,90908,2901,0
2025-05-27 08:00:00+00:00,109512.48,109905.55,109392.11,109558.77,90990,2901,0
2025-05-27 12:00:00+00:00,109558.59,110686.82,108618.71,110093.51,98729,2901,0
2025-05-27 16:00:00+00:00,110093.52,110462.07,109513.82,109825.55,97015,2901,0
2025-05-27 20:00:00+00:00,109825.55,109864.56,108549.94,108909.46,87707,2901,0
2025-05-28 00:00:00+00:00,108905.18,109270.93,108339.54,108815.48,88281,2901,0
2025-05-28 04:00:00+00:00,108816.24,109054.56,108570.63,108782.57,87693,2901,0
2025-05-28 08:00:00+00:00,108783.26,109101.81,108188.95,108827.38,88427,2901,0
2025-05-28 12:00:00+00:00,108826.85,109035.35,107023.92,107099.63,88029,2901,0
2025-05-28 16:00:00+00:00,107099.63,107829.18,106894.82,106905.45,86313,2901,0
2025-05-28 20:00:00+00:00,106905.46,108045.42,106733.49,107785.38,86927,2901,0
2025-05-29 00:00:00+00:00,107784.69,108515.74,107441.67,108060.81,89375,2901,0
2025-05-29 04:00:00+00:00,108061.12,108130.77,106940.89,107867.56,89042,2901,0
2025-05-29 08:00:00+00:00,107867.3,108908.14,107668.73,108764.89,97466,2901,0
2025-05-29 12:00:00+00:00,108765.05,108791.77,106456.37,107029.12,95951,2901,0
2025-05-29 16:00:00+00:00,107029.1,107180.95,105599.31,105722.86,87671,2901,0
2025-05-29 20:00:00+00:00,105722.71,106453.01,105198.26,105553.67,90025,2901,0
2025-05-30 00:00:00+00:00,105553.62,106218.31,104543.64,106051.58,94788,2900,0
2025-05-30 04:00:00+00:00,106051.59,106347.02,104710.62,105034.46,93699,2900,0
2025-05-30 08:00:00+00:00,105035.36,106007.36,104599.37,105882.44,92784,2900,0
2025-05-30 12:00:00+00:00,105881.67,106008.96,105039.3,105539.75,93950,2901,0
2025-05-30 16:00:00+00:00,105539.65,105558.8,103646.63,104626.91,92702,2900,0
2025-05-30 20:00:00+00:00,104607.35,104887.1,103588.88,103991.46,90405,2900,0
2025-05-31 00:00:00+00:00,103991.9,104305.85,103047.89,103673.89,89474,2900,0
2025-05-31 04:00:00+00:00,103673.89,103916.61,103476.04,103742.02,92435,2900,0
2025-05-31 08:00:00+00:00,103742.44,103811.88,103268.45,103496.09,90176,2900,0
2025-05-31 12:00:00+00:00,103496.63,104900.95,103473.67,104577.02,95020,2900,0
2025-05-31 16:00:00+00:00,104576.34,104840.02,104275.34,104730.24,90303,2900,0
2025-05-31 20:00:00+00:00,104731.5,104948.62,104498.7,104613.74,86705,2900,0
2025-06-01 00:00:00+00:00,104613.03,104670.23,103899.83,104370.48,89322,2900,0
2025-06-01 04:00:00+00:00,104370.84,104762.25,104189.31,104269.98,89788,2900,0
2025-06-01 08:00:00+00:00,104270.16,104458.49,103724.24,104073.87,89734,2900,0
2025-06-01 12:00:00+00:00,104071.59,104837.0,103738.79,104735.37,90725,2900,0
2025-06-01 16:00:00+00:00,104735.37,105366.7,104363.77,105149.13,90327,2900,0
2025-06-01 20:00:00+00:00,105148.91,105929.28,104924.18,105698.12,85793,2900,0
2025-06-02 00:00:00+00:00,105697.97,105809.97,104626.77,104892.7,88029,2900,0
2025-06-02 04:00:00+00:00,104892.12,105516.88,104644.74,105459.61,88479,2900,0
2025-06-02 08:00:00+00:00,105459.93,106019.47,103958.45,104076.92,89824,2900,0
2025-06-02 12:00:00+00:00,104066.73,104702.58,103650.5,104494.21,94794,2900,0
2025-06-02 16:00:00+00:00,104493.88,104798.51,104048.09,104451.83,90057,2900,0
2025-06-02 20:00:00+00:00,104450.23,106019.13,104450.23,105939.23,88740,2900,0
2025-06-03 00:00:00+00:00,105939.22,106586.56,105351.25,105524.2,91971,2901,0
2025-06-03 04:00:00+00:00,105523.94,105550.36,105097.41,105172.49,90898,2901,0
2025-06-03 08:00:00+00:00,105171.99,105358.7,104844.92,105292.85,91853,2900,0
2025-06-03 12:00:00+00:00,105293.12,106884.09,105031.33,106666.08,95599,2901,0
2025-06-03 16:00:00+00:00,106666.63,106744.2,105593.56,106291.78,91413,2181,0
2025-06-03 20:00:00+00:00,106291.2,106332.43,105275.51,105383.7,87053,2181,0
2025-06-04 00:00:00+00:00,105383.23,105859.8,105114.48,105528.85,87666,2181,0
2025-06-04 04:00:00+00:00,105528.78,105622.75,105218.66,105290.83,88038,2181,0
2025-06-04 08:00:00+00:00,105291.0,106023.55,105061.75,105067.24,89259,2181,0
2025-06-04 12:00:00+00:00,105066.14,105568.12,104141.21,105302.57,92394,2180,0
2025-06-04 16:00:00+00:00,105301.4,105465.49,104829.9,104888.26,88862,2180,0
2025-06-04 20:00:00+00:00,104888.26,105051.33,104356.04,104677.65,88525,2180,0
2025-06-05 00:00:00+00:00,104677.72,105218.81,104613.04,105021.96,88011,2180,0
2025-06-05 04:00:00+00:00,105021.85,105216.21,104323.05,104491.6,88276,2180,0
2025-06-05 08:00:00+00:00,104491.54,104923.22,104371.6,104798.45,88404,2180,0
2025-06-05 12:00:00+00:00,104798.1,105962.08,103863.34,104563.64,92898,2180,0
2025-06-05 16:00:00+00:00,104563.64,104622.23,101552.61,101919.41,91468,2180,0
2025-06-05 20:00:00+00:00,101919.41,102168.86,100367.83,101544.84,95456,2180,0
2025-06-06 00:00:00+00:00,101545.08,102601.92,101107.69,102579.26,91224,2180,0
2025-06-06 04:00:00+00:00,102579.26,103599.54,102451.42,103257.36,91392,2180,0
2025-06-06 08:00:00+00:00,103257.2,104117.75,103254.28,104044.9,92329,2180,0
2025-06-06 12:00:00+00:00,104044.54,105457.21,103625.79,105188.15,94705,2180,0
2025-06-06 16:00:00+00:00,105185.61,105398.12,104097.58,104274.99,90699,2160,0
2025-06-06 20:00:00+00:00,104274.99,104676.46,104199.53,104374.15,85384,2160,0
2025-06-07 00:00:00+00:00,104374.04,105019.44,103937.79,104975.28,90065,2160,0
2025-06-07 04:00:00+00:00,104975.28,105447.69,104731.05,104959.69,90429,2160,0
2025-06-07 08:00:00+00:00,104959.23,105374.38,104767.28,105243.83,88831,2160,0
2025-06-07 12:00:00+00:00,105240.68,105924.51,105240.68,105671.71,91117,2160,0
2025-06-07 16:00:00+00:00,105670.73,106008.5,105358.64,105847.01,86974,2160,0
2025-06-07 20:00:00+00:00,105846.67,106042.71,105628.69,105659.05,84109,2160,0
2025-06-08 00:00:00+00:00,105658.67,105896.74,105472.26,105581.13,85536,2160,0
2025-06-08 04:00:00+00:00,105583.09,105751.64,105492.54,105521.32,82940,2160,0
2025-06-08 08:00:00+00:00,105521.62,105781.54,105010.93,105741.62,86518,2160,0
2025-06-08 12:00:00+00:00,105742.22,106225.61,105596.09,106089.7,88787,2160,0
2025-06-08 16:00:00+00:00,106089.28,106455.9,106053.15,106375.77,89064,2160,0
2025-06-08 20:00:00+00:00,106375.83,106616.16,105623.14,105777.81,89482,2160,0
2025-06-09 00:00:00+00:00,105777.82,106051.52,105358.93,105730.7,86814,2160,0
2025-06-09 04:00:00+00:00,105728.02,105800.31,105359.43,105628.17,89051,2160,0
2025-06-09 08:00:00+00:00,105633.73,107917.45,105531.49,107848.51,93474,2160,0
2025-06-09 12:00:00+00:00,107847.07,108123.1,106926.89,107719.14,94133,2160,0
2025-06-09 16:00:00+00:00,107719.14,108893.56,107708.42,108671.26,89227,2160,0
2025-06-09 20:00:00+00:00,108670.81,110770.84,108540.59,110245.4,92744,2160,0
2025-06-10 00:00:00+00:00,110245.19,110310.73,109361.79,109578.14,91337,2160,0
2025-06-10 04:00:00+00:00,109578.36,109750.24,109125.22,109262.25,91088,2160,0
2025-06-10 08:00:00+00:00,109261.2,109872.92,109090.27,109572.89,93721,2160,0
2025-06-10 12:00:00+00:00,109572.89,109916.06,108337.65,109031.7,93082,2160,0
2025-06-10 16:00:00+00:00,109031.49,110397.85,108516.21,109468.12,90425,2181,0
2025-06-10 20:00:00+00:00,109467.2,110242.63,109205.09,110197.93,89771,2181,0
2025-06-11 00:00:00+00:00,110198.06,110219.59,109466.8,109651.61,89134,2181,0
2025-06-11 04:00:00+00:00,109651.83,109682.9,109282.49,109375.15,91177,2181,0
2025-06-11 08:00:00+00:00,109375.18,109613.59,109114.95,109203.63,92060,2181,0
2025-06-11 12:00:00+00:00,109203.68,110350.31,108962.16,109704.68,93471,2181,0
2025-06-11 16:00:00+00:00,109705.26,109783.7,108373.17,108724.54,90182,2181,0
2025-06-11 20:00:00+00:00,108721.68,109207.11,108032.94,108643.7,91188,2181,0
2025-06-12 00:00:00+00:00,108643.5,108837.33,107687.91,107816.69,89286,2181,0
2025-06-12 04:00:00+00:00,107816.69,107977.4,107287.43,107602.4,90282,2181,0
2025-06-12 08:00:00+00:00,107601.83,107829.77,106870.44,106914.2,89119,2181,0
2025-06-12 12:00:00+00:00,106914.11,107855.11,106585.17,107030.93,94770,2181,0
2025-06-12 16:00:00+00:00,107028.15,108493.74,106692.06,106834.75,92272,2181,0
2025-06-12 20:00:00+00:00,106834.75,107005.14,105665.93,105682.86,87947,2181,0
2025-06-13 00:00:00+00:00,105682.86,105726.48,102653.2,104304.7,103611,2180,0
2025-06-13 04:00:00+00:00,104313.29,104931.66,103800.86,104863.15,94353,2180,0
2025-06-13 08:00:00+00:00,104863.15,105477.52,104360.91,105023.05,94176,2180,0
2025-06-13 12:00:00+00:00,105023.11,105805.36,104069.79,105472.43,97142,2180,0
2025-06-13 16:00:00+00:00,105471.97,105998.52,104659.87,105104.12,96474,2180,0
2025-06-13 20:00:00+00:00,105104.12,106269.13,105021.06,106135.82,83619,2180,0
2025-06-14 00:00:00+00:00,106135.81,106284.9,105214.35,105263.18,87018,2181,0
2025-06-14 04:00:00+00:00,105262.9,105447.85,104783.27,105083.13,84856,2180,0
2025-06-14 08:00:00+00:00,105084.79,105147.27,104817.79,105088.76,84699,2180,0
2025-06-14 12:00:00+00:00,105087.06,105151.86,104628.2,104843.36,85236,2180,0
2025-06-14 16:00:00+00:00,104843.69,105079.39,104351.49,104642.33,88550,2180,0
2025-06-14 20:00:00+00:00,104642.41,105566.36,104294.84,105482.19,86072,2180,0
2025-06-15 00:00:00+00:00,105483.16,105770.39,105319.82,105553.57,84828,2181,0
2025-06-15 04:00:00+00:00,105550.5,106250.87,105258.86,105488.2,87708,2160,0
2025-06-15 08:00:00+00:00,105488.1,105565.91,104874.16,104980.87,87894,2180,0
2025-06-15 12:00:00+00:00,104980.84,105924.88,104954.69,105632.78,88054,2180,0
2025-06-15 16:00:00+00:00,105633.37,105841.47,105100.56,105365.41,88304,2181,0
2025-06-15 20:00:00+00:00,105365.43,105699.42,104490.05,105651.28,87902,2180,0
2025-06-16 00:00:00+00:00,105651.16,106070.63,105016.34,106008.57,88644,2180,0
2025-06-16 04:00:00+00:00,106008.55,107373.35,105957.73,107136.73,93122,2181,0
2025-06-16 08:00:00+00:00,107135.79,107318.61,106630.4,106942.27,92038,2181,0
2025-06-16 12:00:00+00:00,106942.67,107849.67,106521.23,107512.77,91992,2181,0
2025-06-16 16:00:00+00:00,107512.43,108990.18,107390.72,108722.24,91083,2181,0
2025-06-16 20:00:00+00:00,108719.39,109034.93,106764.06,106876.53,88268,2181,0
2025-06-17 00:00:00+00:00,106876.12,107859.22,106184.57,107700.82,94302,2181,0
2025-06-17 04:00:00+00:00,107700.8,107805.92,106513.06,106814.81,90105,2181,0
2025-06-17 08:00:00+00:00,106814.61,106902.86,105484.1,105635.11,89276,2181,0
2025-06-17 12:00:00+00:00,105635.28,105876.5,104067.7,104178.09,92461,2180,0
2025-06-17 16:00:00+00:00,104178.09,105327.55,103226.8,104684.65,93439,2180,0
2025-06-17 20:00:00+00:00,104684.09,104891.57,104198.45,104559.67,87983,2180,0
2025-06-18 00:00:00+00:00,104559.39,105307.79,104340.91,105241.42,86274,2180,0
2025-06-18 04:00:00+00:00,105241.49,105634.25,104693.76,104957.95,88573,2180,0
2025-06-18 08:00:00+00:00,104957.57,105330.56,104135.07,104800.74,90203,2180,0
2025-06-18 12:00:00+00:00,104800.53,105369.77,103765.36,104810.08,95356,2180,0
2025-06-18 16:00:00+00:00,104810.0,104868.69,103455.69,103792.54,94944,2180,0
2025-06-18 20:00:00+00:00,103792.54,105177.14,103597.33,104922.71,89091,2180,0
2025-06-19 00:00:00+00:00,104923.94,105299.46,104453.04,105131.69,84985,2180,0
2025-06-19 04:00:00+00:00,105131.59,105267.36,104606.76,104634.48,84490,2180,0
2025-06-19 08:00:00+00:00,104634.52,105119.18,104608.32,104778.49,87731,2180,0
2025-06-19 12:00:00+00:00,104778.46,104924.73,104043.28,104068.72,93551,2160,0
2025-06-19 16:00:00+00:00,104069.42,104813.81,103873.85,104221.48,109651,2160,0
2025-06-19 20:00:00+00:00,104221.21,104923.25,104116.93,104670.92,103573,2180,0
2025-06-20 00:00:00+00:00,104669.76,104826.5,104368.58,104603.15,81881,2180,0
2025-06-20 04:00:00+00:00,104603.53,105873.62,104193.28,105863.91,88047,2180,0
2025-06-20 08:00:00+00:00,105864.47,106645.24,105825.79,106060.32,89819,2160,0
2025-06-20 12:00:00+00:00,106059.81,106257.37,103828.71,104175.59,91453,2160,0
2025-06-20 16:00:00+00:00,104175.59,104223.43,102218.05,103213.72,91297,2180,0
2025-06-20 20:00:00+00:00,103213.72,103764.56,102853.34,103192.49,87521,2180,0
2025-06-21 00:00:00+00:00,103192.49,103626.74,103015.34,103416.84,88687,2180,0
2025-06-21 04:00:00+00:00,103416.66,103549.54,103230.76,103398.08,85431,2160,0
2025-06-21 08:00:00+00:00,103396.47,103971.27,103392.23,103827.56,89154,2160,0
2025-06-21 12:00:00+00:00,103828.77,103897.26,103206.29,103498.81,89011,2160,0
2025-06-21 16:00:00+00:00,103499.15,103595.5,102088.58,102161.03,85639,2160,0
2025-06-21 20:00:00+00:00,102161.04,102812.49,100805.81,102069.89,90614,2160,0
2025-06-22 00:00:00+00:00,102076.63,103327.13,101757.52,102284.52,90889,2160,0
2025-06-22 04:00:00+00:00,102285.35,102900.68,102164.09,102368.99,89195,2160,0
2025-06-22 08:00:00+00:00,102369.35,102747.0,101991.56,102689.63,88897,2160,0
2025-06-22 12:00:00+00:00,102689.78,102787.43,98932.76,98961.41,99873,2160,0
2025-06-22 16:00:00+00:00,98961.42,100399.52,98728.74,98937.23,90123,2160,0
2025-06-22 20:00:00+00:00,98937.46,101067.92,98231.72,100951.65,91513,2160,0
2025-06-23 00:00:00+00:00,100951.58,101648.62,100491.01,101144.12,88997,2160,0
2025-06-23 04:00:00+00:00,101144.41,102128.31,100951.56,101906.65,90189,2160,0
2025-06-23 08:00:00+00:00,101906.85,102065.16,101081.15,101273.52,91574,2160,0
2025-06-23 12:00:00+00:00,101273.52,102645.4,100760.39,101399.77,97235,2160,0
2025-06-23 16:00:00+00:00,101399.77,103338.59,99590.61,103185.28,98626,2160,0
2025-06-23 20:00:00+00:00,103186.03,106201.31,102902.64,105495.38,91832,2160,0
2025-06-24 00:00:00+00:00,105495.43,105656.34,104820.0,104993.02,87354,2160,0
2025-06-24 04:00:00+00:00,104993.02,105962.23,104777.75,105057.4,89899,2160,0
2025-06-24 08:00:00+00:00,105058.51,105672.7,104713.12,105283.63,86836,2160,0
2025-06-24 12:00:00+00:00,105283.03,105816.07,104856.44,105306.7,92234,2160,0
2025-06-24 16:00:00+00:00,105317.03,106358.57,105241.04,105705.0,89358,2160,0
2025-06-24 20:00:00+00:00,105704.99,106207.28,105498.26,106142.87,83614,2160,0
2025-06-25 00:00:00+00:00,106142.85,106875.82,105873.95,106277.65,87075,2160,0
2025-06-25 04:00:00+00:00,106277.64,106794.25,106030.59,106675.48,85578,2160,0
2025-06-25 08:00:00+00:00,106682.84,107290.59,106383.29,107241.88,91682,2160,0
2025-06-25 12:00:00+00:00,107241.59,108203.29,106794.22,107075.39,93110,2160,0
2025-06-25 16:00:00+00:00,107075.82,107978.59,106953.76,107809.92,91394,2160,0
2025-06-25 20:00:00+00:00,107809.92,108080.44,107114.5,107371.81,88431,2160,0
2025-06-26 00:00:00+00:00,107372.7,108350.68,107152.46,107908.52,87314,2160,0
2025-06-26 04:00:00+00:00,107908.52,108128.73,107554.09,107855.32,84275,2160,0
2025-06-26 08:00:00+00:00,107855.52,108221.87,107141.02,107383.32,92706,2160,0
2025-06-26 12:00:00+00:00,107383.55,107804.27,106573.08,107340.52,92232,2160,0
2025-06-26 16:00:00+00:00,107339.69,107723.06,107042.53,107565.97,86618,2160,0
2025-06-26 20:00:00+00:00,107565.97,108068.27,106879.32,107017.41,92051,2160,0
2025-06-27 00:00:00+00:00,107017.54,107595.12,106434.79,107548.26,90018,2160,0
2025-06-27 04:00:00+00:00,107548.12,107803.47,106904.7,106925.2,89846,2160,0
2025-06-27 08:00:00+00:00,106925.07,107229.59,106710.39,107028.79,89986,2160,0
2025-06-27 12:00:00+00:00,107028.99,107498.49,106394.43,107377.48,92590,2160,0
2025-06-27 16:00:00+00:00,107377.34,107777.91,106463.13,106872.17,91117,2160,0
2025-06-27 20:00:00+00:00,106862.94,107371.01,106841.36,107112.6,88116,2160,0
2025-06-28 00:00:00+00:00,107112.68,107429.94,106867.57,107360.22,89103,2160,0
2025-06-28 04:00:00+00:00,107361.78,107562.88,107231.91,107533.3,88992,2160,0
2025-06-28 08:00:00+00:00,107533.03,107562.66,107294.88,107409.29,90365,2160,0
2025-06-28 12:00:00+00:00,107409.75,107604.91,107139.97,107503.21,89982,2160,0
2025-06-28 16:00:00+00:00,107503.24,107593.61,107250.74,107260.25,89699,2160,0
2025-06-28 20:00:00+00:00,107258.58,107428.98,107193.03,107361.82,86295,2160,0
2025-06-29 00:00:00+00:00,107362.23,107567.69,107206.22,107268.34,86621,2160,0
2025-06-29 04:00:00+00:00,107268.44,107462.59,107257.47,107462.59,82623,2160,0
2025-06-29 08:00:00+00:00,107455.7,108518.04,107432.66,108480.33,93307,2160,0
2025-06-29 12:00:00+00:00,108480.32,108546.08,107649.62,107750.95,87113,2160,0
2025-06-29 16:00:00+00:00,107751.86,107814.71,107316.93,107417.33,85739,2160,0
2025-06-29 20:00:00+00:00,107417.68,108453.29,107267.4,108336.42,85569,2160,0
2025-06-30 00:00:00+00:00,108336.31,108808.25,108219.43,108521.71,85819,2160,0
2025-06-30 04:00:00+00:00,108520.78,108561.11,107483.03,107632.91,87892,2160,0
2025-06-30 08:00:00+00:00,107631.68,107978.05,107376.49,107666.09,89713,2160,0
2025-06-30 12:00:00+00:00,107666.4,107894.09,106739.05,107631.36,90684,2160,0
2025-06-30 16:00:00+00:00,107632.0,107912.08,107185.81,107803.38,88929,2160,0
2025-06-30 20:00:00+00:00,107803.18,107842.45,106981.42,107194.73,83229,2160,0
2025-07-01 00:00:00+00:00,107194.61,107622.44,107082.52,107245.4,83320,2160,0
2025-07-01 04:00:00+00:00,107245.45,107282.79,106677.44,107273.34,88002,2160,0
2025-07-01 08:00:00+00:00,107273.34,107273.34,106436.93,106722.31,92039,2160,0
2025-07-01 12:00:00+00:00,106721.83,107294.26,105738.24,106083.43,95496,2160,0
2025-07-01 16:00:00+00:00,106083.42,106426.29,105460.31,105472.8,90201,2160,0
2025-07-01 20:00:00+00:00,105472.84,106224.86,105315.65,105789.71,90258,2160,0
2025-07-02 00:00:00+00:00,105788.73,106384.56,105195.71,106350.83,91107,2160,0
2025-07-02 04:00:00+00:00,106350.9,107288.43,106271.53,107164.06,94454,2160,0
2025-07-02 08:00:00+00:00,107164.0,107936.95,107163.9,107571.19,96287,2160,0
2025-07-02 12:00:00+00:00,107571.28,108870.3,107241.01,108819.5,93838,2160,0
2025-07-02 16:00:00+00:00,108819.5,109805.97,108727.27,109733.96,93760,2160,0
2025-07-02 20:00:00+00:00,109733.34,109744.83,108759.38,108886.07,87285,2160,0
2025-07-03 00:00:00+00:00,108885.82,109166.99,108568.24,108696.42,86343,2160,0
2025-07-03 04:00:00+00:00,108698.8,109619.19,108609.94,109330.28,91111,2160,0
2025-07-03 08:00:00+00:00,109330.27,110337.05,109330.06,109621.73,92209,2160,0
2025-07-03 12:00:00+00:00,109621.36,110587.61,108772.69,109180.02,97432,2160,0
2025-07-03 16:00:00+00:00,109179.7,109954.64,109046.62,109812.96,90709,2160,0
2025-07-03 20:00:00+00:00,109813.02,110058.74,109568.65,109615.64,82848,2160,0
2025-07-04 00:00:00+00:00,109615.24,109832.08,109137.69,109301.31,83332,2160,0
2025-07-04 04:00:00+00:00,109301.16,109391.34,108728.38,108739.19,87315,2160,0
2025-07-04 08:00:00+00:00,108739.19,109158.29,108559.85,108923.95,92582,2160,0
2025-07-04 12:00:00+00:00,108923.49,109008.88,107513.21,107617.68,92756,2160,0
2025-07-04 16:00:00+00:00,107617.42,107973.53,107280.98,107518.9,93524,2160,0
2025-07-04 20:00:00+00:00,107518.62,108337.31,107473.45,108047.38,93610,2160,0
2025-07-05 00:00:00+00:00,108047.24,108333.26,107795.63,108195.95,92104,2160,0
2025-07-05 04:00:00+00:00,108195.72,108475.96,108044.04,108122.06,91422,2160,0
2025-07-05 08:00:00+00:00,108121.97,108277.85,107923.98,108161.6,94760,2160,0
2025-07-05 12:00:00+00:00,108161.79,108300.37,108017.22,108128.79,96698,2160,0
2025-07-05 16:00:00+00:00,108128.47,108230.31,107912.75,108169.07,98061,2160,0
2025-07-05 20:00:00+00:00,108169.61,108288.76,108018.23,108266.45,92101,2160,0
2025-07-06 00:00:00+00:00,108267.12,108312.17,108059.69,108098.37,82715,2160,0
2025-07-06 04:00:00+00:00,108098.71,108261.96,107969.95,108096.71,96221,2160,0
2025-07-06 08:00:00+00:00,108096.31,108197.31,107841.0,108104.38,90728,2160,0
2025-07-06 12:00:00+00:00,108104.1,109187.73,108072.67,108947.66,90926,2160,0
2025-07-06 16:00:00+00:00,108947.34,109016.58,108306.84,108578.49,85569,2160,0
2025-07-06 20:00:00+00:00,108578.63,109761.89,108559.97,109232.19,85442,2160,0
2025-07-07 00:00:00+00:00,109233.43,109760.81,108685.85,109423.13,92484,2160,0
2025-07-07 04:00:00+00:00,109423.18,109486.6,108679.25,109097.66,97446,2160,0
2025-07-07 08:00:00+00:00,109098.93,109139.16,108582.2,108686.1,96690,2160,0
2025-07-07 12:00:00+00:00,108686.12,108690.32,107976.57,108355.49,92160,2160,0
2025-07-07 16:00:00+00:00,108355.49,108560.43,107502.24,108096.98,84576,2160,0
2025-07-07 20:00:00+00:00,108096.97,108346.18,107797.77,108284.76,95126,2160,0
2025-07-08 00:00:00+00:00,108284.67,108574.21,107461.13,107917.16,95142,2160,0
2025-07-08 04:00:00+00:00,107917.19,108526.76,107762.24,108512.88,96418,2160,0
2025-07-08 08:00:00+00:00,108511.71,109055.42,108259.73,108795.74,97430,2160,0
2025-07-08 12:00:00+00:00,108795.72,109273.45,108210.95,108287.53,96076,2160,0
2025-07-08 16:00:00+00:00,108287.58,109190.33,108093.45,108797.19,94158,2160,0
2025-07-08 20:00:00+00:00,108796.95,109004.96,108626.45,108953.89,95000,2160,0
2025-07-09 00:00:00+00:00,108950.54,109176.51,108347.83,108383.84,95438,2160,0
2025-07-09 04:00:00+00:00,108383.84,108968.54,108334.02,108765.06,95663,2160,0
2025-07-09 08:00:00+00:00,108765.2,109165.93,108582.96,109095.07,95298,2160,0
2025-07-09 12:00:00+00:00,109095.1,109807.22,108494.95,109088.65,92833,2160,0
2025-07-09 16:00:00+00:00,109088.59,112048.95,109034.19,111729.44,97022,2160,0
2025-07-09 20:00:00+00:00,111729.44,111944.43,110518.97,111234.27,92720,2160,0
2025-07-10 00:00:00+00:00,111236.46,111550.9,110852.75,111026.04,87547,2160,0
2025-07-10 04:00:00+00:00,111026.05,111429.51,110896.63,111204.62,88480,2160,0
2025-07-10 08:00:00+00:00,111204.36,111390.1,110834.99,111021.98,88003,2160,0
2025-07-10 12:00:00+00:00,111021.74,111422.59,110476.65,111395.36,94425,2160,0
2025-07-10 16:00:00+00:00,111395.86,113725.06,111313.1,113265.05,99188,2160,0
2025-07-10 20:00:00+00:00,113247.13,117477.86,113202.11,115924.97,104557,2160,0
2025-07-11 00:00:00+00:00,115924.7,116935.8,115125.35,116856.43,100927,2160,0
2025-07-11 04:00:00+00:00,116853.2,118437.36,116436.91,117526.07,103520,2160,0
2025-07-11 08:00:00+00:00,117526.76,118899.42,117524.75,117751.86,102124,2160,0
2025-07-11 12:00:00+00:00,117758.3,118218.77,116717.08,116905.68,100862,2160,0
2025-07-11 16:00:00+00:00,116905.44,118123.43,116585.96,118063.61,102412,2160,0
2025-07-11 20:00:00+00:00,118070.11,118080.43,117090.63,117484.44,103002,2160,0
2025-07-12 00:00:00+00:00,117484.55,117844.86,117051.42,117756.3,106391,2160,0
2025-07-12 04:00:00+00:00,117753.64,118059.66,117458.96,117710.4,105687,2160,0
2025-07-12 08:00:00+00:00,117710.56,118187.99,117589.73,117780.56,103666,2160,0
2025-07-12 12:00:00+00:00,117780.2,117822.82,116808.84,117035.21,102921,2160,0
2025-07-12 16:00:00+00:00,117033.85,117610.66,116957.5,117515.15,105780,2160,0
2025-07-12 20:00:00+00:00,117514.92,117517.61,116937.14,117381.8,112162,2160,0
2025-07-13 00:00:00+00:00,117381.05,117786.98,117147.47,117684.15,112466,2160,0
2025-07-13 04:00:00+00:00,117683.96,117991.15,117602.74,117911.57,112869,2160,0
2025-07-13 08:00:00+00:00,117911.67,118052.43,117609.84,118017.13,100565,2160,0
2025-07-13 12:00:00+00:00,118017.18,119526.72,117912.85,118617.83,96738,2160,0
2025-07-13 16:00:00+00:00,118617.63,119427.75,118308.99,118897.62,90826,2160,0
2025-07-13 20:00:00+00:00,118897.34,119305.36,118165.42,119024.27,88943,2160,0
2025-07-14 00:00:00+00:00,119023.6,121671.81,118824.36,120685.27,95298,2160,0
2025-07-14 04:00:00+00:00,120684.74,123254.18,120453.86,122718.34,101578,2283,0
2025-07-14 08:00:00+00:00,122718.34,122750.36,121248.05,121352.82,96776,2160,0
2025-07-14 12:00:00+00:00,121354.41,122064.58,119506.15,119781.68,94302,2160,0
2025-07-14 16:00:00+00:00,119781.56,120471.78,119117.11,119887.08,92407,2160,0
2025-07-14 20:00:00+00:00,119887.09,120430.98,119455.91,119828.69,82896,2160,0
2025-07-15 00:00:00+00:00,119828.37,119929.93,116745.53,117101.86,94919,2160,0
2025-07-15 04:00:00+00:00,117101.85,117706.6,116153.78,116699.51,93695,2160,0
2025-07-15 08:00:00+00:00,116699.26,117185.19,116215.01,117054.98,90365,2160,0
2025-07-15 12:00:00+00:00,117055.05,118410.94,115612.53,116309.01,104119,2160,0
2025-07-15 16:00:00+00:00,116308.96,117660.55,115943.2,116381.59,103211,2160,0
2025-07-15 20:00:00+00:00,116379.43,117941.38,116133.07,117715.07,106478,2160,0
2025-07-16 00:00:00+00:00,117714.98,118199.42,116974.58,117421.16,106906,2160,0
2025-07-16 04:00:00+00:00,117421.25,118310.98,117200.81,118181.23,109730,2160,0
2025-07-16 08:00:00+00:00,118181.43,119297.82,118104.27,118748.2,106782,2160,0
2025-07-16 12:00:00+00:00,118748.19,119794.46,118129.85,119113.23,101183,2160,0
2025-07-16 16:00:00+00:00,119113.58,119978.15,118488.97,119240.63,103638,2160,0
2025-07-16 20:00:00+00:00,119240.08,120126.41,118376.88,118602.28,106709,2160,0
2025-07-17 00:00:00+00:00,118601.96,119171.59,117662.47,118077.52,107610,2160,0
2025-07-17 04:00:00+00:00,118077.52,118807.95,117823.84,118313.12,108632,2160,0
2025-07-17 08:00:00+00:00,118313.12,119217.95,117942.7,117957.19,105923,2160,0
2025-07-17 12:00:00+00:00,117957.14,119111.98,117375.7,118887.3,98071,2160,0
2025-07-17 16:00:00+00:00,118890.66,119920.86,118308.05,118993.66,99232,2160,0
2025-07-17 20:00:00+00:00,118993.66,120978.2,118395.04,119226.11,99406,2160,0
2025-07-18 00:00:00+00:00,119226.11,120843.65,119042.94,120264.69,102535,2160,0
2025-07-18 04:00:00+00:00,120264.68,120879.12,119332.83,119399.81,102387,2160,0
2025-07-18 08:00:00+00:00,119399.78,119531.41,118390.09,119196.89,100618,2160,0
2025-07-18 12:00:00+00:00,119196.84,119570.69,117294.39,117867.54,97751,2160,0
2025-07-18 16:00:00+00:00,117868.6,118105.66,117129.7,117414.53,91908,2160,0
2025-07-18 20:00:00+00:00,117413.94,118075.86,116864.32,117976.36,91935,2160,0
2025-07-19 00:00:00+00:00,117976.1,118451.03,117687.7,118383.58,93691,2160,0
2025-07-19 04:00:00+00:00,118383.67,118436.45,118099.49,118227.55,91752,2160,0
2025-07-19 08:00:00+00:00,118227.36,118504.85,117976.29,118350.92,90316,2160,0
2025-07-19 12:00:00+00:00,118351.8,118357.76,117625.34,118057.67,94394,2160,0
2025-07-19 16:00:00+00:00,118055.89,118177.55,117594.47,118015.18,88344,2160,0
2025-07-19 20:00:00+00:00,118018.39,118168.81,117293.23,117856.27,86557,2160,0
2025-07-20 00:00:00+00:00,117854.91,118195.08,117647.08,117980.98,88726,2160,0
2025-07-20 04:00:00+00:00,117980.91,118244.64,117766.39,118026.72,88623,2160,0
2025-07-20 08:00:00+00:00,118026.72,118329.49,117812.16,117889.47,91999,2160,0
2025-07-20 12:00:00+00:00,117883.34,118812.67,117714.63,118682.47,89909,2160,0
2025-07-20 16:00:00+00:00,118681.95,118880.31,117904.69,118146.64,91995,2160,0
2025-07-20 20:00:00+00:00,118147.32,118233.17,116418.0,117271.98,91506,2160,0
2025-07-21 00:00:00+00:00,117271.98,118626.22,116508.66,118401.87,92496,2160,0
2025-07-21 04:00:00+00:00,118401.77,119708.2,118175.24,119393.3,93829,2160,0
2025-07-21 08:00:00+00:00,119393.04,119533.56,118042.28,118066.22,94616,2160,0
2025-07-21 12:00:00+00:00,118065.54,119254.79,117735.18,118348.51,97959,2160,0
2025-07-21 16:00:00+00:00,118348.82,118433.01,116681.01,116798.64,96785,2160,0
2025-07-21 20:00:00+00:00,116798.29,117667.42,116668.69,117394.12,97189,2160,0
2025-07-22 00:00:00+00:00,117394.03,117985.12,116045.86,117215.2,97651,2160,0
2025-07-22 04:00:00+00:00,117213.91,118604.26,116546.14,118002.51,99742,2160,0
2025-07-22 08:00:00+00:00,118003.96,119248.26,117453.41,119195.86,105270,2160,0
2025-07-22 12:00:00+00:00,119195.9,119643.75,117545.12,118950.9,109673,2160,0
2025-07-22 16:00:00+00:00,118950.87,120338.2,118394.94,119282.22,107916,2160,0
2025-07-22 20:00:00+00:00,119280.84,120275.37,119204.75,119984.61,109652,2160,0
2025-07-23 00:00:00+00:00,119984.48,120140.28,118513.26,118622.14,110818,2160,0
2025-07-23 04:00:00+00:00,118622.36,119021.2,118276.57,118369.29,112240,2160,0
2025-07-23 08:00:00+00:00,118368.06,118671.58,117823.58,118578.22,113138,2160,0
2025-07-23 12:00:00+00:00,118577.93,118805.38,117313.26,118645.46,102607,2160,0
2025-07-23 16:00:00+00:00,118646.61,118646.61,117342.39,118450.77,97232,2160,0
2025-07-23 20:00:00+00:00,118449.94,118832.55,117405.43,118819.21,111946,2160,0
2025-07-24 00:00:00+00:00,118819.19,119373.04,118530.26,118567.36,112327,2160,0
2025-07-24 04:00:00+00:00,118567.36,118646.55,117122.45,118457.95,92824,2160,0
2025-07-24 08:00:00+00:00,118457.96,118884.98,117952.5,118621.64,108283,2160,0
2025-07-24 12:00:00+00:00,118621.64,119543.85,117842.33,119144.9,106567,2160,0
2025-07-24 16:00:00+00:00,119145.23,119465.64,118354.66,118988.79,111258,2160,0
2025-07-24 20:00:00+00:00,118988.91,119050.66,118169.3,118355.75,105735,2160,0
2025-07-25 00:00:00+00:00,118357.65,118483.28,115349.0,115413.92,103683,2160,0
2025-07-25 04:00:00+00:00,115413.91,116170.62,114719.89,115332.82,103855,2160,0
2025-07-25 08:00:00+00:00,115338.37,116836.77,114993.79,116554.34,103797,2160,0
2025-07-25 12:00:00+00:00,116551.07,116684.65,114864.62,115746.76,102166,2160,0
2025-07-25 16:00:00+00:00,115747.48,117081.66,115488.92,116747.54,94807,2160,0
2025-07-25 20:00:00+00:00,116748.48,117694.34,116615.78,117645.58,92787,2160,0
2025-07-26 00:00:00+00:00,117645.58,117789.5,117158.22,117526.46,93484,2160,0
2025-07-26 04:00:00+00:00,117526.28,117593.58,117347.45,117365.74,96759,2160,0
2025-07-26 08:00:00+00:00,117365.94,118306.37,117358.31,117831.94,96199,2160,0
2025-07-26 12:00:00+00:00,117833.22,118309.7,117824.54,118184.4,93785,2160,0
2025-07-26 16:00:00+00:00,118187.31,118388.34,117986.91,118292.91,93103,2160,0
2025-07-26 20:00:00+00:00,118288.57,118338.87,117911.23,117946.0,90364,2160,0
2025-07-27 00:00:00+00:00,117957.21,118422.76,117849.38,118222.43,92007,2160,0
2025-07-27 04:00:00+00:00,118220.77,118500.9,118110.34,118154.51,90294,2160,0
2025-07-27 08:00:00+00:00,118154.31,118346.21,117859.6,118129.33,93979,2160,0
2025-07-27 12:00:00+00:00,118129.33,118663.39,117903.42,118643.42,90755,2160,0
2025-07-27 16:00:00+00:00,118642.73,119565.72,118642.73,118994.66,94065,2160,0
2025-07-27 20:00:00+00:00,118994.66,119812.32,118721.12,119469.46,91841,2160,0
2025-07-28 00:00:00+00:00,119468.01,119857.93,118994.1,119310.4,93922,2160,0
2025-07-28 04:00:00+00:00,119312.14,119729.55,118777.5,118905.96,94796,2160,0
2025-07-28 08:00:00+00:00,118903.49,119150.31,118503.02,118845.18,92451,2160,0
2025-07-28 12:00:00+00:00,118848.86,119143.76,117951.24,118214.44,100754,2160,0
2025-07-28 16:00:00+00:00,118214.41,118416.96,117408.23,118077.19,94454,2160,0
2025-07-28 20:00:00+00:00,118077.3,118399.42,117493.27,118116.35,91654,2160,0
2025-07-29 00:00:00+00:00,118117.02,118878.2,117480.67,118850.51,92815,2160,0
2025-07-29 04:00:00+00:00,118850.39,119358.29,118481.53,118951.09,93521,2160,0
2025-07-29 08:00:00+00:00,118957.24,119115.48,118181.75,118613.56,92117,2160,0
2025-07-29 12:00:00+00:00,118613.43,119122.77,117228.98,117379.96,93558,2160,0
2025-07-29 16:00:00+00:00,117379.96,118095.74,116925.37,117558.29,94652,2160,0
2025-07-29 20:00:00+00:00,117558.29,118044.38,117096.82,117982.39,88660,2160,0
2025-07-30 00:00:00+00:00,117980.99,118309.26,117457.67,118204.08,90009,2160,0
2025-07-30 04:00:00+00:00,118206.61,118474.27,117701.54,118168.7,90866,2160,0
2025-07-30 08:00:00+00:00,118168.29,118527.57,117368.4,117619.83,91503,2160,0
2025-07-30 12:00:00+00:00,117619.83,118876.2,117382.69,118043.1,91899,2160,0
2025-07-30 16:00:00+00:00,118043.1,118085.61,115794.28,116992.48,93469,2160,0
2025-07-30 20:00:00+00:00,116987.58,117976.72,116950.42,117871.33,89929,2160,0
2025-07-31 00:00:00+00:00,117871.58,118655.22,117816.34,118507.55,92015,2160,0
2025-07-31 04:00:00+00:00,118507.55,118991.62,118299.43,118702.17,92111,2160,0
2025-07-31 08:00:00+00:00,118702.26,118808.19,118296.12,118383.74,89629,2160,0
2025-07-31 12:00:00+00:00,118383.78,118714.39,117821.74,118314.28,93650,2160,0
2025-07-31 16:00:00+00:00,118315.34,118918.88,116760.24,116796.42,94857,2160,0
2025-07-31 20:00:00+00:00,116796.2,117005.16,115570.21,115852.98,92891,2160,0
2025-08-01 00:00:00+00:00,115855.05,116201.06,114397.02,115770.38,94770,2160,0
2025-08-01 04:00:00+00:00,115770.52,116056.61,114663.88,115096.58,92977,2160,0
2025-08-01 08:00:00+00:00,115096.58,115400.65,114114.25,115361.51,94461,2160,0
2025-08-01 12:00:00+00:00,115360.88,116115.67,113954.14,115415.81,101755,2160,0
2025-08-01 16:00:00+00:00,115416.08,115776.81,113155.31,113267.01,94512,2160,0
2025-08-01 20:00:00+00:00,113265.93,114066.58,112663.2,113264.38,94586,2160,0
2025-08-02 00:00:00+00:00,113264.62,113940.64,113154.59,113927.9,91774,2160,0
2025-08-02 04:00:00+00:00,113928.3,114075.5,113441.45,113981.37,100283,2160,0
2025-08-02 08:00:00+00:00,113981.13,114081.91,113403.5,113810.41,90528,2160,0
2025-08-02 12:00:00+00:00,113810.95,113822.66,112815.18,112857.12,91816,2160,0
2025-08-02 16:00:00+00:00,112857.03,113441.11,111954.9,112226.56,92632,2160,0
2025-08-02 20:00:00+00:00,112226.56,113092.99,112058.23,112567.49,87206,2160,0
2025-08-03 00:00:00+00:00,112566.61,113794.3,111909.33,113657.11,88634,2160,0
2025-08-03 04:00:00+00:00,113657.3,113790.27,113354.98,113770.79,85364,2160,0
2025-08-03 08:00:00+00:00,113771.74,114329.04,113590.52,113938.93,87886,2160,0
2025-08-03 12:00:00+00:00,113941.13,114193.79,113653.49,114016.26,90915,2160,0
2025-08-03 16:00:00+00:00,114015.65,114909.48,113835.15,114419.58,88769,2160,0
2025-08-03 20:00:00+00:00,114419.48,114722.41,114127.26,114291.41,84612,2160,0
2025-08-04 00:00:00+00:00,114290.88,115123.23,114180.45,114670.98,89934,2160,0
2025-08-04 04:00:00+00:00,114671.5,114866.99,114174.92,114730.68,92153,2160,0
2025-08-04 08:00:00+00:00,114730.98,114857.09,114261.29,114546.18,89557,2160,0
2025-08-04 12:00:00+00:00,114546.18,115576.44,114155.59,114894.51,95561,2160,0
2025-08-04 16:00:00+00:00,114894.77,115828.57,114756.65,114809.37,91729,2160,0
2025-08-04 20:00:00+00:00,114809.51,115438.11,114640.52,115126.41,87904,2160,0
2025-08-05 00:00:00+00:00,115126.36,115181.66,114254.12,114254.66,86961,2160,0
2025-08-05 04:00:00+00:00,114255.01,114524.74,113688.43,113967.91,89280,2160,0
2025-08-05 08:00:00+00:00,113967.89,115138.85,113911.31,114846.36,90308,2160,0
2025-08-05 12:00:00+00:00,114846.6,114935.16,112599.95,112887.62,96650,2160,0
2025-08-05 16:00:00+00:00,112886.88,113763.56,112766.25,113613.12,92578,2160,0
2025-08-05 20:00:00+00:00,113613.12,114251.26,113274.93,114141.37,88388,2160,0
2025-08-06 00:00:00+00:00,114141.64,114162.31,113382.53,113503.88,88874,2160,0
2025-08-06 04:00:00+00:00,113503.61,114427.46,113320.41,114280.34,89764,2160,0
2025-08-06 08:00:00+00:00,114280.34,114486.87,113745.56,114301.55,88936,2160,0
2025-08-06 12:00:00+00:00,114300.38,115644.79,113585.72,115506.03,93707,2160,0
2025-08-06 16:00:00+00:00,115506.04,115831.88,115038.87,115376.82,94518,2160,0
2025-08-06 20:00:00+00:00,115376.62,115400.48,114885.82,115112.61,87090,2160,0
2025-08-07 00:00:00+00:00,115112.13,115310.3,114462.02,114633.57,89351,2160,0
2025-08-07 04:00:00+00:00,114633.6,114986.25,114325.97,114894.54,91420,2160,0
2025-08-07 08:00:00+00:00,114894.54,116880.27,114876.97,116566.42,95124,2160,0
2025-08-07 12:00:00+00:00,116564.73,116858.42,116052.98,116732.19,94977,2160,0
2025-08-07 16:00:00+00:00,116732.02,117627.59,115645.05,117544.39,92095,2160,0
2025-08-07 20:00:00+00:00,117544.39,117710.53,117076.09,117531.33,90195,2160,0
2025-08-08 00:00:00+00:00,117531.46,117683.18,116666.88,116728.16,93781,2160,0
2025-08-08 04:00:00+00:00,116728.07,116998.66,116361.18,116874.38,92952,2160,0
2025-08-08 08:00:00+00:00,116874.29,116990.24,116322.05,116937.62,90862,2160,0
2025-08-08 12:00:00+00:00,116936.9,117310.46,115872.04,116194.17,93354,2160,0
2025-08-08 16:00:00+00:00,116194.17,116940.0,115972.22,116445.45,93061,2160,0
2025-08-08 20:00:00+00:00,116445.45,117002.01,116296.91,116672.4,89080,2160,0
2025-08-09 00:00:00+00:00,116672.39,116740.51,116317.92,116369.91,88359,2160,0
2025-08-09 04:00:00+00:00,116370.79,116991.14,116335.33,116729.25,89873,2160,0
2025-08-09 08:00:00+00:00,116729.28,117941.43,116717.38,117094.17,91894,2160,0
2025-08-09 12:00:00+00:00,117093.77,117226.79,116653.78,116859.84,90610,2160,0
2025-08-09 16:00:00+00:00,116854.36,116920.2,116484.35,116535.83,90075,2160,0
2025-08-09 20:00:00+00:00,116536.06,117025.92,116358.87,116431.39,88647,2160,0
2025-08-10 00:00:00+00:00,116431.47,118521.54,116410.74,118513.43,95452,2160,0
2025-08-10 04:00:00+00:00,118509.38,118763.08,117448.58,117788.64,94399,2160,0
2025-08-10 08:00:00+00:00,117789.2,118514.16,117583.71,118324.58,92550,2160,0
2025-08-10 12:00:00+00:00,118326.41,119152.47,118215.15,118818.73,95304,2160,0
2025-08-10 16:00:00+00:00,118819.68,118972.01,118441.11,118668.6,94108,2160,0
2025-08-10 20:00:00+00:00,118669.0,119357.27,118077.23,119294.9,86473,2160,0
2025-08-11 00:00:00+00:00,119295.37,122233.21,118981.53,121725.29,94472,2160,0
2025-08-11 04:00:00+00:00,121722.66,122343.46,121433.52,121515.32,96659,2160,0
2025-08-11 08:00:00+00:00,121515.1,121792.41,120203.3,120488.62,95995,2160,0
2025-08-11 12:00:00+00:00,120488.61,120607.48,119322.4,120311.94,97827,2160,0
2025-08-11 16:00:00+00:00,120312.02,120821.5,118542.08,119076.79,93911,2160,0
2025-08-11 20:00:00+00:00,119076.79,119225.93,118134.18,118720.65,91654,2160,0
2025-08-12 00:00:00+00:00,118720.34,119357.44,118620.29,118894.25,91302,2160,0
2025-08-12 04:00:00+00:00,118894.26,119211.5,118418.35,119028.01,90702,2160,0
2025-08-12 08:00:00+00:00,119027.99,119090.35,118166.78,118485.05,91161,2160,0
2025-08-12 12:00:00+00:00,118484.33,119978.02,118251.91,119930.38,90966,2160,0
2025-08-12 16:00:00+00:00,119930.37,120204.7,119181.37,119646.8,65271,2160,0
2025-08-12 20:00:00+00:00,119648.42,120319.21,119481.81,120118.39,62610,2160,0
2025-08-13 00:00:00+00:00,120118.39,120170.36,119053.61,119461.58,59931,2160,0
2025-08-13 04:00:00+00:00,119461.65,119832.08,118902.99,119576.68,54010,2160,0
2025-08-13 08:00:00+00:00,119576.68,120724.81,119441.94,120554.01,59091,2160,0
2025-08-13 12:00:00+00:00,120554.01,122232.6,120092.78,120937.33,77347,2160,0
2025-08-13 16:00:00+00:00,120937.33,122895.17,120931.99,122785.29,69651,2160,0
2025-08-13 20:00:00+00:00,122785.96,123749.62,122358.97,123353.79,66388,2160,0
2025-08-14 00:00:00+00:00,123354.37,124560.48,123291.71,123393.19,70591,2160,0
2025-08-14 04:00:00+00:00,123393.62,123474.59,121332.35,121764.31,70494,2160,0
2025-08-14 08:00:00+00:00,121764.35,122081.85,120728.0,121016.0,64894,2160,0
2025-08-14 12:00:00+00:00,121015.47,121208.04,117522.94,118281.93,94807,2160,0
2025-08-14 16:00:00+00:00,118281.8,118603.5,117184.64,118015.61,73910,2160,0
2025-08-14 20:00:00+00:00,118011.79,118609.68,117373.77,118371.06,60608,2160,0
2025-08-15 00:00:00+00:00,118371.02,119197.63,118103.92,119069.5,62345,2160,0
2025-08-15 04:00:00+00:00,119069.5,119313.38,118715.71,119033.63,62723,2160,0
2025-08-15 08:00:00+00:00,119033.18,119240.47,118667.78,119061.81,59786,2160,0
2025-08-15 12:00:00+00:00,119064.06,119201.85,116846.19,117315.82,80944,2160,0
2025-08-15 16:00:00+00:00,117315.68,117941.08,116832.15,116985.02,71483,2160,0
2025-08-15 20:00:00+00:00,116985.21,117834.57,116916.17,117404.77,56676,2160,0
2025-08-16 00:00:00+00:00,117404.49,117980.14,117292.33,117513.83,53325,2160,0
2025-08-16 04:00:00+00:00,117513.62,117981.03,117362.14,117676.96,51346,2160,0
2025-08-16 08:00:00+00:00,117676.96,117777.75,117201.43,117446.64,48779,2160,0
2025-08-16 12:00:00+00:00,117448.8,117898.54,117378.47,117751.48,50676,2160,0
2025-08-16 16:00:00+00:00,117751.17,117885.98,117693.08,117736.44,46763,2160,0
2025-08-16 20:00:00+00:00,117736.43,117780.26,117246.71,117447.16,44177,2160,0
2025-08-17 00:00:00+00:00,117445.71,117829.2,117237.82,117749.04,44245,2160,0
2025-08-17 04:00:00+00:00,117748.79,118308.02,117739.65,118074.65,42602,2160,0
2025-08-17 08:00:00+00:00,118074.16,118560.46,117987.65,118362.38,44751,2160,0
2025-08-17 12:00:00+00:00,118359.93,118631.58,118112.59,118285.5,45341,2160,0
2025-08-17 16:00:00+00:00,118286.66,118364.4,117352.03,117640.19,52305,2160,0
2025-08-17 20:00:00+00:00,117641.82,118066.45,117431.1,117475.48,50726,2160,0
2025-08-18 00:00:00+00:00,117474.83,117613.67,115047.63,115378.09,67792,2160,0
2025-08-18 04:00:00+00:00,115378.09,115799.84,114928.83,115274.48,64598,2160,0
2025-08-18 08:00:00+00:00,115274.24,115456.73,114681.0,115000.26,59909,2160,0
2025-08-18 12:00:00+00:00,114999.18,116239.96,114863.28,116186.55,68675,2160,0
2025-08-18 16:00:00+00:00,116187.12,116870.41,115877.0,116360.47,63900,2160,0
2025-08-18 20:00:00+00:00,116360.29,117038.33,116034.34,116286.49,55820,2160,0
2025-08-19 00:00:00+00:00,116286.23,116773.71,114836.29,114857.42,67984,2160,0
2025-08-19 04:00:00+00:00,114857.43,115518.26,114406.95,115014.02,62919,2160,0
2025-08-19 08:00:00+00:00,115014.52,115701.42,114823.91,115539.19,56987,2160,0
2025-08-19 12:00:00+00:00,115539.26,115919.86,113548.12,113793.86,71680,2160,0
2025-08-19 16:00:00+00:00,113793.86,113896.94,112728.74,113103.45,70335,2160,0
2025-08-19 20:00:00+00:00,113103.63,113570.48,112691.31,112856.15,62220,2160,0
2025-08-20 00:00:00+00:00,112854.16,113643.08,112546.41,113509.09,64230,2160,0
2025-08-20 04:00:00+00:00,113508.94,113850.49,113405.44,113490.38,57356,2160,0
2025-08-20 08:00:00+00:00,113490.46,114030.22,113034.1,113649.5,59720,2160,0
2025-08-20 12:00:00+00:00,113650.72,114326.2,112343.17,113348.69,81855,2160,0
2025-08-20 16:00:00+00:00,113350.2,114471.29,113243.82,114258.75,78272,2160,0
2025-08-20 20:00:00+00:00,114258.75,114632.08,113984.69,114271.66,62644,2160,0
2025-08-21 00:00:00+00:00,114271.67,114819.5,113881.51,113953.58,62134,2160,0
2025-08-21 04:00:00+00:00,113953.77,114029.12,113553.29,113875.9,58489,2160,0
2025-08-21 08:00:00+00:00,113875.73,113989.8,112939.2,113114.48,57888,2160,0
2025-08-21 12:00:00+00:00,113113.0,113970.03,112577.83,112772.85,77157,2160,0
2025-08-21 16:00:00+00:00,112772.92,112951.74,111950.85,112144.97,69768,2160,0
2025-08-21 20:00:00+00:00,112145.17,112832.94,112010.7,112471.25,59561,2160,0
2025-08-22 00:00:00+00:00,112470.23,113490.29,112283.75,112889.16,61444,2160,0
2025-08-22 04:00:00+00:00,112889.08,113351.95,112652.84,113053.49,57888,2160,0
2025-08-22 08:00:00+00:00,113053.39,113274.25,112134.02,112279.66,59774,2160,0
2025-08-22 12:00:00+00:00,112279.57,117307.4,111642.37,116368.71,94875,2160,0
2025-08-22 16:00:00+00:00,116371.13,117429.4,116088.85,116657.07,76716,2160,0
2025-08-22 20:00:00+00:00,116657.15,117178.25,116526.36,116893.96,63547,2160,0
2025-08-23 00:00:00+00:00,116894.28,116995.23,115397.95,115516.57,67399,2160,0
2025-08-23 04:00:00+00:00,115516.59,115987.41,115486.17,115751.93,62168,2160,0
2025-08-23 08:00:00+00:00,115752.28,115833.01,115174.27,115258.34,48515,2160,0
2025-08-23 12:00:00+00:00,115258.34,115437.62,114508.96,114781.5,61504,2160,0
2025-08-23 16:00:00+00:00,114781.35,115161.05,114636.39,115090.77,57834,2160,0
2025-08-23 20:00:00+00:00,115090.72,115385.4,114953.83,115375.24,60588,2160,0
2025-08-24 00:00:00+00:00,115375.26,115628.05,114885.7,114977.07,64322,2160,0
2025-08-24 04:00:00+00:00,114977.85,115244.9,114793.77,114842.11,60464,2160,0
2025-08-24 08:00:00+00:00,114842.99,115008.83,114546.01,114689.72,59401,2160,0
2025-08-24 12:00:00+00:00,114689.56,114836.19,114315.28,114370.8,66473,2160,0
2025-08-24 16:00:00+00:00,114370.67,114884.82,110532.66,112570.0,85695,2160,0
2025-08-24 20:00:00+00:00,112570.15,113685.25,111587.66,113474.81,84313,2160,0
2025-08-25 00:00:00+00:00,113475.0,113643.47,112113.76,112885.2,80013,2160,0
2025-08-25 04:00:00+00:00,112884.57,113037.18,111250.89,111483.02,79394,2160,0
2025-08-25 08:00:00+00:00,111481.96,111813.67,110878.28,111189.7,83227,2160,0
2025-08-25 12:00:00+00:00,111188.64,112574.47,110532.66,112186.33,91133,2160,0
2025-08-25 16:00:00+00:00,112186.33,112936.92,110630.45,110695.21,86975,2160,0
2025-08-25 20:00:00+00:00,110695.21,111084.89,109258.17,110127.37,96072,2160,0
2025-08-26 00:00:00+00:00,110127.87,110127.87,108674.52,109882.96,90823,2160,0
2025-08-26 04:00:00+00:00,109883.37,110565.5,109759.27,110298.24,80078,2160,0
2025-08-26 08:00:00+00:00,110298.23,110455.5,109555.98,109870.61,73173,2160,0
2025-08-26 12:00:00+00:00,109867.35,110814.77,109377.15,109655.68,91481,2160,0
2025-08-26 16:00:00+00:00,109656.76,111181.56,109426.01,111111.42,83858,2160,0
2025-08-26 20:00:00+00:00,111111.42,112401.58,110912.18,111785.46,77320,2160,0
2025-08-27 00:00:00+00:00,111785.47,111831.3,110919.99,111433.46,77476,2160,0
2025-08-27 04:00:00+00:00,111432.39,111746.61,110618.36,110730.76,73943,2160,0
2025-08-27 08:00:00+00:00,110730.73,111400.33,110348.13,111326.79,74514,2160,0
2025-08-27 12:00:00+00:00,111324.3,112649.99,111008.88,112022.23,90497,2160,0
2025-08-27 16:00:00+00:00,112021.72,112625.17,111547.32,112077.08,88210,2160,0
2025-08-27 20:00:00+00:00,112076.86,112456.05,110902.17,111244.67,86488,2160,0
2025-08-28 00:00:00+00:00,111244.63,112059.54,110849.75,112006.74,81385,2160,0
2025-08-28 04:00:00+00:00,112006.91,113373.65,111941.78,113126.39,76856,2160,0
2025-08-28 08:00:00+00:00,113126.25,113353.24,112816.26,112924.53,71002,2160,0
2025-08-28 12:00:00+00:00,112924.69,113489.27,112385.13,112676.67,87449,2160,0
2025-08-28 16:00:00+00:00,112676.9,113206.74,111881.59,111900.47,82665,2160,0
2025-08-28 20:00:00+00:00,111901.76,112580.98,111850.21,112568.77,74133,2160,0
2025-08-29 00:00:00+00:00,112568.65,112641.59,111295.53,111717.6,80903,2160,0
2025-08-29 04:00:00+00:00,111717.69,111869.54,109890.66,110012.97,78760,1121,0
2025-08-29 08:00:00+00:00,110014.44,110290.41,109401.6,110098.81,83923,2160,0
2025-08-29 12:00:00+00:00,110098.81,111541.47,108072.37,108393.66,101007,2160,0
2025-08-29 16:00:00+00:00,108393.62,108849.83,107907.56,108207.14,90550,2160,0
2025-08-29 20:00:00+00:00,108204.03,108556.96,107452.91,108380.14,79706,2160,0
2025-08-30 00:00:00+00:00,108380.2,108442.28,107327.15,108423.42,82378,2160,0
2025-08-30 04:00:00+00:00,108423.83,108673.43,108095.21,108512.47,74928,2160,0
2025-08-30 08:00:00+00:00,108512.35,108787.03,108392.21,108677.29,65666,2160,0
2025-08-30 12:00:00+00:00,108677.29,108933.54,108194.89,108863.37,73612,2160,0
2025-08-30 16:00:00+00:00,108863.42,108915.2,108614.26,108836.1,69463,2160,0
2025-08-30 20:00:00+00:00,108836.93,108847.94,108465.8,108812.76,68116,2160,0
2025-08-31 00:00:00+00:00,108812.82,109501.38,108799.66,109227.59,72484,2160,0
2025-08-31 04:00:00+00:00,109227.66,109245.67,108498.79,108718.77,64809,2160,0
2025-08-31 08:00:00+00:00,108718.9,109117.05,108300.8,108391.24,66611,2160,0
2025-08-31 12:00:00+00:00,108391.25,108851.76,108189.08,108793.78,71162,2160,0
2025-08-31 16:00:00+00:00,108793.7,109253.29,108541.87,108922.85,70913,2160,0
2025-08-31 20:00:00+00:00,108922.03,109240.17,108059.62,108255.07,68841,2160,0
2025-09-01 00:00:00+00:00,108255.1,108489.55,107384.62,107648.44,84927,2160,0
2025-09-01 04:00:00+00:00,107652.01,109441.66,107247.18,109433.14,81059,2160,0
2025-09-01 08:00:00+00:00,109431.94,109912.82,108161.51,108771.67,85195,2160,0
2025-09-01 12:00:00+00:00,108768.46,109528.4,108563.72,108780.65,89152,2160,0
2025-09-01 16:00:00+00:00,108780.71,109332.64,108392.29,109206.28,81658,2160,0
2025-09-01 20:00:00+00:00,109206.33,109445.96,107446.22,109226.45,83603,2160,0
2025-09-02 00:00:00+00:00,109226.39,110636.58,108876.1,110323.33,83203,2160,0
2025-09-02 04:00:00+00:00,110323.07,110629.98,109980.86,110239.95,74968,2160,0
2025-09-02 08:00:00+00:00,110239.99,110720.85,109564.86,109752.41,72718,2160,0
2025-09-02 12:00:00+00:00,109752.58,111798.18,108388.54,110853.29,101007,2160,0
2025-09-02 16:00:00+00:00,110846.84,111142.14,110168.94,110800.15,92483,2160,0
2025-09-02 20:00:00+00:00,110800.04,111557.91,110699.3,111235.42,76507,2160,0
2025-09-03 00:00:00+00:00,111233.83,111794.6,110881.13,111046.45,81678,2160,0
2025-09-03 04:00:00+00:00,111043.85,111168.16,110530.01,111095.75,71541,2160,0
2025-09-03 08:00:00+00:00,111095.37,111727.93,110887.88,111461.23,73412,2160,0
2025-09-03 12:00:00+00:00,111461.23,112526.53,111033.52,112239.22,92391,2160,0
2025-09-03 16:00:00+00:00,112239.4,112617.65,111684.95,112234.18,82238,2160,0
2025-09-03 20:00:00+00:00,112234.71,112301.92,111642.6,111752.62,70127,2160,0
2025-09-04 00:00:00+00:00,111752.61,112224.95,111160.22,111195.8,75612,2160,0
2025-09-04 04:00:00+00:00,111194.74,111363.96,110310.33,110483.66,72459,2160,0
2025-09-04 08:00:00+00:00,110483.77,111185.62,110432.56,110848.35,67580,2160,0
2025-09-04 12:00:00+00:00,110848.35,111149.41,109317.16,109493.55,88492,2160,0
2025-09-04 16:00:00+00:00,109486.92,110202.01,109343.33,109809.84,84171,2160,0
2025-09-04 20:00:00+00:00,109809.87,111763.54,109748.16,110720.81,72431,2160,0
2025-09-05 00:00:00+00:00,110720.81,111489.2,110429.91,111317.31,76176,2160,0
2025-09-05 04:00:00+00:00,111317.32,113004.64,111132.88,112948.63,75009,2160,0
2025-09-05 08:00:00+00:00,112948.41,113004.13,112123.18,112347.61,72180,2160,0
2025-09-05 12:00:00+00:00,112347.95,113400.7,110265.53,110717.28,104227,2160,0
2025-09-05 16:00:00+00:00,110716.8,111642.16,110192.36,111618.87,88054,2160,0
2025-09-05 20:00:00+00:00,111622.07,111716.63,110373.92,110673.13,73330,2160,0
2025-09-06 00:00:00+00:00,110673.46,111316.31,110549.49,111087.58,67824,2160,0
2025-09-06 04:00:00+00:00,111087.86,111088.08,110695.96,110839.04,50237,2160,0
2025-09-06 08:00:00+00:00,110838.5,110975.67,110664.49,110784.74,53830,2160,0
2025-09-06 12:00:00+00:00,110785.74,111019.73,110350.35,110401.65,61987,2160,0
2025-09-06 16:00:00+00:00,110401.55,110436.54,109948.43,110055.85,72228,2160,0
2025-09-06 20:00:00+00:00,110056.12,110311.66,110040.83,110217.06,60007,2160,0
2025-09-07 00:00:00+00:00,110216.82,110763.8,110195.05,110641.91,61319,2160,0
2025-09-07 04:00:00+00:00,110641.36,110934.59,110467.78,110770.43,55630,2160,0
2025-09-07 08:00:00+00:00,110771.55,111390.84,110713.25,111304.85,58176,2160,0
2025-09-07 12:00:00+00:00,111303.74,111421.03,111037.9,111319.08,60994,2160,0
2025-09-07 16:00:00+00:00,111319.87,111377.67,110857.2,111253.35,63380,1800,0
2025-09-07 20:00:00+00:00,111253.39,111615.55,110983.21,111124.13,66044,1800,0
2025-09-08 00:00:00+00:00,111123.0,111370.14,110593.79,111042.46,75989,1800,0
2025-09-08 04:00:00+00:00,111042.56,111612.03,110888.95,111278.1,65397,1800,0
2025-09-08 08:00:00+00:00,111278.1,112180.69,111232.18,112039.97,74728,1800,0
2025-09-08 12:00:00+00:00,112040.23,112940.35,111858.49,112639.51,84713,1800,0
2025-09-08 16:00:00+00:00,112639.6,112701.94,111982.92,112099.68,80953,1800,0
2025-09-08 20:00:00+00:00,112104.57,112528.04,111896.37,112076.7,68621,1800,0
2025-09-09 00:00:00+00:00,112076.63,112119.96,111095.38,111708.01,75008,1800,0
2025-09-09 04:00:00+00:00,111708.02,113283.9,111621.32,112985.9,74903,1800,0
2025-09-09 08:00:00+00:00,112989.3,113171.82,112391.07,112450.66,65281,1800,0
2025-09-09 12:00:00+00:00,112452.6,112967.97,110750.54,110879.49,88964,1800,0
2025-09-09 16:00:00+00:00,110879.51,111397.43,110774.95,111286.85,78426,1800,0
2025-09-09 20:00:00+00:00,111286.85,111736.11,111081.25,111539.41,69338,1800,0
2025-09-10 00:00:00+00:00,111539.41,111590.5,110907.35,111543.94,73617,1800,0
2025-09-10 04:00:00+00:00,111542.88,112586.41,111359.73,112539.04,70376,1800,0
2025-09-10 08:00:00+00:00,112535.94,112855.55,112096.52,112297.9,68891,1800,0
2025-09-10 12:00:00+00:00,112297.63,114349.91,112295.35,113883.5,92972,1800,0
2025-09-10 16:00:00+00:00,113883.5,114118.99,113171.25,113599.73,82728,1800,0
2025-09-10 20:00:00+00:00,113599.73,114075.91,113540.5,113972.14,69873,1800,0
2025-09-11 00:00:00+00:00,113972.55,114480.77,113685.27,114419.16,72047,1800,0
2025-09-11 04:00:00+00:00,114420.07,114501.81,113971.94,114108.56,71205,1800,0
2025-09-11 08:00:00+00:00,114108.61,114235.26,113785.2,114045.84,67156,1800,0
2025-09-11 12:00:00+00:00,114045.47,114763.97,113429.28,114195.0,95483,1800,0
2025-09-11 16:00:00+00:00,114194.79,114661.27,114109.57,114471.48,78530,1800,0
2025-09-11 20:00:00+00:00,114471.48,115545.5,114278.21,115523.25,69697,1800,0
2025-09-12 00:00:00+00:00,115523.24,116371.72,115082.46,115238.93,81916,1800,0
2025-09-12 04:00:00+00:00,115240.03,115718.8,115111.5,115143.57,72706,1800,0
2025-09-12 08:00:00+00:00,115143.02,115317.68,114903.58,114954.43,69135,1800,0
2025-09-12 12:00:00+00:00,114954.25,115522.66,114766.98,115164.39,83145,1800,0
2025-09-12 16:00:00+00:00,115164.39,116803.22,115071.85,116772.98,87428,1800,0
2025-09-12 20:00:00+00:00,116773.09,116773.09,115839.11,116112.95,77136,1800,0
2025-09-13 00:00:00+00:00,116113.02,116372.21,115641.21,116014.71,75826,1800,0
2025-09-13 04:00:00+00:00,116015.24,116022.43,115716.48,115842.51,62258,1800,0
2025-09-13 08:00:00+00:00,115842.3,116256.44,115830.25,116035.15,61940,1800,0
2025-09-13 12:00:00+00:00,116036.87,116137.7,115657.18,115828.17,71242,1800,0
2025-09-13 16:00:00+00:00,115828.02,115895.46,115167.74,115847.13,74625,1800,0
2025-09-13 20:00:00+00:00,115847.25,116050.76,115838.14,115967.33,63319,1800,0
2025-09-14 00:00:00+00:00,115967.52,116175.13,115682.98,115737.59,70697,1800,0
2025-09-14 04:00:00+00:00,115737.99,116007.47,115515.32,115855.37,61540,1800,0
2025-09-14 08:00:00+00:00,115855.67,116219.3,115798.29,115860.71,58596,1800,0
2025-09-14 12:00:00+00:00,115860.66,115940.98,115209.75,115270.79,74542,1800,0
2025-09-14 16:00:00+00:00,115271.02,115719.33,115234.05,115698.55,65234,1800,0
2025-09-14 20:00:00+00:00,115698.97,116142.85,115165.72,115315.7,67632,1800,0
2025-09-15 00:00:00+00:00,115316.68,115624.77,114865.28,115468.83,74094,1800,0
2025-09-15 04:00:00+00:00,115468.99,116809.48,115420.67,115859.32,78467,1800,0
2025-09-15 08:00:00+00:00,115858.95,115862.54,114665.65,115092.14,79698,1800,0
2025-09-15 12:00:00+00:00,115092.43,115124.67,114404.31,114869.22,86652,1800,0
2025-09-15 16:00:00+00:00,114866.56,115585.69,114607.18,115319.37,82919,1800,0
2025-09-15 20:00:00+00:00,115319.95,115643.17,115217.55,115385.39,72518,1800,0
2025-09-16 00:00:00+00:00,115385.71,115561.74,114961.59,115335.32,73930,1800,0
2025-09-16 04:00:00+00:00,115335.39,116040.79,114946.35,115869.36,73690,1800,0
2025-09-16 08:00:00+00:00,115866.99,116011.5,115215.67,115291.93,71567,1800,0
2025-09-16 12:00:00+00:00,115292.17,115942.44,114717.55,115936.61,83647,1800,0
2025-09-16 16:00:00+00:00,115936.08,116919.47,115616.52,116854.31,83907,1800,0
2025-09-16 20:00:00+00:00,116851.26,117009.28,116625.28,116824.78,68662,1800,0
2025-09-17 00:00:00+00:00,116824.55,117159.62,116407.33,116414.91,72056,1800,0
2025-09-17 04:00:00+00:00,116414.88,117342.37,116195.83,117209.8,72243,1800,0
2025-09-17 08:00:00+00:00,117209.66,117247.77,116267.78,116282.54,67389,1800,0
2025-09-17 12:00:00+00:00,116282.53,116554.4,115478.45,115902.7,80438,1800,0
2025-09-17 16:00:00+00:00,115902.69,116394.88,114727.71,115695.78,96528,1800,0
2025-09-17 20:00:00+00:00,115691.42,117036.88,115351.44,116481.96,76551,1800,0
2025-09-18 00:00:00+00:00,116481.88,117956.42,116105.12,117625.82,80287,1800,0
2025-09-18 04:00:00+00:00,117625.82,117800.01,116907.14,117109.23,72382,1800,0
2025-09-18 08:00:00+00:00,117109.0,117456.33,117027.7,117100.25,70390,1800,0
2025-09-18 12:00:00+00:00,117100.75,117904.42,117001.97,117630.98,85885,1800,0
2025-09-18 16:00:00+00:00,117631.96,117993.49,117228.86,117502.25,81947,1800,0
2025-09-18 20:00:00+00:00,117502.59,117713.44,116606.68,117113.87,70349,1800,0
2025-09-19 00:00:00+00:00,117113.42,117515.79,116904.56,117024.68,74702,1800,0
2025-09-19 04:00:00+00:00,117023.32,117169.44,116676.53,116954.71,72088,1800,0
2025-09-19 08:00:00+00:00,116954.43,117156.97,116345.1,116437.02,71920,1800,0
2025-09-19 12:00:00+00:00,116436.57,116578.53,115484.76,115930.35,91539,1800,0
2025-09-19 16:00:00+00:00,115931.04,116193.62,115137.12,115174.02,83680,1800,0
2025-09-19 20:00:00+00:00,115174.03,115722.41,115131.95,115685.34,69772,1800,0
2025-09-20 00:00:00+00:00,115687.32,115794.86,115464.88,115509.57,62360,1800,0
2025-09-20 04:00:00+00:00,115509.05,116053.39,115461.52,116017.43,55209,1800,0
2025-09-20 08:00:00+00:00,116017.41,116031.92,115710.61,115940.92,54394,1800,0
2025-09-20 12:00:00+00:00,115941.01,116193.34,115856.66,116052.9,60615,1800,0
2025-09-20 16:00:00+00:00,116052.76,116156.95,115758.23,115763.22,61542,1800,0
2025-09-20 20:00:00+00:00,115763.99,116017.66,115670.7,115740.39,55895,1800,0
2025-09-21 00:00:00+00:00,115740.0,115799.65,115496.35,115723.75,56199,1800,0
2025-09-21 04:00:00+00:00,115727.65,115896.37,115543.73,115888.26,53811,1800,0
2025-09-21 08:00:00+00:00,115892.71,115900.46,115385.77,115669.69,57353,1800,0
2025-09-21 12:00:00+00:00,115668.94,115818.65,115520.59,115590.84,59962,1800,0
2025-09-21 16:00:00+00:00,115590.87,115728.77,115262.94,115553.83,64212,1800,0
2025-09-21 20:00:00+00:00,115553.81,115620.87,115237.7,115286.65,63494,1800,0
2025-09-22 00:00:00+00:00,115286.65,115446.78,114188.25,114714.05,82713,1800,0
2025-09-22 04:00:00+00:00,114712.05,114725.75,111666.53,112583.02,84025,1800,0
2025-09-22 08:00:00+00:00,112594.8,113051.89,112247.62,112955.91,78282,1800,0
2025-09-22 12:00:00+00:00,112955.87,113541.2,112448.19,112901.29,88028,1800,0
2025-09-22 16:00:00+00:00,112901.39,112973.14,111980.94,112190.72,83639,1800,0
2025-09-22 20:00:00+00:00,112190.92,113049.13,112031.58,112735.02,73802,1800,0
2025-09-23 00:00:00+00:00,112734.31,112940.54,111548.21,112417.36,80361,1800,0
2025-09-23 04:00:00+00:00,112418.37,113196.44,111935.9,113153.86,76142,1800,0
2025-09-23 08:00:00+00:00,113153.8,113348.3,112730.4,113059.43,70492,1800,0
2025-09-23 12:00:00+00:00,113059.56,113373.21,112529.29,112928.85,83625,1800,0
2025-09-23 16:00:00+00:00,112928.89,113022.39,111550.43,111675.08,89038,1800,0
2025-09-23 20:00:00+00:00,111675.09,112263.35,111488.01,112026.48,73960,1800,0
2025-09-24 00:00:00+00:00,112026.72,112540.63,111702.95,111724.43,80229,1800,0
2025-09-24 04:00:00+00:00,111724.88,112813.11,111060.04,112625.13,73337,1800,0
2025-09-24 08:00:00+00:00,112623.99,113189.99,112424.58,113045.51,64645,1800,0
2025-09-24 12:00:00+00:00,113045.37,113948.95,112835.02,113405.3,80907,1800,0
2025-09-24 16:00:00+00:00,113404.27,114004.01,113194.44,113471.64,80051,1800,0
2025-09-24 20:00:00+00:00,113470.55,113695.68,113227.34,113350.68,70037,1800,0
2025-09-25 00:00:00+00:00,113351.06,113566.28,112227.81,112543.59,85586,1800,0
2025-09-25 04:00:00+00:00,112536.49,112639.63,111453.29,111774.29,83525,1800,0
2025-09-25 08:00:00+00:00,111773.86,112287.63,111293.76,111376.42,77368,1800,0
2025-09-25 12:00:00+00:00,111376.11,111772.31,110625.68,111637.28,96197,1800,0
2025-09-25 16:00:00+00:00,111637.23,111747.66,108643.87,109402.66,95474,1800,0
2025-09-25 20:00:00+00:00,109403.81,109732.86,108793.2,109029.43,82408,1800,0
2025-09-26 00:00:00+00:00,109029.44,109861.95,108837.1,109623.57,85449,1800,0
2025-09-26 04:00:00+00:00,109623.67,109688.83,108982.04,109399.03,77825,1800,0
2025-09-26 08:00:00+00:00,109400.13,109781.62,108663.46,109188.4,77074,1800,0
2025-09-26 12:00:00+00:00,109187.92,109846.69,108793.22,109080.05,94094,1800,0
2025-09-26 16:00:00+00:00,109080.47,110381.18,109067.16,109219.55,89167,1800,0
2025-09-26 20:00:00+00:00,109219.55,109751.32,109140.44,109691.27,69895,1800,0
2025-09-27 00:00:00+00:00,109690.94,109814.58,109362.28,109610.98,66877,1800,0
2025-09-27 04:00:00+00:00,109611.03,109806.34,109382.86,109457.12,56479,1800,0
2025-09-27 08:00:00+00:00,109457.1,109539.79,109115.04,109368.08,60717,1800,0
2025-09-27 12:00:00+00:00,109369.6,109538.62,109236.03,109435.18,62309,1800,0
2025-09-27 16:00:00+00:00,109435.01,109496.22,109282.26,109461.33,60360,1800,0
2025-09-27 20:00:00+00:00,109461.31,109750.16,109391.24,109673.79,57385,1800,0
2025-09-28 00:00:00+00:00,109673.88,109847.64,109371.88,109486.87,64515,1800,0
2025-09-28 04:00:00+00:00,109486.81,109590.77,109297.65,109555.75,49578,1800,0
2025-09-28 08:00:00+00:00,109556.15,109635.45,109280.74,109416.27,56412,1800,0
2025-09-28 12:00:00+00:00,109418.3,110077.84,109223.75,110077.84,65006,1800,0
2025-09-28 16:00:00+00:00,110074.41,110432.06,110019.37,110363.94,68324,1800,0
2025-09-28 20:00:00+00:00,110364.35,112389.75,110314.0,112206.7,75755,1800,0
2025-09-29 00:00:00+00:00,112207.55,112359.02,111593.64,111905.31,78070,1800,0
2025-09-29 04:00:00+00:00,111906.0,111943.66,111585.22,111899.43,67027,1800,0
2025-09-29 08:00:00+00:00,111899.76,112471.04,111899.19,112142.89,70983,1800,0
2025-09-29 12:00:00+00:00,112143.14,114315.49,111925.62,113873.52,90322,1800,0
2025-09-29 16:00:00+00:00,113873.65,114475.27,113506.59,114332.08,83278,1800,0
2025-09-29 20:00:00+00:00,114334.71,114495.1,114069.6,114368.99,70447,1800,0
2025-09-30 00:00:00+00:00,114368.34,114882.48,114106.89,114431.69,77065,1800,0
2025-09-30 04:00:00+00:00,114432.28,114437.01,113633.21,113767.04,68932,1800,0
2025-09-30 08:00:00+00:00,113766.92,113805.31,112699.22,113096.72,74381,1800,0
2025-09-30 12:00:00+00:00,113096.77,113733.62,112899.97,113141.01,89839,1800,0
2025-09-30 16:00:00+00:00,113140.94,114597.91,112801.68,114379.62,85244,1800,0
2025-09-30 20:00:00+00:00,114380.09,114794.43,113781.3,114066.24,71542,1800,0
2025-10-01 00:00:00+00:00,114065.87,114579.44,113970.35,114197.26,77794,1800,0
2025-10-01 04:00:00+00:00,114196.84,114768.58,114151.06,114563.61,75103,1800,0
2025-10-01 08:00:00+00:00,114563.56,116842.3,114505.68,116823.57,84646,1800,0
2025-10-01 12:00:00+00:00,116822.84,117754.6,116396.86,117489.66,91374,1800,0
2025-10-01 16:00:00+00:00,117491.57,118314.64,116778.45,117488.59,84082,1800,0
2025-10-01 20:00:00+00:00,117488.39,118726.78,117213.87,118654.06,75209,1800,0
2025-10-02 00:00:00+00:00,118654.06,119555.79,118434.38,118795.38,86990,1800,0
2025-10-02 04:00:00+00:00,118795.42,118989.24,118330.28,118566.25,74169,1800,0
2025-10-02 08:00:00+00:00,118566.24,118997.8,118416.02,118830.63,69485,1800,0
2025-10-02 12:00:00+00:00,118830.84,120013.89,118578.35,119996.64,90379,1800,0
2025-10-02 16:00:00+00:00,119996.43,121122.22,119430.73,120915.27,91206,1800,0
2025-10-02 20:00:00+00:00,120915.37,121023.61,120139.92,120622.55,75680,1800,0
2025-10-03 00:00:00+00:00,120622.02,120654.27,119908.3,120326.08,74292,1800,0
2025-10-03 04:00:00+00:00,120326.35,120420.11,119690.46,119736.99,67571,1800,0
2025-10-03 08:00:00+00:00,119736.76,120612.59,119322.93,120430.07,72463,1800,0
2025-10-03 12:00:00+00:00,120430.11,122506.49,119963.96,122371.83,89368,1800,0
2025-10-03 16:00:00+00:00,122373.28,124000.23,121533.9,122751.38,99887,1800,0
2025-10-03 20:00:00+00:00,122751.38,122838.42,122082.8,122324.58,72915,1800,0
2025-10-04 00:00:00+00:00,122324.68,122424.88,121759.71,122315.73,75090,1800,0
2025-10-04 04:00:00+00:00,122317.6,122911.48,122295.5,122391.1,39661,1800,0
2025-10-04 08:00:00+00:00,122392.73,122618.38,122022.66,122045.12,24588,1800,0
2025-10-04 12:00:00+00:00,122044.86,122586.7,121754.65,121863.9,27606,1800,0
2025-10-04 16:00:00+00:00,121867.57,122043.48,121557.63,122035.37,26134,1800,0
2025-10-04 20:00:00+00:00,122034.95,122482.22,121913.96,122451.82,23342,1800,0
2025-10-05 00:00:00+00:00,122450.87,124437.11,122193.01,123818.91,30803,1800,0
2025-10-05 04:00:00+00:00,123822.75,125882.56,123761.8,124747.61,35728,1800,0
2025-10-05 08:00:00+00:00,124747.37,124871.71,122522.37,123474.51,34380,1800,0
2025-10-05 12:00:00+00:00,123474.67,123480.31,122680.19,122837.2,28033,1800,0
2025-10-05 16:00:00+00:00,122836.89,123504.39,122303.76,122620.62,29407,1800,0
2025-10-05 20:00:00+00:00,122620.46,123564.05,122496.57,123521.58,25339,1800,0
2025-10-06 00:00:00+00:00,123520.2,124426.99,123105.0,123894.1,33009,1800,0
2025-10-06 04:00:00+00:00,123888.06,124214.78,123310.11,123424.72,27495,1800,0
2025-10-06 08:00:00+00:00,123425.2,124588.33,123422.78,124257.68,24497,1800,0
2025-10-06 12:00:00+00:00,124258.23,125476.13,124218.39,125067.03,18357,1800,0
2025-10-06 16:00:00+00:00,125067.41,126302.15,124858.65,125469.77,13831,1800,0
2025-10-06 20:00:00+00:00,125466.6,125618.7,124565.06,124713.69,8412,1800,0
2025-10-07 00:00:00+00:00,124716.92,125158.59,124161.91,124384.91,8479,1800,0
2025-10-07 04:00:00+00:00,124382.5,124736.24,123622.64,123747.87,8551,1800,0
2025-10-07 08:00:00+00:00,123742.06,124627.2,123384.62,124554.15,8455,1800,0
2025-10-07 12:00:00+00:00,124555.67,125249.61,121230.55,121899.08,25492,1800,0
2025-10-07 16:00:00+00:00,121896.82,122169.64,120628.06,121706.87,16688,1800,0
2025-10-07 20:00:00+00:00,121709.02,122366.29,121321.03,121392.99,8763,1800,0
2025-10-08 00:00:00+00:00,121398.36,122300.46,121234.3,121435.75,11106,1800,0
2025-10-08 04:00:00+00:00,121436.28,121967.17,121088.93,121642.15,9515,1800,0
2025-10-08 08:00:00+00:00,121642.28,123246.8,121541.72,122911.45,10808,1800,0
2025-10-08 12:00:00+00:00,122912.77,123394.95,121689.91,122216.87,18778,1800,0
2025-10-08 16:00:00+00:00,122215.45,124254.22,122132.07,123462.74,16212,1800,0
2025-10-08 20:00:00+00:00,123465.9,123751.92,122816.28,123324.34,6667,1800,0
2025-10-09 00:00:00+00:00,123332.76,123382.94,121481.66,122067.95,9538,1800,0
2025-10-09 04:00:00+00:00,122068.43,122298.07,121745.56,121944.0,6901,1800,0
2025-10-09 08:00:00+00:00,121946.72,122881.71,121158.26,122774.08,10492,1800,0
2025-10-09 12:00:00+00:00,122768.29,123820.69,120696.8,121187.58,21863,1800,0
2025-10-09 16:00:00+00:00,121190.76,121550.33,119708.05,121044.75,16942,1800,0
2025-10-09 20:00:00+00:00,121050.32,121847.17,120915.34,121687.51,6607,1800,0
2025-10-10 00:00:00+00:00,121689.82,121955.37,120963.22,121068.69,7413,1800,0
2025-10-10 04:00:00+00:00,121066.07,121805.24,120908.89,120985.2,7650,1800,0
2025-10-10 08:00:00+00:00,120989.12,121833.6,120962.67,121588.07,7429,1800,0
2025-10-10 12:00:00+00:00,121586.37,122572.91,118489.41,119063.94,31149,1800,0
2025-10-10 16:00:00+00:00,119063.28,119495.56,115944.96,116671.93,30352,1800,0
2025-10-10 20:00:00+00:00,116685.31,117223.85,103597.89,112950.9,183683,1800,0
2025-10-11 00:00:00+00:00,112950.78,113448.29,111152.43,112410.33,35061,2700,0
2025-10-11 04:00:00+00:00,112408.75,113099.11,110191.39,110501.26,19645,2700,0
2025-10-11 08:00:00+00:00,110501.11,112461.86,110258.33,112387.94,16711,1800,0
2025-10-11 12:00:00+00:00,112381.24,112632.27,111894.93,111908.3,11344,1800,0
2025-10-11 16:00:00+00:00,111903.12,112290.35,110969.22,111295.87,13180,1800,0
2025-10-11 20:00:00+00:00,111290.72,111484.66,109673.2,110766.41,22805,1800,0
2025-10-12 00:00:00+00:00,110773.29,111494.21,109685.81,110790.38,22981,1800,0
2025-10-12 04:00:00+00:00,110791.55,112255.53,110705.49,111619.6,10868,1800,0
2025-10-12 08:00:00+00:00,111619.72,112187.74,111190.57,111889.53,9461,1800,0
2025-10-12 12:00:00+00:00,111886.36,113800.67,111207.6,113246.93,28541,1800,0
2025-10-12 16:00:00+00:00,113249.72,114780.25,113249.72,114418.02,24207,1800,0
2025-10-12 20:00:00+00:00,114417.85,115861.62,114354.26,115061.82,20116,1800,0
2025-10-13 00:00:00+00:00,115061.99,116074.51,114712.36,114925.18,18136,1800,0
2025-10-13 04:00:00+00:00,114924.45,115628.17,114480.62,115478.29,12711,1800,0
2025-10-13 08:00:00+00:00,115475.64,115515.11,113744.13,114271.3,14040,1800,0
2025-10-13 12:00:00+00:00,114274.18,115642.01,113877.76,114412.26,31516,1800,0
2025-10-13 16:00:00+00:00,114413.6,115980.49,114294.6,115885.66,17646,1800,0
2025-10-13 20:00:00+00:00,115889.15,115990.94,115078.45,115267.31,7721,1800,0
2025-10-14 00:00:00+00:00,115267.44,115513.46,113335.36,113582.08,12042,1800,0
2025-10-14 04:00:00+00:00,113581.94,113753.49,111443.08,111792.75,22347,1800,0
2025-10-14 08:00:00+00:00,111789.75,112234.72,110113.87,111387.28,20739,1800,0
2025-10-14 12:00:00+00:00,111395.45,112971.32,109939.96,112946.98,33481,1800,0
2025-10-14 16:00:00+00:00,112941.36,113609.58,111749.97,112654.17,30223,1800,0
2025-10-14 20:00:00+00:00,112656.13,113626.63,112276.01,113080.82,10602,1800,0
2025-10-15 00:00:00+00:00,113077.47,113666.01,111857.06,112073.91,15942,1800,0
2025-10-15 04:00:00+00:00,112079.43,112743.42,111791.98,112640.0,12564,1800,0
2025-10-15 08:00:00+00:00,112637.04,113579.91,111770.17,111995.22,13826,1800,0
2025-10-15 12:00:00+00:00,111993.43,112321.5,110433.18,110862.62,29676,1800,0
2025-10-15 16:00:00+00:00,110862.73,111607.13,110196.5,111303.53,18468,1800,0
2025-10-15 20:00:00+00:00,111307.77,111616.32,110530.56,110795.9,14213,1800,0
2025-10-16 00:00:00+00:00,110794.94,111919.27,110392.52,111380.97,12166,1800,0
2025-10-16 04:00:00+00:00,111383.43,111812.43,110584.08,110601.21,11830,1800,0
2025-10-16 08:00:00+00:00,110599.79,111761.23,109522.06,111441.32,18450,1800,0
2025-10-16 12:00:00+00:00,111445.74,112033.66,108363.23,108581.75,32370,1800,0
2025-10-16 16:00:00+00:00,108578.22,109325.7,107597.61,108247.02,37771,1800,0
2025-10-16 20:00:00+00:00,108243.42,108533.11,107437.21,108197.28,13975,1800,0
2025-10-17 00:00:00+00:00,108192.38,109260.66,107945.43,109206.53,11133,1800,0
2025-10-17 04:00:00+00:00,109210.16,109267.66,105504.23,105615.57,22654,1800,0
2025-10-17 08:00:00+00:00,105616.89,106706.22,103506.14,105682.0,38217,1800,0
2025-10-17 12:00:00+00:00,105681.06,106855.45,104558.5,106798.98,37494,1800,0
2025-10-17 16:00:00+00:00,106804.94,107569.65,106080.29,106485.51,22524,1800,0
2025-10-17 20:00:00+00:00,106487.84,107471.02,106356.14,106470.03,8487,1800,0
2025-10-18 00:00:00+00:00,106469.91,107343.59,106354.33,107117.36,8336,1800,0
2025-10-18 04:00:00+00:00,107116.58,107545.05,106472.14,106743.35,7823,1800,0
2025-10-18 08:00:00+00:00,106740.88,107273.8,106641.85,107240.37,7026,1800,0
2025-10-18 12:00:00+00:00,107240.78,107343.05,106760.94,106985.11,7366,1800,0
2025-10-18 16:00:00+00:00,106982.74,107138.75,106498.23,107107.55,6136,1800,0
2025-10-18 20:00:00+00:00,107107.38,107381.69,106870.96,107205.49,5496,1800,0
2025-10-19 00:00:00+00:00,107204.87,107394.07,106762.01,107287.85,6180,1800,0
2025-10-19 04:00:00+00:00,107288.69,107314.92,106570.79,106803.67,5510,1800,0
2025-10-19 08:00:00+00:00,106803.78,108284.58,106115.23,107805.21,19003,1800,0
2025-10-19 12:00:00+00:00,107804.49,108656.7,107387.7,108520.15,11743,1800,0
2025-10-19 16:00:00+00:00,108514.24,109491.99,108270.62,108941.48,9667,1800,0
2025-10-19 20:00:00+00:00,108940.44,109410.76,108493.99,108681.29,7909,1800,0
2025-10-20 00:00:00+00:00,108677.16,110465.88,107460.49,110174.11,16607,1800,0
2025-10-20 04:00:00+00:00,110172.42,111438.81,109963.04,111201.87,13364,1800,0
2025-10-20 08:00:00+00:00,111198.16,111707.67,110646.08,111046.4,11219,1800,0
2025-10-20 12:00:00+00:00,111047.33,111737.57,110597.88,111175.03,16303,1800,0
2025-10-20 16:00:00+00:00,111178.33,111343.58,109876.5,110832.36,18494,1800,0
2025-10-20 20:00:00+00:00,110829.5,111308.98,110432.83,110567.14,7717,1800,0
2025-10-21 00:00:00+00:00,110567.26,110567.26,109087.73,109095.17,10783,1800,0
2025-10-21 04:00:00+00:00,109092.28,109092.28,107483.5,108099.8,17624,1800,0
2025-10-21 08:00:00+00:00,108100.24,108831.68,107509.63,108592.56,10234,1800,0
2025-10-21 12:00:00+00:00,108599.02,113606.48,107846.45,113480.2,34648,1800,0
2025-10-21 16:00:00+00:00,113476.6,114080.27,111372.1,111833.85,26106,1800,0
2025-10-21 20:00:00+00:00,111840.35,111868.82,108105.66,108358.14,22877,1800,0
2025-10-22 00:00:00+00:00,108350.02,108734.21,107879.81,108276.27,13286,1800,0
2025-10-22 04:00:00+00:00,108275.34,108695.96,107650.14,108367.67,9566,1800,0
2025-10-22 08:00:00+00:00,108367.51,108408.45,106642.55,107586.35,14095,1800,0
2025-10-22 12:00:00+00:00,107583.98,109197.26,107476.07,108416.13,30790,1800,0
2025-10-22 16:00:00+00:00,108412.84,108818.49,107461.93,107871.11,22338,1800,0
2025-10-22 20:00:00+00:00,107869.88,108074.64,106653.86,107578.18,16352,1800,0
2025-10-23 00:00:00+00:00,107580.84,108737.76,107504.09,108394.29,9414,1800,0
2025-10-23 04:00:00+00:00,108395.77,110354.48,108350.72,109282.06,11279,1800,0
2025-10-23 08:00:00+00:00,109278.52,109935.18,109106.4,109281.4,9386,1800,0
2025-10-23 12:00:00+00:00,109281.96,110151.21,108700.54,109941.14,20269,1800,0
2025-10-23 16:00:00+00:00,109927.94,111338.25,109661.93,110240.56,15530,1800,0
2025-10-23 20:00:00+00:00,110239.46,110242.27,109345.56,110099.48,8347,1800,0
2025-10-24 00:00:00+00:00,110104.21,110870.79,110020.48,110480.4,8294,1800,0
2025-10-24 04:00:00+00:00,110480.49,111578.62,110361.68,111092.77,9461,1800,0
2025-10-24 08:00:00+00:00,111090.66,111522.87,110609.98,111084.53,8689,1800,0
2025-10-24 12:00:00+00:00,111090.94,112152.84,109706.9,110063.23,24823,1800,0
2025-10-24 16:00:00+00:00,110066.37,110958.16,109801.82,110624.81,10044,1800,0
2025-10-24 20:00:00+00:00,110622.23,111166.03,110475.58,111031.02,5921,1800,0
2025-10-25 00:00:00+00:00,111030.82,111253.04,110682.18,111044.96,4880,1800,0
2025-10-25 04:00:00+00:00,111043.0,111841.27,111043.0,111505.66,4883,1800,0
2025-10-25 08:00:00+00:00,111508.6,111859.04,111386.51,111591.64,5644,1800,0
2025-10-25 12:00:00+00:00,111591.92,111963.55,111337.76,111410.78,6176,1800,0
2025-10-25 16:00:00+00:00,111410.89,111749.15,111171.15,111637.89,5062,1800,0
2025-10-25 20:00:00+00:00,111641.66,111701.12,111351.17,111654.22,4505,1800,0
2025-10-26 00:00:00+00:00,111654.59,111928.53,111261.07,111281.03,5620,1800,0
2025-10-26 04:00:00+00:00,111281.14,111737.03,111263.33,111728.36,3760,1800,0
2025-10-26 08:00:00+00:00,111728.46,113492.94,111719.28,113296.22,10209,1800,0
2025-10-26 12:00:00+00:00,113291.97,114048.18,113272.71,113685.78,11336,1800,0
2025-10-26 16:00:00+00:00,113686.89,113813.28,113275.07,113595.38,5364,1800,0
2025-10-26 20:00:00+00:00,113594.94,115550.3,112883.37,114553.11,14197,1800,0
2025-10-27 00:00:00+00:00,114552.83,115468.02,114354.73,114979.57,11178,1800,0
2025-10-27 04:00:00+00:00,114984.87,116411.9,114968.8,115558.85,9909,1800,0
2025-10-27 08:00:00+00:00,115559.1,115611.22,114813.77,115353.21,10483,1800,0
2025-10-27 12:00:00+00:00,115352.95,115437.97,114477.48,114968.73,15143,1800,0
2025-10-27 16:00:00+00:00,114968.53,115806.71,114770.6,114948.93,10366,1800,0
2025-10-27 20:00:00+00:00,114946.54,114946.54,113827.91,114101.78,9329,1800,0
2025-10-28 00:00:00+00:00,114101.66,114541.24,113561.67,113901.75,10162,1800,0
2025-10-28 04:00:00+00:00,113903.16,114363.98,113464.56,114173.41,8060,1800,0
2025-10-28 08:00:00+00:00,114171.65,114663.65,114098.3,114333.34,6273,1800,0
2025-10-28 12:00:00+00:00,114337.01,116104.14,114127.83,114618.87,18003,1800,0
2025-10-28 16:00:00+00:00,114620.56,115598.36,113544.22,113681.21,15244,1800,0
2025-10-28 20:00:00+00:00,113688.01,113695.66,112195.85,112897.58,16096,1800,0
2025-10-29 00:00:00+00:00,112897.7,112981.2,112081.93,112525.08,9787,1800,0
2025-10-29 04:00:00+00:00,112525.13,113590.35,112501.7,113575.11,8679,1800,0
2025-10-29 08:00:00+00:00,113588.96,113644.81,112731.92,113144.17,8516,1800,0
2025-10-29 12:00:00+00:00,113143.81,113670.2,111380.08,111505.5,16647,1800,0
2025-10-29 16:00:00+00:00,111508.02,112014.17,109112.6,110652.68,40996,1800,0
2025-10-29 20:00:00+00:00,110656.81,111809.76,109736.65,110034.13,11891,1800,0
2025-10-30 00:00:00+00:00,110034.24,111016.08,109715.68,110746.25,12083,1800,0
2025-10-30 04:00:00+00:00,110740.81,111608.33,107922.82,111351.1,28023,1800,0
2025-10-30 08:00:00+00:00,111362.04,111445.04,109681.63,109708.27,11174,1800,0
2025-10-30 12:00:00+00:00,109707.9,109783.42,107304.24,107708.69,31323,1800,0
2025-10-30 16:00:00+00:00,107710.11,108220.86,106239.72,106511.96,22597,1800,0
2025-10-30 20:00:00+00:00,106509.54,108335.59,106283.82,108294.84,14544,1800,0
2025-10-31 00:00:00+00:00,108296.56,110006.39,108258.57,109201.98,14606,1800,0
2025-10-31 04:00:00+00:00,109201.7,110214.12,109075.01,109396.84,10796,1800,0
2025-10-31 08:00:00+00:00,109403.86,110505.36,109150.61,110375.25,10970,1800,0
2025-10-31 12:00:00+00:00,110372.49,111097.32,109322.3,110141.83,22982,1800,0
2025-10-31 16:00:00+00:00,110140.34,110244.53,108562.31,109764.14,19963,1800,0
2025-10-31 20:00:00+00:00,109763.81,109769.88,109252.25,109550.17,7010,1800,0
2025-11-01 00:00:00+00:00,109549.23,110274.95,109336.18,110162.52,6231,1800,0
2025-11-01 04:00:00+00:00,110169.65,110518.67,109871.86,110011.13,6339,1800,0
2025-11-01 08:00:00+00:00,110019.88,110214.06,109775.04,110066.89,5076,1800,0
2025-11-01 12:00:00+00:00,110069.49,110291.56,109645.77,110257.07,6173,1800,0
2025-11-01 16:00:00+00:00,110248.63,110479.59,110134.91,110255.31,5275,1800,0
2025-11-01 20:00:00+00:00,110256.69,110489.05,109801.14,110042.56,5089,1800,0
2025-11-02 00:00:00+00:00,110041.97,110225.76,109842.8,110005.02,4760,1800,0
2025-11-02 04:00:00+00:00,110002.71,110993.57,109968.0,110857.48,7684,1800,0
2025-11-02 08:00:00+00:00,110866.37,111186.97,110318.42,111133.12,8204,1800,0
2025-11-02 12:00:00+00:00,111135.59,111195.42,110060.58,110104.69,10717,1800,0
2025-11-02 16:00:00+00:00,110102.64,110323.76,109713.16,110156.17,8068,1800,0
2025-11-02 20:00:00+00:00,110159.18,110729.49,109411.19,110522.09,8364,1800,0
2025-11-03 00:00:00+00:00,110525.48,110749.52,107895.41,107937.09,20289,1800,0
2025-11-03 04:00:00+00:00,107935.44,108118.14,106978.62,107444.11,17680,1800,0
2025-11-03 08:00:00+00:00,107439.49,107910.14,106716.35,107773.19,14895,1800,0
2025-11-03 12:00:00+00:00,107772.63,108303.69,105513.11,105727.84,30012,1800,0
2025-11-03 16:00:00+00:00,105729.68,107771.54,105296.94,107059.38,27898,1800,0
2025-11-03 20:00:00+00:00,107059.53,107141.7,105780.97,106559.86,18483,1800,0
2025-11-04 00:00:00+00:00,106560.45,107277.99,105821.37,107108.45,17301,1800,0
2025-11-04 04:00:00+00:00,107108.62,107260.59,104136.18,104452.71,28510,1800,0
2025-11-04 08:00:00+00:00,104451.98,104661.96,103537.54,104542.23,22277,1800,0
2025-11-04 12:00:00+00:00,104541.04,104805.48,102850.17,103155.26,32453,1800,0
2025-11-04 16:00:00+00:00,103154.17,103464.68,99937.37,100476.38,56708,1800,0
2025-11-04 20:00:00+00:00,100477.04,101854.24,98880.19,101457.87,49383,1800,0
2025-11-05 00:00:00+00:00,101469.68,102260.07,98932.15,102123.99,39952,1800,0
2025-11-05 04:00:00+00:00,102124.55,102356.55,101476.13,101986.67,16858,1800,0
2025-11-05 08:00:00+00:00,101980.84,102196.48,101170.79,102059.9,18155,1800,0
2025-11-05 12:00:00+00:00,102056.78,103789.86,101899.7,103704.92,27363,1800,0
2025-11-05 16:00:00+00:00,103707.76,104536.74,103036.46,103994.82,19141,1800,0
2025-11-05 20:00:00+00:00,103999.02,104534.4,103273.27,103875.5,12527,1800,0
2025-11-06 00:00:00+00:00,103865.38,103937.74,102709.41,103634.75,14780,1800,0
2025-11-06 04:00:00+00:00,103634.93,104200.46,102891.97,103170.89,12897,1800,0
2025-11-06 08:00:00+00:00,103167.87,103433.15,102630.36,103197.22,12734,1800,0
2025-11-06 12:00:00+00:00,103198.34,103578.6,101557.99,101963.69,31773,1800,0
2025-11-06 16:00:00+00:00,101966.99,102339.88,100210.33,101340.23,33876,1800,0
2025-11-06 20:00:00+00:00,101339.88,101596.44,100484.0,101293.76,17365,1800,0
2025-11-07 00:00:00+00:00,101298.17,102302.42,100687.27,101858.68,20952,1800,0
2025-11-07 04:00:00+00:00,101858.81,102466.95,101512.55,101964.55,10946,1800,0
2025-11-07 08:00:00+00:00,101958.12,102009.37,99733.0,100341.69,17566,1800,0
2025-11-07 12:00:00+00:00,100331.98,101196.05,99164.13,100714.68,37992,1800,0
2025-11-07 16:00:00+00:00,100717.69,103347.33,100426.05,103347.33,31033,1800,0
2025-11-07 20:00:00+00:00,103346.5,104054.55,102892.98,103282.93,13608,1800,0
2025-11-08 00:00:00+00:00,103282.87,103339.59,102462.88,102524.26,12526,1800,0
2025-11-08 04:00:00+00:00,102524.3,102780.65,101850.86,102287.06,10916,1800,0
2025-11-08 08:00:00+00:00,102287.21,102636.76,101656.76,101807.06,8787,1800,0
2025-11-08 12:00:00+00:00,101799.12,102149.21,101408.04,101686.9,11943,1800,0
2025-11-08 16:00:00+00:00,101685.67,102194.37,101483.9,101948.06,9311,1800,0
2025-11-08 20:00:00+00:00,101945.44,102453.95,101915.72,102282.16,5887,1800,0
2025-11-09 00:00:00+00:00,102282.85,102309.03,101319.2,101634.93,9363,1800,0
2025-11-09 04:00:00+00:00,101635.87,102103.7,101607.28,101919.76,7420,1800,0
2025-11-09 08:00:00+00:00,101918.11,102294.53,101487.81,102224.46,9077,1800,0
2025-11-09 12:00:00+00:00,102233.26,104202.86,102029.21,103732.96,17186,1800,0
2025-11-09 16:00:00+00:00,103732.12,104801.12,103298.34,104793.1,13104,1800,0
2025-11-09 20:00:00+00:00,104790.2,105455.82,104047.38,104689.19,14518,1800,0
2025-11-10 00:00:00+00:00,104685.86,106666.46,104225.62,106012.05,21309,1800,0
2025-11-10 04:00:00+00:00,106019.05,106526.1,105815.27,106436.51,10745,1800,0
2025-11-10 08:00:00+00:00,106436.39,106600.81,105796.83,106162.07,10150,1800,0
2025-11-10 12:00:00+00:00,106159.61,106585.87,104638.14,105054.2,21133,1800,0
2025-11-10 16:00:00+00:00,105053.63,106066.68,104753.51,105797.88,16492,1800,0
2025-11-10 20:00:00+00:00,105796.69,106262.47,105217.23,105976.63,12067,1800,0
2025-11-11 00:00:00+00:00,105978.76,107473.95,105458.07,106427.84,21427,1800,0
2025-11-11 04:00:00+00:00,106431.54,106520.81,104710.67,104760.95,13335,1800,0
2025-11-11 08:00:00+00:00,104762.19,105494.36,104735.88,105287.02,10988,1800,0
2025-11-11 12:00:00+00:00,105287.95,105486.85,103150.55,103437.0,21943,1800,0
2025-11-11 16:00:00+00:00,103455.93,103710.38,102791.77,103102.45,17647,1800,0
2025-11-11 20:00:00+00:00,103102.57,103195.6,102426.74,103009.96,13700,1800,0
2025-11-12 00:00:00+00:00,103012.78,103406.72,102630.9,103275.59,13017,1800,0
2025-11-12 04:00:00+00:00,103270.82,103633.74,102973.93,103103.47,7799,1800,0
2025-11-12 08:00:00+00:00,103102.97,105197.03,103102.97,105014.55,14442,1800,0
2025-11-12 12:00:00+00:00,105014.83,105320.86,101934.34,102149.69,24357,1800,0
2025-11-12 16:00:00+00:00,102152.65,102273.41,100737.99,101272.28,26144,1800,0
2025-11-12 20:00:00+00:00,101272.96,101984.46,101108.58,101635.61,11194,1800,0
2025-11-13 00:00:00+00:00,101634.23,102600.34,100889.31,102108.48,18638,1800,0
2025-11-13 04:00:00+00:00,102104.69,104037.01,101625.68,103439.95,18609,1800,0
2025-11-13 08:00:00+00:00,103438.34,103782.05,102533.07,102901.57,13614,1800,0
2025-11-13 12:00:00+00:00,102899.72,103455.05,101142.49,101352.48,32207,1800,0
2025-11-13 16:00:00+00:00,101350.45,101508.94,98071.54,98623.04,39571,1800,0
2025-11-13 20:00:00+00:00,98622.28,100447.22,97922.67,99618.55,25018,1800,0
2025-11-14 00:00:00+00:00,99613.83,99835.84,98641.1,99090.36,23529,1800,0
2025-11-14 04:00:00+00:00,99093.77,99141.55,95847.14,97087.19,40720,1800,0
2025-11-14 08:00:00+00:00,97087.21,97492.79,95601.75,96110.9,23651,1800,0
2025-11-14 12:00:00+00:00,96106.68,97236.25,94480.42,96721.21,56122,1800,0
2025-11-14 16:00:00+00:00,96724.19,97343.04,94720.44,95696.4,32365,1800,0
2025-11-14 20:00:00+00:00,95696.9,95868.65,93910.56,94502.88,25080,1800,0
2025-11-15 00:00:00+00:00,94496.62,96746.5,94475.9,96340.26,18708,1800,0
2025-11-15 04:00:00+00:00,96339.54,96522.92,95859.02,96261.49,9779,1800,0
2025-11-15 08:00:00+00:00,96261.15,96288.26,95546.07,95622.98,11028,1800,0
2025-11-15 12:00:00+00:00,95565.7,96423.72,95492.61,96209.84,11205,1800,0
2025-11-15 16:00:00+00:00,96209.73,96335.22,95655.32,95943.14,10574,1800,0
2025-11-15 20:00:00+00:00,95943.39,95954.03,95040.22,95536.11,9495,1800,0
2025-11-16 00:00:00+00:00,95539.27,95908.83,94782.21,95747.94,12407,1800,0
2025-11-16 04:00:00+00:00,95746.11,96130.32,95566.99,96014.84,6739,1800,0
2025-11-16 08:00:00+00:00,96015.78,96550.82,95421.7,95568.18,10714,1800,0
2025-11-16 12:00:00+00:00,95565.68,95842.27,94293.15,94508.77,13673,1800,0
2025-11-16 16:00:00+00:00,94514.47,95512.66,93674.57,93973.77,30575,1800,0
2025-11-16 20:00:00+00:00,93974.3,94685.38,92906.24,94175.62,27898,1800,0
2025-11-17 00:00:00+00:00,94173.84,95498.03,93697.56,95425.82,20742,1800,0
2025-11-17 04:00:00+00:00,95435.07,95809.5,94809.45,95556.15,12182,1800,0
2025-11-17 08:00:00+00:00,95565.77,95951.09,95229.64,95488.6,10878,1800,0
2025-11-17 12:00:00+00:00,95487.32,95954.86,93477.1,93870.88,42478,1800,0
2025-11-17 16:00:00+00:00,93873.35,94331.27,91461.51,91567.48,41625,1800,0
2025-11-17 20:00:00+00:00,91563.17,92295.45,91157.21,92101.54,23457,1800,0
2025-11-18 00:00:00+00:00,92101.47,92243.17,89583.99,90730.5,35416,1800,0
2025-11-18 04:00:00+00:00,90728.84,90758.88,89060.37,90392.17,27749,1800,0
2025-11-18 08:00:00+00:00,90391.24,91504.48,90389.57,91407.31,17835,1800,0
2025-11-18 12:00:00+00:00,91407.22,92950.39,90821.05,92827.86,39283,1800,0
2025-11-18 16:00:00+00:00,92824.34,93767.07,92497.29,93122.55,25954,1800,0
2025-11-18 20:00:00+00:00,93125.96,93380.36,92402.02,92910.32,12651,1800,0
2025-11-19 00:00:00+00:00,92911.22,92932.18,91578.68,91814.96,19175,1800,0
2025-11-19 04:00:00+00:00,91812.65,91956.22,89948.3,91798.26,19716,1800,0
2025-11-19 08:00:00+00:00,91799.54,91893.79,91015.27,91338.47,12402,1800,0
2025-11-19 12:00:00+00:00,91338.35,92331.26,89795.2,89877.88,29746,1800,0
2025-11-19 16:00:00+00:00,89874.51,90163.24,88517.85,88783.67,36554,1800,0
2025-11-19 20:00:00+00:00,88784.52,91502.85,88484.73,91460.45,24050,1800,0
2025-11-20 00:00:00+00:00,91449.88,92719.35,91092.09,92356.55,16489,1800,0
2025-11-20 04:00:00+00:00,92359.37,93075.93,91590.87,92224.58,13161,1800,0
2025-11-20 08:00:00+00:00,92224.67,92311.93,91339.39,91841.39,11702,1800,0
2025-11-20 12:00:00+00:00,91838.51,92438.22,89728.67,89758.86,37990,1800,0
2025-11-20 16:00:00+00:00,89757.98,89810.54,85986.49,86795.6,64754,1800,0
2025-11-20 20:00:00+00:00,86792.6,88144.48,86209.29,86522.46,25402,1800,0
2025-11-21 00:00:00+00:00,86525.37,87395.88,85236.17,85714.58,33870,1800,0
2025-11-21 04:00:00+00:00,85714.09,86247.6,81154.99,83918.98,40360,1800,0
2025-11-21 08:00:00+00:00,83917.41,84586.58,81531.34,82201.98,49014,1800,0
2025-11-21 12:00:00+00:00,82205.68,85407.29,80535.93,82848.15,78216,1800,0
2025-11-21 16:00:00+00:00,82844.77,85491.66,82232.29,84137.89,56061,1800,0
2025-11-21 20:00:00+00:00,84135.54,85354.91,83380.76,85060.62,26640,1800,0
2025-11-22 00:00:00+00:00,85064.59,85565.94,84147.54,84288.91,17124,1800,0
2025-11-22 04:00:00+00:00,84279.13,84736.02,83759.75,84546.73,11529,1800,0
2025-11-22 08:00:00+00:00,84154.31,84294.22,84023.72,84027.51,622,1800,0
2025-11-22 12:00:00+00:00,84031.91,84694.36,83562.55,84214.24,16724,1800,0
2025-11-22 16:00:00+00:00,84215.77,84845.59,84153.78,84550.62,10999,1800,0
2025-11-22 20:00:00+00:00,84550.48,85211.61,84175.2,84680.6,11580,1800,0
2025-11-23 00:00:00+00:00,84677.17,86298.07,84613.75,86252.5,17568,1800,0
2025-11-23 04:00:00+00:00,86254.41,86817.6,85802.99,85864.55,10176,1800,0
2025-11-23 08:00:00+00:00,86126.9,86430.92,85787.75,86294.04,8688,1800,0
2025-11-23 12:00:00+00:00,86283.78,87215.21,86218.56,87034.32,17063,1800,0
2025-11-23 16:00:00+00:00,87033.68,87652.45,86455.59,87297.02,16004,1800,0
2025-11-23 20:00:00+00:00,87298.0,88117.56,86698.35,86804.6,16302,1800,0
2025-11-24 00:00:00+00:00,86805.86,88013.69,85898.73,87411.49,26108,1800,0
2025-11-24 04:00:00+00:00,87413.89,87793.26,86401.37,87006.21,19939,1800,0
2025-11-24 08:00:00+00:00,87004.16,87004.16,85637.71,86214.76,17420,1800,0
2025-11-24 12:00:00+00:00,86216.02,86685.48,85211.96,86563.66,30731,1800,0
2025-11-24 16:00:00+00:00,86562.12,88823.75,86562.12,88304.01,23160,1800,0
2025-11-24 20:00:00+00:00,88303.25,89217.15,88215.01,88264.91,12571,1800,0
2025-11-25 00:00:00+00:00,88264.15,88264.15,87422.29,87782.43,13079,1800,0
2025-11-25 04:00:00+00:00,87773.19,88484.34,87305.2,87368.98,9740,1800,0
2025-11-25 08:00:00+00:00,87378.67,87600.35,86644.3,87332.12,10825,1800,0
2025-11-25 12:00:00+00:00,87333.33,87756.76,86056.69,86951.45,23578,1800,0
2025-11-25 16:00:00+00:00,86950.73,88104.57,86125.75,86827.72,19489,1800,0
2025-11-25 20:00:00+00:00,86836.64,87862.74,86542.61,87326.18,13803,1800,0
2025-11-26 00:00:00+00:00,87328.46,88195.95,87031.83,87093.09,12623,1800,0
2025-11-26 04:00:00+00:00,87092.97,87940.54,86861.39,87896.51,9464,1800,0
2025-11-26 08:00:00+00:00,87899.86,87907.27,86629.99,87065.1,9101,1800,0
2025-11-26 12:00:00+00:00,87063.53,87667.47,86277.75,86944.34,19597,1800,0
2025-11-26 16:00:00+00:00,86945.24,90399.02,86929.11,89951.93,22316,1800,0
2025-11-26 20:00:00+00:00,89943.41,90625.8,89490.75,90475.17,11629,1800,0
2025-11-27 00:00:00+00:00,90473.88,91885.81,90057.74,91079.12,14639,1800,0
2025-11-27 04:00:00+00:00,91079.27,91544.54,90874.95,91395.79,9907,1800,0
2025-11-27 08:00:00+00:00,91396.1,91944.46,91205.81,91368.34,8323,1800,0
2025-11-27 12:00:00+00:00,91367.23,91445.41,90426.23,90944.38,11750,1800,0
2025-11-27 16:00:00+00:00,90940.65,91834.65,90830.47,91520.26,10687,1800,0
2025-11-27 20:00:00+00:00,91521.39,91593.15,91093.31,91321.79,7796,1800,0
2025-11-28 00:00:00+00:00,91314.77,91403.6,90639.46,91190.5,9902,1800,0
2025-11-28 04:00:00+00:00,91194.44,91704.78,90836.04,90885.3,7907,1800,0
2025-11-28 08:00:00+00:00,90883.01,92021.53,90879.23,91422.16,12515,1800,0
2025-11-28 12:00:00+00:00,91421.62,93117.92,91360.8,92361.48,20020,1800,0
2025-11-28 16:00:00+00:00,92363.57,92391.99,90213.2,91157.38,19853,1800,0
2025-11-28 20:00:00+00:00,91156.0,91273.79,90717.48,90911.65,7867,1800,0
2025-11-29 00:00:00+00:00,90908.3,91137.28,90554.02,90686.39,6238,1800,0
2025-11-29 04:00:00+00:00,90685.69,90935.78,90315.34,90577.06,6249,1800,0
2025-11-29 08:00:00+00:00,90578.32,90747.67,90392.11,90691.19,6034,1800,0
2025-11-29 12:00:00+00:00,90694.38,91134.77,90549.39,91087.01,6360,1800,0
2025-11-29 16:00:00+00:00,91092.73,91188.56,90173.34,90668.9,8776,1800,0
2025-11-29 20:00:00+00:00,90668.97,91078.2,90429.63,90827.79,6701,1800,0
2025-11-30 00:00:00+00:00,90827.85,91072.12,90481.24,90926.87,5620,1800,0
2025-11-30 04:00:00+00:00,90927.66,91056.02,90686.99,90983.95,5100,1800,0
2025-11-30 08:00:00+00:00,90981.88,91641.96,90946.52,91060.59,8225,1800,0
2025-11-30 12:00:00+00:00,91062.77,91972.24,91015.01,91450.14,9079,1800,0
2025-11-30 16:00:00+00:00,91452.64,91860.97,91138.84,91462.38,6763,1800,0
2025-11-30 20:00:00+00:00,91462.93,91626.03,90348.7,90371.36,9048,1800,0
2025-12-01 00:00:00+00:00,90370.03,90431.81,86161.65,86352.02,39157,1800,0
2025-12-01 04:00:00+00:00,86353.89,86571.48,85603.24,86535.28,15135,1800,0
2025-12-01 08:00:00+00:00,86531.2,86931.57,86115.25,86122.39,10651,1800,0
2025-12-01 12:00:00+00:00,86124.14,86656.47,83795.71,84669.41,35208,1800,0
2025-12-01 16:00:00+00:00,84670.73,85561.62,84021.04,85019.07,26951,1800,0
2025-12-01 20:00:00+00:00,85015.3,86876.96,84991.48,86280.02,18137,1800,0
2025-12-02 00:00:00+00:00,86279.0,87370.77,86181.97,86969.28,17380,1800,0
2025-12-02 04:00:00+00:00,86968.39,87277.72,86811.37,87008.74,10144,1800,0
2025-12-02 08:00:00+00:00,87006.9,87612.85,86346.96,87375.55,12277,1800,0
2025-12-02 12:00:00+00:00,87375.42,91220.59,87042.92,90852.57,31580,1800,0
2025-12-02 16:00:00+00:00,90858.54,92336.98,90212.19,91922.37,26353,1800,0
2025-12-02 20:00:00+00:00,91919.37,92040.42,90745.14,91308.82,14393,1800,0
2025-12-03 00:00:00+00:00,91309.44,93104.39,91015.16,92641.37,20801,1800,0
2025-12-03 04:00:00+00:00,92639.19,93979.42,92628.74,93019.78,20067,1800,0
2025-12-03 08:00:00+00:00,93021.63,93399.64,92669.15,93020.85,13833,1800,0
2025-12-03 12:00:00+00:00,93020.78,93712.51,91725.93,92391.72,35503,1800,0
2025-12-03 16:00:00+00:00,92392.09,93524.93,91785.34,93038.21,21408,1800,0
2025-12-03 20:00:00+00:00,93040.73,94218.46,92832.49,93453.57,16472,1800,0
2025-12-04 00:00:00+00:00,93450.66,94089.29,92681.74,93550.08,16532,1800,0
2025-12-04 04:00:00+00:00,93542.04,93597.64,92784.38,93401.04,10157,1800,0
2025-12-04 08:00:00+00:00,93407.35,93643.76,92731.5,92956.81,10905,1800,0
2025-12-04 12:00:00+00:00,92958.93,93285.54,91809.36,92992.28,24140,1800,0
2025-12-04 16:00:00+00:00,92991.5,93202.14,90886.5,91992.57,25330,1800,0
2025-12-04 20:00:00+00:00,91990.36,92742.09,91696.63,92092.67,13400,1800,0
2025-12-05 00:00:00+00:00,92093.56,92728.17,91979.5,92170.3,9441,1800,0
2025-12-05 04:00:00+00:00,92166.04,92519.26,91811.33,92279.38,8382,1800,0
2025-12-05 08:00:00+00:00,92283.65,92283.65,91004.34,91375.69,12214,1800,0
2025-12-05 12:00:00+00:00,91373.15,91499.95,89906.63,90471.82,28503,1800,0
2025-12-05 16:00:00+00:00,90471.69,90528.79,88050.58,89664.57,36285,1800,0
2025-12-05 20:00:00+00:00,89651.96,89771.55,88908.63,89335.05,11523,1800,0
2025-12-06 00:00:00+00:00,89335.47,89812.65,89044.45,89690.67,8405,1800,0
2025-12-06 04:00:00+00:00,89693.68,89780.4,89525.77,89609.06,5198,1800,0
2025-12-06 08:00:00+00:00,89609.52,89737.46,89222.66,89645.44,7361,1800,0
2025-12-06 12:00:00+00:00,89642.13,90313.39,89484.79,89775.4,8715,1800,0
2025-12-06 16:00:00+00:00,89775.32,89994.64,89256.46,89428.79,7988,1800,0
2025-12-06 20:00:00+00:00,89429.91,89641.6,88914.91,89232.21,7708,1800,0
2025-12-07 00:00:00+00:00,89258.79,89757.65,89180.52,89731.67,7112,1800,0
2025-12-07 04:00:00+00:00,89733.32,89805.82,89208.0,89387.0,5976,1800,0
2025-12-07 08:00:00+00:00,89390.6,89541.55,89054.72,89158.47,6760,1800,0
2025-12-07 12:00:00+00:00,89158.41,89737.76,87730.22,89550.36,20729,1800,0
2025-12-07 16:00:00+00:00,89546.99,91780.9,89107.83,91436.16,21052,1800,0
2025-12-07 20:00:00+00:00,91434.98,91523.98,88939.02,90396.05,20774,1800,0
2025-12-08 00:00:00+00:00,90395.58,91706.38,89843.99,91077.09,17451,1800,0
2025-12-08 04:00:00+00:00,91082.19,91887.43,91012.25,91570.77,10468,1800,0
2025-12-08 08:00:00+00:00,91573.9,92302.2,91475.05,91967.04,11079,1800,0
2025-12-08 12:00:00+00:00,91973.36,92149.77,89600.2,89955.14,27046,1800,0
2025-12-08 16:00:00+00:00,89953.28,90524.13,89659.99,90129.93,24148,1800,0
2025-12-08 20:00:00+00:00,90134.58,91396.13,90134.12,90663.31,13868,1800,0
2025-12-09 00:00:00+00:00,90663.2,90863.91,89811.21,90417.53,12778,1800,0
2025-12-09 04:00:00+00:00,90416.95,90527.77,89463.44,90488.92,10352,1800,0
2025-12-09 08:00:00+00:00,90495.05,90622.89,89905.19,90393.37,9798,1800,0
2025-12-09 12:00:00+00:00,90396.65,92899.06,89999.84,92713.26,26744,1800,0
2025-12-09 16:00:00+00:00,92701.3,94606.16,92684.94,93821.72,28603,1800,0
2025-12-09 20:00:00+00:00,93817.26,93866.76,92250.23,92688.76,17627,1800,0
2025-12-10 00:00:00+00:00,92688.84,92796.19,91966.76,92416.35,10978,1800,0
2025-12-10 04:00:00+00:00,92418.26,92803.86,92388.49,92796.3,7753,1800,0
2025-12-10 08:00:00+00:00,92797.06,93279.83,91761.34,92125.08,12748,1800,0
2025-12-10 12:00:00+00:00,92125.44,92243.15,91565.29,92066.0,18132,1800,0
2025-12-10 16:00:00+00:00,92069.67,93271.98,91667.68,92982.72,35579,1800,0
2025-12-10 20:00:00+00:00,92986.01,94505.18,91885.29,92031.12,29704,1800,0
2025-12-11 00:00:00+00:00,92026.11,92104.1,89403.29,89888.08,24536,1800,0
2025-12-11 04:00:00+00:00,89887.25,90509.83,89695.22,90285.84,11042,1800,0
2025-12-11 08:00:00+00:00,90285.24,90529.07,89978.27,90248.21,8292,1800,0
2025-12-11 12:00:00+00:00,90248.56,90664.27,89255.13,89879.93,22351,1800,0
2025-12-11 16:00:00+00:00,89878.18,91559.25,89319.72,90853.98,23636,1800,0
2025-12-11 20:00:00+00:00,90854.05,93592.49,90798.54,92544.87,23804,1800,0
2025-12-12 00:00:00+00:00,92541.94,92781.83,91469.48,92304.66,14144,1800,0
2025-12-12 04:00:00+00:00,92301.03,92744.29,92075.16,92441.33,7621,1800,0
2025-12-12 08:00:00+00:00,92440.76,92647.73,92086.23,92432.19,7822,1800,0
2025-12-12 12:00:00+00:00,92425.64,92690.15,89767.09,89942.3,24309,1800,0
2025-12-12 16:00:00+00:00,89931.69,90684.04,89473.81,90196.38,29055,1800,0
2025-12-12 20:00:00+00:00,90198.36,90402.54,89886.95,90280.67,9081,1800,0
2025-12-13 00:00:00+00:00,90282.05,90475.09,90113.46,90348.25,4307,1800,0
2025-12-13 04:00:00+00:00,90349.86,90423.62,90264.51,90342.34,3669,1800,0
2025-12-13 08:00:00+00:00,90345.64,90654.43,90291.88,90359.74,5413,1800,0
2025-12-13 12:00:00+00:00,90361.68,90494.69,89927.93,90107.73,6304,1800,0
2025-12-13 16:00:00+00:00,90111.27,90286.38,89985.71,90193.25,4813,1800,0
2025-12-13 20:00:00+00:00,90207.72,90303.86,89756.45,90256.34,6033,1800,0
2025-12-14 00:00:00+00:00,90250.22,90494.9,90131.87,90273.71,5044,1800,0
2025-12-14 04:00:00+00:00,90274.58,90353.23,90051.74,90265.33,4309,1800,0
2025-12-14 08:00:00+00:00,90258.74,90303.9,88586.29,89367.46,11351,1800,0
2025-12-14 12:00:00+00:00,89361.92,89683.86,88867.43,89020.86,13352,1800,0
2025-12-14 16:00:00+00:00,89025.31,89407.15,88495.75,88645.46,12677,1800,0
2025-12-14 20:00:00+00:00,88644.82,88833.54,87561.31,88173.2,15595,1800,0
2025-12-15 00:00:00+00:00,88165.22,90020.88,88058.73,89287.9,17729,1800,0
2025-12-15 04:00:00+00:00,89289.77,89923.24,89273.24,89743.18,9094,1800,0
2025-12-15 08:00:00+00:00,89746.65,89990.9,89573.43,89652.47,8209,1800,0
2025-12-15 12:00:00+00:00,89652.33,89882.03,86600.43,87031.77,33300,1800,0
2025-12-15 16:00:00+00:00,87034.56,87217.06,85095.95,86133.83,34528,1800,0
2025-12-15 20:00:00+00:00,86132.14,86451.95,85494.3,86406.54,15171,1800,0
2025-12-16 00:00:00+00:00,86416.47,86501.45,85356.42,85851.87,14506,1800,0
2025-12-16 04:00:00+00:00,85851.04,86602.45,85244.82,85995.5,11198,1800,0
2025-12-16 08:00:00+00:00,85996.48,87320.84,85894.15,87237.43,12756,1800,0
2025-12-16 12:00:00+00:00,87235.5,88145.47,86066.64,87953.77,39066,1800,0
2025-12-16 16:00:00+00:00,87950.66,88035.22,87034.13,87555.66,22305,1800,0
2025-12-16 20:00:00+00:00,87555.48,87924.89,87313.59,87842.14,9905,1800,0
2025-12-17 00:00:00+00:00,87838.75,87935.41,87116.56,87190.11,10188,1800,0
2025-12-17 04:00:00+00:00,87191.7,87367.66,86180.92,87015.4,12890,1800,0
2025-12-17 08:00:00+00:00,87016.34,87105.68,86195.14,86956.02,11134,1800,0
2025-12-17 12:00:00+00:00,86958.09,90358.52,86770.33,87214.89,46315,1800,0
2025-12-17 16:00:00+00:00,87203.78,87738.38,85265.35,85982.68,41674,1800,0
2025-12-17 20:00:00+00:00,85982.57,86409.85,85621.96,86199.49,13149,1800,0
2025-12-18 00:00:00+00:00,86199.62,86846.41,85816.4,86574.25,13226,1800,0
2025-12-18 04:00:00+00:00,86577.88,86859.22,86329.74,86783.01,8524,1800,0
2025-12-18 08:00:00+00:00,86781.82,87415.47,86636.85,87235.27,10451,1800,0
2025-12-18 12:00:00+00:00,87253.94,89437.64,87065.9,88456.97,43692,1800,0
2025-12-18 16:00:00+00:00,88456.78,88482.52,84426.77,84428.59,45195,1800,0
2025-12-18 20:00:00+00:00,84429.96,85798.09,84393.64,85442.47,21608,1800,0
2025-12-19 00:00:00+00:00,85442.62,87522.14,85048.98,86842.62,21593,1800,0
2025-12-19 04:00:00+00:00,86838.48,88336.05,86612.36,87893.92,17388,1800,0
2025-12-19 08:00:00+00:00,87894.05,88329.01,87667.72,88155.35,12983,1800,0
2025-12-19 12:00:00+00:00,88156.1,89358.98,87449.17,87906.2,30966,1800,0
2025-12-19 16:00:00+00:00,87903.64,88843.73,86773.98,87781.53,25483,1800,0
2025-12-19 20:00:00+00:00,87771.21,88376.61,87537.25,88091.58,12111,1800,0
2025-12-20 00:00:00+00:00,88092.02,88296.48,87909.76,88165.98,6278,1800,0
2025-12-20 04:00:00+00:00,88167.37,88548.42,88072.08,88228.34,5820,1800,0
2025-12-20 08:00:00+00:00,88228.57,88393.39,88049.08,88234.44,6199,1800,0
2025-12-20 12:00:00+00:00,88233.73,88310.92,87753.01,88132.74,7454,1800,0
2025-12-20 16:00:00+00:00,88133.92,88384.53,88050.19,88187.39,4909,1800,0
2025-12-20 20:00:00+00:00,88184.53,88424.05,88111.32,88316.14,5485,1800,0
2025-12-21 00:00:00+00:00,88316.33,88398.24,87823.76,88040.83,6338,1800,0
2025-12-21 04:00:00+00:00,88042.43,88182.59,88006.12,88140.54,4820,1800,0
2025-12-21 08:00:00+00:00,88140.44,89046.27,88098.69,88567.23,10437,1800,0
2025-12-21 12:00:00+00:00,88566.75,88892.58,87547.34,88042.2,16823,1800,0
2025-12-21 16:00:00+00:00,88036.38,88597.59,87908.76,88455.45,8783,1800,0
2025-12-21 20:00:00+00:00,88455.36,88793.58,88060.35,88630.96,8378,1800,0
2025-12-22 00:00:00+00:00,88638.53,89596.56,87859.5,88734.92,21648,1800,0
2025-12-22 04:00:00+00:00,88736.66,89180.54,88670.13,89127.31,9950,1800,0
2025-12-22 08:00:00+00:00,89125.74,90086.6,89050.78,89899.24,14348,1800,0
2025-12-22 12:00:00+00:00,89900.12,90574.22,89127.25,89701.25,28275,1800,0
2025-12-22 16:00:00+00:00,89704.18,90097.19,87901.53,88007.02,18376,1800,0
2025-12-22 20:00:00+00:00,88005.52,88798.58,87858.85,88560.4,11837,1800,0
2025-12-23 00:00:00+00:00,88563.43,88887.84,87718.91,88108.89,12144,1800,0
2025-12-23 04:00:00+00:00,88111.06,88325.19,86961.31,87507.61,13246,1800,0
2025-12-23 08:00:00+00:00,87508.03,87831.79,87224.59,87802.1,8014,1800,0
2025-12-23 12:00:00+00:00,87802.56,87908.99,86528.01,87389.62,21046,1800,0
2025-12-23 16:00:00+00:00,87387.31,88240.49,87100.1,87691.55,18607,1800,0
2025-12-23 20:00:00+00:00,87688.97,88319.71,87118.22,87437.03,11458,1800,0
2025-12-24 00:00:00+00:00,87437.78,87779.15,86790.56,87282.16,11050,1800,0
2025-12-24 04:00:00+00:00,87282.05,87402.49,86716.77,86848.46,7730,1800,0
2025-12-24 08:00:00+00:00,86848.91,87296.78,86654.9,87143.66,7281,1800,0
2025-12-24 12:00:00+00:00,87145.92,87436.46,86352.47,86975.34,16052,1800,0
2025-12-24 16:00:00+00:00,86970.2,87625.19,86841.86,87492.85,11960,1800,0
2025-12-24 20:00:00+00:00,87492.29,88001.26,87456.92,87610.26,6624,1800,0
2025-12-25 00:00:00+00:00,87610.33,87901.53,87437.17,87781.8,6927,1800,0
2025-12-25 04:00:00+00:00,87782.61,87814.0,87583.96,87775.33,4901,1800,0
2025-12-25 08:00:00+00:00,87774.52,87838.97,87189.5,87448.41,7362,1800,0
2025-12-25 12:00:00+00:00,87454.84,88548.5,87338.36,88310.93,9708,1800,0
2025-12-25 16:00:00+00:00,88314.84,88419.05,87918.88,88091.31,7975,1800,0
2025-12-25 20:00:00+00:00,88083.88,88114.38,86891.51,87166.93,10660,1800,0
2025-12-26 00:00:00+00:00,87164.76,89381.04,86816.54,88761.7,19908,1800,0
2025-12-26 04:00:00+00:00,88760.75,89510.63,88264.34,88395.24,10889,1800,0
2025-12-26 08:00:00+00:00,88395.49,88860.72,88344.47,88475.5,9291,1800,0
2025-12-26 12:00:00+00:00,88473.99,89003.17,86583.02,87066.09,22855,1800,0
2025-12-26 16:00:00+00:00,87069.85,87520.49,86724.12,87423.8,13114,1800,0
2025-12-26 20:00:00+00:00,87423.94,87718.31,87231.29,87286.72,7285,1800,0
2025-12-27 00:00:00+00:00,87283.45,87466.73,87156.98,87446.52,5251,1800,0
2025-12-27 04:00:00+00:00,87447.99,87648.21,87343.25,87470.14,4344,1800,0
2025-12-27 08:00:00+00:00,87477.49,87612.57,87304.21,87423.55,5134,1800,0
2025-12-27 12:00:00+00:00,87425.8,87539.8,87244.65,87503.7,4831,1800,0
2025-12-27 16:00:00+00:00,87506.82,87530.27,87383.84,87510.21,4244,1800,0
2025-12-27 20:00:00+00:00,87510.31,87935.89,87429.93,87823.21,5823,1800,0
2025-12-28 00:00:00+00:00,87798.88,87890.89,87641.6,87658.85,4956,1800,0
2025-12-28 04:00:00+00:00,87655.58,87766.83,87534.07,87656.13,4449,1800,0
2025-12-28 08:00:00+00:00,87666.07,87944.11,87646.08,87807.8,5365,1800,0
2025-12-28 12:00:00+00:00,87807.96,88034.22,87714.53,87773.28,5305,1800,0
2025-12-28 16:00:00+00:00,87774.25,87860.65,87414.36,87446.57,5860,1800,0
2025-12-28 20:00:00+00:00,87447.17,87985.46,87352.49,87878.3,6328,1800,0
2025-12-29 00:00:00+00:00,87870.04,90076.08,87726.26,90021.88,17926,1800,0
2025-12-29 04:00:00+00:00,90009.68,90321.29,89389.45,89510.45,10119,1800,0
2025-12-29 08:00:00+00:00,89510.59,89722.35,87441.33,87448.05,13732,1800,0
2025-12-29 12:00:00+00:00,87458.76,88086.4,86681.38,87584.48,22392,1800,0
2025-12-29 16:00:00+00:00,87582.65,87907.49,87194.59,87251.16,12330,1800,0
2025-12-29 20:00:00+00:00,87249.35,87488.96,86952.37,87107.53,7508,1800,0
2025-12-30 00:00:00+00:00,87107.65,87320.44,86708.87,87253.47,9233,1800,0
2025-12-30 04:00:00+00:00,87253.38,87510.44,87027.07,87377.6,6721,1800,0
2025-12-30 08:00:00+00:00,87375.31,88112.04,87370.75,87793.28,10686,1800,0
2025-12-30 12:00:00+00:00,87797.18,89071.67,87706.66,88912.13,18934,1800,0
2025-12-30 16:00:00+00:00,88913.47,89313.0,87869.98,88139.58,14954,1800,0
2025-12-30 20:00:00+00:00,88136.49,88485.01,87772.42,88408.99,7712,1800,0
2025-12-31 00:00:00+00:00,88408.89,88710.4,88064.18,88333.7,9058,1800,0
2025-12-31 04:00:00+00:00,88329.79,88531.65,88202.25,88497.59,6066,1800,0
2025-12-31 08:00:00+00:00,88497.5,88938.96,88270.97,88903.41,7362,1800,0
2025-12-31 12:00:00+00:00,88900.21,89123.33,87661.48,87832.89,14930,1800,0
2025-12-31 16:00:00+00:00,87833.91,87934.39,87260.8,87391.93,12280,1800,0
2025-12-31 20:00:00+00:00,87386.5,87747.34,87077.42,87507.73,6891,1800,0
2026-01-01 00:00:00+00:00,87507.82,87942.1,87489.55,87704.59,5582,1800,0
2026-01-01 04:00:00+00:00,87704.5,87711.39,87381.41,87484.42,4573,1800,0
2026-01-01 08:00:00+00:00,87477.63,87886.41,87456.93,87874.48,4922,1800,0
2026-01-01 12:00:00+00:00,87876.18,88009.19,87686.95,87914.24,5708,1800,0
2026-01-01 16:00:00+00:00,87914.34,88396.38,87755.81,88275.66,6851,1800,0
2026-01-01 20:00:00+00:00,88275.25,88800.65,88108.68,88733.79,6635,1800,0
2026-01-02 00:00:00+00:00,88733.95,89027.14,88254.03,88839.69,9058,1800,0
2026-01-02 04:00:00+00:00,88841.29,88989.92,88460.13,88762.52,6455,1800,0
2026-01-02 08:00:00+00:00,88764.02,89843.11,88702.0,89411.25,10699,1800,0
2026-01-02 12:00:00+00:00,89408.62,90095.48,88388.55,89352.7,23799,1800,0
2026-01-02 16:00:00+00:00,89344.7,90942.72,89131.06,89855.2,26630,1800,0
2026-01-02 20:00:00+00:00,89854.4,90371.97,89567.29,89955.16,9912,1800,0
2026-01-03 00:00:00+00:00,89947.1,90369.99,89923.32,90282.32,6546,1800,0
2026-01-03 04:00:00+00:00,90283.58,90451.94,89264.09,89531.98,7827,1800,0
2026-01-03 08:00:00+00:00,89533.58,89949.41,89388.23,89697.57,7909,1800,0
2026-01-03 12:00:00+00:00,89697.79,90192.08,89602.22,89921.58,6857,1800,0
2026-01-03 16:00:00+00:00,89929.87,90169.01,89854.48,90078.42,5655,1800,0
2026-01-03 20:00:00+00:00,90078.31,90694.22,89960.35,90582.25,7068,1800,0
2026-01-04 00:00:00+00:00,90581.29,91585.66,90581.29,91195.42,12010,1800,0
2026-01-04 04:00:00+00:00,91189.64,91779.69,91140.12,91471.66,8829,1800,0
2026-01-04 08:00:00+00:00,91471.76,91586.6,91103.58,91267.1,8843,1800,0
2026-01-04 12:00:00+00:00,91266.56,91370.18,90979.95,91283.21,8473,1800,0
2026-01-04 16:00:00+00:00,91282.52,91424.21,90798.45,91109.04,8182,1800,0
2026-01-04 20:00:00+00:00,91109.14,91565.0,91079.87,91488.4,8348,1800,0
2026-01-05 00:00:00+00:00,91485.09,93370.81,91465.83,92837.49,19443,1800,0
2026-01-05 04:00:00+00:00,92829.0,92923.95,92087.9,92479.47,8921,1800,0
2026-01-05 08:00:00+00:00,92481.94,93107.84,92266.91,93074.53,9384,1800,0
2026-01-05 12:00:00+00:00,93082.17,94009.81,92355.51,93921.03,22917,1800,0
2026-01-05 16:00:00+00:00,93921.09,94514.95,93227.08,94282.66,18638,1800,0
2026-01-05 20:00:00+00:00,94283.2,94815.18,93802.45,93870.79,11810,1800,0
2026-01-06 00:00:00+00:00,93872.83,94171.0,93509.0,93752.82,10004,1800,0
2026-01-06 04:00:00+00:00,93754.29,93998.21,93095.98,93217.32,8838,1800,0
2026-01-06 08:00:00+00:00,93216.01,93875.08,93127.07,93812.74,7975,1800,0
2026-01-06 12:00:00+00:00,93813.75,94432.16,93313.22,93616.49,19182,1800,0
2026-01-06 16:00:00+00:00,93606.01,93744.87,91198.08,92030.09,24092,1800,0
2026-01-06 20:00:00+00:00,92030.01,93806.9,92030.01,93713.26,14991,1800,0
2026-01-07 00:00:00+00:00,93713.13,93718.02,92178.48,92758.77,12945,1800,0
2026-01-07 04:00:00+00:00,92759.51,92871.25,92432.26,92820.09,7915,1800,0
2026-01-07 08:00:00+00:00,92817.93,92911.09,91516.66,92004.22,11026,1800,0
2026-01-07 12:00:00+00:00,92006.95,92214.33,90952.76,91266.74,21442,1800,0
2026-01-07 16:00:00+00:00,91268.72,91715.77,90578.65,91082.82,16651,1800,0
2026-01-07 20:00:00+00:00,91083.0,91408.63,90675.32,91279.41,10895,1800,0
2026-01-08 00:00:00+00:00,91284.59,91604.46,90497.56,90713.59,10957,1800,0
2026-01-08 04:00:00+00:00,90713.32,91079.74,89515.02,90419.73,13349,1800,0
2026-01-08 08:00:00+00:00,90423.92,90658.13,89655.54,90094.45,11752,1800,0
2026-01-08 12:00:00+00:00,90101.07,90737.31,89177.51,90674.11,22538,1800,0
2026-01-08 16:00:00+00:00,90671.36,91402.77,90212.39,90859.87,16475,1800,0
2026-01-08 20:00:00+00:00,90859.77,91415.21,90476.21,91025.51,10045,1800,0
2026-01-09 00:00:00+00:00,91025.85,91573.54,90758.16,91120.05,10453,1800,0
2026-01-09 04:00:00+00:00,91118.69,91142.66,90632.17,90650.79,7531,1800,0
2026-01-09 08:00:00+00:00,90652.71,90747.93,89586.13,90332.48,11235,1800,0
2026-01-09 12:00:00+00:00,90332.57,91945.94,89744.04,91075.8,24617,1800,0
2026-01-09 16:00:00+00:00,91079.13,91691.02,90072.12,90218.28,18446,1800,0
2026-01-09 20:00:00+00:00,90218.12,90606.74,90003.64,90513.2,9113,1800,0
2026-01-10 00:00:00+00:00,90509.16,90657.67,90382.78,90501.74,5605,1800,0
2026-01-10 04:00:00+00:00,90502.76,90560.97,90262.29,90540.17,4965,1800,0
2026-01-10 08:00:00+00:00,90537.17,90710.07,90487.9,90605.28,5632,1800,0
2026-01-10 12:00:00+00:00,90605.2,90667.14,90404.51,90535.43,4473,1800,0
2026-01-10 16:00:00+00:00,90517.53,90617.9,90377.61,90497.33,3559,1800,0
2026-01-10 20:00:00+00:00,90499.11,90535.41,90271.83,90388.59,4262,1800,0
2026-01-11 00:00:00+00:00,90388.42,90618.98,90324.78,90616.16,4509,1800,0
2026-01-11 04:00:00+00:00,90606.6,90727.35,90462.4,90576.78,3886,1800,0
2026-01-11 08:00:00+00:00,90585.39,90698.01,90483.87,90632.76,4352,1800,0
2026-01-11 12:00:00+00:00,90638.62,91071.14,90575.11,90738.39,6594,1800,0
2026-01-11 16:00:00+00:00,90747.33,91166.78,90524.03,90546.07,6326,1800,0
2026-01-11 20:00:00+00:00,90548.1,90916.01,90091.61,90863.17,9268,1800,0
2026-01-12 00:00:00+00:00,90866.95,92400.18,90550.41,91683.1,17875,1800,0
2026-01-12 04:00:00+00:00,91686.5,92162.87,91255.2,91285.27,8738,1800,0
2026-01-12 08:00:00+00:00,91283.7,91507.62,90231.43,90485.92,12313,1800,0
2026-01-12 12:00:00+00:00,90486.02,91588.29,89998.29,91566.01,18201,1800,0
2026-01-12 16:00:00+00:00,91566.03,92251.26,90947.56,91786.6,18004,1800,0
2026-01-12 20:00:00+00:00,91789.44,91981.27,90844.43,91193.84,9061,1800,0
2026-01-13 00:00:00+00:00,91187.84,91458.28,90929.07,91308.26,7845,1800,0
2026-01-13 04:00:00+00:00,91309.85,92185.96,91238.4,91829.84,9952,1800,0
2026-01-13 08:00:00+00:00,91830.79,92599.58,91815.76,91908.35,9732,1800,0
2026-01-13 12:00:00+00:00,91910.44,93406.17,91677.09,93406.17,22281,1800,0
2026-01-13 16:00:00+00:00,93410.39,94223.5,93012.5,94207.93,18545,1800,0
2026-01-13 20:00:00+00:00,94207.8,96729.93,94043.25,95376.07,22000,1800,0
2026-01-14 00:00:00+00:00,95376.5,95678.95,95081.66,95663.31,11416,1800,0
2026-01-14 04:00:00+00:00,95664.1,95758.58,94420.46,95172.67,10604,1800,0
2026-01-14 08:00:00+00:00,95169.19,95302.23,94690.17,94763.03,9428,1800,0
2026-01-14 12:00:00+00:00,94763.1,97102.31,94634.4,96757.3,23459,1800,0
2026-01-14 16:00:00+00:00,96757.4,97825.05,96223.73,97265.07,22362,1800,0
2026-01-14 20:00:00+00:00,97266.57,97968.49,96766.48,96955.27,13951,1800,0
2026-01-15 00:00:00+00:00,96955.15,97001.58,95744.56,95944.02,12899,1800,0
2026-01-15 04:00:00+00:00,95944.89,96746.18,95906.86,96630.06,10216,1800,0
2026-01-15 08:00:00+00:00,96627.35,97179.39,96269.14,96566.57,9080,1800,0
2026-01-15 12:00:00+00:00,96564.91,97128.98,95402.44,96731.6,22335,1800,0
2026-01-15 16:00:00+00:00,96729.31,97041.53,95095.24,95474.68,19225,1800,0
2026-01-15 20:00:00+00:00,95472.16,95849.28,95092.85,95587.59,9324,1800,0
2026-01-16 00:00:00+00:00,95590.0,95832.95,95277.12,95313.55,7318,1800,0
2026-01-16 04:00:00+00:00,95313.13,95800.32,95117.85,95624.11,7640,1800,0
2026-01-16 08:00:00+00:00,95625.15,95818.78,95217.99,95389.97,6457,1800,0
2026-01-16 12:00:00+00:00,95389.14,95767.7,94231.7,94538.49,17369,1800,0
2026-01-16 16:00:00+00:00,94542.7,95180.76,94451.56,94947.34,12178,1800,0
2026-01-16 20:00:00+00:00,94948.94,95577.71,94627.58,95504.69,7717,1800,0
2026-01-17 00:00:00+00:00,95501.68,95540.22,95138.61,95313.69,4523,1800,0
2026-01-17 04:00:00+00:00,95314.79,95346.6,95008.52,95063.72,4024,1800,0
2026-01-17 08:00:00+00:00,95061.41,95296.34,94980.15,95288.01,4492,1800,0
2026-01-17 12:00:00+00:00,95281.3,95633.01,95152.51,95540.47,5495,1800,0
2026-01-17 16:00:00+00:00,95540.29,95540.29,95171.82,95263.94,4957,1800,0
2026-01-17 20:00:00+00:00,95263.89,95373.17,95003.16,95118.69,4575,1800,0
2026-01-18 00:00:00+00:00,95118.55,95201.2,94825.48,95145.24,5388,1800,0
2026-01-18 04:00:00+00:00,95146.54,95231.45,94979.37,94992.23,4227,1800,0
2026-01-18 08:00:00+00:00,94992.38,95254.73,94976.71,95127.93,4828,1800,0
2026-01-18 12:00:00+00:00,95133.31,95317.62,94857.32,95063.07,5363,1800,0
2026-01-18 16:00:00+00:00,95063.18,95494.32,95027.91,95335.3,6100,1800,0
2026-01-18 20:00:00+00:00,95333.78,95496.35,93565.6,93639.75,11140,1800,0
2026-01-19 00:00:00+00:00,93639.83,93639.83,91858.97,92654.41,26490,1800,0
2026-01-19 04:00:00+00:00,92649.79,92801.55,92341.32,92781.82,7670,1800,0
2026-01-19 08:00:00+00:00,92784.36,93316.61,92637.48,93137.83,8350,1800,0
2026-01-19 12:00:00+00:00,93140.26,93174.83,92641.31,93001.23,8337,1800,0
2026-01-19 16:00:00+00:00,93002.66,93367.47,92868.92,93047.25,7016,1800,0
2026-01-19 20:00:00+00:00,93054.29,93298.92,92080.53,92570.84,8286,1800,0
2026-01-20 00:00:00+00:00,92562.82,92805.53,92176.25,92363.63,9308,1800,0
2026-01-20 04:00:00+00:00,92368.82,92404.52,90669.29,91078.61,15892,1800,0
2026-01-20 08:00:00+00:00,91079.05,91365.51,90556.88,91136.82,10369,1800,0
2026-01-20 12:00:00+00:00,91141.89,91302.05,89751.98,90577.02,24132,1800,0
2026-01-20 16:00:00+00:00,90576.16,90887.61,89175.93,89600.75,19867,1800,0
2026-01-20 20:00:00+00:00,89600.54,89729.05,87696.18,88322.47,16815,1800,0
2026-01-21 00:00:00+00:00,88323.65,89494.65,88133.82,89318.21,11689,1800,0
2026-01-21 04:00:00+00:00,89318.89,90010.21,88978.02,89100.97,8528,1800,0
2026-01-21 08:00:00+00:00,89100.26,89387.87,88574.73,88695.98,8920,1800,0
2026-01-21 12:00:00+00:00,88690.03,90500.79,88045.52,90196.18,30103,1800,0
2026-01-21 16:00:00+00:00,90204.87,90386.85,87167.72,90280.58,41455,1800,0
2026-01-21 20:00:00+00:00,90278.56,90319.74,89270.76,89358.62,15604,1800,0
2026-01-22 00:00:00+00:00,89358.71,90272.89,89358.71,89800.25,10488,1800,0
2026-01-22 04:00:00+00:00,89797.96,90128.45,89697.36,89729.95,6901,1800,0
2026-01-22 08:00:00+00:00,89731.9,90073.4,89656.49,89840.68,7145,1800,0
2026-01-22 12:00:00+00:00,89847.09,90247.47,88410.38,88898.23,21944,1800,0
2026-01-22 16:00:00+00:00,88899.01,89844.16,88573.39,89683.86,19173,1800,0
2026-01-22 20:00:00+00:00,89685.55,89872.27,89037.9,89470.07,8929,1800,0
2026-01-23 00:00:00+00:00,89470.71,89898.1,89346.74,89827.54,7000,1800,0
2026-01-23 04:00:00+00:00,89828.24,89992.72,89284.04,89419.5,7865,1800,0
2026-01-23 08:00:00+00:00,89419.89,89514.68,88732.41,89092.12,9123,1800,0
2026-01-23 12:00:00+00:00,89091.24,89771.65,88442.52,89642.28,17602,1800,0
2026-01-23 16:00:00+00:00,89642.15,91134.34,89364.22,89886.26,22383,1800,0
2026-01-23 20:00:00+00:00,89881.55,90064.25,89097.11,89484.24,9924,1800,0
2026-01-24 00:00:00+00:00,89486.07,89794.71,89297.92,89642.85,4838,1800,0
2026-01-24 04:00:00+00:00,89643.45,89738.23,89426.86,89478.83,3635,1800,0
2026-01-24 08:00:00+00:00,89476.6,89547.81,89433.11,89448.84,3016,1800,0
2026-01-24 12:00:00+00:00,89448.98,89462.02,89031.52,89144.2,4577,1800,0
2026-01-24 16:00:00+00:00,89147.71,89318.48,89018.66,89190.89,3991,1800,0
2026-01-24 20:00:00+00:00,89190.97,89351.23,89065.94,89092.8,3532,1800,0
2026-01-25 00:00:00+00:00,89092.6,89180.68,88695.73,88809.02,4618,1800,0
2026-01-25 04:00:00+00:00,88810.86,88952.0,88499.09,88525.02,4956,1800,0
2026-01-25 08:00:00+00:00,88524.85,88621.52,87979.9,88426.68,6686,1800,0
2026-01-25 12:00:00+00:00,88430.0,88859.41,88233.06,88331.21,7171,1800,0
2026-01-25 16:00:00+00:00,88326.14,88335.98,86073.33,86407.79,25171,1800,0
2026-01-25 20:00:00+00:00,86407.82,86920.92,85962.61,86569.01,15593,1800,0
2026-01-26 00:00:00+00:00,86567.91,87856.2,86401.16,87156.97,14377,1800,0
2026-01-26 04:00:00+00:00,87151.99,87984.71,87105.21,87905.69,9101,1800,0
2026-01-26 08:00:00+00:00,87906.52,88296.57,87488.4,87749.86,8102,1800,0
2026-01-26 12:00:00+00:00,87748.69,88782.38,87236.0,87553.27,20078,1800,0
2026-01-26 16:00:00+00:00,87555.34,88450.61,86916.22,87913.26,16429,1800,0
2026-01-26 20:00:00+00:00,87910.23,88582.75,87439.4,88242.0,8750,1800,0
2026-01-27 00:00:00+00:00,88243.23,88801.52,88097.31,88677.44,7619,1800,0
2026-01-27 04:00:00+00:00,88672.06,88912.72,88159.16,88219.27,6372,1800,0
2026-01-27 08:00:00+00:00,88218.73,88295.01,87610.05,87861.97,6950,1800,0
2026-01-27 12:00:00+00:00,87859.71,88339.41,87431.67,87911.97,14563,1800,0
2026-01-27 16:00:00+00:00,87911.49,88712.06,87184.85,88293.51,21155,1800,0
2026-01-27 20:00:00+00:00,88292.1,89431.3,88250.95,89126.74,12965,1800,0
2026-01-28 00:00:00+00:00,89125.41,89383.16,88848.7,88994.51,8045,1800,0
2026-01-28 04:00:00+00:00,88994.79,89278.31,88706.89,89012.06,7394,1800,0
2026-01-28 08:00:00+00:00,89007.98,90042.98,88732.1,89950.3,10231,1800,0
2026-01-28 12:00:00+00:00,89949.81,90372.48,88766.68,89353.91,19223,1800,0
2026-01-28 16:00:00+00:00,89356.22,90493.11,88883.1,89274.27,21776,1800,0
2026-01-28 20:00:00+00:00,89271.91,89780.66,88721.13,89160.41,11267,1800,0
2026-01-29 00:00:00+00:00,89159.3,89219.22,87557.11,87902.4,14549,1800,0
2026-01-29 04:00:00+00:00,87895.57,88293.51,87757.93,88220.47,6711,1800,0
2026-01-29 08:00:00+00:00,88217.59,88357.15,87591.31,87682.23,7855,1800,0
2026-01-29 12:00:00+00:00,87682.35,88030.83,84220.0,84796.32,24723,1800,0
2026-01-29 16:00:00+00:00,84797.91,85500.34,83223.37,83847.65,30748,1800,0
2026-01-29 20:00:00+00:00,83854.39,84605.4,83646.9,84508.57,10388,1800,0
2026-01-30 00:00:00+00:00,84505.36,84604.17,80936.55,82547.53,35455,1800,0
2026-01-30 04:00:00+00:00,82547.01,83208.67,81919.52,82655.27,14612,1800,0
2026-01-30 08:00:00+00:00,82652.59,83173.41,82008.6,83007.17,14909,1800,0
2026-01-30 12:00:00+00:00,83008.84,83682.62,82234.56,82757.83,29119,1800,0
2026-01-30 16:00:00+00:00,82756.92,84520.91,81731.29,84122.25,39796,1800,0
2026-01-30 20:00:00+00:00,84126.77,84359.47,83400.23,84106.75,19087,1800,0
2026-01-31 00:00:00+00:00,84107.55,84147.83,83666.17,83875.52,7094,1800,0
2026-01-31 04:00:00+00:00,83874.6,83997.61,83243.2,83404.61,6476,1800,0
2026-01-31 08:00:00+00:00,83402.9,83483.23,82426.16,82874.06,13208,1800,0
2026-01-31 12:00:00+00:00,82871.24,83005.11,80677.91,81179.63,29336,1800,0
2026-01-31 16:00:00+00:00,81179.87,82104.11,75480.52,77633.35,85963,1800,0
2026-01-31 20:00:00+00:00,77636.05,79138.99,76967.36,78630.97,29282,1800,0
2026-02-01 00:00:00+00:00,78654.77,79349.55,78188.6,78780.05,19336,1800,0
2026-02-01 04:00:00+00:00,78789.09,79053.81,77871.88,78278.87,12966,1800,0
2026-02-01 08:00:00+00:00,78278.75,79162.88,78060.3,78687.69,14395,1800,0
2026-02-01 12:00:00+00:00,78682.21,78701.42,76702.94,77534.8,29015,1800,0
2026-02-01 16:00:00+00:00,77525.61,78391.41,76907.21,77088.38,27590,1800,0
2026-02-01 20:00:00+00:00,77090.18,77715.83,75614.33,76898.99,43982,1800,0
2026-02-02 00:00:00+00:00,76897.98,78078.31,74524.9,76214.37,60033,1800,0
2026-02-02 04:00:00+00:00,76214.9,76877.25,74817.04,76564.26,53935,1800,0
2026-02-02 08:00:00+00:00,76561.21,77891.03,76517.84,77672.9,24882,1800,0
2026-02-02 12:00:00+00:00,77676.16,79317.84,77496.46,78815.68,41359,1800,0
2026-02-02 16:00:00+00:00,78813.01,79268.24,78210.39,78281.21,25145,1800,0
2026-02-02 20:00:00+00:00,78278.83,78910.34,77810.09,78664.72,15347,1800,0
2026-02-03 00:00:00+00:00,78662.85,79132.8,77569.87,78679.81,18938,1800,0
2026-02-03 04:00:00+00:00,78673.78,78926.22,77870.98,78711.28,14646,1800,0
2026-02-03 08:00:00+00:00,78713.04,79021.21,77861.62,78004.02,16671,1800,0
2026-02-03 12:00:00+00:00,78003.26,78387.03,76969.26,78059.27,34041,1800,0
2026-02-03 16:00:00+00:00,78060.6,78067.93,72845.97,74830.98,60788,1800,0
2026-02-03 20:00:00+00:00,74829.27,76872.72,74488.33,75658.95,31854,1800,0
2026-02-04 00:00:00+00:00,75658.69,76893.35,75350.96,76603.02,19860,1800,0
2026-02-04 04:00:00+00:00,76603.45,76747.19,76009.74,76407.8,11098,1800,0
2026-02-04 08:00:00+00:00,76410.5,76501.98,75546.69,75910.29,15689,1800,0
2026-02-04 12:00:00+00:00,75910.36,76161.19,73678.63,74016.77,48413,1800,0
2026-02-04 16:00:00+00:00,74019.33,74128.08,71984.03,73769.55,66175,1800,0
2026-02-04 20:00:00+00:00,73767.04,73999.66,71695.75,72997.13,31775,1800,0
2026-02-05 00:00:00+00:00,72995.31,73180.92,71013.81,71087.45,45230,1800,0
2026-02-05 04:00:00+00:00,71088.72,71495.89,69983.22,70593.79,41416,1800,0
2026-02-05 08:00:00+00:00,70596.48,71847.81,69789.66,70186.53,32932,1800,0
2026-02-05 12:00:00+00:00,70188.03,70760.14,66552.19,67369.11,87157,1800,0
2026-02-05 16:00:00+00:00,67371.79,68552.93,65044.06,65123.52,91395,1800,0
2026-02-05 20:00:00+00:00,65126.12,65563.39,62111.7,62790.78,114725,1800,0
2026-02-06 00:00:00+00:00,62791.15,65929.61,59781.05,64081.36,120512,1800,0
2026-02-06 04:00:00+00:00,64077.13,66726.99,63875.25,64767.68,44152,1800,0
2026-02-06 08:00:00+00:00,64764.23,66703.42,64390.81,66537.83,35906,1800,0
2026-02-06 12:00:00+00:00,66534.84,69157.4,66016.19,68605.7,62191,1800,0
2026-02-06 16:00:00+00:00,68603.34,71464.52,68387.26,70657.56,56280,1800,0
2026-02-06 20:00:00+00:00,70659.43,71689.21,69775.39,70521.16,31213,1800,0
2026-02-07 00:00:00+00:00,70521.24,70894.6,69660.03,70878.85,25699,1800,0
2026-02-07 04:00:00+00:00,70880.78,71657.79,67273.51,68042.74,43012,1800,0
2026-02-07 08:00:00+00:00,68049.91,68780.32,67539.01,67927.09,25005,1800,0
2026-02-07 12:00:00+00:00,67921.35,69946.47,67845.94,69086.11,37114,1800,0
2026-02-07 16:00:00+00:00,69091.74,69847.36,68482.19,69328.0,34474,1800,0
2026-02-07 20:00:00+00:00,69305.93,69682.83,68721.3,69239.12,12782,1800,0
2026-02-08 00:00:00+00:00,69242.24,69653.5,68831.69,69052.95,13872,1800,0
2026-02-08 04:00:00+00:00,69051.96,69662.94,68905.77,69637.9,10127,1800,0
2026-02-08 08:00:00+00:00,69638.92,71164.22,69449.28,70931.18,24013,1800,0
2026-02-08 12:00:00+00:00,70923.98,71516.3,70637.88,71129.27,20090,1800,0
2026-02-08 16:00:00+00:00,71119.58,71477.22,70193.53,71376.55,19237,1800,0
2026-02-08 20:00:00+00:00,71372.27,72254.82,69919.59,70272.95,26982,1800,0
2026-02-09 00:00:00+00:00,70267.85,71391.95,69996.25,71234.37,29123,1800,0
2026-02-09 04:00:00+00:00,71228.39,71287.98,70226.4,70370.4,15615,1800,0
2026-02-09 08:00:00+00:00,70369.54,70556.31,68341.72,68860.95,25775,1800,0
2026-02-09 12:00:00+00:00,68864.06,69829.22,68227.8,69527.27,38267,1800,0
2026-02-09 16:00:00+00:00,69522.75,71042.53,69036.25,70914.01,33767,1800,0
2026-02-09 20:00:00+00:00,70912.71,71095.0,69769.41,70105.74,16926,1800,0
2026-02-10 00:00:00+00:00,70105.97,70502.98,69148.88,69460.92,16555,1800,0
2026-02-10 04:00:00+00:00,69460.05,69869.19,68616.88,68864.07,16329,1800,0
2026-02-10 08:00:00+00:00,68865.72,69351.14,68381.24,68458.58,13614,1800,0
2026-02-10 12:00:00+00:00,68458.95,69537.09,67850.59,69242.71,38539,1800,0
2026-02-10 16:00:00+00:00,69239.58,69964.2,68550.22,69019.68,30417,1800,0
2026-02-10 20:00:00+00:00,69023.05,69102.36,68296.9,68794.99,14105,1800,0
2026-02-11 00:00:00+00:00,68795.46,69248.92,67951.63,68139.28,14173,1800,0
2026-02-11 04:00:00+00:00,68130.1,68278.93,66496.47,66983.09,25504,1800,0
2026-02-11 08:00:00+00:00,66980.38,67087.85,66330.68,67021.62,17194,1800,0
2026-02-11 12:00:00+00:00,67015.59,68812.55,65702.98,66480.65,56491,1800,0
2026-02-11 16:00:00+00:00,66477.74,67812.7,65815.27,67532.05,39330,1800,0
2026-02-11 20:00:00+00:00,67530.25,68296.23,66723.6,67016.61,19825,1800,0
2026-02-12 00:00:00+00:00,67025.04,67997.37,66988.72,67523.42,16238,1800,0
2026-02-12 04:00:00+00:00,67525.07,67638.48,66604.09,67158.12,14952,1800,0
2026-02-12 08:00:00+00:00,67153.4,68256.09,66840.9,68021.01,15668,1800,0
2026-02-12 12:00:00+00:00,68018.46,68384.51,66956.77,67084.68,34563,1800,0
2026-02-12 16:00:00+00:00,67091.68,67202.95,65059.58,65742.25,50956,1800,0
2026-02-12 20:00:00+00:00,65744.19,66427.33,65140.64,66213.8,18292,1800,0
2026-02-13 00:00:00+00:00,66213.74,66759.63,65795.48,66498.5,15214,1800,0
2026-02-13 04:00:00+00:00,66490.41,66623.39,65942.91,66141.75,13004,1800,0
2026-02-13 08:00:00+00:00,66141.93,67176.82,66114.19,67113.52,15536,1800,0
2026-02-13 12:00:00+00:00,67112.75,69277.87,66803.57,68641.48,43937,1800,0
2026-02-13 16:00:00+00:00,68639.77,69441.94,68486.11,68889.76,29422,1800,0
2026-02-13 20:00:00+00:00,68903.78,69052.3,68632.83,68807.23,12588,1800,0
2026-02-14 00:00:00+00:00,68816.48,69112.09,68710.78,68936.61,7358,1800,0
2026-02-14 04:00:00+00:00,68929.26,69301.24,68683.81,69177.31,6406,1800,0
2026-02-14 08:00:00+00:00,69170.87,70554.64,69164.6,70449.99,14514,1800,0
2026-02-14 12:00:00+00:00,70446.15,70490.21,69168.35,69768.24,16730,1800,0
2026-02-14 16:00:00+00:00,69764.44,69899.82,69254.45,69847.36,12021,1800,0
2026-02-14 20:00:00+00:00,69837.99,70225.96,69618.97,69792.63,10263,1800,0
2026-02-15 00:00:00+00:00,69793.24,69958.97,69199.03,69924.56,12490,1800,0
2026-02-15 04:00:00+00:00,69928.28,70897.66,69917.82,70784.94,12392,1800,0
2026-02-15 08:00:00+00:00,70779.85,70937.11,70123.94,70257.92,11590,1800,0
2026-02-15 12:00:00+00:00,70255.12,70390.94,68726.54,69057.83,19410,1800,0
2026-02-15 16:00:00+00:00,69055.19,69067.28,68026.26,68241.0,18213,1800,0
2026-02-15 20:00:00+00:00,68241.42,69043.31,68071.02,68788.0,12373,1800,0
2026-02-16 00:00:00+00:00,68786.15,69026.57,68102.91,68382.83,12329,1800,0
2026-02-16 04:00:00+00:00,68388.14,68855.25,68178.46,68532.51,9199,1800,0
2026-02-16 08:00:00+00:00,68533.72,69027.93,68297.24,68755.07,10590,1800,0
2026-02-16 12:00:00+00:00,68751.11,70099.92,67236.47,67505.24,35141,1800,0
2026-02-16 16:00:00+00:00,67505.7,68208.62,67459.65,67883.69,14277,1800,0
2026-02-16 20:00:00+00:00,67881.07,68951.63,67769.74,68845.39,11567,1800,0
2026-02-17 00:00:00+00:00,68845.73,69208.22,68332.3,68436.8,14232,1800,0
2026-02-17 04:00:00+00:00,68436.07,68665.06,67842.1,68351.19,11312,1800,0
2026-02-17 08:00:00+00:00,68356.94,68444.74,67633.62,67805.85,11029,1800,0
2026-02-17 12:00:00+00:00,67806.84,68341.0,66558.86,67348.99,31319,1800,0
2026-02-17 16:00:00+00:00,67350.06,68204.24,66834.17,67758.03,29879,1800,0
2026-02-17 20:00:00+00:00,67758.08,67897.48,67332.18,67469.55,11277,1800,0
2026-02-18 00:00:00+00:00,67468.75,67659.31,66838.53,67582.97,10639,1800,0
2026-02-18 04:00:00+00:00,67584.82,68192.88,67445.75,68067.7,9082,1800,0
2026-02-18 08:00:00+00:00,68078.32,68438.66,67048.89,67348.56,12480,1800,0
2026-02-18 12:00:00+00:00,67346.93,68323.34,66676.61,67657.97,24998,1800,0
2026-02-18 16:00:00+00:00,67657.08,67676.39,65817.63,66137.49,26312,1800,0
2026-02-18 20:00:00+00:00,66143.42,66500.78,65982.27,66411.51,11986,1800,0
2026-02-19 00:00:00+00:00,66410.32,66974.18,66294.59,66931.61,9943,1800,0
2026-02-19 04:00:00+00:00,66931.23,67293.45,66635.68,67164.04,9120,1800,0
2026-02-19 08:00:00+00:00,67160.09,67160.09,66428.66,66462.62,10196,1800,0
2026-02-19 12:00:00+00:00,66459.59,66733.61,65593.26,66356.89,25787,1800,0
2026-02-19 16:00:00+00:00,66354.68,67179.93,65849.13,67018.92,22599,1800,0
2026-02-19 20:00:00+00:00,67018.19,67154.88,66605.2,66972.61,10042,1800,0
2026-02-20 00:00:00+00:00,66970.33,67489.85,66906.85,67317.59,10130,1800,0
2026-02-20 04:00:00+00:00,67316.84,67994.09,67068.22,67800.66,10015,1800,0
2026-02-20 08:00:00+00:00,67801.57,68297.34,67257.15,67304.0,10813,1800,0
2026-02-20 12:00:00+00:00,67306.88,68099.39,66412.98,67552.76,34141,1800,0
2026-02-20 16:00:00+00:00,67562.82,67991.77,66923.44,67613.04,26316,1800,0
2026-02-20 20:00:00+00:00,67611.58,68225.79,67485.85,67973.16,9435,1800,0
2026-02-21 00:00:00+00:00,67981.37,68090.38,67491.81,67640.66,6685,1800,0
2026-02-21 04:00:00+00:00,67647.46,67905.94,67553.44,67834.51,5043,1800,0
2026-02-21 08:00:00+00:00,67828.79,68288.19,67776.37,68071.22,6444,1800,0
2026-02-21 12:00:00+00:00,68062.5,68694.17,67890.46,68583.75,8278,1800,0
2026-02-21 16:00:00+00:00,68587.26,68650.8,68068.45,68529.56,7727,1800,0
2026-02-21 20:00:00+00:00,68529.09,68578.38,67870.19,67954.94,6880,1800,0
2026-02-22 00:00:00+00:00,67950.31,68208.74,67773.19,68018.26,6888,1800,0
2026-02-22 04:00:00+00:00,68020.09,68209.14,67846.83,67981.78,4899,1800,0
2026-02-22 08:00:00+00:00,67979.54,68227.14,67887.23,68185.74,4981,1800,0
2026-02-22 12:00:00+00:00,68185.7,68221.8,67276.45,67666.59,10152,1800,0
2026-02-22 16:00:00+00:00,67667.12,67703.62,67138.79,67388.11,6367,1800,0
2026-02-22 20:00:00+00:00,67386.79,67719.31,67304.03,67609.32,6758,1800,0
2026-02-23 00:00:00+00:00,67617.76,67647.78,64255.67,64910.97,30557,1800,0
2026-02-23 04:00:00+00:00,64939.47,65997.43,64640.42,65925.77,12286,1800,0
2026-02-23 08:00:00+00:00,65923.38,66594.66,65540.66,66193.52,12545,1800,0
2026-02-23 12:00:00+00:00,66197.73,66509.56,65501.15,65635.12,22880,1800,0
2026-02-23 16:00:00+00:00,65636.06,65715.42,64047.65,64275.65,25778,1800,0
2026-02-23 20:00:00+00:00,64274.29,65000.55,63851.71,64622.69,12986,1800,0
2026-02-24 00:00:00+00:00,64624.13,64983.38,63295.82,63568.3,25113,1800,0
2026-02-24 04:00:00+00:00,63568.5,63602.66,62663.08,63152.78,19716,1800,0
2026-02-24 08:00:00+00:00,63153.26,63406.2,62904.43,63197.34,12060,1800,0
2026-02-24 12:00:00+00:00,63199.49,64033.65,62406.98,63955.59,28034,1800,0
2026-02-24 16:00:00+00:00,63957.77,64746.93,63681.24,64438.77,20201,1800,0
2026-02-24 20:00:00+00:00,64436.24,64591.15,63791.11,64058.64,10348,1800,0
2026-02-25 00:00:00+00:00,64059.64,66308.23,63892.8,65388.96,25384,1800,0
2026-02-25 04:00:00+00:00,65385.7,65653.99,64730.9,65018.97,12606,1800,0
2026-02-25 08:00:00+00:00,65013.92,65696.68,64941.16,65417.45,10503,1800,0
2026-02-25 12:00:00+00:00,65418.77,67596.43,65291.06,67404.68,28805,1800,0
2026-02-25 16:00:00+00:00,67401.84,69579.31,67394.71,69041.59,32055,1800,0
2026-02-25 20:00:00+00:00,69042.1,70052.69,67582.92,67990.12,25570,1800,0
2026-02-26 00:00:00+00:00,67989.49,68713.13,67718.03,68209.31,19389,1800,0
2026-02-26 04:00:00+00:00,68209.27,68872.47,67803.57,67834.4,13671,1800,0
2026-02-26 08:00:00+00:00,67838.11,68719.26,67772.03,68052.07,12372,1800,0
2026-02-26 12:00:00+00:00,68051.98,68298.41,66747.93,67391.78,31065,1800,0
2026-02-26 16:00:00+00:00,67392.56,67915.08,66483.35,67579.75,26611,1800,0
2026-02-26 20:00:00+00:00,67580.4,67822.94,67137.41,67485.36,10400,1800,0
2026-02-27 00:00:00+00:00,67479.95,67707.55,66869.87,67590.54,14007,1800,0
2026-02-27 04:00:00+00:00,67590.84,68221.35,67440.73,67672.4,12094,1800,0
2026-02-27 08:00:00+00:00,67671.87,68164.78,65944.87,66127.1,20065,1800,0
2026-02-27 12:00:00+00:00,66123.73,66345.6,65649.8,66098.6,27266,1800,0
2026-02-27 16:00:00+00:00,66097.76,66121.6,65088.97,65365.0,19717,1800,0
2026-02-27 20:00:00+00:00,65372.37,65947.28,64894.9,65855.89,11356,1800,0
2026-02-28 00:00:00+00:00,65853.85,66024.25,65692.34,65794.23,7295,1800,0
2026-02-28 04:00:00+00:00,65788.25,65814.72,63003.63,63814.88,30749,1800,0
2026-02-28 08:00:00+00:00,63823.24,64309.38,63345.2,63842.75,17783,1800,0
2026-02-28 12:00:00+00:00,63844.9,65360.13,63814.1,64834.89,24806,1800,0
2026-02-28 16:00:00+00:00,64831.74,66674.59,64664.95,66342.98,20047,1800,0
2026-02-28 20:00:00+00:00,66348.33,67768.14,66173.38,66969.97,23059,1800,0
2026-03-01 00:00:00+00:00,66959.32,68210.1,66039.5,67505.9,25122,1800,0
2026-03-01 04:00:00+00:00,67506.61,67607.53,66773.79,67138.5,11973,1800,0
2026-03-01 08:00:00+00:00,67147.73,67298.4,66202.12,66467.02,13599,1800,0
2026-03-01 12:00:00+00:00,66451.82,67363.64,66124.33,66852.24,20799,1800,0
2026-03-01 16:00:00+00:00,66855.37,67114.94,65704.94,65951.92,20190,1800,0
2026-03-01 20:00:00+00:00,65948.81,66807.42,65018.19,65766.16,22660,1800,0
2026-03-02 00:00:00+00:00,65766.48,67111.92,65740.56,66805.48,26559,1800,0
2026-03-02 04:00:00+00:00,66811.13,66991.12,65536.34,65996.05,17547,1800,0
2026-03-02 08:00:00+00:00,65999.12,66728.46,65632.41,66352.52,18360,1800,0
2026-03-02 12:00:00+00:00,66345.34,69628.57,65237.78,69128.2,46435,1800,0
2026-03-02 16:00:00+00:00,69116.55,70143.63,68570.58,68965.33,34041,1800,0
2026-03-02 20:00:00+00:00,68966.47,69556.95,68574.91,68827.69,19884,1800,0
2026-03-03 00:00:00+00:00,68828.39,69257.92,68171.45,68359.96,19459,1800,0
2026-03-03 04:00:00+00:00,68362.92,68566.78,67771.43,68162.66,15891,1800,0
2026-03-03 08:00:00+00:00,68162.56,68306.46,66295.49,67012.33,25173,1800,0
2026-03-03 12:00:00+00:00,67010.37,67977.88,66092.14,67715.71,44332,1800,0
2026-03-03 16:00:00+00:00,67713.29,68991.26,67456.71,68440.09,43763,1800,0
2026-03-03 20:00:00+00:00,68441.16,68860.66,67805.43,68330.01,16965,1800,0
2026-03-04 00:00:00+00:00,68329.3,68913.01,67376.66,67713.65,23755,1800,0
2026-03-04 04:00:00+00:00,67714.98,69685.65,67437.71,69482.65,21034,1800,0
2026-03-04 08:00:00+00:00,69487.04,71901.28,69122.34,71098.86,36732,1800,0
2026-03-04 12:00:00+00:00,71099.31,73497.2,70577.58,73396.38,45781,1800,0
2026-03-04 16:00:00+00:00,73394.51,74123.3,72539.19,73670.99,34666,1800,0
2026-03-04 20:00:00+00:00,73670.23,73761.34,72305.84,72681.82,17123,1800,0
2026-03-05 00:00:00+00:00,72684.61,73351.15,72336.9,72517.19,19141,1800,0
2026-03-05 04:00:00+00:00,72516.6,73110.76,71783.12,72064.03,16250,1800,0
2026-03-05 08:00:00+00:00,72062.34,73578.31,71758.6,72926.1,22649,1800,0
2026-03-05 12:00:00+00:00,72932.31,73091.98,71161.77,71660.29,37377,1800,0
2026-03-05 16:00:00+00:00,71649.77,71660.09,70642.36,70904.87,29116,1800,0
2026-03-05 20:00:00+00:00,70908.16,71580.83,70763.76,70865.92,14989,1800,0
2026-03-06 00:00:00+00:00,70875.12,71427.58,70370.34,71074.82,16364,1800,0
2026-03-06 04:00:00+00:00,71069.2,71200.0,70124.06,71060.31,15942,1800,0
2026-03-06 08:00:00+00:00,71058.14,71070.74,70186.74,70217.21,15909,1800,0
2026-03-06 12:00:00+00:00,70217.22,70354.95,68152.94,68491.59,40916,1800,0
2026-03-06 16:00:00+00:00,68492.54,68787.72,67727.51,68116.95,26319,1800,0
2026-03-06 20:00:00+00:00,68112.06,68438.01,67746.15,68109.54,12030,1800,0
2026-03-07 00:00:00+00:00,68107.1,68547.33,68032.31,68081.64,8261,1800,0
2026-03-07 04:00:00+00:00,68088.26,68149.17,67425.5,67834.05,10076,1800,0
2026-03-07 08:00:00+00:00,67833.83,68241.84,67689.51,68011.81,8484,1800,0
2026-03-07 12:00:00+00:00,68011.87,68093.38,67598.96,67871.2,9096,1800,0
2026-03-07 16:00:00+00:00,67873.34,67945.79,66888.12,67076.1,10505,1800,0
2026-03-07 20:00:00+00:00,67075.48,67477.39,67060.05,67265.86,8929,1800,0
2026-03-08 00:00:00+00:00,67262.94,67488.01,66785.86,66997.57,9929,1800,0
2026-03-08 04:00:00+00:00,66994.09,67457.25,66534.82,67294.84,10310,1800,0
2026-03-08 08:00:00+00:00,67294.31,68191.65,67140.04,67509.23,12228,1800,0
2026-03-08 12:00:00+00:00,67498.16,67635.47,66778.67,67200.15,16274,1800,0
2026-03-08 16:00:00+00:00,67197.72,67475.69,66733.29,67317.29,11936,1800,0
2026-03-08 20:00:00+00:00,67314.34,67521.94,65608.88,65971.88,22552,1800,0
2026-03-09 00:00:00+00:00,65972.11,67669.05,65798.43,67186.4,28785,1800,0
2026-03-09 04:00:00+00:00,67191.56,68056.96,66855.21,67524.21,19544,1800,0
2026-03-09 08:00:00+00:00,67527.94,68461.79,67316.9,67738.98,20189,1800,0
2026-03-09 12:00:00+00:00,67740.25,69497.0,67731.13,68882.29,32639,1800,0
2026-03-09 16:00:00+00:00,68887.18,69542.04,68233.94,68996.75,25406,1800,0
2026-03-09 20:00:00+00:00,69009.22,69160.92,68377.81,68429.3,12670,1800,0
2026-03-10 00:00:00+00:00,68427.75,70587.77,68382.78,69431.46,20954,1800,0
2026-03-10 04:00:00+00:00,69431.35,70538.18,69430.5,70401.5,16266,1800,0
2026-03-10 08:00:00+00:00,70409.6,71301.04,70355.81,70601.75,17735,1800,0
2026-03-10 12:00:00+00:00,70602.7,71785.58,69212.86,71340.12,37631,1800,0
2026-03-10 16:00:00+00:00,71342.53,71738.94,69718.48,70047.55,32853,1800,0
2026-03-10 20:00:00+00:00,70044.54,70429.17,69429.66,69947.56,12473,1800,0
2026-03-11 00:00:00+00:00,69954.4,70177.83,69489.16,69551.07,13669,1800,0
2026-03-11 04:00:00+00:00,69552.93,70288.5,69377.47,69650.23,12823,1800,0
2026-03-11 08:00:00+00:00,69650.74,69789.84,69121.13,69184.73,12873,1800,0
2026-03-11 12:00:00+00:00,69174.0,71092.8,68958.2,70242.94,38717,1800,0
2026-03-11 16:00:00+00:00,70242.84,71337.91,70159.66,70650.13,25290,1800,0
2026-03-11 20:00:00+00:00,70649.16,70973.56,70120.58,70201.32,11278,1800,0
2026-03-12 00:00:00+00:00,70203.13,70358.81,69215.11,69441.96,14277,1800,0
2026-03-12 04:00:00+00:00,69441.72,69856.3,69191.41,69817.14,10279,1800,0
2026-03-12 08:00:00+00:00,69818.08,70814.01,69571.77,70430.86,14166,1800,0
2026-03-12 12:00:00+00:00,70439.9,70687.48,69344.04,70324.25,31479,1800,0
2026-03-12 16:00:00+00:00,70325.05,70586.94,69762.1,70448.71,23401,1800,0
2026-03-12 20:00:00+00:00,70443.35,70756.56,70000.19,70523.87,11013,1800,0
2026-03-13 00:00:00+00:00,70520.46,72004.25,70385.94,71390.67,22362,1800,0
2026-03-13 04:00:00+00:00,71390.74,71688.24,71174.49,71630.73,11763,1800,0
2026-03-13 08:00:00+00:00,71628.79,72605.12,71380.2,72241.47,15301,1800,0
2026-03-13 12:00:00+00:00,72237.59,73939.98,71737.39,71842.11,35353,1800,0
2026-03-13 16:00:00+00:00,71843.69,72261.7,70838.17,71191.31,24041,1800,0
2026-03-13 20:00:00+00:00,71194.33,71491.89,70544.07,70935.25,10900,1800,0
2026-03-14 00:00:00+00:00,70937.69,71184.41,70466.58,71077.34,9169,1800,0
2026-03-14 04:00:00+00:00,71076.56,71314.0,70301.97,70606.78,9312,1800,0
2026-03-14 08:00:00+00:00,70609.34,70791.6,70382.25,70742.8,7103,1800,0
2026-03-14 12:00:00+00:00,70747.17,70957.81,70485.87,70592.01,7345,1800,0
2026-03-14 16:00:00+00:00,70592.99,70748.57,70487.15,70698.45,5396,1800,0
2026-03-14 20:00:00+00:00,70698.72,71268.07,70644.88,71213.17,7121,1800,0
2026-03-15 00:00:00+00:00,71219.14,71644.82,70859.7,71364.68,9799,1800,0
2026-03-15 04:00:00+00:00,71360.33,71791.96,71317.14,71456.11,7579,1800,0
2026-03-15 08:00:00+00:00,71456.42,71940.93,71456.42,71839.06,7706,1800,0
2026-03-15 12:00:00+00:00,71842.34,71851.94,71262.39,71484.01,9223,1800,0
2026-03-15 16:00:00+00:00,71481.97,71997.99,71299.13,71552.18,8427,1800,0
2026-03-15 20:00:00+00:00,71551.14,73226.4,71430.68,72812.13,19407,1800,0
2026-03-16 00:00:00+00:00,72818.78,74322.63,72268.82,73574.99,18806,1800,0
2026-03-16 04:00:00+00:00,73577.05,74470.39,73367.49,73454.4,16127,1800,0
2026-03-16 08:00:00+00:00,73452.89,73853.29,72873.93,73556.59,12773,1800,0
2026-03-16 12:00:00+00:00,73555.16,74527.49,72978.35,73282.01,27845,1800,0
2026-03-16 16:00:00+00:00,73279.38,74431.3,73150.92,73964.73,20179,1800,0
2026-03-16 20:00:00+00:00,73957.19,74923.69,73851.06,74873.5,14775,1800,0
2026-03-17 00:00:00+00:00,74867.53,76012.62,74268.75,74471.26,24261,1800,0
2026-03-17 04:00:00+00:00,74471.37,74685.61,73767.61,74260.4,14109,1800,0
2026-03-17 08:00:00+00:00,74260.33,74463.73,73552.94,74023.65,12492,1800,0
2026-03-17 12:00:00+00:00,74034.11,74912.29,73386.1,73937.72,24043,1800,0
2026-03-17 16:00:00+00:00,73936.95,74826.85,73870.22,74523.03,15310,1800,0
2026-03-17 20:00:00+00:00,74523.41,74810.15,73877.57,73936.94,9656,1800,0
2026-03-18 00:00:00+00:00,73930.2,74692.56,73539.95,74463.84,11943,1800,0
2026-03-18 04:00:00+00:00,74466.69,74510.61,73701.61,73893.58,8820,1800,0
2026-03-18 08:00:00+00:00,73890.84,74309.97,72800.06,72955.72,13077,1800,0
2026-03-18 12:00:00+00:00,72953.92,73007.4,70851.5,71470.97,29235,1800,0
2026-03-18 16:00:00+00:00,71470.95,72012.87,70892.57,71065.42,21534,1800,0
2026-03-18 20:00:00+00:00,71056.68,71439.42,70481.37,71231.23,12053,1800,0
2026-03-19 00:00:00+00:00,71230.47,71619.72,70886.21,71210.65,12266,1800,0
2026-03-19 04:00:00+00:00,71213.26,71213.26,69478.07,70183.99,16526,1800,0
2026-03-19 08:00:00+00:00,70185.3,70567.35,69889.4,69956.57,13851,1800,0
2026-03-19 12:00:00+00:00,69956.48,70167.72,68782.39,69398.7,30599,1800,0
2026-03-19 16:00:00+00:00,69401.29,70599.52,69092.1,70266.61,22610,1800,0
2026-03-19 20:00:00+00:00,70266.8,70687.59,69709.04,69913.33,10566,1800,0
2026-03-20 00:00:00+00:00,69912.64,70798.91,69826.34,70721.26,12197,1800,0
2026-03-20 04:00:00+00:00,70723.99,70971.23,70180.1,70849.03,11526,1800,0
2026-03-20 08:00:00+00:00,70851.07,71360.43,70194.57,70463.76,14283,1800,0
2026-03-20 12:00:00+00:00,70464.01,70684.64,69458.93,69835.43,28696,1400,0
2026-03-20 16:00:00+00:00,69836.61,70186.77,69357.2,70166.12,22047,1400,0
2026-03-20 20:00:00+00:00,70167.88,70914.57,69730.01,70489.88,11822,1400,0
2026-03-21 00:00:00+00:00,70487.27,70817.53,70415.06,70656.69,8148,1400,0
2026-03-21 04:00:00+00:00,70650.64,70870.3,70599.28,70704.35,7042,1400,0
2026-03-21 08:00:00+00:00,70704.29,70748.21,70476.83,70632.87,6499,1400,0
2026-03-21 12:00:00+00:00,70633.03,71094.51,70436.34,70614.78,8245,1400,0
2026-03-21 16:00:00+00:00,70612.31,70640.73,70170.3,70370.81,6680,1400,0
2026-03-21 20:00:00+00:00,70370.79,70501.94,68538.03,68906.02,11226,1400,0
2026-03-22 00:00:00+00:00,68919.43,69580.09,68225.21,69319.7,20818,1400,0
2026-03-22 04:00:00+00:00,69322.38,69520.19,68873.47,68912.15,8936,1400,0
2026-03-22 08:00:00+00:00,68912.02,68975.97,68063.56,68208.11,12290,1400,0
2026-03-22 12:00:00+00:00,68210.43,69023.92,68173.95,68834.61,11633,1400,0
2026-03-22 16:00:00+00:00,68836.9,68879.81,68128.3,68195.96,9620,1400,0
2026-03-22 20:00:00+00:00,68198.49,68497.21,67324.07,67845.73,18831,1400,0
2026-03-23 00:00:00+00:00,67844.7,68573.18,67421.32,68056.29,20433,1400,0
2026-03-23 04:00:00+00:00,68056.0,68888.74,67476.64,68291.46,19670,1400,0
2026-03-23 08:00:00+00:00,68293.77,71485.7,67887.99,70103.36,41052,1400,0
2026-03-23 12:00:00+00:00,70106.05,71811.85,69641.28,70125.45,46365,1400,0
2026-03-23 16:00:00+00:00,70125.33,71237.12,70104.89,70651.73,26704,1400,0
2026-03-23 20:00:00+00:00,70651.8,70986.0,70366.11,70866.74,11625,1400,0
2026-03-24 00:00:00+00:00,70873.78,71076.34,70250.55,70520.81,16644,1400,0
2026-03-24 04:00:00+00:00,70516.5,71390.71,70088.87,71275.29,14464,1400,0
2026-03-24 08:00:00+00:00,71268.18,71353.23,70821.54,71135.17,13827,1400,0
2026-03-24 12:00:00+00:00,71137.51,71166.0,69472.95,69835.72,31931,1400,0
2026-03-24 16:00:00+00:00,69833.68,69985.2,68875.77,69335.08,21941,1400,0
2026-03-24 20:00:00+00:00,69328.12,70806.77,69241.41,70519.36,16567,1400,0
2026-03-25 00:00:00+00:00,70527.37,71028.83,70363.09,70689.6,13152,1400,0
2026-03-25 04:00:00+00:00,70686.4,71317.75,70648.36,70912.49,10184,1400,0
2026-03-25 08:00:00+00:00,70913.6,72040.9,70762.85,71674.93,13422,1400,0
2026-03-25 12:00:00+00:00,71675.21,71950.97,70552.77,70811.53,25931,1400,0
2026-03-25 16:00:00+00:00,70799.99,71737.89,70643.42,70855.1,17237,1400,0
2026-03-25 20:00:00+00:00,70860.56,71575.77,70598.2,71308.4,9981,1400,0
2026-03-26 00:00:00+00:00,71297.51,71403.54,70643.34,70861.43,11102,1400,0
2026-03-26 04:00:00+00:00,70875.77,70881.29,69745.07,70060.19,12804,1400,0
2026-03-26 08:00:00+00:00,70057.01,70128.24,69138.75,69243.01,14337,1400,0
2026-03-26 12:00:00+00:00,69240.7,69862.96,68573.36,69039.87,22253,1400,0
2026-03-26 16:00:00+00:00,69037.1,69118.0,68099.08,68479.17,16097,1400,0
2026-03-26 20:00:00+00:00,68470.4,69438.09,68367.29,68768.82,15242,1400,0
2026-03-27 00:00:00+00:00,68769.15,69133.58,68461.05,68717.02,10530,1400,0
2026-03-27 04:00:00+00:00,68717.64,68911.52,68248.16,68478.05,10800,1400,0
2026-03-27 08:00:00+00:00,68483.86,68592.39,66185.87,66665.33,21046,1400,0
2026-03-27 12:00:00+00:00,66667.13,66746.75,65673.62,66077.53,23651,1400,0
2026-03-27 16:00:00+00:00,66076.41,66249.36,65479.94,65983.69,18991,1400,0
2026-03-27 20:00:00+00:00,65980.06,66374.06,65743.39,66353.03,7996,1400,0
2026-03-28 00:00:00+00:00,66345.97,66467.31,65865.61,66172.25,7839,1400,0
2026-03-28 04:00:00+00:00,66180.26,66524.61,66049.15,66498.37,6179,1400,0
2026-03-28 08:00:00+00:00,66497.33,66522.34,66067.48,66273.97,5735,1400,0
2026-03-28 12:00:00+00:00,66270.73,67261.24,66171.4,66958.27,11337,1400,0
2026-03-28 16:00:00+00:00,66958.29,67049.79,66625.01,66855.1,7279,1400,0
2026-03-28 20:00:00+00:00,66855.04,66969.33,66213.85,66320.68,7776,1400,0
2026-03-29 00:00:00+00:00,66319.74,67074.23,66214.43,66847.27,8531,1400,0
2026-03-29 04:00:00+00:00,66851.55,66881.45,66490.46,66606.89,7097,1400,0
2026-03-29 08:00:00+00:00,66603.11,66960.45,66340.48,66758.45,8019,1400,0
2026-03-29 12:00:00+00:00,66752.33,66816.5,66256.29,66464.93,10285,1400,0
2026-03-29 16:00:00+00:00,66468.39,66600.42,66088.22,66286.36,8388,1400,0
2026-03-29 20:00:00+00:00,66291.97,66743.97,64925.79,65959.45,19685,1400,0
2026-03-30 00:00:00+00:00,65961.68,67436.75,65726.32,67100.87,26631,1400,0
2026-03-30 04:00:00+00:00,67102.66,67755.02,67087.13,67559.28,14719,1400,0
2026-03-30 08:00:00+00:00,67553.02,67952.9,67296.76,67620.91,12215,1400,0
2026-03-30 12:00:00+00:00,67623.25,68128.88,67026.16,67577.52,21572,1400,0
2026-03-30 16:00:00+00:00,67574.91,67597.71,66169.18,66479.92,17039,1400,0
2026-03-30 20:00:00+00:00,66477.86,66948.37,66346.82,66744.43,10157,1400,0
2026-03-31 00:00:00+00:00,66736.29,68351.25,66473.53,67648.02,19193,1400,0
2026-03-31 04:00:00+00:00,67648.65,67831.19,67036.08,67310.52,12672,1400,0
2026-03-31 08:00:00+00:00,67310.54,67445.75,65914.41,66617.47,17355,1400,0
2026-03-31 12:00:00+00:00,66625.06,67733.1,66348.26,66683.58,26371,1400,0
2026-03-31 16:00:00+00:00,66685.54,68539.57,66667.53,67765.92,27446,1400,0
2026-03-31 20:00:00+00:00,67761.25,68358.39,67757.18,68220.11,11816,1400,0
2026-04-01 00:00:00+00:00,68209.61,68311.82,67504.39,68112.25,13615,1400,0
2026-04-01 04:00:00+00:00,68105.09,69290.59,67933.44,68656.17,14789,1400,0
2026-04-01 08:00:00+00:00,68642.02,68824.48,68351.94,68686.79,11652,1400,0
2026-04-01 12:00:00+00:00,68684.35,68947.79,67889.14,68894.71,23515,1400,0
2026-04-01 16:00:00+00:00,68893.96,69149.73,67904.27,68154.47,16691,1400,0
2026-04-01 20:00:00+00:00,68139.97,68534.35,67941.47,68110.5,10566,1400,0
2026-04-02 00:00:00+00:00,68108.52,68652.11,66475.57,66551.85,28346,1400,0
2026-04-02 04:00:00+00:00,66552.61,66918.85,66187.63,66899.76,10740,1400,0
2026-04-02 08:00:00+00:00,66902.71,66902.71,66092.55,66183.7,10305,1400,0
2026-04-02 12:00:00+00:00,66188.21,67100.15,65682.9,66836.75,25878,1400,0
2026-04-02 16:00:00+00:00,66827.7,67432.61,66578.07,66967.24,14835,1400,0
2026-04-02 20:00:00+00:00,66972.11,67098.77,66705.04,66887.14,8146,1400,0
2026-04-03 00:00:00+00:00,66889.92,66991.45,66264.53,66570.31,11280,1400,0
2026-04-03 04:00:00+00:00,66571.12,67263.72,66395.26,67042.8,10440,1400,0
2026-04-03 08:00:00+00:00,67035.38,67288.89,66661.43,67007.7,8564,1400,0
2026-04-03 12:00:00+00:00,67011.69,67371.13,66499.93,66815.61,11760,1400,0
2026-04-03 16:00:00+00:00,66825.34,67072.56,66748.15,66867.06,6734,1400,0
2026-04-03 20:00:00+00:00,66866.97,66980.98,66808.57,66946.67,5376,1400,0
2026-04-04 00:00:00+00:00,66946.9,66952.99,66791.36,66821.26,4480,1400,0
2026-04-04 04:00:00+00:00,66819.78,67047.81,66761.64,66995.91,4244,1400,0
2026-04-04 08:00:00+00:00,67003.85,67234.02,66889.68,67148.89,4724,1400,0
2026-04-04 12:00:00+00:00,67137.62,67571.23,67015.28,67370.84,5742,1400,0
2026-04-04 16:00:00+00:00,67379.85,67544.07,67235.99,67273.48,5815,1400,0
2026-04-04 20:00:00+00:00,67277.64,67472.57,67164.23,67290.7,4805,1400,0
2026-04-05 00:00:00+00:00,67296.12,67298.81,66926.55,67130.78,4866,1400,0
2026-04-05 04:00:00+00:00,67122.19,67179.68,66587.89,66805.06,6365,1400,0
2026-04-05 08:00:00+00:00,66802.45,67141.8,66792.68,66980.37,5291,1400,0
2026-04-05 12:00:00+00:00,66979.41,67834.9,66657.2,67284.29,9453,1400,0
2026-04-05 16:00:00+00:00,67284.45,67549.81,67145.14,67333.98,6770,1400,0
2026-04-05 20:00:00+00:00,67334.61,69120.62,67304.67,68998.46,15072,1400,0
2026-04-06 00:00:00+00:00,69000.06,69587.63,68737.52,69101.27,16945,1400,0
2026-04-06 04:00:00+00:00,69100.72,69344.58,68783.25,69099.18,9437,1400,0
2026-04-06 08:00:00+00:00,69102.49,70272.2,69054.07,69617.54,12237,1400,0
2026-04-06 12:00:00+00:00,69615.37,69980.14,69117.04,69964.1,18098,1400,0
2026-04-06 16:00:00+00:00,69969.32,70368.57,69267.19,69752.4,15048,1400,0
2026-04-06 20:00:00+00:00,69737.32,69994.51,68263.53,68834.55,12086,1400,0
2026-04-07 00:00:00+00:00,68832.48,69127.97,68257.7,68778.04,13162,1400,0
2026-04-07 04:00:00+00:00,68760.19,68984.87,68419.38,68614.6,8180,1400,0
2026-04-07 08:00:00+00:00,68616.33,69259.03,68049.78,68331.36,13674,1400,0
2026-04-07 12:00:00+00:00,68324.64,68638.35,67708.17,68144.14,18430,1400,0
2026-04-07 16:00:00+00:00,68143.27,69078.64,68051.7,68986.39,16156,1400,0
2026-04-07 20:00:00+00:00,68990.05,72763.92,68990.05,71895.49,34370,1400,0
2026-04-08 00:00:00+00:00,71893.94,72112.26,71207.8,71280.32,13333,1400,0
2026-04-08 04:00:00+00:00,71278.95,71944.11,71271.45,71640.11,9050,1400,0
2026-04-08 08:00:00+00:00,71643.1,71959.87,71397.91,71691.0,8921,1400,0
2026-04-08 12:00:00+00:00,71693.93,72886.2,70682.03,71300.32,26217,1400,0
2026-04-08 16:00:00+00:00,71299.22,71975.46,71003.48,71338.44,16474,1400,0
2026-04-08 20:00:00+00:00,71330.32,71754.65,70891.23,71073.71,9584,1400,0
2026-04-09 00:00:00+00:00,71067.73,71205.73,70447.97,70994.96,12653,1400,0
2026-04-09 04:00:00+00:00,70993.73,71135.32,70687.51,70982.89,7799,1400,0
2026-04-09 08:00:00+00:00,70987.59,71585.72,70864.34,71144.96,8194,1400,0
2026-04-09 12:00:00+00:00,71144.52,72363.04,70505.86,72148.5,22308,1400,0
2026-04-09 16:00:00+00:00,72149.97,72567.96,71723.77,72099.38,20019,1400,0
2026-04-09 20:00:00+00:00,72098.93,73174.3,71569.78,71778.89,15574,1400,0
2026-04-10 00:00:00+00:00,71780.28,72397.7,71581.34,71872.67,13211,1400,0
2026-04-10 04:00:00+00:00,71873.71,72286.32,71420.71,71498.74,8689,1400,0
2026-04-10 08:00:00+00:00,71503.35,72279.29,71417.08,72138.67,8916,1400,0
2026-04-10 12:00:00+00:00,72143.92,73334.45,71909.4,72481.24,21888,1400,0
2026-04-10 16:00:00+00:00,72488.23,73298.92,72399.78,73261.54,12258,1400,0
2026-04-10 20:00:00+00:00,73259.3,73485.81,72737.59,72982.15,8655,1400,0
2026-04-11 00:00:00+00:00,72981.5,73143.25,72689.49,72908.59,6248,1400,0
2026-04-11 04:00:00+00:00,72909.83,72985.57,72634.43,72774.81,5563,1400,0
2026-04-11 08:00:00+00:00,72775.1,72956.56,72647.42,72938.62,5300,1400,0
2026-04-11 12:00:00+00:00,72938.52,73023.17,72538.27,72879.57,7124,1400,0
2026-04-11 16:00:00+00:00,72877.96,73847.75,72842.21,73703.93,10380,1400,0
2026-04-11 20:00:00+00:00,73704.24,73726.74,72922.75,73084.66,8633,1400,0
2026-04-12 00:00:00+00:00,73084.13,73162.05,71329.7,71626.31,16257,1400,0
2026-04-12 04:00:00+00:00,71629.61,71812.67,71429.8,71703.63,7241,1400,0
2026-04-12 08:00:00+00:00,71703.74,71820.11,71363.51,71494.14,6287,1400,0
2026-04-12 12:00:00+00:00,71491.2,71532.41,70618.76,70918.26,11527,1400,0
2026-04-12 16:00:00+00:00,70920.58,71267.15,70837.49,71111.33,6765,1400,0
2026-04-12 20:00:00+00:00,71110.44,71484.78,70504.09,70743.56,12806,1400,0
2026-04-13 00:00:00+00:00,70746.38,71293.23,70614.88,70986.02,10725,1400,0
2026-04-13 04:00:00+00:00,70986.22,71162.95,70675.67,70833.59,8440,1400,0
2026-04-13 08:00:00+00:00,70834.72,71012.56,70563.96,70929.94,8380,1400,0
2026-04-13 12:00:00+00:00,70932.72,72520.13,70752.47,71892.51,21133,1400,0
2026-04-13 16:00:00+00:00,71897.29,73534.01,71695.03,73359.57,18055,1400,0
2026-04-13 20:00:00+00:00,73357.33,74933.67,73057.02,74449.54,20709,1400,0
2026-04-14 00:00:00+00:00,74447.74,74643.92,73998.31,74477.82,10750,1400,0
2026-04-14 04:00:00+00:00,74478.64,74973.48,74185.52,74585.68,8668,1400,0
2026-04-14 08:00:00+00:00,74582.87,74948.69,74320.11,74405.76,9322,1400,0
2026-04-14 12:00:00+00:00,74403.26,76112.38,74291.71,75362.38,24581,1400,0
2026-04-14 16:00:00+00:00,75359.16,75750.9,73883.0,74283.53,17928,1400,0
2026-04-14 20:00:00+00:00,74288.06,74487.07,73840.2,74169.06,11294,1400,0
2026-04-15 00:00:00+00:00,74171.74,74826.98,74149.04,74376.26,11207,1400,0
2026-04-15 04:00:00+00:00,74376.35,74476.13,73533.27,73774.23,10077,1400,0
2026-04-15 08:00:00+00:00,73763.98,74289.36,73697.3,74227.04,10317,1400,0
2026-04-15 12:00:00+00:00,74228.93,74540.27,73592.35,73849.05,18151,1400,0
2026-04-15 16:00:00+00:00,73848.74,75307.82,73766.21,75040.46,15499,1400,0
2026-04-15 20:00:00+00:00,75046.19,75465.83,74521.82,74831.31,12131,1400,0
2026-04-16 00:00:00+00:00,74829.58,75293.59,74444.24,74907.08,12133,1400,0
2026-04-16 04:00:00+00:00,74897.92,75192.28,74635.91,74714.76,8810,1400,0
2026-04-16 08:00:00+00:00,74713.25,74919.9,74283.87,74581.72,10243,1400,0
2026-04-16 12:00:00+00:00,74581.14,75040.1,73305.3,74707.88,23518,1400,0
2026-04-16 16:00:00+00:00,74716.01,75433.46,73901.86,75369.14,19952,1400,0
2026-04-16 20:00:00+00:00,75367.12,75557.94,74809.39,75160.94,12110,1400,0
2026-04-17 00:00:00+00:00,75161.47,75179.58,74527.11,74634.29,9567,1400,0
2026-04-17 04:00:00+00:00,74629.98,75113.31,74557.81,75100.9,8226,1400,0
2026-04-17 08:00:00+00:00,75091.92,76391.66,75004.68,75613.31,15578,1400,0
2026-04-17 12:00:00+00:00,75610.39,78122.36,75550.47,77828.46,38637,1400,0
2026-04-17 16:00:00+00:00,77827.44,78403.19,76989.19,77430.4,21419,1400,0
2026-04-17 20:00:00+00:00,77442.16,77659.87,76916.36,77097.59,9916,1400,0
2026-04-18 00:00:00+00:00,77095.16,77457.03,76985.19,77044.02,8365,1400,0
2026-04-18 04:00:00+00:00,77044.73,77307.54,76897.59,77015.79,6792,1400,0
2026-04-18 08:00:00+00:00,77019.57,77067.12,75774.66,76055.67,11997,1400,0
2026-04-18 12:00:00+00:00,76058.63,76403.92,75802.84,76187.63,10052,1400,0
2026-04-18 16:00:00+00:00,76194.37,76247.58,75456.58,75667.83,9640,1400,0
2026-04-18 20:00:00+00:00,75673.31,75926.43,75622.54,75730.32,6827,1400,0
2026-04-19 00:00:00+00:00,75729.98,75874.18,75389.27,75544.36,8204,1400,0
2026-04-19 04:00:00+00:00,75544.75,75822.0,74907.74,75284.26,8449,1400,0
2026-04-19 08:00:00+00:00,75283.15,75671.68,74947.41,75623.12,9176,1400,0
2026-04-19 12:00:00+00:00,75636.68,76274.3,75418.59,75884.55,14586,1400,0
2026-04-19 16:00:00+00:00,75880.8,75892.71,74606.26,74979.0,16461,1400,0
2026-04-19 20:00:00+00:00,74979.16,74983.24,73782.62,73824.44,18394,1400,0
2026-04-20 00:00:00+00:00,73827.01,74776.19,73726.86,74664.03,11790,1400,0
2026-04-20 04:00:00+00:00,74666.9,75603.0,74115.37,74858.37,12855,1400,0
2026-04-20 08:00:00+00:00,74859.8,75437.92,74622.12,75208.5,12719,1400,0
2026-04-20 12:00:00+00:00,75214.2,75816.36,74724.05,75738.48,29545,1400,0
2026-04-20 16:00:00+00:00,75745.6,76514.09,75304.74,76318.93,16295,1400,0
2026-04-20 20:00:00+00:00,76317.68,76613.98,75639.47,75868.18,9506,1400,0
2026-04-21 00:00:00+00:00,75868.91,76295.09,75502.97,75728.89,9717,1400,0
2026-04-21 04:00:00+00:00,75724.89,76343.67,75620.05,76113.38,8616,1400,0
2026-04-21 08:00:00+00:00,76114.8,76958.4,76082.58,76477.22,12433,1400,0
2026-04-21 12:00:00+00:00,76484.26,76627.35,75424.71,75848.15,24278,1400,0
2026-04-21 16:00:00+00:00,75850.2,76209.43,74825.3,75027.32,23178,1400,0
2026-04-21 20:00:00+00:00,75029.79,76454.71,74980.0,76348.32,12384,1400,0
2026-04-22 00:00:00+00:00,76352.98,77753.48,76145.36,77539.2,15430,1400,0
2026-04-22 04:00:00+00:00,77538.2,78480.94,77374.42,78026.22,12681,1400,0
2026-04-22 08:00:00+00:00,78027.59,78430.28,77938.34,78315.29,10033,1400,0
2026-04-22 12:00:00+00:00,78316.35,79446.96,78128.95,79314.9,22706,1400,0
2026-04-22 16:00:00+00:00,79315.74,79519.63,78640.98,78871.76,13615,1400,0
2026-04-22 20:00:00+00:00,78869.79,78944.29,78177.36,78211.51,9018,1400,0
2026-04-23 00:00:00+00:00,78209.29,78605.98,77469.21,77760.81,18032,1400,0
2026-04-23 04:00:00+00:00,77756.83,78370.88,77694.28,78073.65,9858,1400,0
2026-04-23 08:00:00+00:00,78076.14,78211.82,76749.4,77716.02,11665,1400,0
2026-04-23 12:00:00+00:00,77729.06,78701.81,77394.88,78394.04,19087,1400,0
2026-04-23 16:00:00+00:00,78399.54,78541.02,76975.29,77734.94,22644,1400,0
2026-04-23 20:00:00+00:00,77732.53,78359.85,77657.31,78270.52,8475,1400,0
2026-04-24 00:00:00+00:00,78276.08,78616.91,77572.94,77749.14,10563,1400,0
2026-04-24 04:00:00+00:00,77742.18,78077.7,77455.87,77677.41,8742,1400,0
2026-04-24 08:00:00+00:00,77677.03,78402.08,77420.02,78253.79,11497,1400,0
2026-04-24 12:00:00+00:00,78253.25,78497.0,77590.75,78059.28,18379,1400,0
2026-04-24 16:00:00+00:00,78061.45,78090.65,77372.03,77655.97,11393,1400,0
2026-04-24 20:00:00+00:00,77653.88,77788.59,77269.97,77458.66,6613,1400,0
2026-04-25 00:00:00+00:00,77450.41,77739.21,77327.46,77692.8,5388,1400,0
2026-04-25 04:00:00+00:00,77687.46,77721.67,77464.45,77502.99,4781,1400,0
2026-04-25 08:00:00+00:00,77513.04,77905.12,77499.09,77699.65,5440,1400,0
2026-04-25 12:00:00+00:00,77705.69,77772.22,77328.31,77353.4,5686,1400,0
2026-04-25 16:00:00+00:00,77353.18,77479.55,77163.15,77324.44,6247,1400,0
2026-04-25 20:00:00+00:00,77325.46,77667.9,77310.83,77637.96,5299,1400,0
2026-04-26 00:00:00+00:00,77639.57,77657.24,77337.08,77403.74,5174,1400,0
2026-04-26 04:00:00+00:00,77398.22,78217.46,77386.01,78116.0,7090,1400,0
2026-04-26 08:00:00+00:00,78120.88,78241.98,77935.51,78108.16,5500,1400,0
2026-04-26 12:00:00+00:00,78106.31,78190.28,77777.53,78061.73,6543,1400,0
2026-04-26 16:00:00+00:00,78062.99,78523.45,77862.15,78252.37,7496,1400,0
2026-04-26 20:00:00+00:00,78258.03,78992.21,77855.44,78666.78,13845,1400,0
2026-04-27 00:00:00+00:00,78668.37,79510.94,78395.31,79119.77,15515,1400,0
2026-04-27 04:00:00+00:00,79136.09,79176.36,77462.53,77612.03,13810,1400,0
2026-04-27 08:00:00+00:00,77611.36,77996.15,77556.85,77839.27,7393,1400,0
2026-04-27 12:00:00+00:00,77836.69,78269.84,76551.19,76786.0,18977,1400,0
2026-04-27 16:00:00+00:00,76777.84,76929.97,76425.03,76871.67,11014,1400,0
2026-04-27 20:00:00+00:00,76874.96,77450.9,76744.54,77352.15,6450,1400,0
2026-04-28 00:00:00+00:00,77353.2,77489.5,76655.85,76803.02,9356,1400,0
2026-04-28 04:00:00+00:00,76804.3,77155.86,76387.83,76869.61,8607,1400,0
2026-04-28 08:00:00+00:00,76876.5,77000.29,76101.74,76225.45,9248,1400,0
2026-04-28 12:00:00+00:00,76222.19,76426.21,75641.09,76041.64,17984,1400,0
2026-04-28 16:00:00+00:00,76050.14,76369.11,75859.78,76319.7,9506,1400,0
2026-04-28 20:00:00+00:00,76318.93,76483.29,76163.54,76312.58,6189,1400,0
2026-04-29 00:00:00+00:00,76314.59,77118.07,76153.52,76979.62,9621,1400,0
2026-04-29 04:00:00+00:00,76990.57,77446.55,76859.69,77019.33,8179,1400,0
2026-04-29 08:00:00+00:00,77019.92,77911.09,76941.56,77574.44,9931,1400,0
2026-04-29 12:00:00+00:00,77571.68,77589.23,75676.16,75877.67,17057,1400,0
2026-04-29 16:00:00+00:00,75893.05,76219.31,74877.29,75526.0,17084,1400,0
2026-04-29 20:00:00+00:00,75521.9,76070.88,75452.43,75752.83,9406,1400,0
2026-04-30 00:00:00+00:00,75752.89,76454.66,75456.61,75889.54,12667,1400,0
2026-04-30 04:00:00+00:00,75888.83,76151.9,75275.99,76128.67,10005,1400,0
2026-04-30 08:00:00+00:00,76139.5,76324.6,75836.46,76035.01,8638,1400,0
2026-04-30 12:00:00+00:00,76031.08,76645.79,76003.94,76437.36,15744,1400,0
2026-04-30 16:00:00+00:00,76430.84,76485.93,76059.55,76375.92,9000,1400,0
2026-04-30 20:00:00+00:00,76373.02,76543.23,76153.4,76314.47,6237,1400,0
2026-05-01 00:00:00+00:00,76316.26,77434.96,76269.07,77094.43,8696,1400,0
2026-05-01 04:00:00+00:00,77096.23,77179.53,76841.88,77103.16,6804,1400,0
2026-05-01 08:00:00+00:00,77103.09,77600.2,77023.2,77444.3,6735,1400,0
2026-05-01 12:00:00+00:00,77445.59,78927.41,77384.74,78424.59,17755,1400,0
2026-05-01 16:00:00+00:00,78424.24,78686.9,78105.02,78359.18,10975,1400,0
2026-05-01 20:00:00+00:00,78361.37,78429.03,77745.22,78229.82,6992,1400,0
2026-05-02 00:00:00+00:00,78224.3,78541.3,78153.39,78405.37,6069,1400,0
2026-05-02 04:00:00+00:00,78407.4,78441.29,78009.31,78222.91,5052,1400,0
2026-05-02 08:00:00+00:00,78223.82,78398.84,78083.73,78137.38,4290,1400,0
2026-05-02 12:00:00+00:00,78133.52,78490.36,78092.69,78482.99,4623,1400,0
2026-05-02 16:00:00+00:00,78477.1,78607.34,78304.23,78472.09,4491,1400,0
2026-05-02 20:00:00+00:00,78475.84,79176.49,78403.26,78678.7,6224,1400,0
2026-05-03 00:00:00+00:00,78684.35,78756.45,78100.73,78184.64,6314,1400,0
2026-05-03 04:00:00+00:00,78189.66,78447.73,78057.04,78355.53,5112,1400,0
2026-05-03 08:00:00+00:00,78352.5,78848.48,78325.55,78654.93,5644,1400,0
2026-05-03 12:00:00+00:00,78658.02,78883.9,78572.48,78652.48,5687,1400,0
2026-05-03 16:00:00+00:00,78652.56,78856.65,78538.89,78757.77,5122,1400,0
2026-05-03 20:00:00+00:00,78750.84,79451.44,78459.42,78565.75,12523,1400,0
2026-05-04 00:00:00+00:00,78558.14,80449.9,78256.16,80297.83,19799,1400,0
2026-05-04 04:00:00+00:00,80297.05,80621.6,79472.26,79692.67,10227,1400,0
2026-05-04 08:00:00+00:00,79693.16,79918.78,78176.1,78779.08,17454,1400,0
2026-05-04 12:00:00+00:00,78767.39,80563.39,78475.12,80020.39,23910,1400,0
2026-05-04 16:00:00+00:00,80023.53,80789.42,79595.25,80048.45,16443,1400,0
2026-05-04 20:00:00+00:00,80041.07,80394.95,79727.62,79848.61,6884,1400,0
2026-05-05 00:00:00+00:00,79845.98,81089.38,79776.13,80870.63,9712,1400,0
2026-05-05 04:00:00+00:00,80867.63,81332.58,80706.87,80851.34,9621,1400,0
2026-05-05 08:00:00+00:00,80846.85,81113.28,80508.23,81020.76,7281,1400,0
2026-05-05 12:00:00+00:00,81021.72,81711.48,80923.86,81539.39,16423,1400,0
2026-05-05 16:00:00+00:00,81540.12,81681.82,81048.66,81606.42,9624,1400,0
2026-05-05 20:00:00+00:00,81590.6,81785.74,80762.75,80901.61,11369,1400,0
2026-05-06 00:00:00+00:00,80897.69,81743.87,80708.02,81579.03,10371,1400,0
2026-05-06 04:00:00+00:00,81579.13,81636.72,81029.22,81365.87,8195,1400,0
2026-05-06 08:00:00+00:00,81364.06,82842.48,81308.54,82516.73,15260,1400,0
2026-05-06 12:00:00+00:00,82518.71,82539.37,81108.78,81686.63,19297,1400,0
2026-05-06 16:00:00+00:00,81688.75,81890.46,81165.5,81443.35,10566,1400,0
2026-05-06 20:00:00+00:00,81441.48,81702.86,80964.86,81424.19,7580,1400,0
2026-05-07 00:00:00+00:00,81425.15,81478.13,80820.01,80842.46,10095,1400,0
2026-05-07 04:00:00+00:00,80845.62,81714.83,80709.34,81515.64,8312,1400,0
2026-05-07 08:00:00+00:00,81515.74,81598.3,80547.37,80861.44,8939,1400,0
2026-05-07 12:00:00+00:00,80857.67,81199.93,79643.66,79895.0,17989,1400,0
2026-05-07 16:00:00+00:00,79898.06,80282.14,79476.22,80133.42,13923,1400,0
2026-05-07 20:00:00+00:00,80137.44,80373.46,79564.26,80009.88,8157,1400,0
2026-05-08 00:00:00+00:00,80009.78,80146.93,79156.83,79568.27,10164,1400,0
2026-05-08 04:00:00+00:00,79560.52,79774.98,79227.82,79659.08,8777,1400,0
2026-05-08 08:00:00+00:00,79661.88,80326.39,79647.52,80219.29,8911,1400,0
2026-05-08 12:00:00+00:00,80227.86,80511.7,79515.93,80123.16,17077,1400,0
2026-05-08 16:00:00+00:00,80128.08,80294.02,79702.9,80162.88,11196,1400,0
2026-05-08 20:00:00+00:00,80165.51,80412.38,80065.9,80187.85,6183,1400,0
2026-05-09 00:00:00+00:00,80189.74,80563.99,80113.86,80384.54,5932,1400,0
2026-05-09 04:00:00+00:00,80383.78,80653.61,80109.33,80215.91,5648,1400,0
2026-05-09 08:00:00+00:00,80215.29,80444.53,80148.28,80332.36,4828,1400,0
2026-05-09 12:00:00+00:00,80330.83,80597.75,80215.78,80515.9,5347,1400,0
2026-05-09 16:00:00+00:00,80521.3,81076.22,80466.98,80920.93,7076,1400,0
2026-05-09 20:00:00+00:00,80922.06,80935.23,80600.16,80655.42,4928,1400,0
2026-05-10 00:00:00+00:00,80650.93,80884.06,80540.83,80755.97,5606,1400,0
2026-05-10 04:00:00+00:00,80758.8,80833.94,80634.1,80718.07,4832,1400,0
2026-05-10 08:00:00+00:00,80725.79,80964.71,80665.72,80811.3,5379,1400,0
2026-05-10 12:00:00+00:00,80811.43,81442.33,80773.78,81391.83,7490,1400,0
2026-05-10 16:00:00+00:00,81395.15,81587.37,81135.53,81420.79,7675,1400,0
2026-05-10 20:00:00+00:00,81420.96,82472.29,80252.61,82198.86,19883,1400,0
2026-05-11 00:00:00+00:00,82193.64,82373.49,80487.11,80714.23,15951,1400,0
2026-05-11 04:00:00+00:00,80715.89,81039.12,80615.52,80720.74,7714,1400,0
2026-05-11 08:00:00+00:00,80711.19,81201.82,80593.73,81187.27,7841,1400,0
2026-05-11 12:00:00+00:00,81190.82,81445.37,80411.75,81409.0,15466,1400,0
2026-05-11 16:00:00+00:00,81426.27,82131.52,81314.09,81946.66,12810,1400,0
2026-05-11 20:00:00+00:00,81949.73,82068.28,81555.39,81718.05,7627,1400,0
2026-05-12 00:00:00+00:00,81718.31,81776.1,80676.56,81033.64,9504,1400,0
2026-05-12 04:00:00+00:00,81041.97,81293.28,80769.38,80831.47,6654,1400,0
2026-05-12 08:00:00+00:00,80829.89,80943.42,80450.12,80746.53,7464,1400,0
2026-05-12 12:00:00+00:00,80751.79,80982.47,80143.46,80295.3,15299,1400,0
2026-05-12 16:00:00+00:00,80298.72,80852.62,79800.93,80814.46,10471,1400,0
2026-05-12 20:00:00+00:00,80816.1,80872.48,80408.69,80485.09,6230,1400,0
2026-05-13 00:00:00+00:00,80483.54,81290.13,80379.98,81241.29,8431,1400,0
2026-05-13 04:00:00+00:00,81235.37,81271.39,80857.53,80989.12,5317,1400,0
2026-05-13 08:00:00+00:00,81004.44,81280.78,80457.46,80475.13,7396,1400,0
2026-05-13 12:00:00+00:00,80474.49,80568.12,78753.88,78794.89,16905,1400,0
2026-05-13 16:00:00+00:00,78797.18,79782.02,78705.93,79614.28,9890,1400,0
2026-05-13 20:00:00+00:00,79616.22,79738.55,79180.13,79292.04,7592,1400,0
2026-05-14 00:00:00+00:00,79292.8,79664.6,78880.14,79008.36,10713,1400,0
2026-05-14 04:00:00+00:00,79009.24,79972.79,78940.88,79713.33,8861,1400,0
2026-05-14 08:00:00+00:00,79713.43,79909.87,79183.64,79212.04,8069,1400,0
2026-05-14 12:00:00+00:00,79219.47,81320.57,79193.89,81282.68,17396,1400,0
2026-05-14 16:00:00+00:00,81285.41,82051.87,81072.94,81425.86,17151,1400,0
2026-05-14 20:00:00+00:00,81426.29,81618.7,81024.27,81076.87,7602,1400,0
2026-05-15 00:00:00+00:00,81076.83,81652.88,80720.78,81046.86,12499,1400,0
2026-05-15 04:00:00+00:00,81035.5,81091.06,80290.82,80807.66,11142,1400,0
2026-05-15 08:00:00+00:00,80813.54,80824.88,80355.86,80608.56,8830,1400,0
2026-05-15 12:00:00+00:00,80605.5,80632.73,78591.61,79120.33,20995,1400,0
2026-05-15 16:00:00+00:00,79113.03,79535.61,78993.33,79096.43,10552,1400,0
2026-05-15 20:00:00+00:00,79095.14,79180.27,78846.63,79067.79,6214,1400,0
2026-05-16 00:00:00+00:00,79069.02,79188.75,78950.6,79046.1,5359,1400,0
2026-05-16 04:00:00+00:00,79042.54,79090.3,78013.56,78330.88,8979,1400,0
2026-05-16 08:00:00+00:00,78329.21,78517.73,77600.31,78052.27,10174,1400,0
2026-05-16 12:00:00+00:00,78051.78,78316.96,77800.97,78193.93,7279,1400,0
2026-05-16 16:00:00+00:00,78197.32,78344.94,78066.5,78230.71,5436,1400,0
2026-05-16 20:00:00+00:00,78231.4,78301.14,78074.67,78102.91,4653,1400,0
2026-05-17 00:00:00+00:00,78103.05,78201.31,77683.85,77984.61,7546,1400,0
2026-05-17 04:00:00+00:00,77984.53,78297.49,77951.8,78145.26,4884,1400,0
2026-05-17 08:00:00+00:00,78152.82,78577.23,77988.88,78383.3,6489,1400,0
2026-05-17 12:00:00+00:00,78383.34,78523.14,77801.42,78013.41,7300,1400,0
2026-05-17 16:00:00+00:00,78010.52,78434.49,77805.6,78362.25,6434,1400,0
2026-05-17 20:00:00+00:00,78360.85,78454.33,76675.25,77401.43,13410,1400,0
2026-05-18 00:00:00+00:00,77412.7,77434.0,76649.58,76890.83,16550,1400,0
2026-05-18 04:00:00+00:00,76890.49,77044.81,76518.29,77021.36,9785,1400,0
2026-05-18 08:00:00+00:00,77020.3,77358.42,76603.29,77240.53,9273,1400,0
2026-05-18 12:00:00+00:00,77247.08,77759.46,75982.09,76374.07,23946,1400,0
2026-05-18 16:00:00+00:00,76374.4,76932.74,76073.86,76861.96,16140,1400,0
2026-05-18 20:00:00+00:00,76867.11,77170.29,76735.9,76937.92,7971,1400,0
2026-05-19 00:00:00+00:00,76934.82,77364.61,76414.02,76723.0,10229,1400,0
2026-05-19 04:00:00+00:00,76721.86,77225.14,76561.45,77173.04,8398,1400,0
2026-05-19 08:00:00+00:00,77172.39,77261.28,76553.58,76640.95,9120,1400,0
2026-05-19 12:00:00+00:00,76636.92,76998.63,76070.25,76458.74,15903,1400,0
2026-05-19 16:00:00+00:00,76461.43,77015.2,76333.23,76755.58,9614,1400,0
2026-05-19 20:00:00+00:00,76753.98,76978.52,76573.31,76775.38,6058,1400,0
2026-05-20 00:00:00+00:00,76772.6,76861.05,76437.11,76646.55,10138,1400,0
2026-05-20 04:00:00+00:00,76649.39,77399.47,76604.09,77199.64,7160,1400,0
2026-05-20 08:00:00+00:00,77194.94,77597.56,77120.2,77300.78,6023,1400,0
2026-05-20 12:00:00+00:00,77301.23,77794.99,76812.9,77385.47,16950,1400,0
2026-05-20 16:00:00+00:00,77382.26,77643.79,76926.22,77600.91,10623,1400,0
2026-05-20 20:00:00+00:00,77594.02,77706.56,77137.52,77471.0,7428,1400,0
2026-05-21 00:00:00+00:00,77474.39,78118.2,77427.61,77995.27,7537,1400,0
2026-05-21 04:00:00+00:00,77989.14,78097.72,77429.57,77795.07,6629,1400,0
2026-05-21 08:00:00+00:00,77796.13,78144.5,77053.69,77122.16,10011,1400,0
2026-05-21 12:00:00+00:00,77124.6,77338.14,76647.02,77183.81,15049,1400,0
2026-05-21 16:00:00+00:00,77185.09,78023.73,76912.99,77620.41,14191,1400,0
2026-05-21 20:00:00+00:00,77625.5,77745.21,77449.37,77555.09,6002,1400,0
2026-05-22 00:00:00+00:00,77555.53,77743.37,77246.47,77708.55,6840,1400,0
2026-05-22 04:00:00+00:00,77707.39,77831.01,77187.29,77320.29,6125,1400,0
2026-05-22 08:00:00+00:00,77323.44,77457.34,77083.46,77349.67,6552,1400,0
2026-05-22 12:00:00+00:00,77348.71,77501.83,76472.61,76696.93,11869,1400,0
2026-05-22 16:00:00+00:00,76688.97,77017.18,75561.84,75781.6,14345,1400,0
2026-05-22 20:00:00+00:00,75781.19,75999.0,75258.07,75453.58,8898,1400,0
2026-05-23 00:00:00+00:00,75456.86,75582.93,75112.88,75544.55,7761,1400,0
2026-05-23 04:00:00+00:00,75540.77,75569.71,74154.51,74528.56,8334,1400,0
2026-05-23 08:00:00+00:00,74534.87,74787.0,74254.82,74702.45,6638,1400,0
2026-05-23 12:00:00+00:00,74710.29,75624.32,74566.76,75425.48,7694,1400,0
2026-05-23 16:00:00+00:00,75425.7,75948.01,75265.93,75892.96,7929,1400,0
2026-05-23 20:00:00+00:00,75887.29,77318.21,75848.84,76638.13,15556,1400,0
2026-05-24 00:00:00+00:00,76657.63,76909.32,76521.24,76639.13,6347,1400,0
2026-05-24 04:00:00+00:00,76643.33,76981.71,76540.78,76717.44,5535,1400,0
2026-05-24 08:00:00+00:00,76712.78,77529.75,76629.98,77218.77,7097,1400,0
2026-05-24 12:00:00+00:00,77218.69,77225.87,76092.61,76283.61,9925,1400,0
2026-05-24 16:00:00+00:00,76285.78,76714.3,76266.9,76667.81,7561,1400,0
2026-05-24 20:00:00+00:00,76668.39,77130.01,75993.72,76981.93,12641,1400,0
2026-05-25 00:00:00+00:00,76984.03,77401.2,76822.02,76929.87,9615,1400,0
2026-05-25 04:00:00+00:00,76929.83,77588.09,76884.8,77311.29,7569,1400,0
2026-05-25 08:00:00+00:00,77309.53,77627.49,77183.99,77282.93,6099,1400,0
2026-05-25 12:00:00+00:00,77282.38,77848.45,77194.35,77544.02,7888,1400,0
2026-05-25 16:00:00+00:00,77543.77,77752.25,77269.31,77359.26,6004,1400,0
2026-05-25 20:00:00+00:00,77355.03,77438.02,76973.83,77242.51,6944,1400,0
2026-05-26 00:00:00+00:00,77243.33,77281.8,76382.27,76582.19,9765,1400,0
2026-05-26 04:00:00+00:00,76586.71,76984.27,76503.98,76623.39,6232,1400,0
2026-05-26 08:00:00+00:00,76634.62,77543.94,76477.5,77101.67,9275,1400,0
2026-05-26 12:00:00+00:00,77101.86,78001.56,76164.74,76399.58,19697,1400,0
2026-05-26 16:00:00+00:00,76407.25,76610.66,75632.01,75917.44,12705,1400,0
2026-05-26 20:00:00+00:00,75922.54,76075.3,75551.08,75823.21,7216,1400,0
2026-05-27 00:00:00+00:00,75823.3,76004.42,75465.92,75545.08,7408,1400,0
2026-05-27 04:00:00+00:00,75543.65,75857.24,75184.06,75845.82,7145,1400,0
2026-05-27 08:00:00+00:00,75837.91,75956.98,75578.24,75646.76,6388,1400,0
2026-05-27 12:00:00+00:00,75648.57,76057.55,74626.32,75199.2,18451,1400,0
2026-05-27 16:00:00+00:00,75201.81,75279.86,74514.3,74921.74,11458,1400,0
2026-05-27 20:00:00+00:00,74921.83,75285.2,74114.68,74323.57,12823,1400,0
2026-05-28 00:00:00+00:00,74318.14,74464.24,72951.38,73139.0,15565,1400,0
2026-05-28 04:00:00+00:00,73138.94,73383.76,72581.31,73355.92,11620,1400,0
2026-05-28 08:00:00+00:00,73355.42,73503.62,73061.63,73379.63,7185,1400,0
2026-05-28 12:00:00+00:00,73381.15,73459.34,72446.99,72799.99,18322,1400,0
2026-05-28 16:00:00+00:00,72797.0,73645.01,72591.0,73304.37,10842,1400,0
2026-05-28 20:00:00+00:00,73301.62,73860.04,73122.53,73510.53,6958,1400,0
2026-05-29 00:00:00+00:00,73516.58,73771.07,73076.35,73200.23,7804,1400,0
2026-05-29 04:00:00+00:00,73200.16,73843.22,73090.92,73431.99,6765,1400,0
2026-05-29 08:00:00+00:00,73422.56,73802.36,73235.24,73379.91,6382,1400,0
2026-05-29 12:00:00+00:00,73382.09,74104.87,72378.42,73700.32,19973,1400,0
2026-05-29 16:00:00+00:00,73701.55,74228.51,73063.25,73408.95,14069,1400,0
2026-05-29 20:00:00+00:00,73407.11,73757.76,73209.76,73364.58,6821,1400,0
2026-05-30 00:00:00+00:00,73373.48,73698.86,73298.0,73439.9,5142,1400,0
