time,open,high,low,close,tick_volume,spread,real_volume
2026-03-18 19:00:00+00:00,1.1477,1.14824,1.14748,1.14755,1506,8,0
2026-03-18 19:15:00+00:00,1.14757,1.14785,1.147,1.14735,894,8,0
2026-03-18 19:30:00+00:00,1.14735,1.14807,1.14728,1.14755,738,8,0
2026-03-18 19:45:00+00:00,1.14753,1.14758,1.14682,1.14691,888,8,0
2026-03-18 20:00:00+00:00,1.1469,1.14702,1.14618,1.1463,527,8,0
2026-03-18 20:15:00+00:00,1.14631,1.14631,1.14516,1.1452499999999999,656,8,0
2026-03-18 20:30:00+00:00,1.14523,1.14547,1.14496,1.14547,451,8,0
2026-03-18 20:45:00+00:00,1.14548,1.14563,1.14492,1.14492,525,8,0
2026-03-18 21:00:00+00:00,1.14503,1.14506,1.14468,1.14484,184,20,0
2026-03-18 21:15:00+00:00,1.14482,1.1449799999999999,1.14466,1.1449799999999999,174,122,0
2026-03-18 21:30:00+00:00,1.1449799999999999,1.1454,1.14496,1.1454,145,192,0
2026-03-18 21:45:00+00:00,1.14541,1.14639,1.14489,1.14639,197,48,0
2026-03-18 22:00:00+00:00,1.1466,1.1466,1.14521,1.1452499999999999,576,8,0
2026-03-18 22:15:00+00:00,1.14528,1.14563,1.14507,1.14529,530,8,0
2026-03-18 22:30:00+00:00,1.14529,1.14567,1.14513,1.14557,307,8,0
2026-03-18 22:45:00+00:00,1.14558,1.14584,1.14555,1.14565,281,8,0
2026-03-18 23:00:00+00:00,1.14565,1.14606,1.14548,1.14579,474,8,0
2026-03-18 23:15:00+00:00,1.1458,1.14625,1.1457,1.14623,261,8,0
2026-03-18 23:30:00+00:00,1.14623,1.14654,1.14584,1.14591,507,8,0
2026-03-18 23:45:00+00:00,1.14594,1.14654,1.14571,1.14632,705,8,0
2026-03-19 00:00:00+00:00,1.14629,1.1469,1.14618,1.14653,664,8,0
2026-03-19 00:15:00+00:00,1.14654,1.14691,1.14636,1.14686,483,8,0
2026-03-19 00:30:00+00:00,1.14686,1.14703,1.14657,1.14665,544,8,0
2026-03-19 00:45:00+00:00,1.14665,1.14738,1.14664,1.14735,571,8,0
2026-03-19 01:00:00+00:00,1.14737,1.14781,1.14731,1.14767,549,8,0
2026-03-19 01:15:00+00:00,1.14768,1.1479300000000001,1.14748,1.14787,426,8,0
2026-03-19 01:30:00+00:00,1.14787,1.14832,1.14779,1.1480299999999999,463,8,0
2026-03-19 01:45:00+00:00,1.1480299999999999,1.14806,1.14757,1.14757,402,8,0
2026-03-19 02:00:00+00:00,1.14757,1.14893,1.14716,1.14878,1130,8,0
2026-03-19 02:15:00+00:00,1.14878,1.1491,1.14851,1.14897,489,8,0
2026-03-19 02:30:00+00:00,1.14897,1.14901,1.14873,1.14885,479,8,0
2026-03-19 02:45:00+00:00,1.14885,1.14889,1.14812,1.14819,586,8,0
2026-03-19 03:00:00+00:00,1.14819,1.14833,1.1479300000000001,1.14822,352,8,0
2026-03-19 03:15:00+00:00,1.14823,1.14828,1.14782,1.14788,296,8,0
2026-03-19 03:30:00+00:00,1.14789,1.1479,1.14751,1.1476,292,8,0
2026-03-19 03:45:00+00:00,1.1476,1.14777,1.14743,1.14745,292,8,0
2026-03-19 04:00:00+00:00,1.14743,1.14747,1.14709,1.14727,288,8,0
2026-03-19 04:15:00+00:00,1.14726,1.14735,1.14699,1.1471,340,8,0
2026-03-19 04:30:00+00:00,1.14711,1.14726,1.14667,1.14687,299,8,0
2026-03-19 04:45:00+00:00,1.14687,1.14701,1.14666,1.14686,276,8,0
2026-03-19 05:00:00+00:00,1.14687,1.14701,1.14674,1.1468099999999999,291,8,0
2026-03-19 05:15:00+00:00,1.1468099999999999,1.14707,1.14677,1.14689,234,8,0
2026-03-19 05:30:00+00:00,1.14689,1.1470799999999999,1.1463,1.14644,364,8,0
2026-03-19 05:45:00+00:00,1.14646,1.14691,1.14646,1.14656,412,8,0
2026-03-19 06:00:00+00:00,1.14659,1.14724,1.14631,1.14723,527,8,0
2026-03-19 06:15:00+00:00,1.14721,1.14763,1.14685,1.14686,535,8,0
2026-03-19 06:30:00+00:00,1.14685,1.14687,1.14616,1.14667,674,8,0
2026-03-19 06:45:00+00:00,1.14668,1.1468,1.14606,1.14649,714,8,0
2026-03-19 07:00:00+00:00,1.14652,1.14727,1.14524,1.14673,1713,8,0
2026-03-19 07:15:00+00:00,1.14676,1.1475,1.14642,1.14645,1092,8,0
2026-03-19 07:30:00+00:00,1.14648,1.14679,1.14577,1.14595,1057,8,0
2026-03-19 07:45:00+00:00,1.14597,1.14656,1.14505,1.14523,1040,8,0
2026-03-19 08:00:00+00:00,1.14521,1.14551,1.14434,1.14475,1375,8,0
2026-03-19 08:15:00+00:00,1.14475,1.14588,1.14475,1.1451500000000001,1248,8,0
2026-03-19 08:30:00+00:00,1.1451500000000001,1.1458599999999999,1.14423,1.14457,1437,8,0
2026-03-19 08:45:00+00:00,1.14457,1.14546,1.14455,1.14509,1158,8,0
2026-03-19 09:00:00+00:00,1.14507,1.14654,1.14507,1.14635,1224,8,0
2026-03-19 09:15:00+00:00,1.1463700000000001,1.14794,1.14566,1.14604,2492,8,0
2026-03-19 09:30:00+00:00,1.14603,1.14718,1.14599,1.1467100000000001,2142,8,0
2026-03-19 09:45:00+00:00,1.14668,1.14876,1.14652,1.14798,2411,8,0
2026-03-19 10:00:00+00:00,1.14795,1.14795,1.14707,1.1473200000000001,1311,8,0
2026-03-19 10:15:00+00:00,1.14734,1.1474199999999999,1.14663,1.14694,867,8,0
2026-03-19 10:30:00+00:00,1.14692,1.1473,1.14662,1.14728,851,8,0
2026-03-19 10:45:00+00:00,1.14726,1.14775,1.14709,1.14734,838,8,0
2026-03-19 11:00:00+00:00,1.1473200000000001,1.1481,1.14728,1.14785,963,8,0
2026-03-19 11:15:00+00:00,1.14784,1.14788,1.14654,1.14712,844,8,0
2026-03-19 11:30:00+00:00,1.14714,1.14729,1.1467,1.14683,757,8,0
2026-03-19 11:45:00+00:00,1.14684,1.14795,1.14674,1.1479300000000001,789,8,0
2026-03-19 12:00:00+00:00,1.1479300000000001,1.14833,1.14721,1.14744,1966,8,0
2026-03-19 12:15:00+00:00,1.14743,1.1478,1.14633,1.14656,1329,8,0
2026-03-19 12:30:00+00:00,1.14653,1.14895,1.14623,1.14849,2062,8,0
2026-03-19 12:45:00+00:00,1.14849,1.14893,1.14821,1.14869,1725,8,0
2026-03-19 13:00:00+00:00,1.14867,1.14958,1.14812,1.14883,1817,8,0
2026-03-19 13:15:00+00:00,1.14885,1.15041,1.14772,1.14812,2984,8,0
2026-03-19 13:30:00+00:00,1.14809,1.1489099999999999,1.14691,1.1482,3499,8,0
2026-03-19 13:45:00+00:00,1.14818,1.1527,1.14776,1.15172,3666,8,0
2026-03-19 14:00:00+00:00,1.15173,1.1528,1.15131,1.15134,3456,8,0
2026-03-19 14:15:00+00:00,1.15131,1.15167,1.15004,1.15044,2854,8,0
2026-03-19 14:30:00+00:00,1.15041,1.15195,1.15018,1.1513200000000001,2384,8,0
2026-03-19 14:45:00+00:00,1.15134,1.15216,1.15116,1.1516,1913,8,0
2026-03-19 15:00:00+00:00,1.15158,1.15385,1.15125,1.15299,1974,8,0
2026-03-19 15:15:00+00:00,1.15297,1.15306,1.15059,1.15102,1649,8,0
2026-03-19 15:30:00+00:00,1.15103,1.15111,1.15002,1.15018,1516,8,0
2026-03-19 15:45:00+00:00,1.1502,1.15175,1.14981,1.1514,2158,8,0
2026-03-19 16:00:00+00:00,1.15137,1.15375,1.15115,1.15265,3254,8,0
2026-03-19 16:15:00+00:00,1.15266,1.15346,1.1522999999999999,1.15329,2110,8,0
2026-03-19 16:30:00+00:00,1.15332,1.15354,1.1526399999999999,1.15334,1566,8,0
2026-03-19 16:45:00+00:00,1.15335,1.15364,1.15233,1.1535199999999999,1315,8,0
2026-03-19 17:00:00+00:00,1.15355,1.1546,1.15353,1.1543700000000001,1339,8,0
2026-03-19 17:15:00+00:00,1.1543700000000001,1.15598,1.1543700000000001,1.1556899999999999,1191,8,0
2026-03-19 17:30:00+00:00,1.15571,1.15615,1.1553499999999999,1.1559599999999999,1011,8,0
2026-03-19 17:45:00+00:00,1.15597,1.15674,1.15544,1.15599,954,8,0
2026-03-19 18:00:00+00:00,1.15595,1.15602,1.1553,1.15574,1246,8,0
2026-03-19 18:15:00+00:00,1.15573,1.15604,1.15507,1.15597,1004,8,0
2026-03-19 18:30:00+00:00,1.15597,1.15608,1.1553200000000001,1.1553200000000001,629,8,0
2026-03-19 18:45:00+00:00,1.15534,1.15838,1.1553,1.15835,971,8,0
2026-03-19 19:00:00+00:00,1.1583700000000001,1.16163,1.15821,1.16077,5221,8,0
2026-03-19 19:15:00+00:00,1.1608100000000001,1.16128,1.15827,1.15886,3390,8,0
2026-03-19 19:30:00+00:00,1.15887,1.15907,1.15811,1.1584699999999999,1859,8,0
2026-03-19 19:45:00+00:00,1.15845,1.15879,1.15768,1.15844,1265,8,0
2026-03-19 20:00:00+00:00,1.15845,1.1588,1.15814,1.15825,607,8,0
2026-03-19 20:15:00+00:00,1.15825,1.1589,1.158,1.15879,400,8,0
2026-03-19 20:30:00+00:00,1.1588,1.15883,1.15842,1.15851,295,8,0
2026-03-19 20:45:00+00:00,1.15852,1.15891,1.1584,1.15863,321,8,0
2026-03-19 21:00:00+00:00,1.15865,1.1588,1.15856,1.15876,63,20,0
2026-03-19 21:15:00+00:00,1.15876,1.15877,1.15816,1.15825,177,20,0
2026-03-19 21:30:00+00:00,1.15824,1.15855,1.15824,1.15842,236,48,0
2026-03-19 21:45:00+00:00,1.15843,1.15856,1.1581,1.15826,179,20,0
2026-03-19 22:00:00+00:00,1.15822,1.15946,1.1582,1.15875,495,8,0
2026-03-19 22:15:00+00:00,1.15876,1.15881,1.15835,1.15839,357,8,0
2026-03-19 22:30:00+00:00,1.1584,1.15842,1.15784,1.15789,374,8,0
2026-03-19 22:45:00+00:00,1.15789,1.15808,1.15768,1.15779,287,8,0
2026-03-19 23:00:00+00:00,1.15779,1.15815,1.15771,1.15782,493,8,0
2026-03-19 23:15:00+00:00,1.15781,1.15782,1.15751,1.15762,293,8,0
2026-03-19 23:30:00+00:00,1.15764,1.15782,1.15749,1.15761,338,8,0
2026-03-19 23:45:00+00:00,1.1576,1.15783,1.1574200000000001,1.15762,338,8,0
2026-03-20 00:00:00+00:00,1.15762,1.15781,1.15723,1.15753,527,8,0
2026-03-20 00:15:00+00:00,1.15753,1.15798,1.15736,1.15737,492,8,0
2026-03-20 00:30:00+00:00,1.15737,1.1574,1.15711,1.15738,414,8,0
2026-03-20 00:45:00+00:00,1.1574,1.15741,1.15708,1.15736,421,8,0
2026-03-20 01:00:00+00:00,1.15736,1.15767,1.15713,1.1574200000000001,733,8,0
2026-03-20 01:15:00+00:00,1.15744,1.15747,1.15684,1.15694,566,8,0
2026-03-20 01:30:00+00:00,1.15695,1.15707,1.15662,1.15676,414,8,0
2026-03-20 01:45:00+00:00,1.15676,1.1568,1.15632,1.15648,352,8,0
2026-03-20 02:00:00+00:00,1.15651,1.15678,1.15624,1.15656,372,8,0
2026-03-20 02:15:00+00:00,1.15656,1.15659,1.15635,1.15642,270,8,0
2026-03-20 02:30:00+00:00,1.15642,1.15669,1.15614,1.15622,353,8,0
2026-03-20 02:45:00+00:00,1.15622,1.1565400000000001,1.15617,1.15634,290,8,0
2026-03-20 03:00:00+00:00,1.15635,1.15635,1.15598,1.15599,273,8,0
2026-03-20 03:15:00+00:00,1.15599,1.15614,1.15588,1.15598,261,8,0
2026-03-20 03:30:00+00:00,1.15599,1.15599,1.15568,1.15575,223,8,0
2026-03-20 03:45:00+00:00,1.15575,1.1558,1.15561,1.15564,183,8,0
2026-03-20 04:00:00+00:00,1.15564,1.1558,1.15562,1.15575,154,8,0
2026-03-20 04:15:00+00:00,1.15574,1.15591,1.15568,1.15584,151,8,0
2026-03-20 04:30:00+00:00,1.15584,1.1559599999999999,1.15574,1.15584,173,8,0
2026-03-20 04:45:00+00:00,1.15584,1.15585,1.15548,1.15554,211,8,0
2026-03-20 05:00:00+00:00,1.15554,1.1559300000000001,1.15548,1.15588,260,8,0
2026-03-20 05:15:00+00:00,1.15588,1.15608,1.15574,1.1559,255,8,0
2026-03-20 05:30:00+00:00,1.15589,1.1559,1.15541,1.15562,324,8,0
2026-03-20 05:45:00+00:00,1.15562,1.15564,1.15522,1.15523,285,8,0
2026-03-20 06:00:00+00:00,1.15523,1.15621,1.15523,1.15605,306,8,0
2026-03-20 06:15:00+00:00,1.15606,1.15617,1.15573,1.15616,323,8,0
2026-03-20 06:30:00+00:00,1.15618,1.15659,1.15615,1.1562000000000001,521,8,0
2026-03-20 06:45:00+00:00,1.1562000000000001,1.1564,1.15581,1.15589,413,8,0
2026-03-20 07:00:00+00:00,1.15586,1.15735,1.15555,1.1571799999999999,878,8,0
2026-03-20 07:15:00+00:00,1.1572,1.15741,1.1567,1.15701,763,8,0
2026-03-20 07:30:00+00:00,1.15701,1.1571500000000001,1.1565,1.15713,872,8,0
2026-03-20 07:45:00+00:00,1.15713,1.1575,1.15675,1.15725,673,8,0
2026-03-20 08:00:00+00:00,1.15727,1.15748,1.15693,1.15739,906,8,0
2026-03-20 08:15:00+00:00,1.1574,1.1580300000000001,1.15738,1.15768,737,8,0
2026-03-20 08:30:00+00:00,1.15767,1.1578,1.15712,1.15743,846,8,0
2026-03-20 08:45:00+00:00,1.1574200000000001,1.15744,1.15673,1.15675,696,8,0
2026-03-20 09:00:00+00:00,1.15675,1.15726,1.15628,1.15678,800,8,0
2026-03-20 09:15:00+00:00,1.15678,1.15682,1.15636,1.15652,849,8,0
2026-03-20 09:30:00+00:00,1.15653,1.15666,1.1555,1.15578,888,8,0
2026-03-20 09:45:00+00:00,1.15576,1.15579,1.15473,1.15479,1328,8,0
2026-03-20 10:00:00+00:00,1.15482,1.15488,1.15347,1.15422,1157,8,0
2026-03-20 10:15:00+00:00,1.15422,1.15466,1.1541,1.15442,839,8,0
2026-03-20 10:30:00+00:00,1.15442,1.15583,1.1543,1.15577,911,8,0
2026-03-20 10:45:00+00:00,1.15574,1.15622,1.1553200000000001,1.15595,875,8,0
2026-03-20 11:00:00+00:00,1.15594,1.15692,1.15567,1.15662,895,8,0
2026-03-20 11:15:00+00:00,1.15664,1.1571500000000001,1.15648,1.15679,796,8,0
2026-03-20 11:30:00+00:00,1.1568,1.15796,1.15678,1.1578,700,8,0
2026-03-20 11:45:00+00:00,1.15781,1.15782,1.15668,1.15712,798,8,0
2026-03-20 12:00:00+00:00,1.1571500000000001,1.15787,1.15661,1.15732,1529,8,0
2026-03-20 12:15:00+00:00,1.15734,1.1577600000000001,1.15707,1.15763,954,8,0
2026-03-20 12:30:00+00:00,1.15762,1.15795,1.15656,1.15698,1399,8,0
2026-03-20 12:45:00+00:00,1.15696,1.1572,1.15617,1.15641,1165,8,0
2026-03-20 13:00:00+00:00,1.15643,1.1565400000000001,1.15531,1.15574,1098,8,0
2026-03-20 13:15:00+00:00,1.15573,1.15594,1.15527,1.15537,905,8,0
2026-03-20 13:30:00+00:00,1.15534,1.15582,1.155,1.15579,1515,8,0
2026-03-20 13:45:00+00:00,1.15577,1.15594,1.15397,1.15409,1902,8,0
2026-03-20 14:00:00+00:00,1.15407,1.15436,1.1536,1.15367,1715,8,0
2026-03-20 14:15:00+00:00,1.15365,1.15391,1.15244,1.15258,1594,8,0
2026-03-20 14:30:00+00:00,1.1526,1.15358,1.15255,1.15329,1369,8,0
2026-03-20 14:45:00+00:00,1.15327,1.15385,1.15297,1.15344,1469,8,0
2026-03-20 15:00:00+00:00,1.15346,1.15479,1.15344,1.15473,1489,8,0
2026-03-20 15:15:00+00:00,1.15471,1.15575,1.15399,1.15455,2000,8,0
2026-03-20 15:30:00+00:00,1.15453,1.15533,1.1542,1.15454,1534,8,0
2026-03-20 15:45:00+00:00,1.15451,1.15487,1.1537600000000001,1.15417,1275,8,0
2026-03-20 16:00:00+00:00,1.15416,1.15584,1.15409,1.15568,1073,8,0
2026-03-20 16:15:00+00:00,1.15567,1.15663,1.15563,1.15583,1040,8,0
2026-03-20 16:30:00+00:00,1.15584,1.15607,1.15506,1.15579,1150,8,0
2026-03-20 16:45:00+00:00,1.15578,1.15647,1.15543,1.15592,910,8,0
2026-03-20 17:00:00+00:00,1.1559300000000001,1.15659,1.15493,1.15619,2349,8,0
2026-03-20 17:15:00+00:00,1.15619,1.15692,1.1559300000000001,1.15674,1111,8,0
2026-03-20 17:30:00+00:00,1.15673,1.15702,1.15564,1.15622,1154,8,0
2026-03-20 17:45:00+00:00,1.15622,1.1562999999999999,1.15565,1.15573,928,8,0
2026-03-20 18:00:00+00:00,1.15575,1.15618,1.15558,1.15603,931,8,0
2026-03-20 18:15:00+00:00,1.15605,1.15716,1.1547399999999999,1.15665,1912,8,0
2026-03-20 18:30:00+00:00,1.15667,1.15694,1.15586,1.15599,1211,8,0
2026-03-20 18:45:00+00:00,1.15597,1.15617,1.1547399999999999,1.15503,1070,8,0
2026-03-20 19:00:00+00:00,1.15505,1.15547,1.15465,1.15505,836,8,0
2026-03-20 19:15:00+00:00,1.15505,1.15575,1.15497,1.15525,830,8,0
2026-03-20 19:30:00+00:00,1.15525,1.15594,1.15468,1.15585,796,8,0
2026-03-20 19:45:00+00:00,1.15585,1.15616,1.15525,1.15581,944,8,0
2026-03-20 20:00:00+00:00,1.15579,1.15619,1.15571,1.15614,362,8,0
2026-03-20 20:15:00+00:00,1.15614,1.15655,1.15601,1.1564,328,8,0
2026-03-20 20:30:00+00:00,1.1564,1.15661,1.15612,1.15627,282,8,0
2026-03-20 20:45:00+00:00,1.15627,1.15714,1.15618,1.1569099999999999,630,8,0
2026-03-22 21:00:00+00:00,1.1534200000000001,1.15353,1.15338,1.1535,45,48,0
2026-03-22 21:15:00+00:00,1.1535,1.15378,1.15345,1.15362,108,48,0
2026-03-22 21:30:00+00:00,1.15363,1.15373,1.15347,1.15365,84,48,0
2026-03-22 21:45:00+00:00,1.15361,1.15392,1.15358,1.15391,91,48,0
2026-03-22 22:00:00+00:00,1.15423,1.1556,1.15404,1.15478,644,8,0
2026-03-22 22:15:00+00:00,1.15478,1.15617,1.1545,1.15584,683,8,0
2026-03-22 22:30:00+00:00,1.15586,1.15624,1.15534,1.15547,635,8,0
2026-03-22 22:45:00+00:00,1.15547,1.15594,1.15547,1.15579,413,8,0
2026-03-22 23:00:00+00:00,1.15579,1.15622,1.1556899999999999,1.15612,629,8,0
2026-03-22 23:15:00+00:00,1.15612,1.15638,1.15598,1.15632,496,8,0
2026-03-22 23:30:00+00:00,1.15632,1.15643,1.1559300000000001,1.15627,389,8,0
2026-03-22 23:45:00+00:00,1.15629,1.1564,1.15584,1.15617,540,8,0
2026-03-23 00:00:00+00:00,1.15619,1.1564,1.15542,1.15612,833,8,0
2026-03-23 00:15:00+00:00,1.15612,1.15631,1.15566,1.15576,676,8,0
2026-03-23 00:30:00+00:00,1.15575,1.15581,1.15383,1.15407,961,8,0
2026-03-23 00:45:00+00:00,1.15407,1.15469,1.15401,1.15439,925,8,0
2026-03-23 01:00:00+00:00,1.1543700000000001,1.15587,1.15436,1.15581,1051,8,0
2026-03-23 01:15:00+00:00,1.15582,1.15604,1.15548,1.15562,836,8,0
2026-03-23 01:30:00+00:00,1.15565,1.15614,1.15525,1.15594,1028,8,0
2026-03-23 01:45:00+00:00,1.15591,1.15591,1.15523,1.15539,763,8,0
2026-03-23 02:00:00+00:00,1.1554,1.1556899999999999,1.15487,1.15502,714,8,0
2026-03-23 02:15:00+00:00,1.15503,1.15543,1.15497,1.15505,567,8,0
2026-03-23 02:30:00+00:00,1.15506,1.15506,1.15428,1.1547399999999999,623,8,0
2026-03-23 02:45:00+00:00,1.1547399999999999,1.15482,1.1543,1.15463,443,8,0
2026-03-23 03:00:00+00:00,1.15465,1.15485,1.15423,1.15448,531,8,0
2026-03-23 03:15:00+00:00,1.1545,1.15487,1.15441,1.15476,361,8,0
2026-03-23 03:30:00+00:00,1.15475,1.15494,1.15462,1.15487,408,8,0
2026-03-23 03:45:00+00:00,1.15487,1.15501,1.15463,1.15468,365,8,0
2026-03-23 04:00:00+00:00,1.1547,1.15504,1.15462,1.1549,407,8,0
2026-03-23 04:15:00+00:00,1.15489,1.15513,1.15479,1.15481,284,8,0
2026-03-23 04:30:00+00:00,1.15478,1.15492,1.15453,1.15468,284,8,0
2026-03-23 04:45:00+00:00,1.15468,1.15505,1.15461,1.15503,312,8,0
2026-03-23 05:00:00+00:00,1.15503,1.1552,1.15481,1.1549,413,8,0
2026-03-23 05:15:00+00:00,1.15488,1.15488,1.15391,1.15414,435,8,0
2026-03-23 05:30:00+00:00,1.15415,1.15419,1.15365,1.15372,578,8,0
2026-03-23 05:45:00+00:00,1.15372,1.15378,1.15338,1.15338,494,8,0
2026-03-23 06:00:00+00:00,1.15336,1.1534,1.15246,1.1529,740,8,0
2026-03-23 06:15:00+00:00,1.1529099999999999,1.15302,1.1522000000000001,1.15258,802,8,0
2026-03-23 06:30:00+00:00,1.1526,1.15277,1.152,1.15207,759,8,0
2026-03-23 06:45:00+00:00,1.15209,1.15313,1.15201,1.15303,759,8,0
2026-03-23 07:00:00+00:00,1.15301,1.15368,1.15297,1.15324,1025,8,0
2026-03-23 07:15:00+00:00,1.15322,1.15326,1.15233,1.1524,1081,8,0
2026-03-23 07:30:00+00:00,1.15242,1.15399,1.15235,1.15382,1092,8,0
2026-03-23 07:45:00+00:00,1.15381,1.15387,1.15258,1.15271,1018,8,0
2026-03-23 08:00:00+00:00,1.15273,1.1537,1.15255,1.15356,1303,8,0
2026-03-23 08:15:00+00:00,1.15354,1.15449,1.1531,1.15431,1368,8,0
2026-03-23 08:30:00+00:00,1.15429,1.15457,1.15292,1.15318,1260,8,0
2026-03-23 08:45:00+00:00,1.15316,1.15356,1.15289,1.15295,1212,8,0
2026-03-23 09:00:00+00:00,1.15297,1.1534,1.15228,1.15248,1324,8,0
2026-03-23 09:15:00+00:00,1.15247,1.15248,1.15114,1.15148,981,8,0
2026-03-23 09:30:00+00:00,1.15148,1.1516899999999999,1.14978,1.1499,1041,8,0
2026-03-23 09:45:00+00:00,1.14992,1.15015,1.14907,1.14946,1167,8,0
2026-03-23 10:00:00+00:00,1.14946,1.14957,1.14872,1.1488,1103,8,0
2026-03-23 10:15:00+00:00,1.14881,1.14932,1.14848,1.14876,930,8,0
2026-03-23 10:30:00+00:00,1.14873,1.14941,1.1486,1.14903,1095,8,0
2026-03-23 10:45:00+00:00,1.14903,1.1501000000000001,1.1484,1.14855,1527,8,0
2026-03-23 11:00:00+00:00,1.14856,1.16198,1.1485400000000001,1.1565400000000001,16050,8,0
2026-03-23 11:15:00+00:00,1.15652,1.15887,1.15256,1.15608,13574,8,0
2026-03-23 11:30:00+00:00,1.15606,1.15958,1.15585,1.15799,7096,8,0
2026-03-23 11:45:00+00:00,1.15797,1.15868,1.15509,1.15561,6888,8,0
2026-03-23 12:00:00+00:00,1.1555900000000001,1.15688,1.1546,1.15554,5152,8,0
2026-03-23 12:15:00+00:00,1.15553,1.15792,1.15551,1.15717,3529,8,0
2026-03-23 12:30:00+00:00,1.1571500000000001,1.16011,1.1559,1.15998,4864,8,0
2026-03-23 12:45:00+00:00,1.1599599999999999,1.16141,1.15909,1.16121,4821,8,0
2026-03-23 13:00:00+00:00,1.16122,1.1615,1.15875,1.15911,4188,8,0
2026-03-23 13:15:00+00:00,1.15913,1.15929,1.15796,1.15869,2508,8,0
2026-03-23 13:30:00+00:00,1.1587,1.16073,1.15798,1.15906,5144,8,0
2026-03-23 13:45:00+00:00,1.15905,1.16066,1.15887,1.15993,4039,8,0
2026-03-23 14:00:00+00:00,1.15995,1.16107,1.15927,1.16006,4013,8,0
2026-03-23 14:15:00+00:00,1.16008,1.16308,1.15981,1.16257,3141,8,0
2026-03-23 14:30:00+00:00,1.16255,1.16395,1.16196,1.16253,3475,8,0
2026-03-23 14:45:00+00:00,1.16255,1.16289,1.16149,1.1615,3270,8,0
2026-03-23 15:00:00+00:00,1.16147,1.16308,1.16145,1.16219,2782,8,0
2026-03-23 15:15:00+00:00,1.16222,1.16232,1.16072,1.1609099999999999,2522,8,0
2026-03-23 15:30:00+00:00,1.16089,1.16116,1.15983,1.16003,2427,8,0
2026-03-23 15:45:00+00:00,1.16002,1.16013,1.15821,1.15858,3406,8,0
2026-03-23 16:00:00+00:00,1.15856,1.15918,1.15773,1.15853,2665,8,0
2026-03-23 16:15:00+00:00,1.15854,1.15854,1.15762,1.15784,2316,8,0
2026-03-23 16:30:00+00:00,1.15783,1.15934,1.15775,1.15929,2077,8,0
2026-03-23 16:45:00+00:00,1.15929,1.16002,1.15872,1.15906,1888,8,0
2026-03-23 17:00:00+00:00,1.1590799999999999,1.1599599999999999,1.15862,1.1595,1912,8,0
2026-03-23 17:15:00+00:00,1.1595,1.16012,1.159,1.16,1753,8,0
2026-03-23 17:30:00+00:00,1.15998,1.16093,1.15979,1.15979,1434,8,0
2026-03-23 17:45:00+00:00,1.1598,1.16041,1.15926,1.16014,1137,8,0
2026-03-23 18:00:00+00:00,1.16014,1.1608,1.15915,1.1605,2003,8,0
2026-03-23 18:15:00+00:00,1.16049,1.16128,1.16,1.16119,1282,8,0
2026-03-23 18:30:00+00:00,1.16121,1.16344,1.16121,1.16283,1830,8,0
2026-03-23 18:45:00+00:00,1.16282,1.16371,1.16262,1.16348,1345,8,0
2026-03-23 19:00:00+00:00,1.16345,1.1635,1.16241,1.16247,989,8,0
2026-03-23 19:15:00+00:00,1.16248,1.1626,1.16166,1.16174,919,8,0
2026-03-23 19:30:00+00:00,1.16174,1.16191,1.16128,1.16161,695,8,0
2026-03-23 19:45:00+00:00,1.16162,1.1618,1.16123,1.1613,711,8,0
2026-03-23 20:00:00+00:00,1.16128,1.16149,1.16104,1.1614200000000001,447,8,0
2026-03-23 20:15:00+00:00,1.1614200000000001,1.16148,1.161,1.16101,277,8,0
2026-03-23 20:30:00+00:00,1.16101,1.16128,1.16094,1.16128,286,8,0
2026-03-23 20:45:00+00:00,1.16127,1.16134,1.1608100000000001,1.16082,295,8,0
2026-03-23 21:00:00+00:00,1.16083,1.16098,1.16083,1.1609099999999999,124,48,0
2026-03-23 21:15:00+00:00,1.16087,1.16094,1.16076,1.1608100000000001,118,67,0
2026-03-23 21:30:00+00:00,1.1608100000000001,1.16116,1.1607,1.16111,121,48,0
2026-03-23 21:45:00+00:00,1.16111,1.16138,1.16079,1.16138,144,20,0
2026-03-23 22:00:00+00:00,1.16146,1.1615199999999999,1.1608,1.16145,373,8,0
2026-03-23 22:15:00+00:00,1.16145,1.16153,1.16114,1.1615,297,8,0
2026-03-23 22:30:00+00:00,1.1615,1.1615,1.1610800000000001,1.16109,260,8,0
2026-03-23 22:45:00+00:00,1.16109,1.16174,1.16098,1.1614200000000001,471,8,0
2026-03-23 23:00:00+00:00,1.16143,1.16158,1.16107,1.16114,417,8,0
2026-03-23 23:15:00+00:00,1.16113,1.16137,1.16107,1.1611799999999999,357,8,0
2026-03-23 23:30:00+00:00,1.16117,1.1612,1.16083,1.1611,327,8,0
2026-03-23 23:45:00+00:00,1.16109,1.16114,1.16056,1.16078,565,8,0
2026-03-24 00:00:00+00:00,1.16079,1.16085,1.15933,1.1593499999999999,837,8,0
2026-03-24 00:15:00+00:00,1.15936,1.15971,1.15892,1.15941,834,8,0
2026-03-24 00:30:00+00:00,1.15942,1.1596,1.15808,1.15842,1696,8,0
2026-03-24 00:45:00+00:00,1.15844,1.15928,1.15838,1.1588,1142,8,0
2026-03-24 01:00:00+00:00,1.15882,1.15955,1.15859,1.15941,1205,8,0
2026-03-24 01:15:00+00:00,1.1594,1.1594,1.15866,1.15883,999,8,0
2026-03-24 01:30:00+00:00,1.15882,1.15893,1.15801,1.15805,828,8,0
2026-03-24 01:45:00+00:00,1.1580300000000001,1.1586,1.1578,1.15843,699,8,0
2026-03-24 02:00:00+00:00,1.15846,1.15866,1.15824,1.1584,785,8,0
2026-03-24 02:15:00+00:00,1.1584,1.15905,1.15827,1.15902,689,8,0
2026-03-24 02:30:00+00:00,1.15903,1.15922,1.15872,1.15896,617,8,0
2026-03-24 02:45:00+00:00,1.15896,1.1591,1.15825,1.15853,658,8,0
2026-03-24 03:00:00+00:00,1.15854,1.15873,1.15809,1.15862,603,8,0
2026-03-24 03:15:00+00:00,1.15861,1.15889,1.15859,1.15882,391,8,0
2026-03-24 03:30:00+00:00,1.15882,1.15883,1.15819,1.15834,483,8,0
2026-03-24 03:45:00+00:00,1.15832,1.1584699999999999,1.1581299999999999,1.15827,431,8,0
2026-03-24 04:00:00+00:00,1.15827,1.15831,1.15774,1.15783,365,8,0
2026-03-24 04:15:00+00:00,1.15783,1.15783,1.15753,1.15766,339,8,0
2026-03-24 04:30:00+00:00,1.15767,1.15797,1.15757,1.15791,359,8,0
2026-03-24 04:45:00+00:00,1.15791,1.15825,1.15786,1.15799,296,8,0
2026-03-24 05:00:00+00:00,1.15799,1.15809,1.15755,1.15786,598,8,0
2026-03-24 05:15:00+00:00,1.15786,1.15845,1.15786,1.15811,773,8,0
2026-03-24 05:30:00+00:00,1.15812,1.15869,1.15798,1.1586400000000001,633,8,0
2026-03-24 05:45:00+00:00,1.15863,1.15888,1.15822,1.15834,547,8,0
2026-03-24 06:00:00+00:00,1.15834,1.15886,1.15787,1.15814,915,8,0
2026-03-24 06:15:00+00:00,1.1581299999999999,1.1586,1.1579,1.15828,705,8,0
2026-03-24 06:30:00+00:00,1.15825,1.15841,1.15797,1.15826,806,8,0
2026-03-24 06:45:00+00:00,1.15826,1.1592,1.15797,1.15913,842,8,0
2026-03-24 07:00:00+00:00,1.15911,1.16173,1.15885,1.16146,1491,8,0
2026-03-24 07:15:00+00:00,1.16144,1.16144,1.1602999999999999,1.1602999999999999,1301,8,0
2026-03-24 07:30:00+00:00,1.16033,1.16093,1.15962,1.16078,1395,8,0
2026-03-24 07:45:00+00:00,1.16077,1.16086,1.16004,1.16083,1112,8,0
2026-03-24 08:00:00+00:00,1.1608100000000001,1.1609099999999999,1.15993,1.16004,1633,8,0
2026-03-24 08:15:00+00:00,1.15995,1.16042,1.15907,1.15919,1228,8,0
2026-03-24 08:30:00+00:00,1.1592500000000001,1.1597,1.15909,1.15948,1092,8,0
2026-03-24 08:45:00+00:00,1.1595,1.15984,1.1581299999999999,1.15879,1783,8,0
2026-03-24 09:00:00+00:00,1.15881,1.1593499999999999,1.15809,1.15823,1424,8,0
2026-03-24 09:15:00+00:00,1.15823,1.15871,1.15783,1.1584699999999999,1020,8,0
2026-03-24 09:30:00+00:00,1.15845,1.1595,1.15834,1.15939,904,8,0
2026-03-24 09:45:00+00:00,1.15939,1.15967,1.15902,1.15945,793,8,0
2026-03-24 10:00:00+00:00,1.15945,1.15962,1.15888,1.15924,918,8,0
2026-03-24 10:15:00+00:00,1.15923,1.15955,1.15868,1.15882,836,8,0
2026-03-24 10:30:00+00:00,1.15884,1.15897,1.15843,1.15891,899,8,0
2026-03-24 10:45:00+00:00,1.1589,1.15918,1.15828,1.15917,856,8,0
2026-03-24 11:00:00+00:00,1.15915,1.16003,1.15871,1.15968,1123,8,0
2026-03-24 11:15:00+00:00,1.15968,1.15968,1.1589800000000001,1.15938,730,8,0
2026-03-24 11:30:00+00:00,1.1593499999999999,1.1597,1.159,1.15945,853,8,0
2026-03-24 11:45:00+00:00,1.15948,1.15956,1.15785,1.15887,1435,8,0
2026-03-24 12:00:00+00:00,1.15889,1.15934,1.15862,1.15886,1137,8,0
2026-03-24 12:15:00+00:00,1.15885,1.15939,1.15836,1.15923,1044,8,0
2026-03-24 12:30:00+00:00,1.15921,1.15933,1.15807,1.15816,1099,8,0
2026-03-24 12:45:00+00:00,1.15817,1.15989,1.15817,1.15846,1624,8,0
2026-03-24 13:00:00+00:00,1.15844,1.15903,1.15676,1.15767,2497,8,0
2026-03-24 13:15:00+00:00,1.15769,1.15791,1.15695,1.15703,1568,8,0
2026-03-24 13:30:00+00:00,1.15701,1.15751,1.15672,1.15689,2141,8,0
2026-03-24 13:45:00+00:00,1.15692,1.1578,1.1567,1.15772,1577,8,0
2026-03-24 14:00:00+00:00,1.15773,1.15923,1.15769,1.1588,1665,8,0
2026-03-24 14:15:00+00:00,1.15881,1.15958,1.15863,1.15932,1390,8,0
2026-03-24 14:30:00+00:00,1.15932,1.15954,1.1587,1.15917,1337,8,0
2026-03-24 14:45:00+00:00,1.15917,1.16066,1.15798,1.15891,4254,8,0
2026-03-24 15:00:00+00:00,1.15893,1.15953,1.1584,1.15884,2601,8,0
2026-03-24 15:15:00+00:00,1.15885,1.1595900000000001,1.15835,1.15931,1256,8,0
2026-03-24 15:30:00+00:00,1.1593,1.1596899999999999,1.1586,1.15878,1244,8,0
2026-03-24 15:45:00+00:00,1.15877,1.15879,1.15754,1.15774,1204,8,0
2026-03-24 16:00:00+00:00,1.15772,1.15853,1.15736,1.1584,1227,8,0
2026-03-24 16:15:00+00:00,1.15843,1.15917,1.15841,1.15904,926,8,0
2026-03-24 16:30:00+00:00,1.159,1.1592,1.15812,1.1586400000000001,864,8,0
2026-03-24 16:45:00+00:00,1.15866,1.15884,1.15824,1.15825,867,8,0
2026-03-24 17:00:00+00:00,1.15824,1.15831,1.15568,1.15635,2832,8,0
2026-03-24 17:15:00+00:00,1.15635,1.15721,1.15623,1.15704,1744,8,0
2026-03-24 17:30:00+00:00,1.15702,1.15745,1.15663,1.15676,1156,8,0
2026-03-24 17:45:00+00:00,1.15673,1.15835,1.15647,1.15758,2678,8,0
2026-03-24 18:00:00+00:00,1.15755,1.15804,1.15672,1.15714,1424,8,0
2026-03-24 18:15:00+00:00,1.15716,1.1579,1.1569,1.15788,1425,8,0
2026-03-24 18:30:00+00:00,1.15789,1.1592,1.15768,1.15853,1356,8,0
2026-03-24 18:45:00+00:00,1.15853,1.15863,1.15785,1.15819,941,8,0
2026-03-24 19:00:00+00:00,1.15818,1.15923,1.15818,1.15903,793,8,0
2026-03-24 19:15:00+00:00,1.15902,1.1591,1.15871,1.15876,655,8,0
2026-03-24 19:30:00+00:00,1.1587399999999999,1.15878,1.1583700000000001,1.15858,651,8,0
2026-03-24 19:45:00+00:00,1.15859,1.15877,1.15841,1.15851,552,8,0
2026-03-24 20:00:00+00:00,1.15849,1.15859,1.15826,1.15833,305,8,0
2026-03-24 20:15:00+00:00,1.15834,1.16279,1.15834,1.16062,3596,8,0
2026-03-24 20:30:00+00:00,1.1606,1.1615,1.16002,1.16048,2561,8,0
2026-03-24 20:45:00+00:00,1.1605,1.16093,1.15991,1.16049,1261,8,0
2026-03-24 21:00:00+00:00,1.16046,1.16065,1.16016,1.16016,118,20,0
2026-03-24 21:15:00+00:00,1.16017,1.16033,1.15989,1.16026,184,56,0
2026-03-24 21:30:00+00:00,1.16024,1.16045,1.16024,1.16045,189,48,0
2026-03-24 21:45:00+00:00,1.16043,1.16101,1.16043,1.16093,182,20,0
2026-03-24 22:00:00+00:00,1.16106,1.16187,1.16088,1.16116,468,8,0
2026-03-24 22:15:00+00:00,1.16116,1.16124,1.16041,1.1610800000000001,535,8,0
2026-03-24 22:30:00+00:00,1.16105,1.16136,1.16094,1.16128,437,8,0
2026-03-24 22:45:00+00:00,1.16129,1.16157,1.16116,1.16137,374,8,0
2026-03-24 23:00:00+00:00,1.16135,1.16154,1.16083,1.1611799999999999,614,8,0
2026-03-24 23:15:00+00:00,1.16119,1.16178,1.16096,1.16176,431,8,0
2026-03-24 23:30:00+00:00,1.16176,1.16176,1.16113,1.16116,494,8,0
2026-03-24 23:45:00+00:00,1.16116,1.16147,1.16102,1.16132,328,8,0
2026-03-25 00:00:00+00:00,1.16134,1.1627,1.16121,1.16241,1095,8,0
2026-03-25 00:15:00+00:00,1.16239,1.16247,1.16168,1.162,868,8,0
2026-03-25 00:30:00+00:00,1.16199,1.16303,1.1613,1.16277,1110,8,0
2026-03-25 00:45:00+00:00,1.16278,1.16293,1.16229,1.16231,712,8,0
2026-03-25 01:00:00+00:00,1.1623,1.16238,1.16173,1.16177,1050,8,0
2026-03-25 01:15:00+00:00,1.1618,1.1623999999999999,1.1618,1.16193,652,8,0
2026-03-25 01:30:00+00:00,1.16194,1.16235,1.16165,1.16182,715,8,0
2026-03-25 01:45:00+00:00,1.1618,1.162,1.16117,1.16117,597,8,0
2026-03-25 02:00:00+00:00,1.1611799999999999,1.16128,1.16042,1.16059,606,8,0
2026-03-25 02:15:00+00:00,1.16059,1.16087,1.16043,1.16071,559,8,0
2026-03-25 02:30:00+00:00,1.16071,1.16075,1.16038,1.16063,441,8,0
2026-03-25 02:45:00+00:00,1.16063,1.1608100000000001,1.16009,1.16039,494,8,0
2026-03-25 03:00:00+00:00,1.16039,1.16053,1.16014,1.16026,439,8,0
2026-03-25 03:15:00+00:00,1.16025,1.16054,1.16013,1.1602000000000001,321,8,0
2026-03-25 03:30:00+00:00,1.1602000000000001,1.16045,1.16005,1.16033,362,8,0
2026-03-25 03:45:00+00:00,1.16033,1.16042,1.16022,1.16036,249,8,0
2026-03-25 04:00:00+00:00,1.16033,1.16033,1.15978,1.16002,367,8,0
2026-03-25 04:15:00+00:00,1.16002,1.16038,1.15993,1.16024,261,8,0
2026-03-25 04:30:00+00:00,1.16024,1.16034,1.1598600000000001,1.15988,384,8,0
2026-03-25 04:45:00+00:00,1.15988,1.15991,1.1597,1.15976,306,8,0
2026-03-25 05:00:00+00:00,1.15976,1.15976,1.15937,1.1595900000000001,342,8,0
2026-03-25 05:15:00+00:00,1.1595900000000001,1.1595900000000001,1.1592,1.15944,358,8,0
2026-03-25 05:30:00+00:00,1.15944,1.1598,1.15943,1.15956,419,8,0
2026-03-25 05:45:00+00:00,1.15956,1.15956,1.15887,1.15919,488,8,0
2026-03-25 06:00:00+00:00,1.15919,1.15943,1.15867,1.15888,619,8,0
2026-03-25 06:15:00+00:00,1.15888,1.15934,1.15886,1.1590799999999999,440,8,0
2026-03-25 06:30:00+00:00,1.15909,1.15961,1.15906,1.15938,386,8,0
2026-03-25 06:45:00+00:00,1.15939,1.15994,1.1592,1.1596,462,8,0
2026-03-25 07:00:00+00:00,1.15958,1.16022,1.15949,1.1601,688,8,0
2026-03-25 07:15:00+00:00,1.16012,1.1605,1.15966,1.16005,793,8,0
2026-03-25 07:30:00+00:00,1.16006,1.1601,1.1588,1.15949,882,8,0
2026-03-25 07:45:00+00:00,1.15949,1.16029,1.15949,1.15974,858,8,0
2026-03-25 08:00:00+00:00,1.15973,1.16079,1.15902,1.16059,1640,8,0
2026-03-25 08:15:00+00:00,1.16061,1.16155,1.16037,1.16134,1193,8,0
2026-03-25 08:30:00+00:00,1.16132,1.16162,1.16055,1.16114,1532,8,0
2026-03-25 08:45:00+00:00,1.16115,1.16145,1.16016,1.16025,1027,8,0
2026-03-25 09:00:00+00:00,1.16024,1.16089,1.16007,1.16042,898,8,0
2026-03-25 09:15:00+00:00,1.1604,1.16045,1.15956,1.15968,819,8,0
2026-03-25 09:30:00+00:00,1.1597,1.1598600000000001,1.15911,1.15956,793,8,0
2026-03-25 09:45:00+00:00,1.15956,1.16013,1.15909,1.1598600000000001,962,8,0
2026-03-25 10:00:00+00:00,1.1598600000000001,1.16051,1.1598600000000001,1.1601,869,8,0
2026-03-25 10:15:00+00:00,1.16008,1.1602999999999999,1.15963,1.15967,682,8,0
2026-03-25 10:30:00+00:00,1.15968,1.1602000000000001,1.15955,1.15963,588,8,0
2026-03-25 10:45:00+00:00,1.15962,1.16051,1.1596,1.16037,683,8,0
2026-03-25 11:00:00+00:00,1.16039,1.16111,1.16039,1.16044,698,8,0
2026-03-25 11:15:00+00:00,1.16045,1.16088,1.16022,1.1605699999999999,578,8,0
2026-03-25 11:30:00+00:00,1.16059,1.16065,1.16018,1.16062,537,8,0
2026-03-25 11:45:00+00:00,1.16062,1.16068,1.15938,1.16051,1708,8,0
2026-03-25 12:00:00+00:00,1.16053,1.16131,1.16053,1.16097,1005,8,0
2026-03-25 12:15:00+00:00,1.16099,1.16107,1.1587399999999999,1.15952,2415,8,0
2026-03-25 12:30:00+00:00,1.1595,1.15978,1.15902,1.15913,1389,8,0
2026-03-25 12:45:00+00:00,1.15915,1.1592500000000001,1.15861,1.1591,926,8,0
2026-03-25 13:00:00+00:00,1.15912,1.15984,1.1586400000000001,1.15899,1560,8,0
2026-03-25 13:15:00+00:00,1.15896,1.15904,1.1583700000000001,1.1584,928,8,0
2026-03-25 13:30:00+00:00,1.15841,1.15881,1.15782,1.158,1559,8,0
2026-03-25 13:45:00+00:00,1.15801,1.1581,1.15713,1.15725,1331,8,0
2026-03-25 14:00:00+00:00,1.15726,1.15762,1.15661,1.15762,1612,8,0
2026-03-25 14:15:00+00:00,1.15762,1.15825,1.1571799999999999,1.15809,1795,8,0
2026-03-25 14:30:00+00:00,1.1581,1.15853,1.15769,1.15779,1155,8,0
2026-03-25 14:45:00+00:00,1.15778,1.1587399999999999,1.15773,1.15854,946,8,0
2026-03-25 15:00:00+00:00,1.15856,1.15888,1.15743,1.15749,1118,8,0
2026-03-25 15:15:00+00:00,1.15747,1.15766,1.15653,1.15744,1723,8,0
2026-03-25 15:30:00+00:00,1.15746,1.15775,1.15649,1.15676,1120,8,0
2026-03-25 15:45:00+00:00,1.15677,1.15702,1.15625,1.15695,1150,8,0
2026-03-25 16:00:00+00:00,1.15695,1.15731,1.15549,1.15613,1274,8,0
2026-03-25 16:15:00+00:00,1.15614,1.15762,1.15581,1.15712,1644,8,0
2026-03-25 16:30:00+00:00,1.15713,1.15725,1.1568100000000001,1.15706,1064,8,0
2026-03-25 16:45:00+00:00,1.15706,1.15722,1.1567,1.15673,707,8,0
2026-03-25 17:00:00+00:00,1.15671,1.15724,1.15643,1.15699,995,8,0
2026-03-25 17:15:00+00:00,1.15699,1.15764,1.15677,1.15754,727,8,0
2026-03-25 17:30:00+00:00,1.15756,1.15834,1.15736,1.15802,818,8,0
2026-03-25 17:45:00+00:00,1.15802,1.1583,1.1574200000000001,1.1578,996,8,0
2026-03-25 18:00:00+00:00,1.15782,1.15807,1.15751,1.1578,752,8,0
2026-03-25 18:15:00+00:00,1.15781,1.15807,1.15771,1.1578,569,8,0
2026-03-25 18:30:00+00:00,1.1578,1.15797,1.15699,1.15703,541,8,0
2026-03-25 18:45:00+00:00,1.15701,1.1571,1.15604,1.15659,852,8,0
2026-03-25 19:00:00+00:00,1.1565699999999999,1.1565699999999999,1.15587,1.15605,724,8,0
2026-03-25 19:15:00+00:00,1.15604,1.1566,1.15602,1.15629,592,8,0
2026-03-25 19:30:00+00:00,1.15629,1.15662,1.1561,1.15644,467,8,0
2026-03-25 19:45:00+00:00,1.15644,1.1565,1.15614,1.15629,512,8,0
2026-03-25 20:00:00+00:00,1.1562999999999999,1.15632,1.15591,1.15597,314,8,0
2026-03-25 20:15:00+00:00,1.15597,1.15598,1.15566,1.15566,157,8,0
2026-03-25 20:30:00+00:00,1.15567,1.15591,1.15556,1.15582,262,8,0
2026-03-25 20:45:00+00:00,1.1558,1.15594,1.15557,1.15579,237,8,0
2026-03-25 21:00:00+00:00,1.15579,1.15586,1.15562,1.15576,75,20,0
2026-03-25 21:15:00+00:00,1.15579,1.15583,1.15567,1.15576,124,50,0
2026-03-25 21:30:00+00:00,1.15575,1.15604,1.15575,1.15583,112,20,0
2026-03-25 21:45:00+00:00,1.15582,1.15603,1.1557,1.15603,146,8,0
2026-03-25 22:00:00+00:00,1.15601,1.15606,1.15574,1.15575,211,8,0
2026-03-25 22:15:00+00:00,1.15576,1.1558,1.15552,1.15579,121,8,0
2026-03-25 22:30:00+00:00,1.15579,1.15618,1.15577,1.15617,143,8,0
2026-03-25 22:45:00+00:00,1.15617,1.15623,1.15597,1.15599,162,8,0
2026-03-25 23:00:00+00:00,1.15601,1.15611,1.15591,1.15608,246,8,0
2026-03-25 23:15:00+00:00,1.15609,1.15615,1.1559,1.15613,158,8,0
2026-03-25 23:30:00+00:00,1.15613,1.15614,1.15585,1.1559300000000001,175,8,0
2026-03-25 23:45:00+00:00,1.15594,1.15618,1.15586,1.15612,208,8,0
2026-03-26 00:00:00+00:00,1.15612,1.15643,1.15604,1.15637,468,8,0
2026-03-26 00:15:00+00:00,1.15636,1.15644,1.15598,1.15603,427,8,0
2026-03-26 00:30:00+00:00,1.15601,1.15608,1.15544,1.15544,327,8,0
2026-03-26 00:45:00+00:00,1.15543,1.15586,1.15536,1.15577,439,8,0
2026-03-26 01:00:00+00:00,1.15576,1.15653,1.15576,1.1562999999999999,564,8,0
2026-03-26 01:15:00+00:00,1.1562999999999999,1.15643,1.15604,1.15642,361,8,0
2026-03-26 01:30:00+00:00,1.1564,1.15666,1.15634,1.1565,370,8,0
2026-03-26 01:45:00+00:00,1.1565,1.15665,1.15624,1.15641,346,8,0
2026-03-26 02:00:00+00:00,1.15641,1.1565,1.15616,1.1562000000000001,304,8,0
2026-03-26 02:15:00+00:00,1.1562000000000001,1.15655,1.15617,1.15625,274,8,0
2026-03-26 02:30:00+00:00,1.15623,1.15626,1.15544,1.1558,435,8,0
2026-03-26 02:45:00+00:00,1.15582,1.15604,1.15574,1.15586,316,8,0
2026-03-26 03:00:00+00:00,1.15585,1.15631,1.15574,1.1562999999999999,304,8,0
2026-03-26 03:15:00+00:00,1.15629,1.15675,1.15614,1.1567,336,8,0
2026-03-26 03:30:00+00:00,1.1567,1.1569099999999999,1.15667,1.1567,316,8,0
2026-03-26 03:45:00+00:00,1.15669,1.15684,1.1566,1.15684,242,8,0
2026-03-26 04:00:00+00:00,1.15682,1.15692,1.15669,1.15689,222,8,0
2026-03-26 04:15:00+00:00,1.15689,1.15707,1.15687,1.15704,215,8,0
2026-03-26 04:30:00+00:00,1.15707,1.15719,1.15693,1.15705,140,8,0
2026-03-26 04:45:00+00:00,1.15705,1.15713,1.1568100000000001,1.15688,252,8,0
2026-03-26 05:00:00+00:00,1.15692,1.15695,1.15677,1.15683,323,8,0
2026-03-26 05:15:00+00:00,1.15684,1.15685,1.15613,1.15649,337,8,0
2026-03-26 05:30:00+00:00,1.15651,1.1566,1.15624,1.15636,418,8,0
2026-03-26 05:45:00+00:00,1.15633,1.15633,1.15573,1.15576,430,8,0
2026-03-26 06:00:00+00:00,1.15574,1.15602,1.1554,1.15541,507,8,0
2026-03-26 06:15:00+00:00,1.15541,1.156,1.15528,1.15588,478,8,0
2026-03-26 06:30:00+00:00,1.15591,1.15606,1.15514,1.15546,521,8,0
2026-03-26 06:45:00+00:00,1.15545,1.15666,1.15545,1.1566,531,8,0
2026-03-26 07:00:00+00:00,1.15661,1.15663,1.15541,1.15586,785,8,0
2026-03-26 07:15:00+00:00,1.15587,1.15619,1.15541,1.15581,643,8,0
2026-03-26 07:30:00+00:00,1.1558,1.1559599999999999,1.15522,1.15545,660,8,0
2026-03-26 07:45:00+00:00,1.15544,1.15563,1.15502,1.15531,663,8,0
2026-03-26 08:00:00+00:00,1.1553200000000001,1.1553499999999999,1.1547,1.15524,886,8,0
2026-03-26 08:15:00+00:00,1.15526,1.15592,1.15519,1.15527,670,8,0
2026-03-26 08:30:00+00:00,1.15526,1.15603,1.15517,1.15562,732,8,0
2026-03-26 08:45:00+00:00,1.15562,1.15609,1.1556,1.15594,618,8,0
2026-03-26 09:00:00+00:00,1.15594,1.15645,1.15564,1.15604,807,8,0
2026-03-26 09:15:00+00:00,1.15602,1.15606,1.15522,1.15571,667,8,0
2026-03-26 09:30:00+00:00,1.1556899999999999,1.15599,1.1553,1.15538,868,8,0
2026-03-26 09:45:00+00:00,1.15538,1.15598,1.15533,1.15592,635,8,0
2026-03-26 10:00:00+00:00,1.15594,1.15647,1.1555900000000001,1.15627,759,8,0
2026-03-26 10:15:00+00:00,1.15625,1.15643,1.15607,1.15612,563,8,0
2026-03-26 10:30:00+00:00,1.1561,1.15634,1.15582,1.15583,658,8,0
2026-03-26 10:45:00+00:00,1.15585,1.15601,1.15542,1.1556899999999999,561,8,0
2026-03-26 11:00:00+00:00,1.15571,1.15583,1.15507,1.15511,534,8,0
2026-03-26 11:15:00+00:00,1.15511,1.15523,1.15428,1.15435,479,8,0
2026-03-26 11:30:00+00:00,1.15435,1.15444,1.15318,1.15331,624,8,0
2026-03-26 11:45:00+00:00,1.15331,1.15339,1.1522999999999999,1.15239,761,8,0
2026-03-26 12:00:00+00:00,1.15242,1.15334,1.15221,1.15314,911,8,0
2026-03-26 12:15:00+00:00,1.15313,1.15346,1.15295,1.15333,711,8,0
2026-03-26 12:30:00+00:00,1.15333,1.15341,1.1526399999999999,1.15269,941,8,0
2026-03-26 12:45:00+00:00,1.1527,1.15351,1.15269,1.15346,796,8,0
2026-03-26 13:00:00+00:00,1.15349,1.15406,1.15343,1.15396,884,8,0
2026-03-26 13:15:00+00:00,1.15397,1.15441,1.1539,1.15421,775,8,0
2026-03-26 13:30:00+00:00,1.1542,1.15491,1.15367,1.15491,1367,8,0
2026-03-26 13:45:00+00:00,1.15493,1.15522,1.15357,1.15418,1634,8,0
2026-03-26 14:00:00+00:00,1.1542,1.1544,1.15366,1.15425,1373,8,0
2026-03-26 14:15:00+00:00,1.15424,1.1551,1.15395,1.15476,1097,8,0
2026-03-26 14:30:00+00:00,1.15477,1.15546,1.15409,1.1543,1883,8,0
2026-03-26 14:45:00+00:00,1.15428,1.15513,1.1540300000000001,1.15469,1738,8,0
2026-03-26 15:00:00+00:00,1.15472,1.15512,1.15439,1.15464,1426,8,0
2026-03-26 15:15:00+00:00,1.15467,1.15489,1.15424,1.15435,996,8,0
2026-03-26 15:30:00+00:00,1.15434,1.15442,1.15309,1.15327,935,8,0
2026-03-26 15:45:00+00:00,1.15328,1.15427,1.15321,1.15409,1446,8,0
2026-03-26 16:00:00+00:00,1.15409,1.1543,1.15366,1.15418,945,8,0
2026-03-26 16:15:00+00:00,1.15418,1.15422,1.15307,1.15346,910,8,0
2026-03-26 16:30:00+00:00,1.15345,1.15371,1.15311,1.15366,720,8,0
2026-03-26 16:45:00+00:00,1.15366,1.15388,1.1535,1.15353,641,8,0
2026-03-26 17:00:00+00:00,1.15353,1.15365,1.1532,1.15333,719,8,0
2026-03-26 17:15:00+00:00,1.15333,1.15358,1.15308,1.15338,624,8,0
2026-03-26 17:30:00+00:00,1.15339,1.15373,1.15269,1.1528100000000001,701,8,0
2026-03-26 17:45:00+00:00,1.15279,1.15284,1.15251,1.15256,515,8,0
2026-03-26 18:00:00+00:00,1.1525400000000001,1.15313,1.15246,1.15305,539,8,0
2026-03-26 18:15:00+00:00,1.15302,1.15308,1.1526399999999999,1.15274,493,8,0
2026-03-26 18:30:00+00:00,1.15272,1.15328,1.1527,1.15327,450,8,0
2026-03-26 18:45:00+00:00,1.15327,1.15336,1.15309,1.15335,371,8,0
2026-03-26 19:00:00+00:00,1.15335,1.15341,1.15231,1.15243,521,8,0
2026-03-26 19:15:00+00:00,1.15243,1.15273,1.15225,1.15235,424,8,0
2026-03-26 19:30:00+00:00,1.15235,1.15282,1.15224,1.15235,425,8,0
2026-03-26 19:45:00+00:00,1.15235,1.15244,1.15212,1.15215,461,8,0
2026-03-26 20:00:00+00:00,1.15214,1.15586,1.15192,1.15464,3795,8,0
2026-03-26 20:15:00+00:00,1.15464,1.15484,1.153,1.15335,2420,8,0
2026-03-26 20:30:00+00:00,1.15334,1.15383,1.15324,1.15324,718,8,0
2026-03-26 20:45:00+00:00,1.15324,1.15333,1.15263,1.15263,475,8,0
2026-03-26 21:00:00+00:00,1.15263,1.1528100000000001,1.15253,1.15253,155,48,0
2026-03-26 21:15:00+00:00,1.1525400000000001,1.15282,1.15252,1.1527,203,52,0
2026-03-26 21:30:00+00:00,1.15269,1.15295,1.15268,1.15292,191,56,0
2026-03-26 21:45:00+00:00,1.1529099999999999,1.15337,1.1528,1.15307,150,20,0
2026-03-26 22:00:00+00:00,1.15326,1.154,1.15314,1.15361,363,8,0
2026-03-26 22:15:00+00:00,1.15361,1.15382,1.15349,1.15356,177,8,0
2026-03-26 22:30:00+00:00,1.15356,1.15387,1.15356,1.15384,216,8,0
2026-03-26 22:45:00+00:00,1.15384,1.15392,1.1537600000000001,1.15381,217,8,0
2026-03-26 23:00:00+00:00,1.1538,1.15389,1.15369,1.1537,232,8,0
2026-03-26 23:15:00+00:00,1.15371,1.15383,1.15368,1.15378,177,8,0
2026-03-26 23:30:00+00:00,1.15378,1.15396,1.1535199999999999,1.15358,165,8,0
2026-03-26 23:45:00+00:00,1.15358,1.15364,1.15335,1.1534200000000001,189,8,0
2026-03-27 00:00:00+00:00,1.1534200000000001,1.15378,1.1532,1.15321,475,8,0
2026-03-27 00:15:00+00:00,1.15322,1.1534200000000001,1.15241,1.15267,776,8,0
2026-03-27 00:30:00+00:00,1.1527,1.15298,1.15261,1.1528100000000001,483,8,0
2026-03-27 00:45:00+00:00,1.15279,1.1531,1.1524,1.15301,612,8,0
2026-03-27 01:00:00+00:00,1.15302,1.15341,1.15293,1.15328,573,8,0
2026-03-27 01:15:00+00:00,1.1533,1.15361,1.15319,1.15359,419,8,0
2026-03-27 01:30:00+00:00,1.15358,1.15399,1.15356,1.15377,380,8,0
2026-03-27 01:45:00+00:00,1.15377,1.15405,1.15358,1.15394,423,8,0
2026-03-27 02:00:00+00:00,1.15396,1.15423,1.15372,1.15378,370,8,0
2026-03-27 02:15:00+00:00,1.15378,1.15388,1.15359,1.1538599999999999,298,8,0
2026-03-27 02:30:00+00:00,1.1538599999999999,1.15409,1.15377,1.15401,308,8,0
2026-03-27 02:45:00+00:00,1.15402,1.15417,1.15378,1.1538,255,8,0
2026-03-27 03:00:00+00:00,1.15381,1.15398,1.15346,1.15357,318,8,0
2026-03-27 03:15:00+00:00,1.15357,1.15359,1.15337,1.15348,239,8,0
2026-03-27 03:30:00+00:00,1.15348,1.15396,1.15348,1.15382,292,8,0
2026-03-27 03:45:00+00:00,1.15381,1.15389,1.15367,1.15389,231,8,0
2026-03-27 04:00:00+00:00,1.15388,1.15399,1.15366,1.15391,254,8,0
2026-03-27 04:15:00+00:00,1.15391,1.1540300000000001,1.15381,1.15394,233,8,0
2026-03-27 04:30:00+00:00,1.15394,1.15423,1.15385,1.15422,196,8,0
2026-03-27 04:45:00+00:00,1.15422,1.15434,1.15409,1.15423,224,8,0
2026-03-27 05:00:00+00:00,1.15423,1.15453,1.1541,1.15449,327,8,0
2026-03-27 05:15:00+00:00,1.1544699999999999,1.15453,1.15395,1.15401,350,8,0
2026-03-27 05:30:00+00:00,1.1540300000000001,1.15426,1.1537,1.15424,414,8,0
2026-03-27 05:45:00+00:00,1.15426,1.15459,1.15398,1.15407,402,8,0
2026-03-27 06:00:00+00:00,1.15406,1.15436,1.15385,1.1543,516,8,0
2026-03-27 06:15:00+00:00,1.1543,1.15436,1.15378,1.15391,349,8,0
2026-03-27 06:30:00+00:00,1.15393,1.15397,1.15355,1.1538,262,8,0
2026-03-27 06:45:00+00:00,1.15378,1.1538,1.15337,1.15343,402,8,0
2026-03-27 07:00:00+00:00,1.15343,1.15347,1.15293,1.15305,570,8,0
2026-03-27 07:15:00+00:00,1.15303,1.1531,1.15224,1.15229,493,8,0
2026-03-27 07:30:00+00:00,1.1522999999999999,1.15247,1.15205,1.15211,551,8,0
2026-03-27 07:45:00+00:00,1.15211,1.1526,1.15164,1.15186,583,8,0
2026-03-27 08:00:00+00:00,1.15183,1.15223,1.15152,1.15201,889,8,0
2026-03-27 08:15:00+00:00,1.15201,1.15222,1.15164,1.1522000000000001,731,8,0
2026-03-27 08:30:00+00:00,1.15218,1.15248,1.1518,1.1522999999999999,782,8,0
2026-03-27 08:45:00+00:00,1.1522999999999999,1.15239,1.15194,1.15202,555,8,0
2026-03-27 09:00:00+00:00,1.152,1.15217,1.1514199999999999,1.15183,710,8,0
2026-03-27 09:15:00+00:00,1.15184,1.15237,1.15175,1.15222,647,8,0
2026-03-27 09:30:00+00:00,1.15223,1.15258,1.15192,1.15211,576,8,0
2026-03-27 09:45:00+00:00,1.15211,1.15211,1.15172,1.15189,543,8,0
2026-03-27 10:00:00+00:00,1.15189,1.15238,1.15179,1.15201,609,8,0
2026-03-27 10:15:00+00:00,1.1520299999999999,1.15257,1.15178,1.15247,543,8,0
2026-03-27 10:30:00+00:00,1.15248,1.15252,1.15131,1.15139,638,8,0
2026-03-27 10:45:00+00:00,1.15139,1.15164,1.15097,1.15107,547,8,0
2026-03-27 11:00:00+00:00,1.15109,1.15133,1.15089,1.15112,578,8,0
2026-03-27 11:15:00+00:00,1.15114,1.15136,1.15087,1.15117,505,8,0
2026-03-27 11:30:00+00:00,1.15115,1.1513,1.15091,1.15115,494,8,0
2026-03-27 11:45:00+00:00,1.15115,1.15115,1.15042,1.15074,595,8,0
2026-03-27 12:00:00+00:00,1.15072,1.15076,1.15017,1.1503,723,8,0
2026-03-27 12:15:00+00:00,1.1503,1.15115,1.15016,1.15096,711,8,0
2026-03-27 12:30:00+00:00,1.15096,1.1515,1.15059,1.1515,680,8,0
2026-03-27 12:45:00+00:00,1.15151,1.15175,1.15138,1.15146,751,8,0
2026-03-27 13:00:00+00:00,1.15149,1.15189,1.15136,1.15155,764,8,0
2026-03-27 13:15:00+00:00,1.15157,1.15271,1.15154,1.15244,910,8,0
2026-03-27 13:30:00+00:00,1.15244,1.15311,1.15179,1.15298,1191,8,0
2026-03-27 13:45:00+00:00,1.15296,1.15327,1.15222,1.15239,1045,8,0
2026-03-27 14:00:00+00:00,1.15237,1.15322,1.15229,1.153,1258,8,0
2026-03-27 14:15:00+00:00,1.15299,1.15353,1.15271,1.15271,983,8,0
2026-03-27 14:30:00+00:00,1.1527,1.15319,1.15251,1.1528,907,8,0
2026-03-27 14:45:00+00:00,1.15278,1.15332,1.15273,1.15285,913,8,0
2026-03-27 15:00:00+00:00,1.15283,1.15332,1.15261,1.1531,1147,8,0
2026-03-27 15:15:00+00:00,1.1531,1.15448,1.15253,1.15369,1999,8,0
2026-03-27 15:30:00+00:00,1.1537,1.15473,1.15347,1.15365,1242,8,0
2026-03-27 15:45:00+00:00,1.15366,1.15378,1.15177,1.15191,1185,8,0
2026-03-27 16:00:00+00:00,1.15191,1.15268,1.15179,1.15201,1151,8,0
2026-03-27 16:15:00+00:00,1.15198,1.15233,1.15179,1.15218,1042,8,0
2026-03-27 16:30:00+00:00,1.15218,1.15226,1.15143,1.1520299999999999,1009,8,0
2026-03-27 16:45:00+00:00,1.15204,1.15239,1.15181,1.15185,803,8,0
2026-03-27 17:00:00+00:00,1.15184,1.15288,1.15138,1.15145,1359,8,0
2026-03-27 17:15:00+00:00,1.15148,1.1515,1.1509,1.15092,592,8,0
2026-03-27 17:30:00+00:00,1.1509,1.15097,1.15058,1.15087,608,8,0
2026-03-27 17:45:00+00:00,1.15086,1.1514199999999999,1.1508,1.15121,592,8,0
2026-03-27 18:00:00+00:00,1.15121,1.1514199999999999,1.15069,1.1508,557,8,0
2026-03-27 18:15:00+00:00,1.1508099999999999,1.15136,1.15067,1.15121,687,8,0
2026-03-27 18:30:00+00:00,1.15121,1.15195,1.15114,1.15162,600,8,0
2026-03-27 18:45:00+00:00,1.15162,1.15168,1.15125,1.1513200000000001,507,8,0
2026-03-27 19:00:00+00:00,1.15135,1.15146,1.15095,1.1513200000000001,449,8,0
2026-03-27 19:15:00+00:00,1.1513,1.15135,1.15113,1.15131,342,8,0
2026-03-27 19:30:00+00:00,1.15133,1.15138,1.15099,1.15127,384,8,0
2026-03-27 19:45:00+00:00,1.15128,1.15175,1.15122,1.15167,500,8,0
2026-03-27 20:00:00+00:00,1.15167,1.15206,1.1514,1.15166,631,8,0
2026-03-27 20:15:00+00:00,1.15166,1.15183,1.15133,1.15138,515,8,0
2026-03-27 20:30:00+00:00,1.15139,1.15146,1.15091,1.15133,436,8,0
2026-03-27 20:45:00+00:00,1.1513200000000001,1.1514,1.15077,1.1508099999999999,483,8,0
2026-03-29 21:00:00+00:00,1.15013,1.15017,1.15002,1.15013,40,48,0
2026-03-29 21:15:00+00:00,1.15012,1.15012,1.15005,1.15007,45,48,0
2026-03-29 21:30:00+00:00,1.15007,1.15014,1.15004,1.15004,44,48,0
2026-03-29 21:45:00+00:00,1.15002,1.15007,1.14989,1.15001,73,20,0
2026-03-29 22:00:00+00:00,1.14998,1.15022,1.14918,1.14968,728,8,0
2026-03-29 22:15:00+00:00,1.14968,1.14994,1.14903,1.14906,544,8,0
2026-03-29 22:30:00+00:00,1.14908,1.14938,1.14875,1.14883,575,8,0
2026-03-29 22:45:00+00:00,1.14884,1.14916,1.14875,1.14883,404,8,0
2026-03-29 23:00:00+00:00,1.14883,1.14938,1.14882,1.1489,506,8,0
2026-03-29 23:15:00+00:00,1.14892,1.14941,1.14892,1.14922,305,8,0
2026-03-29 23:30:00+00:00,1.14922,1.14933,1.14895,1.14904,356,8,0
2026-03-29 23:45:00+00:00,1.14904,1.14918,1.14869,1.14913,684,8,0
2026-03-30 00:00:00+00:00,1.1491500000000001,1.14969,1.14892,1.14938,696,8,0
2026-03-30 00:15:00+00:00,1.14939,1.15103,1.14924,1.15068,1432,8,0
2026-03-30 00:30:00+00:00,1.15066,1.15123,1.15066,1.15077,597,8,0
2026-03-30 00:45:00+00:00,1.15077,1.15085,1.15046,1.15065,486,8,0
2026-03-30 01:00:00+00:00,1.15065,1.15105,1.15061,1.1508,576,8,0
2026-03-30 01:15:00+00:00,1.15079,1.1508099999999999,1.15026,1.15059,507,8,0
2026-03-30 01:30:00+00:00,1.15061,1.15087,1.15035,1.15052,482,8,0
2026-03-30 01:45:00+00:00,1.15054,1.15064,1.15034,1.15046,409,8,0
2026-03-30 02:00:00+00:00,1.15045,1.15084,1.15012,1.1508099999999999,399,8,0
2026-03-30 02:15:00+00:00,1.1508099999999999,1.1508099999999999,1.15039,1.15059,398,8,0
2026-03-30 02:30:00+00:00,1.15059,1.15128,1.15059,1.15121,425,8,0
2026-03-30 02:45:00+00:00,1.15121,1.15149,1.15092,1.15109,407,8,0
2026-03-30 03:00:00+00:00,1.15109,1.15164,1.15097,1.15153,396,8,0
2026-03-30 03:15:00+00:00,1.15153,1.15182,1.15139,1.15167,355,8,0
2026-03-30 03:30:00+00:00,1.15168,1.15171,1.15148,1.15166,306,8,0
2026-03-30 03:45:00+00:00,1.15164,1.15167,1.15135,1.15152,320,8,0
2026-03-30 04:00:00+00:00,1.15154,1.15168,1.15146,1.1516,268,8,0
2026-03-30 04:15:00+00:00,1.15163,1.15207,1.15157,1.15186,226,8,0
2026-03-30 04:30:00+00:00,1.15186,1.15194,1.15168,1.15194,204,8,0
2026-03-30 04:45:00+00:00,1.15194,1.15196,1.1513,1.1513,242,8,0
2026-03-30 05:00:00+00:00,1.15131,1.15154,1.15118,1.1513200000000001,356,8,0
2026-03-30 05:15:00+00:00,1.15133,1.15148,1.15116,1.15119,301,8,0
2026-03-30 05:30:00+00:00,1.1512,1.15134,1.15092,1.15121,354,8,0
2026-03-30 05:45:00+00:00,1.15122,1.15178,1.15116,1.15153,345,8,0
2026-03-30 06:00:00+00:00,1.15154,1.15192,1.15143,1.15158,562,8,0
2026-03-30 06:15:00+00:00,1.15156,1.15173,1.15111,1.15139,534,8,0
2026-03-30 06:30:00+00:00,1.15138,1.15189,1.1512,1.15186,529,8,0
2026-03-30 06:45:00+00:00,1.15187,1.15197,1.15113,1.15123,464,8,0
2026-03-30 07:00:00+00:00,1.15121,1.15124,1.15023,1.15055,696,8,0
2026-03-30 07:15:00+00:00,1.15055,1.15058,1.14999,1.15007,629,8,0
2026-03-30 07:30:00+00:00,1.15008,1.15018,1.1494,1.14983,667,8,0
2026-03-30 07:45:00+00:00,1.14982,1.14993,1.14935,1.14977,541,8,0
2026-03-30 08:00:00+00:00,1.14975,1.14978,1.14918,1.14948,716,8,0
2026-03-30 08:15:00+00:00,1.14948,1.14948,1.14903,1.14943,539,8,0
2026-03-30 08:30:00+00:00,1.14943,1.14985,1.14927,1.14936,601,8,0
2026-03-30 08:45:00+00:00,1.14934,1.14982,1.14921,1.14957,602,8,0
2026-03-30 09:00:00+00:00,1.14959,1.1498,1.14869,1.14871,553,8,0
2026-03-30 09:15:00+00:00,1.14871,1.1494,1.14834,1.1488800000000001,654,8,0
2026-03-30 09:30:00+00:00,1.1488800000000001,1.14941,1.14841,1.14935,523,8,0
2026-03-30 09:45:00+00:00,1.14935,1.14962,1.14921,1.1494,546,8,0
2026-03-30 10:00:00+00:00,1.1494,1.14963,1.14906,1.14944,530,8,0
2026-03-30 10:15:00+00:00,1.14945,1.1497,1.14907,1.14916,481,8,0
2026-03-30 10:30:00+00:00,1.1491500000000001,1.14939,1.14876,1.1493,476,8,0
2026-03-30 10:45:00+00:00,1.14931,1.1495,1.14883,1.1489099999999999,474,8,0
2026-03-30 11:00:00+00:00,1.1489099999999999,1.1492,1.14876,1.1491500000000001,504,8,0
2026-03-30 11:15:00+00:00,1.14913,1.15,1.14873,1.14916,1586,8,0
2026-03-30 11:30:00+00:00,1.14919,1.14943,1.14863,1.14884,1103,8,0
2026-03-30 11:45:00+00:00,1.14884,1.14909,1.14834,1.14844,650,8,0
2026-03-30 12:00:00+00:00,1.14846,1.14857,1.14747,1.14756,690,8,0
2026-03-30 12:15:00+00:00,1.14758,1.14848,1.14725,1.14784,786,8,0
2026-03-30 12:30:00+00:00,1.14784,1.14862,1.14774,1.14815,857,8,0
2026-03-30 12:45:00+00:00,1.14815,1.14886,1.14776,1.14822,1059,8,0
2026-03-30 13:00:00+00:00,1.14824,1.14876,1.14789,1.14857,1016,8,0
2026-03-30 13:15:00+00:00,1.14858,1.14876,1.14775,1.14786,727,8,0
2026-03-30 13:30:00+00:00,1.14788,1.14805,1.14668,1.14687,1198,8,0
2026-03-30 13:45:00+00:00,1.14686,1.14689,1.14618,1.1464,935,8,0
2026-03-30 14:00:00+00:00,1.14638,1.14668,1.14596,1.14626,922,8,0
2026-03-30 14:15:00+00:00,1.14627,1.14627,1.14545,1.14569,917,8,0
2026-03-30 14:30:00+00:00,1.14568,1.14653,1.14562,1.14646,876,8,0
2026-03-30 14:45:00+00:00,1.14646,1.14699,1.14623,1.14645,1453,8,0
2026-03-30 15:00:00+00:00,1.14648,1.14657,1.14457,1.14458,1045,8,0
2026-03-30 15:15:00+00:00,1.14457,1.1454,1.14429,1.1449799999999999,1018,8,0
2026-03-30 15:30:00+00:00,1.14496,1.14582,1.14487,1.1457,856,8,0
2026-03-30 15:45:00+00:00,1.1457,1.1457600000000001,1.14519,1.14535,805,8,0
2026-03-30 16:00:00+00:00,1.14533,1.14547,1.14502,1.14519,775,8,0
2026-03-30 16:15:00+00:00,1.14518,1.14546,1.1449799999999999,1.145,526,8,0
2026-03-30 16:30:00+00:00,1.14499,1.14574,1.14468,1.14573,569,8,0
2026-03-30 16:45:00+00:00,1.14573,1.14606,1.14547,1.14596,601,8,0
2026-03-30 17:00:00+00:00,1.14596,1.14636,1.1455899999999999,1.1457,554,8,0
2026-03-30 17:15:00+00:00,1.14569,1.14631,1.14553,1.14603,558,8,0
2026-03-30 17:30:00+00:00,1.14601,1.14626,1.14575,1.14624,530,8,0
2026-03-30 17:45:00+00:00,1.14626,1.1464699999999999,1.1456,1.14571,599,8,0
2026-03-30 18:00:00+00:00,1.14569,1.14632,1.14563,1.14624,512,8,0
2026-03-30 18:15:00+00:00,1.14624,1.14645,1.14605,1.14632,472,8,0
2026-03-30 18:30:00+00:00,1.14631,1.1466,1.14625,1.14635,369,8,0
2026-03-30 18:45:00+00:00,1.14636,1.14656,1.14598,1.14607,508,8,0
2026-03-30 19:00:00+00:00,1.14606,1.14619,1.14534,1.14554,562,8,0
2026-03-30 19:15:00+00:00,1.14556,1.14572,1.14545,1.1455899999999999,411,8,0
2026-03-30 19:30:00+00:00,1.14558,1.14593,1.14557,1.14589,368,8,0
2026-03-30 19:45:00+00:00,1.14589,1.14603,1.14573,1.14594,363,8,0
2026-03-30 20:00:00+00:00,1.14592,1.14623,1.14584,1.14602,309,8,0
2026-03-30 20:15:00+00:00,1.14599,1.14606,1.14568,1.14577,248,8,0
2026-03-30 20:30:00+00:00,1.14577,1.14592,1.14568,1.14588,180,8,0
2026-03-30 20:45:00+00:00,1.1458599999999999,1.14616,1.1457,1.14609,214,8,0
2026-03-30 21:00:00+00:00,1.14608,1.14616,1.14544,1.14546,192,20,0
2026-03-30 21:15:00+00:00,1.14547,1.14571,1.14547,1.14568,110,76,0
2026-03-30 21:30:00+00:00,1.14566,1.14592,1.14566,1.14592,227,54,0
2026-03-30 21:45:00+00:00,1.14592,1.14615,1.14563,1.14596,189,20,0
2026-03-30 22:00:00+00:00,1.14611,1.14654,1.14611,1.14623,214,8,0
2026-03-30 22:15:00+00:00,1.14623,1.1464,1.14612,1.14623,158,8,0
2026-03-30 22:30:00+00:00,1.14623,1.14626,1.1461000000000001,1.1461000000000001,136,8,0
2026-03-30 22:45:00+00:00,1.1461000000000001,1.14618,1.1459,1.14593,162,8,0
2026-03-30 23:00:00+00:00,1.14592,1.14592,1.1452,1.14522,429,8,0
2026-03-30 23:15:00+00:00,1.14523,1.14551,1.14523,1.14546,208,8,0
2026-03-30 23:30:00+00:00,1.14546,1.14566,1.14533,1.14565,200,8,0
2026-03-30 23:45:00+00:00,1.14565,1.14566,1.14541,1.14563,225,8,0
2026-03-31 00:00:00+00:00,1.14566,1.1459,1.14509,1.14514,586,8,0
2026-03-31 00:15:00+00:00,1.14514,1.14532,1.14468,1.14527,494,8,0
2026-03-31 00:30:00+00:00,1.14528,1.14638,1.145,1.14628,1105,8,0
2026-03-31 00:45:00+00:00,1.14629,1.14758,1.14629,1.1474199999999999,1323,8,0
2026-03-31 01:00:00+00:00,1.14741,1.14771,1.14728,1.1476899999999999,679,8,0
2026-03-31 01:15:00+00:00,1.1477,1.14892,1.14765,1.14889,710,8,0
2026-03-31 01:30:00+00:00,1.1488800000000001,1.14904,1.14831,1.14837,885,8,0
2026-03-31 01:45:00+00:00,1.14836,1.14841,1.14752,1.14757,672,8,0
2026-03-31 02:00:00+00:00,1.14758,1.14771,1.1473200000000001,1.14761,488,8,0
2026-03-31 02:15:00+00:00,1.14761,1.14777,1.14751,1.14763,412,8,0
2026-03-31 02:30:00+00:00,1.14761,1.14764,1.14729,1.14749,359,8,0
2026-03-31 02:45:00+00:00,1.14749,1.1479300000000001,1.1474199999999999,1.14755,410,8,0
2026-03-31 03:00:00+00:00,1.14754,1.14761,1.1473200000000001,1.14736,358,8,0
2026-03-31 03:15:00+00:00,1.14736,1.14738,1.14703,1.14723,308,8,0
2026-03-31 03:30:00+00:00,1.14722,1.14731,1.147,1.14703,276,8,0
2026-03-31 03:45:00+00:00,1.14703,1.14705,1.14661,1.14692,268,8,0
2026-03-31 04:00:00+00:00,1.14693,1.1471,1.14693,1.14701,247,8,0
2026-03-31 04:15:00+00:00,1.14701,1.14721,1.14696,1.1471,240,8,0
2026-03-31 04:30:00+00:00,1.1471,1.14725,1.14698,1.14701,231,8,0
2026-03-31 04:45:00+00:00,1.14702,1.14712,1.14684,1.14687,253,8,0
2026-03-31 05:00:00+00:00,1.14689,1.14713,1.14627,1.14628,350,8,0
2026-03-31 05:15:00+00:00,1.14628,1.14693,1.14625,1.14676,358,8,0
2026-03-31 05:30:00+00:00,1.14676,1.14696,1.14655,1.1466,358,8,0
2026-03-31 05:45:00+00:00,1.1466,1.14702,1.14619,1.14643,497,8,0
2026-03-31 06:00:00+00:00,1.14642,1.14658,1.14602,1.14643,601,8,0
2026-03-31 06:15:00+00:00,1.14641,1.14713,1.14623,1.14696,574,8,0
2026-03-31 06:30:00+00:00,1.14695,1.14711,1.14652,1.1467100000000001,589,8,0
2026-03-31 06:45:00+00:00,1.1467,1.14739,1.1465,1.14717,566,8,0
2026-03-31 07:00:00+00:00,1.14715,1.14739,1.14662,1.14662,826,8,0
2026-03-31 07:15:00+00:00,1.1466,1.14683,1.14625,1.14668,620,8,0
2026-03-31 07:30:00+00:00,1.14667,1.14702,1.14667,1.14689,570,8,0
2026-03-31 07:45:00+00:00,1.14688,1.14719,1.14668,1.14719,563,8,0
2026-03-31 08:00:00+00:00,1.1472,1.14736,1.14661,1.1467,738,8,0
2026-03-31 08:15:00+00:00,1.14669,1.14679,1.1463700000000001,1.14674,580,8,0
2026-03-31 08:30:00+00:00,1.14674,1.14727,1.14663,1.14724,570,8,0
2026-03-31 08:45:00+00:00,1.14726,1.14754,1.14663,1.14669,606,8,0
2026-03-31 09:00:00+00:00,1.14668,1.14686,1.14615,1.14682,674,8,0
2026-03-31 09:15:00+00:00,1.14682,1.14728,1.14655,1.14717,548,8,0
2026-03-31 09:30:00+00:00,1.14717,1.14717,1.14669,1.14685,519,8,0
2026-03-31 09:45:00+00:00,1.14686,1.14686,1.14653,1.14676,453,8,0
2026-03-31 10:00:00+00:00,1.14678,1.14696,1.14652,1.14653,416,8,0
2026-03-31 10:15:00+00:00,1.14653,1.14668,1.14633,1.14667,427,8,0
2026-03-31 10:30:00+00:00,1.14666,1.1468099999999999,1.1464,1.14644,451,8,0
2026-03-31 10:45:00+00:00,1.14643,1.14643,1.1457600000000001,1.1458599999999999,504,8,0
2026-03-31 11:00:00+00:00,1.14588,1.14712,1.1457,1.14614,1427,8,0
2026-03-31 11:15:00+00:00,1.14615,1.14848,1.14603,1.14745,1343,8,0
2026-03-31 11:30:00+00:00,1.14745,1.1486,1.14717,1.14859,859,8,0
2026-03-31 11:45:00+00:00,1.14859,1.14907,1.14822,1.14907,1011,8,0
2026-03-31 12:00:00+00:00,1.14909,1.15013,1.14868,1.14917,1611,8,0
2026-03-31 12:15:00+00:00,1.1491500000000001,1.15039,1.14892,1.15031,1578,8,0
2026-03-31 12:30:00+00:00,1.15033,1.15095,1.15016,1.15074,1099,8,0
2026-03-31 12:45:00+00:00,1.15072,1.15092,1.15018,1.15025,851,8,0
2026-03-31 13:00:00+00:00,1.15026,1.15133,1.15,1.1509,830,8,0
2026-03-31 13:15:00+00:00,1.15091,1.15187,1.15089,1.15139,835,8,0
2026-03-31 13:30:00+00:00,1.15137,1.1518,1.151,1.1516,1012,8,0
2026-03-31 13:45:00+00:00,1.1516,1.15322,1.1514,1.15322,1254,8,0
2026-03-31 14:00:00+00:00,1.15321,1.15332,1.15202,1.15251,1457,8,0
2026-03-31 14:15:00+00:00,1.1525,1.15341,1.15231,1.15341,1260,8,0
2026-03-31 14:30:00+00:00,1.15343,1.15402,1.15182,1.15189,1391,8,0
2026-03-31 14:45:00+00:00,1.1519,1.1529099999999999,1.1510799999999999,1.15198,2893,8,0
2026-03-31 15:00:00+00:00,1.152,1.15316,1.15162,1.15299,2184,8,0
2026-03-31 15:15:00+00:00,1.15302,1.1532499999999999,1.15233,1.15243,1293,8,0
2026-03-31 15:30:00+00:00,1.15246,1.15252,1.15153,1.15153,1365,8,0
2026-03-31 15:45:00+00:00,1.15153,1.1524,1.15114,1.1516899999999999,1141,8,0
2026-03-31 16:00:00+00:00,1.1517,1.15255,1.15155,1.152,1083,8,0
2026-03-31 16:15:00+00:00,1.15197,1.15225,1.15137,1.15222,868,8,0
2026-03-31 16:30:00+00:00,1.15224,1.15597,1.15221,1.15466,3566,8,0
2026-03-31 16:45:00+00:00,1.15465,1.15486,1.1533,1.15402,3583,8,0
2026-03-31 17:00:00+00:00,1.15405,1.15536,1.15395,1.15509,2585,8,0
2026-03-31 17:15:00+00:00,1.15512,1.15552,1.15466,1.15475,1565,8,0
2026-03-31 17:30:00+00:00,1.15477,1.15533,1.15432,1.15519,2136,8,0
2026-03-31 17:45:00+00:00,1.15522,1.15563,1.1538599999999999,1.15396,1176,8,0
2026-03-31 18:00:00+00:00,1.15398,1.15488,1.15381,1.15479,964,8,0
2026-03-31 18:15:00+00:00,1.15477,1.15503,1.15421,1.15471,853,8,0
2026-03-31 18:30:00+00:00,1.15473,1.15481,1.1540300000000001,1.15438,950,8,0
2026-03-31 18:45:00+00:00,1.1544,1.15476,1.15382,1.15443,831,8,0
2026-03-31 19:00:00+00:00,1.15441,1.15461,1.1538599999999999,1.15426,800,8,0
2026-03-31 19:15:00+00:00,1.15425,1.1544699999999999,1.1541,1.15425,526,8,0
2026-03-31 19:30:00+00:00,1.15427,1.15544,1.15426,1.15512,553,8,0
2026-03-31 19:45:00+00:00,1.15512,1.15594,1.15507,1.15584,666,8,0
2026-03-31 20:00:00+00:00,1.15587,1.15631,1.1557,1.1558,471,8,0
2026-03-31 20:15:00+00:00,1.15581,1.1559300000000001,1.15563,1.1556899999999999,449,8,0
2026-03-31 20:30:00+00:00,1.15567,1.15579,1.1553499999999999,1.15549,318,8,0
2026-03-31 20:45:00+00:00,1.15549,1.15549,1.15511,1.15521,265,8,0
2026-03-31 21:00:00+00:00,1.15519,1.15522,1.15501,1.15522,64,20,0
2026-03-31 21:15:00+00:00,1.15521,1.15522,1.15504,1.15513,91,48,0
2026-03-31 21:30:00+00:00,1.15512,1.15525,1.1550799999999999,1.15513,128,48,0
2026-03-31 21:45:00+00:00,1.15513,1.15545,1.15505,1.15545,131,20,0
2026-03-31 22:00:00+00:00,1.15554,1.15594,1.15521,1.15548,390,8,0
2026-03-31 22:15:00+00:00,1.15548,1.15564,1.15527,1.15548,204,8,0
2026-03-31 22:30:00+00:00,1.15548,1.15579,1.15542,1.15567,228,8,0
2026-03-31 22:45:00+00:00,1.15567,1.15589,1.15552,1.15582,144,8,0
2026-03-31 23:00:00+00:00,1.15582,1.15606,1.15567,1.15605,213,8,0
2026-03-31 23:15:00+00:00,1.15605,1.15676,1.156,1.1566,285,8,0
2026-03-31 23:30:00+00:00,1.15658,1.15669,1.15645,1.15655,246,8,0
2026-03-31 23:45:00+00:00,1.15655,1.15743,1.15647,1.15736,462,8,0
2026-04-01 00:00:00+00:00,1.15735,1.1574,1.1569,1.15733,614,8,0
2026-04-01 00:15:00+00:00,1.15734,1.15784,1.15732,1.15763,522,8,0
2026-04-01 00:30:00+00:00,1.15765,1.15772,1.15741,1.15759,331,8,0
2026-04-01 00:45:00+00:00,1.15759,1.15762,1.15708,1.1574,539,8,0
2026-04-01 01:00:00+00:00,1.1574,1.15755,1.15566,1.15653,1096,8,0
2026-04-01 01:15:00+00:00,1.15651,1.15651,1.15575,1.15632,737,8,0
2026-04-01 01:30:00+00:00,1.1562999999999999,1.15651,1.15551,1.15565,638,8,0
2026-04-01 01:45:00+00:00,1.15565,1.15616,1.15546,1.15612,444,8,0
2026-04-01 02:00:00+00:00,1.15613,1.1566,1.15602,1.15646,369,8,0
2026-04-01 02:15:00+00:00,1.15646,1.15665,1.15642,1.15646,299,8,0
2026-04-01 02:30:00+00:00,1.15646,1.15669,1.15625,1.1566,436,8,0
2026-04-01 02:45:00+00:00,1.1566,1.15708,1.1566,1.15683,332,8,0
2026-04-01 03:00:00+00:00,1.1568100000000001,1.15682,1.15645,1.15666,369,8,0
2026-04-01 03:15:00+00:00,1.15666,1.15676,1.15645,1.15648,283,8,0
2026-04-01 03:30:00+00:00,1.15648,1.1565400000000001,1.15613,1.15621,279,8,0
2026-04-01 03:45:00+00:00,1.15623,1.15623,1.15587,1.15605,282,8,0
2026-04-01 04:00:00+00:00,1.15604,1.15626,1.15592,1.15605,246,8,0
2026-04-01 04:15:00+00:00,1.15605,1.1562000000000001,1.15591,1.15619,239,8,0
2026-04-01 04:30:00+00:00,1.15619,1.15641,1.15607,1.15638,230,8,0
2026-04-01 04:45:00+00:00,1.15638,1.15661,1.1562999999999999,1.15649,247,8,0
2026-04-01 05:00:00+00:00,1.15651,1.15677,1.15644,1.1566,372,8,0
2026-04-01 05:15:00+00:00,1.1566,1.15724,1.15653,1.15724,397,8,0
2026-04-01 05:30:00+00:00,1.15726,1.15759,1.1571500000000001,1.15755,444,8,0
2026-04-01 05:45:00+00:00,1.15756,1.1576,1.15676,1.15676,483,8,0
2026-04-01 06:00:00+00:00,1.15676,1.15706,1.15618,1.15663,1062,8,0
2026-04-01 06:15:00+00:00,1.15663,1.15892,1.15659,1.1586400000000001,1185,8,0
2026-04-01 06:30:00+00:00,1.15863,1.1592500000000001,1.1579,1.15868,1440,8,0
2026-04-01 06:45:00+00:00,1.1587,1.15918,1.15799,1.1590799999999999,1416,8,0
2026-04-01 07:00:00+00:00,1.1591,1.15945,1.1582,1.15866,1442,8,0
2026-04-01 07:15:00+00:00,1.1586400000000001,1.1593,1.15853,1.15891,989,8,0
2026-04-01 07:30:00+00:00,1.15889,1.1592,1.15823,1.15895,1257,8,0
2026-04-01 07:45:00+00:00,1.15893,1.15984,1.15768,1.15816,1746,8,0
2026-04-01 08:00:00+00:00,1.15815,1.15909,1.15771,1.15845,1354,8,0
2026-04-01 08:15:00+00:00,1.15846,1.1599599999999999,1.15827,1.15994,1028,8,0
2026-04-01 08:30:00+00:00,1.1599599999999999,1.16102,1.15988,1.16101,1086,8,0
2026-04-01 08:45:00+00:00,1.16099,1.16104,1.15939,1.15962,1459,8,0
2026-04-01 09:00:00+00:00,1.15961,1.16022,1.1591,1.15921,1031,8,0
2026-04-01 09:15:00+00:00,1.15919,1.15922,1.15815,1.15845,1098,8,0
2026-04-01 09:30:00+00:00,1.15843,1.1587,1.15804,1.15835,894,8,0
2026-04-01 09:45:00+00:00,1.15833,1.1596899999999999,1.1583,1.15948,973,8,0
2026-04-01 10:00:00+00:00,1.1595,1.16002,1.1593,1.15963,845,8,0
2026-04-01 10:15:00+00:00,1.15961,1.15998,1.15943,1.15962,738,8,0
2026-04-01 10:30:00+00:00,1.15962,1.15999,1.15956,1.15993,628,8,0
2026-04-01 10:45:00+00:00,1.15992,1.16033,1.1595,1.15991,818,8,0
2026-04-01 11:00:00+00:00,1.15992,1.16054,1.15975,1.1605,775,8,0
2026-04-01 11:15:00+00:00,1.16051,1.16052,1.15979,1.15991,607,8,0
2026-04-01 11:30:00+00:00,1.15991,1.16026,1.15976,1.16021,642,8,0
2026-04-01 11:45:00+00:00,1.16022,1.16095,1.16018,1.1607,584,8,0
2026-04-01 12:00:00+00:00,1.16072,1.16102,1.16016,1.16042,751,8,0
2026-04-01 12:15:00+00:00,1.16041,1.1605,1.15942,1.15957,947,8,0
2026-04-01 12:30:00+00:00,1.15958,1.16186,1.15936,1.16136,1218,8,0
2026-04-01 12:45:00+00:00,1.16139,1.16233,1.16014,1.1604,4070,8,0
2026-04-01 13:00:00+00:00,1.16042,1.16111,1.15984,1.16105,1524,8,0
2026-04-01 13:15:00+00:00,1.16103,1.16143,1.16065,1.16084,1235,8,0
2026-04-01 13:30:00+00:00,1.16082,1.16235,1.1605699999999999,1.16151,1986,8,0
2026-04-01 13:45:00+00:00,1.16151,1.16183,1.161,1.16119,1681,8,0
2026-04-01 14:00:00+00:00,1.1612,1.1612,1.16042,1.16097,1770,8,0
2026-04-01 14:15:00+00:00,1.16095,1.16186,1.1609,1.16138,1290,8,0
2026-04-01 14:30:00+00:00,1.16139,1.16204,1.16068,1.16163,1946,8,0
2026-04-01 14:45:00+00:00,1.16164,1.16266,1.16125,1.16222,1423,8,0
2026-04-01 15:00:00+00:00,1.16224,1.16269,1.16141,1.16151,1081,8,0
2026-04-01 15:15:00+00:00,1.16153,1.1617,1.16058,1.16058,946,8,0
2026-04-01 15:30:00+00:00,1.16061,1.16111,1.1605,1.16104,803,8,0
2026-04-01 15:45:00+00:00,1.16104,1.16168,1.16089,1.16133,799,8,0
2026-04-01 16:00:00+00:00,1.16131,1.16153,1.1605699999999999,1.16062,831,8,0
2026-04-01 16:15:00+00:00,1.16063,1.16096,1.16043,1.16072,730,8,0
2026-04-01 16:30:00+00:00,1.16074,1.16096,1.16044,1.16067,777,8,0
2026-04-01 16:45:00+00:00,1.16068,1.16186,1.16059,1.16185,559,8,0
2026-04-01 17:00:00+00:00,1.16185,1.16233,1.1613,1.16156,764,8,0
2026-04-01 17:15:00+00:00,1.16156,1.1616,1.1607,1.16076,571,8,0
2026-04-01 17:30:00+00:00,1.16077,1.16077,1.15972,1.16052,688,8,0
2026-04-01 17:45:00+00:00,1.16052,1.16052,1.1593499999999999,1.15936,737,8,0
2026-04-01 18:00:00+00:00,1.1593499999999999,1.15941,1.15879,1.15883,889,8,0
2026-04-01 18:15:00+00:00,1.15881,1.159,1.1583,1.15843,748,8,0
2026-04-01 18:30:00+00:00,1.15843,1.15873,1.15767,1.15852,854,8,0
2026-04-01 18:45:00+00:00,1.15852,1.15873,1.15777,1.15786,798,8,0
2026-04-01 19:00:00+00:00,1.15787,1.15844,1.15758,1.15827,724,8,0
2026-04-01 19:15:00+00:00,1.15827,1.1583,1.15781,1.15828,438,8,0
2026-04-01 19:30:00+00:00,1.15828,1.15867,1.1581299999999999,1.15855,470,8,0
2026-04-01 19:45:00+00:00,1.15855,1.15867,1.15807,1.15836,621,8,0
2026-04-01 20:00:00+00:00,1.15834,1.15875,1.15833,1.15861,316,8,0
2026-04-01 20:15:00+00:00,1.15861,1.15872,1.15841,1.15867,212,8,0
2026-04-01 20:30:00+00:00,1.15867,1.1590799999999999,1.15866,1.15906,249,8,0
2026-04-01 20:45:00+00:00,1.15906,1.15915,1.1589,1.15895,187,8,0
2026-04-01 21:00:00+00:00,1.15895,1.159,1.15834,1.15846,130,20,0
2026-04-01 21:15:00+00:00,1.15842,1.1587399999999999,1.15825,1.15871,173,49,0
2026-04-01 21:30:00+00:00,1.1587,1.1587399999999999,1.15844,1.15862,201,20,0
2026-04-01 21:45:00+00:00,1.15861,1.159,1.15858,1.159,158,8,0
2026-04-01 22:00:00+00:00,1.15901,1.15928,1.15893,1.15919,202,8,0
2026-04-01 22:15:00+00:00,1.15919,1.15932,1.15901,1.1593,119,8,0
2026-04-01 22:30:00+00:00,1.1593,1.1593,1.15906,1.1592,166,8,0
2026-04-01 22:45:00+00:00,1.1592,1.15939,1.15897,1.1590799999999999,237,8,0
2026-04-01 23:00:00+00:00,1.1591,1.15942,1.1591,1.15936,179,8,0
2026-04-01 23:15:00+00:00,1.15937,1.15937,1.15907,1.15913,177,8,0
2026-04-01 23:30:00+00:00,1.15913,1.15928,1.15902,1.15917,174,8,0
2026-04-01 23:45:00+00:00,1.15917,1.15917,1.15886,1.15894,223,8,0
2026-04-02 00:00:00+00:00,1.15892,1.15955,1.15879,1.1592500000000001,647,8,0
2026-04-02 00:15:00+00:00,1.15924,1.15936,1.15865,1.15873,440,8,0
2026-04-02 00:30:00+00:00,1.15872,1.1595,1.1587,1.1594,440,8,0
2026-04-02 00:45:00+00:00,1.15938,1.15977,1.15926,1.15949,586,8,0
2026-04-02 01:00:00+00:00,1.15948,1.16052,1.15793,1.15909,3339,8,0
2026-04-02 01:15:00+00:00,1.1590799999999999,1.15945,1.15599,1.15633,4150,8,0
2026-04-02 01:30:00+00:00,1.15631,1.15635,1.15469,1.15528,2426,8,0
2026-04-02 01:45:00+00:00,1.15526,1.15552,1.15454,1.15522,1412,8,0
2026-04-02 02:00:00+00:00,1.15523,1.15599,1.15514,1.15544,1053,8,0
2026-04-02 02:15:00+00:00,1.15545,1.15585,1.15477,1.15477,988,8,0
2026-04-02 02:30:00+00:00,1.15476,1.15492,1.15436,1.15463,738,8,0
2026-04-02 02:45:00+00:00,1.15462,1.15489,1.15458,1.15465,515,8,0
2026-04-02 03:00:00+00:00,1.15465,1.15482,1.15435,1.1547,416,8,0
2026-04-02 03:15:00+00:00,1.15469,1.15482,1.15441,1.15458,469,8,0
2026-04-02 03:30:00+00:00,1.15459,1.15487,1.15454,1.15485,465,8,0
2026-04-02 03:45:00+00:00,1.15485,1.15487,1.15374,1.15395,493,8,0
2026-04-02 04:00:00+00:00,1.15396,1.15416,1.15373,1.15381,629,8,0
2026-04-02 04:15:00+00:00,1.1538,1.15396,1.15348,1.1535,411,8,0
2026-04-02 04:30:00+00:00,1.1535199999999999,1.15364,1.15327,1.15343,392,8,0
2026-04-02 04:45:00+00:00,1.15343,1.15367,1.15319,1.15367,364,8,0
2026-04-02 05:00:00+00:00,1.15367,1.15387,1.15337,1.15339,415,8,0
2026-04-02 05:15:00+00:00,1.15339,1.1535,1.15311,1.15324,374,8,0
2026-04-02 05:30:00+00:00,1.15324,1.15365,1.1531500000000001,1.15348,495,8,0
2026-04-02 05:45:00+00:00,1.15348,1.15349,1.15244,1.1525,835,8,0
2026-04-02 06:00:00+00:00,1.15251,1.15287,1.15165,1.15172,879,8,0
2026-04-02 06:15:00+00:00,1.15171,1.15265,1.15149,1.15241,962,8,0
2026-04-02 06:30:00+00:00,1.15238,1.15308,1.15229,1.15305,779,8,0
2026-04-02 06:45:00+00:00,1.15305,1.15351,1.15287,1.15341,737,8,0
2026-04-02 07:00:00+00:00,1.1534,1.15365,1.15261,1.15269,904,8,0
2026-04-02 07:15:00+00:00,1.15267,1.15375,1.15266,1.15287,1014,8,0
2026-04-02 07:30:00+00:00,1.15289,1.1531500000000001,1.15183,1.15234,1017,8,0
2026-04-02 07:45:00+00:00,1.15235,1.15327,1.15235,1.15321,751,8,0
2026-04-02 08:00:00+00:00,1.15324,1.15351,1.15276,1.15339,789,8,0
2026-04-02 08:15:00+00:00,1.15337,1.15354,1.15246,1.15273,589,8,0
2026-04-02 08:30:00+00:00,1.15273,1.15303,1.15242,1.15266,636,8,0
2026-04-02 08:45:00+00:00,1.15266,1.15289,1.15239,1.15251,490,8,0
2026-04-02 09:00:00+00:00,1.15252,1.15275,1.15228,1.15237,563,8,0
2026-04-02 09:15:00+00:00,1.15234,1.1528100000000001,1.15215,1.1526399999999999,466,8,0
2026-04-02 09:30:00+00:00,1.15263,1.15317,1.15255,1.1526,504,8,0
2026-04-02 09:45:00+00:00,1.1526,1.1528,1.15232,1.15258,544,8,0
2026-04-02 10:00:00+00:00,1.15258,1.15265,1.1515,1.15155,575,8,0
2026-04-02 10:15:00+00:00,1.15155,1.15192,1.1513200000000001,1.1519,458,8,0
2026-04-02 10:30:00+00:00,1.1519,1.152,1.15133,1.15171,661,8,0
2026-04-02 10:45:00+00:00,1.15171,1.15185,1.1510799999999999,1.15119,587,8,0
2026-04-02 11:00:00+00:00,1.15122,1.15134,1.15086,1.15107,622,8,0
2026-04-02 11:15:00+00:00,1.15107,1.15138,1.15088,1.15111,560,8,0
2026-04-02 11:30:00+00:00,1.1511,1.1519,1.151,1.1514,545,8,0
2026-04-02 11:45:00+00:00,1.1514,1.15184,1.15119,1.1516899999999999,729,8,0
2026-04-02 12:00:00+00:00,1.1517,1.15286,1.15164,1.15255,902,8,0
2026-04-02 12:15:00+00:00,1.15257,1.15279,1.15204,1.15269,850,8,0
2026-04-02 12:30:00+00:00,1.15268,1.15284,1.1522999999999999,1.15246,838,8,0
2026-04-02 12:45:00+00:00,1.15248,1.15308,1.15223,1.15244,950,8,0
2026-04-02 13:00:00+00:00,1.15245,1.15295,1.15199,1.15209,1114,8,0
2026-04-02 13:15:00+00:00,1.15209,1.15282,1.15204,1.15268,897,8,0
2026-04-02 13:30:00+00:00,1.15269,1.153,1.152,1.15222,1215,8,0
2026-04-02 13:45:00+00:00,1.15222,1.15321,1.15217,1.15307,1259,8,0
2026-04-02 14:00:00+00:00,1.1531,1.15341,1.1527,1.15304,1213,8,0
2026-04-02 14:15:00+00:00,1.15306,1.15361,1.15282,1.15301,1067,8,0
2026-04-02 14:30:00+00:00,1.15299,1.15634,1.15262,1.15515,5113,8,0
2026-04-02 14:45:00+00:00,1.15517,1.15528,1.15418,1.15507,2408,8,0
2026-04-02 15:00:00+00:00,1.1551,1.15581,1.15478,1.15552,1851,8,0
2026-04-02 15:15:00+00:00,1.15552,1.15583,1.1541299999999999,1.15499,1405,8,0
2026-04-02 15:30:00+00:00,1.15501,1.15523,1.15463,1.15492,1243,8,0
2026-04-02 15:45:00+00:00,1.15492,1.15492,1.15424,1.15448,945,8,0
2026-04-02 16:00:00+00:00,1.1544699999999999,1.15472,1.15393,1.15418,908,8,0
2026-04-02 16:15:00+00:00,1.1542,1.15465,1.15387,1.15406,808,8,0
2026-04-02 16:30:00+00:00,1.15406,1.15472,1.15396,1.15457,1125,8,0
2026-04-02 16:45:00+00:00,1.15457,1.15476,1.15388,1.15388,819,8,0
2026-04-02 17:00:00+00:00,1.15389,1.15459,1.15371,1.15453,754,8,0
2026-04-02 17:15:00+00:00,1.15455,1.1549,1.15439,1.15448,570,8,0
2026-04-02 17:30:00+00:00,1.1544699999999999,1.1544699999999999,1.1541299999999999,1.15432,481,8,0
2026-04-02 17:45:00+00:00,1.15432,1.15434,1.1536,1.15374,541,8,0
2026-04-02 18:00:00+00:00,1.15374,1.15398,1.1535,1.15371,536,8,0
2026-04-02 18:15:00+00:00,1.15371,1.1538,1.15327,1.15334,489,8,0
2026-04-02 18:30:00+00:00,1.15334,1.15379,1.15327,1.15369,461,8,0
2026-04-02 18:45:00+00:00,1.15368,1.15396,1.15356,1.15356,527,8,0
2026-04-02 19:00:00+00:00,1.15359,1.15396,1.15359,1.1537,502,8,0
2026-04-02 19:15:00+00:00,1.1537,1.15435,1.15351,1.15391,543,8,0
2026-04-02 19:30:00+00:00,1.15391,1.15405,1.15366,1.15369,402,8,0
2026-04-02 19:45:00+00:00,1.1537,1.15381,1.15329,1.1534200000000001,471,8,0
2026-04-02 20:00:00+00:00,1.15344,1.15368,1.15319,1.15367,283,8,0
2026-04-02 20:15:00+00:00,1.15368,1.1538,1.15363,1.15377,180,8,0
2026-04-02 20:30:00+00:00,1.15377,1.15381,1.1536,1.15367,140,8,0
2026-04-02 20:45:00+00:00,1.15367,1.15393,1.15365,1.15383,202,8,0
2026-04-02 21:00:00+00:00,1.15382,1.15383,1.15364,1.15364,45,20,0
2026-04-02 21:15:00+00:00,1.15361,1.15382,1.15358,1.15374,67,20,0
2026-04-02 21:30:00+00:00,1.15374,1.15377,1.15356,1.15375,154,20,0
2026-04-02 21:45:00+00:00,1.1537600000000001,1.15404,1.15374,1.154,141,20,0
2026-04-02 22:00:00+00:00,1.154,1.154,1.15321,1.15327,135,20,0
2026-04-02 22:15:00+00:00,1.15327,1.15353,1.15322,1.15332,78,120,0
2026-04-02 22:30:00+00:00,1.15329,1.15349,1.15328,1.15345,117,120,0
2026-04-02 22:45:00+00:00,1.15345,1.15353,1.15339,1.15345,73,120,0
2026-04-02 23:00:00+00:00,1.15337,1.15356,1.15332,1.15341,78,120,0
2026-04-02 23:15:00+00:00,1.1534200000000001,1.1535199999999999,1.15337,1.1535199999999999,68,120,0
2026-04-02 23:30:00+00:00,1.1535199999999999,1.15375,1.15351,1.15358,69,120,0
2026-04-02 23:45:00+00:00,1.1536,1.15364,1.15348,1.15351,92,120,0
2026-04-03 00:00:00+00:00,1.15351,1.15398,1.15348,1.15356,160,120,0
2026-04-03 00:15:00+00:00,1.15356,1.15367,1.15341,1.15357,142,120,0
2026-04-03 00:30:00+00:00,1.15357,1.15387,1.15353,1.1537600000000001,225,120,0
2026-04-03 00:45:00+00:00,1.1537600000000001,1.15379,1.15317,1.15317,198,120,0
2026-04-03 01:00:00+00:00,1.15317,1.1534200000000001,1.1531,1.15321,200,120,0
2026-04-03 01:15:00+00:00,1.15321,1.1534,1.15318,1.15323,132,120,0
2026-04-03 01:30:00+00:00,1.15323,1.15332,1.1529,1.15292,111,120,0
2026-04-03 01:45:00+00:00,1.1529,1.15312,1.15274,1.15286,101,120,0
2026-04-03 02:00:00+00:00,1.15286,1.15328,1.15282,1.1531500000000001,163,120,0
2026-04-03 02:15:00+00:00,1.1531500000000001,1.15317,1.15257,1.15257,187,120,0
2026-04-03 02:30:00+00:00,1.15257,1.15292,1.15257,1.15278,122,120,0
2026-04-03 02:45:00+00:00,1.15277,1.15313,1.15277,1.15307,143,120,0
2026-04-03 03:00:00+00:00,1.15307,1.15321,1.153,1.15311,89,120,0
2026-04-03 03:15:00+00:00,1.15312,1.15317,1.15288,1.15297,55,120,0
2026-04-03 03:30:00+00:00,1.15297,1.1531,1.1529099999999999,1.15296,98,120,0
2026-04-03 03:45:00+00:00,1.15296,1.15311,1.15278,1.15308,126,120,0
2026-04-03 04:00:00+00:00,1.15308,1.15308,1.1528,1.1529099999999999,113,120,0
2026-04-03 04:15:00+00:00,1.1529099999999999,1.15297,1.15285,1.15286,131,120,0
2026-04-03 04:30:00+00:00,1.15286,1.15303,1.15279,1.1528,194,120,0
2026-04-03 04:45:00+00:00,1.15279,1.15295,1.15274,1.15274,123,120,0
2026-04-03 05:00:00+00:00,1.15274,1.15287,1.15243,1.15244,56,120,0
2026-04-03 05:15:00+00:00,1.15244,1.15251,1.15212,1.15223,106,160,0
2026-04-03 05:30:00+00:00,1.15223,1.15285,1.15223,1.15284,159,160,0
2026-04-03 05:45:00+00:00,1.15284,1.153,1.15274,1.15297,101,160,0
2026-04-03 06:00:00+00:00,1.15296,1.15311,1.15285,1.15311,94,160,0
2026-04-03 06:15:00+00:00,1.1531,1.15316,1.1527,1.15271,95,160,0
2026-04-03 06:30:00+00:00,1.15271,1.15316,1.15266,1.15316,136,160,0
2026-04-03 06:45:00+00:00,1.15316,1.15332,1.15292,1.15322,182,160,0
2026-04-03 07:00:00+00:00,1.1532,1.15341,1.1532,1.1534,121,160,0
2026-04-03 07:15:00+00:00,1.1534,1.15388,1.15326,1.15356,164,160,0
2026-04-03 07:30:00+00:00,1.15356,1.15382,1.15343,1.15362,164,160,0
2026-04-03 07:45:00+00:00,1.15362,1.15377,1.1534200000000001,1.15344,152,160,0
2026-04-03 08:00:00+00:00,1.1534200000000001,1.15356,1.15328,1.15328,96,160,0
2026-04-03 08:15:00+00:00,1.15328,1.15353,1.15327,1.1535199999999999,100,160,0
2026-04-03 08:30:00+00:00,1.1535199999999999,1.15373,1.15351,1.15372,76,160,0
2026-04-03 08:45:00+00:00,1.15372,1.15377,1.15331,1.15362,127,160,0
2026-04-03 09:00:00+00:00,1.15355,1.15381,1.15336,1.15366,137,160,0
2026-04-03 09:15:00+00:00,1.15366,1.1537600000000001,1.15351,1.15367,124,160,0
2026-04-03 09:30:00+00:00,1.15367,1.1537600000000001,1.1534,1.15341,98,160,0
2026-04-03 09:45:00+00:00,1.15341,1.15357,1.15322,1.15346,150,160,0
2026-04-03 10:00:00+00:00,1.15346,1.15368,1.15341,1.15354,102,160,0
2026-04-03 10:15:00+00:00,1.15356,1.15377,1.15344,1.15371,92,160,0
2026-04-03 10:30:00+00:00,1.15371,1.15373,1.15335,1.15337,92,160,0
2026-04-03 10:45:00+00:00,1.15338,1.15408,1.15338,1.15364,154,160,0
2026-04-03 11:00:00+00:00,1.15362,1.15391,1.15357,1.15361,162,160,0
2026-04-03 11:15:00+00:00,1.15361,1.1537,1.15336,1.15354,146,160,0
2026-04-03 11:30:00+00:00,1.15357,1.15399,1.15326,1.15399,190,60,0
2026-04-03 11:45:00+00:00,1.15396,1.15419,1.15395,1.15418,143,60,0
2026-04-03 12:00:00+00:00,1.1542,1.15423,1.15306,1.15419,181,40,0
2026-04-03 12:15:00+00:00,1.15419,1.15458,1.15391,1.1543,482,8,0
2026-04-03 12:30:00+00:00,1.15431,1.15431,1.15178,1.15316,1609,8,0
2026-04-03 12:45:00+00:00,1.15316,1.15334,1.15283,1.15306,587,8,0
2026-04-03 13:00:00+00:00,1.15306,1.15378,1.15288,1.15366,508,8,0
2026-04-03 13:15:00+00:00,1.15365,1.15385,1.15305,1.15308,274,8,0
2026-04-03 13:30:00+00:00,1.15306,1.15326,1.15276,1.15304,355,8,0
2026-04-03 13:45:00+00:00,1.15302,1.15353,1.15302,1.15344,336,8,0
2026-04-03 14:00:00+00:00,1.15344,1.15362,1.1526399999999999,1.15273,419,8,0
2026-04-03 14:15:00+00:00,1.15273,1.15282,1.15239,1.15263,306,8,0
2026-04-03 14:30:00+00:00,1.1526399999999999,1.15274,1.15243,1.15256,251,8,0
2026-04-03 14:45:00+00:00,1.15255,1.1526,1.15204,1.15208,259,8,0
2026-04-03 15:00:00+00:00,1.15208,1.15253,1.15204,1.15248,274,8,0
2026-04-03 15:15:00+00:00,1.15248,1.15276,1.15241,1.15246,411,8,0
2026-04-03 15:30:00+00:00,1.15245,1.15251,1.15219,1.15225,258,8,0
2026-04-03 15:45:00+00:00,1.15223,1.15239,1.15195,1.15219,374,8,0
2026-04-03 16:00:00+00:00,1.15217,1.15222,1.15187,1.15205,466,8,0
2026-04-03 16:15:00+00:00,1.15207,1.15211,1.15185,1.15201,234,8,0
2026-04-03 16:30:00+00:00,1.15199,1.15213,1.15189,1.1520299999999999,269,8,0
2026-04-03 16:45:00+00:00,1.15202,1.15215,1.15187,1.15188,136,8,0
2026-04-03 17:00:00+00:00,1.15188,1.15207,1.15182,1.15188,503,8,0
2026-04-03 17:15:00+00:00,1.1519,1.15204,1.15184,1.15188,541,8,0
2026-04-03 17:30:00+00:00,1.15188,1.15218,1.15184,1.15202,261,8,0
2026-04-03 17:45:00+00:00,1.1520299999999999,1.15208,1.1518,1.15198,290,8,0
2026-04-03 18:00:00+00:00,1.15198,1.1521,1.1518,1.1519,172,8,0
2026-04-03 18:15:00+00:00,1.1519,1.1519300000000001,1.15182,1.15188,51,16,0
2026-04-03 18:30:00+00:00,1.15187,1.15189,1.15135,1.15143,175,16,0
2026-04-03 18:45:00+00:00,1.15143,1.15164,1.15133,1.15137,172,16,0
2026-04-03 19:00:00+00:00,1.15137,1.15154,1.15135,1.1515,67,16,0
2026-04-03 19:15:00+00:00,1.1515,1.15152,1.15136,1.15143,63,16,0
2026-04-03 19:30:00+00:00,1.15143,1.15146,1.1514,1.1514199999999999,31,16,0
2026-04-03 19:45:00+00:00,1.15137,1.1514199999999999,1.15131,1.15139,47,16,0
2026-04-03 20:00:00+00:00,1.15138,1.15303,1.1513200000000001,1.15202,710,16,0
2026-04-03 20:15:00+00:00,1.15202,1.1520299999999999,1.15146,1.15183,313,16,0
2026-04-03 20:30:00+00:00,1.15182,1.15195,1.15107,1.15146,220,32,0
2026-04-03 20:45:00+00:00,1.15144,1.1516,1.15129,1.1514,90,65,0
2026-04-05 21:00:00+00:00,1.15196,1.152,1.15188,1.15195,22,48,0
2026-04-05 21:15:00+00:00,1.15195,1.15212,1.15195,1.15195,49,48,0
2026-04-05 21:30:00+00:00,1.15195,1.15208,1.15178,1.15178,104,48,0
2026-04-05 21:45:00+00:00,1.15178,1.15192,1.15178,1.15188,51,48,0
2026-04-05 22:00:00+00:00,1.15208,1.15212,1.15048,1.15102,960,8,0
2026-04-05 22:15:00+00:00,1.151,1.15126,1.15075,1.1511,649,8,0
2026-04-05 22:30:00+00:00,1.15109,1.15126,1.15093,1.15111,629,8,0
2026-04-05 22:45:00+00:00,1.15111,1.15161,1.15111,1.15145,379,8,0
2026-04-05 23:00:00+00:00,1.15146,1.15166,1.15109,1.15119,492,8,0
2026-04-05 23:15:00+00:00,1.1512,1.15134,1.15089,1.15089,308,8,0
2026-04-05 23:30:00+00:00,1.15089,1.15114,1.15082,1.1509,323,8,0
2026-04-05 23:45:00+00:00,1.15091,1.15115,1.15089,1.15095,313,8,0
2026-04-06 00:00:00+00:00,1.15095,1.15161,1.1509,1.1515,556,8,0
2026-04-06 00:15:00+00:00,1.1515,1.15179,1.15134,1.15146,398,8,0
2026-04-06 00:30:00+00:00,1.15147,1.15171,1.15135,1.15161,320,8,0
2026-04-06 00:45:00+00:00,1.15161,1.15161,1.15104,1.15115,355,8,0
2026-04-06 01:00:00+00:00,1.15115,1.15141,1.15076,1.1508,421,8,0
2026-04-06 01:15:00+00:00,1.1508,1.15114,1.15076,1.15102,355,8,0
2026-04-06 01:30:00+00:00,1.15104,1.1510799999999999,1.15077,1.15085,273,8,0
2026-04-06 01:45:00+00:00,1.15086,1.15092,1.1506,1.15066,224,8,0
2026-04-06 02:00:00+00:00,1.15067,1.15229,1.15066,1.15188,688,8,0
2026-04-06 02:15:00+00:00,1.15189,1.15283,1.15179,1.15239,825,8,0
2026-04-06 02:30:00+00:00,1.15239,1.15255,1.15198,1.15206,465,8,0
2026-04-06 02:45:00+00:00,1.15206,1.15225,1.15199,1.15204,403,8,0
2026-04-06 03:00:00+00:00,1.15204,1.15225,1.15197,1.15211,308,8,0
2026-04-06 03:15:00+00:00,1.15213,1.15228,1.1517,1.15212,544,8,0
2026-04-06 03:30:00+00:00,1.15213,1.15216,1.15186,1.15196,311,8,0
2026-04-06 03:45:00+00:00,1.15195,1.15199,1.15171,1.15185,253,8,0
2026-04-06 04:00:00+00:00,1.15185,1.15204,1.15182,1.15198,306,8,0
2026-04-06 04:15:00+00:00,1.15198,1.1521,1.15186,1.15196,256,8,0
2026-04-06 04:30:00+00:00,1.15194,1.15233,1.1519,1.15219,251,8,0
2026-04-06 04:45:00+00:00,1.15219,1.15246,1.15212,1.1524,215,8,0
2026-04-06 05:00:00+00:00,1.1524,1.15258,1.15226,1.15257,236,8,0
2026-04-06 05:15:00+00:00,1.15256,1.15292,1.15256,1.15267,284,8,0
2026-04-06 05:30:00+00:00,1.15268,1.15271,1.15244,1.15246,269,8,0
2026-04-06 05:45:00+00:00,1.15246,1.15267,1.15237,1.15249,313,8,0
2026-04-06 06:00:00+00:00,1.15249,1.15274,1.15238,1.15263,387,8,0
2026-04-06 06:15:00+00:00,1.15263,1.15268,1.15227,1.15232,330,8,0
2026-04-06 06:30:00+00:00,1.15232,1.1526399999999999,1.15217,1.15262,300,8,0
2026-04-06 06:45:00+00:00,1.15262,1.15371,1.15232,1.1532499999999999,1203,8,0
2026-04-06 07:00:00+00:00,1.15327,1.1534200000000001,1.15251,1.15297,695,8,0
2026-04-06 07:15:00+00:00,1.15298,1.15343,1.15296,1.15339,459,8,0
2026-04-06 07:30:00+00:00,1.1534,1.15531,1.1534,1.15517,738,8,0
2026-04-06 07:45:00+00:00,1.15515,1.15685,1.15513,1.15642,1151,8,0
2026-04-06 08:00:00+00:00,1.15644,1.15685,1.15551,1.15585,1007,8,0
2026-04-06 08:15:00+00:00,1.15586,1.15629,1.15562,1.15587,687,8,0
2026-04-06 08:30:00+00:00,1.15586,1.1562000000000001,1.15568,1.15571,499,8,0
2026-04-06 08:45:00+00:00,1.1556899999999999,1.15584,1.1553499999999999,1.15551,387,8,0
2026-04-06 09:00:00+00:00,1.15551,1.1558,1.15546,1.15553,446,8,0
2026-04-06 09:15:00+00:00,1.15553,1.15574,1.15534,1.15555,376,8,0
2026-04-06 09:30:00+00:00,1.15555,1.15572,1.15537,1.1555,402,8,0
2026-04-06 09:45:00+00:00,1.15551,1.156,1.1547,1.155,922,8,0
2026-04-06 10:00:00+00:00,1.15503,1.15538,1.15489,1.1551,570,8,0
2026-04-06 10:15:00+00:00,1.15509,1.15512,1.15471,1.15479,366,8,0
2026-04-06 10:30:00+00:00,1.15476,1.15513,1.15462,1.1550799999999999,338,8,0
2026-04-06 10:45:00+00:00,1.15507,1.1551,1.15372,1.15478,1160,8,0
2026-04-06 11:00:00+00:00,1.1548,1.15497,1.1542,1.15427,529,8,0
2026-04-06 11:15:00+00:00,1.15428,1.15448,1.15399,1.15428,464,8,0
2026-04-06 11:30:00+00:00,1.15428,1.15456,1.15414,1.15433,388,8,0
2026-04-06 11:45:00+00:00,1.15433,1.15475,1.15433,1.15453,464,8,0
2026-04-06 12:00:00+00:00,1.15455,1.1548,1.15438,1.15451,465,8,0
2026-04-06 12:15:00+00:00,1.15453,1.15462,1.15423,1.15457,470,8,0
2026-04-06 12:30:00+00:00,1.15457,1.15524,1.15456,1.15514,492,8,0
2026-04-06 12:45:00+00:00,1.15513,1.15543,1.1550799999999999,1.1553,505,8,0
2026-04-06 13:00:00+00:00,1.15529,1.15557,1.15492,1.15554,597,8,0
2026-04-06 13:15:00+00:00,1.15554,1.1557,1.1553499999999999,1.1557,419,8,0
2026-04-06 13:30:00+00:00,1.1557,1.15598,1.15551,1.15557,827,8,0
2026-04-06 13:45:00+00:00,1.15558,1.15608,1.15547,1.15595,658,8,0
2026-04-06 14:00:00+00:00,1.15598,1.1565400000000001,1.15539,1.1558,1009,8,0
2026-04-06 14:15:00+00:00,1.15579,1.15668,1.15576,1.15653,901,8,0
2026-04-06 14:30:00+00:00,1.15652,1.15714,1.15529,1.15618,1801,8,0
2026-04-06 14:45:00+00:00,1.15617,1.15624,1.15421,1.15429,1661,8,0
2026-04-06 15:00:00+00:00,1.15427,1.15434,1.15371,1.1537600000000001,1189,8,0
2026-04-06 15:15:00+00:00,1.15374,1.15419,1.1535199999999999,1.15399,778,8,0
2026-04-06 15:30:00+00:00,1.15399,1.15415,1.15363,1.154,564,8,0
2026-04-06 15:45:00+00:00,1.15399,1.1544,1.15384,1.1544,565,8,0
2026-04-06 16:00:00+00:00,1.15439,1.1547399999999999,1.15435,1.15467,497,8,0
2026-04-06 16:15:00+00:00,1.15467,1.15468,1.1542,1.1546,392,8,0
2026-04-06 16:30:00+00:00,1.1546,1.15478,1.15434,1.15463,426,8,0
2026-04-06 16:45:00+00:00,1.15463,1.15475,1.15422,1.15444,626,8,0
2026-04-06 17:00:00+00:00,1.15446,1.1544699999999999,1.15348,1.15362,826,8,0
2026-04-06 17:15:00+00:00,1.15363,1.15439,1.15336,1.15431,710,8,0
2026-04-06 17:30:00+00:00,1.15432,1.15486,1.15404,1.15423,625,8,0
2026-04-06 17:45:00+00:00,1.15423,1.1544,1.15399,1.15412,411,8,0
2026-04-06 18:00:00+00:00,1.15412,1.15509,1.15393,1.15481,915,8,0
2026-04-06 18:15:00+00:00,1.15479,1.15521,1.1547399999999999,1.15503,733,8,0
2026-04-06 18:30:00+00:00,1.15503,1.15518,1.15442,1.15442,541,8,0
2026-04-06 18:45:00+00:00,1.15443,1.15465,1.15435,1.15453,457,8,0
2026-04-06 19:00:00+00:00,1.15455,1.15464,1.1543,1.15445,324,8,0
2026-04-06 19:15:00+00:00,1.15445,1.15451,1.15414,1.1542,205,8,0
2026-04-06 19:30:00+00:00,1.1542,1.1543700000000001,1.15404,1.15436,235,8,0
2026-04-06 19:45:00+00:00,1.15435,1.15464,1.15424,1.15425,313,8,0
2026-04-06 20:00:00+00:00,1.15426,1.15434,1.15404,1.15417,225,8,0
2026-04-06 20:15:00+00:00,1.15416,1.15443,1.15414,1.1543,144,8,0
2026-04-06 20:30:00+00:00,1.15432,1.15434,1.15418,1.15432,125,8,0
2026-04-06 20:45:00+00:00,1.15432,1.15438,1.1541,1.1541299999999999,182,8,0
2026-04-06 21:00:00+00:00,1.15411,1.15411,1.15396,1.15409,81,48,0
2026-04-06 21:15:00+00:00,1.15409,1.15412,1.15393,1.15393,128,48,0
2026-04-06 21:30:00+00:00,1.15392,1.15423,1.15392,1.15421,140,20,0
2026-04-06 21:45:00+00:00,1.1542,1.15432,1.15384,1.15426,199,20,0
2026-04-06 22:00:00+00:00,1.15432,1.15475,1.15427,1.1545,198,8,0
2026-04-06 22:15:00+00:00,1.1545,1.15464,1.1543,1.15441,178,8,0
2026-04-06 22:30:00+00:00,1.15441,1.15448,1.1543,1.15431,160,8,0
2026-04-06 22:45:00+00:00,1.1543,1.1544,1.15419,1.15423,144,8,0
2026-04-06 23:00:00+00:00,1.15423,1.15431,1.15418,1.15428,175,8,0
2026-04-06 23:15:00+00:00,1.15428,1.15428,1.15401,1.15402,124,8,0
2026-04-06 23:30:00+00:00,1.15402,1.15407,1.1538599999999999,1.15401,125,8,0
2026-04-06 23:45:00+00:00,1.15401,1.15421,1.15399,1.15405,198,8,0
2026-04-07 00:00:00+00:00,1.15405,1.15417,1.15377,1.15415,501,8,0
2026-04-07 00:15:00+00:00,1.1541299999999999,1.15435,1.15396,1.154,476,8,0
2026-04-07 00:30:00+00:00,1.15399,1.15406,1.15364,1.15375,360,8,0
2026-04-07 00:45:00+00:00,1.1537600000000001,1.15397,1.15371,1.15371,272,8,0
2026-04-07 01:00:00+00:00,1.15371,1.15398,1.15347,1.15354,536,8,0
2026-04-07 01:15:00+00:00,1.15355,1.15374,1.15343,1.15361,393,8,0
2026-04-07 01:30:00+00:00,1.1536,1.15366,1.15297,1.15303,440,8,0
2026-04-07 01:45:00+00:00,1.15304,1.15311,1.1527,1.15298,420,8,0
2026-04-07 02:00:00+00:00,1.153,1.153,1.15238,1.15271,471,8,0
2026-04-07 02:15:00+00:00,1.15271,1.15295,1.15257,1.15292,323,8,0
2026-04-07 02:30:00+00:00,1.15292,1.15305,1.15282,1.153,231,8,0
2026-04-07 02:45:00+00:00,1.153,1.15316,1.15284,1.15294,246,8,0
2026-04-07 03:00:00+00:00,1.15294,1.15319,1.15293,1.15304,186,8,0
2026-04-07 03:15:00+00:00,1.15304,1.15309,1.15284,1.15306,238,8,0
2026-04-07 03:30:00+00:00,1.15305,1.15336,1.15301,1.15335,203,8,0
2026-04-07 03:45:00+00:00,1.15336,1.15343,1.15328,1.1534,139,8,0
2026-04-07 04:00:00+00:00,1.15341,1.15356,1.15324,1.15329,249,8,0
2026-04-07 04:15:00+00:00,1.15329,1.15347,1.15328,1.1534200000000001,206,8,0
2026-04-07 04:30:00+00:00,1.15344,1.15359,1.15337,1.15354,224,8,0
2026-04-07 04:45:00+00:00,1.15354,1.15384,1.15351,1.15378,224,8,0
2026-04-07 05:00:00+00:00,1.1538,1.15394,1.15364,1.1537,269,8,0
2026-04-07 05:15:00+00:00,1.1537,1.15391,1.1535,1.15357,314,8,0
2026-04-07 05:30:00+00:00,1.15357,1.15375,1.15302,1.15302,447,8,0
2026-04-07 05:45:00+00:00,1.15302,1.1535199999999999,1.15298,1.15349,405,8,0
2026-04-07 06:00:00+00:00,1.1535199999999999,1.15379,1.15335,1.15345,507,8,0
2026-04-07 06:15:00+00:00,1.15346,1.1539,1.15322,1.15374,518,8,0
2026-04-07 06:30:00+00:00,1.15372,1.15451,1.15365,1.15439,550,8,0
2026-04-07 06:45:00+00:00,1.15439,1.15444,1.15405,1.15443,561,8,0
2026-04-07 07:00:00+00:00,1.15446,1.1545,1.15365,1.15409,706,8,0
2026-04-07 07:15:00+00:00,1.15409,1.15441,1.15382,1.15384,572,8,0
2026-04-07 07:30:00+00:00,1.1538599999999999,1.15445,1.15384,1.15442,463,8,0
2026-04-07 07:45:00+00:00,1.15442,1.15457,1.15396,1.15422,458,8,0
2026-04-07 08:00:00+00:00,1.15422,1.15677,1.15416,1.1565400000000001,2299,8,0
2026-04-07 08:15:00+00:00,1.15656,1.15656,1.15571,1.15607,1192,8,0
2026-04-07 08:30:00+00:00,1.15608,1.15682,1.15588,1.15669,958,8,0
2026-04-07 08:45:00+00:00,1.15667,1.1575199999999999,1.15642,1.15731,819,8,0
2026-04-07 09:00:00+00:00,1.15731,1.15749,1.15688,1.15689,708,8,0
2026-04-07 09:15:00+00:00,1.15689,1.15731,1.15651,1.15685,787,8,0
2026-04-07 09:30:00+00:00,1.15684,1.15725,1.1565699999999999,1.15658,728,8,0
2026-04-07 09:45:00+00:00,1.1565699999999999,1.15658,1.15621,1.15626,533,8,0
2026-04-07 10:00:00+00:00,1.15626,1.15635,1.15512,1.15602,1727,8,0
2026-04-07 10:15:00+00:00,1.15602,1.15625,1.15457,1.15548,1559,8,0
2026-04-07 10:30:00+00:00,1.15549,1.15583,1.15462,1.15526,1141,8,0
2026-04-07 10:45:00+00:00,1.15525,1.15541,1.15477,1.15538,982,8,0
2026-04-07 11:00:00+00:00,1.15539,1.1554,1.15476,1.15489,697,8,0
2026-04-07 11:15:00+00:00,1.15487,1.15563,1.15487,1.15537,671,8,0
2026-04-07 11:30:00+00:00,1.15537,1.15618,1.15504,1.15616,840,8,0
2026-04-07 11:45:00+00:00,1.15616,1.15616,1.15564,1.15597,479,8,0
2026-04-07 12:00:00+00:00,1.15599,1.1565699999999999,1.15533,1.15554,1639,8,0
2026-04-07 12:15:00+00:00,1.15554,1.1564,1.1553499999999999,1.15609,1089,8,0
2026-04-07 12:30:00+00:00,1.15609,1.15667,1.15599,1.15642,600,8,0
2026-04-07 12:45:00+00:00,1.15641,1.15694,1.15571,1.15601,1027,8,0
2026-04-07 13:00:00+00:00,1.15603,1.15644,1.15582,1.15625,980,8,0
2026-04-07 13:15:00+00:00,1.15625,1.15646,1.15588,1.15592,759,8,0
2026-04-07 13:30:00+00:00,1.15595,1.15637,1.15555,1.15597,1128,8,0
2026-04-07 13:45:00+00:00,1.15597,1.15646,1.15591,1.15634,810,8,0
2026-04-07 14:00:00+00:00,1.15633,1.15663,1.15587,1.15617,933,8,0
2026-04-07 14:15:00+00:00,1.15617,1.15727,1.15582,1.1572,1130,8,0
2026-04-07 14:30:00+00:00,1.15721,1.15809,1.15707,1.15782,1238,8,0
2026-04-07 14:45:00+00:00,1.15781,1.15833,1.15708,1.15716,1308,8,0
2026-04-07 15:00:00+00:00,1.15714,1.1573,1.15656,1.15701,1075,8,0
2026-04-07 15:15:00+00:00,1.15701,1.1578,1.1569,1.15737,1260,8,0
2026-04-07 15:30:00+00:00,1.15738,1.15749,1.15674,1.15679,753,8,0
2026-04-07 15:45:00+00:00,1.1568100000000001,1.15781,1.15678,1.15709,904,8,0
2026-04-07 16:00:00+00:00,1.15708,1.15792,1.15703,1.15748,1193,8,0
2026-04-07 16:15:00+00:00,1.15748,1.15784,1.15708,1.15751,1259,8,0
2026-04-07 16:30:00+00:00,1.1575,1.15773,1.15732,1.15746,630,8,0
2026-04-07 16:45:00+00:00,1.15747,1.15765,1.15693,1.15713,571,8,0
2026-04-07 17:00:00+00:00,1.1571,1.1575,1.15675,1.15699,751,8,0
2026-04-07 17:15:00+00:00,1.15699,1.15699,1.15661,1.15682,455,8,0
2026-04-07 17:30:00+00:00,1.15682,1.15792,1.15682,1.15753,872,8,0
2026-04-07 17:45:00+00:00,1.15754,1.1579,1.15731,1.1577,582,8,0
2026-04-07 18:00:00+00:00,1.15771,1.15793,1.15767,1.15789,479,8,0
2026-04-07 18:15:00+00:00,1.15789,1.15829,1.15779,1.15815,543,8,0
2026-04-07 18:30:00+00:00,1.15817,1.15825,1.15762,1.15774,444,8,0
2026-04-07 18:45:00+00:00,1.15775,1.15775,1.15711,1.15746,557,8,0
2026-04-07 19:00:00+00:00,1.15746,1.15791,1.15726,1.15763,810,8,0
2026-04-07 19:15:00+00:00,1.15764,1.15904,1.1576,1.1584,1649,8,0
2026-04-07 19:30:00+00:00,1.15839,1.15896,1.15826,1.1586,705,8,0
2026-04-07 19:45:00+00:00,1.15858,1.16014,1.15849,1.1595,2484,8,0
2026-04-07 20:00:00+00:00,1.15948,1.16015,1.15921,1.16013,620,8,0
2026-04-07 20:15:00+00:00,1.16014,1.1604700000000001,1.15989,1.15991,634,8,0
2026-04-07 20:30:00+00:00,1.1599,1.16025,1.15965,1.15979,735,8,0
2026-04-07 20:45:00+00:00,1.15978,1.15982,1.15939,1.1596,585,8,0
2026-04-07 21:00:00+00:00,1.1596,1.15961,1.15933,1.15943,122,20,0
2026-04-07 21:15:00+00:00,1.15944,1.15948,1.15938,1.15946,119,48,0
2026-04-07 21:30:00+00:00,1.15946,1.15976,1.15944,1.15974,159,20,0
2026-04-07 21:45:00+00:00,1.15974,1.15978,1.15939,1.1595900000000001,192,20,0
2026-04-07 22:00:00+00:00,1.15971,1.16194,1.15967,1.16117,949,8,0
2026-04-07 22:15:00+00:00,1.16117,1.1613,1.16092,1.16125,418,8,0
2026-04-07 22:30:00+00:00,1.16125,1.16526,1.15875,1.16426,3773,8,0
2026-04-07 22:45:00+00:00,1.16429,1.16694,1.16378,1.16673,2486,8,0
2026-04-07 23:00:00+00:00,1.16676,1.16749,1.1661,1.1669100000000001,3084,8,0
2026-04-07 23:15:00+00:00,1.16693,1.16875,1.16661,1.16761,2575,8,0
2026-04-07 23:30:00+00:00,1.16761,1.16865,1.16712,1.16854,1951,8,0
2026-04-07 23:45:00+00:00,1.16854,1.16904,1.16816,1.16858,1668,8,0
2026-04-08 00:00:00+00:00,1.1686,1.16967,1.16753,1.16789,2932,8,0
2026-04-08 00:15:00+00:00,1.16789,1.16794,1.16698,1.16749,1874,8,0
2026-04-08 00:30:00+00:00,1.16751,1.16767,1.16659,1.16663,1643,8,0
2026-04-08 00:45:00+00:00,1.16665,1.16761,1.16655,1.16714,1349,8,0
2026-04-08 01:00:00+00:00,1.16717,1.16832,1.16707,1.1678,1289,8,0
2026-04-08 01:15:00+00:00,1.16778,1.16879,1.1675200000000001,1.16862,1129,8,0
2026-04-08 01:30:00+00:00,1.16859,1.16864,1.16748,1.16803,1006,8,0
2026-04-08 01:45:00+00:00,1.16804,1.16843,1.16746,1.16753,786,8,0
2026-04-08 02:00:00+00:00,1.16751,1.16819,1.1675,1.16761,990,8,0
2026-04-08 02:15:00+00:00,1.16761,1.16765,1.16684,1.16736,738,8,0
2026-04-08 02:30:00+00:00,1.16737,1.16749,1.16704,1.16711,706,8,0
2026-04-08 02:45:00+00:00,1.16711,1.16736,1.16692,1.16733,554,8,0
2026-04-08 03:00:00+00:00,1.16736,1.16746,1.16699,1.16742,577,8,0
2026-04-08 03:15:00+00:00,1.16741,1.16755,1.16667,1.16688,580,8,0
2026-04-08 03:30:00+00:00,1.16687,1.16718,1.16658,1.16698,588,8,0
2026-04-08 03:45:00+00:00,1.167,1.16721,1.16686,1.1670099999999999,501,8,0
2026-04-08 04:00:00+00:00,1.16703,1.1678600000000001,1.16703,1.16781,556,8,0
2026-04-08 04:15:00+00:00,1.1678,1.16808,1.16746,1.16775,544,8,0
2026-04-08 04:30:00+00:00,1.16775,1.16804,1.16751,1.16771,527,8,0
2026-04-08 04:45:00+00:00,1.16771,1.16787,1.16737,1.16761,580,8,0
2026-04-08 05:00:00+00:00,1.1676199999999999,1.16789,1.16717,1.16771,757,8,0
2026-04-08 05:15:00+00:00,1.16771,1.16873,1.16756,1.16853,764,8,0
2026-04-08 05:30:00+00:00,1.16854,1.16912,1.16835,1.16888,741,8,0
2026-04-08 05:45:00+00:00,1.16887,1.17082,1.16871,1.16912,1168,8,0
2026-04-08 06:00:00+00:00,1.16911,1.16914,1.16841,1.16891,1121,8,0
2026-04-08 06:15:00+00:00,1.16891,1.17044,1.16853,1.17025,1179,8,0
2026-04-08 06:30:00+00:00,1.17023,1.17084,1.16966,1.17041,1181,8,0
2026-04-08 06:45:00+00:00,1.17041,1.17074,1.16903,1.16957,1254,8,0
2026-04-08 07:00:00+00:00,1.1696,1.1696900000000001,1.16787,1.16814,1408,8,0
2026-04-08 07:15:00+00:00,1.16812,1.16965,1.16792,1.16946,1043,8,0
2026-04-08 07:30:00+00:00,1.16944,1.16949,1.1688399999999999,1.16941,1083,8,0
2026-04-08 07:45:00+00:00,1.16941,1.16998,1.1693,1.16952,893,8,0
2026-04-08 08:00:00+00:00,1.16953,1.16988,1.16849,1.16865,1062,8,0
2026-04-08 08:15:00+00:00,1.16863,1.1690800000000001,1.16812,1.16848,915,8,0
2026-04-08 08:30:00+00:00,1.16848,1.16862,1.16686,1.16772,1400,8,0
2026-04-08 08:45:00+00:00,1.16772,1.16838,1.16764,1.16808,967,8,0
2026-04-08 09:00:00+00:00,1.16809,1.16871,1.16797,1.16841,770,8,0
2026-04-08 09:15:00+00:00,1.16843,1.16891,1.16791,1.16817,801,8,0
2026-04-08 09:30:00+00:00,1.16817,1.16855,1.16778,1.16782,873,8,0
2026-04-08 09:45:00+00:00,1.16783,1.16862,1.16777,1.16794,867,8,0
2026-04-08 10:00:00+00:00,1.16794,1.1686,1.16771,1.1685699999999999,740,8,0
2026-04-08 10:15:00+00:00,1.16858,1.16867,1.16828,1.16852,569,8,0
2026-04-08 10:30:00+00:00,1.16854,1.16891,1.16837,1.16876,595,8,0
2026-04-08 10:45:00+00:00,1.16878,1.16921,1.16843,1.16897,636,8,0
2026-04-08 11:00:00+00:00,1.16895,1.16964,1.16851,1.16955,716,8,0
2026-04-08 11:15:00+00:00,1.16956,1.17098,1.16943,1.1706699999999999,893,8,0
2026-04-08 11:30:00+00:00,1.17065,1.17072,1.16941,1.16992,1064,8,0
2026-04-08 11:45:00+00:00,1.16992,1.17044,1.16983,1.16996,832,8,0
2026-04-08 12:00:00+00:00,1.16999,1.1710099999999999,1.16992,1.17065,1070,8,0
2026-04-08 12:15:00+00:00,1.1706699999999999,1.17073,1.16878,1.17,3095,8,0
2026-04-08 12:30:00+00:00,1.17,1.17144,1.17,1.17142,993,8,0
2026-04-08 12:45:00+00:00,1.17141,1.17177,1.17124,1.17136,862,8,0
2026-04-08 13:00:00+00:00,1.17134,1.17214,1.17098,1.17118,1201,8,0
2026-04-08 13:15:00+00:00,1.17116,1.1715,1.17025,1.17035,1175,8,0
2026-04-08 13:30:00+00:00,1.17037,1.17049,1.16866,1.16926,2068,8,0
2026-04-08 13:45:00+00:00,1.16927,1.16985,1.16883,1.16939,1504,8,0
2026-04-08 14:00:00+00:00,1.16937,1.1701,1.169,1.16958,1671,8,0
2026-04-08 14:15:00+00:00,1.16959,1.1703000000000001,1.16926,1.16966,1322,8,0
2026-04-08 14:30:00+00:00,1.16964,1.16978,1.16895,1.1697,1409,8,0
2026-04-08 14:45:00+00:00,1.1697,1.17019,1.16892,1.16939,1740,8,0
2026-04-08 15:00:00+00:00,1.16939,1.1696,1.1684,1.16866,1189,8,0
2026-04-08 15:15:00+00:00,1.16864,1.16937,1.16851,1.16881,954,8,0
2026-04-08 15:30:00+00:00,1.16879,1.16962,1.16871,1.16906,932,8,0
2026-04-08 15:45:00+00:00,1.16907,1.16925,1.16854,1.16861,743,8,0
2026-04-08 16:00:00+00:00,1.16858,1.16883,1.16805,1.1683,910,8,0
2026-04-08 16:15:00+00:00,1.16829,1.16839,1.16783,1.16797,900,8,0
2026-04-08 16:30:00+00:00,1.16799,1.16821,1.16767,1.16788,802,8,0
2026-04-08 16:45:00+00:00,1.16789,1.16826,1.16775,1.16814,549,8,0
2026-04-08 17:00:00+00:00,1.16814,1.16849,1.16781,1.1684700000000001,576,8,0
2026-04-08 17:15:00+00:00,1.1684700000000001,1.16851,1.16706,1.16754,914,8,0
2026-04-08 17:30:00+00:00,1.1675200000000001,1.16765,1.16683,1.16738,891,8,0
2026-04-08 17:45:00+00:00,1.16739,1.16745,1.16706,1.16743,479,8,0
2026-04-08 18:00:00+00:00,1.16745,1.16784,1.16712,1.16783,585,8,0
2026-04-08 18:15:00+00:00,1.16783,1.16797,1.16645,1.16654,1724,8,0
2026-04-08 18:30:00+00:00,1.16654,1.16681,1.16567,1.16578,971,8,0
2026-04-08 18:45:00+00:00,1.16576,1.16576,1.16495,1.165,891,8,0
2026-04-08 19:00:00+00:00,1.16498,1.16526,1.16432,1.16526,1114,8,0
2026-04-08 19:15:00+00:00,1.16525,1.16537,1.16471,1.16521,778,8,0
2026-04-08 19:30:00+00:00,1.16519,1.1663999999999999,1.16517,1.166,816,8,0
2026-04-08 19:45:00+00:00,1.166,1.167,1.16596,1.16673,625,8,0
2026-04-08 20:00:00+00:00,1.16676,1.1669100000000001,1.16621,1.16637,462,8,0
2026-04-08 20:15:00+00:00,1.16636,1.16643,1.166,1.1662,271,8,0
2026-04-08 20:30:00+00:00,1.16618,1.16637,1.16615,1.16626,196,8,0
2026-04-08 20:45:00+00:00,1.16626,1.16646,1.16594,1.1661299999999999,338,8,0
2026-04-08 21:00:00+00:00,1.16611,1.16617,1.16594,1.16605,70,20,0
2026-04-08 21:15:00+00:00,1.1660300000000001,1.16615,1.1660300000000001,1.16614,160,48,0
2026-04-08 21:30:00+00:00,1.16614,1.16633,1.166,1.16602,148,20,0
2026-04-08 21:45:00+00:00,1.16602,1.16652,1.166,1.16651,161,20,0
2026-04-08 22:00:00+00:00,1.16659,1.16673,1.16636,1.16639,258,8,0
2026-04-08 22:15:00+00:00,1.16639,1.16641,1.16597,1.16628,257,8,0
2026-04-08 22:30:00+00:00,1.16628,1.16651,1.16607,1.16626,266,8,0
2026-04-08 22:45:00+00:00,1.16626,1.16628,1.16616,1.16618,161,8,0
2026-04-08 23:00:00+00:00,1.16618,1.16631,1.16606,1.1661,213,8,0
2026-04-08 23:15:00+00:00,1.1661,1.16617,1.16593,1.16597,141,8,0
2026-04-08 23:30:00+00:00,1.16597,1.16602,1.16578,1.1659,168,8,0
2026-04-08 23:45:00+00:00,1.1659,1.16606,1.16572,1.16587,214,8,0
2026-04-09 00:00:00+00:00,1.16587,1.16589,1.16526,1.16551,601,8,0
2026-04-09 00:15:00+00:00,1.16551,1.1659,1.16548,1.16567,457,8,0
2026-04-09 00:30:00+00:00,1.16566,1.16605,1.16561,1.16564,354,8,0
2026-04-09 00:45:00+00:00,1.16565,1.16584,1.16555,1.1656900000000001,449,8,0
2026-04-09 01:00:00+00:00,1.1657,1.16583,1.16538,1.1654200000000001,481,8,0
2026-04-09 01:15:00+00:00,1.1654200000000001,1.16549,1.165,1.16522,456,8,0
2026-04-09 01:30:00+00:00,1.16521,1.16584,1.16521,1.16576,440,8,0
2026-04-09 01:45:00+00:00,1.16576,1.16633,1.16552,1.16616,431,8,0
2026-04-09 02:00:00+00:00,1.16616,1.1663999999999999,1.16589,1.16602,438,8,0
2026-04-09 02:15:00+00:00,1.1660300000000001,1.16644,1.16602,1.1663999999999999,324,8,0
2026-04-09 02:30:00+00:00,1.1663999999999999,1.1667,1.16637,1.1666,307,8,0
2026-04-09 02:45:00+00:00,1.1666,1.16662,1.16641,1.1665,293,8,0
2026-04-09 03:00:00+00:00,1.1665,1.16663,1.16631,1.16642,337,8,0
2026-04-09 03:15:00+00:00,1.16641,1.16647,1.16621,1.16631,270,8,0
2026-04-09 03:30:00+00:00,1.16629,1.16663,1.16629,1.16661,238,8,0
2026-04-09 03:45:00+00:00,1.16661,1.16661,1.1660300000000001,1.16619,426,8,0
2026-04-09 04:00:00+00:00,1.16619,1.16696,1.16614,1.16695,319,8,0
2026-04-09 04:15:00+00:00,1.16695,1.16696,1.16667,1.1668,227,8,0
2026-04-09 04:30:00+00:00,1.16679,1.16706,1.16672,1.16688,219,8,0
2026-04-09 04:45:00+00:00,1.16688,1.16692,1.16659,1.16661,249,8,0
2026-04-09 05:00:00+00:00,1.16663,1.16676,1.16617,1.16621,411,8,0
2026-04-09 05:15:00+00:00,1.16621,1.16658,1.16617,1.16633,321,8,0
2026-04-09 05:30:00+00:00,1.16633,1.16639,1.16612,1.16626,289,8,0
2026-04-09 05:45:00+00:00,1.16626,1.16626,1.16588,1.16604,362,8,0
2026-04-09 06:00:00+00:00,1.16604,1.1663000000000001,1.1659,1.16593,439,8,0
2026-04-09 06:15:00+00:00,1.16593,1.16598,1.1654,1.16578,434,8,0
2026-04-09 06:30:00+00:00,1.16577,1.16596,1.16562,1.16593,506,8,0
2026-04-09 06:45:00+00:00,1.16592,1.16638,1.16578,1.16638,648,8,0
2026-04-09 07:00:00+00:00,1.1663999999999999,1.16688,1.16634,1.16649,592,8,0
2026-04-09 07:15:00+00:00,1.16647,1.16651,1.1657,1.16602,662,8,0
2026-04-09 07:30:00+00:00,1.16602,1.1661,1.16552,1.16606,636,8,0
2026-04-09 07:45:00+00:00,1.16606,1.16643,1.16588,1.16626,483,8,0
2026-04-09 08:00:00+00:00,1.16626,1.16662,1.16593,1.16609,498,8,0
2026-04-09 08:15:00+00:00,1.16608,1.16645,1.16594,1.16625,435,8,0
2026-04-09 08:30:00+00:00,1.16624,1.16679,1.1662,1.1667399999999999,554,8,0
2026-04-09 08:45:00+00:00,1.1667399999999999,1.16746,1.16656,1.16718,567,8,0
2026-04-09 09:00:00+00:00,1.16717,1.1676199999999999,1.16682,1.16757,575,8,0
2026-04-09 09:15:00+00:00,1.16759,1.16789,1.16736,1.16763,444,8,0
2026-04-09 09:30:00+00:00,1.16761,1.1678,1.16748,1.1676199999999999,386,8,0
2026-04-09 09:45:00+00:00,1.1676199999999999,1.16765,1.16721,1.16741,453,8,0
2026-04-09 10:00:00+00:00,1.16741,1.16792,1.16738,1.16764,497,8,0
2026-04-09 10:15:00+00:00,1.16764,1.16788,1.16744,1.16772,425,8,0
2026-04-09 10:30:00+00:00,1.16772,1.16772,1.16742,1.16747,332,8,0
2026-04-09 10:45:00+00:00,1.16747,1.16765,1.1671,1.1671,498,8,0
2026-04-09 11:00:00+00:00,1.16708,1.16764,1.16692,1.16751,482,8,0
2026-04-09 11:15:00+00:00,1.16751,1.16809,1.16751,1.16809,480,8,0
2026-04-09 11:30:00+00:00,1.16809,1.16883,1.16797,1.16877,499,8,0
2026-04-09 11:45:00+00:00,1.16877,1.1689,1.16846,1.16879,477,8,0
2026-04-09 12:00:00+00:00,1.16879,1.16886,1.16829,1.16841,523,8,0
2026-04-09 12:15:00+00:00,1.16843,1.16854,1.168,1.16843,496,8,0
2026-04-09 12:30:00+00:00,1.16844,1.16898,1.16788,1.16816,1046,8,0
2026-04-09 12:45:00+00:00,1.16816,1.1686,1.16788,1.16855,644,8,0
2026-04-09 13:00:00+00:00,1.1685699999999999,1.16871,1.16828,1.1686,681,8,0
2026-04-09 13:15:00+00:00,1.1686,1.16919,1.16858,1.16875,631,8,0
2026-04-09 13:30:00+00:00,1.16877,1.16949,1.16875,1.16913,753,8,0
2026-04-09 13:45:00+00:00,1.16912,1.16928,1.16807,1.16817,1024,8,0
2026-04-09 14:00:00+00:00,1.16814,1.16872,1.168,1.16841,944,8,0
2026-04-09 14:15:00+00:00,1.1684,1.16877,1.16802,1.16861,777,8,0
2026-04-09 14:30:00+00:00,1.16858,1.16858,1.16736,1.16756,755,8,0
2026-04-09 14:45:00+00:00,1.16754,1.1684700000000001,1.16741,1.16841,945,8,0
2026-04-09 15:00:00+00:00,1.16839,1.16862,1.16772,1.16837,848,8,0
2026-04-09 15:15:00+00:00,1.16838,1.16996,1.16838,1.16942,1462,8,0
2026-04-09 15:30:00+00:00,1.16944,1.17064,1.16936,1.16993,1857,8,0
2026-04-09 15:45:00+00:00,1.16994,1.1706699999999999,1.16972,1.17049,1032,8,0
2026-04-09 16:00:00+00:00,1.17049,1.17108,1.17018,1.17075,905,8,0
2026-04-09 16:15:00+00:00,1.17075,1.17136,1.17072,1.17132,707,8,0
2026-04-09 16:30:00+00:00,1.17132,1.17133,1.17074,1.17109,626,8,0
2026-04-09 16:45:00+00:00,1.17109,1.17124,1.17082,1.17102,568,8,0
2026-04-09 17:00:00+00:00,1.17102,1.17183,1.17097,1.1716199999999999,637,8,0
2026-04-09 17:15:00+00:00,1.1716,1.17215,1.17157,1.17192,512,8,0
2026-04-09 17:30:00+00:00,1.17194,1.17232,1.1716,1.17174,669,8,0
2026-04-09 17:45:00+00:00,1.17173,1.17195,1.17121,1.17139,535,8,0
2026-04-09 18:00:00+00:00,1.17139,1.17147,1.17021,1.17037,982,8,0
2026-04-09 18:15:00+00:00,1.17038,1.1705,1.16982,1.17009,809,8,0
2026-04-09 18:30:00+00:00,1.17009,1.17015,1.1697,1.16988,553,8,0
2026-04-09 18:45:00+00:00,1.16988,1.17019,1.16978,1.16989,405,8,0
2026-04-09 19:00:00+00:00,1.16987,1.17052,1.16977,1.17052,448,8,0
2026-04-09 19:15:00+00:00,1.17051,1.17058,1.1699,1.17026,447,8,0
2026-04-09 19:30:00+00:00,1.17027,1.17082,1.17027,1.1706699999999999,446,8,0
2026-04-09 19:45:00+00:00,1.17066,1.17079,1.16995,1.17004,485,8,0
2026-04-09 20:00:00+00:00,1.17003,1.17005,1.16963,1.16981,304,8,0
2026-04-09 20:15:00+00:00,1.16984,1.16985,1.16961,1.16975,234,8,0
2026-04-09 20:30:00+00:00,1.16973,1.16983,1.1695,1.16956,201,8,0
2026-04-09 20:45:00+00:00,1.16956,1.16985,1.16949,1.16967,219,8,0
2026-04-09 21:00:00+00:00,1.1698,1.1698,1.16957,1.16958,106,20,0
2026-04-09 21:15:00+00:00,1.16958,1.1696900000000001,1.16954,1.16959,89,48,0
2026-04-09 21:30:00+00:00,1.16959,1.16986,1.16946,1.16947,208,20,0
2026-04-09 21:45:00+00:00,1.16946,1.1700599999999999,1.16944,1.1700599999999999,206,20,0
2026-04-09 22:00:00+00:00,1.17004,1.17022,1.17002,1.17007,141,8,0
2026-04-09 22:15:00+00:00,1.17007,1.17023,1.16962,1.16962,191,8,0
2026-04-09 22:30:00+00:00,1.16963,1.16988,1.16931,1.16937,340,8,0
2026-04-09 22:45:00+00:00,1.16937,1.1694,1.16921,1.16939,237,8,0
2026-04-09 23:00:00+00:00,1.16939,1.16959,1.16933,1.16937,157,8,0
2026-04-09 23:15:00+00:00,1.16937,1.16947,1.16928,1.16938,168,8,0
2026-04-09 23:30:00+00:00,1.16938,1.16954,1.16922,1.16924,148,8,0
2026-04-09 23:45:00+00:00,1.16924,1.16933,1.16899,1.16913,206,8,0
2026-04-10 00:00:00+00:00,1.16913,1.16915,1.16865,1.16879,367,8,0
2026-04-10 00:15:00+00:00,1.16879,1.16888,1.16859,1.16865,279,8,0
2026-04-10 00:30:00+00:00,1.16865,1.16889,1.16863,1.1687400000000001,277,8,0
2026-04-10 00:45:00+00:00,1.1687400000000001,1.16883,1.16853,1.16876,359,8,0
2026-04-10 01:00:00+00:00,1.16876,1.16886,1.16862,1.1688,343,8,0
2026-04-10 01:15:00+00:00,1.1688,1.16888,1.16859,1.16878,264,8,0
2026-04-10 01:30:00+00:00,1.16879,1.16932,1.16872,1.16912,324,8,0
2026-04-10 01:45:00+00:00,1.16912,1.16942,1.169,1.1691799999999999,310,8,0
2026-04-10 02:00:00+00:00,1.16921,1.16939,1.16888,1.1689,380,8,0
2026-04-10 02:15:00+00:00,1.16889,1.16901,1.16864,1.16865,260,8,0
2026-04-10 02:30:00+00:00,1.16865,1.1691,1.16863,1.16909,251,8,0
2026-04-10 02:45:00+00:00,1.1691,1.16926,1.16899,1.16905,213,8,0
2026-04-10 03:00:00+00:00,1.16906,1.16915,1.16893,1.16909,180,8,0
2026-04-10 03:15:00+00:00,1.16909,1.1694499999999999,1.1690800000000001,1.16941,173,8,0
2026-04-10 03:30:00+00:00,1.16942,1.16958,1.16922,1.16931,193,8,0
2026-04-10 03:45:00+00:00,1.16932,1.16964,1.16929,1.16953,238,8,0
2026-04-10 04:00:00+00:00,1.16953,1.16963,1.16928,1.16942,209,8,0
2026-04-10 04:15:00+00:00,1.16941,1.16958,1.16938,1.16941,187,8,0
2026-04-10 04:30:00+00:00,1.16939,1.16948,1.16923,1.16924,214,8,0
2026-04-10 04:45:00+00:00,1.16922,1.16936,1.16907,1.16917,223,8,0
2026-04-10 05:00:00+00:00,1.16917,1.16926,1.16889,1.16894,237,8,0
2026-04-10 05:15:00+00:00,1.16893,1.16909,1.16872,1.16875,221,8,0
2026-04-10 05:30:00+00:00,1.16876,1.16916,1.16872,1.16898,278,8,0
2026-04-10 05:45:00+00:00,1.16897,1.16907,1.1689,1.16897,221,8,0
2026-04-10 06:00:00+00:00,1.16897,1.16932,1.1687,1.16879,404,8,0
2026-04-10 06:15:00+00:00,1.1688,1.1688,1.16839,1.16841,439,8,0
2026-04-10 06:30:00+00:00,1.16839,1.16899,1.16828,1.16861,484,8,0
2026-04-10 06:45:00+00:00,1.16862,1.16894,1.16838,1.16841,398,8,0
2026-04-10 07:00:00+00:00,1.1684,1.16885,1.16818,1.16855,553,8,0
2026-04-10 07:15:00+00:00,1.16854,1.16894,1.16831,1.16866,492,8,0
2026-04-10 07:30:00+00:00,1.16866,1.16866,1.1681300000000001,1.1684,415,8,0
2026-04-10 07:45:00+00:00,1.1684,1.16854,1.1678600000000001,1.1679599999999999,434,8,0
2026-04-10 08:00:00+00:00,1.16795,1.16852,1.16771,1.16851,456,8,0
2026-04-10 08:15:00+00:00,1.16851,1.16879,1.16829,1.16855,374,8,0
2026-04-10 08:30:00+00:00,1.16856,1.16894,1.16854,1.16873,330,8,0
2026-04-10 08:45:00+00:00,1.16875,1.16876,1.16839,1.1685699999999999,369,8,0
2026-04-10 09:00:00+00:00,1.1685699999999999,1.16885,1.16842,1.16848,391,8,0
2026-04-10 09:15:00+00:00,1.16848,1.17102,1.16843,1.16971,2354,8,0
2026-04-10 09:30:00+00:00,1.1697,1.1702,1.16954,1.1702,700,8,0
2026-04-10 09:45:00+00:00,1.17019,1.17105,1.16995,1.17097,612,8,0
2026-04-10 10:00:00+00:00,1.17098,1.17124,1.17071,1.17071,537,8,0
2026-04-10 10:15:00+00:00,1.17073,1.17131,1.17054,1.17117,471,8,0
2026-04-10 10:30:00+00:00,1.17117,1.17151,1.17097,1.17131,428,8,0
2026-04-10 10:45:00+00:00,1.17131,1.17154,1.17117,1.1712500000000001,422,8,0
2026-04-10 11:00:00+00:00,1.17124,1.17184,1.1712,1.17166,429,8,0
2026-04-10 11:15:00+00:00,1.17166,1.17174,1.17118,1.1712500000000001,407,8,0
2026-04-10 11:30:00+00:00,1.1712500000000001,1.17164,1.17105,1.17164,405,8,0
2026-04-10 11:45:00+00:00,1.17163,1.17168,1.17124,1.17137,407,8,0
2026-04-10 12:00:00+00:00,1.17136,1.17154,1.17104,1.1714,535,8,0
2026-04-10 12:15:00+00:00,1.17141,1.17146,1.1709100000000001,1.17135,645,8,0
2026-04-10 12:30:00+00:00,1.17135,1.17266,1.17134,1.17171,1393,8,0
2026-04-10 12:45:00+00:00,1.17173,1.17207,1.17123,1.17203,912,8,0
2026-04-10 13:00:00+00:00,1.17201,1.17253,1.17181,1.17229,804,8,0
2026-04-10 13:15:00+00:00,1.17228,1.1734499999999999,1.17211,1.17327,764,8,0
2026-04-10 13:30:00+00:00,1.17329,1.17341,1.17244,1.1728,911,8,0
2026-04-10 13:45:00+00:00,1.17282,1.17311,1.17244,1.17272,909,8,0
2026-04-10 14:00:00+00:00,1.17271,1.17355,1.17261,1.17337,980,8,0
2026-04-10 14:15:00+00:00,1.1733500000000001,1.17378,1.17318,1.17348,713,8,0
2026-04-10 14:30:00+00:00,1.17348,1.17368,1.17254,1.17277,1040,8,0
2026-04-10 14:45:00+00:00,1.17279,1.17295,1.17197,1.17273,1375,8,0
2026-04-10 15:00:00+00:00,1.17271,1.17352,1.17263,1.17344,801,8,0
2026-04-10 15:15:00+00:00,1.17344,1.17394,1.17317,1.17317,846,8,0
2026-04-10 15:30:00+00:00,1.17319,1.1734499999999999,1.17264,1.1727,819,8,0
2026-04-10 15:45:00+00:00,1.17269,1.17277,1.17215,1.1722299999999999,613,8,0
2026-04-10 16:00:00+00:00,1.17222,1.17251,1.17197,1.17245,577,8,0
2026-04-10 16:15:00+00:00,1.17245,1.17245,1.17205,1.17208,468,8,0
2026-04-10 16:30:00+00:00,1.17208,1.17209,1.17134,1.17137,732,8,0
2026-04-10 16:45:00+00:00,1.17136,1.17212,1.17134,1.17198,484,8,0
2026-04-10 17:00:00+00:00,1.17198,1.17241,1.17183,1.17226,426,8,0
2026-04-10 17:15:00+00:00,1.17226,1.1724,1.172,1.17224,341,8,0
2026-04-10 17:30:00+00:00,1.1722299999999999,1.17249,1.17208,1.17239,364,8,0
2026-04-10 17:45:00+00:00,1.17239,1.17257,1.17212,1.17231,398,8,0
2026-04-10 18:00:00+00:00,1.17231,1.17237,1.17185,1.17231,475,8,0
2026-04-10 18:15:00+00:00,1.17231,1.17292,1.17225,1.17286,467,8,0
2026-04-10 18:30:00+00:00,1.17285,1.1735,1.17285,1.17321,491,8,0
2026-04-10 18:45:00+00:00,1.1732,1.17324,1.1728399999999999,1.17311,392,8,0
2026-04-10 19:00:00+00:00,1.17312,1.1732,1.1727400000000001,1.1728,403,8,0
2026-04-10 19:15:00+00:00,1.1728,1.17309,1.17272,1.1728,297,8,0
2026-04-10 19:30:00+00:00,1.17278,1.17299,1.17269,1.17288,267,8,0
2026-04-10 19:45:00+00:00,1.17286,1.17295,1.17268,1.17271,315,8,0
2026-04-10 20:00:00+00:00,1.1727,1.17296,1.17265,1.17286,252,8,0
2026-04-10 20:15:00+00:00,1.17286,1.17292,1.17278,1.17282,191,8,0
2026-04-10 20:30:00+00:00,1.17281,1.17302,1.17279,1.17289,231,8,0
2026-04-10 20:45:00+00:00,1.17289,1.17305,1.17215,1.1724999999999999,427,8,0
2026-04-12 21:00:00+00:00,1.16637,1.16675,1.16623,1.16675,90,48,0
2026-04-12 21:15:00+00:00,1.16675,1.16781,1.16665,1.16778,188,48,0
2026-04-12 21:30:00+00:00,1.16778,1.1679,1.1676,1.1676,178,48,0
2026-04-12 21:45:00+00:00,1.1676,1.16772,1.16683,1.16693,106,48,0
2026-04-12 22:00:00+00:00,1.16715,1.16782,1.16693,1.1675,931,8,0
2026-04-12 22:15:00+00:00,1.1675,1.1677,1.16662,1.16677,823,8,0
2026-04-12 22:30:00+00:00,1.16677,1.16716,1.16655,1.16714,584,8,0
2026-04-12 22:45:00+00:00,1.16712,1.16732,1.16692,1.16721,381,8,0
2026-04-12 23:00:00+00:00,1.16721,1.16737,1.16692,1.16705,452,8,0
2026-04-12 23:15:00+00:00,1.16705,1.16705,1.16639,1.1668,424,8,0
2026-04-12 23:30:00+00:00,1.16682,1.16718,1.16669,1.167,323,8,0
2026-04-12 23:45:00+00:00,1.16702,1.1675200000000001,1.16702,1.16747,464,8,0
2026-04-13 00:00:00+00:00,1.16749,1.16793,1.16706,1.1678,715,8,0
2026-04-13 00:15:00+00:00,1.1678,1.1683,1.16773,1.16802,517,8,0
2026-04-13 00:30:00+00:00,1.16803,1.16859,1.168,1.16841,356,8,0
2026-04-13 00:45:00+00:00,1.16842,1.16871,1.16836,1.16871,417,8,0
2026-04-13 01:00:00+00:00,1.16873,1.16892,1.16833,1.16878,584,8,0
2026-04-13 01:15:00+00:00,1.16876,1.16885,1.16831,1.16838,414,8,0
2026-04-13 01:30:00+00:00,1.16838,1.16839,1.16803,1.16818,313,8,0
2026-04-13 01:45:00+00:00,1.16818,1.1687,1.16804,1.16861,371,8,0
2026-04-13 02:00:00+00:00,1.1686,1.16878,1.16849,1.16871,318,8,0
2026-04-13 02:15:00+00:00,1.16871,1.16885,1.16863,1.16871,195,8,0
2026-04-13 02:30:00+00:00,1.16871,1.16899,1.16856,1.16861,232,8,0
2026-04-13 02:45:00+00:00,1.16861,1.16887,1.16848,1.16881,255,8,0
2026-04-13 03:00:00+00:00,1.16881,1.16889,1.16858,1.16862,250,8,0
2026-04-13 03:15:00+00:00,1.16862,1.16873,1.16853,1.16863,196,8,0
2026-04-13 03:30:00+00:00,1.16861,1.16885,1.16859,1.16882,191,8,0
2026-04-13 03:45:00+00:00,1.16882,1.16882,1.16863,1.16875,217,8,0
2026-04-13 04:00:00+00:00,1.16876,1.16897,1.16865,1.16892,203,8,0
2026-04-13 04:15:00+00:00,1.16892,1.16898,1.16873,1.1688399999999999,178,8,0
2026-04-13 04:30:00+00:00,1.1688399999999999,1.16895,1.16858,1.16871,226,8,0
2026-04-13 04:45:00+00:00,1.16871,1.16886,1.16853,1.1685699999999999,206,8,0
2026-04-13 05:00:00+00:00,1.16859,1.16864,1.16828,1.1684,291,8,0
2026-04-13 05:15:00+00:00,1.16841,1.16868,1.16839,1.16866,304,8,0
2026-04-13 05:30:00+00:00,1.16866,1.16885,1.1686,1.16875,287,8,0
2026-04-13 05:45:00+00:00,1.16875,1.16889,1.1686,1.16877,314,8,0
2026-04-13 06:00:00+00:00,1.16877,1.1694499999999999,1.16872,1.16887,736,8,0
2026-04-13 06:15:00+00:00,1.16889,1.16917,1.16873,1.16883,579,8,0
2026-04-13 06:30:00+00:00,1.16883,1.16901,1.16778,1.16792,586,8,0
2026-04-13 06:45:00+00:00,1.1679,1.16856,1.16775,1.16852,611,8,0
2026-04-13 07:00:00+00:00,1.16853,1.16916,1.16853,1.16882,656,8,0
2026-04-13 07:15:00+00:00,1.1688,1.16964,1.16871,1.16964,492,8,0
2026-04-13 07:30:00+00:00,1.16964,1.16997,1.16948,1.16954,510,8,0
2026-04-13 07:45:00+00:00,1.16954,1.1698,1.16929,1.1696900000000001,483,8,0
2026-04-13 08:00:00+00:00,1.1696900000000001,1.1697,1.16903,1.16919,510,8,0
2026-04-13 08:15:00+00:00,1.1691799999999999,1.16937,1.16901,1.16913,453,8,0
2026-04-13 08:30:00+00:00,1.16913,1.16929,1.1685,1.16867,422,8,0
2026-04-13 08:45:00+00:00,1.16867,1.16877,1.16832,1.1685699999999999,426,8,0
2026-04-13 09:00:00+00:00,1.16859,1.16897,1.16835,1.1684,535,8,0
2026-04-13 09:15:00+00:00,1.1684,1.16883,1.16834,1.16875,368,8,0
2026-04-13 09:30:00+00:00,1.16875,1.16923,1.16868,1.1688,447,8,0
2026-04-13 09:45:00+00:00,1.16879,1.16888,1.16854,1.1686,331,8,0
2026-04-13 10:00:00+00:00,1.16859,1.16877,1.16838,1.16853,385,8,0
2026-04-13 10:15:00+00:00,1.16852,1.16859,1.16822,1.16855,359,8,0
2026-04-13 10:30:00+00:00,1.16854,1.16887,1.16837,1.16879,334,8,0
2026-04-13 10:45:00+00:00,1.16879,1.16947,1.16878,1.16928,433,8,0
2026-04-13 11:00:00+00:00,1.1693,1.16995,1.1693,1.16978,532,8,0
2026-04-13 11:15:00+00:00,1.16977,1.16986,1.16957,1.16971,326,8,0
2026-04-13 11:30:00+00:00,1.1697,1.1698,1.16898,1.16921,540,8,0
2026-04-13 11:45:00+00:00,1.16922,1.16931,1.16806,1.16815,734,8,0
2026-04-13 12:00:00+00:00,1.16817,1.16877,1.16802,1.16863,836,8,0
2026-04-13 12:15:00+00:00,1.16863,1.16875,1.16836,1.16853,521,8,0
2026-04-13 12:30:00+00:00,1.16851,1.16898,1.16838,1.16895,614,8,0
2026-04-13 12:45:00+00:00,1.16893,1.16989,1.16893,1.1697899999999999,654,8,0
2026-04-13 13:00:00+00:00,1.16981,1.16994,1.16959,1.16986,570,8,0
2026-04-13 13:15:00+00:00,1.16987,1.17013,1.16959,1.16982,544,8,0
2026-04-13 13:30:00+00:00,1.16984,1.17039,1.16967,1.17,711,8,0
2026-04-13 13:45:00+00:00,1.16999,1.17119,1.16985,1.17048,1738,8,0
2026-04-13 14:00:00+00:00,1.17051,1.17082,1.17001,1.17072,994,8,0
2026-04-13 14:15:00+00:00,1.17074,1.17129,1.17004,1.17124,1192,8,0
2026-04-13 14:30:00+00:00,1.17126,1.1718,1.17108,1.17175,792,8,0
2026-04-13 14:45:00+00:00,1.17176,1.17203,1.17094,1.17099,825,8,0
2026-04-13 15:00:00+00:00,1.17098,1.17115,1.17039,1.17076,829,8,0
2026-04-13 15:15:00+00:00,1.17077,1.17086,1.17038,1.17052,635,8,0
2026-04-13 15:30:00+00:00,1.17051,1.17123,1.17023,1.17092,819,8,0
2026-04-13 15:45:00+00:00,1.17092,1.17118,1.17075,1.17092,526,8,0
2026-04-13 16:00:00+00:00,1.1709100000000001,1.17161,1.17066,1.1710099999999999,969,8,0
2026-04-13 16:15:00+00:00,1.1710099999999999,1.17139,1.1708,1.17127,925,8,0
2026-04-13 16:30:00+00:00,1.17129,1.1726,1.1712799999999999,1.17257,1565,8,0
2026-04-13 16:45:00+00:00,1.17255,1.17314,1.17238,1.17245,1003,8,0
2026-04-13 17:00:00+00:00,1.17246,1.17317,1.17243,1.17314,527,8,0
2026-04-13 17:15:00+00:00,1.17314,1.17375,1.17309,1.17366,532,8,0
2026-04-13 17:30:00+00:00,1.17366,1.17375,1.17337,1.17351,408,8,0
2026-04-13 17:45:00+00:00,1.17351,1.17356,1.17325,1.1733,461,8,0
2026-04-13 18:00:00+00:00,1.17333,1.17379,1.17332,1.17363,401,8,0
2026-04-13 18:15:00+00:00,1.17364,1.17374,1.17349,1.1736900000000001,427,8,0
2026-04-13 18:30:00+00:00,1.17367,1.17503,1.17362,1.17497,989,8,0
2026-04-13 18:45:00+00:00,1.17497,1.17652,1.17487,1.17641,877,8,0
2026-04-13 19:00:00+00:00,1.17638,1.17646,1.17538,1.17566,541,8,0
2026-04-13 19:15:00+00:00,1.17566,1.17611,1.17557,1.17601,301,8,0
2026-04-13 19:30:00+00:00,1.17601,1.17612,1.1758,1.17594,346,8,0
2026-04-13 19:45:00+00:00,1.17594,1.1762299999999999,1.17575,1.176,489,8,0
2026-04-13 20:00:00+00:00,1.176,1.17627,1.17596,1.1761,275,8,0
2026-04-13 20:15:00+00:00,1.1761,1.1762299999999999,1.17581,1.17592,226,8,0
2026-04-13 20:30:00+00:00,1.17592,1.176,1.17582,1.17591,179,8,0
2026-04-13 20:45:00+00:00,1.1759,1.17592,1.17563,1.17583,294,8,0
2026-04-13 21:00:00+00:00,1.17581,1.17581,1.1753,1.17531,87,20,0
2026-04-13 21:15:00+00:00,1.1753,1.17565,1.17525,1.17559,195,48,0
2026-04-13 21:30:00+00:00,1.17557,1.17569,1.17547,1.1755,124,48,0
2026-04-13 21:45:00+00:00,1.17549,1.17565,1.17543,1.17565,144,20,0
2026-04-13 22:00:00+00:00,1.17574,1.17646,1.17573,1.17614,325,8,0
2026-04-13 22:15:00+00:00,1.17614,1.17614,1.17577,1.176,162,8,0
2026-04-13 22:30:00+00:00,1.176,1.1761,1.17586,1.176,141,8,0
2026-04-13 22:45:00+00:00,1.176,1.17614,1.17595,1.1761300000000001,125,8,0
2026-04-13 23:00:00+00:00,1.1761300000000001,1.17645,1.17608,1.17627,176,8,0
2026-04-13 23:15:00+00:00,1.17626,1.17653,1.17624,1.17642,199,8,0
2026-04-13 23:30:00+00:00,1.17642,1.17652,1.17638,1.17642,187,8,0
2026-04-13 23:45:00+00:00,1.17643,1.17664,1.17641,1.17662,214,8,0
2026-04-14 00:00:00+00:00,1.17663,1.17666,1.17607,1.17635,425,8,0
2026-04-14 00:15:00+00:00,1.17635,1.17679,1.17635,1.17646,315,8,0
2026-04-14 00:30:00+00:00,1.17647,1.17668,1.17632,1.17647,242,8,0
2026-04-14 00:45:00+00:00,1.17647,1.17662,1.17628,1.17661,259,8,0
2026-04-14 01:00:00+00:00,1.17659,1.17676,1.17638,1.1764999999999999,285,8,0
2026-04-14 01:15:00+00:00,1.1764999999999999,1.17652,1.17615,1.17641,265,8,0
2026-04-14 01:30:00+00:00,1.1764000000000001,1.17651,1.17618,1.17635,282,8,0
2026-04-14 01:45:00+00:00,1.17635,1.17635,1.17593,1.17599,262,8,0
2026-04-14 02:00:00+00:00,1.17599,1.17619,1.17588,1.17593,273,8,0
2026-04-14 02:15:00+00:00,1.17593,1.17597,1.1757,1.1757900000000001,200,8,0
2026-04-14 02:30:00+00:00,1.1757900000000001,1.17599,1.1756,1.17593,183,8,0
2026-04-14 02:45:00+00:00,1.17593,1.17606,1.17578,1.17605,140,8,0
2026-04-14 03:00:00+00:00,1.17605,1.17609,1.17585,1.17588,162,8,0
2026-04-14 03:15:00+00:00,1.17588,1.1761300000000001,1.17588,1.176,186,8,0
2026-04-14 03:30:00+00:00,1.176,1.1764999999999999,1.176,1.17633,201,8,0
2026-04-14 03:45:00+00:00,1.17633,1.17678,1.17633,1.17664,224,8,0
2026-04-14 04:00:00+00:00,1.17663,1.17667,1.17652,1.17653,96,8,0
2026-04-14 04:15:00+00:00,1.17653,1.1769,1.17644,1.17677,147,8,0
2026-04-14 04:30:00+00:00,1.17677,1.17678,1.17661,1.1767,110,8,0
2026-04-14 04:45:00+00:00,1.1767,1.17697,1.17662,1.17662,167,8,0
2026-04-14 05:00:00+00:00,1.17662,1.17693,1.17642,1.1764999999999999,341,8,0
2026-04-14 05:15:00+00:00,1.17649,1.17654,1.17603,1.17612,226,8,0
2026-04-14 05:30:00+00:00,1.17612,1.17655,1.17593,1.17655,293,8,0
2026-04-14 05:45:00+00:00,1.17655,1.1766,1.1762299999999999,1.17641,372,8,0
2026-04-14 06:00:00+00:00,1.1764000000000001,1.1771,1.17604,1.17607,607,8,0
2026-04-14 06:15:00+00:00,1.17607,1.17637,1.17578,1.1763,502,8,0
2026-04-14 06:30:00+00:00,1.17632,1.17672,1.17624,1.1767,453,8,0
2026-04-14 06:45:00+00:00,1.17669,1.17778,1.17668,1.17776,635,8,0
2026-04-14 07:00:00+00:00,1.17775,1.17964,1.17769,1.17856,1499,8,0
2026-04-14 07:15:00+00:00,1.17856,1.17864,1.17791,1.17829,735,8,0
2026-04-14 07:30:00+00:00,1.17829,1.17919,1.17825,1.17874,696,8,0
2026-04-14 07:45:00+00:00,1.17873,1.1791,1.17794,1.17798,706,8,0
2026-04-14 08:00:00+00:00,1.17797,1.1781,1.17758,1.17766,744,8,0
2026-04-14 08:15:00+00:00,1.17767,1.17794,1.17747,1.17789,467,8,0
2026-04-14 08:30:00+00:00,1.1779,1.1784,1.17768,1.17834,637,8,0
2026-04-14 08:45:00+00:00,1.17835,1.17837,1.178,1.17822,363,8,0
2026-04-14 09:00:00+00:00,1.17824,1.17901,1.17819,1.17873,515,8,0
2026-04-14 09:15:00+00:00,1.17873,1.17886,1.17839,1.17839,328,8,0
2026-04-14 09:30:00+00:00,1.1784,1.17923,1.17815,1.17895,433,8,0
2026-04-14 09:45:00+00:00,1.1789399999999999,1.17895,1.1786,1.17885,390,8,0
2026-04-14 10:00:00+00:00,1.17885,1.17986,1.17877,1.17976,553,8,0
2026-04-14 10:15:00+00:00,1.17976,1.17976,1.17921,1.17922,501,8,0
2026-04-14 10:30:00+00:00,1.17923,1.17959,1.17914,1.17931,509,8,0
2026-04-14 10:45:00+00:00,1.17932,1.1798,1.17927,1.17961,407,8,0
2026-04-14 11:00:00+00:00,1.1796,1.18003,1.17953,1.17994,503,8,0
2026-04-14 11:15:00+00:00,1.17993,1.18017,1.17985,1.1801,429,8,0
2026-04-14 11:30:00+00:00,1.1801,1.18015,1.1795,1.17984,522,8,0
2026-04-14 11:45:00+00:00,1.17986,1.1806,1.17959,1.17992,948,8,0
2026-04-14 12:00:00+00:00,1.17993,1.18002,1.17923,1.17959,863,8,0
2026-04-14 12:15:00+00:00,1.17961,1.18025,1.17935,1.18,808,8,0
2026-04-14 12:30:00+00:00,1.18003,1.18055,1.17945,1.17961,972,8,0
2026-04-14 12:45:00+00:00,1.17962,1.18043,1.1795499999999999,1.18042,739,8,0
2026-04-14 13:00:00+00:00,1.1804000000000001,1.18073,1.1801300000000001,1.18049,734,8,0
2026-04-14 13:15:00+00:00,1.18049,1.18049,1.17951,1.17959,844,8,0
2026-04-14 13:30:00+00:00,1.17959,1.18049,1.17931,1.1803,933,8,0
2026-04-14 13:45:00+00:00,1.18029,1.18034,1.17975,1.17991,825,8,0
2026-04-14 14:00:00+00:00,1.1798899999999999,1.18023,1.1793,1.18005,1095,8,0
2026-04-14 14:15:00+00:00,1.18006,1.18063,1.18003,1.18027,811,8,0
2026-04-14 14:30:00+00:00,1.18026,1.18079,1.18011,1.18067,680,8,0
2026-04-14 14:45:00+00:00,1.18065,1.18109,1.18021,1.18082,785,8,0
2026-04-14 15:00:00+00:00,1.18081,1.18081,1.17988,1.1799,839,8,0
2026-04-14 15:15:00+00:00,1.1799,1.18015,1.17939,1.17972,972,8,0
2026-04-14 15:30:00+00:00,1.17972,1.18025,1.1792,1.1792,833,8,0
2026-04-14 15:45:00+00:00,1.1791800000000001,1.17927,1.17872,1.17898,646,8,0
2026-04-14 16:00:00+00:00,1.17898,1.17922,1.17877,1.17922,477,8,0
2026-04-14 16:15:00+00:00,1.1792,1.1795499999999999,1.17914,1.17949,490,8,0
2026-04-14 16:30:00+00:00,1.1795200000000001,1.17967,1.17924,1.1795,422,8,0
2026-04-14 16:45:00+00:00,1.1795200000000001,1.1795200000000001,1.17923,1.17935,328,8,0
2026-04-14 17:00:00+00:00,1.17935,1.17954,1.17914,1.17946,376,8,0
2026-04-14 17:15:00+00:00,1.17946,1.1799,1.1794,1.17975,351,8,0
2026-04-14 17:30:00+00:00,1.17975,1.1799,1.17949,1.17984,306,8,0
2026-04-14 17:45:00+00:00,1.17984,1.17988,1.17942,1.17951,294,8,0
2026-04-14 18:00:00+00:00,1.17953,1.17966,1.17939,1.17957,382,8,0
2026-04-14 18:15:00+00:00,1.17957,1.17957,1.17922,1.17925,418,8,0
2026-04-14 18:30:00+00:00,1.17925,1.17947,1.17908,1.1792,589,8,0
2026-04-14 18:45:00+00:00,1.1792,1.17946,1.17902,1.17923,290,8,0
2026-04-14 19:00:00+00:00,1.17923,1.17951,1.17906,1.17931,324,8,0
2026-04-14 19:15:00+00:00,1.17931,1.17937,1.17914,1.17925,185,8,0
2026-04-14 19:30:00+00:00,1.17923,1.17936,1.179,1.17916,242,8,0
2026-04-14 19:45:00+00:00,1.17916,1.17929,1.17907,1.17915,297,8,0
2026-04-14 20:00:00+00:00,1.17917,1.17946,1.17911,1.17943,179,8,0
2026-04-14 20:15:00+00:00,1.17943,1.17951,1.17931,1.17951,132,8,0
2026-04-14 20:30:00+00:00,1.17951,1.17951,1.17935,1.17936,142,8,0
2026-04-14 20:45:00+00:00,1.17936,1.1795499999999999,1.17931,1.17936,237,8,0
2026-04-14 21:00:00+00:00,1.17949,1.17949,1.1792,1.17923,54,20,0
2026-04-14 21:15:00+00:00,1.17923,1.17938,1.17885,1.17886,85,20,0
2026-04-14 21:30:00+00:00,1.17885,1.17899,1.1787,1.17893,182,48,0
2026-04-14 21:45:00+00:00,1.17892,1.17921,1.17892,1.17921,151,8,0
2026-04-14 22:00:00+00:00,1.1792,1.17953,1.1791800000000001,1.1795200000000001,329,8,0
2026-04-14 22:15:00+00:00,1.17953,1.17993,1.17949,1.17954,215,8,0
2026-04-14 22:30:00+00:00,1.17953,1.17954,1.17934,1.17942,179,8,0
2026-04-14 22:45:00+00:00,1.17942,1.1795,1.17932,1.17949,146,8,0
2026-04-14 23:00:00+00:00,1.17949,1.17958,1.17941,1.17945,135,8,0
2026-04-14 23:15:00+00:00,1.17945,1.17974,1.17944,1.17971,100,8,0
2026-04-14 23:30:00+00:00,1.17971,1.1801599999999999,1.17963,1.17994,522,8,0
2026-04-14 23:45:00+00:00,1.17994,1.1801599999999999,1.17971,1.1797900000000001,347,8,0
2026-04-15 00:00:00+00:00,1.17977,1.17982,1.17916,1.1791800000000001,501,8,0
2026-04-15 00:15:00+00:00,1.1791800000000001,1.1795,1.17917,1.17943,301,8,0
2026-04-15 00:30:00+00:00,1.17945,1.17949,1.17892,1.17905,331,8,0
2026-04-15 00:45:00+00:00,1.17905,1.17944,1.1789399999999999,1.17936,430,8,0
2026-04-15 01:00:00+00:00,1.17936,1.17964,1.17895,1.17947,515,8,0
2026-04-15 01:15:00+00:00,1.17947,1.17948,1.1791,1.17926,385,8,0
2026-04-15 01:30:00+00:00,1.17926,1.17931,1.17895,1.179,259,8,0
2026-04-15 01:45:00+00:00,1.179,1.17924,1.17893,1.17906,355,8,0
2026-04-15 02:00:00+00:00,1.17905,1.17907,1.17855,1.1786,245,8,0
2026-04-15 02:15:00+00:00,1.1786,1.17869,1.17821,1.17822,257,8,0
2026-04-15 02:30:00+00:00,1.17825,1.17834,1.17786,1.1783299999999999,342,8,0
2026-04-15 02:45:00+00:00,1.1783299999999999,1.17839,1.17817,1.17831,246,8,0
2026-04-15 03:00:00+00:00,1.17831,1.17837,1.17798,1.17832,262,8,0
2026-04-15 03:15:00+00:00,1.17832,1.17871,1.17832,1.17871,216,8,0
2026-04-15 03:30:00+00:00,1.1787,1.17876,1.17849,1.17865,191,8,0
2026-04-15 03:45:00+00:00,1.17864,1.17889,1.17864,1.17866,181,8,0
2026-04-15 04:00:00+00:00,1.17866,1.17888,1.17858,1.17876,195,8,0
2026-04-15 04:15:00+00:00,1.17876,1.1788,1.17866,1.17877,124,8,0
2026-04-15 04:30:00+00:00,1.17876,1.17892,1.17864,1.17875,134,8,0
2026-04-15 04:45:00+00:00,1.17875,1.17889,1.1787,1.17882,160,8,0
2026-04-15 05:00:00+00:00,1.17882,1.1793,1.1788,1.17925,440,8,0
2026-04-15 05:15:00+00:00,1.17925,1.1798,1.17915,1.17921,326,8,0
2026-04-15 05:30:00+00:00,1.17921,1.17922,1.17887,1.17911,323,8,0
2026-04-15 05:45:00+00:00,1.1791,1.17932,1.1789,1.17917,338,8,0
2026-04-15 06:00:00+00:00,1.1791800000000001,1.1798899999999999,1.17911,1.1792799999999999,546,8,0
2026-04-15 06:15:00+00:00,1.1793,1.17936,1.17883,1.17912,492,8,0
2026-04-15 06:30:00+00:00,1.17911,1.17921,1.1785,1.17861,489,8,0
2026-04-15 06:45:00+00:00,1.17862,1.17869,1.17835,1.1784,440,8,0
2026-04-15 07:00:00+00:00,1.1784,1.17881,1.1783299999999999,1.1785700000000001,653,8,0
2026-04-15 07:15:00+00:00,1.1785700000000001,1.17876,1.17824,1.17873,485,8,0
2026-04-15 07:30:00+00:00,1.17874,1.17902,1.17849,1.17886,450,8,0
2026-04-15 07:45:00+00:00,1.17886,1.17895,1.17838,1.17854,566,8,0
2026-04-15 08:00:00+00:00,1.17852,1.17904,1.17849,1.17899,515,8,0
2026-04-15 08:15:00+00:00,1.17899,1.17949,1.17895,1.17916,484,8,0
2026-04-15 08:30:00+00:00,1.17916,1.17916,1.17868,1.1789100000000001,421,8,0
2026-04-15 08:45:00+00:00,1.1789100000000001,1.17902,1.17856,1.1789,352,8,0
2026-04-15 09:00:00+00:00,1.1789,1.17912,1.17748,1.17817,1246,8,0
2026-04-15 09:15:00+00:00,1.17816,1.17864,1.17811,1.1784,612,8,0
2026-04-15 09:30:00+00:00,1.1784,1.17846,1.17791,1.17815,510,8,0
2026-04-15 09:45:00+00:00,1.17816,1.17831,1.1778,1.17814,464,8,0
2026-04-15 10:00:00+00:00,1.17814,1.17861,1.17781,1.17844,553,8,0
2026-04-15 10:15:00+00:00,1.17846,1.17846,1.17727,1.17755,937,8,0
2026-04-15 10:30:00+00:00,1.17753,1.1780599999999999,1.17718,1.17789,809,8,0
2026-04-15 10:45:00+00:00,1.17788,1.17834,1.17764,1.17765,640,8,0
2026-04-15 11:00:00+00:00,1.17766,1.17794,1.17746,1.1777199999999999,428,8,0
2026-04-15 11:15:00+00:00,1.1777199999999999,1.17791,1.17749,1.17764,450,8,0
2026-04-15 11:30:00+00:00,1.17763,1.17798,1.17751,1.17769,516,8,0
2026-04-15 11:45:00+00:00,1.17769,1.17844,1.17729,1.17825,1134,8,0
2026-04-15 12:00:00+00:00,1.17825,1.17843,1.17769,1.17783,778,8,0
2026-04-15 12:15:00+00:00,1.17784,1.1784,1.17777,1.17835,585,8,0
2026-04-15 12:30:00+00:00,1.17835,1.17877,1.17795,1.17809,521,8,0
2026-04-15 12:45:00+00:00,1.17808,1.17927,1.17786,1.17876,714,8,0
2026-04-15 13:00:00+00:00,1.17876,1.17906,1.17852,1.17873,643,8,0
2026-04-15 13:15:00+00:00,1.17873,1.17963,1.17861,1.17956,605,8,0
2026-04-15 13:30:00+00:00,1.17958,1.17972,1.1784,1.17846,945,8,0
2026-04-15 13:45:00+00:00,1.17848,1.17886,1.17837,1.17874,711,8,0
2026-04-15 14:00:00+00:00,1.17876,1.17919,1.1784,1.17908,753,8,0
2026-04-15 14:15:00+00:00,1.17907,1.17991,1.179,1.1798899999999999,771,8,0
2026-04-15 14:30:00+00:00,1.17992,1.17998,1.1791800000000001,1.17956,716,8,0
2026-04-15 14:45:00+00:00,1.17958,1.17986,1.17934,1.17962,691,8,0
2026-04-15 15:00:00+00:00,1.17962,1.18021,1.17942,1.18014,878,8,0
2026-04-15 15:15:00+00:00,1.18012,1.1807699999999999,1.17987,1.18035,691,8,0
2026-04-15 15:30:00+00:00,1.18033,1.18033,1.17975,1.18003,727,8,0
2026-04-15 15:45:00+00:00,1.18004,1.18024,1.17976,1.17976,524,8,0
2026-04-15 16:00:00+00:00,1.17974,1.1802,1.17968,1.1801599999999999,491,8,0
2026-04-15 16:15:00+00:00,1.1801599999999999,1.18022,1.17982,1.18001,599,8,0
2026-04-15 16:30:00+00:00,1.17999,1.18022,1.1797,1.18006,487,8,0
2026-04-15 16:45:00+00:00,1.18007,1.18018,1.1798899999999999,1.18006,447,8,0
2026-04-15 17:00:00+00:00,1.18006,1.18015,1.17994,1.17996,325,8,0
2026-04-15 17:15:00+00:00,1.17996,1.18012,1.17978,1.1799,309,8,0
2026-04-15 17:30:00+00:00,1.17987,1.1799,1.17936,1.17948,436,8,0
2026-04-15 17:45:00+00:00,1.17948,1.17951,1.17922,1.17945,293,8,0
2026-04-15 18:00:00+00:00,1.17945,1.18011,1.17931,1.18,831,8,0
2026-04-15 18:15:00+00:00,1.18,1.1801599999999999,1.17987,1.17994,409,8,0
2026-04-15 18:30:00+00:00,1.17992,1.17997,1.17962,1.17972,274,8,0
2026-04-15 18:45:00+00:00,1.17972,1.1801599999999999,1.17969,1.18,414,8,0
2026-04-15 19:00:00+00:00,1.17999,1.18044,1.17984,1.17993,381,8,0
2026-04-15 19:15:00+00:00,1.17993,1.1801300000000001,1.17983,1.18007,274,8,0
2026-04-15 19:30:00+00:00,1.18005,1.18029,1.18004,1.18012,252,8,0
2026-04-15 19:45:00+00:00,1.18012,1.18024,1.17993,1.17997,331,8,0
2026-04-15 20:00:00+00:00,1.17997,1.17999,1.1795,1.17982,237,8,0
2026-04-15 20:15:00+00:00,1.17982,1.17984,1.17963,1.17973,199,8,0
2026-04-15 20:30:00+00:00,1.17972,1.17976,1.17951,1.17971,156,8,0
2026-04-15 20:45:00+00:00,1.17971,1.18006,1.17969,1.17984,211,8,0
2026-04-15 21:00:00+00:00,1.17985,1.17988,1.17961,1.17962,75,20,0
2026-04-15 21:15:00+00:00,1.17961,1.17987,1.17956,1.17975,125,20,0
2026-04-15 21:30:00+00:00,1.17974,1.17994,1.17959,1.17991,190,20,0
2026-04-15 21:45:00+00:00,1.17991,1.17991,1.17957,1.17975,202,20,0
2026-04-15 22:00:00+00:00,1.17977,1.18028,1.17977,1.18019,189,8,0
2026-04-15 22:15:00+00:00,1.18019,1.18019,1.17988,1.18009,147,8,0
2026-04-15 22:30:00+00:00,1.18009,1.1801599999999999,1.18004,1.18011,114,8,0
2026-04-15 22:45:00+00:00,1.18011,1.18029,1.1801,1.1802,116,8,0
2026-04-15 23:00:00+00:00,1.1802,1.18044,1.1802,1.18035,161,8,0
2026-04-15 23:15:00+00:00,1.18035,1.18045,1.1803,1.18034,111,8,0
2026-04-15 23:30:00+00:00,1.18035,1.18066,1.18029,1.18063,143,8,0
2026-04-15 23:45:00+00:00,1.18063,1.18076,1.1806,1.18062,119,8,0
2026-04-16 00:00:00+00:00,1.18064,1.18083,1.18024,1.18033,337,8,0
2026-04-16 00:15:00+00:00,1.18031,1.18063,1.1803,1.18043,253,8,0
2026-04-16 00:30:00+00:00,1.18043,1.18052,1.18027,1.18034,199,8,0
2026-04-16 00:45:00+00:00,1.18034,1.18073,1.18026,1.18068,280,8,0
2026-04-16 01:00:00+00:00,1.18066,1.18089,1.18062,1.18068,297,8,0
2026-04-16 01:15:00+00:00,1.18067,1.18068,1.18036,1.18037,291,8,0
2026-04-16 01:30:00+00:00,1.18037,1.18059,1.17964,1.18004,406,8,0
2026-04-16 01:45:00+00:00,1.18003,1.18034,1.18003,1.18021,351,8,0
2026-04-16 02:00:00+00:00,1.18021,1.18055,1.18015,1.1802,304,8,0
2026-04-16 02:15:00+00:00,1.1802,1.1804000000000001,1.18018,1.18035,238,8,0
2026-04-16 02:30:00+00:00,1.18035,1.1817,1.18034,1.1816,530,8,0
2026-04-16 02:45:00+00:00,1.18161,1.18173,1.18121,1.18168,428,8,0
2026-04-16 03:00:00+00:00,1.18167,1.18236,1.18165,1.18186,530,8,0
2026-04-16 03:15:00+00:00,1.18185,1.18191,1.1815,1.1815,298,8,0
2026-04-16 03:30:00+00:00,1.1815,1.18157,1.18118,1.18138,287,8,0
2026-04-16 03:45:00+00:00,1.1814,1.18157,1.18123,1.18126,233,8,0
2026-04-16 04:00:00+00:00,1.18125,1.18128,1.18102,1.1811099999999999,221,8,0
2026-04-16 04:15:00+00:00,1.18112,1.18128,1.1810100000000001,1.18106,180,8,0
2026-04-16 04:30:00+00:00,1.18106,1.18116,1.18095,1.181,152,8,0
2026-04-16 04:45:00+00:00,1.181,1.18103,1.18079,1.1809,216,8,0
2026-04-16 05:00:00+00:00,1.18091,1.18099,1.18072,1.1807699999999999,225,8,0
2026-04-16 05:15:00+00:00,1.1807699999999999,1.18083,1.18029,1.18042,246,8,0
2026-04-16 05:30:00+00:00,1.18042,1.18085,1.18026,1.18039,354,8,0
2026-04-16 05:45:00+00:00,1.18039,1.18075,1.18038,1.1804000000000001,287,8,0
2026-04-16 06:00:00+00:00,1.1804000000000001,1.18067,1.18003,1.1801300000000001,566,8,0
2026-04-16 06:15:00+00:00,1.1801300000000001,1.18019,1.17946,1.17971,474,8,0
2026-04-16 06:30:00+00:00,1.17973,1.17984,1.17932,1.17983,520,8,0
2026-04-16 06:45:00+00:00,1.17982,1.18049,1.17972,1.18027,567,8,0
2026-04-16 07:00:00+00:00,1.18029,1.18044,1.17983,1.18007,789,8,0
2026-04-16 07:15:00+00:00,1.18007,1.18009,1.1794,1.17976,614,8,0
2026-04-16 07:30:00+00:00,1.17975,1.17978,1.17924,1.17961,577,8,0
2026-04-16 07:45:00+00:00,1.17961,1.17961,1.17905,1.17914,617,8,0
2026-04-16 08:00:00+00:00,1.17912,1.17936,1.17836,1.17841,633,8,0
2026-04-16 08:15:00+00:00,1.17844,1.17865,1.1776200000000001,1.1779600000000001,820,8,0
2026-04-16 08:30:00+00:00,1.17797,1.17841,1.17792,1.1783299999999999,524,8,0
2026-04-16 08:45:00+00:00,1.1783299999999999,1.1788,1.17831,1.17858,461,8,0
2026-04-16 09:00:00+00:00,1.17858,1.17872,1.17809,1.17814,442,8,0
2026-04-16 09:15:00+00:00,1.17815,1.17835,1.17779,1.17787,459,8,0
2026-04-16 09:30:00+00:00,1.17788,1.17852,1.17766,1.1779600000000001,504,8,0
2026-04-16 09:45:00+00:00,1.17797,1.1782,1.17768,1.17793,498,8,0
2026-04-16 10:00:00+00:00,1.17792,1.17801,1.17746,1.178,440,8,0
2026-04-16 10:15:00+00:00,1.17798,1.17798,1.17728,1.1773,325,8,0
2026-04-16 10:30:00+00:00,1.17728,1.17779,1.17723,1.17774,328,8,0
2026-04-16 10:45:00+00:00,1.17774,1.17799,1.17759,1.17795,397,8,0
2026-04-16 11:00:00+00:00,1.17795,1.1788,1.17795,1.17856,532,8,0
2026-04-16 11:15:00+00:00,1.17856,1.17884,1.17836,1.17855,361,8,0
2026-04-16 11:30:00+00:00,1.17855,1.1787,1.17815,1.1784,387,8,0
2026-04-16 11:45:00+00:00,1.17839,1.17854,1.17801,1.17837,674,8,0
2026-04-16 12:00:00+00:00,1.17838,1.17845,1.17771,1.17798,744,8,0
2026-04-16 12:15:00+00:00,1.17799,1.17824,1.17756,1.17813,488,8,0
2026-04-16 12:30:00+00:00,1.17811,1.17836,1.17764,1.17834,635,8,0
2026-04-16 12:45:00+00:00,1.17832,1.17843,1.1781,1.1781,467,8,0
2026-04-16 13:00:00+00:00,1.1781,1.17831,1.17777,1.17809,480,8,0
2026-04-16 13:15:00+00:00,1.17809,1.1783299999999999,1.178,1.1780599999999999,430,8,0
2026-04-16 13:30:00+00:00,1.17807,1.17813,1.17753,1.17774,812,8,0
2026-04-16 13:45:00+00:00,1.17773,1.17795,1.17665,1.17722,1062,8,0
2026-04-16 14:00:00+00:00,1.17723,1.17776,1.17687,1.17769,978,8,0
2026-04-16 14:15:00+00:00,1.17769,1.17783,1.17725,1.17779,974,8,0
2026-04-16 14:30:00+00:00,1.1778,1.17804,1.17743,1.17794,826,8,0
2026-04-16 14:45:00+00:00,1.17792,1.17819,1.17687,1.17713,859,8,0
2026-04-16 15:00:00+00:00,1.1771099999999999,1.17793,1.17697,1.17779,711,8,0
2026-04-16 15:15:00+00:00,1.17779,1.17802,1.17738,1.17743,647,8,0
2026-04-16 15:30:00+00:00,1.17742,1.17812,1.1773500000000001,1.1777199999999999,1036,8,0
2026-04-16 15:45:00+00:00,1.1777199999999999,1.17817,1.17759,1.17816,571,8,0
2026-04-16 16:00:00+00:00,1.17818,1.17851,1.17789,1.1785,460,8,0
2026-04-16 16:15:00+00:00,1.1785,1.17868,1.17802,1.17805,483,8,0
2026-04-16 16:30:00+00:00,1.17803,1.17809,1.17685,1.17741,1134,8,0
2026-04-16 16:45:00+00:00,1.17742,1.17756,1.17702,1.17742,664,8,0
2026-04-16 17:00:00+00:00,1.17744,1.17753,1.17678,1.17681,543,8,0
2026-04-16 17:15:00+00:00,1.17683,1.17728,1.17681,1.17708,451,8,0
2026-04-16 17:30:00+00:00,1.17709,1.17748,1.17709,1.1773500000000001,369,8,0
2026-04-16 17:45:00+00:00,1.1773500000000001,1.1774,1.17706,1.17732,368,8,0
2026-04-16 18:00:00+00:00,1.17731,1.17807,1.17728,1.17761,648,8,0
2026-04-16 18:15:00+00:00,1.17761,1.17781,1.17757,1.17778,421,8,0
2026-04-16 18:30:00+00:00,1.17777,1.17805,1.17766,1.17776,421,8,0
2026-04-16 18:45:00+00:00,1.17776,1.17803,1.17766,1.17793,303,8,0
2026-04-16 19:00:00+00:00,1.17795,1.17828,1.17795,1.17805,339,8,0
2026-04-16 19:15:00+00:00,1.17805,1.17841,1.17801,1.17829,312,8,0
2026-04-16 19:30:00+00:00,1.17829,1.17854,1.17818,1.1782,263,8,0
2026-04-16 19:45:00+00:00,1.1782,1.17827,1.17803,1.17807,307,8,0
2026-04-16 20:00:00+00:00,1.17808,1.17823,1.17791,1.17813,245,8,0
2026-04-16 20:15:00+00:00,1.17815,1.17817,1.17783,1.17803,218,8,0
2026-04-16 20:30:00+00:00,1.17802,1.17828,1.17802,1.17822,134,8,0
2026-04-16 20:45:00+00:00,1.17822,1.1783,1.17793,1.1781,151,8,0
2026-04-16 21:00:00+00:00,1.17809,1.17814,1.17768,1.1777,72,20,0
2026-04-16 21:15:00+00:00,1.17769,1.17791,1.17769,1.17779,99,48,0
2026-04-16 21:30:00+00:00,1.1778,1.17798,1.1778,1.17787,78,48,0
2026-04-16 21:45:00+00:00,1.17787,1.17801,1.17786,1.17798,62,20,0
2026-04-16 22:00:00+00:00,1.17803,1.17869,1.17802,1.1785700000000001,241,8,0
2026-04-16 22:15:00+00:00,1.1785700000000001,1.17858,1.17836,1.17855,121,8,0
2026-04-16 22:30:00+00:00,1.17855,1.1785700000000001,1.17842,1.17852,139,8,0
2026-04-16 22:45:00+00:00,1.17852,1.17853,1.17844,1.17848,103,8,0
2026-04-16 23:00:00+00:00,1.17848,1.17852,1.17828,1.1784,199,8,0
2026-04-16 23:15:00+00:00,1.1784,1.1786,1.1784,1.17854,145,8,0
2026-04-16 23:30:00+00:00,1.17854,1.17855,1.1783299999999999,1.1783299999999999,114,8,0
2026-04-16 23:45:00+00:00,1.1783299999999999,1.1783299999999999,1.17805,1.1780599999999999,152,8,0
2026-04-17 00:00:00+00:00,1.17805,1.17805,1.17766,1.17777,375,8,0
2026-04-17 00:15:00+00:00,1.17777,1.17817,1.17771,1.17808,283,8,0
2026-04-17 00:30:00+00:00,1.17808,1.17829,1.17801,1.17818,269,8,0
2026-04-17 00:45:00+00:00,1.17816,1.17826,1.17783,1.17785,304,8,0
2026-04-17 01:00:00+00:00,1.17785,1.17795,1.17742,1.17768,440,8,0
2026-04-17 01:15:00+00:00,1.17766,1.17782,1.17742,1.1775,275,8,0
2026-04-17 01:30:00+00:00,1.1775,1.17771,1.17743,1.17765,260,8,0
2026-04-17 01:45:00+00:00,1.17765,1.17777,1.1775,1.17758,239,8,0
2026-04-17 02:00:00+00:00,1.17758,1.1776200000000001,1.17729,1.17741,240,8,0
2026-04-17 02:15:00+00:00,1.17741,1.17759,1.17736,1.17753,198,8,0
2026-04-17 02:30:00+00:00,1.17753,1.1777,1.17744,1.17755,178,8,0
2026-04-17 02:45:00+00:00,1.17755,1.17775,1.17752,1.17767,168,8,0
2026-04-17 03:00:00+00:00,1.17766,1.17787,1.17766,1.17771,203,8,0
2026-04-17 03:15:00+00:00,1.17771,1.17773,1.17751,1.17757,204,8,0
2026-04-17 03:30:00+00:00,1.17757,1.1780599999999999,1.17753,1.17798,184,8,0
2026-04-17 03:45:00+00:00,1.17798,1.17848,1.17797,1.17828,206,8,0
2026-04-17 04:00:00+00:00,1.17828,1.17839,1.17821,1.17831,132,8,0
2026-04-17 04:15:00+00:00,1.17831,1.17834,1.17812,1.17824,228,8,0
2026-04-17 04:30:00+00:00,1.17824,1.1783299999999999,1.17811,1.17829,171,8,0
2026-04-17 04:45:00+00:00,1.17829,1.1784,1.17816,1.17821,195,8,0
2026-04-17 05:00:00+00:00,1.17821,1.17829,1.1779600000000001,1.17817,343,8,0
2026-04-17 05:15:00+00:00,1.17817,1.17842,1.17811,1.1784,252,8,0
2026-04-17 05:30:00+00:00,1.1784,1.17842,1.17801,1.17817,250,8,0
2026-04-17 05:45:00+00:00,1.17816,1.17834,1.17802,1.17802,212,8,0
2026-04-17 06:00:00+00:00,1.17801,1.17829,1.1777,1.17777,515,8,0
2026-04-17 06:15:00+00:00,1.17778,1.17782,1.17748,1.17749,396,8,0
2026-04-17 06:30:00+00:00,1.17747,1.17756,1.17716,1.17729,451,8,0
2026-04-17 06:45:00+00:00,1.17729,1.1778,1.17726,1.17746,403,8,0
2026-04-17 07:00:00+00:00,1.17747,1.178,1.17747,1.17776,595,8,0
2026-04-17 07:15:00+00:00,1.17776,1.17815,1.17746,1.17797,496,8,0
2026-04-17 07:30:00+00:00,1.17799,1.1781,1.17766,1.1779600000000001,421,8,0
2026-04-17 07:45:00+00:00,1.1779600000000001,1.17827,1.17791,1.17819,525,8,0
2026-04-17 08:00:00+00:00,1.17821,1.17839,1.17808,1.17821,397,8,0
2026-04-17 08:15:00+00:00,1.17821,1.17836,1.17803,1.1783299999999999,338,8,0
2026-04-17 08:30:00+00:00,1.17834,1.17911,1.17821,1.17908,394,8,0
2026-04-17 08:45:00+00:00,1.17908,1.17951,1.1789399999999999,1.17935,426,8,0
2026-04-17 09:00:00+00:00,1.17934,1.1796,1.17907,1.1791,434,8,0
2026-04-17 09:15:00+00:00,1.1791,1.17988,1.1791,1.1798,374,8,0
2026-04-17 09:30:00+00:00,1.1798,1.17981,1.1793,1.17934,395,8,0
2026-04-17 09:45:00+00:00,1.17935,1.17946,1.17905,1.1793,415,8,0
2026-04-17 10:00:00+00:00,1.1793,1.17943,1.17909,1.17941,373,8,0
2026-04-17 10:15:00+00:00,1.17941,1.1795499999999999,1.17932,1.17934,287,8,0
2026-04-17 10:30:00+00:00,1.17935,1.17957,1.17915,1.17934,315,8,0
2026-04-17 10:45:00+00:00,1.17932,1.17954,1.17921,1.17941,345,8,0
2026-04-17 11:00:00+00:00,1.1794,1.17965,1.17915,1.17954,341,8,0
2026-04-17 11:15:00+00:00,1.17953,1.17985,1.17947,1.17966,340,8,0
2026-04-17 11:30:00+00:00,1.17968,1.1797900000000001,1.17943,1.17972,339,8,0
2026-04-17 11:45:00+00:00,1.17974,1.17992,1.17915,1.17931,483,8,0
2026-04-17 12:00:00+00:00,1.17932,1.18002,1.1793,1.1798,512,8,0
2026-04-17 12:15:00+00:00,1.17982,1.18087,1.17964,1.18044,914,8,0
2026-04-17 12:30:00+00:00,1.18043,1.18128,1.18034,1.18062,736,8,0
2026-04-17 12:45:00+00:00,1.18064,1.18373,1.18061,1.18349,3714,8,0
2026-04-17 13:00:00+00:00,1.18349,1.18487,1.183,1.18469,2049,8,0
2026-04-17 13:15:00+00:00,1.18466,1.18466,1.18298,1.1834,2135,8,0
2026-04-17 13:30:00+00:00,1.18343,1.18429,1.18304,1.1835499999999999,1948,8,0
2026-04-17 13:45:00+00:00,1.18357,1.18367,1.18238,1.18333,2096,8,0
2026-04-17 14:00:00+00:00,1.18333,1.18358,1.18193,1.18207,1329,8,0
2026-04-17 14:15:00+00:00,1.18205,1.1832,1.182,1.18263,1180,8,0
2026-04-17 14:30:00+00:00,1.18264,1.1831800000000001,1.18173,1.18249,1605,8,0
2026-04-17 14:45:00+00:00,1.1825,1.18264,1.18127,1.18134,1346,8,0
2026-04-17 15:00:00+00:00,1.18134,1.18163,1.18075,1.1811099999999999,1605,8,0
2026-04-17 15:15:00+00:00,1.18113,1.1814,1.17996,1.18037,1151,8,0
2026-04-17 15:30:00+00:00,1.1804000000000001,1.181,1.17994,1.18009,1048,8,0
2026-04-17 15:45:00+00:00,1.18011,1.18064,1.17995,1.18005,1048,8,0
2026-04-17 16:00:00+00:00,1.18003,1.18003,1.17915,1.17992,1087,8,0
2026-04-17 16:15:00+00:00,1.17991,1.18044,1.17978,1.1798,635,8,0
2026-04-17 16:30:00+00:00,1.17982,1.1801,1.17974,1.18009,462,8,0
2026-04-17 16:45:00+00:00,1.18008,1.18018,1.17974,1.17984,458,8,0
2026-04-17 17:00:00+00:00,1.17983,1.17983,1.17844,1.1789399999999999,1013,8,0
2026-04-17 17:15:00+00:00,1.17893,1.1795499999999999,1.17863,1.17888,1186,8,0
2026-04-17 17:30:00+00:00,1.17888,1.1792,1.1788,1.17889,522,8,0
2026-04-17 17:45:00+00:00,1.17887,1.17956,1.17886,1.17949,423,8,0
2026-04-17 18:00:00+00:00,1.17951,1.17957,1.1789,1.17893,437,8,0
2026-04-17 18:15:00+00:00,1.17895,1.17973,1.17895,1.1791,642,8,0
2026-04-17 18:30:00+00:00,1.17912,1.17933,1.17842,1.17865,657,8,0
2026-04-17 18:45:00+00:00,1.17865,1.17871,1.1774,1.1779600000000001,987,8,0
2026-04-17 19:00:00+00:00,1.17795,1.17832,1.17777,1.17824,497,8,0
2026-04-17 19:15:00+00:00,1.17826,1.17834,1.17748,1.17752,482,8,0
2026-04-17 19:30:00+00:00,1.17753,1.17763,1.17688,1.17706,510,8,0
2026-04-17 19:45:00+00:00,1.17705,1.17717,1.17665,1.17689,500,8,0
2026-04-17 20:00:00+00:00,1.17688,1.1771099999999999,1.17661,1.17709,309,8,0
2026-04-17 20:15:00+00:00,1.17709,1.17715,1.1764000000000001,1.1764000000000001,281,8,0
2026-04-17 20:30:00+00:00,1.1764000000000001,1.17687,1.1764000000000001,1.17661,357,8,0
2026-04-17 20:45:00+00:00,1.17659,1.17673,1.17601,1.17637,627,8,0
2026-04-19 21:00:00+00:00,1.17391,1.17401,1.17377,1.17389,82,48,0
2026-04-19 21:15:00+00:00,1.17388,1.17395,1.17387,1.17391,94,48,0
2026-04-19 21:30:00+00:00,1.17391,1.17392,1.17302,1.17317,171,48,0
2026-04-19 21:45:00+00:00,1.17316,1.17336,1.17304,1.17307,137,48,0
2026-04-19 22:00:00+00:00,1.17321,1.17395,1.17282,1.17352,821,8,0
2026-04-19 22:15:00+00:00,1.1735,1.1737,1.17288,1.17313,691,8,0
2026-04-19 22:30:00+00:00,1.17313,1.17376,1.17313,1.1737,470,8,0
2026-04-19 22:45:00+00:00,1.1737,1.17398,1.1737,1.17394,230,8,0
2026-04-19 23:00:00+00:00,1.17395,1.17441,1.17395,1.17441,324,8,0
2026-04-19 23:15:00+00:00,1.17441,1.17451,1.17413,1.17414,337,8,0
2026-04-19 23:30:00+00:00,1.17414,1.17452,1.17386,1.17403,418,8,0
2026-04-19 23:45:00+00:00,1.17405,1.17407,1.17361,1.17386,399,8,0
2026-04-20 00:00:00+00:00,1.17388,1.17505,1.17366,1.17484,804,8,0
2026-04-20 00:15:00+00:00,1.17486,1.17544,1.17482,1.17543,529,8,0
2026-04-20 00:30:00+00:00,1.1754,1.17563,1.1752799999999999,1.17558,366,8,0
2026-04-20 00:45:00+00:00,1.17559,1.17564,1.17523,1.17543,452,8,0
2026-04-20 01:00:00+00:00,1.17543,1.17564,1.17524,1.17532,572,8,0
2026-04-20 01:15:00+00:00,1.17534,1.17536,1.17502,1.1751,362,8,0
2026-04-20 01:30:00+00:00,1.17511,1.17591,1.17511,1.17573,448,8,0
2026-04-20 01:45:00+00:00,1.17572,1.17595,1.1756199999999999,1.17565,326,8,0
2026-04-20 02:00:00+00:00,1.17566,1.17586,1.17555,1.17577,311,8,0
2026-04-20 02:15:00+00:00,1.17577,1.17597,1.17574,1.17597,230,8,0
2026-04-20 02:30:00+00:00,1.17597,1.17611,1.1757,1.17577,277,8,0
2026-04-20 02:45:00+00:00,1.17577,1.17583,1.17542,1.17566,270,8,0
2026-04-20 03:00:00+00:00,1.17566,1.17573,1.17542,1.1756,269,8,0
2026-04-20 03:15:00+00:00,1.1756,1.17593,1.17551,1.17588,203,8,0
2026-04-20 03:30:00+00:00,1.17588,1.17621,1.17583,1.17608,219,8,0
2026-04-20 03:45:00+00:00,1.17607,1.17611,1.1758899999999999,1.17598,208,8,0
2026-04-20 04:00:00+00:00,1.17597,1.17618,1.1758899999999999,1.17599,184,8,0
2026-04-20 04:15:00+00:00,1.17599,1.176,1.17567,1.1757900000000001,210,8,0
2026-04-20 04:30:00+00:00,1.1757900000000001,1.17584,1.17558,1.17577,227,8,0
2026-04-20 04:45:00+00:00,1.17578,1.17609,1.17574,1.17587,219,8,0
2026-04-20 05:00:00+00:00,1.17587,1.17603,1.17567,1.1757,249,8,0
2026-04-20 05:15:00+00:00,1.17569,1.17585,1.17535,1.17541,292,8,0
2026-04-20 05:30:00+00:00,1.17539,1.17545,1.17469,1.17472,488,8,0
2026-04-20 05:45:00+00:00,1.17471,1.17544,1.17471,1.1752799999999999,476,8,0
2026-04-20 06:00:00+00:00,1.17526,1.17541,1.17496,1.17505,685,8,0
2026-04-20 06:15:00+00:00,1.17505,1.17511,1.17472,1.175,491,8,0
2026-04-20 06:30:00+00:00,1.17502,1.1762,1.17502,1.1762,727,8,0
2026-04-20 06:45:00+00:00,1.1762,1.17654,1.17571,1.17645,925,8,0
2026-04-20 07:00:00+00:00,1.17648,1.17677,1.17618,1.17668,943,8,0
2026-04-20 07:15:00+00:00,1.17666,1.17716,1.17644,1.17661,745,8,0
2026-04-20 07:30:00+00:00,1.1766,1.17665,1.17602,1.17621,896,8,0
2026-04-20 07:45:00+00:00,1.17622,1.17622,1.17534,1.17588,564,8,0
2026-04-20 08:00:00+00:00,1.17586,1.17632,1.17565,1.17606,719,8,0
2026-04-20 08:15:00+00:00,1.17607,1.1762299999999999,1.17568,1.1761300000000001,653,8,0
2026-04-20 08:30:00+00:00,1.1761300000000001,1.17626,1.1758899999999999,1.17614,482,8,0
2026-04-20 08:45:00+00:00,1.1761300000000001,1.17646,1.17581,1.17607,604,8,0
2026-04-20 09:00:00+00:00,1.17605,1.17644,1.17602,1.17628,644,8,0
2026-04-20 09:15:00+00:00,1.17627,1.1763,1.1755,1.17554,534,8,0
2026-04-20 09:30:00+00:00,1.17553,1.17619,1.17553,1.17611,436,8,0
2026-04-20 09:45:00+00:00,1.17611,1.17656,1.17602,1.17652,442,8,0
2026-04-20 10:00:00+00:00,1.17652,1.17688,1.1764000000000001,1.17658,454,8,0
2026-04-20 10:15:00+00:00,1.17658,1.17673,1.17619,1.1764000000000001,403,8,0
2026-04-20 10:30:00+00:00,1.17637,1.1767400000000001,1.17631,1.17659,322,8,0
2026-04-20 10:45:00+00:00,1.17659,1.1771,1.17646,1.17702,452,8,0
2026-04-20 11:00:00+00:00,1.17704,1.17726,1.1768399999999999,1.17725,503,8,0
2026-04-20 11:15:00+00:00,1.17725,1.17744,1.17714,1.17721,331,8,0
2026-04-20 11:30:00+00:00,1.17722,1.17736,1.17691,1.1771099999999999,492,8,0
2026-04-20 11:45:00+00:00,1.17712,1.1775,1.1764999999999999,1.17666,642,8,0
2026-04-20 12:00:00+00:00,1.17666,1.17679,1.17555,1.17573,804,8,0
2026-04-20 12:15:00+00:00,1.17575,1.17611,1.17555,1.17576,529,8,0
2026-04-20 12:30:00+00:00,1.1757900000000001,1.17643,1.17575,1.17635,580,8,0
2026-04-20 12:45:00+00:00,1.17637,1.17671,1.17609,1.17646,548,8,0
2026-04-20 13:00:00+00:00,1.17646,1.1771099999999999,1.17609,1.1767400000000001,1443,8,0
2026-04-20 13:15:00+00:00,1.17673,1.17739,1.1764999999999999,1.17726,760,8,0
2026-04-20 13:30:00+00:00,1.17729,1.17807,1.17697,1.17807,915,8,0
2026-04-20 13:45:00+00:00,1.1780599999999999,1.17812,1.17738,1.17748,813,8,0
2026-04-20 14:00:00+00:00,1.17746,1.17747,1.17666,1.17708,771,8,0
2026-04-20 14:15:00+00:00,1.17708,1.17755,1.17702,1.17753,813,8,0
2026-04-20 14:30:00+00:00,1.17754,1.17766,1.17712,1.1776,852,8,0
2026-04-20 14:45:00+00:00,1.17759,1.17776,1.1762,1.17715,1838,8,0
2026-04-20 15:00:00+00:00,1.17715,1.17743,1.17681,1.17742,976,8,0
2026-04-20 15:15:00+00:00,1.17744,1.17865,1.17717,1.17851,1208,8,0
2026-04-20 15:30:00+00:00,1.1785,1.17892,1.17811,1.17852,1003,8,0
2026-04-20 15:45:00+00:00,1.17852,1.17859,1.17817,1.1783299999999999,600,8,0
2026-04-20 16:00:00+00:00,1.17837,1.17874,1.17836,1.17856,584,8,0
2026-04-20 16:15:00+00:00,1.17855,1.17877,1.17836,1.17863,442,8,0
2026-04-20 16:30:00+00:00,1.17862,1.1786699999999999,1.17816,1.17846,462,8,0
2026-04-20 16:45:00+00:00,1.17846,1.17863,1.17825,1.17851,399,8,0
2026-04-20 17:00:00+00:00,1.17852,1.179,1.17851,1.17868,451,8,0
2026-04-20 17:15:00+00:00,1.17868,1.17872,1.17821,1.17823,269,8,0
2026-04-20 17:30:00+00:00,1.17823,1.17859,1.17809,1.17834,520,8,0
2026-04-20 17:45:00+00:00,1.17834,1.1784,1.17816,1.17834,268,8,0
2026-04-20 18:00:00+00:00,1.17836,1.17889,1.17828,1.17887,522,8,0
2026-04-20 18:15:00+00:00,1.17885,1.17893,1.17832,1.17845,552,8,0
2026-04-20 18:30:00+00:00,1.17844,1.17854,1.1780599999999999,1.17819,450,8,0
2026-04-20 18:45:00+00:00,1.17819,1.17827,1.17783,1.17795,461,8,0
2026-04-20 19:00:00+00:00,1.17794,1.17874,1.17792,1.17871,345,8,0
2026-04-20 19:15:00+00:00,1.17871,1.17877,1.17842,1.1785700000000001,206,8,0
2026-04-20 19:30:00+00:00,1.1785700000000001,1.17883,1.17852,1.17868,288,8,0
2026-04-20 19:45:00+00:00,1.17868,1.17875,1.17849,1.1785700000000001,323,8,0
2026-04-20 20:00:00+00:00,1.17855,1.17884,1.17848,1.17868,235,8,0
2026-04-20 20:15:00+00:00,1.17868,1.1787,1.17845,1.17854,131,8,0
2026-04-20 20:30:00+00:00,1.17852,1.17864,1.17832,1.17853,191,8,0
2026-04-20 20:45:00+00:00,1.17853,1.17875,1.17847,1.17852,234,8,0
2026-04-20 21:00:00+00:00,1.17847,1.1786,1.17828,1.17831,56,20,0
2026-04-20 21:15:00+00:00,1.17831,1.17848,1.1783,1.17839,83,48,0
2026-04-20 21:30:00+00:00,1.17838,1.1786699999999999,1.17838,1.17866,137,20,0
2026-04-20 21:45:00+00:00,1.17865,1.17865,1.1783299999999999,1.1785,151,20,0
2026-04-20 22:00:00+00:00,1.17855,1.17887,1.17853,1.1786,220,8,0
2026-04-20 22:15:00+00:00,1.17861,1.17866,1.1785700000000001,1.17863,65,8,0
2026-04-20 22:30:00+00:00,1.17863,1.1787,1.17851,1.17859,168,8,0
2026-04-20 22:45:00+00:00,1.17859,1.17899,1.17859,1.17899,278,8,0
2026-04-20 23:00:00+00:00,1.17899,1.17907,1.17856,1.17858,148,8,0
2026-04-20 23:15:00+00:00,1.17858,1.17858,1.17844,1.17847,113,8,0
2026-04-20 23:30:00+00:00,1.17848,1.17853,1.17828,1.17852,156,8,0
2026-04-20 23:45:00+00:00,1.17852,1.17852,1.17831,1.17836,176,8,0
2026-04-21 00:00:00+00:00,1.17837,1.17846,1.17811,1.17837,406,8,0
2026-04-21 00:15:00+00:00,1.17838,1.17853,1.17816,1.17819,334,8,0
2026-04-21 00:30:00+00:00,1.17819,1.17842,1.17804,1.17837,279,8,0
2026-04-21 00:45:00+00:00,1.17837,1.17854,1.17811,1.17825,567,8,0
2026-04-21 01:00:00+00:00,1.17825,1.17835,1.17814,1.17817,327,8,0
2026-04-21 01:15:00+00:00,1.17817,1.1786,1.17816,1.17847,264,8,0
2026-04-21 01:30:00+00:00,1.17847,1.17854,1.17824,1.17832,239,8,0
2026-04-21 01:45:00+00:00,1.17832,1.17835,1.17792,1.17802,286,8,0
2026-04-21 02:00:00+00:00,1.17804,1.17819,1.17786,1.17817,230,8,0
2026-04-21 02:15:00+00:00,1.17817,1.17819,1.1777199999999999,1.17794,206,8,0
2026-04-21 02:30:00+00:00,1.17795,1.17795,1.17766,1.1778,231,8,0
2026-04-21 02:45:00+00:00,1.1778,1.17797,1.17774,1.1779,199,8,0
2026-04-21 03:00:00+00:00,1.17792,1.17793,1.17763,1.1777199999999999,228,8,0
2026-04-21 03:15:00+00:00,1.1777199999999999,1.17775,1.17743,1.17765,217,8,0
2026-04-21 03:30:00+00:00,1.17765,1.17766,1.1773,1.1773500000000001,200,8,0
2026-04-21 03:45:00+00:00,1.17736,1.17763,1.1773500000000001,1.17751,176,8,0
2026-04-21 04:00:00+00:00,1.17751,1.1776200000000001,1.17738,1.17741,139,8,0
2026-04-21 04:15:00+00:00,1.17741,1.17758,1.17737,1.17758,123,8,0
2026-04-21 04:30:00+00:00,1.17758,1.17764,1.1774499999999999,1.17753,141,8,0
2026-04-21 04:45:00+00:00,1.17752,1.17763,1.17747,1.17752,190,8,0
2026-04-21 05:00:00+00:00,1.17755,1.17795,1.17748,1.17789,333,8,0
2026-04-21 05:15:00+00:00,1.17789,1.17818,1.17786,1.17809,285,8,0
2026-04-21 05:30:00+00:00,1.17809,1.17818,1.17797,1.17797,276,8,0
2026-04-21 05:45:00+00:00,1.17797,1.17804,1.17777,1.17778,303,8,0
2026-04-21 06:00:00+00:00,1.17776,1.178,1.17718,1.17764,586,8,0
2026-04-21 06:15:00+00:00,1.17765,1.17765,1.17718,1.17744,393,8,0
2026-04-21 06:30:00+00:00,1.17742,1.1776200000000001,1.17716,1.17753,451,8,0
2026-04-21 06:45:00+00:00,1.17755,1.17764,1.17717,1.17744,414,8,0
2026-04-21 07:00:00+00:00,1.17742,1.17765,1.1771099999999999,1.17734,633,8,0
2026-04-21 07:15:00+00:00,1.17736,1.17765,1.17725,1.1774499999999999,457,8,0
2026-04-21 07:30:00+00:00,1.17744,1.1775,1.17706,1.17716,433,8,0
2026-04-21 07:45:00+00:00,1.17714,1.17738,1.17632,1.1764000000000001,616,8,0
2026-04-21 08:00:00+00:00,1.17639,1.1766,1.17567,1.1757,915,8,0
2026-04-21 08:15:00+00:00,1.1757,1.17651,1.1757,1.17629,556,8,0
2026-04-21 08:30:00+00:00,1.17629,1.17666,1.17614,1.17656,512,8,0
2026-04-21 08:45:00+00:00,1.17657,1.17657,1.1762,1.17648,366,8,0
2026-04-21 09:00:00+00:00,1.17646,1.17646,1.17577,1.17587,543,8,0
2026-04-21 09:15:00+00:00,1.17587,1.1762,1.17565,1.17577,434,8,0
2026-04-21 09:30:00+00:00,1.17577,1.17602,1.17567,1.17595,289,8,0
2026-04-21 09:45:00+00:00,1.17595,1.1762,1.17563,1.17593,417,8,0
2026-04-21 10:00:00+00:00,1.17592,1.17612,1.17576,1.17586,339,8,0
2026-04-21 10:15:00+00:00,1.17584,1.17594,1.17561,1.17575,352,8,0
2026-04-21 10:30:00+00:00,1.17575,1.17605,1.17571,1.17594,295,8,0
2026-04-21 10:45:00+00:00,1.17594,1.17611,1.17586,1.17607,340,8,0
2026-04-21 11:00:00+00:00,1.17607,1.17627,1.17557,1.17583,644,8,0
2026-04-21 11:15:00+00:00,1.17585,1.17661,1.17573,1.1766,479,8,0
2026-04-21 11:30:00+00:00,1.17661,1.17682,1.17636,1.17641,409,8,0
2026-04-21 11:45:00+00:00,1.17641,1.1767400000000001,1.17638,1.17668,387,8,0
2026-04-21 12:00:00+00:00,1.1767,1.1768,1.17646,1.17676,418,8,0
2026-04-21 12:15:00+00:00,1.17678,1.17678,1.17596,1.17603,562,8,0
2026-04-21 12:30:00+00:00,1.17601,1.17634,1.17535,1.17581,926,8,0
2026-04-21 12:45:00+00:00,1.17583,1.17608,1.17556,1.1759,714,8,0
2026-04-21 13:00:00+00:00,1.1758899999999999,1.17631,1.17574,1.17618,614,8,0
2026-04-21 13:15:00+00:00,1.17618,1.17668,1.17609,1.17666,651,8,0
2026-04-21 13:30:00+00:00,1.17666,1.1771099999999999,1.17652,1.17671,749,8,0
2026-04-21 13:45:00+00:00,1.17671,1.177,1.17648,1.17652,572,8,0
2026-04-21 14:00:00+00:00,1.17654,1.17688,1.17646,1.17678,598,8,0
2026-04-21 14:15:00+00:00,1.17677,1.17702,1.17636,1.17654,679,8,0
2026-04-21 14:30:00+00:00,1.17654,1.17756,1.17632,1.1771099999999999,996,8,0
2026-04-21 14:45:00+00:00,1.1771,1.1771,1.17516,1.1752,1311,8,0
2026-04-21 15:00:00+00:00,1.17521,1.17588,1.17481,1.17575,1058,8,0
2026-04-21 15:15:00+00:00,1.17573,1.17595,1.17465,1.17469,883,8,0
2026-04-21 15:30:00+00:00,1.1746699999999999,1.1749,1.17409,1.17474,841,8,0
2026-04-21 15:45:00+00:00,1.17473,1.17515,1.17464,1.17509,677,8,0
2026-04-21 16:00:00+00:00,1.17511,1.17553,1.1751,1.17521,798,8,0
2026-04-21 16:15:00+00:00,1.17521,1.17524,1.1745,1.17454,546,8,0
2026-04-21 16:30:00+00:00,1.17452,1.1748,1.17424,1.17434,528,8,0
2026-04-21 16:45:00+00:00,1.17433,1.17446,1.17401,1.1741,433,8,0
2026-04-21 17:00:00+00:00,1.17409,1.1742,1.1722299999999999,1.17251,1291,8,0
2026-04-21 17:15:00+00:00,1.17253,1.17319,1.17199,1.17316,817,8,0
2026-04-21 17:30:00+00:00,1.17318,1.17633,1.17316,1.17581,2054,8,0
2026-04-21 17:45:00+00:00,1.17582,1.1758899999999999,1.17393,1.17426,983,8,0
2026-04-21 18:00:00+00:00,1.17425,1.1747,1.17379,1.17381,829,8,0
2026-04-21 18:15:00+00:00,1.17381,1.17408,1.1729,1.17319,1167,8,0
2026-04-21 18:30:00+00:00,1.17321,1.1737,1.17314,1.17326,546,8,0
2026-04-21 18:45:00+00:00,1.17326,1.17433,1.1732,1.17401,1188,8,0
2026-04-21 19:00:00+00:00,1.17404,1.1752,1.17401,1.1746699999999999,1057,8,0
2026-04-21 19:15:00+00:00,1.17469,1.17508,1.1743000000000001,1.17496,1136,8,0
2026-04-21 19:30:00+00:00,1.17497,1.17498,1.17187,1.17238,1768,8,0
2026-04-21 19:45:00+00:00,1.17241,1.17311,1.17226,1.17254,1263,8,0
2026-04-21 20:00:00+00:00,1.17254,1.17531,1.1723,1.17446,3064,8,0
2026-04-21 20:15:00+00:00,1.17448,1.17521,1.17419,1.17481,862,8,0
2026-04-21 20:30:00+00:00,1.17479,1.17493,1.17438,1.17443,485,8,0
2026-04-21 20:45:00+00:00,1.17443,1.17443,1.17401,1.17431,399,8,0
2026-04-21 21:00:00+00:00,1.17425,1.17431,1.17414,1.17423,164,20,0
2026-04-21 21:15:00+00:00,1.17421,1.17423,1.17303,1.17304,279,48,0
2026-04-21 21:30:00+00:00,1.17303,1.17386,1.17303,1.17379,244,94,0
2026-04-21 21:45:00+00:00,1.17379,1.17394,1.17359,1.17394,191,20,0
2026-04-21 22:00:00+00:00,1.17397,1.17435,1.17391,1.17402,255,8,0
2026-04-21 22:15:00+00:00,1.17403,1.17409,1.17384,1.17389,178,8,0
2026-04-21 22:30:00+00:00,1.17389,1.17408,1.17386,1.17391,153,8,0
2026-04-21 22:45:00+00:00,1.17388,1.17392,1.17385,1.17386,110,8,0
2026-04-21 23:00:00+00:00,1.17385,1.17393,1.1737,1.17386,132,8,0
2026-04-21 23:15:00+00:00,1.17386,1.17411,1.17382,1.17405,158,8,0
2026-04-21 23:30:00+00:00,1.17405,1.17419,1.17398,1.17402,160,8,0
2026-04-21 23:45:00+00:00,1.17402,1.17439,1.17402,1.17438,217,8,0
2026-04-22 00:00:00+00:00,1.17436,1.1751,1.17434,1.17486,493,8,0
2026-04-22 00:15:00+00:00,1.17486,1.17509,1.17464,1.17466,382,8,0
2026-04-22 00:30:00+00:00,1.17466,1.1750099999999999,1.17465,1.17477,312,8,0
2026-04-22 00:45:00+00:00,1.17477,1.17482,1.1743000000000001,1.17437,436,8,0
2026-04-22 01:00:00+00:00,1.17439,1.1746699999999999,1.17383,1.17401,480,8,0
2026-04-22 01:15:00+00:00,1.174,1.17427,1.1739,1.17412,299,8,0
2026-04-22 01:30:00+00:00,1.17412,1.17465,1.17409,1.17428,373,8,0
2026-04-22 01:45:00+00:00,1.17428,1.17453,1.17424,1.17443,262,8,0
2026-04-22 02:00:00+00:00,1.17443,1.17481,1.17443,1.17473,309,8,0
2026-04-22 02:15:00+00:00,1.17473,1.17473,1.17445,1.1745700000000001,207,8,0
2026-04-22 02:30:00+00:00,1.17459,1.17465,1.17438,1.1743999999999999,227,8,0
2026-04-22 02:45:00+00:00,1.17439,1.17446,1.17394,1.17403,232,8,0
2026-04-22 03:00:00+00:00,1.17403,1.17422,1.17383,1.17403,266,8,0
2026-04-22 03:15:00+00:00,1.17403,1.17408,1.17394,1.1740599999999999,202,8,0
2026-04-22 03:30:00+00:00,1.1740599999999999,1.17421,1.17386,1.17398,208,8,0
2026-04-22 03:45:00+00:00,1.17398,1.17402,1.17372,1.17381,216,8,0
2026-04-22 04:00:00+00:00,1.17381,1.17405,1.17379,1.17395,197,8,0
2026-04-22 04:15:00+00:00,1.17395,1.17407,1.17386,1.17404,139,8,0
2026-04-22 04:30:00+00:00,1.17404,1.17415,1.17379,1.1741,166,8,0
2026-04-22 04:45:00+00:00,1.1741,1.17421,1.17384,1.17392,222,8,0
2026-04-22 05:00:00+00:00,1.17391,1.17431,1.17385,1.1742,243,8,0
2026-04-22 05:15:00+00:00,1.1742,1.17621,1.17411,1.17567,1408,8,0
2026-04-22 05:30:00+00:00,1.17568,1.17571,1.17511,1.17523,467,8,0
2026-04-22 05:45:00+00:00,1.17523,1.17537,1.17492,1.17503,327,8,0
2026-04-22 06:00:00+00:00,1.17506,1.1752,1.17444,1.17487,548,8,0
2026-04-22 06:15:00+00:00,1.17486,1.17535,1.17469,1.17531,404,8,0
2026-04-22 06:30:00+00:00,1.17531,1.17547,1.17481,1.17487,502,8,0
2026-04-22 06:45:00+00:00,1.17487,1.17519,1.17479,1.1749100000000001,412,8,0
2026-04-22 07:00:00+00:00,1.17488,1.17517,1.17486,1.17504,470,8,0
2026-04-22 07:15:00+00:00,1.17505,1.17505,1.17455,1.17485,534,8,0
2026-04-22 07:30:00+00:00,1.17485,1.17532,1.17471,1.17525,461,8,0
2026-04-22 07:45:00+00:00,1.17525,1.17559,1.17493,1.1755,499,8,0
2026-04-22 08:00:00+00:00,1.1755,1.1757900000000001,1.17514,1.17565,524,8,0
2026-04-22 08:15:00+00:00,1.17565,1.17587,1.1750099999999999,1.17531,537,8,0
2026-04-22 08:30:00+00:00,1.1753,1.17541,1.1747,1.1750099999999999,522,8,0
2026-04-22 08:45:00+00:00,1.1750099999999999,1.1754,1.1750099999999999,1.17534,451,8,0
2026-04-22 09:00:00+00:00,1.17535,1.17568,1.17513,1.17555,614,8,0
2026-04-22 09:15:00+00:00,1.17555,1.17555,1.1750099999999999,1.17515,414,8,0
2026-04-22 09:30:00+00:00,1.17515,1.17535,1.17509,1.17516,319,8,0
2026-04-22 09:45:00+00:00,1.17517,1.17522,1.1746,1.1747,406,8,0
2026-04-22 10:00:00+00:00,1.17471,1.17504,1.17435,1.17456,594,8,0
2026-04-22 10:15:00+00:00,1.17454,1.17504,1.17454,1.17494,351,8,0
2026-04-22 10:30:00+00:00,1.17492,1.17514,1.17484,1.17498,357,8,0
2026-04-22 10:45:00+00:00,1.17498,1.17529,1.1749,1.17515,336,8,0
2026-04-22 11:00:00+00:00,1.17513,1.17513,1.17454,1.17456,407,8,0
2026-04-22 11:15:00+00:00,1.17454,1.17479,1.1742,1.1743999999999999,493,8,0
2026-04-22 11:30:00+00:00,1.17441,1.17456,1.17377,1.17383,590,8,0
2026-04-22 11:45:00+00:00,1.17383,1.17405,1.17318,1.17343,609,8,0
2026-04-22 12:00:00+00:00,1.17342,1.17373,1.17298,1.17318,582,8,0
2026-04-22 12:15:00+00:00,1.17319,1.1736900000000001,1.17271,1.17277,595,8,0
2026-04-22 12:30:00+00:00,1.17275,1.17288,1.17244,1.17258,692,8,0
2026-04-22 12:45:00+00:00,1.1726,1.17301,1.17249,1.1727400000000001,588,8,0
2026-04-22 13:00:00+00:00,1.1727400000000001,1.17341,1.17235,1.17256,1027,8,0
2026-04-22 13:15:00+00:00,1.17255,1.1738,1.17245,1.17321,1307,8,0
2026-04-22 13:30:00+00:00,1.17323,1.17411,1.17278,1.17403,983,8,0
2026-04-22 13:45:00+00:00,1.17401,1.17429,1.17368,1.17404,670,8,0
2026-04-22 14:00:00+00:00,1.17403,1.17429,1.17332,1.17342,678,8,0
2026-04-22 14:15:00+00:00,1.17342,1.17399,1.1731,1.17336,682,8,0
2026-04-22 14:30:00+00:00,1.17333,1.1734499999999999,1.17259,1.1728399999999999,900,8,0
2026-04-22 14:45:00+00:00,1.17285,1.17315,1.1718,1.17183,825,8,0
2026-04-22 15:00:00+00:00,1.17182,1.17216,1.1715,1.17195,867,8,0
2026-04-22 15:15:00+00:00,1.17197,1.17227,1.17163,1.17214,624,8,0
2026-04-22 15:30:00+00:00,1.17216,1.17237,1.17131,1.17136,713,8,0
2026-04-22 15:45:00+00:00,1.17133,1.17166,1.17122,1.17131,594,8,0
2026-04-22 16:00:00+00:00,1.17133,1.1715200000000001,1.17114,1.17141,522,8,0
2026-04-22 16:15:00+00:00,1.17141,1.17142,1.17097,1.17124,451,8,0
2026-04-22 16:30:00+00:00,1.17124,1.17154,1.17098,1.17132,499,8,0
2026-04-22 16:45:00+00:00,1.1713,1.1715200000000001,1.17116,1.1712500000000001,435,8,0
2026-04-22 17:00:00+00:00,1.17123,1.17167,1.17109,1.17129,663,8,0
2026-04-22 17:15:00+00:00,1.1713,1.17165,1.17126,1.17148,309,8,0
2026-04-22 17:30:00+00:00,1.17148,1.17166,1.17126,1.17145,313,8,0
2026-04-22 17:45:00+00:00,1.17145,1.17148,1.17095,1.1710099999999999,417,8,0
2026-04-22 18:00:00+00:00,1.17099,1.1712500000000001,1.17084,1.17112,346,8,0
2026-04-22 18:15:00+00:00,1.17111,1.17111,1.17071,1.17089,333,8,0
2026-04-22 18:30:00+00:00,1.17088,1.17117,1.17077,1.17115,307,8,0
2026-04-22 18:45:00+00:00,1.17113,1.17119,1.17075,1.17089,247,8,0
2026-04-22 19:00:00+00:00,1.17087,1.17096,1.17054,1.17092,362,8,0
2026-04-22 19:15:00+00:00,1.17092,1.17109,1.17081,1.1710099999999999,252,8,0
2026-04-22 19:30:00+00:00,1.1710099999999999,1.1710099999999999,1.17064,1.17074,236,8,0
2026-04-22 19:45:00+00:00,1.17074,1.17077,1.17046,1.17055,347,8,0
2026-04-22 20:00:00+00:00,1.17054,1.17054,1.17026,1.17052,311,8,0
2026-04-22 20:15:00+00:00,1.17051,1.17064,1.17046,1.17062,165,8,0
2026-04-22 20:30:00+00:00,1.17062,1.17071,1.17028,1.17059,289,8,0
2026-04-22 20:45:00+00:00,1.17059,1.17078,1.17041,1.17041,271,8,0
2026-04-22 21:00:00+00:00,1.1703999999999999,1.17054,1.1703000000000001,1.17044,71,20,0
2026-04-22 21:15:00+00:00,1.17045,1.17056,1.17031,1.17036,125,20,0
2026-04-22 21:30:00+00:00,1.17036,1.17047,1.17021,1.17041,121,20,0
2026-04-22 21:45:00+00:00,1.17041,1.17075,1.17039,1.17075,155,20,0
2026-04-22 22:00:00+00:00,1.17081,1.17088,1.17059,1.1706,127,8,0
2026-04-22 22:15:00+00:00,1.1706,1.1707,1.17058,1.17063,91,8,0
2026-04-22 22:30:00+00:00,1.17063,1.1707,1.1705,1.1705,95,8,0
2026-04-22 22:45:00+00:00,1.1705,1.1707,1.1705,1.17061,100,8,0
2026-04-22 23:00:00+00:00,1.17061,1.17063,1.17042,1.17054,141,8,0
2026-04-22 23:15:00+00:00,1.17054,1.17064,1.17049,1.17063,48,8,0
2026-04-22 23:30:00+00:00,1.17063,1.1707,1.17056,1.17065,48,8,0
2026-04-22 23:45:00+00:00,1.17065,1.1707,1.1705,1.17053,137,8,0
2026-04-23 00:00:00+00:00,1.17055,1.17075,1.16974,1.16975,705,8,0
2026-04-23 00:15:00+00:00,1.16975,1.17126,1.1692,1.1710099999999999,2122,8,0
2026-04-23 00:30:00+00:00,1.1710099999999999,1.17132,1.17096,1.17109,635,8,0
2026-04-23 00:45:00+00:00,1.17108,1.17127,1.17093,1.17114,571,8,0
2026-04-23 01:00:00+00:00,1.17114,1.17126,1.17086,1.17092,455,8,0
2026-04-23 01:15:00+00:00,1.17092,1.17118,1.17074,1.17082,362,8,0
2026-04-23 01:30:00+00:00,1.17084,1.17121,1.17077,1.17113,427,8,0
2026-04-23 01:45:00+00:00,1.17113,1.1712,1.17078,1.1709,402,8,0
2026-04-23 02:00:00+00:00,1.1709,1.1710099999999999,1.17041,1.17041,399,8,0
2026-04-23 02:15:00+00:00,1.17041,1.17068,1.17028,1.17039,468,8,0
2026-04-23 02:30:00+00:00,1.17039,1.17061,1.1703000000000001,1.17042,387,8,0
2026-04-23 02:45:00+00:00,1.17042,1.17051,1.16957,1.16971,399,8,0
2026-04-23 03:00:00+00:00,1.16971,1.17015,1.16948,1.16967,557,8,0
2026-04-23 03:15:00+00:00,1.16967,1.1698,1.16958,1.16968,370,8,0
2026-04-23 03:30:00+00:00,1.16968,1.16989,1.16961,1.16967,335,8,0
2026-04-23 03:45:00+00:00,1.16967,1.1697899999999999,1.1694499999999999,1.16953,309,8,0
2026-04-23 04:00:00+00:00,1.16954,1.16974,1.1694499999999999,1.16971,296,8,0
2026-04-23 04:15:00+00:00,1.16971,1.16993,1.16971,1.1697899999999999,268,8,0
2026-04-23 04:30:00+00:00,1.1697899999999999,1.16993,1.16977,1.16991,222,8,0
2026-04-23 04:45:00+00:00,1.16991,1.17002,1.16985,1.16998,248,8,0
2026-04-23 05:00:00+00:00,1.16998,1.17021,1.16992,1.17012,261,8,0
2026-04-23 05:15:00+00:00,1.17013,1.17028,1.17011,1.17018,202,8,0
2026-04-23 05:30:00+00:00,1.17018,1.17033,1.1700599999999999,1.17017,297,8,0
2026-04-23 05:45:00+00:00,1.17017,1.17066,1.17017,1.17066,293,8,0
2026-04-23 06:00:00+00:00,1.17064,1.17076,1.17033,1.17039,410,8,0
2026-04-23 06:15:00+00:00,1.17039,1.17058,1.17016,1.17041,356,8,0
2026-04-23 06:30:00+00:00,1.17041,1.17075,1.17036,1.17072,364,8,0
2026-04-23 06:45:00+00:00,1.17072,1.17086,1.17025,1.17031,476,8,0
2026-04-23 07:00:00+00:00,1.17031,1.17115,1.17,1.17032,809,8,0
2026-04-23 07:15:00+00:00,1.17028,1.1706699999999999,1.16999,1.17023,489,8,0
2026-04-23 07:30:00+00:00,1.17024,1.17024,1.16952,1.16973,658,8,0
2026-04-23 07:45:00+00:00,1.16973,1.17035,1.16973,1.17018,576,8,0
2026-04-23 08:00:00+00:00,1.17019,1.17041,1.17001,1.17013,531,8,0
2026-04-23 08:15:00+00:00,1.17013,1.17049,1.17001,1.17022,428,8,0
2026-04-23 08:30:00+00:00,1.17024,1.1703999999999999,1.16962,1.16972,577,8,0
2026-04-23 08:45:00+00:00,1.16972,1.1702,1.16968,1.17012,445,8,0
2026-04-23 09:00:00+00:00,1.1701,1.17019,1.16943,1.16947,525,8,0
2026-04-23 09:15:00+00:00,1.16949,1.17008,1.16932,1.16947,599,8,0
2026-04-23 09:30:00+00:00,1.16947,1.16964,1.169,1.16958,447,8,0
2026-04-23 09:45:00+00:00,1.16958,1.16966,1.16916,1.16933,468,8,0
2026-04-23 10:00:00+00:00,1.16931,1.16956,1.16846,1.16862,526,8,0
2026-04-23 10:15:00+00:00,1.16863,1.16869,1.16819,1.16832,442,8,0
2026-04-23 10:30:00+00:00,1.16832,1.16864,1.16814,1.1682299999999999,475,8,0
2026-04-23 10:45:00+00:00,1.16824,1.16833,1.16795,1.1682,475,8,0
2026-04-23 11:00:00+00:00,1.16821,1.16826,1.1679,1.16816,424,8,0
2026-04-23 11:15:00+00:00,1.16816,1.16831,1.1679,1.16814,432,8,0
2026-04-23 11:30:00+00:00,1.16814,1.16838,1.16788,1.16834,570,8,0
2026-04-23 11:45:00+00:00,1.16833,1.16974,1.16832,1.16905,1000,8,0
2026-04-23 12:00:00+00:00,1.16903,1.16978,1.16866,1.16955,1188,8,0
2026-04-23 12:15:00+00:00,1.16954,1.16954,1.16858,1.16888,654,8,0
2026-04-23 12:30:00+00:00,1.16885,1.16972,1.16873,1.16953,715,8,0
2026-04-23 12:45:00+00:00,1.16954,1.16978,1.16859,1.1691799999999999,1692,8,0
2026-04-23 13:00:00+00:00,1.16919,1.16931,1.1683,1.1684700000000001,774,8,0
2026-04-23 13:15:00+00:00,1.16845,1.16905,1.16835,1.1688,782,8,0
2026-04-23 13:30:00+00:00,1.16879,1.16947,1.16877,1.16925,762,8,0
2026-04-23 13:45:00+00:00,1.16921,1.16965,1.16856,1.16906,992,8,0
2026-04-23 14:00:00+00:00,1.16906,1.16976,1.16867,1.16974,918,8,0
2026-04-23 14:15:00+00:00,1.16972,1.17069,1.16964,1.17052,712,8,0
2026-04-23 14:30:00+00:00,1.17054,1.17074,1.17025,1.1707,651,8,0
2026-04-23 14:45:00+00:00,1.1707,1.17161,1.1707,1.17103,924,8,0
2026-04-23 15:00:00+00:00,1.17102,1.17126,1.17054,1.1706699999999999,754,8,0
2026-04-23 15:15:00+00:00,1.17069,1.17151,1.17057,1.1710099999999999,682,8,0
2026-04-23 15:30:00+00:00,1.17103,1.1711,1.17025,1.17025,658,8,0
2026-04-23 15:45:00+00:00,1.17027,1.17078,1.17004,1.17033,818,8,0
2026-04-23 16:00:00+00:00,1.17031,1.17036,1.16982,1.16983,553,8,0
2026-04-23 16:15:00+00:00,1.16982,1.17037,1.16981,1.17031,486,8,0
2026-04-23 16:30:00+00:00,1.17031,1.17048,1.17001,1.17037,450,8,0
2026-04-23 16:45:00+00:00,1.17039,1.17053,1.17,1.17018,439,8,0
2026-04-23 17:00:00+00:00,1.17018,1.17024,1.16816,1.16841,1577,8,0
2026-04-23 17:15:00+00:00,1.16841,1.16878,1.16779,1.16825,1283,8,0
2026-04-23 17:30:00+00:00,1.16827,1.16871,1.16703,1.16715,1658,8,0
2026-04-23 17:45:00+00:00,1.16716,1.1693,1.16687,1.16924,2938,8,0
2026-04-23 18:00:00+00:00,1.16926,1.16998,1.16905,1.16952,1678,8,0
2026-04-23 18:15:00+00:00,1.16952,1.16981,1.16923,1.16951,924,8,0
2026-04-23 18:30:00+00:00,1.16952,1.16981,1.16911,1.16939,658,8,0
2026-04-23 18:45:00+00:00,1.16939,1.16946,1.16877,1.1689,628,8,0
2026-04-23 19:00:00+00:00,1.16888,1.169,1.16842,1.16858,668,8,0
2026-04-23 19:15:00+00:00,1.1686,1.16876,1.16839,1.16848,396,8,0
2026-04-23 19:30:00+00:00,1.16848,1.16858,1.16801,1.16822,568,8,0
2026-04-23 19:45:00+00:00,1.1682,1.16875,1.168,1.16862,631,8,0
2026-04-23 20:00:00+00:00,1.16862,1.16864,1.16814,1.1682,427,8,0
2026-04-23 20:15:00+00:00,1.16819,1.1684700000000001,1.16803,1.16832,238,8,0
2026-04-23 20:30:00+00:00,1.16831,1.16853,1.16831,1.16844,164,8,0
2026-04-23 20:45:00+00:00,1.16844,1.16849,1.16804,1.16805,173,8,0
2026-04-23 21:00:00+00:00,1.16819,1.1682299999999999,1.16809,1.16818,149,20,0
2026-04-23 21:15:00+00:00,1.16817,1.16819,1.1674,1.16792,358,48,0
2026-04-23 21:30:00+00:00,1.16795,1.1684,1.16789,1.16808,320,48,0
2026-04-23 21:45:00+00:00,1.16808,1.16852,1.16807,1.16852,112,8,0
2026-04-23 22:00:00+00:00,1.16853,1.16865,1.1685,1.16856,186,8,0
2026-04-23 22:15:00+00:00,1.16856,1.16858,1.16849,1.1685699999999999,90,8,0
2026-04-23 22:30:00+00:00,1.1685699999999999,1.16862,1.16848,1.1685699999999999,113,8,0
2026-04-23 22:45:00+00:00,1.1685699999999999,1.16864,1.16851,1.1685699999999999,73,8,0
2026-04-23 23:00:00+00:00,1.1685699999999999,1.16858,1.1683,1.16831,83,8,0
2026-04-23 23:15:00+00:00,1.16831,1.16838,1.16815,1.16838,124,8,0
2026-04-23 23:30:00+00:00,1.16841,1.16842,1.1683,1.16835,101,8,0
2026-04-23 23:45:00+00:00,1.16835,1.1684,1.16826,1.16833,152,8,0
2026-04-24 00:00:00+00:00,1.16835,1.16865,1.16815,1.16863,441,8,0
2026-04-24 00:15:00+00:00,1.16864,1.16875,1.1684700000000001,1.16868,274,8,0
2026-04-24 00:30:00+00:00,1.16868,1.1688,1.16833,1.16843,334,8,0
2026-04-24 00:45:00+00:00,1.16842,1.16859,1.16827,1.1685,431,8,0
2026-04-24 01:00:00+00:00,1.16851,1.16866,1.16831,1.1685699999999999,405,8,0
2026-04-24 01:15:00+00:00,1.1685699999999999,1.16869,1.16843,1.16843,283,8,0
2026-04-24 01:30:00+00:00,1.16841,1.16873,1.16816,1.16842,471,8,0
2026-04-24 01:45:00+00:00,1.1684,1.16883,1.16839,1.16882,278,8,0
2026-04-24 02:00:00+00:00,1.16881,1.16891,1.16832,1.16835,314,8,0
2026-04-24 02:15:00+00:00,1.16835,1.16844,1.168,1.168,271,8,0
2026-04-24 02:30:00+00:00,1.168,1.16827,1.16799,1.16801,286,8,0
2026-04-24 02:45:00+00:00,1.16801,1.16801,1.16777,1.16788,227,8,0
2026-04-24 03:00:00+00:00,1.16788,1.16798,1.16758,1.16768,261,8,0
2026-04-24 03:15:00+00:00,1.16768,1.16774,1.1675,1.16753,259,8,0
2026-04-24 03:30:00+00:00,1.16753,1.16772,1.1672500000000001,1.16761,247,8,0
2026-04-24 03:45:00+00:00,1.16761,1.16781,1.16761,1.16776,235,8,0
2026-04-24 04:00:00+00:00,1.16776,1.16798,1.1676,1.1679,291,8,0
2026-04-24 04:15:00+00:00,1.1679,1.16792,1.1677,1.16774,176,8,0
2026-04-24 04:30:00+00:00,1.16775,1.16795,1.16773,1.1678,267,8,0
2026-04-24 04:45:00+00:00,1.1678,1.16811,1.1678,1.1678600000000001,234,8,0
2026-04-24 05:00:00+00:00,1.1678600000000001,1.16801,1.16761,1.16781,316,8,0
2026-04-24 05:15:00+00:00,1.1678,1.16804,1.16778,1.1679,237,8,0
2026-04-24 05:30:00+00:00,1.16792,1.16828,1.1679,1.16817,279,8,0
2026-04-24 05:45:00+00:00,1.16816,1.16828,1.16803,1.16819,188,8,0
2026-04-24 06:00:00+00:00,1.16819,1.1682,1.16793,1.16812,395,8,0
2026-04-24 06:15:00+00:00,1.16811,1.16817,1.16776,1.16799,403,8,0
2026-04-24 06:30:00+00:00,1.16801,1.16833,1.16783,1.16821,429,8,0
2026-04-24 06:45:00+00:00,1.16819,1.16821,1.1677,1.16782,420,8,0
2026-04-24 07:00:00+00:00,1.1678,1.1681300000000001,1.16757,1.16807,474,8,0
2026-04-24 07:15:00+00:00,1.16809,1.16829,1.168,1.16806,380,8,0
2026-04-24 07:30:00+00:00,1.16805,1.16849,1.16783,1.16849,386,8,0
2026-04-24 07:45:00+00:00,1.16846,1.1693500000000001,1.16841,1.16906,502,8,0
2026-04-24 08:00:00+00:00,1.16903,1.16907,1.16837,1.16866,555,8,0
2026-04-24 08:15:00+00:00,1.16866,1.16955,1.16866,1.16912,817,8,0
2026-04-24 08:30:00+00:00,1.16913,1.16914,1.16863,1.16868,429,8,0
2026-04-24 08:45:00+00:00,1.16868,1.16934,1.16866,1.16894,509,8,0
2026-04-24 09:00:00+00:00,1.16896,1.16906,1.1686,1.16878,437,8,0
2026-04-24 09:15:00+00:00,1.16876,1.16893,1.16842,1.16846,498,8,0
2026-04-24 09:30:00+00:00,1.16846,1.1689,1.16837,1.16872,395,8,0
2026-04-24 09:45:00+00:00,1.16872,1.16876,1.16851,1.1686,307,8,0
2026-04-24 10:00:00+00:00,1.1686,1.16899,1.16851,1.16879,347,8,0
2026-04-24 10:15:00+00:00,1.16879,1.16958,1.16877,1.16956,397,8,0
2026-04-24 10:30:00+00:00,1.16956,1.17007,1.16936,1.16997,350,8,0
2026-04-24 10:45:00+00:00,1.16997,1.17032,1.16975,1.17027,401,8,0
2026-04-24 11:00:00+00:00,1.1703000000000001,1.1712,1.17021,1.17071,1399,8,0
2026-04-24 11:15:00+00:00,1.1707,1.17179,1.17033,1.17178,1522,8,0
2026-04-24 11:30:00+00:00,1.17176,1.17182,1.17112,1.17161,879,8,0
2026-04-24 11:45:00+00:00,1.17161,1.17181,1.1712500000000001,1.17139,591,8,0
2026-04-24 12:00:00+00:00,1.17141,1.17172,1.17109,1.1715,718,8,0
2026-04-24 12:15:00+00:00,1.1715200000000001,1.17158,1.17094,1.17132,736,8,0
2026-04-24 12:30:00+00:00,1.17132,1.17132,1.17064,1.17071,558,8,0
2026-04-24 12:45:00+00:00,1.17072,1.1711,1.17024,1.17086,846,8,0
2026-04-24 13:00:00+00:00,1.17085,1.17124,1.17057,1.17077,745,8,0
2026-04-24 13:15:00+00:00,1.17076,1.1709100000000001,1.17015,1.17021,698,8,0
2026-04-24 13:30:00+00:00,1.17022,1.17038,1.16982,1.17034,881,8,0
2026-04-24 13:45:00+00:00,1.17035,1.17074,1.17024,1.17065,776,8,0
2026-04-24 14:00:00+00:00,1.17063,1.17147,1.16997,1.17106,1597,8,0
2026-04-24 14:15:00+00:00,1.17104,1.17158,1.1707,1.17112,970,8,0
2026-04-24 14:30:00+00:00,1.17113,1.17166,1.17108,1.17113,827,8,0
2026-04-24 14:45:00+00:00,1.17113,1.1712,1.17029,1.17061,785,8,0
2026-04-24 15:00:00+00:00,1.1706,1.17077,1.17037,1.1705,707,8,0
2026-04-24 15:15:00+00:00,1.17049,1.17082,1.17026,1.17069,612,8,0
2026-04-24 15:30:00+00:00,1.1707,1.17116,1.17001,1.17096,1215,8,0
2026-04-24 15:45:00+00:00,1.17094,1.17199,1.17092,1.17171,1421,8,0
2026-04-24 16:00:00+00:00,1.17173,1.1719,1.1713,1.17153,688,8,0
2026-04-24 16:15:00+00:00,1.17154,1.17166,1.17127,1.17129,558,8,0
2026-04-24 16:30:00+00:00,1.17132,1.1718,1.17132,1.17145,536,8,0
2026-04-24 16:45:00+00:00,1.17147,1.17194,1.17147,1.1718600000000001,475,8,0
2026-04-24 17:00:00+00:00,1.1718600000000001,1.1721,1.17175,1.17188,543,8,0
2026-04-24 17:15:00+00:00,1.17187,1.17191,1.17147,1.17157,416,8,0
2026-04-24 17:30:00+00:00,1.17156,1.17161,1.17118,1.17139,557,8,0
2026-04-24 17:45:00+00:00,1.17139,1.17185,1.17123,1.17133,496,8,0
2026-04-24 18:00:00+00:00,1.17132,1.17142,1.17108,1.17136,380,8,0
2026-04-24 18:15:00+00:00,1.17136,1.17155,1.17118,1.17145,393,8,0
2026-04-24 18:30:00+00:00,1.17144,1.17183,1.17132,1.17175,330,8,0
2026-04-24 18:45:00+00:00,1.17176,1.17193,1.17156,1.17172,328,8,0
2026-04-24 19:00:00+00:00,1.17174,1.172,1.17166,1.17194,323,8,0
2026-04-24 19:15:00+00:00,1.17194,1.17205,1.17165,1.17176,305,8,0
2026-04-24 19:30:00+00:00,1.17176,1.17191,1.17168,1.1717,360,8,0
2026-04-24 19:45:00+00:00,1.17168,1.17187,1.1715,1.17181,394,8,0
2026-04-24 20:00:00+00:00,1.17179,1.17204,1.17163,1.17196,413,8,0
2026-04-24 20:15:00+00:00,1.17196,1.17201,1.17171,1.17194,173,8,0
2026-04-24 20:30:00+00:00,1.17192,1.17208,1.1717,1.17206,192,8,0
2026-04-24 20:45:00+00:00,1.17206,1.17225,1.17153,1.17178,335,8,0
2026-04-26 21:00:00+00:00,1.16965,1.16972,1.16958,1.16965,25,79,0
2026-04-26 21:15:00+00:00,1.16966,1.16996,1.16964,1.16995,77,66,0
2026-04-26 21:30:00+00:00,1.16995,1.1705,1.16989,1.17045,177,59,0
2026-04-26 21:45:00+00:00,1.17044,1.17065,1.17042,1.1706,94,57,0
2026-04-26 22:00:00+00:00,1.17063,1.17095,1.17028,1.17064,321,20,0
2026-04-26 22:15:00+00:00,1.17064,1.17076,1.17044,1.17066,168,20,0
2026-04-26 22:30:00+00:00,1.17065,1.17079,1.17053,1.17066,129,20,0
2026-04-26 22:45:00+00:00,1.17066,1.17081,1.17057,1.17077,143,8,0
2026-04-26 23:00:00+00:00,1.17077,1.17089,1.17073,1.17082,145,8,0
2026-04-26 23:15:00+00:00,1.17082,1.17093,1.1706,1.17061,107,8,0
2026-04-26 23:30:00+00:00,1.17061,1.17063,1.17052,1.17059,136,8,0
2026-04-26 23:45:00+00:00,1.17059,1.17073,1.17049,1.17052,173,8,0
2026-04-27 00:00:00+00:00,1.17054,1.17099,1.17054,1.17098,416,8,0
2026-04-27 00:15:00+00:00,1.17098,1.17118,1.17078,1.17111,261,8,0
2026-04-27 00:30:00+00:00,1.17111,1.17134,1.17105,1.17134,219,8,0
2026-04-27 00:45:00+00:00,1.17133,1.17168,1.17121,1.17156,337,8,0
2026-04-27 01:00:00+00:00,1.17158,1.17262,1.17158,1.17196,928,8,0
2026-04-27 01:15:00+00:00,1.17196,1.17264,1.17195,1.1722,503,8,0
2026-04-27 01:30:00+00:00,1.17221,1.17241,1.17204,1.17241,324,8,0
2026-04-27 01:45:00+00:00,1.17241,1.17262,1.17227,1.1724,381,8,0
2026-04-27 02:00:00+00:00,1.1724,1.17252,1.17193,1.17226,295,8,0
2026-04-27 02:15:00+00:00,1.17225,1.17253,1.17218,1.17235,246,8,0
2026-04-27 02:30:00+00:00,1.17235,1.17278,1.17235,1.17263,273,8,0
2026-04-27 02:45:00+00:00,1.17263,1.1728,1.17255,1.17261,235,8,0
2026-04-27 03:00:00+00:00,1.1726,1.17293,1.1726,1.1728,271,8,0
2026-04-27 03:15:00+00:00,1.1728,1.17289,1.1727,1.1728,191,8,0
2026-04-27 03:30:00+00:00,1.1728,1.17315,1.17275,1.17309,234,8,0
2026-04-27 03:45:00+00:00,1.17307,1.17322,1.1729,1.17292,196,8,0
2026-04-27 04:00:00+00:00,1.17289,1.17294,1.17275,1.17288,188,8,0
2026-04-27 04:15:00+00:00,1.17288,1.17304,1.17281,1.17302,222,8,0
2026-04-27 04:30:00+00:00,1.17302,1.1731,1.17291,1.17295,159,8,0
2026-04-27 04:45:00+00:00,1.17295,1.17295,1.17246,1.17266,265,8,0
2026-04-27 05:00:00+00:00,1.17265,1.17275,1.17239,1.1724,234,8,0
2026-04-27 05:15:00+00:00,1.1724,1.17262,1.17235,1.17257,203,8,0
2026-04-27 05:30:00+00:00,1.17257,1.17257,1.17234,1.17252,243,8,0
2026-04-27 05:45:00+00:00,1.17251,1.17267,1.17217,1.17222,272,8,0
2026-04-27 06:00:00+00:00,1.1722,1.17228,1.17181,1.17191,425,8,0
2026-04-27 06:15:00+00:00,1.17191,1.17209,1.17164,1.17185,430,8,0
2026-04-27 06:30:00+00:00,1.17185,1.17219,1.1717,1.17196,449,8,0
2026-04-27 06:45:00+00:00,1.17196,1.17293,1.1719,1.17293,432,8,0
2026-04-27 07:00:00+00:00,1.17292,1.17359,1.17287,1.17334,546,8,0
2026-04-27 07:15:00+00:00,1.1733500000000001,1.17341,1.17295,1.17306,432,8,0
2026-04-27 07:30:00+00:00,1.17306,1.17339,1.17292,1.17325,405,8,0
2026-04-27 07:45:00+00:00,1.17324,1.17449,1.17319,1.17435,564,8,0
2026-04-27 08:00:00+00:00,1.17433,1.17474,1.17399,1.17431,685,8,0
2026-04-27 08:15:00+00:00,1.17431,1.17456,1.17388,1.17436,548,8,0
2026-04-27 08:30:00+00:00,1.17437,1.17455,1.17392,1.17449,433,8,0
2026-04-27 08:45:00+00:00,1.17449,1.17505,1.17449,1.1748,413,8,0
2026-04-27 09:00:00+00:00,1.1748,1.17507,1.17474,1.1749,369,8,0
2026-04-27 09:15:00+00:00,1.1749,1.17493,1.17441,1.17443,340,8,0
2026-04-27 09:30:00+00:00,1.17442,1.17458,1.17432,1.17441,286,8,0
2026-04-27 09:45:00+00:00,1.17441,1.1745700000000001,1.17407,1.17418,338,8,0
2026-04-27 10:00:00+00:00,1.17417,1.1743999999999999,1.17399,1.17402,278,8,0
2026-04-27 10:15:00+00:00,1.17401,1.17423,1.17386,1.17422,256,8,0
2026-04-27 10:30:00+00:00,1.17422,1.17441,1.17409,1.1743000000000001,298,8,0
2026-04-27 10:45:00+00:00,1.17431,1.17473,1.17418,1.17455,366,8,0
2026-04-27 11:00:00+00:00,1.17455,1.17468,1.17402,1.17405,408,8,0
2026-04-27 11:15:00+00:00,1.17405,1.17447,1.17393,1.17435,388,8,0
2026-04-27 11:30:00+00:00,1.17435,1.17439,1.17381,1.17401,340,8,0
2026-04-27 11:45:00+00:00,1.17401,1.17416,1.17375,1.17411,349,8,0
2026-04-27 12:00:00+00:00,1.17412,1.17515,1.17403,1.17509,526,8,0
2026-04-27 12:15:00+00:00,1.17511,1.17545,1.17464,1.1749100000000001,556,8,0
2026-04-27 12:30:00+00:00,1.1749100000000001,1.17495,1.17453,1.17477,492,8,0
2026-04-27 12:45:00+00:00,1.17477,1.175,1.17434,1.17438,563,8,0
2026-04-27 13:00:00+00:00,1.17441,1.17527,1.17426,1.17492,897,8,0
2026-04-27 13:15:00+00:00,1.17492,1.17535,1.17486,1.17486,471,8,0
2026-04-27 13:30:00+00:00,1.17485,1.17493,1.17425,1.1743000000000001,649,8,0
2026-04-27 13:45:00+00:00,1.17432,1.17437,1.17354,1.17395,711,8,0
2026-04-27 14:00:00+00:00,1.17394,1.17416,1.17357,1.17377,682,8,0
2026-04-27 14:15:00+00:00,1.17377,1.17415,1.17372,1.17381,527,8,0
2026-04-27 14:30:00+00:00,1.17382,1.17451,1.17371,1.17434,769,8,0
2026-04-27 14:45:00+00:00,1.17436,1.17477,1.17328,1.1736,729,8,0
2026-04-27 15:00:00+00:00,1.17358,1.17367,1.17313,1.1733,558,8,0
2026-04-27 15:15:00+00:00,1.17329,1.17365,1.17297,1.17334,579,8,0
2026-04-27 15:30:00+00:00,1.1733500000000001,1.17353,1.17311,1.17341,492,8,0
2026-04-27 15:45:00+00:00,1.17339,1.17344,1.1729,1.17305,479,8,0
2026-04-27 16:00:00+00:00,1.17303,1.17336,1.17288,1.173,342,8,0
2026-04-27 16:15:00+00:00,1.173,1.17323,1.17279,1.17287,384,8,0
2026-04-27 16:30:00+00:00,1.17287,1.17302,1.1728399999999999,1.1729,267,8,0
2026-04-27 16:45:00+00:00,1.1729,1.17322,1.1724700000000001,1.17256,453,8,0
2026-04-27 17:00:00+00:00,1.17258,1.17269,1.17217,1.1724700000000001,411,8,0
2026-04-27 17:15:00+00:00,1.1724700000000001,1.1724999999999999,1.17199,1.17224,515,8,0
2026-04-27 17:30:00+00:00,1.17226,1.17295,1.17226,1.17255,420,8,0
2026-04-27 17:45:00+00:00,1.17255,1.17255,1.1722299999999999,1.1723,240,8,0
2026-04-27 18:00:00+00:00,1.1723,1.17234,1.17205,1.17232,289,8,0
2026-04-27 18:15:00+00:00,1.17231,1.17246,1.17219,1.17222,198,8,0
2026-04-27 18:30:00+00:00,1.1722299999999999,1.17233,1.1721300000000001,1.17219,200,8,0
2026-04-27 18:45:00+00:00,1.17219,1.17231,1.17185,1.17199,283,8,0
2026-04-27 19:00:00+00:00,1.17198,1.17224,1.17188,1.1722299999999999,228,8,0
2026-04-27 19:15:00+00:00,1.1722299999999999,1.1724999999999999,1.17212,1.17243,251,8,0
2026-04-27 19:30:00+00:00,1.17243,1.17246,1.17221,1.17241,247,8,0
2026-04-27 19:45:00+00:00,1.17239,1.17258,1.17197,1.17202,360,8,0
2026-04-27 20:00:00+00:00,1.17204,1.17229,1.17204,1.1721300000000001,174,8,0
2026-04-27 20:15:00+00:00,1.1721300000000001,1.1722299999999999,1.17203,1.17208,111,8,0
2026-04-27 20:30:00+00:00,1.17209,1.17231,1.17205,1.1723,150,8,0
2026-04-27 20:45:00+00:00,1.1723,1.1723,1.17175,1.17193,167,8,0
2026-04-27 21:00:00+00:00,1.17192,1.17199,1.17178,1.17193,42,20,0
2026-04-27 21:15:00+00:00,1.17193,1.17193,1.17177,1.17178,42,48,0
2026-04-27 21:30:00+00:00,1.17179,1.17209,1.17178,1.17194,76,20,0
2026-04-27 21:45:00+00:00,1.17194,1.17216,1.17181,1.17216,92,8,0
2026-04-27 22:00:00+00:00,1.17215,1.17224,1.1719,1.17219,236,8,0
2026-04-27 22:15:00+00:00,1.17219,1.17222,1.17208,1.17217,122,8,0
2026-04-27 22:30:00+00:00,1.17217,1.17228,1.17215,1.17221,124,8,0
2026-04-27 22:45:00+00:00,1.17221,1.1723,1.17217,1.17221,119,8,0
2026-04-27 23:00:00+00:00,1.17221,1.17229,1.17218,1.17224,77,8,0
2026-04-27 23:15:00+00:00,1.17224,1.17229,1.17211,1.17217,106,8,0
2026-04-27 23:30:00+00:00,1.17217,1.17221,1.17211,1.17221,52,8,0
2026-04-27 23:45:00+00:00,1.17221,1.17229,1.17217,1.17228,92,8,0
2026-04-28 00:00:00+00:00,1.17228,1.17266,1.17224,1.17236,323,8,0
2026-04-28 00:15:00+00:00,1.17234,1.17239,1.17182,1.17196,312,8,0
2026-04-28 00:30:00+00:00,1.17199,1.17218,1.17182,1.17201,271,8,0
2026-04-28 00:45:00+00:00,1.17202,1.17215,1.17167,1.17185,330,8,0
2026-04-28 01:00:00+00:00,1.17183,1.17185,1.17138,1.17147,447,8,0
2026-04-28 01:15:00+00:00,1.17146,1.17164,1.17132,1.17158,288,8,0
2026-04-28 01:30:00+00:00,1.17158,1.17182,1.17145,1.17154,273,8,0
2026-04-28 01:45:00+00:00,1.17154,1.17158,1.1712,1.1712500000000001,287,8,0
2026-04-28 02:00:00+00:00,1.17124,1.17135,1.17108,1.1712,261,8,0
2026-04-28 02:15:00+00:00,1.1712,1.17129,1.17113,1.17124,220,8,0
2026-04-28 02:30:00+00:00,1.17124,1.17126,1.171,1.17102,205,8,0
2026-04-28 02:45:00+00:00,1.17102,1.17108,1.17076,1.17082,203,8,0
2026-04-28 03:00:00+00:00,1.17081,1.17137,1.17077,1.17129,569,8,0
2026-04-28 03:15:00+00:00,1.17129,1.17169,1.17122,1.17164,276,8,0
2026-04-28 03:30:00+00:00,1.17164,1.17175,1.17133,1.17136,289,8,0
2026-04-28 03:45:00+00:00,1.17136,1.17144,1.17121,1.1713,187,8,0
2026-04-28 04:00:00+00:00,1.1713,1.17134,1.17113,1.17134,256,8,0
2026-04-28 04:15:00+00:00,1.17133,1.17143,1.1713,1.17138,178,8,0
2026-04-28 04:30:00+00:00,1.17136,1.17159,1.17135,1.17157,197,8,0
2026-04-28 04:45:00+00:00,1.17157,1.17161,1.17114,1.17123,223,8,0
2026-04-28 05:00:00+00:00,1.17124,1.1713,1.1709100000000001,1.17104,275,8,0
2026-04-28 05:15:00+00:00,1.17104,1.17127,1.17097,1.17126,180,8,0
2026-04-28 05:30:00+00:00,1.17126,1.17126,1.17071,1.17077,373,8,0
2026-04-28 05:45:00+00:00,1.17077,1.1709100000000001,1.1705,1.17056,288,8,0
2026-04-28 06:00:00+00:00,1.17058,1.17078,1.17012,1.17049,500,8,0
2026-04-28 06:15:00+00:00,1.17048,1.17052,1.1700599999999999,1.17035,423,8,0
2026-04-28 06:30:00+00:00,1.17036,1.17042,1.16991,1.16998,528,8,0
2026-04-28 06:45:00+00:00,1.16999,1.17009,1.16868,1.1687400000000001,826,8,0
2026-04-28 07:00:00+00:00,1.1687400000000001,1.16939,1.16856,1.16931,809,8,0
2026-04-28 07:15:00+00:00,1.16932,1.17003,1.16926,1.16956,552,8,0
2026-04-28 07:30:00+00:00,1.16956,1.16978,1.16932,1.1695,517,8,0
2026-04-28 07:45:00+00:00,1.1695,1.16995,1.16922,1.16962,489,8,0
2026-04-28 08:00:00+00:00,1.16964,1.17037,1.16944,1.17003,910,8,0
2026-04-28 08:15:00+00:00,1.17005,1.17073,1.17005,1.17061,567,8,0
2026-04-28 08:30:00+00:00,1.17063,1.17065,1.16989,1.17009,490,8,0
2026-04-28 08:45:00+00:00,1.17009,1.17036,1.16998,1.17017,396,8,0
2026-04-28 09:00:00+00:00,1.17015,1.17018,1.16975,1.17,535,8,0
2026-04-28 09:15:00+00:00,1.17,1.17004,1.16946,1.16949,441,8,0
2026-04-28 09:30:00+00:00,1.1695,1.16953,1.16861,1.1691,481,8,0
2026-04-28 09:45:00+00:00,1.1691,1.16986,1.169,1.16919,635,8,0
2026-04-28 10:00:00+00:00,1.16919,1.16937,1.16901,1.16911,453,8,0
2026-04-28 10:15:00+00:00,1.16911,1.16931,1.16901,1.16912,411,8,0
2026-04-28 10:30:00+00:00,1.16912,1.16955,1.16911,1.1694,398,8,0
2026-04-28 10:45:00+00:00,1.16937,1.16953,1.1690800000000001,1.16929,465,8,0
2026-04-28 11:00:00+00:00,1.16928,1.1699,1.16923,1.16954,613,8,0
2026-04-28 11:15:00+00:00,1.16953,1.16971,1.16926,1.1694499999999999,565,8,0
2026-04-28 11:30:00+00:00,1.1694499999999999,1.1694499999999999,1.16877,1.16902,573,8,0
2026-04-28 11:45:00+00:00,1.16902,1.16902,1.16818,1.16827,750,8,0
2026-04-28 12:00:00+00:00,1.1683,1.16835,1.1677,1.16827,817,8,0
2026-04-28 12:15:00+00:00,1.16829,1.16929,1.16819,1.16888,1331,8,0
2026-04-28 12:30:00+00:00,1.16888,1.16967,1.16853,1.16941,637,8,0
2026-04-28 12:45:00+00:00,1.16941,1.16997,1.16941,1.16966,669,8,0
2026-04-28 13:00:00+00:00,1.16968,1.16975,1.1693,1.1694,692,8,0
2026-04-28 13:15:00+00:00,1.16939,1.16996,1.16881,1.16987,1043,8,0
2026-04-28 13:30:00+00:00,1.16985,1.17033,1.16911,1.1701,1123,8,0
2026-04-28 13:45:00+00:00,1.1701,1.17024,1.16962,1.16971,751,8,0
2026-04-28 14:00:00+00:00,1.1697,1.16982,1.16902,1.1697,765,8,0
2026-04-28 14:15:00+00:00,1.1696900000000001,1.16989,1.16931,1.16965,780,8,0
2026-04-28 14:30:00+00:00,1.16964,1.1703000000000001,1.16944,1.16963,819,8,0
2026-04-28 14:45:00+00:00,1.16963,1.1700599999999999,1.16924,1.1700599999999999,1391,8,0
2026-04-28 15:00:00+00:00,1.17007,1.17093,1.17007,1.17043,978,8,0
2026-04-28 15:15:00+00:00,1.17042,1.17123,1.17028,1.17102,618,8,0
2026-04-28 15:30:00+00:00,1.1710099999999999,1.17154,1.17073,1.1711,690,8,0
2026-04-28 15:45:00+00:00,1.1711,1.17135,1.17095,1.17131,490,8,0
2026-04-28 16:00:00+00:00,1.17131,1.17167,1.17119,1.1712799999999999,543,8,0
2026-04-28 16:15:00+00:00,1.17127,1.17127,1.17057,1.17063,452,8,0
2026-04-28 16:30:00+00:00,1.17061,1.17092,1.17052,1.17085,387,8,0
2026-04-28 16:45:00+00:00,1.17086,1.17116,1.17071,1.17102,460,8,0
2026-04-28 17:00:00+00:00,1.1710099999999999,1.17117,1.17062,1.17096,396,8,0
2026-04-28 17:15:00+00:00,1.17097,1.17105,1.17061,1.17093,335,8,0
2026-04-28 17:30:00+00:00,1.17094,1.17141,1.17089,1.17122,364,8,0
2026-04-28 17:45:00+00:00,1.17122,1.17175,1.17122,1.17132,488,8,0
2026-04-28 18:00:00+00:00,1.17134,1.17156,1.17111,1.17124,324,8,0
2026-04-28 18:15:00+00:00,1.17124,1.17156,1.17123,1.17149,439,8,0
2026-04-28 18:30:00+00:00,1.1715,1.17156,1.1712799999999999,1.1715200000000001,253,8,0
2026-04-28 18:45:00+00:00,1.17151,1.17158,1.17108,1.17113,287,8,0
2026-04-28 19:00:00+00:00,1.17114,1.17149,1.17104,1.17106,258,8,0
2026-04-28 19:15:00+00:00,1.17106,1.17107,1.17081,1.1709,291,8,0
2026-04-28 19:30:00+00:00,1.1709,1.171,1.1708,1.17083,272,8,0
2026-04-28 19:45:00+00:00,1.17083,1.17095,1.17066,1.17095,277,8,0
2026-04-28 20:00:00+00:00,1.17095,1.1714,1.17089,1.17116,294,8,0
2026-04-28 20:15:00+00:00,1.17116,1.17123,1.17108,1.17121,135,8,0
2026-04-28 20:30:00+00:00,1.1712,1.17149,1.1712,1.1714,178,8,0
2026-04-28 20:45:00+00:00,1.1714,1.17145,1.17099,1.17115,138,8,0
2026-04-28 21:00:00+00:00,1.17114,1.17124,1.17098,1.17116,65,20,0
2026-04-28 21:15:00+00:00,1.17117,1.17123,1.17098,1.17122,65,20,0
2026-04-28 21:30:00+00:00,1.17122,1.17122,1.1710099999999999,1.17115,91,20,0
2026-04-28 21:45:00+00:00,1.17115,1.17123,1.17097,1.17123,104,8,0
2026-04-28 22:00:00+00:00,1.17122,1.17179,1.17122,1.1717,228,8,0
2026-04-28 22:15:00+00:00,1.1717,1.17173,1.17141,1.17142,82,8,0
2026-04-28 22:30:00+00:00,1.17142,1.17156,1.17142,1.17153,88,8,0
2026-04-28 22:45:00+00:00,1.17153,1.17155,1.1715,1.17153,83,8,0
2026-04-28 23:00:00+00:00,1.17153,1.17161,1.1715,1.17151,53,8,0
2026-04-28 23:15:00+00:00,1.17151,1.17161,1.17151,1.1715200000000001,72,8,0
2026-04-28 23:30:00+00:00,1.17153,1.1716199999999999,1.17147,1.17161,82,8,0
2026-04-28 23:45:00+00:00,1.17161,1.17174,1.1716,1.17174,110,8,0
2026-04-29 00:00:00+00:00,1.17175,1.17202,1.17175,1.17179,258,8,0
2026-04-29 00:15:00+00:00,1.17179,1.17184,1.17142,1.17151,199,8,0
2026-04-29 00:30:00+00:00,1.17151,1.17182,1.17151,1.17177,181,8,0
2026-04-29 00:45:00+00:00,1.17177,1.17178,1.17143,1.17153,261,8,0
2026-04-29 01:00:00+00:00,1.17154,1.17159,1.1706699999999999,1.17073,639,8,0
2026-04-29 01:15:00+00:00,1.17071,1.17109,1.17069,1.171,330,8,0
2026-04-29 01:30:00+00:00,1.1710099999999999,1.17155,1.17086,1.17144,520,8,0
2026-04-29 01:45:00+00:00,1.17144,1.17145,1.17097,1.17115,334,8,0
2026-04-29 02:00:00+00:00,1.17117,1.17166,1.17117,1.17143,333,8,0
2026-04-29 02:15:00+00:00,1.17144,1.17163,1.1712,1.17126,285,8,0
2026-04-29 02:30:00+00:00,1.17126,1.17129,1.17069,1.17075,345,8,0
2026-04-29 02:45:00+00:00,1.17076,1.17105,1.17071,1.17071,231,8,0
2026-04-29 03:00:00+00:00,1.17072,1.17104,1.17072,1.17087,252,8,0
2026-04-29 03:15:00+00:00,1.17087,1.17103,1.17081,1.17092,195,8,0
2026-04-29 03:30:00+00:00,1.17092,1.17092,1.1706,1.17062,158,8,0
2026-04-29 03:45:00+00:00,1.17063,1.17066,1.17046,1.17055,145,8,0
2026-04-29 04:00:00+00:00,1.17057,1.17072,1.1705,1.17066,140,8,0
2026-04-29 04:15:00+00:00,1.17066,1.17068,1.17046,1.17057,116,8,0
2026-04-29 04:30:00+00:00,1.17057,1.17075,1.17055,1.17055,158,8,0
2026-04-29 04:45:00+00:00,1.17055,1.1706,1.1703999999999999,1.17052,146,8,0
2026-04-29 05:00:00+00:00,1.1705,1.17056,1.17027,1.17028,210,8,0
2026-04-29 05:15:00+00:00,1.17028,1.1703000000000001,1.17007,1.17016,185,8,0
2026-04-29 05:30:00+00:00,1.17016,1.1703000000000001,1.16977,1.17003,281,8,0
2026-04-29 05:45:00+00:00,1.17003,1.17019,1.16983,1.17005,330,8,0
2026-04-29 06:00:00+00:00,1.17002,1.17038,1.16971,1.16973,434,8,0
2026-04-29 06:15:00+00:00,1.16972,1.16995,1.16964,1.16985,369,8,0
2026-04-29 06:30:00+00:00,1.16983,1.17034,1.16962,1.17003,372,8,0
2026-04-29 06:45:00+00:00,1.17003,1.17032,1.1698,1.16997,424,8,0
2026-04-29 07:00:00+00:00,1.16994,1.1707,1.1697899999999999,1.17057,588,8,0
2026-04-29 07:15:00+00:00,1.17057,1.17063,1.17023,1.17049,450,8,0
2026-04-29 07:30:00+00:00,1.17049,1.17071,1.17039,1.17042,437,8,0
2026-04-29 07:45:00+00:00,1.17044,1.17078,1.17037,1.17053,435,8,0
2026-04-29 08:00:00+00:00,1.1705,1.17054,1.16933,1.16952,897,8,0
2026-04-29 08:15:00+00:00,1.16952,1.1702,1.1694499999999999,1.16985,535,8,0
2026-04-29 08:30:00+00:00,1.16983,1.16996,1.16949,1.1699,453,8,0
2026-04-29 08:45:00+00:00,1.1699,1.1701,1.16977,1.16999,323,8,0
2026-04-29 09:00:00+00:00,1.16999,1.17022,1.16985,1.16993,388,8,0
2026-04-29 09:15:00+00:00,1.16992,1.17018,1.16967,1.17007,336,8,0
2026-04-29 09:30:00+00:00,1.1701,1.17042,1.16991,1.16994,428,8,0
2026-04-29 09:45:00+00:00,1.16994,1.17016,1.16957,1.16973,442,8,0
2026-04-29 10:00:00+00:00,1.16973,1.17019,1.16959,1.17014,382,8,0
2026-04-29 10:15:00+00:00,1.17014,1.17027,1.16997,1.17004,271,8,0
2026-04-29 10:30:00+00:00,1.17007,1.17017,1.16997,1.17008,281,8,0
2026-04-29 10:45:00+00:00,1.17005,1.17089,1.17005,1.17089,348,8,0
2026-04-29 11:00:00+00:00,1.1709,1.17095,1.17044,1.17047,469,8,0
2026-04-29 11:15:00+00:00,1.17048,1.17074,1.17033,1.17048,437,8,0
2026-04-29 11:30:00+00:00,1.17048,1.17089,1.17029,1.17036,391,8,0
2026-04-29 11:45:00+00:00,1.17036,1.17049,1.16995,1.17009,313,8,0
2026-04-29 12:00:00+00:00,1.17007,1.17077,1.17001,1.17037,494,8,0
2026-04-29 12:15:00+00:00,1.17037,1.17074,1.17009,1.17041,639,8,0
2026-04-29 12:30:00+00:00,1.17039,1.17043,1.16965,1.16991,719,8,0
2026-04-29 12:45:00+00:00,1.16991,1.17008,1.16931,1.16985,870,8,0
2026-04-29 13:00:00+00:00,1.16985,1.17029,1.16978,1.16985,767,8,0
2026-04-29 13:15:00+00:00,1.16985,1.16985,1.16894,1.16907,834,8,0
2026-04-29 13:30:00+00:00,1.16906,1.16916,1.1682,1.16869,962,8,0
2026-04-29 13:45:00+00:00,1.1687,1.16894,1.1684,1.16886,920,8,0
2026-04-29 14:00:00+00:00,1.1688399999999999,1.1689,1.16834,1.16873,855,8,0
2026-04-29 14:15:00+00:00,1.16871,1.16925,1.16869,1.16904,654,8,0
2026-04-29 14:30:00+00:00,1.16906,1.16951,1.16894,1.16905,593,8,0
2026-04-29 14:45:00+00:00,1.16905,1.17028,1.16873,1.1700599999999999,888,8,0
2026-04-29 15:00:00+00:00,1.17008,1.17012,1.1694499999999999,1.16946,810,8,0
2026-04-29 15:15:00+00:00,1.16946,1.16972,1.16904,1.1692,756,8,0
2026-04-29 15:30:00+00:00,1.16922,1.16999,1.16914,1.16985,825,8,0
2026-04-29 15:45:00+00:00,1.16983,1.17037,1.16869,1.16941,1490,8,0
2026-04-29 16:00:00+00:00,1.16942,1.16983,1.16909,1.16916,634,8,0
2026-04-29 16:15:00+00:00,1.16917,1.16946,1.16889,1.16921,549,8,0
2026-04-29 16:30:00+00:00,1.1692,1.16927,1.16861,1.16865,638,8,0
2026-04-29 16:45:00+00:00,1.16865,1.16876,1.16835,1.16844,467,8,0
2026-04-29 17:00:00+00:00,1.16845,1.16846,1.16794,1.16809,509,8,0
2026-04-29 17:15:00+00:00,1.16809,1.1685,1.16801,1.16818,592,8,0
2026-04-29 17:30:00+00:00,1.1682,1.16842,1.168,1.16828,739,8,0
2026-04-29 17:45:00+00:00,1.16828,1.16886,1.16828,1.16869,646,8,0
2026-04-29 18:00:00+00:00,1.16871,1.16904,1.16712,1.16746,1520,8,0
2026-04-29 18:15:00+00:00,1.16744,1.1683,1.16738,1.16755,996,8,0
2026-04-29 18:30:00+00:00,1.16753,1.16839,1.16635,1.16635,2223,8,0
2026-04-29 18:45:00+00:00,1.16633,1.16731,1.16608,1.16717,1420,8,0
2026-04-29 19:00:00+00:00,1.16715,1.16764,1.16667,1.16761,910,8,0
2026-04-29 19:15:00+00:00,1.16759,1.16801,1.16734,1.16742,696,8,0
2026-04-29 19:30:00+00:00,1.16742,1.16746,1.16669,1.16712,620,8,0
2026-04-29 19:45:00+00:00,1.16711,1.16764,1.16704,1.16759,517,8,0
2026-04-29 20:00:00+00:00,1.16757,1.16772,1.16714,1.1672,598,8,0
2026-04-29 20:15:00+00:00,1.16722,1.16746,1.16706,1.16739,353,8,0
2026-04-29 20:30:00+00:00,1.1674,1.16754,1.1672,1.16743,338,8,0
2026-04-29 20:45:00+00:00,1.16743,1.16747,1.16711,1.16731,221,8,0
2026-04-29 21:00:00+00:00,1.1673,1.16736,1.16719,1.16728,58,20,0
2026-04-29 21:15:00+00:00,1.16729,1.16742,1.16723,1.16733,68,50,0
2026-04-29 21:30:00+00:00,1.16734,1.16768,1.1672,1.1673,345,20,0
2026-04-29 21:45:00+00:00,1.16728,1.16767,1.16721,1.16738,249,20,0
2026-04-29 22:00:00+00:00,1.16736,1.16761,1.16705,1.16721,298,8,0
2026-04-29 22:15:00+00:00,1.16722,1.16775,1.16719,1.16773,240,8,0
2026-04-29 22:30:00+00:00,1.16772,1.16782,1.16764,1.16768,161,8,0
2026-04-29 22:45:00+00:00,1.16769,1.16782,1.16769,1.16776,122,8,0
2026-04-29 23:00:00+00:00,1.16776,1.16781,1.16756,1.16769,128,8,0
2026-04-29 23:15:00+00:00,1.16769,1.16792,1.16769,1.1679,136,8,0
2026-04-29 23:30:00+00:00,1.1679,1.16854,1.16785,1.16854,247,8,0
2026-04-29 23:45:00+00:00,1.16854,1.16861,1.16835,1.1684,154,8,0
2026-04-30 00:00:00+00:00,1.16843,1.16892,1.16838,1.16869,634,8,0
2026-04-30 00:15:00+00:00,1.16869,1.16881,1.1685,1.1685,411,8,0
2026-04-30 00:30:00+00:00,1.16853,1.1687,1.16815,1.16819,385,8,0
2026-04-30 00:45:00+00:00,1.16821,1.16838,1.16789,1.1679,455,8,0
2026-04-30 01:00:00+00:00,1.16788,1.16802,1.16772,1.16795,416,8,0
2026-04-30 01:15:00+00:00,1.1679599999999999,1.16814,1.1678600000000001,1.16787,344,8,0
2026-04-30 01:30:00+00:00,1.16787,1.16811,1.16746,1.1675200000000001,501,8,0
2026-04-30 01:45:00+00:00,1.1675200000000001,1.16785,1.1673,1.16742,484,8,0
2026-04-30 02:00:00+00:00,1.16742,1.16756,1.16721,1.16754,345,8,0
2026-04-30 02:15:00+00:00,1.16755,1.16761,1.16696,1.16708,329,8,0
2026-04-30 02:30:00+00:00,1.16706,1.16706,1.1663999999999999,1.16645,829,8,0
2026-04-30 02:45:00+00:00,1.16646,1.16667,1.16622,1.16667,371,8,0
2026-04-30 03:00:00+00:00,1.16667,1.16706,1.16651,1.16668,455,8,0
2026-04-30 03:15:00+00:00,1.16667,1.16698,1.16663,1.1669,312,8,0
2026-04-30 03:30:00+00:00,1.1669100000000001,1.16697,1.16655,1.1666400000000001,311,8,0
2026-04-30 03:45:00+00:00,1.1666400000000001,1.16665,1.16643,1.16656,255,8,0
2026-04-30 04:00:00+00:00,1.16656,1.16658,1.16621,1.16642,385,8,0
2026-04-30 04:15:00+00:00,1.16642,1.16644,1.16571,1.16587,409,8,0
2026-04-30 04:30:00+00:00,1.16584,1.16592,1.16547,1.16584,456,8,0
2026-04-30 04:45:00+00:00,1.16582,1.16605,1.16578,1.16598,334,8,0
2026-04-30 05:00:00+00:00,1.166,1.16641,1.16598,1.16628,399,8,0
2026-04-30 05:15:00+00:00,1.16628,1.16639,1.166,1.16606,323,8,0
2026-04-30 05:30:00+00:00,1.16606,1.16642,1.16598,1.16611,360,8,0
2026-04-30 05:45:00+00:00,1.1661,1.16618,1.16585,1.16592,389,8,0
2026-04-30 06:00:00+00:00,1.16589,1.16649,1.16574,1.1660300000000001,529,8,0
2026-04-30 06:15:00+00:00,1.16601,1.16656,1.16596,1.16651,479,8,0
2026-04-30 06:30:00+00:00,1.16654,1.1670099999999999,1.16651,1.1667399999999999,625,8,0
2026-04-30 06:45:00+00:00,1.16677,1.1670099999999999,1.1666,1.167,517,8,0
2026-04-30 07:00:00+00:00,1.16698,1.16805,1.16696,1.168,699,8,0
2026-04-30 07:15:00+00:00,1.16798,1.1681,1.16761,1.16808,539,8,0
2026-04-30 07:30:00+00:00,1.16807,1.1681,1.16754,1.16785,519,8,0
2026-04-30 07:45:00+00:00,1.16783,1.16835,1.16753,1.16793,617,8,0
2026-04-30 08:00:00+00:00,1.16794,1.16972,1.16793,1.16901,1088,8,0
2026-04-30 08:15:00+00:00,1.16903,1.1691,1.1684,1.16871,712,8,0
2026-04-30 08:30:00+00:00,1.16869,1.16904,1.16824,1.1686,843,8,0
2026-04-30 08:45:00+00:00,1.1686,1.1686,1.16739,1.16794,858,8,0
2026-04-30 09:00:00+00:00,1.16794,1.16811,1.16729,1.16801,858,8,0
2026-04-30 09:15:00+00:00,1.16801,1.16861,1.16771,1.16861,728,8,0
2026-04-30 09:30:00+00:00,1.16862,1.1695,1.16848,1.16903,1047,8,0
2026-04-30 09:45:00+00:00,1.16903,1.16972,1.16902,1.16939,652,8,0
2026-04-30 10:00:00+00:00,1.16939,1.16956,1.16886,1.16894,668,8,0
2026-04-30 10:15:00+00:00,1.16894,1.17069,1.1689,1.17059,1055,8,0
2026-04-30 10:30:00+00:00,1.17061,1.17113,1.17023,1.17081,2418,8,0
2026-04-30 10:45:00+00:00,1.17084,1.17148,1.17009,1.17144,1623,8,0
2026-04-30 11:00:00+00:00,1.17145,1.17192,1.17029,1.17078,1622,8,0
2026-04-30 11:15:00+00:00,1.17079,1.17188,1.17063,1.17163,1465,8,0
2026-04-30 11:30:00+00:00,1.17161,1.17192,1.17096,1.17159,1426,8,0
2026-04-30 11:45:00+00:00,1.17157,1.17188,1.17031,1.17046,1210,8,0
2026-04-30 12:00:00+00:00,1.17044,1.17053,1.16976,1.17048,926,8,0
2026-04-30 12:15:00+00:00,1.1705,1.1705,1.16895,1.16999,1430,8,0
2026-04-30 12:30:00+00:00,1.17002,1.17026,1.16894,1.169,1251,8,0
2026-04-30 12:45:00+00:00,1.16901,1.16994,1.16891,1.16923,1229,8,0
2026-04-30 13:00:00+00:00,1.16921,1.17005,1.16849,1.16934,2067,8,0
2026-04-30 13:15:00+00:00,1.1693500000000001,1.16936,1.16814,1.16913,1154,8,0
2026-04-30 13:30:00+00:00,1.1691,1.16942,1.16831,1.16909,1308,8,0
2026-04-30 13:45:00+00:00,1.16909,1.16964,1.16889,1.16898,1104,8,0
2026-04-30 14:00:00+00:00,1.16897,1.16997,1.1687400000000001,1.16984,1594,8,0
2026-04-30 14:15:00+00:00,1.1698,1.17146,1.16975,1.17127,1225,8,0
2026-04-30 14:30:00+00:00,1.1712799999999999,1.17143,1.17045,1.17136,1475,8,0
2026-04-30 14:45:00+00:00,1.17134,1.17329,1.17129,1.17271,1531,8,0
2026-04-30 15:00:00+00:00,1.17272,1.17355,1.17224,1.17344,1587,8,0
2026-04-30 15:15:00+00:00,1.17341,1.17348,1.17252,1.17264,1058,8,0
2026-04-30 15:30:00+00:00,1.17265,1.17334,1.17244,1.17311,977,8,0
2026-04-30 15:45:00+00:00,1.17309,1.17309,1.17229,1.17279,733,8,0
2026-04-30 16:00:00+00:00,1.17283,1.17352,1.17262,1.17315,732,8,0
2026-04-30 16:15:00+00:00,1.17314,1.1732,1.17243,1.17255,648,8,0
2026-04-30 16:30:00+00:00,1.17255,1.17269,1.17233,1.17256,480,8,0
2026-04-30 16:45:00+00:00,1.17256,1.17281,1.17227,1.17249,481,8,0
2026-04-30 17:00:00+00:00,1.1724999999999999,1.17307,1.17242,1.17242,743,8,0
2026-04-30 17:15:00+00:00,1.17241,1.17288,1.17217,1.17276,510,8,0
2026-04-30 17:30:00+00:00,1.17278,1.1732,1.17263,1.17279,567,8,0
2026-04-30 17:45:00+00:00,1.1728,1.17291,1.17245,1.1724700000000001,370,8,0
2026-04-30 18:00:00+00:00,1.17249,1.17297,1.17249,1.17258,474,8,0
2026-04-30 18:15:00+00:00,1.17258,1.17324,1.17254,1.17293,479,8,0
2026-04-30 18:30:00+00:00,1.17295,1.17367,1.17293,1.17354,494,8,0
2026-04-30 18:45:00+00:00,1.17354,1.17397,1.17349,1.17359,416,8,0
2026-04-30 19:00:00+00:00,1.17357,1.17415,1.17357,1.17389,610,8,0
2026-04-30 19:15:00+00:00,1.17389,1.17403,1.17318,1.1734499999999999,421,8,0
2026-04-30 19:30:00+00:00,1.1734499999999999,1.17384,1.17328,1.17365,548,8,0
2026-04-30 19:45:00+00:00,1.17365,1.17382,1.17332,1.17332,490,8,0
2026-04-30 20:00:00+00:00,1.1733,1.17361,1.17291,1.17316,656,8,0
2026-04-30 20:15:00+00:00,1.17316,1.17354,1.17315,1.17331,244,8,0
2026-04-30 20:30:00+00:00,1.17331,1.17361,1.17304,1.17307,240,8,0
2026-04-30 20:45:00+00:00,1.17307,1.17327,1.17294,1.17303,324,8,0
2026-04-30 21:00:00+00:00,1.17301,1.17301,1.17277,1.1728399999999999,94,20,0
2026-04-30 21:15:00+00:00,1.17283,1.17297,1.17282,1.17287,140,48,0
2026-04-30 21:30:00+00:00,1.17286,1.17301,1.17277,1.17299,139,20,0
2026-04-30 21:45:00+00:00,1.173,1.17338,1.17289,1.17338,190,20,0
2026-04-30 22:00:00+00:00,1.17343,1.17359,1.17305,1.1730800000000001,211,8,0
2026-04-30 22:15:00+00:00,1.1730800000000001,1.17317,1.17303,1.1731,107,8,0
2026-04-30 22:30:00+00:00,1.1731,1.17316,1.1729,1.17304,142,8,0
2026-04-30 22:45:00+00:00,1.17304,1.17313,1.17295,1.17312,155,8,0
2026-04-30 23:00:00+00:00,1.17314,1.17328,1.17311,1.17312,203,8,0
2026-04-30 23:15:00+00:00,1.17311,1.17326,1.17309,1.17317,146,8,0
2026-04-30 23:30:00+00:00,1.17317,1.17325,1.17292,1.17292,150,8,0
2026-04-30 23:45:00+00:00,1.17292,1.17304,1.1728,1.1728399999999999,270,8,0
2026-05-01 00:00:00+00:00,1.17286,1.17295,1.17241,1.17254,456,8,0
2026-05-01 00:15:00+00:00,1.17254,1.17271,1.1724,1.1727,330,8,0
2026-05-01 00:30:00+00:00,1.1727,1.17289,1.17259,1.17288,334,8,0
2026-05-01 00:45:00+00:00,1.17286,1.17293,1.17266,1.17272,401,8,0
2026-05-01 01:00:00+00:00,1.1727400000000001,1.17278,1.1724700000000001,1.17275,316,8,0
2026-05-01 01:15:00+00:00,1.17275,1.173,1.17253,1.17287,264,8,0
2026-05-01 01:30:00+00:00,1.17286,1.17326,1.17286,1.17304,292,8,0
2026-05-01 01:45:00+00:00,1.17303,1.17317,1.173,1.17307,253,8,0
2026-05-01 02:00:00+00:00,1.17307,1.17336,1.173,1.17324,242,8,0
2026-05-01 02:15:00+00:00,1.17324,1.17336,1.17314,1.17325,197,8,0
2026-05-01 02:30:00+00:00,1.17325,1.17336,1.1730800000000001,1.17317,240,8,0
2026-05-01 02:45:00+00:00,1.17318,1.17337,1.17292,1.17334,242,8,0
2026-05-01 03:00:00+00:00,1.17336,1.17342,1.17322,1.17341,217,8,0
2026-05-01 03:15:00+00:00,1.17341,1.17359,1.17333,1.17353,175,8,0
2026-05-01 03:30:00+00:00,1.17353,1.17361,1.1732,1.17321,293,8,0
2026-05-01 03:45:00+00:00,1.17322,1.17332,1.17303,1.1730800000000001,228,8,0
2026-05-01 04:00:00+00:00,1.1730800000000001,1.17319,1.17273,1.17288,289,8,0
2026-05-01 04:15:00+00:00,1.17288,1.17292,1.1726,1.17261,212,8,0
2026-05-01 04:30:00+00:00,1.17261,1.17277,1.17257,1.17267,196,8,0
2026-05-01 04:45:00+00:00,1.17267,1.1727400000000001,1.17257,1.17263,203,8,0
2026-05-01 05:00:00+00:00,1.17263,1.17269,1.1724700000000001,1.17252,218,8,0
2026-05-01 05:15:00+00:00,1.17252,1.17253,1.17237,1.17242,209,8,0
2026-05-01 05:30:00+00:00,1.17242,1.17261,1.17238,1.17252,193,8,0
2026-05-01 05:45:00+00:00,1.17252,1.17252,1.17214,1.1722,228,8,0
2026-05-01 06:00:00+00:00,1.17222,1.1724,1.1721,1.17218,391,8,0
2026-05-01 06:15:00+00:00,1.17218,1.1722299999999999,1.17192,1.17205,350,8,0
2026-05-01 06:30:00+00:00,1.17205,1.17214,1.1718600000000001,1.1721300000000001,396,8,0
2026-05-01 06:45:00+00:00,1.1721300000000001,1.17446,1.1721300000000001,1.17354,1887,8,0
2026-05-01 07:00:00+00:00,1.17353,1.17385,1.17314,1.17337,1179,8,0
2026-05-01 07:15:00+00:00,1.17339,1.1739600000000001,1.17311,1.17394,724,8,0
2026-05-01 07:30:00+00:00,1.1739600000000001,1.17397,1.17322,1.17364,703,8,0
2026-05-01 07:45:00+00:00,1.17363,1.17417,1.17311,1.17342,731,8,0
2026-05-01 08:00:00+00:00,1.1734499999999999,1.17384,1.17315,1.17321,633,8,0
2026-05-01 08:15:00+00:00,1.17324,1.17479,1.17316,1.1743999999999999,598,8,0
2026-05-01 08:30:00+00:00,1.17439,1.17473,1.17414,1.17444,546,8,0
2026-05-01 08:45:00+00:00,1.17444,1.17455,1.17415,1.17431,468,8,0
2026-05-01 09:00:00+00:00,1.17433,1.17436,1.17365,1.17377,504,8,0
2026-05-01 09:15:00+00:00,1.17376,1.17389,1.17324,1.17334,447,8,0
2026-05-01 09:30:00+00:00,1.17332,1.17381,1.17329,1.17367,412,8,0
2026-05-01 09:45:00+00:00,1.17367,1.1737,1.17303,1.17309,461,8,0
2026-05-01 10:00:00+00:00,1.1731,1.1742,1.17307,1.17413,522,8,0
2026-05-01 10:15:00+00:00,1.17413,1.1743999999999999,1.17405,1.17415,318,8,0
2026-05-01 10:30:00+00:00,1.17416,1.17435,1.1739,1.174,345,8,0
2026-05-01 10:45:00+00:00,1.174,1.17456,1.17399,1.17442,384,8,0
2026-05-01 11:00:00+00:00,1.17444,1.17507,1.17436,1.17504,493,8,0
2026-05-01 11:15:00+00:00,1.17505,1.17582,1.17494,1.1755,524,8,0
2026-05-01 11:30:00+00:00,1.1755,1.17565,1.17472,1.17478,543,8,0
2026-05-01 11:45:00+00:00,1.17477,1.17513,1.17452,1.17509,469,8,0
2026-05-01 12:00:00+00:00,1.17511,1.1761,1.17477,1.17581,1005,8,0
2026-05-01 12:15:00+00:00,1.1757900000000001,1.17685,1.1757,1.1764999999999999,980,8,0
2026-05-01 12:30:00+00:00,1.17649,1.17668,1.17592,1.17594,711,8,0
2026-05-01 12:45:00+00:00,1.17594,1.17618,1.17563,1.17573,553,8,0
2026-05-01 13:00:00+00:00,1.17573,1.17621,1.17561,1.1759,611,8,0
2026-05-01 13:15:00+00:00,1.1759,1.17609,1.17529,1.17548,620,8,0
2026-05-01 13:30:00+00:00,1.1755,1.17581,1.17523,1.1753,774,8,0
2026-05-01 13:45:00+00:00,1.17527,1.17634,1.17437,1.17618,1670,8,0
2026-05-01 14:00:00+00:00,1.17618,1.1783,1.17605,1.1778,1424,8,0
2026-05-01 14:15:00+00:00,1.17782,1.17851,1.17756,1.17784,1189,8,0
2026-05-01 14:30:00+00:00,1.17787,1.17802,1.17672,1.1770100000000001,1039,8,0
2026-05-01 14:45:00+00:00,1.17699,1.17733,1.17639,1.17669,1014,8,0
2026-05-01 15:00:00+00:00,1.17671,1.1770100000000001,1.1764000000000001,1.17695,951,8,0
2026-05-01 15:15:00+00:00,1.17695,1.17705,1.1762,1.17639,681,8,0
2026-05-01 15:30:00+00:00,1.17641,1.17678,1.17609,1.17638,726,8,0
2026-05-01 15:45:00+00:00,1.17638,1.17683,1.1753,1.17548,1485,8,0
2026-05-01 16:00:00+00:00,1.17546,1.17569,1.17505,1.17531,647,8,0
2026-05-01 16:15:00+00:00,1.17533,1.17561,1.17465,1.17479,1057,8,0
2026-05-01 16:30:00+00:00,1.17477,1.17488,1.17421,1.1745,725,8,0
2026-05-01 16:45:00+00:00,1.17449,1.17451,1.17375,1.17381,541,8,0
2026-05-01 17:00:00+00:00,1.17378,1.17402,1.17352,1.17366,508,8,0
2026-05-01 17:15:00+00:00,1.17366,1.17391,1.1734499999999999,1.17365,494,8,0
2026-05-01 17:30:00+00:00,1.17365,1.17377,1.17288,1.17303,589,8,0
2026-05-01 17:45:00+00:00,1.17303,1.1737,1.17289,1.17327,650,8,0
2026-05-01 18:00:00+00:00,1.17329,1.17337,1.17233,1.17253,552,8,0
2026-05-01 18:15:00+00:00,1.17251,1.17277,1.17193,1.17237,576,8,0
2026-05-01 18:30:00+00:00,1.1724,1.17262,1.17192,1.17259,853,8,0
2026-05-01 18:45:00+00:00,1.1726,1.1729,1.17238,1.1727,539,8,0
2026-05-01 19:00:00+00:00,1.1727,1.17281,1.17232,1.17242,358,8,0
2026-05-01 19:15:00+00:00,1.17242,1.17251,1.17224,1.17225,269,8,0
2026-05-01 19:30:00+00:00,1.17225,1.17232,1.17197,1.17202,288,8,0
2026-05-01 19:45:00+00:00,1.17201,1.17208,1.17173,1.17193,324,8,0
2026-05-01 20:00:00+00:00,1.17193,1.17221,1.1719,1.172,264,8,0
2026-05-01 20:15:00+00:00,1.17201,1.17204,1.17164,1.17165,177,8,0
2026-05-01 20:30:00+00:00,1.17164,1.1718899999999999,1.17153,1.1718899999999999,227,8,0
2026-05-01 20:45:00+00:00,1.17187,1.17208,1.17144,1.172,407,8,0
2026-05-03 21:00:00+00:00,1.17428,1.17452,1.17409,1.17452,71,48,0
2026-05-03 21:15:00+00:00,1.17452,1.17459,1.17428,1.17459,68,48,0
2026-05-03 21:30:00+00:00,1.17459,1.17462,1.17451,1.17456,53,48,0
2026-05-03 21:45:00+00:00,1.17456,1.17456,1.17362,1.17391,211,20,0
2026-05-03 22:00:00+00:00,1.17408,1.17417,1.17328,1.1733500000000001,767,8,0
2026-05-03 22:15:00+00:00,1.1733500000000001,1.17338,1.17264,1.17318,409,8,0
2026-05-03 22:30:00+00:00,1.17318,1.1736,1.17313,1.17351,301,8,0
2026-05-03 22:45:00+00:00,1.17351,1.17357,1.17301,1.1733,194,8,0
2026-05-03 23:00:00+00:00,1.17331,1.17331,1.17301,1.17318,227,8,0
2026-05-03 23:15:00+00:00,1.17318,1.17318,1.17298,1.17302,156,8,0
2026-05-03 23:30:00+00:00,1.17302,1.1732,1.17262,1.17263,212,8,0
2026-05-03 23:45:00+00:00,1.17261,1.17297,1.1724700000000001,1.17256,388,8,0
2026-05-04 00:00:00+00:00,1.17254,1.17286,1.17237,1.17251,526,8,0
2026-05-04 00:15:00+00:00,1.17251,1.17263,1.17211,1.1723,448,8,0
2026-05-04 00:30:00+00:00,1.17231,1.17259,1.1723,1.17241,304,8,0
2026-05-04 00:45:00+00:00,1.17242,1.17271,1.17231,1.17268,408,8,0
2026-05-04 01:00:00+00:00,1.17271,1.17271,1.17197,1.1722299999999999,525,8,0
2026-05-04 01:15:00+00:00,1.17225,1.1729,1.1721,1.17222,535,8,0
2026-05-04 01:30:00+00:00,1.1722299999999999,1.17255,1.17208,1.17253,377,8,0
2026-05-04 01:45:00+00:00,1.17253,1.1726,1.1722,1.17249,311,8,0
2026-05-04 02:00:00+00:00,1.17249,1.17275,1.17232,1.17267,366,8,0
2026-05-04 02:15:00+00:00,1.17268,1.17268,1.17221,1.1722299999999999,299,8,0
2026-05-04 02:30:00+00:00,1.17224,1.17261,1.17222,1.17255,254,8,0
2026-05-04 02:45:00+00:00,1.17254,1.17282,1.17251,1.17272,306,8,0
2026-05-04 03:00:00+00:00,1.1727,1.17281,1.17249,1.17269,259,8,0
2026-05-04 03:15:00+00:00,1.17269,1.17271,1.17248,1.17259,212,8,0
2026-05-04 03:30:00+00:00,1.17257,1.17265,1.17242,1.17256,229,8,0
2026-05-04 03:45:00+00:00,1.17258,1.17385,1.17258,1.1737,1482,8,0
2026-05-04 04:00:00+00:00,1.17372,1.17379,1.1733,1.17331,452,8,0
2026-05-04 04:15:00+00:00,1.17331,1.17334,1.1729,1.17295,314,8,0
2026-05-04 04:30:00+00:00,1.17297,1.17301,1.17272,1.17278,222,8,0
2026-05-04 04:45:00+00:00,1.17278,1.1729,1.17275,1.17288,170,8,0
2026-05-04 05:00:00+00:00,1.17289,1.17311,1.17273,1.17278,321,8,0
2026-05-04 05:15:00+00:00,1.17278,1.1732,1.17261,1.17262,489,8,0
2026-05-04 05:30:00+00:00,1.17264,1.17289,1.17254,1.1728399999999999,328,8,0
2026-05-04 05:45:00+00:00,1.17285,1.17316,1.1728,1.17303,259,8,0
2026-05-04 06:00:00+00:00,1.17303,1.17355,1.17299,1.17346,505,8,0
2026-05-04 06:15:00+00:00,1.17346,1.17368,1.17336,1.17351,409,8,0
2026-05-04 06:30:00+00:00,1.17351,1.17364,1.1727,1.17279,567,8,0
2026-05-04 06:45:00+00:00,1.17279,1.17312,1.17212,1.17285,698,8,0
2026-05-04 07:00:00+00:00,1.17282,1.17286,1.17233,1.17256,708,8,0
2026-05-04 07:15:00+00:00,1.17256,1.17281,1.17198,1.17204,604,8,0
2026-05-04 07:30:00+00:00,1.17205,1.17241,1.17181,1.17184,527,8,0
2026-05-04 07:45:00+00:00,1.17182,1.1721300000000001,1.17148,1.17174,513,8,0
2026-05-04 08:00:00+00:00,1.17172,1.17172,1.1711,1.17156,619,8,0
2026-05-04 08:15:00+00:00,1.17155,1.1718600000000001,1.17131,1.17178,495,8,0
2026-05-04 08:30:00+00:00,1.1718,1.17215,1.17173,1.17198,417,8,0
2026-05-04 08:45:00+00:00,1.17197,1.17229,1.17177,1.1718600000000001,495,8,0
2026-05-04 09:00:00+00:00,1.17187,1.17233,1.17174,1.17194,496,8,0
2026-05-04 09:15:00+00:00,1.17194,1.17205,1.17155,1.17183,510,8,0
2026-05-04 09:30:00+00:00,1.17182,1.1721,1.17177,1.172,314,8,0
2026-05-04 09:45:00+00:00,1.172,1.17201,1.1716199999999999,1.17169,324,8,0
2026-05-04 10:00:00+00:00,1.17169,1.17171,1.16931,1.16964,1939,8,0
2026-05-04 10:15:00+00:00,1.16963,1.17034,1.16885,1.17024,1380,8,0
2026-05-04 10:30:00+00:00,1.17025,1.17141,1.17018,1.17097,1506,8,0
2026-05-04 10:45:00+00:00,1.17097,1.17124,1.17031,1.17048,619,8,0
2026-05-04 11:00:00+00:00,1.1705,1.17084,1.16963,1.16965,904,8,0
2026-05-04 11:15:00+00:00,1.16964,1.17017,1.16953,1.1700599999999999,619,8,0
2026-05-04 11:30:00+00:00,1.17004,1.17009,1.1695,1.16991,826,8,0
2026-05-04 11:45:00+00:00,1.1699,1.17001,1.16926,1.1693,590,8,0
2026-05-04 12:00:00+00:00,1.16932,1.17017,1.16916,1.17016,638,8,0
2026-05-04 12:15:00+00:00,1.17018,1.17095,1.17003,1.17082,974,8,0
2026-05-04 12:30:00+00:00,1.1708,1.17107,1.17048,1.17077,630,8,0
2026-05-04 12:45:00+00:00,1.17076,1.1712,1.17069,1.17087,581,8,0
2026-05-04 13:00:00+00:00,1.17088,1.17135,1.17017,1.1709100000000001,1468,8,0
2026-05-04 13:15:00+00:00,1.1709,1.17098,1.17049,1.1707,619,8,0
2026-05-04 13:30:00+00:00,1.1707,1.17175,1.17058,1.17153,861,8,0
2026-05-04 13:45:00+00:00,1.17153,1.17171,1.17127,1.17144,716,8,0
2026-05-04 14:00:00+00:00,1.17144,1.17145,1.17064,1.17092,960,8,0
2026-05-04 14:15:00+00:00,1.1709100000000001,1.17154,1.17087,1.17134,715,8,0
2026-05-04 14:30:00+00:00,1.17132,1.17161,1.1708,1.1708,616,8,0
2026-05-04 14:45:00+00:00,1.17081,1.1710099999999999,1.1703999999999999,1.17069,849,8,0
2026-05-04 15:00:00+00:00,1.17066,1.17153,1.17041,1.17105,980,8,0
2026-05-04 15:15:00+00:00,1.17105,1.17151,1.16963,1.17016,1608,8,0
2026-05-04 15:30:00+00:00,1.17018,1.17021,1.1696,1.17002,1077,8,0
2026-05-04 15:45:00+00:00,1.17004,1.17028,1.16937,1.16973,1220,8,0
2026-05-04 16:00:00+00:00,1.16971,1.17007,1.16848,1.16852,1245,8,0
2026-05-04 16:15:00+00:00,1.16849,1.16967,1.16841,1.16904,1356,8,0
2026-05-04 16:30:00+00:00,1.16901,1.16929,1.16834,1.16835,958,8,0
2026-05-04 16:45:00+00:00,1.16834,1.16854,1.16807,1.1682,622,8,0
2026-05-04 17:00:00+00:00,1.1682299999999999,1.16895,1.1681,1.16883,810,8,0
2026-05-04 17:15:00+00:00,1.16882,1.16957,1.16877,1.1695,781,8,0
2026-05-04 17:30:00+00:00,1.16948,1.16968,1.1691,1.16927,494,8,0
2026-05-04 17:45:00+00:00,1.16927,1.16944,1.1690800000000001,1.16932,300,8,0
2026-05-04 18:00:00+00:00,1.16931,1.16967,1.1691,1.16941,438,8,0
2026-05-04 18:15:00+00:00,1.1694,1.1694,1.16886,1.16913,436,8,0
2026-05-04 18:30:00+00:00,1.16915,1.16926,1.169,1.16904,391,8,0
2026-05-04 18:45:00+00:00,1.16904,1.16976,1.16878,1.1696900000000001,637,8,0
2026-05-04 19:00:00+00:00,1.16967,1.17002,1.16931,1.16973,851,8,0
2026-05-04 19:15:00+00:00,1.16975,1.17018,1.1696900000000001,1.16992,512,8,0
2026-05-04 19:30:00+00:00,1.16992,1.17005,1.16973,1.16985,265,8,0
2026-05-04 19:45:00+00:00,1.16984,1.16985,1.16938,1.1695,436,8,0
2026-05-04 20:00:00+00:00,1.16948,1.16948,1.1691,1.1691,275,8,0
2026-05-04 20:15:00+00:00,1.16909,1.16909,1.16867,1.16895,213,8,0
2026-05-04 20:30:00+00:00,1.16894,1.16917,1.16885,1.16912,184,8,0
2026-05-04 20:45:00+00:00,1.16912,1.16922,1.16894,1.16898,179,8,0
2026-05-04 21:00:00+00:00,1.16897,1.16897,1.1688,1.16882,46,48,0
2026-05-04 21:15:00+00:00,1.1688399999999999,1.16895,1.16881,1.16895,81,48,0
2026-05-04 21:30:00+00:00,1.16894,1.16897,1.1689,1.16896,81,48,0
2026-05-04 21:45:00+00:00,1.16896,1.16896,1.16866,1.16891,132,20,0
2026-05-04 22:00:00+00:00,1.16899,1.16922,1.16885,1.16893,185,8,0
2026-05-04 22:15:00+00:00,1.16895,1.1690800000000001,1.16887,1.16906,86,8,0
2026-05-04 22:30:00+00:00,1.16906,1.16914,1.16904,1.16909,101,8,0
2026-05-04 22:45:00+00:00,1.16909,1.1691,1.16895,1.16897,84,8,0
2026-05-04 23:00:00+00:00,1.16898,1.1691,1.16895,1.16909,82,8,0
2026-05-04 23:15:00+00:00,1.16909,1.1692,1.16906,1.16915,61,8,0
2026-05-04 23:30:00+00:00,1.16915,1.16927,1.16909,1.16915,112,8,0
2026-05-04 23:45:00+00:00,1.16915,1.16919,1.16909,1.16912,96,8,0
2026-05-05 00:00:00+00:00,1.16912,1.16936,1.16903,1.16928,313,8,0
2026-05-05 00:15:00+00:00,1.16928,1.16928,1.16858,1.16869,306,8,0
2026-05-05 00:30:00+00:00,1.16869,1.16871,1.16848,1.16858,220,8,0
2026-05-05 00:45:00+00:00,1.16858,1.16885,1.16855,1.1686,261,8,0
2026-05-05 01:00:00+00:00,1.1686,1.16862,1.16837,1.16838,279,8,0
2026-05-05 01:15:00+00:00,1.16838,1.16851,1.16794,1.16815,272,8,0
2026-05-05 01:30:00+00:00,1.16815,1.16875,1.16809,1.16845,449,8,0
2026-05-05 01:45:00+00:00,1.16846,1.16879,1.16842,1.16864,296,8,0
2026-05-05 02:00:00+00:00,1.16867,1.16882,1.16861,1.16863,239,8,0
2026-05-05 02:15:00+00:00,1.16863,1.16901,1.16859,1.16894,184,8,0
2026-05-05 02:30:00+00:00,1.16894,1.16909,1.16886,1.16909,219,8,0
2026-05-05 02:45:00+00:00,1.16909,1.16912,1.1687,1.1687,240,8,0
2026-05-05 03:00:00+00:00,1.16868,1.1687400000000001,1.16848,1.16869,202,8,0
2026-05-05 03:15:00+00:00,1.16869,1.16878,1.16862,1.16866,167,8,0
2026-05-05 03:30:00+00:00,1.16866,1.16867,1.16842,1.1685,142,8,0
2026-05-05 03:45:00+00:00,1.1685,1.16855,1.16831,1.16837,131,8,0
2026-05-05 04:00:00+00:00,1.16835,1.1685699999999999,1.16832,1.16854,137,8,0
2026-05-05 04:15:00+00:00,1.16854,1.16865,1.16854,1.16859,141,8,0
2026-05-05 04:30:00+00:00,1.16858,1.16871,1.16837,1.16839,342,8,0
2026-05-05 04:45:00+00:00,1.16839,1.16839,1.16765,1.16776,319,8,0
2026-05-05 05:00:00+00:00,1.16774,1.16799,1.1676199999999999,1.16788,291,8,0
2026-05-05 05:15:00+00:00,1.16788,1.16815,1.16771,1.16792,243,8,0
2026-05-05 05:30:00+00:00,1.16794,1.16841,1.16792,1.16832,470,8,0
2026-05-05 05:45:00+00:00,1.16832,1.16841,1.16806,1.16827,304,8,0
2026-05-05 06:00:00+00:00,1.16827,1.16869,1.16816,1.16852,587,8,0
2026-05-05 06:15:00+00:00,1.16852,1.1686,1.1679,1.16845,503,8,0
2026-05-05 06:30:00+00:00,1.16844,1.16891,1.16836,1.16869,557,8,0
2026-05-05 06:45:00+00:00,1.1687,1.16878,1.16846,1.16856,469,8,0
2026-05-05 07:00:00+00:00,1.16858,1.16927,1.16853,1.16892,673,8,0
2026-05-05 07:15:00+00:00,1.1689,1.16907,1.16872,1.16873,409,8,0
2026-05-05 07:30:00+00:00,1.1687400000000001,1.16962,1.16863,1.16915,668,8,0
2026-05-05 07:45:00+00:00,1.16915,1.1693,1.16888,1.16888,422,8,0
2026-05-05 08:00:00+00:00,1.16886,1.1693,1.16882,1.16913,479,8,0
2026-05-05 08:15:00+00:00,1.16913,1.16965,1.16912,1.16938,414,8,0
2026-05-05 08:30:00+00:00,1.16937,1.16947,1.16845,1.1687,495,8,0
2026-05-05 08:45:00+00:00,1.1687,1.16904,1.16851,1.1688399999999999,501,8,0
2026-05-05 09:00:00+00:00,1.1688399999999999,1.16901,1.16836,1.16861,653,8,0
2026-05-05 09:15:00+00:00,1.1686,1.16865,1.16807,1.16859,529,8,0
2026-05-05 09:30:00+00:00,1.16859,1.16913,1.16859,1.16907,536,8,0
2026-05-05 09:45:00+00:00,1.16907,1.16926,1.1686,1.169,503,8,0
2026-05-05 10:00:00+00:00,1.169,1.16902,1.16868,1.1689,359,8,0
2026-05-05 10:15:00+00:00,1.1689,1.1695,1.1688399999999999,1.16941,399,8,0
2026-05-05 10:30:00+00:00,1.1694,1.16975,1.16878,1.1689,574,8,0
2026-05-05 10:45:00+00:00,1.16891,1.16894,1.1687,1.16892,321,8,0
2026-05-05 11:00:00+00:00,1.1689,1.16897,1.1683,1.16854,573,8,0
2026-05-05 11:15:00+00:00,1.16855,1.16933,1.1683,1.16922,559,8,0
2026-05-05 11:30:00+00:00,1.16923,1.16941,1.16893,1.16899,464,8,0
2026-05-05 11:45:00+00:00,1.16899,1.16912,1.1687400000000001,1.16888,458,8,0
2026-05-05 12:00:00+00:00,1.16887,1.16919,1.16848,1.16905,1003,8,0
2026-05-05 12:15:00+00:00,1.16907,1.16974,1.16903,1.16958,778,8,0
2026-05-05 12:30:00+00:00,1.16958,1.1696900000000001,1.16901,1.16904,499,8,0
2026-05-05 12:45:00+00:00,1.16904,1.16929,1.16897,1.16919,459,8,0
2026-05-05 13:00:00+00:00,1.16919,1.17035,1.1691799999999999,1.17002,713,8,0
2026-05-05 13:15:00+00:00,1.17001,1.17042,1.16997,1.17004,502,8,0
2026-05-05 13:30:00+00:00,1.17004,1.1703000000000001,1.16975,1.1698,647,8,0
2026-05-05 13:45:00+00:00,1.1698,1.17007,1.16961,1.16975,654,8,0
2026-05-05 14:00:00+00:00,1.16973,1.17053,1.16954,1.16973,1129,8,0
2026-05-05 14:15:00+00:00,1.16975,1.17041,1.16912,1.17014,1171,8,0
2026-05-05 14:30:00+00:00,1.17017,1.17038,1.16973,1.17024,828,8,0
2026-05-05 14:45:00+00:00,1.17024,1.17055,1.16984,1.17054,841,8,0
2026-05-05 15:00:00+00:00,1.17053,1.17102,1.17046,1.17056,638,8,0
2026-05-05 15:15:00+00:00,1.17055,1.17059,1.17008,1.17056,599,8,0
2026-05-05 15:30:00+00:00,1.17055,1.17132,1.17032,1.17113,704,8,0
2026-05-05 15:45:00+00:00,1.17113,1.17133,1.17063,1.17064,505,8,0
2026-05-05 16:00:00+00:00,1.17062,1.17086,1.17018,1.17018,434,8,0
2026-05-05 16:15:00+00:00,1.17016,1.17021,1.16984,1.17002,431,8,0
2026-05-05 16:30:00+00:00,1.17001,1.17028,1.16977,1.17027,384,8,0
2026-05-05 16:45:00+00:00,1.17027,1.17031,1.16984,1.1699,386,8,0
2026-05-05 17:00:00+00:00,1.16991,1.17015,1.16958,1.16971,434,8,0
2026-05-05 17:15:00+00:00,1.16971,1.16995,1.16967,1.16992,358,8,0
2026-05-05 17:30:00+00:00,1.1699,1.1703999999999999,1.16986,1.16992,496,8,0
2026-05-05 17:45:00+00:00,1.16993,1.1701,1.16975,1.16982,322,8,0
2026-05-05 18:00:00+00:00,1.16982,1.17004,1.16973,1.16981,273,8,0
2026-05-05 18:15:00+00:00,1.16982,1.17005,1.1697899999999999,1.1699,218,8,0
2026-05-05 18:30:00+00:00,1.1699,1.16997,1.16966,1.16986,262,8,0
2026-05-05 18:45:00+00:00,1.16986,1.1700599999999999,1.16985,1.16997,228,8,0
2026-05-05 19:00:00+00:00,1.16995,1.17009,1.16971,1.16975,241,8,0
2026-05-05 19:15:00+00:00,1.16975,1.16976,1.16946,1.1695,238,8,0
2026-05-05 19:30:00+00:00,1.16951,1.16966,1.16948,1.16951,217,8,0
2026-05-05 19:45:00+00:00,1.16952,1.16965,1.16937,1.16951,334,8,0
2026-05-05 20:00:00+00:00,1.16949,1.16966,1.16947,1.16958,199,8,0
2026-05-05 20:15:00+00:00,1.16958,1.16958,1.16939,1.16943,127,8,0
2026-05-05 20:30:00+00:00,1.16941,1.16944,1.16922,1.16923,101,8,0
2026-05-05 20:45:00+00:00,1.16923,1.16947,1.16901,1.16917,163,8,0
2026-05-05 21:00:00+00:00,1.16916,1.16926,1.16903,1.16905,74,20,0
2026-05-05 21:15:00+00:00,1.16905,1.16927,1.16903,1.16906,55,20,0
2026-05-05 21:30:00+00:00,1.16905,1.1693,1.16905,1.16928,62,20,0
2026-05-05 21:45:00+00:00,1.16927,1.16933,1.16925,1.16933,69,8,0
2026-05-05 22:00:00+00:00,1.16933,1.1695,1.16932,1.16939,123,8,0
2026-05-05 22:15:00+00:00,1.16939,1.16939,1.16915,1.16927,100,8,0
2026-05-05 22:30:00+00:00,1.16927,1.16934,1.16917,1.16934,90,8,0
2026-05-05 22:45:00+00:00,1.16934,1.1709,1.16927,1.17053,773,8,0
2026-05-05 23:00:00+00:00,1.17055,1.17241,1.17049,1.17228,717,8,0
2026-05-05 23:15:00+00:00,1.17228,1.17251,1.17172,1.17174,509,8,0
2026-05-05 23:30:00+00:00,1.17174,1.17211,1.17161,1.17161,320,8,0
2026-05-05 23:45:00+00:00,1.17161,1.17175,1.17143,1.17146,297,8,0
2026-05-06 00:00:00+00:00,1.17148,1.17163,1.1712,1.17126,821,8,0
2026-05-06 00:15:00+00:00,1.17124,1.17177,1.1711,1.17133,526,8,0
2026-05-06 00:30:00+00:00,1.17135,1.17201,1.1712799999999999,1.1718899999999999,476,8,0
2026-05-06 00:45:00+00:00,1.17188,1.17212,1.17167,1.172,422,8,0
2026-05-06 01:00:00+00:00,1.17198,1.1721300000000001,1.17173,1.17191,480,8,0
2026-05-06 01:15:00+00:00,1.1719,1.17249,1.17183,1.17219,383,8,0
2026-05-06 01:30:00+00:00,1.17219,1.17228,1.17181,1.17228,415,8,0
2026-05-06 01:45:00+00:00,1.17228,1.17256,1.17205,1.17209,446,8,0
2026-05-06 02:00:00+00:00,1.17209,1.17244,1.17208,1.17209,408,8,0
2026-05-06 02:15:00+00:00,1.17209,1.1723,1.17179,1.17182,304,8,0
2026-05-06 02:30:00+00:00,1.17182,1.17196,1.17161,1.17163,258,8,0
2026-05-06 02:45:00+00:00,1.17161,1.17182,1.17155,1.17171,217,8,0
2026-05-06 03:00:00+00:00,1.17169,1.17216,1.17165,1.17211,322,8,0
2026-05-06 03:15:00+00:00,1.17211,1.17218,1.17185,1.17198,269,8,0
2026-05-06 03:30:00+00:00,1.17198,1.17228,1.17176,1.17202,350,8,0
2026-05-06 03:45:00+00:00,1.17201,1.17203,1.17161,1.17174,233,8,0
2026-05-06 04:00:00+00:00,1.17174,1.1718,1.17159,1.1718,198,8,0
2026-05-06 04:15:00+00:00,1.17181,1.17279,1.17172,1.17279,575,8,0
2026-05-06 04:30:00+00:00,1.17279,1.17363,1.1726,1.17329,1475,8,0
2026-05-06 04:45:00+00:00,1.17329,1.17426,1.17305,1.17368,1256,8,0
2026-05-06 05:00:00+00:00,1.17366,1.17379,1.17334,1.1733500000000001,649,8,0
2026-05-06 05:15:00+00:00,1.1733500000000001,1.1734,1.17298,1.17328,498,8,0
2026-05-06 05:30:00+00:00,1.17328,1.17331,1.17309,1.1732,347,8,0
2026-05-06 05:45:00+00:00,1.1732,1.17333,1.17304,1.17326,326,8,0
2026-05-06 06:00:00+00:00,1.17327,1.17348,1.17302,1.17325,654,8,0
2026-05-06 06:15:00+00:00,1.17323,1.17349,1.17303,1.17322,467,8,0
2026-05-06 06:30:00+00:00,1.17322,1.17334,1.17281,1.17313,632,8,0
2026-05-06 06:45:00+00:00,1.17312,1.17351,1.1730800000000001,1.17332,463,8,0
2026-05-06 07:00:00+00:00,1.17332,1.17363,1.17278,1.17278,686,8,0
2026-05-06 07:15:00+00:00,1.17278,1.17305,1.17267,1.173,541,8,0
2026-05-06 07:30:00+00:00,1.17299,1.17306,1.17242,1.1727400000000001,521,8,0
2026-05-06 07:45:00+00:00,1.17275,1.1738,1.17275,1.17372,792,8,0
2026-05-06 08:00:00+00:00,1.17371,1.17395,1.17329,1.17334,831,8,0
2026-05-06 08:15:00+00:00,1.17332,1.17377,1.17326,1.17373,510,8,0
2026-05-06 08:30:00+00:00,1.17374,1.17492,1.17368,1.17474,689,8,0
2026-05-06 08:45:00+00:00,1.17474,1.17704,1.1747,1.17619,2414,8,0
2026-05-06 09:00:00+00:00,1.17618,1.17643,1.17557,1.17591,1102,8,0
2026-05-06 09:15:00+00:00,1.17592,1.17694,1.17586,1.17662,897,8,0
2026-05-06 09:30:00+00:00,1.1766,1.17733,1.17646,1.17709,883,8,0
2026-05-06 09:45:00+00:00,1.1771,1.17769,1.17705,1.17747,570,8,0
2026-05-06 10:00:00+00:00,1.1775,1.17767,1.17687,1.17688,719,8,0
2026-05-06 10:15:00+00:00,1.17687,1.17702,1.17664,1.17691,627,8,0
2026-05-06 10:30:00+00:00,1.17692,1.17836,1.17692,1.17826,792,8,0
2026-05-06 10:45:00+00:00,1.17826,1.17964,1.17793,1.17886,1533,8,0
2026-05-06 11:00:00+00:00,1.17884,1.17914,1.17823,1.17845,1134,8,0
2026-05-06 11:15:00+00:00,1.17844,1.1789399999999999,1.17818,1.17847,780,8,0
2026-05-06 11:30:00+00:00,1.17849,1.17862,1.1774,1.17753,1204,8,0
2026-05-06 11:45:00+00:00,1.17755,1.17764,1.1768,1.17698,994,8,0
2026-05-06 12:00:00+00:00,1.177,1.177,1.1751800000000001,1.17566,1175,8,0
2026-05-06 12:15:00+00:00,1.17569,1.1762,1.17515,1.17601,1317,8,0
2026-05-06 12:30:00+00:00,1.17603,1.17635,1.17554,1.17607,865,8,0
2026-05-06 12:45:00+00:00,1.17608,1.17608,1.17524,1.17535,807,8,0
2026-05-06 13:00:00+00:00,1.17532,1.1758899999999999,1.17461,1.17555,1369,8,0
2026-05-06 13:15:00+00:00,1.17555,1.17577,1.17492,1.17505,784,8,0
2026-05-06 13:30:00+00:00,1.17503,1.17559,1.1747,1.17515,1017,8,0
2026-05-06 13:45:00+00:00,1.17515,1.17548,1.17494,1.17513,792,8,0
2026-05-06 14:00:00+00:00,1.17514,1.1751800000000001,1.17445,1.17478,931,8,0
2026-05-06 14:15:00+00:00,1.17476,1.17517,1.17451,1.17466,722,8,0
2026-05-06 14:30:00+00:00,1.17465,1.17618,1.17462,1.17618,967,8,0
2026-05-06 14:45:00+00:00,1.17614,1.17626,1.17543,1.17548,1009,8,0
2026-05-06 15:00:00+00:00,1.17548,1.1755,1.17484,1.175,789,8,0
2026-05-06 15:15:00+00:00,1.17497,1.17538,1.17494,1.1752799999999999,603,8,0
2026-05-06 15:30:00+00:00,1.1753,1.17581,1.17514,1.1755,701,8,0
2026-05-06 15:45:00+00:00,1.17553,1.17572,1.17519,1.17525,583,8,0
2026-05-06 16:00:00+00:00,1.17524,1.17531,1.17488,1.1751,569,8,0
2026-05-06 16:15:00+00:00,1.17508,1.17526,1.17496,1.17504,440,8,0
2026-05-06 16:30:00+00:00,1.17505,1.17526,1.1749100000000001,1.175,420,8,0
2026-05-06 16:45:00+00:00,1.17498,1.1750099999999999,1.17417,1.17441,689,8,0
2026-05-06 17:00:00+00:00,1.1743999999999999,1.17526,1.17424,1.17511,469,8,0
2026-05-06 17:15:00+00:00,1.17511,1.17551,1.1750099999999999,1.1753,348,8,0
2026-05-06 17:30:00+00:00,1.17532,1.17535,1.17455,1.1746699999999999,452,8,0
2026-05-06 17:45:00+00:00,1.1746699999999999,1.1748,1.17443,1.17479,475,8,0
2026-05-06 18:00:00+00:00,1.1748,1.17494,1.17454,1.17459,474,8,0
2026-05-06 18:15:00+00:00,1.17459,1.17483,1.17444,1.17453,336,8,0
2026-05-06 18:30:00+00:00,1.17453,1.17479,1.17453,1.1746699999999999,302,8,0
2026-05-06 18:45:00+00:00,1.1746699999999999,1.17513,1.17455,1.1749100000000001,366,8,0
2026-05-06 19:00:00+00:00,1.17489,1.17539,1.17484,1.1753,396,8,0
2026-05-06 19:15:00+00:00,1.1753,1.17551,1.17523,1.1753,278,8,0
2026-05-06 19:30:00+00:00,1.17529,1.1753,1.17484,1.17484,291,8,0
2026-05-06 19:45:00+00:00,1.17484,1.17516,1.17473,1.17474,447,8,0
2026-05-06 20:00:00+00:00,1.17474,1.1750099999999999,1.1746,1.17492,311,8,0
2026-05-06 20:15:00+00:00,1.1749100000000001,1.17503,1.17478,1.17481,198,8,0
2026-05-06 20:30:00+00:00,1.1748,1.17482,1.17449,1.17452,168,8,0
2026-05-06 20:45:00+00:00,1.17452,1.17483,1.17444,1.17471,199,8,0
2026-05-06 21:00:00+00:00,1.17473,1.17475,1.17447,1.17452,83,20,0
2026-05-06 21:15:00+00:00,1.17454,1.17471,1.17452,1.17471,119,48,0
2026-05-06 21:30:00+00:00,1.17471,1.17482,1.17462,1.17468,129,20,0
2026-05-06 21:45:00+00:00,1.17469,1.17495,1.17466,1.17494,105,8,0
2026-05-06 22:00:00+00:00,1.17494,1.17506,1.1749,1.17504,110,8,0
2026-05-06 22:15:00+00:00,1.17504,1.17507,1.17492,1.17495,112,8,0
2026-05-06 22:30:00+00:00,1.17495,1.17511,1.17492,1.17511,96,8,0
2026-05-06 22:45:00+00:00,1.17511,1.17511,1.17492,1.17504,132,8,0
2026-05-06 23:00:00+00:00,1.17502,1.1751800000000001,1.17498,1.17509,124,8,0
2026-05-06 23:15:00+00:00,1.17509,1.17511,1.17483,1.17489,103,8,0
2026-05-06 23:30:00+00:00,1.17488,1.1749,1.1748,1.17485,85,8,0
2026-05-06 23:45:00+00:00,1.17485,1.17493,1.17461,1.17477,181,8,0
2026-05-07 00:00:00+00:00,1.17477,1.17537,1.17463,1.17535,740,8,0
2026-05-07 00:15:00+00:00,1.17536,1.17537,1.17471,1.17484,447,8,0
2026-05-07 00:30:00+00:00,1.17484,1.17505,1.17468,1.17482,390,8,0
2026-05-07 00:45:00+00:00,1.17482,1.1749100000000001,1.17462,1.17482,384,8,0
2026-05-07 01:00:00+00:00,1.17482,1.17557,1.17461,1.17536,525,8,0
2026-05-07 01:15:00+00:00,1.17538,1.17574,1.17536,1.17568,503,8,0
2026-05-07 01:30:00+00:00,1.17566,1.17624,1.1755200000000001,1.17621,423,8,0
2026-05-07 01:45:00+00:00,1.1762,1.1763,1.17581,1.1758899999999999,420,8,0
2026-05-07 02:00:00+00:00,1.17587,1.17608,1.17557,1.17563,353,8,0
2026-05-07 02:15:00+00:00,1.1756199999999999,1.17571,1.17545,1.17563,283,8,0
2026-05-07 02:30:00+00:00,1.17565,1.17576,1.17542,1.17553,318,8,0
2026-05-07 02:45:00+00:00,1.17553,1.17576,1.17551,1.1756,284,8,0
2026-05-07 03:00:00+00:00,1.1756,1.17564,1.17525,1.17529,282,8,0
2026-05-07 03:15:00+00:00,1.17529,1.17551,1.17522,1.17524,247,8,0
2026-05-07 03:30:00+00:00,1.17524,1.17529,1.1750099999999999,1.1751,235,8,0
2026-05-07 03:45:00+00:00,1.17509,1.1751,1.17485,1.17485,243,8,0
2026-05-07 04:00:00+00:00,1.17485,1.17507,1.17474,1.175,253,8,0
2026-05-07 04:15:00+00:00,1.175,1.17524,1.175,1.17519,181,8,0
2026-05-07 04:30:00+00:00,1.17519,1.17532,1.17508,1.17514,215,8,0
2026-05-07 04:45:00+00:00,1.17516,1.17524,1.1750099999999999,1.17506,214,8,0
2026-05-07 05:00:00+00:00,1.17506,1.17531,1.17504,1.1751800000000001,272,8,0
2026-05-07 05:15:00+00:00,1.17519,1.17522,1.17495,1.17511,271,8,0
2026-05-07 05:30:00+00:00,1.17511,1.17532,1.1751,1.17522,270,8,0
2026-05-07 05:45:00+00:00,1.17522,1.17534,1.17506,1.17514,289,8,0
2026-05-07 06:00:00+00:00,1.17512,1.17516,1.17488,1.17497,397,8,0
2026-05-07 06:15:00+00:00,1.17499,1.17517,1.17474,1.17475,413,8,0
2026-05-07 06:30:00+00:00,1.17473,1.1756199999999999,1.17448,1.17559,830,8,0
2026-05-07 06:45:00+00:00,1.17557,1.17564,1.17444,1.17476,785,8,0
2026-05-07 07:00:00+00:00,1.17477,1.17666,1.17477,1.17666,1232,8,0
2026-05-07 07:15:00+00:00,1.17667,1.17682,1.17592,1.1764000000000001,923,8,0
2026-05-07 07:30:00+00:00,1.17642,1.17675,1.1761300000000001,1.17641,741,8,0
2026-05-07 07:45:00+00:00,1.17642,1.17669,1.17618,1.17665,649,8,0
2026-05-07 08:00:00+00:00,1.17667,1.17672,1.17645,1.17665,584,8,0
2026-05-07 08:15:00+00:00,1.17665,1.1771099999999999,1.17625,1.17693,808,8,0
2026-05-07 08:30:00+00:00,1.17694,1.17731,1.17677,1.17693,542,8,0
2026-05-07 08:45:00+00:00,1.17693,1.17737,1.1769,1.17714,447,8,0
2026-05-07 09:00:00+00:00,1.17716,1.17716,1.17655,1.17681,545,8,0
2026-05-07 09:15:00+00:00,1.17681,1.17696,1.17652,1.17683,498,8,0
2026-05-07 09:30:00+00:00,1.17682,1.17766,1.17676,1.1776200000000001,462,8,0
2026-05-07 09:45:00+00:00,1.17763,1.17779,1.1769,1.177,558,8,0
2026-05-07 10:00:00+00:00,1.17699,1.17755,1.17677,1.17749,542,8,0
2026-05-07 10:15:00+00:00,1.17749,1.17758,1.17727,1.17744,485,8,0
2026-05-07 10:30:00+00:00,1.17744,1.17754,1.17694,1.17716,512,8,0
2026-05-07 10:45:00+00:00,1.17716,1.17724,1.17646,1.17665,563,8,0
2026-05-07 11:00:00+00:00,1.17665,1.17681,1.17631,1.17635,517,8,0
2026-05-07 11:15:00+00:00,1.17634,1.17663,1.1762,1.17641,489,8,0
2026-05-07 11:30:00+00:00,1.17641,1.17677,1.17626,1.17653,495,8,0
2026-05-07 11:45:00+00:00,1.17653,1.17697,1.17635,1.17694,415,8,0
2026-05-07 12:00:00+00:00,1.17696,1.17718,1.1767400000000001,1.17705,557,8,0
2026-05-07 12:15:00+00:00,1.17707,1.1773,1.17669,1.177,597,8,0
2026-05-07 12:30:00+00:00,1.17699,1.1774499999999999,1.17687,1.17742,538,8,0
2026-05-07 12:45:00+00:00,1.17742,1.17776,1.17723,1.17726,628,8,0
2026-05-07 13:00:00+00:00,1.17726,1.17742,1.17696,1.17726,749,8,0
2026-05-07 13:15:00+00:00,1.17727,1.17766,1.17715,1.17752,557,8,0
2026-05-07 13:30:00+00:00,1.17751,1.17752,1.17692,1.17728,646,8,0
2026-05-07 13:45:00+00:00,1.17728,1.17743,1.17662,1.17683,886,8,0
2026-05-07 14:00:00+00:00,1.17681,1.17697,1.17637,1.17686,728,8,0
2026-05-07 14:15:00+00:00,1.17685,1.17728,1.17647,1.17691,795,8,0
2026-05-07 14:30:00+00:00,1.17694,1.1772,1.17672,1.17698,620,8,0
2026-05-07 14:45:00+00:00,1.17696,1.17768,1.17696,1.17756,719,8,0
2026-05-07 15:00:00+00:00,1.17756,1.17775,1.17731,1.17732,676,8,0
2026-05-07 15:15:00+00:00,1.17732,1.17752,1.17628,1.17646,885,8,0
2026-05-07 15:30:00+00:00,1.17649,1.1771099999999999,1.17641,1.17677,707,8,0
2026-05-07 15:45:00+00:00,1.17678,1.17686,1.17627,1.17635,673,8,0
2026-05-07 16:00:00+00:00,1.17632,1.17656,1.17583,1.17593,773,8,0
2026-05-07 16:15:00+00:00,1.17593,1.17635,1.1756199999999999,1.17628,696,8,0
2026-05-07 16:30:00+00:00,1.17629,1.17643,1.17596,1.17602,565,8,0
2026-05-07 16:45:00+00:00,1.17602,1.17611,1.17566,1.17601,524,8,0
2026-05-07 17:00:00+00:00,1.17604,1.17606,1.1756199999999999,1.17591,589,8,0
2026-05-07 17:15:00+00:00,1.1758899999999999,1.17593,1.17465,1.1747,1030,8,0
2026-05-07 17:30:00+00:00,1.17472,1.17493,1.17353,1.17437,1224,8,0
2026-05-07 17:45:00+00:00,1.17435,1.1749100000000001,1.1743000000000001,1.17488,855,8,0
2026-05-07 18:00:00+00:00,1.17486,1.17511,1.17459,1.17478,636,8,0
2026-05-07 18:15:00+00:00,1.17479,1.1751,1.17474,1.17506,488,8,0
2026-05-07 18:30:00+00:00,1.17506,1.17517,1.17395,1.1743000000000001,769,8,0
2026-05-07 18:45:00+00:00,1.17433,1.17505,1.17401,1.17495,1258,8,0
2026-05-07 19:00:00+00:00,1.17497,1.17536,1.17453,1.17486,723,8,0
2026-05-07 19:15:00+00:00,1.17487,1.17498,1.17361,1.17409,1130,8,0
2026-05-07 19:30:00+00:00,1.17411,1.17481,1.17408,1.17451,483,8,0
2026-05-07 19:45:00+00:00,1.17451,1.17456,1.17332,1.17334,919,8,0
2026-05-07 20:00:00+00:00,1.17336,1.17444,1.17329,1.17382,916,8,0
2026-05-07 20:15:00+00:00,1.17383,1.17384,1.17334,1.17344,334,8,0
2026-05-07 20:30:00+00:00,1.1734499999999999,1.17355,1.17288,1.17295,587,8,0
2026-05-07 20:45:00+00:00,1.17295,1.17297,1.17216,1.17233,339,8,0
2026-05-07 21:00:00+00:00,1.1722,1.17232,1.17199,1.17201,148,20,0
2026-05-07 21:15:00+00:00,1.172,1.17222,1.17198,1.17217,189,104,0
2026-05-07 21:30:00+00:00,1.17216,1.17233,1.17212,1.17229,257,68,0
2026-05-07 21:45:00+00:00,1.1723,1.17265,1.17206,1.17265,199,8,0
2026-05-07 22:00:00+00:00,1.17265,1.17282,1.17227,1.17262,322,8,0
2026-05-07 22:15:00+00:00,1.1726,1.17312,1.17254,1.17287,412,8,0
2026-05-07 22:30:00+00:00,1.17286,1.17297,1.17252,1.17268,257,8,0
2026-05-07 22:45:00+00:00,1.17268,1.17272,1.1724700000000001,1.17249,148,8,0
2026-05-07 23:00:00+00:00,1.17248,1.17258,1.17242,1.17252,143,8,0
2026-05-07 23:15:00+00:00,1.17252,1.1727400000000001,1.17252,1.17273,94,8,0
2026-05-07 23:30:00+00:00,1.17273,1.17283,1.17265,1.17282,125,8,0
2026-05-07 23:45:00+00:00,1.17282,1.17312,1.17282,1.17302,186,8,0
2026-05-08 00:00:00+00:00,1.17304,1.17343,1.17291,1.17315,522,8,0
2026-05-08 00:15:00+00:00,1.17314,1.17315,1.17262,1.17289,506,8,0
2026-05-08 00:30:00+00:00,1.17289,1.17311,1.17281,1.17286,348,8,0
2026-05-08 00:45:00+00:00,1.17286,1.17296,1.17267,1.17267,378,8,0
2026-05-08 01:00:00+00:00,1.17267,1.17317,1.17267,1.17306,465,8,0
2026-05-08 01:15:00+00:00,1.17306,1.17333,1.17291,1.17315,368,8,0
2026-05-08 01:30:00+00:00,1.17317,1.17329,1.17288,1.17299,303,8,0
2026-05-08 01:45:00+00:00,1.17299,1.17326,1.17298,1.17323,224,8,0
2026-05-08 02:00:00+00:00,1.17323,1.17324,1.17298,1.17301,259,8,0
2026-05-08 02:15:00+00:00,1.17301,1.17316,1.17282,1.17293,306,8,0
2026-05-08 02:30:00+00:00,1.17293,1.173,1.17242,1.17246,488,8,0
2026-05-08 02:45:00+00:00,1.17246,1.17299,1.17246,1.1727,359,8,0
2026-05-08 03:00:00+00:00,1.17272,1.1729,1.17266,1.17285,230,8,0
2026-05-08 03:15:00+00:00,1.17287,1.17294,1.17271,1.17285,169,8,0
2026-05-08 03:30:00+00:00,1.17285,1.17329,1.1728399999999999,1.17328,305,8,0
2026-05-08 03:45:00+00:00,1.1733,1.17334,1.1728,1.1728,278,8,0
2026-05-08 04:00:00+00:00,1.1728,1.17305,1.17279,1.17285,287,8,0
2026-05-08 04:15:00+00:00,1.17285,1.17298,1.17265,1.1729,227,8,0
2026-05-08 04:30:00+00:00,1.1729,1.17328,1.17286,1.17328,223,8,0
2026-05-08 04:45:00+00:00,1.17328,1.17357,1.17325,1.17349,298,8,0
2026-05-08 05:00:00+00:00,1.1735,1.17363,1.17327,1.17337,303,8,0
2026-05-08 05:15:00+00:00,1.17337,1.17362,1.17328,1.17361,243,8,0
2026-05-08 05:30:00+00:00,1.17361,1.17382,1.17341,1.17366,344,8,0
2026-05-08 05:45:00+00:00,1.17365,1.17382,1.17346,1.17366,277,8,0
2026-05-08 06:00:00+00:00,1.17366,1.17459,1.17365,1.17405,638,8,0
2026-05-08 06:15:00+00:00,1.17403,1.17472,1.17401,1.17472,460,8,0
2026-05-08 06:30:00+00:00,1.17471,1.17477,1.17427,1.1745700000000001,464,8,0
2026-05-08 06:45:00+00:00,1.1745700000000001,1.17476,1.17436,1.17439,443,8,0
2026-05-08 07:00:00+00:00,1.17437,1.17477,1.17422,1.17441,625,8,0
2026-05-08 07:15:00+00:00,1.17441,1.1745700000000001,1.1742,1.17423,563,8,0
2026-05-08 07:30:00+00:00,1.17423,1.17461,1.17421,1.17448,433,8,0
2026-05-08 07:45:00+00:00,1.17448,1.17448,1.17415,1.17428,357,8,0
2026-05-08 08:00:00+00:00,1.17426,1.1746699999999999,1.17418,1.17445,475,8,0
2026-05-08 08:15:00+00:00,1.17445,1.17549,1.17443,1.17548,563,8,0
2026-05-08 08:30:00+00:00,1.17549,1.17616,1.17546,1.1761,652,8,0
2026-05-08 08:45:00+00:00,1.17608,1.17655,1.17581,1.17636,594,8,0
2026-05-08 09:00:00+00:00,1.17637,1.17704,1.17627,1.17679,545,8,0
2026-05-08 09:15:00+00:00,1.17679,1.17731,1.17676,1.17677,430,8,0
2026-05-08 09:30:00+00:00,1.17678,1.177,1.17673,1.17685,362,8,0
2026-05-08 09:45:00+00:00,1.17685,1.17712,1.17663,1.17685,488,8,0
2026-05-08 10:00:00+00:00,1.1768399999999999,1.17722,1.17678,1.177,353,8,0
2026-05-08 10:15:00+00:00,1.177,1.1771099999999999,1.1768399999999999,1.1769,314,8,0
2026-05-08 10:30:00+00:00,1.1769,1.17717,1.17668,1.17669,354,8,0
2026-05-08 10:45:00+00:00,1.17669,1.17682,1.17611,1.17638,475,8,0
2026-05-08 11:00:00+00:00,1.17639,1.17657,1.17614,1.17642,470,8,0
2026-05-08 11:15:00+00:00,1.17641,1.17675,1.17636,1.17664,373,8,0
2026-05-08 11:30:00+00:00,1.17666,1.17687,1.17645,1.17645,327,8,0
2026-05-08 11:45:00+00:00,1.17644,1.1767,1.17631,1.17649,390,8,0
2026-05-08 12:00:00+00:00,1.17651,1.17652,1.17591,1.17598,543,8,0
2026-05-08 12:15:00+00:00,1.17597,1.17668,1.17593,1.17647,558,8,0
2026-05-08 12:30:00+00:00,1.17646,1.17785,1.17556,1.17765,1328,8,0
2026-05-08 12:45:00+00:00,1.17764,1.1778,1.1771,1.17738,893,8,0
2026-05-08 13:00:00+00:00,1.17736,1.17748,1.17661,1.17676,868,8,0
2026-05-08 13:15:00+00:00,1.17676,1.17785,1.17661,1.17768,728,8,0
2026-05-08 13:30:00+00:00,1.17771,1.1786699999999999,1.1776,1.17817,1046,8,0
2026-05-08 13:45:00+00:00,1.17818,1.17842,1.1777,1.17787,667,8,0
2026-05-08 14:00:00+00:00,1.17786,1.17793,1.1767,1.1773,784,8,0
2026-05-08 14:15:00+00:00,1.1773,1.17757,1.17671,1.17676,788,8,0
2026-05-08 14:30:00+00:00,1.1767400000000001,1.17757,1.1767,1.17728,788,8,0
2026-05-08 14:45:00+00:00,1.17729,1.1776200000000001,1.17727,1.17739,712,8,0
2026-05-08 15:00:00+00:00,1.17739,1.17781,1.17685,1.17699,871,8,0
2026-05-08 15:15:00+00:00,1.17699,1.17724,1.17666,1.17722,588,8,0
2026-05-08 15:30:00+00:00,1.17724,1.17761,1.17679,1.1773,793,8,0
2026-05-08 15:45:00+00:00,1.1773,1.17782,1.17719,1.17725,651,8,0
2026-05-08 16:00:00+00:00,1.17723,1.17783,1.17713,1.17744,601,8,0
2026-05-08 16:15:00+00:00,1.17744,1.17771,1.17744,1.1776200000000001,315,8,0
2026-05-08 16:30:00+00:00,1.1776200000000001,1.1777199999999999,1.17709,1.1772,368,8,0
2026-05-08 16:45:00+00:00,1.17719,1.1774,1.17702,1.17709,354,8,0
2026-05-08 17:00:00+00:00,1.17707,1.17732,1.17702,1.1771,368,8,0
2026-05-08 17:15:00+00:00,1.17709,1.17753,1.17705,1.17737,369,8,0
2026-05-08 17:30:00+00:00,1.17737,1.17752,1.17727,1.17738,232,8,0
2026-05-08 17:45:00+00:00,1.17737,1.1776,1.17712,1.1772,333,8,0
2026-05-08 18:00:00+00:00,1.17718,1.17816,1.17704,1.17798,684,8,0
2026-05-08 18:15:00+00:00,1.17797,1.17803,1.17769,1.1778,320,8,0
2026-05-08 18:30:00+00:00,1.1778,1.17788,1.17764,1.17783,273,8,0
2026-05-08 18:45:00+00:00,1.17781,1.17798,1.1775,1.17781,385,8,0
2026-05-08 19:00:00+00:00,1.1778,1.17818,1.17775,1.17809,305,8,0
2026-05-08 19:15:00+00:00,1.17809,1.17817,1.17802,1.17813,211,8,0
2026-05-08 19:30:00+00:00,1.17813,1.17829,1.17798,1.1782,305,8,0
2026-05-08 19:45:00+00:00,1.17819,1.17823,1.17763,1.17798,435,8,0
2026-05-08 20:00:00+00:00,1.17799,1.1783299999999999,1.17784,1.1783,298,8,0
2026-05-08 20:15:00+00:00,1.17829,1.17844,1.17826,1.1783299999999999,146,8,0
2026-05-08 20:30:00+00:00,1.1783299999999999,1.1786699999999999,1.1783,1.17859,207,8,0
2026-05-08 20:45:00+00:00,1.17859,1.17876,1.17832,1.17848,219,8,0
2026-05-10 21:00:00+00:00,1.17485,1.17537,1.17471,1.17521,100,48,0
2026-05-10 21:15:00+00:00,1.17517,1.1751800000000001,1.17465,1.17517,140,48,0
2026-05-10 21:30:00+00:00,1.1751800000000001,1.17651,1.17517,1.17651,229,48,0
2026-05-10 21:45:00+00:00,1.17651,1.17654,1.17577,1.17605,149,48,0
2026-05-10 22:00:00+00:00,1.17619,1.1764000000000001,1.17569,1.17609,590,8,0
2026-05-10 22:15:00+00:00,1.17609,1.17632,1.17583,1.17631,310,8,0
2026-05-10 22:30:00+00:00,1.17631,1.17644,1.17621,1.17638,250,8,0
2026-05-10 22:45:00+00:00,1.17638,1.17645,1.17626,1.17638,165,8,0
2026-05-10 23:00:00+00:00,1.17638,1.17654,1.17635,1.17641,131,8,0
2026-05-10 23:15:00+00:00,1.17641,1.17675,1.17639,1.17668,133,8,0
2026-05-10 23:30:00+00:00,1.17668,1.1769,1.17661,1.1769,142,8,0
2026-05-10 23:45:00+00:00,1.17691,1.17696,1.17663,1.17668,225,8,0
2026-05-11 00:00:00+00:00,1.17668,1.1771099999999999,1.17651,1.17678,429,8,0
2026-05-11 00:15:00+00:00,1.17679,1.17709,1.17668,1.17703,270,8,0
2026-05-11 00:30:00+00:00,1.17702,1.17715,1.17689,1.17692,235,8,0
2026-05-11 00:45:00+00:00,1.17692,1.17702,1.17657,1.17697,523,8,0
2026-05-11 01:00:00+00:00,1.17696,1.17709,1.17644,1.17675,500,8,0
2026-05-11 01:15:00+00:00,1.17675,1.17697,1.17662,1.17687,327,8,0
2026-05-11 01:30:00+00:00,1.17687,1.17693,1.17628,1.17647,388,8,0
2026-05-11 01:45:00+00:00,1.17647,1.17648,1.17614,1.17627,285,8,0
2026-05-11 02:00:00+00:00,1.17627,1.17652,1.17625,1.17635,314,8,0
2026-05-11 02:15:00+00:00,1.17635,1.17652,1.17634,1.17648,168,8,0
2026-05-11 02:30:00+00:00,1.17648,1.17659,1.17616,1.17616,241,8,0
2026-05-11 02:45:00+00:00,1.17616,1.1762,1.17586,1.1759,263,8,0
2026-05-11 03:00:00+00:00,1.1759,1.1759,1.17567,1.17586,224,8,0
2026-05-11 03:15:00+00:00,1.17586,1.17591,1.17566,1.17569,168,8,0
2026-05-11 03:30:00+00:00,1.17569,1.1758899999999999,1.17565,1.17585,170,8,0
2026-05-11 03:45:00+00:00,1.17584,1.1758899999999999,1.17557,1.17564,228,8,0
2026-05-11 04:00:00+00:00,1.17565,1.1757,1.17541,1.1755200000000001,217,8,0
2026-05-11 04:15:00+00:00,1.1755200000000001,1.17556,1.17542,1.17542,114,8,0
2026-05-11 04:30:00+00:00,1.17542,1.17544,1.17517,1.17522,154,8,0
2026-05-11 04:45:00+00:00,1.17522,1.17533,1.17499,1.17502,163,8,0
2026-05-11 05:00:00+00:00,1.17502,1.17544,1.175,1.17538,209,8,0
2026-05-11 05:15:00+00:00,1.17538,1.17541,1.17521,1.17522,179,8,0
2026-05-11 05:30:00+00:00,1.17522,1.17531,1.17504,1.17506,193,8,0
2026-05-11 05:45:00+00:00,1.17508,1.17513,1.17484,1.17497,269,8,0
2026-05-11 06:00:00+00:00,1.17497,1.17577,1.17497,1.17569,475,8,0
2026-05-11 06:15:00+00:00,1.17569,1.17588,1.17544,1.17586,403,8,0
2026-05-11 06:30:00+00:00,1.17586,1.1762299999999999,1.17584,1.17615,390,8,0
2026-05-11 06:45:00+00:00,1.17614,1.17676,1.17605,1.17671,424,8,0
2026-05-11 07:00:00+00:00,1.17673,1.17685,1.17643,1.17668,495,8,0
2026-05-11 07:15:00+00:00,1.17668,1.17743,1.17667,1.17707,468,8,0
2026-05-11 07:30:00+00:00,1.17708,1.17717,1.17666,1.17706,461,8,0
2026-05-11 07:45:00+00:00,1.17706,1.17718,1.17678,1.17714,375,8,0
2026-05-11 08:00:00+00:00,1.17716,1.1776,1.1771099999999999,1.17754,525,8,0
2026-05-11 08:15:00+00:00,1.17753,1.17817,1.17753,1.17794,402,8,0
2026-05-11 08:30:00+00:00,1.17794,1.17808,1.17752,1.17752,392,8,0
2026-05-11 08:45:00+00:00,1.17751,1.17757,1.17709,1.1771099999999999,423,8,0
2026-05-11 09:00:00+00:00,1.17709,1.17743,1.17705,1.1773,301,8,0
2026-05-11 09:15:00+00:00,1.17731,1.17736,1.17702,1.17705,302,8,0
2026-05-11 09:30:00+00:00,1.17705,1.17728,1.1769,1.17703,311,8,0
2026-05-11 09:45:00+00:00,1.1770100000000001,1.17713,1.17669,1.1767,363,8,0
2026-05-11 10:00:00+00:00,1.17669,1.1767400000000001,1.17643,1.1767,292,8,0
2026-05-11 10:15:00+00:00,1.17672,1.17685,1.17656,1.17678,250,8,0
2026-05-11 10:30:00+00:00,1.17677,1.17713,1.1766,1.1771099999999999,422,8,0
2026-05-11 10:45:00+00:00,1.1771099999999999,1.17738,1.17685,1.17687,473,8,0
2026-05-11 11:00:00+00:00,1.17689,1.17734,1.1768399999999999,1.17732,494,8,0
2026-05-11 11:15:00+00:00,1.1773,1.17744,1.17715,1.17737,323,8,0
2026-05-11 11:30:00+00:00,1.17739,1.17743,1.1771099999999999,1.17718,330,8,0
2026-05-11 11:45:00+00:00,1.17718,1.17739,1.17631,1.17679,515,8,0
2026-05-11 12:00:00+00:00,1.17681,1.1768399999999999,1.1764000000000001,1.17663,467,8,0
2026-05-11 12:15:00+00:00,1.17663,1.17742,1.17641,1.17716,571,8,0
2026-05-11 12:30:00+00:00,1.17714,1.17742,1.1768399999999999,1.17725,537,8,0
2026-05-11 12:45:00+00:00,1.17725,1.1774,1.1767400000000001,1.1774,662,8,0
2026-05-11 13:00:00+00:00,1.17742,1.17849,1.17738,1.17828,680,8,0
2026-05-11 13:15:00+00:00,1.17828,1.17846,1.17793,1.17828,493,8,0
2026-05-11 13:30:00+00:00,1.1783,1.17861,1.17787,1.17859,636,8,0
2026-05-11 13:45:00+00:00,1.1785700000000001,1.17875,1.17841,1.17847,499,8,0
2026-05-11 14:00:00+00:00,1.17847,1.17859,1.17792,1.17848,573,8,0
2026-05-11 14:15:00+00:00,1.1785,1.17872,1.17842,1.1785,509,8,0
2026-05-11 14:30:00+00:00,1.17852,1.17875,1.17804,1.17864,828,8,0
2026-05-11 14:45:00+00:00,1.17863,1.17866,1.17786,1.17794,723,8,0
2026-05-11 15:00:00+00:00,1.17791,1.1783,1.17785,1.17808,607,8,0
2026-05-11 15:15:00+00:00,1.17807,1.17848,1.17792,1.1781,447,8,0
2026-05-11 15:30:00+00:00,1.17807,1.17825,1.17784,1.17791,511,8,0
2026-05-11 15:45:00+00:00,1.17789,1.17814,1.17765,1.1779600000000001,526,8,0
2026-05-11 16:00:00+00:00,1.17798,1.178,1.17775,1.1779,335,8,0
2026-05-11 16:15:00+00:00,1.1779,1.17792,1.17755,1.17755,267,8,0
2026-05-11 16:30:00+00:00,1.17755,1.17786,1.17721,1.1775,469,8,0
2026-05-11 16:45:00+00:00,1.1775,1.17766,1.17721,1.17731,448,8,0
2026-05-11 17:00:00+00:00,1.1773,1.17748,1.17706,1.17746,403,8,0
2026-05-11 17:15:00+00:00,1.17746,1.1777199999999999,1.17744,1.17757,382,8,0
2026-05-11 17:30:00+00:00,1.17755,1.17782,1.17754,1.17765,274,8,0
2026-05-11 17:45:00+00:00,1.17765,1.17783,1.17763,1.17777,215,8,0
2026-05-11 18:00:00+00:00,1.17776,1.17797,1.17774,1.17784,264,8,0
2026-05-11 18:15:00+00:00,1.17784,1.178,1.1777199999999999,1.1779,302,8,0
2026-05-11 18:30:00+00:00,1.17789,1.17795,1.17754,1.17755,228,8,0
2026-05-11 18:45:00+00:00,1.17756,1.17764,1.17741,1.17747,278,8,0
2026-05-11 19:00:00+00:00,1.17748,1.17767,1.1774,1.1774499999999999,303,8,0
2026-05-11 19:15:00+00:00,1.1774499999999999,1.17766,1.17744,1.17751,222,8,0
2026-05-11 19:30:00+00:00,1.17751,1.17771,1.17746,1.17761,281,8,0
2026-05-11 19:45:00+00:00,1.17761,1.17775,1.17742,1.17769,306,8,0
2026-05-11 20:00:00+00:00,1.1777,1.17788,1.17734,1.17779,363,8,0
2026-05-11 20:15:00+00:00,1.17779,1.17807,1.17778,1.17801,210,8,0
2026-05-11 20:30:00+00:00,1.17801,1.17825,1.17801,1.17809,151,8,0
2026-05-11 20:45:00+00:00,1.17809,1.1782,1.17794,1.17814,186,8,0
2026-05-11 21:00:00+00:00,1.17809,1.17815,1.17792,1.17794,68,20,0
2026-05-11 21:15:00+00:00,1.17795,1.1780599999999999,1.17786,1.17795,151,48,0
2026-05-11 21:30:00+00:00,1.17795,1.17817,1.17795,1.17813,113,20,0
2026-05-11 21:45:00+00:00,1.17812,1.1783,1.1779,1.1783,157,20,0
2026-05-11 22:00:00+00:00,1.1783,1.17872,1.1783,1.17864,114,8,0
2026-05-11 22:15:00+00:00,1.17864,1.17874,1.17863,1.17865,97,8,0
2026-05-11 22:30:00+00:00,1.17864,1.17869,1.1786,1.17861,85,8,0
2026-05-11 22:45:00+00:00,1.17861,1.17864,1.17846,1.17846,65,8,0
2026-05-11 23:00:00+00:00,1.17848,1.17852,1.17839,1.17839,97,8,0
2026-05-11 23:15:00+00:00,1.1784,1.1784,1.17804,1.17804,115,8,0
2026-05-11 23:30:00+00:00,1.17805,1.17815,1.17776,1.17787,152,8,0
2026-05-11 23:45:00+00:00,1.17787,1.17801,1.17768,1.1778,164,8,0
2026-05-12 00:00:00+00:00,1.17778,1.17778,1.17736,1.17757,330,8,0
2026-05-12 00:15:00+00:00,1.17757,1.17769,1.17729,1.17748,315,8,0
2026-05-12 00:30:00+00:00,1.17748,1.17749,1.17715,1.17716,222,8,0
2026-05-12 00:45:00+00:00,1.17716,1.17733,1.1766,1.17668,387,8,0
2026-05-12 01:00:00+00:00,1.17666,1.17688,1.17638,1.17645,389,8,0
2026-05-12 01:15:00+00:00,1.17645,1.17655,1.17612,1.17618,330,8,0
2026-05-12 01:30:00+00:00,1.17617,1.17659,1.17575,1.17608,567,8,0
2026-05-12 01:45:00+00:00,1.17607,1.17632,1.17592,1.1761,447,8,0
2026-05-12 02:00:00+00:00,1.17611,1.17631,1.17606,1.1761300000000001,267,8,0
2026-05-12 02:15:00+00:00,1.1761300000000001,1.17615,1.17594,1.17608,228,8,0
2026-05-12 02:30:00+00:00,1.17607,1.17612,1.1759,1.17602,191,8,0
2026-05-12 02:45:00+00:00,1.17602,1.17643,1.17602,1.17621,234,8,0
2026-05-12 03:00:00+00:00,1.17619,1.17628,1.17573,1.17587,218,8,0
2026-05-12 03:15:00+00:00,1.17587,1.17591,1.17561,1.17568,219,8,0
2026-05-12 03:30:00+00:00,1.17568,1.1757900000000001,1.17564,1.17577,162,8,0
2026-05-12 03:45:00+00:00,1.17577,1.1758,1.17544,1.17561,202,8,0
2026-05-12 04:00:00+00:00,1.17561,1.17576,1.1755200000000001,1.17553,243,8,0
2026-05-12 04:15:00+00:00,1.17553,1.17573,1.17553,1.17557,140,8,0
2026-05-12 04:30:00+00:00,1.17557,1.17594,1.17557,1.17592,181,8,0
2026-05-12 04:45:00+00:00,1.17592,1.17596,1.17563,1.17568,269,8,0
2026-05-12 05:00:00+00:00,1.17569,1.17581,1.17522,1.17535,280,8,0
2026-05-12 05:15:00+00:00,1.17536,1.17558,1.1752,1.17547,305,8,0
2026-05-12 05:30:00+00:00,1.17547,1.17559,1.1753,1.17557,246,8,0
2026-05-12 05:45:00+00:00,1.17557,1.17676,1.17551,1.1762,690,8,0
2026-05-12 06:00:00+00:00,1.1762299999999999,1.17652,1.1756199999999999,1.17573,702,8,0
2026-05-12 06:15:00+00:00,1.17572,1.17583,1.17515,1.17545,549,8,0
2026-05-12 06:30:00+00:00,1.17548,1.17587,1.17529,1.17547,472,8,0
2026-05-12 06:45:00+00:00,1.17545,1.1755,1.17493,1.17502,491,8,0
2026-05-12 07:00:00+00:00,1.175,1.17505,1.17438,1.17468,714,8,0
2026-05-12 07:15:00+00:00,1.17468,1.17531,1.17463,1.17492,668,8,0
2026-05-12 07:30:00+00:00,1.17493,1.17502,1.17459,1.17459,551,8,0
2026-05-12 07:45:00+00:00,1.17459,1.17476,1.17432,1.17476,577,8,0
2026-05-12 08:00:00+00:00,1.17477,1.17483,1.1742,1.17435,521,8,0
2026-05-12 08:15:00+00:00,1.17435,1.17503,1.17431,1.1746699999999999,582,8,0
2026-05-12 08:30:00+00:00,1.17465,1.17475,1.17392,1.17419,545,8,0
2026-05-12 08:45:00+00:00,1.17419,1.17477,1.17417,1.17446,739,8,0
2026-05-12 09:00:00+00:00,1.17446,1.17477,1.17432,1.17461,436,8,0
2026-05-12 09:15:00+00:00,1.17459,1.17472,1.17435,1.17456,383,8,0
2026-05-12 09:30:00+00:00,1.1745700000000001,1.17512,1.17449,1.17449,794,8,0
2026-05-12 09:45:00+00:00,1.17452,1.1749,1.17441,1.17473,470,8,0
2026-05-12 10:00:00+00:00,1.17473,1.17488,1.1745,1.17483,390,8,0
2026-05-12 10:15:00+00:00,1.17483,1.17483,1.17451,1.17479,322,8,0
2026-05-12 10:30:00+00:00,1.17479,1.17488,1.17441,1.17455,347,8,0
2026-05-12 10:45:00+00:00,1.17456,1.17462,1.17402,1.17404,382,8,0
2026-05-12 11:00:00+00:00,1.17405,1.17443,1.17346,1.17414,695,8,0
2026-05-12 11:15:00+00:00,1.17416,1.17436,1.17402,1.17412,394,8,0
2026-05-12 11:30:00+00:00,1.17413,1.17472,1.17412,1.1746,373,8,0
2026-05-12 11:45:00+00:00,1.17461,1.1748,1.17414,1.17434,471,8,0
2026-05-12 12:00:00+00:00,1.17435,1.17441,1.17374,1.17414,606,8,0
2026-05-12 12:15:00+00:00,1.17416,1.17438,1.17386,1.17405,586,8,0
2026-05-12 12:30:00+00:00,1.17405,1.17471,1.17356,1.17469,1066,8,0
2026-05-12 12:45:00+00:00,1.1747,1.17496,1.17432,1.17471,800,8,0
2026-05-12 13:00:00+00:00,1.17469,1.17497,1.17402,1.17402,762,8,0
2026-05-12 13:15:00+00:00,1.174,1.17403,1.17331,1.17391,805,8,0
2026-05-12 13:30:00+00:00,1.17389,1.17422,1.17357,1.1736900000000001,921,8,0
2026-05-12 13:45:00+00:00,1.1736900000000001,1.17388,1.17267,1.17298,850,8,0
2026-05-12 14:00:00+00:00,1.173,1.17351,1.17273,1.1734499999999999,944,8,0
2026-05-12 14:15:00+00:00,1.17347,1.17354,1.17298,1.17329,650,8,0
2026-05-12 14:30:00+00:00,1.17331,1.17349,1.17286,1.17326,744,8,0
2026-05-12 14:45:00+00:00,1.17324,1.17358,1.17275,1.17354,800,8,0
2026-05-12 15:00:00+00:00,1.17355,1.17363,1.1727400000000001,1.17276,798,8,0
2026-05-12 15:15:00+00:00,1.1727400000000001,1.1729,1.1721300000000001,1.17237,732,8,0
2026-05-12 15:30:00+00:00,1.17238,1.17317,1.17237,1.17311,689,8,0
2026-05-12 15:45:00+00:00,1.17311,1.17332,1.17289,1.17321,521,8,0
2026-05-12 16:00:00+00:00,1.17323,1.1737,1.17311,1.17366,549,8,0
2026-05-12 16:15:00+00:00,1.17366,1.17383,1.1734499999999999,1.17355,432,8,0
2026-05-12 16:30:00+00:00,1.17356,1.17356,1.17312,1.17317,434,8,0
2026-05-12 16:45:00+00:00,1.17317,1.17317,1.17276,1.17283,453,8,0
2026-05-12 17:00:00+00:00,1.17282,1.17325,1.1727,1.17306,481,8,0
2026-05-12 17:15:00+00:00,1.17306,1.17331,1.17295,1.17302,394,8,0
2026-05-12 17:30:00+00:00,1.173,1.17324,1.17295,1.17316,292,8,0
2026-05-12 17:45:00+00:00,1.17316,1.17334,1.17298,1.17329,357,8,0
2026-05-12 18:00:00+00:00,1.1733,1.17346,1.1728399999999999,1.17317,455,8,0
2026-05-12 18:15:00+00:00,1.17317,1.17367,1.17311,1.17357,381,8,0
2026-05-12 18:30:00+00:00,1.17358,1.17387,1.17355,1.17384,350,8,0
2026-05-12 18:45:00+00:00,1.17383,1.17408,1.17361,1.17402,348,8,0
2026-05-12 19:00:00+00:00,1.17402,1.17442,1.17395,1.17434,341,8,0
2026-05-12 19:15:00+00:00,1.17434,1.17441,1.17405,1.17418,283,8,0
2026-05-12 19:30:00+00:00,1.17419,1.17464,1.17418,1.17424,293,8,0
2026-05-12 19:45:00+00:00,1.17424,1.17433,1.17395,1.17401,350,8,0
2026-05-12 20:00:00+00:00,1.17402,1.17407,1.17382,1.17387,178,8,0
2026-05-12 20:15:00+00:00,1.17387,1.17395,1.17383,1.17386,110,8,0
2026-05-12 20:30:00+00:00,1.17387,1.17387,1.17374,1.17378,134,8,0
2026-05-12 20:45:00+00:00,1.17378,1.17403,1.17373,1.1739600000000001,169,8,0
2026-05-12 21:00:00+00:00,1.1739600000000001,1.17397,1.17329,1.17338,84,20,0
2026-05-12 21:15:00+00:00,1.17339,1.17366,1.17318,1.17334,201,58,0
2026-05-12 21:30:00+00:00,1.17336,1.17374,1.17323,1.1737,181,20,0
2026-05-12 21:45:00+00:00,1.17371,1.17384,1.17355,1.17381,146,20,0
2026-05-12 22:00:00+00:00,1.17385,1.174,1.17372,1.17374,134,8,0
2026-05-12 22:15:00+00:00,1.17374,1.17392,1.17374,1.17388,101,8,0
2026-05-12 22:30:00+00:00,1.17388,1.17393,1.17385,1.17388,85,8,0
2026-05-12 22:45:00+00:00,1.17388,1.17399,1.17387,1.1739,60,8,0
2026-05-12 23:00:00+00:00,1.1739,1.1741,1.17384,1.17384,98,8,0
2026-05-12 23:15:00+00:00,1.17384,1.17388,1.17367,1.17383,93,8,0
2026-05-12 23:30:00+00:00,1.17383,1.17389,1.17366,1.17368,100,8,0
2026-05-12 23:45:00+00:00,1.17368,1.17378,1.17344,1.17349,156,8,0
2026-05-13 00:00:00+00:00,1.17349,1.17379,1.17325,1.1733,339,8,0
2026-05-13 00:15:00+00:00,1.1733,1.1737,1.17329,1.17349,313,8,0
2026-05-13 00:30:00+00:00,1.17349,1.17362,1.17331,1.17355,259,8,0
2026-05-13 00:45:00+00:00,1.17356,1.17383,1.17325,1.17376,334,8,0
2026-05-13 01:00:00+00:00,1.17376,1.17385,1.17337,1.17337,357,8,0
2026-05-13 01:15:00+00:00,1.17337,1.1738,1.17316,1.1736900000000001,398,8,0
2026-05-13 01:30:00+00:00,1.17368,1.17389,1.1736,1.17376,271,8,0
2026-05-13 01:45:00+00:00,1.17376,1.17413,1.17375,1.17386,285,8,0
2026-05-13 02:00:00+00:00,1.17386,1.17413,1.17374,1.17375,265,8,0
2026-05-13 02:15:00+00:00,1.17373,1.1738,1.17367,1.17378,165,8,0
2026-05-13 02:30:00+00:00,1.17379,1.17379,1.17361,1.17362,152,8,0
2026-05-13 02:45:00+00:00,1.17364,1.17386,1.17358,1.17368,236,8,0
2026-05-13 03:00:00+00:00,1.17368,1.17372,1.17324,1.17342,282,8,0
2026-05-13 03:15:00+00:00,1.17342,1.17356,1.17334,1.17353,218,8,0
2026-05-13 03:30:00+00:00,1.17353,1.17373,1.17349,1.17358,201,8,0
2026-05-13 03:45:00+00:00,1.17358,1.17365,1.1734,1.17342,182,8,0
2026-05-13 04:00:00+00:00,1.17342,1.17349,1.17337,1.17339,151,8,0
2026-05-13 04:15:00+00:00,1.17339,1.17349,1.17331,1.17334,113,8,0
2026-05-13 04:30:00+00:00,1.17334,1.17338,1.17317,1.17331,145,8,0
2026-05-13 04:45:00+00:00,1.17331,1.17344,1.1733,1.17343,132,8,0
2026-05-13 05:00:00+00:00,1.17343,1.17363,1.17337,1.17347,208,8,0
2026-05-13 05:15:00+00:00,1.17347,1.17367,1.17338,1.17362,195,8,0
2026-05-13 05:30:00+00:00,1.17363,1.17367,1.17324,1.17331,220,8,0
2026-05-13 05:45:00+00:00,1.17332,1.1735,1.17321,1.17338,257,8,0
2026-05-13 06:00:00+00:00,1.17339,1.17341,1.17259,1.17267,412,8,0
2026-05-13 06:15:00+00:00,1.17267,1.17287,1.17243,1.17264,369,8,0
2026-05-13 06:30:00+00:00,1.17262,1.17263,1.17221,1.17244,366,8,0
2026-05-13 06:45:00+00:00,1.17244,1.17246,1.17177,1.17198,404,8,0
2026-05-13 07:00:00+00:00,1.17197,1.17229,1.1717,1.17183,577,8,0
2026-05-13 07:15:00+00:00,1.17183,1.17194,1.17167,1.17168,404,8,0
2026-05-13 07:30:00+00:00,1.17168,1.17174,1.17106,1.17122,427,8,0
2026-05-13 07:45:00+00:00,1.17122,1.17144,1.17068,1.1707,471,8,0
2026-05-13 08:00:00+00:00,1.17068,1.17093,1.17048,1.17082,506,8,0
2026-05-13 08:15:00+00:00,1.17082,1.17113,1.17082,1.17104,359,8,0
2026-05-13 08:30:00+00:00,1.17105,1.17112,1.17052,1.17061,318,8,0
2026-05-13 08:45:00+00:00,1.17061,1.17064,1.17,1.17025,543,8,0
2026-05-13 09:00:00+00:00,1.17027,1.1703999999999999,1.16994,1.16998,443,8,0
2026-05-13 09:15:00+00:00,1.16998,1.17011,1.16954,1.16954,456,8,0
2026-05-13 09:30:00+00:00,1.16954,1.17011,1.16951,1.16995,457,8,0
2026-05-13 09:45:00+00:00,1.16995,1.17064,1.16992,1.17057,391,8,0
2026-05-13 10:00:00+00:00,1.17057,1.17064,1.17014,1.17046,680,8,0
2026-05-13 10:15:00+00:00,1.17048,1.17068,1.17026,1.1705,537,8,0
2026-05-13 10:30:00+00:00,1.17049,1.17094,1.17042,1.17087,382,8,0
2026-05-13 10:45:00+00:00,1.17087,1.17141,1.17076,1.17124,473,8,0
2026-05-13 11:00:00+00:00,1.17126,1.17149,1.17108,1.17137,392,8,0
2026-05-13 11:15:00+00:00,1.17136,1.17148,1.17117,1.17132,312,8,0
2026-05-13 11:30:00+00:00,1.17131,1.17168,1.17126,1.17164,302,8,0
2026-05-13 11:45:00+00:00,1.17164,1.17167,1.1711,1.17116,434,8,0
2026-05-13 12:00:00+00:00,1.17116,1.17158,1.17116,1.1712,397,8,0
2026-05-13 12:15:00+00:00,1.1712,1.1712,1.17029,1.17038,575,8,0
2026-05-13 12:30:00+00:00,1.17037,1.17102,1.1696900000000001,1.1705,1158,8,0
2026-05-13 12:45:00+00:00,1.1705,1.17055,1.16975,1.17015,581,8,0
2026-05-13 13:00:00+00:00,1.17018,1.17053,1.1701,1.17036,598,8,0
2026-05-13 13:15:00+00:00,1.17036,1.17044,1.1700599999999999,1.17033,473,8,0
2026-05-13 13:30:00+00:00,1.17035,1.17089,1.17027,1.17088,873,8,0
2026-05-13 13:45:00+00:00,1.17088,1.1712,1.17061,1.17097,727,8,0
2026-05-13 14:00:00+00:00,1.17096,1.17123,1.17063,1.171,764,8,0
2026-05-13 14:15:00+00:00,1.17102,1.1711,1.17052,1.171,563,8,0
2026-05-13 14:30:00+00:00,1.17098,1.17114,1.17053,1.17056,526,8,0
2026-05-13 14:45:00+00:00,1.17055,1.17097,1.17024,1.17074,716,8,0
2026-05-13 15:00:00+00:00,1.17075,1.17114,1.1707,1.17083,596,8,0
2026-05-13 15:15:00+00:00,1.17083,1.17129,1.17079,1.17107,471,8,0
2026-05-13 15:30:00+00:00,1.17105,1.17158,1.17087,1.17141,627,8,0
2026-05-13 15:45:00+00:00,1.17141,1.17145,1.17104,1.17108,472,8,0
2026-05-13 16:00:00+00:00,1.17106,1.1713,1.17097,1.17116,421,8,0
2026-05-13 16:15:00+00:00,1.17116,1.17172,1.17092,1.17161,629,8,0
2026-05-13 16:30:00+00:00,1.17159,1.17175,1.17106,1.17108,516,8,0
2026-05-13 16:45:00+00:00,1.17108,1.17127,1.17076,1.17084,349,8,0
2026-05-13 17:00:00+00:00,1.17082,1.17104,1.17077,1.17093,324,8,0
2026-05-13 17:15:00+00:00,1.1709100000000001,1.17105,1.17089,1.17095,208,8,0
2026-05-13 17:30:00+00:00,1.17095,1.17097,1.17062,1.17069,248,8,0
2026-05-13 17:45:00+00:00,1.17069,1.1708,1.17037,1.17039,306,8,0
2026-05-13 18:00:00+00:00,1.17039,1.17074,1.17036,1.17057,304,8,0
2026-05-13 18:15:00+00:00,1.17057,1.17073,1.17052,1.17064,320,8,0
2026-05-13 18:30:00+00:00,1.17064,1.1709100000000001,1.1706,1.17083,315,8,0
2026-05-13 18:45:00+00:00,1.17083,1.1710099999999999,1.17039,1.17073,430,8,0
2026-05-13 19:00:00+00:00,1.17073,1.1710099999999999,1.17072,1.17097,276,8,0
2026-05-13 19:15:00+00:00,1.17097,1.17108,1.17086,1.17107,283,8,0
2026-05-13 19:30:00+00:00,1.17108,1.17126,1.17096,1.17099,243,8,0
2026-05-13 19:45:00+00:00,1.17099,1.17112,1.17083,1.1709100000000001,303,8,0
2026-05-13 20:00:00+00:00,1.1709,1.17118,1.17084,1.17113,279,8,0
2026-05-13 20:15:00+00:00,1.17113,1.1713,1.17112,1.17118,162,8,0
2026-05-13 20:30:00+00:00,1.17118,1.17131,1.17106,1.17127,136,8,0
2026-05-13 20:45:00+00:00,1.17126,1.17133,1.17116,1.1712799999999999,125,8,0
2026-05-13 21:00:00+00:00,1.17129,1.17129,1.17106,1.17124,71,20,0
2026-05-13 21:15:00+00:00,1.17126,1.1712799999999999,1.17114,1.17124,102,48,0
2026-05-13 21:30:00+00:00,1.1712500000000001,1.17132,1.17118,1.1712799999999999,120,48,0
2026-05-13 21:45:00+00:00,1.1712799999999999,1.1715,1.17112,1.17144,168,8,0
2026-05-13 22:00:00+00:00,1.17143,1.17171,1.17139,1.17168,149,8,0
2026-05-13 22:15:00+00:00,1.17171,1.1718,1.17164,1.17174,119,8,0
2026-05-13 22:30:00+00:00,1.17174,1.17184,1.17172,1.17178,96,8,0
2026-05-13 22:45:00+00:00,1.17178,1.17178,1.17164,1.17172,96,8,0
2026-05-13 23:00:00+00:00,1.17172,1.1718,1.1716199999999999,1.17168,81,8,0
2026-05-13 23:15:00+00:00,1.17168,1.17175,1.1716199999999999,1.17163,71,8,0
2026-05-13 23:30:00+00:00,1.17163,1.17163,1.1715,1.17156,84,8,0
2026-05-13 23:45:00+00:00,1.17156,1.17161,1.17148,1.17153,106,8,0
2026-05-14 00:00:00+00:00,1.17153,1.17176,1.17138,1.17174,310,8,0
2026-05-14 00:15:00+00:00,1.17175,1.17183,1.17147,1.17161,273,8,0
2026-05-14 00:30:00+00:00,1.17161,1.17175,1.1715,1.17156,194,8,0
2026-05-14 00:45:00+00:00,1.17156,1.17172,1.17148,1.17169,233,8,0
2026-05-14 01:00:00+00:00,1.17167,1.17172,1.1714,1.17151,359,8,0
2026-05-14 01:15:00+00:00,1.17151,1.1716199999999999,1.17146,1.17155,249,8,0
2026-05-14 01:30:00+00:00,1.17155,1.17173,1.17146,1.17167,268,8,0
2026-05-14 01:45:00+00:00,1.17167,1.17169,1.17123,1.17134,271,8,0
2026-05-14 02:00:00+00:00,1.17134,1.1715,1.17127,1.1712799999999999,246,8,0
2026-05-14 02:15:00+00:00,1.17129,1.17139,1.17113,1.17137,222,8,0
2026-05-14 02:30:00+00:00,1.17137,1.17141,1.17126,1.17135,211,8,0
2026-05-14 02:45:00+00:00,1.17135,1.17138,1.17117,1.17118,240,8,0
2026-05-14 03:00:00+00:00,1.1712,1.17127,1.17092,1.17113,252,8,0
2026-05-14 03:15:00+00:00,1.17112,1.17141,1.17112,1.17139,223,8,0
2026-05-14 03:30:00+00:00,1.17139,1.17148,1.17132,1.17136,223,8,0
2026-05-14 03:45:00+00:00,1.17136,1.17145,1.17118,1.17118,199,8,0
2026-05-14 04:00:00+00:00,1.17118,1.17163,1.17112,1.17145,329,8,0
2026-05-14 04:15:00+00:00,1.17144,1.17159,1.17135,1.17151,183,8,0
2026-05-14 04:30:00+00:00,1.17151,1.17154,1.17143,1.17148,135,8,0
2026-05-14 04:45:00+00:00,1.17148,1.1717,1.17139,1.17143,183,8,0
2026-05-14 05:00:00+00:00,1.17146,1.1715200000000001,1.17117,1.17118,327,8,0
2026-05-14 05:15:00+00:00,1.17119,1.17135,1.17118,1.1712799999999999,210,8,0
2026-05-14 05:30:00+00:00,1.17129,1.17135,1.17112,1.17124,236,8,0
2026-05-14 05:45:00+00:00,1.1712500000000001,1.17158,1.17096,1.17099,391,8,0
2026-05-14 06:00:00+00:00,1.17099,1.17123,1.17063,1.17073,430,8,0
2026-05-14 06:15:00+00:00,1.17073,1.17145,1.1706699999999999,1.1712799999999999,417,8,0
2026-05-14 06:30:00+00:00,1.17129,1.17154,1.17113,1.17146,366,8,0
2026-05-14 06:45:00+00:00,1.17145,1.1721,1.17145,1.17181,590,8,0
2026-05-14 07:00:00+00:00,1.17178,1.17182,1.1712799999999999,1.17136,571,8,0
2026-05-14 07:15:00+00:00,1.17136,1.17136,1.17088,1.17111,473,8,0
2026-05-14 07:30:00+00:00,1.17111,1.17158,1.17109,1.17133,422,8,0
2026-05-14 07:45:00+00:00,1.17133,1.17155,1.17055,1.17073,446,8,0
2026-05-14 08:00:00+00:00,1.17073,1.17096,1.17045,1.1707,528,8,0
2026-05-14 08:15:00+00:00,1.17072,1.17124,1.1707,1.17116,426,8,0
2026-05-14 08:30:00+00:00,1.17118,1.17135,1.17082,1.17093,430,8,0
2026-05-14 08:45:00+00:00,1.17093,1.17117,1.17087,1.17107,389,8,0
2026-05-14 09:00:00+00:00,1.17108,1.1713,1.17086,1.17116,420,8,0
2026-05-14 09:15:00+00:00,1.17116,1.17123,1.17092,1.17095,311,8,0
2026-05-14 09:30:00+00:00,1.17097,1.17102,1.17054,1.17084,399,8,0
2026-05-14 09:45:00+00:00,1.17084,1.17112,1.1706699999999999,1.1707,374,8,0
2026-05-14 10:00:00+00:00,1.1707,1.17126,1.1706,1.17089,533,8,0
2026-05-14 10:15:00+00:00,1.1709100000000001,1.17099,1.1707,1.17096,367,8,0
2026-05-14 10:30:00+00:00,1.17096,1.17105,1.17044,1.17061,331,8,0
2026-05-14 10:45:00+00:00,1.17062,1.17098,1.17057,1.17084,409,8,0
2026-05-14 11:00:00+00:00,1.17086,1.17086,1.17041,1.17073,427,8,0
2026-05-14 11:15:00+00:00,1.17072,1.17073,1.17039,1.17043,371,8,0
2026-05-14 11:30:00+00:00,1.17044,1.17053,1.16995,1.17003,331,8,0
2026-05-14 11:45:00+00:00,1.17005,1.17037,1.16991,1.16994,404,8,0
2026-05-14 12:00:00+00:00,1.16992,1.17051,1.16992,1.17048,540,8,0
2026-05-14 12:15:00+00:00,1.17047,1.17053,1.17025,1.1703999999999999,445,8,0
2026-05-14 12:30:00+00:00,1.17042,1.17046,1.16958,1.16961,513,8,0
2026-05-14 12:45:00+00:00,1.16961,1.17009,1.16959,1.1697,429,8,0
2026-05-14 13:00:00+00:00,1.1696900000000001,1.16986,1.16939,1.1697,536,8,0
2026-05-14 13:15:00+00:00,1.1696900000000001,1.16973,1.16919,1.1694499999999999,464,8,0
2026-05-14 13:30:00+00:00,1.16944,1.16946,1.16852,1.16928,944,8,0
2026-05-14 13:45:00+00:00,1.16929,1.16995,1.1688,1.16892,1415,8,0
2026-05-14 14:00:00+00:00,1.1689,1.1696,1.16859,1.16956,788,8,0
2026-05-14 14:15:00+00:00,1.16954,1.16997,1.16925,1.16959,646,8,0
2026-05-14 14:30:00+00:00,1.1696,1.16962,1.16931,1.1695,508,8,0
2026-05-14 14:45:00+00:00,1.16952,1.16962,1.16783,1.16783,1033,8,0
2026-05-14 15:00:00+00:00,1.16781,1.16808,1.16727,1.1675,899,8,0
2026-05-14 15:15:00+00:00,1.16748,1.16759,1.16713,1.1675,531,8,0
2026-05-14 15:30:00+00:00,1.16749,1.16784,1.16743,1.16756,584,8,0
2026-05-14 15:45:00+00:00,1.16755,1.16778,1.16748,1.16773,411,8,0
2026-05-14 16:00:00+00:00,1.16771,1.16782,1.16733,1.16776,654,8,0
2026-05-14 16:15:00+00:00,1.16776,1.16812,1.16721,1.16741,635,8,0
2026-05-14 16:30:00+00:00,1.16741,1.1675,1.16703,1.16727,564,8,0
2026-05-14 16:45:00+00:00,1.16727,1.16763,1.16722,1.16761,464,8,0
2026-05-14 17:00:00+00:00,1.16761,1.16797,1.16756,1.16766,477,8,0
2026-05-14 17:15:00+00:00,1.16766,1.16787,1.16754,1.16774,433,8,0
2026-05-14 17:30:00+00:00,1.16775,1.16801,1.16765,1.16794,353,8,0
2026-05-14 17:45:00+00:00,1.16794,1.16805,1.16768,1.16774,319,8,0
2026-05-14 18:00:00+00:00,1.16774,1.16778,1.16743,1.16777,449,8,0
2026-05-14 18:15:00+00:00,1.16778,1.16782,1.16757,1.16765,328,8,0
2026-05-14 18:30:00+00:00,1.16764,1.1677,1.16736,1.16747,265,8,0
2026-05-14 18:45:00+00:00,1.16748,1.16772,1.16741,1.16772,257,8,0
2026-05-14 19:00:00+00:00,1.16772,1.1678600000000001,1.1676199999999999,1.16768,239,8,0
2026-05-14 19:15:00+00:00,1.16768,1.16771,1.16733,1.16733,241,8,0
2026-05-14 19:30:00+00:00,1.1673499999999999,1.16746,1.16697,1.167,308,8,0
2026-05-14 19:45:00+00:00,1.1670099999999999,1.16707,1.16681,1.16706,339,8,0
2026-05-14 20:00:00+00:00,1.16706,1.16718,1.16676,1.16678,232,8,0
2026-05-14 20:15:00+00:00,1.16678,1.16696,1.16655,1.16665,199,8,0
2026-05-14 20:30:00+00:00,1.16667,1.16681,1.16657,1.16667,182,8,0
2026-05-14 20:45:00+00:00,1.16667,1.1669,1.16667,1.16687,168,8,0
2026-05-14 21:00:00+00:00,1.16684,1.16685,1.16662,1.16665,57,20,0
2026-05-14 21:15:00+00:00,1.1666400000000001,1.16679,1.16657,1.16669,131,20,0
2026-05-14 21:30:00+00:00,1.1667,1.16697,1.16663,1.1667399999999999,249,48,0
2026-05-14 21:45:00+00:00,1.16672,1.16703,1.16669,1.16703,129,8,0
2026-05-14 22:00:00+00:00,1.16702,1.16709,1.16687,1.1669,159,8,0
2026-05-14 22:15:00+00:00,1.1669,1.16703,1.16687,1.16699,81,8,0
2026-05-14 22:30:00+00:00,1.16697,1.16708,1.16692,1.16708,99,8,0
2026-05-14 22:45:00+00:00,1.16708,1.16708,1.16693,1.16694,87,8,0
2026-05-14 23:00:00+00:00,1.16694,1.16695,1.16625,1.16627,227,8,0
2026-05-14 23:15:00+00:00,1.16627,1.1663999999999999,1.16619,1.16639,202,8,0
2026-05-14 23:30:00+00:00,1.16639,1.16641,1.16618,1.16637,141,8,0
2026-05-14 23:45:00+00:00,1.16637,1.16649,1.16611,1.16616,255,8,0
2026-05-15 00:00:00+00:00,1.16618,1.16627,1.16568,1.16597,481,8,0
2026-05-15 00:15:00+00:00,1.16597,1.1663000000000001,1.16583,1.16583,361,8,0
2026-05-15 00:30:00+00:00,1.16586,1.1659,1.16523,1.1654200000000001,368,8,0
2026-05-15 00:45:00+00:00,1.1654200000000001,1.16563,1.1652,1.16552,338,8,0
2026-05-15 01:00:00+00:00,1.1655,1.16563,1.16535,1.16552,375,8,0
2026-05-15 01:15:00+00:00,1.16551,1.16551,1.16488,1.16491,502,8,0
2026-05-15 01:30:00+00:00,1.1649,1.16516,1.1645699999999999,1.16504,585,8,0
2026-05-15 01:45:00+00:00,1.16504,1.16509,1.16464,1.16466,406,8,0
2026-05-15 02:00:00+00:00,1.16466,1.16483,1.16453,1.16477,297,8,0
2026-05-15 02:15:00+00:00,1.16476,1.16531,1.16472,1.16506,314,8,0
2026-05-15 02:30:00+00:00,1.16506,1.16533,1.16499,1.16531,288,8,0
2026-05-15 02:45:00+00:00,1.16531,1.1657,1.16523,1.1653,372,8,0
2026-05-15 03:00:00+00:00,1.1653,1.16548,1.16513,1.16517,263,8,0
2026-05-15 03:15:00+00:00,1.16517,1.16524,1.16504,1.16523,199,8,0
2026-05-15 03:30:00+00:00,1.16522,1.16533,1.16495,1.16519,275,8,0
2026-05-15 03:45:00+00:00,1.16519,1.16524,1.16512,1.1651799999999999,174,8,0
2026-05-15 04:00:00+00:00,1.16517,1.16524,1.165,1.16524,184,8,0
2026-05-15 04:15:00+00:00,1.16524,1.16524,1.16509,1.16513,166,8,0
2026-05-15 04:30:00+00:00,1.16513,1.16514,1.16488,1.16489,218,8,0
2026-05-15 04:45:00+00:00,1.16489,1.16494,1.16462,1.1647,291,8,0
2026-05-15 05:00:00+00:00,1.16469,1.16473,1.16425,1.16448,497,8,0
2026-05-15 05:15:00+00:00,1.16448,1.16476,1.16431,1.16472,344,8,0
2026-05-15 05:30:00+00:00,1.1647,1.16473,1.16437,1.16437,400,8,0
2026-05-15 05:45:00+00:00,1.16438,1.16438,1.16322,1.16323,747,8,0
2026-05-15 06:00:00+00:00,1.1632,1.16431,1.1632,1.16408,866,8,0
2026-05-15 06:15:00+00:00,1.16408,1.16427,1.16374,1.16379,666,8,0
2026-05-15 06:30:00+00:00,1.16378,1.16429,1.16367,1.16389,632,8,0
2026-05-15 06:45:00+00:00,1.1639,1.16417,1.1632500000000001,1.16349,618,8,0
2026-05-15 07:00:00+00:00,1.16346,1.16455,1.16315,1.16433,872,8,0
2026-05-15 07:15:00+00:00,1.16432,1.16487,1.16413,1.16425,704,8,0
2026-05-15 07:30:00+00:00,1.16424,1.16429,1.16385,1.16403,527,8,0
2026-05-15 07:45:00+00:00,1.16403,1.16409,1.16355,1.16361,480,8,0
2026-05-15 08:00:00+00:00,1.16364,1.1638,1.1632500000000001,1.16344,625,8,0
2026-05-15 08:15:00+00:00,1.16343,1.16348,1.16306,1.1632500000000001,542,8,0
2026-05-15 08:30:00+00:00,1.16324,1.1635900000000001,1.16305,1.16357,579,8,0
2026-05-15 08:45:00+00:00,1.16357,1.1636,1.16299,1.1632500000000001,500,8,0
2026-05-15 09:00:00+00:00,1.16327,1.16331,1.16196,1.16196,736,8,0
2026-05-15 09:15:00+00:00,1.16198,1.16262,1.1617,1.16249,753,8,0
2026-05-15 09:30:00+00:00,1.16248,1.16263,1.16217,1.16229,537,8,0
2026-05-15 09:45:00+00:00,1.16229,1.16284,1.16215,1.16276,740,8,0
2026-05-15 10:00:00+00:00,1.16278,1.16357,1.16269,1.16346,554,8,0
2026-05-15 10:15:00+00:00,1.16346,1.16401,1.16327,1.16368,596,8,0
2026-05-15 10:30:00+00:00,1.16369,1.16446,1.1636,1.16446,646,8,0
2026-05-15 10:45:00+00:00,1.16444,1.1655,1.16435,1.16488,1252,8,0
2026-05-15 11:00:00+00:00,1.16489,1.16498,1.16405,1.16456,723,8,0
2026-05-15 11:15:00+00:00,1.16456,1.16468,1.16393,1.16398,489,8,0
2026-05-15 11:30:00+00:00,1.16399,1.16402,1.16326,1.16326,558,8,0
2026-05-15 11:45:00+00:00,1.16327,1.16342,1.16289,1.16314,547,8,0
2026-05-15 12:00:00+00:00,1.16312,1.16319,1.16258,1.16271,665,8,0
2026-05-15 12:15:00+00:00,1.16271,1.16308,1.1626,1.16292,648,8,0
2026-05-15 12:30:00+00:00,1.16292,1.16292,1.162,1.16201,670,8,0
2026-05-15 12:45:00+00:00,1.16202,1.16289,1.16184,1.16258,633,8,0
2026-05-15 13:00:00+00:00,1.1626,1.16294,1.16225,1.16282,771,8,0
2026-05-15 13:15:00+00:00,1.16285,1.16319,1.16256,1.16288,677,8,0
2026-05-15 13:30:00+00:00,1.1629,1.16297,1.16231,1.16231,994,8,0
2026-05-15 13:45:00+00:00,1.1623,1.16253,1.16185,1.1623,930,8,0
2026-05-15 14:00:00+00:00,1.16228,1.16299,1.16212,1.16263,964,8,0
2026-05-15 14:15:00+00:00,1.16262,1.16375,1.16262,1.16321,963,8,0
2026-05-15 14:30:00+00:00,1.16318,1.16337,1.16266,1.16269,808,8,0
2026-05-15 14:45:00+00:00,1.16269,1.16304,1.1623,1.16292,873,8,0
2026-05-15 15:00:00+00:00,1.16294,1.16307,1.16242,1.1628,790,8,0
2026-05-15 15:15:00+00:00,1.16278,1.16292,1.1620300000000001,1.16227,661,8,0
2026-05-15 15:30:00+00:00,1.16229,1.16257,1.16216,1.16228,649,8,0
2026-05-15 15:45:00+00:00,1.16226,1.1626,1.16204,1.1626,586,8,0
2026-05-15 16:00:00+00:00,1.16261,1.16267,1.16227,1.16242,560,8,0
2026-05-15 16:15:00+00:00,1.16242,1.16276,1.16234,1.16273,427,8,0
2026-05-15 16:30:00+00:00,1.16272,1.16309,1.16266,1.16306,430,8,0
2026-05-15 16:45:00+00:00,1.16307,1.16309,1.16266,1.16295,421,8,0
2026-05-15 17:00:00+00:00,1.16296,1.16336,1.16283,1.1633499999999999,492,8,0
2026-05-15 17:15:00+00:00,1.16334,1.16352,1.16315,1.1632,386,8,0
2026-05-15 17:30:00+00:00,1.1632,1.16331,1.16279,1.16279,370,8,0
2026-05-15 17:45:00+00:00,1.1628,1.16299,1.16263,1.16265,343,8,0
2026-05-15 18:00:00+00:00,1.16266,1.1627,1.16231,1.16247,434,8,0
2026-05-15 18:15:00+00:00,1.16247,1.16247,1.16205,1.16214,506,8,0
2026-05-15 18:30:00+00:00,1.16212,1.1621299999999999,1.16164,1.16199,459,8,0
2026-05-15 18:45:00+00:00,1.16199,1.16235,1.16191,1.16214,400,8,0
2026-05-15 19:00:00+00:00,1.16216,1.16222,1.16196,1.16197,302,8,0
2026-05-15 19:15:00+00:00,1.16197,1.16219,1.16191,1.16212,232,8,0
2026-05-15 19:30:00+00:00,1.1621299999999999,1.16229,1.16188,1.1619,341,8,0
2026-05-15 19:45:00+00:00,1.16192,1.16221,1.16188,1.16211,361,8,0
2026-05-15 20:00:00+00:00,1.16208,1.16221,1.16189,1.16211,262,8,0
2026-05-15 20:15:00+00:00,1.16211,1.16221,1.16201,1.16205,184,8,0
2026-05-15 20:30:00+00:00,1.16205,1.16244,1.16205,1.16243,193,8,0
2026-05-15 20:45:00+00:00,1.16243,1.16254,1.16226,1.16246,223,8,0
2026-05-17 21:00:00+00:00,1.16167,1.16209,1.16167,1.162,53,48,0
2026-05-17 21:15:00+00:00,1.1620300000000001,1.16212,1.16177,1.16187,73,48,0
2026-05-17 21:30:00+00:00,1.16191,1.16197,1.16178,1.1618,82,48,0
2026-05-17 21:45:00+00:00,1.1618,1.16221,1.1617899999999999,1.16217,98,48,0
2026-05-17 22:00:00+00:00,1.16227,1.16241,1.16217,1.1623,303,8,0
2026-05-17 22:15:00+00:00,1.1623,1.16234,1.16205,1.16208,185,8,0
2026-05-17 22:30:00+00:00,1.16208,1.16236,1.16204,1.16234,169,8,0
2026-05-17 22:45:00+00:00,1.16234,1.16234,1.1622,1.16228,97,8,0
2026-05-17 23:00:00+00:00,1.16228,1.16233,1.16199,1.16208,215,8,0
2026-05-17 23:15:00+00:00,1.16208,1.16217,1.16188,1.16193,162,8,0
2026-05-17 23:30:00+00:00,1.16193,1.16193,1.16115,1.16145,351,8,0
2026-05-17 23:45:00+00:00,1.16143,1.16148,1.1612,1.16134,402,8,0
2026-05-18 00:00:00+00:00,1.16136,1.16208,1.1613,1.1615199999999999,741,8,0
2026-05-18 00:15:00+00:00,1.16153,1.16173,1.16138,1.16148,510,8,0
2026-05-18 00:30:00+00:00,1.16147,1.16157,1.161,1.16101,439,8,0
2026-05-18 00:45:00+00:00,1.16101,1.16123,1.16079,1.16116,441,8,0
2026-05-18 01:00:00+00:00,1.16113,1.16132,1.16078,1.16109,565,8,0
2026-05-18 01:15:00+00:00,1.16109,1.16136,1.16094,1.16127,613,8,0
2026-05-18 01:30:00+00:00,1.16129,1.16164,1.16121,1.16141,504,8,0
2026-05-18 01:45:00+00:00,1.16141,1.16184,1.16122,1.1616900000000001,419,8,0
2026-05-18 02:00:00+00:00,1.1616900000000001,1.1617,1.16128,1.16163,437,8,0
2026-05-18 02:15:00+00:00,1.16162,1.16181,1.16157,1.16172,318,8,0
2026-05-18 02:30:00+00:00,1.1617,1.16191,1.16156,1.16164,291,8,0
2026-05-18 02:45:00+00:00,1.16164,1.16174,1.16134,1.1615199999999999,309,8,0
2026-05-18 03:00:00+00:00,1.1615,1.16173,1.16149,1.1617,310,8,0
2026-05-18 03:15:00+00:00,1.16171,1.16201,1.16163,1.16196,238,8,0
2026-05-18 03:30:00+00:00,1.16196,1.16212,1.16176,1.16211,328,8,0
2026-05-18 03:45:00+00:00,1.16211,1.16221,1.162,1.16214,286,8,0
2026-05-18 04:00:00+00:00,1.16214,1.16259,1.1621,1.16253,342,8,0
2026-05-18 04:15:00+00:00,1.16254,1.16257,1.16205,1.16212,238,8,0
2026-05-18 04:30:00+00:00,1.1621,1.16231,1.16206,1.16219,244,8,0
2026-05-18 04:45:00+00:00,1.16219,1.16226,1.16187,1.16206,284,8,0
2026-05-18 05:00:00+00:00,1.16205,1.16218,1.1617899999999999,1.16184,341,8,0
2026-05-18 05:15:00+00:00,1.16183,1.16209,1.16165,1.16199,363,8,0
2026-05-18 05:30:00+00:00,1.16201,1.16218,1.16181,1.16199,373,8,0
2026-05-18 05:45:00+00:00,1.16199,1.1623,1.16193,1.16228,370,8,0
2026-05-18 06:00:00+00:00,1.16226,1.16279,1.16216,1.16278,560,8,0
2026-05-18 06:15:00+00:00,1.16279,1.16331,1.1627399999999999,1.1630099999999999,467,8,0
2026-05-18 06:30:00+00:00,1.16302,1.16358,1.16295,1.16344,490,8,0
2026-05-18 06:45:00+00:00,1.16344,1.1636199999999999,1.16334,1.16352,519,8,0
2026-05-18 07:00:00+00:00,1.16353,1.16364,1.16313,1.16324,610,8,0
2026-05-18 07:15:00+00:00,1.16324,1.16391,1.16313,1.16367,598,8,0
2026-05-18 07:30:00+00:00,1.16365,1.16401,1.1635,1.16355,611,8,0
2026-05-18 07:45:00+00:00,1.16354,1.16361,1.1631,1.16317,522,8,0
2026-05-18 08:00:00+00:00,1.16315,1.16334,1.16285,1.16332,520,8,0
2026-05-18 08:15:00+00:00,1.16333,1.16374,1.16331,1.16374,458,8,0
2026-05-18 08:30:00+00:00,1.16376,1.1644700000000001,1.16366,1.16377,607,8,0
2026-05-18 08:45:00+00:00,1.16379,1.16449,1.16375,1.1641,501,8,0
2026-05-18 09:00:00+00:00,1.16412,1.1642299999999999,1.16371,1.16382,498,8,0
2026-05-18 09:15:00+00:00,1.16383,1.16398,1.16371,1.16393,376,8,0
2026-05-18 09:30:00+00:00,1.16393,1.1641,1.16375,1.16384,360,8,0
2026-05-18 09:45:00+00:00,1.16384,1.16388,1.16347,1.16347,347,8,0
2026-05-18 10:00:00+00:00,1.16345,1.16366,1.16319,1.16352,417,8,0
2026-05-18 10:15:00+00:00,1.16352,1.16363,1.16334,1.1635900000000001,315,8,0
2026-05-18 10:30:00+00:00,1.1635900000000001,1.1636199999999999,1.16316,1.1634,360,8,0
2026-05-18 10:45:00+00:00,1.1634,1.16341,1.16261,1.16267,395,8,0
2026-05-18 11:00:00+00:00,1.16268,1.16306,1.16263,1.16293,524,8,0
2026-05-18 11:15:00+00:00,1.16293,1.16332,1.16281,1.16302,360,8,0
2026-05-18 11:30:00+00:00,1.1630099999999999,1.16492,1.1629800000000001,1.16485,1383,8,0
2026-05-18 11:45:00+00:00,1.16488,1.1649,1.16384,1.16414,860,8,0
2026-05-18 12:00:00+00:00,1.16415,1.16489,1.16406,1.1647,676,8,0
2026-05-18 12:15:00+00:00,1.1647,1.16472,1.1642299999999999,1.16461,696,8,0
2026-05-18 12:30:00+00:00,1.16462,1.16541,1.16453,1.16533,969,8,0
2026-05-18 12:45:00+00:00,1.16535,1.16568,1.1648399999999999,1.1651,808,8,0
2026-05-18 13:00:00+00:00,1.16512,1.16537,1.16463,1.16499,966,8,0
2026-05-18 13:15:00+00:00,1.16499,1.16499,1.16451,1.16495,612,8,0
2026-05-18 13:30:00+00:00,1.16496,1.16502,1.16435,1.16464,858,8,0
2026-05-18 13:45:00+00:00,1.16462,1.16557,1.16459,1.1651,1006,8,0
2026-05-18 14:00:00+00:00,1.16511,1.16528,1.16425,1.16452,1127,8,0
2026-05-18 14:15:00+00:00,1.16452,1.16472,1.16416,1.16452,857,8,0
2026-05-18 14:30:00+00:00,1.16451,1.16471,1.16411,1.16425,829,8,0
2026-05-18 14:45:00+00:00,1.16425,1.16468,1.16416,1.16417,721,8,0
2026-05-18 15:00:00+00:00,1.16415,1.16418,1.16329,1.16391,1097,8,0
2026-05-18 15:15:00+00:00,1.1639,1.1642299999999999,1.16364,1.16402,734,8,0
2026-05-18 15:30:00+00:00,1.164,1.16488,1.16383,1.1647,729,8,0
2026-05-18 15:45:00+00:00,1.16471,1.16527,1.1645,1.1648,713,8,0
2026-05-18 16:00:00+00:00,1.16482,1.16538,1.16437,1.16538,678,8,0
2026-05-18 16:15:00+00:00,1.16539,1.16558,1.16483,1.16495,801,8,0
2026-05-18 16:30:00+00:00,1.16492,1.16538,1.16476,1.16504,557,8,0
2026-05-18 16:45:00+00:00,1.16503,1.1654,1.16499,1.16511,504,8,0
2026-05-18 17:00:00+00:00,1.1650800000000001,1.16529,1.16492,1.16496,539,8,0
2026-05-18 17:15:00+00:00,1.16495,1.16531,1.1649,1.16512,358,8,0
2026-05-18 17:30:00+00:00,1.16512,1.1653,1.16494,1.16511,349,8,0
2026-05-18 17:45:00+00:00,1.16511,1.16516,1.16476,1.16476,321,8,0
2026-05-18 18:00:00+00:00,1.16479,1.16486,1.16448,1.16454,424,8,0
2026-05-18 18:15:00+00:00,1.16454,1.16455,1.1636199999999999,1.16385,554,8,0
2026-05-18 18:30:00+00:00,1.16387,1.1639599999999999,1.16351,1.16369,499,8,0
2026-05-18 18:45:00+00:00,1.16369,1.16369,1.16284,1.1629,498,8,0
2026-05-18 19:00:00+00:00,1.16291,1.16562,1.1629,1.16458,2122,8,0
2026-05-18 19:15:00+00:00,1.1645699999999999,1.16509,1.16441,1.1647,739,8,0
2026-05-18 19:30:00+00:00,1.16472,1.16522,1.16468,1.16513,555,8,0
2026-05-18 19:45:00+00:00,1.16511,1.16552,1.16506,1.16507,562,8,0
2026-05-18 20:00:00+00:00,1.16506,1.16571,1.16506,1.1656900000000001,354,8,0
2026-05-18 20:15:00+00:00,1.1656900000000001,1.16604,1.16568,1.1659,247,8,0
2026-05-18 20:30:00+00:00,1.1659,1.1659,1.16544,1.16574,262,8,0
2026-05-18 20:45:00+00:00,1.16575,1.16575,1.1653,1.16532,216,8,0
2026-05-18 21:00:00+00:00,1.16532,1.16552,1.1648,1.16483,100,20,0
2026-05-18 21:15:00+00:00,1.1648399999999999,1.16506,1.1648399999999999,1.16504,74,81,0
2026-05-18 21:30:00+00:00,1.16504,1.16536,1.16499,1.1653,226,48,0
2026-05-18 21:45:00+00:00,1.16531,1.16582,1.16525,1.16582,191,20,0
2026-05-18 22:00:00+00:00,1.16589,1.16612,1.16582,1.16594,216,8,0
2026-05-18 22:15:00+00:00,1.16593,1.16597,1.16582,1.16586,107,8,0
2026-05-18 22:30:00+00:00,1.16587,1.16602,1.16581,1.16582,101,8,0
2026-05-18 22:45:00+00:00,1.16583,1.16586,1.16572,1.16573,82,8,0
2026-05-18 23:00:00+00:00,1.16573,1.16583,1.16561,1.16562,126,8,0
2026-05-18 23:15:00+00:00,1.16563,1.16581,1.16558,1.1657899999999999,124,8,0
2026-05-18 23:30:00+00:00,1.1657899999999999,1.16582,1.16558,1.16571,196,8,0
2026-05-18 23:45:00+00:00,1.16571,1.16571,1.16543,1.16545,150,8,0
2026-05-19 00:00:00+00:00,1.16545,1.16557,1.16492,1.16506,559,8,0
2026-05-19 00:15:00+00:00,1.16504,1.16537,1.16487,1.165,421,8,0
2026-05-19 00:30:00+00:00,1.16502,1.16505,1.16448,1.16456,361,8,0
2026-05-19 00:45:00+00:00,1.16456,1.16463,1.16436,1.16444,321,8,0
2026-05-19 01:00:00+00:00,1.16443,1.16458,1.16428,1.1644700000000001,425,8,0
2026-05-19 01:15:00+00:00,1.1644700000000001,1.16467,1.16437,1.1646,341,8,0
2026-05-19 01:30:00+00:00,1.1646,1.16522,1.1644,1.1651799999999999,433,8,0
2026-05-19 01:45:00+00:00,1.1651799999999999,1.16519,1.1646,1.16461,394,8,0
2026-05-19 02:00:00+00:00,1.16462,1.16462,1.16404,1.16427,468,8,0
2026-05-19 02:15:00+00:00,1.16428,1.16467,1.16414,1.16448,357,8,0
2026-05-19 02:30:00+00:00,1.1644700000000001,1.16463,1.16432,1.16443,370,8,0
2026-05-19 02:45:00+00:00,1.16443,1.16453,1.16413,1.16427,302,8,0
2026-05-19 03:00:00+00:00,1.16427,1.16434,1.16402,1.16425,364,8,0
2026-05-19 03:15:00+00:00,1.16425,1.16453,1.16421,1.16446,256,8,0
2026-05-19 03:30:00+00:00,1.16445,1.1645,1.16432,1.16432,212,8,0
2026-05-19 03:45:00+00:00,1.16433,1.16433,1.16406,1.16409,255,8,0
2026-05-19 04:00:00+00:00,1.16411,1.16428,1.164,1.1642000000000001,243,8,0
2026-05-19 04:15:00+00:00,1.16421,1.1643,1.164,1.16407,224,8,0
2026-05-19 04:30:00+00:00,1.16407,1.16422,1.1637,1.16371,276,8,0
2026-05-19 04:45:00+00:00,1.16371,1.16381,1.16351,1.16363,274,8,0
2026-05-19 05:00:00+00:00,1.16365,1.16393,1.16349,1.16383,307,8,0
2026-05-19 05:15:00+00:00,1.16384,1.16388,1.16334,1.1635,332,8,0
2026-05-19 05:30:00+00:00,1.1635,1.1639,1.1634,1.16381,367,8,0
2026-05-19 05:45:00+00:00,1.16379,1.16426,1.16373,1.16418,391,8,0
2026-05-19 06:00:00+00:00,1.16421,1.1642299999999999,1.16377,1.16402,614,8,0
2026-05-19 06:15:00+00:00,1.16402,1.16452,1.1639599999999999,1.16426,449,8,0
2026-05-19 06:30:00+00:00,1.16424,1.16428,1.16382,1.16421,447,8,0
2026-05-19 06:45:00+00:00,1.16421,1.16421,1.16356,1.1636199999999999,489,8,0
2026-05-19 07:00:00+00:00,1.1636199999999999,1.16363,1.16302,1.1634,743,8,0
2026-05-19 07:15:00+00:00,1.1634,1.16346,1.16296,1.16315,457,8,0
2026-05-19 07:30:00+00:00,1.16314,1.16333,1.16302,1.16307,408,8,0
2026-05-19 07:45:00+00:00,1.16309,1.16371,1.16308,1.16344,585,8,0
2026-05-19 08:00:00+00:00,1.16346,1.16358,1.16255,1.1628,612,8,0
2026-05-19 08:15:00+00:00,1.1628,1.16319,1.1627,1.1629800000000001,546,8,0
2026-05-19 08:30:00+00:00,1.16299,1.16334,1.16256,1.1627,480,8,0
2026-05-19 08:45:00+00:00,1.1627,1.16282,1.1622,1.16231,433,8,0
2026-05-19 09:00:00+00:00,1.16231,1.16231,1.16158,1.16172,580,8,0
2026-05-19 09:15:00+00:00,1.1617,1.16193,1.16146,1.16177,567,8,0
2026-05-19 09:30:00+00:00,1.16178,1.16194,1.16143,1.16178,472,8,0
2026-05-19 09:45:00+00:00,1.16178,1.16202,1.16161,1.16191,480,8,0
2026-05-19 10:00:00+00:00,1.16192,1.16255,1.16181,1.16249,440,8,0
2026-05-19 10:15:00+00:00,1.16249,1.16263,1.16227,1.16245,363,8,0
2026-05-19 10:30:00+00:00,1.16246,1.1625,1.1610800000000001,1.16123,757,8,0
2026-05-19 10:45:00+00:00,1.16125,1.1623,1.16119,1.16216,751,8,0
2026-05-19 11:00:00+00:00,1.16218,1.16219,1.16177,1.1618,522,8,0
2026-05-19 11:15:00+00:00,1.1618,1.162,1.16166,1.16187,468,8,0
2026-05-19 11:30:00+00:00,1.16186,1.16223,1.16185,1.1621299999999999,399,8,0
2026-05-19 11:45:00+00:00,1.16214,1.1622,1.1616,1.16163,480,8,0
2026-05-19 12:00:00+00:00,1.16163,1.16227,1.16148,1.16216,677,8,0
2026-05-19 12:15:00+00:00,1.16214,1.16236,1.16197,1.16224,466,8,0
2026-05-19 12:30:00+00:00,1.16219,1.16233,1.16163,1.16177,919,8,0
2026-05-19 12:45:00+00:00,1.1617899999999999,1.16214,1.16156,1.16165,768,8,0
2026-05-19 13:00:00+00:00,1.16164,1.16177,1.16112,1.16145,859,8,0
2026-05-19 13:15:00+00:00,1.16146,1.16149,1.16037,1.16052,861,8,0
2026-05-19 13:30:00+00:00,1.16054,1.16096,1.16013,1.1609,1107,8,0
2026-05-19 13:45:00+00:00,1.1609,1.1615199999999999,1.16076,1.16133,1040,8,0
2026-05-19 14:00:00+00:00,1.16135,1.16165,1.16049,1.16049,1239,8,0
2026-05-19 14:15:00+00:00,1.1604700000000001,1.16062,1.15946,1.16002,1066,8,0
2026-05-19 14:30:00+00:00,1.16003,1.16012,1.15944,1.1595900000000001,1123,8,0
2026-05-19 14:45:00+00:00,1.1595900000000001,1.16007,1.15952,1.15953,953,8,0
2026-05-19 15:00:00+00:00,1.15954,1.15978,1.15917,1.15947,888,8,0
2026-05-19 15:15:00+00:00,1.15947,1.15979,1.1593,1.15956,703,8,0
2026-05-19 15:30:00+00:00,1.15954,1.16026,1.15942,1.15993,673,8,0
2026-05-19 15:45:00+00:00,1.15994,1.16025,1.15988,1.16016,536,8,0
2026-05-19 16:00:00+00:00,1.16016,1.1602000000000001,1.15955,1.15987,705,8,0
2026-05-19 16:15:00+00:00,1.15987,1.16055,1.15971,1.16046,591,8,0
2026-05-19 16:30:00+00:00,1.16044,1.1609,1.16033,1.16078,627,8,0
2026-05-19 16:45:00+00:00,1.16079,1.16084,1.16052,1.16067,404,8,0
2026-05-19 17:00:00+00:00,1.16066,1.1611799999999999,1.1606,1.16111,446,8,0
2026-05-19 17:15:00+00:00,1.16111,1.16116,1.1608,1.16089,318,8,0
2026-05-19 17:30:00+00:00,1.16089,1.16103,1.16068,1.16098,368,8,0
2026-05-19 17:45:00+00:00,1.16098,1.16113,1.16077,1.16103,388,8,0
2026-05-19 18:00:00+00:00,1.16103,1.16144,1.16099,1.1612,338,8,0
2026-05-19 18:15:00+00:00,1.16119,1.16123,1.16078,1.1608100000000001,443,8,0
2026-05-19 18:30:00+00:00,1.16078,1.16093,1.16059,1.16087,481,8,0
2026-05-19 18:45:00+00:00,1.16087,1.16087,1.16024,1.16028,443,8,0
2026-05-19 19:00:00+00:00,1.16026,1.16062,1.16022,1.16052,391,8,0
2026-05-19 19:15:00+00:00,1.16051,1.1606,1.16023,1.16043,299,8,0
2026-05-19 19:30:00+00:00,1.16045,1.16076,1.16034,1.16074,317,8,0
2026-05-19 19:45:00+00:00,1.16072,1.16074,1.16041,1.1606,290,8,0
2026-05-19 20:00:00+00:00,1.16061,1.16062,1.16031,1.16042,206,8,0
2026-05-19 20:15:00+00:00,1.1604,1.1604700000000001,1.16031,1.16046,132,8,0
2026-05-19 20:30:00+00:00,1.16048,1.16067,1.16048,1.16051,95,8,0
2026-05-19 20:45:00+00:00,1.16051,1.16063,1.1604,1.1606,187,8,0
2026-05-19 21:00:00+00:00,1.16059,1.16059,1.1602999999999999,1.1602999999999999,32,20,0
2026-05-19 21:15:00+00:00,1.1602999999999999,1.1604700000000001,1.16017,1.1604,158,48,0
2026-05-19 21:30:00+00:00,1.16042,1.1606,1.16037,1.16053,138,48,0
2026-05-19 21:45:00+00:00,1.16053,1.16072,1.16027,1.16072,132,8,0
2026-05-19 22:00:00+00:00,1.16072,1.16078,1.16058,1.16067,132,8,0
2026-05-19 22:15:00+00:00,1.16067,1.16078,1.16067,1.16077,79,8,0
2026-05-19 22:30:00+00:00,1.16076,1.16085,1.16062,1.16065,124,8,0
2026-05-19 22:45:00+00:00,1.16065,1.16086,1.16062,1.16083,103,8,0
2026-05-19 23:00:00+00:00,1.16083,1.16089,1.16073,1.16088,93,8,0
2026-05-19 23:15:00+00:00,1.16088,1.16101,1.16087,1.16098,80,8,0
2026-05-19 23:30:00+00:00,1.16098,1.16125,1.16094,1.1610800000000001,169,8,0
2026-05-19 23:45:00+00:00,1.1610800000000001,1.1610800000000001,1.16059,1.16064,204,8,0
2026-05-20 00:00:00+00:00,1.16062,1.16066,1.16028,1.16045,553,8,0
2026-05-20 00:15:00+00:00,1.16043,1.16099,1.16034,1.16082,461,8,0
2026-05-20 00:30:00+00:00,1.16083,1.16101,1.16035,1.16042,402,8,0
2026-05-20 00:45:00+00:00,1.16041,1.1605699999999999,1.16005,1.16009,402,8,0
2026-05-20 01:00:00+00:00,1.16009,1.16022,1.15979,1.15985,531,8,0
2026-05-20 01:15:00+00:00,1.15985,1.16001,1.15948,1.15955,388,8,0
2026-05-20 01:30:00+00:00,1.15957,1.15974,1.15933,1.15951,438,8,0
2026-05-20 01:45:00+00:00,1.15953,1.16023,1.15941,1.15968,640,8,0
2026-05-20 02:00:00+00:00,1.1597,1.16,1.15964,1.15999,340,8,0
2026-05-20 02:15:00+00:00,1.15999,1.16025,1.15978,1.15988,370,8,0
2026-05-20 02:30:00+00:00,1.15988,1.15989,1.15941,1.15973,512,8,0
2026-05-20 02:45:00+00:00,1.1597,1.15991,1.15966,1.15973,310,8,0
2026-05-20 03:00:00+00:00,1.15974,1.15981,1.15949,1.15971,325,8,0
2026-05-20 03:15:00+00:00,1.15971,1.16025,1.15967,1.16017,314,8,0
2026-05-20 03:30:00+00:00,1.16019,1.16049,1.16008,1.16044,382,8,0
2026-05-20 03:45:00+00:00,1.16043,1.16051,1.16013,1.16019,289,8,0
2026-05-20 04:00:00+00:00,1.16019,1.16065,1.16017,1.16046,351,8,0
2026-05-20 04:15:00+00:00,1.16046,1.16046,1.16017,1.16028,232,8,0
2026-05-20 04:30:00+00:00,1.16028,1.16028,1.15966,1.15982,347,8,0
2026-05-20 04:45:00+00:00,1.15982,1.15992,1.15965,1.1596899999999999,312,8,0
2026-05-20 05:00:00+00:00,1.15967,1.16011,1.15967,1.15981,292,8,0
2026-05-20 05:15:00+00:00,1.15981,1.16004,1.15946,1.15948,322,8,0
2026-05-20 05:30:00+00:00,1.1595,1.1599,1.15945,1.15956,403,8,0
2026-05-20 05:45:00+00:00,1.15955,1.15956,1.15912,1.15952,392,8,0
2026-05-20 06:00:00+00:00,1.1595,1.15981,1.15927,1.15981,610,8,0
2026-05-20 06:15:00+00:00,1.15983,1.16055,1.15983,1.16045,623,8,0
2026-05-20 06:30:00+00:00,1.16045,1.16045,1.15978,1.15994,429,8,0
2026-05-20 06:45:00+00:00,1.15995,1.15995,1.15927,1.15963,496,8,0
2026-05-20 07:00:00+00:00,1.15961,1.16012,1.15947,1.15983,651,8,0
2026-05-20 07:15:00+00:00,1.15983,1.16001,1.15956,1.15971,466,8,0
2026-05-20 07:30:00+00:00,1.15972,1.15977,1.15938,1.1594,453,8,0
2026-05-20 07:45:00+00:00,1.1594,1.15945,1.15915,1.15929,438,8,0
2026-05-20 08:00:00+00:00,1.15928,1.15948,1.15865,1.15875,603,8,0
2026-05-20 08:15:00+00:00,1.15875,1.15894,1.15828,1.15885,663,8,0
2026-05-20 08:30:00+00:00,1.15887,1.15939,1.1587399999999999,1.15929,559,8,0
2026-05-20 08:45:00+00:00,1.15928,1.15939,1.15897,1.159,465,8,0
2026-05-20 09:00:00+00:00,1.15899,1.1594,1.15896,1.15926,446,8,0
2026-05-20 09:15:00+00:00,1.1592500000000001,1.15941,1.15897,1.1590799999999999,366,8,0
2026-05-20 09:30:00+00:00,1.1591,1.1592500000000001,1.15904,1.15907,330,8,0
2026-05-20 09:45:00+00:00,1.15907,1.15918,1.15878,1.15878,359,8,0
2026-05-20 10:00:00+00:00,1.15878,1.15933,1.1587,1.1592500000000001,393,8,0
2026-05-20 10:15:00+00:00,1.1592500000000001,1.15963,1.15918,1.15944,363,8,0
2026-05-20 10:30:00+00:00,1.15944,1.16024,1.15938,1.15999,461,8,0
2026-05-20 10:45:00+00:00,1.15999,1.16025,1.15991,1.16007,371,8,0
2026-05-20 11:00:00+00:00,1.16006,1.16006,1.1596,1.15979,372,8,0
2026-05-20 11:15:00+00:00,1.15979,1.16021,1.15961,1.16021,401,8,0
2026-05-20 11:30:00+00:00,1.1602000000000001,1.1605,1.16007,1.16014,444,8,0
2026-05-20 11:45:00+00:00,1.16014,1.16027,1.15977,1.16006,478,8,0
2026-05-20 12:00:00+00:00,1.16005,1.16039,1.15987,1.16013,499,8,0
2026-05-20 12:15:00+00:00,1.16013,1.16023,1.15956,1.1598600000000001,584,8,0
2026-05-20 12:30:00+00:00,1.15987,1.16014,1.15962,1.15982,504,8,0
2026-05-20 12:45:00+00:00,1.15983,1.15997,1.1593499999999999,1.15951,421,8,0
2026-05-20 13:00:00+00:00,1.15949,1.15953,1.15917,1.15931,481,8,0
2026-05-20 13:15:00+00:00,1.15933,1.15936,1.15901,1.15906,438,8,0
2026-05-20 13:30:00+00:00,1.15905,1.15934,1.15889,1.1592500000000001,611,8,0
2026-05-20 13:45:00+00:00,1.15926,1.1597,1.15886,1.15907,780,8,0
2026-05-20 14:00:00+00:00,1.15909,1.1591,1.15822,1.15884,924,8,0
2026-05-20 14:15:00+00:00,1.15885,1.16199,1.15885,1.16124,3128,8,0
2026-05-20 14:30:00+00:00,1.16126,1.16236,1.16113,1.16163,1485,8,0
2026-05-20 14:45:00+00:00,1.16165,1.16236,1.1615199999999999,1.1617899999999999,1534,8,0
2026-05-20 15:00:00+00:00,1.16178,1.16225,1.16127,1.16143,992,8,0
2026-05-20 15:15:00+00:00,1.16141,1.16449,1.16141,1.16251,3491,8,0
2026-05-20 15:30:00+00:00,1.16252,1.16341,1.16248,1.16268,1163,8,0
2026-05-20 15:45:00+00:00,1.16271,1.16287,1.1616900000000001,1.1619,987,8,0
2026-05-20 16:00:00+00:00,1.1619,1.16302,1.16185,1.16283,703,8,0
2026-05-20 16:15:00+00:00,1.16283,1.16303,1.16211,1.16234,930,8,0
2026-05-20 16:30:00+00:00,1.16236,1.16272,1.16195,1.16272,830,8,0
2026-05-20 16:45:00+00:00,1.1627399999999999,1.16299,1.16224,1.16251,860,8,0
2026-05-20 17:00:00+00:00,1.16252,1.16263,1.16183,1.16235,951,8,0
2026-05-20 17:15:00+00:00,1.16237,1.16255,1.16208,1.16241,660,8,0
2026-05-20 17:30:00+00:00,1.16242,1.16266,1.16197,1.16198,687,8,0
2026-05-20 17:45:00+00:00,1.16198,1.16227,1.16182,1.16182,434,8,0
2026-05-20 18:00:00+00:00,1.16185,1.16236,1.16158,1.16234,509,8,0
2026-05-20 18:15:00+00:00,1.16233,1.16275,1.16228,1.16273,528,8,0
2026-05-20 18:30:00+00:00,1.16273,1.1632500000000001,1.16265,1.16265,461,8,0
2026-05-20 18:45:00+00:00,1.16268,1.16354,1.1626400000000001,1.16306,505,8,0
2026-05-20 19:00:00+00:00,1.16306,1.16337,1.16294,1.16299,366,8,0
2026-05-20 19:15:00+00:00,1.16299,1.1632500000000001,1.16297,1.1632,253,8,0
2026-05-20 19:30:00+00:00,1.16321,1.16351,1.163,1.16305,344,8,0
2026-05-20 19:45:00+00:00,1.16305,1.16321,1.1627399999999999,1.16276,456,8,0
2026-05-20 20:00:00+00:00,1.1627399999999999,1.16282,1.16266,1.16279,244,8,0
2026-05-20 20:15:00+00:00,1.1628,1.1628,1.16257,1.16265,301,8,0
2026-05-20 20:30:00+00:00,1.16268,1.1627,1.16237,1.16238,198,8,0
2026-05-20 20:45:00+00:00,1.16238,1.16262,1.1623,1.16237,253,8,0
2026-05-20 21:00:00+00:00,1.16229,1.16245,1.16216,1.16224,171,20,0
2026-05-20 21:15:00+00:00,1.16223,1.16245,1.16221,1.16245,175,20,0
2026-05-20 21:30:00+00:00,1.16245,1.16259,1.16231,1.16258,215,20,0
2026-05-20 21:45:00+00:00,1.16258,1.16259,1.16224,1.16239,217,20,0
2026-05-20 22:00:00+00:00,1.16245,1.16277,1.16234,1.16275,224,8,0
2026-05-20 22:15:00+00:00,1.16275,1.16277,1.16251,1.16261,142,8,0
2026-05-20 22:30:00+00:00,1.16261,1.16267,1.16252,1.16265,116,8,0
2026-05-20 22:45:00+00:00,1.16265,1.16267,1.16257,1.1626,85,8,0
2026-05-20 23:00:00+00:00,1.1626,1.16272,1.16255,1.16259,93,8,0
2026-05-20 23:15:00+00:00,1.1626,1.16261,1.16233,1.1623999999999999,122,8,0
2026-05-20 23:30:00+00:00,1.1623999999999999,1.16242,1.16224,1.16229,103,8,0
2026-05-20 23:45:00+00:00,1.16229,1.16269,1.16228,1.16245,216,8,0
2026-05-21 00:00:00+00:00,1.16245,1.16261,1.16224,1.16253,449,8,0
2026-05-21 00:15:00+00:00,1.16255,1.16271,1.16216,1.16259,443,8,0
2026-05-21 00:30:00+00:00,1.1626,1.16265,1.16242,1.16261,248,8,0
2026-05-21 00:45:00+00:00,1.16261,1.16288,1.1626,1.16283,299,8,0
2026-05-21 01:00:00+00:00,1.16283,1.16342,1.16283,1.16327,341,8,0
2026-05-21 01:15:00+00:00,1.16329,1.16348,1.1632,1.16328,280,8,0
2026-05-21 01:30:00+00:00,1.16328,1.1634,1.16296,1.1631,536,8,0
2026-05-21 01:45:00+00:00,1.1631,1.16312,1.16226,1.16258,515,8,0
2026-05-21 02:00:00+00:00,1.16258,1.16281,1.16248,1.1625,372,8,0
2026-05-21 02:15:00+00:00,1.1625,1.16252,1.16205,1.1621,327,8,0
2026-05-21 02:30:00+00:00,1.16209,1.16222,1.1618,1.16198,389,8,0
2026-05-21 02:45:00+00:00,1.16197,1.162,1.16153,1.16172,333,8,0
2026-05-21 03:00:00+00:00,1.16172,1.16204,1.16171,1.16186,250,8,0
2026-05-21 03:15:00+00:00,1.16185,1.16221,1.1618,1.16199,237,8,0
2026-05-21 03:30:00+00:00,1.16199,1.16214,1.1618,1.16207,236,8,0
2026-05-21 03:45:00+00:00,1.16207,1.1621299999999999,1.16182,1.16186,261,8,0
2026-05-21 04:00:00+00:00,1.16186,1.16206,1.1618,1.16204,205,8,0
2026-05-21 04:15:00+00:00,1.16204,1.16215,1.16194,1.1621,166,8,0
2026-05-21 04:30:00+00:00,1.1621,1.1621299999999999,1.16197,1.16212,141,8,0
2026-05-21 04:45:00+00:00,1.16212,1.16232,1.1620300000000001,1.16217,215,8,0
2026-05-21 05:00:00+00:00,1.16217,1.16231,1.16208,1.1621299999999999,245,8,0
2026-05-21 05:15:00+00:00,1.16212,1.16215,1.1618,1.16184,230,8,0
2026-05-21 05:30:00+00:00,1.16186,1.16211,1.16181,1.1620300000000001,281,8,0
2026-05-21 05:45:00+00:00,1.16202,1.1622,1.16177,1.16215,426,8,0
2026-05-21 06:00:00+00:00,1.16212,1.16261,1.16209,1.16254,411,8,0
2026-05-21 06:15:00+00:00,1.16254,1.16266,1.16195,1.16247,611,8,0
2026-05-21 06:30:00+00:00,1.16247,1.16254,1.16153,1.1616900000000001,483,8,0
2026-05-21 06:45:00+00:00,1.16168,1.162,1.1616,1.16198,400,8,0
2026-05-21 07:00:00+00:00,1.16198,1.16205,1.1616,1.1618,555,8,0
2026-05-21 07:15:00+00:00,1.16178,1.16178,1.15937,1.15968,1276,8,0
2026-05-21 07:30:00+00:00,1.1596899999999999,1.16037,1.15968,1.1602999999999999,808,8,0
2026-05-21 07:45:00+00:00,1.16031,1.16085,1.16027,1.1607,535,8,0
2026-05-21 08:00:00+00:00,1.16068,1.16256,1.1605699999999999,1.16255,850,8,0
2026-05-21 08:15:00+00:00,1.16257,1.16353,1.16238,1.16334,1278,8,0
2026-05-21 08:30:00+00:00,1.16332,1.16332,1.16221,1.16228,843,8,0
2026-05-21 08:45:00+00:00,1.16229,1.16284,1.16211,1.16235,837,8,0
2026-05-21 09:00:00+00:00,1.16233,1.16285,1.16204,1.16276,680,8,0
2026-05-21 09:15:00+00:00,1.1627399999999999,1.16315,1.1626400000000001,1.16313,504,8,0
2026-05-21 09:30:00+00:00,1.16313,1.16331,1.16262,1.16269,520,8,0
2026-05-21 09:45:00+00:00,1.1627,1.16292,1.16256,1.16271,433,8,0
2026-05-21 10:00:00+00:00,1.16272,1.1630099999999999,1.16234,1.16239,452,8,0
2026-05-21 10:15:00+00:00,1.16239,1.1625,1.16083,1.16131,1116,8,0
2026-05-21 10:30:00+00:00,1.16133,1.16135,1.15995,1.1606,1193,8,0
2026-05-21 10:45:00+00:00,1.16061,1.16103,1.16033,1.16071,954,8,0
2026-05-21 11:00:00+00:00,1.16072,1.1612,1.16059,1.1609099999999999,641,8,0
2026-05-21 11:15:00+00:00,1.16089,1.16158,1.1608100000000001,1.16127,660,8,0
2026-05-21 11:30:00+00:00,1.16127,1.16141,1.16065,1.16072,511,8,0
2026-05-21 11:45:00+00:00,1.16071,1.16076,1.15956,1.15987,576,8,0
2026-05-21 12:00:00+00:00,1.15987,1.1602999999999999,1.15948,1.15973,602,8,0
2026-05-21 12:15:00+00:00,1.15973,1.15983,1.1593,1.15946,614,8,0
2026-05-21 12:30:00+00:00,1.15946,1.16061,1.15942,1.1606,1265,8,0
2026-05-21 12:45:00+00:00,1.1606,1.16086,1.15967,1.1597,841,8,0
2026-05-21 13:00:00+00:00,1.15968,1.15997,1.15924,1.15951,765,8,0
2026-05-21 13:15:00+00:00,1.15951,1.15956,1.15871,1.15893,788,8,0
2026-05-21 13:30:00+00:00,1.15895,1.159,1.15758,1.1577600000000001,1088,8,0
2026-05-21 13:45:00+00:00,1.15779,1.16007,1.15774,1.15944,1722,8,0
2026-05-21 14:00:00+00:00,1.15945,1.15955,1.15879,1.15926,1096,8,0
2026-05-21 14:15:00+00:00,1.1592500000000001,1.15938,1.15841,1.15886,1094,8,0
2026-05-21 14:30:00+00:00,1.15886,1.15942,1.15856,1.1589800000000001,980,8,0
2026-05-21 14:45:00+00:00,1.15899,1.15962,1.15895,1.15927,966,8,0
2026-05-21 15:00:00+00:00,1.1592500000000001,1.15936,1.1582,1.15875,1333,8,0
2026-05-21 15:15:00+00:00,1.15876,1.15891,1.15848,1.15854,731,8,0
2026-05-21 15:30:00+00:00,1.15851,1.15883,1.15827,1.15828,675,8,0
2026-05-21 15:45:00+00:00,1.1583,1.15886,1.15829,1.15881,549,8,0
2026-05-21 16:00:00+00:00,1.15883,1.15915,1.15842,1.1588,755,8,0
2026-05-21 16:15:00+00:00,1.1588,1.15931,1.15861,1.15928,513,8,0
2026-05-21 16:30:00+00:00,1.15928,1.15955,1.15918,1.1595,424,8,0
2026-05-21 16:45:00+00:00,1.15951,1.1595900000000001,1.15931,1.15949,422,8,0
2026-05-21 17:00:00+00:00,1.15948,1.1602000000000001,1.15923,1.16013,1065,8,0
2026-05-21 17:15:00+00:00,1.16015,1.16199,1.16015,1.16178,2190,8,0
2026-05-21 17:30:00+00:00,1.1618,1.16241,1.16139,1.16232,1076,8,0
2026-05-21 17:45:00+00:00,1.1623,1.16297,1.16191,1.16244,930,8,0
2026-05-21 18:00:00+00:00,1.16244,1.16297,1.16184,1.16222,1145,8,0
2026-05-21 18:15:00+00:00,1.16221,1.16273,1.16205,1.16257,628,8,0
2026-05-21 18:30:00+00:00,1.16257,1.16266,1.16232,1.16243,459,8,0
2026-05-21 18:45:00+00:00,1.16242,1.16251,1.16067,1.16111,1585,8,0
2026-05-21 19:00:00+00:00,1.16109,1.16159,1.16093,1.16143,790,8,0
2026-05-21 19:15:00+00:00,1.16145,1.1620300000000001,1.16144,1.16194,361,8,0
2026-05-21 19:30:00+00:00,1.16195,1.16237,1.1617899999999999,1.1618,401,8,0
2026-05-21 19:45:00+00:00,1.16181,1.16239,1.16139,1.16208,680,8,0
2026-05-21 20:00:00+00:00,1.1621,1.16224,1.16162,1.16173,357,8,0
2026-05-21 20:15:00+00:00,1.16171,1.16193,1.16158,1.1618,210,8,0
2026-05-21 20:30:00+00:00,1.1618,1.16182,1.16157,1.1617,157,8,0
2026-05-21 20:45:00+00:00,1.1617,1.16187,1.16151,1.16151,203,8,0
2026-05-21 21:00:00+00:00,1.16149,1.16166,1.1614200000000001,1.16146,131,20,0
2026-05-21 21:15:00+00:00,1.16147,1.16151,1.16133,1.16147,135,106,0
2026-05-21 21:30:00+00:00,1.16147,1.16166,1.1614200000000001,1.16148,240,61,0
2026-05-21 21:45:00+00:00,1.16147,1.16187,1.16147,1.16186,91,20,0
2026-05-21 22:00:00+00:00,1.16193,1.16196,1.16149,1.16163,182,8,0
2026-05-21 22:15:00+00:00,1.16163,1.16168,1.1616,1.16163,94,8,0
2026-05-21 22:30:00+00:00,1.16163,1.16186,1.16162,1.16183,100,8,0
2026-05-21 22:45:00+00:00,1.16183,1.16188,1.1616900000000001,1.1617,87,8,0
2026-05-21 23:00:00+00:00,1.16171,1.16185,1.1616900000000001,1.16174,107,8,0
2026-05-21 23:15:00+00:00,1.16175,1.16176,1.16155,1.1617,96,8,0
2026-05-21 23:30:00+00:00,1.1617,1.16171,1.16163,1.16165,93,8,0
2026-05-21 23:45:00+00:00,1.16165,1.16187,1.16164,1.16173,122,8,0
2026-05-22 00:00:00+00:00,1.16173,1.16174,1.16132,1.16135,404,8,0
2026-05-22 00:15:00+00:00,1.16135,1.16146,1.16126,1.16136,273,8,0
2026-05-22 00:30:00+00:00,1.16136,1.16148,1.16119,1.16145,239,8,0
2026-05-22 00:45:00+00:00,1.16146,1.16157,1.1613,1.16139,242,8,0
2026-05-22 01:00:00+00:00,1.16139,1.1615,1.16121,1.1614200000000001,309,8,0
2026-05-22 01:15:00+00:00,1.1614200000000001,1.16155,1.16119,1.16136,292,8,0
2026-05-22 01:30:00+00:00,1.16136,1.16146,1.16121,1.16138,271,8,0
2026-05-22 01:45:00+00:00,1.16138,1.16153,1.16096,1.16097,268,8,0
2026-05-22 02:00:00+00:00,1.16094,1.16116,1.16094,1.16106,235,8,0
2026-05-22 02:15:00+00:00,1.16106,1.16116,1.16098,1.16111,179,8,0
2026-05-22 02:30:00+00:00,1.16111,1.16139,1.1610800000000001,1.16132,210,8,0
2026-05-22 02:45:00+00:00,1.16132,1.16138,1.16096,1.16113,224,8,0
2026-05-22 03:00:00+00:00,1.16112,1.16126,1.16084,1.16088,207,8,0
2026-05-22 03:15:00+00:00,1.16088,1.16106,1.16083,1.161,196,8,0
2026-05-22 03:30:00+00:00,1.161,1.16111,1.16098,1.16109,174,8,0
2026-05-22 03:45:00+00:00,1.16109,1.16119,1.16101,1.16116,117,8,0
2026-05-22 04:00:00+00:00,1.16116,1.1614,1.1611,1.16138,174,8,0
2026-05-22 04:15:00+00:00,1.16138,1.16148,1.16127,1.1613,89,8,0
2026-05-22 04:30:00+00:00,1.1613,1.16135,1.16125,1.16131,104,8,0
2026-05-22 04:45:00+00:00,1.16131,1.16153,1.16129,1.16149,140,8,0
2026-05-22 05:00:00+00:00,1.16149,1.16164,1.16143,1.16146,200,8,0
2026-05-22 05:15:00+00:00,1.16146,1.16155,1.16138,1.16143,166,8,0
2026-05-22 05:30:00+00:00,1.16141,1.1615199999999999,1.16133,1.16144,167,8,0
2026-05-22 05:45:00+00:00,1.16146,1.16167,1.16069,1.16089,391,8,0
2026-05-22 06:00:00+00:00,1.16087,1.1614200000000001,1.16069,1.16122,499,8,0
2026-05-22 06:15:00+00:00,1.1612,1.16127,1.1609,1.16121,487,8,0
2026-05-22 06:30:00+00:00,1.16123,1.16123,1.1605,1.16096,445,8,0
2026-05-22 06:45:00+00:00,1.16093,1.16106,1.16053,1.16096,484,8,0
2026-05-22 07:00:00+00:00,1.16095,1.16095,1.1601,1.16016,516,8,0
2026-05-22 07:15:00+00:00,1.16016,1.16082,1.16016,1.16079,395,8,0
2026-05-22 07:30:00+00:00,1.16079,1.1608,1.16041,1.1606,491,8,0
2026-05-22 07:45:00+00:00,1.1606,1.16092,1.16048,1.1608100000000001,337,8,0
2026-05-22 08:00:00+00:00,1.1608,1.16104,1.16055,1.16059,392,8,0
2026-05-22 08:15:00+00:00,1.16059,1.16154,1.16059,1.16109,647,8,0
2026-05-22 08:30:00+00:00,1.16111,1.16119,1.16028,1.16071,728,8,0
2026-05-22 08:45:00+00:00,1.16071,1.16099,1.16054,1.16074,442,8,0
2026-05-22 09:00:00+00:00,1.16072,1.16076,1.15989,1.1599599999999999,446,8,0
2026-05-22 09:15:00+00:00,1.1599599999999999,1.16007,1.15958,1.1599,392,8,0
2026-05-22 09:30:00+00:00,1.1599,1.16036,1.1598,1.1602000000000001,389,8,0
2026-05-22 09:45:00+00:00,1.16021,1.16053,1.16018,1.16037,320,8,0
2026-05-22 10:00:00+00:00,1.16037,1.16074,1.16024,1.16032,339,8,0
2026-05-22 10:15:00+00:00,1.16029,1.16055,1.15997,1.15999,318,8,0
2026-05-22 10:30:00+00:00,1.16,1.16011,1.1597,1.15984,363,8,0
2026-05-22 10:45:00+00:00,1.15982,1.15994,1.15947,1.15972,316,8,0
2026-05-22 11:00:00+00:00,1.15972,1.15974,1.15929,1.15952,348,8,0
2026-05-22 11:15:00+00:00,1.15952,1.15967,1.15933,1.15937,309,8,0
2026-05-22 11:30:00+00:00,1.15937,1.15984,1.15931,1.15976,340,8,0
2026-05-22 11:45:00+00:00,1.15976,1.16017,1.1595,1.1596,665,8,0
2026-05-22 12:00:00+00:00,1.1596,1.16064,1.15943,1.16041,1117,8,0
2026-05-22 12:15:00+00:00,1.16039,1.16068,1.15962,1.15982,923,8,0
2026-05-22 12:30:00+00:00,1.15982,1.16008,1.15974,1.15995,449,8,0
2026-05-22 12:45:00+00:00,1.1599599999999999,1.1604700000000001,1.1599599999999999,1.1604,480,8,0
2026-05-22 13:00:00+00:00,1.16038,1.1617899999999999,1.16033,1.16124,1134,8,0
2026-05-22 13:15:00+00:00,1.16124,1.16135,1.16075,1.16106,663,8,0
2026-05-22 13:30:00+00:00,1.16105,1.16111,1.16022,1.1604,977,8,0
2026-05-22 13:45:00+00:00,1.16038,1.16054,1.15991,1.16035,624,8,0
2026-05-22 14:00:00+00:00,1.16034,1.16036,1.15888,1.15894,1146,8,0
2026-05-22 14:15:00+00:00,1.15896,1.15962,1.15879,1.15962,742,8,0
2026-05-22 14:30:00+00:00,1.1596,1.16015,1.1595,1.16002,720,8,0
2026-05-22 14:45:00+00:00,1.16004,1.1602000000000001,1.15944,1.15974,699,8,0
2026-05-22 15:00:00+00:00,1.15974,1.16045,1.15953,1.1602999999999999,731,8,0
2026-05-22 15:15:00+00:00,1.16031,1.1605,1.15991,1.16024,559,8,0
2026-05-22 15:30:00+00:00,1.16022,1.16036,1.15979,1.16008,642,8,0
2026-05-22 15:45:00+00:00,1.16008,1.1604,1.15991,1.16024,521,8,0
2026-05-22 16:00:00+00:00,1.16025,1.16074,1.15991,1.16064,582,8,0
2026-05-22 16:15:00+00:00,1.16063,1.16089,1.1604700000000001,1.16087,508,8,0
2026-05-22 16:30:00+00:00,1.16089,1.16105,1.16052,1.16063,447,8,0
2026-05-22 16:45:00+00:00,1.16063,1.16107,1.16063,1.16107,391,8,0
2026-05-22 17:00:00+00:00,1.16109,1.16148,1.1610800000000001,1.16131,461,8,0
2026-05-22 17:15:00+00:00,1.16131,1.16171,1.16084,1.16158,1011,8,0
2026-05-22 17:30:00+00:00,1.1616,1.16188,1.16109,1.16128,838,8,0
2026-05-22 17:45:00+00:00,1.16128,1.16147,1.16104,1.1613,440,8,0
2026-05-22 18:00:00+00:00,1.1613,1.16147,1.1609099999999999,1.16113,565,8,0
2026-05-22 18:15:00+00:00,1.16114,1.1612,1.16097,1.16102,331,8,0
2026-05-22 18:30:00+00:00,1.161,1.1615,1.1609,1.16113,347,8,0
2026-05-22 18:45:00+00:00,1.16113,1.16138,1.16106,1.16114,234,8,0
2026-05-22 19:00:00+00:00,1.16113,1.16136,1.16077,1.1608100000000001,451,8,0
2026-05-22 19:15:00+00:00,1.1608100000000001,1.16098,1.16077,1.16078,220,8,0
2026-05-22 19:30:00+00:00,1.16078,1.16086,1.16062,1.16065,294,8,0
2026-05-22 19:45:00+00:00,1.16065,1.1607,1.16049,1.16055,275,8,0
2026-05-22 20:00:00+00:00,1.1605699999999999,1.16064,1.16038,1.16046,214,8,0
2026-05-22 20:15:00+00:00,1.16046,1.1605699999999999,1.16032,1.16037,130,8,0
2026-05-22 20:30:00+00:00,1.16035,1.16035,1.15994,1.16015,260,8,0
2026-05-22 20:45:00+00:00,1.16015,1.16033,1.15978,1.1602000000000001,313,8,0
2026-05-24 21:00:00+00:00,1.1622,1.16324,1.1622,1.1632,41,78,0
2026-05-24 21:15:00+00:00,1.1632,1.1635,1.16309,1.16342,80,66,0
2026-05-24 21:30:00+00:00,1.16342,1.16342,1.16286,1.16315,161,57,0
2026-05-24 21:45:00+00:00,1.16314,1.16324,1.16263,1.16317,126,48,0
2026-05-24 22:00:00+00:00,1.16314,1.16368,1.1629800000000001,1.16348,378,20,0
2026-05-24 22:15:00+00:00,1.1635,1.16416,1.16332,1.16403,348,8,0
2026-05-24 22:30:00+00:00,1.16402,1.16437,1.16395,1.16433,367,8,0
2026-05-24 22:45:00+00:00,1.16434,1.16444,1.16412,1.16426,200,8,0
2026-05-24 23:00:00+00:00,1.16426,1.1645699999999999,1.16426,1.16443,198,8,0
2026-05-24 23:15:00+00:00,1.16443,1.16455,1.16436,1.1644700000000001,141,8,0
2026-05-24 23:30:00+00:00,1.16446,1.16451,1.16435,1.16445,191,8,0
2026-05-24 23:45:00+00:00,1.16445,1.16452,1.16409,1.16414,286,8,0
2026-05-25 00:00:00+00:00,1.16412,1.16421,1.16377,1.16388,353,8,0
2026-05-25 00:15:00+00:00,1.16388,1.1642000000000001,1.1638,1.16414,342,8,0
2026-05-25 00:30:00+00:00,1.16414,1.16427,1.16381,1.16389,221,8,0
2026-05-25 00:45:00+00:00,1.16389,1.16486,1.16351,1.16364,634,8,0
2026-05-25 01:00:00+00:00,1.16364,1.16432,1.16351,1.16428,615,8,0
2026-05-25 01:15:00+00:00,1.16428,1.16466,1.16424,1.1645699999999999,419,8,0
2026-05-25 01:30:00+00:00,1.16456,1.16456,1.16392,1.16398,465,8,0
2026-05-25 01:45:00+00:00,1.16398,1.16415,1.16379,1.1639,295,8,0
2026-05-25 02:00:00+00:00,1.16389,1.16421,1.16388,1.16398,269,8,0
2026-05-25 02:15:00+00:00,1.16398,1.1642000000000001,1.16394,1.16412,246,8,0
2026-05-25 02:30:00+00:00,1.16414,1.16414,1.16392,1.16402,183,8,0
2026-05-25 02:45:00+00:00,1.16402,1.16406,1.16364,1.16375,195,8,0
2026-05-25 03:00:00+00:00,1.16375,1.16393,1.16356,1.16369,255,8,0
2026-05-25 03:15:00+00:00,1.16369,1.16388,1.1635900000000001,1.16368,283,8,0
2026-05-25 03:30:00+00:00,1.1637,1.16392,1.16367,1.16369,223,8,0
2026-05-25 03:45:00+00:00,1.16369,1.16375,1.16356,1.1637,208,8,0
2026-05-25 04:00:00+00:00,1.1637,1.16372,1.16352,1.1636,199,8,0
2026-05-25 04:15:00+00:00,1.1636,1.16371,1.16355,1.16368,174,8,0
2026-05-25 04:30:00+00:00,1.16368,1.16397,1.16368,1.1639599999999999,232,8,0
2026-05-25 04:45:00+00:00,1.1639599999999999,1.16433,1.1639599999999999,1.16416,221,8,0
2026-05-25 05:00:00+00:00,1.16416,1.16449,1.16407,1.16426,305,8,0
2026-05-25 05:15:00+00:00,1.16426,1.16432,1.16416,1.16428,169,8,0
2026-05-25 05:30:00+00:00,1.16427,1.16444,1.16414,1.1642299999999999,219,8,0
2026-05-25 05:45:00+00:00,1.1642299999999999,1.16435,1.16377,1.1639,249,8,0
2026-05-25 06:00:00+00:00,1.16388,1.16406,1.16376,1.16404,361,8,0
2026-05-25 06:15:00+00:00,1.16404,1.1641,1.16372,1.16384,335,8,0
2026-05-25 06:30:00+00:00,1.16384,1.16424,1.1637,1.16405,356,8,0
2026-05-25 06:45:00+00:00,1.16405,1.16444,1.16394,1.16407,421,8,0
2026-05-25 07:00:00+00:00,1.16409,1.16418,1.16354,1.16367,489,8,0
2026-05-25 07:15:00+00:00,1.16367,1.16369,1.16291,1.16332,641,8,0
2026-05-25 07:30:00+00:00,1.16332,1.16378,1.16332,1.16351,517,8,0
2026-05-25 07:45:00+00:00,1.16351,1.16371,1.16336,1.1637,336,8,0
2026-05-25 08:00:00+00:00,1.16372,1.16401,1.16326,1.16389,425,8,0
2026-05-25 08:15:00+00:00,1.16389,1.16404,1.16379,1.16399,268,8,0
2026-05-25 08:30:00+00:00,1.16399,1.16438,1.16395,1.16418,393,8,0
2026-05-25 08:45:00+00:00,1.16418,1.16439,1.16416,1.16434,292,8,0
2026-05-25 09:00:00+00:00,1.16434,1.16448,1.16407,1.16412,278,8,0
2026-05-25 09:15:00+00:00,1.16412,1.16435,1.164,1.16419,221,8,0
2026-05-25 09:30:00+00:00,1.16419,1.16445,1.16417,1.16444,182,8,0
2026-05-25 09:45:00+00:00,1.16444,1.16444,1.16401,1.16409,188,8,0
2026-05-25 10:00:00+00:00,1.16408,1.16429,1.16408,1.1642299999999999,221,8,0
2026-05-25 10:15:00+00:00,1.1642299999999999,1.1644,1.16413,1.16414,201,8,0
2026-05-25 10:30:00+00:00,1.16414,1.16435,1.16411,1.16434,186,8,0
2026-05-25 10:45:00+00:00,1.16433,1.16435,1.16415,1.16424,171,8,0
2026-05-25 11:00:00+00:00,1.16425,1.16427,1.16398,1.16416,215,8,0
2026-05-25 11:15:00+00:00,1.16416,1.16445,1.16416,1.16441,211,8,0
2026-05-25 11:30:00+00:00,1.16442,1.16497,1.16437,1.16494,349,8,0
2026-05-25 11:45:00+00:00,1.16493,1.16505,1.16432,1.16437,436,8,0
2026-05-25 12:00:00+00:00,1.16439,1.16461,1.1642299999999999,1.16452,343,8,0
2026-05-25 12:15:00+00:00,1.16453,1.16467,1.16431,1.16436,396,8,0
2026-05-25 12:30:00+00:00,1.16438,1.16505,1.16437,1.165,359,8,0
2026-05-25 12:45:00+00:00,1.16498,1.16524,1.1647,1.16477,429,8,0
2026-05-25 13:00:00+00:00,1.16475,1.16494,1.16461,1.16465,347,8,0
2026-05-25 13:15:00+00:00,1.16468,1.16468,1.16434,1.16436,333,8,0
2026-05-25 13:30:00+00:00,1.16436,1.16442,1.16412,1.16416,403,8,0
2026-05-25 13:45:00+00:00,1.16416,1.16428,1.16384,1.1638600000000001,334,8,0
2026-05-25 14:00:00+00:00,1.16388,1.16416,1.1638,1.16389,276,8,0
2026-05-25 14:15:00+00:00,1.16389,1.16424,1.16389,1.16409,239,8,0
2026-05-25 14:30:00+00:00,1.16409,1.16445,1.16398,1.16441,279,8,0
2026-05-25 14:45:00+00:00,1.16441,1.1646,1.16404,1.16416,429,8,0
2026-05-25 15:00:00+00:00,1.16414,1.1648100000000001,1.16392,1.16439,718,8,0
2026-05-25 15:15:00+00:00,1.16438,1.16474,1.16434,1.16453,376,8,0
2026-05-25 15:30:00+00:00,1.16452,1.16456,1.16436,1.16449,253,8,0
2026-05-25 15:45:00+00:00,1.16449,1.16455,1.16418,1.1642000000000001,239,8,0
2026-05-25 16:00:00+00:00,1.16418,1.16425,1.16375,1.16398,274,8,0
2026-05-25 16:15:00+00:00,1.16397,1.16397,1.16378,1.1638,244,8,0
2026-05-25 16:30:00+00:00,1.1638,1.16395,1.16363,1.16381,324,8,0
2026-05-25 16:45:00+00:00,1.16381,1.16411,1.1638,1.16408,245,8,0
2026-05-25 17:00:00+00:00,1.16408,1.16419,1.16398,1.16415,128,8,0
2026-05-25 17:15:00+00:00,1.16415,1.16437,1.16415,1.16433,144,8,0
2026-05-25 17:30:00+00:00,1.16433,1.16435,1.16421,1.16427,111,8,0
2026-05-25 17:45:00+00:00,1.16427,1.16433,1.16412,1.16428,121,8,0
2026-05-25 18:00:00+00:00,1.16428,1.16435,1.16416,1.16429,88,8,0
2026-05-25 18:15:00+00:00,1.1643,1.16434,1.16419,1.1642299999999999,96,8,0
2026-05-25 18:30:00+00:00,1.16422,1.16431,1.16412,1.16417,103,8,0
2026-05-25 18:45:00+00:00,1.16417,1.16435,1.16417,1.1643,77,8,0
2026-05-25 19:00:00+00:00,1.16428,1.16432,1.16415,1.1642000000000001,95,8,0
2026-05-25 19:15:00+00:00,1.1642000000000001,1.16429,1.16418,1.16427,60,8,0
2026-05-25 19:30:00+00:00,1.16426,1.16433,1.16416,1.1642299999999999,109,8,0
2026-05-25 19:45:00+00:00,1.1642299999999999,1.16425,1.16415,1.16419,102,8,0
2026-05-25 20:00:00+00:00,1.16421,1.16428,1.16419,1.16425,54,8,0
2026-05-25 20:15:00+00:00,1.16425,1.1643,1.16415,1.16429,78,8,0
2026-05-25 20:30:00+00:00,1.16429,1.1643,1.1641,1.1642299999999999,87,8,0
2026-05-25 20:45:00+00:00,1.1642299999999999,1.16433,1.16414,1.16416,122,8,0
2026-05-25 21:00:00+00:00,1.16428,1.16428,1.16367,1.16388,121,20,0
2026-05-25 21:15:00+00:00,1.16387,1.16402,1.16363,1.16382,141,52,0
2026-05-25 21:30:00+00:00,1.16381,1.16418,1.16381,1.1639599999999999,276,48,0
2026-05-25 21:45:00+00:00,1.16394,1.16397,1.16339,1.16382,256,20,0
2026-05-25 22:00:00+00:00,1.16401,1.16426,1.16378,1.16406,268,8,0
2026-05-25 22:15:00+00:00,1.16405,1.16408,1.16391,1.16395,115,8,0
2026-05-25 22:30:00+00:00,1.16398,1.16411,1.16388,1.1641,105,8,0
2026-05-25 22:45:00+00:00,1.1641,1.16415,1.16403,1.16404,102,8,0
2026-05-25 23:00:00+00:00,1.16404,1.16424,1.16404,1.16419,112,8,0
2026-05-25 23:15:00+00:00,1.16419,1.16427,1.16401,1.16405,120,8,0
2026-05-25 23:30:00+00:00,1.16403,1.16405,1.16369,1.1637,168,8,0
2026-05-25 23:45:00+00:00,1.1637,1.16395,1.16354,1.16356,218,8,0
2026-05-26 00:00:00+00:00,1.16358,1.16393,1.16346,1.16377,470,8,0
2026-05-26 00:15:00+00:00,1.16377,1.1638600000000001,1.16334,1.16353,373,8,0
2026-05-26 00:30:00+00:00,1.16352,1.1636199999999999,1.16344,1.16353,230,8,0
2026-05-26 00:45:00+00:00,1.16354,1.1639,1.16348,1.16383,335,8,0
2026-05-26 01:00:00+00:00,1.16383,1.16395,1.16348,1.16389,368,8,0
2026-05-26 01:15:00+00:00,1.16389,1.16393,1.16357,1.1636199999999999,266,8,0
2026-05-26 01:30:00+00:00,1.1636199999999999,1.16365,1.1630099999999999,1.1631,360,8,0
2026-05-26 01:45:00+00:00,1.1631,1.16338,1.16305,1.16334,236,8,0
2026-05-26 02:00:00+00:00,1.16334,1.16346,1.16322,1.16324,221,8,0
2026-05-26 02:15:00+00:00,1.16324,1.1633499999999999,1.16317,1.16326,187,8,0
2026-05-26 02:30:00+00:00,1.16326,1.16338,1.16312,1.16315,200,8,0
2026-05-26 02:45:00+00:00,1.16315,1.16339,1.1631,1.16334,179,8,0
2026-05-26 03:00:00+00:00,1.16333,1.16349,1.16332,1.16342,148,8,0
2026-05-26 03:15:00+00:00,1.16342,1.16369,1.1634,1.16342,158,8,0
2026-05-26 03:30:00+00:00,1.16342,1.16349,1.16339,1.16345,122,8,0
2026-05-26 03:45:00+00:00,1.16344,1.1635900000000001,1.16337,1.16355,124,8,0
2026-05-26 04:00:00+00:00,1.16354,1.16356,1.16329,1.16354,125,8,0
2026-05-26 04:15:00+00:00,1.16354,1.16354,1.16329,1.1633,99,8,0
2026-05-26 04:30:00+00:00,1.1633,1.16339,1.16319,1.16327,152,8,0
2026-05-26 04:45:00+00:00,1.1632500000000001,1.1633,1.16291,1.16293,198,8,0
2026-05-26 05:00:00+00:00,1.16293,1.1630099999999999,1.16282,1.16287,220,8,0
2026-05-26 05:15:00+00:00,1.16287,1.16297,1.16276,1.16291,146,8,0
2026-05-26 05:30:00+00:00,1.16291,1.16306,1.16286,1.16294,227,8,0
2026-05-26 05:45:00+00:00,1.16294,1.16295,1.1627,1.16276,204,8,0
2026-05-26 06:00:00+00:00,1.1627399999999999,1.1629800000000001,1.16267,1.16297,262,8,0
2026-05-26 06:15:00+00:00,1.16297,1.1635,1.16284,1.16323,366,8,0
2026-05-26 06:30:00+00:00,1.16323,1.1636,1.16323,1.16357,389,8,0
2026-05-26 06:45:00+00:00,1.16356,1.16371,1.16334,1.16347,386,8,0
2026-05-26 07:00:00+00:00,1.16348,1.16361,1.16237,1.16297,692,8,0
2026-05-26 07:15:00+00:00,1.16297,1.16334,1.16286,1.16333,354,8,0
2026-05-26 07:30:00+00:00,1.16334,1.16399,1.16322,1.16352,639,8,0
2026-05-26 07:45:00+00:00,1.16352,1.16395,1.1633,1.16368,432,8,0
2026-05-26 08:00:00+00:00,1.1637,1.16402,1.16346,1.1638,522,8,0
2026-05-26 08:15:00+00:00,1.1638,1.16419,1.16371,1.16388,359,8,0
2026-05-26 08:30:00+00:00,1.1638600000000001,1.16408,1.16343,1.16346,434,8,0
2026-05-26 08:45:00+00:00,1.16346,1.1641,1.16341,1.1636199999999999,425,8,0
2026-05-26 09:00:00+00:00,1.16364,1.16388,1.16322,1.16374,460,8,0
2026-05-26 09:15:00+00:00,1.16372,1.16421,1.16363,1.16414,507,8,0
2026-05-26 09:30:00+00:00,1.16414,1.16432,1.16394,1.16405,366,8,0
2026-05-26 09:45:00+00:00,1.16405,1.16439,1.16394,1.1642299999999999,324,8,0
2026-05-26 10:00:00+00:00,1.1642299999999999,1.16434,1.16395,1.16422,383,8,0
2026-05-26 10:15:00+00:00,1.16422,1.16432,1.16404,1.16424,351,8,0
2026-05-26 10:30:00+00:00,1.16426,1.16451,1.16373,1.164,550,8,0
2026-05-26 10:45:00+00:00,1.164,1.16431,1.16387,1.16409,391,8,0
2026-05-26 11:00:00+00:00,1.1641,1.16444,1.16399,1.16429,348,8,0
2026-05-26 11:15:00+00:00,1.16429,1.1644,1.16395,1.16397,313,8,0
2026-05-26 11:30:00+00:00,1.16399,1.16416,1.16346,1.16347,577,8,0
2026-05-26 11:45:00+00:00,1.16348,1.16361,1.16331,1.16345,419,8,0
2026-05-26 12:00:00+00:00,1.16343,1.1635900000000001,1.16307,1.16334,534,8,0
2026-05-26 12:15:00+00:00,1.16334,1.16349,1.16319,1.16348,366,8,0
2026-05-26 12:30:00+00:00,1.16348,1.16363,1.16329,1.16339,382,8,0
2026-05-26 12:45:00+00:00,1.16338,1.16344,1.16312,1.16316,432,8,0
2026-05-26 13:00:00+00:00,1.16314,1.16327,1.16282,1.16303,555,8,0
2026-05-26 13:15:00+00:00,1.16303,1.16328,1.16262,1.16265,441,8,0
2026-05-26 13:30:00+00:00,1.16267,1.1629800000000001,1.16252,1.16278,642,8,0
2026-05-26 13:45:00+00:00,1.1628,1.16309,1.1617,1.16253,853,8,0
2026-05-26 14:00:00+00:00,1.16255,1.16294,1.16217,1.16244,751,8,0
2026-05-26 14:15:00+00:00,1.16244,1.16262,1.1621,1.1623999999999999,557,8,0
2026-05-26 14:30:00+00:00,1.16238,1.16286,1.16225,1.16258,696,8,0
2026-05-26 14:45:00+00:00,1.16256,1.16284,1.16234,1.16245,621,8,0
2026-05-26 15:00:00+00:00,1.16245,1.16255,1.16194,1.16226,664,8,0
2026-05-26 15:15:00+00:00,1.16226,1.16228,1.16172,1.16206,601,8,0
2026-05-26 15:30:00+00:00,1.16207,1.1622,1.1616,1.16196,621,8,0
2026-05-26 15:45:00+00:00,1.16196,1.16217,1.16185,1.16187,482,8,0
2026-05-26 16:00:00+00:00,1.1619,1.16254,1.1619,1.16244,407,8,0
2026-05-26 16:15:00+00:00,1.16244,1.16284,1.16241,1.16267,331,8,0
2026-05-26 16:30:00+00:00,1.16267,1.16295,1.16245,1.16248,377,8,0
2026-05-26 16:45:00+00:00,1.16247,1.16257,1.16222,1.16237,371,8,0
2026-05-26 17:00:00+00:00,1.16235,1.1627,1.16224,1.16261,316,8,0
2026-05-26 17:15:00+00:00,1.16259,1.1627399999999999,1.16237,1.16238,337,8,0
2026-05-26 17:30:00+00:00,1.16236,1.16257,1.16219,1.16224,295,8,0
2026-05-26 17:45:00+00:00,1.16223,1.16239,1.1621,1.16237,260,8,0
2026-05-26 18:00:00+00:00,1.16238,1.1626400000000001,1.16228,1.16257,230,8,0
2026-05-26 18:15:00+00:00,1.16257,1.16271,1.16251,1.16267,232,8,0
2026-05-26 18:30:00+00:00,1.16267,1.16282,1.1626,1.16275,261,8,0
2026-05-26 18:45:00+00:00,1.1627399999999999,1.16306,1.1627399999999999,1.1629,254,8,0
2026-05-26 19:00:00+00:00,1.16287,1.16297,1.16271,1.16279,259,8,0
2026-05-26 19:15:00+00:00,1.16279,1.1630099999999999,1.16277,1.16289,201,8,0
2026-05-26 19:30:00+00:00,1.16289,1.16315,1.16289,1.16309,206,8,0
2026-05-26 19:45:00+00:00,1.16308,1.16323,1.16302,1.16316,263,8,0
2026-05-26 20:00:00+00:00,1.16313,1.1632500000000001,1.16311,1.16316,154,8,0
2026-05-26 20:15:00+00:00,1.16316,1.16323,1.1630099999999999,1.1630099999999999,121,8,0
2026-05-26 20:30:00+00:00,1.16304,1.16316,1.16303,1.16306,119,8,0
2026-05-26 20:45:00+00:00,1.16305,1.16317,1.16299,1.16312,137,8,0
2026-05-26 21:00:00+00:00,1.16311,1.16311,1.16253,1.1628,223,20,0
2026-05-26 21:15:00+00:00,1.16281,1.16292,1.1628,1.16292,399,48,0
2026-05-26 21:30:00+00:00,1.16292,1.16304,1.16278,1.16279,180,20,0
2026-05-26 21:45:00+00:00,1.16278,1.16309,1.16277,1.16309,123,8,0
2026-05-26 22:00:00+00:00,1.16308,1.1633,1.16308,1.1632,196,8,0
2026-05-26 22:15:00+00:00,1.1632,1.1632500000000001,1.16311,1.1632,111,8,0
2026-05-26 22:30:00+00:00,1.1632,1.16326,1.16317,1.16324,84,8,0
2026-05-26 22:45:00+00:00,1.16324,1.16331,1.16324,1.1633,67,8,0
2026-05-26 23:00:00+00:00,1.1633,1.16338,1.1632500000000001,1.1633499999999999,87,8,0
2026-05-26 23:15:00+00:00,1.1633499999999999,1.16365,1.1633499999999999,1.16364,103,8,0
2026-05-26 23:30:00+00:00,1.1636199999999999,1.1639,1.1635900000000001,1.16389,81,8,0
2026-05-26 23:45:00+00:00,1.16389,1.16395,1.16356,1.16361,188,8,0
2026-05-27 00:00:00+00:00,1.16361,1.1638600000000001,1.16357,1.16385,354,8,0
2026-05-27 00:15:00+00:00,1.16385,1.16401,1.16375,1.16389,264,8,0
2026-05-27 00:30:00+00:00,1.16389,1.1639599999999999,1.16373,1.16384,238,8,0
2026-05-27 00:45:00+00:00,1.16384,1.16401,1.16371,1.16375,354,8,0
2026-05-27 01:00:00+00:00,1.16377,1.1639,1.16368,1.16384,306,8,0
2026-05-27 01:15:00+00:00,1.16384,1.16389,1.16363,1.16368,223,8,0
2026-05-27 01:30:00+00:00,1.16366,1.16367,1.16323,1.16344,415,8,0
2026-05-27 01:45:00+00:00,1.16344,1.16346,1.16326,1.16336,249,8,0
2026-05-27 02:00:00+00:00,1.16338,1.1638,1.16336,1.16356,408,8,0
2026-05-27 02:15:00+00:00,1.16356,1.16367,1.16341,1.16346,241,8,0
2026-05-27 02:30:00+00:00,1.16346,1.1635900000000001,1.16337,1.16339,225,8,0
2026-05-27 02:45:00+00:00,1.16339,1.16381,1.16338,1.1638,207,8,0
2026-05-27 03:00:00+00:00,1.16379,1.16421,1.16377,1.16387,281,8,0
2026-05-27 03:15:00+00:00,1.16387,1.16394,1.16374,1.1639,158,8,0
2026-05-27 03:30:00+00:00,1.16389,1.16394,1.16365,1.16377,158,8,0
2026-05-27 03:45:00+00:00,1.1638,1.1639,1.16367,1.16383,178,8,0
2026-05-27 04:00:00+00:00,1.16381,1.16398,1.16378,1.16395,136,8,0
2026-05-27 04:15:00+00:00,1.16394,1.16404,1.1639,1.16391,133,8,0
2026-05-27 04:30:00+00:00,1.1639,1.16416,1.16389,1.16413,177,8,0
2026-05-27 04:45:00+00:00,1.16414,1.1642000000000001,1.16397,1.16409,164,8,0
2026-05-27 05:00:00+00:00,1.1641,1.16431,1.16404,1.1642299999999999,228,8,0
2026-05-27 05:15:00+00:00,1.1642299999999999,1.16441,1.16411,1.16433,181,8,0
2026-05-27 05:30:00+00:00,1.16436,1.16439,1.16402,1.16408,279,8,0
2026-05-27 05:45:00+00:00,1.16408,1.16424,1.16385,1.16392,292,8,0
2026-05-27 06:00:00+00:00,1.16393,1.1641,1.16369,1.16383,437,8,0
2026-05-27 06:15:00+00:00,1.16383,1.16407,1.16372,1.16397,401,8,0
2026-05-27 06:30:00+00:00,1.16397,1.16462,1.16383,1.16458,401,8,0
2026-05-27 06:45:00+00:00,1.16458,1.1649,1.16439,1.16453,484,8,0
2026-05-27 07:00:00+00:00,1.16454,1.1648399999999999,1.16438,1.16441,529,8,0
2026-05-27 07:15:00+00:00,1.1644,1.1646,1.16417,1.16448,423,8,0
2026-05-27 07:30:00+00:00,1.16448,1.16475,1.16432,1.16471,397,8,0
2026-05-27 07:45:00+00:00,1.16471,1.16473,1.16399,1.16404,418,8,0
2026-05-27 08:00:00+00:00,1.16406,1.1644,1.1638,1.16432,531,8,0
2026-05-27 08:15:00+00:00,1.16432,1.16467,1.1642000000000001,1.16467,380,8,0
2026-05-27 08:30:00+00:00,1.16468,1.16468,1.1643,1.16454,378,8,0
2026-05-27 08:45:00+00:00,1.16455,1.16458,1.16424,1.16446,344,8,0
2026-05-27 09:00:00+00:00,1.16444,1.16451,1.16422,1.16436,375,8,0
2026-05-27 09:15:00+00:00,1.16436,1.16467,1.16434,1.16449,368,8,0
2026-05-27 09:30:00+00:00,1.16449,1.16453,1.16431,1.16439,257,8,0
2026-05-27 09:45:00+00:00,1.16439,1.16483,1.16435,1.16445,309,8,0
2026-05-27 10:00:00+00:00,1.16444,1.16444,1.16422,1.16432,321,8,0
2026-05-27 10:15:00+00:00,1.16432,1.16436,1.16363,1.16375,361,8,0
2026-05-27 10:30:00+00:00,1.16373,1.16403,1.16358,1.16379,415,8,0
2026-05-27 10:45:00+00:00,1.16381,1.16393,1.16355,1.1638600000000001,417,8,0
2026-05-27 11:00:00+00:00,1.16387,1.16402,1.1636,1.16401,391,8,0
2026-05-27 11:15:00+00:00,1.16402,1.16415,1.16363,1.16376,423,8,0
2026-05-27 11:30:00+00:00,1.16374,1.1639,1.16353,1.16382,415,8,0
2026-05-27 11:45:00+00:00,1.16382,1.16395,1.16326,1.16374,544,8,0
2026-05-27 12:00:00+00:00,1.16375,1.16392,1.16355,1.16369,536,8,0
2026-05-27 12:15:00+00:00,1.16369,1.16599,1.16343,1.16556,2619,8,0
2026-05-27 12:30:00+00:00,1.16558,1.16612,1.16534,1.16534,1503,8,0
2026-05-27 12:45:00+00:00,1.16536,1.1655,1.16414,1.16436,866,8,0
2026-05-27 13:00:00+00:00,1.16436,1.16476,1.16424,1.1645,974,8,0
2026-05-27 13:15:00+00:00,1.1645,1.16471,1.16394,1.16411,886,8,0
2026-05-27 13:30:00+00:00,1.16409,1.16454,1.1639,1.16416,904,8,0
2026-05-27 13:45:00+00:00,1.16415,1.1645699999999999,1.16374,1.16412,887,8,0
2026-05-27 14:00:00+00:00,1.16412,1.1648399999999999,1.16363,1.16479,901,8,0
2026-05-27 14:15:00+00:00,1.16478,1.16519,1.16436,1.1648399999999999,965,8,0
2026-05-27 14:30:00+00:00,1.16483,1.16515,1.16412,1.16482,1435,8,0
2026-05-27 14:45:00+00:00,1.1648399999999999,1.16502,1.16246,1.16253,1376,8,0
2026-05-27 15:00:00+00:00,1.16251,1.1633499999999999,1.16222,1.16327,935,8,0
2026-05-27 15:15:00+00:00,1.1633,1.16342,1.16288,1.16333,619,8,0
2026-05-27 15:30:00+00:00,1.1633499999999999,1.16358,1.1629800000000001,1.16305,678,8,0
2026-05-27 15:45:00+00:00,1.16306,1.16334,1.16261,1.1629800000000001,646,8,0
2026-05-27 16:00:00+00:00,1.163,1.1630099999999999,1.16238,1.16288,677,8,0
2026-05-27 16:15:00+00:00,1.16288,1.16318,1.16277,1.16282,391,8,0
2026-05-27 16:30:00+00:00,1.16282,1.16324,1.1627399999999999,1.16307,348,8,0
2026-05-27 16:45:00+00:00,1.16307,1.16324,1.16299,1.1632,296,8,0
2026-05-27 17:00:00+00:00,1.16322,1.16327,1.16227,1.16229,604,8,0
2026-05-27 17:15:00+00:00,1.16231,1.16255,1.16219,1.16234,411,8,0
2026-05-27 17:30:00+00:00,1.16234,1.16256,1.1622,1.16249,326,8,0
2026-05-27 17:45:00+00:00,1.16249,1.16281,1.16248,1.16268,300,8,0
2026-05-27 18:00:00+00:00,1.16266,1.16271,1.16227,1.16239,300,8,0
2026-05-27 18:15:00+00:00,1.16239,1.16246,1.16223,1.16244,290,8,0
2026-05-27 18:30:00+00:00,1.16244,1.16278,1.16236,1.16276,302,8,0
2026-05-27 18:45:00+00:00,1.16276,1.1629800000000001,1.16261,1.16289,301,8,0
2026-05-27 19:00:00+00:00,1.16289,1.1631,1.16278,1.1629800000000001,241,8,0
2026-05-27 19:15:00+00:00,1.1629800000000001,1.16316,1.1629,1.16305,234,8,0
2026-05-27 19:30:00+00:00,1.16304,1.16312,1.16285,1.16286,276,8,0
2026-05-27 19:45:00+00:00,1.16284,1.16294,1.16265,1.16287,227,8,0
2026-05-27 20:00:00+00:00,1.16284,1.16303,1.16277,1.16283,207,8,0
2026-05-27 20:15:00+00:00,1.16283,1.1629,1.16273,1.16275,118,8,0
2026-05-27 20:30:00+00:00,1.16277,1.16286,1.1626,1.16275,131,8,0
2026-05-27 20:45:00+00:00,1.16275,1.16276,1.16253,1.16257,188,8,0
2026-05-27 21:00:00+00:00,1.16255,1.16257,1.16235,1.16245,95,8,0
2026-05-27 21:15:00+00:00,1.16246,1.16248,1.16237,1.16247,131,72,0
2026-05-27 21:30:00+00:00,1.16247,1.1628,1.16229,1.16234,154,20,0
2026-05-27 21:45:00+00:00,1.16234,1.1626400000000001,1.1623,1.1626400000000001,256,48,0
2026-05-27 22:00:00+00:00,1.16287,1.1629800000000001,1.16271,1.16295,133,8,0
2026-05-27 22:15:00+00:00,1.16295,1.16299,1.16275,1.16278,146,8,0
2026-05-27 22:30:00+00:00,1.16278,1.1629,1.16265,1.16267,130,8,0
2026-05-27 22:45:00+00:00,1.16267,1.16268,1.16255,1.16255,105,8,0
2026-05-27 23:00:00+00:00,1.16255,1.16276,1.16253,1.16273,88,8,0
2026-05-27 23:15:00+00:00,1.16272,1.16285,1.1621299999999999,1.16214,248,8,0
2026-05-27 23:30:00+00:00,1.16214,1.16225,1.162,1.16219,228,8,0
2026-05-27 23:45:00+00:00,1.16219,1.16219,1.16156,1.16171,263,8,0
2026-05-28 00:00:00+00:00,1.16171,1.1620300000000001,1.16162,1.16197,432,8,0
2026-05-28 00:15:00+00:00,1.16198,1.16232,1.16194,1.16228,311,8,0
2026-05-28 00:30:00+00:00,1.16228,1.16231,1.16192,1.16193,294,8,0
2026-05-28 00:45:00+00:00,1.16196,1.16209,1.16166,1.1620300000000001,337,8,0
2026-05-28 01:00:00+00:00,1.16204,1.16208,1.16177,1.16189,365,8,0
2026-05-28 01:15:00+00:00,1.1619,1.162,1.16181,1.16181,282,8,0
2026-05-28 01:30:00+00:00,1.16183,1.16194,1.16156,1.1616,277,8,0
2026-05-28 01:45:00+00:00,1.1616,1.1616,1.1609099999999999,1.16098,374,8,0
2026-05-28 02:00:00+00:00,1.16097,1.16124,1.16093,1.16124,320,8,0
2026-05-28 02:15:00+00:00,1.16124,1.16138,1.16117,1.16131,164,8,0
2026-05-28 02:30:00+00:00,1.16131,1.16148,1.1611,1.16112,222,8,0
2026-05-28 02:45:00+00:00,1.16113,1.16126,1.16102,1.16123,244,8,0
2026-05-28 03:00:00+00:00,1.16123,1.16133,1.16054,1.16054,317,8,0
2026-05-28 03:15:00+00:00,1.16053,1.16054,1.16006,1.16008,457,8,0
2026-05-28 03:30:00+00:00,1.16008,1.16009,1.15924,1.15929,694,8,0
2026-05-28 03:45:00+00:00,1.15929,1.15941,1.15866,1.15866,496,8,0
2026-05-28 04:00:00+00:00,1.15866,1.15911,1.15858,1.15907,451,8,0
2026-05-28 04:15:00+00:00,1.15907,1.15914,1.15875,1.15878,437,8,0
2026-05-28 04:30:00+00:00,1.15878,1.15923,1.15877,1.15912,299,8,0
2026-05-28 04:45:00+00:00,1.15912,1.15921,1.15899,1.15916,226,8,0
2026-05-28 05:00:00+00:00,1.15917,1.15928,1.15886,1.15905,284,8,0
2026-05-28 05:15:00+00:00,1.15905,1.15946,1.1589800000000001,1.15938,372,8,0
2026-05-28 05:30:00+00:00,1.15938,1.15997,1.15937,1.15994,447,8,0
2026-05-28 05:45:00+00:00,1.1599599999999999,1.16016,1.1598600000000001,1.15987,306,8,0
2026-05-28 06:00:00+00:00,1.1598600000000001,1.16044,1.1598,1.16036,456,8,0
2026-05-28 06:15:00+00:00,1.16036,1.16088,1.16026,1.16065,404,8,0
2026-05-28 06:30:00+00:00,1.16066,1.16093,1.16049,1.16075,416,8,0
2026-05-28 06:45:00+00:00,1.16075,1.16117,1.16056,1.16097,387,8,0
2026-05-28 07:00:00+00:00,1.16098,1.16173,1.16098,1.16167,547,8,0
2026-05-28 07:15:00+00:00,1.16167,1.16167,1.16119,1.1612,430,8,0
2026-05-28 07:30:00+00:00,1.1612,1.16138,1.16097,1.16122,449,8,0
2026-05-28 07:45:00+00:00,1.16122,1.16136,1.16107,1.16112,346,8,0
2026-05-28 08:00:00+00:00,1.16115,1.16155,1.16089,1.16109,474,8,0
2026-05-28 08:15:00+00:00,1.16109,1.1611799999999999,1.16063,1.1609099999999999,420,8,0
2026-05-28 08:30:00+00:00,1.16092,1.1611799999999999,1.16085,1.16103,370,8,0
2026-05-28 08:45:00+00:00,1.16102,1.16164,1.16098,1.16151,339,8,0
2026-05-28 09:00:00+00:00,1.16151,1.1617899999999999,1.16139,1.16177,352,8,0
2026-05-28 09:15:00+00:00,1.16177,1.16188,1.16151,1.16172,343,8,0
2026-05-28 09:30:00+00:00,1.16174,1.1618,1.1614,1.1616,317,8,0
2026-05-28 09:45:00+00:00,1.1616,1.16174,1.16126,1.16127,362,8,0
2026-05-28 10:00:00+00:00,1.16125,1.16137,1.16086,1.16126,375,8,0
2026-05-28 10:15:00+00:00,1.16128,1.16153,1.16095,1.1614200000000001,416,8,0
2026-05-28 10:30:00+00:00,1.1614200000000001,1.16144,1.16054,1.16059,335,8,0
2026-05-28 10:45:00+00:00,1.16061,1.16103,1.16034,1.16035,660,8,0
2026-05-28 11:00:00+00:00,1.16034,1.16076,1.16031,1.16073,455,8,0
2026-05-28 11:15:00+00:00,1.16074,1.16109,1.16072,1.16103,320,8,0
2026-05-28 11:30:00+00:00,1.16103,1.16115,1.16076,1.1610800000000001,336,8,0
2026-05-28 11:45:00+00:00,1.1610800000000001,1.16225,1.16099,1.16168,688,8,0
2026-05-28 12:00:00+00:00,1.16168,1.16195,1.1615199999999999,1.1619,497,8,0
2026-05-28 12:15:00+00:00,1.16189,1.16252,1.16184,1.1623999999999999,444,8,0
2026-05-28 12:30:00+00:00,1.16241,1.16339,1.16237,1.1632,1037,8,0
2026-05-28 12:45:00+00:00,1.16322,1.16379,1.16315,1.16361,771,8,0
2026-05-28 13:00:00+00:00,1.1636,1.16427,1.16324,1.16324,791,8,0
2026-05-28 13:15:00+00:00,1.1632500000000001,1.1635,1.16323,1.16326,509,8,0
2026-05-28 13:30:00+00:00,1.16326,1.16381,1.16316,1.1637,718,8,0
2026-05-28 13:45:00+00:00,1.16368,1.16382,1.16288,1.16302,665,8,0
2026-05-28 14:00:00+00:00,1.16302,1.16541,1.16265,1.16462,2103,8,0
2026-05-28 14:15:00+00:00,1.16464,1.16575,1.16416,1.16539,2244,8,0
2026-05-28 14:30:00+00:00,1.16536,1.16565,1.16463,1.16516,1383,8,0
2026-05-28 14:45:00+00:00,1.16514,1.16553,1.16426,1.16473,1561,8,0
2026-05-28 15:00:00+00:00,1.16475,1.16548,1.16471,1.16531,926,8,0
2026-05-28 15:15:00+00:00,1.16533,1.16543,1.16502,1.16527,712,8,0
2026-05-28 15:30:00+00:00,1.16526,1.16565,1.16494,1.16506,631,8,0
2026-05-28 15:45:00+00:00,1.16506,1.16532,1.16475,1.16477,540,8,0
2026-05-28 16:00:00+00:00,1.16477,1.16503,1.16453,1.16501,500,8,0
2026-05-28 16:15:00+00:00,1.165,1.1661,1.1649,1.16567,748,8,0
2026-05-28 16:30:00+00:00,1.16567,1.16593,1.16536,1.1656,554,8,0
2026-05-28 16:45:00+00:00,1.1656,1.16585,1.16533,1.16565,527,8,0
2026-05-28 17:00:00+00:00,1.16567,1.1657,1.1653,1.16545,439,8,0
2026-05-28 17:15:00+00:00,1.16546,1.16546,1.16506,1.1650800000000001,375,8,0
2026-05-28 17:30:00+00:00,1.1650800000000001,1.16536,1.16506,1.16509,293,8,0
2026-05-28 17:45:00+00:00,1.16509,1.1654200000000001,1.16509,1.16531,298,8,0
2026-05-28 18:00:00+00:00,1.16531,1.16546,1.16498,1.16519,395,8,0
2026-05-28 18:15:00+00:00,1.16521,1.1655,1.1648100000000001,1.16488,672,8,0
2026-05-28 18:30:00+00:00,1.16488,1.16491,1.16464,1.16472,366,8,0
2026-05-28 18:45:00+00:00,1.16472,1.16499,1.1647,1.16477,269,8,0
2026-05-28 19:00:00+00:00,1.16475,1.16487,1.16461,1.16468,302,8,0
2026-05-28 19:15:00+00:00,1.16468,1.16487,1.16467,1.16486,177,8,0
2026-05-28 19:30:00+00:00,1.16486,1.1650800000000001,1.16486,1.16496,261,8,0
2026-05-28 19:45:00+00:00,1.16496,1.16511,1.16467,1.16476,367,8,0
2026-05-28 20:00:00+00:00,1.16473,1.16478,1.16446,1.16468,221,8,0
2026-05-28 20:15:00+00:00,1.16467,1.16476,1.16458,1.16464,153,8,0
2026-05-28 20:30:00+00:00,1.16464,1.1648,1.16462,1.16473,152,8,0
2026-05-28 20:45:00+00:00,1.16473,1.16494,1.16473,1.16489,150,8,0
2026-05-28 21:00:00+00:00,1.16486,1.16492,1.16474,1.16478,117,20,0
2026-05-28 21:15:00+00:00,1.16477,1.16485,1.16467,1.1648399999999999,254,49,0
2026-05-28 21:30:00+00:00,1.16485,1.16507,1.16468,1.16478,252,20,0
2026-05-28 21:45:00+00:00,1.1648,1.16511,1.16475,1.1651,155,8,0
2026-05-28 22:00:00+00:00,1.1651,1.1651799999999999,1.165,1.16516,157,8,0
2026-05-28 22:15:00+00:00,1.16517,1.1651799999999999,1.16509,1.16512,74,8,0
2026-05-28 22:30:00+00:00,1.16512,1.16512,1.16498,1.16502,100,8,0
2026-05-28 22:45:00+00:00,1.16502,1.16512,1.16496,1.16498,83,8,0
2026-05-28 23:00:00+00:00,1.16498,1.16527,1.16497,1.16513,160,8,0
2026-05-28 23:15:00+00:00,1.16513,1.16519,1.16511,1.16511,78,8,0
2026-05-28 23:30:00+00:00,1.16509,1.16523,1.16503,1.16514,123,8,0
2026-05-28 23:45:00+00:00,1.16514,1.16528,1.16511,1.16521,126,8,0
2026-05-29 00:00:00+00:00,1.16521,1.16543,1.16516,1.1653,312,8,0
2026-05-29 00:15:00+00:00,1.1653,1.16555,1.16519,1.16534,265,8,0
2026-05-29 00:30:00+00:00,1.16535,1.16536,1.16494,1.16513,243,8,0
2026-05-29 00:45:00+00:00,1.16512,1.16516,1.16472,1.16482,266,8,0
2026-05-29 01:00:00+00:00,1.16483,1.16555,1.16473,1.16546,394,8,0
2026-05-29 01:15:00+00:00,1.16546,1.16562,1.16533,1.16535,330,8,0
2026-05-29 01:30:00+00:00,1.16535,1.16535,1.1649,1.16492,332,8,0
2026-05-29 01:45:00+00:00,1.16493,1.16493,1.16431,1.16444,430,8,0
2026-05-29 02:00:00+00:00,1.16444,1.1647,1.16432,1.16468,327,8,0
2026-05-29 02:15:00+00:00,1.16468,1.16473,1.16452,1.16461,178,8,0
2026-05-29 02:30:00+00:00,1.16461,1.16488,1.16453,1.16483,165,8,0
2026-05-29 02:45:00+00:00,1.1648100000000001,1.1649,1.16444,1.16444,188,8,0
2026-05-29 03:00:00+00:00,1.16444,1.16449,1.16401,1.16406,266,8,0
2026-05-29 03:15:00+00:00,1.16406,1.16414,1.16395,1.16407,262,8,0
2026-05-29 03:30:00+00:00,1.16409,1.16411,1.1636,1.16381,258,8,0
2026-05-29 03:45:00+00:00,1.16382,1.16389,1.16355,1.16369,230,8,0
2026-05-29 04:00:00+00:00,1.16367,1.1639,1.16367,1.16372,212,8,0
2026-05-29 04:15:00+00:00,1.16372,1.16381,1.1635,1.16357,243,8,0
2026-05-29 04:30:00+00:00,1.16355,1.16388,1.1634,1.1638600000000001,237,8,0
2026-05-29 04:45:00+00:00,1.1638600000000001,1.1639,1.16366,1.16389,197,8,0
2026-05-29 05:00:00+00:00,1.16391,1.16421,1.16378,1.16418,242,8,0
2026-05-29 05:15:00+00:00,1.16418,1.16431,1.16407,1.1641,170,8,0
2026-05-29 05:30:00+00:00,1.1641,1.16419,1.16391,1.16397,196,8,0
2026-05-29 05:45:00+00:00,1.16397,1.16426,1.16393,1.16417,214,8,0
2026-05-29 06:00:00+00:00,1.16419,1.16475,1.16419,1.16475,414,8,0
2026-05-29 06:15:00+00:00,1.16475,1.16475,1.1644700000000001,1.1645,344,8,0
2026-05-29 06:30:00+00:00,1.16452,1.16497,1.16445,1.16492,452,8,0
2026-05-29 06:45:00+00:00,1.16492,1.1654,1.1648399999999999,1.16533,376,8,0
2026-05-29 07:00:00+00:00,1.16531,1.16531,1.1648100000000001,1.16488,465,8,0
2026-05-29 07:15:00+00:00,1.16486,1.16503,1.16411,1.16433,490,8,0
2026-05-29 07:30:00+00:00,1.16433,1.16443,1.16376,1.16428,516,8,0
2026-05-29 07:45:00+00:00,1.16427,1.16443,1.16393,1.16418,379,8,0
2026-05-29 08:00:00+00:00,1.16416,1.16416,1.16336,1.16348,593,8,0
2026-05-29 08:15:00+00:00,1.16348,1.16388,1.16333,1.16385,469,8,0
2026-05-29 08:30:00+00:00,1.16387,1.16393,1.16354,1.16369,372,8,0
2026-05-29 08:45:00+00:00,1.16369,1.16369,1.16247,1.16278,647,8,0
2026-05-29 09:00:00+00:00,1.16279,1.1636,1.16263,1.1635900000000001,494,8,0
2026-05-29 09:15:00+00:00,1.16357,1.16381,1.16336,1.1635900000000001,442,8,0
2026-05-29 09:30:00+00:00,1.16361,1.16368,1.16326,1.16365,396,8,0
2026-05-29 09:45:00+00:00,1.16365,1.16425,1.16364,1.1641,360,8,0
2026-05-29 10:00:00+00:00,1.16411,1.16449,1.16375,1.16444,438,8,0
2026-05-29 10:15:00+00:00,1.16444,1.1644700000000001,1.1639599999999999,1.16424,341,8,0
2026-05-29 10:30:00+00:00,1.16425,1.16442,1.16408,1.16421,289,8,0
2026-05-29 10:45:00+00:00,1.16421,1.16439,1.16403,1.16426,381,8,0
2026-05-29 11:00:00+00:00,1.1642299999999999,1.16445,1.16404,1.16418,405,8,0
2026-05-29 11:15:00+00:00,1.16418,1.16434,1.16395,1.16431,377,8,0
2026-05-29 11:30:00+00:00,1.16431,1.16466,1.16402,1.16453,399,8,0
2026-05-29 11:45:00+00:00,1.16454,1.16479,1.1641,1.16472,562,8,0
2026-05-29 12:00:00+00:00,1.16473,1.1648399999999999,1.16426,1.16454,481,8,0
2026-05-29 12:15:00+00:00,1.16452,1.16468,1.16433,1.16459,342,8,0
2026-05-29 12:30:00+00:00,1.1646,1.16467,1.16408,1.16448,564,8,0
2026-05-29 12:45:00+00:00,1.16448,1.16486,1.16431,1.16486,473,8,0
2026-05-29 13:00:00+00:00,1.16488,1.16491,1.1646,1.16468,579,8,0
2026-05-29 13:15:00+00:00,1.16469,1.16529,1.16469,1.16494,511,8,0
2026-05-29 13:30:00+00:00,1.16492,1.16517,1.16476,1.16504,549,8,0
2026-05-29 13:45:00+00:00,1.16504,1.1650800000000001,1.16444,1.1647,620,8,0
2026-05-29 14:00:00+00:00,1.16469,1.16506,1.16429,1.1643,641,8,0
2026-05-29 14:15:00+00:00,1.16432,1.1646,1.16414,1.16456,631,8,0
2026-05-29 14:30:00+00:00,1.16458,1.16479,1.16402,1.16472,792,8,0
2026-05-29 14:45:00+00:00,1.16473,1.1674,1.16463,1.16681,2086,8,0
2026-05-29 15:00:00+00:00,1.1668,1.16775,1.16669,1.16759,1179,8,0
2026-05-29 15:15:00+00:00,1.16759,1.16815,1.16738,1.16744,801,8,0
2026-05-29 15:30:00+00:00,1.16747,1.16854,1.16739,1.16758,1278,8,0
2026-05-29 15:45:00+00:00,1.16757,1.168,1.16755,1.16776,694,8,0
2026-05-29 16:00:00+00:00,1.16776,1.16788,1.1669100000000001,1.16694,635,8,0
2026-05-29 16:15:00+00:00,1.16692,1.16708,1.16675,1.16694,407,8,0
2026-05-29 16:30:00+00:00,1.16694,1.16741,1.16663,1.16704,694,8,0
2026-05-29 16:45:00+00:00,1.16705,1.1672,1.16688,1.16718,422,8,0
2026-05-29 17:00:00+00:00,1.16717,1.16729,1.16684,1.16688,392,8,0
2026-05-29 17:15:00+00:00,1.16688,1.16703,1.16655,1.16676,390,8,0
2026-05-29 17:30:00+00:00,1.16676,1.1668,1.1663000000000001,1.16642,322,8,0
2026-05-29 17:45:00+00:00,1.16642,1.16654,1.16618,1.16621,391,8,0
2026-05-29 18:00:00+00:00,1.1662,1.16641,1.16611,1.16641,353,8,0
2026-05-29 18:15:00+00:00,1.16641,1.16657,1.16623,1.16644,358,8,0
2026-05-29 18:30:00+00:00,1.16645,1.16682,1.16641,1.16647,287,8,0
2026-05-29 18:45:00+00:00,1.16648,1.16675,1.1660300000000001,1.16639,546,8,0
2026-05-29 19:00:00+00:00,1.1663999999999999,1.16689,1.16639,1.16675,313,8,0
2026-05-29 19:15:00+00:00,1.16676,1.1669,1.16653,1.16677,265,8,0
2026-05-29 19:30:00+00:00,1.16677,1.16687,1.16662,1.16672,268,8,0
2026-05-29 19:45:00+00:00,1.16671,1.16675,1.16634,1.16645,466,8,0
2026-05-29 20:00:00+00:00,1.16647,1.16647,1.16614,1.16628,250,8,0
2026-05-29 20:15:00+00:00,1.16628,1.16628,1.16606,1.1661,140,8,0
2026-05-29 20:30:00+00:00,1.1661,1.16624,1.1660300000000001,1.16618,187,8,0
2026-05-29 20:45:00+00:00,1.16616,1.16616,1.16584,1.166,250,8,0
