time,open,high,low,close,tick_volume,spread,real_volume
2023-04-20 04:00:00+00:00,0.61571,0.61816,0.61485,0.61595,240,12,0
2023-04-20 08:00:00+00:00,0.61592,0.61844,0.61556,0.61661,240,12,0
2023-04-20 12:00:00+00:00,0.61658,0.62027,0.61568,0.61888,240,12,0
2023-04-20 16:00:00+00:00,0.61885,0.61919,0.61653,0.61673,240,12,0
2023-04-20 20:00:00+00:00,0.61678,0.61792,0.61672,0.61776,219,12,0
2023-04-21 00:00:00+00:00,0.61779,0.61779,0.61539,0.61564,240,12,0
2023-04-21 04:00:00+00:00,0.61559,0.61588,0.61256,0.61361,239,12,0
2023-04-21 08:00:00+00:00,0.61364,0.61429,0.61262,0.61271,240,12,0
2023-04-21 12:00:00+00:00,0.61269,0.61547,0.61266,0.61359,240,12,0
2023-04-21 16:00:00+00:00,0.61362,0.61459,0.61275,0.61352,239,12,0
2023-04-21 20:00:00+00:00,0.61348,0.61416,0.61347,0.61381,58,12,0
2023-04-23 20:00:00+00:00,0.61366,0.61447,0.61317,0.61404,137,20,0
2023-04-24 00:00:00+00:00,0.61408,0.61462,0.61304,0.61326,240,12,0
2023-04-24 04:00:00+00:00,0.6132,0.61474,0.61247,0.61447,240,12,0
2023-04-24 08:00:00+00:00,0.61452,0.61539,0.61374,0.61396,240,12,0
2023-04-24 12:00:00+00:00,0.61393,0.61544,0.61369,0.61388,240,12,0
2023-04-24 16:00:00+00:00,0.61389,0.6166,0.61381,0.61638,239,12,0
2023-04-24 20:00:00+00:00,0.61633,0.61748,0.61617,0.61743,184,12,0
2023-04-25 00:00:00+00:00,0.61746,0.61868,0.61675,0.61695,240,12,0
2023-04-25 04:00:00+00:00,0.617,0.6175,0.61533,0.6157,237,12,0
2023-04-25 08:00:00+00:00,0.61566,0.61726,0.61501,0.61559,240,12,0
2023-04-25 12:00:00+00:00,0.61562,0.61663,0.61411,0.61414,240,12,0
2023-04-25 16:00:00+00:00,0.61418,0.61438,0.61288,0.61381,240,12,0
2023-04-25 20:00:00+00:00,0.61375,0.6147,0.61334,0.61457,214,12,0
2023-04-26 00:00:00+00:00,0.61461,0.61481,0.61285,0.6129,240,12,0
2023-04-26 04:00:00+00:00,0.61287,0.61442,0.61271,0.61347,240,12,0
2023-04-26 08:00:00+00:00,0.61351,0.61386,0.61213,0.61225,240,12,0
2023-04-26 12:00:00+00:00,0.61228,0.61433,0.61197,0.61326,240,12,0
2023-04-26 16:00:00+00:00,0.6132,0.61328,0.61082,0.61166,240,12,0
2023-04-26 20:00:00+00:00,0.61164,0.61203,0.61112,0.61194,207,12,0
2023-04-27 00:00:00+00:00,0.61196,0.61372,0.61137,0.61303,240,12,0
2023-04-27 04:00:00+00:00,0.61301,0.61547,0.61301,0.61442,240,12,0
2023-04-27 08:00:00+00:00,0.61439,0.61559,0.61381,0.61492,240,12,0
2023-04-27 12:00:00+00:00,0.61494,0.61603,0.6121,0.61301,240,12,0
2023-04-27 16:00:00+00:00,0.61305,0.61474,0.61283,0.61418,240,12,0
2023-04-27 20:00:00+00:00,0.61422,0.6148,0.6139,0.61446,216,12,0
2023-04-28 00:00:00+00:00,0.6145,0.61588,0.61446,0.61511,240,12,0
2023-04-28 04:00:00+00:00,0.61515,0.61534,0.61233,0.61367,240,12,0
2023-04-28 08:00:00+00:00,0.61364,0.61507,0.6124,0.61501,240,12,0
2023-04-28 12:00:00+00:00,0.61505,0.61845,0.61313,0.61842,240,12,0
2023-04-28 16:00:00+00:00,0.61839,0.61866,0.61768,0.61825,238,12,0
2023-04-28 20:00:00+00:00,0.61827,0.61866,0.61794,0.61813,58,12,0
2023-04-30 20:00:00+00:00,0.61726,0.61831,0.61693,0.61701,167,20,0
2023-05-01 00:00:00+00:00,0.61706,0.61851,0.61663,0.61843,240,12,0
2023-05-01 04:00:00+00:00,0.61841,0.61894,0.61792,0.61819,238,12,0
2023-05-01 08:00:00+00:00,0.61823,0.61825,0.6171,0.61752,240,12,0
2023-05-01 12:00:00+00:00,0.61751,0.61989,0.61645,0.61678,240,12,0
2023-05-01 16:00:00+00:00,0.61673,0.61703,0.61604,0.61641,240,12,0
2023-05-01 20:00:00+00:00,0.61645,0.61708,0.61628,0.6163,172,12,0
2023-05-02 00:00:00+00:00,0.61635,0.61849,0.61622,0.61759,240,12,0
2023-05-02 04:00:00+00:00,0.61758,0.62046,0.61754,0.61929,240,12,0
2023-05-02 08:00:00+00:00,0.61928,0.62175,0.61856,0.6214,240,12,0
2023-05-02 12:00:00+00:00,0.62136,0.6214,0.61931,0.62057,240,12,0
2023-05-02 16:00:00+00:00,0.62052,0.62108,0.6204,0.6207,239,12,0
2023-05-02 20:00:00+00:00,0.62077,0.62295,0.62021,0.62239,212,12,0
2023-05-03 00:00:00+00:00,0.62241,0.62488,0.6211,0.62355,240,12,0
2023-05-03 04:00:00+00:00,0.6235,0.62375,0.62254,0.62325,240,12,0
2023-05-03 08:00:00+00:00,0.62329,0.62369,0.62203,0.62285,240,12,0
2023-05-03 12:00:00+00:00,0.6229,0.62384,0.62149,0.62356,240,12,0
2023-05-03 16:00:00+00:00,0.62352,0.62598,0.62193,0.62272,240,12,0
2023-05-03 20:00:00+00:00,0.62267,0.623,0.62052,0.62076,219,12,0
2023-05-04 00:00:00+00:00,0.6208,0.62466,0.62064,0.62432,240,12,0
2023-05-04 04:00:00+00:00,0.62428,0.62536,0.62347,0.6241,240,12,0
2023-05-04 08:00:00+00:00,0.62412,0.62728,0.62308,0.6269,240,12,0
2023-05-04 12:00:00+00:00,0.62686,0.62849,0.62543,0.62812,240,12,0
2023-05-04 16:00:00+00:00,0.62808,0.62979,0.62794,0.628,240,12,0
2023-05-04 20:00:00+00:00,0.62795,0.62904,0.62736,0.62891,214,12,0
2023-05-05 00:00:00+00:00,0.62896,0.63119,0.6287,0.63102,240,12,0
2023-05-05 04:00:00+00:00,0.63105,0.63149,0.6294,0.6295,240,12,0
2023-05-05 08:00:00+00:00,0.62953,0.63014,0.62903,0.6292,240,12,0
2023-05-05 12:00:00+00:00,0.62924,0.6299,0.62624,0.62966,240,12,0
2023-05-05 16:00:00+00:00,0.62963,0.63042,0.62906,0.6291,239,12,0
2023-05-05 20:00:00+00:00,0.62916,0.62947,0.62909,0.62939,56,12,0
2023-05-07 20:00:00+00:00,0.62907,0.63023,0.62818,0.62974,152,20,0
2023-05-08 00:00:00+00:00,0.62978,0.6306,0.62936,0.63045,240,12,0
2023-05-08 04:00:00+00:00,0.63043,0.63299,0.63039,0.63192,240,12,0
2023-05-08 08:00:00+00:00,0.63189,0.63482,0.63187,0.63422,240,12,0
2023-05-08 12:00:00+00:00,0.63426,0.63589,0.63406,0.63486,240,12,0
2023-05-08 16:00:00+00:00,0.63483,0.63535,0.63396,0.63452,239,12,0
2023-05-08 20:00:00+00:00,0.63448,0.63478,0.63356,0.63356,195,12,0
2023-05-09 00:00:00+00:00,0.6336,0.63392,0.63267,0.63383,240,12,0
2023-05-09 04:00:00+00:00,0.6338,0.63437,0.63246,0.63297,240,12,0
2023-05-09 08:00:00+00:00,0.63295,0.63414,0.63259,0.63267,240,12,0
2023-05-09 12:00:00+00:00,0.63264,0.63307,0.63176,0.63197,240,12,0
2023-05-09 16:00:00+00:00,0.63194,0.6337,0.63174,0.63322,239,12,0
2023-05-09 20:00:00+00:00,0.6332,0.63388,0.6328,0.63368,213,12,0
2023-05-10 00:00:00+00:00,0.63371,0.63477,0.63333,0.63476,240,12,0
2023-05-10 04:00:00+00:00,0.63472,0.63474,0.63313,0.63356,240,12,0
2023-05-10 08:00:00+00:00,0.63351,0.63374,0.63248,0.63293,239,12,0
2023-05-10 12:00:00+00:00,0.63288,0.63804,0.63233,0.63528,240,12,0
2023-05-10 16:00:00+00:00,0.63525,0.63697,0.63409,0.63634,239,12,0
2023-05-10 20:00:00+00:00,0.63633,0.63724,0.63493,0.63694,188,12,0
2023-05-11 00:00:00+00:00,0.63698,0.63839,0.63646,0.63679,240,12,0
2023-05-11 04:00:00+00:00,0.63681,0.6376,0.63352,0.63367,240,12,0
2023-05-11 08:00:00+00:00,0.6337,0.63468,0.63288,0.63406,240,12,0
2023-05-11 12:00:00+00:00,0.63401,0.63624,0.62883,0.62953,240,12,0
2023-05-11 16:00:00+00:00,0.6295,0.63027,0.62909,0.63009,235,12,0
2023-05-11 20:00:00+00:00,0.63005,0.63008,0.6291,0.6292,183,12,0
2023-05-12 00:00:00+00:00,0.62925,0.62994,0.62535,0.62625,240,12,0
2023-05-12 04:00:00+00:00,0.62622,0.62657,0.62437,0.62445,240,12,0
2023-05-12 08:00:00+00:00,0.62449,0.62513,0.62242,0.62255,240,12,0
2023-05-12 12:00:00+00:00,0.6225,0.62365,0.61843,0.61908,240,12,0
2023-05-12 16:00:00+00:00,0.61903,0.61947,0.61815,0.61942,239,12,0
2023-05-12 20:00:00+00:00,0.61946,0.61947,0.61874,0.61883,54,12,0
2023-05-14 20:00:00+00:00,0.61887,0.6195,0.61887,0.61943,134,20,0
2023-05-15 00:00:00+00:00,0.61946,0.62063,0.61862,0.62024,240,12,0
2023-05-15 04:00:00+00:00,0.62028,0.62293,0.6202,0.6226,240,12,0
2023-05-15 08:00:00+00:00,0.62255,0.62277,0.62079,0.62169,240,12,0
2023-05-15 12:00:00+00:00,0.62173,0.62257,0.62065,0.62245,238,12,0
2023-05-15 16:00:00+00:00,0.62248,0.62387,0.62245,0.62364,235,12,0
2023-05-15 20:00:00+00:00,0.62361,0.62451,0.62327,0.62427,193,12,0
2023-05-16 00:00:00+00:00,0.62431,0.62557,0.62381,0.62508,240,12,0
2023-05-16 04:00:00+00:00,0.62503,0.62537,0.62257,0.62477,240,12,0
2023-05-16 08:00:00+00:00,0.62474,0.62593,0.62403,0.62416,240,12,0
2023-05-16 12:00:00+00:00,0.62421,0.62528,0.62226,0.62348,240,12,0
2023-05-16 16:00:00+00:00,0.62342,0.62362,0.62247,0.62264,235,0,0
2023-05-16 20:00:00+00:00,0.62268,0.62379,0.62228,0.62357,192,12,0
2023-05-17 00:00:00+00:00,0.62354,0.62518,0.62333,0.62444,240,12,0
2023-05-17 04:00:00+00:00,0.62447,0.62497,0.62276,0.62307,240,12,0
2023-05-17 08:00:00+00:00,0.6231,0.62648,0.62305,0.62551,240,12,0
2023-05-17 12:00:00+00:00,0.62556,0.62724,0.62341,0.62469,240,12,0
2023-05-17 16:00:00+00:00,0.62467,0.62663,0.62467,0.62544,238,12,0
2023-05-17 20:00:00+00:00,0.62541,0.62546,0.62386,0.62443,215,12,0
2023-05-18 00:00:00+00:00,0.6244,0.62637,0.62376,0.62585,240,12,0
2023-05-18 04:00:00+00:00,0.62588,0.62686,0.62463,0.62496,238,12,0
2023-05-18 08:00:00+00:00,0.62491,0.62492,0.62336,0.62397,240,12,0
2023-05-18 12:00:00+00:00,0.62394,0.62449,0.62032,0.62162,240,12,0
2023-05-18 16:00:00+00:00,0.62163,0.62247,0.62059,0.62232,240,12,0
2023-05-18 20:00:00+00:00,0.62228,0.62413,0.62183,0.62346,227,12,0
2023-05-19 00:00:00+00:00,0.6235,0.6246,0.62285,0.62424,240,12,0
2023-05-19 04:00:00+00:00,0.62423,0.62669,0.62347,0.6261,240,12,0
2023-05-19 08:00:00+00:00,0.62604,0.62881,0.62552,0.62785,240,12,0
2023-05-19 12:00:00+00:00,0.6279,0.63049,0.62718,0.62851,240,12,0
2023-05-19 16:00:00+00:00,0.62846,0.62947,0.62753,0.62787,239,12,0
2023-05-19 20:00:00+00:00,0.62783,0.62805,0.62714,0.62744,58,12,0
2023-05-21 20:00:00+00:00,0.6262,0.6283,0.62616,0.62819,151,20,0
2023-05-22 00:00:00+00:00,0.62823,0.62918,0.62699,0.62848,240,12,0
2023-05-22 04:00:00+00:00,0.6285,0.62896,0.62611,0.62665,240,12,0
2023-05-22 08:00:00+00:00,0.6267,0.62892,0.62636,0.62812,240,12,0
2023-05-22 12:00:00+00:00,0.62817,0.62865,0.62675,0.62724,240,12,0
2023-05-22 16:00:00+00:00,0.62718,0.62889,0.62703,0.62814,239,12,0
2023-05-22 20:00:00+00:00,0.62815,0.62866,0.62803,0.62846,194,12,0
2023-05-23 00:00:00+00:00,0.6285,0.63021,0.62748,0.62864,240,12,0
2023-05-23 04:00:00+00:00,0.62859,0.62873,0.62608,0.6264,240,12,0
2023-05-23 08:00:00+00:00,0.62636,0.62706,0.62439,0.62472,240,12,0
2023-05-23 12:00:00+00:00,0.62468,0.6263,0.62332,0.62576,240,12,0
2023-05-23 16:00:00+00:00,0.62571,0.62575,0.62423,0.62479,240,12,0
2023-05-23 20:00:00+00:00,0.62474,0.62504,0.62364,0.62483,200,12,0
2023-05-24 00:00:00+00:00,0.62487,0.6256,0.61689,0.61716,240,12,0
2023-05-24 04:00:00+00:00,0.61713,0.61742,0.61304,0.61341,239,12,0
2023-05-24 08:00:00+00:00,0.61342,0.61455,0.61155,0.61363,240,12,0
2023-05-24 12:00:00+00:00,0.6136,0.61418,0.6102,0.6105,240,12,0
2023-05-24 16:00:00+00:00,0.61055,0.61084,0.60897,0.61027,240,12,0
2023-05-24 20:00:00+00:00,0.61024,0.61122,0.60992,0.61033,224,12,0
2023-05-25 00:00:00+00:00,0.61036,0.61036,0.60843,0.60857,240,12,0
2023-05-25 04:00:00+00:00,0.60862,0.61001,0.60754,0.60855,240,12,0
2023-05-25 08:00:00+00:00,0.60856,0.60958,0.60648,0.60767,240,12,0
2023-05-25 12:00:00+00:00,0.60762,0.60867,0.60433,0.60482,240,12,0
2023-05-25 16:00:00+00:00,0.60487,0.60629,0.60435,0.60587,240,12,0
2023-05-25 20:00:00+00:00,0.60588,0.60628,0.60493,0.60523,214,12,0
2023-05-26 00:00:00+00:00,0.60526,0.60781,0.60478,0.60641,240,12,0
2023-05-26 04:00:00+00:00,0.60646,0.60828,0.60634,0.60659,239,12,0
2023-05-26 08:00:00+00:00,0.60663,0.60958,0.60627,0.60911,240,12,0
2023-05-26 12:00:00+00:00,0.60916,0.60926,0.60323,0.60432,240,12,0
2023-05-26 16:00:00+00:00,0.60427,0.60488,0.60413,0.60427,239,12,0
2023-05-26 20:00:00+00:00,0.60424,0.60468,0.6042,0.60452,53,12,0
2023-05-28 20:00:00+00:00,0.60434,0.60565,0.6036,0.60545,151,20,0
2023-05-29 00:00:00+00:00,0.60548,0.6067,0.60443,0.60456,238,12,0
2023-05-29 04:00:00+00:00,0.60451,0.60702,0.60438,0.60556,239,12,0
2023-05-29 08:00:00+00:00,0.60554,0.60664,0.6051,0.60606,240,12,0
2023-05-29 12:00:00+00:00,0.6061,0.60624,0.60501,0.60562,233,12,0
2023-05-29 16:00:00+00:00,0.60558,0.60566,0.60511,0.60549,189,12,0
2023-05-29 20:00:00+00:00,0.60552,0.6057,0.60419,0.6043,199,12,0
2023-05-30 00:00:00+00:00,0.60434,0.60604,0.60291,0.60344,240,12,0
2023-05-30 04:00:00+00:00,0.60338,0.60487,0.60243,0.60467,240,12,0
2023-05-30 08:00:00+00:00,0.6047,0.60615,0.60423,0.60615,240,12,0
2023-05-30 12:00:00+00:00,0.60612,0.6066,0.60373,0.60425,240,12,0
2023-05-30 16:00:00+00:00,0.60422,0.60471,0.60325,0.60454,240,12,0
2023-05-30 20:00:00+00:00,0.60453,0.60484,0.60383,0.6045,189,12,0
2023-05-31 00:00:00+00:00,0.60454,0.60467,0.59979,0.60029,240,12,0
2023-05-31 04:00:00+00:00,0.60024,0.60161,0.59935,0.5994,240,12,0
2023-05-31 08:00:00+00:00,0.59939,0.60082,0.59932,0.60031,240,12,0
2023-05-31 12:00:00+00:00,0.60028,0.60174,0.5986,0.59938,240,12,0
2023-05-31 16:00:00+00:00,0.59935,0.60239,0.59845,0.60209,240,12,0
2023-05-31 20:00:00+00:00,0.60213,0.60269,0.59961,0.60223,217,12,0
2023-06-01 00:00:00+00:00,0.60227,0.6024,0.59995,0.60098,240,12,0
2023-06-01 04:00:00+00:00,0.60095,0.60138,0.59898,0.59958,240,12,0
2023-06-01 08:00:00+00:00,0.59955,0.60249,0.59911,0.60231,240,12,0
2023-06-01 12:00:00+00:00,0.60226,0.60765,0.60052,0.60726,240,12,0
2023-06-01 16:00:00+00:00,0.6073,0.60753,0.60604,0.60697,239,12,0
2023-06-01 20:00:00+00:00,0.60695,0.60708,0.60506,0.60635,217,12,0
2023-06-02 00:00:00+00:00,0.60634,0.61055,0.60577,0.61034,240,12,0
2023-06-02 04:00:00+00:00,0.61029,0.61053,0.60871,0.60919,240,12,0
2023-06-02 08:00:00+00:00,0.60914,0.61105,0.60863,0.60891,240,12,0
2023-06-02 12:00:00+00:00,0.60895,0.61039,0.60636,0.60687,240,12,0
2023-06-02 16:00:00+00:00,0.6069,0.60715,0.60567,0.60591,240,12,0
2023-06-02 20:00:00+00:00,0.60588,0.60601,0.60548,0.60582,57,12,0
2023-06-04 20:00:00+00:00,0.60578,0.6062,0.60485,0.60558,162,20,0
2023-06-05 00:00:00+00:00,0.60562,0.60643,0.60454,0.60636,240,12,0
2023-06-05 04:00:00+00:00,0.60633,0.60665,0.60428,0.60501,239,12,0
2023-06-05 08:00:00+00:00,0.60498,0.60572,0.60404,0.6047,240,12,0
2023-06-05 12:00:00+00:00,0.60473,0.60847,0.60448,0.60809,240,12,0
2023-06-05 16:00:00+00:00,0.60807,0.60831,0.6068,0.60684,239,12,0
2023-06-05 20:00:00+00:00,0.60682,0.60725,0.60621,0.60695,205,12,0
2023-06-06 00:00:00+00:00,0.60699,0.60838,0.60676,0.60743,239,12,0
2023-06-06 04:00:00+00:00,0.6074,0.60997,0.60708,0.60835,240,12,0
2023-06-06 08:00:00+00:00,0.60841,0.60892,0.60699,0.60752,240,12,0
2023-06-06 12:00:00+00:00,0.60751,0.60816,0.60448,0.60776,240,12,0
2023-06-06 16:00:00+00:00,0.6077,0.60841,0.60667,0.60749,238,12,0
2023-06-06 20:00:00+00:00,0.60753,0.60799,0.60691,0.6078,196,12,0
2023-06-07 00:00:00+00:00,0.60783,0.60888,0.60711,0.60773,240,12,0
2023-06-07 04:00:00+00:00,0.60768,0.6081,0.60576,0.60644,240,12,0
2023-06-07 08:00:00+00:00,0.60645,0.60844,0.60631,0.60756,240,12,0
2023-06-07 12:00:00+00:00,0.60759,0.60963,0.60443,0.60474,240,12,0
2023-06-07 16:00:00+00:00,0.60471,0.60491,0.60303,0.60356,240,12,0
2023-06-07 20:00:00+00:00,0.60351,0.60421,0.60294,0.60406,202,12,0
2023-06-08 00:00:00+00:00,0.60409,0.60544,0.60396,0.60475,240,12,0
2023-06-08 04:00:00+00:00,0.6047,0.60739,0.60406,0.60719,238,12,0
2023-06-08 08:00:00+00:00,0.60714,0.60788,0.60575,0.60668,240,12,0
2023-06-08 12:00:00+00:00,0.60666,0.60984,0.60648,0.60911,240,12,0
2023-06-08 16:00:00+00:00,0.60912,0.60985,0.6089,0.60958,239,12,0
2023-06-08 20:00:00+00:00,0.60953,0.60981,0.60779,0.60926,193,12,0
2023-06-09 00:00:00+00:00,0.6093,0.60984,0.60864,0.60878,240,12,0
2023-06-09 04:00:00+00:00,0.60874,0.61039,0.6084,0.6102,240,12,0
2023-06-09 08:00:00+00:00,0.61016,0.61174,0.60878,0.6115,240,12,0
2023-06-09 12:00:00+00:00,0.61154,0.61384,0.61116,0.61255,240,12,0
2023-06-09 16:00:00+00:00,0.61253,0.61299,0.61212,0.61243,239,12,0
2023-06-09 20:00:00+00:00,0.61246,0.61298,0.61246,0.61287,48,12,0
2023-06-11 20:00:00+00:00,0.61157,0.61299,0.61151,0.61288,173,20,0
2023-06-12 00:00:00+00:00,0.61292,0.61293,0.61111,0.61214,240,12,0
2023-06-12 04:00:00+00:00,0.61214,0.61338,0.61154,0.61323,240,12,0
2023-06-12 08:00:00+00:00,0.61324,0.6152,0.61322,0.61351,240,12,0
2023-06-12 12:00:00+00:00,0.61351,0.61395,0.61048,0.61143,240,12,0
2023-06-12 16:00:00+00:00,0.61143,0.61239,0.61074,0.61232,240,12,0
2023-06-12 20:00:00+00:00,0.6123,0.61295,0.61162,0.61267,234,12,0
2023-06-13 00:00:00+00:00,0.61271,0.61294,0.61058,0.61284,240,12,0
2023-06-13 04:00:00+00:00,0.61289,0.61544,0.61233,0.61458,240,12,0
2023-06-13 08:00:00+00:00,0.61458,0.61472,0.61334,0.61429,240,12,0
2023-06-13 12:00:00+00:00,0.61432,0.61773,0.61296,0.61465,240,12,0
2023-06-13 16:00:00+00:00,0.61464,0.61599,0.6136,0.61453,240,12,0
2023-06-13 20:00:00+00:00,0.61451,0.61597,0.61316,0.61589,234,12,0
2023-06-14 00:00:00+00:00,0.61592,0.61674,0.61513,0.6163,240,12,0
2023-06-14 04:00:00+00:00,0.6163,0.6163,0.61415,0.61621,240,12,0
2023-06-14 08:00:00+00:00,0.61621,0.61796,0.61601,0.61735,240,12,0
2023-06-14 12:00:00+00:00,0.61739,0.62355,0.61728,0.62324,240,12,0
2023-06-14 16:00:00+00:00,0.62325,0.62349,0.61666,0.62093,240,12,0
2023-06-14 20:00:00+00:00,0.62091,0.6215,0.61805,0.61966,620,0,0
2023-06-15 00:00:00+00:00,0.61966,0.62022,0.61599,0.61787,240,12,0
2023-06-15 04:00:00+00:00,0.61791,0.62009,0.61655,0.61793,240,12,0
2023-06-15 08:00:00+00:00,0.6179,0.61858,0.61597,0.61622,240,12,0
2023-06-15 12:00:00+00:00,0.61617,0.62263,0.61549,0.62256,240,12,0
2023-06-15 16:00:00+00:00,0.62251,0.62423,0.62245,0.62381,240,12,0
2023-06-15 20:00:00+00:00,0.62385,0.62403,0.62276,0.62335,236,12,0
2023-06-16 00:00:00+00:00,0.62339,0.62459,0.62262,0.62285,240,12,0
2023-06-16 04:00:00+00:00,0.62282,0.6247,0.62231,0.62277,240,12,0
2023-06-16 08:00:00+00:00,0.62281,0.62397,0.62215,0.62289,240,12,0
2023-06-16 12:00:00+00:00,0.62286,0.62399,0.62092,0.62205,240,12,0
2023-06-16 16:00:00+00:00,0.62208,0.62335,0.62159,0.62307,240,12,0
2023-06-16 20:00:00+00:00,0.62302,0.62402,0.62293,0.62368,59,12,0
2023-06-18 20:00:00+00:00,0.62249,0.62348,0.62199,0.62292,173,20,0
2023-06-19 00:00:00+00:00,0.62295,0.62326,0.62053,0.62074,240,12,0
2023-06-19 04:00:00+00:00,0.62074,0.62304,0.62043,0.62266,240,12,0
2023-06-19 08:00:00+00:00,0.62263,0.62303,0.61909,0.61941,240,12,0
2023-06-19 12:00:00+00:00,0.61942,0.62058,0.61927,0.62042,240,12,0
2023-06-19 16:00:00+00:00,0.62042,0.62052,0.61956,0.61984,240,12,0
2023-06-19 20:00:00+00:00,0.61984,0.62018,0.61911,0.62001,240,12,0
2023-06-20 00:00:00+00:00,0.62005,0.6205,0.61769,0.61814,240,12,0
2023-06-20 04:00:00+00:00,0.61814,0.61952,0.61605,0.61928,240,12,0
2023-06-20 08:00:00+00:00,0.61925,0.61954,0.61719,0.61724,240,12,0
2023-06-20 12:00:00+00:00,0.61725,0.61757,0.61332,0.61478,240,12,0
2023-06-20 16:00:00+00:00,0.61482,0.61681,0.61453,0.61669,240,12,0
2023-06-20 20:00:00+00:00,0.61668,0.61692,0.6155,0.61656,237,12,0
2023-06-21 00:00:00+00:00,0.6166,0.61749,0.61634,0.61701,240,12,0
2023-06-21 04:00:00+00:00,0.61705,0.61855,0.61561,0.61638,240,12,0
2023-06-21 08:00:00+00:00,0.61635,0.61769,0.61555,0.61707,240,12,0
2023-06-21 12:00:00+00:00,0.61703,0.61969,0.61553,0.61865,240,12,0
2023-06-21 16:00:00+00:00,0.61861,0.62171,0.61853,0.62076,240,12,0
2023-06-21 20:00:00+00:00,0.62081,0.62095,0.61956,0.62052,233,12,0
2023-06-22 00:00:00+00:00,0.62056,0.6219,0.62034,0.62059,240,12,0
2023-06-22 04:00:00+00:00,0.62057,0.62084,0.61859,0.62055,240,12,0
2023-06-22 08:00:00+00:00,0.62058,0.62221,0.62044,0.62095,240,12,0
2023-06-22 12:00:00+00:00,0.62098,0.62169,0.61824,0.61849,240,12,0
2023-06-22 16:00:00+00:00,0.61844,0.61864,0.61723,0.61768,240,12,0
2023-06-22 20:00:00+00:00,0.61768,0.61835,0.61703,0.61803,230,12,0
2023-06-23 00:00:00+00:00,0.61807,0.61899,0.61428,0.61475,240,12,0
2023-06-23 04:00:00+00:00,0.61475,0.61542,0.61346,0.61385,240,12,0
2023-06-23 08:00:00+00:00,0.61389,0.6143,0.61246,0.61254,240,12,0
2023-06-23 12:00:00+00:00,0.61253,0.61489,0.61162,0.61457,240,12,0
2023-06-23 16:00:00+00:00,0.61457,0.61461,0.61342,0.61455,240,12,0
2023-06-23 20:00:00+00:00,0.6145,0.61459,0.61408,0.61416,59,12,0
2023-06-25 20:00:00+00:00,0.61393,0.61525,0.61337,0.61472,168,20,0
2023-06-26 00:00:00+00:00,0.61477,0.6175,0.61463,0.61711,240,12,0
2023-06-26 04:00:00+00:00,0.61711,0.6172,0.61371,0.6158,240,12,0
2023-06-26 08:00:00+00:00,0.61575,0.6175,0.61517,0.61748,240,12,0
2023-06-26 12:00:00+00:00,0.61747,0.61763,0.6154,0.61672,240,12,0
2023-06-26 16:00:00+00:00,0.61673,0.6176,0.61638,0.61644,240,12,0
2023-06-26 20:00:00+00:00,0.61641,0.61666,0.61405,0.61618,239,12,0
2023-06-27 00:00:00+00:00,0.61621,0.61882,0.61553,0.61776,240,12,0
2023-06-27 04:00:00+00:00,0.61776,0.61996,0.61761,0.61916,240,12,0
2023-06-27 08:00:00+00:00,0.61916,0.61916,0.61645,0.61684,240,12,0
2023-06-27 12:00:00+00:00,0.61684,0.6196,0.61604,0.61645,240,12,0
2023-06-27 16:00:00+00:00,0.61646,0.6174,0.61621,0.61692,240,12,0
2023-06-27 20:00:00+00:00,0.61687,0.61689,0.61547,0.61562,236,12,0
2023-06-28 00:00:00+00:00,0.61565,0.61569,0.61169,0.61203,240,12,0
2023-06-28 04:00:00+00:00,0.61203,0.6123,0.60954,0.60999,240,12,0
2023-06-28 08:00:00+00:00,0.60996,0.61015,0.60792,0.60804,240,12,0
2023-06-28 12:00:00+00:00,0.60804,0.60932,0.60683,0.6086,240,12,0
2023-06-28 16:00:00+00:00,0.60859,0.60915,0.60734,0.60764,240,12,0
2023-06-28 20:00:00+00:00,0.60764,0.60778,0.6067,0.60724,237,12,0
2023-06-29 00:00:00+00:00,0.60729,0.60955,0.60676,0.60787,240,12,0
2023-06-29 04:00:00+00:00,0.60787,0.60861,0.60704,0.60826,240,12,0
2023-06-29 08:00:00+00:00,0.60827,0.61014,0.60702,0.6096,240,12,0
2023-06-29 12:00:00+00:00,0.60955,0.60995,0.60496,0.60715,240,12,0
2023-06-29 16:00:00+00:00,0.60714,0.60731,0.60574,0.6067,240,12,0
2023-06-29 20:00:00+00:00,0.60669,0.60721,0.60619,0.60637,230,12,0
2023-06-30 00:00:00+00:00,0.60641,0.60909,0.60584,0.60867,240,12,0
2023-06-30 04:00:00+00:00,0.60868,0.60995,0.60786,0.60875,240,12,0
2023-06-30 08:00:00+00:00,0.60871,0.60891,0.60759,0.60765,240,12,0
2023-06-30 12:00:00+00:00,0.60767,0.61378,0.60764,0.61302,240,12,0
2023-06-30 16:00:00+00:00,0.61302,0.61414,0.61277,0.6136,240,12,0
2023-06-30 20:00:00+00:00,0.61359,0.61377,0.61337,0.6136,59,12,0
2023-07-02 20:00:00+00:00,0.61261,0.61347,0.61253,0.61298,171,20,0
2023-07-03 00:00:00+00:00,0.61302,0.61506,0.61258,0.61487,240,12,0
2023-07-03 04:00:00+00:00,0.61487,0.61578,0.61282,0.61319,240,12,0
2023-07-03 08:00:00+00:00,0.61323,0.61494,0.61307,0.61363,240,12,0
2023-07-03 12:00:00+00:00,0.61363,0.61698,0.61317,0.61526,240,12,0
2023-07-03 16:00:00+00:00,0.6152,0.61558,0.61447,0.61505,240,12,0
2023-07-03 20:00:00+00:00,0.61504,0.61626,0.61447,0.61549,237,12,0
2023-07-04 00:00:00+00:00,0.61553,0.61637,0.61507,0.61564,240,12,0
2023-07-04 04:00:00+00:00,0.61564,0.6182,0.61405,0.61696,240,12,0
2023-07-04 08:00:00+00:00,0.61695,0.61918,0.61668,0.61879,240,12,0
2023-07-04 12:00:00+00:00,0.61879,0.62121,0.61848,0.62001,240,12,0
2023-07-04 16:00:00+00:00,0.62001,0.62004,0.61908,0.61924,240,12,0
2023-07-04 20:00:00+00:00,0.61924,0.61978,0.61813,0.61964,231,12,0
2023-07-05 00:00:00+00:00,0.61968,0.62063,0.61878,0.61926,240,12,0
2023-07-05 04:00:00+00:00,0.61926,0.61999,0.6184,0.61946,240,12,0
2023-07-05 08:00:00+00:00,0.61944,0.62022,0.61785,0.61855,240,12,0
2023-07-05 12:00:00+00:00,0.61855,0.62046,0.61793,0.61822,240,12,0
2023-07-05 16:00:00+00:00,0.61822,0.61908,0.61745,0.61835,240,12,0
2023-07-05 20:00:00+00:00,0.61831,0.61841,0.61698,0.6176,226,12,0
2023-07-06 00:00:00+00:00,0.61763,0.61937,0.61718,0.6175,240,12,0
2023-07-06 04:00:00+00:00,0.6175,0.62141,0.61619,0.61984,240,12,0
2023-07-06 08:00:00+00:00,0.6198,0.62182,0.61877,0.62175,240,12,0
2023-07-06 12:00:00+00:00,0.62172,0.62184,0.61316,0.6149,240,12,0
2023-07-06 16:00:00+00:00,0.61491,0.61597,0.61483,0.61563,240,12,0
2023-07-06 20:00:00+00:00,0.61563,0.61672,0.61489,0.61606,238,12,0
2023-07-07 00:00:00+00:00,0.6161,0.61708,0.61534,0.61664,240,12,0
2023-07-07 04:00:00+00:00,0.61664,0.61751,0.61582,0.61734,240,12,0
2023-07-07 08:00:00+00:00,0.61737,0.61843,0.61691,0.61712,240,12,0
2023-07-07 12:00:00+00:00,0.61713,0.62101,0.61582,0.62067,240,12,0
2023-07-07 16:00:00+00:00,0.62067,0.62191,0.62041,0.62043,240,12,0
2023-07-07 20:00:00+00:00,0.62043,0.62107,0.62043,0.62091,59,12,0
2023-07-09 20:00:00+00:00,0.61986,0.62076,0.61891,0.62049,174,20,0
2023-07-10 00:00:00+00:00,0.62053,0.62147,0.61816,0.61833,240,12,0
2023-07-10 04:00:00+00:00,0.61833,0.61882,0.61715,0.61863,240,12,0
2023-07-10 08:00:00+00:00,0.61865,0.61922,0.61759,0.61852,240,12,0
2023-07-10 12:00:00+00:00,0.61852,0.62074,0.61657,0.62049,240,12,0
2023-07-10 16:00:00+00:00,0.62053,0.62175,0.62014,0.62109,240,12,0
2023-07-10 20:00:00+00:00,0.6211,0.62123,0.62023,0.62047,232,12,0
2023-07-11 00:00:00+00:00,0.62051,0.62241,0.62005,0.62174,240,12,0
2023-07-11 04:00:00+00:00,0.62173,0.62197,0.61915,0.61922,240,12,0
2023-07-11 08:00:00+00:00,0.61921,0.61987,0.61755,0.61827,240,12,0
2023-07-11 12:00:00+00:00,0.61826,0.61877,0.61661,0.61784,240,12,0
2023-07-11 16:00:00+00:00,0.61789,0.61976,0.61778,0.61952,240,12,0
2023-07-11 20:00:00+00:00,0.61953,0.62045,0.6189,0.61977,233,12,0
2023-07-12 00:00:00+00:00,0.61978,0.62386,0.6194,0.62239,240,12,0
2023-07-12 04:00:00+00:00,0.62239,0.6231,0.62005,0.62048,240,12,0
2023-07-12 08:00:00+00:00,0.62048,0.62051,0.61837,0.61852,240,12,0
2023-07-12 12:00:00+00:00,0.61852,0.62986,0.61817,0.62911,240,12,0
2023-07-12 16:00:00+00:00,0.6291,0.63078,0.62898,0.62925,240,12,0
2023-07-12 20:00:00+00:00,0.62925,0.63081,0.6286,0.63037,237,12,0
2023-07-13 00:00:00+00:00,0.63041,0.63313,0.62999,0.63289,240,12,0
2023-07-13 04:00:00+00:00,0.63293,0.63552,0.63249,0.63504,240,12,0
2023-07-13 08:00:00+00:00,0.63505,0.63605,0.63465,0.63562,240,12,0
2023-07-13 12:00:00+00:00,0.63562,0.63942,0.63423,0.63695,240,12,0
2023-07-13 16:00:00+00:00,0.63694,0.63943,0.63684,0.63925,240,12,0
2023-07-13 20:00:00+00:00,0.63925,0.63958,0.63657,0.63906,236,12,0
2023-07-14 00:00:00+00:00,0.63911,0.6411,0.6384,0.64085,240,12,0
2023-07-14 04:00:00+00:00,0.64084,0.64084,0.63706,0.63806,240,12,0
2023-07-14 08:00:00+00:00,0.63801,0.63874,0.63667,0.63813,240,12,0
2023-07-14 12:00:00+00:00,0.63813,0.63897,0.63639,0.63729,240,12,0
2023-07-14 16:00:00+00:00,0.63728,0.63793,0.63647,0.63655,240,12,0
2023-07-14 20:00:00+00:00,0.63655,0.63703,0.63642,0.63692,59,12,0
2023-07-16 20:00:00+00:00,0.6358,0.63678,0.63574,0.6364,167,20,0
2023-07-17 00:00:00+00:00,0.63644,0.6365,0.6345,0.6346,240,12,0
2023-07-17 04:00:00+00:00,0.63459,0.63558,0.63406,0.63452,240,12,0
2023-07-17 08:00:00+00:00,0.63453,0.63516,0.6331,0.63383,240,12,0
2023-07-17 12:00:00+00:00,0.63378,0.634,0.63076,0.6332,240,12,0
2023-07-17 16:00:00+00:00,0.63321,0.63426,0.63289,0.63321,240,12,0
2023-07-17 20:00:00+00:00,0.6332,0.63321,0.6318,0.632,236,12,0
2023-07-18 00:00:00+00:00,0.63204,0.63426,0.63176,0.63383,240,12,0
2023-07-18 04:00:00+00:00,0.63383,0.63434,0.63042,0.63054,240,12,0
2023-07-18 08:00:00+00:00,0.63051,0.63095,0.62772,0.6281,240,12,0
2023-07-18 12:00:00+00:00,0.6281,0.63009,0.62591,0.62889,240,12,0
2023-07-18 16:00:00+00:00,0.62886,0.62899,0.62718,0.62776,240,12,0
2023-07-18 20:00:00+00:00,0.62777,0.63122,0.62682,0.62935,238,12,0
2023-07-19 00:00:00+00:00,0.62935,0.62992,0.62591,0.62622,240,12,0
2023-07-19 04:00:00+00:00,0.62621,0.62648,0.62244,0.62597,240,12,0
2023-07-19 08:00:00+00:00,0.62595,0.62649,0.62319,0.62458,240,12,0
2023-07-19 12:00:00+00:00,0.62458,0.62592,0.62309,0.62409,240,12,0
2023-07-19 16:00:00+00:00,0.6241,0.62614,0.62389,0.62604,240,12,0
2023-07-19 20:00:00+00:00,0.62608,0.62649,0.625,0.62615,229,12,0
2023-07-20 00:00:00+00:00,0.62619,0.63072,0.62604,0.63038,240,12,0
2023-07-20 04:00:00+00:00,0.63038,0.63066,0.62709,0.62752,240,12,0
2023-07-20 08:00:00+00:00,0.62749,0.62995,0.62737,0.62743,240,12,0
2023-07-20 12:00:00+00:00,0.62743,0.62744,0.62169,0.62226,240,12,0
2023-07-20 16:00:00+00:00,0.62221,0.62311,0.62124,0.62284,240,12,0
2023-07-20 20:00:00+00:00,0.62283,0.62351,0.62175,0.62297,234,12,0
2023-07-21 00:00:00+00:00,0.62297,0.62304,0.62145,0.62248,240,12,0
2023-07-21 04:00:00+00:00,0.62248,0.62375,0.62046,0.6207,240,12,0
2023-07-21 08:00:00+00:00,0.62066,0.62076,0.61839,0.61839,240,12,0
2023-07-21 12:00:00+00:00,0.6184,0.61946,0.61685,0.61749,240,12,0
2023-07-21 16:00:00+00:00,0.61748,0.61803,0.61647,0.61691,240,12,0
2023-07-21 20:00:00+00:00,0.61691,0.61695,0.61631,0.6167,59,12,0
2023-07-23 20:00:00+00:00,0.61657,0.61709,0.61631,0.61662,171,20,0
2023-07-24 00:00:00+00:00,0.61667,0.61761,0.61552,0.61687,240,12,0
2023-07-24 04:00:00+00:00,0.61682,0.61964,0.61646,0.61957,240,12,0
2023-07-24 08:00:00+00:00,0.61957,0.62142,0.61883,0.62026,240,12,0
2023-07-24 12:00:00+00:00,0.62023,0.62094,0.61872,0.62074,240,12,0
2023-07-24 16:00:00+00:00,0.62071,0.62085,0.61937,0.6196,240,12,0
2023-07-24 20:00:00+00:00,0.6196,0.62054,0.61836,0.61981,229,12,0
2023-07-25 00:00:00+00:00,0.61985,0.6222,0.61889,0.6214,240,12,0
2023-07-25 04:00:00+00:00,0.62139,0.62185,0.62029,0.62087,240,12,0
2023-07-25 08:00:00+00:00,0.62086,0.62186,0.61949,0.62063,240,12,0
2023-07-25 12:00:00+00:00,0.62063,0.6229,0.62022,0.62222,240,12,0
2023-07-25 16:00:00+00:00,0.62221,0.62285,0.62144,0.62194,240,12,0
2023-07-25 20:00:00+00:00,0.62193,0.62251,0.61954,0.62143,238,12,0
2023-07-26 00:00:00+00:00,0.62148,0.62208,0.61812,0.6212,240,12,0
2023-07-26 04:00:00+00:00,0.62121,0.62324,0.6211,0.62203,240,12,0
2023-07-26 08:00:00+00:00,0.62203,0.62258,0.62087,0.62093,240,12,0
2023-07-26 12:00:00+00:00,0.62094,0.6217,0.62006,0.62078,240,12,0
2023-07-26 16:00:00+00:00,0.62078,0.62338,0.61927,0.62246,240,12,0
2023-07-26 20:00:00+00:00,0.62248,0.62253,0.61969,0.62107,232,12,0
2023-07-27 00:00:00+00:00,0.62111,0.62729,0.62083,0.62569,240,12,0
2023-07-27 04:00:00+00:00,0.62568,0.62634,0.62359,0.62546,240,12,0
2023-07-27 08:00:00+00:00,0.62545,0.62617,0.62392,0.62569,240,12,0
2023-07-27 12:00:00+00:00,0.62569,0.6257,0.61902,0.62064,240,12,0
2023-07-27 16:00:00+00:00,0.62069,0.62155,0.61722,0.61767,240,12,0
2023-07-27 20:00:00+00:00,0.61762,0.61921,0.61748,0.61871,235,12,0
2023-07-28 00:00:00+00:00,0.61873,0.61883,0.61484,0.61567,240,12,0
2023-07-28 04:00:00+00:00,0.6157,0.6168,0.61223,0.61243,240,12,0
2023-07-28 08:00:00+00:00,0.61244,0.61728,0.612,0.61636,240,12,0
2023-07-28 12:00:00+00:00,0.6164,0.61809,0.61417,0.61654,240,12,0
2023-07-28 16:00:00+00:00,0.61655,0.61712,0.61465,0.61583,240,12,0
2023-07-28 20:00:00+00:00,0.61582,0.61584,0.6154,0.61552,59,12,0
2023-07-30 20:00:00+00:00,0.61419,0.6164,0.61363,0.61579,158,20,0
2023-07-31 00:00:00+00:00,0.61581,0.61869,0.61549,0.61851,240,12,0
2023-07-31 04:00:00+00:00,0.61851,0.62044,0.61824,0.61899,240,12,0
2023-07-31 08:00:00+00:00,0.61896,0.62057,0.61834,0.62026,240,12,0
2023-07-31 12:00:00+00:00,0.62027,0.62249,0.61919,0.62172,240,12,0
2023-07-31 16:00:00+00:00,0.62173,0.62221,0.62065,0.62108,240,12,0
2023-07-31 20:00:00+00:00,0.62104,0.62109,0.61883,0.62023,237,12,0
2023-08-01 00:00:00+00:00,0.62027,0.62165,0.61878,0.61922,240,12,0
2023-08-01 04:00:00+00:00,0.61923,0.61992,0.61649,0.61662,240,12,0
2023-08-01 08:00:00+00:00,0.61659,0.61695,0.61507,0.61521,240,12,0
2023-08-01 12:00:00+00:00,0.6152,0.61664,0.61349,0.61398,240,12,0
2023-08-01 16:00:00+00:00,0.61395,0.61474,0.61303,0.61449,240,12,0
2023-08-01 20:00:00+00:00,0.6145,0.61662,0.61359,0.61383,240,12,0
2023-08-02 00:00:00+00:00,0.6139,0.61392,0.61009,0.61083,240,12,0
2023-08-02 04:00:00+00:00,0.61082,0.61122,0.60926,0.61065,240,12,0
2023-08-02 08:00:00+00:00,0.61066,0.61225,0.6099,0.61066,240,12,0
2023-08-02 12:00:00+00:00,0.61067,0.61151,0.60675,0.60809,240,12,0
2023-08-02 16:00:00+00:00,0.60809,0.60922,0.60752,0.60803,240,12,0
2023-08-02 20:00:00+00:00,0.60803,0.60868,0.60689,0.60848,239,12,0
2023-08-03 00:00:00+00:00,0.60852,0.60907,0.6064,0.60746,240,12,0
2023-08-03 04:00:00+00:00,0.60746,0.60802,0.60643,0.60736,240,12,0
2023-08-03 08:00:00+00:00,0.6073,0.6088,0.60607,0.60802,240,12,0
2023-08-03 12:00:00+00:00,0.60797,0.60924,0.60596,0.6084,240,12,0
2023-08-03 16:00:00+00:00,0.60835,0.60968,0.60636,0.60663,240,12,0
2023-08-03 20:00:00+00:00,0.60658,0.60823,0.60651,0.60808,233,12,0
2023-08-04 00:00:00+00:00,0.60812,0.61022,0.60778,0.60889,240,12,0
2023-08-04 04:00:00+00:00,0.6089,0.60966,0.60793,0.60894,240,12,0
2023-08-04 08:00:00+00:00,0.60895,0.60931,0.60691,0.60735,240,12,0
2023-08-04 12:00:00+00:00,0.6073,0.61325,0.60711,0.61251,240,12,0
2023-08-04 16:00:00+00:00,0.61252,0.61301,0.60886,0.60906,240,12,0
2023-08-04 20:00:00+00:00,0.60901,0.60992,0.609,0.60981,59,12,0
2023-08-06 20:00:00+00:00,0.609,0.60991,0.60864,0.60981,169,20,0
2023-08-07 00:00:00+00:00,0.60987,0.61132,0.60947,0.61019,240,12,0
2023-08-07 04:00:00+00:00,0.61019,0.61109,0.60878,0.61078,240,12,0
2023-08-07 08:00:00+00:00,0.61078,0.61082,0.60841,0.61037,240,12,0
2023-08-07 12:00:00+00:00,0.61037,0.61164,0.60858,0.60938,240,12,0
2023-08-07 16:00:00+00:00,0.60938,0.61085,0.60909,0.61046,240,12,0
2023-08-07 20:00:00+00:00,0.61041,0.6109,0.6096,0.61055,240,12,0
2023-08-08 00:00:00+00:00,0.61059,0.61073,0.60704,0.60778,240,12,0
2023-08-08 04:00:00+00:00,0.60777,0.60824,0.60575,0.60597,240,12,0
2023-08-08 08:00:00+00:00,0.60594,0.60653,0.60375,0.6039,240,12,0
2023-08-08 12:00:00+00:00,0.6039,0.60508,0.60339,0.60455,240,12,0
2023-08-08 16:00:00+00:00,0.60455,0.60677,0.60449,0.60641,240,12,0
2023-08-08 20:00:00+00:00,0.60637,0.60656,0.60467,0.60566,239,12,0
2023-08-09 00:00:00+00:00,0.60565,0.60871,0.60484,0.60745,240,12,0
2023-08-09 04:00:00+00:00,0.60745,0.6094,0.60699,0.6086,240,12,0
2023-08-09 08:00:00+00:00,0.60863,0.60882,0.60564,0.606,240,12,0
2023-08-09 12:00:00+00:00,0.60595,0.60705,0.60437,0.60468,240,12,0
2023-08-09 16:00:00+00:00,0.60468,0.60641,0.6046,0.60529,240,12,0
2023-08-09 20:00:00+00:00,0.60529,0.60617,0.60382,0.60602,237,12,0
2023-08-10 00:00:00+00:00,0.60598,0.60688,0.60495,0.60639,240,12,0
2023-08-10 04:00:00+00:00,0.60639,0.60812,0.60546,0.60662,240,12,0
2023-08-10 08:00:00+00:00,0.60662,0.60768,0.60603,0.60746,240,12,0
2023-08-10 12:00:00+00:00,0.60746,0.61176,0.60555,0.60593,240,12,0
2023-08-10 16:00:00+00:00,0.60592,0.60613,0.6026,0.60322,240,12,0
2023-08-10 20:00:00+00:00,0.60318,0.60332,0.60108,0.60108,237,12,0
2023-08-11 00:00:00+00:00,0.60112,0.60229,0.60059,0.60124,240,12,0
2023-08-11 04:00:00+00:00,0.60124,0.60196,0.60015,0.60094,240,12,0
2023-08-11 08:00:00+00:00,0.60099,0.60149,0.60007,0.60109,240,12,0
2023-08-11 12:00:00+00:00,0.60109,0.60142,0.59743,0.59794,283,0,0
2023-08-11 16:00:00+00:00,0.59797,0.59889,0.59774,0.59824,240,12,0
2023-08-11 20:00:00+00:00,0.59825,0.5985,0.59813,0.5983,59,12,0
2023-08-13 20:00:00+00:00,0.59799,0.59909,0.59779,0.59825,172,20,0
2023-08-14 00:00:00+00:00,0.59828,0.59859,0.59532,0.59583,240,12,0
2023-08-14 04:00:00+00:00,0.59583,0.59888,0.59564,0.59867,240,12,0
2023-08-14 08:00:00+00:00,0.59867,0.59896,0.59764,0.59809,240,12,0
2023-08-14 12:00:00+00:00,0.59812,0.59859,0.59429,0.59826,240,12,0
2023-08-14 16:00:00+00:00,0.59825,0.59887,0.59619,0.59754,240,12,0
2023-08-14 20:00:00+00:00,0.59749,0.59763,0.5953,0.59731,235,12,0
2023-08-15 00:00:00+00:00,0.59728,0.59925,0.59593,0.59863,240,12,0
2023-08-15 04:00:00+00:00,0.59864,0.59961,0.59613,0.5962,240,12,0
2023-08-15 08:00:00+00:00,0.5962,0.59743,0.59533,0.59677,240,12,0
2023-08-15 12:00:00+00:00,0.59676,0.59875,0.59556,0.59754,240,12,0
2023-08-15 16:00:00+00:00,0.59754,0.5977,0.59481,0.59536,240,12,0
2023-08-15 20:00:00+00:00,0.59531,0.59577,0.59446,0.59557,226,12,0
2023-08-16 00:00:00+00:00,0.59562,0.59671,0.59305,0.59599,240,12,0
2023-08-16 04:00:00+00:00,0.59598,0.59926,0.59578,0.59908,240,12,0
2023-08-16 08:00:00+00:00,0.59908,0.59913,0.59627,0.5967,240,12,0
2023-08-16 12:00:00+00:00,0.5967,0.59718,0.59452,0.59474,240,12,0
2023-08-16 16:00:00+00:00,0.59474,0.59539,0.5926,0.5934,240,12,0
2023-08-16 20:00:00+00:00,0.59342,0.59379,0.59227,0.59303,233,12,0
2023-08-17 00:00:00+00:00,0.59303,0.59316,0.59025,0.59073,240,12,0
2023-08-17 04:00:00+00:00,0.59073,0.59328,0.5907,0.59244,240,12,0
2023-08-17 08:00:00+00:00,0.59245,0.59569,0.59225,0.59535,240,12,0
2023-08-17 12:00:00+00:00,0.59535,0.59632,0.59285,0.59314,240,12,0
2023-08-17 16:00:00+00:00,0.59311,0.59415,0.59183,0.59249,240,12,0
2023-08-17 20:00:00+00:00,0.59244,0.59281,0.59142,0.59246,238,12,0
2023-08-18 00:00:00+00:00,0.59249,0.59439,0.59225,0.59276,240,12,0
2023-08-18 04:00:00+00:00,0.59273,0.59363,0.59178,0.59276,240,12,0
2023-08-18 08:00:00+00:00,0.59273,0.59366,0.59135,0.59182,240,12,0
2023-08-18 12:00:00+00:00,0.59186,0.59414,0.59085,0.59393,240,12,0
2023-08-18 16:00:00+00:00,0.59393,0.59464,0.59231,0.59259,240,12,0
2023-08-18 20:00:00+00:00,0.59254,0.59275,0.59197,0.59216,59,12,0
2023-08-20 20:00:00+00:00,0.59152,0.59286,0.59147,0.59254,174,20,0
2023-08-21 00:00:00+00:00,0.59259,0.59335,0.59057,0.59135,240,12,0
2023-08-21 04:00:00+00:00,0.59135,0.59251,0.59046,0.59146,240,12,0
2023-08-21 08:00:00+00:00,0.5914,0.59284,0.59048,0.59247,240,12,0
2023-08-21 12:00:00+00:00,0.59242,0.59273,0.58956,0.59021,240,12,0
2023-08-21 16:00:00+00:00,0.59025,0.59304,0.59021,0.59272,240,12,0
2023-08-21 20:00:00+00:00,0.59267,0.59327,0.59185,0.59281,234,12,0
2023-08-22 00:00:00+00:00,0.59285,0.59423,0.59227,0.59375,240,12,0
2023-08-22 04:00:00+00:00,0.59375,0.59639,0.59287,0.59607,240,12,0
2023-08-22 08:00:00+00:00,0.59605,0.59713,0.59494,0.59597,240,12,0
2023-08-22 12:00:00+00:00,0.59598,0.5963,0.5923,0.59449,240,12,0
2023-08-22 16:00:00+00:00,0.59448,0.59496,0.59377,0.59421,240,12,0
2023-08-22 20:00:00+00:00,0.59418,0.59458,0.59353,0.5939,233,12,0
2023-08-23 00:00:00+00:00,0.59394,0.59662,0.59369,0.59481,240,12,0
2023-08-23 04:00:00+00:00,0.59481,0.59548,0.59328,0.59444,240,12,0
2023-08-23 08:00:00+00:00,0.59443,0.5951,0.59274,0.5932,240,12,0
2023-08-23 12:00:00+00:00,0.59317,0.59771,0.59263,0.59727,240,12,0
2023-08-23 16:00:00+00:00,0.59728,0.59846,0.59668,0.59729,240,12,0
2023-08-23 20:00:00+00:00,0.59725,0.59786,0.59703,0.5973,239,12,0
2023-08-24 00:00:00+00:00,0.59734,0.59792,0.59589,0.59708,240,12,0
2023-08-24 04:00:00+00:00,0.59711,0.59752,0.59481,0.59482,240,12,0
2023-08-24 08:00:00+00:00,0.5948,0.59578,0.59337,0.59343,240,12,0
2023-08-24 12:00:00+00:00,0.59346,0.59404,0.59177,0.59223,240,12,0
2023-08-24 16:00:00+00:00,0.59218,0.59272,0.59186,0.59186,240,12,0
2023-08-24 20:00:00+00:00,0.59184,0.59239,0.59154,0.59183,237,12,0
2023-08-25 00:00:00+00:00,0.59187,0.59239,0.59056,0.59066,240,12,0
2023-08-25 04:00:00+00:00,0.59071,0.59142,0.58934,0.59046,240,12,0
2023-08-25 08:00:00+00:00,0.59046,0.59208,0.59006,0.59177,240,12,0
2023-08-25 12:00:00+00:00,0.59172,0.5942,0.58855,0.5898,240,12,0
2023-08-25 16:00:00+00:00,0.58983,0.59212,0.5898,0.59101,240,12,0
2023-08-25 20:00:00+00:00,0.59099,0.59108,0.58988,0.59032,59,12,0
2023-08-27 20:00:00+00:00,0.59001,0.59108,0.58979,0.59089,172,20,0
2023-08-28 00:00:00+00:00,0.59093,0.59254,0.59086,0.59159,240,12,0
2023-08-28 04:00:00+00:00,0.59154,0.59236,0.58964,0.58977,240,12,0
2023-08-28 08:00:00+00:00,0.58977,0.59093,0.58944,0.59068,240,12,0
2023-08-28 12:00:00+00:00,0.59065,0.59147,0.59016,0.59096,240,12,0
2023-08-28 16:00:00+00:00,0.59096,0.59161,0.5903,0.59131,240,12,0
2023-08-28 20:00:00+00:00,0.59126,0.59135,0.58959,0.59065,235,12,0
2023-08-29 00:00:00+00:00,0.59069,0.59286,0.59022,0.59241,240,12,0
2023-08-29 04:00:00+00:00,0.59241,0.59347,0.59167,0.59205,240,12,0
2023-08-29 08:00:00+00:00,0.59205,0.5931,0.58978,0.58991,240,12,0
2023-08-29 12:00:00+00:00,0.58992,0.59559,0.58865,0.59453,240,12,0
2023-08-29 16:00:00+00:00,0.59456,0.59768,0.59415,0.59738,240,12,0
2023-08-29 20:00:00+00:00,0.59735,0.5975,0.59609,0.59659,237,12,0
2023-08-30 00:00:00+00:00,0.59663,0.59687,0.59427,0.59516,240,12,0
2023-08-30 04:00:00+00:00,0.59517,0.59602,0.59393,0.59497,240,12,0
2023-08-30 08:00:00+00:00,0.59492,0.59626,0.5939,0.59567,240,12,0
2023-08-30 12:00:00+00:00,0.59567,0.60059,0.59557,0.59801,240,12,0
2023-08-30 16:00:00+00:00,0.59802,0.59804,0.59597,0.59655,240,12,0
2023-08-30 20:00:00+00:00,0.59658,0.59683,0.59394,0.5953,239,12,0
2023-08-31 00:00:00+00:00,0.59533,0.59765,0.59512,0.59584,240,12,0
2023-08-31 04:00:00+00:00,0.59579,0.5963,0.59507,0.59602,240,12,0
2023-08-31 08:00:00+00:00,0.59602,0.59605,0.59392,0.59504,240,12,0
2023-08-31 12:00:00+00:00,0.59501,0.59702,0.59297,0.59452,240,12,0
2023-08-31 16:00:00+00:00,0.59452,0.59655,0.59446,0.59616,240,12,0
2023-08-31 20:00:00+00:00,0.59619,0.59774,0.59539,0.59732,237,12,0
2023-09-01 00:00:00+00:00,0.59732,0.59872,0.59514,0.59548,240,12,0
2023-09-01 04:00:00+00:00,0.59548,0.59689,0.59428,0.59654,240,12,0
2023-09-01 08:00:00+00:00,0.59657,0.59719,0.5955,0.59688,240,12,0
2023-09-01 12:00:00+00:00,0.59689,0.60142,0.59377,0.59377,240,12,0
2023-09-01 16:00:00+00:00,0.59381,0.59455,0.59337,0.5938,240,12,0
2023-09-01 20:00:00+00:00,0.59383,0.59452,0.59383,0.59399,59,12,0
2023-09-03 20:00:00+00:00,0.59371,0.59427,0.59304,0.59413,172,20,0
2023-09-04 00:00:00+00:00,0.59417,0.5959,0.59369,0.59477,240,12,0
2023-09-04 04:00:00+00:00,0.59478,0.59598,0.59433,0.59455,240,12,0
2023-09-04 08:00:00+00:00,0.59459,0.59533,0.59367,0.59466,240,12,0
2023-09-04 12:00:00+00:00,0.59463,0.59501,0.59312,0.59327,240,12,0
2023-09-04 16:00:00+00:00,0.59329,0.59394,0.59322,0.59358,240,12,0
2023-09-04 20:00:00+00:00,0.59356,0.594,0.59263,0.59385,240,12,0
2023-09-05 00:00:00+00:00,0.59356,0.59381,0.59122,0.59179,240,12,0
2023-09-05 04:00:00+00:00,0.59179,0.59224,0.5873,0.58817,240,12,0
2023-09-05 08:00:00+00:00,0.58812,0.58812,0.58605,0.58645,240,12,0
2023-09-05 12:00:00+00:00,0.58645,0.58898,0.58583,0.58812,240,12,0
2023-09-05 16:00:00+00:00,0.58811,0.58854,0.58765,0.58794,240,12,0
2023-09-05 20:00:00+00:00,0.58796,0.58851,0.58688,0.58824,239,12,0
2023-09-06 00:00:00+00:00,0.58829,0.58875,0.58599,0.58835,240,12,0
2023-09-06 04:00:00+00:00,0.58839,0.59034,0.58798,0.58804,240,12,0
2023-09-06 08:00:00+00:00,0.58804,0.58978,0.5875,0.58902,240,12,0
2023-09-06 12:00:00+00:00,0.58902,0.58958,0.58588,0.58725,240,12,0
2023-09-06 16:00:00+00:00,0.58727,0.58747,0.58631,0.58684,240,12,0
2023-09-06 20:00:00+00:00,0.58684,0.58755,0.58629,0.58694,237,12,0
2023-09-07 00:00:00+00:00,0.58694,0.58732,0.58585,0.58714,240,12,0
2023-09-07 04:00:00+00:00,0.58709,0.58889,0.58665,0.58854,240,12,0
2023-09-07 08:00:00+00:00,0.58857,0.58911,0.58798,0.58817,240,12,0
2023-09-07 12:00:00+00:00,0.58817,0.58938,0.58692,0.58812,240,12,0
2023-09-07 16:00:00+00:00,0.58812,0.58881,0.5876,0.58774,240,12,0
2023-09-07 20:00:00+00:00,0.58774,0.58808,0.58648,0.58773,238,12,0
2023-09-08 00:00:00+00:00,0.58777,0.59019,0.58767,0.58942,240,12,0
2023-09-08 04:00:00+00:00,0.58942,0.59135,0.58908,0.59003,240,12,0
2023-09-08 08:00:00+00:00,0.59003,0.59118,0.58958,0.59051,240,12,0
2023-09-08 12:00:00+00:00,0.59051,0.59171,0.58928,0.58951,240,12,0
2023-09-08 16:00:00+00:00,0.58951,0.5897,0.58799,0.58824,240,12,0
2023-09-08 20:00:00+00:00,0.5882,0.58849,0.58815,0.58834,59,12,0
2023-09-10 20:00:00+00:00,0.58817,0.59027,0.58764,0.58991,173,20,0
2023-09-11 00:00:00+00:00,0.58995,0.59152,0.58954,0.59143,240,12,0
2023-09-11 04:00:00+00:00,0.59144,0.59332,0.59123,0.59207,240,12,0
2023-09-11 08:00:00+00:00,0.59207,0.59248,0.591,0.5916,240,12,0
2023-09-11 12:00:00+00:00,0.59162,0.59343,0.59145,0.59181,240,12,0
2023-09-11 16:00:00+00:00,0.59178,0.59265,0.59122,0.59188,240,12,0
2023-09-11 20:00:00+00:00,0.59188,0.59211,0.59018,0.59143,238,12,0
2023-09-12 00:00:00+00:00,0.59147,0.5921,0.59052,0.59177,240,12,0
2023-09-12 04:00:00+00:00,0.59177,0.59178,0.59012,0.59088,240,12,0
2023-09-12 08:00:00+00:00,0.59088,0.59178,0.58935,0.59049,240,12,0
2023-09-12 12:00:00+00:00,0.59049,0.59063,0.58883,0.59022,240,12,0
2023-09-12 16:00:00+00:00,0.59022,0.59067,0.58968,0.59017,240,12,0
2023-09-12 20:00:00+00:00,0.59015,0.5912,0.58972,0.59081,234,12,0
2023-09-13 00:00:00+00:00,0.59085,0.59134,0.58859,0.58936,240,12,0
2023-09-13 04:00:00+00:00,0.58935,0.59021,0.58899,0.59012,240,12,0
2023-09-13 08:00:00+00:00,0.59011,0.59084,0.5897,0.59042,240,12,0
2023-09-13 12:00:00+00:00,0.59042,0.59261,0.58794,0.59146,240,12,0
2023-09-13 16:00:00+00:00,0.5915,0.59245,0.59034,0.59113,240,12,0
2023-09-13 20:00:00+00:00,0.59113,0.59236,0.59109,0.59188,237,12,0
2023-09-14 00:00:00+00:00,0.59192,0.59431,0.59167,0.593,240,12,0
2023-09-14 04:00:00+00:00,0.593,0.59383,0.59177,0.59194,240,12,0
2023-09-14 08:00:00+00:00,0.59189,0.593,0.59124,0.59277,240,12,0
2023-09-14 12:00:00+00:00,0.59274,0.59342,0.59005,0.59149,240,12,0
2023-09-14 16:00:00+00:00,0.59149,0.59237,0.59057,0.59069,240,12,0
2023-09-14 20:00:00+00:00,0.59069,0.59116,0.5902,0.5902,232,12,0
2023-09-15 00:00:00+00:00,0.5902,0.593,0.5901,0.59284,240,12,0
2023-09-15 04:00:00+00:00,0.59284,0.59368,0.59189,0.59212,240,12,0
2023-09-15 08:00:00+00:00,0.59212,0.59226,0.59092,0.59149,240,12,0
2023-09-15 12:00:00+00:00,0.59149,0.59183,0.58951,0.59055,240,12,0
2023-09-15 16:00:00+00:00,0.59055,0.59087,0.58933,0.58942,240,12,0
2023-09-15 20:00:00+00:00,0.58942,0.5899,0.5892,0.58978,59,12,0
2023-09-17 20:00:00+00:00,0.58937,0.59055,0.58916,0.59039,174,20,0
2023-09-18 00:00:00+00:00,0.59043,0.59188,0.5901,0.59077,240,12,0
2023-09-18 04:00:00+00:00,0.59081,0.59189,0.59041,0.5905,240,12,0
2023-09-18 08:00:00+00:00,0.59045,0.5911,0.58979,0.59039,240,12,0
2023-09-18 12:00:00+00:00,0.59039,0.59206,0.58937,0.59167,240,12,0
2023-09-18 16:00:00+00:00,0.59166,0.592,0.59072,0.59153,240,12,0
2023-09-18 20:00:00+00:00,0.59152,0.59225,0.58967,0.59194,235,12,0
2023-09-19 00:00:00+00:00,0.59197,0.59265,0.59107,0.59168,240,12,0
2023-09-19 04:00:00+00:00,0.59168,0.59364,0.59119,0.59346,240,12,0
2023-09-19 08:00:00+00:00,0.59346,0.59438,0.59288,0.5942,240,12,0
2023-09-19 12:00:00+00:00,0.59417,0.59471,0.59255,0.59281,240,12,0
2023-09-19 16:00:00+00:00,0.59281,0.59342,0.59236,0.59322,240,12,0
2023-09-19 20:00:00+00:00,0.5932,0.5953,0.59266,0.59489,237,12,0
2023-09-20 00:00:00+00:00,0.59492,0.59529,0.59319,0.59335,240,12,0
2023-09-20 04:00:00+00:00,0.59335,0.5943,0.59324,0.59376,240,12,0
2023-09-20 08:00:00+00:00,0.59376,0.59669,0.59354,0.59643,240,12,0
2023-09-20 12:00:00+00:00,0.59643,0.59789,0.59599,0.59736,240,12,0
2023-09-20 16:00:00+00:00,0.59735,0.59848,0.59243,0.59252,240,12,0
2023-09-20 20:00:00+00:00,0.5925,0.59481,0.59199,0.5923,236,12,0
2023-09-21 00:00:00+00:00,0.59233,0.59271,0.59023,0.59097,240,12,0
2023-09-21 04:00:00+00:00,0.59098,0.59194,0.59008,0.59171,240,12,0
2023-09-21 08:00:00+00:00,0.59172,0.59244,0.59063,0.59072,240,12,0
2023-09-21 12:00:00+00:00,0.59072,0.59364,0.58952,0.59317,240,12,0
2023-09-21 16:00:00+00:00,0.59314,0.59412,0.59263,0.59287,240,12,0
2023-09-21 20:00:00+00:00,0.59291,0.59358,0.59239,0.59301,239,12,0
2023-09-22 00:00:00+00:00,0.59303,0.59368,0.59185,0.59332,240,12,0
2023-09-22 04:00:00+00:00,0.59331,0.59547,0.59302,0.59521,240,12,0
2023-09-22 08:00:00+00:00,0.59521,0.59747,0.59471,0.59704,240,12,0
2023-09-22 12:00:00+00:00,0.59704,0.59882,0.59654,0.59724,240,12,0
2023-09-22 16:00:00+00:00,0.5972,0.59764,0.59585,0.59596,240,12,0
2023-09-22 20:00:00+00:00,0.59595,0.59609,0.5958,0.59599,59,12,0
2023-09-24 20:00:00+00:00,0.59552,0.59602,0.59537,0.59553,171,20,0
2023-09-25 00:00:00+00:00,0.59557,0.59632,0.59458,0.59468,240,12,0
2023-09-25 04:00:00+00:00,0.59464,0.59545,0.59423,0.59496,240,12,0
2023-09-25 08:00:00+00:00,0.59499,0.59736,0.59447,0.59624,240,12,0
2023-09-25 12:00:00+00:00,0.59623,0.59716,0.59513,0.59626,240,12,0
2023-09-25 16:00:00+00:00,0.59626,0.59703,0.59574,0.59647,240,12,0
2023-09-25 20:00:00+00:00,0.59648,0.59679,0.59571,0.59656,240,12,0
2023-09-26 00:00:00+00:00,0.5966,0.59728,0.5961,0.5963,240,12,0
2023-09-26 04:00:00+00:00,0.5963,0.59647,0.59354,0.59509,240,12,0
2023-09-26 08:00:00+00:00,0.59512,0.59666,0.59508,0.596,240,12,0
2023-09-26 12:00:00+00:00,0.59601,0.59689,0.59482,0.59511,240,12,0
2023-09-26 16:00:00+00:00,0.59508,0.59577,0.5941,0.59431,240,12,0
2023-09-26 20:00:00+00:00,0.59431,0.59469,0.59395,0.59463,237,12,0
2023-09-27 00:00:00+00:00,0.59469,0.59562,0.59254,0.59277,240,12,0
2023-09-27 04:00:00+00:00,0.59277,0.59403,0.59219,0.59333,240,12,0
2023-09-27 08:00:00+00:00,0.5933,0.59438,0.59196,0.59238,240,12,0
2023-09-27 12:00:00+00:00,0.59242,0.59414,0.59196,0.59247,240,12,0
2023-09-27 16:00:00+00:00,0.59243,0.59301,0.58989,0.59203,240,12,0
2023-09-27 20:00:00+00:00,0.59203,0.59234,0.59125,0.59147,232,12,0
2023-09-28 00:00:00+00:00,0.59146,0.5945,0.59138,0.59419,240,12,0
2023-09-28 04:00:00+00:00,0.59423,0.59462,0.59333,0.59371,240,12,0
2023-09-28 08:00:00+00:00,0.59374,0.59635,0.59331,0.59524,240,12,0
2023-09-28 12:00:00+00:00,0.59524,0.59694,0.59344,0.59685,240,12,0
2023-09-28 16:00:00+00:00,0.59686,0.59727,0.59556,0.59604,240,12,0
2023-09-28 20:00:00+00:00,0.59599,0.59654,0.59519,0.59626,239,12,0
2023-09-29 00:00:00+00:00,0.59629,0.6001,0.59617,0.59996,240,12,0
2023-09-29 04:00:00+00:00,0.59996,0.60348,0.59971,0.60278,240,12,0
2023-09-29 08:00:00+00:00,0.60278,0.60479,0.60232,0.60258,240,12,0
2023-09-29 12:00:00+00:00,0.60262,0.60432,0.60016,0.60084,240,12,0
2023-09-29 16:00:00+00:00,0.60085,0.60119,0.59872,0.59915,240,12,0
2023-09-29 20:00:00+00:00,0.59914,0.59983,0.59911,0.59971,59,12,0
2023-10-01 20:00:00+00:00,0.59889,0.5998,0.59768,0.59946,170,20,0
2023-10-02 00:00:00+00:00,0.59951,0.59993,0.59867,0.59898,240,12,0
2023-10-02 04:00:00+00:00,0.59902,0.60072,0.59767,0.59913,240,12,0
2023-10-02 08:00:00+00:00,0.59917,0.59943,0.59671,0.59673,240,12,0
2023-10-02 12:00:00+00:00,0.59674,0.59739,0.59501,0.59557,240,12,0
2023-10-02 16:00:00+00:00,0.59552,0.59567,0.59423,0.59467,240,12,0
2023-10-02 20:00:00+00:00,0.59462,0.59517,0.59364,0.59396,238,12,0
2023-10-03 00:00:00+00:00,0.59396,0.59399,0.59148,0.59234,240,12,0
2023-10-03 04:00:00+00:00,0.59233,0.59249,0.59026,0.59068,240,12,0
2023-10-03 08:00:00+00:00,0.59067,0.59181,0.58872,0.58974,240,12,0
2023-10-03 12:00:00+00:00,0.58974,0.59168,0.58869,0.58915,240,12,0
2023-10-03 16:00:00+00:00,0.58912,0.59099,0.58895,0.5907,240,12,0
2023-10-03 20:00:00+00:00,0.59065,0.59128,0.58988,0.59118,240,12,0
2023-10-04 00:00:00+00:00,0.59122,0.59207,0.58702,0.58822,240,12,0
2023-10-04 04:00:00+00:00,0.58821,0.59052,0.58801,0.58953,240,12,0
2023-10-04 08:00:00+00:00,0.58949,0.59116,0.58919,0.58986,240,12,0
2023-10-04 12:00:00+00:00,0.58986,0.59225,0.58854,0.59202,240,12,0
2023-10-04 16:00:00+00:00,0.59208,0.59246,0.59027,0.59156,240,12,0
2023-10-04 20:00:00+00:00,0.59159,0.59199,0.59062,0.59173,237,12,0
2023-10-05 00:00:00+00:00,0.59177,0.59495,0.59104,0.59463,240,12,0
2023-10-05 04:00:00+00:00,0.59464,0.59499,0.59242,0.59301,240,12,0
2023-10-05 08:00:00+00:00,0.59301,0.59446,0.59199,0.59423,240,12,0
2023-10-05 12:00:00+00:00,0.5942,0.59549,0.59229,0.59436,240,12,0
2023-10-05 16:00:00+00:00,0.59437,0.59669,0.59424,0.59648,240,12,0
2023-10-05 20:00:00+00:00,0.59644,0.59699,0.59592,0.59657,234,12,0
2023-10-06 00:00:00+00:00,0.59661,0.59693,0.59599,0.59619,240,12,0
2023-10-06 04:00:00+00:00,0.59619,0.59662,0.59494,0.59646,240,12,0
2023-10-06 08:00:00+00:00,0.59646,0.59697,0.59562,0.59634,240,12,0
2023-10-06 12:00:00+00:00,0.59636,0.59993,0.59227,0.59931,240,12,0
2023-10-06 16:00:00+00:00,0.59931,0.60031,0.59808,0.59937,240,12,0
2023-10-06 20:00:00+00:00,0.59938,0.59946,0.5988,0.59896,59,12,0
2023-10-08 20:00:00+00:00,0.59581,0.59741,0.59565,0.59708,172,20,0
2023-10-09 00:00:00+00:00,0.59714,0.59882,0.59681,0.59696,240,12,0
2023-10-09 04:00:00+00:00,0.59696,0.59794,0.59595,0.59718,240,12,0
2023-10-09 08:00:00+00:00,0.59715,0.59821,0.59687,0.59772,240,12,0
2023-10-09 12:00:00+00:00,0.59772,0.60081,0.59735,0.6001,240,12,0
2023-10-09 16:00:00+00:00,0.60009,0.60271,0.59956,0.6024,240,12,0
2023-10-09 20:00:00+00:00,0.60241,0.60322,0.60079,0.60301,239,12,0
2023-10-10 00:00:00+00:00,0.60306,0.60411,0.60187,0.60209,240,12,0
2023-10-10 04:00:00+00:00,0.60209,0.6021,0.60003,0.60023,240,12,0
2023-10-10 08:00:00+00:00,0.60023,0.60241,0.59979,0.60035,240,12,0
2023-10-10 12:00:00+00:00,0.60037,0.60418,0.6002,0.60406,240,12,0
2023-10-10 16:00:00+00:00,0.60404,0.60446,0.6026,0.60431,240,12,0
2023-10-10 20:00:00+00:00,0.60434,0.60481,0.60299,0.60402,239,12,0
2023-10-11 00:00:00+00:00,0.60406,0.60548,0.60255,0.60274,240,12,0
2023-10-11 04:00:00+00:00,0.60273,0.60364,0.60185,0.60226,240,12,0
2023-10-11 08:00:00+00:00,0.60223,0.60267,0.60169,0.6018,240,12,0
2023-10-11 12:00:00+00:00,0.60179,0.60324,0.6007,0.60203,240,12,0
2023-10-11 16:00:00+00:00,0.60207,0.60214,0.60063,0.60196,240,12,0
2023-10-11 20:00:00+00:00,0.60194,0.60221,0.60112,0.6018,235,12,0
2023-10-12 00:00:00+00:00,0.60184,0.6025,0.60062,0.60127,240,12,0
2023-10-12 04:00:00+00:00,0.60128,0.60177,0.5995,0.59988,240,12,0
2023-10-12 08:00:00+00:00,0.59988,0.60057,0.59929,0.59991,240,12,0
2023-10-12 12:00:00+00:00,0.59991,0.59997,0.59373,0.59412,240,12,0
2023-10-12 16:00:00+00:00,0.59409,0.59454,0.59225,0.59296,240,12,0
2023-10-12 20:00:00+00:00,0.59296,0.59305,0.59186,0.59192,238,12,0
2023-10-13 00:00:00+00:00,0.59197,0.59281,0.5916,0.59167,240,12,0
2023-10-13 04:00:00+00:00,0.59171,0.59223,0.59098,0.59212,240,12,0
2023-10-13 08:00:00+00:00,0.59213,0.59254,0.58973,0.59066,240,12,0
2023-10-13 12:00:00+00:00,0.59068,0.59203,0.58861,0.58899,240,12,0
2023-10-13 16:00:00+00:00,0.58899,0.58964,0.58852,0.58881,240,12,0
2023-10-13 20:00:00+00:00,0.58885,0.58886,0.58827,0.58837,59,12,0
2023-10-15 20:00:00+00:00,0.58949,0.59061,0.58929,0.59057,175,20,0
2023-10-16 00:00:00+00:00,0.59061,0.59283,0.59023,0.59226,240,12,0
2023-10-16 04:00:00+00:00,0.59226,0.59267,0.59143,0.59256,240,12,0
2023-10-16 08:00:00+00:00,0.59253,0.59273,0.59125,0.59219,240,12,0
2023-10-16 12:00:00+00:00,0.59216,0.5927,0.59056,0.59211,240,12,0
2023-10-16 16:00:00+00:00,0.59212,0.5929,0.59198,0.59259,240,12,0
2023-10-16 20:00:00+00:00,0.59259,0.59286,0.58967,0.58994,236,12,0
2023-10-17 00:00:00+00:00,0.58998,0.59136,0.58955,0.59013,240,12,0
2023-10-17 04:00:00+00:00,0.59014,0.59045,0.58933,0.58947,240,12,0
2023-10-17 08:00:00+00:00,0.58944,0.59032,0.58794,0.58983,240,12,0
2023-10-17 12:00:00+00:00,0.58984,0.59087,0.58702,0.59062,240,12,0
2023-10-17 16:00:00+00:00,0.59062,0.59083,0.58853,0.58968,240,12,0
2023-10-17 20:00:00+00:00,0.58968,0.58972,0.58904,0.58937,229,12,0
2023-10-18 00:00:00+00:00,0.58941,0.59103,0.58792,0.59046,240,12,0
2023-10-18 04:00:00+00:00,0.59046,0.59191,0.59022,0.59041,240,12,0
2023-10-18 08:00:00+00:00,0.59036,0.59061,0.58858,0.58906,240,12,0
2023-10-18 12:00:00+00:00,0.58906,0.58951,0.58538,0.58566,240,12,0
2023-10-18 16:00:00+00:00,0.58567,0.58739,0.58504,0.58555,240,12,0
2023-10-18 20:00:00+00:00,0.58555,0.58579,0.58476,0.58527,238,12,0
2023-10-19 00:00:00+00:00,0.58531,0.58579,0.58255,0.58261,240,12,0
2023-10-19 04:00:00+00:00,0.58265,0.58329,0.58171,0.58184,240,12,0
2023-10-19 08:00:00+00:00,0.58179,0.583,0.58147,0.58245,240,12,0
2023-10-19 12:00:00+00:00,0.58244,0.58436,0.58229,0.58379,240,12,0
2023-10-19 16:00:00+00:00,0.58379,0.5866,0.58277,0.58547,240,12,0
2023-10-19 20:00:00+00:00,0.5855,0.5855,0.5836,0.584,239,12,0
2023-10-20 00:00:00+00:00,0.58404,0.58404,0.58202,0.58324,240,12,0
2023-10-20 04:00:00+00:00,0.58324,0.58342,0.58193,0.58197,240,12,0
2023-10-20 08:00:00+00:00,0.58198,0.58352,0.58161,0.58282,240,12,0
2023-10-20 12:00:00+00:00,0.58282,0.58359,0.58179,0.58268,240,12,0
2023-10-20 16:00:00+00:00,0.58269,0.58349,0.58193,0.58217,240,12,0
2023-10-20 20:00:00+00:00,0.58214,0.58278,0.58212,0.58277,59,12,0
2023-10-22 20:00:00+00:00,0.58196,0.5831,0.58163,0.58278,171,20,0
2023-10-23 00:00:00+00:00,0.58282,0.58293,0.5818,0.58212,240,12,0
2023-10-23 04:00:00+00:00,0.58212,0.5833,0.58168,0.58193,240,12,0
2023-10-23 08:00:00+00:00,0.58192,0.5826,0.58068,0.58194,240,12,0
2023-10-23 12:00:00+00:00,0.58191,0.58442,0.58127,0.5841,240,12,0
2023-10-23 16:00:00+00:00,0.58414,0.58571,0.58402,0.58472,240,12,0
2023-10-23 20:00:00+00:00,0.58474,0.58515,0.58427,0.58498,238,12,0
2023-10-24 00:00:00+00:00,0.58502,0.58647,0.5846,0.58577,240,12,0
2023-10-24 04:00:00+00:00,0.58577,0.58721,0.58493,0.58578,240,12,0
2023-10-24 08:00:00+00:00,0.58578,0.58626,0.58413,0.58494,240,12,0
2023-10-24 12:00:00+00:00,0.5849,0.58501,0.58282,0.58319,240,12,0
2023-10-24 16:00:00+00:00,0.58319,0.58448,0.58295,0.58428,240,12,0
2023-10-24 20:00:00+00:00,0.58434,0.58457,0.58357,0.58456,238,12,0
2023-10-25 00:00:00+00:00,0.58461,0.5869,0.58428,0.58509,240,12,0
2023-10-25 04:00:00+00:00,0.58508,0.58579,0.58396,0.58414,240,12,0
2023-10-25 08:00:00+00:00,0.58414,0.58469,0.58156,0.58179,240,12,0
2023-10-25 12:00:00+00:00,0.58179,0.58294,0.58091,0.58224,240,12,0
2023-10-25 16:00:00+00:00,0.58219,0.58227,0.58018,0.58036,240,12,0
2023-10-25 20:00:00+00:00,0.58036,0.5806,0.57836,0.57908,238,12,0
2023-10-26 00:00:00+00:00,0.57912,0.57946,0.57725,0.57774,240,12,0
2023-10-26 04:00:00+00:00,0.57775,0.58007,0.57753,0.57988,240,12,0
2023-10-26 08:00:00+00:00,0.57989,0.58099,0.57924,0.57932,240,12,0
2023-10-26 12:00:00+00:00,0.57931,0.58288,0.57885,0.5813,240,12,0
2023-10-26 16:00:00+00:00,0.58131,0.58289,0.58074,0.58164,240,12,0
2023-10-26 20:00:00+00:00,0.58163,0.58278,0.58038,0.58268,234,12,0
2023-10-27 00:00:00+00:00,0.58269,0.58316,0.58169,0.58223,240,12,0
2023-10-27 04:00:00+00:00,0.5822,0.58257,0.58093,0.58181,240,12,0
2023-10-27 08:00:00+00:00,0.58181,0.58326,0.58155,0.58177,240,12,0
2023-10-27 12:00:00+00:00,0.58177,0.58431,0.58152,0.58226,240,12,0
2023-10-27 16:00:00+00:00,0.58231,0.58254,0.58046,0.58096,240,12,0
2023-10-27 20:00:00+00:00,0.58096,0.58114,0.58055,0.58084,59,12,0
2023-10-29 20:00:00+00:00,0.58049,0.5813,0.58023,0.58068,169,20,0
2023-10-30 00:00:00+00:00,0.58073,0.5827,0.58047,0.58233,436,0,0
2023-10-30 04:00:00+00:00,0.58233,0.58336,0.58219,0.58253,240,12,0
2023-10-30 08:00:00+00:00,0.58252,0.58381,0.58187,0.58338,240,12,0
2023-10-30 12:00:00+00:00,0.58338,0.58434,0.58219,0.58341,240,12,0
2023-10-30 16:00:00+00:00,0.58337,0.58442,0.58273,0.58417,240,12,0
2023-10-30 20:00:00+00:00,0.58422,0.58437,0.58332,0.58382,234,12,0
2023-10-31 00:00:00+00:00,0.58382,0.58453,0.58251,0.58288,240,12,0
2023-10-31 04:00:00+00:00,0.58285,0.58469,0.58219,0.58422,240,12,0
2023-10-31 08:00:00+00:00,0.58422,0.58563,0.58379,0.58475,240,12,0
2023-10-31 12:00:00+00:00,0.58474,0.5852,0.58027,0.58154,240,12,0
2023-10-31 16:00:00+00:00,0.58157,0.58256,0.58062,0.58248,240,12,0
2023-10-31 20:00:00+00:00,0.58251,0.58252,0.57915,0.58061,236,12,0
2023-11-01 00:00:00+00:00,0.58065,0.58105,0.57881,0.58048,240,12,0
2023-11-01 04:00:00+00:00,0.58048,0.58221,0.58013,0.58129,240,12,0
2023-11-01 08:00:00+00:00,0.5813,0.5825,0.58124,0.58219,240,12,0
2023-11-01 12:00:00+00:00,0.58215,0.58579,0.58141,0.58283,240,12,0
2023-11-01 16:00:00+00:00,0.58283,0.58571,0.58203,0.58497,240,12,0
2023-11-01 20:00:00+00:00,0.58497,0.5878,0.58394,0.5878,235,12,0
2023-11-02 00:00:00+00:00,0.58789,0.58956,0.58748,0.58886,240,12,0
2023-11-02 04:00:00+00:00,0.58881,0.58884,0.58752,0.58827,240,12,0
2023-11-02 08:00:00+00:00,0.58831,0.59088,0.58726,0.58954,240,12,0
2023-11-02 12:00:00+00:00,0.58954,0.59164,0.5878,0.58837,240,12,0
2023-11-02 16:00:00+00:00,0.58836,0.58964,0.58769,0.58964,240,12,0
2023-11-02 20:00:00+00:00,0.58961,0.58979,0.5887,0.58944,234,12,0
2023-11-03 00:00:00+00:00,0.58948,0.59,0.58836,0.58958,240,12,0
2023-11-03 04:00:00+00:00,0.58958,0.5913,0.58934,0.59076,240,12,0
2023-11-03 08:00:00+00:00,0.5908,0.59236,0.5904,0.59225,240,12,0
2023-11-03 12:00:00+00:00,0.59225,0.59939,0.59194,0.59885,240,12,0
2023-11-03 16:00:00+00:00,0.59885,0.59997,0.59822,0.59892,240,12,0
2023-11-03 20:00:00+00:00,0.59897,0.59981,0.5989,0.59974,59,12,0
2023-11-05 20:00:00+00:00,0.59867,0.59937,0.59855,0.59925,109,60,0
2023-11-06 00:00:00+00:00,0.59945,0.59966,0.59827,0.59889,240,12,0
2023-11-06 04:00:00+00:00,0.59889,0.60003,0.59863,0.59873,548,0,0
2023-11-06 08:00:00+00:00,0.59873,0.60012,0.59731,0.59799,240,12,0
2023-11-06 12:00:00+00:00,0.59797,0.59814,0.59659,0.59782,240,12,0
2023-11-06 16:00:00+00:00,0.59781,0.59817,0.59651,0.59665,240,12,0
2023-11-06 20:00:00+00:00,0.5967,0.5968,0.59581,0.59584,235,12,0
2023-11-07 00:00:00+00:00,0.59606,0.59655,0.59463,0.59497,240,12,0
2023-11-07 04:00:00+00:00,0.59498,0.59507,0.59143,0.59179,240,12,0
2023-11-07 08:00:00+00:00,0.59179,0.59292,0.59114,0.59162,240,12,0
2023-11-07 12:00:00+00:00,0.59162,0.59336,0.59103,0.59276,240,12,0
2023-11-07 16:00:00+00:00,0.59276,0.59415,0.59167,0.59357,240,12,0
2023-11-07 20:00:00+00:00,0.5936,0.59368,0.5927,0.59314,237,12,0
2023-11-08 00:00:00+00:00,0.59333,0.59403,0.59229,0.59351,240,12,0
2023-11-08 04:00:00+00:00,0.59352,0.59416,0.5927,0.59369,240,12,0
2023-11-08 08:00:00+00:00,0.59373,0.59395,0.59165,0.59307,240,12,0
2023-11-08 12:00:00+00:00,0.59311,0.59319,0.591,0.5919,240,12,0
2023-11-08 16:00:00+00:00,0.5919,0.59289,0.59078,0.59086,240,12,0
2023-11-08 20:00:00+00:00,0.59083,0.59138,0.59038,0.59094,237,12,0
2023-11-09 00:00:00+00:00,0.59114,0.59257,0.59062,0.59223,240,12,0
2023-11-09 04:00:00+00:00,0.59223,0.59362,0.59217,0.59305,240,12,0
2023-11-09 08:00:00+00:00,0.59305,0.59361,0.59162,0.59272,240,12,0
2023-11-09 12:00:00+00:00,0.59271,0.59542,0.59232,0.5949,240,12,0
2023-11-09 16:00:00+00:00,0.59491,0.59498,0.58992,0.59029,240,12,0
2023-11-09 20:00:00+00:00,0.59033,0.59104,0.58851,0.58871,236,12,0
2023-11-10 00:00:00+00:00,0.58876,0.58989,0.58852,0.58913,240,12,0
2023-11-10 04:00:00+00:00,0.58912,0.5904,0.58891,0.58966,240,12,0
2023-11-10 08:00:00+00:00,0.58965,0.58994,0.58852,0.58905,240,12,0
2023-11-10 12:00:00+00:00,0.58905,0.58993,0.58774,0.58849,240,12,0
2023-11-10 16:00:00+00:00,0.58846,0.58938,0.58782,0.58872,240,12,0
2023-11-10 20:00:00+00:00,0.58875,0.58912,0.5887,0.58896,119,12,0
2023-11-12 20:00:00+00:00,0.58854,0.58959,0.58794,0.58931,114,20,0
2023-11-13 00:00:00+00:00,0.58931,0.58961,0.58865,0.58919,240,12,0
2023-11-13 04:00:00+00:00,0.58919,0.58969,0.58898,0.58927,240,12,0
2023-11-13 08:00:00+00:00,0.58925,0.58932,0.58808,0.58828,240,12,0
2023-11-13 12:00:00+00:00,0.58826,0.58841,0.58696,0.58836,240,12,0
2023-11-13 16:00:00+00:00,0.58836,0.58935,0.58815,0.58833,240,12,0
2023-11-13 20:00:00+00:00,0.58834,0.58842,0.58696,0.58807,235,12,0
2023-11-14 00:00:00+00:00,0.58814,0.58828,0.58693,0.5872,240,12,0
2023-11-14 04:00:00+00:00,0.58724,0.58743,0.58642,0.587,240,12,0
2023-11-14 08:00:00+00:00,0.587,0.58787,0.58629,0.58648,240,12,0
2023-11-14 12:00:00+00:00,0.58648,0.59758,0.58619,0.59732,240,12,0
2023-11-14 16:00:00+00:00,0.59737,0.60101,0.59711,0.601,240,12,0
2023-11-14 20:00:00+00:00,0.60104,0.60129,0.59956,0.60026,236,12,0
2023-11-15 00:00:00+00:00,0.60031,0.60238,0.59968,0.60238,240,12,0
2023-11-15 04:00:00+00:00,0.60238,0.60363,0.60171,0.60325,240,12,0
2023-11-15 08:00:00+00:00,0.60326,0.60463,0.60306,0.60415,240,12,0
2023-11-15 12:00:00+00:00,0.60412,0.6054,0.60031,0.60308,240,12,0
2023-11-15 16:00:00+00:00,0.60308,0.60358,0.60179,0.60228,240,12,0
2023-11-15 20:00:00+00:00,0.60224,0.6028,0.60157,0.60269,236,12,0
2023-11-16 00:00:00+00:00,0.60273,0.60281,0.59702,0.59795,240,12,0
2023-11-16 04:00:00+00:00,0.59796,0.59897,0.59759,0.59808,240,12,0
2023-11-16 08:00:00+00:00,0.59805,0.60042,0.59761,0.59903,240,12,0
2023-11-16 12:00:00+00:00,0.59903,0.60118,0.59711,0.59954,240,12,0
2023-11-16 16:00:00+00:00,0.59954,0.60003,0.59733,0.59754,240,12,0
2023-11-16 20:00:00+00:00,0.59753,0.59774,0.59624,0.59631,236,12,0
2023-11-17 00:00:00+00:00,0.59636,0.59677,0.59464,0.59587,240,12,0
2023-11-17 04:00:00+00:00,0.59587,0.59603,0.59396,0.59512,240,12,0
2023-11-17 08:00:00+00:00,0.59515,0.59965,0.59489,0.59834,240,12,0
2023-11-17 12:00:00+00:00,0.59834,0.59876,0.59646,0.59789,240,12,0
2023-11-17 16:00:00+00:00,0.59789,0.59892,0.59644,0.59834,240,12,0
2023-11-17 20:00:00+00:00,0.59833,0.59919,0.5982,0.599,119,12,0
2023-11-19 20:00:00+00:00,0.59851,0.59982,0.59763,0.59914,115,60,0
2023-11-20 00:00:00+00:00,0.59934,0.60262,0.59879,0.6025,240,12,0
2023-11-20 04:00:00+00:00,0.60247,0.60364,0.60199,0.60296,240,12,0
2023-11-20 08:00:00+00:00,0.60296,0.60426,0.60225,0.60249,240,12,0
2023-11-20 12:00:00+00:00,0.60249,0.60284,0.60039,0.60174,240,12,0
2023-11-20 16:00:00+00:00,0.60178,0.6037,0.60151,0.6032,240,12,0
2023-11-20 20:00:00+00:00,0.60321,0.60405,0.60291,0.60381,236,12,0
2023-11-21 00:00:00+00:00,0.60385,0.60738,0.60356,0.60727,240,12,0
2023-11-21 04:00:00+00:00,0.60727,0.60742,0.60527,0.60656,240,12,0
2023-11-21 08:00:00+00:00,0.60658,0.60854,0.6058,0.60668,240,12,0
2023-11-21 12:00:00+00:00,0.60668,0.60838,0.60559,0.60574,240,12,0
2023-11-21 16:00:00+00:00,0.60573,0.60659,0.60365,0.60487,240,12,0
2023-11-21 20:00:00+00:00,0.6049,0.60524,0.60401,0.60523,236,12,0
2023-11-22 00:00:00+00:00,0.60528,0.60635,0.60434,0.60467,240,12,0
2023-11-22 04:00:00+00:00,0.60467,0.60476,0.60189,0.60294,240,12,0
2023-11-22 08:00:00+00:00,0.60288,0.60425,0.60148,0.60367,240,12,0
2023-11-22 12:00:00+00:00,0.60367,0.60433,0.59957,0.60079,240,12,0
2023-11-22 16:00:00+00:00,0.60083,0.60238,0.60056,0.60219,238,12,0
2023-11-22 20:00:00+00:00,0.60219,0.60222,0.60159,0.60193,236,12,0
2023-11-23 00:00:00+00:00,0.60198,0.60529,0.60196,0.60505,240,12,0
2023-11-23 04:00:00+00:00,0.60506,0.60659,0.60467,0.60591,240,12,0
2023-11-23 08:00:00+00:00,0.60591,0.60643,0.60425,0.60491,240,12,0
2023-11-23 12:00:00+00:00,0.60485,0.60493,0.60344,0.60448,240,12,0
2023-11-23 16:00:00+00:00,0.60448,0.60478,0.60409,0.60448,240,12,0
2023-11-23 20:00:00+00:00,0.60448,0.60493,0.60429,0.60466,236,19,0
2023-11-24 00:00:00+00:00,0.60471,0.60569,0.60436,0.60495,240,12,0
2023-11-24 04:00:00+00:00,0.60495,0.60585,0.60479,0.60545,240,12,0
2023-11-24 08:00:00+00:00,0.60549,0.60668,0.60505,0.60638,240,12,0
2023-11-24 12:00:00+00:00,0.60638,0.60864,0.60595,0.6084,240,12,0
2023-11-24 16:00:00+00:00,0.60842,0.60872,0.60773,0.60838,240,12,0
2023-11-24 20:00:00+00:00,0.60838,0.60876,0.60771,0.60803,119,62,0
2023-11-26 20:00:00+00:00,0.60728,0.60809,0.6072,0.60739,115,60,0
2023-11-27 00:00:00+00:00,0.60759,0.60916,0.606,0.60659,240,12,0
2023-11-27 04:00:00+00:00,0.60659,0.60839,0.60607,0.60798,240,12,0
2023-11-27 08:00:00+00:00,0.60798,0.60969,0.6073,0.60954,240,12,0
2023-11-27 12:00:00+00:00,0.60954,0.61029,0.60787,0.609,240,12,0
2023-11-27 16:00:00+00:00,0.60901,0.61068,0.60802,0.6103,240,12,0
2023-11-27 20:00:00+00:00,0.6103,0.6103,0.60872,0.61016,236,12,0
2023-11-28 00:00:00+00:00,0.61022,0.61134,0.6098,0.61,240,12,0
2023-11-28 04:00:00+00:00,0.61,0.61041,0.60891,0.6091,240,12,0
2023-11-28 08:00:00+00:00,0.6091,0.60979,0.60793,0.60913,240,12,0
2023-11-28 12:00:00+00:00,0.60918,0.61335,0.60859,0.61326,240,12,0
2023-11-28 16:00:00+00:00,0.61323,0.61464,0.61176,0.61383,240,12,0
2023-11-28 20:00:00+00:00,0.61378,0.61483,0.61245,0.61441,235,12,0
2023-11-29 00:00:00+00:00,0.6144,0.62076,0.61334,0.61891,240,12,0
2023-11-29 04:00:00+00:00,0.61886,0.62036,0.61579,0.61592,240,12,0
2023-11-29 08:00:00+00:00,0.61589,0.61714,0.6144,0.61533,240,12,0
2023-11-29 12:00:00+00:00,0.61533,0.61714,0.61386,0.61553,240,12,0
2023-11-29 16:00:00+00:00,0.61554,0.61684,0.61371,0.61562,240,12,0
2023-11-29 20:00:00+00:00,0.61561,0.6159,0.61482,0.61531,236,12,0
2023-11-30 00:00:00+00:00,0.61533,0.61814,0.61517,0.61782,240,12,0
2023-11-30 04:00:00+00:00,0.61781,0.61812,0.61582,0.61731,240,12,0
2023-11-30 08:00:00+00:00,0.61734,0.61773,0.61379,0.61401,240,12,0
2023-11-30 12:00:00+00:00,0.61398,0.61767,0.61203,0.61744,240,12,0
2023-11-30 16:00:00+00:00,0.61741,0.61808,0.61479,0.6159,240,12,0
2023-11-30 20:00:00+00:00,0.61589,0.61604,0.61469,0.61553,236,19,0
2023-12-01 00:00:00+00:00,0.61558,0.61917,0.61554,0.61612,240,12,0
2023-12-01 04:00:00+00:00,0.61607,0.61668,0.61502,0.61531,240,12,0
2023-12-01 08:00:00+00:00,0.61533,0.6185,0.61531,0.61692,240,12,0
2023-12-01 12:00:00+00:00,0.61696,0.61809,0.61542,0.6176,240,12,0
2023-12-01 16:00:00+00:00,0.61757,0.62038,0.61667,0.62004,240,12,0
2023-12-01 20:00:00+00:00,0.62004,0.6209,0.61985,0.62088,119,19,0
2023-12-03 20:00:00+00:00,0.61782,0.62159,0.61776,0.62124,115,60,0
2023-12-04 00:00:00+00:00,0.62144,0.62216,0.61944,0.61948,240,12,0
2023-12-04 04:00:00+00:00,0.61948,0.6199,0.61737,0.61747,240,12,0
2023-12-04 08:00:00+00:00,0.61751,0.61989,0.6173,0.61936,240,12,0
2023-12-04 12:00:00+00:00,0.61939,0.61978,0.61571,0.61632,240,12,0
2023-12-04 16:00:00+00:00,0.61636,0.61732,0.61501,0.61641,240,12,0
2023-12-04 20:00:00+00:00,0.61641,0.61683,0.61575,0.61633,236,12,0
2023-12-05 00:00:00+00:00,0.61638,0.61732,0.61383,0.61442,240,12,0
2023-12-05 04:00:00+00:00,0.61439,0.61574,0.61426,0.61466,240,12,0
2023-12-05 08:00:00+00:00,0.61463,0.61617,0.61362,0.61404,240,12,0
2023-12-05 12:00:00+00:00,0.61408,0.61559,0.61249,0.61428,240,12,0
2023-12-05 16:00:00+00:00,0.61423,0.61456,0.61249,0.61277,240,12,0
2023-12-05 20:00:00+00:00,0.61274,0.61358,0.61241,0.61317,236,12,0
2023-12-06 00:00:00+00:00,0.61322,0.61699,0.61322,0.61673,240,12,0
2023-12-06 04:00:00+00:00,0.61673,0.61762,0.61569,0.61736,240,12,0
2023-12-06 08:00:00+00:00,0.61733,0.61756,0.61404,0.615,240,12,0
2023-12-06 12:00:00+00:00,0.61499,0.61683,0.61482,0.61568,240,12,0
2023-12-06 16:00:00+00:00,0.61572,0.61647,0.61421,0.61434,240,12,0
2023-12-06 20:00:00+00:00,0.61434,0.61438,0.61329,0.61384,236,12,0
2023-12-07 00:00:00+00:00,0.61389,0.61446,0.61125,0.61152,240,12,0
2023-12-07 04:00:00+00:00,0.61152,0.61423,0.61147,0.61365,240,12,0
2023-12-07 08:00:00+00:00,0.61365,0.61524,0.61294,0.61416,240,12,0
2023-12-07 12:00:00+00:00,0.61416,0.61607,0.61276,0.6159,240,12,0
2023-12-07 16:00:00+00:00,0.61591,0.61924,0.6159,0.61713,240,12,0
2023-12-07 20:00:00+00:00,0.61715,0.61747,0.61583,0.6159,235,19,0
2023-12-08 00:00:00+00:00,0.61599,0.61745,0.6156,0.6162,240,12,0
2023-12-08 04:00:00+00:00,0.6162,0.61703,0.61503,0.61531,240,12,0
2023-12-08 08:00:00+00:00,0.6153,0.61568,0.61419,0.61479,240,12,0
2023-12-08 12:00:00+00:00,0.61479,0.61534,0.6103,0.61266,240,12,0
2023-12-08 16:00:00+00:00,0.61263,0.61273,0.61088,0.61237,240,12,0
2023-12-08 20:00:00+00:00,0.61237,0.61242,0.61189,0.61214,119,12,0
2023-12-10 20:00:00+00:00,0.61134,0.61239,0.61094,0.61212,115,60,0
2023-12-11 00:00:00+00:00,0.61231,0.61312,0.61096,0.61144,240,12,0
2023-12-11 04:00:00+00:00,0.61144,0.61183,0.61042,0.61054,240,12,0
2023-12-11 08:00:00+00:00,0.61059,0.61235,0.61042,0.61232,240,12,0
2023-12-11 12:00:00+00:00,0.61232,0.61314,0.61067,0.6119,240,12,0
2023-12-11 16:00:00+00:00,0.6119,0.6131,0.61099,0.61244,240,12,0
2023-12-11 20:00:00+00:00,0.61246,0.61268,0.61162,0.61207,235,12,0
2023-12-12 00:00:00+00:00,0.61212,0.6148,0.61189,0.61445,240,12,0
2023-12-12 04:00:00+00:00,0.61445,0.61628,0.6144,0.6154,240,12,0
2023-12-12 08:00:00+00:00,0.61539,0.6158,0.61391,0.61468,240,12,0
2023-12-12 12:00:00+00:00,0.61471,0.61693,0.61042,0.61266,240,12,0
2023-12-12 16:00:00+00:00,0.61269,0.61336,0.61174,0.61275,240,12,0
2023-12-12 20:00:00+00:00,0.61274,0.61356,0.6126,0.61353,236,12,0
2023-12-13 00:00:00+00:00,0.6136,0.61384,0.61004,0.61034,240,12,0
2023-12-13 04:00:00+00:00,0.61032,0.61032,0.60865,0.60927,240,12,0
2023-12-13 08:00:00+00:00,0.60922,0.60995,0.60833,0.60962,240,12,0
2023-12-13 12:00:00+00:00,0.60963,0.6124,0.60921,0.61234,240,12,0
2023-12-13 16:00:00+00:00,0.61234,0.62042,0.61127,0.62033,240,12,0
2023-12-13 20:00:00+00:00,0.62036,0.6213,0.61661,0.619,236,12,0
2023-12-14 00:00:00+00:00,0.61904,0.62488,0.61885,0.62378,240,12,0
2023-12-14 04:00:00+00:00,0.62378,0.62429,0.62143,0.62162,240,12,0
2023-12-14 08:00:00+00:00,0.62162,0.6221,0.61914,0.6212,240,12,0
2023-12-14 12:00:00+00:00,0.62121,0.62177,0.61848,0.62042,240,12,0
2023-12-14 16:00:00+00:00,0.62046,0.62284,0.61993,0.62055,240,12,0
2023-12-14 20:00:00+00:00,0.62055,0.62124,0.61992,0.6212,236,12,0
2023-12-15 00:00:00+00:00,0.62124,0.62214,0.61948,0.62171,240,12,0
2023-12-15 04:00:00+00:00,0.6217,0.62216,0.61924,0.62078,240,12,0
2023-12-15 08:00:00+00:00,0.62078,0.62258,0.62074,0.62196,240,12,0
2023-12-15 12:00:00+00:00,0.62196,0.6224,0.61772,0.62188,240,12,0
2023-12-15 16:00:00+00:00,0.62191,0.62287,0.61994,0.6208,240,12,0
2023-12-15 20:00:00+00:00,0.62078,0.62166,0.6206,0.62082,119,12,0
2023-12-17 20:00:00+00:00,0.6189,0.62102,0.6189,0.62063,115,60,0
2023-12-18 00:00:00+00:00,0.62083,0.62418,0.62073,0.62375,240,12,0
2023-12-18 04:00:00+00:00,0.62375,0.6245,0.6231,0.62403,240,12,0
2023-12-18 08:00:00+00:00,0.62407,0.62505,0.62244,0.62313,240,12,0
2023-12-18 12:00:00+00:00,0.62312,0.62413,0.6202,0.62037,240,12,0
2023-12-18 16:00:00+00:00,0.6204,0.62114,0.62013,0.62092,240,12,0
2023-12-18 20:00:00+00:00,0.62092,0.62143,0.62042,0.62129,236,12,0
2023-12-19 00:00:00+00:00,0.62136,0.62364,0.62134,0.62268,240,12,0
2023-12-19 04:00:00+00:00,0.62266,0.62336,0.62185,0.622,240,12,0
2023-12-19 08:00:00+00:00,0.62205,0.62393,0.622,0.62343,240,12,0
2023-12-19 12:00:00+00:00,0.62343,0.62703,0.62335,0.62673,240,12,0
2023-12-19 16:00:00+00:00,0.62673,0.62718,0.6263,0.6266,240,12,0
2023-12-19 20:00:00+00:00,0.6266,0.62714,0.62598,0.62642,236,12,0
2023-12-20 00:00:00+00:00,0.6265,0.62773,0.62563,0.62763,240,12,0
2023-12-20 04:00:00+00:00,0.62763,0.62861,0.62717,0.6282,240,12,0
2023-12-20 08:00:00+00:00,0.62816,0.6294,0.62788,0.62887,240,12,0
2023-12-20 12:00:00+00:00,0.62888,0.62982,0.62784,0.62893,240,12,0
2023-12-20 16:00:00+00:00,0.62892,0.62913,0.62633,0.62671,240,12,0
2023-12-20 20:00:00+00:00,0.62671,0.62671,0.62407,0.62521,236,12,0
2023-12-21 00:00:00+00:00,0.62526,0.62611,0.62423,0.62509,240,12,0
2023-12-21 04:00:00+00:00,0.62509,0.62521,0.62379,0.62445,240,12,0
2023-12-21 08:00:00+00:00,0.62442,0.62642,0.6243,0.62634,240,12,0
2023-12-21 12:00:00+00:00,0.62634,0.62919,0.62537,0.62818,240,12,0
2023-12-21 16:00:00+00:00,0.62822,0.62948,0.62682,0.62851,240,12,0
2023-12-21 20:00:00+00:00,0.62856,0.62963,0.62806,0.62925,236,12,0
2023-12-22 00:00:00+00:00,0.62929,0.62974,0.62769,0.62801,240,12,0
2023-12-22 04:00:00+00:00,0.62801,0.62859,0.62756,0.62815,240,12,0
2023-12-22 08:00:00+00:00,0.62813,0.63035,0.62749,0.63017,240,12,0
2023-12-22 12:00:00+00:00,0.6302,0.63174,0.62845,0.63066,240,12,0
2023-12-22 16:00:00+00:00,0.63063,0.63081,0.62857,0.62951,240,12,0
2023-12-22 20:00:00+00:00,0.62951,0.62976,0.62906,0.62951,119,12,0
2023-12-25 20:00:00+00:00,0.62661,0.62964,0.62614,0.62952,105,169,0
2023-12-26 00:00:00+00:00,0.6295,0.6319,0.62939,0.63186,240,80,0
2023-12-26 04:00:00+00:00,0.63186,0.63218,0.63054,0.63059,240,80,0
2023-12-26 08:00:00+00:00,0.63061,0.63115,0.62983,0.63082,240,62,0
2023-12-26 12:00:00+00:00,0.63082,0.63231,0.63063,0.63152,240,20,0
2023-12-26 16:00:00+00:00,0.63152,0.63306,0.63139,0.63306,240,20,0
2023-12-26 20:00:00+00:00,0.63306,0.63333,0.6314,0.63282,236,20,0
2023-12-27 00:00:00+00:00,0.63282,0.63336,0.63202,0.63299,240,20,0
2023-12-27 04:00:00+00:00,0.63298,0.63358,0.63254,0.6326,240,20,0
2023-12-27 08:00:00+00:00,0.63258,0.63329,0.63153,0.63303,240,20,0
2023-12-27 12:00:00+00:00,0.63303,0.63403,0.6321,0.63391,240,20,0
2023-12-27 16:00:00+00:00,0.63387,0.63476,0.63314,0.63336,240,20,0
2023-12-27 20:00:00+00:00,0.63335,0.63474,0.63335,0.63464,236,20,0
2023-12-28 00:00:00+00:00,0.63469,0.63684,0.63464,0.63571,240,20,0
2023-12-28 04:00:00+00:00,0.63571,0.63571,0.6339,0.63524,240,20,0
2023-12-28 08:00:00+00:00,0.63527,0.63544,0.63257,0.63389,240,20,0
2023-12-28 12:00:00+00:00,0.6339,0.63627,0.63283,0.63562,240,20,0
2023-12-28 16:00:00+00:00,0.63561,0.63563,0.63234,0.63298,240,20,0
2023-12-28 20:00:00+00:00,0.63298,0.63332,0.63271,0.6333,236,20,0
2023-12-29 00:00:00+00:00,0.63334,0.63489,0.63332,0.63464,240,20,0
2023-12-29 04:00:00+00:00,0.63464,0.63579,0.63415,0.63417,240,20,0
2023-12-29 08:00:00+00:00,0.63417,0.63459,0.63046,0.63187,240,20,0
2023-12-29 12:00:00+00:00,0.63187,0.63459,0.63037,0.63298,240,20,0
2023-12-29 16:00:00+00:00,0.63297,0.63449,0.63123,0.63197,240,20,0
2023-12-29 20:00:00+00:00,0.63198,0.6324,0.63156,0.63172,119,20,0
2024-01-01 20:00:00+00:00,0.62895,0.63126,0.62873,0.63062,114,167,0
2024-01-02 00:00:00+00:00,0.63063,0.63159,0.6286,0.62989,240,52,0
2024-01-02 04:00:00+00:00,0.62988,0.63144,0.62972,0.62999,240,52,0
2024-01-02 08:00:00+00:00,0.63002,0.63147,0.62764,0.62803,240,20,0
2024-01-02 12:00:00+00:00,0.62802,0.62821,0.62524,0.62605,240,20,0
2024-01-02 16:00:00+00:00,0.62605,0.62713,0.62491,0.62502,240,20,0
2024-01-02 20:00:00+00:00,0.62502,0.62534,0.62446,0.62498,236,20,0
2024-01-03 00:00:00+00:00,0.62503,0.62664,0.62442,0.62664,240,20,0
2024-01-03 04:00:00+00:00,0.62663,0.6275,0.62581,0.62602,240,20,0
2024-01-03 08:00:00+00:00,0.62601,0.62654,0.62412,0.62416,240,20,0
2024-01-03 12:00:00+00:00,0.62416,0.62525,0.62181,0.6226,240,12,0
2024-01-03 16:00:00+00:00,0.62261,0.62514,0.62231,0.6242,240,20,0
2024-01-03 20:00:00+00:00,0.6242,0.62505,0.62382,0.62503,236,20,0
2024-01-04 00:00:00+00:00,0.62508,0.62674,0.62338,0.62639,240,20,0
2024-01-04 04:00:00+00:00,0.6264,0.62845,0.62592,0.62691,240,20,0
2024-01-04 08:00:00+00:00,0.62694,0.62766,0.62468,0.62474,240,20,0
2024-01-04 12:00:00+00:00,0.62473,0.62519,0.6221,0.62301,240,20,0
2024-01-04 16:00:00+00:00,0.62301,0.6238,0.62203,0.62276,240,20,0
2024-01-04 20:00:00+00:00,0.62278,0.62349,0.62255,0.62291,236,20,0
2024-01-05 00:00:00+00:00,0.62296,0.62429,0.62247,0.62287,240,20,0
2024-01-05 04:00:00+00:00,0.62287,0.62343,0.62176,0.62238,240,20,0
2024-01-05 08:00:00+00:00,0.62236,0.6231,0.62081,0.62143,240,20,0
2024-01-05 12:00:00+00:00,0.62142,0.62769,0.61804,0.62674,240,20,0
2024-01-05 16:00:00+00:00,0.62675,0.62706,0.62367,0.62448,240,20,0
2024-01-05 20:00:00+00:00,0.62447,0.62467,0.62409,0.62437,119,20,0
2024-01-07 20:00:00+00:00,0.62307,0.62461,0.62296,0.62449,115,60,0
2024-01-08 00:00:00+00:00,0.62469,0.62601,0.62328,0.62342,240,20,0
2024-01-08 04:00:00+00:00,0.62342,0.62475,0.62299,0.62336,240,20,0
2024-01-08 08:00:00+00:00,0.62337,0.62338,0.62147,0.62155,240,20,0
2024-01-08 12:00:00+00:00,0.62154,0.6245,0.62116,0.62404,240,20,0
2024-01-08 16:00:00+00:00,0.62407,0.62523,0.62352,0.62493,240,20,0
2024-01-08 20:00:00+00:00,0.62493,0.62546,0.62414,0.62487,234,20,0
2024-01-09 00:00:00+00:00,0.62493,0.62658,0.62463,0.62585,240,20,0
2024-01-09 04:00:00+00:00,0.62586,0.62586,0.6233,0.62459,240,20,0
2024-01-09 08:00:00+00:00,0.62459,0.62571,0.62339,0.62371,240,20,0
2024-01-09 12:00:00+00:00,0.62372,0.62486,0.62302,0.62333,240,20,0
2024-01-09 16:00:00+00:00,0.62332,0.62401,0.62252,0.62372,240,20,0
2024-01-09 20:00:00+00:00,0.62371,0.62421,0.62302,0.62363,236,20,0
2024-01-10 00:00:00+00:00,0.62367,0.62477,0.62319,0.62402,240,20,0
2024-01-10 04:00:00+00:00,0.624,0.62453,0.6229,0.62375,240,20,0
2024-01-10 08:00:00+00:00,0.62375,0.62533,0.62342,0.62374,240,20,0
2024-01-10 12:00:00+00:00,0.62374,0.6242,0.62195,0.62276,240,20,0
2024-01-10 16:00:00+00:00,0.62276,0.62295,0.62168,0.62263,240,20,0
2024-01-10 20:00:00+00:00,0.62264,0.62286,0.62149,0.6227,236,20,0
2024-01-11 00:00:00+00:00,0.62275,0.62493,0.62266,0.62483,240,20,0
2024-01-11 04:00:00+00:00,0.62483,0.62565,0.62458,0.62485,240,20,0
2024-01-11 08:00:00+00:00,0.62484,0.62575,0.62395,0.62517,240,20,0
2024-01-11 12:00:00+00:00,0.62517,0.62603,0.61949,0.62121,240,20,0
2024-01-11 16:00:00+00:00,0.62121,0.62356,0.61991,0.62329,240,20,0
2024-01-11 20:00:00+00:00,0.62332,0.62412,0.62236,0.62407,236,20,0
2024-01-12 00:00:00+00:00,0.62416,0.62576,0.62349,0.62492,240,20,0
2024-01-12 04:00:00+00:00,0.62493,0.62494,0.6233,0.62404,240,20,0
2024-01-12 08:00:00+00:00,0.62403,0.62516,0.62293,0.62369,240,20,0
2024-01-12 12:00:00+00:00,0.62369,0.62771,0.62305,0.62532,240,20,0
2024-01-12 16:00:00+00:00,0.62532,0.62597,0.62392,0.62452,240,20,0
2024-01-12 20:00:00+00:00,0.62451,0.62467,0.6239,0.62399,119,20,0
2024-01-14 20:00:00+00:00,0.62366,0.62382,0.62237,0.62285,115,60,0
2024-01-15 00:00:00+00:00,0.62306,0.62411,0.62228,0.62345,240,20,0
2024-01-15 04:00:00+00:00,0.62345,0.62345,0.62062,0.62073,240,20,0
2024-01-15 08:00:00+00:00,0.62074,0.62104,0.61823,0.61946,240,20,0
2024-01-15 12:00:00+00:00,0.61944,0.61981,0.61864,0.61968,240,20,0
2024-01-15 16:00:00+00:00,0.61966,0.62026,0.61929,0.61938,240,20,0
2024-01-15 20:00:00+00:00,0.61939,0.62003,0.61857,0.61885,236,20,0
2024-01-16 00:00:00+00:00,0.6189,0.61894,0.61592,0.61643,240,20,0
2024-01-16 04:00:00+00:00,0.61642,0.61725,0.61593,0.61652,240,20,0
2024-01-16 08:00:00+00:00,0.61651,0.61786,0.6148,0.61545,240,20,0
2024-01-16 12:00:00+00:00,0.61545,0.6169,0.61459,0.61532,240,20,0
2024-01-16 16:00:00+00:00,0.61533,0.61573,0.61259,0.61361,240,20,0
2024-01-16 20:00:00+00:00,0.61361,0.61397,0.61323,0.61391,235,20,0
2024-01-17 00:00:00+00:00,0.61396,0.6151,0.61288,0.61301,240,20,0
2024-01-17 04:00:00+00:00,0.61301,0.61329,0.61128,0.61187,240,20,0
2024-01-17 08:00:00+00:00,0.61185,0.61254,0.61061,0.61194,240,20,0
2024-01-17 12:00:00+00:00,0.61195,0.61257,0.60876,0.60934,240,20,0
2024-01-17 16:00:00+00:00,0.60934,0.6108,0.6093,0.61021,240,20,0
2024-01-17 20:00:00+00:00,0.61024,0.61156,0.61012,0.61122,236,20,0
2024-01-18 00:00:00+00:00,0.61123,0.61349,0.6104,0.61214,240,20,0
2024-01-18 04:00:00+00:00,0.61214,0.61252,0.61122,0.61156,240,20,0
2024-01-18 08:00:00+00:00,0.61157,0.61262,0.61064,0.6121,240,20,0
2024-01-18 12:00:00+00:00,0.61211,0.61267,0.60938,0.61016,240,20,0
2024-01-18 16:00:00+00:00,0.61017,0.61106,0.60929,0.61004,240,20,0
2024-01-18 20:00:00+00:00,0.61003,0.61194,0.61003,0.61183,236,20,0
2024-01-19 00:00:00+00:00,0.61188,0.61254,0.61032,0.61038,240,20,0
2024-01-19 04:00:00+00:00,0.61038,0.61065,0.60888,0.61027,240,20,0
2024-01-19 08:00:00+00:00,0.61029,0.6123,0.60985,0.61189,240,20,0
2024-01-19 12:00:00+00:00,0.61189,0.61199,0.60897,0.60992,240,20,0
2024-01-19 16:00:00+00:00,0.60992,0.61119,0.60952,0.61116,240,20,0
2024-01-19 20:00:00+00:00,0.61115,0.61168,0.61093,0.61139,119,20,0
2024-01-21 20:00:00+00:00,0.61106,0.6117,0.61051,0.61147,115,60,0
2024-01-22 00:00:00+00:00,0.61167,0.61379,0.61124,0.61228,240,20,0
2024-01-22 04:00:00+00:00,0.61227,0.61232,0.61006,0.61071,240,20,0
2024-01-22 08:00:00+00:00,0.61069,0.61191,0.60988,0.6115,240,20,0
2024-01-22 12:00:00+00:00,0.61149,0.61231,0.61032,0.61035,240,20,0
2024-01-22 16:00:00+00:00,0.61038,0.61038,0.60791,0.60811,240,20,0
2024-01-22 20:00:00+00:00,0.60812,0.60819,0.60637,0.60718,235,20,0
2024-01-23 00:00:00+00:00,0.60724,0.60976,0.60719,0.60938,240,20,0
2024-01-23 04:00:00+00:00,0.60938,0.6116,0.60916,0.61008,240,20,0
2024-01-23 08:00:00+00:00,0.61008,0.61016,0.60766,0.60789,240,20,0
2024-01-23 12:00:00+00:00,0.60789,0.60995,0.60693,0.6072,240,20,0
2024-01-23 16:00:00+00:00,0.60721,0.60846,0.60611,0.60813,240,20,0
2024-01-23 20:00:00+00:00,0.60814,0.61071,0.60773,0.61013,235,20,0
2024-01-24 00:00:00+00:00,0.61013,0.61059,0.6088,0.60949,240,20,0
2024-01-24 04:00:00+00:00,0.60949,0.61164,0.60936,0.6111,240,20,0
2024-01-24 08:00:00+00:00,0.61109,0.6141,0.61109,0.61287,240,20,0
2024-01-24 12:00:00+00:00,0.61286,0.61478,0.61214,0.61276,240,20,0
2024-01-24 16:00:00+00:00,0.61276,0.61316,0.61071,0.61116,240,20,0
2024-01-24 20:00:00+00:00,0.61116,0.61172,0.61043,0.61064,235,20,0
2024-01-25 00:00:00+00:00,0.61065,0.61137,0.60992,0.61104,240,20,0
2024-01-25 04:00:00+00:00,0.61101,0.61166,0.61027,0.61142,240,20,0
2024-01-25 08:00:00+00:00,0.61141,0.61289,0.6108,0.61237,240,20,0
2024-01-25 12:00:00+00:00,0.61238,0.61314,0.61054,0.61141,240,20,0
2024-01-25 16:00:00+00:00,0.6114,0.61216,0.61008,0.61104,240,20,0
2024-01-25 20:00:00+00:00,0.61105,0.61131,0.61054,0.61069,239,20,0
2024-01-26 00:00:00+00:00,0.6107,0.61125,0.60997,0.61064,240,20,0
2024-01-26 04:00:00+00:00,0.61064,0.61097,0.60933,0.60954,240,20,0
2024-01-26 08:00:00+00:00,0.60953,0.61141,0.60913,0.61101,240,20,0
2024-01-26 12:00:00+00:00,0.61101,0.61197,0.60971,0.61043,240,20,0
2024-01-26 16:00:00+00:00,0.61041,0.61045,0.60905,0.60943,240,20,0
2024-01-26 20:00:00+00:00,0.60942,0.60953,0.60897,0.6091,118,20,0
2024-01-28 20:00:00+00:00,0.60864,0.60916,0.60821,0.60878,114,60,0
2024-01-29 00:00:00+00:00,0.60897,0.61068,0.60868,0.60958,240,20,0
2024-01-29 04:00:00+00:00,0.60958,0.61159,0.60923,0.61106,240,20,0
2024-01-29 08:00:00+00:00,0.61107,0.6121,0.61071,0.6112,240,20,0
2024-01-29 12:00:00+00:00,0.6112,0.61201,0.60994,0.61087,240,20,0
2024-01-29 16:00:00+00:00,0.61087,0.61151,0.61002,0.61142,240,20,0
2024-01-29 20:00:00+00:00,0.61145,0.61429,0.61145,0.61318,239,20,0
2024-01-30 00:00:00+00:00,0.61323,0.61435,0.61306,0.61374,240,20,0
2024-01-30 04:00:00+00:00,0.61374,0.61484,0.61345,0.61455,240,20,0
2024-01-30 08:00:00+00:00,0.61457,0.61463,0.61237,0.61248,240,20,0
2024-01-30 12:00:00+00:00,0.61248,0.61365,0.61047,0.61137,240,20,0
2024-01-30 16:00:00+00:00,0.61137,0.6134,0.61108,0.61331,240,20,0
2024-01-30 20:00:00+00:00,0.61329,0.61361,0.61288,0.61303,240,20,0
2024-01-31 00:00:00+00:00,0.61303,0.61346,0.61112,0.61133,240,20,0
2024-01-31 04:00:00+00:00,0.61132,0.61228,0.61073,0.61222,240,20,0
2024-01-31 08:00:00+00:00,0.61222,0.61349,0.61161,0.61173,240,20,0
2024-01-31 12:00:00+00:00,0.61173,0.61727,0.61173,0.61549,240,20,0
2024-01-31 16:00:00+00:00,0.61548,0.61639,0.61231,0.61466,240,20,0
2024-01-31 20:00:00+00:00,0.6147,0.61472,0.61007,0.61113,240,20,0
2024-02-01 00:00:00+00:00,0.61117,0.61401,0.61095,0.6131,240,20,0
2024-02-01 04:00:00+00:00,0.61311,0.6134,0.60944,0.61012,240,20,0
2024-02-01 08:00:00+00:00,0.61008,0.61015,0.6079,0.60883,240,20,0
2024-02-01 12:00:00+00:00,0.60882,0.61178,0.60833,0.61158,240,20,0
2024-02-01 16:00:00+00:00,0.61159,0.61406,0.61159,0.61347,240,20,0
2024-02-01 20:00:00+00:00,0.61349,0.61451,0.61345,0.61434,240,20,0
2024-02-02 00:00:00+00:00,0.61438,0.61567,0.61433,0.61514,240,20,0
2024-02-02 04:00:00+00:00,0.61513,0.6153,0.6145,0.61453,240,20,0
2024-02-02 08:00:00+00:00,0.61454,0.61592,0.61438,0.61572,240,20,0
2024-02-02 12:00:00+00:00,0.61573,0.61598,0.60615,0.60728,240,20,0
2024-02-02 16:00:00+00:00,0.60732,0.60737,0.60579,0.60704,240,20,0
2024-02-02 20:00:00+00:00,0.60705,0.60749,0.60631,0.60634,119,20,0
2024-02-04 20:00:00+00:00,0.60634,0.60647,0.60471,0.60602,114,60,0
2024-02-05 00:00:00+00:00,0.60617,0.60714,0.60471,0.60701,240,20,0
2024-02-05 04:00:00+00:00,0.60699,0.6081,0.60661,0.60756,240,20,0
2024-02-05 08:00:00+00:00,0.60756,0.6078,0.60565,0.60631,240,20,0
2024-02-05 12:00:00+00:00,0.60631,0.60632,0.60374,0.60439,240,20,0
2024-02-05 16:00:00+00:00,0.60441,0.60602,0.60412,0.60506,240,20,0
2024-02-05 20:00:00+00:00,0.60508,0.60546,0.60473,0.6051,238,20,0
2024-02-06 00:00:00+00:00,0.60519,0.6068,0.6051,0.60615,240,20,0
2024-02-06 04:00:00+00:00,0.60616,0.60762,0.60603,0.60693,240,20,0
2024-02-06 08:00:00+00:00,0.60692,0.60697,0.60457,0.6051,240,20,0
2024-02-06 12:00:00+00:00,0.60514,0.60704,0.60472,0.60645,240,20,0
2024-02-06 16:00:00+00:00,0.60643,0.60806,0.60613,0.60746,240,20,0
2024-02-06 20:00:00+00:00,0.60747,0.6105,0.60747,0.60976,239,20,0
2024-02-07 00:00:00+00:00,0.6098,0.61105,0.60914,0.61051,240,20,0
2024-02-07 04:00:00+00:00,0.61051,0.61133,0.6098,0.61043,240,20,0
2024-02-07 08:00:00+00:00,0.61043,0.61165,0.60977,0.611,240,20,0
2024-02-07 12:00:00+00:00,0.611,0.61239,0.61018,0.61102,240,20,0
2024-02-07 16:00:00+00:00,0.61103,0.61119,0.61014,0.61075,240,20,0
2024-02-07 20:00:00+00:00,0.61075,0.61139,0.6105,0.6108,239,20,0
2024-02-08 00:00:00+00:00,0.6108,0.61228,0.61079,0.61145,240,20,0
2024-02-08 04:00:00+00:00,0.61145,0.61165,0.6106,0.61094,240,20,0
2024-02-08 08:00:00+00:00,0.61094,0.61108,0.60877,0.6091,240,20,0
2024-02-08 12:00:00+00:00,0.60911,0.60927,0.6078,0.60869,240,20,0
2024-02-08 16:00:00+00:00,0.6087,0.61004,0.60827,0.60906,240,20,0
2024-02-08 20:00:00+00:00,0.60907,0.61088,0.60903,0.61083,239,20,0
2024-02-09 00:00:00+00:00,0.61123,0.61281,0.6106,0.61239,240,20,0
2024-02-09 04:00:00+00:00,0.61242,0.61336,0.61144,0.61284,240,20,0
2024-02-09 08:00:00+00:00,0.61284,0.61494,0.6128,0.61382,240,20,0
2024-02-09 12:00:00+00:00,0.61382,0.61575,0.61311,0.61428,240,20,0
2024-02-09 16:00:00+00:00,0.61428,0.61505,0.61368,0.61476,240,20,0
2024-02-09 20:00:00+00:00,0.61476,0.61533,0.61452,0.61484,118,20,0
2024-02-11 20:00:00+00:00,0.61445,0.61474,0.61323,0.61437,114,60,0
2024-02-12 00:00:00+00:00,0.61467,0.61508,0.61235,0.6127,240,20,0
2024-02-12 04:00:00+00:00,0.6127,0.61418,0.61261,0.61383,240,20,0
2024-02-12 08:00:00+00:00,0.6138,0.6138,0.61194,0.61243,240,20,0
2024-02-12 12:00:00+00:00,0.61244,0.61324,0.61213,0.61291,240,20,0
2024-02-12 16:00:00+00:00,0.61291,0.61386,0.61262,0.61273,240,20,0
2024-02-12 20:00:00+00:00,0.61273,0.61314,0.61233,0.61238,239,20,0
2024-02-13 00:00:00+00:00,0.61262,0.61283,0.60954,0.60967,240,20,0
2024-02-13 04:00:00+00:00,0.60966,0.61106,0.6095,0.61066,240,20,0
2024-02-13 08:00:00+00:00,0.6107,0.61135,0.60965,0.61116,240,20,0
2024-02-13 12:00:00+00:00,0.61117,0.61255,0.60533,0.60604,240,20,0
2024-02-13 16:00:00+00:00,0.60604,0.60649,0.60489,0.60492,240,20,0
2024-02-13 20:00:00+00:00,0.60491,0.60618,0.60491,0.60531,239,20,0
2024-02-14 00:00:00+00:00,0.60562,0.60722,0.60505,0.60698,240,20,0
2024-02-14 04:00:00+00:00,0.60695,0.60866,0.60693,0.60821,240,20,0
2024-02-14 08:00:00+00:00,0.60821,0.60824,0.60692,0.60775,240,20,0
2024-02-14 12:00:00+00:00,0.60776,0.60861,0.60719,0.60818,240,20,0
2024-02-14 16:00:00+00:00,0.60818,0.60911,0.60807,0.60831,240,20,0
2024-02-14 20:00:00+00:00,0.60831,0.60874,0.60777,0.60861,239,20,0
2024-02-15 00:00:00+00:00,0.60886,0.60934,0.60792,0.6082,240,20,0
2024-02-15 04:00:00+00:00,0.60821,0.60917,0.60799,0.6086,240,20,0
2024-02-15 08:00:00+00:00,0.6086,0.60976,0.6081,0.6094,240,20,0
2024-02-15 12:00:00+00:00,0.6094,0.61264,0.60918,0.61125,240,20,0
2024-02-15 16:00:00+00:00,0.61121,0.61162,0.60996,0.61118,240,20,0
2024-02-15 20:00:00+00:00,0.61118,0.61118,0.6099,0.6107,239,20,0
2024-02-16 00:00:00+00:00,0.61096,0.61108,0.60881,0.60942,240,20,0
2024-02-16 04:00:00+00:00,0.60942,0.61022,0.60919,0.61013,240,20,0
2024-02-16 08:00:00+00:00,0.61012,0.61137,0.60934,0.61075,240,20,0
2024-02-16 12:00:00+00:00,0.61075,0.61164,0.60853,0.61137,240,20,0
2024-02-16 16:00:00+00:00,0.61141,0.61348,0.61109,0.61276,240,20,0
2024-02-16 20:00:00+00:00,0.61276,0.61276,0.61225,0.61231,118,20,0
2024-02-18 20:00:00+00:00,0.61175,0.61331,0.61175,0.61319,114,60,0
2024-02-19 00:00:00+00:00,0.61336,0.61438,0.61314,0.61368,240,20,0
2024-02-19 04:00:00+00:00,0.61367,0.61511,0.61366,0.61482,240,20,0
2024-02-19 08:00:00+00:00,0.61482,0.61513,0.61365,0.61368,240,20,0
2024-02-19 12:00:00+00:00,0.61368,0.61476,0.6136,0.61414,240,20,0
2024-02-19 16:00:00+00:00,0.61414,0.61482,0.61399,0.61471,240,20,0
2024-02-19 20:00:00+00:00,0.6147,0.61505,0.61373,0.61393,239,20,0
2024-02-20 00:00:00+00:00,0.61414,0.61438,0.61282,0.61369,240,20,0
2024-02-20 04:00:00+00:00,0.61367,0.61425,0.61345,0.61383,240,20,0
2024-02-20 08:00:00+00:00,0.61382,0.61705,0.61378,0.61672,240,20,0
2024-02-20 12:00:00+00:00,0.61672,0.61899,0.61667,0.61809,240,20,0
2024-02-20 16:00:00+00:00,0.61809,0.6181,0.61643,0.61669,240,20,0
2024-02-20 20:00:00+00:00,0.6167,0.61694,0.61566,0.61639,237,20,0
2024-02-21 00:00:00+00:00,0.61663,0.61896,0.61642,0.61886,240,20,0
2024-02-21 04:00:00+00:00,0.61886,0.61968,0.61822,0.61889,240,20,0
2024-02-21 08:00:00+00:00,0.61888,0.61933,0.61787,0.61819,240,20,0
2024-02-21 12:00:00+00:00,0.6182,0.61851,0.61682,0.61686,240,20,0
2024-02-21 16:00:00+00:00,0.61687,0.61792,0.61613,0.61759,240,20,0
2024-02-21 20:00:00+00:00,0.61758,0.61809,0.61698,0.6177,239,20,0
2024-02-22 00:00:00+00:00,0.61802,0.61972,0.6176,0.6186,240,20,0
2024-02-22 04:00:00+00:00,0.6186,0.62153,0.61838,0.62134,240,20,0
2024-02-22 08:00:00+00:00,0.62138,0.6217,0.62009,0.6204,240,20,0
2024-02-22 12:00:00+00:00,0.6204,0.62073,0.61775,0.61845,240,20,0
2024-02-22 16:00:00+00:00,0.61845,0.61996,0.61818,0.61983,240,20,0
2024-02-22 20:00:00+00:00,0.61984,0.62024,0.61858,0.61904,239,20,0
2024-02-23 00:00:00+00:00,0.61932,0.62031,0.61867,0.62022,240,20,0
2024-02-23 04:00:00+00:00,0.62022,0.62046,0.61958,0.62004,240,20,0
2024-02-23 08:00:00+00:00,0.62005,0.62045,0.61797,0.61932,240,20,0
2024-02-23 12:00:00+00:00,0.61933,0.62103,0.6186,0.61904,240,20,0
2024-02-23 16:00:00+00:00,0.61904,0.61984,0.6185,0.61945,240,20,0
2024-02-23 20:00:00+00:00,0.61944,0.6198,0.61893,0.61962,118,20,0
2024-02-25 20:00:00+00:00,0.6188,0.61926,0.61817,0.61829,113,60,0
2024-02-26 00:00:00+00:00,0.61839,0.6187,0.61621,0.6167,240,20,0
2024-02-26 04:00:00+00:00,0.61669,0.61723,0.61638,0.6167,240,20,0
2024-02-26 08:00:00+00:00,0.6167,0.6181,0.61616,0.61765,240,20,0
2024-02-26 12:00:00+00:00,0.61765,0.61842,0.6164,0.61718,240,20,0
2024-02-26 16:00:00+00:00,0.61718,0.61737,0.61673,0.61705,240,20,0
2024-02-26 20:00:00+00:00,0.61705,0.61768,0.61602,0.61628,239,20,0
2024-02-27 00:00:00+00:00,0.61656,0.61657,0.61505,0.61595,240,20,0
2024-02-27 04:00:00+00:00,0.61596,0.61731,0.61583,0.61705,240,20,0
2024-02-27 08:00:00+00:00,0.61706,0.61744,0.61588,0.61642,240,20,0
2024-02-27 12:00:00+00:00,0.61642,0.61745,0.61563,0.61698,240,20,0
2024-02-27 16:00:00+00:00,0.61697,0.6177,0.61643,0.61698,240,20,0
2024-02-27 20:00:00+00:00,0.61699,0.61707,0.61635,0.61658,239,20,0
2024-02-28 00:00:00+00:00,0.61683,0.61768,0.61021,0.61067,240,20,0
2024-02-28 04:00:00+00:00,0.61067,0.61143,0.60997,0.61079,240,20,0
2024-02-28 08:00:00+00:00,0.6108,0.61088,0.60921,0.60989,240,20,0
2024-02-28 12:00:00+00:00,0.60986,0.61021,0.60863,0.60875,240,20,0
2024-02-28 16:00:00+00:00,0.60875,0.60965,0.6081,0.6091,240,20,0
2024-02-28 20:00:00+00:00,0.60912,0.60988,0.60901,0.6092,239,20,0
2024-02-29 00:00:00+00:00,0.60957,0.61071,0.60887,0.61047,240,20,0
2024-02-29 04:00:00+00:00,0.61047,0.61089,0.60937,0.6096,240,20,0
2024-02-29 08:00:00+00:00,0.60959,0.60976,0.60791,0.60811,240,20,0
2024-02-29 12:00:00+00:00,0.60811,0.61109,0.60762,0.60904,240,20,0
2024-02-29 16:00:00+00:00,0.60904,0.60931,0.60771,0.60811,240,20,0
2024-02-29 20:00:00+00:00,0.60811,0.60888,0.60764,0.6082,239,20,0
2024-03-01 00:00:00+00:00,0.60863,0.60963,0.60822,0.60952,240,20,0
2024-03-01 04:00:00+00:00,0.60952,0.60958,0.6085,0.60856,240,20,0
2024-03-01 08:00:00+00:00,0.60857,0.60985,0.60807,0.60951,240,20,0
2024-03-01 12:00:00+00:00,0.60952,0.61111,0.60779,0.61077,240,20,0
2024-03-01 16:00:00+00:00,0.61077,0.61092,0.60978,0.61048,240,20,0
2024-03-01 20:00:00+00:00,0.61048,0.61075,0.61026,0.61058,118,20,0
2024-03-03 20:00:00+00:00,0.61026,0.61063,0.60992,0.60998,114,60,0
2024-03-04 00:00:00+00:00,0.6102,0.61105,0.60929,0.60984,240,20,0
2024-03-04 04:00:00+00:00,0.60984,0.61031,0.60944,0.61028,240,20,0
2024-03-04 08:00:00+00:00,0.6103,0.61071,0.60897,0.61002,240,20,0
2024-03-04 12:00:00+00:00,0.61002,0.61047,0.60873,0.60969,240,20,0
2024-03-04 16:00:00+00:00,0.60969,0.61023,0.60907,0.60933,240,20,0
2024-03-04 20:00:00+00:00,0.60933,0.60966,0.60864,0.60921,239,20,0
2024-03-05 00:00:00+00:00,0.60913,0.6096,0.60824,0.60902,240,20,0
2024-03-05 04:00:00+00:00,0.60902,0.60909,0.60723,0.60753,240,20,0
2024-03-05 08:00:00+00:00,0.60756,0.60838,0.60701,0.60802,240,20,0
2024-03-05 12:00:00+00:00,0.60802,0.61091,0.60749,0.61012,240,20,0
2024-03-05 16:00:00+00:00,0.61012,0.61016,0.60813,0.60839,240,20,0
2024-03-05 20:00:00+00:00,0.60839,0.60874,0.60789,0.6084,239,20,0
2024-03-06 00:00:00+00:00,0.60862,0.60897,0.6068,0.60875,240,20,0
2024-03-06 04:00:00+00:00,0.60875,0.60992,0.60864,0.60938,240,20,0
2024-03-06 08:00:00+00:00,0.60939,0.61033,0.60923,0.61024,240,20,0
2024-03-06 12:00:00+00:00,0.61024,0.61286,0.6099,0.61261,240,20,0
2024-03-06 16:00:00+00:00,0.6126,0.61431,0.61229,0.61281,240,20,0
2024-03-06 20:00:00+00:00,0.6128,0.61291,0.6122,0.61245,239,20,0
2024-03-07 00:00:00+00:00,0.61275,0.61431,0.61261,0.61409,240,20,0
2024-03-07 04:00:00+00:00,0.61408,0.61504,0.61387,0.61489,240,20,0
2024-03-07 08:00:00+00:00,0.61493,0.6162,0.61427,0.61577,240,20,0
2024-03-07 12:00:00+00:00,0.61576,0.61722,0.61555,0.61659,240,20,0
2024-03-07 16:00:00+00:00,0.61659,0.6175,0.61651,0.61738,240,20,0
2024-03-07 20:00:00+00:00,0.61737,0.61748,0.61669,0.61748,239,20,0
2024-03-08 00:00:00+00:00,0.61775,0.6183,0.61606,0.61711,240,20,0
2024-03-08 04:00:00+00:00,0.61711,0.61808,0.61701,0.61792,240,20,0
2024-03-08 08:00:00+00:00,0.61792,0.61877,0.61736,0.6184,240,20,0
2024-03-08 12:00:00+00:00,0.61839,0.62158,0.61722,0.61911,240,20,0
2024-03-08 16:00:00+00:00,0.61913,0.61919,0.61682,0.61767,240,20,0
2024-03-08 20:00:00+00:00,0.61767,0.61778,0.61709,0.61754,118,20,0
2024-03-10 20:00:00+00:00,0.61579,0.61792,0.61574,0.61785,175,20,0
2024-03-11 00:00:00+00:00,0.61786,0.61816,0.6167,0.61714,240,20,0
2024-03-11 04:00:00+00:00,0.61714,0.61782,0.61661,0.61755,240,20,0
2024-03-11 08:00:00+00:00,0.61754,0.61804,0.61657,0.61775,240,20,0
2024-03-11 12:00:00+00:00,0.61774,0.61792,0.61593,0.61665,240,20,0
2024-03-11 16:00:00+00:00,0.61665,0.61719,0.61609,0.61662,240,20,0
2024-03-11 20:00:00+00:00,0.61662,0.61698,0.61624,0.61693,239,20,0
2024-03-12 00:00:00+00:00,0.61689,0.61749,0.61635,0.61733,240,20,0
2024-03-12 04:00:00+00:00,0.61732,0.6174,0.61651,0.61694,240,20,0
2024-03-12 08:00:00+00:00,0.61692,0.61695,0.61587,0.61626,240,20,0
2024-03-12 12:00:00+00:00,0.61626,0.61834,0.61347,0.61474,240,20,0
2024-03-12 16:00:00+00:00,0.61475,0.61519,0.61394,0.61505,240,20,0
2024-03-12 20:00:00+00:00,0.61505,0.61516,0.61434,0.61481,239,20,0
2024-03-13 00:00:00+00:00,0.6148,0.61638,0.61443,0.61611,240,20,0
2024-03-13 04:00:00+00:00,0.61611,0.6169,0.61561,0.61644,240,20,0
2024-03-13 08:00:00+00:00,0.61644,0.61678,0.6148,0.61555,240,20,0
2024-03-13 12:00:00+00:00,0.61554,0.6163,0.61486,0.61554,240,20,0
2024-03-13 16:00:00+00:00,0.61554,0.61671,0.61534,0.61538,240,20,0
2024-03-13 20:00:00+00:00,0.61538,0.61637,0.61499,0.61634,239,20,0
2024-03-14 00:00:00+00:00,0.61634,0.61741,0.61556,0.61564,240,20,0
2024-03-14 04:00:00+00:00,0.61564,0.61622,0.6153,0.61611,240,20,0
2024-03-14 08:00:00+00:00,0.61611,0.61722,0.6157,0.61696,240,20,0
2024-03-14 12:00:00+00:00,0.61697,0.61724,0.61218,0.61302,240,20,0
2024-03-14 16:00:00+00:00,0.61301,0.61379,0.61208,0.61303,240,20,0
2024-03-14 20:00:00+00:00,0.61306,0.61325,0.61194,0.61227,240,20,0
2024-03-15 00:00:00+00:00,0.61228,0.61235,0.60946,0.61003,240,20,0
2024-03-15 04:00:00+00:00,0.61004,0.61058,0.60954,0.60963,240,20,0
2024-03-15 08:00:00+00:00,0.60963,0.61015,0.60893,0.60984,240,20,0
2024-03-15 12:00:00+00:00,0.60984,0.61029,0.60837,0.60879,240,20,0
2024-03-15 16:00:00+00:00,0.60879,0.60899,0.60799,0.60837,240,20,0
2024-03-15 20:00:00+00:00,0.60837,0.60854,0.60834,0.60835,58,20,0
2024-03-17 20:00:00+00:00,0.60819,0.60864,0.60764,0.6086,173,20,0
2024-03-18 00:00:00+00:00,0.60861,0.6098,0.60794,0.60927,240,20,0
2024-03-18 04:00:00+00:00,0.60927,0.60952,0.60858,0.60945,240,20,0
2024-03-18 08:00:00+00:00,0.60944,0.60992,0.60888,0.60932,240,20,0
2024-03-18 12:00:00+00:00,0.60932,0.60951,0.6082,0.60836,240,20,0
2024-03-18 16:00:00+00:00,0.60836,0.60836,0.60763,0.60802,240,20,0
2024-03-18 20:00:00+00:00,0.60803,0.60847,0.60777,0.60809,239,20,0
2024-03-19 00:00:00+00:00,0.60811,0.60819,0.60627,0.60691,240,20,0
2024-03-19 04:00:00+00:00,0.60691,0.60729,0.60446,0.60522,240,20,0
2024-03-19 08:00:00+00:00,0.60526,0.60527,0.60335,0.60512,240,20,0
2024-03-19 12:00:00+00:00,0.60512,0.60557,0.60426,0.60471,240,20,0
2024-03-19 16:00:00+00:00,0.60471,0.6056,0.60448,0.60533,240,20,0
2024-03-19 20:00:00+00:00,0.60529,0.60532,0.6044,0.60472,239,20,0
2024-03-20 00:00:00+00:00,0.60463,0.60548,0.60364,0.60505,240,20,0
2024-03-20 04:00:00+00:00,0.60505,0.60505,0.60387,0.60433,240,20,0
2024-03-20 08:00:00+00:00,0.60431,0.60431,0.60237,0.60303,240,20,0
2024-03-20 12:00:00+00:00,0.60302,0.6038,0.6026,0.60327,240,20,0
2024-03-20 16:00:00+00:00,0.60327,0.60842,0.60327,0.60825,240,20,0
2024-03-20 20:00:00+00:00,0.60824,0.60917,0.60543,0.60895,239,20,0
2024-03-21 00:00:00+00:00,0.60889,0.61001,0.608,0.60947,240,20,0
2024-03-21 04:00:00+00:00,0.60947,0.61058,0.60909,0.60953,240,20,0
2024-03-21 08:00:00+00:00,0.60952,0.60952,0.60749,0.60759,240,20,0
2024-03-21 12:00:00+00:00,0.60761,0.60809,0.6043,0.60432,240,20,0
2024-03-21 16:00:00+00:00,0.60432,0.6049,0.60366,0.60408,240,20,0
2024-03-21 20:00:00+00:00,0.60409,0.60458,0.60366,0.60448,239,20,0
2024-03-22 00:00:00+00:00,0.6045,0.60508,0.60125,0.60134,240,20,0
2024-03-22 04:00:00+00:00,0.60133,0.60172,0.60046,0.6007,240,20,0
2024-03-22 08:00:00+00:00,0.60069,0.60115,0.59979,0.60008,240,20,0
2024-03-22 12:00:00+00:00,0.60009,0.60155,0.59915,0.59952,240,20,0
2024-03-22 16:00:00+00:00,0.59952,0.59985,0.59885,0.59911,240,20,0
2024-03-22 20:00:00+00:00,0.59911,0.59934,0.59901,0.59921,58,20,0
2024-03-24 20:00:00+00:00,0.59861,0.59941,0.59818,0.59886,175,20,0
2024-03-25 00:00:00+00:00,0.59887,0.60119,0.59855,0.59958,240,20,0
2024-03-25 04:00:00+00:00,0.59959,0.59996,0.5988,0.59947,240,20,0
2024-03-25 08:00:00+00:00,0.59946,0.60079,0.59932,0.60049,240,20,0
2024-03-25 12:00:00+00:00,0.60049,0.6011,0.60001,0.60007,240,20,0
2024-03-25 16:00:00+00:00,0.60007,0.60037,0.59991,0.60008,240,20,0
2024-03-25 20:00:00+00:00,0.60008,0.60037,0.59952,0.59995,240,20,0
2024-03-26 00:00:00+00:00,0.59995,0.6013,0.59954,0.60029,240,20,0
2024-03-26 04:00:00+00:00,0.6003,0.60168,0.60022,0.60127,240,20,0
2024-03-26 08:00:00+00:00,0.60126,0.60301,0.60095,0.60222,240,20,0
2024-03-26 12:00:00+00:00,0.60222,0.60231,0.60057,0.60086,240,20,0
2024-03-26 16:00:00+00:00,0.60086,0.60112,0.59993,0.59994,240,20,0
2024-03-26 20:00:00+00:00,0.59994,0.60068,0.59973,0.60061,248,20,0
2024-03-27 00:00:00+00:00,0.60061,0.60066,0.59872,0.59919,240,20,0
2024-03-27 04:00:00+00:00,0.59919,0.60059,0.59919,0.60036,240,20,0
2024-03-27 08:00:00+00:00,0.60035,0.60096,0.59954,0.59995,240,20,0
2024-03-27 12:00:00+00:00,0.59995,0.60076,0.59927,0.59987,240,20,0
2024-03-27 16:00:00+00:00,0.59986,0.60015,0.59936,0.60005,240,20,0
2024-03-27 20:00:00+00:00,0.60006,0.60037,0.59859,0.59915,247,20,0
2024-03-28 00:00:00+00:00,0.59915,0.60033,0.59795,0.59889,240,20,0
2024-03-28 04:00:00+00:00,0.59889,0.59962,0.59747,0.5975,240,20,0
2024-03-28 08:00:00+00:00,0.5975,0.5976,0.59556,0.59605,240,20,0
2024-03-28 12:00:00+00:00,0.59606,0.59838,0.59591,0.59805,240,20,0
2024-03-28 16:00:00+00:00,0.59804,0.59866,0.59721,0.5973,240,20,0
2024-03-28 20:00:00+00:00,0.59731,0.59743,0.59664,0.59723,239,20,0
2024-03-29 00:00:00+00:00,0.59723,0.59778,0.59691,0.5973,240,20,0
2024-03-29 04:00:00+00:00,0.5973,0.59744,0.59667,0.59685,240,20,0
2024-03-29 08:00:00+00:00,0.59685,0.59769,0.59683,0.59742,240,20,0
2024-03-29 12:00:00+00:00,0.59742,0.59856,0.59692,0.59775,240,60,0
2024-03-29 16:00:00+00:00,0.59775,0.59792,0.59657,0.59746,240,120,0
2024-03-29 20:00:00+00:00,0.59746,0.59783,0.59674,0.5972,58,120,0
2024-03-31 20:00:00+00:00,0.59736,0.59873,0.59733,0.59843,174,20,0
2024-04-01 00:00:00+00:00,0.5985,0.59917,0.59765,0.59824,240,20,0
2024-04-01 04:00:00+00:00,0.59824,0.59841,0.59728,0.59816,240,20,0
2024-04-01 08:00:00+00:00,0.59816,0.59831,0.5974,0.59742,240,20,0
2024-04-01 12:00:00+00:00,0.59742,0.59747,0.5939,0.59406,240,20,0
2024-04-01 16:00:00+00:00,0.59406,0.59496,0.59387,0.59492,240,20,0
2024-04-01 20:00:00+00:00,0.59492,0.5953,0.59466,0.59508,239,20,0
2024-04-02 00:00:00+00:00,0.59508,0.59539,0.59432,0.59457,240,20,0
2024-04-02 04:00:00+00:00,0.59457,0.59515,0.59426,0.59503,240,20,0
2024-04-02 08:00:00+00:00,0.59502,0.59595,0.59487,0.59588,240,20,0
2024-04-02 12:00:00+00:00,0.59587,0.59723,0.5951,0.59646,240,20,0
2024-04-02 16:00:00+00:00,0.59646,0.59687,0.59593,0.59685,240,20,0
2024-04-02 20:00:00+00:00,0.59684,0.59719,0.59652,0.59675,248,20,0
2024-04-03 00:00:00+00:00,0.59675,0.59702,0.59517,0.59693,240,20,0
2024-04-03 04:00:00+00:00,0.59694,0.59767,0.59654,0.59658,240,20,0
2024-04-03 08:00:00+00:00,0.59658,0.59706,0.59592,0.59691,240,20,0
2024-04-03 12:00:00+00:00,0.59691,0.5998,0.5962,0.59971,240,20,0
2024-04-03 16:00:00+00:00,0.59972,0.60102,0.59902,0.60058,240,20,0
2024-04-03 20:00:00+00:00,0.60057,0.60152,0.60009,0.60132,247,20,0
2024-04-04 00:00:00+00:00,0.60132,0.60258,0.60113,0.60249,240,20,0
2024-04-04 04:00:00+00:00,0.60249,0.60408,0.60246,0.60336,240,20,0
2024-04-04 08:00:00+00:00,0.60336,0.60441,0.60325,0.60333,240,20,0
2024-04-04 12:00:00+00:00,0.60335,0.6045,0.60246,0.6039,240,20,0
2024-04-04 16:00:00+00:00,0.60389,0.60454,0.60187,0.60195,240,20,0
2024-04-04 20:00:00+00:00,0.60195,0.60286,0.60181,0.60257,244,20,0
2024-04-05 00:00:00+00:00,0.60256,0.60302,0.60061,0.60121,240,20,0
2024-04-05 04:00:00+00:00,0.60121,0.60203,0.60049,0.60192,240,20,0
2024-04-05 08:00:00+00:00,0.60191,0.60229,0.60124,0.60209,240,20,0
2024-04-05 12:00:00+00:00,0.60209,0.60262,0.59846,0.60173,240,20,0
2024-04-05 16:00:00+00:00,0.60173,0.60189,0.60088,0.6014,240,20,0
2024-04-05 20:00:00+00:00,0.60138,0.60145,0.601,0.60108,58,20,0
2024-04-07 20:00:00+00:00,0.6005,0.60102,0.59962,0.60028,186,20,0
2024-04-08 00:00:00+00:00,0.60028,0.60174,0.59989,0.60069,240,20,0
2024-04-08 04:00:00+00:00,0.60069,0.60162,0.60054,0.60131,240,20,0
2024-04-08 08:00:00+00:00,0.60131,0.60271,0.60082,0.60187,240,20,0
2024-04-08 12:00:00+00:00,0.60186,0.60376,0.60141,0.60285,240,20,0
2024-04-08 16:00:00+00:00,0.60285,0.60352,0.60252,0.60315,240,20,0
2024-04-08 20:00:00+00:00,0.60315,0.6036,0.60244,0.60335,245,20,0
2024-04-09 00:00:00+00:00,0.60334,0.6048,0.6033,0.60357,240,20,0
2024-04-09 04:00:00+00:00,0.60357,0.60437,0.60332,0.60362,240,20,0
2024-04-09 08:00:00+00:00,0.60362,0.60559,0.60339,0.60533,240,20,0
2024-04-09 12:00:00+00:00,0.60533,0.60758,0.60507,0.60535,240,20,0
2024-04-09 16:00:00+00:00,0.60535,0.60602,0.60485,0.6059,240,20,0
2024-04-09 20:00:00+00:00,0.60591,0.60654,0.6051,0.60642,255,20,0
2024-04-10 00:00:00+00:00,0.60642,0.60764,0.60476,0.60732,240,20,0
2024-04-10 04:00:00+00:00,0.60731,0.60767,0.6065,0.60703,240,20,0
2024-04-10 08:00:00+00:00,0.60704,0.60786,0.60665,0.60774,240,20,0
2024-04-10 12:00:00+00:00,0.60774,0.60818,0.59757,0.59766,240,20,0
2024-04-10 16:00:00+00:00,0.59766,0.59857,0.59642,0.59756,240,20,0
2024-04-10 20:00:00+00:00,0.59757,0.59788,0.59672,0.59739,253,20,0
2024-04-11 00:00:00+00:00,0.59739,0.59839,0.59704,0.59813,240,20,0
2024-04-11 04:00:00+00:00,0.59813,0.59893,0.59784,0.59882,240,20,0
2024-04-11 08:00:00+00:00,0.59885,0.59916,0.59824,0.59853,240,20,0
2024-04-11 12:00:00+00:00,0.59852,0.60137,0.59683,0.59813,5283,20,0
2024-04-11 16:00:00+00:00,0.59818,0.60022,0.59763,0.59989,4113,20,0
2024-04-11 20:00:00+00:00,0.59989,0.60028,0.59894,0.60003,1894,20,0
2024-04-12 00:00:00+00:00,0.60003,0.60094,0.59949,0.59963,3496,20,0
2024-04-12 04:00:00+00:00,0.59962,0.59973,0.5969,0.59811,4005,20,0
2024-04-12 08:00:00+00:00,0.59811,0.5983,0.59557,0.59612,4038,20,0
2024-04-12 12:00:00+00:00,0.59612,0.59629,0.59347,0.59475,7617,20,0
2024-04-12 16:00:00+00:00,0.59474,0.59475,0.59318,0.59344,4163,20,0
2024-04-12 20:00:00+00:00,0.59344,0.59371,0.5933,0.59352,513,20,0
2024-04-14 20:00:00+00:00,0.59277,0.59488,0.59254,0.5944,1833,20,0
2024-04-15 00:00:00+00:00,0.59431,0.59525,0.59265,0.59507,4740,20,0
2024-04-15 04:00:00+00:00,0.59507,0.5951,0.59314,0.59377,4406,20,0
2024-04-15 08:00:00+00:00,0.59377,0.59456,0.59353,0.59403,4063,20,0
2024-04-15 12:00:00+00:00,0.59402,0.59408,0.59117,0.59249,7627,20,0
2024-04-15 16:00:00+00:00,0.59247,0.59273,0.59019,0.59024,4203,20,0
2024-04-15 20:00:00+00:00,0.59024,0.59049,0.58968,0.59014,2015,20,0
2024-04-16 00:00:00+00:00,0.59013,0.59063,0.58726,0.58793,4967,20,0
2024-04-16 04:00:00+00:00,0.58793,0.58948,0.58771,0.58871,4777,20,0
2024-04-16 08:00:00+00:00,0.58871,0.5895,0.58788,0.5893,4516,20,0
2024-04-16 12:00:00+00:00,0.5893,0.5893,0.58722,0.58845,7232,20,0
2024-04-16 16:00:00+00:00,0.58843,0.58947,0.58677,0.58832,6989,20,0
2024-04-16 20:00:00+00:00,0.58831,0.58959,0.58564,0.589,3297,20,0
2024-04-17 00:00:00+00:00,0.58905,0.59074,0.58904,0.59045,4669,20,0
2024-04-17 04:00:00+00:00,0.59046,0.59164,0.58917,0.59027,4590,20,0
2024-04-17 08:00:00+00:00,0.59027,0.59133,0.59019,0.59073,3822,20,0
2024-04-17 12:00:00+00:00,0.59073,0.59122,0.58981,0.59001,6228,20,0
2024-04-17 16:00:00+00:00,0.59002,0.59242,0.58931,0.59152,6097,20,0
2024-04-17 20:00:00+00:00,0.59151,0.5918,0.59093,0.5912,2061,20,0
2024-04-18 00:00:00+00:00,0.59123,0.59278,0.59054,0.59248,4032,20,0
2024-04-18 04:00:00+00:00,0.59248,0.59318,0.59147,0.59294,3496,20,0
2024-04-18 08:00:00+00:00,0.59291,0.59318,0.59228,0.59278,3333,20,0
2024-04-18 12:00:00+00:00,0.59278,0.59282,0.59089,0.59158,7309,20,0
2024-04-18 16:00:00+00:00,0.5916,0.59176,0.58981,0.59015,4147,20,0
2024-04-18 20:00:00+00:00,0.59015,0.59024,0.58943,0.5901,1983,20,0
2024-04-19 00:00:00+00:00,0.5901,0.5903,0.58512,0.58773,8926,20,0
2024-04-19 04:00:00+00:00,0.58772,0.58968,0.58757,0.58948,5754,20,0
2024-04-19 08:00:00+00:00,0.58947,0.58973,0.58807,0.58842,4469,20,0
2024-04-19 12:00:00+00:00,0.58842,0.59053,0.58819,0.58926,6562,20,0
2024-04-19 16:00:00+00:00,0.58926,0.5895,0.58817,0.58853,4671,20,0
2024-04-19 20:00:00+00:00,0.58853,0.58877,0.58848,0.58864,411,20,0
2024-04-21 20:00:00+00:00,0.58829,0.58996,0.58794,0.58985,1361,20,0
2024-04-22 00:00:00+00:00,0.58985,0.59276,0.58971,0.59123,3999,20,0
2024-04-22 04:00:00+00:00,0.59123,0.59144,0.5902,0.59064,3752,20,0
2024-04-22 08:00:00+00:00,0.59063,0.59101,0.59027,0.59063,3449,20,0
2024-04-22 12:00:00+00:00,0.59063,0.59114,0.58937,0.59078,4756,20,0
2024-04-22 16:00:00+00:00,0.59078,0.59218,0.59074,0.59176,2855,20,0
2024-04-22 20:00:00+00:00,0.59176,0.59206,0.5911,0.59202,1603,20,0
2024-04-23 00:00:00+00:00,0.59202,0.59271,0.59156,0.59167,3638,20,0
2024-04-23 04:00:00+00:00,0.59167,0.59201,0.59043,0.59079,3530,20,0
2024-04-23 08:00:00+00:00,0.5908,0.59153,0.59017,0.59124,3490,20,0
2024-04-23 12:00:00+00:00,0.59124,0.59472,0.59106,0.59321,6551,20,0
2024-04-23 16:00:00+00:00,0.59323,0.5942,0.59298,0.59298,2878,20,0
2024-04-23 20:00:00+00:00,0.593,0.59366,0.59251,0.59347,1826,20,0
2024-04-24 00:00:00+00:00,0.59346,0.59511,0.59343,0.5941,4158,20,0
2024-04-24 04:00:00+00:00,0.59407,0.59467,0.59315,0.59358,3232,20,0
2024-04-24 08:00:00+00:00,0.59359,0.5941,0.59295,0.59333,2686,20,0
2024-04-24 12:00:00+00:00,0.59333,0.59376,0.59197,0.5921,6026,20,0
2024-04-24 16:00:00+00:00,0.59209,0.59383,0.59208,0.59369,3665,20,0
2024-04-24 20:00:00+00:00,0.59367,0.59367,0.59278,0.5935,1896,20,0
2024-04-25 00:00:00+00:00,0.59352,0.59449,0.59312,0.59381,3055,20,0
2024-04-25 04:00:00+00:00,0.59381,0.59581,0.59378,0.5957,2969,20,0
2024-04-25 08:00:00+00:00,0.59572,0.59635,0.59542,0.5959,2795,20,0
2024-04-25 12:00:00+00:00,0.59591,0.59681,0.59191,0.59392,8403,20,0
2024-04-25 16:00:00+00:00,0.59391,0.59517,0.59345,0.59469,3775,20,0
2024-04-25 20:00:00+00:00,0.5947,0.596,0.5941,0.5956,2258,20,0
2024-04-26 00:00:00+00:00,0.5956,0.59674,0.59524,0.59555,3551,20,0
2024-04-26 04:00:00+00:00,0.59556,0.59686,0.59535,0.59586,3887,20,0
2024-04-26 08:00:00+00:00,0.59585,0.59677,0.59452,0.59486,4343,20,0
2024-04-26 12:00:00+00:00,0.59486,0.59631,0.59282,0.59363,7629,20,0
2024-04-26 16:00:00+00:00,0.59366,0.59471,0.59351,0.59412,2467,20,0
2024-04-26 20:00:00+00:00,0.59409,0.59427,0.59368,0.59386,472,20,0
2024-04-28 20:00:00+00:00,0.59328,0.59469,0.59327,0.59468,1327,20,0
2024-04-29 00:00:00+00:00,0.59468,0.59667,0.59411,0.59615,3996,20,0
2024-04-29 04:00:00+00:00,0.59615,0.59816,0.5957,0.59645,6938,20,0
2024-04-29 08:00:00+00:00,0.59644,0.59789,0.59587,0.59735,3784,20,0
2024-04-29 12:00:00+00:00,0.59735,0.59779,0.59588,0.5971,4445,20,0
2024-04-29 16:00:00+00:00,0.5971,0.59836,0.59707,0.59788,3201,20,0
2024-04-29 20:00:00+00:00,0.59788,0.59798,0.59687,0.59689,1623,20,0
2024-04-30 00:00:00+00:00,0.59691,0.59722,0.5946,0.59485,3526,20,0
2024-04-30 04:00:00+00:00,0.59485,0.59499,0.5929,0.59381,2935,20,0
2024-04-30 08:00:00+00:00,0.59382,0.59521,0.59312,0.5945,3074,20,0
2024-04-30 12:00:00+00:00,0.5945,0.59467,0.59063,0.59089,7787,20,0
2024-04-30 16:00:00+00:00,0.59089,0.59112,0.58903,0.58914,3116,20,0
2024-04-30 20:00:00+00:00,0.58912,0.58927,0.58694,0.58766,2700,20,0
2024-05-01 00:00:00+00:00,0.58766,0.58885,0.5876,0.58844,2223,20,0
2024-05-01 04:00:00+00:00,0.58844,0.58906,0.58805,0.58857,2194,20,0
2024-05-01 08:00:00+00:00,0.58858,0.5895,0.58828,0.58936,2506,20,0
2024-05-01 12:00:00+00:00,0.58936,0.59076,0.58935,0.59002,5490,20,0
2024-05-01 16:00:00+00:00,0.59002,0.5939,0.58924,0.59071,9219,20,0
2024-05-01 20:00:00+00:00,0.5907,0.59359,0.59067,0.59278,3895,20,0
2024-05-02 00:00:00+00:00,0.59278,0.59303,0.59135,0.59243,3786,20,0
2024-05-02 04:00:00+00:00,0.59246,0.59466,0.59236,0.59378,4051,20,0
2024-05-02 08:00:00+00:00,0.59379,0.59408,0.59197,0.59286,4229,20,0
2024-05-02 12:00:00+00:00,0.59287,0.59418,0.59152,0.59401,7221,20,0
2024-05-02 16:00:00+00:00,0.59403,0.5967,0.59379,0.59604,3776,20,0
2024-05-02 20:00:00+00:00,0.59603,0.59644,0.59538,0.59628,2231,20,0
2024-05-03 00:00:00+00:00,0.59629,0.59778,0.59553,0.59684,3848,20,0
2024-05-03 04:00:00+00:00,0.59684,0.59767,0.59617,0.59714,3190,20,0
2024-05-03 08:00:00+00:00,0.59713,0.59863,0.59703,0.59837,3372,20,0
2024-05-03 12:00:00+00:00,0.59838,0.60471,0.59834,0.60179,11841,20,0
2024-05-03 16:00:00+00:00,0.60181,0.60202,0.60076,0.60124,3243,20,0
2024-05-03 20:00:00+00:00,0.60126,0.60126,0.60092,0.60095,354,20,0
2024-05-05 20:00:00+00:00,0.6006,0.60126,0.59987,0.6006,1489,20,0
2024-05-06 00:00:00+00:00,0.6006,0.60113,0.59985,0.59999,3748,20,0
2024-05-06 04:00:00+00:00,0.59999,0.60168,0.59947,0.60128,2949,20,0
2024-05-06 08:00:00+00:00,0.60128,0.60229,0.6009,0.60208,2601,20,0
2024-05-06 12:00:00+00:00,0.60208,0.60309,0.60077,0.60118,3452,20,0
2024-05-06 16:00:00+00:00,0.60117,0.60144,0.60066,0.6008,1987,20,0
2024-05-06 20:00:00+00:00,0.60081,0.60106,0.60028,0.60079,1275,20,0
2024-05-07 00:00:00+00:00,0.6008,0.60239,0.60045,0.60135,3577,20,0
2024-05-07 04:00:00+00:00,0.60135,0.60157,0.5999,0.60069,4053,20,0
2024-05-07 08:00:00+00:00,0.60069,0.60114,0.59996,0.60076,3393,20,0
2024-05-07 12:00:00+00:00,0.60076,0.60198,0.60058,0.60091,4174,20,0
2024-05-07 16:00:00+00:00,0.60092,0.6013,0.59939,0.60016,2993,20,0
2024-05-07 20:00:00+00:00,0.60016,0.60021,0.5994,0.59956,1719,20,0
2024-05-08 00:00:00+00:00,0.59957,0.60016,0.59825,0.59889,2920,20,0
2024-05-08 04:00:00+00:00,0.59889,0.59954,0.59867,0.59877,2666,20,0
2024-05-08 08:00:00+00:00,0.59877,0.59908,0.59802,0.59858,2719,20,0
2024-05-08 12:00:00+00:00,0.59858,0.60023,0.59827,0.60015,3591,20,0
2024-05-08 16:00:00+00:00,0.60015,0.60024,0.59944,0.5999,1862,20,0
2024-05-08 20:00:00+00:00,0.5999,0.60057,0.59947,0.60028,1527,20,0
2024-05-09 00:00:00+00:00,0.60028,0.60079,0.5992,0.60054,2750,20,0
2024-05-09 04:00:00+00:00,0.60054,0.60075,0.59916,0.59974,2349,20,0
2024-05-09 08:00:00+00:00,0.59974,0.60042,0.59918,0.60001,3115,20,0
2024-05-09 12:00:00+00:00,0.6,0.60244,0.59995,0.60165,5396,20,0
2024-05-09 16:00:00+00:00,0.60166,0.60332,0.60164,0.60326,2432,20,0
2024-05-09 20:00:00+00:00,0.60326,0.60389,0.60255,0.60342,1628,20,0
2024-05-10 00:00:00+00:00,0.60342,0.60356,0.60131,0.60203,2611,20,0
2024-05-10 04:00:00+00:00,0.60203,0.60292,0.60148,0.60185,2608,20,0
2024-05-10 08:00:00+00:00,0.60186,0.60225,0.60122,0.60128,2952,20,0
2024-05-10 12:00:00+00:00,0.60124,0.60335,0.60079,0.60171,5076,20,0
2024-05-10 16:00:00+00:00,0.60171,0.60218,0.60133,0.60206,2196,20,0
2024-05-10 20:00:00+00:00,0.60206,0.60211,0.60174,0.60187,209,20,0
2024-05-12 20:00:00+00:00,0.60105,0.60218,0.60066,0.60162,1309,20,0
2024-05-13 00:00:00+00:00,0.6016,0.60213,0.59994,0.60088,3491,20,0
2024-05-13 04:00:00+00:00,0.60088,0.60108,0.60044,0.60074,2665,20,0
2024-05-13 08:00:00+00:00,0.60073,0.60209,0.6005,0.60193,2313,20,0
2024-05-13 12:00:00+00:00,0.60192,0.60299,0.6013,0.60162,3602,20,0
2024-05-13 16:00:00+00:00,0.60163,0.60193,0.60111,0.60157,1902,20,0
2024-05-13 20:00:00+00:00,0.60157,0.60248,0.60101,0.60221,1702,20,0
2024-05-14 00:00:00+00:00,0.60221,0.60235,0.60089,0.60152,2614,20,0
2024-05-14 04:00:00+00:00,0.60151,0.60268,0.60117,0.60256,2130,20,0
2024-05-14 08:00:00+00:00,0.60256,0.60284,0.60173,0.60184,2403,20,0
2024-05-14 12:00:00+00:00,0.60184,0.60369,0.59937,0.60325,6576,20,0
2024-05-14 16:00:00+00:00,0.60324,0.60417,0.60298,0.60392,2076,20,0
2024-05-14 20:00:00+00:00,0.60392,0.60423,0.60335,0.60413,1293,20,0
2024-05-15 00:00:00+00:00,0.60413,0.606,0.60408,0.60561,2446,20,0
2024-05-15 04:00:00+00:00,0.60561,0.60634,0.60544,0.60579,2136,20,0
2024-05-15 08:00:00+00:00,0.60579,0.60653,0.6056,0.60615,2215,20,0
2024-05-15 12:00:00+00:00,0.60615,0.61069,0.60552,0.61004,8134,20,0
2024-05-15 16:00:00+00:00,0.61005,0.61235,0.60932,0.61217,3037,20,0
2024-05-15 20:00:00+00:00,0.61217,0.61309,0.61103,0.6128,2104,20,0
2024-05-16 00:00:00+00:00,0.6128,0.61395,0.61153,0.61266,4168,20,0
2024-05-16 04:00:00+00:00,0.61266,0.61266,0.61081,0.61121,2992,20,0
2024-05-16 08:00:00+00:00,0.61121,0.61159,0.61027,0.61033,2621,20,0
2024-05-16 12:00:00+00:00,0.61033,0.61214,0.60946,0.61205,5148,20,0
2024-05-16 16:00:00+00:00,0.61205,0.61213,0.61144,0.61181,2057,20,0
2024-05-16 20:00:00+00:00,0.61182,0.61259,0.61142,0.61229,1513,20,0
2024-05-17 00:00:00+00:00,0.61229,0.61253,0.61045,0.61106,2930,20,0
2024-05-17 04:00:00+00:00,0.61106,0.61222,0.6108,0.61126,2299,20,0
2024-05-17 08:00:00+00:00,0.61128,0.61142,0.61002,0.61061,2109,20,0
2024-05-17 12:00:00+00:00,0.61061,0.61339,0.61046,0.61284,4075,20,0
2024-05-17 16:00:00+00:00,0.61285,0.61385,0.61277,0.61348,1851,20,0
2024-05-17 20:00:00+00:00,0.61348,0.61354,0.6133,0.61332,264,20,0
2024-05-19 20:00:00+00:00,0.61286,0.61367,0.61268,0.6134,854,20,0
2024-05-20 00:00:00+00:00,0.6134,0.61346,0.61205,0.61272,3534,20,0
2024-05-20 04:00:00+00:00,0.61272,0.61361,0.6118,0.61207,3053,20,0
2024-05-20 08:00:00+00:00,0.61207,0.61234,0.61121,0.61123,2477,20,0
2024-05-20 12:00:00+00:00,0.61123,0.6118,0.60957,0.61105,4926,20,0
2024-05-20 16:00:00+00:00,0.61105,0.61155,0.61039,0.61063,1958,20,0
2024-05-20 20:00:00+00:00,0.61063,0.61077,0.60984,0.61058,1431,20,0
2024-05-21 00:00:00+00:00,0.61058,0.61094,0.60882,0.60959,3615,20,0
2024-05-21 04:00:00+00:00,0.60958,0.61075,0.60951,0.60988,2781,20,0
2024-05-21 08:00:00+00:00,0.60988,0.61066,0.6097,0.61035,2691,20,0
2024-05-21 12:00:00+00:00,0.61035,0.61062,0.60866,0.60934,5840,20,0
2024-05-21 16:00:00+00:00,0.60935,0.60961,0.60892,0.60959,2438,20,0
2024-05-21 20:00:00+00:00,0.60959,0.60959,0.60825,0.60916,1636,20,0
2024-05-22 00:00:00+00:00,0.60916,0.61499,0.60916,0.6124,4580,20,0
2024-05-22 04:00:00+00:00,0.6124,0.6129,0.61089,0.61163,3401,20,0
2024-05-22 08:00:00+00:00,0.61163,0.61239,0.61037,0.61073,3262,20,0
2024-05-22 12:00:00+00:00,0.61073,0.6121,0.61012,0.61036,5233,20,0
2024-05-22 16:00:00+00:00,0.61036,0.61098,0.60821,0.60906,4298,20,0
2024-05-22 20:00:00+00:00,0.60906,0.61044,0.60858,0.60986,1999,20,0
2024-05-23 00:00:00+00:00,0.60986,0.61193,0.60979,0.61189,3520,20,0
2024-05-23 04:00:00+00:00,0.61189,0.61214,0.61047,0.61081,3483,20,0
2024-05-23 08:00:00+00:00,0.61078,0.61299,0.61071,0.61279,3021,20,0
2024-05-23 12:00:00+00:00,0.61279,0.61328,0.61007,0.61126,7912,20,0
2024-05-23 16:00:00+00:00,0.61127,0.61157,0.60903,0.60973,4236,20,0
2024-05-23 20:00:00+00:00,0.60973,0.60993,0.60928,0.60952,1428,20,0
2024-05-24 00:00:00+00:00,0.60949,0.60998,0.60865,0.60937,3517,20,0
2024-05-24 04:00:00+00:00,0.60937,0.61032,0.60896,0.61014,3012,20,0
2024-05-24 08:00:00+00:00,0.61014,0.61126,0.60985,0.61086,2831,20,0
2024-05-24 12:00:00+00:00,0.61086,0.61228,0.61039,0.61177,5525,20,0
2024-05-24 16:00:00+00:00,0.61177,0.61255,0.61152,0.61223,2722,20,0
2024-05-24 20:00:00+00:00,0.61224,0.61242,0.61199,0.61202,303,20,0
2024-05-26 20:00:00+00:00,0.61138,0.61248,0.61105,0.61197,1245,20,0
2024-05-27 00:00:00+00:00,0.61197,0.61303,0.61192,0.61284,2419,20,0
2024-05-27 04:00:00+00:00,0.61284,0.61333,0.61242,0.61291,1914,20,0
2024-05-27 08:00:00+00:00,0.61292,0.61451,0.6126,0.61412,2035,20,0
2024-05-27 12:00:00+00:00,0.61412,0.6152,0.61359,0.61516,2941,20,0
2024-05-27 16:00:00+00:00,0.61516,0.61527,0.61456,0.61522,789,20,0
2024-05-27 20:00:00+00:00,0.61522,0.61525,0.61422,0.61504,1355,20,0
2024-05-28 00:00:00+00:00,0.61505,0.61645,0.61503,0.61611,3638,20,0
2024-05-28 04:00:00+00:00,0.61611,0.61646,0.61558,0.61635,2910,20,0
2024-05-28 08:00:00+00:00,0.61635,0.61658,0.61552,0.61621,2972,20,0
2024-05-28 12:00:00+00:00,0.6162,0.61691,0.61465,0.6154,5656,20,0
2024-05-28 16:00:00+00:00,0.61539,0.61549,0.61365,0.61429,3901,20,0
2024-05-28 20:00:00+00:00,0.6143,0.61431,0.61343,0.61392,2063,20,0
2024-05-29 00:00:00+00:00,0.61392,0.61471,0.61283,0.61338,4138,20,0
2024-05-29 04:00:00+00:00,0.61338,0.61443,0.61241,0.61381,3606,20,0
2024-05-29 08:00:00+00:00,0.61383,0.61397,0.61211,0.61266,3747,20,0
2024-05-29 12:00:00+00:00,0.61267,0.61333,0.61131,0.6115,6353,20,0
2024-05-29 16:00:00+00:00,0.61151,0.61208,0.61106,0.61166,3594,20,0
2024-05-29 20:00:00+00:00,0.61167,0.61167,0.6108,0.61121,1795,20,0
2024-05-30 00:00:00+00:00,0.6112,0.61135,0.61016,0.6103,4142,20,0
2024-05-30 04:00:00+00:00,0.6103,0.61077,0.60879,0.61006,4404,20,0
2024-05-30 08:00:00+00:00,0.61009,0.61151,0.60957,0.61104,4118,20,0
2024-05-30 12:00:00+00:00,0.61103,0.61303,0.61043,0.61252,6833,20,0
2024-05-30 16:00:00+00:00,0.61252,0.61287,0.61112,0.61148,3228,20,0
2024-05-30 20:00:00+00:00,0.61144,0.61163,0.61071,0.61144,1951,20,0
2024-05-31 00:00:00+00:00,0.61144,0.61279,0.61134,0.61258,4971,20,0
2024-05-31 04:00:00+00:00,0.61257,0.61314,0.61151,0.61178,3821,20,0
2024-05-31 08:00:00+00:00,0.61176,0.6139,0.61172,0.61321,3641,20,0
2024-05-31 12:00:00+00:00,0.61321,0.61646,0.61287,0.61341,8159,20,0
2024-05-31 16:00:00+00:00,0.6134,0.61465,0.61286,0.61462,3986,20,0
2024-05-31 20:00:00+00:00,0.61458,0.61468,0.61426,0.61426,465,20,0
2024-06-02 20:00:00+00:00,0.61289,0.61483,0.61289,0.6147,1718,20,0
2024-06-03 00:00:00+00:00,0.6147,0.6158,0.61412,0.6143,3667,20,0
2024-06-03 04:00:00+00:00,0.6143,0.61481,0.61328,0.61342,3771,20,0
2024-06-03 08:00:00+00:00,0.61342,0.61576,0.61335,0.61561,4378,20,0
2024-06-03 12:00:00+00:00,0.61562,0.61882,0.61537,0.61817,7368,20,0
2024-06-03 16:00:00+00:00,0.61817,0.61839,0.6168,0.61813,4948,20,0
2024-06-03 20:00:00+00:00,0.61816,0.61933,0.61815,0.61913,1609,20,0
2024-06-04 00:00:00+00:00,0.61912,0.61972,0.61782,0.61873,3711,20,0
2024-06-04 04:00:00+00:00,0.61873,0.61936,0.61761,0.61806,4148,20,0
2024-06-04 08:00:00+00:00,0.61806,0.61806,0.61548,0.61634,5776,20,0
2024-06-04 12:00:00+00:00,0.61634,0.61813,0.61619,0.61713,8422,20,0
2024-06-04 16:00:00+00:00,0.61713,0.61811,0.61693,0.61775,4902,20,0
2024-06-04 20:00:00+00:00,0.61776,0.61791,0.61675,0.61735,1761,20,0
2024-06-05 00:00:00+00:00,0.61735,0.61906,0.61704,0.61846,3792,20,0
2024-06-05 04:00:00+00:00,0.61842,0.61918,0.61752,0.61883,3843,20,0
2024-06-05 08:00:00+00:00,0.61883,0.61973,0.6175,0.61829,3922,20,0
2024-06-05 12:00:00+00:00,0.61829,0.61933,0.61696,0.61825,8373,20,0
2024-06-05 16:00:00+00:00,0.61825,0.61942,0.6177,0.61933,3188,20,0
2024-06-05 20:00:00+00:00,0.61932,0.61962,0.61862,0.61955,1641,20,0
2024-06-06 00:00:00+00:00,0.61953,0.62143,0.61953,0.61997,3726,20,0
2024-06-06 04:00:00+00:00,0.61996,0.62001,0.61864,0.61874,3265,20,0
2024-06-06 08:00:00+00:00,0.61874,0.61875,0.61779,0.61784,2895,20,0
2024-06-06 12:00:00+00:00,0.61784,0.61975,0.61728,0.61937,7057,20,0
2024-06-06 16:00:00+00:00,0.61937,0.62043,0.61898,0.62,3359,20,0
2024-06-06 20:00:00+00:00,0.62002,0.62016,0.61927,0.61954,1569,20,0
2024-06-07 00:00:00+00:00,0.61954,0.62008,0.61876,0.61965,3081,20,0
2024-06-07 04:00:00+00:00,0.61965,0.62025,0.61915,0.61926,3548,20,0
2024-06-07 08:00:00+00:00,0.61926,0.61951,0.61847,0.61927,3861,20,0
2024-06-07 12:00:00+00:00,0.61926,0.61998,0.61044,0.61098,9673,20,0
2024-06-07 16:00:00+00:00,0.61098,0.61147,0.61036,0.61039,4377,20,0
2024-06-07 20:00:00+00:00,0.61038,0.61064,0.6101,0.61017,358,20,0
2024-06-09 20:00:00+00:00,0.60994,0.61072,0.60978,0.61043,1302,20,0
2024-06-10 00:00:00+00:00,0.61044,0.61069,0.60987,0.6102,2725,20,0
2024-06-10 04:00:00+00:00,0.61021,0.61109,0.61019,0.61099,3549,20,0
2024-06-10 08:00:00+00:00,0.61099,0.61138,0.6103,0.61091,3525,20,0
2024-06-10 12:00:00+00:00,0.61095,0.61231,0.61012,0.6123,4946,20,0
2024-06-10 16:00:00+00:00,0.6123,0.61258,0.61162,0.61245,3114,20,0
2024-06-10 20:00:00+00:00,0.61244,0.61312,0.6121,0.61276,1435,20,0
2024-06-11 00:00:00+00:00,0.61276,0.61296,0.61171,0.61195,3537,20,0
2024-06-11 04:00:00+00:00,0.61195,0.613,0.61184,0.61248,2853,20,0
2024-06-11 08:00:00+00:00,0.6125,0.61292,0.61169,0.61221,4184,20,0
2024-06-11 12:00:00+00:00,0.61222,0.61326,0.61177,0.61302,5658,20,0
2024-06-11 16:00:00+00:00,0.61303,0.61491,0.61294,0.61445,3233,20,0
2024-06-11 20:00:00+00:00,0.61445,0.61466,0.61357,0.61444,1542,20,0
2024-06-12 00:00:00+00:00,0.61444,0.61474,0.6134,0.61438,3081,20,0
2024-06-12 04:00:00+00:00,0.61438,0.61484,0.61366,0.61448,2712,20,0
2024-06-12 08:00:00+00:00,0.6145,0.61465,0.61402,0.61424,2738,20,0
2024-06-12 12:00:00+00:00,0.61424,0.6221,0.61411,0.62159,9373,20,0
2024-06-12 16:00:00+00:00,0.6216,0.62196,0.6174,0.61792,10258,20,0
2024-06-12 20:00:00+00:00,0.61794,0.61857,0.61778,0.61854,1959,20,0
2024-06-13 00:00:00+00:00,0.61853,0.61866,0.61686,0.61749,3710,20,0
2024-06-13 04:00:00+00:00,0.61749,0.61775,0.61642,0.61733,3150,20,0
2024-06-13 08:00:00+00:00,0.61734,0.61811,0.61676,0.61678,3577,20,0
2024-06-13 12:00:00+00:00,0.61678,0.61978,0.61609,0.61706,7957,20,0
2024-06-13 16:00:00+00:00,0.61706,0.61736,0.61592,0.61692,4477,20,0
2024-06-13 20:00:00+00:00,0.6169,0.61696,0.61577,0.61579,1635,20,0
2024-06-14 00:00:00+00:00,0.6158,0.61613,0.61469,0.61512,4170,20,0
2024-06-14 04:00:00+00:00,0.61512,0.61544,0.61324,0.61407,4784,20,0
2024-06-14 08:00:00+00:00,0.61406,0.61424,0.61203,0.61346,6030,20,0
2024-06-14 12:00:00+00:00,0.61347,0.61405,0.6115,0.61391,8050,20,0
2024-06-14 16:00:00+00:00,0.61393,0.61419,0.61314,0.61404,3769,20,0
2024-06-14 20:00:00+00:00,0.61404,0.61413,0.61383,0.61408,316,20,0
2024-06-16 20:00:00+00:00,0.61263,0.61393,0.61254,0.61354,1561,20,0
2024-06-17 00:00:00+00:00,0.61354,0.61368,0.61239,0.61265,3547,20,0
2024-06-17 04:00:00+00:00,0.61265,0.61268,0.61077,0.61153,4033,20,0
2024-06-17 08:00:00+00:00,0.61153,0.61237,0.61098,0.611,4260,20,0
2024-06-17 12:00:00+00:00,0.61099,0.61195,0.61038,0.61151,5155,20,0
2024-06-17 16:00:00+00:00,0.61151,0.61332,0.61139,0.61299,3346,20,0
2024-06-17 20:00:00+00:00,0.61299,0.61352,0.61214,0.61337,1751,20,0
2024-06-18 00:00:00+00:00,0.61337,0.61388,0.61176,0.61182,3611,20,0
2024-06-18 04:00:00+00:00,0.61182,0.61231,0.60995,0.61001,4661,20,0
2024-06-18 08:00:00+00:00,0.61,0.61094,0.60962,0.60989,4058,20,0
2024-06-18 12:00:00+00:00,0.6099,0.6139,0.60974,0.61362,7342,20,0
2024-06-18 16:00:00+00:00,0.61362,0.61475,0.61355,0.61447,4195,20,0
2024-06-18 20:00:00+00:00,0.61445,0.6146,0.61361,0.61391,1528,20,0
2024-06-19 00:00:00+00:00,0.61391,0.61409,0.61325,0.61327,2514,20,0
2024-06-19 04:00:00+00:00,0.61327,0.61386,0.61288,0.61366,3345,20,0
2024-06-19 08:00:00+00:00,0.61367,0.61407,0.61327,0.61339,3174,20,0
2024-06-19 12:00:00+00:00,0.61339,0.61368,0.61292,0.6133,3065,20,0
2024-06-19 16:00:00+00:00,0.6133,0.61339,0.61259,0.61295,726,20,0
2024-06-19 20:00:00+00:00,0.61295,0.61441,0.61249,0.61368,1712,20,0
2024-06-20 00:00:00+00:00,0.61369,0.61376,0.61242,0.61331,3555,20,0
2024-06-20 04:00:00+00:00,0.61331,0.61363,0.6128,0.61298,3413,20,0
2024-06-20 08:00:00+00:00,0.61296,0.61309,0.61227,0.61235,3725,20,0
2024-06-20 12:00:00+00:00,0.61234,0.61351,0.61182,0.61186,6564,20,0
2024-06-20 16:00:00+00:00,0.61187,0.61276,0.61108,0.61227,4400,20,0
2024-06-20 20:00:00+00:00,0.61226,0.61236,0.61111,0.61211,1642,20,0
2024-06-21 00:00:00+00:00,0.61212,0.61246,0.61147,0.61239,3036,20,0
2024-06-21 04:00:00+00:00,0.61239,0.61264,0.61174,0.612,3250,20,0
2024-06-21 08:00:00+00:00,0.61198,0.61306,0.61189,0.61306,4355,20,0
2024-06-21 12:00:00+00:00,0.61306,0.61334,0.61082,0.61164,6390,20,0
2024-06-21 16:00:00+00:00,0.61165,0.61223,0.61139,0.61195,2812,20,0
2024-06-21 20:00:00+00:00,0.61194,0.61203,0.61164,0.61175,341,20,0
2024-06-23 20:00:00+00:00,0.61085,0.61174,0.61059,0.61098,1070,20,0
2024-06-24 00:00:00+00:00,0.61099,0.61141,0.6104,0.61099,3237,20,0
2024-06-24 04:00:00+00:00,0.61099,0.61213,0.61091,0.6121,2417,20,0
2024-06-24 08:00:00+00:00,0.61211,0.61287,0.61191,0.61195,3320,20,0
2024-06-24 12:00:00+00:00,0.61194,0.61392,0.61131,0.61235,4655,20,0
2024-06-24 16:00:00+00:00,0.61235,0.61298,0.61179,0.61247,2592,20,0
2024-06-24 20:00:00+00:00,0.61248,0.61264,0.61153,0.61184,1910,20,0
2024-06-25 00:00:00+00:00,0.61184,0.61249,0.61184,0.61216,2946,20,0
2024-06-25 04:00:00+00:00,0.61216,0.61295,0.61174,0.6125,3090,20,0
2024-06-25 08:00:00+00:00,0.61249,0.61284,0.61156,0.61194,3247,20,0
2024-06-25 12:00:00+00:00,0.61194,0.61235,0.61073,0.6112,5340,20,0
2024-06-25 16:00:00+00:00,0.61121,0.61221,0.61069,0.61201,2921,20,0
2024-06-25 20:00:00+00:00,0.61196,0.61202,0.61123,0.61166,1528,20,0
2024-06-26 00:00:00+00:00,0.61166,0.61271,0.61099,0.61128,3741,20,0
2024-06-26 04:00:00+00:00,0.61128,0.61197,0.61078,0.6112,3086,20,0
2024-06-26 08:00:00+00:00,0.6112,0.61126,0.60906,0.60943,3246,20,0
2024-06-26 12:00:00+00:00,0.60943,0.60973,0.60756,0.60765,5617,20,0
2024-06-26 16:00:00+00:00,0.60764,0.60838,0.60731,0.60828,3246,20,0
2024-06-26 20:00:00+00:00,0.60829,0.60836,0.60756,0.60791,1739,20,0
2024-06-27 00:00:00+00:00,0.6079,0.60849,0.60678,0.60838,2979,20,0
2024-06-27 04:00:00+00:00,0.60838,0.6096,0.60817,0.60912,3096,20,0
2024-06-27 08:00:00+00:00,0.60911,0.61038,0.60879,0.60935,3368,20,0
2024-06-27 12:00:00+00:00,0.60935,0.61076,0.60842,0.60866,5997,20,0
2024-06-27 16:00:00+00:00,0.60865,0.60893,0.60814,0.60824,2623,20,0
2024-06-27 20:00:00+00:00,0.60825,0.60844,0.6075,0.60828,1521,20,0
2024-06-28 00:00:00+00:00,0.6083,0.60852,0.606,0.60648,3860,20,0
2024-06-28 04:00:00+00:00,0.60648,0.60681,0.60568,0.6067,3188,20,0
2024-06-28 08:00:00+00:00,0.6067,0.60839,0.60659,0.60776,3283,20,0
2024-06-28 12:00:00+00:00,0.60776,0.61001,0.60771,0.60921,7889,20,0
2024-06-28 16:00:00+00:00,0.60921,0.6104,0.60862,0.60903,3607,20,0
2024-06-28 20:00:00+00:00,0.60904,0.60914,0.60884,0.60906,476,20,0
2024-06-30 20:00:00+00:00,0.60843,0.61027,0.60843,0.60975,1568,20,0
2024-07-01 00:00:00+00:00,0.60978,0.61025,0.60933,0.60984,3213,20,0
2024-07-01 04:00:00+00:00,0.60984,0.61053,0.60953,0.60983,3416,20,0
2024-07-01 08:00:00+00:00,0.60984,0.61064,0.60916,0.6095,3315,20,0
2024-07-01 12:00:00+00:00,0.60949,0.61057,0.60643,0.6069,6329,20,0
2024-07-01 16:00:00+00:00,0.6069,0.60749,0.60658,0.60741,2893,20,0
2024-07-01 20:00:00+00:00,0.6074,0.60766,0.60628,0.60633,1662,20,0
2024-07-02 00:00:00+00:00,0.60632,0.60672,0.60467,0.60531,3032,20,0
2024-07-02 04:00:00+00:00,0.60533,0.60563,0.60467,0.60512,3286,20,0
2024-07-02 08:00:00+00:00,0.60513,0.60578,0.60501,0.60577,3246,20,0
2024-07-02 12:00:00+00:00,0.6058,0.60781,0.6058,0.60693,6819,20,0
2024-07-02 16:00:00+00:00,0.60692,0.60817,0.60673,0.60812,2542,20,0
2024-07-02 20:00:00+00:00,0.60809,0.60828,0.60706,0.60805,1271,20,0
2024-07-03 00:00:00+00:00,0.60805,0.60847,0.6075,0.60799,2692,20,0
2024-07-03 04:00:00+00:00,0.60798,0.60838,0.607,0.60804,2644,20,0
2024-07-03 08:00:00+00:00,0.60803,0.60808,0.60688,0.60711,2854,20,0
2024-07-03 12:00:00+00:00,0.6071,0.61279,0.60692,0.61108,6892,20,0
2024-07-03 16:00:00+00:00,0.61109,0.61153,0.60955,0.61006,2366,20,0
2024-07-03 20:00:00+00:00,0.61006,0.61066,0.60956,0.61064,1247,20,0
2024-07-04 00:00:00+00:00,0.61064,0.61171,0.6105,0.61078,2615,20,0
2024-07-04 04:00:00+00:00,0.61079,0.61161,0.61061,0.61124,2328,20,0
2024-07-04 08:00:00+00:00,0.61126,0.61216,0.61113,0.61185,2237,20,0
2024-07-04 12:00:00+00:00,0.61186,0.61216,0.61139,0.6117,2473,20,0
2024-07-04 16:00:00+00:00,0.6117,0.61191,0.61139,0.61163,573,20,0
2024-07-04 20:00:00+00:00,0.61163,0.61166,0.61093,0.61119,1025,20,0
2024-07-05 00:00:00+00:00,0.61119,0.61225,0.61119,0.61219,2737,20,0
2024-07-05 04:00:00+00:00,0.61219,0.61233,0.61129,0.61171,2559,20,0
2024-07-05 08:00:00+00:00,0.61172,0.61247,0.61163,0.61207,2564,20,0
2024-07-05 12:00:00+00:00,0.61206,0.61415,0.61051,0.61366,8728,20,0
2024-07-05 16:00:00+00:00,0.61369,0.61479,0.61318,0.61472,2936,20,0
2024-07-05 20:00:00+00:00,0.61472,0.61474,0.61437,0.61444,252,20,0
2024-07-07 20:00:00+00:00,0.61291,0.61451,0.61291,0.61397,1442,20,0
2024-07-08 00:00:00+00:00,0.61397,0.61525,0.61337,0.61488,3400,20,0
2024-07-08 04:00:00+00:00,0.61489,0.6149,0.61361,0.61401,3184,20,0
2024-07-08 08:00:00+00:00,0.61401,0.61418,0.61292,0.61345,2993,20,0
2024-07-08 12:00:00+00:00,0.61346,0.61415,0.6131,0.61314,4526,20,0
2024-07-08 16:00:00+00:00,0.61316,0.61335,0.61224,0.61251,2076,20,0
2024-07-08 20:00:00+00:00,0.61251,0.61309,0.61165,0.61296,1297,20,0
2024-07-09 00:00:00+00:00,0.61296,0.6132,0.61154,0.61192,2702,20,0
2024-07-09 04:00:00+00:00,0.61193,0.61269,0.61187,0.61192,2595,20,0
2024-07-09 08:00:00+00:00,0.61191,0.61216,0.6113,0.61147,2659,20,0
2024-07-09 12:00:00+00:00,0.61148,0.6131,0.61113,0.61195,5496,20,0
2024-07-09 16:00:00+00:00,0.61196,0.6126,0.61177,0.61253,2863,20,0
2024-07-09 20:00:00+00:00,0.61253,0.61275,0.61187,0.61259,1342,20,0
2024-07-10 00:00:00+00:00,0.61259,0.61309,0.60742,0.6093,4680,20,0
2024-07-10 04:00:00+00:00,0.6093,0.60954,0.60714,0.60732,3050,20,0
2024-07-10 08:00:00+00:00,0.60731,0.60774,0.60642,0.60767,2952,20,0
2024-07-10 12:00:00+00:00,0.60766,0.60881,0.60759,0.60804,4518,20,0
2024-07-10 16:00:00+00:00,0.60804,0.60838,0.6074,0.60811,2340,20,0
2024-07-10 20:00:00+00:00,0.6081,0.60882,0.60748,0.60865,1340,20,0
2024-07-11 00:00:00+00:00,0.60865,0.60975,0.60815,0.60971,2481,20,0
2024-07-11 04:00:00+00:00,0.6097,0.60975,0.6088,0.60908,2067,20,0
2024-07-11 08:00:00+00:00,0.60908,0.60932,0.60813,0.60859,2339,20,0
2024-07-11 12:00:00+00:00,0.60859,0.61336,0.60817,0.61104,10322,20,0
2024-07-11 16:00:00+00:00,0.61103,0.61111,0.60905,0.60934,4188,20,0
2024-07-11 20:00:00+00:00,0.6093,0.60952,0.60813,0.6094,2847,20,0
2024-07-12 00:00:00+00:00,0.60941,0.60986,0.60754,0.60975,4124,20,0
2024-07-12 04:00:00+00:00,0.60975,0.61035,0.60935,0.61019,3271,20,0
2024-07-12 08:00:00+00:00,0.6102,0.61106,0.61018,0.61083,2955,20,0
2024-07-12 12:00:00+00:00,0.61083,0.61251,0.60979,0.61208,8261,20,0
2024-07-12 16:00:00+00:00,0.61209,0.61238,0.61139,0.61165,2610,20,0
2024-07-12 20:00:00+00:00,0.61165,0.61178,0.61152,0.61177,272,20,0
2024-07-14 20:00:00+00:00,0.60977,0.61089,0.60921,0.60945,1864,6,0
2024-07-15 00:00:00+00:00,0.60945,0.60999,0.609,0.60974,3165,20,0
2024-07-15 04:00:00+00:00,0.60974,0.61012,0.60843,0.60918,3026,20,0
2024-07-15 08:00:00+00:00,0.60919,0.60996,0.60875,0.60889,3064,20,0
2024-07-15 12:00:00+00:00,0.60889,0.60971,0.60802,0.60913,4949,20,0
2024-07-15 16:00:00+00:00,0.60913,0.60986,0.60719,0.60773,4435,20,0
2024-07-15 20:00:00+00:00,0.60773,0.60776,0.60676,0.60749,1497,7,0
2024-07-16 00:00:00+00:00,0.60749,0.60755,0.60511,0.60574,3225,20,0
2024-07-16 04:00:00+00:00,0.60574,0.60601,0.60472,0.60588,2955,20,0
2024-07-16 08:00:00+00:00,0.60588,0.60694,0.60551,0.60678,3403,20,0
2024-07-16 12:00:00+00:00,0.60677,0.60725,0.60354,0.60421,6403,20,0
2024-07-16 16:00:00+00:00,0.60423,0.60512,0.60366,0.60511,2815,20,0
2024-07-16 20:00:00+00:00,0.60509,0.60699,0.60228,0.60695,2875,20,0
2024-07-17 00:00:00+00:00,0.60695,0.6081,0.60655,0.60665,3213,20,0
2024-07-17 04:00:00+00:00,0.60665,0.60818,0.60642,0.60756,3867,20,0
2024-07-17 08:00:00+00:00,0.60755,0.60965,0.60745,0.6086,4832,20,0
2024-07-17 12:00:00+00:00,0.60857,0.60883,0.60676,0.60697,6270,20,0
2024-07-17 16:00:00+00:00,0.60698,0.60781,0.60655,0.60768,3815,20,0
2024-07-17 20:00:00+00:00,0.60768,0.6082,0.60743,0.6079,2253,20,0
2024-07-18 00:00:00+00:00,0.6079,0.60808,0.60634,0.60701,4479,20,0
2024-07-18 04:00:00+00:00,0.60701,0.60775,0.60656,0.60716,3954,20,0
2024-07-18 08:00:00+00:00,0.60718,0.60765,0.60661,0.60677,2995,20,0
2024-07-18 12:00:00+00:00,0.60678,0.60753,0.60622,0.60626,6643,20,0
2024-07-18 16:00:00+00:00,0.60625,0.60661,0.60426,0.60455,3989,20,0
2024-07-18 20:00:00+00:00,0.60456,0.60477,0.60368,0.60415,1592,20,0
2024-07-19 00:00:00+00:00,0.60415,0.60415,0.60244,0.60272,3809,20,0
2024-07-19 04:00:00+00:00,0.60272,0.60387,0.60207,0.60294,3441,20,0
2024-07-19 08:00:00+00:00,0.60294,0.60294,0.60166,0.60244,3471,20,0
2024-07-19 12:00:00+00:00,0.60245,0.60246,0.60121,0.60165,5401,20,0
2024-07-19 16:00:00+00:00,0.60164,0.60175,0.60048,0.60065,3547,20,0
2024-07-19 20:00:00+00:00,0.60066,0.60079,0.60046,0.60077,327,20,0
2024-07-21 20:00:00+00:00,0.60023,0.60269,0.6,0.60227,2024,20,0
2024-07-22 00:00:00+00:00,0.60226,0.60226,0.5997,0.59981,3312,20,0
2024-07-22 04:00:00+00:00,0.59981,0.60018,0.59901,0.59968,3489,20,0
2024-07-22 08:00:00+00:00,0.59968,0.60033,0.59927,0.59934,2851,20,0
2024-07-22 12:00:00+00:00,0.59934,0.59934,0.5971,0.59745,4707,20,0
2024-07-22 16:00:00+00:00,0.59746,0.59787,0.59716,0.59782,2376,20,0
2024-07-22 20:00:00+00:00,0.59782,0.5979,0.59716,0.59757,1698,20,0
2024-07-23 00:00:00+00:00,0.59757,0.59791,0.59644,0.59681,2931,20,0
2024-07-23 04:00:00+00:00,0.59681,0.59692,0.59603,0.59625,2616,20,0
2024-07-23 08:00:00+00:00,0.59623,0.59658,0.59583,0.59616,2805,20,0
2024-07-23 12:00:00+00:00,0.59615,0.59645,0.59507,0.59574,3857,20,0
2024-07-23 16:00:00+00:00,0.59575,0.59582,0.59492,0.59524,2544,20,0
2024-07-23 20:00:00+00:00,0.59524,0.59561,0.59492,0.59511,1679,20,0
2024-07-24 00:00:00+00:00,0.59511,0.59516,0.59247,0.59285,2866,20,0
2024-07-24 04:00:00+00:00,0.59285,0.59348,0.59129,0.59291,3818,20,0
2024-07-24 08:00:00+00:00,0.59291,0.59405,0.59236,0.59394,2983,20,0
2024-07-24 12:00:00+00:00,0.59393,0.59487,0.5935,0.59444,5627,20,0
2024-07-24 16:00:00+00:00,0.59444,0.5945,0.59211,0.59252,3136,20,0
2024-07-24 20:00:00+00:00,0.59252,0.59307,0.59227,0.59246,1968,20,0
2024-07-25 00:00:00+00:00,0.59245,0.5925,0.59136,0.59174,3816,20,0
2024-07-25 04:00:00+00:00,0.59174,0.59187,0.5904,0.59151,3694,20,0
2024-07-25 08:00:00+00:00,0.59151,0.59259,0.58943,0.58945,4386,20,0
2024-07-25 12:00:00+00:00,0.58944,0.59076,0.58799,0.58998,7580,20,0
2024-07-25 16:00:00+00:00,0.58998,0.59075,0.58872,0.58885,4021,20,0
2024-07-25 20:00:00+00:00,0.58886,0.58888,0.58803,0.58882,1931,20,0
2024-07-26 00:00:00+00:00,0.58882,0.58939,0.58822,0.58851,2863,20,0
2024-07-26 04:00:00+00:00,0.58851,0.58997,0.58851,0.58989,2276,20,0
2024-07-26 08:00:00+00:00,0.58991,0.59034,0.58907,0.5894,2282,20,0
2024-07-26 12:00:00+00:00,0.58939,0.59046,0.58826,0.58938,5227,20,0
2024-07-26 16:00:00+00:00,0.58937,0.58981,0.58858,0.58876,2721,20,0
2024-07-26 20:00:00+00:00,0.58876,0.58895,0.58862,0.58865,294,20,0
2024-07-28 20:00:00+00:00,0.58846,0.58948,0.58843,0.58874,1426,20,0
2024-07-29 00:00:00+00:00,0.58873,0.58995,0.58862,0.58969,3051,20,0
2024-07-29 04:00:00+00:00,0.58969,0.58973,0.58775,0.58805,2798,20,0
2024-07-29 08:00:00+00:00,0.58805,0.58855,0.58715,0.58717,2355,20,0
2024-07-29 12:00:00+00:00,0.58717,0.58737,0.58569,0.5869,3869,20,0
2024-07-29 16:00:00+00:00,0.58691,0.58786,0.58664,0.58755,2234,20,0
2024-07-29 20:00:00+00:00,0.58755,0.5881,0.58693,0.58758,1259,20,0
2024-07-30 00:00:00+00:00,0.58757,0.58862,0.5867,0.5886,2552,20,0
2024-07-30 04:00:00+00:00,0.5886,0.59003,0.58857,0.58914,2870,20,0
2024-07-30 08:00:00+00:00,0.58915,0.58995,0.58866,0.5887,2399,20,0
2024-07-30 12:00:00+00:00,0.5887,0.58982,0.5883,0.58958,4771,20,0
2024-07-30 16:00:00+00:00,0.58959,0.59045,0.58945,0.59008,3213,20,0
2024-07-30 20:00:00+00:00,0.59008,0.59063,0.58938,0.59018,2374,20,0
2024-07-31 00:00:00+00:00,0.59019,0.59239,0.58872,0.59026,5570,20,0
2024-07-31 04:00:00+00:00,0.59027,0.59276,0.58958,0.59232,4526,20,0
2024-07-31 08:00:00+00:00,0.59232,0.59235,0.59051,0.59188,3846,20,0
2024-07-31 12:00:00+00:00,0.59188,0.59472,0.59171,0.59457,5649,20,0
2024-07-31 16:00:00+00:00,0.59456,0.59607,0.5932,0.59508,6371,20,0
2024-07-31 20:00:00+00:00,0.59511,0.59561,0.59431,0.59505,2083,20,0
2024-08-01 00:00:00+00:00,0.59505,0.59619,0.59437,0.59502,4879,20,0
2024-08-01 04:00:00+00:00,0.59502,0.59561,0.59417,0.59469,4229,20,0
2024-08-01 08:00:00+00:00,0.59471,0.59472,0.59369,0.59437,3486,20,0
2024-08-01 12:00:00+00:00,0.59437,0.59815,0.59428,0.59592,6623,20,0
2024-08-01 16:00:00+00:00,0.59593,0.59632,0.59402,0.59486,4499,20,0
2024-08-01 20:00:00+00:00,0.59486,0.59495,0.5933,0.59347,2727,20,0
2024-08-02 00:00:00+00:00,0.59347,0.59497,0.59297,0.5945,4126,20,0
2024-08-02 04:00:00+00:00,0.5945,0.59597,0.59443,0.59478,4508,20,0
2024-08-02 08:00:00+00:00,0.59478,0.59562,0.5941,0.59515,3845,20,0
2024-08-02 12:00:00+00:00,0.59515,0.59835,0.5942,0.59703,9804,20,0
2024-08-02 16:00:00+00:00,0.59702,0.59702,0.59548,0.59643,5420,20,0
2024-08-02 20:00:00+00:00,0.59643,0.59649,0.59561,0.59566,467,20,0
2024-08-04 20:00:00+00:00,0.59535,0.59572,0.59391,0.59456,3068,20,0
2024-08-05 00:00:00+00:00,0.59456,0.59576,0.59371,0.59509,7403,20,0
2024-08-05 04:00:00+00:00,0.59509,0.59531,0.58494,0.59253,12767,20,0
2024-08-05 08:00:00+00:00,0.59255,0.594,0.59183,0.5937,7756,20,0
2024-08-05 12:00:00+00:00,0.59369,0.59704,0.59201,0.59282,14345,20,0
2024-08-05 16:00:00+00:00,0.59281,0.59367,0.59227,0.59336,7159,20,0
2024-08-05 20:00:00+00:00,0.59336,0.59564,0.59263,0.59488,4155,20,0
2024-08-06 00:00:00+00:00,0.5949,0.59793,0.59439,0.59446,7471,20,0
2024-08-06 04:00:00+00:00,0.59445,0.59459,0.59152,0.59168,7940,20,0
2024-08-06 08:00:00+00:00,0.59168,0.59325,0.59133,0.59169,6485,20,0
2024-08-06 12:00:00+00:00,0.59174,0.59526,0.59122,0.5949,8832,20,0
2024-08-06 16:00:00+00:00,0.59491,0.59627,0.59476,0.59535,5661,20,0
2024-08-06 20:00:00+00:00,0.59534,0.59913,0.59462,0.59725,4390,20,0
2024-08-07 00:00:00+00:00,0.59724,0.60125,0.59701,0.60111,7868,20,0
2024-08-07 04:00:00+00:00,0.60112,0.60166,0.60009,0.60091,6532,20,0
2024-08-07 08:00:00+00:00,0.60091,0.60242,0.60071,0.6017,4978,20,0
2024-08-07 12:00:00+00:00,0.60173,0.60238,0.60057,0.60108,5880,20,0
2024-08-07 16:00:00+00:00,0.60109,0.60133,0.59868,0.59947,5706,20,0
2024-08-07 20:00:00+00:00,0.59947,0.59958,0.59814,0.59884,3186,20,0
2024-08-08 00:00:00+00:00,0.59888,0.60085,0.59856,0.60036,5967,20,0
2024-08-08 04:00:00+00:00,0.60037,0.60076,0.59903,0.59926,5080,20,0
2024-08-08 08:00:00+00:00,0.59928,0.59995,0.5987,0.59919,3823,20,0
2024-08-08 12:00:00+00:00,0.5992,0.6005,0.59764,0.60002,8379,20,0
2024-08-08 16:00:00+00:00,0.60003,0.60083,0.5994,0.60057,4590,20,0
2024-08-08 20:00:00+00:00,0.60058,0.60141,0.60044,0.60046,2370,20,0
2024-08-09 00:00:00+00:00,0.60047,0.60322,0.6001,0.60318,4290,20,0
2024-08-09 04:00:00+00:00,0.60318,0.60339,0.60177,0.60203,4808,20,0
2024-08-09 08:00:00+00:00,0.60204,0.60251,0.60115,0.6015,3356,20,0
2024-08-09 12:00:00+00:00,0.6015,0.60211,0.60049,0.60107,5564,20,0
2024-08-09 16:00:00+00:00,0.60108,0.60108,0.59934,0.60003,3414,20,0
2024-08-09 20:00:00+00:00,0.60003,0.60015,0.59954,0.59978,381,20,0
2024-08-11 20:00:00+00:00,0.59927,0.59988,0.59886,0.59918,1197,20,0
2024-08-12 00:00:00+00:00,0.59918,0.60153,0.59912,0.60099,3110,20,0
2024-08-12 04:00:00+00:00,0.60099,0.6026,0.60059,0.60254,2815,20,0
2024-08-12 08:00:00+00:00,0.60256,0.60303,0.60211,0.60285,2547,20,0
2024-08-12 12:00:00+00:00,0.60285,0.60317,0.60155,0.60194,4728,20,0
2024-08-12 16:00:00+00:00,0.60193,0.60218,0.6012,0.60176,3114,20,0
2024-08-12 20:00:00+00:00,0.60173,0.60248,0.60095,0.60215,1968,20,0
2024-08-13 00:00:00+00:00,0.60214,0.60328,0.60165,0.6028,3365,20,0
2024-08-13 04:00:00+00:00,0.60279,0.60431,0.60279,0.60417,2925,20,0
2024-08-13 08:00:00+00:00,0.60418,0.60445,0.60326,0.60405,2723,20,0
2024-08-13 12:00:00+00:00,0.60405,0.60628,0.60374,0.60576,5938,20,0
2024-08-13 16:00:00+00:00,0.60576,0.60806,0.6057,0.60772,3114,20,0
2024-08-13 20:00:00+00:00,0.60773,0.60803,0.60676,0.60775,2488,20,0
2024-08-14 00:00:00+00:00,0.60775,0.60829,0.60093,0.60123,7167,20,0
2024-08-14 04:00:00+00:00,0.60123,0.60195,0.60019,0.60122,4487,20,0
2024-08-14 08:00:00+00:00,0.60121,0.60232,0.6003,0.60169,3113,20,0
2024-08-14 12:00:00+00:00,0.60169,0.60299,0.60021,0.6019,7359,20,0
2024-08-14 16:00:00+00:00,0.6019,0.60193,0.59939,0.5997,3142,20,0
2024-08-14 20:00:00+00:00,0.5997,0.60018,0.59899,0.59973,1832,20,0
2024-08-15 00:00:00+00:00,0.59973,0.60061,0.59825,0.60025,4837,20,0
2024-08-15 04:00:00+00:00,0.60025,0.60083,0.60004,0.6006,2688,20,0
2024-08-15 08:00:00+00:00,0.6006,0.60138,0.59965,0.60124,2458,20,0
2024-08-15 12:00:00+00:00,0.60125,0.6013,0.59735,0.60043,6848,20,0
2024-08-15 16:00:00+00:00,0.60044,0.60099,0.59852,0.59874,2850,20,0
2024-08-15 20:00:00+00:00,0.59875,0.59878,0.59757,0.59793,1803,20,0
2024-08-16 00:00:00+00:00,0.59793,0.60095,0.5979,0.60074,2888,20,0
2024-08-16 04:00:00+00:00,0.60075,0.60243,0.60064,0.60148,2611,20,0
2024-08-16 08:00:00+00:00,0.60148,0.60274,0.60131,0.6027,2631,20,0
2024-08-16 12:00:00+00:00,0.60271,0.60335,0.6014,0.60332,4755,20,0
2024-08-16 16:00:00+00:00,0.60331,0.60545,0.60315,0.60515,2373,20,0
2024-08-16 20:00:00+00:00,0.60515,0.60545,0.60512,0.60525,423,20,0
2024-08-18 20:00:00+00:00,0.60398,0.6059,0.60395,0.60557,858,20,0
2024-08-19 00:00:00+00:00,0.60559,0.60795,0.60536,0.60779,2218,20,0
2024-08-19 04:00:00+00:00,0.60778,0.60852,0.60691,0.60714,2420,20,0
2024-08-19 08:00:00+00:00,0.60711,0.60762,0.60658,0.60759,1564,20,0
2024-08-19 12:00:00+00:00,0.60761,0.60973,0.60674,0.60919,2711,20,0
2024-08-19 16:00:00+00:00,0.60916,0.61112,0.60891,0.61091,1616,20,0
2024-08-19 20:00:00+00:00,0.61092,0.61165,0.61048,0.61165,1274,20,0
2024-08-20 00:00:00+00:00,0.61166,0.61241,0.61103,0.61134,2334,20,0
2024-08-20 04:00:00+00:00,0.61135,0.61338,0.61135,0.61304,1957,20,0
2024-08-20 08:00:00+00:00,0.61306,0.61424,0.61292,0.6141,2001,20,0
2024-08-20 12:00:00+00:00,0.61411,0.6152,0.61317,0.61424,3651,20,0
2024-08-20 16:00:00+00:00,0.61426,0.61563,0.61396,0.61526,1748,20,0
2024-08-20 20:00:00+00:00,0.61528,0.61576,0.6145,0.61552,1902,20,0
2024-08-21 00:00:00+00:00,0.6155,0.61627,0.61455,0.61469,1895,20,0
2024-08-21 04:00:00+00:00,0.61468,0.61478,0.61317,0.61354,1944,20,0
2024-08-21 08:00:00+00:00,0.61356,0.61423,0.61342,0.61395,1602,20,0
2024-08-21 12:00:00+00:00,0.61397,0.61647,0.61333,0.61596,5131,20,0
2024-08-21 16:00:00+00:00,0.61593,0.61769,0.61523,0.61586,2544,20,0
2024-08-21 20:00:00+00:00,0.61587,0.61634,0.61482,0.6161,1155,20,0
2024-08-22 00:00:00+00:00,0.61608,0.61642,0.61427,0.61488,1865,20,0
2024-08-22 04:00:00+00:00,0.6149,0.61664,0.61469,0.61645,1521,20,0
2024-08-22 08:00:00+00:00,0.61647,0.61688,0.61452,0.61503,1923,20,0
2024-08-22 12:00:00+00:00,0.61504,0.61588,0.61271,0.61383,4521,20,0
2024-08-22 16:00:00+00:00,0.61382,0.61423,0.61311,0.61354,2218,20,0
2024-08-22 20:00:00+00:00,0.61355,0.61446,0.61314,0.61406,1530,20,0
2024-08-23 00:00:00+00:00,0.61408,0.61543,0.61397,0.61491,1754,20,0
2024-08-23 04:00:00+00:00,0.61489,0.61592,0.61467,0.6151,1627,20,0
2024-08-23 08:00:00+00:00,0.61512,0.61595,0.61487,0.61569,1510,20,0
2024-08-23 12:00:00+00:00,0.61567,0.6222,0.61516,0.62106,6152,20,0
2024-08-23 16:00:00+00:00,0.62108,0.62334,0.62038,0.6232,3124,20,0
2024-08-23 20:00:00+00:00,0.62318,0.62356,0.62313,0.62328,260,20,0
2024-08-25 20:00:00+00:00,0.62117,0.62306,0.62117,0.62228,1130,17,0
2024-08-26 00:00:00+00:00,0.6223,0.62318,0.62124,0.62149,2253,17,0
2024-08-26 04:00:00+00:00,0.62151,0.62182,0.62024,0.62077,2068,17,0
2024-08-26 08:00:00+00:00,0.62075,0.62123,0.61966,0.61998,1903,17,0
2024-08-26 12:00:00+00:00,0.61997,0.62149,0.61978,0.62029,3881,17,0
2024-08-26 16:00:00+00:00,0.62027,0.62159,0.62021,0.62064,1536,17,0
2024-08-26 20:00:00+00:00,0.62065,0.62078,0.61968,0.6204,1459,17,0
2024-08-27 00:00:00+00:00,0.62043,0.62154,0.61937,0.62153,1852,17,0
2024-08-27 04:00:00+00:00,0.62149,0.62263,0.62116,0.62136,2143,17,0
2024-08-27 08:00:00+00:00,0.62135,0.62338,0.62132,0.62294,1934,17,0
2024-08-27 12:00:00+00:00,0.62293,0.62365,0.62204,0.62341,4035,17,0
2024-08-27 16:00:00+00:00,0.6234,0.62539,0.62326,0.62506,2054,17,0
2024-08-27 20:00:00+00:00,0.62508,0.62529,0.62413,0.62416,1876,17,0
2024-08-28 00:00:00+00:00,0.62417,0.6251,0.62355,0.62492,2604,17,0
2024-08-28 04:00:00+00:00,0.62493,0.62519,0.62234,0.62378,2331,17,0
2024-08-28 08:00:00+00:00,0.6238,0.62475,0.62372,0.62386,2039,17,0
2024-08-28 12:00:00+00:00,0.6239,0.62494,0.62322,0.62404,4173,17,0
2024-08-28 16:00:00+00:00,0.62402,0.62445,0.62278,0.62404,2062,17,0
2024-08-28 20:00:00+00:00,0.62408,0.62502,0.62368,0.6246,1140,17,0
2024-08-29 00:00:00+00:00,0.62461,0.62912,0.6246,0.62868,2996,17,0
2024-08-29 04:00:00+00:00,0.62869,0.62981,0.62771,0.62814,2605,17,0
2024-08-29 08:00:00+00:00,0.62812,0.62821,0.62697,0.62753,2782,17,0
2024-08-29 12:00:00+00:00,0.62751,0.62761,0.6247,0.62651,5415,17,0
2024-08-29 16:00:00+00:00,0.62653,0.62702,0.6255,0.62561,2663,17,0
2024-08-29 20:00:00+00:00,0.6256,0.6264,0.62505,0.62618,1256,17,0
2024-08-30 00:00:00+00:00,0.62621,0.62734,0.62614,0.6264,1922,17,0
2024-08-30 04:00:00+00:00,0.62639,0.62644,0.62491,0.62626,2003,17,0
2024-08-30 08:00:00+00:00,0.62624,0.62698,0.62556,0.62556,1728,17,0
2024-08-30 12:00:00+00:00,0.62557,0.62638,0.62357,0.62404,5589,17,0
2024-08-30 16:00:00+00:00,0.62401,0.62504,0.62291,0.62492,2359,17,0
2024-08-30 20:00:00+00:00,0.62489,0.62537,0.62475,0.62481,301,17,0
2024-09-01 20:00:00+00:00,0.62376,0.62524,0.62376,0.62458,1297,17,0
2024-09-02 00:00:00+00:00,0.62458,0.62517,0.62296,0.62369,3231,17,0
2024-09-02 04:00:00+00:00,0.62368,0.62397,0.62239,0.62275,2947,17,0
2024-09-02 08:00:00+00:00,0.62275,0.62341,0.62204,0.6223,2492,17,0
2024-09-02 12:00:00+00:00,0.6223,0.62336,0.62202,0.62282,2927,17,0
2024-09-02 16:00:00+00:00,0.62282,0.62354,0.62237,0.62354,893,17,0
2024-09-02 20:00:00+00:00,0.62355,0.62355,0.62223,0.62286,1433,17,0
2024-09-03 00:00:00+00:00,0.62289,0.62349,0.61961,0.61985,4481,17,0
2024-09-03 04:00:00+00:00,0.61985,0.62022,0.61828,0.6196,4910,17,0
2024-09-03 08:00:00+00:00,0.61957,0.61991,0.61825,0.61851,3870,17,0
2024-09-03 12:00:00+00:00,0.6185,0.62083,0.61809,0.61877,7376,17,0
2024-09-03 16:00:00+00:00,0.61877,0.6194,0.61793,0.61854,3945,17,0
2024-09-03 20:00:00+00:00,0.61858,0.61898,0.61811,0.61853,2510,17,0
2024-09-04 00:00:00+00:00,0.61853,0.61877,0.61683,0.61775,4902,17,0
2024-09-04 04:00:00+00:00,0.61775,0.61856,0.61725,0.61821,3811,17,0
2024-09-04 08:00:00+00:00,0.6182,0.61906,0.61769,0.61868,3608,17,0
2024-09-04 12:00:00+00:00,0.61867,0.62157,0.61778,0.61974,7195,17,0
2024-09-04 16:00:00+00:00,0.61973,0.62029,0.61891,0.61978,4350,17,0
2024-09-04 20:00:00+00:00,0.61975,0.61998,0.61838,0.61852,2023,17,0
2024-09-05 00:00:00+00:00,0.61853,0.62005,0.61773,0.61983,3688,17,0
2024-09-05 04:00:00+00:00,0.61983,0.6208,0.61945,0.61972,3523,17,0
2024-09-05 08:00:00+00:00,0.6197,0.62104,0.6194,0.62063,3395,17,0
2024-09-05 12:00:00+00:00,0.62065,0.62243,0.62015,0.62098,7779,17,0
2024-09-05 16:00:00+00:00,0.62099,0.62255,0.62098,0.62193,3564,17,0
2024-09-05 20:00:00+00:00,0.62196,0.62244,0.6216,0.62229,1802,17,0
2024-09-06 00:00:00+00:00,0.62229,0.62247,0.62129,0.62137,2823,17,0
2024-09-06 04:00:00+00:00,0.62137,0.62266,0.62087,0.62262,3559,17,0
2024-09-06 08:00:00+00:00,0.62262,0.62291,0.62203,0.62222,3365,17,0
2024-09-06 12:00:00+00:00,0.62223,0.62533,0.61732,0.61763,13083,17,0
2024-09-06 16:00:00+00:00,0.61759,0.61759,0.61551,0.61739,6046,17,0
2024-09-06 20:00:00+00:00,0.61739,0.61739,0.61702,0.61734,649,17,0
2024-09-08 20:00:00+00:00,0.6167,0.61753,0.61651,0.61687,1703,17,0
2024-09-09 00:00:00+00:00,0.61688,0.61853,0.61683,0.61719,3811,17,0
2024-09-09 04:00:00+00:00,0.61719,0.61742,0.61438,0.61506,3531,17,0
2024-09-09 08:00:00+00:00,0.61507,0.61514,0.61237,0.61357,3288,17,0
2024-09-09 12:00:00+00:00,0.61358,0.61482,0.61316,0.61472,5095,17,0
2024-09-09 16:00:00+00:00,0.61473,0.61576,0.61373,0.61422,3586,17,0
2024-09-09 20:00:00+00:00,0.61426,0.61499,0.61379,0.61409,1729,17,0
2024-09-10 00:00:00+00:00,0.61409,0.61436,0.61311,0.61419,3190,17,0
2024-09-10 04:00:00+00:00,0.61419,0.61577,0.61419,0.61495,3012,17,0
2024-09-10 08:00:00+00:00,0.61498,0.61643,0.61462,0.61539,3142,17,0
2024-09-10 12:00:00+00:00,0.61539,0.616,0.61414,0.61531,5695,17,0
2024-09-10 16:00:00+00:00,0.61531,0.61571,0.61466,0.61531,4383,17,0
2024-09-10 20:00:00+00:00,0.6153,0.61541,0.61419,0.61486,2222,17,0
2024-09-11 00:00:00+00:00,0.61486,0.61532,0.61351,0.61404,3966,17,0
2024-09-11 04:00:00+00:00,0.61405,0.61562,0.61357,0.61476,3924,17,0
2024-09-11 08:00:00+00:00,0.61476,0.61506,0.61393,0.61477,3741,17,0
2024-09-11 12:00:00+00:00,0.61477,0.61477,0.61056,0.612,10137,17,0
2024-09-11 16:00:00+00:00,0.61199,0.61381,0.61183,0.61337,5102,17,0
2024-09-11 20:00:00+00:00,0.61338,0.61397,0.61303,0.61314,2151,17,0
2024-09-12 00:00:00+00:00,0.61313,0.6144,0.61274,0.61436,3330,17,0
2024-09-12 04:00:00+00:00,0.61436,0.61581,0.6136,0.61362,2990,17,0
2024-09-12 08:00:00+00:00,0.61361,0.61384,0.61286,0.61317,3640,17,0
2024-09-12 12:00:00+00:00,0.61317,0.61532,0.61314,0.61511,7462,17,0
2024-09-12 16:00:00+00:00,0.61508,0.61797,0.61492,0.61797,5562,17,0
2024-09-12 20:00:00+00:00,0.61797,0.61877,0.61756,0.61863,2133,17,0
2024-09-13 00:00:00+00:00,0.61863,0.6193,0.61773,0.61805,3586,17,0
2024-09-13 04:00:00+00:00,0.61806,0.61858,0.61745,0.61846,3283,17,0
2024-09-13 08:00:00+00:00,0.61848,0.61908,0.61618,0.61639,3853,17,0
2024-09-13 12:00:00+00:00,0.61639,0.61762,0.61611,0.61648,5605,17,0
2024-09-13 16:00:00+00:00,0.6165,0.6165,0.61514,0.61564,3386,17,0
2024-09-13 20:00:00+00:00,0.61564,0.61575,0.61554,0.61571,456,17,0
2024-09-15 20:00:00+00:00,0.6146,0.61649,0.6146,0.61621,1298,17,0
2024-09-16 00:00:00+00:00,0.61621,0.61781,0.61536,0.61777,2581,17,0
2024-09-16 04:00:00+00:00,0.61777,0.61821,0.6171,0.61811,3206,17,0
2024-09-16 08:00:00+00:00,0.61813,0.61968,0.618,0.61961,3575,17,0
2024-09-16 12:00:00+00:00,0.61963,0.61986,0.61797,0.61836,5601,17,0
2024-09-16 16:00:00+00:00,0.61836,0.61936,0.61806,0.61927,3064,17,0
2024-09-16 20:00:00+00:00,0.61928,0.62011,0.61885,0.61947,2158,17,0
2024-09-17 00:00:00+00:00,0.61947,0.61962,0.61823,0.6189,2843,17,0
2024-09-17 04:00:00+00:00,0.6189,0.62042,0.61849,0.62032,3052,17,0
2024-09-17 08:00:00+00:00,0.62033,0.62101,0.6196,0.62028,3066,17,0
2024-09-17 12:00:00+00:00,0.62028,0.6203,0.61773,0.61816,7260,17,0
2024-09-17 16:00:00+00:00,0.61814,0.61906,0.6175,0.61847,4290,17,0
2024-09-17 20:00:00+00:00,0.61848,0.61938,0.61759,0.61913,1845,17,0
2024-09-18 00:00:00+00:00,0.61912,0.62061,0.61906,0.62016,3316,17,0
2024-09-18 04:00:00+00:00,0.62017,0.62139,0.61932,0.62139,3223,17,0
2024-09-18 08:00:00+00:00,0.62138,0.62273,0.62113,0.62222,3396,17,0
2024-09-18 12:00:00+00:00,0.62221,0.6231,0.62002,0.62013,5060,17,0
2024-09-18 16:00:00+00:00,0.62012,0.62667,0.61873,0.61901,12943,17,0
2024-09-18 20:00:00+00:00,0.619,0.62198,0.61888,0.62089,4382,17,0
2024-09-19 00:00:00+00:00,0.62088,0.62268,0.61803,0.62202,6976,17,0
2024-09-19 04:00:00+00:00,0.62202,0.62511,0.62037,0.62449,5937,17,0
2024-09-19 08:00:00+00:00,0.62446,0.62678,0.62443,0.62504,5770,17,0
2024-09-19 12:00:00+00:00,0.62507,0.62523,0.62173,0.62392,8780,17,0
2024-09-19 16:00:00+00:00,0.62395,0.62511,0.62386,0.6244,4974,17,0
2024-09-19 20:00:00+00:00,0.62439,0.62441,0.62319,0.62355,2303,17,0
2024-09-20 00:00:00+00:00,0.62355,0.62496,0.62245,0.62432,4282,17,0
2024-09-20 04:00:00+00:00,0.62432,0.62593,0.62347,0.62405,4817,17,0
2024-09-20 08:00:00+00:00,0.62405,0.62422,0.62205,0.62277,4402,17,0
2024-09-20 12:00:00+00:00,0.62277,0.62431,0.62093,0.62322,7684,17,0
2024-09-20 16:00:00+00:00,0.62325,0.6249,0.62306,0.62382,5254,17,0
2024-09-20 20:00:00+00:00,0.62385,0.62393,0.62353,0.62368,527,17,0
2024-09-22 20:00:00+00:00,0.62261,0.62399,0.62248,0.62347,1256,17,0
2024-09-23 00:00:00+00:00,0.62344,0.62434,0.62289,0.6237,3219,17,0
2024-09-23 04:00:00+00:00,0.6237,0.62482,0.62248,0.62276,4038,17,0
2024-09-23 08:00:00+00:00,0.62273,0.62571,0.62244,0.62565,4297,17,0
2024-09-23 12:00:00+00:00,0.62565,0.62729,0.62484,0.62692,6660,17,0
2024-09-23 16:00:00+00:00,0.62691,0.62791,0.62622,0.62733,3937,17,0
2024-09-23 20:00:00+00:00,0.62733,0.62733,0.62593,0.62661,2049,17,0
2024-09-24 00:00:00+00:00,0.62661,0.62721,0.62583,0.62656,4497,17,0
2024-09-24 04:00:00+00:00,0.62656,0.62801,0.62584,0.62615,5783,17,0
2024-09-24 08:00:00+00:00,0.62617,0.62836,0.62605,0.62833,4312,17,0
2024-09-24 12:00:00+00:00,0.62836,0.63269,0.62833,0.6318,7196,17,0
2024-09-24 16:00:00+00:00,0.6318,0.634,0.6318,0.63396,3940,17,0
2024-09-24 20:00:00+00:00,0.63396,0.63517,0.63308,0.63512,2115,17,0
2024-09-25 00:00:00+00:00,0.63515,0.63548,0.63316,0.63349,4546,17,0
2024-09-25 04:00:00+00:00,0.6335,0.63365,0.63169,0.63207,4092,17,0
2024-09-25 08:00:00+00:00,0.63207,0.63246,0.63071,0.63155,3863,17,0
2024-09-25 12:00:00+00:00,0.63155,0.63224,0.62765,0.62773,7087,17,0
2024-09-25 16:00:00+00:00,0.62774,0.62788,0.62606,0.62618,4628,17,0
2024-09-25 20:00:00+00:00,0.62617,0.62649,0.62545,0.62546,2450,17,0
2024-09-26 00:00:00+00:00,0.62546,0.62701,0.62517,0.6268,3944,17,0
2024-09-26 04:00:00+00:00,0.6268,0.6287,0.62612,0.62815,4326,17,0
2024-09-26 08:00:00+00:00,0.62815,0.63109,0.62762,0.63054,4836,17,0
2024-09-26 12:00:00+00:00,0.63054,0.63313,0.62941,0.63257,9647,17,0
2024-09-26 16:00:00+00:00,0.63257,0.63306,0.63157,0.63273,5102,17,0
2024-09-26 20:00:00+00:00,0.63273,0.63341,0.63206,0.63298,2368,17,0
2024-09-27 00:00:00+00:00,0.63297,0.63297,0.63022,0.63064,4932,17,0
2024-09-27 04:00:00+00:00,0.63064,0.63139,0.62952,0.6304,5879,17,0
2024-09-27 08:00:00+00:00,0.6304,0.63224,0.63012,0.63192,5140,17,0
2024-09-27 12:00:00+00:00,0.63192,0.63664,0.63178,0.63411,8946,17,0
2024-09-27 16:00:00+00:00,0.63411,0.63521,0.63341,0.63448,5594,17,0
2024-09-27 20:00:00+00:00,0.63447,0.63448,0.63391,0.63399,801,17,0
2024-09-29 20:00:00+00:00,0.63319,0.63539,0.63279,0.63485,1807,17,0
2024-09-30 00:00:00+00:00,0.63485,0.6374,0.63479,0.63675,5532,17,0
2024-09-30 04:00:00+00:00,0.63675,0.6376,0.63596,0.63601,4999,17,0
2024-09-30 08:00:00+00:00,0.63604,0.63637,0.63461,0.63517,4977,17,0
2024-09-30 12:00:00+00:00,0.63517,0.63671,0.63456,0.63616,7501,17,0
2024-09-30 16:00:00+00:00,0.63619,0.63779,0.63368,0.63523,6901,17,0
2024-09-30 20:00:00+00:00,0.63525,0.63525,0.63395,0.63439,2379,17,0
2024-10-01 00:00:00+00:00,0.63439,0.63466,0.63186,0.63212,4773,17,0
2024-10-01 04:00:00+00:00,0.63212,0.63372,0.63074,0.63107,4791,17,0
2024-10-01 08:00:00+00:00,0.63108,0.63245,0.63042,0.63163,5323,17,0
2024-10-01 12:00:00+00:00,0.63161,0.63192,0.62733,0.62827,10366,17,0
2024-10-01 16:00:00+00:00,0.62827,0.63008,0.6264,0.62946,6794,17,0
2024-10-01 20:00:00+00:00,0.62945,0.62952,0.62733,0.62814,3081,17,0
2024-10-02 00:00:00+00:00,0.62814,0.63125,0.62805,0.63062,4954,17,0
2024-10-02 04:00:00+00:00,0.63063,0.63112,0.62832,0.6286,5919,17,0
2024-10-02 08:00:00+00:00,0.62857,0.62928,0.62784,0.62847,4573,17,0
2024-10-02 12:00:00+00:00,0.62848,0.62862,0.62601,0.6274,7542,17,0
2024-10-02 16:00:00+00:00,0.6274,0.62781,0.62573,0.62647,4128,17,0
2024-10-02 20:00:00+00:00,0.62647,0.62649,0.62555,0.62576,2333,17,0
2024-10-03 00:00:00+00:00,0.62576,0.62576,0.62348,0.62425,5035,17,0
2024-10-03 04:00:00+00:00,0.62424,0.62445,0.6227,0.62332,5292,17,0
2024-10-03 08:00:00+00:00,0.62334,0.62338,0.62147,0.62231,5036,17,0
2024-10-03 12:00:00+00:00,0.62229,0.62309,0.62109,0.62145,9412,17,0
2024-10-03 16:00:00+00:00,0.62145,0.62239,0.62094,0.62139,4718,17,0
2024-10-03 20:00:00+00:00,0.62139,0.62182,0.62063,0.62157,1767,17,0
2024-10-04 00:00:00+00:00,0.62157,0.62185,0.62062,0.62102,4657,17,0
2024-10-04 04:00:00+00:00,0.62102,0.6213,0.61999,0.62025,3892,17,0
2024-10-04 08:00:00+00:00,0.62025,0.62071,0.61944,0.62053,3761,17,0
2024-10-04 12:00:00+00:00,0.62053,0.62083,0.61469,0.61547,10574,17,0
2024-10-04 16:00:00+00:00,0.61549,0.61642,0.61448,0.6161,4221,17,0
2024-10-04 20:00:00+00:00,0.61611,0.61615,0.61567,0.61576,529,17,0
2024-10-06 20:00:00+00:00,0.61533,0.61706,0.61519,0.6158,1923,17,0
2024-10-07 00:00:00+00:00,0.61577,0.61689,0.61543,0.61649,5343,17,0
2024-10-07 04:00:00+00:00,0.6165,0.61684,0.61447,0.61472,4239,17,0
2024-10-07 08:00:00+00:00,0.61471,0.61525,0.61334,0.61475,4968,17,0
2024-10-07 12:00:00+00:00,0.61477,0.6154,0.61166,0.61218,7209,17,0
2024-10-07 16:00:00+00:00,0.61217,0.61308,0.61117,0.6121,4649,17,0
2024-10-07 20:00:00+00:00,0.6121,0.61304,0.6118,0.61269,2641,17,0
2024-10-08 00:00:00+00:00,0.6127,0.61441,0.61067,0.6124,7643,17,0
2024-10-08 04:00:00+00:00,0.6124,0.61315,0.61104,0.61303,6138,17,0
2024-10-08 08:00:00+00:00,0.61304,0.61307,0.6113,0.61252,4542,17,0
2024-10-08 12:00:00+00:00,0.61251,0.61278,0.61081,0.61201,6552,17,0
2024-10-08 16:00:00+00:00,0.61202,0.61357,0.61113,0.61346,4263,17,0
2024-10-08 20:00:00+00:00,0.61347,0.61408,0.61262,0.61298,2234,17,0
2024-10-09 00:00:00+00:00,0.61298,0.61373,0.60741,0.60865,8129,17,0
2024-10-09 04:00:00+00:00,0.60868,0.61106,0.60768,0.60846,8052,17,0
2024-10-09 08:00:00+00:00,0.60846,0.60907,0.60668,0.60694,3866,17,0
2024-10-09 12:00:00+00:00,0.60695,0.60754,0.60519,0.60634,5881,17,0
2024-10-09 16:00:00+00:00,0.60632,0.60633,0.60524,0.60571,3693,17,0
2024-10-09 20:00:00+00:00,0.60573,0.60733,0.60513,0.60674,2718,17,0
2024-10-10 00:00:00+00:00,0.60672,0.60905,0.60633,0.60868,5966,17,0
2024-10-10 04:00:00+00:00,0.60868,0.60915,0.60763,0.60768,4461,17,0
2024-10-10 08:00:00+00:00,0.60769,0.6081,0.60689,0.60719,3608,17,0
2024-10-10 12:00:00+00:00,0.60719,0.60968,0.60542,0.60841,11104,17,0
2024-10-10 16:00:00+00:00,0.60843,0.60892,0.60651,0.6089,4918,17,0
2024-10-10 20:00:00+00:00,0.60889,0.60964,0.60859,0.60945,2617,17,0
2024-10-11 00:00:00+00:00,0.60946,0.61051,0.6091,0.61028,3571,17,0
2024-10-11 04:00:00+00:00,0.61028,0.6104,0.60867,0.60986,3134,17,0
2024-10-11 08:00:00+00:00,0.60986,0.6101,0.60832,0.60891,3486,17,0
2024-10-11 12:00:00+00:00,0.60889,0.61127,0.60831,0.61095,7198,17,0
2024-10-11 16:00:00+00:00,0.61095,0.61188,0.61085,0.61096,2521,17,0
2024-10-11 20:00:00+00:00,0.61094,0.61111,0.61071,0.61088,456,17,0
2024-10-13 20:00:00+00:00,0.60859,0.61,0.60858,0.60897,1889,17,0
2024-10-14 00:00:00+00:00,0.60897,0.61021,0.60819,0.60913,5398,17,0
2024-10-14 04:00:00+00:00,0.60913,0.61006,0.60866,0.60881,3872,17,0
2024-10-14 08:00:00+00:00,0.60881,0.6093,0.60755,0.60792,3394,17,0
2024-10-14 12:00:00+00:00,0.60792,0.60983,0.60693,0.60885,6190,17,0
2024-10-14 16:00:00+00:00,0.60886,0.60927,0.60804,0.60902,3200,17,0
2024-10-14 20:00:00+00:00,0.60903,0.60954,0.60869,0.60892,1914,17,0
2024-10-15 00:00:00+00:00,0.60894,0.60929,0.60835,0.60879,3962,17,0
2024-10-15 04:00:00+00:00,0.60879,0.60879,0.60728,0.6078,4730,17,0
2024-10-15 08:00:00+00:00,0.6078,0.60938,0.60754,0.60899,4274,17,0
2024-10-15 12:00:00+00:00,0.609,0.6105,0.60833,0.60847,6801,17,0
2024-10-15 16:00:00+00:00,0.60848,0.60863,0.60718,0.60785,3624,17,0
2024-10-15 20:00:00+00:00,0.60786,0.60838,0.60505,0.6051,3737,17,0
2024-10-16 00:00:00+00:00,0.6051,0.60727,0.6039,0.60647,6303,17,0
2024-10-16 04:00:00+00:00,0.60647,0.607,0.60564,0.60668,5009,17,0
2024-10-16 08:00:00+00:00,0.60668,0.60773,0.60624,0.60766,4377,17,0
2024-10-16 12:00:00+00:00,0.60769,0.60788,0.60537,0.60553,6115,17,0
2024-10-16 16:00:00+00:00,0.60552,0.60609,0.60522,0.60575,3173,17,0
2024-10-16 20:00:00+00:00,0.60576,0.60584,0.60497,0.60574,1601,17,0
2024-10-17 00:00:00+00:00,0.60573,0.60748,0.60552,0.6059,5547,17,0
2024-10-17 04:00:00+00:00,0.6059,0.60656,0.60438,0.60514,4287,17,0
2024-10-17 08:00:00+00:00,0.60511,0.60733,0.60464,0.60684,3693,17,0
2024-10-17 12:00:00+00:00,0.60683,0.60695,0.60488,0.60613,8776,17,0
2024-10-17 16:00:00+00:00,0.60616,0.60643,0.60546,0.60588,3621,17,0
2024-10-17 20:00:00+00:00,0.60587,0.60613,0.60515,0.60593,1829,17,0
2024-10-18 00:00:00+00:00,0.60593,0.60715,0.60556,0.60602,4998,17,0
2024-10-18 04:00:00+00:00,0.60602,0.60709,0.60569,0.60662,4454,17,0
2024-10-18 08:00:00+00:00,0.60664,0.60757,0.6065,0.60723,3861,17,0
2024-10-18 12:00:00+00:00,0.60723,0.60792,0.60628,0.60634,5362,17,0
2024-10-18 16:00:00+00:00,0.60634,0.60741,0.60625,0.60694,3087,17,0
2024-10-18 20:00:00+00:00,0.60693,0.60728,0.60677,0.60712,459,17,0
2024-10-20 20:00:00+00:00,0.60648,0.60759,0.60621,0.60753,1113,17,0
2024-10-21 00:00:00+00:00,0.60753,0.60833,0.60693,0.60807,4939,17,0
2024-10-21 04:00:00+00:00,0.60806,0.60814,0.60538,0.60628,4396,17,0
2024-10-21 08:00:00+00:00,0.60627,0.60651,0.60485,0.60552,3738,17,0
2024-10-21 12:00:00+00:00,0.60552,0.60654,0.60291,0.60319,5738,17,0
2024-10-21 16:00:00+00:00,0.60317,0.60349,0.60274,0.60317,3342,17,0
2024-10-21 20:00:00+00:00,0.60315,0.60328,0.60209,0.60223,2049,17,0
2024-10-22 00:00:00+00:00,0.60222,0.60501,0.60203,0.60495,4796,17,0
2024-10-22 04:00:00+00:00,0.60495,0.6059,0.60485,0.6053,4132,17,0
2024-10-22 08:00:00+00:00,0.6053,0.60591,0.6046,0.6051,3991,17,0
2024-10-22 12:00:00+00:00,0.60509,0.60602,0.60413,0.60427,6063,17,0
2024-10-22 16:00:00+00:00,0.60425,0.60527,0.604,0.60428,3513,17,0
2024-10-22 20:00:00+00:00,0.60427,0.60444,0.60362,0.60426,1928,17,0
2024-10-23 00:00:00+00:00,0.60426,0.60522,0.60276,0.60417,4577,17,0
2024-10-23 04:00:00+00:00,0.60417,0.60431,0.60255,0.60267,3812,17,0
2024-10-23 08:00:00+00:00,0.60265,0.60301,0.60077,0.60084,3271,17,0
2024-10-23 12:00:00+00:00,0.60082,0.60121,0.60013,0.60042,5156,17,0
2024-10-23 16:00:00+00:00,0.60041,0.60054,0.59903,0.60053,3521,17,0
2024-10-23 20:00:00+00:00,0.60053,0.60065,0.59971,0.60047,2143,17,0
2024-10-24 00:00:00+00:00,0.60047,0.60148,0.59992,0.60115,4124,17,0
2024-10-24 04:00:00+00:00,0.60115,0.60275,0.60102,0.60233,3948,17,0
2024-10-24 08:00:00+00:00,0.60233,0.60312,0.6021,0.60269,3823,17,0
2024-10-24 12:00:00+00:00,0.60272,0.60307,0.60025,0.6006,6764,17,0
2024-10-24 16:00:00+00:00,0.6006,0.60195,0.60009,0.60161,3826,17,0
2024-10-24 20:00:00+00:00,0.6016,0.60164,0.60056,0.60069,1672,17,0
2024-10-25 00:00:00+00:00,0.60068,0.60094,0.59884,0.59924,4060,17,0
2024-10-25 04:00:00+00:00,0.59925,0.60024,0.59865,0.59969,3935,17,0
2024-10-25 08:00:00+00:00,0.5997,0.60076,0.59941,0.60042,3175,17,0
2024-10-25 12:00:00+00:00,0.60042,0.60125,0.5991,0.59915,5734,17,0
2024-10-25 16:00:00+00:00,0.59915,0.59915,0.59738,0.59739,3948,17,0
2024-10-25 20:00:00+00:00,0.59739,0.59769,0.59733,0.59766,595,17,0
2024-10-27 20:00:00+00:00,0.59625,0.59834,0.59625,0.59775,1723,17,0
2024-10-28 00:00:00+00:00,0.59774,0.59816,0.5961,0.59612,4219,17,0
2024-10-28 04:00:00+00:00,0.59612,0.59738,0.59571,0.59698,3326,17,0
2024-10-28 08:00:00+00:00,0.59696,0.59869,0.59674,0.59858,3463,17,0
2024-10-28 12:00:00+00:00,0.59858,0.59967,0.59775,0.59782,4796,17,0
2024-10-28 16:00:00+00:00,0.59781,0.59822,0.59712,0.59804,3414,17,0
2024-10-28 20:00:00+00:00,0.59802,0.59882,0.5973,0.59879,1503,17,0
2024-10-29 00:00:00+00:00,0.59879,0.59887,0.59674,0.59686,4059,17,0
2024-10-29 04:00:00+00:00,0.59685,0.5978,0.59667,0.59739,3136,17,0
2024-10-29 08:00:00+00:00,0.59739,0.59823,0.59676,0.59676,3981,17,0
2024-10-29 12:00:00+00:00,0.59679,0.59763,0.59527,0.59596,7104,17,0
2024-10-29 16:00:00+00:00,0.59597,0.59672,0.59546,0.59653,4027,17,0
2024-10-29 20:00:00+00:00,0.59652,0.5973,0.59627,0.59685,1812,17,0
2024-10-30 00:00:00+00:00,0.59685,0.59775,0.59499,0.59544,4445,17,0
2024-10-30 04:00:00+00:00,0.59543,0.59787,0.59521,0.5978,3248,17,0
2024-10-30 08:00:00+00:00,0.59783,0.60009,0.59783,0.59831,4430,17,0
2024-10-30 12:00:00+00:00,0.5983,0.59938,0.59682,0.59847,8043,17,0
2024-10-30 16:00:00+00:00,0.59846,0.59858,0.59763,0.59774,4064,17,0
2024-10-30 20:00:00+00:00,0.59772,0.59786,0.59659,0.59703,2437,17,0
2024-10-31 00:00:00+00:00,0.59703,0.59811,0.59639,0.59709,4116,17,0
2024-10-31 04:00:00+00:00,0.59709,0.59819,0.5969,0.59811,3572,17,0
2024-10-31 08:00:00+00:00,0.59813,0.59823,0.59647,0.59734,3957,17,0
2024-10-31 12:00:00+00:00,0.59735,0.59797,0.59392,0.59494,8627,17,0
2024-10-31 16:00:00+00:00,0.59496,0.59758,0.59487,0.59753,5233,17,0
2024-10-31 20:00:00+00:00,0.59754,0.59797,0.59688,0.59701,2498,17,0
2024-11-01 00:00:00+00:00,0.597,0.59781,0.59628,0.59758,4251,17,0
2024-11-01 04:00:00+00:00,0.59756,0.59825,0.59642,0.59653,3324,17,0
2024-11-01 08:00:00+00:00,0.59651,0.59732,0.59624,0.59706,3397,17,0
2024-11-01 12:00:00+00:00,0.59706,0.59982,0.59635,0.5979,9493,17,0
2024-11-01 16:00:00+00:00,0.59787,0.59806,0.59577,0.59598,4362,17,0
2024-11-01 20:00:00+00:00,0.596,0.59627,0.59583,0.59618,501,17,0
2024-11-03 20:00:00+00:00,0.59933,0.59934,0.59681,0.59853,1987,17,0
2024-11-04 00:00:00+00:00,0.59852,0.60146,0.59808,0.60101,5107,17,0
2024-11-04 04:00:00+00:00,0.601,0.60101,0.59852,0.59854,4295,17,0
2024-11-04 08:00:00+00:00,0.59854,0.59941,0.59792,0.59934,4228,17,0
2024-11-04 12:00:00+00:00,0.59931,0.59977,0.5982,0.59894,5981,17,0
2024-11-04 16:00:00+00:00,0.59895,0.599,0.59716,0.59737,4864,17,0
2024-11-04 20:00:00+00:00,0.59738,0.59763,0.59637,0.59723,2362,17,0
2024-11-05 00:00:00+00:00,0.59722,0.59792,0.5966,0.59705,4328,17,0
2024-11-05 04:00:00+00:00,0.59704,0.59953,0.59699,0.59931,3488,17,0
2024-11-05 08:00:00+00:00,0.59933,0.60032,0.59929,0.5999,3358,17,0
2024-11-05 12:00:00+00:00,0.59992,0.60099,0.59936,0.59975,5676,17,0
2024-11-05 16:00:00+00:00,0.59973,0.60043,0.59929,0.59962,4406,17,0
2024-11-05 20:00:00+00:00,0.5996,0.60182,0.59915,0.60151,3921,17,0
2024-11-06 00:00:00+00:00,0.60151,0.602,0.59147,0.59186,15707,17,0
2024-11-06 04:00:00+00:00,0.59187,0.59537,0.59111,0.5931,12757,17,0
2024-11-06 08:00:00+00:00,0.59307,0.5974,0.59289,0.59392,8861,17,0
2024-11-06 12:00:00+00:00,0.59393,0.59568,0.59316,0.59493,10707,17,0
2024-11-06 16:00:00+00:00,0.59492,0.59593,0.59366,0.59485,7419,17,0
2024-11-06 20:00:00+00:00,0.59484,0.59519,0.59285,0.59374,3013,17,0
2024-11-07 00:00:00+00:00,0.59373,0.5984,0.59302,0.59824,6369,17,0
2024-11-07 04:00:00+00:00,0.59825,0.59976,0.59791,0.59906,4877,17,0
2024-11-07 08:00:00+00:00,0.5991,0.60022,0.59841,0.59869,4932,17,0
2024-11-07 12:00:00+00:00,0.59869,0.60368,0.59849,0.60327,8295,17,0
2024-11-07 16:00:00+00:00,0.60327,0.6035,0.6005,0.60165,7842,17,0
2024-11-07 20:00:00+00:00,0.60164,0.60318,0.60154,0.60208,4253,17,0
2024-11-08 00:00:00+00:00,0.60208,0.60233,0.60004,0.60008,4849,17,0
2024-11-08 04:00:00+00:00,0.60008,0.60136,0.59989,0.60084,4437,17,0
2024-11-08 08:00:00+00:00,0.60083,0.60116,0.59894,0.6,6064,17,0
2024-11-08 12:00:00+00:00,0.60002,0.60004,0.59756,0.59791,7115,17,0
2024-11-08 16:00:00+00:00,0.59791,0.59793,0.59466,0.59593,5545,17,0
2024-11-08 20:00:00+00:00,0.5959,0.5969,0.59556,0.59654,1800,17,0
2024-11-10 20:00:00+00:00,0.59437,0.59674,0.59436,0.59635,1504,17,0
2024-11-11 00:00:00+00:00,0.59632,0.59752,0.59598,0.59735,4649,17,0
2024-11-11 04:00:00+00:00,0.59735,0.59767,0.59612,0.59644,4090,17,0
2024-11-11 08:00:00+00:00,0.59645,0.59712,0.59558,0.5968,4945,17,0
2024-11-11 12:00:00+00:00,0.59682,0.59696,0.59512,0.59575,5714,17,0
2024-11-11 16:00:00+00:00,0.59575,0.59626,0.59538,0.59588,3726,17,0
2024-11-11 20:00:00+00:00,0.59588,0.59687,0.59554,0.59686,2213,17,0
2024-11-12 00:00:00+00:00,0.59686,0.59717,0.59532,0.59542,5593,17,0
2024-11-12 04:00:00+00:00,0.59541,0.59592,0.59493,0.59523,5210,17,0
2024-11-12 08:00:00+00:00,0.59525,0.59559,0.59375,0.59441,5313,17,0
2024-11-12 12:00:00+00:00,0.5944,0.59539,0.59293,0.59312,6711,17,0
2024-11-12 16:00:00+00:00,0.59311,0.59322,0.59088,0.59213,5821,17,0
2024-11-12 20:00:00+00:00,0.59212,0.59298,0.59161,0.59218,2866,17,0
2024-11-13 00:00:00+00:00,0.59218,0.59328,0.59167,0.59269,5041,17,0
2024-11-13 04:00:00+00:00,0.59268,0.59308,0.59211,0.59232,4115,17,0
2024-11-13 08:00:00+00:00,0.59229,0.59333,0.59181,0.59304,4605,17,0
2024-11-13 12:00:00+00:00,0.59306,0.59464,0.58866,0.59004,9847,17,0
2024-11-13 16:00:00+00:00,0.59003,0.59011,0.58773,0.58826,5900,17,0
2024-11-13 20:00:00+00:00,0.58825,0.58843,0.58732,0.58824,2820,17,0
2024-11-14 00:00:00+00:00,0.58825,0.58834,0.58604,0.58621,4843,17,0
2024-11-14 04:00:00+00:00,0.58621,0.58706,0.58531,0.58658,4587,17,0
2024-11-14 08:00:00+00:00,0.58655,0.58699,0.58495,0.58628,5184,17,0
2024-11-14 12:00:00+00:00,0.58628,0.58823,0.58533,0.58769,8626,17,0
2024-11-14 16:00:00+00:00,0.58768,0.58807,0.58644,0.58652,5381,17,0
2024-11-14 20:00:00+00:00,0.58649,0.58652,0.58386,0.58485,5461,17,0
2024-11-15 00:00:00+00:00,0.58484,0.58654,0.58395,0.58557,5074,17,0
2024-11-15 04:00:00+00:00,0.58556,0.58684,0.58528,0.58636,4122,17,0
2024-11-15 08:00:00+00:00,0.58634,0.58752,0.58567,0.58727,4910,17,0
2024-11-15 12:00:00+00:00,0.58725,0.58798,0.58467,0.58612,8641,17,0
2024-11-15 16:00:00+00:00,0.58614,0.58691,0.58576,0.58583,6116,17,0
2024-11-15 20:00:00+00:00,0.58583,0.58674,0.58514,0.58658,2146,17,0
2024-11-17 20:00:00+00:00,0.5859,0.58648,0.58569,0.58628,1157,17,0
2024-11-18 00:00:00+00:00,0.5863,0.58748,0.58509,0.58536,4897,17,0
2024-11-18 04:00:00+00:00,0.58536,0.58632,0.58427,0.5846,4032,17,0
2024-11-18 08:00:00+00:00,0.58461,0.58513,0.58356,0.58383,4859,17,0
2024-11-18 12:00:00+00:00,0.58382,0.58683,0.58363,0.58654,5688,17,0
2024-11-18 16:00:00+00:00,0.58654,0.58971,0.58649,0.58889,4482,17,0
2024-11-18 20:00:00+00:00,0.58889,0.58936,0.58841,0.58893,2285,17,0
2024-11-19 00:00:00+00:00,0.58893,0.58976,0.58772,0.58975,4664,17,0
2024-11-19 04:00:00+00:00,0.58975,0.59006,0.58843,0.58935,4022,17,0
2024-11-19 08:00:00+00:00,0.58934,0.58986,0.58735,0.58805,7128,17,0
2024-11-19 12:00:00+00:00,0.58809,0.59031,0.58803,0.59008,7709,17,0
2024-11-19 16:00:00+00:00,0.59008,0.59113,0.58967,0.59102,4756,17,0
2024-11-19 20:00:00+00:00,0.59102,0.59192,0.59026,0.5918,2308,17,0
2024-11-20 00:00:00+00:00,0.5918,0.59212,0.59024,0.59051,3725,17,0
2024-11-20 04:00:00+00:00,0.59051,0.59095,0.5892,0.58924,3416,17,0
2024-11-20 08:00:00+00:00,0.58924,0.58939,0.58726,0.58775,4533,17,0
2024-11-20 12:00:00+00:00,0.58775,0.58851,0.58632,0.58704,5404,17,0
2024-11-20 16:00:00+00:00,0.58704,0.58775,0.58631,0.58699,4123,17,0
2024-11-20 20:00:00+00:00,0.58697,0.58793,0.58675,0.58791,2048,17,0
2024-11-21 00:00:00+00:00,0.58791,0.58851,0.58721,0.58786,3599,17,0
2024-11-21 04:00:00+00:00,0.58786,0.58797,0.58593,0.58633,4241,17,0
2024-11-21 08:00:00+00:00,0.58634,0.58756,0.58597,0.58693,5227,17,0
2024-11-21 12:00:00+00:00,0.58693,0.58834,0.58636,0.58643,7283,17,0
2024-11-21 16:00:00+00:00,0.58643,0.58664,0.5849,0.58651,5975,17,0
2024-11-21 20:00:00+00:00,0.58653,0.58668,0.58518,0.58558,2262,17,0
2024-11-22 00:00:00+00:00,0.58558,0.58569,0.58283,0.58428,4445,17,0
2024-11-22 04:00:00+00:00,0.58425,0.58437,0.58257,0.58387,4301,17,0
2024-11-22 08:00:00+00:00,0.58389,0.58537,0.58219,0.58379,8243,17,0
2024-11-22 12:00:00+00:00,0.58383,0.58436,0.58239,0.58259,8636,17,0
2024-11-22 16:00:00+00:00,0.58259,0.58334,0.58157,0.58278,4698,17,0
2024-11-22 20:00:00+00:00,0.58279,0.5835,0.58239,0.58344,1724,17,0
2024-11-24 20:00:00+00:00,0.58441,0.58683,0.5844,0.58604,1873,17,0
2024-11-25 00:00:00+00:00,0.58605,0.58663,0.58514,0.58519,4689,17,0
2024-11-25 04:00:00+00:00,0.58519,0.58623,0.58448,0.58449,4213,17,0
2024-11-25 08:00:00+00:00,0.5845,0.58549,0.58356,0.58456,4986,17,0
2024-11-25 12:00:00+00:00,0.58457,0.58671,0.58378,0.58463,6636,17,0
2024-11-25 16:00:00+00:00,0.58463,0.58515,0.58349,0.58484,4551,17,0
2024-11-25 20:00:00+00:00,0.58488,0.58499,0.57975,0.58099,3756,17,0
2024-11-26 00:00:00+00:00,0.58099,0.58379,0.57965,0.58379,8091,17,0
2024-11-26 04:00:00+00:00,0.58379,0.58462,0.58321,0.58323,4523,17,0
2024-11-26 08:00:00+00:00,0.58322,0.58559,0.58312,0.5851,5063,17,0
2024-11-26 12:00:00+00:00,0.58509,0.58649,0.58199,0.5828,7891,17,0
2024-11-26 16:00:00+00:00,0.58283,0.58303,0.58148,0.58259,5974,17,0
2024-11-26 20:00:00+00:00,0.58258,0.58366,0.58225,0.58355,3216,17,0
2024-11-27 00:00:00+00:00,0.58355,0.58807,0.58266,0.58665,7152,17,0
2024-11-27 04:00:00+00:00,0.58665,0.58874,0.58594,0.5885,4502,17,0
2024-11-27 08:00:00+00:00,0.58847,0.59,0.58789,0.58863,5968,17,0
2024-11-27 12:00:00+00:00,0.58863,0.59071,0.58812,0.59033,8025,17,0
2024-11-27 16:00:00+00:00,0.59034,0.59073,0.58942,0.58965,5996,17,0
2024-11-27 20:00:00+00:00,0.58965,0.58969,0.58861,0.58919,2833,17,0
2024-11-28 00:00:00+00:00,0.58921,0.59043,0.58873,0.58896,4393,17,0
2024-11-28 04:00:00+00:00,0.58897,0.58955,0.58811,0.58846,3739,17,0
2024-11-28 08:00:00+00:00,0.58842,0.58966,0.58797,0.58869,4687,17,0
2024-11-28 12:00:00+00:00,0.5887,0.58901,0.58804,0.58845,4149,17,0
2024-11-28 16:00:00+00:00,0.58844,0.58918,0.58831,0.58906,1565,17,0
2024-11-28 20:00:00+00:00,0.58906,0.58957,0.58811,0.58949,1928,17,0
2024-11-29 00:00:00+00:00,0.58949,0.59136,0.58923,0.59128,5212,17,0
2024-11-29 04:00:00+00:00,0.59126,0.59281,0.59072,0.59204,4464,17,0
2024-11-29 08:00:00+00:00,0.59203,0.59209,0.59063,0.59139,5009,17,0
2024-11-29 12:00:00+00:00,0.59139,0.59263,0.59038,0.59146,6056,17,0
2024-11-29 16:00:00+00:00,0.59148,0.59262,0.59066,0.5926,3953,17,0
2024-11-29 20:00:00+00:00,0.5926,0.59267,0.59186,0.59193,794,35,0
2024-12-01 20:00:00+00:00,0.59043,0.59121,0.58985,0.59053,1630,17,0
2024-12-02 00:00:00+00:00,0.59051,0.59057,0.58893,0.58947,5588,17,0
2024-12-02 04:00:00+00:00,0.58946,0.59081,0.58903,0.59007,5394,17,0
2024-12-02 08:00:00+00:00,0.59005,0.59105,0.58931,0.59031,5227,17,0
2024-12-02 12:00:00+00:00,0.59031,0.59056,0.58631,0.58682,7499,17,0
2024-12-02 16:00:00+00:00,0.58682,0.58847,0.58642,0.58827,5306,17,0
2024-12-02 20:00:00+00:00,0.58827,0.58932,0.58762,0.5883,3630,17,0
2024-12-03 00:00:00+00:00,0.58829,0.58853,0.58637,0.5875,4905,17,0
2024-12-03 04:00:00+00:00,0.5875,0.58883,0.58716,0.58862,3924,17,0
2024-12-03 08:00:00+00:00,0.58858,0.59039,0.58855,0.58914,4587,17,0
2024-12-03 12:00:00+00:00,0.58914,0.58928,0.58667,0.58769,7057,17,0
2024-12-03 16:00:00+00:00,0.58771,0.58912,0.58708,0.5874,4504,17,0
2024-12-03 20:00:00+00:00,0.58739,0.58828,0.58726,0.58809,2117,17,0
2024-12-04 00:00:00+00:00,0.58809,0.58836,0.58304,0.5841,5727,17,0
2024-12-04 04:00:00+00:00,0.5841,0.58635,0.58371,0.58558,4696,17,0
2024-12-04 08:00:00+00:00,0.58554,0.58566,0.58353,0.58385,5185,17,0
2024-12-04 12:00:00+00:00,0.58384,0.58612,0.58283,0.58596,7515,17,0
2024-12-04 16:00:00+00:00,0.58598,0.58678,0.58517,0.58594,5277,17,0
2024-12-04 20:00:00+00:00,0.58595,0.58608,0.58438,0.5856,2681,17,0
2024-12-05 00:00:00+00:00,0.58561,0.587,0.58512,0.58691,4313,17,0
2024-12-05 04:00:00+00:00,0.58691,0.58776,0.58626,0.58757,3678,17,0
2024-12-05 08:00:00+00:00,0.58757,0.58802,0.58593,0.58639,3999,17,0
2024-12-05 12:00:00+00:00,0.58639,0.58805,0.58516,0.58698,6976,17,0
2024-12-05 16:00:00+00:00,0.58698,0.58867,0.58613,0.58832,4748,17,0
2024-12-05 20:00:00+00:00,0.58832,0.58884,0.58784,0.5882,2364,17,0
2024-12-06 00:00:00+00:00,0.5882,0.58826,0.58617,0.58668,4876,17,0
2024-12-06 04:00:00+00:00,0.58667,0.58674,0.58538,0.58586,3715,17,0
2024-12-06 08:00:00+00:00,0.58586,0.58587,0.58411,0.5843,4033,17,0
2024-12-06 12:00:00+00:00,0.58429,0.58756,0.5826,0.58326,9539,17,0
2024-12-06 16:00:00+00:00,0.58325,0.58362,0.58205,0.5828,5131,17,0
2024-12-06 20:00:00+00:00,0.58282,0.58334,0.58278,0.58293,1700,17,0
2024-12-09 00:00:00+00:00,0.5831,0.58316,0.58129,0.58134,1007,17,0
2024-12-09 04:00:00+00:00,0.58132,0.5842,0.58037,0.58405,4228,17,0
2024-12-09 08:00:00+00:00,0.58405,0.58677,0.58361,0.58605,4874,17,0
2024-12-09 12:00:00+00:00,0.58605,0.58873,0.58548,0.58837,5802,17,0
2024-12-09 16:00:00+00:00,0.58838,0.58871,0.58648,0.58675,4008,17,0
2024-12-09 20:00:00+00:00,0.58674,0.58685,0.58564,0.58573,2506,17,0
2024-12-10 00:00:00+00:00,0.58573,0.58574,0.58211,0.583,5895,17,0
2024-12-10 04:00:00+00:00,0.583,0.58361,0.58184,0.58188,4990,17,0
2024-12-10 08:00:00+00:00,0.58191,0.58286,0.5814,0.58224,4629,17,0
2024-12-10 12:00:00+00:00,0.58225,0.58231,0.57944,0.57966,5671,17,0
2024-12-10 16:00:00+00:00,0.57969,0.5805,0.57908,0.58002,3890,17,0
2024-12-10 20:00:00+00:00,0.58002,0.58031,0.57926,0.58005,2443,17,0
2024-12-11 00:00:00+00:00,0.58005,0.58076,0.57957,0.58015,4307,17,0
2024-12-11 04:00:00+00:00,0.58014,0.58019,0.5766,0.5766,5171,17,0
2024-12-11 08:00:00+00:00,0.57716,0.57813,0.57607,0.5774,5254,17,0
2024-12-11 12:00:00+00:00,0.5774,0.58002,0.57723,0.5786,9027,17,0
2024-12-11 16:00:00+00:00,0.5786,0.57967,0.57793,0.57848,5353,17,0
2024-12-11 20:00:00+00:00,0.57852,0.57929,0.57775,0.5792,2454,17,0
2024-12-12 00:00:00+00:00,0.57921,0.58084,0.57843,0.58055,5241,17,0
2024-12-12 04:00:00+00:00,0.58055,0.58167,0.58028,0.58075,3968,17,0
2024-12-12 08:00:00+00:00,0.58073,0.58106,0.57918,0.57956,5382,17,0
2024-12-12 12:00:00+00:00,0.57956,0.58013,0.57705,0.578,8851,17,0
2024-12-12 16:00:00+00:00,0.578,0.57931,0.57654,0.57655,5569,17,0
2024-12-12 20:00:00+00:00,0.57655,0.57708,0.57564,0.5769,3115,17,0
2024-12-13 00:00:00+00:00,0.57688,0.57712,0.57571,0.5763,4748,17,0
2024-12-13 04:00:00+00:00,0.5763,0.57678,0.57559,0.57647,3891,17,0
2024-12-13 08:00:00+00:00,0.57646,0.57685,0.57549,0.57629,4478,17,0
2024-12-13 12:00:00+00:00,0.57629,0.57776,0.57536,0.57584,5307,17,0
2024-12-13 16:00:00+00:00,0.57585,0.57629,0.57528,0.57566,4120,17,0
2024-12-13 20:00:00+00:00,0.57568,0.57628,0.57534,0.57621,1302,17,0
2024-12-15 20:00:00+00:00,0.57551,0.57738,0.57542,0.57689,1269,17,0
2024-12-16 00:00:00+00:00,0.57687,0.57769,0.57654,0.5776,3820,17,0
2024-12-16 04:00:00+00:00,0.57759,0.57827,0.57741,0.57782,3127,17,0
2024-12-16 08:00:00+00:00,0.57782,0.57855,0.57612,0.57658,3738,17,0
2024-12-16 12:00:00+00:00,0.57659,0.57822,0.57586,0.57812,5093,17,0
2024-12-16 16:00:00+00:00,0.57813,0.57848,0.57747,0.57788,3778,17,0
2024-12-16 20:00:00+00:00,0.57788,0.57911,0.5772,0.57905,2460,17,0
2024-12-17 00:00:00+00:00,0.57905,0.57921,0.577,0.57709,3807,17,0
2024-12-17 04:00:00+00:00,0.57709,0.57745,0.57559,0.57627,3530,17,0
2024-12-17 08:00:00+00:00,0.57626,0.57632,0.57534,0.57582,3878,17,0
2024-12-17 12:00:00+00:00,0.57581,0.57672,0.57536,0.57586,5597,17,0
2024-12-17 16:00:00+00:00,0.57586,0.57624,0.57509,0.57538,3717,17,0
2024-12-17 20:00:00+00:00,0.57538,0.57573,0.57468,0.57573,2054,17,0
2024-12-18 00:00:00+00:00,0.57571,0.5758,0.57387,0.57387,3620,17,0
2024-12-18 04:00:00+00:00,0.57387,0.57471,0.57303,0.57368,3237,17,0
2024-12-18 08:00:00+00:00,0.57366,0.57371,0.57223,0.57285,3825,17,0
2024-12-18 12:00:00+00:00,0.57284,0.57364,0.57193,0.57199,4879,17,0
2024-12-18 16:00:00+00:00,0.57199,0.57239,0.56632,0.56646,6749,17,0
2024-12-18 20:00:00+00:00,0.56645,0.56669,0.56103,0.56155,7145,17,0
2024-12-19 00:00:00+00:00,0.56158,0.563,0.56074,0.56294,6433,17,0
2024-12-19 04:00:00+00:00,0.56293,0.56439,0.56215,0.56398,4905,17,0
2024-12-19 08:00:00+00:00,0.56395,0.56609,0.56371,0.56562,5126,17,0
2024-12-19 12:00:00+00:00,0.56562,0.56613,0.56485,0.56488,7365,17,0
2024-12-19 16:00:00+00:00,0.56489,0.56564,0.56336,0.56345,5432,17,0
2024-12-19 20:00:00+00:00,0.56347,0.56368,0.56234,0.56253,2892,17,0
2024-12-20 00:00:00+00:00,0.56254,0.56321,0.56121,0.56229,4782,17,0
2024-12-20 04:00:00+00:00,0.56231,0.56401,0.56198,0.56392,4180,17,0
2024-12-20 08:00:00+00:00,0.56392,0.56453,0.56267,0.5628,4365,17,0
2024-12-20 12:00:00+00:00,0.56281,0.56528,0.56276,0.56444,6982,17,0
2024-12-20 16:00:00+00:00,0.56443,0.56715,0.56414,0.56657,5446,17,0
2024-12-20 20:00:00+00:00,0.56657,0.5666,0.56519,0.56535,2012,17,0
2024-12-22 20:00:00+00:00,0.56501,0.56555,0.5632,0.56512,1412,17,0
2024-12-23 00:00:00+00:00,0.56515,0.56593,0.56412,0.56522,3417,17,0
2024-12-23 04:00:00+00:00,0.56522,0.56593,0.56445,0.56457,3085,17,0
2024-12-23 08:00:00+00:00,0.56456,0.56602,0.56425,0.56462,3604,17,0
2024-12-23 12:00:00+00:00,0.56463,0.56469,0.56313,0.56391,5301,17,0
2024-12-23 16:00:00+00:00,0.56392,0.56528,0.5634,0.56512,4264,17,0
2024-12-23 20:00:00+00:00,0.5651,0.56534,0.56351,0.56449,2353,17,0
2024-12-24 00:00:00+00:00,0.56449,0.56481,0.56346,0.5641,3373,17,0
2024-12-24 04:00:00+00:00,0.56411,0.56515,0.56403,0.5643,2270,17,0
2024-12-24 08:00:00+00:00,0.5643,0.56488,0.56367,0.5638,2594,17,0
2024-12-24 12:00:00+00:00,0.5638,0.5648,0.56346,0.56354,3796,17,0
2024-12-24 16:00:00+00:00,0.56354,0.56499,0.56306,0.5641,2722,17,0
2024-12-24 20:00:00+00:00,0.5641,0.56561,0.56357,0.56474,1098,56,0
2024-12-25 20:00:00+00:00,0.56434,0.56533,0.56349,0.565,1570,17,0
2024-12-26 00:00:00+00:00,0.56499,0.56588,0.56471,0.56536,2797,17,0
2024-12-26 04:00:00+00:00,0.56536,0.56538,0.56344,0.56428,2364,17,0
2024-12-26 08:00:00+00:00,0.56429,0.56438,0.56331,0.56389,2364,17,0
2024-12-26 12:00:00+00:00,0.56389,0.5639,0.56212,0.56222,4084,17,0
2024-12-26 16:00:00+00:00,0.56221,0.56333,0.56213,0.56236,3758,17,0
2024-12-26 20:00:00+00:00,0.56235,0.56257,0.5616,0.56241,2627,17,0
2024-12-27 00:00:00+00:00,0.56241,0.56269,0.56132,0.56152,3303,17,0
2024-12-27 04:00:00+00:00,0.56152,0.56321,0.5613,0.56314,2595,17,0
2024-12-27 08:00:00+00:00,0.56311,0.56374,0.5623,0.56358,3276,17,0
2024-12-27 12:00:00+00:00,0.56358,0.56426,0.56209,0.56356,5027,17,0
2024-12-27 16:00:00+00:00,0.56357,0.56388,0.56216,0.56362,4115,17,0
2024-12-27 20:00:00+00:00,0.56362,0.56362,0.56299,0.5631,1637,17,0
2024-12-29 20:00:00+00:00,0.56261,0.56458,0.56228,0.56381,1229,17,0
2024-12-30 00:00:00+00:00,0.56381,0.5658,0.56337,0.56567,2249,17,0
2024-12-30 04:00:00+00:00,0.56567,0.56629,0.56529,0.56623,2676,17,0
2024-12-30 08:00:00+00:00,0.56623,0.56636,0.56459,0.56613,3742,17,0
2024-12-30 12:00:00+00:00,0.56613,0.56633,0.56274,0.56365,6064,17,0
2024-12-30 16:00:00+00:00,0.56364,0.56487,0.56311,0.56399,3915,17,0
2024-12-30 20:00:00+00:00,0.56398,0.56438,0.56323,0.56381,2254,17,0
2024-12-31 00:00:00+00:00,0.56381,0.56458,0.56266,0.56273,2814,17,0
2024-12-31 04:00:00+00:00,0.56273,0.5635,0.56194,0.56328,2287,17,0
2024-12-31 08:00:00+00:00,0.56328,0.56332,0.56166,0.56187,3907,17,0
2024-12-31 12:00:00+00:00,0.56187,0.56194,0.56005,0.56026,5797,17,0
2024-12-31 16:00:00+00:00,0.56025,0.56046,0.55872,0.55927,4815,17,0
2024-12-31 20:00:00+00:00,0.55927,0.55978,0.55927,0.55932,935,17,0
2025-01-01 20:00:00+00:00,0.55897,0.56018,0.55875,0.5597,1258,17,0
2025-01-02 00:00:00+00:00,0.55969,0.56205,0.55922,0.56156,3709,17,0
2025-01-02 04:00:00+00:00,0.56156,0.56197,0.56072,0.56074,2843,17,0
2025-01-02 08:00:00+00:00,0.56078,0.56237,0.56035,0.56129,4541,17,0
2025-01-02 12:00:00+00:00,0.56129,0.56153,0.56007,0.56014,6755,17,0
2025-01-02 16:00:00+00:00,0.56015,0.56027,0.55861,0.55867,5603,17,0
2025-01-02 20:00:00+00:00,0.55867,0.55961,0.55867,0.55923,2380,17,0
2025-01-03 00:00:00+00:00,0.55923,0.5607,0.55923,0.56036,3274,17,0
2025-01-03 04:00:00+00:00,0.56035,0.561,0.55924,0.56009,3438,17,0
2025-01-03 08:00:00+00:00,0.5601,0.56076,0.55937,0.56076,3830,17,0
2025-01-03 12:00:00+00:00,0.56052,0.56121,0.55927,0.55994,4658,17,0
2025-01-03 16:00:00+00:00,0.55992,0.56129,0.55987,0.56077,3618,17,0
2025-01-03 20:00:00+00:00,0.56073,0.5613,0.56061,0.56114,1371,17,0
2025-01-05 20:00:00+00:00,0.56092,0.56196,0.56056,0.56161,1028,17,0
2025-01-06 00:00:00+00:00,0.56161,0.56335,0.56131,0.56209,4443,17,0
2025-01-06 04:00:00+00:00,0.5621,0.56283,0.5618,0.56256,3200,17,0
2025-01-06 08:00:00+00:00,0.56254,0.5674,0.56235,0.56738,6435,17,0
2025-01-06 12:00:00+00:00,0.56737,0.56838,0.56364,0.56398,10445,17,0
2025-01-06 16:00:00+00:00,0.56401,0.56471,0.56304,0.56373,4734,17,0
2025-01-06 20:00:00+00:00,0.56372,0.56442,0.56349,0.56367,2692,17,0
2025-01-07 00:00:00+00:00,0.5637,0.56624,0.56348,0.56609,3923,17,0
2025-01-07 04:00:00+00:00,0.56609,0.56753,0.56575,0.56751,3699,17,0
2025-01-07 08:00:00+00:00,0.56755,0.56919,0.56748,0.5677,4571,17,0
2025-01-07 12:00:00+00:00,0.5677,0.56795,0.56401,0.56464,6412,17,0
2025-01-07 16:00:00+00:00,0.56467,0.56503,0.56359,0.56398,6076,17,0
2025-01-07 20:00:00+00:00,0.56397,0.56403,0.56276,0.56329,2242,17,0
2025-01-08 00:00:00+00:00,0.5633,0.56409,0.56248,0.56323,3812,17,0
2025-01-08 04:00:00+00:00,0.56321,0.56409,0.5626,0.56275,3201,17,0
2025-01-08 08:00:00+00:00,0.56273,0.563,0.55889,0.56005,5332,17,0
2025-01-08 12:00:00+00:00,0.56004,0.56076,0.5589,0.56053,7779,17,0
2025-01-08 16:00:00+00:00,0.56054,0.5612,0.55986,0.56029,4863,17,0
2025-01-08 20:00:00+00:00,0.56029,0.56105,0.56005,0.56039,2882,17,0
2025-01-09 00:00:00+00:00,0.56041,0.5606,0.5594,0.55962,3442,17,0
2025-01-09 04:00:00+00:00,0.55962,0.55997,0.55762,0.55777,3757,17,0
2025-01-09 08:00:00+00:00,0.55778,0.55967,0.55713,0.55938,5277,17,0
2025-01-09 12:00:00+00:00,0.55938,0.5601,0.5589,0.55917,4840,17,0
2025-01-09 16:00:00+00:00,0.55918,0.56026,0.55896,0.55985,2597,17,0
2025-01-09 20:00:00+00:00,0.55987,0.56016,0.55914,0.55921,1782,17,0
2025-01-10 00:00:00+00:00,0.55922,0.56019,0.55909,0.55929,3295,17,0
2025-01-10 04:00:00+00:00,0.55927,0.55941,0.55819,0.55892,2987,17,0
2025-01-10 08:00:00+00:00,0.55891,0.55916,0.55743,0.55809,3956,17,0
2025-01-10 12:00:00+00:00,0.55811,0.55872,0.55422,0.55611,9921,17,0
2025-01-10 16:00:00+00:00,0.5561,0.55643,0.5549,0.55582,5946,17,0
2025-01-10 20:00:00+00:00,0.55582,0.55584,0.5552,0.55549,1698,17,0
2025-01-12 20:00:00+00:00,0.5551,0.55664,0.5548,0.55624,1480,17,0
2025-01-13 00:00:00+00:00,0.55625,0.55712,0.55577,0.55595,4220,17,0
2025-01-13 04:00:00+00:00,0.55596,0.55612,0.55472,0.55536,3646,17,0
2025-01-13 08:00:00+00:00,0.55536,0.5563,0.55407,0.55471,5266,17,0
2025-01-13 12:00:00+00:00,0.5547,0.55623,0.55426,0.55495,6205,17,0
2025-01-13 16:00:00+00:00,0.55497,0.55627,0.5544,0.55567,4226,17,0
2025-01-13 20:00:00+00:00,0.55566,0.56164,0.55564,0.56009,4099,17,0
2025-01-14 00:00:00+00:00,0.56008,0.56112,0.55947,0.56062,4925,17,0
2025-01-14 04:00:00+00:00,0.56061,0.56185,0.56008,0.5618,3828,17,0
2025-01-14 08:00:00+00:00,0.5618,0.56303,0.55942,0.55997,4826,17,0
2025-01-14 12:00:00+00:00,0.55996,0.5612,0.55846,0.56029,7907,17,0
2025-01-14 16:00:00+00:00,0.56029,0.56089,0.55867,0.5597,4781,17,0
2025-01-14 20:00:00+00:00,0.55968,0.56054,0.55954,0.56015,2605,17,0
2025-01-15 00:00:00+00:00,0.56015,0.56059,0.55963,0.56053,3179,17,0
2025-01-15 04:00:00+00:00,0.56053,0.56182,0.55956,0.56162,3173,17,0
2025-01-15 08:00:00+00:00,0.56158,0.56246,0.56083,0.56092,4102,17,0
2025-01-15 12:00:00+00:00,0.56092,0.56501,0.55993,0.56223,8306,17,0
2025-01-15 16:00:00+00:00,0.56223,0.56242,0.56041,0.56163,4923,17,0
2025-01-15 20:00:00+00:00,0.56163,0.56278,0.56088,0.5627,2301,17,0
2025-01-16 00:00:00+00:00,0.5627,0.56322,0.56067,0.56079,4797,17,0
2025-01-16 04:00:00+00:00,0.56079,0.56139,0.55981,0.56097,3675,17,0
2025-01-16 08:00:00+00:00,0.56097,0.56107,0.55991,0.56024,3804,17,0
2025-01-16 12:00:00+00:00,0.56023,0.56143,0.55814,0.56134,7716,17,0
2025-01-16 16:00:00+00:00,0.56134,0.56229,0.56075,0.56084,5374,17,0
2025-01-16 20:00:00+00:00,0.56084,0.56084,0.55989,0.56067,2777,17,0
2025-01-17 00:00:00+00:00,0.56067,0.56146,0.56028,0.56042,3740,17,0
2025-01-17 04:00:00+00:00,0.56041,0.56041,0.55829,0.55928,3338,17,0
2025-01-17 08:00:00+00:00,0.55927,0.5603,0.55927,0.5596,4038,17,0
2025-01-17 12:00:00+00:00,0.5596,0.56142,0.55625,0.56028,7643,17,0
2025-01-17 16:00:00+00:00,0.56027,0.56038,0.55826,0.55847,4164,17,0
2025-01-17 20:00:00+00:00,0.55846,0.55882,0.55804,0.5581,1896,17,0
2025-01-19 20:00:00+00:00,0.55782,0.559,0.55782,0.55884,1077,17,0
2025-01-20 00:00:00+00:00,0.55881,0.56126,0.55874,0.56125,3941,17,0
2025-01-20 04:00:00+00:00,0.56125,0.5621,0.56003,0.5621,3334,17,0
2025-01-20 08:00:00+00:00,0.56211,0.56217,0.55965,0.56042,4048,17,0
2025-01-20 12:00:00+00:00,0.56043,0.5679,0.56002,0.5654,11507,17,0
2025-01-20 16:00:00+00:00,0.56541,0.56774,0.56331,0.56749,5055,17,0
2025-01-20 20:00:00+00:00,0.56749,0.56836,0.56652,0.56802,3638,17,0
2025-01-21 00:00:00+00:00,0.56802,0.56882,0.56209,0.56543,12127,17,0
2025-01-21 04:00:00+00:00,0.56545,0.56603,0.56329,0.5639,4209,17,0
2025-01-21 08:00:00+00:00,0.56387,0.56396,0.56161,0.56221,5378,17,0
2025-01-21 12:00:00+00:00,0.56222,0.56595,0.562,0.56552,7533,17,0
2025-01-21 16:00:00+00:00,0.56552,0.56728,0.56535,0.56655,4787,17,0
2025-01-21 20:00:00+00:00,0.56655,0.568,0.56558,0.56598,5134,17,0
2025-01-22 00:00:00+00:00,0.56596,0.5668,0.56494,0.56552,4705,17,0
2025-01-22 04:00:00+00:00,0.56552,0.56627,0.56483,0.56542,3828,17,0
2025-01-22 08:00:00+00:00,0.56541,0.56869,0.56537,0.56748,5294,17,0
2025-01-22 12:00:00+00:00,0.56748,0.56816,0.5662,0.56642,6652,17,0
2025-01-22 16:00:00+00:00,0.56643,0.56713,0.56587,0.56685,3960,17,0
2025-01-22 20:00:00+00:00,0.56681,0.56702,0.5657,0.56616,2537,17,0
2025-01-23 00:00:00+00:00,0.56615,0.56711,0.56608,0.56637,3797,17,0
2025-01-23 04:00:00+00:00,0.56637,0.56695,0.56572,0.5661,3266,17,0
2025-01-23 08:00:00+00:00,0.5661,0.56619,0.56488,0.56559,4068,17,0
2025-01-23 12:00:00+00:00,0.56558,0.56702,0.56508,0.56607,6008,17,0
2025-01-23 16:00:00+00:00,0.56605,0.56847,0.5646,0.56761,6886,17,0
2025-01-23 20:00:00+00:00,0.56759,0.56799,0.56671,0.56741,3131,17,0
2025-01-24 00:00:00+00:00,0.56741,0.57077,0.56705,0.57051,5847,17,0
2025-01-24 04:00:00+00:00,0.57049,0.57184,0.56993,0.57074,5454,17,0
2025-01-24 08:00:00+00:00,0.57072,0.57208,0.57047,0.57072,5620,17,0
2025-01-24 12:00:00+00:00,0.5707,0.57218,0.56976,0.57182,6694,17,0
2025-01-24 16:00:00+00:00,0.57182,0.57225,0.57095,0.57121,4286,17,0
2025-01-24 20:00:00+00:00,0.5712,0.5714,0.5708,0.57096,1829,17,0
2025-01-26 20:00:00+00:00,0.56905,0.56997,0.56861,0.56929,1572,17,0
2025-01-27 00:00:00+00:00,0.5693,0.56964,0.56774,0.56887,4827,17,0
2025-01-27 04:00:00+00:00,0.56888,0.56898,0.56763,0.56765,4313,17,0
2025-01-27 08:00:00+00:00,0.56766,0.57023,0.56758,0.56978,6861,17,0
2025-01-27 12:00:00+00:00,0.56981,0.57043,0.56763,0.56837,7424,17,0
2025-01-27 16:00:00+00:00,0.56838,0.56888,0.56766,0.56885,5259,17,0
2025-01-27 20:00:00+00:00,0.56884,0.56947,0.56586,0.56633,4903,17,0
2025-01-28 00:00:00+00:00,0.56636,0.5672,0.56536,0.56581,6152,17,0
2025-01-28 04:00:00+00:00,0.56582,0.56642,0.56519,0.56586,3598,17,0
2025-01-28 08:00:00+00:00,0.56588,0.56648,0.56532,0.56535,4827,17,0
2025-01-28 12:00:00+00:00,0.56536,0.56648,0.56474,0.56571,5874,17,0
2025-01-28 16:00:00+00:00,0.5657,0.56698,0.56566,0.56677,4380,17,0
2025-01-28 20:00:00+00:00,0.56677,0.56686,0.56594,0.5663,2237,17,0
2025-01-29 00:00:00+00:00,0.5663,0.56669,0.56535,0.56571,3690,17,0
2025-01-29 04:00:00+00:00,0.56572,0.56675,0.56551,0.56567,3474,17,0
2025-01-29 08:00:00+00:00,0.56569,0.5661,0.56424,0.56463,4449,17,0
2025-01-29 12:00:00+00:00,0.56465,0.56544,0.56335,0.56522,5858,17,0
2025-01-29 16:00:00+00:00,0.56522,0.56593,0.5635,0.56537,7911,17,0
2025-01-29 20:00:00+00:00,0.56536,0.56655,0.56467,0.56644,4553,17,0
2025-01-30 00:00:00+00:00,0.56645,0.56668,0.56539,0.56541,2605,17,0
2025-01-30 04:00:00+00:00,0.56541,0.5655,0.56378,0.56434,2876,17,0
2025-01-30 08:00:00+00:00,0.56435,0.56524,0.56421,0.56469,4229,17,0
2025-01-30 12:00:00+00:00,0.56469,0.56596,0.56428,0.56524,6904,17,0
2025-01-30 16:00:00+00:00,0.56522,0.56578,0.56454,0.56546,3658,17,0
2025-01-30 20:00:00+00:00,0.56546,0.56562,0.56206,0.56341,5770,17,0
2025-01-31 00:00:00+00:00,0.5634,0.56453,0.56229,0.56396,4115,17,0
2025-01-31 04:00:00+00:00,0.56396,0.56592,0.56373,0.56586,3427,17,0
2025-01-31 08:00:00+00:00,0.56586,0.56615,0.56388,0.56401,4409,17,0
2025-01-31 12:00:00+00:00,0.56401,0.56578,0.56346,0.56526,6472,17,0
2025-01-31 16:00:00+00:00,0.56524,0.56832,0.56327,0.56389,9499,17,0
2025-01-31 20:00:00+00:00,0.56387,0.56482,0.56322,0.56363,4048,17,0
2025-02-02 20:00:00+00:00,0.55806,0.55891,0.5566,0.55683,2980,17,0
2025-02-03 00:00:00+00:00,0.55683,0.55795,0.55156,0.55245,10713,17,0
2025-02-03 04:00:00+00:00,0.55245,0.55581,0.55238,0.55512,7843,17,0
2025-02-03 08:00:00+00:00,0.55511,0.55671,0.55497,0.55621,6382,17,0
2025-02-03 12:00:00+00:00,0.55621,0.56077,0.55576,0.56027,11814,17,0
2025-02-03 16:00:00+00:00,0.56024,0.56051,0.55673,0.55905,10312,17,0
2025-02-03 20:00:00+00:00,0.55908,0.56402,0.55903,0.56266,6111,17,0
2025-02-04 00:00:00+00:00,0.56266,0.56307,0.56039,0.56044,4802,17,0
2025-02-04 04:00:00+00:00,0.56044,0.56099,0.55813,0.56058,5853,17,0
2025-02-04 08:00:00+00:00,0.56059,0.56127,0.55999,0.5605,5478,17,0
2025-02-04 12:00:00+00:00,0.56051,0.56477,0.56023,0.56412,7115,17,0
2025-02-04 16:00:00+00:00,0.56411,0.56541,0.56383,0.56526,4989,17,0
2025-02-04 20:00:00+00:00,0.56529,0.56535,0.56413,0.56459,2978,17,0
2025-02-05 00:00:00+00:00,0.56462,0.56612,0.56451,0.56574,4972,17,0
2025-02-05 04:00:00+00:00,0.56574,0.56739,0.56527,0.56701,4206,17,0
2025-02-05 08:00:00+00:00,0.56697,0.56917,0.56688,0.56855,5190,17,0
2025-02-05 12:00:00+00:00,0.56855,0.57017,0.56757,0.56959,7213,17,0
2025-02-05 16:00:00+00:00,0.56958,0.56989,0.56849,0.56855,4037,17,0
2025-02-05 20:00:00+00:00,0.56856,0.56892,0.56677,0.56867,2465,17,0
2025-02-06 00:00:00+00:00,0.56867,0.56902,0.56683,0.56709,3977,17,0
2025-02-06 04:00:00+00:00,0.56709,0.5673,0.56563,0.56577,3002,17,0
2025-02-06 08:00:00+00:00,0.56578,0.56629,0.5651,0.56592,3911,17,0
2025-02-06 12:00:00+00:00,0.5659,0.56707,0.56521,0.56693,6225,17,0
2025-02-06 16:00:00+00:00,0.56692,0.56785,0.56655,0.56712,3943,17,0
2025-02-06 20:00:00+00:00,0.56709,0.56764,0.56669,0.56729,2201,17,0
2025-02-07 00:00:00+00:00,0.56728,0.5689,0.56723,0.56808,3585,17,0
2025-02-07 04:00:00+00:00,0.56808,0.56812,0.56716,0.56781,2730,17,0
2025-02-07 08:00:00+00:00,0.56779,0.56889,0.56728,0.56743,3145,17,0
2025-02-07 12:00:00+00:00,0.56742,0.56943,0.56446,0.56595,9256,17,0
2025-02-07 16:00:00+00:00,0.56595,0.5663,0.56401,0.56577,8562,17,0
2025-02-07 20:00:00+00:00,0.56577,0.56602,0.56536,0.56589,2078,17,0
2025-02-09 20:00:00+00:00,0.56262,0.56499,0.56262,0.56444,1785,17,0
2025-02-10 00:00:00+00:00,0.56443,0.5652,0.56379,0.56516,4172,17,0
2025-02-10 04:00:00+00:00,0.56516,0.56631,0.56515,0.56548,3238,17,0
2025-02-10 08:00:00+00:00,0.56546,0.56619,0.56482,0.56521,4254,17,0
2025-02-10 12:00:00+00:00,0.56522,0.56587,0.56469,0.56556,4545,17,0
2025-02-10 16:00:00+00:00,0.56556,0.56566,0.564,0.56416,3142,17,0
2025-02-10 20:00:00+00:00,0.56417,0.56426,0.56281,0.56332,2859,17,0
2025-02-11 00:00:00+00:00,0.56333,0.56387,0.56287,0.56383,3114,17,0
2025-02-11 04:00:00+00:00,0.56383,0.56508,0.56376,0.56473,2824,17,0
2025-02-11 08:00:00+00:00,0.56473,0.56538,0.56396,0.56425,3554,17,0
2025-02-11 12:00:00+00:00,0.56426,0.56536,0.56406,0.56494,4889,17,0
2025-02-11 16:00:00+00:00,0.56494,0.566,0.56456,0.56509,3585,17,0
2025-02-11 20:00:00+00:00,0.56509,0.56583,0.56476,0.5657,2368,17,0
2025-02-12 00:00:00+00:00,0.5657,0.56709,0.56526,0.56624,3385,17,0
2025-02-12 04:00:00+00:00,0.56624,0.56641,0.56475,0.56509,3097,17,0
2025-02-12 08:00:00+00:00,0.5651,0.56535,0.56342,0.56403,3862,17,0
2025-02-12 12:00:00+00:00,0.56403,0.56429,0.55998,0.56307,8548,17,0
2025-02-12 16:00:00+00:00,0.56307,0.56612,0.56198,0.56451,6145,17,0
2025-02-12 20:00:00+00:00,0.56451,0.56475,0.56344,0.56401,2925,17,0
2025-02-13 00:00:00+00:00,0.56401,0.56501,0.56351,0.56491,3887,17,0
2025-02-13 04:00:00+00:00,0.56491,0.5661,0.56464,0.56486,4269,17,0
2025-02-13 08:00:00+00:00,0.56486,0.56489,0.5629,0.56332,4458,17,0
2025-02-13 12:00:00+00:00,0.56332,0.56553,0.56221,0.56532,7237,17,0
2025-02-13 16:00:00+00:00,0.56532,0.56671,0.56328,0.56612,6336,17,0
2025-02-13 20:00:00+00:00,0.56612,0.56797,0.566,0.56782,3004,17,0
2025-02-14 00:00:00+00:00,0.56781,0.56933,0.5675,0.56898,4045,17,0
2025-02-14 04:00:00+00:00,0.56897,0.56944,0.56819,0.56909,3672,17,0
2025-02-14 08:00:00+00:00,0.56908,0.57097,0.56905,0.57027,4479,17,0
2025-02-14 12:00:00+00:00,0.57028,0.57309,0.56982,0.57268,6246,17,0
2025-02-14 16:00:00+00:00,0.57268,0.57374,0.57264,0.57369,3289,17,0
2025-02-14 20:00:00+00:00,0.57368,0.57374,0.57286,0.57298,1692,17,0
2025-02-16 20:00:00+00:00,0.57134,0.57314,0.5709,0.57311,1549,29,0
2025-02-17 00:00:00+00:00,0.57317,0.57493,0.57285,0.5736,4181,17,0
2025-02-17 04:00:00+00:00,0.5736,0.57423,0.5731,0.57331,3723,17,0
2025-02-17 08:00:00+00:00,0.57333,0.57369,0.57272,0.57367,3659,17,0
2025-02-17 12:00:00+00:00,0.57369,0.57386,0.57317,0.57347,2910,17,0
2025-02-17 16:00:00+00:00,0.57347,0.57393,0.57329,0.57343,1864,17,0
2025-02-17 20:00:00+00:00,0.57343,0.57386,0.57272,0.57301,2215,17,0
2025-02-18 00:00:00+00:00,0.57301,0.57315,0.57061,0.57084,4615,17,0
2025-02-18 04:00:00+00:00,0.57084,0.57186,0.57024,0.571,4398,17,0
2025-02-18 08:00:00+00:00,0.57098,0.57134,0.5704,0.57071,3478,17,0
2025-02-18 12:00:00+00:00,0.57073,0.57087,0.56933,0.57012,4838,17,0
2025-02-18 16:00:00+00:00,0.57012,0.57055,0.56954,0.57008,3119,17,0
2025-02-18 20:00:00+00:00,0.57008,0.57074,0.56961,0.57032,2679,17,0
2025-02-19 00:00:00+00:00,0.57031,0.57228,0.5677,0.5718,5672,17,0
2025-02-19 04:00:00+00:00,0.5718,0.57311,0.57137,0.5726,2935,17,0
2025-02-19 08:00:00+00:00,0.5726,0.57298,0.57088,0.57118,3589,17,0
2025-02-19 12:00:00+00:00,0.57118,0.5724,0.57077,0.57092,4938,17,0
2025-02-19 16:00:00+00:00,0.57092,0.57093,0.56951,0.5703,3828,17,0
2025-02-19 20:00:00+00:00,0.57028,0.57061,0.56971,0.56999,2670,17,0
2025-02-20 00:00:00+00:00,0.56999,0.57157,0.56927,0.57133,5253,17,0
2025-02-20 04:00:00+00:00,0.57133,0.57261,0.57123,0.57198,3373,17,0
2025-02-20 08:00:00+00:00,0.57197,0.57317,0.57192,0.57226,3708,17,0
2025-02-20 12:00:00+00:00,0.57222,0.57555,0.57222,0.57544,6099,17,0
2025-02-20 16:00:00+00:00,0.57544,0.57666,0.57517,0.57624,3750,17,0
2025-02-20 20:00:00+00:00,0.57624,0.57719,0.57524,0.57635,2670,17,0
2025-02-21 00:00:00+00:00,0.57637,0.5771,0.57566,0.57677,4683,17,0
2025-02-21 04:00:00+00:00,0.57677,0.57681,0.57549,0.57612,3628,17,0
2025-02-21 08:00:00+00:00,0.57612,0.57637,0.57529,0.57565,3823,17,0
2025-02-21 12:00:00+00:00,0.57565,0.57658,0.57455,0.5749,5237,17,0
2025-02-21 16:00:00+00:00,0.57491,0.57519,0.57344,0.5736,4035,17,0
2025-02-21 20:00:00+00:00,0.57357,0.5742,0.57356,0.57412,1517,17,0
2025-02-23 20:00:00+00:00,0.57382,0.57554,0.57339,0.57484,1650,17,0
2025-02-24 00:00:00+00:00,0.57485,0.57691,0.57412,0.57613,5779,17,0
2025-02-24 04:00:00+00:00,0.57613,0.5762,0.57462,0.57501,3997,17,0
2025-02-24 08:00:00+00:00,0.57504,0.57517,0.57382,0.57441,4516,17,0
2025-02-24 12:00:00+00:00,0.57438,0.57501,0.5731,0.57404,5423,17,0
2025-02-24 16:00:00+00:00,0.57404,0.57482,0.57383,0.57414,3769,17,0
2025-02-24 20:00:00+00:00,0.57414,0.57423,0.57226,0.57253,2931,17,0
2025-02-25 00:00:00+00:00,0.57252,0.57343,0.57213,0.57316,3756,17,0
2025-02-25 04:00:00+00:00,0.57317,0.57377,0.57236,0.57242,3255,17,0
2025-02-25 08:00:00+00:00,0.5724,0.57275,0.57074,0.57208,4170,17,0
2025-02-25 12:00:00+00:00,0.57208,0.57297,0.57136,0.57145,5934,17,0
2025-02-25 16:00:00+00:00,0.57143,0.5722,0.57056,0.57195,4356,17,0
2025-02-25 20:00:00+00:00,0.57195,0.57317,0.57158,0.5729,2371,17,0
2025-02-26 00:00:00+00:00,0.57292,0.57319,0.57098,0.57106,4233,17,0
2025-02-26 04:00:00+00:00,0.57106,0.57184,0.57048,0.5708,3515,17,0
2025-02-26 08:00:00+00:00,0.57077,0.5713,0.56935,0.56956,3850,17,0
2025-02-26 12:00:00+00:00,0.56955,0.57047,0.56876,0.57034,5314,17,0
2025-02-26 16:00:00+00:00,0.57036,0.57205,0.56937,0.56988,6018,17,0
2025-02-26 20:00:00+00:00,0.56988,0.57004,0.5687,0.56974,2924,17,0
2025-02-27 00:00:00+00:00,0.56974,0.56975,0.56824,0.56838,4009,17,0
2025-02-27 04:00:00+00:00,0.5684,0.56888,0.56724,0.56832,3396,17,0
2025-02-27 08:00:00+00:00,0.56832,0.56869,0.56788,0.56809,4108,17,0
2025-02-27 12:00:00+00:00,0.5681,0.56867,0.56412,0.56454,8251,17,0
2025-02-27 16:00:00+00:00,0.56454,0.56482,0.56352,0.56363,4297,17,0
2025-02-27 20:00:00+00:00,0.56361,0.56373,0.56206,0.56252,3113,17,0
2025-02-28 00:00:00+00:00,0.56252,0.56277,0.56005,0.56015,5148,17,0
2025-02-28 04:00:00+00:00,0.56019,0.56043,0.55963,0.56002,3740,17,0
2025-02-28 08:00:00+00:00,0.56,0.56076,0.55964,0.56021,3521,17,0
2025-02-28 12:00:00+00:00,0.56021,0.56092,0.55963,0.56029,5576,17,0
2025-02-28 16:00:00+00:00,0.56029,0.56042,0.55845,0.5588,5728,17,0
2025-02-28 20:00:00+00:00,0.5588,0.55985,0.5587,0.55972,1677,17,0
2025-03-02 20:00:00+00:00,0.55881,0.56074,0.55881,0.5603,1160,17,0
2025-03-03 00:00:00+00:00,0.56029,0.56127,0.55975,0.56011,4616,17,0
2025-03-03 04:00:00+00:00,0.56011,0.56046,0.55927,0.56006,3313,17,0
2025-03-03 08:00:00+00:00,0.56005,0.56099,0.55968,0.5604,4364,17,0
2025-03-03 12:00:00+00:00,0.5604,0.56346,0.56038,0.56254,6574,17,0
2025-03-03 16:00:00+00:00,0.56254,0.564,0.56138,0.56162,5444,17,0
2025-03-03 20:00:00+00:00,0.56162,0.56203,0.56017,0.56113,4513,17,0
2025-03-04 00:00:00+00:00,0.56113,0.56201,0.56002,0.56022,6000,17,0
2025-03-04 04:00:00+00:00,0.56022,0.5614,0.55948,0.56097,5296,17,0
2025-03-04 08:00:00+00:00,0.56096,0.56361,0.56064,0.5635,5926,17,0
2025-03-04 12:00:00+00:00,0.5635,0.56426,0.56083,0.56178,8396,17,0
2025-03-04 16:00:00+00:00,0.56177,0.56434,0.56105,0.5643,7393,17,0
2025-03-04 20:00:00+00:00,0.5643,0.56682,0.5643,0.56596,5122,17,0
2025-03-05 00:00:00+00:00,0.56596,0.56637,0.56369,0.56476,6283,17,0
2025-03-05 04:00:00+00:00,0.56476,0.56706,0.56441,0.56662,4755,17,0
2025-03-05 08:00:00+00:00,0.5666,0.56837,0.5664,0.56798,5828,17,0
2025-03-05 12:00:00+00:00,0.56798,0.57156,0.56707,0.57004,9736,17,0
2025-03-05 16:00:00+00:00,0.57006,0.5729,0.56982,0.57273,7537,17,0
2025-03-05 20:00:00+00:00,0.57273,0.57316,0.57197,0.57271,2841,17,0
2025-03-06 00:00:00+00:00,0.57271,0.5745,0.57193,0.57292,5028,17,0
2025-03-06 04:00:00+00:00,0.57292,0.57415,0.57284,0.57297,4646,17,0
2025-03-06 08:00:00+00:00,0.57295,0.57435,0.57261,0.5736,6293,17,0
2025-03-06 12:00:00+00:00,0.5736,0.57521,0.57312,0.5746,8330,17,0
2025-03-06 16:00:00+00:00,0.57461,0.57585,0.57351,0.57394,6547,17,0
2025-03-06 20:00:00+00:00,0.57392,0.57417,0.5725,0.5735,3249,17,0
2025-03-07 00:00:00+00:00,0.57347,0.57404,0.57154,0.57162,4513,17,0
2025-03-07 04:00:00+00:00,0.57162,0.57242,0.57054,0.57199,3981,17,0
2025-03-07 08:00:00+00:00,0.57196,0.57308,0.57103,0.57113,4647,17,0
2025-03-07 12:00:00+00:00,0.57117,0.5726,0.56944,0.57157,9766,17,0
2025-03-07 16:00:00+00:00,0.57158,0.57166,0.56916,0.57083,6486,17,0
2025-03-07 20:00:00+00:00,0.57083,0.57148,0.57077,0.57082,1924,17,0
2025-03-09 20:00:00+00:00,0.57028,0.57139,0.56898,0.57076,2587,17,0
2025-03-10 00:00:00+00:00,0.57076,0.57223,0.57033,0.57111,4617,17,0
2025-03-10 04:00:00+00:00,0.57112,0.57304,0.5711,0.57299,4110,17,0
2025-03-10 08:00:00+00:00,0.57302,0.57417,0.57242,0.5734,5722,17,0
2025-03-10 12:00:00+00:00,0.5734,0.57416,0.57219,0.57227,6921,17,0
2025-03-10 16:00:00+00:00,0.57226,0.57262,0.56897,0.56981,5097,17,0
2025-03-10 20:00:00+00:00,0.56979,0.57004,0.56854,0.5694,2984,17,0
2025-03-11 00:00:00+00:00,0.5694,0.57015,0.56788,0.56916,5642,17,0
2025-03-11 04:00:00+00:00,0.56915,0.57043,0.56769,0.5701,4959,17,0
2025-03-11 08:00:00+00:00,0.5701,0.5711,0.56963,0.57038,5075,17,0
2025-03-11 12:00:00+00:00,0.57038,0.5713,0.56923,0.57083,7959,17,0
2025-03-11 16:00:00+00:00,0.57083,0.57256,0.57024,0.57154,5768,17,0
2025-03-11 20:00:00+00:00,0.57153,0.57155,0.57024,0.57108,2545,17,0
2025-03-12 00:00:00+00:00,0.57108,0.57138,0.56995,0.57001,3766,17,0
2025-03-12 04:00:00+00:00,0.57002,0.57093,0.5697,0.5707,3463,17,0
2025-03-12 08:00:00+00:00,0.57069,0.57197,0.57038,0.57051,4352,17,0
2025-03-12 12:00:00+00:00,0.57051,0.57386,0.56978,0.57212,8858,17,0
2025-03-12 16:00:00+00:00,0.57212,0.57322,0.57205,0.57279,4486,17,0
2025-03-12 20:00:00+00:00,0.57277,0.57367,0.57162,0.57367,2338,17,0
2025-03-13 00:00:00+00:00,0.57364,0.57411,0.573,0.57302,3475,17,0
2025-03-13 04:00:00+00:00,0.57301,0.57317,0.5702,0.57063,3721,17,0
2025-03-13 08:00:00+00:00,0.57062,0.57132,0.56942,0.56965,4123,17,0
2025-03-13 12:00:00+00:00,0.56965,0.57186,0.56817,0.5707,7121,17,0
2025-03-13 16:00:00+00:00,0.57069,0.57136,0.56931,0.57012,4315,17,0
2025-03-13 20:00:00+00:00,0.57013,0.57041,0.56876,0.57013,2507,17,0
2025-03-14 00:00:00+00:00,0.57013,0.57113,0.56953,0.57084,3348,17,0
2025-03-14 04:00:00+00:00,0.57083,0.57225,0.57059,0.57218,3415,17,0
2025-03-14 08:00:00+00:00,0.57219,0.57285,0.57171,0.57259,4774,17,0
2025-03-14 12:00:00+00:00,0.5726,0.57476,0.57258,0.57391,5768,17,0
2025-03-14 16:00:00+00:00,0.57391,0.57501,0.5738,0.57494,2760,17,0
2025-03-14 20:00:00+00:00,0.57494,0.57547,0.57455,0.57464,915,17,0
2025-03-16 20:00:00+00:00,0.5742,0.57619,0.57395,0.57505,1981,17,0
2025-03-17 00:00:00+00:00,0.57505,0.5762,0.57453,0.57582,3531,17,0
2025-03-17 04:00:00+00:00,0.57584,0.57688,0.57529,0.5768,3224,17,0
2025-03-17 08:00:00+00:00,0.57681,0.57886,0.57672,0.57874,3544,17,0
2025-03-17 12:00:00+00:00,0.57874,0.58119,0.57816,0.58086,5347,17,0
2025-03-17 16:00:00+00:00,0.58086,0.58249,0.58085,0.58214,2579,17,0
2025-03-17 20:00:00+00:00,0.58218,0.58267,0.58092,0.58219,2443,17,0
2025-03-18 00:00:00+00:00,0.58219,0.58294,0.58113,0.58125,2837,17,0
2025-03-18 04:00:00+00:00,0.58125,0.58266,0.58111,0.58221,2450,17,0
2025-03-18 08:00:00+00:00,0.5822,0.58303,0.58115,0.58131,3474,17,0
2025-03-18 12:00:00+00:00,0.58131,0.58167,0.57971,0.58088,4855,17,0
2025-03-18 16:00:00+00:00,0.58087,0.58194,0.58072,0.58182,3216,17,0
2025-03-18 20:00:00+00:00,0.58182,0.58198,0.58099,0.58172,1828,17,0
2025-03-19 00:00:00+00:00,0.58172,0.58187,0.58091,0.5811,2508,17,0
2025-03-19 04:00:00+00:00,0.5811,0.58135,0.57864,0.57879,3160,17,0
2025-03-19 08:00:00+00:00,0.57877,0.57955,0.57779,0.57907,3987,17,0
2025-03-19 12:00:00+00:00,0.57907,0.57928,0.57753,0.57812,4271,17,0
2025-03-19 16:00:00+00:00,0.57812,0.58158,0.57738,0.58061,5626,17,0
2025-03-19 20:00:00+00:00,0.58057,0.58249,0.58021,0.58186,2837,17,0
2025-03-20 00:00:00+00:00,0.58185,0.58199,0.57858,0.57955,4584,17,0
2025-03-20 04:00:00+00:00,0.57954,0.57959,0.57649,0.57703,3489,17,0
2025-03-20 08:00:00+00:00,0.57704,0.57736,0.57337,0.57362,5074,17,0
2025-03-20 12:00:00+00:00,0.57362,0.57488,0.57222,0.57484,5277,17,0
2025-03-20 16:00:00+00:00,0.57484,0.57617,0.57408,0.57602,2966,17,0
2025-03-20 20:00:00+00:00,0.57599,0.57615,0.57439,0.57598,2197,17,0
2025-03-21 00:00:00+00:00,0.57599,0.57651,0.5747,0.57502,3142,17,0
2025-03-21 04:00:00+00:00,0.57502,0.57602,0.57461,0.57574,3072,17,0
2025-03-21 08:00:00+00:00,0.57572,0.57611,0.57525,0.57601,3429,17,0
2025-03-21 12:00:00+00:00,0.576,0.57667,0.57239,0.57286,5033,17,0
2025-03-21 16:00:00+00:00,0.57286,0.57383,0.57257,0.57339,3169,17,0
2025-03-21 20:00:00+00:00,0.57339,0.5734,0.57302,0.57315,1104,17,0
2025-03-23 20:00:00+00:00,0.57167,0.57446,0.57162,0.57437,1731,17,0
2025-03-24 00:00:00+00:00,0.57437,0.57488,0.57204,0.57209,3293,17,0
2025-03-24 04:00:00+00:00,0.5721,0.57358,0.57176,0.57322,2957,17,0
2025-03-24 08:00:00+00:00,0.57324,0.57472,0.57313,0.57326,3590,17,0
2025-03-24 12:00:00+00:00,0.57324,0.57352,0.57168,0.57179,5015,17,0
2025-03-24 16:00:00+00:00,0.5718,0.57266,0.57089,0.57239,3609,17,0
2025-03-24 20:00:00+00:00,0.57238,0.57289,0.57141,0.57258,2132,17,0
2025-03-25 00:00:00+00:00,0.57257,0.57277,0.57175,0.57215,2931,17,0
2025-03-25 04:00:00+00:00,0.57217,0.5728,0.57123,0.57171,2431,17,0
2025-03-25 08:00:00+00:00,0.57172,0.57488,0.57103,0.57432,3994,17,0
2025-03-25 12:00:00+00:00,0.57434,0.57497,0.5731,0.57351,5031,17,0
2025-03-25 16:00:00+00:00,0.57351,0.57415,0.57267,0.57323,2730,17,0
2025-03-25 20:00:00+00:00,0.57321,0.5734,0.57255,0.57319,1890,17,0
2025-03-26 00:00:00+00:00,0.57319,0.57493,0.57134,0.57449,3934,17,0
2025-03-26 04:00:00+00:00,0.57449,0.57547,0.57421,0.57524,3406,17,0
2025-03-26 08:00:00+00:00,0.57527,0.57618,0.57479,0.57532,3448,17,0
2025-03-26 12:00:00+00:00,0.57532,0.57555,0.57347,0.57407,5367,17,0
2025-03-26 16:00:00+00:00,0.57406,0.57429,0.57202,0.57245,3881,17,0
2025-03-26 20:00:00+00:00,0.57246,0.57283,0.57111,0.57168,3436,17,0
2025-03-27 00:00:00+00:00,0.57167,0.57438,0.57165,0.57347,3899,17,0
2025-03-27 04:00:00+00:00,0.57347,0.57492,0.5732,0.57366,3498,17,0
2025-03-27 08:00:00+00:00,0.57366,0.57508,0.57356,0.5746,4072,17,0
2025-03-27 12:00:00+00:00,0.5746,0.57547,0.57331,0.57456,5709,17,0
2025-03-27 16:00:00+00:00,0.57456,0.57503,0.57345,0.5736,3331,17,0
2025-03-27 20:00:00+00:00,0.5736,0.57391,0.57318,0.57345,2157,17,0
2025-03-28 00:00:00+00:00,0.57343,0.57344,0.57105,0.57142,3183,17,0
2025-03-28 04:00:00+00:00,0.57141,0.57227,0.57106,0.57193,2662,17,0
2025-03-28 08:00:00+00:00,0.5719,0.5724,0.57121,0.5715,3316,17,0
2025-03-28 12:00:00+00:00,0.5715,0.57353,0.57113,0.57272,6230,17,0
2025-03-28 16:00:00+00:00,0.57272,0.57289,0.57105,0.57133,3372,17,0
2025-03-28 20:00:00+00:00,0.57133,0.57193,0.57109,0.57155,963,17,0
2025-03-30 20:00:00+00:00,0.57078,0.57124,0.56933,0.57054,2368,17,0
2025-03-31 00:00:00+00:00,0.57057,0.57154,0.56965,0.5707,4658,17,0
2025-03-31 04:00:00+00:00,0.5707,0.57216,0.56976,0.56984,4322,17,0
2025-03-31 08:00:00+00:00,0.56982,0.5699,0.56798,0.56857,4078,17,0
2025-03-31 12:00:00+00:00,0.56857,0.56857,0.56477,0.56629,5703,17,0
2025-03-31 16:00:00+00:00,0.5663,0.56791,0.56624,0.56765,3373,17,0
2025-03-31 20:00:00+00:00,0.56767,0.56786,0.56679,0.56681,1993,17,0
2025-04-01 00:00:00+00:00,0.56682,0.56815,0.56622,0.56724,4416,17,0
2025-04-01 04:00:00+00:00,0.56723,0.56878,0.56639,0.5672,4252,17,0
2025-04-01 08:00:00+00:00,0.5672,0.56848,0.56704,0.56736,4514,17,0
2025-04-01 12:00:00+00:00,0.56736,0.57037,0.56733,0.57011,5845,17,0
2025-04-01 16:00:00+00:00,0.57011,0.57026,0.56879,0.56984,3361,17,0
2025-04-01 20:00:00+00:00,0.56984,0.57137,0.56899,0.5711,2782,17,0
2025-04-02 00:00:00+00:00,0.57111,0.57235,0.57016,0.57199,3644,17,0
2025-04-02 04:00:00+00:00,0.57199,0.57364,0.57164,0.57359,3230,17,0
2025-04-02 08:00:00+00:00,0.57358,0.57462,0.57342,0.57444,3521,17,0
2025-04-02 12:00:00+00:00,0.57446,0.57455,0.57331,0.57383,5460,17,0
2025-04-02 16:00:00+00:00,0.57383,0.57411,0.57302,0.57378,3421,17,0
2025-04-02 20:00:00+00:00,0.57378,0.57783,0.56808,0.57258,12016,17,0
2025-04-03 00:00:00+00:00,0.57259,0.5744,0.57187,0.57352,8190,17,0
2025-04-03 04:00:00+00:00,0.57353,0.57791,0.5728,0.5768,7218,17,0
2025-04-03 08:00:00+00:00,0.5768,0.58291,0.57673,0.5824,8270,17,0
2025-04-03 12:00:00+00:00,0.58241,0.58522,0.58081,0.58121,10531,17,0
2025-04-03 16:00:00+00:00,0.58122,0.58186,0.57827,0.57836,5553,17,0
2025-04-03 20:00:00+00:00,0.57836,0.57962,0.57776,0.57868,3732,17,0
2025-04-04 00:00:00+00:00,0.57867,0.57961,0.5725,0.57328,6794,17,0
2025-04-04 04:00:00+00:00,0.57328,0.57336,0.56866,0.56882,7368,17,0
2025-04-04 08:00:00+00:00,0.56882,0.56974,0.56133,0.56416,13124,17,0
2025-04-04 12:00:00+00:00,0.56418,0.56573,0.55715,0.55919,19432,17,0
2025-04-04 16:00:00+00:00,0.55919,0.56083,0.55508,0.55867,11518,17,0
2025-04-04 20:00:00+00:00,0.55871,0.55979,0.55802,0.55951,1902,17,0
2025-04-06 20:00:00+00:00,0.55714,0.55776,0.55369,0.55395,7259,17,0
2025-04-07 00:00:00+00:00,0.55398,0.55835,0.55192,0.55806,12651,17,0
2025-04-07 04:00:00+00:00,0.55806,0.56008,0.55512,0.55815,11738,17,0
2025-04-07 08:00:00+00:00,0.55816,0.55978,0.55524,0.55813,12007,17,0
2025-04-07 12:00:00+00:00,0.55812,0.56447,0.55264,0.55338,25358,17,0
2025-04-07 16:00:00+00:00,0.55338,0.55526,0.55058,0.55304,13798,17,0
2025-04-07 20:00:00+00:00,0.55303,0.55475,0.55272,0.55354,4729,17,0
2025-04-08 00:00:00+00:00,0.55352,0.55846,0.55332,0.55704,8264,17,0
2025-04-08 04:00:00+00:00,0.55704,0.5623,0.55698,0.55956,8675,17,0
2025-04-08 08:00:00+00:00,0.55953,0.56059,0.55811,0.5599,9045,17,0
2025-04-08 12:00:00+00:00,0.55992,0.56251,0.55668,0.55737,12232,17,0
2025-04-08 16:00:00+00:00,0.55737,0.55789,0.55299,0.55384,11135,17,0
2025-04-08 20:00:00+00:00,0.55381,0.55422,0.55064,0.55135,5565,17,0
2025-04-09 00:00:00+00:00,0.55135,0.55597,0.54847,0.55279,11693,17,0
2025-04-09 04:00:00+00:00,0.55276,0.5564,0.55133,0.55622,13922,17,0
2025-04-09 08:00:00+00:00,0.5562,0.55766,0.55408,0.55518,12839,17,0
2025-04-09 12:00:00+00:00,0.55518,0.55925,0.55475,0.55579,12573,17,0
2025-04-09 16:00:00+00:00,0.5558,0.56673,0.55553,0.56385,20686,17,0
2025-04-09 20:00:00+00:00,0.56384,0.56631,0.56274,0.56355,6598,17,0
2025-04-10 00:00:00+00:00,0.56353,0.56884,0.56275,0.56851,9386,17,0
2025-04-10 04:00:00+00:00,0.5685,0.5709,0.56634,0.56804,9669,17,0
2025-04-10 08:00:00+00:00,0.56805,0.57044,0.56604,0.5703,9846,17,0
2025-04-10 12:00:00+00:00,0.57027,0.57506,0.56925,0.57199,13504,17,0
2025-04-10 16:00:00+00:00,0.57196,0.57647,0.57052,0.57395,12748,17,0
2025-04-10 20:00:00+00:00,0.57392,0.5752,0.5732,0.57461,6106,17,0
2025-04-11 00:00:00+00:00,0.57458,0.57988,0.57422,0.57943,13938,17,0
2025-04-11 04:00:00+00:00,0.57943,0.57983,0.57527,0.5795,11395,17,0
2025-04-11 08:00:00+00:00,0.57949,0.58223,0.578,0.57991,12099,17,0
2025-04-11 12:00:00+00:00,0.57989,0.58389,0.57761,0.57937,15349,17,0
2025-04-11 16:00:00+00:00,0.57934,0.58319,0.57791,0.58288,9071,17,0
2025-04-11 20:00:00+00:00,0.58288,0.58333,0.58198,0.58251,1074,17,0
2025-04-13 20:00:00+00:00,0.58152,0.58429,0.58119,0.58343,3995,17,0
2025-04-14 00:00:00+00:00,0.58341,0.5859,0.58305,0.58425,8514,17,0
2025-04-14 04:00:00+00:00,0.58425,0.58879,0.58413,0.58734,6763,17,0
2025-04-14 08:00:00+00:00,0.58736,0.58907,0.58583,0.5862,6293,17,0
2025-04-14 12:00:00+00:00,0.5862,0.58855,0.583,0.58649,8745,17,0
2025-04-14 16:00:00+00:00,0.58649,0.58896,0.58624,0.58834,6176,17,0
2025-04-14 20:00:00+00:00,0.58837,0.5884,0.58603,0.58641,3598,17,0
2025-04-15 00:00:00+00:00,0.58642,0.59141,0.58642,0.59101,6000,17,0
2025-04-15 04:00:00+00:00,0.59101,0.59271,0.59025,0.59154,5991,17,0
2025-04-15 08:00:00+00:00,0.59155,0.59243,0.59017,0.59223,5986,17,0
2025-04-15 12:00:00+00:00,0.59223,0.5943,0.59114,0.59141,8912,17,0
2025-04-15 16:00:00+00:00,0.59142,0.59195,0.58909,0.58982,5043,17,0
2025-04-15 20:00:00+00:00,0.58979,0.59027,0.58851,0.58936,4111,17,0
2025-04-16 00:00:00+00:00,0.58936,0.59114,0.5889,0.59113,6181,17,0
2025-04-16 04:00:00+00:00,0.59114,0.59273,0.59092,0.59175,5946,17,0
2025-04-16 08:00:00+00:00,0.59175,0.59295,0.59072,0.59131,7264,17,0
2025-04-16 12:00:00+00:00,0.59132,0.59297,0.5899,0.59269,7820,17,0
2025-04-16 16:00:00+00:00,0.59267,0.59321,0.5907,0.59297,6027,17,0
2025-04-16 20:00:00+00:00,0.59294,0.59426,0.59195,0.5935,3522,17,0
2025-04-17 00:00:00+00:00,0.59349,0.59359,0.59082,0.59128,5657,17,0
2025-04-17 04:00:00+00:00,0.59128,0.59191,0.58994,0.59165,5188,17,0
2025-04-17 08:00:00+00:00,0.59165,0.59398,0.59138,0.59367,4797,17,0
2025-04-17 12:00:00+00:00,0.59367,0.5972,0.59364,0.59671,7546,17,0
2025-04-17 16:00:00+00:00,0.59671,0.59771,0.59627,0.59712,4862,17,0
2025-04-17 20:00:00+00:00,0.59712,0.59741,0.59598,0.5967,3142,17,0
2025-04-18 00:00:00+00:00,0.59668,0.59697,0.59235,0.59314,9496,71,0
2025-04-18 04:00:00+00:00,0.59311,0.59388,0.59208,0.59222,9691,71,0
2025-04-18 08:00:00+00:00,0.59221,0.59287,0.59153,0.59228,8970,106,0
2025-04-18 12:00:00+00:00,0.59228,0.59239,0.59208,0.59225,7452,178,0
2025-04-18 16:00:00+00:00,0.59225,0.59313,0.59103,0.5926,4195,178,0
2025-04-18 20:00:00+00:00,0.5926,0.59322,0.5926,0.59271,919,178,0
2025-04-20 20:00:00+00:00,0.59214,0.59593,0.592,0.59587,3340,17,0
2025-04-21 00:00:00+00:00,0.59586,0.60036,0.59582,0.60012,5495,17,0
2025-04-21 04:00:00+00:00,0.6001,0.60166,0.59867,0.60139,4925,17,0
2025-04-21 08:00:00+00:00,0.60139,0.60183,0.60018,0.60091,5575,17,0
2025-04-21 12:00:00+00:00,0.60091,0.60181,0.59955,0.59984,7184,17,0
2025-04-21 16:00:00+00:00,0.59983,0.60129,0.59923,0.60007,4208,17,0
2025-04-21 20:00:00+00:00,0.60006,0.60023,0.59899,0.59995,2899,17,0
2025-04-22 00:00:00+00:00,0.59994,0.60196,0.59798,0.60164,6085,17,0
2025-04-22 04:00:00+00:00,0.60167,0.60284,0.59992,0.60055,6711,17,0
2025-04-22 08:00:00+00:00,0.60057,0.60106,0.59925,0.59948,5817,17,0
2025-04-22 12:00:00+00:00,0.59946,0.60008,0.59842,0.59919,6464,17,0
2025-04-22 16:00:00+00:00,0.59919,0.59987,0.59647,0.59673,6008,17,0
2025-04-22 20:00:00+00:00,0.59673,0.59704,0.59357,0.59586,6705,17,0
2025-04-23 00:00:00+00:00,0.59586,0.59867,0.59585,0.59706,6862,17,0
2025-04-23 04:00:00+00:00,0.59705,0.59969,0.59651,0.59841,6337,17,0
2025-04-23 08:00:00+00:00,0.59844,0.59966,0.59763,0.59878,5654,17,0
2025-04-23 12:00:00+00:00,0.59877,0.60126,0.5962,0.5962,11347,17,0
2025-04-23 16:00:00+00:00,0.59624,0.59632,0.59466,0.595,5938,17,0
2025-04-23 20:00:00+00:00,0.59501,0.59564,0.59411,0.59497,3306,17,0
2025-04-24 00:00:00+00:00,0.59497,0.59621,0.5943,0.5952,5351,17,0
2025-04-24 04:00:00+00:00,0.59519,0.59719,0.59407,0.59719,5434,17,0
2025-04-24 08:00:00+00:00,0.59721,0.59818,0.59703,0.59733,4915,17,0
2025-04-24 12:00:00+00:00,0.59734,0.59913,0.59718,0.59829,6766,17,0
2025-04-24 16:00:00+00:00,0.59831,0.5998,0.59819,0.59957,3878,17,0
2025-04-24 20:00:00+00:00,0.59954,0.60003,0.59806,0.59868,2819,17,0
2025-04-25 00:00:00+00:00,0.59868,0.59988,0.59799,0.59854,5092,17,0
2025-04-25 04:00:00+00:00,0.59854,0.59863,0.59593,0.59729,5911,17,0
2025-04-25 08:00:00+00:00,0.5973,0.5977,0.59479,0.59552,5281,17,0
2025-04-25 12:00:00+00:00,0.59551,0.5968,0.59502,0.59665,5538,17,0
2025-04-25 16:00:00+00:00,0.59664,0.59692,0.59596,0.59639,3157,17,0
2025-04-25 20:00:00+00:00,0.59639,0.59651,0.59597,0.59615,1055,17,0
2025-04-27 20:00:00+00:00,0.59493,0.59649,0.59473,0.59483,2017,17,0
2025-04-28 00:00:00+00:00,0.59482,0.59595,0.59425,0.5954,4244,17,0
2025-04-28 04:00:00+00:00,0.59539,0.59691,0.59345,0.59353,4646,17,0
2025-04-28 08:00:00+00:00,0.5935,0.59577,0.59277,0.59455,4538,17,0
2025-04-28 12:00:00+00:00,0.59458,0.59814,0.59453,0.59624,6548,17,0
2025-04-28 16:00:00+00:00,0.59623,0.59794,0.59612,0.59776,4085,17,0
2025-04-28 20:00:00+00:00,0.59775,0.59795,0.59686,0.59698,2585,17,0
2025-04-29 00:00:00+00:00,0.59699,0.59858,0.59497,0.59531,5199,17,0
2025-04-29 04:00:00+00:00,0.59532,0.59767,0.59458,0.59759,4835,17,0
2025-04-29 08:00:00+00:00,0.5976,0.59779,0.59473,0.59492,4495,17,0
2025-04-29 12:00:00+00:00,0.59493,0.59594,0.59259,0.59378,6517,17,0
2025-04-29 16:00:00+00:00,0.59377,0.59492,0.59335,0.59366,3505,17,0
2025-04-29 20:00:00+00:00,0.59365,0.59394,0.59181,0.59376,2465,17,0
2025-04-30 00:00:00+00:00,0.59376,0.59422,0.59229,0.59295,4559,17,0
2025-04-30 04:00:00+00:00,0.59295,0.59488,0.59175,0.5924,4205,17,0
2025-04-30 08:00:00+00:00,0.5924,0.5928,0.59154,0.59206,4377,17,0
2025-04-30 12:00:00+00:00,0.59206,0.59373,0.58977,0.59308,8301,17,0
2025-04-30 16:00:00+00:00,0.59309,0.59456,0.59267,0.59385,4318,17,0
2025-04-30 20:00:00+00:00,0.5939,0.59405,0.59276,0.5935,2976,17,0
2025-05-01 00:00:00+00:00,0.59351,0.59504,0.59325,0.59418,4225,17,0
2025-05-01 04:00:00+00:00,0.59418,0.59442,0.59219,0.59239,4993,17,0
2025-05-01 08:00:00+00:00,0.59238,0.59334,0.5912,0.59238,4402,17,0
2025-05-01 12:00:00+00:00,0.59237,0.59271,0.5894,0.58985,7661,17,0
2025-05-01 16:00:00+00:00,0.58985,0.59131,0.58929,0.59067,3691,17,0
2025-05-01 20:00:00+00:00,0.59068,0.59142,0.58995,0.59116,2509,17,0
2025-05-02 00:00:00+00:00,0.59114,0.59349,0.59067,0.59312,5514,17,0
2025-05-02 04:00:00+00:00,0.59312,0.59406,0.59199,0.59199,5620,17,0
2025-05-02 08:00:00+00:00,0.59203,0.5948,0.59132,0.59403,5469,17,0
2025-05-02 12:00:00+00:00,0.59404,0.59766,0.59303,0.59526,9068,17,0
2025-05-02 16:00:00+00:00,0.59527,0.59603,0.59386,0.59447,4718,17,0
2025-05-02 20:00:00+00:00,0.59446,0.59477,0.59442,0.5945,501,17,0
2025-05-04 20:00:00+00:00,0.59371,0.59593,0.59332,0.59484,2205,17,0
2025-05-05 00:00:00+00:00,0.59484,0.59838,0.59405,0.59682,4925,17,0
2025-05-05 04:00:00+00:00,0.59682,0.5993,0.59612,0.59622,5099,17,0
2025-05-05 08:00:00+00:00,0.59619,0.59893,0.5961,0.59843,5079,17,0
2025-05-05 12:00:00+00:00,0.59844,0.59949,0.59679,0.5971,6479,17,0
2025-05-05 16:00:00+00:00,0.5971,0.59729,0.59582,0.5965,2965,17,0
2025-05-05 20:00:00+00:00,0.59651,0.59687,0.59591,0.596,1927,17,0
2025-05-06 00:00:00+00:00,0.596,0.597,0.59431,0.59692,4809,17,0
2025-05-06 04:00:00+00:00,0.59692,0.59898,0.59652,0.59854,4817,17,0
2025-05-06 08:00:00+00:00,0.5985,0.599,0.59631,0.59832,4912,17,0
2025-05-06 12:00:00+00:00,0.59833,0.60038,0.59783,0.60012,5495,17,0
2025-05-06 16:00:00+00:00,0.60014,0.60124,0.59947,0.60099,3784,17,0
2025-05-06 20:00:00+00:00,0.60099,0.60207,0.60017,0.60114,4830,17,0
2025-05-07 00:00:00+00:00,0.60114,0.6022,0.5988,0.60028,6291,17,0
2025-05-07 04:00:00+00:00,0.60029,0.60116,0.59934,0.60027,5017,17,0
2025-05-07 08:00:00+00:00,0.60027,0.60038,0.59796,0.59852,4281,17,0
2025-05-07 12:00:00+00:00,0.59854,0.59905,0.59717,0.59745,4946,17,0
2025-05-07 16:00:00+00:00,0.59745,0.59801,0.59372,0.59441,6888,17,0
2025-05-07 20:00:00+00:00,0.59439,0.59451,0.59342,0.59381,2758,17,0
2025-05-08 00:00:00+00:00,0.59383,0.59738,0.59375,0.59666,5249,17,0
2025-05-08 04:00:00+00:00,0.59666,0.59731,0.59166,0.59254,5805,17,0
2025-05-08 08:00:00+00:00,0.59254,0.59355,0.59139,0.59241,5757,17,0
2025-05-08 12:00:00+00:00,0.59241,0.59427,0.59187,0.59202,7495,17,0
2025-05-08 16:00:00+00:00,0.59204,0.59204,0.59001,0.59026,4341,17,0
2025-05-08 20:00:00+00:00,0.59026,0.59069,0.58965,0.58991,2333,17,0
2025-05-09 00:00:00+00:00,0.58991,0.59026,0.58701,0.58935,5415,17,0
2025-05-09 04:00:00+00:00,0.58935,0.59048,0.58888,0.59016,4104,17,0
2025-05-09 08:00:00+00:00,0.59019,0.59033,0.5884,0.58928,3915,17,0
2025-05-09 12:00:00+00:00,0.5893,0.59197,0.589,0.59176,5223,17,0
2025-05-09 16:00:00+00:00,0.59176,0.59193,0.59102,0.59132,2789,17,0
2025-05-09 20:00:00+00:00,0.59129,0.5914,0.59059,0.59098,809,17,0
2025-05-11 20:00:00+00:00,0.5904,0.59254,0.59039,0.59176,2853,17,0
2025-05-12 00:00:00+00:00,0.59174,0.5933,0.59094,0.59323,5299,17,0
2025-05-12 04:00:00+00:00,0.59322,0.59401,0.58752,0.58815,7446,17,0
2025-05-12 08:00:00+00:00,0.58814,0.58938,0.58615,0.58802,7598,17,0
2025-05-12 12:00:00+00:00,0.58803,0.58904,0.58594,0.58615,6712,17,0
2025-05-12 16:00:00+00:00,0.58615,0.5863,0.58459,0.58571,3728,17,0
2025-05-12 20:00:00+00:00,0.58572,0.58639,0.58494,0.58603,2347,17,0
2025-05-13 00:00:00+00:00,0.58602,0.58802,0.58461,0.58786,4964,17,0
2025-05-13 04:00:00+00:00,0.58786,0.58984,0.58773,0.589,4683,17,0
2025-05-13 08:00:00+00:00,0.589,0.5898,0.5883,0.58904,4053,17,0
2025-05-13 12:00:00+00:00,0.58905,0.59363,0.58886,0.59351,7503,17,0
2025-05-13 16:00:00+00:00,0.59352,0.59414,0.59298,0.59375,3218,17,0
2025-05-13 20:00:00+00:00,0.59373,0.5941,0.59293,0.59352,2291,17,0
2025-05-14 00:00:00+00:00,0.59352,0.59487,0.59335,0.59448,4860,17,0
2025-05-14 04:00:00+00:00,0.59448,0.59495,0.59313,0.5949,4450,17,0
2025-05-14 08:00:00+00:00,0.5949,0.59681,0.59407,0.59461,6786,17,0
2025-05-14 12:00:00+00:00,0.59464,0.59489,0.59095,0.59148,6909,17,0
2025-05-14 16:00:00+00:00,0.59149,0.5919,0.58924,0.58964,4375,17,0
2025-05-14 20:00:00+00:00,0.58964,0.59015,0.58872,0.58957,2616,17,0
2025-05-15 00:00:00+00:00,0.58957,0.59152,0.58919,0.59044,5078,17,0
2025-05-15 04:00:00+00:00,0.59044,0.59098,0.58818,0.58869,5135,17,0
2025-05-15 08:00:00+00:00,0.58869,0.58943,0.58699,0.58735,4576,17,0
2025-05-15 12:00:00+00:00,0.58735,0.58864,0.58598,0.58717,6805,17,0
2025-05-15 16:00:00+00:00,0.58717,0.58759,0.58656,0.58748,2930,17,0
2025-05-15 20:00:00+00:00,0.58748,0.58776,0.58657,0.58715,2251,17,0
2025-05-16 00:00:00+00:00,0.58715,0.59046,0.58645,0.58999,4614,17,0
2025-05-16 04:00:00+00:00,0.58998,0.59173,0.58966,0.59133,4201,17,0
2025-05-16 08:00:00+00:00,0.59133,0.59153,0.58976,0.58989,3745,17,0
2025-05-16 12:00:00+00:00,0.58987,0.58991,0.5867,0.58696,5297,17,0
2025-05-16 16:00:00+00:00,0.58697,0.58806,0.58658,0.58766,2894,17,0
2025-05-16 20:00:00+00:00,0.58764,0.58809,0.58756,0.58807,535,17,0
2025-05-18 20:00:00+00:00,0.58734,0.58911,0.58685,0.58855,1835,17,0
2025-05-19 00:00:00+00:00,0.58855,0.58981,0.5882,0.58889,4173,17,0
2025-05-19 04:00:00+00:00,0.58889,0.59026,0.58793,0.58961,4531,17,0
2025-05-19 08:00:00+00:00,0.58961,0.59172,0.58884,0.59146,4977,17,0
2025-05-19 12:00:00+00:00,0.59146,0.59317,0.59024,0.59238,5556,17,0
2025-05-19 16:00:00+00:00,0.5924,0.59287,0.59161,0.59285,2704,17,0
2025-05-19 20:00:00+00:00,0.59283,0.59311,0.59227,0.59276,1937,17,0
2025-05-20 00:00:00+00:00,0.59277,0.59283,0.59124,0.59215,4171,17,0
2025-05-20 04:00:00+00:00,0.59215,0.5931,0.59102,0.59255,6010,17,0
2025-05-20 08:00:00+00:00,0.59255,0.59258,0.5906,0.59075,3954,17,0
2025-05-20 12:00:00+00:00,0.59073,0.59128,0.58934,0.5907,5382,17,0
2025-05-20 16:00:00+00:00,0.5907,0.59206,0.59047,0.59195,3046,17,0
2025-05-20 20:00:00+00:00,0.59196,0.59278,0.59185,0.59267,2348,17,0
2025-05-21 00:00:00+00:00,0.59267,0.59487,0.59256,0.59464,4723,17,0
2025-05-21 04:00:00+00:00,0.59464,0.59539,0.59298,0.59353,5191,17,0
2025-05-21 08:00:00+00:00,0.59354,0.5951,0.5923,0.59351,4859,17,0
2025-05-21 12:00:00+00:00,0.59351,0.59636,0.59327,0.59633,6514,17,0
2025-05-21 16:00:00+00:00,0.59633,0.5967,0.59364,0.59364,4730,17,0
2025-05-21 20:00:00+00:00,0.59364,0.59391,0.59286,0.59322,2383,17,0
2025-05-22 00:00:00+00:00,0.59322,0.59407,0.592,0.59247,4894,17,0
2025-05-22 04:00:00+00:00,0.59247,0.59338,0.59181,0.59286,4780,17,0
2025-05-22 08:00:00+00:00,0.59285,0.59374,0.58936,0.59053,5123,17,0
2025-05-22 12:00:00+00:00,0.59054,0.5914,0.58952,0.59048,6501,17,0
2025-05-22 16:00:00+00:00,0.5905,0.59096,0.58965,0.58983,3251,17,0
2025-05-22 20:00:00+00:00,0.58985,0.58996,0.58918,0.58966,1996,17,0
2025-05-23 00:00:00+00:00,0.58965,0.59175,0.58951,0.5915,3383,17,0
2025-05-23 04:00:00+00:00,0.59149,0.59466,0.5912,0.59428,3822,17,0
2025-05-23 08:00:00+00:00,0.5943,0.59683,0.59368,0.59525,4922,17,0
2025-05-23 12:00:00+00:00,0.59525,0.5977,0.59408,0.59736,8016,17,0
2025-05-23 16:00:00+00:00,0.59737,0.59886,0.59716,0.59873,3420,17,0
2025-05-23 20:00:00+00:00,0.59873,0.5989,0.59834,0.59851,558,17,0
2025-05-25 20:00:00+00:00,0.59808,0.59959,0.5975,0.5991,2298,17,0
2025-05-26 00:00:00+00:00,0.5991,0.60308,0.59891,0.60212,5130,17,0
2025-05-26 04:00:00+00:00,0.60211,0.60288,0.60142,0.6016,4260,17,0
2025-05-26 08:00:00+00:00,0.60162,0.60215,0.60094,0.60122,3508,17,0
2025-05-26 12:00:00+00:00,0.60122,0.60161,0.60043,0.60053,3086,17,0
2025-05-26 16:00:00+00:00,0.60053,0.60055,0.59977,0.60005,1153,17,0
2025-05-26 20:00:00+00:00,0.60005,0.60022,0.5991,0.59931,2193,17,0
2025-05-27 00:00:00+00:00,0.59934,0.60057,0.59847,0.59877,3753,17,0
2025-05-27 04:00:00+00:00,0.59877,0.59958,0.59589,0.59606,5536,17,0
2025-05-27 08:00:00+00:00,0.59607,0.5967,0.59489,0.59548,4436,17,0
2025-05-27 12:00:00+00:00,0.5955,0.5971,0.59402,0.59414,5501,17,0
2025-05-27 16:00:00+00:00,0.59414,0.59495,0.59395,0.59466,2836,17,0
2025-05-27 20:00:00+00:00,0.59466,0.59511,0.59397,0.5947,1825,17,0
2025-05-28 00:00:00+00:00,0.59471,0.59788,0.59231,0.59751,6142,17,0
2025-05-28 04:00:00+00:00,0.59751,0.59771,0.59423,0.59682,5159,17,0
2025-05-28 08:00:00+00:00,0.59684,0.5977,0.59614,0.59623,3943,17,0
2025-05-28 12:00:00+00:00,0.59627,0.59658,0.59435,0.59495,6161,17,0
2025-05-28 16:00:00+00:00,0.59496,0.59643,0.59492,0.5958,3270,17,0
2025-05-28 20:00:00+00:00,0.59579,0.59759,0.59453,0.59551,3754,17,0
2025-05-29 00:00:00+00:00,0.59552,0.59621,0.59244,0.59379,7294,17,0
2025-05-29 04:00:00+00:00,0.59376,0.59664,0.59303,0.59663,5200,17,0
2025-05-29 08:00:00+00:00,0.59662,0.59735,0.59573,0.59594,4472,17,0
2025-05-29 12:00:00+00:00,0.59593,0.59914,0.59593,0.59774,7412,17,0
2025-05-29 16:00:00+00:00,0.59773,0.59852,0.59747,0.59779,3657,17,0
2025-05-29 20:00:00+00:00,0.59779,0.59801,0.59565,0.59755,2977,17,0
2025-05-30 00:00:00+00:00,0.59752,0.5989,0.59591,0.59642,5117,17,0
2025-05-30 04:00:00+00:00,0.59642,0.59804,0.5951,0.59573,4332,17,0
2025-05-30 08:00:00+00:00,0.59574,0.5961,0.59465,0.59565,4269,17,0
2025-05-30 12:00:00+00:00,0.59565,0.59731,0.59471,0.59694,7825,17,0
2025-05-30 16:00:00+00:00,0.59694,0.5976,0.59587,0.59733,4047,17,0
2025-05-30 20:00:00+00:00,0.59734,0.59759,0.59633,0.59639,678,17,0
2025-06-01 20:00:00+00:00,0.59561,0.59788,0.59559,0.59725,1834,17,0
2025-06-02 00:00:00+00:00,0.59725,0.60085,0.59724,0.59927,4698,17,0
2025-06-02 04:00:00+00:00,0.59929,0.60266,0.59902,0.60198,4609,17,0
2025-06-02 08:00:00+00:00,0.60197,0.6024,0.60095,0.60126,4716,17,0
2025-06-02 12:00:00+00:00,0.60126,0.6038,0.60045,0.60322,6363,17,0
2025-06-02 16:00:00+00:00,0.60322,0.60423,0.60178,0.6042,3354,17,0
2025-06-02 20:00:00+00:00,0.60418,0.60475,0.6028,0.60472,2505,17,0
2025-06-03 00:00:00+00:00,0.60472,0.60538,0.60097,0.60136,4854,17,0
2025-06-03 04:00:00+00:00,0.60134,0.60143,0.59899,0.59979,4486,17,0
2025-06-03 08:00:00+00:00,0.59979,0.60096,0.59918,0.5997,4250,17,0
2025-06-03 12:00:00+00:00,0.59972,0.60108,0.59867,0.59966,6201,17,0
2025-06-03 16:00:00+00:00,0.59967,0.60064,0.59929,0.59977,2735,17,0
2025-06-03 20:00:00+00:00,0.59978,0.60053,0.59925,0.60043,1868,17,0
2025-06-04 00:00:00+00:00,0.60043,0.60134,0.59949,0.60009,4463,17,0
2025-06-04 04:00:00+00:00,0.60009,0.60138,0.59911,0.60012,4290,17,0
2025-06-04 08:00:00+00:00,0.60014,0.60164,0.59971,0.60126,3830,17,0
2025-06-04 12:00:00+00:00,0.60126,0.60332,0.60118,0.60294,6296,17,0
2025-06-04 16:00:00+00:00,0.60295,0.60385,0.60275,0.60275,2619,17,0
2025-06-04 20:00:00+00:00,0.60271,0.60322,0.602,0.60247,2088,17,0
2025-06-05 00:00:00+00:00,0.60248,0.60428,0.60246,0.60294,4346,17,0
2025-06-05 04:00:00+00:00,0.60296,0.6044,0.60254,0.60333,3936,17,0
2025-06-05 08:00:00+00:00,0.60336,0.60545,0.60308,0.60453,3885,17,0
2025-06-05 12:00:00+00:00,0.6045,0.60795,0.60389,0.60423,8317,17,0
2025-06-05 16:00:00+00:00,0.60423,0.60462,0.60341,0.60366,3835,17,0
2025-06-05 20:00:00+00:00,0.60367,0.60427,0.60316,0.60404,2005,17,0
2025-06-06 00:00:00+00:00,0.60403,0.60494,0.60254,0.6041,3822,17,0
2025-06-06 04:00:00+00:00,0.6041,0.60489,0.60348,0.60398,3495,17,0
2025-06-06 08:00:00+00:00,0.60394,0.60394,0.60209,0.60299,3668,17,0
2025-06-06 12:00:00+00:00,0.603,0.6043,0.60057,0.60172,8983,17,0
2025-06-06 16:00:00+00:00,0.60172,0.60229,0.60081,0.60183,3321,17,0
2025-06-06 20:00:00+00:00,0.60184,0.60214,0.6015,0.60158,453,17,0
2025-06-08 20:00:00+00:00,0.60078,0.6027,0.60078,0.60214,1519,17,0
2025-06-09 00:00:00+00:00,0.60213,0.60409,0.6013,0.6035,3834,17,0
2025-06-09 04:00:00+00:00,0.6035,0.60493,0.60307,0.60477,3298,17,0
2025-06-09 08:00:00+00:00,0.60479,0.60645,0.6046,0.60489,3753,17,0
2025-06-09 12:00:00+00:00,0.60491,0.6056,0.6035,0.60541,4927,17,0
2025-06-09 16:00:00+00:00,0.60541,0.60565,0.60481,0.60512,2236,17,0
2025-06-09 20:00:00+00:00,0.60511,0.60512,0.60419,0.60484,2024,17,0
2025-06-10 00:00:00+00:00,0.60484,0.60577,0.60272,0.60542,4970,17,0
2025-06-10 04:00:00+00:00,0.60542,0.60557,0.60287,0.60322,5913,17,0
2025-06-10 08:00:00+00:00,0.6032,0.6054,0.6032,0.60509,4137,17,0
2025-06-10 12:00:00+00:00,0.6051,0.60565,0.60373,0.60419,4840,17,0
2025-06-10 16:00:00+00:00,0.60419,0.60506,0.60363,0.6049,2644,17,0
2025-06-10 20:00:00+00:00,0.60489,0.60609,0.60465,0.60587,2411,17,0
2025-06-11 00:00:00+00:00,0.60587,0.60607,0.60243,0.60344,4326,17,0
2025-06-11 04:00:00+00:00,0.60344,0.60393,0.60236,0.60313,3671,17,0
2025-06-11 08:00:00+00:00,0.60312,0.60413,0.60245,0.60276,3852,17,0
2025-06-11 12:00:00+00:00,0.60275,0.60651,0.60227,0.60445,7634,17,0
2025-06-11 16:00:00+00:00,0.60444,0.60488,0.60233,0.60271,3844,17,0
2025-06-11 20:00:00+00:00,0.60271,0.60375,0.60236,0.60348,2412,17,0
2025-06-12 00:00:00+00:00,0.60349,0.60408,0.60154,0.60382,4761,17,0
2025-06-12 04:00:00+00:00,0.60382,0.60422,0.60049,0.60127,4862,17,0
2025-06-12 08:00:00+00:00,0.6013,0.60583,0.60121,0.6052,5864,17,0
2025-06-12 12:00:00+00:00,0.60523,0.60702,0.60499,0.606,6968,17,0
2025-06-12 16:00:00+00:00,0.60602,0.60645,0.60553,0.60637,3112,17,0
2025-06-12 20:00:00+00:00,0.60637,0.60684,0.60629,0.60643,2078,17,0
2025-06-13 00:00:00+00:00,0.60643,0.60649,0.60035,0.60243,9994,17,0
2025-06-13 04:00:00+00:00,0.60243,0.6026,0.60041,0.60132,6862,17,0
2025-06-13 08:00:00+00:00,0.60131,0.60255,0.59943,0.60054,6713,17,0
2025-06-13 12:00:00+00:00,0.60054,0.6038,0.59982,0.60338,6938,17,0
2025-06-13 16:00:00+00:00,0.60338,0.60408,0.60112,0.60208,4904,17,0
2025-06-13 20:00:00+00:00,0.60207,0.60212,0.60122,0.60166,951,17,0
2025-06-15 20:00:00+00:00,0.60038,0.60171,0.59988,0.60165,2933,17,0
2025-06-16 00:00:00+00:00,0.60165,0.60251,0.60032,0.60091,4794,17,0
2025-06-16 04:00:00+00:00,0.6009,0.60337,0.6009,0.60282,5031,17,0
2025-06-16 08:00:00+00:00,0.60282,0.60534,0.60262,0.60524,3877,17,0
2025-06-16 12:00:00+00:00,0.60524,0.6087,0.60504,0.60704,6285,17,0
2025-06-16 16:00:00+00:00,0.60704,0.60803,0.60577,0.60584,3569,17,0
2025-06-16 20:00:00+00:00,0.60584,0.60628,0.60468,0.60515,3150,17,0
2025-06-17 00:00:00+00:00,0.60518,0.60684,0.60444,0.60673,5215,17,0
2025-06-17 04:00:00+00:00,0.60674,0.60738,0.60583,0.60688,4761,17,0
2025-06-17 08:00:00+00:00,0.60688,0.60788,0.60615,0.6073,4051,17,0
2025-06-17 12:00:00+00:00,0.60729,0.60768,0.60434,0.60533,6366,17,0
2025-06-17 16:00:00+00:00,0.60534,0.60588,0.60093,0.60145,5296,17,0
2025-06-17 20:00:00+00:00,0.60145,0.60195,0.60073,0.60179,2796,17,0
2025-06-18 00:00:00+00:00,0.60177,0.60297,0.60155,0.60253,4959,17,0
2025-06-18 04:00:00+00:00,0.60254,0.60387,0.60228,0.60271,4495,17,0
2025-06-18 08:00:00+00:00,0.6027,0.60309,0.6017,0.60256,3885,17,0
2025-06-18 12:00:00+00:00,0.60256,0.60489,0.60199,0.60437,6506,17,0
2025-06-18 16:00:00+00:00,0.60438,0.60545,0.60159,0.60244,8274,17,0
2025-06-18 20:00:00+00:00,0.60243,0.60322,0.60172,0.60272,2715,17,0
2025-06-19 00:00:00+00:00,0.60273,0.60296,0.59818,0.59949,5505,17,0
2025-06-19 04:00:00+00:00,0.5995,0.59996,0.59634,0.59691,5040,17,0
2025-06-19 08:00:00+00:00,0.59694,0.59879,0.59674,0.59799,4551,17,0
2025-06-19 12:00:00+00:00,0.59798,0.59831,0.59583,0.59675,4934,17,0
2025-06-19 16:00:00+00:00,0.59673,0.59921,0.59646,0.59912,1920,17,0
2025-06-19 20:00:00+00:00,0.59909,0.59998,0.59718,0.59993,2402,17,0
2025-06-20 00:00:00+00:00,0.59992,0.60053,0.59862,0.60036,4319,17,0
2025-06-20 04:00:00+00:00,0.60036,0.60084,0.599,0.59954,4131,17,0
2025-06-20 08:00:00+00:00,0.59955,0.60004,0.59858,0.59905,3670,17,0
2025-06-20 12:00:00+00:00,0.59906,0.59977,0.59632,0.59663,5994,17,0
2025-06-20 16:00:00+00:00,0.59663,0.5976,0.59634,0.59644,3331,17,0
2025-06-20 20:00:00+00:00,0.59643,0.59668,0.5963,0.59653,685,17,0
2025-06-22 20:00:00+00:00,0.59439,0.59657,0.59279,0.59603,3150,17,0
2025-06-23 00:00:00+00:00,0.59606,0.59643,0.59175,0.59222,6159,17,0
2025-06-23 04:00:00+00:00,0.59222,0.59343,0.5915,0.59276,5767,17,0
2025-06-23 08:00:00+00:00,0.59277,0.59282,0.58822,0.58973,5679,17,0
2025-06-23 12:00:00+00:00,0.58972,0.59541,0.58882,0.59379,7747,17,0
2025-06-23 16:00:00+00:00,0.59381,0.59771,0.5926,0.59747,6437,17,0
2025-06-23 20:00:00+00:00,0.5975,0.60009,0.59656,0.59927,3986,17,0
2025-06-24 00:00:00+00:00,0.59928,0.60128,0.59872,0.60053,5611,17,0
2025-06-24 04:00:00+00:00,0.60054,0.6033,0.60012,0.60128,5785,17,0
2025-06-24 08:00:00+00:00,0.60128,0.60387,0.6012,0.60307,4395,17,0
2025-06-24 12:00:00+00:00,0.60307,0.60402,0.60086,0.60128,6761,17,0
2025-06-24 16:00:00+00:00,0.60131,0.60238,0.60095,0.60108,3416,17,0
2025-06-24 20:00:00+00:00,0.60111,0.60125,0.60018,0.60103,2320,17,0
2025-06-25 00:00:00+00:00,0.60103,0.60389,0.60089,0.60286,4312,17,0
2025-06-25 04:00:00+00:00,0.60285,0.60309,0.60187,0.60224,3750,17,0
2025-06-25 08:00:00+00:00,0.60224,0.60256,0.60136,0.60182,3477,17,0
2025-06-25 12:00:00+00:00,0.6018,0.6027,0.60093,0.60179,5155,17,0
2025-06-25 16:00:00+00:00,0.60179,0.60416,0.60178,0.60371,3406,17,0
2025-06-25 20:00:00+00:00,0.60373,0.60548,0.60282,0.60525,2643,17,0
2025-06-26 00:00:00+00:00,0.60526,0.60649,0.60286,0.60602,4627,17,0
2025-06-26 04:00:00+00:00,0.60602,0.60605,0.60416,0.60535,5096,17,0
2025-06-26 08:00:00+00:00,0.60537,0.60726,0.60471,0.60492,5336,17,0
2025-06-26 12:00:00+00:00,0.60493,0.60728,0.60476,0.60663,7684,17,0
2025-06-26 16:00:00+00:00,0.60663,0.60739,0.60603,0.60621,3887,17,0
2025-06-26 20:00:00+00:00,0.60619,0.60629,0.60474,0.60583,2406,17,0
2025-06-27 00:00:00+00:00,0.60586,0.60756,0.60586,0.6066,4292,17,0
2025-06-27 04:00:00+00:00,0.60661,0.60773,0.60561,0.60682,4139,17,0
2025-06-27 08:00:00+00:00,0.60685,0.60757,0.60536,0.60628,3917,17,0
2025-06-27 12:00:00+00:00,0.60628,0.60725,0.60513,0.60595,6543,17,0
2025-06-27 16:00:00+00:00,0.60594,0.60648,0.60364,0.60517,5098,17,0
2025-06-27 20:00:00+00:00,0.60515,0.60574,0.6051,0.60556,672,17,0
2025-06-29 20:00:00+00:00,0.60476,0.60669,0.60473,0.60614,1719,17,0
2025-06-30 00:00:00+00:00,0.60615,0.60767,0.60583,0.60643,4423,17,0
2025-06-30 04:00:00+00:00,0.60643,0.60846,0.6062,0.60641,4608,17,0
2025-06-30 08:00:00+00:00,0.60639,0.6071,0.60563,0.60611,3862,17,0
2025-06-30 12:00:00+00:00,0.60612,0.60896,0.60564,0.60894,5981,17,0
2025-06-30 16:00:00+00:00,0.60894,0.60955,0.60806,0.60946,3713,17,0
2025-06-30 20:00:00+00:00,0.60944,0.60979,0.60857,0.60904,2264,17,0
2025-07-01 00:00:00+00:00,0.60903,0.60955,0.60747,0.60856,3563,17,0
2025-07-01 04:00:00+00:00,0.60856,0.61126,0.60834,0.61122,4020,17,0
2025-07-01 08:00:00+00:00,0.61121,0.61195,0.61031,0.6112,4512,17,0
2025-07-01 12:00:00+00:00,0.61119,0.61136,0.60802,0.60858,7158,17,0
2025-07-01 16:00:00+00:00,0.60858,0.60932,0.60804,0.60925,3471,17,0
2025-07-01 20:00:00+00:00,0.60926,0.61007,0.60901,0.60986,2186,17,0
2025-07-02 00:00:00+00:00,0.60986,0.61052,0.60896,0.61017,3557,17,0
2025-07-02 04:00:00+00:00,0.61017,0.61042,0.6078,0.60782,3694,17,0
2025-07-02 08:00:00+00:00,0.60781,0.60808,0.60586,0.6059,3835,17,0
2025-07-02 12:00:00+00:00,0.60589,0.60755,0.60493,0.6075,7880,17,0
2025-07-02 16:00:00+00:00,0.6075,0.60918,0.60721,0.60915,3185,17,0
2025-07-02 20:00:00+00:00,0.60915,0.60916,0.60836,0.60878,1946,17,0
2025-07-03 00:00:00+00:00,0.60878,0.60921,0.60647,0.60659,3623,17,0
2025-07-03 04:00:00+00:00,0.60656,0.60808,0.60642,0.60736,3182,17,0
2025-07-03 08:00:00+00:00,0.60739,0.60815,0.60659,0.60669,3354,17,0
2025-07-03 12:00:00+00:00,0.60669,0.60761,0.60294,0.60658,9090,17,0
2025-07-03 16:00:00+00:00,0.6066,0.60686,0.60594,0.60642,2018,17,0
2025-07-03 20:00:00+00:00,0.60642,0.6079,0.60624,0.60777,1996,17,0
2025-07-04 00:00:00+00:00,0.60777,0.60815,0.60644,0.60691,3431,17,0
2025-07-04 04:00:00+00:00,0.6069,0.60785,0.60567,0.60598,3845,17,0
2025-07-04 08:00:00+00:00,0.60599,0.60669,0.60595,0.60623,3538,17,0
2025-07-04 12:00:00+00:00,0.60623,0.60637,0.60495,0.60536,3591,17,0
2025-07-04 16:00:00+00:00,0.60534,0.60564,0.60513,0.60517,3005,17,0
2025-07-04 20:00:00+00:00,0.60515,0.6059,0.60511,0.6058,4950,17,0
2025-07-06 20:00:00+00:00,0.60492,0.60585,0.60464,0.60489,1365,17,0
2025-07-07 00:00:00+00:00,0.60489,0.60517,0.60187,0.60188,4578,17,0
2025-07-07 04:00:00+00:00,0.6019,0.6022,0.60033,0.60044,4557,17,0
2025-07-07 08:00:00+00:00,0.60044,0.60074,0.59878,0.59991,4032,17,0
2025-07-07 12:00:00+00:00,0.59991,0.60159,0.5992,0.6011,4749,17,0
2025-07-07 16:00:00+00:00,0.60111,0.6015,0.59894,0.60009,5361,17,0
2025-07-07 20:00:00+00:00,0.60006,0.60072,0.59858,0.60068,2432,17,0
2025-07-08 00:00:00+00:00,0.60065,0.602,0.60031,0.6013,3943,17,0
2025-07-08 04:00:00+00:00,0.60128,0.60344,0.60079,0.60257,5848,17,0
2025-07-08 08:00:00+00:00,0.60256,0.60256,0.601,0.60116,4010,17,0
2025-07-08 12:00:00+00:00,0.60114,0.60127,0.59786,0.59913,6176,17,0
2025-07-08 16:00:00+00:00,0.59913,0.60037,0.59842,0.59949,4985,17,0
2025-07-08 20:00:00+00:00,0.59949,0.60001,0.59908,0.5992,2081,17,0
2025-07-09 00:00:00+00:00,0.59923,0.60135,0.59752,0.59845,5047,17,0
2025-07-09 04:00:00+00:00,0.59844,0.60097,0.59833,0.59927,4734,17,0
2025-07-09 08:00:00+00:00,0.59925,0.60031,0.5981,0.59812,4143,17,0
2025-07-09 12:00:00+00:00,0.59812,0.60078,0.59804,0.59899,6059,17,0
2025-07-09 16:00:00+00:00,0.599,0.60062,0.59894,0.60041,3323,17,0
2025-07-09 20:00:00+00:00,0.60041,0.60045,0.59947,0.59982,2209,17,0
2025-07-10 00:00:00+00:00,0.59982,0.60106,0.59964,0.60038,3668,17,0
2025-07-10 04:00:00+00:00,0.60035,0.60196,0.59999,0.60134,3407,17,0
2025-07-10 08:00:00+00:00,0.60134,0.60242,0.60086,0.60117,2819,17,0
2025-07-10 12:00:00+00:00,0.60118,0.60188,0.59959,0.6018,5636,17,0
2025-07-10 16:00:00+00:00,0.60177,0.60327,0.60172,0.60323,3026,17,0
2025-07-10 20:00:00+00:00,0.60322,0.60427,0.60265,0.60399,1988,17,0
2025-07-11 00:00:00+00:00,0.604,0.60409,0.60068,0.60211,6394,17,0
2025-07-11 04:00:00+00:00,0.60211,0.6026,0.60084,0.60231,4522,17,0
2025-07-11 08:00:00+00:00,0.60232,0.60235,0.60092,0.6013,4041,17,0
2025-07-11 12:00:00+00:00,0.60127,0.602,0.60002,0.60084,6215,17,0
2025-07-11 16:00:00+00:00,0.60083,0.60112,0.60022,0.60042,3219,17,0
2025-07-11 20:00:00+00:00,0.60044,0.60081,0.60007,0.60066,777,17,0
2025-07-13 20:00:00+00:00,0.60002,0.6006,0.59894,0.60049,2102,17,0
2025-07-14 00:00:00+00:00,0.60048,0.60137,0.59811,0.59866,4573,17,0
2025-07-14 04:00:00+00:00,0.59865,0.59917,0.59745,0.59897,4346,17,0
2025-07-14 08:00:00+00:00,0.59897,0.59955,0.59846,0.59887,3162,17,0
2025-07-14 12:00:00+00:00,0.59884,0.5992,0.59704,0.59704,4658,17,0
2025-07-14 16:00:00+00:00,0.59705,0.59774,0.59678,0.59741,3084,17,0
2025-07-14 20:00:00+00:00,0.59743,0.59746,0.5967,0.59697,2269,17,0
2025-07-15 00:00:00+00:00,0.59697,0.59848,0.59691,0.59764,3682,17,0
2025-07-15 04:00:00+00:00,0.59764,0.59942,0.59743,0.59928,3273,17,0
2025-07-15 08:00:00+00:00,0.59931,0.60009,0.59899,0.59915,3279,17,0
2025-07-15 12:00:00+00:00,0.59914,0.60056,0.59382,0.59483,8148,17,0
2025-07-15 16:00:00+00:00,0.59482,0.59503,0.59378,0.59427,3659,17,0
2025-07-15 20:00:00+00:00,0.59428,0.59547,0.59389,0.59534,2286,17,0
2025-07-16 00:00:00+00:00,0.59534,0.59654,0.59439,0.59449,3332,17,0
2025-07-16 04:00:00+00:00,0.5945,0.59544,0.59412,0.59453,3409,17,0
2025-07-16 08:00:00+00:00,0.59453,0.59479,0.59364,0.59406,3414,17,0
2025-07-16 12:00:00+00:00,0.59408,0.59689,0.59119,0.59381,11188,17,0
2025-07-16 16:00:00+00:00,0.59377,0.59545,0.59309,0.59451,6292,17,0
2025-07-16 20:00:00+00:00,0.59451,0.59471,0.59418,0.59432,2166,17,0
2025-07-17 00:00:00+00:00,0.59431,0.59441,0.59111,0.59238,4793,17,0
2025-07-17 04:00:00+00:00,0.5924,0.59327,0.59089,0.59141,4387,17,0
2025-07-17 08:00:00+00:00,0.59141,0.59264,0.59067,0.59079,3540,17,0
2025-07-17 12:00:00+00:00,0.59079,0.59315,0.59041,0.59275,5741,17,0
2025-07-17 16:00:00+00:00,0.59276,0.59309,0.59201,0.593,2790,17,0
2025-07-17 20:00:00+00:00,0.593,0.59436,0.5927,0.59424,2282,17,0
2025-07-18 00:00:00+00:00,0.59425,0.59628,0.59416,0.59543,3893,17,0
2025-07-18 04:00:00+00:00,0.59542,0.59583,0.59468,0.59581,3283,17,0
2025-07-18 08:00:00+00:00,0.59582,0.59769,0.59582,0.59737,3275,17,0
2025-07-18 12:00:00+00:00,0.59736,0.59903,0.59729,0.59755,5404,17,0
2025-07-18 16:00:00+00:00,0.59755,0.59768,0.59575,0.59606,3123,17,0
2025-07-18 20:00:00+00:00,0.59606,0.59613,0.59584,0.59601,498,17,0
2025-07-20 20:00:00+00:00,0.59536,0.59656,0.59409,0.5951,2380,17,0
2025-07-21 00:00:00+00:00,0.5951,0.59537,0.5938,0.59488,3539,17,0
2025-07-21 04:00:00+00:00,0.59488,0.59662,0.59481,0.59552,3329,17,0
2025-07-21 08:00:00+00:00,0.59553,0.59709,0.59516,0.59704,3444,17,0
2025-07-21 12:00:00+00:00,0.59704,0.5984,0.59622,0.59764,4594,17,0
2025-07-21 16:00:00+00:00,0.59763,0.5979,0.59692,0.59693,2577,17,0
2025-07-21 20:00:00+00:00,0.59694,0.59709,0.59608,0.59681,1870,17,0
2025-07-22 00:00:00+00:00,0.59681,0.5969,0.59553,0.59588,3128,17,0
2025-07-22 04:00:00+00:00,0.59588,0.59632,0.59399,0.59408,3184,17,0
2025-07-22 08:00:00+00:00,0.59408,0.59579,0.59402,0.59574,3222,17,0
2025-07-22 12:00:00+00:00,0.59574,0.59995,0.59573,0.59988,5792,17,0
2025-07-22 16:00:00+00:00,0.59989,0.60034,0.59941,0.60015,3228,17,0
2025-07-22 20:00:00+00:00,0.60016,0.60076,0.59902,0.59972,2882,17,0
2025-07-23 00:00:00+00:00,0.59971,0.60133,0.59934,0.60058,4523,17,0
2025-07-23 04:00:00+00:00,0.60058,0.6033,0.60058,0.60305,3839,17,0
2025-07-23 08:00:00+00:00,0.60306,0.60463,0.60286,0.6043,3458,17,0
2025-07-23 12:00:00+00:00,0.60431,0.60451,0.60295,0.60366,5351,17,0
2025-07-23 16:00:00+00:00,0.60364,0.60457,0.6026,0.60433,4395,17,0
2025-07-23 20:00:00+00:00,0.60434,0.60507,0.60367,0.60465,2190,17,0
2025-07-24 00:00:00+00:00,0.60465,0.60583,0.60409,0.60511,4157,17,0
2025-07-24 04:00:00+00:00,0.60508,0.60581,0.60436,0.60475,3996,17,0
2025-07-24 08:00:00+00:00,0.60477,0.60569,0.60408,0.60503,3608,17,0
2025-07-24 12:00:00+00:00,0.60503,0.60552,0.60349,0.6039,6393,17,0
2025-07-24 16:00:00+00:00,0.60388,0.60432,0.60335,0.60345,3092,17,0
2025-07-24 20:00:00+00:00,0.60345,0.60363,0.60221,0.60348,2361,17,0
2025-07-25 00:00:00+00:00,0.60348,0.60382,0.60196,0.60271,3512,17,0
2025-07-25 04:00:00+00:00,0.60271,0.60302,0.60106,0.60113,4222,17,0
2025-07-25 08:00:00+00:00,0.60109,0.60153,0.60032,0.60142,3623,17,0
2025-07-25 12:00:00+00:00,0.60142,0.60142,0.59972,0.60051,6107,17,0
2025-07-25 16:00:00+00:00,0.60051,0.60154,0.60014,0.60144,2539,17,0
2025-07-25 20:00:00+00:00,0.60141,0.60164,0.60122,0.60163,462,17,0
2025-07-27 20:00:00+00:00,0.6008,0.60227,0.60078,0.60177,1490,17,0
2025-07-28 00:00:00+00:00,0.60177,0.60319,0.60105,0.60137,4073,17,0
2025-07-28 04:00:00+00:00,0.60137,0.60147,0.59715,0.59724,4358,17,0
2025-07-28 08:00:00+00:00,0.59724,0.59834,0.59675,0.59807,4980,17,0
2025-07-28 12:00:00+00:00,0.59806,0.59877,0.59699,0.59713,6261,17,0
2025-07-28 16:00:00+00:00,0.59713,0.59724,0.59644,0.5971,2813,17,0
2025-07-28 20:00:00+00:00,0.59709,0.59731,0.59645,0.59712,2021,17,0
2025-07-29 00:00:00+00:00,0.59712,0.59754,0.59607,0.59666,3395,17,0
2025-07-29 04:00:00+00:00,0.59666,0.59711,0.59448,0.59481,4383,17,0
2025-07-29 08:00:00+00:00,0.59478,0.59631,0.59451,0.59467,4196,17,0
2025-07-29 12:00:00+00:00,0.59469,0.59575,0.59418,0.59525,5925,17,0
2025-07-29 16:00:00+00:00,0.59523,0.59605,0.59495,0.5956,3467,17,0
2025-07-29 20:00:00+00:00,0.59558,0.59572,0.59505,0.59536,1882,17,0
2025-07-30 00:00:00+00:00,0.59536,0.59707,0.59536,0.59653,4301,17,0
2025-07-30 04:00:00+00:00,0.59653,0.59659,0.59555,0.59563,3883,17,0
2025-07-30 08:00:00+00:00,0.59563,0.59599,0.59419,0.59452,3433,17,0
2025-07-30 12:00:00+00:00,0.59452,0.59461,0.5908,0.59099,6468,17,0
2025-07-30 16:00:00+00:00,0.59102,0.59284,0.5888,0.58917,7535,17,0
2025-07-30 20:00:00+00:00,0.58917,0.59082,0.58884,0.59064,2816,17,0
2025-07-31 00:00:00+00:00,0.59062,0.59151,0.5897,0.59146,4806,17,0
2025-07-31 04:00:00+00:00,0.59147,0.59364,0.59122,0.59199,4460,17,0
2025-07-31 08:00:00+00:00,0.59198,0.592,0.58949,0.59076,4116,17,0
2025-07-31 12:00:00+00:00,0.59076,0.59092,0.58892,0.58922,6679,17,0
2025-07-31 16:00:00+00:00,0.58921,0.58972,0.5886,0.58896,3663,17,0
2025-07-31 20:00:00+00:00,0.58897,0.58933,0.58804,0.58861,2927,17,0
2025-08-01 00:00:00+00:00,0.58861,0.58919,0.58735,0.5881,4344,17,0
2025-08-01 04:00:00+00:00,0.58809,0.58832,0.58657,0.58673,3951,17,0
2025-08-01 08:00:00+00:00,0.58673,0.58714,0.5858,0.58629,3398,17,0
2025-08-01 12:00:00+00:00,0.58629,0.5928,0.58557,0.59091,12832,17,0
2025-08-01 16:00:00+00:00,0.5909,0.59148,0.58886,0.59088,5739,17,0
2025-08-01 20:00:00+00:00,0.5909,0.59221,0.59087,0.5914,1134,17,0
2025-08-03 20:00:00+00:00,0.59016,0.59195,0.58998,0.59135,2394,17,0
2025-08-04 00:00:00+00:00,0.59134,0.59219,0.59019,0.59171,4820,17,0
2025-08-04 04:00:00+00:00,0.5917,0.59203,0.59037,0.59061,4241,17,0
2025-08-04 08:00:00+00:00,0.59064,0.5921,0.59031,0.59198,4166,17,0
2025-08-04 12:00:00+00:00,0.59202,0.59295,0.59024,0.59048,6041,17,0
2025-08-04 16:00:00+00:00,0.59046,0.59069,0.58981,0.59028,3174,17,0
2025-08-04 20:00:00+00:00,0.59028,0.5916,0.58999,0.59154,2186,17,0
2025-08-05 00:00:00+00:00,0.59153,0.59217,0.58931,0.58937,3446,17,0
2025-08-05 04:00:00+00:00,0.58937,0.59021,0.58864,0.58919,3668,17,0
2025-08-05 08:00:00+00:00,0.58919,0.5895,0.58806,0.58895,3963,17,0
2025-08-05 12:00:00+00:00,0.58895,0.59021,0.58854,0.58981,7157,17,0
2025-08-05 16:00:00+00:00,0.58981,0.59039,0.58902,0.58939,3158,17,0
2025-08-05 20:00:00+00:00,0.58939,0.59108,0.58896,0.59069,2630,17,0
2025-08-06 00:00:00+00:00,0.59066,0.59229,0.59039,0.59212,3062,17,0
2025-08-06 04:00:00+00:00,0.59212,0.59258,0.59149,0.59234,2836,17,0
2025-08-06 08:00:00+00:00,0.59237,0.59349,0.59148,0.59314,3254,17,0
2025-08-06 12:00:00+00:00,0.59313,0.59371,0.59204,0.59364,5441,17,0
2025-08-06 16:00:00+00:00,0.59365,0.59404,0.59279,0.5933,3336,17,0
2025-08-06 20:00:00+00:00,0.5933,0.59339,0.59239,0.59269,2416,17,0
2025-08-07 00:00:00+00:00,0.59267,0.59441,0.59222,0.59436,3199,17,0
2025-08-07 04:00:00+00:00,0.59436,0.59629,0.5942,0.59629,3394,17,0
2025-08-07 08:00:00+00:00,0.59627,0.59666,0.59446,0.59499,4036,17,0
2025-08-07 12:00:00+00:00,0.595,0.59604,0.59309,0.59424,6269,17,0
2025-08-07 16:00:00+00:00,0.59423,0.59562,0.59379,0.5956,3695,17,0
2025-08-07 20:00:00+00:00,0.5956,0.5971,0.59416,0.59679,2733,17,0
2025-08-08 00:00:00+00:00,0.5968,0.59699,0.59528,0.59596,3113,17,0
2025-08-08 04:00:00+00:00,0.59597,0.5966,0.59524,0.59622,3042,17,0
2025-08-08 08:00:00+00:00,0.59621,0.59674,0.59489,0.59535,3404,17,0
2025-08-08 12:00:00+00:00,0.59534,0.59622,0.59475,0.5953,4671,17,0
2025-08-08 16:00:00+00:00,0.5953,0.59587,0.59465,0.59488,2677,17,0
2025-08-08 20:00:00+00:00,0.59489,0.59542,0.59467,0.59536,611,17,0
2025-08-10 20:00:00+00:00,0.59465,0.59524,0.59449,0.59465,1405,17,0
2025-08-11 00:00:00+00:00,0.59465,0.59565,0.59434,0.59559,2769,17,0
2025-08-11 04:00:00+00:00,0.59559,0.5958,0.59385,0.59399,2591,17,0
2025-08-11 08:00:00+00:00,0.59399,0.59462,0.59275,0.59314,2964,17,0
2025-08-11 12:00:00+00:00,0.59314,0.59344,0.59242,0.59335,4420,17,0
2025-08-11 16:00:00+00:00,0.59335,0.59382,0.59286,0.59349,2422,17,0
2025-08-11 20:00:00+00:00,0.59349,0.594,0.59301,0.59381,1756,17,0
2025-08-12 00:00:00+00:00,0.59381,0.59452,0.59356,0.59358,2882,17,0
2025-08-12 04:00:00+00:00,0.59358,0.59387,0.59251,0.59329,4246,17,0
2025-08-12 08:00:00+00:00,0.5933,0.59335,0.59123,0.59172,2909,17,0
2025-08-12 12:00:00+00:00,0.59174,0.59651,0.59172,0.59552,9400,17,0
2025-08-12 16:00:00+00:00,0.59551,0.59593,0.59506,0.59529,3280,17,0
2025-08-12 20:00:00+00:00,0.59529,0.59572,0.5947,0.59566,1947,17,0
2025-08-13 00:00:00+00:00,0.59566,0.59603,0.59441,0.59575,2769,17,0
2025-08-13 04:00:00+00:00,0.59574,0.59854,0.59527,0.59823,3033,17,0
2025-08-13 08:00:00+00:00,0.5982,0.59949,0.59817,0.59869,3108,17,0
2025-08-13 12:00:00+00:00,0.59868,0.59881,0.59736,0.5975,4449,17,0
2025-08-13 16:00:00+00:00,0.59751,0.5979,0.59673,0.59726,2194,17,0
2025-08-13 20:00:00+00:00,0.59726,0.59797,0.59665,0.5979,2070,17,0
2025-08-14 00:00:00+00:00,0.59791,0.59902,0.59725,0.59731,3545,17,0
2025-08-14 04:00:00+00:00,0.59731,0.59786,0.59491,0.59528,3897,17,0
2025-08-14 08:00:00+00:00,0.59528,0.59582,0.5946,0.59481,3310,17,0
2025-08-14 12:00:00+00:00,0.59481,0.59513,0.59109,0.59139,7133,17,0
2025-08-14 16:00:00+00:00,0.59141,0.59201,0.59079,0.59191,3022,17,0
2025-08-14 20:00:00+00:00,0.5919,0.59215,0.59088,0.59197,2155,17,0
2025-08-15 00:00:00+00:00,0.59197,0.59241,0.59068,0.5923,2950,17,0
2025-08-15 04:00:00+00:00,0.5923,0.59279,0.59153,0.59276,2648,17,0
2025-08-15 08:00:00+00:00,0.59276,0.59303,0.59211,0.59267,2487,17,0
2025-08-15 12:00:00+00:00,0.59267,0.59382,0.5917,0.59279,5491,17,0
2025-08-15 16:00:00+00:00,0.59278,0.59295,0.59202,0.59233,2332,17,0
2025-08-15 20:00:00+00:00,0.59234,0.59262,0.59208,0.5922,507,17,0
2025-08-17 20:00:00+00:00,0.59179,0.59295,0.59167,0.59278,1117,17,0
2025-08-18 00:00:00+00:00,0.59278,0.59371,0.59274,0.59326,2636,17,0
2025-08-18 04:00:00+00:00,0.59326,0.59418,0.59301,0.5933,2974,17,0
2025-08-18 08:00:00+00:00,0.5933,0.59418,0.59288,0.59332,2985,17,0
2025-08-18 12:00:00+00:00,0.59332,0.59366,0.5909,0.59223,4073,17,0
2025-08-18 16:00:00+00:00,0.59221,0.59243,0.59152,0.59234,2319,17,0
2025-08-18 20:00:00+00:00,0.59234,0.59265,0.59157,0.59223,2025,17,0
2025-08-19 00:00:00+00:00,0.59223,0.59282,0.59159,0.59216,3434,17,0
2025-08-19 04:00:00+00:00,0.59215,0.59297,0.59146,0.59207,3146,17,0
2025-08-19 08:00:00+00:00,0.59205,0.59287,0.59136,0.59249,3057,17,0
2025-08-19 12:00:00+00:00,0.59251,0.59283,0.58987,0.58991,4466,17,0
2025-08-19 16:00:00+00:00,0.58993,0.59039,0.58918,0.58948,2357,17,0
2025-08-19 20:00:00+00:00,0.58948,0.58963,0.58859,0.58962,2097,17,0
2025-08-20 00:00:00+00:00,0.58963,0.58972,0.58196,0.58268,6222,17,0
2025-08-20 04:00:00+00:00,0.58268,0.58364,0.58167,0.58224,4199,17,0
2025-08-20 08:00:00+00:00,0.58225,0.5831,0.58143,0.58212,3238,17,0
2025-08-20 12:00:00+00:00,0.58212,0.58396,0.58178,0.58202,5063,17,0
2025-08-20 16:00:00+00:00,0.58202,0.58333,0.58202,0.58253,2866,17,0
2025-08-20 20:00:00+00:00,0.58255,0.58274,0.58162,0.58267,2197,17,0
2025-08-21 00:00:00+00:00,0.58267,0.58321,0.58141,0.58164,3235,17,0
2025-08-21 04:00:00+00:00,0.58164,0.58244,0.58126,0.5819,3105,17,0
2025-08-21 08:00:00+00:00,0.58193,0.58299,0.58164,0.58199,2773,17,0
2025-08-21 12:00:00+00:00,0.58199,0.58309,0.58101,0.58151,5843,17,0
2025-08-21 16:00:00+00:00,0.5815,0.58234,0.58111,0.58153,2932,17,0
2025-08-21 20:00:00+00:00,0.58152,0.58218,0.58121,0.58204,2091,17,0
2025-08-22 00:00:00+00:00,0.58204,0.58214,0.5809,0.58119,3221,17,0
2025-08-22 04:00:00+00:00,0.5812,0.58138,0.57992,0.58087,2689,17,0
2025-08-22 08:00:00+00:00,0.58088,0.58133,0.58008,0.58067,2591,17,0
2025-08-22 12:00:00+00:00,0.58066,0.58754,0.58066,0.58594,7883,17,0
2025-08-22 16:00:00+00:00,0.58593,0.58734,0.58593,0.58646,3444,17,0
2025-08-22 20:00:00+00:00,0.58647,0.58689,0.58646,0.58669,400,17,0
2025-08-24 20:00:00+00:00,0.58605,0.587,0.58584,0.58635,1463,18,0
2025-08-25 00:00:00+00:00,0.58635,0.58659,0.58514,0.58619,3004,18,0
2025-08-25 04:00:00+00:00,0.58619,0.58797,0.58619,0.58633,2710,18,0
2025-08-25 08:00:00+00:00,0.58632,0.58721,0.58557,0.58717,2518,18,0
2025-08-25 12:00:00+00:00,0.58719,0.58764,0.58614,0.58654,3992,18,0
2025-08-25 16:00:00+00:00,0.58653,0.58667,0.58449,0.58455,2955,18,0
2025-08-25 20:00:00+00:00,0.58455,0.5851,0.58376,0.58477,2133,18,0
2025-08-26 00:00:00+00:00,0.58479,0.58603,0.58279,0.58288,4892,18,0
2025-08-26 04:00:00+00:00,0.58289,0.58449,0.58284,0.58418,3485,18,0
2025-08-26 08:00:00+00:00,0.58418,0.58564,0.58373,0.58549,3209,18,0
2025-08-26 12:00:00+00:00,0.58548,0.58632,0.58466,0.58628,4607,18,0
2025-08-26 16:00:00+00:00,0.58628,0.58673,0.58576,0.58587,2291,18,0
2025-08-26 20:00:00+00:00,0.58585,0.58631,0.5849,0.58561,1860,18,0
2025-08-27 00:00:00+00:00,0.58561,0.58598,0.58458,0.58466,3089,18,0
2025-08-27 04:00:00+00:00,0.58467,0.58477,0.58305,0.5833,2724,18,0
2025-08-27 08:00:00+00:00,0.5833,0.58332,0.58174,0.5821,2963,18,0
2025-08-27 12:00:00+00:00,0.58209,0.58464,0.58209,0.58457,4441,18,0
2025-08-27 16:00:00+00:00,0.58457,0.58643,0.58453,0.58604,2899,18,0
2025-08-27 20:00:00+00:00,0.58601,0.58608,0.58491,0.58599,2111,18,0
2025-08-28 00:00:00+00:00,0.58599,0.5867,0.58544,0.58634,3049,18,0
2025-08-28 04:00:00+00:00,0.58633,0.58635,0.5853,0.5861,3065,18,0
2025-08-28 08:00:00+00:00,0.58608,0.58751,0.5854,0.58724,3188,18,0
2025-08-28 12:00:00+00:00,0.58725,0.58845,0.58649,0.58823,5525,18,0
2025-08-28 16:00:00+00:00,0.58823,0.5891,0.58813,0.58839,2370,18,0
2025-08-28 20:00:00+00:00,0.58839,0.58848,0.58756,0.58821,1584,18,0
2025-08-29 00:00:00+00:00,0.58823,0.5894,0.5881,0.5889,3028,18,0
2025-08-29 04:00:00+00:00,0.58891,0.58966,0.58845,0.58959,2791,18,0
2025-08-29 08:00:00+00:00,0.58959,0.58969,0.58836,0.58844,3090,18,0
2025-08-29 12:00:00+00:00,0.58845,0.59049,0.58799,0.58988,5725,18,0
2025-08-29 16:00:00+00:00,0.58988,0.59014,0.58957,0.58986,2319,18,0
2025-08-29 20:00:00+00:00,0.58987,0.58998,0.58925,0.58941,713,18,0
2025-08-31 20:00:00+00:00,0.58898,0.58984,0.58887,0.58952,1168,18,0
2025-09-01 00:00:00+00:00,0.58953,0.5913,0.58953,0.59053,3321,18,0
2025-09-01 04:00:00+00:00,0.59053,0.59056,0.58892,0.59005,2945,18,0
2025-09-01 08:00:00+00:00,0.59005,0.59137,0.59004,0.59042,2805,18,0
2025-09-01 12:00:00+00:00,0.5904,0.59045,0.5896,0.58998,2909,18,0
2025-09-01 16:00:00+00:00,0.58998,0.59034,0.5896,0.59034,961,18,0
2025-09-01 20:00:00+00:00,0.59033,0.5906,0.5897,0.59039,1622,18,0
2025-09-02 00:00:00+00:00,0.59039,0.59071,0.58845,0.58864,3298,18,0
2025-09-02 04:00:00+00:00,0.58864,0.58879,0.58486,0.58512,3705,18,0
2025-09-02 08:00:00+00:00,0.58513,0.58639,0.58477,0.58539,5008,18,0
2025-09-02 12:00:00+00:00,0.5854,0.58695,0.58369,0.58615,6978,18,0
2025-09-02 16:00:00+00:00,0.58614,0.58665,0.5856,0.58637,3271,18,0
2025-09-02 20:00:00+00:00,0.58639,0.5866,0.58565,0.58603,1959,18,0
2025-09-03 00:00:00+00:00,0.58602,0.58626,0.5853,0.58575,3273,18,0
2025-09-03 04:00:00+00:00,0.58575,0.58617,0.58407,0.58567,3467,18,0
2025-09-03 08:00:00+00:00,0.58566,0.58663,0.58554,0.58645,3755,18,0
2025-09-03 12:00:00+00:00,0.58644,0.58812,0.58587,0.58788,6053,18,0
2025-09-03 16:00:00+00:00,0.58787,0.58827,0.58717,0.58738,2963,18,0
2025-09-03 20:00:00+00:00,0.58737,0.58799,0.58669,0.58799,1885,18,0
2025-09-04 00:00:00+00:00,0.58799,0.58888,0.58714,0.58724,3544,18,0
2025-09-04 04:00:00+00:00,0.58724,0.58744,0.5861,0.58636,2896,18,0
2025-09-04 08:00:00+00:00,0.58636,0.58688,0.58533,0.58552,2931,18,0
2025-09-04 12:00:00+00:00,0.58552,0.58646,0.58322,0.58358,5908,18,0
2025-09-04 16:00:00+00:00,0.58358,0.58449,0.58321,0.58448,2100,18,0
2025-09-04 20:00:00+00:00,0.58447,0.58501,0.58388,0.58499,1670,18,0
2025-09-05 00:00:00+00:00,0.58499,0.58641,0.58493,0.58635,2377,18,0
2025-09-05 04:00:00+00:00,0.58636,0.58761,0.58579,0.58758,2335,18,0
2025-09-05 08:00:00+00:00,0.58756,0.58788,0.58712,0.58721,2054,18,0
2025-09-05 12:00:00+00:00,0.58722,0.59169,0.58713,0.59072,9106,18,0
2025-09-05 16:00:00+00:00,0.59072,0.59086,0.58864,0.58885,3602,18,0
2025-09-05 20:00:00+00:00,0.58888,0.58939,0.5888,0.58935,498,18,0
2025-09-07 20:00:00+00:00,0.5885,0.58921,0.58789,0.58873,1642,18,0
2025-09-08 00:00:00+00:00,0.58873,0.59034,0.58816,0.58984,3720,18,0
2025-09-08 04:00:00+00:00,0.58984,0.59268,0.58944,0.59253,3211,18,0
2025-09-08 08:00:00+00:00,0.59252,0.59376,0.59179,0.59363,2855,18,0
2025-09-08 12:00:00+00:00,0.59363,0.59446,0.59309,0.59385,4251,18,0
2025-09-08 16:00:00+00:00,0.59385,0.59419,0.59276,0.59404,2338,18,0
2025-09-08 20:00:00+00:00,0.59404,0.5944,0.59324,0.5944,1915,18,0
2025-09-09 00:00:00+00:00,0.5944,0.59483,0.59366,0.59427,2964,18,0
2025-09-09 04:00:00+00:00,0.59427,0.59555,0.59394,0.59445,3055,18,0
2025-09-09 08:00:00+00:00,0.59443,0.59587,0.59413,0.59485,3135,18,0
2025-09-09 12:00:00+00:00,0.59485,0.59566,0.59248,0.59288,5927,18,0
2025-09-09 16:00:00+00:00,0.59288,0.59336,0.59217,0.59233,2523,18,0
2025-09-09 20:00:00+00:00,0.59234,0.59286,0.59196,0.59256,2183,18,0
2025-09-10 00:00:00+00:00,0.59256,0.59418,0.59205,0.59406,3041,18,0
2025-09-10 04:00:00+00:00,0.59407,0.59508,0.59334,0.59418,3421,18,0
2025-09-10 08:00:00+00:00,0.59418,0.59493,0.59327,0.59406,3036,18,0
2025-09-10 12:00:00+00:00,0.59407,0.5963,0.59367,0.5953,6377,18,0
2025-09-10 16:00:00+00:00,0.5953,0.59533,0.59397,0.59433,2607,18,0
2025-09-10 20:00:00+00:00,0.59433,0.59465,0.59328,0.59419,2089,18,0
2025-09-11 00:00:00+00:00,0.59419,0.59453,0.5933,0.5938,2583,18,0
2025-09-11 04:00:00+00:00,0.5938,0.59382,0.59279,0.59312,3198,18,0
2025-09-11 08:00:00+00:00,0.59311,0.59332,0.59215,0.59249,3421,18,0
2025-09-11 12:00:00+00:00,0.59248,0.59711,0.59137,0.59704,7805,18,0
2025-09-11 16:00:00+00:00,0.59705,0.59768,0.59681,0.59752,2738,18,0
2025-09-11 20:00:00+00:00,0.59752,0.5979,0.5966,0.59763,2190,18,0
2025-09-12 00:00:00+00:00,0.5976,0.59772,0.59683,0.59698,2782,18,0
2025-09-12 04:00:00+00:00,0.59697,0.59734,0.59607,0.59682,2633,18,0
2025-09-12 08:00:00+00:00,0.59682,0.59682,0.59485,0.59502,3177,18,0
2025-09-12 12:00:00+00:00,0.59501,0.59579,0.59391,0.59455,4507,18,0
2025-09-12 16:00:00+00:00,0.59455,0.59604,0.59431,0.59564,2079,18,0
2025-09-12 20:00:00+00:00,0.59561,0.59567,0.59522,0.59562,442,18,0
2025-09-14 20:00:00+00:00,0.59476,0.59555,0.59436,0.59531,1481,18,0
2025-09-15 00:00:00+00:00,0.59531,0.59653,0.59491,0.59621,2403,18,0
2025-09-15 04:00:00+00:00,0.59621,0.59655,0.59499,0.59619,2736,18,0
2025-09-15 08:00:00+00:00,0.59617,0.59632,0.59536,0.59606,2940,18,0
2025-09-15 12:00:00+00:00,0.59607,0.59709,0.59558,0.59695,4188,18,0
2025-09-15 16:00:00+00:00,0.59696,0.59742,0.59629,0.59694,2221,18,0
2025-09-15 20:00:00+00:00,0.59694,0.5971,0.59595,0.59667,1901,18,0
2025-09-16 00:00:00+00:00,0.59667,0.59711,0.59549,0.59661,2950,18,0
2025-09-16 04:00:00+00:00,0.5966,0.598,0.5959,0.59707,3418,18,0
2025-09-16 08:00:00+00:00,0.59706,0.59797,0.59652,0.59762,3494,18,0
2025-09-16 12:00:00+00:00,0.59762,0.59822,0.59651,0.59778,5760,18,0
2025-09-16 16:00:00+00:00,0.59778,0.59901,0.59772,0.59847,2535,18,0
2025-09-16 20:00:00+00:00,0.59846,0.59898,0.5975,0.59877,2012,18,0
2025-09-17 00:00:00+00:00,0.59877,0.59891,0.59741,0.59765,2500,18,0
2025-09-17 04:00:00+00:00,0.59765,0.59805,0.59665,0.597,2465,18,0
2025-09-17 08:00:00+00:00,0.59699,0.59835,0.5967,0.59794,2591,18,0
2025-09-17 12:00:00+00:00,0.59794,0.59857,0.59679,0.59695,3579,18,0
2025-09-17 16:00:00+00:00,0.59693,0.60064,0.59477,0.59681,9636,18,0
2025-09-17 20:00:00+00:00,0.59682,0.59689,0.59313,0.59331,3425,18,0
2025-09-18 00:00:00+00:00,0.59331,0.59345,0.59104,0.5925,4912,18,0
2025-09-18 04:00:00+00:00,0.5925,0.59262,0.58934,0.59102,4239,18,0
2025-09-18 08:00:00+00:00,0.59102,0.59103,0.5891,0.59047,4779,18,0
2025-09-18 12:00:00+00:00,0.59047,0.5905,0.58716,0.58756,6573,18,0
2025-09-18 16:00:00+00:00,0.58756,0.58856,0.58741,0.5881,2860,18,0
2025-09-18 20:00:00+00:00,0.5881,0.58906,0.58772,0.58886,2190,18,0
2025-09-19 00:00:00+00:00,0.58886,0.58908,0.58737,0.58793,3362,18,0
2025-09-19 04:00:00+00:00,0.58793,0.58824,0.58539,0.58709,4668,18,0
2025-09-19 08:00:00+00:00,0.5871,0.58793,0.586,0.58607,3530,18,0
2025-09-19 12:00:00+00:00,0.58607,0.58666,0.5853,0.58565,5197,18,0
2025-09-19 16:00:00+00:00,0.58563,0.58591,0.58538,0.58567,1774,18,0
2025-09-19 20:00:00+00:00,0.58567,0.58571,0.58531,0.58565,437,18,0
2025-09-21 20:00:00+00:00,0.58526,0.58612,0.58494,0.58494,1497,18,0
2025-09-22 00:00:00+00:00,0.58494,0.58617,0.58463,0.58595,3357,18,0
2025-09-22 04:00:00+00:00,0.58595,0.58605,0.58419,0.58442,3139,18,0
2025-09-22 08:00:00+00:00,0.58439,0.58625,0.58436,0.58611,3142,18,0
2025-09-22 12:00:00+00:00,0.58613,0.58651,0.58504,0.58604,4170,18,0
2025-09-22 16:00:00+00:00,0.58604,0.58706,0.58593,0.5869,1987,18,0
2025-09-22 20:00:00+00:00,0.58689,0.58694,0.58517,0.58677,1605,18,0
2025-09-23 00:00:00+00:00,0.58677,0.58683,0.58485,0.58543,2858,18,0
2025-09-23 04:00:00+00:00,0.58543,0.58591,0.58445,0.58498,3446,18,0
2025-09-23 08:00:00+00:00,0.58496,0.58685,0.58492,0.58628,3226,18,0
2025-09-23 12:00:00+00:00,0.58628,0.58679,0.5851,0.58551,4771,18,0
2025-09-23 16:00:00+00:00,0.58553,0.58617,0.58511,0.58579,3480,18,0
2025-09-23 20:00:00+00:00,0.58578,0.58607,0.58456,0.58559,2130,18,0
2025-09-24 00:00:00+00:00,0.5856,0.58653,0.58488,0.58565,3393,18,0
2025-09-24 04:00:00+00:00,0.58565,0.5861,0.58479,0.58532,3034,18,0
2025-09-24 08:00:00+00:00,0.58532,0.58546,0.58325,0.5833,2870,18,0
2025-09-24 12:00:00+00:00,0.58329,0.5841,0.58083,0.58125,5094,18,0
2025-09-24 16:00:00+00:00,0.58124,0.58148,0.58076,0.58126,2466,18,0
2025-09-24 20:00:00+00:00,0.58126,0.58167,0.58078,0.58144,1894,18,0
2025-09-25 00:00:00+00:00,0.58145,0.58269,0.58068,0.58265,2712,18,0
2025-09-25 04:00:00+00:00,0.58265,0.58276,0.58153,0.58154,2828,18,0
2025-09-25 08:00:00+00:00,0.58154,0.58303,0.58099,0.58104,3196,18,0
2025-09-25 12:00:00+00:00,0.58103,0.58121,0.57687,0.57748,6561,18,0
2025-09-25 16:00:00+00:00,0.57747,0.57775,0.5758,0.57633,3037,18,0
2025-09-25 20:00:00+00:00,0.57632,0.5769,0.57597,0.57619,2299,18,0
2025-09-26 00:00:00+00:00,0.57619,0.57685,0.5755,0.57665,2639,18,0
2025-09-26 04:00:00+00:00,0.57665,0.57701,0.57563,0.57604,2896,18,0
2025-09-26 08:00:00+00:00,0.57605,0.57671,0.57536,0.57585,2973,18,0
2025-09-26 12:00:00+00:00,0.57584,0.5772,0.57575,0.57667,6147,18,0
2025-09-26 16:00:00+00:00,0.57668,0.57747,0.57647,0.57743,2393,18,0
2025-09-26 20:00:00+00:00,0.57743,0.57751,0.57719,0.57727,393,18,0
2025-09-28 20:00:00+00:00,0.57655,0.57769,0.57654,0.57765,984,18,0
2025-09-29 00:00:00+00:00,0.57764,0.57854,0.57696,0.57838,2985,18,0
2025-09-29 04:00:00+00:00,0.57838,0.57939,0.57816,0.57927,3292,18,0
2025-09-29 08:00:00+00:00,0.57928,0.57951,0.57792,0.5785,2853,18,0
2025-09-29 12:00:00+00:00,0.5785,0.57897,0.57786,0.57842,4727,18,0
2025-09-29 16:00:00+00:00,0.57842,0.57855,0.57754,0.57784,1697,18,0
2025-09-29 20:00:00+00:00,0.57783,0.57798,0.5769,0.5779,1629,18,0
2025-09-30 00:00:00+00:00,0.57791,0.57934,0.57729,0.57886,3354,18,0
2025-09-30 04:00:00+00:00,0.57886,0.58023,0.57837,0.57991,4852,18,0
2025-09-30 08:00:00+00:00,0.57991,0.58062,0.57887,0.57938,3727,18,0
2025-09-30 12:00:00+00:00,0.57938,0.58068,0.57874,0.57974,5139,18,0
2025-09-30 16:00:00+00:00,0.57974,0.58018,0.57929,0.57967,2473,18,0
2025-09-30 20:00:00+00:00,0.57969,0.57984,0.57821,0.57944,2238,18,0
2025-10-01 00:00:00+00:00,0.57945,0.57945,0.57855,0.579,2532,18,0
2025-10-01 04:00:00+00:00,0.579,0.58138,0.579,0.58097,4078,18,0
2025-10-01 08:00:00+00:00,0.58097,0.582,0.58025,0.58133,3810,18,0
2025-10-01 12:00:00+00:00,0.58133,0.58303,0.58056,0.5809,7733,18,0
2025-10-01 16:00:00+00:00,0.5809,0.58194,0.58077,0.58156,2324,18,0
2025-10-01 20:00:00+00:00,0.58156,0.58207,0.5805,0.58201,2100,18,0
2025-10-02 00:00:00+00:00,0.58202,0.58349,0.58112,0.58265,2763,18,0
2025-10-02 04:00:00+00:00,0.58265,0.58421,0.58236,0.58392,3325,18,0
2025-10-02 08:00:00+00:00,0.58391,0.58406,0.58246,0.58257,3263,18,0
2025-10-02 12:00:00+00:00,0.58257,0.58286,0.58022,0.58104,5235,18,0
2025-10-02 16:00:00+00:00,0.581,0.58212,0.58091,0.58166,2167,18,0
2025-10-02 20:00:00+00:00,0.58166,0.58192,0.58114,0.58183,1597,18,0
2025-10-03 00:00:00+00:00,0.58184,0.58243,0.5815,0.58189,2469,18,0
2025-10-03 04:00:00+00:00,0.58189,0.58306,0.58131,0.58297,2770,18,0
2025-10-03 08:00:00+00:00,0.58296,0.58356,0.58248,0.5833,2721,18,0
2025-10-03 12:00:00+00:00,0.58332,0.58373,0.58238,0.58359,5122,18,0
2025-10-03 16:00:00+00:00,0.58359,0.58367,0.58252,0.58332,2289,18,0
2025-10-03 20:00:00+00:00,0.5833,0.58341,0.58296,0.58309,433,18,0
2025-10-05 20:00:00+00:00,0.58071,0.58244,0.5806,0.58227,2600,18,0
2025-10-06 00:00:00+00:00,0.58228,0.58394,0.58203,0.58342,2787,18,0
2025-10-06 04:00:00+00:00,0.58342,0.58388,0.58253,0.58266,4161,18,0
2025-10-06 08:00:00+00:00,0.58266,0.58288,0.58096,0.58191,3981,18,0
2025-10-06 12:00:00+00:00,0.5819,0.58409,0.58176,0.58361,4453,18,0
2025-10-06 16:00:00+00:00,0.58362,0.58442,0.58335,0.58411,1560,18,0
2025-10-06 20:00:00+00:00,0.58411,0.58428,0.58325,0.58395,2314,18,0
2025-10-07 00:00:00+00:00,0.584,0.58406,0.58233,0.58302,2387,18,0
2025-10-07 04:00:00+00:00,0.58301,0.58313,0.58042,0.58063,3126,18,0
2025-10-07 08:00:00+00:00,0.5806,0.58125,0.58023,0.58044,2741,18,0
2025-10-07 12:00:00+00:00,0.58044,0.58155,0.58005,0.58039,4958,18,0
2025-10-07 16:00:00+00:00,0.58039,0.58081,0.57932,0.57961,2797,18,0
2025-10-07 20:00:00+00:00,0.57961,0.58008,0.57956,0.57962,1617,18,0
2025-10-08 00:00:00+00:00,0.57962,0.57982,0.57381,0.57481,5426,18,0
2025-10-08 04:00:00+00:00,0.57481,0.5757,0.57361,0.57504,3944,18,0
2025-10-08 08:00:00+00:00,0.575,0.57771,0.57496,0.57761,3995,18,0
2025-10-08 12:00:00+00:00,0.57765,0.57865,0.57728,0.57761,4494,18,0
2025-10-08 16:00:00+00:00,0.57761,0.57846,0.57719,0.5784,2662,18,0
2025-10-08 20:00:00+00:00,0.5784,0.57881,0.5781,0.57827,1952,18,0
2025-10-09 00:00:00+00:00,0.57829,0.58044,0.57825,0.57992,2818,18,0
2025-10-09 04:00:00+00:00,0.57992,0.58055,0.57633,0.57695,3619,18,0
2025-10-09 08:00:00+00:00,0.57696,0.57818,0.57598,0.57789,3718,18,0
2025-10-09 12:00:00+00:00,0.57789,0.57864,0.5737,0.57429,6644,18,0
2025-10-09 16:00:00+00:00,0.5743,0.57473,0.57333,0.57423,3651,18,0
2025-10-09 20:00:00+00:00,0.57423,0.57515,0.57415,0.57511,2011,18,0
2025-10-10 00:00:00+00:00,0.5751,0.57566,0.57448,0.57558,2688,18,0
2025-10-10 04:00:00+00:00,0.57558,0.57572,0.57391,0.57497,3320,18,0
2025-10-10 08:00:00+00:00,0.57497,0.57573,0.57466,0.57485,3336,18,0
2025-10-10 12:00:00+00:00,0.57485,0.5755,0.57223,0.57305,7082,18,0
2025-10-10 16:00:00+00:00,0.57308,0.57322,0.57161,0.5723,4170,18,0
2025-10-10 20:00:00+00:00,0.57232,0.57263,0.57156,0.57215,1328,18,0
2025-10-12 20:00:00+00:00,0.57243,0.57441,0.57162,0.57251,3161,18,0
2025-10-13 00:00:00+00:00,0.57248,0.57445,0.57215,0.5734,3891,18,0
2025-10-13 04:00:00+00:00,0.5734,0.57405,0.57289,0.57353,3748,18,0
2025-10-13 08:00:00+00:00,0.57353,0.57377,0.57187,0.57198,3769,18,0
2025-10-13 12:00:00+00:00,0.57198,0.57326,0.57181,0.57308,4869,18,0
2025-10-13 16:00:00+00:00,0.5731,0.57351,0.5726,0.5726,2005,18,0
2025-10-13 20:00:00+00:00,0.5726,0.57274,0.57151,0.5716,1960,18,0
2025-10-14 00:00:00+00:00,0.57159,0.57256,0.57061,0.57102,3364,18,0
2025-10-14 04:00:00+00:00,0.57101,0.57115,0.56838,0.56888,5228,18,0
2025-10-14 08:00:00+00:00,0.56884,0.5695,0.56819,0.56874,3574,18,0
2025-10-14 12:00:00+00:00,0.56875,0.57185,0.56863,0.57166,5660,18,0
2025-10-14 16:00:00+00:00,0.57167,0.57228,0.57091,0.57112,3770,18,0
2025-10-14 20:00:00+00:00,0.57112,0.57167,0.57071,0.57116,1753,18,0
2025-10-15 00:00:00+00:00,0.57115,0.57266,0.57049,0.57211,3172,18,0
2025-10-15 04:00:00+00:00,0.57213,0.57309,0.57142,0.5722,3065,18,0
2025-10-15 08:00:00+00:00,0.5722,0.57292,0.57205,0.57225,2915,18,0
2025-10-15 12:00:00+00:00,0.57227,0.57296,0.57131,0.57218,5080,18,0
2025-10-15 16:00:00+00:00,0.57218,0.57222,0.5705,0.57204,3304,18,0
2025-10-15 20:00:00+00:00,0.57205,0.57237,0.57108,0.57144,2201,18,0
2025-10-16 00:00:00+00:00,0.57143,0.57545,0.57122,0.574,4666,18,0
2025-10-16 04:00:00+00:00,0.574,0.57485,0.57333,0.57375,3370,18,0
2025-10-16 08:00:00+00:00,0.57375,0.57445,0.57306,0.57385,3028,18,0
2025-10-16 12:00:00+00:00,0.57386,0.57401,0.57221,0.57297,5189,18,0
2025-10-16 16:00:00+00:00,0.57297,0.57362,0.57175,0.57239,4687,18,0
2025-10-16 20:00:00+00:00,0.57236,0.57282,0.57198,0.57253,1812,18,0
2025-10-17 00:00:00+00:00,0.57253,0.57343,0.5715,0.57261,3200,18,0
2025-10-17 04:00:00+00:00,0.57261,0.57362,0.5712,0.57197,4371,18,0
2025-10-17 08:00:00+00:00,0.57201,0.57421,0.57133,0.57285,5053,18,0
2025-10-17 12:00:00+00:00,0.57285,0.57317,0.57112,0.57198,6440,18,0
2025-10-17 16:00:00+00:00,0.57198,0.57378,0.57194,0.57373,2737,18,0
2025-10-17 20:00:00+00:00,0.57373,0.57376,0.5723,0.57238,490,18,0
2025-10-19 20:00:00+00:00,0.57271,0.57337,0.57152,0.573,1844,18,0
2025-10-20 00:00:00+00:00,0.573,0.57424,0.57275,0.57359,2651,18,0
2025-10-20 04:00:00+00:00,0.57359,0.57417,0.57285,0.57325,2932,18,0
2025-10-20 08:00:00+00:00,0.57323,0.57389,0.57246,0.57284,3219,18,0
2025-10-20 12:00:00+00:00,0.57287,0.57522,0.57261,0.57489,4185,18,0
2025-10-20 16:00:00+00:00,0.5749,0.5751,0.57439,0.5744,1863,18,0
2025-10-20 20:00:00+00:00,0.5744,0.57465,0.57385,0.57426,1632,18,0
2025-10-21 00:00:00+00:00,0.57423,0.57512,0.57285,0.573,2905,18,0
2025-10-21 04:00:00+00:00,0.57301,0.57301,0.57146,0.57161,3654,18,0
2025-10-21 08:00:00+00:00,0.5716,0.57246,0.57092,0.57221,3766,18,0
2025-10-21 12:00:00+00:00,0.57222,0.57456,0.57187,0.57446,5458,18,0
2025-10-21 16:00:00+00:00,0.57446,0.57489,0.57381,0.5744,2536,18,0
2025-10-21 20:00:00+00:00,0.57439,0.57439,0.57346,0.5741,1710,18,0
2025-10-22 00:00:00+00:00,0.5741,0.5749,0.57377,0.57467,2900,18,0
2025-10-22 04:00:00+00:00,0.57467,0.576,0.57467,0.57511,3167,18,0
2025-10-22 08:00:00+00:00,0.57511,0.57511,0.5737,0.57377,3280,18,0
2025-10-22 12:00:00+00:00,0.57377,0.57511,0.57371,0.57499,4744,18,0
2025-10-22 16:00:00+00:00,0.575,0.575,0.57341,0.57396,4053,18,0
2025-10-22 20:00:00+00:00,0.57395,0.57413,0.57347,0.57352,1738,18,0
2025-10-23 00:00:00+00:00,0.57352,0.57418,0.57237,0.57243,2371,18,0
2025-10-23 04:00:00+00:00,0.57243,0.57467,0.57243,0.57455,2475,18,0
2025-10-23 08:00:00+00:00,0.57455,0.57504,0.57395,0.57407,2525,18,0
2025-10-23 12:00:00+00:00,0.57407,0.5753,0.57381,0.57487,3960,18,0
2025-10-23 16:00:00+00:00,0.57488,0.57544,0.57436,0.57516,1799,18,0
2025-10-23 20:00:00+00:00,0.57515,0.57556,0.57483,0.57541,1653,18,0
2025-10-24 00:00:00+00:00,0.57541,0.5758,0.57443,0.5751,2584,18,0
2025-10-24 04:00:00+00:00,0.5751,0.57559,0.57426,0.57497,2696,18,0
2025-10-24 08:00:00+00:00,0.57499,0.57507,0.5738,0.57413,2525,18,0
2025-10-24 12:00:00+00:00,0.57417,0.57748,0.57375,0.57451,6446,18,0
2025-10-24 16:00:00+00:00,0.57452,0.57489,0.5742,0.57475,1481,18,0
2025-10-24 20:00:00+00:00,0.57476,0.57498,0.57445,0.57474,336,18,0
2025-10-26 20:00:00+00:00,0.57722,0.57727,0.57531,0.57585,2317,18,0
2025-10-27 00:00:00+00:00,0.57584,0.57693,0.57551,0.57555,2668,18,0
2025-10-27 04:00:00+00:00,0.57555,0.577,0.5751,0.57515,2289,18,0
2025-10-27 08:00:00+00:00,0.57514,0.57666,0.5751,0.57654,3470,18,0
2025-10-27 12:00:00+00:00,0.57654,0.57676,0.57543,0.57601,3649,18,0
2025-10-27 16:00:00+00:00,0.57601,0.57703,0.57596,0.57683,1758,18,0
2025-10-27 20:00:00+00:00,0.57682,0.57771,0.5766,0.57737,1619,18,0
2025-10-28 00:00:00+00:00,0.57737,0.57794,0.57701,0.57767,2380,18,0
2025-10-28 04:00:00+00:00,0.57767,0.57832,0.57647,0.57674,2623,18,0
2025-10-28 08:00:00+00:00,0.57675,0.5775,0.57613,0.57707,2770,18,0
2025-10-28 12:00:00+00:00,0.57708,0.57863,0.5758,0.57781,3975,18,0
2025-10-28 16:00:00+00:00,0.5778,0.57887,0.57773,0.57805,2364,18,0
2025-10-28 20:00:00+00:00,0.57805,0.57819,0.57767,0.57818,1598,18,0
2025-10-29 00:00:00+00:00,0.57818,0.5789,0.57712,0.57832,3601,18,0
2025-10-29 04:00:00+00:00,0.57832,0.57953,0.57766,0.57864,2609,18,0
2025-10-29 08:00:00+00:00,0.57862,0.5787,0.57724,0.57799,3113,18,0
2025-10-29 12:00:00+00:00,0.578,0.58007,0.57734,0.57964,3976,18,0
2025-10-29 16:00:00+00:00,0.57964,0.57992,0.57482,0.57628,7743,18,0
2025-10-29 20:00:00+00:00,0.57628,0.57667,0.57561,0.57626,2364,18,0
2025-10-30 00:00:00+00:00,0.57626,0.57804,0.57625,0.57763,3757,18,0
2025-10-30 04:00:00+00:00,0.57763,0.57872,0.57661,0.57746,5069,18,0
2025-10-30 08:00:00+00:00,0.57746,0.57751,0.575,0.57501,3474,18,0
2025-10-30 12:00:00+00:00,0.575,0.57521,0.57251,0.57444,5652,18,0
2025-10-30 16:00:00+00:00,0.57443,0.5746,0.5736,0.57367,2662,18,0
2025-10-30 20:00:00+00:00,0.57366,0.5744,0.57359,0.57435,1542,18,0
2025-10-31 00:00:00+00:00,0.57435,0.57441,0.57268,0.57301,2711,18,0
2025-10-31 04:00:00+00:00,0.57301,0.57338,0.57134,0.57196,2446,18,0
2025-10-31 08:00:00+00:00,0.57196,0.57262,0.57146,0.57232,2663,18,0
2025-10-31 12:00:00+00:00,0.57231,0.57317,0.57132,0.57252,4636,18,0
2025-10-31 16:00:00+00:00,0.57251,0.57256,0.57146,0.57212,2629,18,0
2025-10-31 20:00:00+00:00,0.57211,0.57256,0.57207,0.57242,462,18,0
2025-11-02 20:00:00+00:00,0.57187,0.57242,0.57134,0.57209,1184,18,0
2025-11-03 00:00:00+00:00,0.57208,0.57228,0.57121,0.57225,2138,18,0
2025-11-03 04:00:00+00:00,0.57225,0.57292,0.57208,0.57228,2036,18,0
2025-11-03 08:00:00+00:00,0.57228,0.57229,0.57121,0.57165,2748,18,0
2025-11-03 12:00:00+00:00,0.57165,0.57193,0.56917,0.57005,3545,18,0
2025-11-03 16:00:00+00:00,0.57005,0.57115,0.56999,0.57083,2306,18,0
2025-11-03 20:00:00+00:00,0.57084,0.57092,0.57021,0.57053,1596,18,0
2025-11-04 00:00:00+00:00,0.57053,0.57053,0.56849,0.56943,3426,18,0
2025-11-04 04:00:00+00:00,0.56943,0.56958,0.56721,0.56847,3733,18,0
2025-11-04 08:00:00+00:00,0.56847,0.56885,0.56593,0.56605,3503,18,0
2025-11-04 12:00:00+00:00,0.56605,0.56665,0.56542,0.5666,3606,18,0
2025-11-04 16:00:00+00:00,0.5666,0.56667,0.5647,0.56489,2526,18,0
2025-11-04 20:00:00+00:00,0.56489,0.56518,0.563,0.56411,2635,18,0
2025-11-05 00:00:00+00:00,0.5641,0.56544,0.56298,0.56532,3810,18,0
2025-11-05 04:00:00+00:00,0.56533,0.56599,0.56483,0.56504,2352,18,0
2025-11-05 08:00:00+00:00,0.56505,0.56581,0.5638,0.56399,2668,18,0
2025-11-05 12:00:00+00:00,0.56399,0.56559,0.56386,0.56535,4495,18,0
2025-11-05 16:00:00+00:00,0.56535,0.56638,0.56478,0.56597,2479,18,0
2025-11-05 20:00:00+00:00,0.56598,0.56659,0.56539,0.56654,1602,18,0
2025-11-06 00:00:00+00:00,0.56654,0.56668,0.56555,0.5662,2419,18,0
2025-11-06 04:00:00+00:00,0.56619,0.5668,0.5655,0.56577,2058,18,0
2025-11-06 08:00:00+00:00,0.56577,0.56655,0.56501,0.56578,2833,18,0
2025-11-06 12:00:00+00:00,0.56578,0.56693,0.56252,0.56298,4942,18,0
2025-11-06 16:00:00+00:00,0.56298,0.56427,0.56251,0.56368,4100,18,0
2025-11-06 20:00:00+00:00,0.56367,0.56398,0.56318,0.56372,1920,18,0
2025-11-07 00:00:00+00:00,0.56372,0.56381,0.56179,0.56192,2671,18,0
2025-11-07 04:00:00+00:00,0.56192,0.56227,0.56055,0.56059,2392,18,0
2025-11-07 08:00:00+00:00,0.56059,0.56215,0.56059,0.56202,2884,18,0
2025-11-07 12:00:00+00:00,0.56202,0.56278,0.56085,0.56122,4994,18,0
2025-11-07 16:00:00+00:00,0.56122,0.56303,0.5611,0.56253,3154,18,0
2025-11-07 20:00:00+00:00,0.5625,0.5632,0.56228,0.56256,978,18,0
2025-11-09 20:00:00+00:00,0.56256,0.56298,0.562,0.56255,1206,18,0
2025-11-10 00:00:00+00:00,0.56254,0.56328,0.56198,0.56257,3177,18,0
2025-11-10 04:00:00+00:00,0.56257,0.56383,0.56257,0.56338,2572,18,0
2025-11-10 08:00:00+00:00,0.56338,0.56495,0.56338,0.56409,2690,18,0
2025-11-10 12:00:00+00:00,0.56409,0.56461,0.56265,0.5628,3169,18,0
2025-11-10 16:00:00+00:00,0.5628,0.56475,0.56265,0.56439,2523,18,0
2025-11-10 20:00:00+00:00,0.56439,0.56466,0.56412,0.5642,1502,18,0
2025-11-11 00:00:00+00:00,0.56421,0.56464,0.56355,0.56432,2172,18,0
2025-11-11 04:00:00+00:00,0.56432,0.56464,0.56306,0.56375,2457,18,0
2025-11-11 08:00:00+00:00,0.56373,0.56463,0.56371,0.5646,2367,18,0
2025-11-11 12:00:00+00:00,0.56459,0.5668,0.56457,0.56515,3748,18,0
2025-11-11 16:00:00+00:00,0.56513,0.56618,0.5651,0.56563,2308,18,0
2025-11-11 20:00:00+00:00,0.56563,0.56584,0.56483,0.56556,1555,18,0
2025-11-12 00:00:00+00:00,0.56556,0.56593,0.56503,0.56511,1954,18,0
2025-11-12 04:00:00+00:00,0.56511,0.56587,0.56447,0.56563,2002,18,0
2025-11-12 08:00:00+00:00,0.56565,0.56572,0.56519,0.56565,2655,18,0
2025-11-12 12:00:00+00:00,0.56565,0.56657,0.56553,0.56599,3514,18,0
2025-11-12 16:00:00+00:00,0.56598,0.56697,0.56594,0.56651,2756,18,0
2025-11-12 20:00:00+00:00,0.56649,0.56671,0.56599,0.56607,2039,18,0
2025-11-13 00:00:00+00:00,0.5661,0.56645,0.56465,0.56552,3498,18,0
2025-11-13 04:00:00+00:00,0.56552,0.56689,0.56339,0.56679,2784,18,0
2025-11-13 08:00:00+00:00,0.56679,0.56817,0.56637,0.56652,3097,18,0
2025-11-13 12:00:00+00:00,0.56654,0.56755,0.5658,0.5672,4701,18,0
2025-11-13 16:00:00+00:00,0.5672,0.5677,0.56512,0.56551,4262,18,0
2025-11-13 20:00:00+00:00,0.56549,0.56554,0.5647,0.56486,2593,18,0
2025-11-14 00:00:00+00:00,0.56486,0.56905,0.56449,0.56852,3041,18,0
2025-11-14 04:00:00+00:00,0.56852,0.56893,0.56714,0.56745,2999,18,0
2025-11-14 08:00:00+00:00,0.56744,0.56801,0.56673,0.5677,3796,18,0
2025-11-14 12:00:00+00:00,0.5677,0.56888,0.56731,0.56833,5798,18,0
2025-11-14 16:00:00+00:00,0.56833,0.56899,0.56745,0.56781,3502,18,0
2025-11-14 20:00:00+00:00,0.56781,0.56807,0.5675,0.56796,975,18,0
2025-11-16 20:00:00+00:00,0.56763,0.56804,0.56743,0.56746,781,18,0
2025-11-17 00:00:00+00:00,0.56745,0.5675,0.56571,0.56613,2738,18,0
2025-11-17 04:00:00+00:00,0.56614,0.56872,0.56614,0.56864,2010,18,0
2025-11-17 08:00:00+00:00,0.56869,0.56882,0.56594,0.56679,3158,18,0
2025-11-17 12:00:00+00:00,0.56679,0.56725,0.5658,0.56707,4008,18,0
2025-11-17 16:00:00+00:00,0.56707,0.56739,0.56492,0.56499,3049,18,0
2025-11-17 20:00:00+00:00,0.56499,0.56598,0.56481,0.56531,1983,18,0
2025-11-18 00:00:00+00:00,0.56531,0.56577,0.56478,0.56487,2886,18,0
2025-11-18 04:00:00+00:00,0.56487,0.56596,0.56375,0.56576,3386,18,0
2025-11-18 08:00:00+00:00,0.56576,0.56685,0.56572,0.5665,3158,18,0
2025-11-18 12:00:00+00:00,0.56649,0.56742,0.56515,0.56528,4782,18,0
2025-11-18 16:00:00+00:00,0.56528,0.56678,0.56463,0.56648,4152,18,0
2025-11-18 20:00:00+00:00,0.56648,0.5666,0.56545,0.56577,1916,18,0
2025-11-19 00:00:00+00:00,0.56577,0.56586,0.56303,0.56309,3095,18,0
2025-11-19 04:00:00+00:00,0.5631,0.56427,0.56274,0.56374,2647,18,0
2025-11-19 08:00:00+00:00,0.56378,0.56395,0.56229,0.56305,3284,18,0
2025-11-19 12:00:00+00:00,0.56305,0.5633,0.56032,0.56057,4012,18,0
2025-11-19 16:00:00+00:00,0.56057,0.56064,0.55892,0.55927,4430,18,0
2025-11-19 20:00:00+00:00,0.55926,0.5614,0.55922,0.5614,2468,18,0
2025-11-20 00:00:00+00:00,0.56139,0.56139,0.55946,0.56063,3177,18,0
2025-11-20 04:00:00+00:00,0.56062,0.56126,0.56021,0.56057,2456,18,0
2025-11-20 08:00:00+00:00,0.56056,0.56178,0.56034,0.56117,2850,18,0
2025-11-20 12:00:00+00:00,0.56117,0.56376,0.56032,0.56136,6240,18,0
2025-11-20 16:00:00+00:00,0.56136,0.56156,0.55883,0.5599,6085,18,0
2025-11-20 20:00:00+00:00,0.5599,0.55998,0.5578,0.55894,2797,18,0
2025-11-21 00:00:00+00:00,0.55895,0.55966,0.5585,0.55925,2519,18,0
2025-11-21 04:00:00+00:00,0.55926,0.56046,0.55898,0.5596,2505,18,0
2025-11-21 08:00:00+00:00,0.55962,0.56065,0.55849,0.55892,4362,18,0
2025-11-21 12:00:00+00:00,0.55892,0.56065,0.55821,0.55932,6511,18,0
2025-11-21 16:00:00+00:00,0.55934,0.56145,0.55879,0.56116,4448,18,0
2025-11-21 20:00:00+00:00,0.56116,0.56149,0.56084,0.56125,1344,18,0
2025-11-23 20:00:00+00:00,0.56089,0.56136,0.56062,0.56113,674,18,0
2025-11-24 00:00:00+00:00,0.56113,0.56135,0.56021,0.56057,2228,18,0
2025-11-24 04:00:00+00:00,0.56057,0.56099,0.55987,0.56032,2172,18,0
2025-11-24 08:00:00+00:00,0.56031,0.56131,0.55948,0.56098,3710,18,0
2025-11-24 12:00:00+00:00,0.56095,0.56138,0.55973,0.56086,4372,18,0
2025-11-24 16:00:00+00:00,0.56086,0.56128,0.56022,0.56095,2236,18,0
2025-11-24 20:00:00+00:00,0.56095,0.56133,0.56078,0.5611,1796,18,0
2025-11-25 00:00:00+00:00,0.5611,0.56209,0.55977,0.56025,2773,18,0
2025-11-25 04:00:00+00:00,0.56028,0.56074,0.55917,0.55975,2522,18,0
2025-11-25 08:00:00+00:00,0.55976,0.5609,0.55905,0.55939,3251,18,0
2025-11-25 12:00:00+00:00,0.55939,0.56139,0.55931,0.56073,6097,18,0
2025-11-25 16:00:00+00:00,0.56072,0.56276,0.56053,0.56241,3648,18,0
2025-11-25 20:00:00+00:00,0.56244,0.56256,0.56158,0.56239,2089,18,0
2025-11-26 00:00:00+00:00,0.5624,0.56957,0.56225,0.56901,6842,18,0
2025-11-26 04:00:00+00:00,0.56898,0.56935,0.56723,0.56771,3046,18,0
2025-11-26 08:00:00+00:00,0.56771,0.56817,0.56652,0.56697,3710,18,0
2025-11-26 12:00:00+00:00,0.56697,0.56919,0.56621,0.56883,5691,18,0
2025-11-26 16:00:00+00:00,0.56884,0.56965,0.56873,0.56939,2786,18,0
2025-11-26 20:00:00+00:00,0.5694,0.57055,0.56916,0.57035,2108,18,0
2025-11-27 00:00:00+00:00,0.57035,0.57312,0.5703,0.57267,3315,18,0
2025-11-27 04:00:00+00:00,0.57267,0.57306,0.57145,0.57235,2554,18,0
2025-11-27 08:00:00+00:00,0.57237,0.57244,0.5708,0.57146,2875,18,0
2025-11-27 12:00:00+00:00,0.57146,0.5729,0.5711,0.57259,2402,18,0
2025-11-27 16:00:00+00:00,0.5726,0.57271,0.572,0.5721,979,18,0
2025-11-27 20:00:00+00:00,0.5721,0.57291,0.57172,0.57283,1658,18,0
2025-11-28 00:00:00+00:00,0.57283,0.57306,0.57181,0.57199,6636,18,0
2025-11-28 04:00:00+00:00,0.57201,0.5722,0.57092,0.57096,17838,18,0
2025-11-28 08:00:00+00:00,0.57101,0.57139,0.57029,0.57055,23379,18,0
2025-11-28 12:00:00+00:00,0.57057,0.5741,0.57033,0.57375,11210,18,0
2025-11-28 16:00:00+00:00,0.57375,0.5738,0.57291,0.57331,2578,53,0
2025-11-28 20:00:00+00:00,0.57331,0.57341,0.57279,0.57284,3962,71,0
2025-11-30 20:00:00+00:00,0.57241,0.57385,0.57223,0.57352,1312,18,0
2025-12-01 00:00:00+00:00,0.57352,0.57436,0.57247,0.57353,4070,18,0
2025-12-01 04:00:00+00:00,0.57353,0.57396,0.57251,0.57354,2792,18,0
2025-12-01 08:00:00+00:00,0.57355,0.5739,0.57275,0.57361,3873,18,0
2025-12-01 12:00:00+00:00,0.57361,0.57509,0.57324,0.57407,4994,18,0
2025-12-01 16:00:00+00:00,0.5741,0.57429,0.57242,0.57257,3065,18,0
2025-12-01 20:00:00+00:00,0.57257,0.57283,0.57224,0.57244,1589,18,0
2025-12-02 00:00:00+00:00,0.57244,0.57271,0.57177,0.57251,2091,18,0
2025-12-02 04:00:00+00:00,0.57251,0.57317,0.57232,0.57295,1782,18,0
2025-12-02 08:00:00+00:00,0.57295,0.57311,0.57103,0.57149,2537,18,0
2025-12-02 12:00:00+00:00,0.57149,0.57438,0.57138,0.57395,3857,18,0
2025-12-02 16:00:00+00:00,0.57393,0.57398,0.57226,0.57335,2960,18,0
2025-12-02 20:00:00+00:00,0.57335,0.57401,0.57325,0.574,1527,18,0
2025-12-03 00:00:00+00:00,0.574,0.57516,0.57341,0.5748,2894,18,0
2025-12-03 04:00:00+00:00,0.5748,0.57546,0.57429,0.57439,2207,18,0
2025-12-03 08:00:00+00:00,0.57439,0.57509,0.57386,0.57496,2821,18,0
2025-12-03 12:00:00+00:00,0.57496,0.57651,0.5734,0.57618,5009,18,0
2025-12-03 16:00:00+00:00,0.57617,0.57757,0.57613,0.57757,2658,18,0
2025-12-03 20:00:00+00:00,0.57756,0.57768,0.57694,0.57722,1420,18,0
2025-12-04 00:00:00+00:00,0.57722,0.57755,0.57606,0.57667,2644,18,0
2025-12-04 04:00:00+00:00,0.57667,0.57734,0.57648,0.57721,2276,18,0
2025-12-04 08:00:00+00:00,0.57724,0.57779,0.57649,0.57698,3405,18,0
2025-12-04 12:00:00+00:00,0.57699,0.57778,0.57565,0.57742,4406,18,0
2025-12-04 16:00:00+00:00,0.57741,0.57752,0.57649,0.57677,2837,18,0
2025-12-04 20:00:00+00:00,0.57675,0.57678,0.57575,0.57581,2263,18,0
2025-12-05 00:00:00+00:00,0.57581,0.57689,0.57581,0.57633,2054,18,0
2025-12-05 04:00:00+00:00,0.57633,0.578,0.57631,0.57732,2393,18,0
2025-12-05 08:00:00+00:00,0.57731,0.5778,0.57667,0.577,2756,18,0
2025-12-05 12:00:00+00:00,0.57701,0.57859,0.577,0.57801,4223,18,0
2025-12-05 16:00:00+00:00,0.57801,0.57801,0.57624,0.5776,3307,18,0
2025-12-05 20:00:00+00:00,0.5776,0.5776,0.57706,0.57758,858,18,0
2025-12-07 20:00:00+00:00,0.57717,0.57766,0.57651,0.57738,1510,18,0
2025-12-08 00:00:00+00:00,0.5774,0.57906,0.57732,0.57838,2760,18,0
2025-12-08 04:00:00+00:00,0.57838,0.57893,0.57734,0.57769,2353,18,0
2025-12-08 08:00:00+00:00,0.57768,0.57884,0.57751,0.57762,3050,18,0
2025-12-08 12:00:00+00:00,0.5776,0.57917,0.5758,0.57603,4362,18,0
2025-12-08 16:00:00+00:00,0.57604,0.5779,0.57588,0.57735,3071,18,0
2025-12-08 20:00:00+00:00,0.57735,0.57764,0.57706,0.57751,1831,18,0
2025-12-09 00:00:00+00:00,0.5775,0.5787,0.57666,0.5785,3205,18,0
2025-12-09 04:00:00+00:00,0.5785,0.57915,0.57765,0.578,3476,18,0
2025-12-09 08:00:00+00:00,0.57801,0.57937,0.57777,0.57877,3192,18,0
2025-12-09 12:00:00+00:00,0.57879,0.57939,0.57725,0.57834,4971,18,0
2025-12-09 16:00:00+00:00,0.57834,0.57923,0.57745,0.57791,3136,18,0
2025-12-09 20:00:00+00:00,0.57791,0.57807,0.57698,0.57782,1890,18,0
2025-12-10 00:00:00+00:00,0.57782,0.57815,0.57605,0.57672,2762,18,0
2025-12-10 04:00:00+00:00,0.57672,0.57831,0.5766,0.57817,2053,18,0
2025-12-10 08:00:00+00:00,0.57817,0.57885,0.57795,0.57845,3093,18,0
2025-12-10 12:00:00+00:00,0.57845,0.5787,0.57738,0.57781,4327,18,0
2025-12-10 16:00:00+00:00,0.57781,0.58075,0.57748,0.58044,6654,18,0
2025-12-10 20:00:00+00:00,0.58043,0.58237,0.58008,0.58152,3466,18,0
2025-12-11 00:00:00+00:00,0.58153,0.58197,0.57949,0.57961,4160,18,0
2025-12-11 04:00:00+00:00,0.57962,0.58025,0.57875,0.57986,3108,18,0
2025-12-11 08:00:00+00:00,0.57986,0.58135,0.57971,0.5811,3558,18,0
2025-12-11 12:00:00+00:00,0.58111,0.58304,0.58101,0.5821,5098,18,0
2025-12-11 16:00:00+00:00,0.58209,0.58232,0.58086,0.58089,3755,18,0
2025-12-11 20:00:00+00:00,0.58089,0.58105,0.58045,0.58086,1935,18,0
2025-12-12 00:00:00+00:00,0.58086,0.58198,0.5808,0.58104,2764,18,0
2025-12-12 04:00:00+00:00,0.58104,0.58155,0.58068,0.58122,2258,18,0
2025-12-12 08:00:00+00:00,0.58123,0.58186,0.5805,0.58102,3211,18,0
2025-12-12 12:00:00+00:00,0.58101,0.58147,0.57914,0.5795,4559,18,0
2025-12-12 16:00:00+00:00,0.57948,0.58072,0.57871,0.5802,4232,18,0
2025-12-12 20:00:00+00:00,0.5802,0.5807,0.57991,0.58037,1197,18,0
2025-12-14 20:00:00+00:00,0.57979,0.58031,0.57884,0.58005,1214,18,0
2025-12-15 00:00:00+00:00,0.58005,0.58077,0.57669,0.57693,4032,18,0
2025-12-15 04:00:00+00:00,0.57693,0.57872,0.57647,0.57823,2781,18,0
2025-12-15 08:00:00+00:00,0.57823,0.57945,0.57776,0.57922,2862,18,0
2025-12-15 12:00:00+00:00,0.57922,0.5802,0.57885,0.58013,4541,18,0
2025-12-15 16:00:00+00:00,0.58014,0.58021,0.57818,0.5787,3791,18,0
2025-12-15 20:00:00+00:00,0.57868,0.57884,0.57769,0.57845,2047,18,0
2025-12-16 00:00:00+00:00,0.57845,0.57862,0.57575,0.57759,3969,18,0
2025-12-16 04:00:00+00:00,0.57759,0.57861,0.57746,0.5784,2462,18,0
2025-12-16 08:00:00+00:00,0.57841,0.57905,0.57799,0.57843,2925,18,0
2025-12-16 12:00:00+00:00,0.57845,0.58062,0.57782,0.57915,6765,18,0
2025-12-16 16:00:00+00:00,0.57913,0.57981,0.57715,0.57876,4424,18,0
2025-12-16 20:00:00+00:00,0.57873,0.57911,0.57786,0.57831,2131,18,0
2025-12-17 00:00:00+00:00,0.57831,0.57878,0.57706,0.57864,3599,18,0
2025-12-17 04:00:00+00:00,0.57866,0.57866,0.57665,0.57711,3319,18,0
2025-12-17 08:00:00+00:00,0.57708,0.57796,0.57677,0.57727,3195,18,0
2025-12-17 12:00:00+00:00,0.57727,0.57934,0.57713,0.57827,4632,18,0
2025-12-17 16:00:00+00:00,0.57825,0.5789,0.57711,0.57755,4267,18,0
2025-12-17 20:00:00+00:00,0.57752,0.5783,0.5768,0.57681,2366,18,0
2025-12-18 00:00:00+00:00,0.57681,0.577,0.57538,0.57551,3207,18,0
2025-12-18 04:00:00+00:00,0.57551,0.57673,0.5755,0.57633,2797,18,0
2025-12-18 08:00:00+00:00,0.57631,0.5768,0.57577,0.57654,2814,18,0
2025-12-18 12:00:00+00:00,0.57654,0.57869,0.57601,0.57769,6520,18,0
2025-12-18 16:00:00+00:00,0.57769,0.57863,0.57657,0.57715,4284,18,0
2025-12-18 20:00:00+00:00,0.57715,0.57764,0.57673,0.5774,1848,18,0
2025-12-19 00:00:00+00:00,0.5774,0.57825,0.57636,0.57639,3303,18,0
2025-12-19 04:00:00+00:00,0.5764,0.5765,0.57439,0.57463,2927,18,0
2025-12-19 08:00:00+00:00,0.57464,0.5752,0.57428,0.57448,3158,18,0
2025-12-19 12:00:00+00:00,0.57447,0.57591,0.57353,0.57513,4080,18,0
2025-12-19 16:00:00+00:00,0.57513,0.5765,0.57507,0.57637,2650,18,0
2025-12-19 20:00:00+00:00,0.57634,0.57645,0.57523,0.57556,1024,18,0
2025-12-21 20:00:00+00:00,0.57505,0.57564,0.57444,0.57553,1481,18,0
2025-12-22 00:00:00+00:00,0.57553,0.57704,0.57553,0.57651,3254,18,0
2025-12-22 04:00:00+00:00,0.57651,0.57827,0.5765,0.57778,2110,18,0
2025-12-22 08:00:00+00:00,0.57778,0.57874,0.57765,0.57874,2627,18,0
2025-12-22 12:00:00+00:00,0.57874,0.5799,0.57844,0.57934,3686,18,0
2025-12-22 16:00:00+00:00,0.57934,0.58005,0.57909,0.57933,2489,18,0
2025-12-22 20:00:00+00:00,0.5793,0.5797,0.579,0.57948,1639,18,0
2025-12-23 00:00:00+00:00,0.57948,0.58159,0.5794,0.58126,3065,18,0
2025-12-23 04:00:00+00:00,0.58126,0.58217,0.5807,0.58194,3094,18,0
2025-12-23 08:00:00+00:00,0.58192,0.58405,0.58186,0.58364,3143,18,0
2025-12-23 12:00:00+00:00,0.58364,0.58424,0.5819,0.58289,5103,18,0
2025-12-23 16:00:00+00:00,0.58289,0.58394,0.58274,0.58383,2638,18,0
2025-12-23 20:00:00+00:00,0.58382,0.5842,0.58356,0.5842,1860,18,0
2025-12-24 00:00:00+00:00,0.58421,0.58524,0.58355,0.58396,2875,18,0
2025-12-24 04:00:00+00:00,0.58396,0.58472,0.58385,0.58431,2024,18,0
2025-12-24 08:00:00+00:00,0.58431,0.58469,0.58378,0.58416,2574,18,0
2025-12-24 12:00:00+00:00,0.58414,0.5845,0.5832,0.58355,3664,18,0
2025-12-24 16:00:00+00:00,0.58355,0.58402,0.58281,0.58332,1860,18,0
2025-12-24 20:00:00+00:00,0.58332,0.58333,0.583,0.58303,1041,53,0
2025-12-25 20:00:00+00:00,0.58344,0.58391,0.58301,0.5835,884,18,0
2025-12-26 00:00:00+00:00,0.5835,0.58412,0.58312,0.58313,2445,18,0
2025-12-26 04:00:00+00:00,0.58313,0.5836,0.58209,0.58237,2461,18,0
2025-12-26 08:00:00+00:00,0.58235,0.58255,0.58171,0.582,2370,18,0
2025-12-26 12:00:00+00:00,0.582,0.58415,0.58174,0.58338,3620,18,0
2025-12-26 16:00:00+00:00,0.58337,0.58343,0.58232,0.58287,2881,18,0
2025-12-26 20:00:00+00:00,0.58287,0.58325,0.5824,0.58279,2220,18,0
2025-12-28 20:00:00+00:00,0.58252,0.58294,0.58234,0.58252,889,18,0
2025-12-29 00:00:00+00:00,0.58252,0.58327,0.58246,0.58293,3060,18,0
2025-12-29 04:00:00+00:00,0.58293,0.58308,0.58149,0.58179,2656,18,0
2025-12-29 08:00:00+00:00,0.58177,0.58177,0.57982,0.57991,3631,18,0
2025-12-29 12:00:00+00:00,0.5799,0.58089,0.57892,0.58089,5040,18,0
2025-12-29 16:00:00+00:00,0.58089,0.58099,0.57975,0.58054,3240,18,0
2025-12-29 20:00:00+00:00,0.58054,0.58071,0.57988,0.5807,1879,18,0
2025-12-30 00:00:00+00:00,0.5807,0.58106,0.58015,0.58068,2300,18,0
2025-12-30 04:00:00+00:00,0.58068,0.58187,0.58068,0.58128,2162,18,0
2025-12-30 08:00:00+00:00,0.58129,0.58148,0.57984,0.57995,2442,18,0
2025-12-30 12:00:00+00:00,0.57995,0.58039,0.57894,0.58039,3748,18,0
2025-12-30 16:00:00+00:00,0.58038,0.58056,0.57892,0.57909,2628,18,0
2025-12-30 20:00:00+00:00,0.5791,0.57937,0.57879,0.57897,1670,18,0
2025-12-31 00:00:00+00:00,0.57896,0.57914,0.57755,0.57792,2642,18,0
2025-12-31 04:00:00+00:00,0.57792,0.57804,0.57631,0.57718,2358,18,0
2025-12-31 08:00:00+00:00,0.57718,0.57735,0.57593,0.57679,2724,18,0
2025-12-31 12:00:00+00:00,0.57678,0.57727,0.57392,0.57489,4439,18,0
2025-12-31 16:00:00+00:00,0.57489,0.57557,0.57478,0.57513,3110,18,0
2025-12-31 20:00:00+00:00,0.57513,0.57577,0.57503,0.57553,808,18,0
2026-01-01 20:00:00+00:00,0.57546,0.57586,0.57512,0.57566,847,18,0
2026-01-02 00:00:00+00:00,0.57566,0.57699,0.57506,0.57676,2638,18,0
2026-01-02 04:00:00+00:00,0.57676,0.57686,0.57548,0.57631,2318,18,0
2026-01-02 08:00:00+00:00,0.57628,0.57731,0.5761,0.57686,3098,18,0
2026-01-02 12:00:00+00:00,0.57684,0.5777,0.57635,0.57709,4074,18,0
2026-01-02 16:00:00+00:00,0.57709,0.57709,0.57581,0.57657,3599,18,0
2026-01-02 20:00:00+00:00,0.57659,0.57699,0.57636,0.57688,887,18,0
2026-01-04 20:00:00+00:00,0.57568,0.57684,0.57467,0.57538,1463,18,0
2026-01-05 00:00:00+00:00,0.5754,0.57624,0.57479,0.57492,4470,18,0
2026-01-05 04:00:00+00:00,0.57492,0.57578,0.57416,0.57485,3220,18,0
2026-01-05 08:00:00+00:00,0.57485,0.57632,0.57446,0.57569,3729,18,0
2026-01-05 12:00:00+00:00,0.57569,0.57838,0.5741,0.578,5647,18,0
2026-01-05 16:00:00+00:00,0.578,0.57904,0.578,0.57899,3376,18,0
2026-01-05 20:00:00+00:00,0.57899,0.5791,0.57836,0.57848,1409,18,0
2026-01-06 00:00:00+00:00,0.57848,0.58055,0.57784,0.57969,3205,18,0
2026-01-06 04:00:00+00:00,0.57969,0.58089,0.5796,0.58033,2901,18,0
2026-01-06 08:00:00+00:00,0.58033,0.58095,0.5785,0.57875,3684,18,0
2026-01-06 12:00:00+00:00,0.57876,0.5797,0.57711,0.57765,4861,18,0
2026-01-06 16:00:00+00:00,0.57766,0.57844,0.5768,0.57811,3016,18,0
2026-01-06 20:00:00+00:00,0.57811,0.57875,0.57796,0.57801,1829,18,0
2026-01-07 00:00:00+00:00,0.57801,0.57916,0.57767,0.57865,3856,18,0
2026-01-07 04:00:00+00:00,0.57861,0.5791,0.57734,0.57804,2717,18,0
2026-01-07 08:00:00+00:00,0.57801,0.57925,0.57786,0.579,2753,18,0
2026-01-07 12:00:00+00:00,0.57901,0.57923,0.57737,0.57798,5096,18,0
2026-01-07 16:00:00+00:00,0.57797,0.57841,0.5774,0.57773,2685,18,0
2026-01-07 20:00:00+00:00,0.57773,0.57784,0.57688,0.57725,1649,18,0
2026-01-08 00:00:00+00:00,0.57725,0.57734,0.57611,0.57676,2623,18,0
2026-01-08 04:00:00+00:00,0.57676,0.57683,0.57504,0.57517,2886,18,0
2026-01-08 08:00:00+00:00,0.57516,0.57539,0.57398,0.57494,2998,18,0
2026-01-08 12:00:00+00:00,0.57492,0.57539,0.57368,0.57538,4489,18,0
2026-01-08 16:00:00+00:00,0.57538,0.57538,0.5742,0.57461,2937,18,0
2026-01-08 20:00:00+00:00,0.57461,0.57531,0.57456,0.57489,1803,18,0
2026-01-09 00:00:00+00:00,0.5749,0.5749,0.57377,0.57419,2630,18,0
2026-01-09 04:00:00+00:00,0.5742,0.57457,0.57297,0.57325,2480,18,0
2026-01-09 08:00:00+00:00,0.57326,0.57338,0.57255,0.57267,2796,18,0
2026-01-09 12:00:00+00:00,0.57268,0.57446,0.57104,0.57303,7365,18,0
2026-01-09 16:00:00+00:00,0.57303,0.57347,0.57223,0.57289,3313,18,0
2026-01-09 20:00:00+00:00,0.57289,0.57332,0.57278,0.57308,638,18,0
2026-01-11 20:00:00+00:00,0.57256,0.57332,0.57251,0.57283,576,18,0
2026-01-12 00:00:00+00:00,0.57281,0.57491,0.57255,0.57434,3615,18,0
2026-01-12 04:00:00+00:00,0.57433,0.57545,0.57392,0.5752,2387,18,0
2026-01-12 08:00:00+00:00,0.5752,0.5761,0.57503,0.57566,3083,18,0
2026-01-12 12:00:00+00:00,0.57566,0.5768,0.57549,0.57636,4305,18,0
2026-01-12 16:00:00+00:00,0.57636,0.57679,0.57607,0.57658,2664,18,0
2026-01-12 20:00:00+00:00,0.57658,0.5774,0.57647,0.57721,1833,18,0
2026-01-13 00:00:00+00:00,0.57721,0.57797,0.57705,0.5776,2729,18,0
2026-01-13 04:00:00+00:00,0.5776,0.57795,0.57688,0.577,2488,18,0
2026-01-13 08:00:00+00:00,0.57699,0.57737,0.57599,0.57639,2827,18,0
2026-01-13 12:00:00+00:00,0.57639,0.57818,0.57414,0.57482,6573,18,0
2026-01-13 16:00:00+00:00,0.57482,0.57487,0.57343,0.57389,4003,18,0
2026-01-13 20:00:00+00:00,0.5739,0.57425,0.57331,0.57375,1805,18,0
2026-01-14 00:00:00+00:00,0.57372,0.5747,0.57299,0.5745,2535,18,0
2026-01-14 04:00:00+00:00,0.5745,0.57501,0.57404,0.57456,2336,18,0
2026-01-14 08:00:00+00:00,0.57455,0.57495,0.57372,0.57402,3110,18,0
2026-01-14 12:00:00+00:00,0.57402,0.57539,0.57362,0.57527,5598,18,0
2026-01-14 16:00:00+00:00,0.57527,0.57551,0.57402,0.57433,3385,18,0
2026-01-14 20:00:00+00:00,0.57433,0.57496,0.57389,0.5742,2724,18,0
2026-01-15 00:00:00+00:00,0.5742,0.57445,0.57306,0.57336,3011,18,0
2026-01-15 04:00:00+00:00,0.57333,0.57399,0.5731,0.5739,2420,18,0
2026-01-15 08:00:00+00:00,0.5739,0.57515,0.57358,0.57443,2659,18,0
2026-01-15 12:00:00+00:00,0.57442,0.57478,0.57246,0.57409,4836,18,0
2026-01-15 16:00:00+00:00,0.57409,0.57465,0.57391,0.57416,3049,18,0
2026-01-15 20:00:00+00:00,0.57416,0.57438,0.57355,0.57426,1779,18,0
2026-01-16 00:00:00+00:00,0.57425,0.57572,0.57419,0.5756,2225,18,0
2026-01-16 04:00:00+00:00,0.5756,0.57627,0.5751,0.57578,1654,18,0
2026-01-16 08:00:00+00:00,0.57578,0.57666,0.57555,0.57613,2377,18,0
2026-01-16 12:00:00+00:00,0.57613,0.57644,0.57411,0.5745,4435,18,0
2026-01-16 16:00:00+00:00,0.57452,0.57539,0.57452,0.57521,2995,18,0
2026-01-16 20:00:00+00:00,0.5752,0.57547,0.57496,0.5751,882,18,0
2026-01-18 20:00:00+00:00,0.57413,0.5763,0.57387,0.57628,1599,18,0
2026-01-19 00:00:00+00:00,0.57628,0.5772,0.57527,0.57691,4123,18,0
2026-01-19 04:00:00+00:00,0.57692,0.57788,0.57687,0.57689,2813,18,0
2026-01-19 08:00:00+00:00,0.57692,0.57848,0.57684,0.57824,3123,18,0
2026-01-19 12:00:00+00:00,0.57824,0.57928,0.57784,0.57895,2913,18,0
2026-01-19 16:00:00+00:00,0.57898,0.5796,0.57886,0.5791,1428,18,0
2026-01-19 20:00:00+00:00,0.5791,0.58022,0.57885,0.57916,1353,18,0
2026-01-20 00:00:00+00:00,0.57916,0.58229,0.5788,0.58221,3026,18,0
2026-01-20 04:00:00+00:00,0.58221,0.5839,0.5822,0.5836,3308,18,0
2026-01-20 08:00:00+00:00,0.58362,0.58428,0.5831,0.58401,4919,18,0
2026-01-20 12:00:00+00:00,0.58401,0.58501,0.58282,0.5847,6496,18,0
2026-01-20 16:00:00+00:00,0.58469,0.58504,0.58286,0.5829,3543,18,0
2026-01-20 20:00:00+00:00,0.5829,0.58331,0.58244,0.58258,2091,18,0
2026-01-21 00:00:00+00:00,0.58257,0.58351,0.58202,0.5831,2998,18,0
2026-01-21 04:00:00+00:00,0.5831,0.58525,0.58268,0.58496,2720,18,0
2026-01-21 08:00:00+00:00,0.58495,0.58505,0.584,0.58481,3227,18,0
2026-01-21 12:00:00+00:00,0.58483,0.58655,0.58474,0.58485,5642,18,0
2026-01-21 16:00:00+00:00,0.58485,0.58526,0.58381,0.58471,5403,18,0
2026-01-21 20:00:00+00:00,0.58471,0.58471,0.58344,0.58365,2378,18,0
2026-01-22 00:00:00+00:00,0.58365,0.58611,0.58355,0.58611,3586,18,0
2026-01-22 04:00:00+00:00,0.58611,0.5862,0.58532,0.58575,2503,18,0
2026-01-22 08:00:00+00:00,0.58574,0.58769,0.58546,0.58736,3663,18,0
2026-01-22 12:00:00+00:00,0.58736,0.58939,0.58736,0.58932,4573,18,0
2026-01-22 16:00:00+00:00,0.58933,0.59089,0.58933,0.59047,3194,18,0
2026-01-22 20:00:00+00:00,0.59047,0.59277,0.59033,0.5915,2543,18,0
2026-01-23 00:00:00+00:00,0.5915,0.59202,0.59053,0.5907,3167,18,0
2026-01-23 04:00:00+00:00,0.59069,0.59124,0.59014,0.59022,3034,18,0
2026-01-23 08:00:00+00:00,0.59023,0.5908,0.58906,0.59048,3810,18,0
2026-01-23 12:00:00+00:00,0.59051,0.59215,0.59002,0.59212,3983,18,0
2026-01-23 16:00:00+00:00,0.59212,0.59415,0.59148,0.59399,5013,18,0
2026-01-23 20:00:00+00:00,0.59399,0.59504,0.59379,0.5947,1596,18,0
2026-01-25 20:00:00+00:00,0.59462,0.59744,0.59424,0.59603,1922,18,0
2026-01-26 00:00:00+00:00,0.59605,0.59711,0.59526,0.5959,5314,18,0
2026-01-26 04:00:00+00:00,0.5959,0.59625,0.59511,0.59545,3788,18,0
2026-01-26 08:00:00+00:00,0.59549,0.59743,0.59545,0.59684,4538,18,0
2026-01-26 12:00:00+00:00,0.59684,0.5993,0.59534,0.59929,5158,18,0
2026-01-26 16:00:00+00:00,0.59928,0.59982,0.59769,0.59782,4297,18,0
2026-01-26 20:00:00+00:00,0.59781,0.59791,0.59661,0.59691,2223,18,0
2026-01-27 00:00:00+00:00,0.59691,0.5978,0.59584,0.59664,3295,18,0
2026-01-27 04:00:00+00:00,0.59664,0.59715,0.59603,0.59661,2893,18,0
2026-01-27 08:00:00+00:00,0.5966,0.59812,0.59542,0.59806,4135,18,0
2026-01-27 12:00:00+00:00,0.59804,0.60114,0.59804,0.60079,6681,18,0
2026-01-27 16:00:00+00:00,0.60079,0.60215,0.60077,0.60182,4727,18,0
2026-01-27 20:00:00+00:00,0.60181,0.60499,0.60132,0.6028,5392,18,0
2026-01-28 00:00:00+00:00,0.6028,0.60369,0.60072,0.60161,5229,18,0
2026-01-28 04:00:00+00:00,0.60161,0.60438,0.60108,0.6028,4162,18,0
2026-01-28 08:00:00+00:00,0.6028,0.6041,0.60206,0.60306,5561,18,0
2026-01-28 12:00:00+00:00,0.60306,0.604,0.60151,0.60333,7436,18,0
2026-01-28 16:00:00+00:00,0.60332,0.60438,0.6014,0.60419,7124,18,0
2026-01-28 20:00:00+00:00,0.60417,0.60697,0.6037,0.60633,3937,18,0
2026-01-29 00:00:00+00:00,0.60636,0.60816,0.60436,0.60812,5701,18,0
2026-01-29 04:00:00+00:00,0.60812,0.60917,0.60687,0.60748,4758,18,0
2026-01-29 08:00:00+00:00,0.60745,0.60825,0.6048,0.60588,5404,18,0
2026-01-29 12:00:00+00:00,0.60588,0.60886,0.60219,0.60314,10328,18,0
2026-01-29 16:00:00+00:00,0.60313,0.60714,0.60292,0.60635,9054,18,0
2026-01-29 20:00:00+00:00,0.60635,0.60817,0.6061,0.60747,3661,18,0
2026-01-30 00:00:00+00:00,0.60746,0.60791,0.60308,0.60446,8114,18,0
2026-01-30 04:00:00+00:00,0.60444,0.60534,0.60378,0.60497,5338,18,0
2026-01-30 08:00:00+00:00,0.60501,0.60722,0.60305,0.60719,7061,18,0
2026-01-30 12:00:00+00:00,0.60715,0.60781,0.60446,0.60472,9713,18,0
2026-01-30 16:00:00+00:00,0.60471,0.60492,0.60092,0.60326,9933,18,0
2026-01-30 20:00:00+00:00,0.60327,0.6033,0.60177,0.60195,2380,18,0
2026-02-01 20:00:00+00:00,0.60086,0.60232,0.59921,0.60077,3325,18,0
2026-02-02 00:00:00+00:00,0.60076,0.60329,0.60076,0.60155,9440,18,0
2026-02-02 04:00:00+00:00,0.60157,0.60212,0.59898,0.60058,7381,18,0
2026-02-02 08:00:00+00:00,0.60059,0.60255,0.60031,0.60163,6899,18,0
2026-02-02 12:00:00+00:00,0.60163,0.60231,0.59903,0.59918,9417,18,0
2026-02-02 16:00:00+00:00,0.59917,0.60124,0.599,0.59996,6532,18,0
2026-02-02 20:00:00+00:00,0.59996,0.60113,0.5994,0.60112,3072,18,0
2026-02-03 00:00:00+00:00,0.60112,0.6035,0.60054,0.60328,5322,18,0
2026-02-03 04:00:00+00:00,0.60327,0.60571,0.60305,0.60516,5310,18,0
2026-02-03 08:00:00+00:00,0.60516,0.6056,0.60261,0.60273,5175,18,0
2026-02-03 12:00:00+00:00,0.60272,0.6048,0.6019,0.60438,7046,18,0
2026-02-03 16:00:00+00:00,0.60436,0.60535,0.60334,0.60435,7025,18,0
2026-02-03 20:00:00+00:00,0.60435,0.60625,0.60361,0.60403,3150,18,0
2026-02-04 00:00:00+00:00,0.60403,0.60483,0.60263,0.60309,4560,18,0
2026-02-04 04:00:00+00:00,0.60309,0.60461,0.60298,0.60399,3198,18,0
2026-02-04 08:00:00+00:00,0.60397,0.60465,0.60113,0.60196,4663,18,0
2026-02-04 12:00:00+00:00,0.60194,0.60336,0.60017,0.6003,7704,18,0
2026-02-04 16:00:00+00:00,0.60028,0.60093,0.59869,0.60056,7790,18,0
2026-02-04 20:00:00+00:00,0.60056,0.60062,0.59956,0.59964,2830,18,0
2026-02-05 00:00:00+00:00,0.59961,0.6008,0.59761,0.59825,5632,18,0
2026-02-05 04:00:00+00:00,0.59826,0.59934,0.59805,0.59868,4013,18,0
2026-02-05 08:00:00+00:00,0.5987,0.59967,0.59794,0.59934,4740,18,0
2026-02-05 12:00:00+00:00,0.59931,0.60017,0.5968,0.59761,9659,18,0
2026-02-05 16:00:00+00:00,0.59762,0.59915,0.59725,0.59725,6710,18,0
2026-02-05 20:00:00+00:00,0.59725,0.59775,0.59364,0.59371,3395,18,0
2026-02-06 00:00:00+00:00,0.59371,0.59637,0.59276,0.59628,5474,18,0
2026-02-06 04:00:00+00:00,0.59626,0.59817,0.59625,0.59763,3506,18,0
2026-02-06 08:00:00+00:00,0.59761,0.5994,0.59735,0.59927,4262,18,0
2026-02-06 12:00:00+00:00,0.59925,0.60169,0.59881,0.60144,6001,18,0
2026-02-06 16:00:00+00:00,0.60144,0.60261,0.6013,0.60169,3914,18,0
2026-02-06 20:00:00+00:00,0.60169,0.60209,0.60147,0.60148,1114,18,0
2026-02-08 20:00:00+00:00,0.60137,0.60329,0.60111,0.60312,2692,18,0
2026-02-09 00:00:00+00:00,0.60312,0.60316,0.60108,0.60124,4217,18,0
2026-02-09 04:00:00+00:00,0.60123,0.6026,0.6012,0.60189,3432,18,0
2026-02-09 08:00:00+00:00,0.60188,0.6022,0.59965,0.60204,4468,18,0
2026-02-09 12:00:00+00:00,0.60204,0.60559,0.60204,0.60484,6141,18,0
2026-02-09 16:00:00+00:00,0.60485,0.6059,0.60427,0.60571,3552,18,0
2026-02-09 20:00:00+00:00,0.60572,0.60584,0.60474,0.60512,2470,18,0
2026-02-10 00:00:00+00:00,0.60512,0.60531,0.6038,0.60389,3349,18,0
2026-02-10 04:00:00+00:00,0.6039,0.60412,0.60327,0.60396,2671,18,0
2026-02-10 08:00:00+00:00,0.60397,0.60491,0.60371,0.60434,3056,18,0
2026-02-10 12:00:00+00:00,0.60435,0.60605,0.60371,0.60557,6198,18,0
2026-02-10 16:00:00+00:00,0.60557,0.60562,0.60383,0.605,4344,18,0
2026-02-10 20:00:00+00:00,0.60499,0.60503,0.60372,0.60395,2015,18,0
2026-02-11 00:00:00+00:00,0.60395,0.60649,0.60393,0.60624,3360,18,0
2026-02-11 04:00:00+00:00,0.60624,0.6066,0.60536,0.60579,3108,18,0
2026-02-11 08:00:00+00:00,0.60579,0.60725,0.60521,0.60617,3312,18,0
2026-02-11 12:00:00+00:00,0.60619,0.60643,0.60234,0.60379,10405,18,0
2026-02-11 16:00:00+00:00,0.6038,0.60642,0.60335,0.60555,5882,18,0
2026-02-11 20:00:00+00:00,0.60555,0.60559,0.60418,0.60471,2513,18,0
2026-02-12 00:00:00+00:00,0.60471,0.60607,0.60439,0.60542,3321,18,0
2026-02-12 04:00:00+00:00,0.60542,0.6058,0.60383,0.60568,3366,18,0
2026-02-12 08:00:00+00:00,0.60568,0.60752,0.60547,0.60722,3368,18,0
2026-02-12 12:00:00+00:00,0.60721,0.60745,0.60575,0.60663,5739,18,0
2026-02-12 16:00:00+00:00,0.60663,0.60669,0.6025,0.60362,8422,18,0
2026-02-12 20:00:00+00:00,0.60362,0.6037,0.60279,0.60308,2625,18,0
2026-02-13 00:00:00+00:00,0.60307,0.60389,0.60274,0.60311,3146,18,0
2026-02-13 04:00:00+00:00,0.60311,0.60368,0.60137,0.60235,3333,18,0
2026-02-13 08:00:00+00:00,0.60235,0.60418,0.6018,0.602,3946,18,0
2026-02-13 12:00:00+00:00,0.602,0.60445,0.6017,0.60258,9160,18,0
2026-02-13 16:00:00+00:00,0.60259,0.60498,0.60244,0.60384,5284,18,0
2026-02-13 20:00:00+00:00,0.60384,0.60436,0.60348,0.60392,1432,18,0
2026-02-15 20:00:00+00:00,0.60248,0.60385,0.60204,0.60322,1243,18,0
2026-02-16 00:00:00+00:00,0.60324,0.60395,0.60272,0.603,2657,18,0
2026-02-16 04:00:00+00:00,0.603,0.60426,0.6028,0.60375,2054,18,0
2026-02-16 08:00:00+00:00,0.60375,0.60475,0.60349,0.6042,3039,18,0
2026-02-16 12:00:00+00:00,0.6042,0.60453,0.60311,0.60311,2843,18,0
2026-02-16 16:00:00+00:00,0.6031,0.6035,0.60292,0.60341,1392,18,0
2026-02-16 20:00:00+00:00,0.6034,0.6035,0.6029,0.60307,1119,18,0
2026-02-17 00:00:00+00:00,0.60307,0.60325,0.60184,0.6026,3386,18,0
2026-02-17 04:00:00+00:00,0.6026,0.60384,0.60232,0.60273,3128,18,0
2026-02-17 08:00:00+00:00,0.60271,0.60491,0.60266,0.60381,3816,18,0
2026-02-17 12:00:00+00:00,0.60382,0.6041,0.60035,0.60133,7393,18,0
2026-02-17 16:00:00+00:00,0.60133,0.60492,0.60133,0.60483,5531,18,0
2026-02-17 20:00:00+00:00,0.60483,0.60522,0.60451,0.60466,2022,18,0
2026-02-18 00:00:00+00:00,0.60466,0.60498,0.59949,0.5998,4077,18,0
2026-02-18 04:00:00+00:00,0.59985,0.60019,0.59886,0.59952,2392,18,0
2026-02-18 08:00:00+00:00,0.59954,0.6013,0.59953,0.60049,3205,18,0
2026-02-18 12:00:00+00:00,0.60053,0.60094,0.5976,0.59926,5225,18,0
2026-02-18 16:00:00+00:00,0.59928,0.59978,0.59612,0.59635,4449,18,0
2026-02-18 20:00:00+00:00,0.59635,0.59678,0.59608,0.59651,1895,18,0
2026-02-19 00:00:00+00:00,0.59654,0.5978,0.59571,0.59734,2983,18,0
2026-02-19 04:00:00+00:00,0.59734,0.59847,0.59639,0.59826,2461,18,0
2026-02-19 08:00:00+00:00,0.59829,0.59895,0.59642,0.59686,3880,18,0
2026-02-19 12:00:00+00:00,0.59685,0.59793,0.5945,0.59719,6946,18,0
2026-02-19 16:00:00+00:00,0.59718,0.59755,0.59616,0.59648,5357,18,0
2026-02-19 20:00:00+00:00,0.59648,0.59748,0.59648,0.59692,2337,18,0
2026-02-20 00:00:00+00:00,0.59693,0.59712,0.59373,0.59457,3925,18,0
2026-02-20 04:00:00+00:00,0.59457,0.59592,0.59428,0.59455,3028,18,0
2026-02-20 08:00:00+00:00,0.59454,0.59639,0.59437,0.59539,3862,18,0
2026-02-20 12:00:00+00:00,0.59539,0.59796,0.59441,0.59757,9719,18,0
2026-02-20 16:00:00+00:00,0.59758,0.59842,0.59556,0.59722,8237,18,0
2026-02-20 20:00:00+00:00,0.59722,0.59792,0.59712,0.59747,1286,18,0
2026-02-22 20:00:00+00:00,0.59738,0.60028,0.59738,0.60028,1314,18,0
2026-02-23 00:00:00+00:00,0.60028,0.60028,0.59786,0.59841,5466,18,0
2026-02-23 04:00:00+00:00,0.59841,0.59896,0.5979,0.59817,3052,18,0
2026-02-23 08:00:00+00:00,0.59817,0.59869,0.59649,0.59661,3808,18,0
2026-02-23 12:00:00+00:00,0.5966,0.5978,0.59564,0.5964,5772,18,0
2026-02-23 16:00:00+00:00,0.59639,0.59685,0.59535,0.59552,5154,18,0
2026-02-23 20:00:00+00:00,0.59552,0.59607,0.59505,0.59586,2299,18,0
2026-02-24 00:00:00+00:00,0.59586,0.59706,0.59493,0.59613,3938,18,0
2026-02-24 04:00:00+00:00,0.59612,0.59661,0.59553,0.59611,3273,18,0
2026-02-24 08:00:00+00:00,0.59611,0.59704,0.59542,0.59546,3713,18,0
2026-02-24 12:00:00+00:00,0.59546,0.59645,0.59417,0.5959,5654,18,0
2026-02-24 16:00:00+00:00,0.59588,0.59732,0.59584,0.59675,3523,18,0
2026-02-24 20:00:00+00:00,0.59675,0.59727,0.59585,0.59629,1822,18,0
2026-02-25 00:00:00+00:00,0.59629,0.59801,0.59609,0.59732,4725,18,0
2026-02-25 04:00:00+00:00,0.59732,0.59907,0.59717,0.59831,3108,18,0
2026-02-25 08:00:00+00:00,0.59831,0.59861,0.59588,0.59613,3348,18,0
2026-02-25 12:00:00+00:00,0.59613,0.59883,0.59613,0.59883,4841,18,0
2026-02-25 16:00:00+00:00,0.59882,0.59993,0.59859,0.59964,2705,18,0
2026-02-25 20:00:00+00:00,0.59964,0.60019,0.59938,0.59991,2180,18,0
2026-02-26 00:00:00+00:00,0.5999,0.60121,0.59948,0.60005,3706,18,0
2026-02-26 04:00:00+00:00,0.60005,0.60113,0.5994,0.59963,3228,18,0
2026-02-26 08:00:00+00:00,0.59962,0.59969,0.5981,0.59812,3164,18,0
2026-02-26 12:00:00+00:00,0.59813,0.59943,0.59571,0.59774,6141,18,0
2026-02-26 16:00:00+00:00,0.59776,0.59854,0.59565,0.59844,5166,18,0
2026-02-26 20:00:00+00:00,0.5984,0.59863,0.59724,0.59788,2486,18,0
2026-02-27 00:00:00+00:00,0.59788,0.59914,0.59738,0.5988,3658,18,0
2026-02-27 04:00:00+00:00,0.59877,0.5994,0.59843,0.59889,3112,18,0
2026-02-27 08:00:00+00:00,0.59888,0.59931,0.59796,0.59825,3751,18,0
2026-02-27 12:00:00+00:00,0.59826,0.6003,0.59698,0.59996,7113,18,0
2026-02-27 16:00:00+00:00,0.59997,0.60038,0.5993,0.59954,4628,18,0
2026-02-27 20:00:00+00:00,0.59954,0.60017,0.59922,0.59958,1298,18,0
2026-03-01 20:00:00+00:00,0.59468,0.59744,0.59388,0.59556,2172,29,0
2026-03-02 00:00:00+00:00,0.59554,0.59938,0.59483,0.59838,7036,18,0
2026-03-02 04:00:00+00:00,0.59838,0.59867,0.59362,0.59427,5773,18,0
2026-03-02 08:00:00+00:00,0.59429,0.59667,0.59275,0.59581,6505,18,0
2026-03-02 12:00:00+00:00,0.59584,0.59587,0.59228,0.59262,8844,18,0
2026-03-02 16:00:00+00:00,0.59262,0.59559,0.59154,0.59535,5911,18,0
2026-03-02 20:00:00+00:00,0.59535,0.59545,0.593,0.59455,4309,18,0
2026-03-03 00:00:00+00:00,0.59455,0.59547,0.59344,0.5944,5816,18,0
2026-03-03 04:00:00+00:00,0.59441,0.5947,0.59093,0.59103,6150,18,0
2026-03-03 08:00:00+00:00,0.59102,0.5913,0.58625,0.58897,9521,18,0
2026-03-03 12:00:00+00:00,0.58897,0.59025,0.58352,0.58624,12716,18,0
2026-03-03 16:00:00+00:00,0.58625,0.59059,0.58602,0.58944,11041,18,0
2026-03-03 20:00:00+00:00,0.58947,0.58998,0.58817,0.5887,4205,18,0
2026-03-04 00:00:00+00:00,0.5887,0.59,0.58604,0.58999,8872,18,0
2026-03-04 04:00:00+00:00,0.58998,0.59106,0.5885,0.5903,7293,18,0
2026-03-04 08:00:00+00:00,0.59027,0.59322,0.58908,0.59094,9251,18,0
2026-03-04 12:00:00+00:00,0.59094,0.59299,0.59002,0.59294,10234,18,0
2026-03-04 16:00:00+00:00,0.59294,0.59404,0.59233,0.59396,5792,18,0
2026-03-04 20:00:00+00:00,0.59398,0.59426,0.59351,0.59363,2765,18,0
2026-03-05 00:00:00+00:00,0.59363,0.59476,0.59257,0.59281,5982,18,0
2026-03-05 04:00:00+00:00,0.59279,0.59317,0.59106,0.5922,5914,18,0
2026-03-05 08:00:00+00:00,0.59223,0.59453,0.59014,0.59222,8692,18,0
2026-03-05 12:00:00+00:00,0.59225,0.59314,0.58878,0.5895,9295,18,0
2026-03-05 16:00:00+00:00,0.5895,0.58952,0.58722,0.58772,9333,18,0
2026-03-05 20:00:00+00:00,0.58774,0.59011,0.58741,0.58948,4149,18,0
2026-03-06 00:00:00+00:00,0.58948,0.59138,0.58943,0.591,4965,18,0
2026-03-06 04:00:00+00:00,0.591,0.59147,0.59,0.59115,4089,18,0
2026-03-06 08:00:00+00:00,0.59114,0.59122,0.5862,0.58639,7174,18,0
2026-03-06 12:00:00+00:00,0.58639,0.58903,0.58567,0.58849,13326,18,0
2026-03-06 16:00:00+00:00,0.58852,0.59094,0.58849,0.59002,9131,18,0
2026-03-06 20:00:00+00:00,0.59004,0.59051,0.58929,0.58994,2788,18,0
2026-03-08 20:00:00+00:00,0.58664,0.58684,0.58477,0.58506,4033,18,0
2026-03-09 00:00:00+00:00,0.58503,0.58789,0.5849,0.5868,8767,18,0
2026-03-09 04:00:00+00:00,0.58679,0.5894,0.58669,0.58894,8471,18,0
2026-03-09 08:00:00+00:00,0.58897,0.59152,0.5875,0.59053,10481,18,0
2026-03-09 12:00:00+00:00,0.59054,0.59211,0.58931,0.59163,11491,18,0
2026-03-09 16:00:00+00:00,0.59164,0.59343,0.59111,0.5926,7865,18,0
2026-03-09 20:00:00+00:00,0.59258,0.59387,0.59213,0.59254,3869,18,0
2026-03-10 00:00:00+00:00,0.59254,0.59344,0.59067,0.5911,6790,18,0
2026-03-10 04:00:00+00:00,0.5911,0.59429,0.5907,0.59383,5442,18,0
2026-03-10 08:00:00+00:00,0.59382,0.59447,0.59222,0.59403,7286,18,0
2026-03-10 12:00:00+00:00,0.59406,0.59612,0.59293,0.59539,8958,18,0
2026-03-10 16:00:00+00:00,0.5954,0.59636,0.59244,0.59302,9454,18,0
2026-03-10 20:00:00+00:00,0.59302,0.5931,0.59199,0.59231,2338,18,0
2026-03-11 00:00:00+00:00,0.59232,0.59429,0.59206,0.59419,5273,18,0
2026-03-11 04:00:00+00:00,0.59419,0.59474,0.59276,0.59333,4714,18,0
2026-03-11 08:00:00+00:00,0.59331,0.59382,0.59167,0.59225,6646,18,0
2026-03-11 12:00:00+00:00,0.59223,0.59399,0.59069,0.59069,9982,18,0
2026-03-11 16:00:00+00:00,0.59069,0.5919,0.59044,0.5918,5851,18,0
2026-03-11 20:00:00+00:00,0.59181,0.59185,0.58913,0.5894,3041,18,0
2026-03-12 00:00:00+00:00,0.58941,0.59129,0.58912,0.59059,5062,18,0
2026-03-12 04:00:00+00:00,0.59058,0.59068,0.58944,0.59044,4373,18,0
2026-03-12 08:00:00+00:00,0.59047,0.59108,0.58944,0.59023,5429,18,0
2026-03-12 12:00:00+00:00,0.59025,0.5903,0.58542,0.58674,9585,18,0
2026-03-12 16:00:00+00:00,0.58674,0.58718,0.58513,0.58543,7158,18,0
2026-03-12 20:00:00+00:00,0.5854,0.58552,0.58476,0.58523,2480,18,0
2026-03-13 00:00:00+00:00,0.5852,0.58612,0.58392,0.58449,4229,18,0
2026-03-13 04:00:00+00:00,0.58448,0.58448,0.58045,0.58076,4167,18,0
2026-03-13 08:00:00+00:00,0.58079,0.58303,0.58023,0.583,6313,18,0
2026-03-13 12:00:00+00:00,0.583,0.58397,0.58002,0.58015,9101,18,0
2026-03-13 16:00:00+00:00,0.58013,0.58052,0.5782,0.57824,5982,18,0
2026-03-13 20:00:00+00:00,0.57825,0.57825,0.57727,0.57727,733,18,0
2026-03-15 20:00:00+00:00,0.57868,0.57964,0.57775,0.57949,2874,18,0
2026-03-16 00:00:00+00:00,0.57948,0.58143,0.57939,0.58091,4726,18,0
2026-03-16 04:00:00+00:00,0.58091,0.58113,0.57982,0.58052,3676,18,0
2026-03-16 08:00:00+00:00,0.58054,0.58434,0.58031,0.58392,5431,18,0
2026-03-16 12:00:00+00:00,0.58395,0.58574,0.58388,0.58446,6507,18,0
2026-03-16 16:00:00+00:00,0.58445,0.58683,0.58377,0.58599,5835,18,0
2026-03-16 20:00:00+00:00,0.58599,0.58612,0.58488,0.5852,2144,18,0
2026-03-17 00:00:00+00:00,0.58521,0.5853,0.58413,0.58424,4375,18,0
2026-03-17 04:00:00+00:00,0.58428,0.58484,0.58162,0.58239,4562,18,0
2026-03-17 08:00:00+00:00,0.58241,0.58461,0.5818,0.58387,4876,18,0
2026-03-17 12:00:00+00:00,0.58386,0.58643,0.58368,0.58565,6417,18,0
2026-03-17 16:00:00+00:00,0.58564,0.58678,0.5851,0.58561,4381,18,0
2026-03-17 20:00:00+00:00,0.58561,0.5861,0.5851,0.58569,2294,18,0
2026-03-18 00:00:00+00:00,0.58569,0.58656,0.58522,0.58585,2906,18,0
2026-03-18 04:00:00+00:00,0.58585,0.58716,0.58554,0.58567,2760,18,0
2026-03-18 08:00:00+00:00,0.58567,0.58634,0.58473,0.58533,4076,18,0
2026-03-18 12:00:00+00:00,0.58535,0.58544,0.58124,0.58379,9293,18,0
2026-03-18 16:00:00+00:00,0.58379,0.58483,0.58049,0.58049,7473,18,0
2026-03-18 20:00:00+00:00,0.58048,0.58048,0.57839,0.57939,3800,18,0
2026-03-19 00:00:00+00:00,0.57942,0.58269,0.57931,0.58189,4886,18,0
2026-03-19 04:00:00+00:00,0.58186,0.58214,0.58045,0.58066,4729,18,0
2026-03-19 08:00:00+00:00,0.58069,0.58262,0.58034,0.58142,7859,18,0
2026-03-19 12:00:00+00:00,0.5814,0.58493,0.57977,0.58304,13219,18,0
2026-03-19 16:00:00+00:00,0.58304,0.58917,0.58294,0.58723,10048,18,0
2026-03-19 20:00:00+00:00,0.58724,0.58774,0.5865,0.58662,3089,18,0
2026-03-20 00:00:00+00:00,0.58661,0.58906,0.58659,0.58818,4768,18,0
2026-03-20 04:00:00+00:00,0.58818,0.5891,0.5871,0.58873,4004,18,0
2026-03-20 08:00:00+00:00,0.58872,0.58895,0.58517,0.58708,6809,18,0
2026-03-20 12:00:00+00:00,0.58707,0.58767,0.58291,0.58381,9995,18,0
2026-03-20 16:00:00+00:00,0.5838,0.5848,0.58171,0.58253,8073,18,0
2026-03-20 20:00:00+00:00,0.58256,0.58304,0.58248,0.58282,847,18,0
2026-03-22 20:00:00+00:00,0.58174,0.58337,0.58068,0.58318,2838,18,0
2026-03-23 00:00:00+00:00,0.58319,0.58376,0.58084,0.58101,7175,18,0
2026-03-23 04:00:00+00:00,0.58102,0.58135,0.57885,0.57901,6054,18,0
2026-03-23 08:00:00+00:00,0.57904,0.58483,0.57614,0.58102,17058,18,0
2026-03-23 12:00:00+00:00,0.58098,0.58865,0.58029,0.58418,19697,18,0
2026-03-23 16:00:00+00:00,0.58415,0.58806,0.58317,0.58646,10326,18,0
2026-03-23 20:00:00+00:00,0.58643,0.58659,0.58473,0.58531,3684,18,0
2026-03-24 00:00:00+00:00,0.58531,0.58536,0.58293,0.58315,7275,18,0
2026-03-24 04:00:00+00:00,0.58316,0.58596,0.58213,0.5847,6618,18,0
2026-03-24 08:00:00+00:00,0.58469,0.58469,0.58149,0.58312,8308,18,0
2026-03-24 12:00:00+00:00,0.58313,0.58406,0.58116,0.5816,11519,18,0
2026-03-24 16:00:00+00:00,0.58157,0.58243,0.57928,0.58183,8779,18,0
2026-03-24 20:00:00+00:00,0.58182,0.58508,0.58164,0.58351,5670,18,0
2026-03-25 00:00:00+00:00,0.58351,0.58426,0.58207,0.58221,5480,18,0
2026-03-25 04:00:00+00:00,0.58218,0.58222,0.58071,0.58146,4061,18,0
2026-03-25 08:00:00+00:00,0.58147,0.58317,0.58103,0.58224,6312,18,0
2026-03-25 12:00:00+00:00,0.58225,0.58272,0.58033,0.5813,9023,18,0
2026-03-25 16:00:00+00:00,0.58129,0.58253,0.58038,0.58072,6279,18,0
2026-03-25 20:00:00+00:00,0.58073,0.5809,0.58007,0.58051,1989,18,0
2026-03-26 00:00:00+00:00,0.58051,0.58075,0.57943,0.58055,3822,18,0
2026-03-26 04:00:00+00:00,0.58055,0.58078,0.57829,0.57831,3691,18,0
2026-03-26 08:00:00+00:00,0.57831,0.57918,0.57714,0.57716,4931,18,0
2026-03-26 12:00:00+00:00,0.57717,0.57926,0.57702,0.57762,8112,14,0
2026-03-26 16:00:00+00:00,0.57762,0.57772,0.57512,0.5752,5132,14,0
2026-03-26 20:00:00+00:00,0.57518,0.57819,0.57497,0.57595,5157,14,0
2026-03-27 00:00:00+00:00,0.57595,0.57731,0.57518,0.57709,4559,14,0
2026-03-27 04:00:00+00:00,0.57707,0.57772,0.57628,0.57636,3704,14,0
2026-03-27 08:00:00+00:00,0.57634,0.57742,0.57583,0.57584,5574,14,0
2026-03-27 12:00:00+00:00,0.57584,0.57677,0.57486,0.57563,8357,14,0
2026-03-27 16:00:00+00:00,0.57564,0.57597,0.57374,0.57447,5892,14,0
2026-03-27 20:00:00+00:00,0.57446,0.57465,0.57402,0.57443,1033,14,0
2026-03-29 20:00:00+00:00,0.57427,0.57459,0.57245,0.57264,2937,14,0
2026-03-30 00:00:00+00:00,0.57266,0.57388,0.5723,0.57366,5750,14,0
2026-03-30 04:00:00+00:00,0.57368,0.57487,0.57247,0.57262,4134,14,0
2026-03-30 08:00:00+00:00,0.57262,0.57297,0.57145,0.57207,4766,14,0
2026-03-30 12:00:00+00:00,0.57208,0.57257,0.56991,0.57137,7260,14,0
2026-03-30 16:00:00+00:00,0.57134,0.57204,0.57101,0.57161,4687,14,0
2026-03-30 20:00:00+00:00,0.57159,0.57214,0.57128,0.57158,2339,14,0
2026-03-31 00:00:00+00:00,0.57158,0.57348,0.57058,0.57154,6479,14,0
2026-03-31 04:00:00+00:00,0.57155,0.57191,0.57037,0.57154,4587,14,0
2026-03-31 08:00:00+00:00,0.57155,0.57276,0.56994,0.5726,5566,14,0
2026-03-31 12:00:00+00:00,0.57261,0.5736,0.56975,0.57077,9593,14,0
2026-03-31 16:00:00+00:00,0.57078,0.57464,0.57053,0.57451,10206,14,0
2026-03-31 20:00:00+00:00,0.57451,0.57558,0.57387,0.57545,2796,14,0
2026-04-01 00:00:00+00:00,0.57543,0.57588,0.573,0.57321,4670,14,0
2026-04-01 04:00:00+00:00,0.57321,0.57709,0.57316,0.57515,6042,14,0
2026-04-01 08:00:00+00:00,0.57513,0.57768,0.5748,0.5773,6537,14,0
2026-04-01 12:00:00+00:00,0.5773,0.57769,0.57559,0.57687,10422,14,0
2026-04-01 16:00:00+00:00,0.57685,0.57753,0.57422,0.57498,5564,14,0
2026-04-01 20:00:00+00:00,0.57498,0.57551,0.57467,0.57482,2303,14,0
2026-04-02 00:00:00+00:00,0.57482,0.57582,0.57125,0.5713,9722,14,0
2026-04-02 04:00:00+00:00,0.57132,0.57158,0.5699,0.57156,5129,14,0
2026-04-02 08:00:00+00:00,0.57158,0.57163,0.56999,0.57036,4396,14,0
2026-04-02 12:00:00+00:00,0.57036,0.57356,0.57027,0.57253,10307,14,0
2026-04-02 16:00:00+00:00,0.57252,0.5729,0.5715,0.57159,5488,14,0
2026-04-02 20:00:00+00:00,0.5716,0.57173,0.57092,0.57116,1647,18,0
2026-04-03 00:00:00+00:00,0.57116,0.57151,0.57032,0.57043,1031,107,0
2026-04-03 04:00:00+00:00,0.57043,0.57045,0.56967,0.57004,986,107,0
2026-04-03 08:00:00+00:00,0.57003,0.57036,0.56951,0.57027,1077,178,0
2026-04-03 12:00:00+00:00,0.57027,0.57089,0.56924,0.56942,2774,14,0
2026-04-03 16:00:00+00:00,0.56939,0.5694,0.56815,0.56906,1293,14,0
2026-04-03 20:00:00+00:00,0.56906,0.57046,0.56772,0.56875,1715,28,0
2026-04-05 20:00:00+00:00,0.569,0.56937,0.56807,0.56851,2139,14,0
2026-04-06 00:00:00+00:00,0.56851,0.57058,0.56847,0.56979,3672,14,0
2026-04-06 04:00:00+00:00,0.56979,0.57242,0.56974,0.57221,3314,14,0
2026-04-06 08:00:00+00:00,0.57223,0.57263,0.57135,0.572,4283,14,0
2026-04-06 12:00:00+00:00,0.572,0.5729,0.57104,0.57174,6007,14,0
2026-04-06 16:00:00+00:00,0.57174,0.57191,0.57053,0.57131,4102,14,0
2026-04-06 20:00:00+00:00,0.57132,0.57159,0.57073,0.57129,1913,14,0
2026-04-07 00:00:00+00:00,0.57129,0.57129,0.5689,0.5698,4105,14,0
2026-04-07 04:00:00+00:00,0.56981,0.57064,0.56953,0.56981,4109,14,0
2026-04-07 08:00:00+00:00,0.56979,0.57217,0.56977,0.57043,7338,14,0
2026-04-07 12:00:00+00:00,0.57044,0.57136,0.56937,0.57019,8188,14,0
2026-04-07 16:00:00+00:00,0.5702,0.57272,0.57017,0.57236,7047,14,0
2026-04-07 20:00:00+00:00,0.57233,0.58179,0.57157,0.58078,10607,14,0
2026-04-08 00:00:00+00:00,0.5808,0.58266,0.57846,0.58222,9533,14,0
2026-04-08 04:00:00+00:00,0.58224,0.58493,0.58222,0.58274,7851,14,0
2026-04-08 08:00:00+00:00,0.58272,0.58347,0.58115,0.58327,5992,14,0
2026-04-08 12:00:00+00:00,0.58329,0.58583,0.58277,0.58351,9727,14,0
2026-04-08 16:00:00+00:00,0.58349,0.58371,0.58092,0.5826,6157,14,0
2026-04-08 20:00:00+00:00,0.5826,0.58273,0.58171,0.58239,2450,14,0
2026-04-09 00:00:00+00:00,0.58241,0.58332,0.58159,0.58314,4540,14,0
2026-04-09 04:00:00+00:00,0.58313,0.58378,0.58277,0.58294,4049,14,0
2026-04-09 08:00:00+00:00,0.58294,0.58407,0.58253,0.58382,3853,14,0
2026-04-09 12:00:00+00:00,0.58382,0.58681,0.58307,0.58676,6790,14,0
2026-04-09 16:00:00+00:00,0.58677,0.58729,0.58528,0.58596,5149,14,0
2026-04-09 20:00:00+00:00,0.58596,0.58623,0.58489,0.58501,2544,14,0
2026-04-10 00:00:00+00:00,0.58501,0.58544,0.58444,0.58507,2966,14,0
2026-04-10 04:00:00+00:00,0.58506,0.58512,0.58335,0.58341,3136,14,0
2026-04-10 08:00:00+00:00,0.58341,0.58462,0.5832,0.58457,3883,14,0
2026-04-10 12:00:00+00:00,0.58457,0.58683,0.58402,0.58409,6492,14,0
2026-04-10 16:00:00+00:00,0.58409,0.58473,0.58323,0.58422,3746,14,0
2026-04-10 20:00:00+00:00,0.58422,0.5844,0.58356,0.58361,590,14,0
2026-04-12 20:00:00+00:00,0.57956,0.58113,0.57946,0.58026,2793,14,0
2026-04-13 00:00:00+00:00,0.58028,0.58249,0.58001,0.58246,3746,14,0
2026-04-13 04:00:00+00:00,0.58245,0.58406,0.58219,0.58364,3484,14,0
2026-04-13 08:00:00+00:00,0.58364,0.5838,0.58184,0.58184,3767,14,0
2026-04-13 12:00:00+00:00,0.58184,0.58477,0.58147,0.58406,6514,14,0
2026-04-13 16:00:00+00:00,0.58407,0.58728,0.58385,0.58676,4796,14,0
2026-04-13 20:00:00+00:00,0.58677,0.58725,0.58598,0.58704,1989,14,0
2026-04-14 00:00:00+00:00,0.58704,0.58713,0.58563,0.58655,2673,14,0
2026-04-14 04:00:00+00:00,0.58655,0.58933,0.58655,0.58872,3647,14,0
2026-04-14 08:00:00+00:00,0.58871,0.5905,0.5884,0.59016,4083,14,0
2026-04-14 12:00:00+00:00,0.59017,0.59193,0.58977,0.59047,6492,14,0
2026-04-14 16:00:00+00:00,0.59046,0.59093,0.59006,0.59016,3203,14,0
2026-04-14 20:00:00+00:00,0.59018,0.59056,0.58954,0.59019,2076,14,0
2026-04-15 00:00:00+00:00,0.59017,0.59034,0.58922,0.59007,2884,14,0
2026-04-15 04:00:00+00:00,0.59007,0.59085,0.58981,0.59037,3392,14,0
2026-04-15 08:00:00+00:00,0.59037,0.59081,0.58913,0.5899,4820,14,0
2026-04-15 12:00:00+00:00,0.58989,0.59116,0.58913,0.59065,5986,14,0
2026-04-15 16:00:00+00:00,0.59064,0.59186,0.59058,0.59147,3822,14,0
2026-04-15 20:00:00+00:00,0.59148,0.59161,0.59047,0.59107,2248,14,0
2026-04-16 00:00:00+00:00,0.59106,0.59214,0.59034,0.59175,3490,14,0
2026-04-16 04:00:00+00:00,0.59175,0.59198,0.59015,0.59028,3637,14,0
2026-04-16 08:00:00+00:00,0.5903,0.59042,0.58853,0.58954,3661,14,0
2026-04-16 12:00:00+00:00,0.58954,0.58958,0.58822,0.58936,6117,14,0
2026-04-16 16:00:00+00:00,0.58938,0.5898,0.58816,0.58882,4308,14,0
2026-04-16 20:00:00+00:00,0.58882,0.58924,0.58837,0.58846,1654,14,0
2026-04-17 00:00:00+00:00,0.58845,0.58883,0.58794,0.58843,2641,14,0
2026-04-17 04:00:00+00:00,0.58842,0.58892,0.58797,0.58874,2823,14,0
2026-04-17 08:00:00+00:00,0.58874,0.58935,0.588,0.58853,3023,14,0
2026-04-17 12:00:00+00:00,0.58855,0.59284,0.58849,0.59077,10588,14,0
2026-04-17 16:00:00+00:00,0.59077,0.59104,0.58864,0.58871,4771,14,0
2026-04-17 20:00:00+00:00,0.5887,0.5888,0.58798,0.58804,899,14,0
2026-04-19 20:00:00+00:00,0.58554,0.58686,0.58487,0.58646,2503,14,0
2026-04-20 00:00:00+00:00,0.58648,0.58823,0.58628,0.58781,3555,14,0
2026-04-20 04:00:00+00:00,0.58781,0.58803,0.58625,0.58668,4189,14,0
2026-04-20 08:00:00+00:00,0.5867,0.58841,0.58655,0.58831,4092,14,0
2026-04-20 12:00:00+00:00,0.58831,0.58949,0.58744,0.589,6759,14,0
2026-04-20 16:00:00+00:00,0.58901,0.5893,0.58851,0.58913,3325,14,0
2026-04-20 20:00:00+00:00,0.58912,0.59156,0.58785,0.59047,2983,14,0
2026-04-21 00:00:00+00:00,0.59049,0.592,0.58989,0.59043,3329,14,0
2026-04-21 04:00:00+00:00,0.59043,0.5915,0.59039,0.59044,3289,14,0
2026-04-21 08:00:00+00:00,0.59042,0.5912,0.58955,0.59106,3892,14,0
2026-04-21 12:00:00+00:00,0.59109,0.59191,0.58945,0.59029,6476,14,0
2026-04-21 16:00:00+00:00,0.59032,0.59076,0.58716,0.58744,7758,14,0
2026-04-21 20:00:00+00:00,0.58745,0.59024,0.58737,0.58966,3951,14,0
2026-04-22 00:00:00+00:00,0.58968,0.59083,0.58968,0.59047,3219,14,0
2026-04-22 04:00:00+00:00,0.59046,0.59206,0.59031,0.59191,3690,14,0
2026-04-22 08:00:00+00:00,0.59193,0.59219,0.59032,0.59054,3845,14,0
2026-04-22 12:00:00+00:00,0.59052,0.59204,0.58976,0.5908,6076,14,0
2026-04-22 16:00:00+00:00,0.59083,0.59098,0.59022,0.5904,3445,14,0
2026-04-22 20:00:00+00:00,0.5904,0.59075,0.59012,0.59043,2112,14,0
2026-04-23 00:00:00+00:00,0.59043,0.59092,0.58783,0.58786,5927,14,0
2026-04-23 04:00:00+00:00,0.58786,0.58921,0.58757,0.58917,3609,14,0
2026-04-23 08:00:00+00:00,0.58917,0.58923,0.58717,0.58857,4549,14,0
2026-04-23 12:00:00+00:00,0.58855,0.5888,0.58676,0.58769,6506,14,0
2026-04-23 16:00:00+00:00,0.58768,0.58775,0.58397,0.58571,8113,14,0
2026-04-23 20:00:00+00:00,0.58569,0.5857,0.58454,0.58522,2302,14,0
2026-04-24 00:00:00+00:00,0.58524,0.58606,0.58396,0.58433,3627,14,0
2026-04-24 04:00:00+00:00,0.58434,0.58549,0.5842,0.5854,3382,14,0
2026-04-24 08:00:00+00:00,0.58539,0.58772,0.58496,0.58728,4931,14,0
2026-04-24 12:00:00+00:00,0.58731,0.58799,0.58612,0.58788,6972,14,0
2026-04-24 16:00:00+00:00,0.58788,0.58823,0.58732,0.5881,3565,14,0
2026-04-24 20:00:00+00:00,0.5881,0.58825,0.58785,0.58791,494,14,0
2026-04-26 20:00:00+00:00,0.58603,0.58722,0.58562,0.58691,1603,14,0
2026-04-27 00:00:00+00:00,0.58694,0.58947,0.58694,0.58913,3496,14,0
2026-04-27 04:00:00+00:00,0.5891,0.58983,0.58785,0.58974,3194,14,0
2026-04-27 08:00:00+00:00,0.58975,0.59139,0.5896,0.59117,3261,14,0
2026-04-27 12:00:00+00:00,0.59119,0.59232,0.59087,0.59168,5606,14,0
2026-04-27 16:00:00+00:00,0.59168,0.5918,0.59072,0.59073,2836,14,0
2026-04-27 20:00:00+00:00,0.59075,0.59119,0.59015,0.5911,1797,14,0
2026-04-28 00:00:00+00:00,0.5911,0.59172,0.58956,0.59006,3382,14,0
2026-04-28 04:00:00+00:00,0.59006,0.5902,0.58814,0.58916,4006,14,0
2026-04-28 08:00:00+00:00,0.58918,0.58935,0.58668,0.5869,4753,14,0
2026-04-28 12:00:00+00:00,0.58691,0.58878,0.58653,0.58875,6938,14,0
2026-04-28 16:00:00+00:00,0.58876,0.58894,0.58808,0.58837,3235,14,0
2026-04-28 20:00:00+00:00,0.58836,0.58881,0.58776,0.58869,1817,14,0
2026-04-29 00:00:00+00:00,0.58871,0.58913,0.58558,0.58592,4361,14,0
2026-04-29 04:00:00+00:00,0.58594,0.58689,0.58577,0.58643,3271,14,0
2026-04-29 08:00:00+00:00,0.58645,0.58662,0.58513,0.58567,3878,14,0
2026-04-29 12:00:00+00:00,0.58567,0.58596,0.58281,0.58347,6675,14,0
2026-04-29 16:00:00+00:00,0.58349,0.58409,0.58145,0.58308,6834,14,0
2026-04-29 20:00:00+00:00,0.58309,0.58396,0.5818,0.58386,3007,14,0
2026-04-30 00:00:00+00:00,0.58388,0.5845,0.58249,0.58342,4556,14,0
2026-04-30 04:00:00+00:00,0.58344,0.5841,0.58206,0.58389,4876,14,0
2026-04-30 08:00:00+00:00,0.58388,0.58762,0.58354,0.58661,7866,14,0
2026-04-30 12:00:00+00:00,0.5866,0.58934,0.58616,0.58896,8594,14,0
2026-04-30 16:00:00+00:00,0.58895,0.5909,0.58857,0.59056,4302,14,0
2026-04-30 20:00:00+00:00,0.59054,0.59099,0.58994,0.59054,2276,14,0
2026-05-01 00:00:00+00:00,0.59056,0.59082,0.58989,0.58996,2724,14,0
2026-05-01 04:00:00+00:00,0.58996,0.58996,0.58863,0.58941,3797,14,0
2026-05-01 08:00:00+00:00,0.58939,0.58973,0.58875,0.58948,3517,14,0
2026-05-01 12:00:00+00:00,0.58949,0.59241,0.58929,0.5917,6973,14,0
2026-05-01 16:00:00+00:00,0.59168,0.59195,0.58984,0.58992,3867,14,0
2026-05-01 20:00:00+00:00,0.58992,0.59006,0.58934,0.58959,512,14,0
2026-05-03 20:00:00+00:00,0.58968,0.59123,0.58968,0.59042,1425,14,0
2026-05-04 00:00:00+00:00,0.59039,0.59257,0.58985,0.59241,4204,14,0
2026-05-04 04:00:00+00:00,0.59242,0.59248,0.58955,0.58962,3988,14,0
2026-05-04 08:00:00+00:00,0.5896,0.59031,0.58732,0.58822,6169,14,0
2026-05-04 12:00:00+00:00,0.58824,0.58985,0.58677,0.58705,7307,14,0
2026-05-04 16:00:00+00:00,0.58707,0.58775,0.58599,0.58745,5396,14,0
2026-05-04 20:00:00+00:00,0.58745,0.58745,0.58685,0.58709,1470,14,0
2026-05-05 00:00:00+00:00,0.58706,0.58731,0.58583,0.58637,2812,14,0
2026-05-05 04:00:00+00:00,0.58637,0.58793,0.58562,0.58731,4738,14,0
2026-05-05 08:00:00+00:00,0.58731,0.58895,0.5873,0.58808,4019,14,0
2026-05-05 12:00:00+00:00,0.58807,0.59051,0.58768,0.59007,5897,14,0
2026-05-05 16:00:00+00:00,0.59007,0.59017,0.5885,0.58871,2470,14,0
2026-05-05 20:00:00+00:00,0.58873,0.59123,0.58768,0.59008,3532,14,0
2026-05-06 00:00:00+00:00,0.5901,0.59383,0.59008,0.59289,5333,14,0
2026-05-06 04:00:00+00:00,0.59289,0.59541,0.59284,0.59541,5776,14,0
2026-05-06 08:00:00+00:00,0.59539,0.59905,0.5948,0.59711,7861,14,0
2026-05-06 12:00:00+00:00,0.59711,0.59711,0.59499,0.59543,7825,14,0
2026-05-06 16:00:00+00:00,0.59541,0.59598,0.59462,0.59553,3517,14,0
2026-05-06 20:00:00+00:00,0.59552,0.59569,0.59467,0.59525,2110,14,0
2026-05-07 00:00:00+00:00,0.59523,0.59649,0.595,0.59574,4034,14,0
2026-05-07 04:00:00+00:00,0.59571,0.5975,0.59536,0.59742,4145,14,0
2026-05-07 08:00:00+00:00,0.59742,0.59825,0.59699,0.598,4175,14,0
2026-05-07 12:00:00+00:00,0.59802,0.59826,0.59608,0.59612,5859,14,0
2026-05-07 16:00:00+00:00,0.59612,0.59636,0.59419,0.59421,6392,14,0
2026-05-07 20:00:00+00:00,0.5942,0.59512,0.59308,0.59376,3028,14,0
2026-05-08 00:00:00+00:00,0.59376,0.5944,0.593,0.59397,4415,14,0
2026-05-08 04:00:00+00:00,0.59397,0.59556,0.59391,0.59506,3985,14,0
2026-05-08 08:00:00+00:00,0.59506,0.59682,0.59493,0.59601,3957,14,0
2026-05-08 12:00:00+00:00,0.59601,0.5968,0.59482,0.59581,7052,14,0
2026-05-08 16:00:00+00:00,0.5958,0.5964,0.59564,0.59619,3042,14,0
2026-05-08 20:00:00+00:00,0.59621,0.59656,0.59607,0.59653,471,14,0
2026-05-10 20:00:00+00:00,0.59355,0.59518,0.59349,0.59488,1524,14,0
2026-05-11 00:00:00+00:00,0.59487,0.59568,0.59446,0.59447,3787,14,0
2026-05-11 04:00:00+00:00,0.59447,0.59511,0.59382,0.59472,3257,14,0
2026-05-11 08:00:00+00:00,0.59473,0.59552,0.59423,0.59485,3401,14,0
2026-05-11 12:00:00+00:00,0.59487,0.59682,0.59448,0.59667,4981,14,0
2026-05-11 16:00:00+00:00,0.59667,0.59671,0.59589,0.59614,2934,14,0
2026-05-11 20:00:00+00:00,0.59612,0.59681,0.59549,0.59641,2130,14,0
2026-05-12 00:00:00+00:00,0.59641,0.59641,0.5947,0.5953,3823,14,0
2026-05-12 04:00:00+00:00,0.5953,0.59581,0.59368,0.59439,4230,14,0
2026-05-12 08:00:00+00:00,0.59441,0.59523,0.59397,0.59505,4490,14,0
2026-05-12 12:00:00+00:00,0.59504,0.59578,0.59335,0.59417,6900,14,0
2026-05-12 16:00:00+00:00,0.59417,0.59549,0.59351,0.59522,3612,14,0
2026-05-12 20:00:00+00:00,0.59523,0.59539,0.59443,0.59507,2090,14,0
2026-05-13 00:00:00+00:00,0.59506,0.59652,0.5939,0.59448,4052,14,0
2026-05-13 04:00:00+00:00,0.59449,0.59459,0.59311,0.59312,3464,14,0
2026-05-13 08:00:00+00:00,0.59312,0.59342,0.59225,0.59294,3811,14,0
2026-05-13 12:00:00+00:00,0.59292,0.59404,0.59193,0.59348,5827,14,0
2026-05-13 16:00:00+00:00,0.59349,0.59419,0.5928,0.59338,3322,14,0
2026-05-13 20:00:00+00:00,0.59338,0.59371,0.59281,0.59301,2005,14,0
2026-05-14 00:00:00+00:00,0.59301,0.5934,0.59261,0.59265,3403,14,0
2026-05-14 04:00:00+00:00,0.59266,0.59412,0.59261,0.59283,3635,14,0
2026-05-14 08:00:00+00:00,0.59281,0.59403,0.59276,0.59291,3825,14,0
2026-05-14 12:00:00+00:00,0.59289,0.59328,0.59171,0.59213,5139,14,0
2026-05-14 16:00:00+00:00,0.59213,0.59214,0.59111,0.59125,3756,14,0
2026-05-14 20:00:00+00:00,0.59125,0.59134,0.59013,0.5902,2044,14,0
2026-05-15 00:00:00+00:00,0.5902,0.59037,0.58791,0.58836,4566,14,0
2026-05-15 04:00:00+00:00,0.58835,0.58836,0.58559,0.58588,5516,14,0
2026-05-15 08:00:00+00:00,0.5859,0.58664,0.58385,0.58442,5722,14,0
2026-05-15 12:00:00+00:00,0.58439,0.58513,0.58357,0.58395,7016,14,0
2026-05-15 16:00:00+00:00,0.58397,0.58489,0.58372,0.58385,4105,14,0
2026-05-15 20:00:00+00:00,0.58384,0.58385,0.58352,0.58371,579,14,0
2026-05-17 20:00:00+00:00,0.58363,0.5842,0.58295,0.58311,1866,14,0
2026-05-18 00:00:00+00:00,0.58311,0.584,0.58225,0.58395,5566,14,0
2026-05-18 04:00:00+00:00,0.58395,0.5855,0.58325,0.585,4403,14,0
2026-05-18 08:00:00+00:00,0.585,0.58677,0.585,0.58613,4693,14,0
2026-05-18 12:00:00+00:00,0.58613,0.58807,0.58561,0.58659,7807,14,0
2026-05-18 16:00:00+00:00,0.58661,0.58815,0.58585,0.5875,5783,14,0
2026-05-18 20:00:00+00:00,0.58752,0.58784,0.58687,0.58727,2354,14,0
2026-05-19 00:00:00+00:00,0.58727,0.58747,0.58513,0.5854,4655,14,0
2026-05-19 04:00:00+00:00,0.58542,0.58592,0.58488,0.58502,4390,14,0
2026-05-19 08:00:00+00:00,0.58501,0.58507,0.5836,0.58433,4627,14,0
2026-05-19 12:00:00+00:00,0.58431,0.5848,0.58169,0.58302,7355,14,0
2026-05-19 16:00:00+00:00,0.58302,0.58406,0.58259,0.58358,4133,14,0
2026-05-19 20:00:00+00:00,0.58356,0.58394,0.58306,0.58319,2120,14,0
2026-05-20 00:00:00+00:00,0.58316,0.58343,0.58145,0.58329,5560,14,0
2026-05-20 04:00:00+00:00,0.58329,0.58399,0.58253,0.58337,4281,14,0
2026-05-20 08:00:00+00:00,0.58336,0.58502,0.58327,0.58459,3898,14,0
2026-05-20 12:00:00+00:00,0.58459,0.58873,0.58346,0.58681,8408,14,0
2026-05-20 16:00:00+00:00,0.58682,0.58772,0.5865,0.58733,5196,14,0
2026-05-20 20:00:00+00:00,0.58731,0.58732,0.58608,0.58666,2742,14,0
2026-05-21 00:00:00+00:00,0.58669,0.58737,0.58497,0.58586,4685,14,0
2026-05-21 04:00:00+00:00,0.58585,0.58641,0.58491,0.58584,4321,14,0
2026-05-21 08:00:00+00:00,0.58582,0.58734,0.58486,0.58549,6153,14,0
2026-05-21 12:00:00+00:00,0.58549,0.5863,0.5846,0.58548,7313,14,0
2026-05-21 16:00:00+00:00,0.5855,0.58874,0.58548,0.58767,6990,14,0
2026-05-21 20:00:00+00:00,0.58766,0.5879,0.58688,0.58769,2363,14,0
2026-05-22 00:00:00+00:00,0.5877,0.58774,0.5869,0.58713,3113,14,0
2026-05-22 04:00:00+00:00,0.58713,0.58762,0.58585,0.58627,3279,14,0
2026-05-22 08:00:00+00:00,0.58629,0.58693,0.58495,0.58523,3901,14,0
2026-05-22 12:00:00+00:00,0.58523,0.58672,0.58441,0.58534,6187,14,0
2026-05-22 16:00:00+00:00,0.58535,0.58642,0.58515,0.58533,4002,14,0
2026-05-22 20:00:00+00:00,0.58532,0.58539,0.58463,0.58491,539,14,0
2026-05-24 20:00:00+00:00,0.58509,0.58795,0.58509,0.58717,1575,14,0
2026-05-25 00:00:00+00:00,0.58717,0.5881,0.58682,0.58695,3270,14,0
2026-05-25 04:00:00+00:00,0.58695,0.58777,0.58617,0.58687,2941,14,0
2026-05-25 08:00:00+00:00,0.58687,0.58774,0.58661,0.58734,2056,14,0
2026-05-25 12:00:00+00:00,0.58734,0.58781,0.58695,0.58724,2831,14,0
2026-05-25 16:00:00+00:00,0.58724,0.58735,0.58684,0.58725,972,14,0
2026-05-25 20:00:00+00:00,0.58725,0.58738,0.58602,0.58606,1933,14,0
2026-05-26 00:00:00+00:00,0.58606,0.58612,0.58473,0.58553,3179,14,0
2026-05-26 04:00:00+00:00,0.58553,0.58553,0.58427,0.58457,3208,14,0
2026-05-26 08:00:00+00:00,0.5846,0.58482,0.58406,0.58407,3330,14,0
2026-05-26 12:00:00+00:00,0.58405,0.58448,0.58325,0.58331,4706,14,0
2026-05-26 16:00:00+00:00,0.58333,0.58379,0.58312,0.58377,2635,14,0
2026-05-26 20:00:00+00:00,0.5838,0.58441,0.58334,0.5841,1988,14,0
2026-05-27 00:00:00+00:00,0.5841,0.58778,0.58368,0.58654,5005,14,0
2026-05-27 04:00:00+00:00,0.58653,0.58799,0.58647,0.5871,3894,14,0
2026-05-27 08:00:00+00:00,0.5871,0.58871,0.58704,0.58836,3694,14,0
2026-05-27 12:00:00+00:00,0.58838,0.59111,0.5881,0.58921,8350,14,0
2026-05-27 16:00:00+00:00,0.58923,0.59013,0.5886,0.58997,3206,14,0
2026-05-27 20:00:00+00:00,0.58995,0.59025,0.58896,0.58908,2194,14,0
2026-05-28 00:00:00+00:00,0.58908,0.59099,0.58714,0.58726,4958,14,0
2026-05-28 04:00:00+00:00,0.58726,0.58921,0.58635,0.58873,4320,14,0
2026-05-28 08:00:00+00:00,0.58876,0.58938,0.58818,0.589,3735,14,0
2026-05-28 12:00:00+00:00,0.589,0.59304,0.58897,0.59251,7403,14,0
2026-05-28 16:00:00+00:00,0.5925,0.59348,0.59235,0.59291,3415,14,0
2026-05-28 20:00:00+00:00,0.59289,0.59458,0.5926,0.5944,2438,14,0
2026-05-29 00:00:00+00:00,0.59441,0.59555,0.5942,0.59502,3837,14,0
2026-05-29 04:00:00+00:00,0.59502,0.59626,0.59502,0.59604,3586,14,0
2026-05-29 08:00:00+00:00,0.59603,0.59734,0.59547,0.59733,3672,14,0
2026-05-29 12:00:00+00:00,0.59734,0.59934,0.59707,0.59905,6485,14,0
2026-05-29 16:00:00+00:00,0.59905,0.59914,0.598,0.5988,3606,14,0
2026-05-29 20:00:00+00:00,0.59881,0.59891,0.59836,0.59885,578,14,0
