time,open,high,low,close,tick_volume,spread,real_volume
2026-03-18 19:00:00+00:00,0.58137,0.58193,0.58099,0.58113,580,18,0
2026-03-18 19:15:00+00:00,0.58116,0.58135,0.58078,0.58091,435,18,0
2026-03-18 19:30:00+00:00,0.58088,0.58133,0.58086,0.58107,360,18,0
2026-03-18 19:45:00+00:00,0.58108,0.58108,0.58049,0.58049,365,18,0
2026-03-18 20:00:00+00:00,0.58048,0.58048,0.57993,0.57997,286,18,0
2026-03-18 20:15:00+00:00,0.57996,0.57996,0.57878,0.57903,312,18,0
2026-03-18 20:30:00+00:00,0.579,0.57923,0.57898,0.57923,205,18,0
2026-03-18 20:45:00+00:00,0.57923,0.57951,0.57918,0.57943,250,18,0
2026-03-18 21:00:00+00:00,0.57945,0.57948,0.57923,0.57923,157,28,0
2026-03-18 21:15:00+00:00,0.57924,0.57934,0.5789,0.57926,374,92,0
2026-03-18 21:30:00+00:00,0.57925,0.57926,0.57887,0.57895,293,118,0
2026-03-18 21:45:00+00:00,0.57896,0.57986,0.57894,0.57959,205,36,0
2026-03-18 22:00:00+00:00,0.57972,0.57989,0.57854,0.57854,288,18,0
2026-03-18 22:15:00+00:00,0.57854,0.57874,0.57841,0.57857,205,18,0
2026-03-18 22:30:00+00:00,0.57857,0.5788,0.57839,0.57875,193,18,0
2026-03-18 22:45:00+00:00,0.57875,0.57889,0.57864,0.57878,159,18,0
2026-03-18 23:00:00+00:00,0.57875,0.57882,0.57859,0.57873,207,18,0
2026-03-18 23:15:00+00:00,0.57873,0.57906,0.57863,0.57904,163,18,0
2026-03-18 23:30:00+00:00,0.57904,0.57943,0.57891,0.57914,188,18,0
2026-03-18 23:45:00+00:00,0.57914,0.57956,0.57891,0.57939,315,18,0
2026-03-19 00:00:00+00:00,0.57942,0.58045,0.57931,0.58037,340,18,0
2026-03-19 00:15:00+00:00,0.58037,0.58131,0.58032,0.58126,332,18,0
2026-03-19 00:30:00+00:00,0.58123,0.58147,0.58088,0.58121,414,18,0
2026-03-19 00:45:00+00:00,0.58121,0.58167,0.58115,0.58157,364,18,0
2026-03-19 01:00:00+00:00,0.58159,0.58185,0.58132,0.58152,380,18,0
2026-03-19 01:15:00+00:00,0.58152,0.58197,0.58137,0.58195,341,18,0
2026-03-19 01:30:00+00:00,0.58196,0.58211,0.58175,0.58181,320,18,0
2026-03-19 01:45:00+00:00,0.58181,0.58181,0.58129,0.5813,237,18,0
2026-03-19 02:00:00+00:00,0.58129,0.58224,0.58084,0.58212,506,18,0
2026-03-19 02:15:00+00:00,0.58211,0.58269,0.58193,0.58263,340,18,0
2026-03-19 02:30:00+00:00,0.58263,0.58263,0.58232,0.58236,276,18,0
2026-03-19 02:45:00+00:00,0.58236,0.58237,0.5817,0.58172,276,18,0
2026-03-19 03:00:00+00:00,0.58173,0.58221,0.58173,0.58215,203,18,0
2026-03-19 03:15:00+00:00,0.58215,0.58227,0.582,0.58206,193,18,0
2026-03-19 03:30:00+00:00,0.58206,0.58206,0.58178,0.58198,178,18,0
2026-03-19 03:45:00+00:00,0.58198,0.58207,0.5818,0.58189,186,18,0
2026-03-19 04:00:00+00:00,0.58186,0.58187,0.58155,0.58174,188,18,0
2026-03-19 04:15:00+00:00,0.58174,0.58177,0.58151,0.58162,192,18,0
2026-03-19 04:30:00+00:00,0.58162,0.5819,0.58155,0.5818,163,18,0
2026-03-19 04:45:00+00:00,0.58179,0.58186,0.58159,0.58171,174,18,0
2026-03-19 05:00:00+00:00,0.58171,0.58181,0.58154,0.5817,200,18,0
2026-03-19 05:15:00+00:00,0.5817,0.58194,0.58168,0.58183,164,18,0
2026-03-19 05:30:00+00:00,0.58183,0.58184,0.58112,0.58112,236,18,0
2026-03-19 05:45:00+00:00,0.58114,0.58154,0.58114,0.58116,238,18,0
2026-03-19 06:00:00+00:00,0.5812,0.58196,0.58107,0.58191,299,18,0
2026-03-19 06:15:00+00:00,0.58189,0.58214,0.58163,0.58163,263,18,0
2026-03-19 06:30:00+00:00,0.58165,0.58171,0.58116,0.5816,382,18,0
2026-03-19 06:45:00+00:00,0.58161,0.58169,0.5812,0.58163,404,18,0
2026-03-19 07:00:00+00:00,0.58163,0.58189,0.58116,0.58144,562,18,0
2026-03-19 07:15:00+00:00,0.58146,0.58197,0.58138,0.58145,399,18,0
2026-03-19 07:30:00+00:00,0.58146,0.58159,0.58074,0.58084,428,18,0
2026-03-19 07:45:00+00:00,0.58084,0.58126,0.58045,0.58066,437,18,0
2026-03-19 08:00:00+00:00,0.58069,0.58089,0.58034,0.58072,573,18,0
2026-03-19 08:15:00+00:00,0.58072,0.58141,0.58072,0.58097,453,18,0
2026-03-19 08:30:00+00:00,0.58098,0.58144,0.58072,0.58081,535,18,0
2026-03-19 08:45:00+00:00,0.58081,0.58133,0.58079,0.58119,484,18,0
2026-03-19 09:00:00+00:00,0.58119,0.58193,0.58119,0.5816,507,18,0
2026-03-19 09:15:00+00:00,0.58159,0.5824,0.58095,0.5812,766,18,0
2026-03-19 09:30:00+00:00,0.58117,0.58204,0.5811,0.5815,755,18,0
2026-03-19 09:45:00+00:00,0.58151,0.58262,0.58141,0.58213,711,18,0
2026-03-19 10:00:00+00:00,0.58212,0.58231,0.58181,0.58189,508,18,0
2026-03-19 10:15:00+00:00,0.58191,0.58207,0.58152,0.58166,400,18,0
2026-03-19 10:30:00+00:00,0.58164,0.58183,0.58155,0.58162,403,18,0
2026-03-19 10:45:00+00:00,0.58161,0.58195,0.58138,0.58149,370,18,0
2026-03-19 11:00:00+00:00,0.58149,0.58171,0.58119,0.58119,409,18,0
2026-03-19 11:15:00+00:00,0.58119,0.58119,0.58054,0.58084,335,18,0
2026-03-19 11:30:00+00:00,0.58085,0.58097,0.5807,0.58088,317,18,0
2026-03-19 11:45:00+00:00,0.58089,0.58142,0.58079,0.58142,333,18,0
2026-03-19 12:00:00+00:00,0.5814,0.58143,0.5807,0.58081,692,18,0
2026-03-19 12:15:00+00:00,0.58079,0.5811,0.57977,0.57998,540,18,0
2026-03-19 12:30:00+00:00,0.57999,0.5807,0.57977,0.58039,788,18,0
2026-03-19 12:45:00+00:00,0.58039,0.58097,0.58024,0.58062,652,18,0
2026-03-19 13:00:00+00:00,0.58065,0.58068,0.57989,0.57996,741,18,0
2026-03-19 13:15:00+00:00,0.57999,0.5819,0.57995,0.58096,897,18,0
2026-03-19 13:30:00+00:00,0.58095,0.58139,0.5805,0.58088,1154,18,0
2026-03-19 13:45:00+00:00,0.58085,0.58339,0.58069,0.58336,1002,18,0
2026-03-19 14:00:00+00:00,0.58338,0.58464,0.58321,0.58362,1275,18,0
2026-03-19 14:15:00+00:00,0.58364,0.58375,0.58274,0.58285,885,18,0
2026-03-19 14:30:00+00:00,0.58283,0.58411,0.58266,0.58381,926,18,0
2026-03-19 14:45:00+00:00,0.58382,0.58442,0.58359,0.58375,772,18,0
2026-03-19 15:00:00+00:00,0.58373,0.58493,0.58354,0.58465,759,18,0
2026-03-19 15:15:00+00:00,0.58465,0.58469,0.58305,0.5832,665,18,0
2026-03-19 15:30:00+00:00,0.58317,0.58318,0.58237,0.58245,670,18,0
2026-03-19 15:45:00+00:00,0.58246,0.58351,0.58222,0.58304,801,18,0
2026-03-19 16:00:00+00:00,0.58304,0.58425,0.58294,0.5837,898,18,0
2026-03-19 16:15:00+00:00,0.58372,0.58424,0.58339,0.58411,771,18,0
2026-03-19 16:30:00+00:00,0.58413,0.58432,0.58362,0.58398,662,18,0
2026-03-19 16:45:00+00:00,0.58395,0.58408,0.58309,0.58378,568,18,0
2026-03-19 17:00:00+00:00,0.58376,0.58419,0.58345,0.58389,513,18,0
2026-03-19 17:15:00+00:00,0.58388,0.58517,0.58381,0.58496,498,18,0
2026-03-19 17:30:00+00:00,0.58499,0.58509,0.58447,0.58482,490,18,0
2026-03-19 17:45:00+00:00,0.58484,0.58519,0.58463,0.58492,410,18,0
2026-03-19 18:00:00+00:00,0.58492,0.58512,0.58446,0.5851,491,18,0
2026-03-19 18:15:00+00:00,0.58511,0.58517,0.58465,0.58483,372,18,0
2026-03-19 18:30:00+00:00,0.58482,0.58492,0.58453,0.58453,312,18,0
2026-03-19 18:45:00+00:00,0.58453,0.58617,0.58451,0.5861,365,18,0
2026-03-19 19:00:00+00:00,0.58613,0.58917,0.58613,0.5887,1348,18,0
2026-03-19 19:15:00+00:00,0.58867,0.58904,0.5872,0.58757,1024,18,0
2026-03-19 19:30:00+00:00,0.5876,0.58788,0.58698,0.58737,749,18,0
2026-03-19 19:45:00+00:00,0.58738,0.58744,0.58698,0.58723,577,18,0
2026-03-19 20:00:00+00:00,0.58724,0.58741,0.58702,0.58728,298,18,0
2026-03-19 20:15:00+00:00,0.5873,0.58741,0.58711,0.58737,186,18,0
2026-03-19 20:30:00+00:00,0.58736,0.58736,0.58714,0.58725,172,18,0
2026-03-19 20:45:00+00:00,0.58726,0.58741,0.58718,0.5873,174,18,0
2026-03-19 21:00:00+00:00,0.58731,0.58736,0.58711,0.58721,163,22,0
2026-03-19 21:15:00+00:00,0.58721,0.58732,0.58694,0.58715,218,32,0
2026-03-19 21:30:00+00:00,0.58717,0.58717,0.58696,0.58712,243,32,0
2026-03-19 21:45:00+00:00,0.58715,0.58729,0.58696,0.58704,149,26,0
2026-03-19 22:00:00+00:00,0.58715,0.58774,0.58715,0.58753,194,18,0
2026-03-19 22:15:00+00:00,0.58752,0.58754,0.58719,0.58724,130,18,0
2026-03-19 22:30:00+00:00,0.58724,0.58724,0.58659,0.58661,170,18,0
2026-03-19 22:45:00+00:00,0.58661,0.58671,0.5865,0.58664,180,18,0
2026-03-19 23:00:00+00:00,0.58664,0.58704,0.58663,0.58678,265,18,0
2026-03-19 23:15:00+00:00,0.58677,0.58686,0.5866,0.58686,158,18,0
2026-03-19 23:30:00+00:00,0.58688,0.58702,0.58671,0.58683,159,18,0
2026-03-19 23:45:00+00:00,0.58686,0.58693,0.58658,0.58662,230,18,0
2026-03-20 00:00:00+00:00,0.58661,0.58727,0.58659,0.58721,320,18,0
2026-03-20 00:15:00+00:00,0.58721,0.58753,0.58708,0.58726,344,18,0
2026-03-20 00:30:00+00:00,0.58728,0.58784,0.58712,0.58784,262,18,0
2026-03-20 00:45:00+00:00,0.58784,0.58827,0.58784,0.58822,311,18,0
2026-03-20 01:00:00+00:00,0.58822,0.58906,0.58822,0.58888,502,18,0
2026-03-20 01:15:00+00:00,0.5889,0.58896,0.58821,0.58859,407,18,0
2026-03-20 01:30:00+00:00,0.58859,0.58875,0.58817,0.58833,354,18,0
2026-03-20 01:45:00+00:00,0.58833,0.58858,0.58789,0.58808,361,18,0
2026-03-20 02:00:00+00:00,0.58812,0.58825,0.58793,0.58812,285,18,0
2026-03-20 02:15:00+00:00,0.58813,0.58818,0.58797,0.58807,274,18,0
2026-03-20 02:30:00+00:00,0.58807,0.58834,0.58795,0.58823,311,18,0
2026-03-20 02:45:00+00:00,0.58822,0.58879,0.58819,0.58863,224,18,0
2026-03-20 03:00:00+00:00,0.58863,0.58865,0.58825,0.58825,254,18,0
2026-03-20 03:15:00+00:00,0.58828,0.58843,0.58814,0.5884,184,18,0
2026-03-20 03:30:00+00:00,0.58839,0.58839,0.58813,0.58821,184,18,0
2026-03-20 03:45:00+00:00,0.58821,0.58829,0.58804,0.58818,191,18,0
2026-03-20 04:00:00+00:00,0.58818,0.58827,0.58803,0.58807,177,18,0
2026-03-20 04:15:00+00:00,0.58807,0.58813,0.58785,0.588,157,18,0
2026-03-20 04:30:00+00:00,0.588,0.58818,0.58783,0.58793,118,18,0
2026-03-20 04:45:00+00:00,0.58793,0.58816,0.58788,0.588,176,18,0
2026-03-20 05:00:00+00:00,0.588,0.58834,0.58796,0.58833,230,18,0
2026-03-20 05:15:00+00:00,0.58833,0.5884,0.58811,0.58825,223,18,0
2026-03-20 05:30:00+00:00,0.58824,0.58825,0.58779,0.58789,244,18,0
2026-03-20 05:45:00+00:00,0.5879,0.58793,0.5876,0.5876,172,18,0
2026-03-20 06:00:00+00:00,0.5876,0.58817,0.58758,0.58803,236,18,0
2026-03-20 06:15:00+00:00,0.58804,0.58809,0.58777,0.58795,232,18,0
2026-03-20 06:30:00+00:00,0.58797,0.58811,0.58758,0.58763,307,18,0
2026-03-20 06:45:00+00:00,0.58763,0.58778,0.58735,0.5874,270,18,0
2026-03-20 07:00:00+00:00,0.58741,0.58818,0.5871,0.58807,418,18,0
2026-03-20 07:15:00+00:00,0.58806,0.58838,0.58793,0.58809,356,18,0
2026-03-20 07:30:00+00:00,0.58806,0.58894,0.58806,0.5889,363,18,0
2026-03-20 07:45:00+00:00,0.5889,0.5891,0.58868,0.58873,325,18,0
2026-03-20 08:00:00+00:00,0.58872,0.58889,0.58849,0.58884,468,18,0
2026-03-20 08:15:00+00:00,0.58884,0.58895,0.58856,0.58856,353,18,0
2026-03-20 08:30:00+00:00,0.58854,0.58871,0.58823,0.58845,427,18,0
2026-03-20 08:45:00+00:00,0.58845,0.58848,0.58807,0.58813,363,18,0
2026-03-20 09:00:00+00:00,0.58812,0.58823,0.58745,0.58764,401,18,0
2026-03-20 09:15:00+00:00,0.58763,0.58768,0.58724,0.58732,409,18,0
2026-03-20 09:30:00+00:00,0.58734,0.58751,0.58687,0.58711,439,18,0
2026-03-20 09:45:00+00:00,0.58711,0.58715,0.58615,0.58625,604,18,0
2026-03-20 10:00:00+00:00,0.58626,0.58626,0.58517,0.58558,557,18,0
2026-03-20 10:15:00+00:00,0.58558,0.58578,0.58528,0.58555,458,18,0
2026-03-20 10:30:00+00:00,0.58553,0.58621,0.58545,0.58611,397,18,0
2026-03-20 10:45:00+00:00,0.58611,0.58624,0.58583,0.58611,393,18,0
2026-03-20 11:00:00+00:00,0.5861,0.58697,0.58596,0.58675,406,18,0
2026-03-20 11:15:00+00:00,0.58675,0.58707,0.58673,0.58688,391,18,0
2026-03-20 11:30:00+00:00,0.58688,0.58756,0.58686,0.58743,354,18,0
2026-03-20 11:45:00+00:00,0.58743,0.58743,0.58663,0.58708,389,18,0
2026-03-20 12:00:00+00:00,0.58707,0.58767,0.58692,0.58721,583,18,0
2026-03-20 12:15:00+00:00,0.58722,0.58742,0.58701,0.58742,429,18,0
2026-03-20 12:30:00+00:00,0.58739,0.58746,0.58637,0.58674,570,18,0
2026-03-20 12:45:00+00:00,0.58673,0.58686,0.58633,0.58648,533,18,0
2026-03-20 13:00:00+00:00,0.58649,0.58662,0.58553,0.58573,474,18,0
2026-03-20 13:15:00+00:00,0.58573,0.58573,0.58523,0.58526,450,18,0
2026-03-20 13:30:00+00:00,0.58525,0.58548,0.58476,0.58547,708,18,0
2026-03-20 13:45:00+00:00,0.58547,0.58556,0.58392,0.58393,769,18,0
2026-03-20 14:00:00+00:00,0.58389,0.5843,0.58339,0.58346,773,18,0
2026-03-20 14:15:00+00:00,0.58347,0.58369,0.58293,0.58311,677,18,0
2026-03-20 14:30:00+00:00,0.5831,0.5837,0.5831,0.58316,672,18,0
2026-03-20 14:45:00+00:00,0.58314,0.58359,0.58291,0.58342,631,18,0
2026-03-20 15:00:00+00:00,0.58344,0.58433,0.58338,0.58426,670,18,0
2026-03-20 15:15:00+00:00,0.58427,0.58489,0.58367,0.58393,784,18,0
2026-03-20 15:30:00+00:00,0.5839,0.58447,0.58372,0.58387,715,18,0
2026-03-20 15:45:00+00:00,0.58385,0.58398,0.58347,0.58381,557,18,0
2026-03-20 16:00:00+00:00,0.5838,0.5845,0.58371,0.58442,561,18,0
2026-03-20 16:15:00+00:00,0.58442,0.5848,0.58422,0.58425,561,18,0
2026-03-20 16:30:00+00:00,0.58425,0.58434,0.58375,0.58413,579,18,0
2026-03-20 16:45:00+00:00,0.58413,0.58455,0.58381,0.58413,491,18,0
2026-03-20 17:00:00+00:00,0.58414,0.58441,0.58341,0.58416,774,18,0
2026-03-20 17:15:00+00:00,0.58416,0.58435,0.58396,0.5842,526,18,0
2026-03-20 17:30:00+00:00,0.58421,0.58436,0.58329,0.58364,530,18,0
2026-03-20 17:45:00+00:00,0.58365,0.58374,0.58342,0.58353,449,18,0
2026-03-20 18:00:00+00:00,0.58353,0.58381,0.5834,0.58355,418,18,0
2026-03-20 18:15:00+00:00,0.58355,0.58377,0.58273,0.58354,594,18,0
2026-03-20 18:30:00+00:00,0.58355,0.58371,0.58286,0.58289,493,18,0
2026-03-20 18:45:00+00:00,0.58287,0.58305,0.58204,0.58212,438,18,0
2026-03-20 19:00:00+00:00,0.58214,0.5825,0.58193,0.58206,416,18,0
2026-03-20 19:15:00+00:00,0.58206,0.58227,0.5818,0.58202,418,18,0
2026-03-20 19:30:00+00:00,0.58202,0.58261,0.58171,0.58259,401,18,0
2026-03-20 19:45:00+00:00,0.58259,0.58287,0.58216,0.58253,424,18,0
2026-03-20 20:00:00+00:00,0.58256,0.58279,0.58248,0.58263,250,18,0
2026-03-20 20:15:00+00:00,0.58263,0.58268,0.58248,0.58257,191,18,0
2026-03-20 20:30:00+00:00,0.58257,0.58292,0.58248,0.5828,147,18,0
2026-03-20 20:45:00+00:00,0.5828,0.58304,0.58265,0.58282,259,18,0
2026-03-22 21:00:00+00:00,0.58174,0.58184,0.58161,0.58184,34,60,0
2026-03-22 21:15:00+00:00,0.58184,0.58189,0.58151,0.58151,103,60,0
2026-03-22 21:30:00+00:00,0.58151,0.58179,0.58068,0.58177,144,60,0
2026-03-22 21:45:00+00:00,0.58176,0.5819,0.58142,0.5817,111,54,0
2026-03-22 22:00:00+00:00,0.58184,0.58234,0.58139,0.58166,299,18,0
2026-03-22 22:15:00+00:00,0.58165,0.58304,0.58156,0.58272,340,18,0
2026-03-22 22:30:00+00:00,0.58272,0.58297,0.58248,0.58265,332,18,0
2026-03-22 22:45:00+00:00,0.58268,0.58296,0.58267,0.58278,247,18,0
2026-03-22 23:00:00+00:00,0.58278,0.58326,0.58277,0.58316,303,18,0
2026-03-22 23:15:00+00:00,0.58316,0.58324,0.58299,0.5832,267,18,0
2026-03-22 23:30:00+00:00,0.5832,0.58333,0.58291,0.58331,283,18,0
2026-03-22 23:45:00+00:00,0.58333,0.58337,0.58289,0.58318,375,18,0
2026-03-23 00:00:00+00:00,0.58319,0.58376,0.58275,0.58355,515,18,0
2026-03-23 00:15:00+00:00,0.58357,0.58365,0.58302,0.5831,447,18,0
2026-03-23 00:30:00+00:00,0.5831,0.58327,0.58186,0.58204,506,18,0
2026-03-23 00:45:00+00:00,0.58203,0.58241,0.58174,0.58222,533,18,0
2026-03-23 01:00:00+00:00,0.5822,0.58328,0.5822,0.58301,607,18,0
2026-03-23 01:15:00+00:00,0.58302,0.58318,0.58206,0.58207,496,18,0
2026-03-23 01:30:00+00:00,0.58208,0.58267,0.5816,0.58252,631,18,0
2026-03-23 01:45:00+00:00,0.58252,0.58252,0.58191,0.58213,490,18,0
2026-03-23 02:00:00+00:00,0.58213,0.58246,0.58181,0.58187,482,18,0
2026-03-23 02:15:00+00:00,0.58187,0.58222,0.58179,0.58185,433,18,0
2026-03-23 02:30:00+00:00,0.58185,0.58187,0.58114,0.58153,344,18,0
2026-03-23 02:45:00+00:00,0.58152,0.58153,0.58086,0.58125,363,18,0
2026-03-23 03:00:00+00:00,0.58124,0.58154,0.58089,0.58103,371,18,0
2026-03-23 03:15:00+00:00,0.58105,0.58136,0.58099,0.5811,331,18,0
2026-03-23 03:30:00+00:00,0.58112,0.58114,0.58084,0.58111,337,18,0
2026-03-23 03:45:00+00:00,0.5811,0.58122,0.58095,0.58101,289,18,0
2026-03-23 04:00:00+00:00,0.58102,0.58135,0.58102,0.58111,331,18,0
2026-03-23 04:15:00+00:00,0.58111,0.58132,0.581,0.581,252,18,0
2026-03-23 04:30:00+00:00,0.58098,0.5812,0.58085,0.58105,244,18,0
2026-03-23 04:45:00+00:00,0.58105,0.58126,0.58095,0.58114,213,18,0
2026-03-23 05:00:00+00:00,0.58114,0.58125,0.58072,0.58084,335,18,0
2026-03-23 05:15:00+00:00,0.58085,0.58086,0.58033,0.58034,244,18,0
2026-03-23 05:30:00+00:00,0.58034,0.5804,0.57978,0.58001,388,18,0
2026-03-23 05:45:00+00:00,0.58001,0.58026,0.57974,0.58001,319,18,0
2026-03-23 06:00:00+00:00,0.58,0.58,0.57919,0.5796,441,18,0
2026-03-23 06:15:00+00:00,0.57958,0.57977,0.57929,0.57949,468,18,0
2026-03-23 06:30:00+00:00,0.57947,0.57956,0.57885,0.5789,464,18,0
2026-03-23 06:45:00+00:00,0.5789,0.5796,0.5789,0.57943,398,18,0
2026-03-23 07:00:00+00:00,0.57942,0.57955,0.57916,0.57931,489,18,0
2026-03-23 07:15:00+00:00,0.57931,0.57946,0.57906,0.57914,483,18,0
2026-03-23 07:30:00+00:00,0.57915,0.57968,0.57895,0.57953,470,18,0
2026-03-23 07:45:00+00:00,0.57953,0.57979,0.57892,0.57901,515,18,0
2026-03-23 08:00:00+00:00,0.57904,0.57947,0.57895,0.57945,562,18,0
2026-03-23 08:15:00+00:00,0.57943,0.57997,0.57926,0.57988,570,18,0
2026-03-23 08:30:00+00:00,0.57988,0.58049,0.57981,0.57993,599,18,0
2026-03-23 08:45:00+00:00,0.57992,0.58023,0.57953,0.57959,515,18,0
2026-03-23 09:00:00+00:00,0.57962,0.57978,0.57909,0.57929,574,18,0
2026-03-23 09:15:00+00:00,0.57928,0.57941,0.57887,0.57896,458,18,0
2026-03-23 09:30:00+00:00,0.57896,0.57902,0.57798,0.57804,466,18,0
2026-03-23 09:45:00+00:00,0.57803,0.57817,0.57779,0.57801,468,18,0
2026-03-23 10:00:00+00:00,0.57801,0.57816,0.57749,0.57749,506,18,0
2026-03-23 10:15:00+00:00,0.57749,0.57756,0.57688,0.57697,452,18,0
2026-03-23 10:30:00+00:00,0.57697,0.57719,0.57619,0.5764,518,18,0
2026-03-23 10:45:00+00:00,0.57639,0.57731,0.57614,0.57662,697,18,0
2026-03-23 11:00:00+00:00,0.57664,0.58483,0.57653,0.58311,3499,18,0
2026-03-23 11:15:00+00:00,0.58308,0.58324,0.57914,0.58255,3127,18,0
2026-03-23 11:30:00+00:00,0.58257,0.58457,0.58241,0.58288,2060,18,0
2026-03-23 11:45:00+00:00,0.58288,0.58313,0.58052,0.58102,1987,18,0
2026-03-23 12:00:00+00:00,0.58098,0.58202,0.58029,0.58097,1710,18,0
2026-03-23 12:15:00+00:00,0.58098,0.58306,0.58091,0.58267,1250,18,0
2026-03-23 12:30:00+00:00,0.58264,0.58436,0.58172,0.58428,1636,18,0
2026-03-23 12:45:00+00:00,0.58431,0.58536,0.58379,0.5851,1463,18,0
2026-03-23 13:00:00+00:00,0.58512,0.58538,0.58393,0.58415,1341,18,0
2026-03-23 13:15:00+00:00,0.58418,0.58449,0.58301,0.58344,973,18,0
2026-03-23 13:30:00+00:00,0.58345,0.58589,0.58317,0.58449,1597,18,0
2026-03-23 13:45:00+00:00,0.58447,0.5858,0.5844,0.58573,1301,18,0
2026-03-23 14:00:00+00:00,0.58576,0.5867,0.58539,0.58611,1347,18,0
2026-03-23 14:15:00+00:00,0.58613,0.58807,0.58594,0.5879,957,18,0
2026-03-23 14:30:00+00:00,0.58787,0.58834,0.58747,0.58778,1076,18,0
2026-03-23 14:45:00+00:00,0.58779,0.58832,0.58735,0.58752,1049,18,0
2026-03-23 15:00:00+00:00,0.58751,0.58865,0.58742,0.58776,916,18,0
2026-03-23 15:15:00+00:00,0.58775,0.58784,0.58603,0.58619,933,18,0
2026-03-23 15:30:00+00:00,0.5862,0.5864,0.58463,0.58479,1002,18,0
2026-03-23 15:45:00+00:00,0.58476,0.58519,0.58388,0.58418,1146,18,0
2026-03-23 16:00:00+00:00,0.58415,0.58455,0.58369,0.58405,969,18,0
2026-03-23 16:15:00+00:00,0.58405,0.58405,0.58317,0.58328,893,18,0
2026-03-23 16:30:00+00:00,0.58328,0.58473,0.5832,0.58464,846,18,0
2026-03-23 16:45:00+00:00,0.58463,0.58537,0.58443,0.58505,833,18,0
2026-03-23 17:00:00+00:00,0.58506,0.58593,0.58486,0.58543,776,18,0
2026-03-23 17:15:00+00:00,0.58546,0.58583,0.58515,0.58575,700,18,0
2026-03-23 17:30:00+00:00,0.58572,0.587,0.58568,0.58617,720,18,0
2026-03-23 17:45:00+00:00,0.58619,0.58678,0.58574,0.58656,503,18,0
2026-03-23 18:00:00+00:00,0.58656,0.58667,0.58573,0.58633,703,18,0
2026-03-23 18:15:00+00:00,0.58634,0.58653,0.58583,0.58631,632,18,0
2026-03-23 18:30:00+00:00,0.58631,0.58806,0.58631,0.58763,708,18,0
2026-03-23 18:45:00+00:00,0.58766,0.588,0.58754,0.58766,475,18,0
2026-03-23 19:00:00+00:00,0.58767,0.58783,0.58724,0.58734,416,18,0
2026-03-23 19:15:00+00:00,0.58734,0.58742,0.58668,0.58672,388,18,0
2026-03-23 19:30:00+00:00,0.58672,0.58674,0.58638,0.58661,347,18,0
2026-03-23 19:45:00+00:00,0.58664,0.58681,0.58634,0.58646,417,18,0
2026-03-23 20:00:00+00:00,0.58643,0.58653,0.5859,0.58602,283,18,0
2026-03-23 20:15:00+00:00,0.58603,0.58609,0.58549,0.58554,165,18,0
2026-03-23 20:30:00+00:00,0.58552,0.5857,0.58532,0.5857,115,18,0
2026-03-23 20:45:00+00:00,0.5857,0.58597,0.58567,0.58571,189,18,0
2026-03-23 21:00:00+00:00,0.58572,0.58574,0.58516,0.5853,193,18,0
2026-03-23 21:15:00+00:00,0.58532,0.5855,0.58473,0.5851,370,96,0
2026-03-23 21:30:00+00:00,0.58508,0.58563,0.58506,0.58527,284,74,0
2026-03-23 21:45:00+00:00,0.58524,0.58564,0.58498,0.58536,306,52,0
2026-03-23 22:00:00+00:00,0.58547,0.58603,0.58533,0.58588,307,18,0
2026-03-23 22:15:00+00:00,0.58588,0.58614,0.5857,0.58613,194,18,0
2026-03-23 22:30:00+00:00,0.58613,0.58621,0.58594,0.58604,154,18,0
2026-03-23 22:45:00+00:00,0.58606,0.58659,0.58606,0.58625,235,18,0
2026-03-23 23:00:00+00:00,0.58625,0.58635,0.58588,0.58592,189,18,0
2026-03-23 23:15:00+00:00,0.58592,0.58614,0.58587,0.58591,175,18,0
2026-03-23 23:30:00+00:00,0.58591,0.58591,0.58555,0.58573,180,18,0
2026-03-23 23:45:00+00:00,0.58572,0.58577,0.58497,0.58531,345,18,0
2026-03-24 00:00:00+00:00,0.58531,0.58536,0.58403,0.58403,504,18,0
2026-03-24 00:15:00+00:00,0.58404,0.58459,0.5837,0.58433,486,18,0
2026-03-24 00:30:00+00:00,0.58433,0.58449,0.58314,0.58412,722,18,0
2026-03-24 00:45:00+00:00,0.58412,0.58447,0.58404,0.58427,521,18,0
2026-03-24 01:00:00+00:00,0.58427,0.58452,0.58399,0.5843,534,18,0
2026-03-24 01:15:00+00:00,0.58429,0.58437,0.58368,0.58409,578,18,0
2026-03-24 01:30:00+00:00,0.58408,0.58411,0.58294,0.58313,558,18,0
2026-03-24 01:45:00+00:00,0.58314,0.58359,0.58293,0.58353,462,18,0
2026-03-24 02:00:00+00:00,0.58353,0.58389,0.58339,0.58349,453,18,0
2026-03-24 02:15:00+00:00,0.58349,0.58404,0.58339,0.58404,473,18,0
2026-03-24 02:30:00+00:00,0.58403,0.58408,0.58369,0.5839,369,18,0
2026-03-24 02:45:00+00:00,0.5839,0.58401,0.58337,0.58354,390,18,0
2026-03-24 03:00:00+00:00,0.58354,0.58372,0.5833,0.58351,344,18,0
2026-03-24 03:15:00+00:00,0.58352,0.58372,0.58348,0.58364,260,18,0
2026-03-24 03:30:00+00:00,0.58364,0.58364,0.5831,0.58339,322,18,0
2026-03-24 03:45:00+00:00,0.5834,0.58346,0.58301,0.58315,299,18,0
2026-03-24 04:00:00+00:00,0.58316,0.58321,0.58274,0.58279,248,18,0
2026-03-24 04:15:00+00:00,0.58279,0.5828,0.58252,0.58258,232,18,0
2026-03-24 04:30:00+00:00,0.58258,0.58275,0.58249,0.58258,220,18,0
2026-03-24 04:45:00+00:00,0.58259,0.58302,0.58259,0.58287,224,18,0
2026-03-24 05:00:00+00:00,0.58289,0.58295,0.58213,0.58249,442,18,0
2026-03-24 05:15:00+00:00,0.58252,0.58297,0.58226,0.58228,483,18,0
2026-03-24 05:30:00+00:00,0.58229,0.58299,0.58226,0.58282,435,18,0
2026-03-24 05:45:00+00:00,0.58283,0.58298,0.58271,0.58287,351,18,0
2026-03-24 06:00:00+00:00,0.58287,0.58335,0.58277,0.58306,431,18,0
2026-03-24 06:15:00+00:00,0.58306,0.58345,0.5829,0.58321,399,18,0
2026-03-24 06:30:00+00:00,0.5832,0.58338,0.58309,0.58324,405,18,0
2026-03-24 06:45:00+00:00,0.58325,0.58393,0.58312,0.58389,390,18,0
2026-03-24 07:00:00+00:00,0.58384,0.58596,0.58372,0.58571,696,18,0
2026-03-24 07:15:00+00:00,0.58571,0.58571,0.58475,0.58475,574,18,0
2026-03-24 07:30:00+00:00,0.58476,0.5851,0.58431,0.58502,541,18,0
2026-03-24 07:45:00+00:00,0.58498,0.585,0.58448,0.5847,547,18,0
2026-03-24 08:00:00+00:00,0.58469,0.58469,0.58397,0.58412,753,18,0
2026-03-24 08:15:00+00:00,0.58411,0.58428,0.58259,0.58259,533,18,0
2026-03-24 08:30:00+00:00,0.58256,0.5832,0.58249,0.58286,572,18,0
2026-03-24 08:45:00+00:00,0.58287,0.58307,0.58204,0.58225,690,18,0
2026-03-24 09:00:00+00:00,0.58225,0.5825,0.58162,0.58166,644,18,0
2026-03-24 09:15:00+00:00,0.58164,0.58194,0.58149,0.58178,521,18,0
2026-03-24 09:30:00+00:00,0.58175,0.58231,0.58168,0.58229,480,18,0
2026-03-24 09:45:00+00:00,0.58226,0.58296,0.58216,0.58285,426,18,0
2026-03-24 10:00:00+00:00,0.58285,0.58316,0.58239,0.58307,445,18,0
2026-03-24 10:15:00+00:00,0.58306,0.58352,0.58297,0.58305,423,18,0
2026-03-24 10:30:00+00:00,0.58306,0.58324,0.58277,0.58316,477,18,0
2026-03-24 10:45:00+00:00,0.58317,0.58344,0.5827,0.58341,433,18,0
2026-03-24 11:00:00+00:00,0.58341,0.584,0.58308,0.58379,556,18,0
2026-03-24 11:15:00+00:00,0.58377,0.58377,0.58321,0.58336,383,18,0
2026-03-24 11:30:00+00:00,0.58337,0.58366,0.58322,0.58352,384,18,0
2026-03-24 11:45:00+00:00,0.58351,0.58361,0.58214,0.58312,588,18,0
2026-03-24 12:00:00+00:00,0.58313,0.58324,0.58244,0.58254,509,18,0
2026-03-24 12:15:00+00:00,0.58251,0.58283,0.58223,0.58276,450,18,0
2026-03-24 12:30:00+00:00,0.58275,0.58279,0.58185,0.58188,532,18,0
2026-03-24 12:45:00+00:00,0.58189,0.58292,0.58189,0.58241,605,18,0
2026-03-24 13:00:00+00:00,0.5824,0.58283,0.58137,0.5818,814,18,0
2026-03-24 13:15:00+00:00,0.58183,0.58216,0.58143,0.58144,625,18,0
2026-03-24 13:30:00+00:00,0.58143,0.58198,0.58116,0.58125,834,18,0
2026-03-24 13:45:00+00:00,0.58126,0.58195,0.58119,0.58195,851,18,0
2026-03-24 14:00:00+00:00,0.58197,0.58285,0.58194,0.58244,757,18,0
2026-03-24 14:15:00+00:00,0.58246,0.58286,0.58222,0.58263,725,18,0
2026-03-24 14:30:00+00:00,0.58262,0.58302,0.58217,0.58265,676,18,0
2026-03-24 14:45:00+00:00,0.58267,0.58406,0.58186,0.58242,1302,18,0
2026-03-24 15:00:00+00:00,0.58245,0.58305,0.58206,0.58247,1010,18,0
2026-03-24 15:15:00+00:00,0.58249,0.58302,0.58217,0.58269,670,18,0
2026-03-24 15:30:00+00:00,0.58268,0.58291,0.58221,0.58228,583,18,0
2026-03-24 15:45:00+00:00,0.58225,0.58227,0.5814,0.5816,576,18,0
2026-03-24 16:00:00+00:00,0.58157,0.58157,0.58112,0.58147,550,18,0
2026-03-24 16:15:00+00:00,0.58148,0.58206,0.58147,0.58195,462,18,0
2026-03-24 16:30:00+00:00,0.58196,0.58213,0.58126,0.58174,498,18,0
2026-03-24 16:45:00+00:00,0.58173,0.58189,0.58131,0.58138,471,18,0
2026-03-24 17:00:00+00:00,0.58136,0.58141,0.57928,0.57968,918,18,0
2026-03-24 17:15:00+00:00,0.57966,0.58004,0.57947,0.58001,733,18,0
2026-03-24 17:30:00+00:00,0.57999,0.58032,0.57948,0.57957,589,18,0
2026-03-24 17:45:00+00:00,0.57957,0.5807,0.57932,0.58033,825,18,0
2026-03-24 18:00:00+00:00,0.58034,0.5807,0.57996,0.58026,646,18,0
2026-03-24 18:15:00+00:00,0.58027,0.58121,0.58014,0.5812,575,18,0
2026-03-24 18:30:00+00:00,0.5812,0.58209,0.5811,0.58166,588,18,0
2026-03-24 18:45:00+00:00,0.58165,0.5818,0.58125,0.58149,474,18,0
2026-03-24 19:00:00+00:00,0.58149,0.58243,0.58149,0.58236,388,18,0
2026-03-24 19:15:00+00:00,0.58232,0.58236,0.58201,0.58202,360,18,0
2026-03-24 19:30:00+00:00,0.58202,0.5821,0.58176,0.58193,373,18,0
2026-03-24 19:45:00+00:00,0.58194,0.58205,0.58175,0.58183,329,18,0
2026-03-24 20:00:00+00:00,0.58182,0.58195,0.58164,0.58167,197,18,0
2026-03-24 20:15:00+00:00,0.58166,0.58508,0.58166,0.58355,1108,18,0
2026-03-24 20:30:00+00:00,0.58356,0.58465,0.58324,0.58354,1047,18,0
2026-03-24 20:45:00+00:00,0.58356,0.58378,0.58297,0.58352,578,18,0
2026-03-24 21:00:00+00:00,0.58353,0.58358,0.58337,0.58343,117,22,0
2026-03-24 21:15:00+00:00,0.58345,0.58359,0.58334,0.58337,225,20,0
2026-03-24 21:30:00+00:00,0.58339,0.58364,0.58327,0.58332,341,32,0
2026-03-24 21:45:00+00:00,0.58334,0.58356,0.58326,0.58355,226,34,0
2026-03-24 22:00:00+00:00,0.58364,0.58389,0.5833,0.58349,227,18,0
2026-03-24 22:15:00+00:00,0.58348,0.58394,0.58339,0.58354,302,18,0
2026-03-24 22:30:00+00:00,0.58355,0.58378,0.58347,0.58366,225,18,0
2026-03-24 22:45:00+00:00,0.58366,0.58383,0.58358,0.58383,169,18,0
2026-03-24 23:00:00+00:00,0.5838,0.58388,0.58328,0.5835,260,18,0
2026-03-24 23:15:00+00:00,0.5835,0.58398,0.58345,0.58397,220,18,0
2026-03-24 23:30:00+00:00,0.58398,0.58402,0.58363,0.58364,225,18,0
2026-03-24 23:45:00+00:00,0.58364,0.58372,0.58345,0.58351,203,18,0
2026-03-25 00:00:00+00:00,0.58351,0.58426,0.58342,0.58402,546,18,0
2026-03-25 00:15:00+00:00,0.584,0.5841,0.58328,0.58342,380,18,0
2026-03-25 00:30:00+00:00,0.58344,0.5841,0.58278,0.58396,519,18,0
2026-03-25 00:45:00+00:00,0.58396,0.58416,0.58382,0.58382,297,18,0
2026-03-25 01:00:00+00:00,0.58382,0.58424,0.58367,0.58379,480,18,0
2026-03-25 01:15:00+00:00,0.58379,0.58402,0.58367,0.58368,418,18,0
2026-03-25 01:30:00+00:00,0.58367,0.58368,0.58317,0.58321,412,18,0
2026-03-25 01:45:00+00:00,0.58319,0.58332,0.58272,0.58275,315,18,0
2026-03-25 02:00:00+00:00,0.58276,0.58284,0.58211,0.58241,366,18,0
2026-03-25 02:15:00+00:00,0.58241,0.58272,0.58237,0.58263,291,18,0
2026-03-25 02:30:00+00:00,0.58263,0.58271,0.58245,0.58264,261,18,0
2026-03-25 02:45:00+00:00,0.58264,0.58278,0.58219,0.5824,279,18,0
2026-03-25 03:00:00+00:00,0.58239,0.58258,0.58222,0.58233,272,18,0
2026-03-25 03:15:00+00:00,0.58232,0.58243,0.58214,0.58217,216,18,0
2026-03-25 03:30:00+00:00,0.58214,0.58257,0.58207,0.58238,240,18,0
2026-03-25 03:45:00+00:00,0.58238,0.58243,0.58216,0.58221,188,18,0
2026-03-25 04:00:00+00:00,0.58218,0.58222,0.58186,0.58201,217,18,0
2026-03-25 04:15:00+00:00,0.58203,0.58219,0.582,0.58208,168,18,0
2026-03-25 04:30:00+00:00,0.58208,0.5821,0.58166,0.58174,188,18,0
2026-03-25 04:45:00+00:00,0.58174,0.58175,0.58147,0.58155,184,18,0
2026-03-25 05:00:00+00:00,0.58155,0.58166,0.58131,0.58148,242,18,0
2026-03-25 05:15:00+00:00,0.58146,0.58146,0.581,0.58121,283,18,0
2026-03-25 05:30:00+00:00,0.58122,0.58144,0.58119,0.58139,252,18,0
2026-03-25 05:45:00+00:00,0.58139,0.58139,0.58092,0.58105,234,18,0
2026-03-25 06:00:00+00:00,0.58105,0.58113,0.58071,0.58086,281,18,0
2026-03-25 06:15:00+00:00,0.58086,0.58136,0.58086,0.58106,233,18,0
2026-03-25 06:30:00+00:00,0.58106,0.58123,0.58104,0.58113,213,18,0
2026-03-25 06:45:00+00:00,0.58112,0.58144,0.58099,0.58116,209,18,0
2026-03-25 07:00:00+00:00,0.58115,0.58166,0.58106,0.58163,304,18,0
2026-03-25 07:15:00+00:00,0.58164,0.58179,0.58137,0.58152,310,18,0
2026-03-25 07:30:00+00:00,0.58151,0.58154,0.58095,0.58146,402,18,0
2026-03-25 07:45:00+00:00,0.58148,0.58167,0.58137,0.58146,341,18,0
2026-03-25 08:00:00+00:00,0.58147,0.58186,0.58117,0.58172,608,18,0
2026-03-25 08:15:00+00:00,0.58172,0.58272,0.58169,0.58266,497,18,0
2026-03-25 08:30:00+00:00,0.58265,0.58312,0.58225,0.58265,620,18,0
2026-03-25 08:45:00+00:00,0.58266,0.58317,0.58253,0.58275,433,18,0
2026-03-25 09:00:00+00:00,0.58276,0.58303,0.58267,0.58278,408,18,0
2026-03-25 09:15:00+00:00,0.58278,0.58284,0.58184,0.58192,345,18,0
2026-03-25 09:30:00+00:00,0.58192,0.58202,0.58149,0.58154,368,18,0
2026-03-25 09:45:00+00:00,0.58155,0.58185,0.58116,0.58171,392,18,0
2026-03-25 10:00:00+00:00,0.5817,0.58212,0.58137,0.58146,399,18,0
2026-03-25 10:15:00+00:00,0.58146,0.58152,0.58103,0.58114,315,18,0
2026-03-25 10:30:00+00:00,0.58114,0.58155,0.58106,0.58123,289,18,0
2026-03-25 10:45:00+00:00,0.58123,0.58192,0.5812,0.58184,311,18,0
2026-03-25 11:00:00+00:00,0.58184,0.58242,0.58184,0.58213,301,18,0
2026-03-25 11:15:00+00:00,0.58213,0.58257,0.58208,0.58229,247,18,0
2026-03-25 11:30:00+00:00,0.58229,0.58242,0.58216,0.58242,233,18,0
2026-03-25 11:45:00+00:00,0.58242,0.58242,0.58149,0.58224,546,18,0
2026-03-25 12:00:00+00:00,0.58225,0.58272,0.58223,0.58262,413,18,0
2026-03-25 12:15:00+00:00,0.58263,0.58263,0.58095,0.58141,804,18,0
2026-03-25 12:30:00+00:00,0.5814,0.58179,0.58099,0.58143,593,18,0
2026-03-25 12:45:00+00:00,0.58143,0.58187,0.58111,0.58163,440,18,0
2026-03-25 13:00:00+00:00,0.58164,0.58228,0.58152,0.58179,575,18,0
2026-03-25 13:15:00+00:00,0.58181,0.58208,0.58147,0.58162,382,18,0
2026-03-25 13:30:00+00:00,0.58164,0.582,0.58138,0.58157,656,18,0
2026-03-25 13:45:00+00:00,0.58158,0.58167,0.58064,0.58074,587,18,0
2026-03-25 14:00:00+00:00,0.58075,0.58148,0.58033,0.58147,640,18,0
2026-03-25 14:15:00+00:00,0.58148,0.58185,0.58095,0.58171,682,18,0
2026-03-25 14:30:00+00:00,0.58173,0.58197,0.58147,0.58156,593,18,0
2026-03-25 14:45:00+00:00,0.58155,0.58218,0.58155,0.58193,447,18,0
2026-03-25 15:00:00+00:00,0.58196,0.58224,0.58165,0.58168,531,18,0
2026-03-25 15:15:00+00:00,0.58168,0.58179,0.58076,0.58172,727,18,0
2026-03-25 15:30:00+00:00,0.58174,0.58197,0.58118,0.58142,498,18,0
2026-03-25 15:45:00+00:00,0.58143,0.58152,0.58118,0.5813,455,18,0
2026-03-25 16:00:00+00:00,0.58129,0.58156,0.58092,0.58121,568,18,0
2026-03-25 16:15:00+00:00,0.58121,0.58216,0.58097,0.58196,591,18,0
2026-03-25 16:30:00+00:00,0.58199,0.58208,0.58171,0.58192,497,18,0
2026-03-25 16:45:00+00:00,0.58192,0.58198,0.58158,0.58163,360,18,0
2026-03-25 17:00:00+00:00,0.58163,0.58178,0.58134,0.58162,444,18,0
2026-03-25 17:15:00+00:00,0.58162,0.58202,0.58146,0.58195,374,18,0
2026-03-25 17:30:00+00:00,0.58197,0.58253,0.58188,0.58239,391,18,0
2026-03-25 17:45:00+00:00,0.58239,0.58241,0.58181,0.58191,430,18,0
2026-03-25 18:00:00+00:00,0.5819,0.58223,0.58175,0.58186,389,18,0
2026-03-25 18:15:00+00:00,0.58186,0.58202,0.58175,0.58179,314,18,0
2026-03-25 18:30:00+00:00,0.5818,0.58187,0.58123,0.58127,274,18,0
2026-03-25 18:45:00+00:00,0.58127,0.5813,0.58038,0.58086,419,18,0
2026-03-25 19:00:00+00:00,0.58084,0.58085,0.58038,0.5805,386,18,0
2026-03-25 19:15:00+00:00,0.58048,0.58083,0.58042,0.58064,301,18,0
2026-03-25 19:30:00+00:00,0.58063,0.58078,0.58051,0.58063,289,18,0
2026-03-25 19:45:00+00:00,0.58065,0.58076,0.58056,0.58072,252,18,0
2026-03-25 20:00:00+00:00,0.58073,0.58074,0.58053,0.58058,136,18,0
2026-03-25 20:15:00+00:00,0.58058,0.58059,0.58035,0.58035,110,18,0
2026-03-25 20:30:00+00:00,0.58037,0.58056,0.58032,0.58055,87,18,0
2026-03-25 20:45:00+00:00,0.58055,0.58055,0.58036,0.58037,150,18,0
2026-03-25 21:00:00+00:00,0.58038,0.58048,0.58036,0.5804,107,30,0
2026-03-25 21:15:00+00:00,0.58039,0.58044,0.58029,0.58044,111,42,0
2026-03-25 21:30:00+00:00,0.58045,0.58063,0.58041,0.58063,113,28,0
2026-03-25 21:45:00+00:00,0.58062,0.58073,0.58059,0.58064,75,18,0
2026-03-25 22:00:00+00:00,0.58087,0.5809,0.58007,0.58015,176,18,0
2026-03-25 22:15:00+00:00,0.58015,0.58028,0.58012,0.58028,120,18,0
2026-03-25 22:30:00+00:00,0.58028,0.58066,0.58028,0.58066,114,18,0
2026-03-25 22:45:00+00:00,0.58066,0.58072,0.58041,0.58042,107,18,0
2026-03-25 23:00:00+00:00,0.58045,0.5805,0.5803,0.58035,177,18,0
2026-03-25 23:15:00+00:00,0.58036,0.58044,0.58022,0.58041,130,18,0
2026-03-25 23:30:00+00:00,0.58041,0.58044,0.58025,0.58031,128,18,0
2026-03-25 23:45:00+00:00,0.58031,0.58053,0.58022,0.58051,148,18,0
2026-03-26 00:00:00+00:00,0.58051,0.58061,0.58033,0.5805,271,18,0
2026-03-26 00:15:00+00:00,0.5805,0.58075,0.58026,0.58027,238,18,0
2026-03-26 00:30:00+00:00,0.58027,0.5803,0.57957,0.57957,156,18,0
2026-03-26 00:45:00+00:00,0.57957,0.57995,0.5795,0.57992,256,18,0
2026-03-26 01:00:00+00:00,0.57994,0.58032,0.57982,0.58001,329,18,0
2026-03-26 01:15:00+00:00,0.58001,0.58007,0.5798,0.58007,275,18,0
2026-03-26 01:30:00+00:00,0.58007,0.58029,0.57999,0.58,284,18,0
2026-03-26 01:45:00+00:00,0.58,0.58016,0.57988,0.58015,224,18,0
2026-03-26 02:00:00+00:00,0.58015,0.58023,0.57999,0.58005,243,18,0
2026-03-26 02:15:00+00:00,0.58003,0.58027,0.57997,0.58002,234,18,0
2026-03-26 02:30:00+00:00,0.58,0.58005,0.57943,0.57973,314,18,0
2026-03-26 02:45:00+00:00,0.57974,0.57988,0.57958,0.57965,230,18,0
2026-03-26 03:00:00+00:00,0.57967,0.58009,0.57963,0.58007,223,18,0
2026-03-26 03:15:00+00:00,0.58006,0.58047,0.58002,0.58041,194,18,0
2026-03-26 03:30:00+00:00,0.58041,0.58067,0.58041,0.58058,198,18,0
2026-03-26 03:45:00+00:00,0.58058,0.58058,0.58043,0.58055,153,18,0
2026-03-26 04:00:00+00:00,0.58055,0.58061,0.58035,0.5806,139,18,0
2026-03-26 04:15:00+00:00,0.5806,0.58073,0.58055,0.58058,142,18,0
2026-03-26 04:30:00+00:00,0.58058,0.58064,0.58045,0.58053,98,18,0
2026-03-26 04:45:00+00:00,0.58053,0.58078,0.58053,0.58061,195,18,0
2026-03-26 05:00:00+00:00,0.58062,0.58067,0.58053,0.58057,207,18,0
2026-03-26 05:15:00+00:00,0.58058,0.58058,0.58009,0.58025,183,18,0
2026-03-26 05:30:00+00:00,0.58025,0.58046,0.58009,0.58024,229,18,0
2026-03-26 05:45:00+00:00,0.58024,0.58024,0.57983,0.57983,289,18,0
2026-03-26 06:00:00+00:00,0.5798,0.57995,0.57923,0.57928,287,18,0
2026-03-26 06:15:00+00:00,0.57928,0.57986,0.57921,0.57977,251,18,0
2026-03-26 06:30:00+00:00,0.57974,0.57983,0.57931,0.57939,237,18,0
2026-03-26 06:45:00+00:00,0.5794,0.5799,0.5794,0.57978,221,18,0
2026-03-26 07:00:00+00:00,0.57976,0.57977,0.57873,0.57897,325,18,0
2026-03-26 07:15:00+00:00,0.57898,0.57921,0.57852,0.57897,313,18,0
2026-03-26 07:30:00+00:00,0.57897,0.57898,0.57852,0.5786,302,18,0
2026-03-26 07:45:00+00:00,0.5786,0.57868,0.57829,0.57831,273,18,0
2026-03-26 08:00:00+00:00,0.57831,0.57857,0.57822,0.57834,387,18,0
2026-03-26 08:15:00+00:00,0.57836,0.57859,0.5782,0.57825,343,18,0
2026-03-26 08:30:00+00:00,0.57824,0.57859,0.57812,0.57833,334,18,0
2026-03-26 08:45:00+00:00,0.57833,0.57868,0.57832,0.57862,279,18,0
2026-03-26 09:00:00+00:00,0.57863,0.57887,0.5784,0.57855,372,18,0
2026-03-26 09:15:00+00:00,0.57855,0.57863,0.57831,0.57855,296,18,0
2026-03-26 09:30:00+00:00,0.57851,0.57859,0.57821,0.57829,415,18,0
2026-03-26 09:45:00+00:00,0.5783,0.57886,0.57822,0.57885,313,18,0
2026-03-26 10:00:00+00:00,0.57885,0.57916,0.57859,0.57909,311,18,0
2026-03-26 10:15:00+00:00,0.57909,0.57918,0.57884,0.57884,261,18,0
2026-03-26 10:30:00+00:00,0.57883,0.57905,0.57861,0.57866,352,18,0
2026-03-26 10:45:00+00:00,0.57866,0.57877,0.57846,0.57863,313,18,0
2026-03-26 11:00:00+00:00,0.57865,0.57875,0.5783,0.5783,263,18,0
2026-03-26 11:15:00+00:00,0.5783,0.57839,0.578,0.57805,218,18,0
2026-03-26 11:30:00+00:00,0.57805,0.57813,0.57762,0.57764,216,18,0
2026-03-26 11:45:00+00:00,0.57766,0.57769,0.57714,0.57716,258,18,0
2026-03-26 12:00:00+00:00,0.57717,0.57802,0.57702,0.57792,356,18,0
2026-03-26 12:15:00+00:00,0.57792,0.57807,0.57768,0.57797,283,18,0
2026-03-26 12:30:00+00:00,0.57794,0.57794,0.5773,0.5773,399,18,0
2026-03-26 12:45:00+00:00,0.57733,0.57772,0.57733,0.57766,333,18,0
2026-03-26 13:00:00+00:00,0.57768,0.57835,0.57764,0.57826,404,18,0
2026-03-26 13:15:00+00:00,0.57826,0.57868,0.57825,0.57859,340,18,0
2026-03-26 13:30:00+00:00,0.57858,0.57902,0.57823,0.57902,658,18,0
2026-03-26 13:45:00+00:00,0.57903,0.57926,0.57815,0.57884,707,18,0
2026-03-26 14:00:00+00:00,0.57888,0.57901,0.57839,0.57886,644,18,0
2026-03-26 14:15:00+00:00,0.57886,0.57912,0.5787,0.57881,503,14,0
2026-03-26 14:30:00+00:00,0.57881,0.57916,0.57809,0.57822,687,18,0
2026-03-26 14:45:00+00:00,0.57821,0.5784,0.57757,0.57817,685,18,0
2026-03-26 15:00:00+00:00,0.57818,0.57851,0.57797,0.57823,648,18,0
2026-03-26 15:15:00+00:00,0.57822,0.57831,0.57787,0.5779,471,18,0
2026-03-26 15:30:00+00:00,0.57787,0.57792,0.57719,0.57729,464,18,0
2026-03-26 15:45:00+00:00,0.57731,0.57781,0.57723,0.57762,530,18,0
2026-03-26 16:00:00+00:00,0.57762,0.57772,0.57741,0.57759,417,18,0
2026-03-26 16:15:00+00:00,0.57758,0.57758,0.57668,0.57683,412,18,0
2026-03-26 16:30:00+00:00,0.57683,0.57685,0.57649,0.57669,416,18,0
2026-03-26 16:45:00+00:00,0.5767,0.57692,0.57662,0.5767,364,18,0
2026-03-26 17:00:00+00:00,0.5767,0.57688,0.57658,0.57665,363,14,0
2026-03-26 17:15:00+00:00,0.57663,0.5767,0.57643,0.57654,326,14,0
2026-03-26 17:30:00+00:00,0.57654,0.57667,0.57602,0.57613,330,14,0
2026-03-26 17:45:00+00:00,0.57611,0.57615,0.5756,0.57561,281,14,0
2026-03-26 18:00:00+00:00,0.57561,0.57596,0.57561,0.57589,331,14,0
2026-03-26 18:15:00+00:00,0.57589,0.57589,0.57558,0.5756,284,14,0
2026-03-26 18:30:00+00:00,0.5756,0.57612,0.57559,0.57611,266,14,0
2026-03-26 18:45:00+00:00,0.5761,0.57626,0.576,0.5762,265,14,0
2026-03-26 19:00:00+00:00,0.5762,0.57623,0.57535,0.57547,294,14,0
2026-03-26 19:15:00+00:00,0.57546,0.57576,0.57545,0.57552,244,14,0
2026-03-26 19:30:00+00:00,0.57552,0.57585,0.57547,0.57551,249,14,0
2026-03-26 19:45:00+00:00,0.57552,0.57556,0.57512,0.5752,290,14,0
2026-03-26 20:00:00+00:00,0.57518,0.57819,0.57497,0.57696,1349,14,0
2026-03-26 20:15:00+00:00,0.57698,0.57732,0.57619,0.57652,1066,14,0
2026-03-26 20:30:00+00:00,0.5765,0.5768,0.57638,0.57649,346,14,0
2026-03-26 20:45:00+00:00,0.57651,0.57655,0.57592,0.57594,313,14,0
2026-03-26 21:00:00+00:00,0.57592,0.57599,0.57582,0.57588,127,24,0
2026-03-26 21:15:00+00:00,0.57589,0.57598,0.57579,0.57584,227,32,0
2026-03-26 21:30:00+00:00,0.57583,0.57586,0.57554,0.57568,303,38,0
2026-03-26 21:45:00+00:00,0.57569,0.57609,0.57565,0.57606,188,40,0
2026-03-26 22:00:00+00:00,0.57637,0.57652,0.57607,0.57626,181,14,0
2026-03-26 22:15:00+00:00,0.57626,0.57638,0.5759,0.57608,147,14,0
2026-03-26 22:30:00+00:00,0.57608,0.5763,0.57607,0.57618,176,14,0
2026-03-26 22:45:00+00:00,0.57618,0.57641,0.57608,0.57626,127,14,0
2026-03-26 23:00:00+00:00,0.57626,0.57635,0.57614,0.57628,183,14,0
2026-03-26 23:15:00+00:00,0.57628,0.57642,0.57624,0.57627,142,14,0
2026-03-26 23:30:00+00:00,0.57627,0.57642,0.57597,0.57607,119,14,0
2026-03-26 23:45:00+00:00,0.57607,0.57611,0.5759,0.57595,163,14,0
2026-03-27 00:00:00+00:00,0.57595,0.57637,0.57588,0.57594,327,14,0
2026-03-27 00:15:00+00:00,0.57594,0.57611,0.57532,0.57557,450,14,0
2026-03-27 00:30:00+00:00,0.57558,0.57577,0.57542,0.57555,367,14,0
2026-03-27 00:45:00+00:00,0.57555,0.57565,0.57518,0.57559,333,14,0
2026-03-27 01:00:00+00:00,0.57559,0.57575,0.57522,0.57542,422,14,0
2026-03-27 01:15:00+00:00,0.57542,0.57601,0.57542,0.57598,284,14,0
2026-03-27 01:30:00+00:00,0.576,0.57637,0.57597,0.57626,274,14,0
2026-03-27 01:45:00+00:00,0.57626,0.57661,0.57612,0.57659,285,14,0
2026-03-27 02:00:00+00:00,0.57659,0.57682,0.57649,0.57663,295,14,0
2026-03-27 02:15:00+00:00,0.57663,0.57677,0.57648,0.57677,227,14,0
2026-03-27 02:30:00+00:00,0.57677,0.57703,0.57667,0.57695,210,14,0
2026-03-27 02:45:00+00:00,0.57695,0.57708,0.57682,0.57687,201,14,0
2026-03-27 03:00:00+00:00,0.57687,0.57705,0.57675,0.57703,206,14,0
2026-03-27 03:15:00+00:00,0.57703,0.57705,0.57686,0.57693,216,14,0
2026-03-27 03:30:00+00:00,0.57693,0.57731,0.57693,0.57711,253,14,0
2026-03-27 03:45:00+00:00,0.5771,0.57711,0.57687,0.57709,209,14,0
2026-03-27 04:00:00+00:00,0.57707,0.57716,0.57703,0.5771,165,14,0
2026-03-27 04:15:00+00:00,0.5771,0.57725,0.57704,0.57707,145,14,0
2026-03-27 04:30:00+00:00,0.57707,0.57727,0.57706,0.57723,138,14,0
2026-03-27 04:45:00+00:00,0.57723,0.57747,0.57716,0.5774,158,14,0
2026-03-27 05:00:00+00:00,0.57739,0.57772,0.57735,0.57772,198,14,0
2026-03-27 05:15:00+00:00,0.5777,0.57772,0.57721,0.57724,219,14,0
2026-03-27 05:30:00+00:00,0.57724,0.5773,0.57711,0.5773,239,14,0
2026-03-27 05:45:00+00:00,0.57729,0.57742,0.577,0.57703,240,14,0
2026-03-27 06:00:00+00:00,0.57703,0.57724,0.5768,0.57724,308,14,0
2026-03-27 06:15:00+00:00,0.57724,0.57733,0.57705,0.57731,257,14,0
2026-03-27 06:30:00+00:00,0.57731,0.5774,0.57716,0.57729,191,14,0
2026-03-27 06:45:00+00:00,0.57728,0.57728,0.57688,0.57708,255,14,0
2026-03-27 07:00:00+00:00,0.57709,0.57719,0.57685,0.57711,312,14,0
2026-03-27 07:15:00+00:00,0.57711,0.57711,0.57671,0.57675,265,14,0
2026-03-27 07:30:00+00:00,0.57675,0.57713,0.57652,0.57667,309,14,0
2026-03-27 07:45:00+00:00,0.57666,0.57705,0.57628,0.57636,305,14,0
2026-03-27 08:00:00+00:00,0.57634,0.57676,0.5762,0.57649,543,14,0
2026-03-27 08:15:00+00:00,0.57649,0.57685,0.57627,0.57683,405,14,0
2026-03-27 08:30:00+00:00,0.57683,0.57727,0.57683,0.57711,392,14,0
2026-03-27 08:45:00+00:00,0.57711,0.57714,0.57664,0.57664,284,14,0
2026-03-27 09:00:00+00:00,0.57666,0.57678,0.57616,0.5765,396,14,0
2026-03-27 09:15:00+00:00,0.5765,0.57705,0.57628,0.57689,368,14,0
2026-03-27 09:30:00+00:00,0.57689,0.57726,0.57674,0.57692,338,14,0
2026-03-27 09:45:00+00:00,0.57692,0.57692,0.57658,0.57676,314,14,0
2026-03-27 10:00:00+00:00,0.57676,0.57742,0.57669,0.57693,370,14,0
2026-03-27 10:15:00+00:00,0.57694,0.57716,0.57674,0.57715,296,14,0
2026-03-27 10:30:00+00:00,0.57715,0.57724,0.5764,0.57644,290,14,0
2026-03-27 10:45:00+00:00,0.57643,0.57671,0.57639,0.57652,288,14,0
2026-03-27 11:00:00+00:00,0.57655,0.57664,0.57627,0.57652,364,14,0
2026-03-27 11:15:00+00:00,0.57653,0.57669,0.57636,0.57659,307,14,0
2026-03-27 11:30:00+00:00,0.57657,0.57673,0.57648,0.57668,309,14,0
2026-03-27 11:45:00+00:00,0.57668,0.57668,0.57583,0.57584,310,14,0
2026-03-27 12:00:00+00:00,0.57584,0.5759,0.57511,0.57533,387,14,0
2026-03-27 12:15:00+00:00,0.57533,0.57557,0.57509,0.57533,375,14,0
2026-03-27 12:30:00+00:00,0.57534,0.57536,0.57486,0.57526,372,14,0
2026-03-27 12:45:00+00:00,0.57528,0.57552,0.57511,0.57531,380,14,0
2026-03-27 13:00:00+00:00,0.57531,0.57541,0.57498,0.57502,505,14,0
2026-03-27 13:15:00+00:00,0.57504,0.57561,0.57501,0.57554,440,14,0
2026-03-27 13:30:00+00:00,0.57552,0.57572,0.57492,0.57562,651,14,0
2026-03-27 13:45:00+00:00,0.57562,0.57627,0.57549,0.5757,533,14,0
2026-03-27 14:00:00+00:00,0.57572,0.57613,0.57557,0.57609,683,14,0
2026-03-27 14:15:00+00:00,0.57606,0.57643,0.57591,0.57597,553,14,0
2026-03-27 14:30:00+00:00,0.57595,0.57629,0.57553,0.57567,527,14,0
2026-03-27 14:45:00+00:00,0.57567,0.57606,0.57551,0.57572,496,14,0
2026-03-27 15:00:00+00:00,0.5757,0.57625,0.57567,0.57577,598,14,0
2026-03-27 15:15:00+00:00,0.57578,0.57653,0.57545,0.57608,776,14,0
2026-03-27 15:30:00+00:00,0.5761,0.57677,0.576,0.57614,601,14,0
2026-03-27 15:45:00+00:00,0.57613,0.5762,0.57547,0.57563,480,14,0
2026-03-27 16:00:00+00:00,0.57564,0.57597,0.57529,0.57552,503,14,0
2026-03-27 16:15:00+00:00,0.57553,0.57577,0.57536,0.57555,439,14,0
2026-03-27 16:30:00+00:00,0.57557,0.57561,0.57501,0.57531,445,14,0
2026-03-27 16:45:00+00:00,0.57531,0.57563,0.57516,0.57517,450,14,0
2026-03-27 17:00:00+00:00,0.57515,0.57576,0.57473,0.57481,617,14,0
2026-03-27 17:15:00+00:00,0.57481,0.57484,0.57396,0.57399,365,14,0
2026-03-27 17:30:00+00:00,0.57397,0.57413,0.5738,0.57391,368,14,0
2026-03-27 17:45:00+00:00,0.57391,0.57419,0.57391,0.574,316,14,0
2026-03-27 18:00:00+00:00,0.57401,0.57417,0.57374,0.57381,338,14,0
2026-03-27 18:15:00+00:00,0.57382,0.57417,0.57378,0.57405,349,14,0
2026-03-27 18:30:00+00:00,0.57405,0.57457,0.57405,0.57427,305,14,0
2026-03-27 18:45:00+00:00,0.57427,0.57431,0.57407,0.57415,281,14,0
2026-03-27 19:00:00+00:00,0.57415,0.57428,0.57389,0.57421,277,14,0
2026-03-27 19:15:00+00:00,0.5742,0.5743,0.5741,0.57413,240,14,0
2026-03-27 19:30:00+00:00,0.57415,0.57427,0.57406,0.57417,289,14,0
2026-03-27 19:45:00+00:00,0.57417,0.57458,0.57406,0.57447,310,14,0
2026-03-27 20:00:00+00:00,0.57446,0.57465,0.57423,0.57436,321,14,0
2026-03-27 20:15:00+00:00,0.57436,0.57447,0.57429,0.57435,149,14,0
2026-03-27 20:30:00+00:00,0.57434,0.57461,0.57402,0.57452,252,14,0
2026-03-27 20:45:00+00:00,0.57452,0.57464,0.57441,0.57443,311,14,0
2026-03-29 21:00:00+00:00,0.57427,0.57459,0.57396,0.57396,64,60,0
2026-03-29 21:15:00+00:00,0.57396,0.57449,0.57357,0.57435,155,60,0
2026-03-29 21:30:00+00:00,0.57434,0.57437,0.57387,0.57398,158,60,0
2026-03-29 21:45:00+00:00,0.57397,0.57405,0.57347,0.57363,149,60,0
2026-03-29 22:00:00+00:00,0.57374,0.57383,0.57293,0.57356,485,14,0
2026-03-29 22:15:00+00:00,0.57356,0.57396,0.57329,0.57329,301,14,0
2026-03-29 22:30:00+00:00,0.57328,0.57342,0.57295,0.57297,263,14,0
2026-03-29 22:45:00+00:00,0.57297,0.57306,0.57289,0.57301,214,14,0
2026-03-29 23:00:00+00:00,0.57301,0.57328,0.5728,0.57282,324,14,0
2026-03-29 23:15:00+00:00,0.57284,0.57326,0.57284,0.57307,183,14,0
2026-03-29 23:30:00+00:00,0.57307,0.57308,0.57276,0.57277,215,14,0
2026-03-29 23:45:00+00:00,0.57276,0.57299,0.57245,0.57264,426,14,0
2026-03-30 00:00:00+00:00,0.57266,0.5729,0.57243,0.57254,397,14,0
2026-03-30 00:15:00+00:00,0.57255,0.57368,0.5723,0.57331,832,14,0
2026-03-30 00:30:00+00:00,0.57329,0.57372,0.57288,0.57304,508,14,0
2026-03-30 00:45:00+00:00,0.57304,0.57312,0.57254,0.57312,333,14,0
2026-03-30 01:00:00+00:00,0.57314,0.57365,0.57305,0.57313,444,14,0
2026-03-30 01:15:00+00:00,0.57313,0.57334,0.57288,0.57334,382,14,0
2026-03-30 01:30:00+00:00,0.57335,0.57382,0.57318,0.57363,395,14,0
2026-03-30 01:45:00+00:00,0.57365,0.57371,0.57312,0.57324,329,14,0
2026-03-30 02:00:00+00:00,0.57322,0.57322,0.57266,0.57314,331,14,0
2026-03-30 02:15:00+00:00,0.57312,0.57313,0.57249,0.57267,306,14,0
2026-03-30 02:30:00+00:00,0.57267,0.57313,0.57267,0.57303,252,14,0
2026-03-30 02:45:00+00:00,0.57304,0.57323,0.57275,0.57279,278,14,0
2026-03-30 03:00:00+00:00,0.5728,0.57341,0.57272,0.57339,233,14,0
2026-03-30 03:15:00+00:00,0.57339,0.57384,0.57331,0.57362,252,14,0
2026-03-30 03:30:00+00:00,0.57362,0.57373,0.57342,0.57372,234,14,0
2026-03-30 03:45:00+00:00,0.57371,0.57388,0.57346,0.57366,244,14,0
2026-03-30 04:00:00+00:00,0.57368,0.57376,0.5736,0.57371,190,14,0
2026-03-30 04:15:00+00:00,0.57371,0.57407,0.57369,0.57386,166,14,0
2026-03-30 04:30:00+00:00,0.57386,0.57386,0.57366,0.57379,141,14,0
2026-03-30 04:45:00+00:00,0.57378,0.57379,0.5735,0.5735,135,14,0
2026-03-30 05:00:00+00:00,0.5735,0.5738,0.57343,0.57369,244,14,0
2026-03-30 05:15:00+00:00,0.57371,0.57391,0.57371,0.57371,194,14,0
2026-03-30 05:30:00+00:00,0.57371,0.57391,0.57362,0.57384,206,14,0
2026-03-30 05:45:00+00:00,0.57384,0.57434,0.57381,0.57396,226,14,0
2026-03-30 06:00:00+00:00,0.57394,0.57424,0.57385,0.57402,311,14,0
2026-03-30 06:15:00+00:00,0.57402,0.57422,0.57384,0.57413,290,14,0
2026-03-30 06:30:00+00:00,0.57415,0.57482,0.57413,0.57476,292,14,0
2026-03-30 06:45:00+00:00,0.57476,0.57487,0.57393,0.57393,277,14,0
2026-03-30 07:00:00+00:00,0.57393,0.57393,0.5734,0.57375,376,14,0
2026-03-30 07:15:00+00:00,0.57376,0.57392,0.57312,0.57315,374,14,0
2026-03-30 07:30:00+00:00,0.57316,0.57323,0.57247,0.57265,390,14,0
2026-03-30 07:45:00+00:00,0.57264,0.57289,0.57257,0.57262,322,14,0
2026-03-30 08:00:00+00:00,0.57262,0.57266,0.57227,0.57235,355,14,0
2026-03-30 08:15:00+00:00,0.57235,0.57245,0.57211,0.57236,292,14,0
2026-03-30 08:30:00+00:00,0.57236,0.57275,0.57232,0.5726,247,14,0
2026-03-30 08:45:00+00:00,0.57258,0.57284,0.57219,0.57219,261,14,0
2026-03-30 09:00:00+00:00,0.57222,0.57233,0.57183,0.57184,272,14,0
2026-03-30 09:15:00+00:00,0.57184,0.57201,0.57159,0.57159,320,14,0
2026-03-30 09:30:00+00:00,0.57159,0.57186,0.57145,0.57185,256,14,0
2026-03-30 09:45:00+00:00,0.57184,0.57211,0.57177,0.57202,231,14,0
2026-03-30 10:00:00+00:00,0.57204,0.57215,0.57173,0.57202,246,14,0
2026-03-30 10:15:00+00:00,0.57201,0.57205,0.57174,0.57182,205,14,0
2026-03-30 10:30:00+00:00,0.57182,0.57215,0.57156,0.5721,206,14,0
2026-03-30 10:45:00+00:00,0.5721,0.57219,0.57197,0.57202,192,14,0
2026-03-30 11:00:00+00:00,0.57202,0.57227,0.57193,0.57227,183,14,0
2026-03-30 11:15:00+00:00,0.57227,0.57297,0.57183,0.57227,585,14,0
2026-03-30 11:30:00+00:00,0.57229,0.57251,0.57207,0.57219,562,14,0
2026-03-30 11:45:00+00:00,0.57219,0.57248,0.57202,0.57207,353,14,0
2026-03-30 12:00:00+00:00,0.57208,0.57234,0.57179,0.5718,300,14,0
2026-03-30 12:15:00+00:00,0.57182,0.57241,0.57165,0.57217,352,14,0
2026-03-30 12:30:00+00:00,0.57217,0.57257,0.57213,0.57225,299,14,0
2026-03-30 12:45:00+00:00,0.57227,0.57243,0.57207,0.57229,333,14,0
2026-03-30 13:00:00+00:00,0.57231,0.57257,0.57193,0.57218,407,14,0
2026-03-30 13:15:00+00:00,0.57219,0.57233,0.57178,0.57179,332,14,0
2026-03-30 13:30:00+00:00,0.57177,0.57197,0.57099,0.57109,559,14,0
2026-03-30 13:45:00+00:00,0.57109,0.57118,0.5709,0.57111,451,14,0
2026-03-30 14:00:00+00:00,0.57113,0.57122,0.57055,0.57085,539,14,0
2026-03-30 14:15:00+00:00,0.57084,0.57087,0.56991,0.57008,550,14,0
2026-03-30 14:30:00+00:00,0.57005,0.57105,0.57002,0.57101,493,14,0
2026-03-30 14:45:00+00:00,0.57102,0.57181,0.57097,0.57159,723,14,0
2026-03-30 15:00:00+00:00,0.5716,0.5718,0.57083,0.57085,552,14,0
2026-03-30 15:15:00+00:00,0.57085,0.57117,0.57077,0.57102,481,14,0
2026-03-30 15:30:00+00:00,0.57099,0.57157,0.57087,0.57151,457,14,0
2026-03-30 15:45:00+00:00,0.57151,0.57155,0.57123,0.57137,432,14,0
2026-03-30 16:00:00+00:00,0.57134,0.57147,0.57109,0.57142,377,14,0
2026-03-30 16:15:00+00:00,0.57142,0.57146,0.57118,0.57118,295,14,0
2026-03-30 16:30:00+00:00,0.57115,0.57162,0.57106,0.57162,268,14,0
2026-03-30 16:45:00+00:00,0.57162,0.57172,0.57148,0.57168,275,14,0
2026-03-30 17:00:00+00:00,0.57169,0.57196,0.57149,0.57157,282,14,0
2026-03-30 17:15:00+00:00,0.57157,0.5717,0.57143,0.57155,315,14,0
2026-03-30 17:30:00+00:00,0.57153,0.57186,0.57139,0.57185,296,14,0
2026-03-30 17:45:00+00:00,0.57185,0.57204,0.57139,0.57148,341,14,0
2026-03-30 18:00:00+00:00,0.57148,0.57179,0.57142,0.57177,307,14,0
2026-03-30 18:15:00+00:00,0.57175,0.57193,0.57161,0.5717,304,14,0
2026-03-30 18:30:00+00:00,0.57172,0.57197,0.57167,0.5717,214,14,0
2026-03-30 18:45:00+00:00,0.5717,0.57187,0.57151,0.57167,273,14,0
2026-03-30 19:00:00+00:00,0.57165,0.57177,0.57101,0.5712,318,14,0
2026-03-30 19:15:00+00:00,0.5712,0.57138,0.57108,0.5711,279,14,0
2026-03-30 19:30:00+00:00,0.57111,0.57146,0.57111,0.57143,256,14,0
2026-03-30 19:45:00+00:00,0.57143,0.57163,0.57131,0.57161,287,14,0
2026-03-30 20:00:00+00:00,0.57159,0.5717,0.57153,0.57158,158,14,0
2026-03-30 20:15:00+00:00,0.57158,0.57171,0.57156,0.57161,87,14,0
2026-03-30 20:30:00+00:00,0.57161,0.57168,0.57158,0.57166,86,14,0
2026-03-30 20:45:00+00:00,0.57166,0.57212,0.5716,0.57212,180,14,0
2026-03-30 21:00:00+00:00,0.57211,0.57211,0.57162,0.5718,89,16,0
2026-03-30 21:15:00+00:00,0.57181,0.5719,0.57162,0.57164,203,42,0
2026-03-30 21:30:00+00:00,0.57165,0.57187,0.57156,0.57159,267,30,0
2026-03-30 21:45:00+00:00,0.5716,0.57189,0.57144,0.57189,217,25,0
2026-03-30 22:00:00+00:00,0.5719,0.57208,0.5719,0.57196,106,14,0
2026-03-30 22:15:00+00:00,0.57196,0.57207,0.57193,0.57206,74,14,0
2026-03-30 22:30:00+00:00,0.57206,0.57214,0.57198,0.57204,95,14,0
2026-03-30 22:45:00+00:00,0.57205,0.57205,0.57179,0.57179,118,14,0
2026-03-30 23:00:00+00:00,0.57176,0.57176,0.57128,0.57137,217,14,0
2026-03-30 23:15:00+00:00,0.57137,0.57165,0.57134,0.57148,158,14,0
2026-03-30 23:30:00+00:00,0.57148,0.57167,0.57137,0.57166,138,14,0
2026-03-30 23:45:00+00:00,0.57165,0.57167,0.5714,0.57158,146,14,0
2026-03-31 00:00:00+00:00,0.57158,0.57167,0.57058,0.57078,420,14,0
2026-03-31 00:15:00+00:00,0.57079,0.57111,0.57062,0.57108,322,14,0
2026-03-31 00:30:00+00:00,0.57108,0.57195,0.57083,0.57193,643,14,0
2026-03-31 00:45:00+00:00,0.57192,0.57277,0.57192,0.57219,815,14,0
2026-03-31 01:00:00+00:00,0.57216,0.57234,0.5717,0.57202,542,14,0
2026-03-31 01:15:00+00:00,0.57202,0.57298,0.57195,0.57297,477,14,0
2026-03-31 01:30:00+00:00,0.57297,0.57348,0.57286,0.57294,627,14,0
2026-03-31 01:45:00+00:00,0.57293,0.5731,0.57247,0.57268,472,14,0
2026-03-31 02:00:00+00:00,0.57267,0.57281,0.57235,0.57258,343,14,0
2026-03-31 02:15:00+00:00,0.5726,0.57281,0.5724,0.57247,322,14,0
2026-03-31 02:30:00+00:00,0.57246,0.57257,0.57218,0.57227,312,14,0
2026-03-31 02:45:00+00:00,0.57227,0.57264,0.57211,0.57225,298,14,0
2026-03-31 03:00:00+00:00,0.57222,0.57234,0.57203,0.57205,224,14,0
2026-03-31 03:15:00+00:00,0.57205,0.57207,0.57162,0.5719,232,14,0
2026-03-31 03:30:00+00:00,0.5719,0.57192,0.57151,0.57158,228,14,0
2026-03-31 03:45:00+00:00,0.57158,0.57169,0.57136,0.57154,202,14,0
2026-03-31 04:00:00+00:00,0.57155,0.57179,0.57153,0.5716,209,14,0
2026-03-31 04:15:00+00:00,0.5716,0.57191,0.5716,0.57172,162,14,0
2026-03-31 04:30:00+00:00,0.57171,0.57181,0.57128,0.57128,196,14,0
2026-03-31 04:45:00+00:00,0.57128,0.57132,0.57076,0.57076,236,14,0
2026-03-31 05:00:00+00:00,0.57076,0.5709,0.57038,0.57039,226,14,0
2026-03-31 05:15:00+00:00,0.57039,0.57112,0.57037,0.57089,273,14,0
2026-03-31 05:30:00+00:00,0.57089,0.57107,0.57072,0.57099,261,14,0
2026-03-31 05:45:00+00:00,0.57099,0.57143,0.57095,0.57108,303,14,0
2026-03-31 06:00:00+00:00,0.5711,0.57125,0.5707,0.57095,334,14,0
2026-03-31 06:15:00+00:00,0.57095,0.57124,0.57068,0.57123,327,14,0
2026-03-31 06:30:00+00:00,0.57121,0.57141,0.57073,0.57077,345,14,0
2026-03-31 06:45:00+00:00,0.5708,0.57134,0.57074,0.57125,303,14,0
2026-03-31 07:00:00+00:00,0.57127,0.5713,0.57041,0.57059,451,14,0
2026-03-31 07:15:00+00:00,0.57059,0.57086,0.57052,0.57073,333,14,0
2026-03-31 07:30:00+00:00,0.57076,0.57138,0.57076,0.57133,343,14,0
2026-03-31 07:45:00+00:00,0.57133,0.57162,0.57124,0.57154,285,14,0
2026-03-31 08:00:00+00:00,0.57155,0.57179,0.57102,0.57107,423,14,0
2026-03-31 08:15:00+00:00,0.57107,0.57116,0.57089,0.57098,312,14,0
2026-03-31 08:30:00+00:00,0.57096,0.57118,0.57093,0.57105,278,14,0
2026-03-31 08:45:00+00:00,0.57106,0.57157,0.571,0.57136,304,14,0
2026-03-31 09:00:00+00:00,0.57136,0.57163,0.57117,0.5712,298,14,0
2026-03-31 09:15:00+00:00,0.57122,0.57124,0.57075,0.5708,308,14,0
2026-03-31 09:30:00+00:00,0.5708,0.57094,0.57067,0.57075,293,14,0
2026-03-31 09:45:00+00:00,0.57075,0.57075,0.5705,0.57064,233,14,0
2026-03-31 10:00:00+00:00,0.57066,0.57085,0.57048,0.57052,229,14,0
2026-03-31 10:15:00+00:00,0.57052,0.57068,0.57035,0.57065,177,14,0
2026-03-31 10:30:00+00:00,0.57066,0.57069,0.57038,0.57041,263,14,0
2026-03-31 10:45:00+00:00,0.57041,0.57043,0.56994,0.57025,287,14,0
2026-03-31 11:00:00+00:00,0.57025,0.5715,0.5702,0.57077,630,14,0
2026-03-31 11:15:00+00:00,0.57079,0.5724,0.57068,0.5718,656,14,0
2026-03-31 11:30:00+00:00,0.5718,0.57243,0.57155,0.57241,425,14,0
2026-03-31 11:45:00+00:00,0.57242,0.57276,0.5722,0.5726,450,14,0
2026-03-31 12:00:00+00:00,0.57261,0.57325,0.57231,0.57244,681,14,0
2026-03-31 12:15:00+00:00,0.57246,0.57285,0.57217,0.57264,754,14,0
2026-03-31 12:30:00+00:00,0.57264,0.57288,0.57245,0.57259,545,14,0
2026-03-31 12:45:00+00:00,0.57259,0.57266,0.57225,0.57227,403,14,0
2026-03-31 13:00:00+00:00,0.57227,0.57246,0.57181,0.57215,378,14,0
2026-03-31 13:15:00+00:00,0.57214,0.57284,0.57213,0.57239,386,14,0
2026-03-31 13:30:00+00:00,0.57242,0.57261,0.57203,0.5723,545,14,0
2026-03-31 13:45:00+00:00,0.57233,0.57355,0.57233,0.57352,587,14,0
2026-03-31 14:00:00+00:00,0.57354,0.5736,0.5726,0.57292,666,14,0
2026-03-31 14:15:00+00:00,0.5729,0.57315,0.57263,0.57304,576,14,0
2026-03-31 14:30:00+00:00,0.57306,0.57338,0.57221,0.57234,614,14,0
2026-03-31 14:45:00+00:00,0.57236,0.57252,0.56975,0.5703,833,14,0
2026-03-31 15:00:00+00:00,0.57029,0.57139,0.57028,0.57133,848,14,0
2026-03-31 15:15:00+00:00,0.57133,0.57153,0.57096,0.57105,634,14,0
2026-03-31 15:30:00+00:00,0.57105,0.57132,0.57076,0.57103,615,14,0
2026-03-31 15:45:00+00:00,0.57101,0.57133,0.57057,0.57077,528,14,0
2026-03-31 16:00:00+00:00,0.57078,0.57133,0.57055,0.57081,514,14,0
2026-03-31 16:15:00+00:00,0.57082,0.57126,0.57053,0.57116,420,14,0
2026-03-31 16:30:00+00:00,0.57115,0.57378,0.57105,0.57315,1179,14,0
2026-03-31 16:45:00+00:00,0.57313,0.57337,0.57216,0.57288,1486,14,0
2026-03-31 17:00:00+00:00,0.57289,0.57391,0.57287,0.57355,1082,14,0
2026-03-31 17:15:00+00:00,0.57355,0.57395,0.57345,0.57364,786,14,0
2026-03-31 17:30:00+00:00,0.57364,0.57424,0.57337,0.57367,946,14,0
2026-03-31 17:45:00+00:00,0.57365,0.57391,0.57276,0.57283,634,14,0
2026-03-31 18:00:00+00:00,0.57283,0.57382,0.57282,0.57372,524,14,0
2026-03-31 18:15:00+00:00,0.57372,0.57388,0.57338,0.57369,480,14,0
2026-03-31 18:30:00+00:00,0.57368,0.57391,0.57339,0.57381,404,14,0
2026-03-31 18:45:00+00:00,0.57383,0.57398,0.57352,0.57379,363,14,0
2026-03-31 19:00:00+00:00,0.57379,0.57391,0.57342,0.57379,424,14,0
2026-03-31 19:15:00+00:00,0.57379,0.57399,0.57378,0.57392,288,14,0
2026-03-31 19:30:00+00:00,0.57394,0.5745,0.57393,0.5744,311,14,0
2026-03-31 19:45:00+00:00,0.5744,0.57464,0.57434,0.57451,365,14,0
2026-03-31 20:00:00+00:00,0.57451,0.57463,0.57443,0.57456,241,14,0
2026-03-31 20:15:00+00:00,0.57457,0.57478,0.57446,0.57449,164,14,0
2026-03-31 20:30:00+00:00,0.57447,0.5748,0.57445,0.57464,153,14,0
2026-03-31 20:45:00+00:00,0.57464,0.57467,0.57453,0.57456,162,14,0
2026-03-31 21:00:00+00:00,0.57454,0.57457,0.5739,0.57393,106,26,0
2026-03-31 21:15:00+00:00,0.57392,0.57414,0.57387,0.5741,142,80,0
2026-03-31 21:30:00+00:00,0.57408,0.57429,0.57406,0.57424,212,56,0
2026-03-31 21:45:00+00:00,0.57422,0.57428,0.5739,0.57428,350,30,0
2026-03-31 22:00:00+00:00,0.5744,0.57486,0.57431,0.57454,202,14,0
2026-03-31 22:15:00+00:00,0.57454,0.57464,0.57437,0.57449,98,14,0
2026-03-31 22:30:00+00:00,0.57449,0.57471,0.5742,0.57454,151,14,0
2026-03-31 22:45:00+00:00,0.57454,0.57454,0.57436,0.57444,144,14,0
2026-03-31 23:00:00+00:00,0.57444,0.57465,0.57435,0.57463,151,14,0
2026-03-31 23:15:00+00:00,0.57463,0.57498,0.5746,0.57484,167,14,0
2026-03-31 23:30:00+00:00,0.57484,0.57497,0.57476,0.57478,138,14,0
2026-03-31 23:45:00+00:00,0.57478,0.57558,0.57474,0.57545,215,14,0
2026-04-01 00:00:00+00:00,0.57543,0.57563,0.57505,0.57561,398,14,0
2026-04-01 00:15:00+00:00,0.57561,0.57584,0.57555,0.57569,301,14,0
2026-04-01 00:30:00+00:00,0.57571,0.57588,0.57559,0.57577,255,14,0
2026-04-01 00:45:00+00:00,0.57577,0.5758,0.57518,0.57534,259,14,0
2026-04-01 01:00:00+00:00,0.57534,0.57538,0.57403,0.57502,534,14,0
2026-04-01 01:15:00+00:00,0.575,0.575,0.57462,0.5749,422,14,0
2026-04-01 01:30:00+00:00,0.57489,0.57491,0.57414,0.57417,396,14,0
2026-04-01 01:45:00+00:00,0.57419,0.57422,0.57377,0.57413,306,14,0
2026-04-01 02:00:00+00:00,0.57413,0.57453,0.57406,0.57436,259,14,0
2026-04-01 02:15:00+00:00,0.57435,0.57441,0.57408,0.57413,226,14,0
2026-04-01 02:30:00+00:00,0.57413,0.57413,0.5738,0.574,277,14,0
2026-04-01 02:45:00+00:00,0.574,0.57418,0.57377,0.5738,233,14,0
2026-04-01 03:00:00+00:00,0.57379,0.57379,0.5735,0.57356,231,14,0
2026-04-01 03:15:00+00:00,0.57356,0.5736,0.57326,0.57327,202,14,0
2026-04-01 03:30:00+00:00,0.57328,0.57341,0.57314,0.57315,213,14,0
2026-04-01 03:45:00+00:00,0.57317,0.57329,0.573,0.57321,158,14,0
2026-04-01 04:00:00+00:00,0.57321,0.57344,0.57316,0.57342,130,14,0
2026-04-01 04:15:00+00:00,0.57343,0.57356,0.57326,0.57356,145,14,0
2026-04-01 04:30:00+00:00,0.57356,0.5737,0.57344,0.57369,125,14,0
2026-04-01 04:45:00+00:00,0.57369,0.57378,0.57356,0.57368,175,14,0
2026-04-01 05:00:00+00:00,0.5737,0.57428,0.57362,0.57407,283,14,0
2026-04-01 05:15:00+00:00,0.57406,0.57456,0.574,0.57452,255,14,0
2026-04-01 05:30:00+00:00,0.57455,0.57463,0.57433,0.57461,266,14,0
2026-04-01 05:45:00+00:00,0.57461,0.57476,0.57421,0.57431,285,14,0
2026-04-01 06:00:00+00:00,0.57433,0.57476,0.57412,0.57458,415,14,0
2026-04-01 06:15:00+00:00,0.57459,0.57603,0.57431,0.57591,500,14,0
2026-04-01 06:30:00+00:00,0.57589,0.57623,0.57548,0.57618,579,14,0
2026-04-01 06:45:00+00:00,0.5762,0.57703,0.57617,0.57695,616,14,0
2026-04-01 07:00:00+00:00,0.57696,0.57709,0.57594,0.57634,616,14,0
2026-04-01 07:15:00+00:00,0.57635,0.57654,0.57613,0.57629,443,14,0
2026-04-01 07:30:00+00:00,0.57626,0.57667,0.57599,0.57645,526,14,0
2026-04-01 07:45:00+00:00,0.57645,0.57662,0.57504,0.57515,683,14,0
2026-04-01 08:00:00+00:00,0.57513,0.57574,0.5748,0.57537,652,14,0
2026-04-01 08:15:00+00:00,0.57537,0.57655,0.57526,0.57654,471,14,0
2026-04-01 08:30:00+00:00,0.57656,0.57719,0.57651,0.57719,478,14,0
2026-04-01 08:45:00+00:00,0.5772,0.57723,0.57621,0.57636,531,14,0
2026-04-01 09:00:00+00:00,0.57638,0.57664,0.57627,0.57635,489,14,0
2026-04-01 09:15:00+00:00,0.57635,0.57647,0.57611,0.5764,424,14,0
2026-04-01 09:30:00+00:00,0.5764,0.57651,0.57609,0.57614,387,14,0
2026-04-01 09:45:00+00:00,0.57615,0.57682,0.57615,0.5766,395,14,0
2026-04-01 10:00:00+00:00,0.5766,0.57682,0.57641,0.57662,390,14,0
2026-04-01 10:15:00+00:00,0.57661,0.57689,0.57645,0.57671,392,14,0
2026-04-01 10:30:00+00:00,0.57671,0.57694,0.57644,0.5766,339,14,0
2026-04-01 10:45:00+00:00,0.57659,0.57691,0.57654,0.57675,353,14,0
2026-04-01 11:00:00+00:00,0.57674,0.57709,0.57653,0.57707,327,14,0
2026-04-01 11:15:00+00:00,0.57708,0.57709,0.5766,0.57689,287,14,0
2026-04-01 11:30:00+00:00,0.57689,0.57746,0.57689,0.57742,321,14,0
2026-04-01 11:45:00+00:00,0.57742,0.57768,0.5773,0.5773,301,14,0
2026-04-01 12:00:00+00:00,0.5773,0.57742,0.57706,0.57718,343,14,0
2026-04-01 12:15:00+00:00,0.57717,0.57722,0.57621,0.5765,392,14,0
2026-04-01 12:30:00+00:00,0.57647,0.57769,0.57615,0.57735,597,14,0
2026-04-01 12:45:00+00:00,0.5774,0.57769,0.5759,0.57616,1430,14,0
2026-04-01 13:00:00+00:00,0.57618,0.5764,0.57566,0.57637,696,14,0
2026-04-01 13:15:00+00:00,0.57637,0.57664,0.57613,0.57623,537,14,0
2026-04-01 13:30:00+00:00,0.57625,0.57728,0.57604,0.57641,860,14,0
2026-04-01 13:45:00+00:00,0.57641,0.57678,0.57626,0.57645,777,14,0
2026-04-01 14:00:00+00:00,0.57643,0.57643,0.57559,0.57597,854,14,0
2026-04-01 14:15:00+00:00,0.57595,0.57654,0.57592,0.57631,665,14,0
2026-04-01 14:30:00+00:00,0.57634,0.57695,0.57597,0.57666,878,14,0
2026-04-01 14:45:00+00:00,0.57668,0.57682,0.57638,0.57669,540,14,0
2026-04-01 15:00:00+00:00,0.57671,0.57709,0.57641,0.57646,541,14,0
2026-04-01 15:15:00+00:00,0.57648,0.5766,0.57617,0.57625,490,14,0
2026-04-01 15:30:00+00:00,0.57625,0.57679,0.57615,0.57674,457,14,0
2026-04-01 15:45:00+00:00,0.57677,0.577,0.57669,0.57687,365,14,0
2026-04-01 16:00:00+00:00,0.57685,0.57703,0.57628,0.57633,390,14,0
2026-04-01 16:15:00+00:00,0.57632,0.57679,0.57626,0.57656,361,14,0
2026-04-01 16:30:00+00:00,0.57654,0.57674,0.57649,0.57664,335,14,0
2026-04-01 16:45:00+00:00,0.57665,0.57726,0.57662,0.57722,284,14,0
2026-04-01 17:00:00+00:00,0.57722,0.57753,0.57702,0.57713,306,14,0
2026-04-01 17:15:00+00:00,0.57713,0.57731,0.57681,0.57682,256,14,0
2026-04-01 17:30:00+00:00,0.57683,0.57683,0.57619,0.57648,302,14,0
2026-04-01 17:45:00+00:00,0.57648,0.57648,0.57581,0.57582,287,14,0
2026-04-01 18:00:00+00:00,0.57581,0.57584,0.57512,0.57512,460,14,0
2026-04-01 18:15:00+00:00,0.57512,0.57516,0.57441,0.57447,431,14,0
2026-04-01 18:30:00+00:00,0.57447,0.57494,0.57422,0.57476,465,14,0
2026-04-01 18:45:00+00:00,0.57478,0.57489,0.57445,0.57445,390,14,0
2026-04-01 19:00:00+00:00,0.57445,0.57475,0.57431,0.5747,363,14,0
2026-04-01 19:15:00+00:00,0.5747,0.57479,0.5745,0.57479,282,14,0
2026-04-01 19:30:00+00:00,0.57479,0.57523,0.5747,0.5751,279,14,0
2026-04-01 19:45:00+00:00,0.5751,0.57519,0.57485,0.57498,373,14,0
2026-04-01 20:00:00+00:00,0.57498,0.57523,0.57493,0.57519,156,14,0
2026-04-01 20:15:00+00:00,0.57519,0.57524,0.57511,0.57515,92,14,0
2026-04-01 20:30:00+00:00,0.57515,0.57541,0.57515,0.57538,92,14,0
2026-04-01 20:45:00+00:00,0.57538,0.57543,0.57518,0.57518,123,14,0
2026-04-01 21:00:00+00:00,0.57517,0.57518,0.57504,0.57508,104,20,0
2026-04-01 21:15:00+00:00,0.57506,0.57519,0.57497,0.57519,194,22,0
2026-04-01 21:30:00+00:00,0.57519,0.57522,0.57509,0.57516,163,16,0
2026-04-01 21:45:00+00:00,0.57517,0.57526,0.57494,0.57499,206,16,0
2026-04-01 22:00:00+00:00,0.57508,0.57539,0.57502,0.5753,155,14,0
2026-04-01 22:15:00+00:00,0.57531,0.57531,0.57513,0.57531,109,14,0
2026-04-01 22:30:00+00:00,0.57531,0.57544,0.57517,0.57537,112,14,0
2026-04-01 22:45:00+00:00,0.57537,0.57551,0.57502,0.57517,183,14,0
2026-04-01 23:00:00+00:00,0.57517,0.57532,0.57514,0.57531,139,14,0
2026-04-01 23:15:00+00:00,0.57531,0.57531,0.57477,0.57497,113,14,0
2026-04-01 23:30:00+00:00,0.57497,0.57504,0.57482,0.57492,167,14,0
2026-04-01 23:45:00+00:00,0.57492,0.57494,0.57467,0.57482,195,14,0
2026-04-02 00:00:00+00:00,0.57482,0.57504,0.57457,0.57491,360,14,0
2026-04-02 00:15:00+00:00,0.5749,0.57506,0.57471,0.57476,318,14,0
2026-04-02 00:30:00+00:00,0.57476,0.57554,0.57472,0.57545,310,14,0
2026-04-02 00:45:00+00:00,0.57545,0.57559,0.57522,0.57549,382,14,0
2026-04-02 01:00:00+00:00,0.5755,0.57582,0.57394,0.57469,1431,14,0
2026-04-02 01:15:00+00:00,0.57468,0.57502,0.57266,0.57297,1716,14,0
2026-04-02 01:30:00+00:00,0.57295,0.57307,0.57151,0.57198,1132,14,0
2026-04-02 01:45:00+00:00,0.57196,0.57242,0.57144,0.57204,776,14,0
2026-04-02 02:00:00+00:00,0.57206,0.57262,0.57185,0.57209,673,14,0
2026-04-02 02:15:00+00:00,0.57209,0.57258,0.57209,0.57215,531,14,0
2026-04-02 02:30:00+00:00,0.57215,0.57226,0.57154,0.57176,499,14,0
2026-04-02 02:45:00+00:00,0.57174,0.57201,0.57172,0.57183,353,14,0
2026-04-02 03:00:00+00:00,0.57183,0.57198,0.57159,0.5718,330,14,0
2026-04-02 03:15:00+00:00,0.5718,0.57198,0.57165,0.57198,310,14,0
2026-04-02 03:30:00+00:00,0.57198,0.57212,0.57181,0.57186,347,14,0
2026-04-02 03:45:00+00:00,0.57186,0.57187,0.57125,0.5713,254,14,0
2026-04-02 04:00:00+00:00,0.57132,0.57134,0.57086,0.57112,353,14,0
2026-04-02 04:15:00+00:00,0.57112,0.5713,0.57104,0.57105,242,14,0
2026-04-02 04:30:00+00:00,0.57107,0.57114,0.5706,0.57072,273,14,0
2026-04-02 04:45:00+00:00,0.57072,0.57098,0.5707,0.57093,208,14,0
2026-04-02 05:00:00+00:00,0.57094,0.57099,0.57064,0.57067,232,14,0
2026-04-02 05:15:00+00:00,0.57068,0.57073,0.57054,0.57062,227,14,0
2026-04-02 05:30:00+00:00,0.57062,0.57078,0.57045,0.57061,293,14,0
2026-04-02 05:45:00+00:00,0.57059,0.57063,0.57009,0.57026,369,14,0
2026-04-02 06:00:00+00:00,0.57028,0.57069,0.56994,0.56997,422,14,0
2026-04-02 06:15:00+00:00,0.56998,0.57052,0.5699,0.57045,391,14,0
2026-04-02 06:30:00+00:00,0.57044,0.57069,0.5703,0.57069,370,14,0
2026-04-02 06:45:00+00:00,0.57067,0.57117,0.57051,0.57117,339,14,0
2026-04-02 07:00:00+00:00,0.57116,0.5713,0.57065,0.57069,443,14,0
2026-04-02 07:15:00+00:00,0.57069,0.57151,0.57064,0.5713,390,14,0
2026-04-02 07:30:00+00:00,0.5713,0.57147,0.571,0.57118,322,14,0
2026-04-02 07:45:00+00:00,0.57118,0.57158,0.57118,0.57156,255,14,0
2026-04-02 08:00:00+00:00,0.57158,0.57163,0.57113,0.57142,327,14,0
2026-04-02 08:15:00+00:00,0.57142,0.57156,0.57088,0.57098,265,14,0
2026-04-02 08:30:00+00:00,0.57097,0.57118,0.5708,0.57095,303,14,0
2026-04-02 08:45:00+00:00,0.57097,0.5711,0.57087,0.57102,237,14,0
2026-04-02 09:00:00+00:00,0.57102,0.57131,0.57056,0.57066,275,14,0
2026-04-02 09:15:00+00:00,0.57064,0.57128,0.5706,0.57125,273,14,0
2026-04-02 09:30:00+00:00,0.57126,0.57153,0.57121,0.57138,270,14,0
2026-04-02 09:45:00+00:00,0.57138,0.57149,0.57129,0.57147,269,14,0
2026-04-02 10:00:00+00:00,0.57149,0.57149,0.57072,0.57075,297,14,0
2026-04-02 10:15:00+00:00,0.57074,0.57074,0.57052,0.57064,224,14,0
2026-04-02 10:30:00+00:00,0.57064,0.57068,0.57042,0.57062,275,14,0
2026-04-02 10:45:00+00:00,0.57062,0.57068,0.57036,0.57036,264,14,0
2026-04-02 11:00:00+00:00,0.57037,0.57058,0.57013,0.57023,322,14,0
2026-04-02 11:15:00+00:00,0.57023,0.57038,0.57003,0.57006,273,14,0
2026-04-02 11:30:00+00:00,0.57005,0.57034,0.57002,0.57012,245,14,0
2026-04-02 11:45:00+00:00,0.57012,0.57044,0.56999,0.57036,277,14,0
2026-04-02 12:00:00+00:00,0.57036,0.57093,0.57027,0.57071,399,14,0
2026-04-02 12:15:00+00:00,0.57071,0.57111,0.57054,0.57107,382,14,0
2026-04-02 12:30:00+00:00,0.57109,0.5715,0.57081,0.57108,455,14,0
2026-04-02 12:45:00+00:00,0.57107,0.57137,0.57091,0.57106,474,14,0
2026-04-02 13:00:00+00:00,0.57108,0.57145,0.5706,0.5707,485,14,0
2026-04-02 13:15:00+00:00,0.5707,0.57126,0.5707,0.5712,425,14,0
2026-04-02 13:30:00+00:00,0.57123,0.57161,0.57081,0.57112,704,14,0
2026-04-02 13:45:00+00:00,0.57113,0.572,0.57109,0.572,670,14,0
2026-04-02 14:00:00+00:00,0.57202,0.5723,0.57172,0.5721,627,14,0
2026-04-02 14:15:00+00:00,0.57212,0.57238,0.57176,0.57187,591,14,0
2026-04-02 14:30:00+00:00,0.57184,0.57356,0.57172,0.57321,1495,14,0
2026-04-02 14:45:00+00:00,0.57323,0.57327,0.57213,0.57276,927,14,0
2026-04-02 15:00:00+00:00,0.57276,0.57322,0.57247,0.57299,814,14,0
2026-04-02 15:15:00+00:00,0.57301,0.57327,0.57218,0.57283,664,14,0
2026-04-02 15:30:00+00:00,0.57286,0.57297,0.57256,0.57294,653,14,0
2026-04-02 15:45:00+00:00,0.57296,0.57296,0.57232,0.57253,542,14,0
2026-04-02 16:00:00+00:00,0.57252,0.5728,0.57195,0.57218,532,14,0
2026-04-02 16:15:00+00:00,0.57219,0.5725,0.57201,0.57223,468,14,0
2026-04-02 16:30:00+00:00,0.57223,0.5729,0.57217,0.57247,585,14,0
2026-04-02 16:45:00+00:00,0.57247,0.57265,0.57222,0.57222,416,14,0
2026-04-02 17:00:00+00:00,0.57219,0.57246,0.57204,0.57241,429,14,0
2026-04-02 17:15:00+00:00,0.57243,0.5726,0.57232,0.57235,376,14,0
2026-04-02 17:30:00+00:00,0.57235,0.57236,0.57204,0.57213,330,14,0
2026-04-02 17:45:00+00:00,0.57213,0.57217,0.57169,0.57184,337,14,0
2026-04-02 18:00:00+00:00,0.57184,0.5722,0.57184,0.57186,313,14,0
2026-04-02 18:15:00+00:00,0.57187,0.5719,0.5716,0.57164,298,14,0
2026-04-02 18:30:00+00:00,0.57164,0.57186,0.57155,0.57179,259,18,0
2026-04-02 18:45:00+00:00,0.57179,0.57194,0.57175,0.57183,199,18,0
2026-04-02 19:00:00+00:00,0.57185,0.57205,0.57178,0.57179,230,18,0
2026-04-02 19:15:00+00:00,0.57179,0.57218,0.57167,0.57194,274,18,0
2026-04-02 19:30:00+00:00,0.57193,0.57197,0.57164,0.57166,205,18,0
2026-04-02 19:45:00+00:00,0.57166,0.57189,0.5715,0.57159,237,18,0
2026-04-02 20:00:00+00:00,0.5716,0.5716,0.57132,0.57134,158,18,0
2026-04-02 20:15:00+00:00,0.57134,0.57163,0.57128,0.57162,104,18,0
2026-04-02 20:30:00+00:00,0.57162,0.57173,0.57149,0.57169,84,18,0
2026-04-02 20:45:00+00:00,0.57168,0.57169,0.57152,0.57153,159,18,0
2026-04-02 21:00:00+00:00,0.57155,0.57158,0.57092,0.57116,208,30,0
2026-04-02 21:15:00+00:00,0.57115,0.57127,0.5711,0.57115,222,62,0
2026-04-02 21:30:00+00:00,0.57116,0.57134,0.57116,0.5712,215,52,0
2026-04-02 21:45:00+00:00,0.5712,0.57145,0.57113,0.57141,159,18,0
2026-04-02 22:00:00+00:00,0.57145,0.5716,0.57104,0.57114,94,19,0
2026-04-02 22:15:00+00:00,0.57114,0.57117,0.57113,0.57115,34,107,0
2026-04-02 22:30:00+00:00,0.57115,0.57128,0.57115,0.57127,36,107,0
2026-04-02 22:45:00+00:00,0.57127,0.57127,0.57121,0.57123,32,107,0
2026-04-02 23:00:00+00:00,0.57122,0.57135,0.5712,0.5713,31,107,0
2026-04-02 23:15:00+00:00,0.5713,0.57132,0.57125,0.57126,28,107,0
2026-04-02 23:30:00+00:00,0.57126,0.57134,0.57126,0.57131,36,107,0
2026-04-02 23:45:00+00:00,0.57131,0.57131,0.57114,0.57116,47,107,0
2026-04-03 00:00:00+00:00,0.57116,0.57151,0.57116,0.57133,101,107,0
2026-04-03 00:15:00+00:00,0.57133,0.57138,0.57118,0.57129,67,107,0
2026-04-03 00:30:00+00:00,0.57129,0.57139,0.57126,0.57132,91,107,0
2026-04-03 00:45:00+00:00,0.57132,0.57134,0.57105,0.57114,83,107,0
2026-04-03 01:00:00+00:00,0.57114,0.57119,0.57109,0.57113,47,107,0
2026-04-03 01:15:00+00:00,0.57113,0.57113,0.57104,0.57104,58,107,0
2026-04-03 01:30:00+00:00,0.57104,0.57105,0.57081,0.57081,75,107,0
2026-04-03 01:45:00+00:00,0.57081,0.57081,0.57063,0.57068,58,107,0
2026-04-03 02:00:00+00:00,0.57068,0.57093,0.57066,0.57083,75,107,0
2026-04-03 02:15:00+00:00,0.57083,0.57085,0.57036,0.57037,69,107,0
2026-04-03 02:30:00+00:00,0.57038,0.57044,0.57035,0.57036,67,107,0
2026-04-03 02:45:00+00:00,0.57036,0.57049,0.57036,0.57042,57,107,0
2026-04-03 03:00:00+00:00,0.57042,0.57049,0.57041,0.57044,49,107,0
2026-04-03 03:15:00+00:00,0.57044,0.57048,0.5704,0.57045,57,107,0
2026-04-03 03:30:00+00:00,0.57045,0.57054,0.57045,0.57053,31,107,0
2026-04-03 03:45:00+00:00,0.57053,0.57053,0.57032,0.57043,46,107,0
2026-04-03 04:00:00+00:00,0.57043,0.57045,0.57039,0.57042,51,107,0
2026-04-03 04:15:00+00:00,0.57042,0.57045,0.57036,0.57036,43,107,0
2026-04-03 04:30:00+00:00,0.57036,0.57037,0.57022,0.57023,37,107,0
2026-04-03 04:45:00+00:00,0.57023,0.5703,0.57023,0.57026,50,107,0
2026-04-03 05:00:00+00:00,0.57027,0.57029,0.56988,0.56988,41,107,0
2026-04-03 05:15:00+00:00,0.56988,0.56988,0.56967,0.56973,52,178,0
2026-04-03 05:30:00+00:00,0.56973,0.57003,0.56971,0.57003,65,178,0
2026-04-03 05:45:00+00:00,0.57003,0.57009,0.56994,0.57008,66,178,0
2026-04-03 06:00:00+00:00,0.57008,0.57012,0.56998,0.57005,55,178,0
2026-04-03 06:15:00+00:00,0.57005,0.57025,0.57005,0.57006,55,178,0
2026-04-03 06:30:00+00:00,0.57007,0.57015,0.56988,0.57009,79,178,0
2026-04-03 06:45:00+00:00,0.57009,0.57021,0.57005,0.57009,91,178,0
2026-04-03 07:00:00+00:00,0.57009,0.57015,0.57003,0.57015,69,178,0
2026-04-03 07:15:00+00:00,0.57015,0.57043,0.57009,0.57031,96,178,0
2026-04-03 07:30:00+00:00,0.57031,0.57039,0.57022,0.57029,71,178,0
2026-04-03 07:45:00+00:00,0.57028,0.5703,0.57003,0.57004,65,178,0
2026-04-03 08:00:00+00:00,0.57003,0.57003,0.56962,0.56962,103,178,0
2026-04-03 08:15:00+00:00,0.56962,0.5697,0.56951,0.56966,74,178,0
2026-04-03 08:30:00+00:00,0.56966,0.56983,0.56966,0.56983,55,178,0
2026-04-03 08:45:00+00:00,0.56983,0.56983,0.56969,0.56975,64,178,0
2026-04-03 09:00:00+00:00,0.56975,0.56983,0.56961,0.56966,84,178,0
2026-04-03 09:15:00+00:00,0.56966,0.56985,0.56959,0.56984,69,178,0
2026-04-03 09:30:00+00:00,0.56984,0.56985,0.56974,0.56979,40,178,0
2026-04-03 09:45:00+00:00,0.56979,0.5699,0.56974,0.5699,69,178,0
2026-04-03 10:00:00+00:00,0.56989,0.56993,0.56977,0.56984,74,178,0
2026-04-03 10:15:00+00:00,0.56984,0.56984,0.5697,0.56979,54,178,0
2026-04-03 10:30:00+00:00,0.56979,0.56984,0.56972,0.56977,49,178,0
2026-04-03 10:45:00+00:00,0.56977,0.57018,0.56977,0.56999,73,178,0
2026-04-03 11:00:00+00:00,0.56999,0.5701,0.56994,0.57009,48,178,0
2026-04-03 11:15:00+00:00,0.57009,0.57035,0.57004,0.57027,69,178,0
2026-04-03 11:30:00+00:00,0.57027,0.57034,0.57013,0.57025,82,178,0
2026-04-03 11:45:00+00:00,0.57025,0.57036,0.57025,0.57027,70,178,0
2026-04-03 12:00:00+00:00,0.57027,0.57077,0.56995,0.57077,125,36,0
2026-04-03 12:15:00+00:00,0.57077,0.57086,0.57057,0.57086,206,14,0
2026-04-03 12:30:00+00:00,0.57089,0.57089,0.56971,0.57043,698,14,0
2026-04-03 12:45:00+00:00,0.57043,0.57053,0.57006,0.57025,254,14,0
2026-04-03 13:00:00+00:00,0.57025,0.57074,0.57018,0.57068,221,14,0
2026-04-03 13:15:00+00:00,0.57066,0.57079,0.57051,0.57054,111,14,0
2026-04-03 13:30:00+00:00,0.57054,0.57058,0.57014,0.57021,122,14,0
2026-04-03 13:45:00+00:00,0.5702,0.57045,0.57019,0.57044,136,14,0
2026-04-03 14:00:00+00:00,0.57044,0.57047,0.56987,0.56987,145,14,0
2026-04-03 14:15:00+00:00,0.56987,0.56988,0.56953,0.56959,114,14,0
2026-04-03 14:30:00+00:00,0.56959,0.56966,0.56952,0.56955,103,14,0
2026-04-03 14:45:00+00:00,0.56953,0.56958,0.56933,0.56938,101,14,0
2026-04-03 15:00:00+00:00,0.56938,0.5696,0.56932,0.56938,120,14,0
2026-04-03 15:15:00+00:00,0.5694,0.56942,0.56934,0.56934,93,14,0
2026-04-03 15:30:00+00:00,0.56934,0.56947,0.56924,0.56946,107,14,0
2026-04-03 15:45:00+00:00,0.56946,0.56961,0.5694,0.56942,118,14,0
2026-04-03 16:00:00+00:00,0.56939,0.5694,0.56923,0.5693,83,14,0
2026-04-03 16:15:00+00:00,0.56931,0.56934,0.56924,0.56926,99,14,0
2026-04-03 16:30:00+00:00,0.56926,0.56927,0.56919,0.56926,71,14,0
2026-04-03 16:45:00+00:00,0.56926,0.56928,0.56924,0.56926,68,14,0
2026-04-03 17:00:00+00:00,0.56927,0.56939,0.56927,0.56938,60,14,0
2026-04-03 17:15:00+00:00,0.56938,0.56938,0.56934,0.56937,38,14,0
2026-04-03 17:30:00+00:00,0.56937,0.56938,0.56917,0.56917,67,14,0
2026-04-03 17:45:00+00:00,0.56917,0.56918,0.56898,0.56911,79,14,0
2026-04-03 18:00:00+00:00,0.5691,0.5691,0.56887,0.56888,91,14,0
2026-04-03 18:15:00+00:00,0.56888,0.56895,0.56888,0.56895,68,28,0
2026-04-03 18:30:00+00:00,0.56895,0.56895,0.56882,0.56885,63,28,0
2026-04-03 18:45:00+00:00,0.56885,0.56887,0.56882,0.56885,45,28,0
2026-04-03 19:00:00+00:00,0.56885,0.56893,0.56815,0.56849,131,28,0
2026-04-03 19:15:00+00:00,0.56849,0.56868,0.56849,0.56865,67,28,0
2026-04-03 19:30:00+00:00,0.56865,0.56867,0.56849,0.5686,54,28,0
2026-04-03 19:45:00+00:00,0.5686,0.56924,0.5686,0.56906,209,28,0
2026-04-03 20:00:00+00:00,0.56906,0.57046,0.56827,0.56901,1325,28,0
2026-04-03 20:15:00+00:00,0.5689,0.56992,0.56872,0.56914,228,43,0
2026-04-03 20:30:00+00:00,0.56914,0.56914,0.56772,0.56873,86,43,0
2026-04-03 20:45:00+00:00,0.56873,0.56915,0.56839,0.56875,76,43,0
2026-04-05 21:00:00+00:00,0.569,0.56911,0.56895,0.56911,19,60,0
2026-04-05 21:15:00+00:00,0.56911,0.56913,0.56911,0.56913,17,60,0
2026-04-05 21:30:00+00:00,0.56913,0.56917,0.56903,0.56907,40,60,0
2026-04-05 21:45:00+00:00,0.56907,0.56907,0.56904,0.56905,19,60,0
2026-04-05 22:00:00+00:00,0.56927,0.56937,0.56807,0.56848,465,14,0
2026-04-05 22:15:00+00:00,0.56846,0.56852,0.56808,0.56817,347,14,0
2026-04-05 22:30:00+00:00,0.56816,0.56837,0.56811,0.5682,291,14,0
2026-04-05 22:45:00+00:00,0.5682,0.5689,0.56819,0.56878,209,14,0
2026-04-05 23:00:00+00:00,0.56878,0.5689,0.56861,0.56865,229,14,0
2026-04-05 23:15:00+00:00,0.56864,0.56875,0.56858,0.56858,162,14,0
2026-04-05 23:30:00+00:00,0.56858,0.56868,0.56847,0.56852,172,14,0
2026-04-05 23:45:00+00:00,0.56852,0.56866,0.56847,0.56851,169,14,0
2026-04-06 00:00:00+00:00,0.56851,0.56912,0.56847,0.56909,290,14,0
2026-04-06 00:15:00+00:00,0.56909,0.5693,0.56895,0.56896,219,14,0
2026-04-06 00:30:00+00:00,0.56896,0.56934,0.56893,0.56934,191,14,0
2026-04-06 00:45:00+00:00,0.56934,0.56939,0.56919,0.56935,177,14,0
2026-04-06 01:00:00+00:00,0.56938,0.56947,0.56902,0.56905,230,14,0
2026-04-06 01:15:00+00:00,0.56905,0.56926,0.56887,0.56926,188,14,0
2026-04-06 01:30:00+00:00,0.56928,0.56931,0.569,0.5691,190,14,0
2026-04-06 01:45:00+00:00,0.5691,0.56913,0.5688,0.56892,152,14,0
2026-04-06 02:00:00+00:00,0.56892,0.57013,0.56892,0.56997,317,14,0
2026-04-06 02:15:00+00:00,0.56997,0.57058,0.56987,0.57035,369,14,0
2026-04-06 02:30:00+00:00,0.57036,0.57041,0.57007,0.57008,244,14,0
2026-04-06 02:45:00+00:00,0.57008,0.57023,0.57,0.57001,231,14,0
2026-04-06 03:00:00+00:00,0.57001,0.57009,0.56991,0.56995,218,14,0
2026-04-06 03:15:00+00:00,0.56996,0.57013,0.56967,0.57001,304,14,0
2026-04-06 03:30:00+00:00,0.57004,0.57006,0.56982,0.56987,194,14,0
2026-04-06 03:45:00+00:00,0.56987,0.56987,0.56966,0.56979,158,14,0
2026-04-06 04:00:00+00:00,0.56979,0.57012,0.56974,0.57008,179,14,0
2026-04-06 04:15:00+00:00,0.57008,0.57012,0.56998,0.57005,131,14,0
2026-04-06 04:30:00+00:00,0.57005,0.57025,0.56997,0.57017,142,14,0
2026-04-06 04:45:00+00:00,0.57017,0.57035,0.57008,0.57026,113,14,0
2026-04-06 05:00:00+00:00,0.57026,0.57054,0.57024,0.5705,107,14,0
2026-04-06 05:15:00+00:00,0.57049,0.57064,0.57042,0.57042,155,14,0
2026-04-06 05:30:00+00:00,0.57042,0.57043,0.57024,0.57028,174,14,0
2026-04-06 05:45:00+00:00,0.57028,0.57046,0.5702,0.57021,161,14,0
2026-04-06 06:00:00+00:00,0.57021,0.57038,0.57008,0.57033,214,14,0
2026-04-06 06:15:00+00:00,0.57032,0.57035,0.57009,0.57017,170,14,0
2026-04-06 06:30:00+00:00,0.57018,0.57037,0.57001,0.57036,168,14,0
2026-04-06 06:45:00+00:00,0.57036,0.57108,0.57021,0.57073,455,14,0
2026-04-06 07:00:00+00:00,0.57076,0.57097,0.57037,0.57057,290,14,0
2026-04-06 07:15:00+00:00,0.57059,0.57092,0.57056,0.57092,220,14,0
2026-04-06 07:30:00+00:00,0.57092,0.5716,0.57092,0.57156,265,14,0
2026-04-06 07:45:00+00:00,0.57154,0.57242,0.57153,0.57221,370,14,0
2026-04-06 08:00:00+00:00,0.57223,0.57263,0.57198,0.57228,414,14,0
2026-04-06 08:15:00+00:00,0.5723,0.57231,0.57198,0.57212,339,14,0
2026-04-06 08:30:00+00:00,0.57212,0.57252,0.57211,0.57224,238,14,0
2026-04-06 08:45:00+00:00,0.57223,0.57241,0.57204,0.57232,204,14,0
2026-04-06 09:00:00+00:00,0.57234,0.57241,0.57213,0.57223,260,14,0
2026-04-06 09:15:00+00:00,0.57224,0.5724,0.57209,0.57231,200,14,0
2026-04-06 09:30:00+00:00,0.57231,0.57255,0.57217,0.57224,195,14,0
2026-04-06 09:45:00+00:00,0.57224,0.57253,0.57181,0.57188,434,14,0
2026-04-06 10:00:00+00:00,0.5719,0.57238,0.57184,0.57227,256,14,0
2026-04-06 10:15:00+00:00,0.57227,0.57231,0.57206,0.57214,181,14,0
2026-04-06 10:30:00+00:00,0.57214,0.57224,0.57206,0.57212,160,14,0
2026-04-06 10:45:00+00:00,0.57212,0.57216,0.57135,0.57188,504,14,0
2026-04-06 11:00:00+00:00,0.5719,0.57201,0.57151,0.57156,300,14,0
2026-04-06 11:15:00+00:00,0.57156,0.5717,0.57141,0.5716,204,14,0
2026-04-06 11:30:00+00:00,0.5716,0.57197,0.5716,0.57183,193,14,0
2026-04-06 11:45:00+00:00,0.57183,0.57217,0.57183,0.572,201,14,0
2026-04-06 12:00:00+00:00,0.572,0.57221,0.57193,0.57201,216,14,0
2026-04-06 12:15:00+00:00,0.57201,0.57201,0.57159,0.57185,231,14,0
2026-04-06 12:30:00+00:00,0.57185,0.57211,0.5718,0.57211,235,14,0
2026-04-06 12:45:00+00:00,0.5721,0.57227,0.57201,0.57203,244,14,0
2026-04-06 13:00:00+00:00,0.57203,0.57212,0.57178,0.57203,330,14,0
2026-04-06 13:15:00+00:00,0.57203,0.57217,0.57193,0.57211,234,14,0
2026-04-06 13:30:00+00:00,0.57213,0.57244,0.57186,0.572,512,14,0
2026-04-06 13:45:00+00:00,0.572,0.5722,0.57195,0.57207,377,14,0
2026-04-06 14:00:00+00:00,0.57209,0.5726,0.57142,0.57234,606,14,0
2026-04-06 14:15:00+00:00,0.57232,0.5726,0.57222,0.57255,452,14,0
2026-04-06 14:30:00+00:00,0.57255,0.5729,0.57171,0.57265,687,14,0
2026-04-06 14:45:00+00:00,0.57266,0.57266,0.57174,0.57185,537,14,0
2026-04-06 15:00:00+00:00,0.57185,0.57186,0.57119,0.57129,441,14,0
2026-04-06 15:15:00+00:00,0.57129,0.57162,0.57114,0.57134,341,14,0
2026-04-06 15:30:00+00:00,0.57133,0.57136,0.57104,0.57129,286,14,0
2026-04-06 15:45:00+00:00,0.57128,0.57175,0.57119,0.57174,278,14,0
2026-04-06 16:00:00+00:00,0.57174,0.57191,0.5716,0.57186,331,14,0
2026-04-06 16:15:00+00:00,0.57187,0.5719,0.57153,0.57161,230,14,0
2026-04-06 16:30:00+00:00,0.57162,0.57182,0.57153,0.57164,222,14,0
2026-04-06 16:45:00+00:00,0.57164,0.57166,0.57128,0.57142,274,14,0
2026-04-06 17:00:00+00:00,0.57142,0.57144,0.57057,0.57069,383,14,0
2026-04-06 17:15:00+00:00,0.5707,0.57136,0.57053,0.57133,353,14,0
2026-04-06 17:30:00+00:00,0.57134,0.57165,0.57112,0.57129,318,14,0
2026-04-06 17:45:00+00:00,0.57129,0.57133,0.57109,0.57109,206,14,0
2026-04-06 18:00:00+00:00,0.5711,0.57169,0.57106,0.57149,377,14,0
2026-04-06 18:15:00+00:00,0.57149,0.57179,0.57146,0.57168,351,14,0
2026-04-06 18:30:00+00:00,0.57168,0.57183,0.57128,0.57128,267,14,0
2026-04-06 18:45:00+00:00,0.57127,0.5715,0.57118,0.57141,203,14,0
2026-04-06 19:00:00+00:00,0.57142,0.57152,0.57126,0.57132,192,14,0
2026-04-06 19:15:00+00:00,0.57132,0.57136,0.57116,0.57121,120,14,0
2026-04-06 19:30:00+00:00,0.57121,0.57129,0.57112,0.57129,113,14,0
2026-04-06 19:45:00+00:00,0.57129,0.57151,0.57129,0.57131,162,14,0
2026-04-06 20:00:00+00:00,0.57132,0.57142,0.57124,0.57131,125,14,0
2026-04-06 20:15:00+00:00,0.57129,0.57135,0.57124,0.57125,76,14,0
2026-04-06 20:30:00+00:00,0.57125,0.5713,0.57112,0.57118,81,14,0
2026-04-06 20:45:00+00:00,0.57118,0.57121,0.57112,0.57113,94,14,0
2026-04-06 21:00:00+00:00,0.57112,0.57118,0.571,0.57112,106,18,0
2026-04-06 21:15:00+00:00,0.5711,0.57114,0.57097,0.57108,190,26,0
2026-04-06 21:30:00+00:00,0.57107,0.57109,0.57091,0.57095,209,22,0
2026-04-06 21:45:00+00:00,0.57096,0.57139,0.57073,0.57139,207,24,0
2026-04-06 22:00:00+00:00,0.57145,0.57159,0.5712,0.57141,121,14,0
2026-04-06 22:15:00+00:00,0.57141,0.57153,0.57129,0.57138,130,14,0
2026-04-06 22:30:00+00:00,0.57138,0.57145,0.57119,0.57119,105,14,0
2026-04-06 22:45:00+00:00,0.57119,0.57124,0.57098,0.57098,114,14,0
2026-04-06 23:00:00+00:00,0.57098,0.57112,0.57097,0.5711,83,14,0
2026-04-06 23:15:00+00:00,0.57109,0.57117,0.57108,0.5711,49,14,0
2026-04-06 23:30:00+00:00,0.57109,0.57114,0.57104,0.57112,74,14,0
2026-04-06 23:45:00+00:00,0.57112,0.57135,0.57111,0.57129,149,14,0
2026-04-07 00:00:00+00:00,0.57129,0.57129,0.57093,0.57111,297,14,0
2026-04-07 00:15:00+00:00,0.57111,0.57129,0.57087,0.57093,284,14,0
2026-04-07 00:30:00+00:00,0.57093,0.57101,0.57062,0.57086,266,14,0
2026-04-07 00:45:00+00:00,0.57088,0.57097,0.57044,0.57048,214,14,0
2026-04-07 01:00:00+00:00,0.57046,0.57084,0.57009,0.57016,375,14,0
2026-04-07 01:15:00+00:00,0.57017,0.57035,0.57007,0.57016,319,14,0
2026-04-07 01:30:00+00:00,0.57016,0.57024,0.56952,0.56964,343,14,0
2026-04-07 01:45:00+00:00,0.56964,0.56972,0.56908,0.56924,304,14,0
2026-04-07 02:00:00+00:00,0.56926,0.56929,0.5689,0.56906,336,14,0
2026-04-07 02:15:00+00:00,0.56905,0.56933,0.56901,0.56931,240,14,0
2026-04-07 02:30:00+00:00,0.56931,0.56958,0.56931,0.56957,223,14,0
2026-04-07 02:45:00+00:00,0.56957,0.56973,0.56943,0.56945,212,14,0
2026-04-07 03:00:00+00:00,0.56945,0.56976,0.56945,0.56973,202,14,0
2026-04-07 03:15:00+00:00,0.56973,0.56983,0.56958,0.56979,173,14,0
2026-04-07 03:30:00+00:00,0.56978,0.5701,0.56977,0.5701,171,14,0
2026-04-07 03:45:00+00:00,0.57009,0.57011,0.56979,0.5698,146,14,0
2026-04-07 04:00:00+00:00,0.56981,0.56997,0.56969,0.5697,197,14,0
2026-04-07 04:15:00+00:00,0.5697,0.56998,0.56968,0.56994,193,14,0
2026-04-07 04:30:00+00:00,0.56993,0.57024,0.56991,0.57001,236,14,0
2026-04-07 04:45:00+00:00,0.57001,0.57041,0.56999,0.5702,184,14,0
2026-04-07 05:00:00+00:00,0.5702,0.57024,0.57007,0.57007,186,14,0
2026-04-07 05:15:00+00:00,0.57007,0.57019,0.56988,0.56992,232,14,0
2026-04-07 05:30:00+00:00,0.56992,0.57013,0.56958,0.56958,305,14,0
2026-04-07 05:45:00+00:00,0.56958,0.57017,0.56953,0.57015,229,14,0
2026-04-07 06:00:00+00:00,0.57015,0.57051,0.57004,0.57031,282,14,0
2026-04-07 06:15:00+00:00,0.57032,0.57064,0.57011,0.57057,276,14,0
2026-04-07 06:30:00+00:00,0.57054,0.57063,0.57023,0.57036,329,14,0
2026-04-07 06:45:00+00:00,0.57035,0.5705,0.57023,0.57049,244,14,0
2026-04-07 07:00:00+00:00,0.57051,0.57055,0.56985,0.57009,359,14,0
2026-04-07 07:15:00+00:00,0.57009,0.57033,0.56973,0.56973,334,14,0
2026-04-07 07:30:00+00:00,0.56973,0.56996,0.56961,0.56982,274,14,0
2026-04-07 07:45:00+00:00,0.56981,0.56998,0.56959,0.56981,249,14,0
2026-04-07 08:00:00+00:00,0.56979,0.57134,0.56977,0.57104,860,14,0
2026-04-07 08:15:00+00:00,0.57104,0.57145,0.57085,0.5712,527,14,0
2026-04-07 08:30:00+00:00,0.57122,0.57163,0.57106,0.57158,483,14,0
2026-04-07 08:45:00+00:00,0.57156,0.57217,0.57129,0.57196,408,14,0
2026-04-07 09:00:00+00:00,0.57194,0.57209,0.57174,0.57185,397,14,0
2026-04-07 09:15:00+00:00,0.57185,0.57185,0.57137,0.57162,377,14,0
2026-04-07 09:30:00+00:00,0.57162,0.57176,0.57139,0.57139,329,14,0
2026-04-07 09:45:00+00:00,0.57137,0.57138,0.57118,0.57124,228,14,0
2026-04-07 10:00:00+00:00,0.57124,0.57143,0.57035,0.57103,702,14,0
2026-04-07 10:15:00+00:00,0.57101,0.57119,0.56986,0.57039,675,14,0
2026-04-07 10:30:00+00:00,0.5704,0.57058,0.56981,0.57015,571,14,0
2026-04-07 10:45:00+00:00,0.57016,0.57043,0.57,0.57036,473,14,0
2026-04-07 11:00:00+00:00,0.57039,0.57046,0.57009,0.57014,341,14,0
2026-04-07 11:15:00+00:00,0.57014,0.57059,0.57013,0.57035,359,14,0
2026-04-07 11:30:00+00:00,0.57034,0.57086,0.57021,0.57064,377,14,0
2026-04-07 11:45:00+00:00,0.57064,0.57064,0.57024,0.57043,231,14,0
2026-04-07 12:00:00+00:00,0.57044,0.57109,0.56988,0.56989,664,14,0
2026-04-07 12:15:00+00:00,0.56989,0.5706,0.56986,0.57024,521,14,0
2026-04-07 12:30:00+00:00,0.57022,0.57039,0.57013,0.5702,355,14,0
2026-04-07 12:45:00+00:00,0.5702,0.57101,0.56988,0.57012,486,14,0
2026-04-07 13:00:00+00:00,0.57013,0.57032,0.56989,0.57007,466,14,0
2026-04-07 13:15:00+00:00,0.57008,0.57019,0.56985,0.56985,375,14,0
2026-04-07 13:30:00+00:00,0.56987,0.57009,0.56942,0.56953,597,14,0
2026-04-07 13:45:00+00:00,0.56953,0.57014,0.56951,0.56989,452,14,0
2026-04-07 14:00:00+00:00,0.56988,0.57002,0.56965,0.57,513,14,0
2026-04-07 14:15:00+00:00,0.57001,0.57088,0.56981,0.57076,584,14,0
2026-04-07 14:30:00+00:00,0.57078,0.57101,0.57043,0.57082,594,14,0
2026-04-07 14:45:00+00:00,0.57083,0.57136,0.56991,0.56994,567,14,0
2026-04-07 15:00:00+00:00,0.56995,0.56997,0.56937,0.5696,539,14,0
2026-04-07 15:15:00+00:00,0.5696,0.57025,0.56955,0.57013,642,14,0
2026-04-07 15:30:00+00:00,0.57013,0.5702,0.56969,0.5697,376,14,0
2026-04-07 15:45:00+00:00,0.56971,0.57049,0.56962,0.57019,457,14,0
2026-04-07 16:00:00+00:00,0.5702,0.57092,0.57017,0.5704,567,14,0
2026-04-07 16:15:00+00:00,0.57041,0.57089,0.57019,0.57066,568,14,0
2026-04-07 16:30:00+00:00,0.57064,0.57091,0.57059,0.57072,382,14,0
2026-04-07 16:45:00+00:00,0.57072,0.57085,0.57056,0.57065,323,14,0
2026-04-07 17:00:00+00:00,0.57065,0.57102,0.57057,0.5708,385,14,0
2026-04-07 17:15:00+00:00,0.57079,0.57084,0.57039,0.5705,295,14,0
2026-04-07 17:30:00+00:00,0.5705,0.57144,0.5705,0.57099,497,14,0
2026-04-07 17:45:00+00:00,0.57099,0.57122,0.57086,0.57103,335,14,0
2026-04-07 18:00:00+00:00,0.57104,0.57117,0.5709,0.57108,296,14,0
2026-04-07 18:15:00+00:00,0.57108,0.57137,0.57099,0.57125,315,14,0
2026-04-07 18:30:00+00:00,0.57126,0.57131,0.57091,0.57093,278,14,0
2026-04-07 18:45:00+00:00,0.57092,0.57095,0.57037,0.57053,332,14,0
2026-04-07 19:00:00+00:00,0.57053,0.57092,0.57037,0.57063,373,14,0
2026-04-07 19:15:00+00:00,0.57064,0.57181,0.57061,0.57132,736,14,0
2026-04-07 19:30:00+00:00,0.5713,0.57177,0.57123,0.57152,377,14,0
2026-04-07 19:45:00+00:00,0.57151,0.57272,0.57145,0.57236,988,14,0
2026-04-07 20:00:00+00:00,0.57233,0.57294,0.57225,0.57294,343,14,0
2026-04-07 20:15:00+00:00,0.57293,0.57313,0.57273,0.57274,309,14,0
2026-04-07 20:30:00+00:00,0.57276,0.57325,0.57259,0.57293,350,14,0
2026-04-07 20:45:00+00:00,0.57293,0.57328,0.57283,0.57317,329,14,0
2026-04-07 21:00:00+00:00,0.57316,0.57317,0.57161,0.57161,223,26,0
2026-04-07 21:15:00+00:00,0.5716,0.57241,0.57157,0.57211,325,124,0
2026-04-07 21:30:00+00:00,0.57213,0.57259,0.5721,0.57256,332,112,0
2026-04-07 21:45:00+00:00,0.57257,0.57291,0.57244,0.57288,210,28,0
2026-04-07 22:00:00+00:00,0.57311,0.57447,0.57307,0.57406,415,14,0
2026-04-07 22:15:00+00:00,0.57407,0.5742,0.57394,0.57411,181,14,0
2026-04-07 22:30:00+00:00,0.57411,0.57728,0.57239,0.57681,1868,14,0
2026-04-07 22:45:00+00:00,0.57682,0.57981,0.5768,0.57961,1373,14,0
2026-04-07 23:00:00+00:00,0.57964,0.58058,0.57895,0.57998,1491,14,0
2026-04-07 23:15:00+00:00,0.58,0.58137,0.57987,0.58012,1050,14,0
2026-04-07 23:30:00+00:00,0.5801,0.58179,0.58009,0.58124,985,14,0
2026-04-07 23:45:00+00:00,0.58125,0.58167,0.58067,0.58078,823,14,0
2026-04-08 00:00:00+00:00,0.5808,0.58167,0.57995,0.58006,1092,14,0
2026-04-08 00:15:00+00:00,0.58005,0.58016,0.57957,0.57965,795,14,0
2026-04-08 00:30:00+00:00,0.57968,0.57982,0.57872,0.57873,666,14,0
2026-04-08 00:45:00+00:00,0.57873,0.57919,0.57846,0.57874,552,14,0
2026-04-08 01:00:00+00:00,0.57872,0.57944,0.57863,0.57909,567,14,0
2026-04-08 01:15:00+00:00,0.57908,0.57981,0.57905,0.57974,537,14,0
2026-04-08 01:30:00+00:00,0.57973,0.57974,0.57913,0.57939,543,14,0
2026-04-08 01:45:00+00:00,0.5794,0.58008,0.5794,0.57946,427,14,0
2026-04-08 02:00:00+00:00,0.57945,0.58167,0.57945,0.58051,763,14,0
2026-04-08 02:15:00+00:00,0.58051,0.58052,0.57969,0.57998,420,14,0
2026-04-08 02:30:00+00:00,0.57998,0.58002,0.57949,0.57975,415,14,0
2026-04-08 02:45:00+00:00,0.57975,0.58017,0.57971,0.57985,358,14,0
2026-04-08 03:00:00+00:00,0.57987,0.58154,0.57958,0.58154,606,14,0
2026-04-08 03:15:00+00:00,0.58154,0.58189,0.5798,0.58047,722,14,0
2026-04-08 03:30:00+00:00,0.58046,0.58266,0.57995,0.58187,685,14,0
2026-04-08 03:45:00+00:00,0.58187,0.5824,0.58165,0.58222,385,14,0
2026-04-08 04:00:00+00:00,0.58224,0.5834,0.58222,0.58319,472,14,0
2026-04-08 04:15:00+00:00,0.58318,0.5832,0.58279,0.58292,341,14,0
2026-04-08 04:30:00+00:00,0.58292,0.58327,0.58279,0.58301,340,14,0
2026-04-08 04:45:00+00:00,0.58299,0.58327,0.58284,0.58324,340,14,0
2026-04-08 05:00:00+00:00,0.58325,0.58369,0.58295,0.5832,457,14,0
2026-04-08 05:15:00+00:00,0.5832,0.58369,0.58297,0.58363,350,14,0
2026-04-08 05:30:00+00:00,0.58364,0.58416,0.58348,0.5839,422,14,0
2026-04-08 05:45:00+00:00,0.58388,0.58493,0.58368,0.58374,532,14,0
2026-04-08 06:00:00+00:00,0.58374,0.58374,0.58299,0.5834,619,14,0
2026-04-08 06:15:00+00:00,0.58342,0.58444,0.58341,0.58425,596,14,0
2026-04-08 06:30:00+00:00,0.58423,0.58477,0.58416,0.58448,532,14,0
2026-04-08 06:45:00+00:00,0.58451,0.58457,0.58359,0.5841,597,14,0
2026-04-08 07:00:00+00:00,0.58411,0.58411,0.58239,0.58253,703,14,0
2026-04-08 07:15:00+00:00,0.58251,0.58323,0.58238,0.58292,583,14,0
2026-04-08 07:30:00+00:00,0.58291,0.58325,0.58282,0.58312,521,14,0
2026-04-08 07:45:00+00:00,0.58312,0.58322,0.58274,0.58274,446,14,0
2026-04-08 08:00:00+00:00,0.58272,0.58285,0.58214,0.58224,498,14,0
2026-04-08 08:15:00+00:00,0.58222,0.5825,0.582,0.58226,365,14,0
2026-04-08 08:30:00+00:00,0.58226,0.58227,0.58115,0.5818,572,14,0
2026-04-08 08:45:00+00:00,0.58181,0.58185,0.58149,0.58165,389,14,0
2026-04-08 09:00:00+00:00,0.58165,0.58202,0.58165,0.58193,343,14,0
2026-04-08 09:15:00+00:00,0.58191,0.58208,0.58172,0.58187,337,14,0
2026-04-08 09:30:00+00:00,0.58187,0.58232,0.58164,0.58166,409,14,0
2026-04-08 09:45:00+00:00,0.58168,0.58208,0.58153,0.58158,412,14,0
2026-04-08 10:00:00+00:00,0.58158,0.58182,0.58127,0.58179,366,14,0
2026-04-08 10:15:00+00:00,0.58179,0.58201,0.58163,0.58197,302,14,0
2026-04-08 10:30:00+00:00,0.58197,0.58223,0.58197,0.58223,217,14,0
2026-04-08 10:45:00+00:00,0.58223,0.58228,0.58193,0.58207,245,14,0
2026-04-08 11:00:00+00:00,0.58205,0.58236,0.58178,0.58231,290,14,0
2026-04-08 11:15:00+00:00,0.58231,0.58347,0.58224,0.58328,419,14,0
2026-04-08 11:30:00+00:00,0.58325,0.58339,0.58261,0.5828,449,14,0
2026-04-08 11:45:00+00:00,0.5828,0.5833,0.58277,0.58327,379,14,0
2026-04-08 12:00:00+00:00,0.58329,0.58391,0.58324,0.58391,432,14,0
2026-04-08 12:15:00+00:00,0.58391,0.58411,0.58277,0.58371,1068,14,0
2026-04-08 12:30:00+00:00,0.58371,0.58496,0.5837,0.58495,409,14,0
2026-04-08 12:45:00+00:00,0.58492,0.58533,0.58482,0.58511,418,14,0
2026-04-08 13:00:00+00:00,0.58511,0.58583,0.58497,0.58529,572,14,0
2026-04-08 13:15:00+00:00,0.58528,0.58538,0.58451,0.58463,481,14,0
2026-04-08 13:30:00+00:00,0.58461,0.58479,0.5833,0.58351,889,14,0
2026-04-08 13:45:00+00:00,0.58353,0.58416,0.58341,0.58386,748,14,0
2026-04-08 14:00:00+00:00,0.58383,0.58416,0.58342,0.58381,718,14,0
2026-04-08 14:15:00+00:00,0.58381,0.58395,0.58329,0.58343,605,14,0
2026-04-08 14:30:00+00:00,0.58341,0.58355,0.58292,0.58323,711,14,0
2026-04-08 14:45:00+00:00,0.58322,0.58381,0.58291,0.58372,745,14,0
2026-04-08 15:00:00+00:00,0.58375,0.58377,0.58294,0.58319,576,14,0
2026-04-08 15:15:00+00:00,0.58319,0.58392,0.58315,0.58322,490,14,0
2026-04-08 15:30:00+00:00,0.58321,0.58381,0.58312,0.5835,479,14,0
2026-04-08 15:45:00+00:00,0.58349,0.58377,0.58344,0.58351,386,14,0
2026-04-08 16:00:00+00:00,0.58349,0.58366,0.5833,0.58336,423,14,0
2026-04-08 16:15:00+00:00,0.58336,0.58342,0.58305,0.58326,404,14,0
2026-04-08 16:30:00+00:00,0.58327,0.58352,0.58315,0.58338,374,14,0
2026-04-08 16:45:00+00:00,0.58337,0.58354,0.58331,0.58354,270,14,0
2026-04-08 17:00:00+00:00,0.58355,0.58371,0.58329,0.58349,303,14,0
2026-04-08 17:15:00+00:00,0.58351,0.58351,0.58268,0.58279,428,14,0
2026-04-08 17:30:00+00:00,0.58279,0.58292,0.58242,0.58273,418,14,0
2026-04-08 17:45:00+00:00,0.58273,0.58288,0.58261,0.58288,237,14,0
2026-04-08 18:00:00+00:00,0.58286,0.58315,0.58264,0.58313,310,14,0
2026-04-08 18:15:00+00:00,0.58313,0.58322,0.58195,0.58195,746,14,0
2026-04-08 18:30:00+00:00,0.58195,0.58213,0.58146,0.58151,449,14,0
2026-04-08 18:45:00+00:00,0.58151,0.58156,0.58111,0.58115,358,14,0
2026-04-08 19:00:00+00:00,0.58114,0.58159,0.58092,0.58155,403,14,0
2026-04-08 19:15:00+00:00,0.58153,0.58176,0.58141,0.58145,346,14,0
2026-04-08 19:30:00+00:00,0.58143,0.58212,0.58143,0.582,380,14,0
2026-04-08 19:45:00+00:00,0.582,0.5827,0.58198,0.5826,308,14,0
2026-04-08 20:00:00+00:00,0.5826,0.58273,0.5823,0.5823,219,14,0
2026-04-08 20:15:00+00:00,0.58231,0.58235,0.58208,0.58221,124,14,0
2026-04-08 20:30:00+00:00,0.58221,0.58227,0.58209,0.58224,94,14,0
2026-04-08 20:45:00+00:00,0.58224,0.58235,0.58207,0.58211,147,14,0
2026-04-08 21:00:00+00:00,0.58212,0.58213,0.58173,0.58182,117,18,0
2026-04-08 21:15:00+00:00,0.58181,0.58195,0.58171,0.58191,244,74,0
2026-04-08 21:30:00+00:00,0.5819,0.58199,0.5818,0.58186,290,60,0
2026-04-08 21:45:00+00:00,0.58189,0.58215,0.58187,0.58209,170,24,0
2026-04-08 22:00:00+00:00,0.58216,0.58241,0.58208,0.58221,102,14,0
2026-04-08 22:15:00+00:00,0.58221,0.58226,0.58198,0.58226,140,14,0
2026-04-08 22:30:00+00:00,0.58228,0.58254,0.58223,0.58238,162,14,0
2026-04-08 22:45:00+00:00,0.58238,0.58246,0.58231,0.58245,109,14,0
2026-04-08 23:00:00+00:00,0.58245,0.58261,0.58236,0.58252,133,14,0
2026-04-08 23:15:00+00:00,0.58252,0.58257,0.58233,0.58234,109,14,0
2026-04-08 23:30:00+00:00,0.58234,0.5825,0.58221,0.58248,109,14,0
2026-04-08 23:45:00+00:00,0.58248,0.5827,0.58231,0.58239,181,14,0
2026-04-09 00:00:00+00:00,0.58241,0.5825,0.58159,0.58169,384,14,0
2026-04-09 00:15:00+00:00,0.58169,0.58209,0.58163,0.58197,336,14,0
2026-04-09 00:30:00+00:00,0.58197,0.58236,0.58197,0.58228,307,14,0
2026-04-09 00:45:00+00:00,0.58228,0.58248,0.58203,0.58236,334,14,0
2026-04-09 01:00:00+00:00,0.58236,0.58268,0.58217,0.58253,337,14,0
2026-04-09 01:15:00+00:00,0.58253,0.58253,0.58218,0.58239,336,14,0
2026-04-09 01:30:00+00:00,0.58239,0.58306,0.58239,0.58278,329,14,0
2026-04-09 01:45:00+00:00,0.58278,0.58298,0.58261,0.58274,313,14,0
2026-04-09 02:00:00+00:00,0.58276,0.58291,0.58233,0.58242,304,14,0
2026-04-09 02:15:00+00:00,0.58242,0.58287,0.58233,0.58285,277,14,0
2026-04-09 02:30:00+00:00,0.58285,0.58323,0.58285,0.58311,234,14,0
2026-04-09 02:45:00+00:00,0.58309,0.58324,0.58292,0.58315,234,14,0
2026-04-09 03:00:00+00:00,0.58314,0.58315,0.58282,0.58296,211,14,0
2026-04-09 03:15:00+00:00,0.58297,0.58308,0.58277,0.58302,164,14,0
2026-04-09 03:30:00+00:00,0.58302,0.58319,0.58294,0.58316,151,14,0
2026-04-09 03:45:00+00:00,0.58317,0.58332,0.58286,0.58314,289,14,0
2026-04-09 04:00:00+00:00,0.58313,0.58353,0.58313,0.58353,181,14,0
2026-04-09 04:15:00+00:00,0.58353,0.58367,0.58346,0.58363,146,14,0
2026-04-09 04:30:00+00:00,0.58363,0.58372,0.58351,0.58358,147,14,0
2026-04-09 04:45:00+00:00,0.58358,0.58359,0.58324,0.58326,136,14,0
2026-04-09 05:00:00+00:00,0.58326,0.58358,0.58324,0.58336,222,14,0
2026-04-09 05:15:00+00:00,0.58335,0.58376,0.58335,0.58345,191,14,0
2026-04-09 05:30:00+00:00,0.58345,0.58348,0.5832,0.58325,178,14,0
2026-04-09 05:45:00+00:00,0.58325,0.58329,0.58278,0.5829,226,14,0
2026-04-09 06:00:00+00:00,0.58292,0.58321,0.58282,0.58291,318,14,0
2026-04-09 06:15:00+00:00,0.5829,0.58306,0.58277,0.58304,313,14,0
2026-04-09 06:30:00+00:00,0.58302,0.58322,0.58283,0.58319,306,14,0
2026-04-09 06:45:00+00:00,0.58319,0.58357,0.58312,0.58356,335,14,0
2026-04-09 07:00:00+00:00,0.58357,0.58378,0.58348,0.5837,313,14,0
2026-04-09 07:15:00+00:00,0.58368,0.58368,0.58303,0.58324,363,14,0
2026-04-09 07:30:00+00:00,0.58324,0.58349,0.58286,0.58347,372,14,0
2026-04-09 07:45:00+00:00,0.58347,0.58352,0.58294,0.58294,302,14,0
2026-04-09 08:00:00+00:00,0.58294,0.58318,0.58279,0.58282,310,14,0
2026-04-09 08:15:00+00:00,0.58282,0.58288,0.58253,0.58259,238,14,0
2026-04-09 08:30:00+00:00,0.58259,0.58288,0.58256,0.58283,264,14,0
2026-04-09 08:45:00+00:00,0.58284,0.58314,0.58277,0.58289,264,14,0
2026-04-09 09:00:00+00:00,0.58287,0.58329,0.58253,0.58328,303,14,0
2026-04-09 09:15:00+00:00,0.58328,0.58328,0.58313,0.58314,233,14,0
2026-04-09 09:30:00+00:00,0.58314,0.58325,0.58305,0.5832,182,14,0
2026-04-09 09:45:00+00:00,0.5832,0.58324,0.58308,0.58318,216,14,0
2026-04-09 10:00:00+00:00,0.58318,0.58343,0.58317,0.58326,246,14,0
2026-04-09 10:15:00+00:00,0.58326,0.5835,0.58312,0.58335,245,14,0
2026-04-09 10:30:00+00:00,0.58335,0.58338,0.58312,0.58322,184,14,0
2026-04-09 10:45:00+00:00,0.58322,0.58323,0.58289,0.58289,270,14,0
2026-04-09 11:00:00+00:00,0.58287,0.58315,0.58286,0.58308,214,14,0
2026-04-09 11:15:00+00:00,0.58307,0.58341,0.58307,0.58337,177,14,0
2026-04-09 11:30:00+00:00,0.58338,0.58392,0.58338,0.58386,269,14,0
2026-04-09 11:45:00+00:00,0.58389,0.58407,0.5837,0.58382,238,14,0
2026-04-09 12:00:00+00:00,0.58382,0.58392,0.58352,0.58362,249,14,0
2026-04-09 12:15:00+00:00,0.58363,0.58364,0.58327,0.5835,201,14,0
2026-04-09 12:30:00+00:00,0.5835,0.58375,0.58307,0.58313,518,14,0
2026-04-09 12:45:00+00:00,0.58312,0.58356,0.58312,0.58354,354,14,0
2026-04-09 13:00:00+00:00,0.58355,0.5839,0.58347,0.58386,352,14,0
2026-04-09 13:15:00+00:00,0.58384,0.58419,0.58383,0.58406,276,14,0
2026-04-09 13:30:00+00:00,0.58407,0.5848,0.58405,0.58468,427,14,0
2026-04-09 13:45:00+00:00,0.58468,0.5847,0.58422,0.5843,423,14,0
2026-04-09 14:00:00+00:00,0.58428,0.58484,0.58423,0.58477,424,14,0
2026-04-09 14:15:00+00:00,0.58477,0.58497,0.58465,0.58494,394,14,0
2026-04-09 14:30:00+00:00,0.58494,0.58496,0.58414,0.58427,427,14,0
2026-04-09 14:45:00+00:00,0.58425,0.58479,0.58413,0.58455,445,14,0
2026-04-09 15:00:00+00:00,0.58454,0.58469,0.58406,0.58467,460,14,0
2026-04-09 15:15:00+00:00,0.58467,0.58563,0.58467,0.585,529,14,0
2026-04-09 15:30:00+00:00,0.58502,0.58632,0.58495,0.5861,815,14,0
2026-04-09 15:45:00+00:00,0.58609,0.58681,0.58584,0.58676,496,14,0
2026-04-09 16:00:00+00:00,0.58677,0.58715,0.58654,0.58691,483,14,0
2026-04-09 16:15:00+00:00,0.58689,0.58729,0.58682,0.58724,409,14,0
2026-04-09 16:30:00+00:00,0.58725,0.58727,0.58683,0.58694,365,14,0
2026-04-09 16:45:00+00:00,0.58694,0.58694,0.58656,0.58662,352,14,0
2026-04-09 17:00:00+00:00,0.58663,0.58726,0.58654,0.58724,325,14,0
2026-04-09 17:15:00+00:00,0.58723,0.58727,0.58702,0.58719,325,14,0
2026-04-09 17:30:00+00:00,0.58721,0.58721,0.58683,0.5869,318,14,0
2026-04-09 17:45:00+00:00,0.5869,0.58705,0.58669,0.58677,298,14,0
2026-04-09 18:00:00+00:00,0.58677,0.58678,0.58584,0.58593,521,14,0
2026-04-09 18:15:00+00:00,0.58594,0.58604,0.58548,0.58555,429,14,0
2026-04-09 18:30:00+00:00,0.58555,0.58564,0.58528,0.5855,272,14,0
2026-04-09 18:45:00+00:00,0.58552,0.5856,0.58545,0.58547,201,14,0
2026-04-09 19:00:00+00:00,0.58547,0.58574,0.58542,0.58574,247,14,0
2026-04-09 19:15:00+00:00,0.58574,0.58581,0.5855,0.58575,205,14,0
2026-04-09 19:30:00+00:00,0.58575,0.58611,0.58575,0.58606,221,14,0
2026-04-09 19:45:00+00:00,0.58606,0.58611,0.58584,0.58596,178,14,0
2026-04-09 20:00:00+00:00,0.58596,0.58597,0.58576,0.5859,179,14,0
2026-04-09 20:15:00+00:00,0.5859,0.58606,0.58582,0.58604,137,14,0
2026-04-09 20:30:00+00:00,0.58603,0.58608,0.58582,0.58589,90,14,0
2026-04-09 20:45:00+00:00,0.58589,0.58593,0.58573,0.58582,130,14,0
2026-04-09 21:00:00+00:00,0.58584,0.58589,0.58549,0.58549,200,16,0
2026-04-09 21:15:00+00:00,0.58548,0.58573,0.58543,0.58562,243,66,0
2026-04-09 21:30:00+00:00,0.58564,0.58579,0.58539,0.58548,301,58,0
2026-04-09 21:45:00+00:00,0.58549,0.58593,0.58549,0.58593,200,34,0
2026-04-09 22:00:00+00:00,0.58618,0.58623,0.58565,0.58565,122,14,0
2026-04-09 22:15:00+00:00,0.58565,0.58582,0.58554,0.58554,97,14,0
2026-04-09 22:30:00+00:00,0.58555,0.58571,0.58502,0.5853,216,14,0
2026-04-09 22:45:00+00:00,0.58531,0.5855,0.58524,0.58547,139,14,0
2026-04-09 23:00:00+00:00,0.58547,0.58558,0.58541,0.58551,112,14,0
2026-04-09 23:15:00+00:00,0.58551,0.58553,0.58525,0.58541,123,14,0
2026-04-09 23:30:00+00:00,0.58541,0.58556,0.58524,0.58533,109,14,0
2026-04-09 23:45:00+00:00,0.58533,0.58538,0.58489,0.58501,146,14,0
2026-04-10 00:00:00+00:00,0.58501,0.58507,0.58471,0.58485,221,14,0
2026-04-10 00:15:00+00:00,0.58485,0.58489,0.58464,0.58464,182,14,0
2026-04-10 00:30:00+00:00,0.58464,0.58515,0.58456,0.585,209,14,0
2026-04-10 00:45:00+00:00,0.585,0.585,0.58472,0.58494,213,14,0
2026-04-10 01:00:00+00:00,0.58494,0.58504,0.58471,0.58494,223,14,0
2026-04-10 01:15:00+00:00,0.58494,0.585,0.58476,0.585,202,14,0
2026-04-10 01:30:00+00:00,0.58498,0.58535,0.58494,0.58528,227,14,0
2026-04-10 01:45:00+00:00,0.58527,0.58544,0.58517,0.58518,214,14,0
2026-04-10 02:00:00+00:00,0.58518,0.58529,0.58482,0.58482,255,14,0
2026-04-10 02:15:00+00:00,0.58484,0.58498,0.58451,0.58452,170,14,0
2026-04-10 02:30:00+00:00,0.58452,0.58474,0.58444,0.58471,160,14,0
2026-04-10 02:45:00+00:00,0.58472,0.58474,0.5846,0.58462,128,14,0
2026-04-10 03:00:00+00:00,0.58461,0.58474,0.58453,0.58455,138,14,0
2026-04-10 03:15:00+00:00,0.58455,0.58489,0.58454,0.58482,122,14,0
2026-04-10 03:30:00+00:00,0.58482,0.58495,0.58482,0.58489,157,14,0
2026-04-10 03:45:00+00:00,0.58489,0.58525,0.58488,0.58507,145,14,0
2026-04-10 04:00:00+00:00,0.58506,0.58512,0.58486,0.58492,119,14,0
2026-04-10 04:15:00+00:00,0.58492,0.58496,0.5847,0.58471,118,14,0
2026-04-10 04:30:00+00:00,0.58471,0.58475,0.58459,0.58462,129,14,0
2026-04-10 04:45:00+00:00,0.58462,0.58489,0.58455,0.58459,137,14,0
2026-04-10 05:00:00+00:00,0.58459,0.58469,0.5844,0.58441,154,14,0
2026-04-10 05:15:00+00:00,0.58441,0.58459,0.58436,0.58439,136,14,0
2026-04-10 05:30:00+00:00,0.58439,0.58469,0.58439,0.58442,182,14,0
2026-04-10 05:45:00+00:00,0.58442,0.58463,0.58442,0.58461,128,14,0
2026-04-10 06:00:00+00:00,0.58461,0.58503,0.58461,0.58465,274,14,0
2026-04-10 06:15:00+00:00,0.58465,0.58478,0.58436,0.5844,254,14,0
2026-04-10 06:30:00+00:00,0.58439,0.58456,0.58414,0.58422,280,14,0
2026-04-10 06:45:00+00:00,0.58422,0.58424,0.58395,0.58405,227,14,0
2026-04-10 07:00:00+00:00,0.58405,0.58434,0.58396,0.58414,271,14,0
2026-04-10 07:15:00+00:00,0.58417,0.58442,0.58397,0.58419,259,14,0
2026-04-10 07:30:00+00:00,0.5842,0.58421,0.58394,0.58407,231,14,0
2026-04-10 07:45:00+00:00,0.58407,0.58411,0.58335,0.58341,237,14,0
2026-04-10 08:00:00+00:00,0.58341,0.58378,0.5832,0.58372,276,14,0
2026-04-10 08:15:00+00:00,0.58373,0.58383,0.58349,0.58382,213,14,0
2026-04-10 08:30:00+00:00,0.58381,0.58417,0.58381,0.58393,191,14,0
2026-04-10 08:45:00+00:00,0.58394,0.58396,0.58344,0.58344,236,14,0
2026-04-10 09:00:00+00:00,0.58344,0.58365,0.58332,0.5834,223,14,0
2026-04-10 09:15:00+00:00,0.5834,0.58428,0.58332,0.58379,636,14,0
2026-04-10 09:30:00+00:00,0.58379,0.58406,0.58351,0.58401,257,14,0
2026-04-10 09:45:00+00:00,0.58401,0.58421,0.58395,0.58417,227,14,0
2026-04-10 10:00:00+00:00,0.58417,0.58421,0.58395,0.58403,257,14,0
2026-04-10 10:15:00+00:00,0.58403,0.58442,0.58393,0.5842,194,14,0
2026-04-10 10:30:00+00:00,0.5842,0.58435,0.58408,0.58423,208,14,0
2026-04-10 10:45:00+00:00,0.58423,0.5843,0.58411,0.58415,202,14,0
2026-04-10 11:00:00+00:00,0.58415,0.58445,0.5841,0.58436,225,14,0
2026-04-10 11:15:00+00:00,0.58436,0.5846,0.58428,0.58435,195,14,0
2026-04-10 11:30:00+00:00,0.58435,0.58437,0.5841,0.58433,178,14,0
2026-04-10 11:45:00+00:00,0.58433,0.58462,0.58428,0.58457,165,14,0
2026-04-10 12:00:00+00:00,0.58457,0.58472,0.58446,0.58468,249,14,0
2026-04-10 12:15:00+00:00,0.58468,0.58487,0.58461,0.58486,254,14,0
2026-04-10 12:30:00+00:00,0.58487,0.58558,0.58487,0.58522,615,14,0
2026-04-10 12:45:00+00:00,0.58523,0.58528,0.58497,0.58507,367,14,0
2026-04-10 13:00:00+00:00,0.58505,0.58529,0.58492,0.58521,375,14,0
2026-04-10 13:15:00+00:00,0.58521,0.58613,0.58512,0.58608,322,14,0
2026-04-10 13:30:00+00:00,0.58608,0.58623,0.58564,0.58566,470,14,0
2026-04-10 13:45:00+00:00,0.58566,0.58578,0.58522,0.58538,417,14,0
2026-04-10 14:00:00+00:00,0.58535,0.58622,0.58527,0.58622,448,14,0
2026-04-10 14:15:00+00:00,0.58623,0.58683,0.58612,0.58653,382,14,0
2026-04-10 14:30:00+00:00,0.58652,0.58668,0.58558,0.58581,485,14,0
2026-04-10 14:45:00+00:00,0.58583,0.58589,0.58496,0.58515,535,14,0
2026-04-10 15:00:00+00:00,0.58515,0.58557,0.58496,0.58542,409,14,0
2026-04-10 15:15:00+00:00,0.58542,0.5856,0.58495,0.58495,330,14,0
2026-04-10 15:30:00+00:00,0.58493,0.58511,0.58431,0.58442,469,14,0
2026-04-10 15:45:00+00:00,0.58442,0.58445,0.58402,0.58409,365,14,0
2026-04-10 16:00:00+00:00,0.58409,0.58416,0.58378,0.58397,326,14,0
2026-04-10 16:15:00+00:00,0.58397,0.58412,0.58381,0.58389,258,14,0
2026-04-10 16:30:00+00:00,0.58388,0.58393,0.5833,0.5833,319,14,0
2026-04-10 16:45:00+00:00,0.58328,0.58381,0.58323,0.58377,312,14,0
2026-04-10 17:00:00+00:00,0.58377,0.58388,0.58354,0.58382,262,14,0
2026-04-10 17:15:00+00:00,0.58382,0.58387,0.58366,0.58382,212,14,0
2026-04-10 17:30:00+00:00,0.58382,0.58409,0.58371,0.58404,242,14,0
2026-04-10 17:45:00+00:00,0.58404,0.58415,0.58387,0.58394,192,14,0
2026-04-10 18:00:00+00:00,0.58395,0.58395,0.58349,0.58392,282,14,0
2026-04-10 18:15:00+00:00,0.58392,0.58441,0.58391,0.58436,290,14,0
2026-04-10 18:30:00+00:00,0.58436,0.58473,0.58436,0.5845,251,14,0
2026-04-10 18:45:00+00:00,0.58449,0.58457,0.58432,0.58438,169,14,0
2026-04-10 19:00:00+00:00,0.58438,0.58449,0.58422,0.58428,187,14,0
2026-04-10 19:15:00+00:00,0.58428,0.58434,0.58417,0.58419,129,14,0
2026-04-10 19:30:00+00:00,0.58418,0.58435,0.58409,0.58432,151,14,0
2026-04-10 19:45:00+00:00,0.58432,0.58447,0.58421,0.58422,164,14,0
2026-04-10 20:00:00+00:00,0.58422,0.58431,0.58414,0.58425,117,14,0
2026-04-10 20:15:00+00:00,0.58427,0.58438,0.58424,0.58432,87,14,0
2026-04-10 20:30:00+00:00,0.58432,0.5844,0.58422,0.58423,122,14,0
2026-04-10 20:45:00+00:00,0.58423,0.58424,0.58356,0.58361,264,14,0
2026-04-12 21:00:00+00:00,0.57956,0.57975,0.57956,0.57973,70,60,0
2026-04-12 21:15:00+00:00,0.57973,0.5801,0.5797,0.57999,90,60,0
2026-04-12 21:30:00+00:00,0.57999,0.58026,0.57995,0.58025,130,60,0
2026-04-12 21:45:00+00:00,0.58026,0.58069,0.58011,0.58069,119,60,0
2026-04-12 22:00:00+00:00,0.58095,0.58113,0.57973,0.57988,534,14,0
2026-04-12 22:15:00+00:00,0.5799,0.58028,0.57946,0.57961,353,14,0
2026-04-12 22:30:00+00:00,0.57963,0.58018,0.57951,0.5801,353,14,0
2026-04-12 22:45:00+00:00,0.5801,0.58026,0.57993,0.58014,222,14,0
2026-04-12 23:00:00+00:00,0.58013,0.58019,0.57986,0.57995,276,14,0
2026-04-12 23:15:00+00:00,0.57995,0.57997,0.57969,0.57975,197,14,0
2026-04-12 23:30:00+00:00,0.57975,0.58,0.57974,0.58,166,14,0
2026-04-12 23:45:00+00:00,0.58,0.5804,0.58,0.58026,283,14,0
2026-04-13 00:00:00+00:00,0.58028,0.58083,0.58001,0.58082,432,14,0
2026-04-13 00:15:00+00:00,0.5808,0.5814,0.58073,0.58113,307,14,0
2026-04-13 00:30:00+00:00,0.58112,0.58155,0.58112,0.58129,273,14,0
2026-04-13 00:45:00+00:00,0.58129,0.58174,0.58126,0.58174,279,14,0
2026-04-13 01:00:00+00:00,0.58175,0.58233,0.58175,0.58215,409,14,0
2026-04-13 01:15:00+00:00,0.58214,0.58217,0.5819,0.58196,267,14,0
2026-04-13 01:30:00+00:00,0.58196,0.58196,0.58147,0.58148,224,14,0
2026-04-13 01:45:00+00:00,0.58148,0.5818,0.58145,0.58174,234,14,0
2026-04-13 02:00:00+00:00,0.58174,0.5819,0.58163,0.58184,183,14,0
2026-04-13 02:15:00+00:00,0.58184,0.582,0.58175,0.58193,164,14,0
2026-04-13 02:30:00+00:00,0.58193,0.58209,0.5818,0.58198,164,14,0
2026-04-13 02:45:00+00:00,0.58198,0.58224,0.58183,0.58223,197,14,0
2026-04-13 03:00:00+00:00,0.58223,0.58239,0.58199,0.58199,198,14,0
2026-04-13 03:15:00+00:00,0.58199,0.58216,0.58197,0.58201,139,14,0
2026-04-13 03:30:00+00:00,0.58199,0.58231,0.58195,0.58229,153,14,0
2026-04-13 03:45:00+00:00,0.58229,0.58249,0.58212,0.58246,123,14,0
2026-04-13 04:00:00+00:00,0.58245,0.58254,0.58232,0.58254,147,14,0
2026-04-13 04:15:00+00:00,0.58254,0.58268,0.58252,0.58261,113,14,0
2026-04-13 04:30:00+00:00,0.58262,0.58269,0.58244,0.58257,126,14,0
2026-04-13 04:45:00+00:00,0.58257,0.58268,0.58244,0.58246,129,14,0
2026-04-13 05:00:00+00:00,0.58248,0.58251,0.58219,0.58235,177,14,0
2026-04-13 05:15:00+00:00,0.58235,0.58252,0.58224,0.58246,192,14,0
2026-04-13 05:30:00+00:00,0.58246,0.58263,0.58236,0.58244,186,14,0
2026-04-13 05:45:00+00:00,0.58244,0.58256,0.58229,0.58247,186,14,0
2026-04-13 06:00:00+00:00,0.58249,0.58279,0.58248,0.58252,343,14,0
2026-04-13 06:15:00+00:00,0.58252,0.5828,0.58248,0.58275,269,14,0
2026-04-13 06:30:00+00:00,0.58275,0.58285,0.58253,0.58255,234,14,0
2026-04-13 06:45:00+00:00,0.58254,0.58287,0.58241,0.58286,230,14,0
2026-04-13 07:00:00+00:00,0.58286,0.58343,0.58286,0.58315,304,14,0
2026-04-13 07:15:00+00:00,0.58314,0.58366,0.58309,0.58366,276,14,0
2026-04-13 07:30:00+00:00,0.58366,0.58406,0.58355,0.58355,310,14,0
2026-04-13 07:45:00+00:00,0.58355,0.58366,0.58334,0.58364,262,14,0
2026-04-13 08:00:00+00:00,0.58364,0.5838,0.58324,0.58324,365,14,0
2026-04-13 08:15:00+00:00,0.58321,0.5834,0.58304,0.58331,238,14,0
2026-04-13 08:30:00+00:00,0.58331,0.58343,0.58289,0.58289,235,14,0
2026-04-13 08:45:00+00:00,0.5829,0.58309,0.58288,0.58297,216,14,0
2026-04-13 09:00:00+00:00,0.58298,0.58322,0.58263,0.5827,277,14,0
2026-04-13 09:15:00+00:00,0.5827,0.58302,0.58267,0.5829,212,14,0
2026-04-13 09:30:00+00:00,0.58288,0.58308,0.58286,0.58294,191,14,0
2026-04-13 09:45:00+00:00,0.58294,0.583,0.58273,0.58282,184,14,0
2026-04-13 10:00:00+00:00,0.58282,0.583,0.58274,0.5828,211,14,0
2026-04-13 10:15:00+00:00,0.5828,0.58284,0.58257,0.58284,169,14,0
2026-04-13 10:30:00+00:00,0.58283,0.58303,0.58277,0.58302,163,14,0
2026-04-13 10:45:00+00:00,0.58302,0.58328,0.58301,0.58311,206,14,0
2026-04-13 11:00:00+00:00,0.58314,0.58353,0.58314,0.58343,244,14,0
2026-04-13 11:15:00+00:00,0.58343,0.58348,0.58297,0.58302,196,14,0
2026-04-13 11:30:00+00:00,0.58301,0.58323,0.58244,0.58262,310,14,0
2026-04-13 11:45:00+00:00,0.58262,0.58265,0.58184,0.58184,350,14,0
2026-04-13 12:00:00+00:00,0.58184,0.58196,0.58147,0.5819,394,14,0
2026-04-13 12:15:00+00:00,0.58189,0.58211,0.58185,0.582,276,14,0
2026-04-13 12:30:00+00:00,0.582,0.58205,0.58165,0.58194,344,14,0
2026-04-13 12:45:00+00:00,0.58194,0.58265,0.58194,0.58258,305,14,0
2026-04-13 13:00:00+00:00,0.58259,0.58276,0.58249,0.58261,320,14,0
2026-04-13 13:15:00+00:00,0.58261,0.58279,0.58238,0.58266,302,14,0
2026-04-13 13:30:00+00:00,0.58266,0.58314,0.5826,0.5829,442,14,0
2026-04-13 13:45:00+00:00,0.5829,0.58417,0.5829,0.58356,754,14,0
2026-04-13 14:00:00+00:00,0.58357,0.58393,0.58337,0.58388,541,14,0
2026-04-13 14:15:00+00:00,0.58388,0.58466,0.5838,0.58454,582,14,0
2026-04-13 14:30:00+00:00,0.58455,0.58476,0.58436,0.58472,383,14,0
2026-04-13 14:45:00+00:00,0.58472,0.58477,0.58418,0.58457,446,14,0
2026-04-13 15:00:00+00:00,0.58457,0.58457,0.58412,0.58433,440,14,0
2026-04-13 15:15:00+00:00,0.58435,0.58441,0.58392,0.584,333,14,0
2026-04-13 15:30:00+00:00,0.58398,0.58445,0.58375,0.58401,408,14,0
2026-04-13 15:45:00+00:00,0.584,0.58414,0.58392,0.58406,244,14,0
2026-04-13 16:00:00+00:00,0.58407,0.5845,0.58385,0.58409,464,14,0
2026-04-13 16:15:00+00:00,0.58409,0.58483,0.58409,0.58473,443,14,0
2026-04-13 16:30:00+00:00,0.58473,0.58559,0.58471,0.58555,639,14,0
2026-04-13 16:45:00+00:00,0.58553,0.58594,0.58547,0.58569,493,14,0
2026-04-13 17:00:00+00:00,0.58569,0.58612,0.58569,0.58612,287,14,0
2026-04-13 17:15:00+00:00,0.58611,0.5865,0.58608,0.58628,296,14,0
2026-04-13 17:30:00+00:00,0.58628,0.58635,0.58608,0.58612,211,14,0
2026-04-13 17:45:00+00:00,0.58612,0.58622,0.58603,0.58617,214,14,0
2026-04-13 18:00:00+00:00,0.58617,0.58642,0.58616,0.58636,216,14,0
2026-04-13 18:15:00+00:00,0.58636,0.58637,0.5861,0.58621,234,14,0
2026-04-13 18:30:00+00:00,0.58619,0.58671,0.58617,0.58667,306,14,0
2026-04-13 18:45:00+00:00,0.58667,0.58724,0.58665,0.58723,295,14,0
2026-04-13 19:00:00+00:00,0.58723,0.58728,0.58684,0.58697,198,14,0
2026-04-13 19:15:00+00:00,0.58698,0.58712,0.58686,0.58708,139,14,0
2026-04-13 19:30:00+00:00,0.58708,0.58715,0.58673,0.58679,157,14,0
2026-04-13 19:45:00+00:00,0.58679,0.58687,0.58662,0.58676,204,14,0
2026-04-13 20:00:00+00:00,0.58677,0.58687,0.58673,0.58678,84,14,0
2026-04-13 20:15:00+00:00,0.58678,0.58683,0.58672,0.58677,54,14,0
2026-04-13 20:30:00+00:00,0.58677,0.58677,0.58667,0.58671,90,14,0
2026-04-13 20:45:00+00:00,0.58671,0.58671,0.58652,0.5866,121,14,0
2026-04-13 21:00:00+00:00,0.58661,0.58662,0.5861,0.58612,100,16,0
2026-04-13 21:15:00+00:00,0.5861,0.58635,0.58598,0.58628,267,52,0
2026-04-13 21:30:00+00:00,0.5863,0.58656,0.58619,0.5862,221,30,0
2026-04-13 21:45:00+00:00,0.58621,0.58666,0.58618,0.58666,173,40,0
2026-04-13 22:00:00+00:00,0.58684,0.58719,0.58677,0.58677,166,14,0
2026-04-13 22:15:00+00:00,0.58677,0.58685,0.58666,0.58685,57,14,0
2026-04-13 22:30:00+00:00,0.58685,0.58689,0.58667,0.58672,102,14,0
2026-04-13 22:45:00+00:00,0.58674,0.58695,0.58674,0.5869,90,14,0
2026-04-13 23:00:00+00:00,0.5869,0.58715,0.58687,0.58703,127,14,0
2026-04-13 23:15:00+00:00,0.58704,0.58722,0.58703,0.5872,88,14,0
2026-04-13 23:30:00+00:00,0.58721,0.58725,0.58712,0.58715,99,14,0
2026-04-13 23:45:00+00:00,0.58715,0.58724,0.58695,0.58704,150,14,0
2026-04-14 00:00:00+00:00,0.58704,0.58713,0.5866,0.5868,323,14,0
2026-04-14 00:15:00+00:00,0.5868,0.587,0.58664,0.58668,206,14,0
2026-04-14 00:30:00+00:00,0.58668,0.58679,0.5863,0.58636,161,14,0
2026-04-14 00:45:00+00:00,0.58635,0.58657,0.58631,0.58655,185,14,0
2026-04-14 01:00:00+00:00,0.58656,0.58671,0.58639,0.58655,176,14,0
2026-04-14 01:15:00+00:00,0.58655,0.58656,0.58624,0.58632,189,14,0
2026-04-14 01:30:00+00:00,0.58632,0.58632,0.58592,0.58597,224,14,0
2026-04-14 01:45:00+00:00,0.58597,0.58597,0.58563,0.58568,169,14,0
2026-04-14 02:00:00+00:00,0.58567,0.58596,0.58567,0.58575,157,14,0
2026-04-14 02:15:00+00:00,0.58576,0.58598,0.58575,0.58592,154,14,0
2026-04-14 02:30:00+00:00,0.58592,0.58615,0.58579,0.58604,125,14,0
2026-04-14 02:45:00+00:00,0.58606,0.58607,0.58592,0.58599,124,14,0
2026-04-14 03:00:00+00:00,0.58599,0.58616,0.58587,0.58612,109,14,0
2026-04-14 03:15:00+00:00,0.58612,0.58643,0.58612,0.58636,132,14,0
2026-04-14 03:30:00+00:00,0.58637,0.58671,0.58635,0.58652,112,14,0
2026-04-14 03:45:00+00:00,0.58653,0.58682,0.58652,0.58655,127,14,0
2026-04-14 04:00:00+00:00,0.58655,0.58666,0.58655,0.58666,94,14,0
2026-04-14 04:15:00+00:00,0.58666,0.58706,0.5866,0.58697,107,14,0
2026-04-14 04:30:00+00:00,0.58697,0.58702,0.58689,0.58701,94,14,0
2026-04-14 04:45:00+00:00,0.58701,0.58715,0.587,0.58711,105,14,0
2026-04-14 05:00:00+00:00,0.58712,0.58728,0.58702,0.58707,182,14,0
2026-04-14 05:15:00+00:00,0.58707,0.58708,0.58681,0.58689,157,14,0
2026-04-14 05:30:00+00:00,0.58688,0.58701,0.58673,0.58701,192,14,0
2026-04-14 05:45:00+00:00,0.58701,0.58722,0.58697,0.58714,147,14,0
2026-04-14 06:00:00+00:00,0.58716,0.58756,0.58715,0.58715,284,14,0
2026-04-14 06:15:00+00:00,0.58715,0.58753,0.58704,0.58752,269,14,0
2026-04-14 06:30:00+00:00,0.5875,0.58802,0.58739,0.58801,213,14,0
2026-04-14 06:45:00+00:00,0.58799,0.58832,0.58799,0.58814,233,14,0
2026-04-14 07:00:00+00:00,0.58814,0.58933,0.58814,0.58904,566,14,0
2026-04-14 07:15:00+00:00,0.58906,0.58925,0.58878,0.58896,415,14,0
2026-04-14 07:30:00+00:00,0.58898,0.58928,0.58885,0.58892,287,14,0
2026-04-14 07:45:00+00:00,0.5889,0.58903,0.58851,0.58872,302,14,0
2026-04-14 08:00:00+00:00,0.58871,0.58881,0.5884,0.58847,360,14,0
2026-04-14 08:15:00+00:00,0.58848,0.58876,0.58844,0.58872,286,14,0
2026-04-14 08:30:00+00:00,0.58874,0.58932,0.58862,0.58924,348,14,0
2026-04-14 08:45:00+00:00,0.58923,0.58925,0.58899,0.5892,198,14,0
2026-04-14 09:00:00+00:00,0.5892,0.58951,0.58904,0.58908,289,14,0
2026-04-14 09:15:00+00:00,0.58908,0.58946,0.58904,0.58904,223,14,0
2026-04-14 09:30:00+00:00,0.58901,0.58972,0.58882,0.58964,222,14,0
2026-04-14 09:45:00+00:00,0.58964,0.58964,0.58934,0.58964,196,14,0
2026-04-14 10:00:00+00:00,0.58965,0.59009,0.58954,0.59002,231,14,0
2026-04-14 10:15:00+00:00,0.59002,0.59002,0.5893,0.58933,263,14,0
2026-04-14 10:30:00+00:00,0.58933,0.58955,0.58925,0.58948,269,14,0
2026-04-14 10:45:00+00:00,0.58948,0.58966,0.58943,0.58946,219,14,0
2026-04-14 11:00:00+00:00,0.58944,0.58971,0.58938,0.58968,247,14,0
2026-04-14 11:15:00+00:00,0.58968,0.5903,0.58965,0.59028,184,14,0
2026-04-14 11:30:00+00:00,0.59029,0.59031,0.58976,0.59017,245,14,0
2026-04-14 11:45:00+00:00,0.59019,0.5905,0.58996,0.59016,303,14,0
2026-04-14 12:00:00+00:00,0.59017,0.59036,0.58977,0.59003,433,14,0
2026-04-14 12:15:00+00:00,0.59003,0.59054,0.58986,0.59038,372,14,0
2026-04-14 12:30:00+00:00,0.5904,0.59078,0.59021,0.59036,494,14,0
2026-04-14 12:45:00+00:00,0.59037,0.59097,0.59032,0.59095,332,14,0
2026-04-14 13:00:00+00:00,0.59093,0.59126,0.59078,0.59107,406,14,0
2026-04-14 13:15:00+00:00,0.59106,0.59111,0.59047,0.59058,344,14,0
2026-04-14 13:30:00+00:00,0.59058,0.59114,0.59024,0.59105,547,14,0
2026-04-14 13:45:00+00:00,0.59103,0.59114,0.5906,0.59094,430,14,0
2026-04-14 14:00:00+00:00,0.59093,0.59162,0.59084,0.59161,503,14,0
2026-04-14 14:15:00+00:00,0.59162,0.59185,0.59147,0.5917,399,14,0
2026-04-14 14:30:00+00:00,0.59171,0.59193,0.59142,0.59157,370,14,0
2026-04-14 14:45:00+00:00,0.59157,0.59178,0.59118,0.59152,357,14,0
2026-04-14 15:00:00+00:00,0.5915,0.5915,0.59099,0.59117,405,14,0
2026-04-14 15:15:00+00:00,0.59117,0.59126,0.59091,0.59094,413,14,0
2026-04-14 15:30:00+00:00,0.59095,0.59128,0.59092,0.59092,369,14,0
2026-04-14 15:45:00+00:00,0.59094,0.591,0.59044,0.59047,318,14,0
2026-04-14 16:00:00+00:00,0.59046,0.59057,0.59029,0.59051,260,14,0
2026-04-14 16:15:00+00:00,0.59051,0.59068,0.59044,0.59063,244,14,0
2026-04-14 16:30:00+00:00,0.59063,0.59069,0.59046,0.59063,233,14,0
2026-04-14 16:45:00+00:00,0.59063,0.59067,0.59047,0.59047,207,14,0
2026-04-14 17:00:00+00:00,0.59048,0.59059,0.59029,0.59044,225,14,0
2026-04-14 17:15:00+00:00,0.59045,0.59087,0.59041,0.59078,199,14,0
2026-04-14 17:30:00+00:00,0.59079,0.59093,0.59072,0.59088,180,14,0
2026-04-14 17:45:00+00:00,0.59088,0.59089,0.59063,0.59073,177,14,0
2026-04-14 18:00:00+00:00,0.59073,0.59079,0.59051,0.59055,228,14,0
2026-04-14 18:15:00+00:00,0.59054,0.59056,0.59007,0.59015,289,14,0
2026-04-14 18:30:00+00:00,0.59015,0.59035,0.5901,0.59023,241,14,0
2026-04-14 18:45:00+00:00,0.59023,0.59031,0.5901,0.5903,151,14,0
2026-04-14 19:00:00+00:00,0.5903,0.59037,0.59017,0.59024,151,14,0
2026-04-14 19:15:00+00:00,0.59024,0.59036,0.59021,0.59035,103,14,0
2026-04-14 19:30:00+00:00,0.59033,0.59039,0.59006,0.59012,151,14,0
2026-04-14 19:45:00+00:00,0.59011,0.59025,0.5901,0.59016,164,14,0
2026-04-14 20:00:00+00:00,0.59018,0.59021,0.5901,0.59015,118,14,0
2026-04-14 20:15:00+00:00,0.59015,0.59021,0.59014,0.5902,75,14,0
2026-04-14 20:30:00+00:00,0.5902,0.59021,0.59013,0.59016,54,14,0
2026-04-14 20:45:00+00:00,0.59016,0.59016,0.58998,0.59002,96,14,0
2026-04-14 21:00:00+00:00,0.59,0.59006,0.58958,0.58958,139,20,0
2026-04-14 21:15:00+00:00,0.58959,0.58986,0.58954,0.5898,206,44,0
2026-04-14 21:30:00+00:00,0.58981,0.58993,0.58978,0.58989,176,18,0
2026-04-14 21:45:00+00:00,0.58988,0.58992,0.58976,0.58985,165,18,0
2026-04-14 22:00:00+00:00,0.58988,0.59018,0.58988,0.59008,173,14,0
2026-04-14 22:15:00+00:00,0.59014,0.59026,0.59009,0.59013,104,14,0
2026-04-14 22:30:00+00:00,0.59013,0.59015,0.59002,0.59011,112,14,0
2026-04-14 22:45:00+00:00,0.59011,0.59018,0.59007,0.59017,83,14,0
2026-04-14 23:00:00+00:00,0.59017,0.59021,0.59011,0.59019,81,14,0
2026-04-14 23:15:00+00:00,0.59019,0.59033,0.59019,0.59031,66,14,0
2026-04-14 23:30:00+00:00,0.59031,0.59053,0.59031,0.59046,253,14,0
2026-04-14 23:45:00+00:00,0.59046,0.59056,0.59013,0.59019,175,14,0
2026-04-15 00:00:00+00:00,0.59017,0.59034,0.58995,0.58998,253,14,0
2026-04-15 00:15:00+00:00,0.58997,0.59033,0.58992,0.59022,183,14,0
2026-04-15 00:30:00+00:00,0.59023,0.59023,0.58974,0.58982,185,14,0
2026-04-15 00:45:00+00:00,0.58982,0.59007,0.58977,0.59005,189,14,0
2026-04-15 01:00:00+00:00,0.59005,0.59031,0.58986,0.59012,247,14,0
2026-04-15 01:15:00+00:00,0.59012,0.59012,0.58982,0.58984,256,14,0
2026-04-15 01:30:00+00:00,0.58984,0.58985,0.58962,0.5897,191,14,0
2026-04-15 01:45:00+00:00,0.5897,0.58995,0.5897,0.58981,192,14,0
2026-04-15 02:00:00+00:00,0.58981,0.58997,0.58964,0.58965,120,14,0
2026-04-15 02:15:00+00:00,0.58965,0.58972,0.58947,0.58949,134,14,0
2026-04-15 02:30:00+00:00,0.58949,0.58958,0.58922,0.58958,190,14,0
2026-04-15 02:45:00+00:00,0.58957,0.58978,0.58952,0.58966,169,14,0
2026-04-15 03:00:00+00:00,0.58966,0.58977,0.5895,0.58972,160,14,0
2026-04-15 03:15:00+00:00,0.58972,0.59001,0.58971,0.58996,131,14,0
2026-04-15 03:30:00+00:00,0.58996,0.59004,0.58988,0.59,149,14,0
2026-04-15 03:45:00+00:00,0.59,0.59027,0.59,0.59007,135,14,0
2026-04-15 04:00:00+00:00,0.59007,0.59007,0.58981,0.59002,137,14,0
2026-04-15 04:15:00+00:00,0.59002,0.59016,0.58992,0.59015,109,14,0
2026-04-15 04:30:00+00:00,0.59015,0.59017,0.58987,0.58993,109,14,0
2026-04-15 04:45:00+00:00,0.58993,0.59003,0.58992,0.59003,88,14,0
2026-04-15 05:00:00+00:00,0.59003,0.59053,0.59002,0.59052,274,14,0
2026-04-15 05:15:00+00:00,0.59052,0.59085,0.59051,0.59062,190,14,0
2026-04-15 05:30:00+00:00,0.59062,0.59063,0.59014,0.59033,208,14,0
2026-04-15 05:45:00+00:00,0.59033,0.59037,0.59012,0.59025,201,14,0
2026-04-15 06:00:00+00:00,0.59025,0.59057,0.59011,0.59016,253,14,0
2026-04-15 06:15:00+00:00,0.59017,0.59023,0.59002,0.59018,243,14,0
2026-04-15 06:30:00+00:00,0.59017,0.59024,0.58992,0.59006,244,14,0
2026-04-15 06:45:00+00:00,0.59006,0.59023,0.58992,0.58992,179,14,0
2026-04-15 07:00:00+00:00,0.58992,0.59057,0.58986,0.59047,333,14,0
2026-04-15 07:15:00+00:00,0.59047,0.59048,0.59002,0.59015,261,14,0
2026-04-15 07:30:00+00:00,0.59014,0.59033,0.59005,0.59016,278,14,0
2026-04-15 07:45:00+00:00,0.59016,0.5904,0.59002,0.59037,285,14,0
2026-04-15 08:00:00+00:00,0.59037,0.59051,0.59016,0.59046,265,14,0
2026-04-15 08:15:00+00:00,0.59046,0.59081,0.59042,0.59073,217,14,0
2026-04-15 08:30:00+00:00,0.59072,0.59072,0.59038,0.5904,201,14,0
2026-04-15 08:45:00+00:00,0.5904,0.59057,0.59015,0.59054,168,14,0
2026-04-15 09:00:00+00:00,0.59055,0.59072,0.58953,0.58986,500,14,0
2026-04-15 09:15:00+00:00,0.58986,0.59024,0.5898,0.58994,314,14,0
2026-04-15 09:30:00+00:00,0.58994,0.59004,0.58971,0.58988,239,14,0
2026-04-15 09:45:00+00:00,0.58988,0.59004,0.58957,0.59003,222,14,0
2026-04-15 10:00:00+00:00,0.59003,0.59018,0.58975,0.58993,274,14,0
2026-04-15 10:15:00+00:00,0.58994,0.58994,0.58913,0.5893,495,14,0
2026-04-15 10:30:00+00:00,0.58929,0.59007,0.58925,0.59003,377,14,0
2026-04-15 10:45:00+00:00,0.59005,0.59037,0.58996,0.58996,308,14,0
2026-04-15 11:00:00+00:00,0.58997,0.59021,0.58989,0.58996,235,14,0
2026-04-15 11:15:00+00:00,0.58996,0.58997,0.58971,0.58977,209,14,0
2026-04-15 11:30:00+00:00,0.58977,0.59003,0.58966,0.58975,264,14,0
2026-04-15 11:45:00+00:00,0.58975,0.59034,0.58944,0.5899,532,14,0
2026-04-15 12:00:00+00:00,0.58989,0.58998,0.58932,0.5894,418,14,0
2026-04-15 12:15:00+00:00,0.5894,0.58972,0.58939,0.58961,276,14,0
2026-04-15 12:30:00+00:00,0.5896,0.58983,0.58951,0.5896,287,14,0
2026-04-15 12:45:00+00:00,0.5896,0.58981,0.58934,0.58957,265,14,0
2026-04-15 13:00:00+00:00,0.58957,0.5898,0.58956,0.58964,303,14,0
2026-04-15 13:15:00+00:00,0.58964,0.59014,0.58949,0.59014,333,14,0
2026-04-15 13:30:00+00:00,0.59016,0.59023,0.58913,0.58913,526,14,0
2026-04-15 13:45:00+00:00,0.58915,0.58966,0.58915,0.58962,398,14,0
2026-04-15 14:00:00+00:00,0.58964,0.59003,0.58953,0.58998,416,14,0
2026-04-15 14:15:00+00:00,0.58998,0.5911,0.58994,0.5911,448,14,0
2026-04-15 14:30:00+00:00,0.59113,0.59116,0.59046,0.59076,431,14,0
2026-04-15 14:45:00+00:00,0.59076,0.59081,0.59033,0.59034,364,14,0
2026-04-15 15:00:00+00:00,0.59035,0.59081,0.59017,0.59073,483,14,0
2026-04-15 15:15:00+00:00,0.59074,0.59114,0.59053,0.59097,362,14,0
2026-04-15 15:30:00+00:00,0.59095,0.59095,0.59053,0.59078,397,14,0
2026-04-15 15:45:00+00:00,0.59078,0.5909,0.59065,0.59065,279,14,0
2026-04-15 16:00:00+00:00,0.59064,0.59113,0.59058,0.59111,273,14,0
2026-04-15 16:15:00+00:00,0.59111,0.59129,0.59102,0.59114,292,14,0
2026-04-15 16:30:00+00:00,0.59115,0.59126,0.59085,0.59108,314,14,0
2026-04-15 16:45:00+00:00,0.59108,0.59121,0.59093,0.59116,307,14,0
2026-04-15 17:00:00+00:00,0.59116,0.59129,0.59109,0.59109,213,14,0
2026-04-15 17:15:00+00:00,0.59109,0.59119,0.59094,0.59099,222,14,0
2026-04-15 17:30:00+00:00,0.59097,0.59101,0.5906,0.59074,221,14,0
2026-04-15 17:45:00+00:00,0.59074,0.59082,0.59061,0.59074,182,14,0
2026-04-15 18:00:00+00:00,0.59074,0.59124,0.59065,0.5912,457,14,0
2026-04-15 18:15:00+00:00,0.59119,0.5914,0.59119,0.59136,251,14,0
2026-04-15 18:30:00+00:00,0.59136,0.59143,0.59126,0.59134,184,14,0
2026-04-15 18:45:00+00:00,0.59136,0.59169,0.59133,0.5915,183,14,0
2026-04-15 19:00:00+00:00,0.59151,0.59186,0.59142,0.59142,255,14,0
2026-04-15 19:15:00+00:00,0.59142,0.59151,0.5913,0.59151,138,14,0
2026-04-15 19:30:00+00:00,0.5915,0.59158,0.59143,0.5915,132,14,0
2026-04-15 19:45:00+00:00,0.5915,0.59167,0.59147,0.59147,198,14,0
2026-04-15 20:00:00+00:00,0.59148,0.59152,0.59119,0.59125,133,14,0
2026-04-15 20:15:00+00:00,0.59125,0.59127,0.59115,0.59117,73,14,0
2026-04-15 20:30:00+00:00,0.59117,0.59124,0.59108,0.59124,92,14,0
2026-04-15 20:45:00+00:00,0.59125,0.59131,0.59119,0.59123,118,14,0
2026-04-15 21:00:00+00:00,0.59122,0.59124,0.59053,0.59055,369,16,0
2026-04-15 21:15:00+00:00,0.59053,0.59062,0.59047,0.59054,158,108,0
2026-04-15 21:30:00+00:00,0.59056,0.59094,0.59051,0.59093,339,62,0
2026-04-15 21:45:00+00:00,0.59092,0.59099,0.59072,0.59084,298,28,0
2026-04-15 22:00:00+00:00,0.59103,0.59132,0.59102,0.59127,122,14,0
2026-04-15 22:15:00+00:00,0.59127,0.59133,0.5912,0.59129,80,14,0
2026-04-15 22:30:00+00:00,0.59129,0.5914,0.59128,0.59138,64,14,0
2026-04-15 22:45:00+00:00,0.59138,0.59151,0.59138,0.59151,66,14,0
2026-04-15 23:00:00+00:00,0.59151,0.59161,0.59151,0.59156,71,14,0
2026-04-15 23:15:00+00:00,0.59156,0.5916,0.5913,0.59137,89,14,0
2026-04-15 23:30:00+00:00,0.59137,0.59148,0.5913,0.59139,68,14,0
2026-04-15 23:45:00+00:00,0.59139,0.59139,0.59104,0.59107,108,14,0
2026-04-16 00:00:00+00:00,0.59106,0.59136,0.59088,0.5911,260,14,0
2026-04-16 00:15:00+00:00,0.5911,0.59134,0.59105,0.59115,203,14,0
2026-04-16 00:30:00+00:00,0.59115,0.59118,0.5909,0.59099,154,14,0
2026-04-16 00:45:00+00:00,0.59099,0.59135,0.59094,0.59122,191,14,0
2026-04-16 01:00:00+00:00,0.59122,0.59134,0.59112,0.59115,215,14,0
2026-04-16 01:15:00+00:00,0.59115,0.59115,0.59071,0.591,216,14,0
2026-04-16 01:30:00+00:00,0.591,0.59114,0.59034,0.59074,293,14,0
2026-04-16 01:45:00+00:00,0.59074,0.59115,0.59072,0.59092,250,14,0
2026-04-16 02:00:00+00:00,0.59092,0.59126,0.59088,0.5909,220,14,0
2026-04-16 02:15:00+00:00,0.5909,0.59103,0.59088,0.591,142,14,0
2026-04-16 02:30:00+00:00,0.59101,0.59204,0.59101,0.59192,295,14,0
2026-04-16 02:45:00+00:00,0.59194,0.59199,0.59149,0.59186,227,14,0
2026-04-16 03:00:00+00:00,0.59186,0.59214,0.5917,0.592,273,14,0
2026-04-16 03:15:00+00:00,0.592,0.59208,0.59164,0.59182,187,14,0
2026-04-16 03:30:00+00:00,0.59182,0.59194,0.59165,0.59191,180,14,0
2026-04-16 03:45:00+00:00,0.59191,0.59209,0.59175,0.59175,184,14,0
2026-04-16 04:00:00+00:00,0.59175,0.59187,0.5915,0.59181,160,14,0
2026-04-16 04:15:00+00:00,0.59181,0.59198,0.5917,0.59174,142,14,0
2026-04-16 04:30:00+00:00,0.59174,0.59174,0.59153,0.59153,97,14,0
2026-04-16 04:45:00+00:00,0.59153,0.59156,0.59134,0.59136,90,14,0
2026-04-16 05:00:00+00:00,0.59135,0.59155,0.59114,0.59116,167,14,0
2026-04-16 05:15:00+00:00,0.59116,0.59124,0.59085,0.59104,151,14,0
2026-04-16 05:30:00+00:00,0.59104,0.59143,0.59096,0.59111,206,14,0
2026-04-16 05:45:00+00:00,0.59112,0.59142,0.5911,0.5913,187,14,0
2026-04-16 06:00:00+00:00,0.59133,0.59149,0.59088,0.59094,317,14,0
2026-04-16 06:15:00+00:00,0.59094,0.59104,0.59076,0.59091,275,14,0
2026-04-16 06:30:00+00:00,0.59093,0.59109,0.59064,0.59109,282,14,0
2026-04-16 06:45:00+00:00,0.59109,0.59123,0.59084,0.59099,267,14,0
2026-04-16 07:00:00+00:00,0.59102,0.59128,0.59088,0.59098,410,14,0
2026-04-16 07:15:00+00:00,0.591,0.59105,0.59067,0.59094,325,14,0
2026-04-16 07:30:00+00:00,0.59094,0.59094,0.59037,0.59043,273,14,0
2026-04-16 07:45:00+00:00,0.59043,0.59043,0.59015,0.59028,288,14,0
2026-04-16 08:00:00+00:00,0.5903,0.59042,0.58981,0.58983,351,14,0
2026-04-16 08:15:00+00:00,0.58985,0.58995,0.5893,0.58967,320,14,0
2026-04-16 08:30:00+00:00,0.58968,0.58978,0.58928,0.58944,281,14,0
2026-04-16 08:45:00+00:00,0.58944,0.58969,0.5894,0.58942,231,14,0
2026-04-16 09:00:00+00:00,0.58941,0.58948,0.58924,0.5893,211,14,0
2026-04-16 09:15:00+00:00,0.5893,0.58944,0.58884,0.58894,231,14,0
2026-04-16 09:30:00+00:00,0.58894,0.58935,0.58883,0.58913,218,14,0
2026-04-16 09:45:00+00:00,0.58914,0.58917,0.5889,0.58898,215,14,0
2026-04-16 10:00:00+00:00,0.58896,0.58908,0.58871,0.58908,214,14,0
2026-04-16 10:15:00+00:00,0.58908,0.58914,0.58853,0.58853,158,14,0
2026-04-16 10:30:00+00:00,0.58853,0.58893,0.58853,0.58887,156,14,0
2026-04-16 10:45:00+00:00,0.58887,0.5889,0.58858,0.58883,212,14,0
2026-04-16 11:00:00+00:00,0.58882,0.58919,0.58882,0.58911,239,14,0
2026-04-16 11:15:00+00:00,0.58911,0.58932,0.58907,0.58917,177,14,0
2026-04-16 11:30:00+00:00,0.58917,0.58939,0.58912,0.5893,188,14,0
2026-04-16 11:45:00+00:00,0.5893,0.5896,0.58925,0.58954,259,14,0
2026-04-16 12:00:00+00:00,0.58954,0.58958,0.58903,0.58906,364,14,0
2026-04-16 12:15:00+00:00,0.58908,0.58921,0.58879,0.58915,233,14,0
2026-04-16 12:30:00+00:00,0.58914,0.5892,0.58879,0.58913,344,14,0
2026-04-16 12:45:00+00:00,0.58913,0.58915,0.5889,0.58898,238,14,0
2026-04-16 13:00:00+00:00,0.589,0.58926,0.58898,0.58906,253,14,0
2026-04-16 13:15:00+00:00,0.58907,0.58924,0.58902,0.58906,255,14,0
2026-04-16 13:30:00+00:00,0.58908,0.58925,0.58883,0.58909,449,14,0
2026-04-16 13:45:00+00:00,0.58908,0.58915,0.58822,0.58883,529,14,0
2026-04-16 14:00:00+00:00,0.58885,0.58935,0.58862,0.58933,484,14,0
2026-04-16 14:15:00+00:00,0.58935,0.58939,0.58881,0.58905,479,14,0
2026-04-16 14:30:00+00:00,0.58907,0.58936,0.58884,0.58907,491,14,0
2026-04-16 14:45:00+00:00,0.58907,0.58925,0.58872,0.58894,436,14,0
2026-04-16 15:00:00+00:00,0.58892,0.58947,0.58876,0.58938,384,14,0
2026-04-16 15:15:00+00:00,0.58938,0.58951,0.589,0.58904,333,14,0
2026-04-16 15:30:00+00:00,0.58902,0.58944,0.58886,0.58921,545,14,0
2026-04-16 15:45:00+00:00,0.58921,0.58937,0.58909,0.58936,300,14,0
2026-04-16 16:00:00+00:00,0.58938,0.5896,0.58921,0.58959,239,14,0
2026-04-16 16:15:00+00:00,0.58959,0.5898,0.58928,0.5893,251,14,0
2026-04-16 16:30:00+00:00,0.5893,0.58931,0.58837,0.58881,529,14,0
2026-04-16 16:45:00+00:00,0.58882,0.58882,0.58828,0.58859,372,14,0
2026-04-16 17:00:00+00:00,0.58859,0.5886,0.58816,0.58816,345,14,0
2026-04-16 17:15:00+00:00,0.58817,0.58849,0.58817,0.58825,296,14,0
2026-04-16 17:30:00+00:00,0.58825,0.58849,0.58823,0.58838,250,14,0
2026-04-16 17:45:00+00:00,0.58838,0.58844,0.58822,0.58836,243,14,0
2026-04-16 18:00:00+00:00,0.58836,0.58879,0.58834,0.58851,396,14,0
2026-04-16 18:15:00+00:00,0.58851,0.58862,0.5884,0.58853,283,14,0
2026-04-16 18:30:00+00:00,0.58853,0.58876,0.58849,0.58871,249,14,0
2026-04-16 18:45:00+00:00,0.58871,0.58871,0.58846,0.5885,178,14,0
2026-04-16 19:00:00+00:00,0.5885,0.58892,0.5885,0.58891,183,14,0
2026-04-16 19:15:00+00:00,0.58891,0.58907,0.58887,0.58894,138,14,0
2026-04-16 19:30:00+00:00,0.58894,0.58909,0.58892,0.58892,172,14,0
2026-04-16 19:45:00+00:00,0.58892,0.58899,0.58882,0.58882,184,14,0
2026-04-16 20:00:00+00:00,0.58882,0.58889,0.58871,0.58887,138,14,0
2026-04-16 20:15:00+00:00,0.58887,0.58888,0.58872,0.58885,104,14,0
2026-04-16 20:30:00+00:00,0.58885,0.589,0.58885,0.58899,72,14,0
2026-04-16 20:45:00+00:00,0.58899,0.58901,0.58886,0.58886,52,14,0
2026-04-16 21:00:00+00:00,0.58887,0.58892,0.58876,0.58879,129,28,0
2026-04-16 21:15:00+00:00,0.58877,0.58891,0.58875,0.5888,183,38,0
2026-04-16 21:30:00+00:00,0.58882,0.58904,0.58872,0.58903,175,18,0
2026-04-16 21:45:00+00:00,0.58904,0.5891,0.589,0.58909,117,14,0
2026-04-16 22:00:00+00:00,0.58914,0.58914,0.58887,0.58901,145,14,0
2026-04-16 22:15:00+00:00,0.58901,0.58904,0.58891,0.58904,108,14,0
2026-04-16 22:30:00+00:00,0.58904,0.58907,0.58896,0.58906,87,14,0
2026-04-16 22:45:00+00:00,0.58906,0.58907,0.58895,0.58902,47,14,0
2026-04-16 23:00:00+00:00,0.58902,0.58909,0.58896,0.58901,66,14,0
2026-04-16 23:15:00+00:00,0.58901,0.58924,0.58901,0.58916,63,14,0
2026-04-16 23:30:00+00:00,0.58916,0.58916,0.58877,0.58877,64,14,0
2026-04-16 23:45:00+00:00,0.58877,0.5888,0.58837,0.58846,104,14,0
2026-04-17 00:00:00+00:00,0.58845,0.58855,0.58821,0.5884,280,14,0
2026-04-17 00:15:00+00:00,0.5884,0.58862,0.58832,0.58856,184,14,0
2026-04-17 00:30:00+00:00,0.58857,0.58875,0.58852,0.58875,195,14,0
2026-04-17 00:45:00+00:00,0.58875,0.58883,0.58847,0.58859,178,14,0
2026-04-17 01:00:00+00:00,0.58858,0.58867,0.58825,0.58851,248,14,0
2026-04-17 01:15:00+00:00,0.58849,0.58866,0.58825,0.58828,203,14,0
2026-04-17 01:30:00+00:00,0.58829,0.58842,0.58804,0.58832,224,14,0
2026-04-17 01:45:00+00:00,0.58832,0.5884,0.58816,0.58829,185,14,0
2026-04-17 02:00:00+00:00,0.58829,0.58833,0.58802,0.58812,163,14,0
2026-04-17 02:15:00+00:00,0.58812,0.58835,0.58812,0.58826,110,14,0
2026-04-17 02:30:00+00:00,0.58826,0.58846,0.58826,0.58831,89,14,0
2026-04-17 02:45:00+00:00,0.58831,0.58836,0.58828,0.58828,105,14,0
2026-04-17 03:00:00+00:00,0.58828,0.58846,0.58827,0.5883,109,14,0
2026-04-17 03:15:00+00:00,0.5883,0.58832,0.58794,0.58798,106,14,0
2026-04-17 03:30:00+00:00,0.58798,0.58848,0.58796,0.58841,140,14,0
2026-04-17 03:45:00+00:00,0.58841,0.5886,0.58837,0.58843,122,14,0
2026-04-17 04:00:00+00:00,0.58842,0.58857,0.58837,0.58857,108,14,0
2026-04-17 04:15:00+00:00,0.58856,0.58874,0.58851,0.58869,124,14,0
2026-04-17 04:30:00+00:00,0.58869,0.58871,0.58856,0.58862,88,14,0
2026-04-17 04:45:00+00:00,0.58862,0.58876,0.58856,0.58873,109,14,0
2026-04-17 05:00:00+00:00,0.58873,0.58879,0.58853,0.58878,176,14,0
2026-04-17 05:15:00+00:00,0.58878,0.58892,0.58877,0.58887,100,14,0
2026-04-17 05:30:00+00:00,0.58887,0.58892,0.58866,0.58869,153,14,0
2026-04-17 05:45:00+00:00,0.58869,0.58888,0.58868,0.58876,127,14,0
2026-04-17 06:00:00+00:00,0.58876,0.58887,0.58837,0.58837,285,14,0
2026-04-17 06:15:00+00:00,0.58837,0.58845,0.58812,0.58813,227,14,0
2026-04-17 06:30:00+00:00,0.58812,0.58821,0.58797,0.58819,208,14,0
2026-04-17 06:45:00+00:00,0.58819,0.58844,0.58811,0.58811,194,14,0
2026-04-17 07:00:00+00:00,0.58813,0.58841,0.58813,0.58826,254,14,0
2026-04-17 07:15:00+00:00,0.58826,0.58842,0.58811,0.58839,241,14,0
2026-04-17 07:30:00+00:00,0.58839,0.58847,0.58826,0.58846,211,14,0
2026-04-17 07:45:00+00:00,0.58846,0.58878,0.58842,0.58874,218,14,0
2026-04-17 08:00:00+00:00,0.58874,0.58882,0.58848,0.58856,255,14,0
2026-04-17 08:15:00+00:00,0.58856,0.5886,0.58837,0.58857,206,14,0
2026-04-17 08:30:00+00:00,0.58857,0.58927,0.58857,0.58926,193,14,0
2026-04-17 08:45:00+00:00,0.58925,0.58933,0.58907,0.58924,190,14,0
2026-04-17 09:00:00+00:00,0.58924,0.58935,0.58883,0.58884,217,14,0
2026-04-17 09:15:00+00:00,0.58885,0.58924,0.58885,0.58914,186,14,0
2026-04-17 09:30:00+00:00,0.58914,0.58914,0.58864,0.58868,204,14,0
2026-04-17 09:45:00+00:00,0.58869,0.58871,0.58847,0.58857,211,14,0
2026-04-17 10:00:00+00:00,0.58857,0.58876,0.58845,0.58874,203,14,0
2026-04-17 10:15:00+00:00,0.58873,0.5888,0.58867,0.58871,128,14,0
2026-04-17 10:30:00+00:00,0.58871,0.5888,0.58814,0.58824,167,14,0
2026-04-17 10:45:00+00:00,0.58824,0.58847,0.58808,0.58821,193,14,0
2026-04-17 11:00:00+00:00,0.58821,0.58832,0.588,0.58823,144,14,0
2026-04-17 11:15:00+00:00,0.58821,0.5885,0.58817,0.58839,164,14,0
2026-04-17 11:30:00+00:00,0.58839,0.58862,0.58834,0.58862,183,14,0
2026-04-17 11:45:00+00:00,0.58862,0.58873,0.58841,0.58853,179,14,0
2026-04-17 12:00:00+00:00,0.58855,0.58894,0.58849,0.58886,272,14,0
2026-04-17 12:15:00+00:00,0.58886,0.58948,0.58877,0.58922,381,14,0
2026-04-17 12:30:00+00:00,0.58922,0.58992,0.58913,0.58945,410,14,0
2026-04-17 12:45:00+00:00,0.58945,0.59201,0.58942,0.59199,1263,14,0
2026-04-17 13:00:00+00:00,0.592,0.59284,0.59158,0.59274,911,14,0
2026-04-17 13:15:00+00:00,0.59272,0.59274,0.59134,0.5917,935,14,0
2026-04-17 13:30:00+00:00,0.59168,0.59248,0.59148,0.59224,876,14,0
2026-04-17 13:45:00+00:00,0.59226,0.59233,0.59129,0.59192,930,14,0
2026-04-17 14:00:00+00:00,0.59195,0.59211,0.59146,0.59168,614,14,0
2026-04-17 14:15:00+00:00,0.59166,0.5925,0.59164,0.59208,610,14,0
2026-04-17 14:30:00+00:00,0.59209,0.59238,0.59165,0.59209,637,14,0
2026-04-17 14:45:00+00:00,0.59208,0.59221,0.59145,0.59152,580,14,0
2026-04-17 15:00:00+00:00,0.5915,0.59151,0.59082,0.59116,714,14,0
2026-04-17 15:15:00+00:00,0.59118,0.59124,0.59031,0.5906,508,14,0
2026-04-17 15:30:00+00:00,0.59059,0.59114,0.59032,0.59038,486,14,0
2026-04-17 15:45:00+00:00,0.5904,0.59103,0.5904,0.59077,461,14,0
2026-04-17 16:00:00+00:00,0.59077,0.59078,0.59028,0.59063,376,14,0
2026-04-17 16:15:00+00:00,0.59063,0.59104,0.59063,0.59078,334,14,0
2026-04-17 16:30:00+00:00,0.5908,0.59088,0.59067,0.59088,207,14,0
2026-04-17 16:45:00+00:00,0.59088,0.59097,0.59054,0.59064,191,14,0
2026-04-17 17:00:00+00:00,0.59062,0.59063,0.58965,0.58991,428,14,0
2026-04-17 17:15:00+00:00,0.58991,0.59014,0.5896,0.58983,490,14,0
2026-04-17 17:30:00+00:00,0.58982,0.59001,0.5897,0.58978,347,14,0
2026-04-17 17:45:00+00:00,0.58977,0.59026,0.58977,0.5902,240,14,0
2026-04-17 18:00:00+00:00,0.5902,0.59024,0.58972,0.58977,266,14,0
2026-04-17 18:15:00+00:00,0.58977,0.59019,0.58971,0.58976,334,14,0
2026-04-17 18:30:00+00:00,0.58975,0.58999,0.58951,0.58958,282,14,0
2026-04-17 18:45:00+00:00,0.58958,0.5896,0.58871,0.58899,340,14,0
2026-04-17 19:00:00+00:00,0.58899,0.58943,0.58892,0.58939,297,14,0
2026-04-17 19:15:00+00:00,0.58939,0.58947,0.58905,0.58907,218,14,0
2026-04-17 19:30:00+00:00,0.58908,0.58915,0.58878,0.58881,224,14,0
2026-04-17 19:45:00+00:00,0.58881,0.58884,0.58864,0.58871,197,14,0
2026-04-17 20:00:00+00:00,0.5887,0.58876,0.58855,0.58875,167,14,0
2026-04-17 20:15:00+00:00,0.58875,0.5888,0.58854,0.58854,178,14,0
2026-04-17 20:30:00+00:00,0.58855,0.58869,0.58851,0.58859,206,14,0
2026-04-17 20:45:00+00:00,0.58857,0.58857,0.58798,0.58804,348,14,0
2026-04-19 21:00:00+00:00,0.58554,0.58562,0.58509,0.5856,37,60,0
2026-04-19 21:15:00+00:00,0.5856,0.58561,0.58529,0.58542,67,60,0
2026-04-19 21:30:00+00:00,0.58542,0.58543,0.58503,0.58511,133,60,0
2026-04-19 21:45:00+00:00,0.58511,0.58524,0.585,0.58505,119,53,0
2026-04-19 22:00:00+00:00,0.58514,0.58619,0.58487,0.58589,488,14,0
2026-04-19 22:15:00+00:00,0.58587,0.58611,0.58574,0.58603,353,14,0
2026-04-19 22:30:00+00:00,0.58603,0.58679,0.58603,0.58672,320,14,0
2026-04-19 22:45:00+00:00,0.58672,0.58676,0.58656,0.58667,146,14,0
2026-04-19 23:00:00+00:00,0.58668,0.58686,0.58663,0.58676,171,14,0
2026-04-19 23:15:00+00:00,0.58676,0.58683,0.58654,0.58655,191,14,0
2026-04-19 23:30:00+00:00,0.58655,0.58668,0.58624,0.58662,222,14,0
2026-04-19 23:45:00+00:00,0.58664,0.58666,0.58622,0.58646,256,14,0
2026-04-20 00:00:00+00:00,0.58648,0.58725,0.58628,0.5869,459,14,0
2026-04-20 00:15:00+00:00,0.5869,0.58764,0.58689,0.58759,326,14,0
2026-04-20 00:30:00+00:00,0.58758,0.58776,0.58746,0.58767,227,14,0
2026-04-20 00:45:00+00:00,0.58767,0.58773,0.5873,0.58753,246,14,0
2026-04-20 01:00:00+00:00,0.58754,0.58786,0.58744,0.58761,364,14,0
2026-04-20 01:15:00+00:00,0.58762,0.58764,0.58729,0.58729,221,14,0
2026-04-20 01:30:00+00:00,0.58731,0.58791,0.58729,0.58771,258,14,0
2026-04-20 01:45:00+00:00,0.58771,0.58791,0.58751,0.58761,191,14,0
2026-04-20 02:00:00+00:00,0.58761,0.58796,0.58747,0.58778,222,14,0
2026-04-20 02:15:00+00:00,0.58778,0.58804,0.58775,0.58797,173,14,0
2026-04-20 02:30:00+00:00,0.58797,0.58816,0.58786,0.58788,178,14,0
2026-04-20 02:45:00+00:00,0.58788,0.5879,0.58772,0.58785,148,14,0
2026-04-20 03:00:00+00:00,0.58785,0.5879,0.58765,0.58777,164,14,0
2026-04-20 03:15:00+00:00,0.58777,0.58793,0.58767,0.58787,116,14,0
2026-04-20 03:30:00+00:00,0.58787,0.58823,0.58782,0.58808,144,14,0
2026-04-20 03:45:00+00:00,0.58807,0.58807,0.58781,0.58781,118,14,0
2026-04-20 04:00:00+00:00,0.58781,0.58803,0.58777,0.5878,115,14,0
2026-04-20 04:15:00+00:00,0.5878,0.58784,0.58772,0.58776,93,14,0
2026-04-20 04:30:00+00:00,0.58776,0.58781,0.58762,0.58781,100,14,0
2026-04-20 04:45:00+00:00,0.58781,0.58796,0.58771,0.58781,138,14,0
2026-04-20 05:00:00+00:00,0.58779,0.58787,0.58761,0.58765,148,14,0
2026-04-20 05:15:00+00:00,0.58765,0.58775,0.58725,0.58729,169,14,0
2026-04-20 05:30:00+00:00,0.58729,0.58731,0.58662,0.58668,264,14,0
2026-04-20 05:45:00+00:00,0.58669,0.58706,0.58666,0.5868,255,14,0
2026-04-20 06:00:00+00:00,0.5868,0.58689,0.58649,0.58667,340,14,0
2026-04-20 06:15:00+00:00,0.58666,0.58667,0.58625,0.58644,284,14,0
2026-04-20 06:30:00+00:00,0.58646,0.58701,0.58646,0.587,347,14,0
2026-04-20 06:45:00+00:00,0.587,0.58735,0.58676,0.58735,403,14,0
2026-04-20 07:00:00+00:00,0.58737,0.58758,0.58721,0.58751,415,14,0
2026-04-20 07:15:00+00:00,0.58751,0.58779,0.58725,0.58736,341,14,0
2026-04-20 07:30:00+00:00,0.58736,0.5874,0.58667,0.587,457,14,0
2026-04-20 07:45:00+00:00,0.587,0.587,0.5863,0.58668,320,14,0
2026-04-20 08:00:00+00:00,0.5867,0.58726,0.58663,0.58711,387,14,0
2026-04-20 08:15:00+00:00,0.58711,0.58718,0.58655,0.58682,317,14,0
2026-04-20 08:30:00+00:00,0.5868,0.587,0.58665,0.58687,263,14,0
2026-04-20 08:45:00+00:00,0.58687,0.58722,0.58685,0.58696,293,14,0
2026-04-20 09:00:00+00:00,0.58695,0.5875,0.58695,0.58736,287,14,0
2026-04-20 09:15:00+00:00,0.58737,0.58771,0.58724,0.58739,264,14,0
2026-04-20 09:30:00+00:00,0.58738,0.58782,0.58738,0.58781,242,14,0
2026-04-20 09:45:00+00:00,0.58781,0.58802,0.58778,0.58796,215,14,0
2026-04-20 10:00:00+00:00,0.58797,0.58841,0.58786,0.58817,277,14,0
2026-04-20 10:15:00+00:00,0.58817,0.58827,0.58792,0.58799,223,14,0
2026-04-20 10:30:00+00:00,0.588,0.58809,0.58773,0.58777,163,14,0
2026-04-20 10:45:00+00:00,0.58779,0.58789,0.58754,0.58789,216,14,0
2026-04-20 11:00:00+00:00,0.58791,0.58793,0.58756,0.58772,240,14,0
2026-04-20 11:15:00+00:00,0.58773,0.58796,0.58772,0.58777,181,14,0
2026-04-20 11:30:00+00:00,0.58775,0.58802,0.5877,0.58801,262,14,0
2026-04-20 11:45:00+00:00,0.58801,0.58833,0.58797,0.58831,262,14,0
2026-04-20 12:00:00+00:00,0.58831,0.58833,0.58762,0.58762,342,14,0
2026-04-20 12:15:00+00:00,0.58762,0.58779,0.5875,0.58761,256,14,0
2026-04-20 12:30:00+00:00,0.58762,0.58786,0.58753,0.58782,259,14,0
2026-04-20 12:45:00+00:00,0.58783,0.58819,0.58775,0.58782,267,14,0
2026-04-20 13:00:00+00:00,0.58783,0.58821,0.58754,0.58801,531,14,0
2026-04-20 13:15:00+00:00,0.58802,0.5888,0.58792,0.58871,376,14,0
2026-04-20 13:30:00+00:00,0.58872,0.58883,0.58831,0.58883,490,14,0
2026-04-20 13:45:00+00:00,0.58883,0.58907,0.58869,0.58896,445,14,0
2026-04-20 14:00:00+00:00,0.58896,0.58896,0.58805,0.58833,408,14,0
2026-04-20 14:15:00+00:00,0.58834,0.58877,0.58829,0.58866,434,14,0
2026-04-20 14:30:00+00:00,0.58867,0.58875,0.588,0.58846,442,14,0
2026-04-20 14:45:00+00:00,0.58846,0.58857,0.58744,0.58847,734,14,0
2026-04-20 15:00:00+00:00,0.58848,0.58865,0.58814,0.58856,499,14,0
2026-04-20 15:15:00+00:00,0.58856,0.58949,0.58846,0.5894,522,14,0
2026-04-20 15:30:00+00:00,0.58938,0.58941,0.58904,0.58918,445,14,0
2026-04-20 15:45:00+00:00,0.58918,0.58918,0.5888,0.589,309,14,0
2026-04-20 16:00:00+00:00,0.58901,0.58912,0.58886,0.58898,301,14,0
2026-04-20 16:15:00+00:00,0.58898,0.58913,0.58885,0.58893,241,14,0
2026-04-20 16:30:00+00:00,0.58893,0.58904,0.58851,0.58886,304,14,0
2026-04-20 16:45:00+00:00,0.58886,0.58918,0.58882,0.58894,222,14,0
2026-04-20 17:00:00+00:00,0.58894,0.5893,0.58894,0.58917,288,14,0
2026-04-20 17:15:00+00:00,0.58917,0.58917,0.58882,0.58882,192,14,0
2026-04-20 17:30:00+00:00,0.58882,0.58904,0.58874,0.58887,264,14,0
2026-04-20 17:45:00+00:00,0.58887,0.58893,0.58876,0.58882,161,14,0
2026-04-20 18:00:00+00:00,0.58884,0.58915,0.58883,0.58912,238,14,0
2026-04-20 18:15:00+00:00,0.58912,0.58916,0.58888,0.58896,206,14,0
2026-04-20 18:30:00+00:00,0.58894,0.58898,0.58881,0.58882,212,14,0
2026-04-20 18:45:00+00:00,0.58882,0.58885,0.58868,0.58874,151,14,0
2026-04-20 19:00:00+00:00,0.58874,0.58919,0.58874,0.58919,139,14,0
2026-04-20 19:15:00+00:00,0.58918,0.58924,0.58904,0.58908,118,14,0
2026-04-20 19:30:00+00:00,0.58908,0.58916,0.58899,0.58912,150,14,0
2026-04-20 19:45:00+00:00,0.58911,0.5892,0.58904,0.58913,138,14,0
2026-04-20 20:00:00+00:00,0.58912,0.58912,0.58888,0.58895,110,14,0
2026-04-20 20:15:00+00:00,0.58895,0.58896,0.5888,0.58883,66,14,0
2026-04-20 20:30:00+00:00,0.58883,0.58906,0.58879,0.58902,148,14,0
2026-04-20 20:45:00+00:00,0.58902,0.58916,0.58893,0.58893,152,14,0
2026-04-20 21:00:00+00:00,0.58894,0.58894,0.58789,0.58789,172,26,0
2026-04-20 21:15:00+00:00,0.58791,0.58828,0.58785,0.58819,255,112,0
2026-04-20 21:30:00+00:00,0.58817,0.58839,0.58811,0.58833,305,74,0
2026-04-20 21:45:00+00:00,0.58832,0.58851,0.58825,0.58847,300,24,0
2026-04-20 22:00:00+00:00,0.58858,0.58899,0.58856,0.58872,134,14,0
2026-04-20 22:15:00+00:00,0.58873,0.58884,0.58869,0.58878,52,14,0
2026-04-20 22:30:00+00:00,0.58878,0.589,0.58871,0.58896,98,14,0
2026-04-20 22:45:00+00:00,0.58896,0.59138,0.58894,0.59138,520,14,0
2026-04-20 23:00:00+00:00,0.59138,0.59156,0.59081,0.59097,282,14,0
2026-04-20 23:15:00+00:00,0.59097,0.59098,0.59076,0.59085,100,14,0
2026-04-20 23:30:00+00:00,0.59085,0.59085,0.59055,0.59071,114,14,0
2026-04-20 23:45:00+00:00,0.5907,0.59072,0.59041,0.59047,175,14,0
2026-04-21 00:00:00+00:00,0.59049,0.59099,0.59049,0.59095,294,14,0
2026-04-21 00:15:00+00:00,0.59095,0.5913,0.5908,0.59085,254,14,0
2026-04-21 00:30:00+00:00,0.59085,0.59127,0.59074,0.59111,218,14,0
2026-04-21 00:45:00+00:00,0.59111,0.59139,0.59106,0.59124,364,14,0
2026-04-21 01:00:00+00:00,0.59124,0.59134,0.59108,0.59117,215,14,0
2026-04-21 01:15:00+00:00,0.59117,0.59154,0.59115,0.59154,201,14,0
2026-04-21 01:30:00+00:00,0.59154,0.592,0.59151,0.59198,224,14,0
2026-04-21 01:45:00+00:00,0.59198,0.59198,0.59164,0.59174,214,14,0
2026-04-21 02:00:00+00:00,0.59174,0.59182,0.5914,0.5918,174,14,0
2026-04-21 02:15:00+00:00,0.5918,0.5918,0.59142,0.59153,147,14,0
2026-04-21 02:30:00+00:00,0.59153,0.59153,0.5911,0.59113,164,14,0
2026-04-21 02:45:00+00:00,0.59113,0.59126,0.59095,0.59126,142,14,0
2026-04-21 03:00:00+00:00,0.59127,0.59128,0.59044,0.59044,203,14,0
2026-04-21 03:15:00+00:00,0.59044,0.59052,0.58989,0.59029,226,14,0
2026-04-21 03:30:00+00:00,0.59028,0.59056,0.59021,0.59043,159,14,0
2026-04-21 03:45:00+00:00,0.59043,0.59055,0.5904,0.59043,130,14,0
2026-04-21 04:00:00+00:00,0.59043,0.59053,0.59039,0.59041,119,14,0
2026-04-21 04:15:00+00:00,0.5904,0.59064,0.59039,0.59062,106,14,0
2026-04-21 04:30:00+00:00,0.59062,0.59071,0.59057,0.59061,76,14,0
2026-04-21 04:45:00+00:00,0.59061,0.59065,0.59041,0.59049,102,14,0
2026-04-21 05:00:00+00:00,0.59049,0.59087,0.59049,0.5908,171,14,0
2026-04-21 05:15:00+00:00,0.5908,0.59136,0.5908,0.59131,166,14,0
2026-04-21 05:30:00+00:00,0.5913,0.5914,0.59108,0.59108,165,14,0
2026-04-21 05:45:00+00:00,0.59109,0.59115,0.5907,0.59079,184,14,0
2026-04-21 06:00:00+00:00,0.59077,0.59104,0.59047,0.59099,288,14,0
2026-04-21 06:15:00+00:00,0.591,0.59106,0.59071,0.59086,238,14,0
2026-04-21 06:30:00+00:00,0.59086,0.59115,0.59078,0.59111,224,14,0
2026-04-21 06:45:00+00:00,0.59111,0.59146,0.591,0.59131,218,14,0
2026-04-21 07:00:00+00:00,0.59131,0.5915,0.59071,0.59083,376,14,0
2026-04-21 07:15:00+00:00,0.59086,0.59111,0.59081,0.59108,257,14,0
2026-04-21 07:30:00+00:00,0.59108,0.5912,0.59056,0.5907,267,14,0
2026-04-21 07:45:00+00:00,0.5907,0.59103,0.59043,0.59044,332,14,0
2026-04-21 08:00:00+00:00,0.59042,0.59054,0.58955,0.58955,507,14,0
2026-04-21 08:15:00+00:00,0.58956,0.59033,0.58956,0.5902,293,14,0
2026-04-21 08:30:00+00:00,0.5902,0.59046,0.59008,0.59038,285,14,0
2026-04-21 08:45:00+00:00,0.59038,0.59041,0.59,0.59027,208,14,0
2026-04-21 09:00:00+00:00,0.59027,0.59028,0.5898,0.58989,257,14,0
2026-04-21 09:15:00+00:00,0.58989,0.59023,0.58984,0.5899,219,14,0
2026-04-21 09:30:00+00:00,0.5899,0.59009,0.58987,0.59,159,14,0
2026-04-21 09:45:00+00:00,0.59001,0.5905,0.58996,0.59017,211,14,0
2026-04-21 10:00:00+00:00,0.59017,0.59037,0.58986,0.59027,231,14,0
2026-04-21 10:15:00+00:00,0.59028,0.59041,0.59013,0.59035,176,14,0
2026-04-21 10:30:00+00:00,0.59035,0.59051,0.59021,0.59035,170,14,0
2026-04-21 10:45:00+00:00,0.59035,0.59046,0.59023,0.59034,172,14,0
2026-04-21 11:00:00+00:00,0.59036,0.59068,0.58982,0.5903,388,14,0
2026-04-21 11:15:00+00:00,0.5903,0.5907,0.59024,0.59059,224,14,0
2026-04-21 11:30:00+00:00,0.59059,0.59089,0.59057,0.59074,189,14,0
2026-04-21 11:45:00+00:00,0.59075,0.5912,0.59071,0.59106,203,14,0
2026-04-21 12:00:00+00:00,0.59109,0.59113,0.59082,0.59084,243,14,0
2026-04-21 12:15:00+00:00,0.59086,0.59086,0.59038,0.59064,281,14,0
2026-04-21 12:30:00+00:00,0.59061,0.59061,0.58986,0.59006,479,14,0
2026-04-21 12:45:00+00:00,0.59007,0.59045,0.58997,0.59037,380,14,0
2026-04-21 13:00:00+00:00,0.59035,0.59076,0.59035,0.59044,338,14,0
2026-04-21 13:15:00+00:00,0.59044,0.59094,0.59043,0.5909,321,14,0
2026-04-21 13:30:00+00:00,0.59088,0.59106,0.59069,0.59094,447,14,0
2026-04-21 13:45:00+00:00,0.59095,0.59163,0.59076,0.59155,349,14,0
2026-04-21 14:00:00+00:00,0.59157,0.59178,0.59135,0.59173,361,14,0
2026-04-21 14:15:00+00:00,0.59173,0.59181,0.59147,0.59165,348,14,0
2026-04-21 14:30:00+00:00,0.59166,0.59191,0.59132,0.59144,484,14,0
2026-04-21 14:45:00+00:00,0.59143,0.59145,0.59015,0.5902,604,14,0
2026-04-21 15:00:00+00:00,0.5902,0.59089,0.59002,0.59057,546,14,0
2026-04-21 15:15:00+00:00,0.59056,0.59089,0.5899,0.58994,450,14,0
2026-04-21 15:30:00+00:00,0.58994,0.59018,0.58945,0.58997,468,14,0
2026-04-21 15:45:00+00:00,0.58998,0.59038,0.58998,0.59029,377,14,0
2026-04-21 16:00:00+00:00,0.59032,0.59076,0.59032,0.59054,476,14,0
2026-04-21 16:15:00+00:00,0.59054,0.5906,0.58994,0.59,314,14,0
2026-04-21 16:30:00+00:00,0.59,0.59016,0.58943,0.58947,312,14,0
2026-04-21 16:45:00+00:00,0.58947,0.58972,0.58927,0.58929,244,14,0
2026-04-21 17:00:00+00:00,0.58927,0.58934,0.58774,0.58788,613,14,0
2026-04-21 17:15:00+00:00,0.5879,0.58835,0.58752,0.58835,422,14,0
2026-04-21 17:30:00+00:00,0.58835,0.59052,0.58834,0.59008,806,14,0
2026-04-21 17:45:00+00:00,0.59009,0.59018,0.58912,0.58936,448,14,0
2026-04-21 18:00:00+00:00,0.58935,0.58961,0.5891,0.58919,407,14,0
2026-04-21 18:15:00+00:00,0.5892,0.58925,0.5883,0.5885,548,14,0
2026-04-21 18:30:00+00:00,0.58852,0.5889,0.5885,0.58853,319,14,0
2026-04-21 18:45:00+00:00,0.58853,0.58948,0.58852,0.58934,478,14,0
2026-04-21 19:00:00+00:00,0.58934,0.58999,0.58925,0.58957,481,14,0
2026-04-21 19:15:00+00:00,0.58959,0.58999,0.58943,0.58999,509,14,0
2026-04-21 19:30:00+00:00,0.58999,0.59001,0.5872,0.58743,752,14,0
2026-04-21 19:45:00+00:00,0.5874,0.58808,0.58716,0.58744,629,14,0
2026-04-21 20:00:00+00:00,0.58745,0.58977,0.58737,0.58937,1223,14,0
2026-04-21 20:15:00+00:00,0.58939,0.59024,0.58914,0.58992,470,14,0
2026-04-21 20:30:00+00:00,0.58992,0.58994,0.58927,0.58927,248,14,0
2026-04-21 20:45:00+00:00,0.58928,0.58938,0.5891,0.58937,241,14,0
2026-04-21 21:00:00+00:00,0.58937,0.58937,0.58899,0.58899,124,14,0
2026-04-21 21:15:00+00:00,0.58901,0.58903,0.58836,0.58843,324,68,0
2026-04-21 21:30:00+00:00,0.58841,0.58885,0.58841,0.58878,331,82,0
2026-04-21 21:45:00+00:00,0.58879,0.58895,0.5887,0.58893,166,24,0
2026-04-21 22:00:00+00:00,0.58906,0.58931,0.58899,0.58927,122,14,0
2026-04-21 22:15:00+00:00,0.58927,0.58946,0.5892,0.58927,81,14,0
2026-04-21 22:30:00+00:00,0.58927,0.58933,0.58919,0.5892,114,14,0
2026-04-21 22:45:00+00:00,0.58919,0.58929,0.58909,0.58926,113,14,0
2026-04-21 23:00:00+00:00,0.58926,0.58936,0.58921,0.58932,81,14,0
2026-04-21 23:15:00+00:00,0.58932,0.58952,0.58927,0.5895,65,14,0
2026-04-21 23:30:00+00:00,0.5895,0.58954,0.58942,0.58951,93,14,0
2026-04-21 23:45:00+00:00,0.58951,0.58979,0.5895,0.58966,155,14,0
2026-04-22 00:00:00+00:00,0.58968,0.59056,0.58968,0.59031,303,14,0
2026-04-22 00:15:00+00:00,0.59031,0.59066,0.59022,0.59025,296,14,0
2026-04-22 00:30:00+00:00,0.59024,0.59058,0.59024,0.59056,230,14,0
2026-04-22 00:45:00+00:00,0.59056,0.59067,0.59041,0.59044,245,14,0
2026-04-22 01:00:00+00:00,0.59044,0.59071,0.59012,0.59022,218,14,0
2026-04-22 01:15:00+00:00,0.59022,0.59042,0.59012,0.59026,196,14,0
2026-04-22 01:30:00+00:00,0.59026,0.5907,0.59025,0.59032,269,14,0
2026-04-22 01:45:00+00:00,0.59032,0.59053,0.59022,0.59043,182,14,0
2026-04-22 02:00:00+00:00,0.59042,0.59083,0.59042,0.59079,238,14,0
2026-04-22 02:15:00+00:00,0.59079,0.59081,0.59063,0.59079,151,14,0
2026-04-22 02:30:00+00:00,0.59079,0.59082,0.59056,0.59058,158,14,0
2026-04-22 02:45:00+00:00,0.59058,0.59073,0.59032,0.59034,146,14,0
2026-04-22 03:00:00+00:00,0.59034,0.59058,0.59003,0.5904,177,14,0
2026-04-22 03:15:00+00:00,0.5904,0.59052,0.59037,0.5905,138,14,0
2026-04-22 03:30:00+00:00,0.5905,0.59067,0.5904,0.59047,141,14,0
2026-04-22 03:45:00+00:00,0.59047,0.59055,0.59041,0.59047,131,14,0
2026-04-22 04:00:00+00:00,0.59046,0.59072,0.59046,0.59066,134,14,0
2026-04-22 04:15:00+00:00,0.59065,0.59072,0.59055,0.59064,114,14,0
2026-04-22 04:30:00+00:00,0.59064,0.59077,0.59053,0.59071,100,14,0
2026-04-22 04:45:00+00:00,0.59071,0.59078,0.59031,0.59042,158,14,0
2026-04-22 05:00:00+00:00,0.59042,0.59091,0.5904,0.5908,184,14,0
2026-04-22 05:15:00+00:00,0.5908,0.59206,0.59076,0.59159,598,14,0
2026-04-22 05:30:00+00:00,0.5916,0.59176,0.59133,0.59171,282,14,0
2026-04-22 05:45:00+00:00,0.59171,0.59181,0.59157,0.59158,186,14,0
2026-04-22 06:00:00+00:00,0.59161,0.59161,0.59125,0.5914,261,14,0
2026-04-22 06:15:00+00:00,0.5914,0.59164,0.59133,0.5915,209,14,0
2026-04-22 06:30:00+00:00,0.5915,0.59175,0.5915,0.59162,265,14,0
2026-04-22 06:45:00+00:00,0.59164,0.5918,0.59153,0.59154,180,14,0
2026-04-22 07:00:00+00:00,0.59152,0.5918,0.59151,0.59162,242,14,0
2026-04-22 07:15:00+00:00,0.59161,0.59161,0.59106,0.59129,263,14,0
2026-04-22 07:30:00+00:00,0.59129,0.59154,0.59119,0.59152,247,14,0
2026-04-22 07:45:00+00:00,0.59151,0.59198,0.59131,0.59191,267,14,0
2026-04-22 08:00:00+00:00,0.59193,0.59219,0.59176,0.5921,295,14,0
2026-04-22 08:15:00+00:00,0.59209,0.59219,0.59151,0.59165,303,14,0
2026-04-22 08:30:00+00:00,0.59165,0.5918,0.59131,0.59156,289,14,0
2026-04-22 08:45:00+00:00,0.59155,0.59169,0.59141,0.59162,214,14,0
2026-04-22 09:00:00+00:00,0.59161,0.59184,0.59151,0.59168,300,14,0
2026-04-22 09:15:00+00:00,0.59168,0.59168,0.59125,0.59149,243,14,0
2026-04-22 09:30:00+00:00,0.59149,0.59164,0.59143,0.59155,165,14,0
2026-04-22 09:45:00+00:00,0.59155,0.59155,0.59103,0.59108,234,14,0
2026-04-22 10:00:00+00:00,0.59108,0.59118,0.59065,0.5908,324,14,0
2026-04-22 10:15:00+00:00,0.59081,0.59107,0.59081,0.59105,192,14,0
2026-04-22 10:30:00+00:00,0.59105,0.59138,0.59086,0.59087,204,14,0
2026-04-22 10:45:00+00:00,0.59087,0.59115,0.59085,0.59113,167,14,0
2026-04-22 11:00:00+00:00,0.59113,0.59113,0.59086,0.59092,204,14,0
2026-04-22 11:15:00+00:00,0.59093,0.5912,0.59081,0.59083,227,14,0
2026-04-22 11:30:00+00:00,0.59085,0.59099,0.59064,0.59071,251,14,0
2026-04-22 11:45:00+00:00,0.59071,0.59089,0.59032,0.59054,233,14,0
2026-04-22 12:00:00+00:00,0.59052,0.59094,0.59044,0.59054,277,14,0
2026-04-22 12:15:00+00:00,0.59052,0.59094,0.59026,0.59031,292,14,0
2026-04-22 12:30:00+00:00,0.59029,0.59038,0.5899,0.58992,381,14,0
2026-04-22 12:45:00+00:00,0.58992,0.59018,0.5898,0.5899,298,14,0
2026-04-22 13:00:00+00:00,0.58991,0.59051,0.58976,0.59002,455,14,0
2026-04-22 13:15:00+00:00,0.59002,0.59086,0.58999,0.59047,498,14,0
2026-04-22 13:30:00+00:00,0.59047,0.59125,0.59039,0.59125,518,14,0
2026-04-22 13:45:00+00:00,0.59126,0.59167,0.59125,0.59167,406,14,0
2026-04-22 14:00:00+00:00,0.59167,0.59185,0.59133,0.59162,351,14,0
2026-04-22 14:15:00+00:00,0.59162,0.59204,0.59159,0.59192,353,14,0
2026-04-22 14:30:00+00:00,0.59192,0.59193,0.59102,0.59104,495,14,0
2026-04-22 14:45:00+00:00,0.59104,0.59123,0.59073,0.59089,398,14,0
2026-04-22 15:00:00+00:00,0.59088,0.59102,0.59053,0.59082,436,14,0
2026-04-22 15:15:00+00:00,0.59082,0.59107,0.59063,0.591,271,14,0
2026-04-22 15:30:00+00:00,0.59101,0.5911,0.59063,0.59063,353,14,0
2026-04-22 15:45:00+00:00,0.59063,0.59105,0.59052,0.5908,294,14,0
2026-04-22 16:00:00+00:00,0.59083,0.59091,0.59057,0.5906,298,14,0
2026-04-22 16:15:00+00:00,0.5906,0.59061,0.59022,0.59049,231,14,0
2026-04-22 16:30:00+00:00,0.59049,0.59056,0.5903,0.59044,263,14,0
2026-04-22 16:45:00+00:00,0.59042,0.59062,0.5903,0.59047,281,14,0
2026-04-22 17:00:00+00:00,0.59047,0.59096,0.59034,0.59072,378,14,0
2026-04-22 17:15:00+00:00,0.59071,0.59091,0.59064,0.59085,235,14,0
2026-04-22 17:30:00+00:00,0.59086,0.59098,0.59075,0.59086,195,14,0
2026-04-22 17:45:00+00:00,0.59086,0.59087,0.59066,0.59072,246,14,0
2026-04-22 18:00:00+00:00,0.59072,0.5908,0.59057,0.59062,212,14,0
2026-04-22 18:15:00+00:00,0.59062,0.59062,0.59039,0.5905,168,14,0
2026-04-22 18:30:00+00:00,0.59049,0.5907,0.59046,0.5907,144,14,0
2026-04-22 18:45:00+00:00,0.59068,0.59072,0.59043,0.59046,105,14,0
2026-04-22 19:00:00+00:00,0.59046,0.59068,0.5903,0.59055,214,14,0
2026-04-22 19:15:00+00:00,0.59055,0.59074,0.59055,0.59069,166,14,0
2026-04-22 19:30:00+00:00,0.59069,0.59069,0.59053,0.59054,130,14,0
2026-04-22 19:45:00+00:00,0.59054,0.59058,0.59035,0.5904,179,14,0
2026-04-22 20:00:00+00:00,0.5904,0.59044,0.59018,0.59023,146,14,0
2026-04-22 20:15:00+00:00,0.59023,0.59044,0.59023,0.59044,95,14,0
2026-04-22 20:30:00+00:00,0.59044,0.59051,0.59018,0.59043,120,14,0
2026-04-22 20:45:00+00:00,0.59043,0.59057,0.59033,0.59045,151,14,0
2026-04-22 21:00:00+00:00,0.59046,0.59046,0.59021,0.59028,316,22,0
2026-04-22 21:15:00+00:00,0.59029,0.59039,0.5902,0.59037,223,48,0
2026-04-22 21:30:00+00:00,0.59037,0.59058,0.59018,0.59031,188,24,0
2026-04-22 21:45:00+00:00,0.59033,0.59057,0.59012,0.59012,186,24,0
2026-04-22 22:00:00+00:00,0.59021,0.59075,0.59021,0.59036,170,14,0
2026-04-22 22:15:00+00:00,0.59036,0.59043,0.59033,0.59033,66,14,0
2026-04-22 22:30:00+00:00,0.59033,0.59033,0.59025,0.59027,88,14,0
2026-04-22 22:45:00+00:00,0.59027,0.59039,0.59025,0.59036,85,14,0
2026-04-22 23:00:00+00:00,0.59038,0.59042,0.5903,0.59036,66,14,0
2026-04-22 23:15:00+00:00,0.59037,0.59048,0.59034,0.59046,47,14,0
2026-04-22 23:30:00+00:00,0.59046,0.59052,0.59039,0.5904,68,14,0
2026-04-22 23:45:00+00:00,0.5904,0.59046,0.5903,0.59043,97,14,0
2026-04-23 00:00:00+00:00,0.59043,0.59059,0.58942,0.58942,470,14,0
2026-04-23 00:15:00+00:00,0.58944,0.59074,0.58872,0.5906,1007,14,0
2026-04-23 00:30:00+00:00,0.59061,0.59092,0.59052,0.59068,417,14,0
2026-04-23 00:45:00+00:00,0.59068,0.59087,0.59044,0.59062,419,14,0
2026-04-23 01:00:00+00:00,0.59061,0.5907,0.5903,0.59031,318,14,0
2026-04-23 01:15:00+00:00,0.59031,0.59054,0.59022,0.59023,266,14,0
2026-04-23 01:30:00+00:00,0.59023,0.59045,0.58995,0.59016,291,14,0
2026-04-23 01:45:00+00:00,0.59018,0.59028,0.59002,0.59007,315,14,0
2026-04-23 02:00:00+00:00,0.59006,0.59008,0.58961,0.58961,251,14,0
2026-04-23 02:15:00+00:00,0.5896,0.59002,0.58944,0.58979,352,14,0
2026-04-23 02:30:00+00:00,0.58979,0.58998,0.58966,0.58986,240,14,0
2026-04-23 02:45:00+00:00,0.58984,0.58997,0.58891,0.58899,300,14,0
2026-04-23 03:00:00+00:00,0.58901,0.58919,0.58859,0.58871,403,14,0
2026-04-23 03:15:00+00:00,0.58871,0.58874,0.58826,0.58844,304,14,0
2026-04-23 03:30:00+00:00,0.58844,0.5886,0.58812,0.58824,280,14,0
2026-04-23 03:45:00+00:00,0.58823,0.58824,0.58783,0.58786,294,14,0
2026-04-23 04:00:00+00:00,0.58786,0.58808,0.58757,0.58807,230,14,0
2026-04-23 04:15:00+00:00,0.58807,0.58828,0.58803,0.58826,176,14,0
2026-04-23 04:30:00+00:00,0.58826,0.58842,0.58825,0.5884,146,14,0
2026-04-23 04:45:00+00:00,0.58839,0.58856,0.58834,0.58852,172,14,0
2026-04-23 05:00:00+00:00,0.58852,0.58869,0.58846,0.58848,170,14,0
2026-04-23 05:15:00+00:00,0.58848,0.58868,0.58846,0.58863,153,14,0
2026-04-23 05:30:00+00:00,0.58863,0.58871,0.58843,0.58853,210,14,0
2026-04-23 05:45:00+00:00,0.58853,0.58892,0.58853,0.58884,201,14,0
2026-04-23 06:00:00+00:00,0.58884,0.58903,0.58858,0.58865,235,14,0
2026-04-23 06:15:00+00:00,0.58865,0.58878,0.58857,0.58863,202,14,0
2026-04-23 06:30:00+00:00,0.58863,0.58888,0.5886,0.58881,214,14,0
2026-04-23 06:45:00+00:00,0.58881,0.58885,0.58859,0.58862,221,14,0
2026-04-23 07:00:00+00:00,0.58862,0.58889,0.58837,0.58851,342,14,0
2026-04-23 07:15:00+00:00,0.58849,0.5889,0.58847,0.58888,255,14,0
2026-04-23 07:30:00+00:00,0.58886,0.58886,0.5885,0.58867,348,14,0
2026-04-23 07:45:00+00:00,0.58867,0.58921,0.58867,0.58917,334,14,0
2026-04-23 08:00:00+00:00,0.58917,0.58921,0.58886,0.58903,322,14,0
2026-04-23 08:15:00+00:00,0.58903,0.58923,0.5889,0.589,249,14,0
2026-04-23 08:30:00+00:00,0.58903,0.58907,0.58857,0.58859,237,14,0
2026-04-23 08:45:00+00:00,0.5886,0.58893,0.58857,0.58859,220,14,0
2026-04-23 09:00:00+00:00,0.58857,0.58859,0.58762,0.58773,298,14,0
2026-04-23 09:15:00+00:00,0.58772,0.58836,0.58764,0.58805,350,14,0
2026-04-23 09:30:00+00:00,0.58805,0.58817,0.58784,0.58813,254,14,0
2026-04-23 09:45:00+00:00,0.58813,0.58818,0.58781,0.58784,262,14,0
2026-04-23 10:00:00+00:00,0.58782,0.58788,0.58724,0.58733,267,14,0
2026-04-23 10:15:00+00:00,0.58734,0.58757,0.58724,0.58743,241,14,0
2026-04-23 10:30:00+00:00,0.58742,0.58768,0.58731,0.58735,272,14,0
2026-04-23 10:45:00+00:00,0.58735,0.5875,0.58717,0.58731,251,14,0
2026-04-23 11:00:00+00:00,0.58733,0.58756,0.58721,0.5874,260,14,0
2026-04-23 11:15:00+00:00,0.5874,0.58774,0.58723,0.58759,240,14,0
2026-04-23 11:30:00+00:00,0.58759,0.58788,0.58735,0.5878,314,14,0
2026-04-23 11:45:00+00:00,0.5878,0.58883,0.58774,0.58857,512,14,0
2026-04-23 12:00:00+00:00,0.58855,0.5888,0.58813,0.58853,527,14,0
2026-04-23 12:15:00+00:00,0.58853,0.58853,0.58765,0.5877,324,14,0
2026-04-23 12:30:00+00:00,0.5877,0.58828,0.58767,0.5879,373,14,0
2026-04-23 12:45:00+00:00,0.5879,0.58807,0.58718,0.58764,631,14,0
2026-04-23 13:00:00+00:00,0.58764,0.58776,0.58695,0.58701,333,14,0
2026-04-23 13:15:00+00:00,0.58699,0.58732,0.58695,0.5872,318,14,0
2026-04-23 13:30:00+00:00,0.5872,0.58764,0.58716,0.58747,428,14,0
2026-04-23 13:45:00+00:00,0.58741,0.58757,0.58705,0.58706,462,14,0
2026-04-23 14:00:00+00:00,0.58708,0.58759,0.58676,0.58759,476,14,0
2026-04-23 14:15:00+00:00,0.58758,0.58841,0.58754,0.58818,395,14,0
2026-04-23 14:30:00+00:00,0.58817,0.58827,0.58786,0.58822,378,14,0
2026-04-23 14:45:00+00:00,0.58823,0.58858,0.5882,0.58823,394,14,0
2026-04-23 15:00:00+00:00,0.5882,0.58837,0.58785,0.58791,387,14,0
2026-04-23 15:15:00+00:00,0.5879,0.58846,0.58785,0.58831,360,14,0
2026-04-23 15:30:00+00:00,0.58831,0.58834,0.58767,0.58767,289,14,0
2026-04-23 15:45:00+00:00,0.58766,0.58782,0.58734,0.58769,431,14,0
2026-04-23 16:00:00+00:00,0.58768,0.58775,0.58736,0.58736,309,14,0
2026-04-23 16:15:00+00:00,0.58735,0.58762,0.58735,0.5875,289,14,0
2026-04-23 16:30:00+00:00,0.5875,0.58764,0.58737,0.58756,242,14,0
2026-04-23 16:45:00+00:00,0.58756,0.58765,0.58734,0.58742,258,14,0
2026-04-23 17:00:00+00:00,0.58744,0.58756,0.58545,0.58565,771,14,0
2026-04-23 17:15:00+00:00,0.58563,0.586,0.58517,0.58571,743,14,0
2026-04-23 17:30:00+00:00,0.58572,0.58614,0.58445,0.58452,837,14,0
2026-04-23 17:45:00+00:00,0.58452,0.58658,0.58397,0.58652,1334,14,0
2026-04-23 18:00:00+00:00,0.58654,0.58717,0.58647,0.58688,869,14,0
2026-04-23 18:15:00+00:00,0.58688,0.58708,0.58657,0.58675,488,14,0
2026-04-23 18:30:00+00:00,0.58675,0.58695,0.5863,0.58651,356,14,0
2026-04-23 18:45:00+00:00,0.58651,0.58656,0.58591,0.58594,346,14,0
2026-04-23 19:00:00+00:00,0.58594,0.58607,0.58546,0.58556,364,14,0
2026-04-23 19:15:00+00:00,0.58557,0.58574,0.58552,0.58556,233,14,0
2026-04-23 19:30:00+00:00,0.58556,0.58568,0.58507,0.58538,376,14,0
2026-04-23 19:45:00+00:00,0.58537,0.58581,0.58529,0.58571,298,14,0
2026-04-23 20:00:00+00:00,0.58569,0.5857,0.58489,0.58491,236,14,0
2026-04-23 20:15:00+00:00,0.58491,0.58536,0.58475,0.58536,171,14,0
2026-04-23 20:30:00+00:00,0.58536,0.58537,0.58526,0.58535,96,14,0
2026-04-23 20:45:00+00:00,0.58535,0.58538,0.58516,0.58525,163,14,0
2026-04-23 21:00:00+00:00,0.58526,0.58527,0.58483,0.58491,232,18,0
2026-04-23 21:15:00+00:00,0.58489,0.58504,0.58454,0.58501,238,96,0
2026-04-23 21:30:00+00:00,0.58503,0.58536,0.58495,0.58516,249,36,0
2026-04-23 21:45:00+00:00,0.58515,0.58533,0.58506,0.58532,187,28,0
2026-04-23 22:00:00+00:00,0.58545,0.58557,0.58531,0.58557,183,14,0
2026-04-23 22:15:00+00:00,0.58557,0.58557,0.58542,0.58546,66,14,0
2026-04-23 22:30:00+00:00,0.58546,0.58566,0.58546,0.58556,51,14,0
2026-04-23 22:45:00+00:00,0.58557,0.58564,0.58548,0.58561,65,14,0
2026-04-23 23:00:00+00:00,0.58561,0.58563,0.58545,0.58548,66,14,0
2026-04-23 23:15:00+00:00,0.58548,0.58549,0.58532,0.58544,99,14,0
2026-04-23 23:30:00+00:00,0.58546,0.58547,0.58536,0.58545,71,14,0
2026-04-23 23:45:00+00:00,0.58545,0.58552,0.58513,0.58522,129,14,0
2026-04-24 00:00:00+00:00,0.58524,0.58567,0.58516,0.58563,316,14,0
2026-04-24 00:15:00+00:00,0.58563,0.58572,0.58547,0.58571,188,14,0
2026-04-24 00:30:00+00:00,0.58571,0.58582,0.58543,0.58557,213,14,0
2026-04-24 00:45:00+00:00,0.58557,0.58576,0.58551,0.5857,249,14,0
2026-04-24 01:00:00+00:00,0.58571,0.58605,0.58568,0.58589,255,14,0
2026-04-24 01:15:00+00:00,0.58589,0.58606,0.58587,0.58592,190,14,0
2026-04-24 01:30:00+00:00,0.5859,0.58596,0.58562,0.58564,300,14,0
2026-04-24 01:45:00+00:00,0.58564,0.58597,0.58562,0.58595,220,14,0
2026-04-24 02:00:00+00:00,0.58595,0.58597,0.58548,0.58552,222,14,0
2026-04-24 02:15:00+00:00,0.58552,0.58563,0.58517,0.58518,200,14,0
2026-04-24 02:30:00+00:00,0.58517,0.58544,0.58517,0.58525,179,14,0
2026-04-24 02:45:00+00:00,0.58526,0.58526,0.58472,0.58481,204,14,0
2026-04-24 03:00:00+00:00,0.58481,0.58492,0.58436,0.58448,216,14,0
2026-04-24 03:15:00+00:00,0.58448,0.58453,0.58419,0.58424,240,14,0
2026-04-24 03:30:00+00:00,0.58424,0.58457,0.58396,0.58444,251,14,0
2026-04-24 03:45:00+00:00,0.58445,0.58453,0.58433,0.58433,184,14,0
2026-04-24 04:00:00+00:00,0.58434,0.58473,0.5842,0.58472,193,14,0
2026-04-24 04:15:00+00:00,0.58472,0.58493,0.58472,0.58488,130,14,0
2026-04-24 04:30:00+00:00,0.58488,0.58508,0.58483,0.58493,163,14,0
2026-04-24 04:45:00+00:00,0.58493,0.58536,0.58491,0.58523,179,14,0
2026-04-24 05:00:00+00:00,0.58524,0.58533,0.58482,0.58503,212,14,0
2026-04-24 05:15:00+00:00,0.58503,0.58513,0.58488,0.58493,172,14,0
2026-04-24 05:30:00+00:00,0.58494,0.58529,0.58494,0.58503,211,14,0
2026-04-24 05:45:00+00:00,0.58503,0.58516,0.58493,0.58503,162,14,0
2026-04-24 06:00:00+00:00,0.58504,0.58533,0.585,0.58509,263,14,0
2026-04-24 06:15:00+00:00,0.58509,0.58519,0.58464,0.58474,265,14,0
2026-04-24 06:30:00+00:00,0.58476,0.58507,0.58476,0.58498,270,14,0
2026-04-24 06:45:00+00:00,0.58498,0.58499,0.58463,0.58473,265,14,0
2026-04-24 07:00:00+00:00,0.58471,0.58504,0.58447,0.58501,292,14,0
2026-04-24 07:15:00+00:00,0.585,0.58521,0.58498,0.58507,227,14,0
2026-04-24 07:30:00+00:00,0.58505,0.5852,0.58485,0.58518,179,14,0
2026-04-24 07:45:00+00:00,0.58516,0.58549,0.58515,0.5854,199,14,0
2026-04-24 08:00:00+00:00,0.58539,0.58544,0.58496,0.58515,269,14,0
2026-04-24 08:15:00+00:00,0.58515,0.58609,0.58515,0.58572,432,14,0
2026-04-24 08:30:00+00:00,0.58573,0.58577,0.5854,0.58541,247,14,0
2026-04-24 08:45:00+00:00,0.58541,0.58594,0.5854,0.58562,296,14,0
2026-04-24 09:00:00+00:00,0.58564,0.58591,0.58552,0.58587,252,14,0
2026-04-24 09:15:00+00:00,0.58585,0.58595,0.58546,0.58559,296,14,0
2026-04-24 09:30:00+00:00,0.58559,0.5858,0.58542,0.58571,197,14,0
2026-04-24 09:45:00+00:00,0.58572,0.58575,0.5855,0.58558,167,14,0
2026-04-24 10:00:00+00:00,0.58558,0.58568,0.58543,0.58555,202,14,0
2026-04-24 10:15:00+00:00,0.58555,0.58581,0.58552,0.58574,177,14,0
2026-04-24 10:30:00+00:00,0.58574,0.58595,0.58565,0.5859,153,14,0
2026-04-24 10:45:00+00:00,0.5859,0.58604,0.5858,0.58598,206,14,0
2026-04-24 11:00:00+00:00,0.586,0.58686,0.58597,0.58661,682,14,0
2026-04-24 11:15:00+00:00,0.58659,0.58766,0.58639,0.58766,652,14,0
2026-04-24 11:30:00+00:00,0.58768,0.58772,0.58708,0.5872,401,14,0
2026-04-24 11:45:00+00:00,0.5872,0.58729,0.58699,0.58728,302,14,0
2026-04-24 12:00:00+00:00,0.58731,0.58763,0.58729,0.58743,365,14,0
2026-04-24 12:15:00+00:00,0.58744,0.58749,0.58694,0.58726,361,14,0
2026-04-24 12:30:00+00:00,0.58724,0.58725,0.58686,0.58689,281,14,0
2026-04-24 12:45:00+00:00,0.58689,0.58707,0.58646,0.5869,390,14,0
2026-04-24 13:00:00+00:00,0.58692,0.58722,0.58677,0.58689,375,14,0
2026-04-24 13:15:00+00:00,0.58689,0.58702,0.58643,0.58644,328,14,0
2026-04-24 13:30:00+00:00,0.58646,0.58657,0.58612,0.58641,490,14,0
2026-04-24 13:45:00+00:00,0.58642,0.58678,0.58618,0.58675,411,14,0
2026-04-24 14:00:00+00:00,0.58674,0.58758,0.58615,0.58735,737,14,0
2026-04-24 14:15:00+00:00,0.58733,0.5876,0.58717,0.58742,505,14,0
2026-04-24 14:30:00+00:00,0.58744,0.58779,0.58721,0.58749,466,14,0
2026-04-24 14:45:00+00:00,0.58749,0.5875,0.58679,0.58686,381,14,0
2026-04-24 15:00:00+00:00,0.58686,0.58708,0.58671,0.58695,363,14,0
2026-04-24 15:15:00+00:00,0.58696,0.58706,0.58672,0.5869,341,14,0
2026-04-24 15:30:00+00:00,0.58691,0.58748,0.58659,0.58732,528,14,0
2026-04-24 15:45:00+00:00,0.5873,0.58799,0.58727,0.58788,650,14,0
2026-04-24 16:00:00+00:00,0.58788,0.58796,0.58732,0.58752,395,14,0
2026-04-24 16:15:00+00:00,0.58753,0.58768,0.58746,0.58758,287,14,0
2026-04-24 16:30:00+00:00,0.5876,0.5878,0.58752,0.58759,311,14,0
2026-04-24 16:45:00+00:00,0.5876,0.58789,0.58757,0.58786,244,14,0
2026-04-24 17:00:00+00:00,0.58788,0.58806,0.58782,0.58793,249,14,0
2026-04-24 17:15:00+00:00,0.58794,0.58803,0.58774,0.58788,230,14,0
2026-04-24 17:30:00+00:00,0.58788,0.588,0.58771,0.58785,266,14,0
2026-04-24 17:45:00+00:00,0.58786,0.58816,0.58771,0.58772,272,14,0
2026-04-24 18:00:00+00:00,0.58772,0.58778,0.58751,0.58777,198,14,0
2026-04-24 18:15:00+00:00,0.58777,0.58784,0.58769,0.58779,236,14,0
2026-04-24 18:30:00+00:00,0.58779,0.58808,0.58773,0.58804,194,14,0
2026-04-24 18:45:00+00:00,0.58804,0.58809,0.58788,0.58799,138,14,0
2026-04-24 19:00:00+00:00,0.588,0.58819,0.588,0.58819,126,14,0
2026-04-24 19:15:00+00:00,0.58819,0.58823,0.588,0.5881,117,14,0
2026-04-24 19:30:00+00:00,0.5881,0.5882,0.58804,0.58809,141,14,0
2026-04-24 19:45:00+00:00,0.58807,0.58814,0.58796,0.5881,161,14,0
2026-04-24 20:00:00+00:00,0.5881,0.5882,0.58799,0.5882,157,14,0
2026-04-24 20:15:00+00:00,0.58819,0.58825,0.58806,0.58814,88,14,0
2026-04-24 20:30:00+00:00,0.58815,0.58817,0.588,0.58812,110,14,0
2026-04-24 20:45:00+00:00,0.58812,0.58821,0.58785,0.58791,139,14,0
2026-04-26 21:00:00+00:00,0.58603,0.58703,0.586,0.58607,98,73,0
2026-04-26 21:15:00+00:00,0.58607,0.58624,0.58562,0.5857,208,137,0
2026-04-26 21:30:00+00:00,0.58571,0.58652,0.58565,0.58624,154,60,0
2026-04-26 21:45:00+00:00,0.58624,0.58669,0.58608,0.58648,231,60,0
2026-04-26 22:00:00+00:00,0.58661,0.58722,0.58661,0.5869,170,24,0
2026-04-26 22:15:00+00:00,0.5869,0.58703,0.58684,0.58697,113,24,0
2026-04-26 22:30:00+00:00,0.58697,0.5872,0.5869,0.587,143,14,0
2026-04-26 22:45:00+00:00,0.587,0.58717,0.58695,0.58715,98,14,0
2026-04-26 23:00:00+00:00,0.58715,0.58719,0.58703,0.58703,76,14,0
2026-04-26 23:15:00+00:00,0.58703,0.58715,0.58693,0.58694,99,14,0
2026-04-26 23:30:00+00:00,0.58693,0.58697,0.58683,0.58691,96,14,0
2026-04-26 23:45:00+00:00,0.58691,0.58705,0.58688,0.58691,117,14,0
2026-04-27 00:00:00+00:00,0.58694,0.58741,0.58694,0.58732,301,14,0
2026-04-27 00:15:00+00:00,0.58732,0.58743,0.58715,0.58738,186,14,0
2026-04-27 00:30:00+00:00,0.58737,0.58777,0.58736,0.58776,160,14,0
2026-04-27 00:45:00+00:00,0.58776,0.58825,0.58776,0.58816,172,14,0
2026-04-27 01:00:00+00:00,0.58818,0.58891,0.58818,0.58846,488,14,0
2026-04-27 01:15:00+00:00,0.58845,0.58887,0.58827,0.58849,317,14,0
2026-04-27 01:30:00+00:00,0.5885,0.5888,0.5884,0.58877,269,14,0
2026-04-27 01:45:00+00:00,0.58877,0.58907,0.58867,0.58885,255,14,0
2026-04-27 02:00:00+00:00,0.58885,0.58892,0.58858,0.58879,202,14,0
2026-04-27 02:15:00+00:00,0.58879,0.58893,0.58867,0.58876,160,14,0
2026-04-27 02:30:00+00:00,0.58875,0.58923,0.58875,0.58901,205,14,0
2026-04-27 02:45:00+00:00,0.58901,0.58924,0.58898,0.58915,152,14,0
2026-04-27 03:00:00+00:00,0.58915,0.58936,0.58911,0.58931,206,14,0
2026-04-27 03:15:00+00:00,0.58931,0.58937,0.5892,0.58923,125,14,0
2026-04-27 03:30:00+00:00,0.58925,0.58937,0.58912,0.58937,153,14,0
2026-04-27 03:45:00+00:00,0.58937,0.58947,0.58913,0.58913,145,14,0
2026-04-27 04:00:00+00:00,0.5891,0.58913,0.58897,0.58897,119,14,0
2026-04-27 04:15:00+00:00,0.58897,0.58913,0.58892,0.58912,105,14,0
2026-04-27 04:30:00+00:00,0.58912,0.5892,0.58904,0.58905,90,14,0
2026-04-27 04:45:00+00:00,0.58905,0.58905,0.58861,0.5887,204,14,0
2026-04-27 05:00:00+00:00,0.5887,0.58874,0.58853,0.58854,196,14,0
2026-04-27 05:15:00+00:00,0.58853,0.58863,0.58852,0.58862,178,14,0
2026-04-27 05:30:00+00:00,0.58862,0.58862,0.58824,0.58839,199,14,0
2026-04-27 05:45:00+00:00,0.58838,0.58852,0.58832,0.58832,164,14,0
2026-04-27 06:00:00+00:00,0.58832,0.58834,0.58785,0.58819,293,14,0
2026-04-27 06:15:00+00:00,0.58819,0.58828,0.58805,0.58817,204,14,0
2026-04-27 06:30:00+00:00,0.58817,0.58843,0.58807,0.58813,263,14,0
2026-04-27 06:45:00+00:00,0.58813,0.58866,0.58808,0.58866,224,14,0
2026-04-27 07:00:00+00:00,0.58866,0.58914,0.58862,0.58914,271,14,0
2026-04-27 07:15:00+00:00,0.58914,0.58924,0.58889,0.58915,232,14,0
2026-04-27 07:30:00+00:00,0.58915,0.58938,0.58899,0.58933,215,14,0
2026-04-27 07:45:00+00:00,0.58933,0.58983,0.58933,0.58974,237,14,0
2026-04-27 08:00:00+00:00,0.58975,0.5904,0.5896,0.59012,385,14,0
2026-04-27 08:15:00+00:00,0.59012,0.59094,0.59002,0.5908,342,14,0
2026-04-27 08:30:00+00:00,0.5908,0.59089,0.59049,0.59089,266,14,0
2026-04-27 08:45:00+00:00,0.59089,0.59132,0.59089,0.59107,224,14,0
2026-04-27 09:00:00+00:00,0.59106,0.59132,0.59103,0.59129,203,14,0
2026-04-27 09:15:00+00:00,0.59129,0.59129,0.59096,0.59107,160,14,0
2026-04-27 09:30:00+00:00,0.59107,0.59114,0.59093,0.59095,130,14,0
2026-04-27 09:45:00+00:00,0.59094,0.591,0.59074,0.59092,188,14,0
2026-04-27 10:00:00+00:00,0.59092,0.59115,0.59089,0.59093,146,14,0
2026-04-27 10:15:00+00:00,0.59093,0.59107,0.59079,0.59105,136,14,0
2026-04-27 10:30:00+00:00,0.59105,0.5912,0.59101,0.59119,173,14,0
2026-04-27 10:45:00+00:00,0.5912,0.59128,0.59111,0.59119,191,14,0
2026-04-27 11:00:00+00:00,0.59118,0.59132,0.59091,0.59094,208,14,0
2026-04-27 11:15:00+00:00,0.59094,0.59138,0.59088,0.59135,179,14,0
2026-04-27 11:30:00+00:00,0.59135,0.59139,0.591,0.59119,180,14,0
2026-04-27 11:45:00+00:00,0.59119,0.5913,0.59104,0.59117,150,14,0
2026-04-27 12:00:00+00:00,0.59119,0.5919,0.59119,0.59185,247,14,0
2026-04-27 12:15:00+00:00,0.59187,0.59211,0.59163,0.59184,309,14,0
2026-04-27 12:30:00+00:00,0.59184,0.59191,0.59145,0.59183,272,14,0
2026-04-27 12:45:00+00:00,0.59184,0.59211,0.59145,0.59154,329,14,0
2026-04-27 13:00:00+00:00,0.59152,0.59214,0.59136,0.59187,462,14,0
2026-04-27 13:15:00+00:00,0.59186,0.59203,0.59165,0.59165,292,14,0
2026-04-27 13:30:00+00:00,0.59168,0.59174,0.5912,0.59123,416,14,0
2026-04-27 13:45:00+00:00,0.59124,0.5913,0.59087,0.59124,422,14,0
2026-04-27 14:00:00+00:00,0.59122,0.5916,0.59102,0.59149,455,14,0
2026-04-27 14:15:00+00:00,0.59149,0.59175,0.59146,0.59169,330,14,0
2026-04-27 14:30:00+00:00,0.59169,0.59222,0.59149,0.59212,397,14,0
2026-04-27 14:45:00+00:00,0.59213,0.59232,0.59134,0.59165,381,14,0
2026-04-27 15:00:00+00:00,0.59166,0.59168,0.59135,0.59144,336,14,0
2026-04-27 15:15:00+00:00,0.59142,0.59179,0.5912,0.59158,389,14,0
2026-04-27 15:30:00+00:00,0.59159,0.59188,0.59141,0.59181,311,14,0
2026-04-27 15:45:00+00:00,0.59181,0.59189,0.59161,0.59168,258,14,0
2026-04-27 16:00:00+00:00,0.59168,0.5918,0.59147,0.59155,248,14,0
2026-04-27 16:15:00+00:00,0.59155,0.59169,0.59139,0.59143,201,14,0
2026-04-27 16:30:00+00:00,0.59143,0.59153,0.59132,0.59134,189,14,0
2026-04-27 16:45:00+00:00,0.59134,0.59163,0.59128,0.59131,201,14,0
2026-04-27 17:00:00+00:00,0.5913,0.59136,0.59087,0.59102,245,14,0
2026-04-27 17:15:00+00:00,0.59102,0.59119,0.59081,0.59112,273,14,0
2026-04-27 17:30:00+00:00,0.59112,0.59162,0.59112,0.59146,205,14,0
2026-04-27 17:45:00+00:00,0.59146,0.59147,0.59117,0.59127,115,14,0
2026-04-27 18:00:00+00:00,0.59127,0.59132,0.59116,0.59119,184,14,0
2026-04-27 18:15:00+00:00,0.59119,0.59132,0.59116,0.59118,159,14,0
2026-04-27 18:30:00+00:00,0.59119,0.59121,0.59092,0.59093,142,14,0
2026-04-27 18:45:00+00:00,0.59093,0.59107,0.59077,0.59086,154,14,0
2026-04-27 19:00:00+00:00,0.59086,0.59109,0.59086,0.59108,121,14,0
2026-04-27 19:15:00+00:00,0.59108,0.59114,0.59103,0.59103,106,14,0
2026-04-27 19:30:00+00:00,0.59103,0.59107,0.59082,0.59089,106,14,0
2026-04-27 19:45:00+00:00,0.59088,0.59103,0.59072,0.59073,187,14,0
2026-04-27 20:00:00+00:00,0.59075,0.59086,0.5907,0.59078,100,14,0
2026-04-27 20:15:00+00:00,0.59078,0.59083,0.59075,0.59075,57,14,0
2026-04-27 20:30:00+00:00,0.59076,0.59091,0.59073,0.59091,68,14,0
2026-04-27 20:45:00+00:00,0.59092,0.59092,0.59068,0.59075,99,14,0
2026-04-27 21:00:00+00:00,0.59075,0.59076,0.5902,0.59021,143,14,0
2026-04-27 21:15:00+00:00,0.5902,0.59053,0.59015,0.59053,138,58,0
2026-04-27 21:30:00+00:00,0.59052,0.59064,0.59044,0.59063,194,28,0
2026-04-27 21:45:00+00:00,0.59063,0.59069,0.59052,0.59064,144,20,0
2026-04-27 22:00:00+00:00,0.59058,0.591,0.59044,0.59083,169,14,0
2026-04-27 22:15:00+00:00,0.59083,0.59089,0.59078,0.59087,68,14,0
2026-04-27 22:30:00+00:00,0.59087,0.59108,0.59086,0.59086,109,14,0
2026-04-27 22:45:00+00:00,0.59086,0.59109,0.59086,0.59101,113,14,0
2026-04-27 23:00:00+00:00,0.59101,0.59101,0.59088,0.59093,99,14,0
2026-04-27 23:15:00+00:00,0.59093,0.59118,0.59091,0.59102,94,14,0
2026-04-27 23:30:00+00:00,0.59102,0.59112,0.59099,0.59111,65,14,0
2026-04-27 23:45:00+00:00,0.59111,0.59119,0.59095,0.5911,137,14,0
2026-04-28 00:00:00+00:00,0.5911,0.59172,0.5911,0.59143,290,14,0
2026-04-28 00:15:00+00:00,0.5914,0.59153,0.59105,0.59125,244,14,0
2026-04-28 00:30:00+00:00,0.59125,0.59144,0.59111,0.59127,217,14,0
2026-04-28 00:45:00+00:00,0.59127,0.59139,0.5911,0.59114,231,14,0
2026-04-28 01:00:00+00:00,0.59112,0.59119,0.59055,0.59068,297,14,0
2026-04-28 01:15:00+00:00,0.59066,0.5907,0.5905,0.59059,233,14,0
2026-04-28 01:30:00+00:00,0.59059,0.59079,0.59046,0.59059,165,14,0
2026-04-28 01:45:00+00:00,0.59059,0.5906,0.58994,0.5901,239,14,0
2026-04-28 02:00:00+00:00,0.59013,0.59017,0.5898,0.58999,231,14,0
2026-04-28 02:15:00+00:00,0.58999,0.59,0.58981,0.5899,182,14,0
2026-04-28 02:30:00+00:00,0.5899,0.58991,0.58956,0.58967,176,14,0
2026-04-28 02:45:00+00:00,0.58967,0.5898,0.58956,0.58966,187,14,0
2026-04-28 03:00:00+00:00,0.58966,0.58995,0.58956,0.58979,268,14,0
2026-04-28 03:15:00+00:00,0.58979,0.59002,0.58974,0.59001,154,14,0
2026-04-28 03:30:00+00:00,0.59001,0.59011,0.58983,0.58984,144,14,0
2026-04-28 03:45:00+00:00,0.58983,0.5901,0.58977,0.59006,124,14,0
2026-04-28 04:00:00+00:00,0.59006,0.59012,0.58993,0.59008,146,14,0
2026-04-28 04:15:00+00:00,0.59008,0.59008,0.58991,0.59004,113,14,0
2026-04-28 04:30:00+00:00,0.59003,0.59018,0.59001,0.59011,133,14,0
2026-04-28 04:45:00+00:00,0.5901,0.5902,0.58984,0.58987,138,14,0
2026-04-28 05:00:00+00:00,0.58988,0.58997,0.58937,0.5895,215,14,0
2026-04-28 05:15:00+00:00,0.5895,0.58973,0.58941,0.58966,142,14,0
2026-04-28 05:30:00+00:00,0.58966,0.58966,0.58918,0.58933,263,14,0
2026-04-28 05:45:00+00:00,0.58933,0.58954,0.58921,0.58931,189,14,0
2026-04-28 06:00:00+00:00,0.5893,0.58971,0.58887,0.58949,327,14,0
2026-04-28 06:15:00+00:00,0.58949,0.58954,0.58904,0.58942,298,14,0
2026-04-28 06:30:00+00:00,0.58941,0.58943,0.58909,0.58919,337,14,0
2026-04-28 06:45:00+00:00,0.58921,0.58923,0.58814,0.58824,424,14,0
2026-04-28 07:00:00+00:00,0.58822,0.58883,0.58819,0.5887,401,14,0
2026-04-28 07:15:00+00:00,0.58871,0.58916,0.58854,0.58864,351,14,0
2026-04-28 07:30:00+00:00,0.58864,0.58906,0.58863,0.58892,256,14,0
2026-04-28 07:45:00+00:00,0.58892,0.58931,0.58884,0.58916,273,14,0
2026-04-28 08:00:00+00:00,0.58918,0.5892,0.58851,0.5886,461,14,0
2026-04-28 08:15:00+00:00,0.5886,0.5893,0.58859,0.5893,359,14,0
2026-04-28 08:30:00+00:00,0.58931,0.58935,0.58893,0.58902,274,14,0
2026-04-28 08:45:00+00:00,0.58902,0.58906,0.58885,0.58901,245,14,0
2026-04-28 09:00:00+00:00,0.589,0.58901,0.5887,0.58876,337,14,0
2026-04-28 09:15:00+00:00,0.58877,0.58898,0.5886,0.58878,265,14,0
2026-04-28 09:30:00+00:00,0.5888,0.58882,0.5883,0.58862,252,14,0
2026-04-28 09:45:00+00:00,0.58862,0.58906,0.5886,0.58878,278,14,0
2026-04-28 10:00:00+00:00,0.5888,0.589,0.58845,0.58853,211,14,0
2026-04-28 10:15:00+00:00,0.58854,0.58857,0.58801,0.58801,247,14,0
2026-04-28 10:30:00+00:00,0.58801,0.5881,0.58781,0.58786,276,14,0
2026-04-28 10:45:00+00:00,0.58786,0.58798,0.58777,0.58788,225,14,0
2026-04-28 11:00:00+00:00,0.58787,0.58807,0.5877,0.58772,307,14,0
2026-04-28 11:15:00+00:00,0.58772,0.58775,0.58741,0.58761,273,14,0
2026-04-28 11:30:00+00:00,0.5876,0.5876,0.58697,0.58727,346,14,0
2026-04-28 11:45:00+00:00,0.58727,0.58728,0.58668,0.5869,397,14,0
2026-04-28 12:00:00+00:00,0.58691,0.58697,0.58653,0.58678,425,14,0
2026-04-28 12:15:00+00:00,0.58678,0.58749,0.58668,0.58718,571,14,0
2026-04-28 12:30:00+00:00,0.58718,0.5874,0.58694,0.58716,318,14,0
2026-04-28 12:45:00+00:00,0.58715,0.58775,0.58715,0.58772,316,14,0
2026-04-28 13:00:00+00:00,0.58772,0.5878,0.58735,0.58744,316,14,0
2026-04-28 13:15:00+00:00,0.58744,0.58783,0.58714,0.58776,434,14,0
2026-04-28 13:30:00+00:00,0.58773,0.58826,0.58713,0.58802,596,14,0
2026-04-28 13:45:00+00:00,0.58803,0.58803,0.58744,0.58772,393,14,0
2026-04-28 14:00:00+00:00,0.58771,0.58791,0.58738,0.58784,418,14,0
2026-04-28 14:15:00+00:00,0.58782,0.58787,0.58751,0.58769,386,14,0
2026-04-28 14:30:00+00:00,0.58769,0.58816,0.5872,0.58735,486,14,0
2026-04-28 14:45:00+00:00,0.58735,0.5875,0.58704,0.58743,641,14,0
2026-04-28 15:00:00+00:00,0.58745,0.58808,0.58745,0.58785,497,14,0
2026-04-28 15:15:00+00:00,0.58782,0.58837,0.58773,0.58829,407,14,0
2026-04-28 15:30:00+00:00,0.58829,0.58868,0.58813,0.58849,395,14,0
2026-04-28 15:45:00+00:00,0.58849,0.58878,0.58843,0.58875,339,14,0
2026-04-28 16:00:00+00:00,0.58876,0.58894,0.5886,0.58875,333,14,0
2026-04-28 16:15:00+00:00,0.58875,0.58875,0.58825,0.58832,291,14,0
2026-04-28 16:30:00+00:00,0.5883,0.58836,0.58813,0.58828,240,14,0
2026-04-28 16:45:00+00:00,0.58828,0.58851,0.58822,0.58845,281,14,0
2026-04-28 17:00:00+00:00,0.58845,0.58862,0.58821,0.58838,256,14,0
2026-04-28 17:15:00+00:00,0.58838,0.58846,0.58813,0.58837,213,14,0
2026-04-28 17:30:00+00:00,0.58836,0.58883,0.58832,0.58865,233,14,0
2026-04-28 17:45:00+00:00,0.58863,0.58879,0.58862,0.58868,230,14,0
2026-04-28 18:00:00+00:00,0.58868,0.5888,0.58852,0.58853,176,14,0
2026-04-28 18:15:00+00:00,0.58853,0.58881,0.58853,0.58872,240,14,0
2026-04-28 18:30:00+00:00,0.58872,0.58873,0.58852,0.5887,155,14,0
2026-04-28 18:45:00+00:00,0.58868,0.58877,0.58839,0.58843,122,14,0
2026-04-28 19:00:00+00:00,0.58842,0.58866,0.58839,0.58847,118,14,0
2026-04-28 19:15:00+00:00,0.58847,0.58847,0.58828,0.58829,107,14,0
2026-04-28 19:30:00+00:00,0.58829,0.58834,0.58813,0.58815,110,14,0
2026-04-28 19:45:00+00:00,0.58815,0.58837,0.58808,0.58837,130,14,0
2026-04-28 20:00:00+00:00,0.58836,0.58858,0.58835,0.58839,106,14,0
2026-04-28 20:15:00+00:00,0.58839,0.5884,0.58829,0.58831,81,14,0
2026-04-28 20:30:00+00:00,0.5883,0.58856,0.5883,0.58851,91,14,0
2026-04-28 20:45:00+00:00,0.58851,0.58856,0.5884,0.58842,67,14,0
2026-04-28 21:00:00+00:00,0.5884,0.58845,0.58776,0.58784,174,14,0
2026-04-28 21:15:00+00:00,0.58783,0.58819,0.58777,0.58802,183,48,0
2026-04-28 21:30:00+00:00,0.58802,0.58848,0.58791,0.58809,343,54,0
2026-04-28 21:45:00+00:00,0.58811,0.58833,0.58795,0.58826,195,28,0
2026-04-28 22:00:00+00:00,0.58834,0.58864,0.58832,0.58853,81,14,0
2026-04-28 22:15:00+00:00,0.58852,0.58854,0.58838,0.58838,44,14,0
2026-04-28 22:30:00+00:00,0.58838,0.58848,0.58838,0.58842,50,14,0
2026-04-28 22:45:00+00:00,0.58842,0.58849,0.58842,0.58846,47,14,0
2026-04-28 23:00:00+00:00,0.58846,0.58859,0.58843,0.58859,43,14,0
2026-04-28 23:15:00+00:00,0.58859,0.58881,0.58859,0.58864,93,14,0
2026-04-28 23:30:00+00:00,0.58864,0.58873,0.58854,0.5887,90,14,0
2026-04-28 23:45:00+00:00,0.5887,0.58871,0.58847,0.58869,129,14,0
2026-04-29 00:00:00+00:00,0.58871,0.58913,0.58871,0.58879,266,14,0
2026-04-29 00:15:00+00:00,0.58879,0.58884,0.58856,0.58867,189,14,0
2026-04-29 00:30:00+00:00,0.58869,0.58896,0.58867,0.58893,160,14,0
2026-04-29 00:45:00+00:00,0.58893,0.58904,0.58871,0.58874,212,14,0
2026-04-29 01:00:00+00:00,0.58872,0.58879,0.58774,0.58798,438,14,0
2026-04-29 01:15:00+00:00,0.58798,0.58839,0.58793,0.58812,280,14,0
2026-04-29 01:30:00+00:00,0.5881,0.589,0.58793,0.5889,521,14,0
2026-04-29 01:45:00+00:00,0.5889,0.5889,0.58755,0.58759,362,14,0
2026-04-29 02:00:00+00:00,0.58761,0.5879,0.5874,0.58745,278,14,0
2026-04-29 02:15:00+00:00,0.58747,0.58767,0.58711,0.58716,290,14,0
2026-04-29 02:30:00+00:00,0.58715,0.5872,0.58626,0.58637,302,14,0
2026-04-29 02:45:00+00:00,0.58638,0.58655,0.58595,0.58597,204,14,0
2026-04-29 03:00:00+00:00,0.58597,0.58622,0.58558,0.58599,354,14,0
2026-04-29 03:15:00+00:00,0.58599,0.58622,0.5858,0.58583,188,14,0
2026-04-29 03:30:00+00:00,0.58585,0.586,0.58571,0.58579,172,14,0
2026-04-29 03:45:00+00:00,0.58579,0.58595,0.58578,0.58592,145,14,0
2026-04-29 04:00:00+00:00,0.58594,0.58611,0.58594,0.58602,118,14,0
2026-04-29 04:15:00+00:00,0.58601,0.58613,0.58598,0.5861,84,14,0
2026-04-29 04:30:00+00:00,0.5861,0.58634,0.5861,0.58633,120,14,0
2026-04-29 04:45:00+00:00,0.58633,0.58637,0.58612,0.58623,96,14,0
2026-04-29 05:00:00+00:00,0.58623,0.58631,0.58596,0.58598,146,14,0
2026-04-29 05:15:00+00:00,0.58598,0.58601,0.58585,0.58599,167,14,0
2026-04-29 05:30:00+00:00,0.58599,0.58618,0.58577,0.58618,152,14,0
2026-04-29 05:45:00+00:00,0.58618,0.58639,0.58605,0.58611,212,14,0
2026-04-29 06:00:00+00:00,0.58609,0.58643,0.586,0.58601,274,14,0
2026-04-29 06:15:00+00:00,0.58601,0.58619,0.5858,0.58613,239,14,0
2026-04-29 06:30:00+00:00,0.58613,0.58647,0.58589,0.58644,200,14,0
2026-04-29 06:45:00+00:00,0.58644,0.58689,0.58622,0.58628,300,14,0
2026-04-29 07:00:00+00:00,0.58628,0.58671,0.58609,0.58663,347,14,0
2026-04-29 07:15:00+00:00,0.58663,0.58664,0.58635,0.58654,289,14,0
2026-04-29 07:30:00+00:00,0.58653,0.58673,0.5863,0.58632,256,14,0
2026-04-29 07:45:00+00:00,0.58633,0.58662,0.58618,0.58643,271,14,0
2026-04-29 08:00:00+00:00,0.58645,0.58662,0.58593,0.58602,487,14,0
2026-04-29 08:15:00+00:00,0.58603,0.58632,0.58603,0.58625,268,14,0
2026-04-29 08:30:00+00:00,0.58623,0.58624,0.5857,0.58601,313,14,0
2026-04-29 08:45:00+00:00,0.58602,0.58613,0.58579,0.58579,209,14,0
2026-04-29 09:00:00+00:00,0.58579,0.58586,0.5856,0.5858,252,14,0
2026-04-29 09:15:00+00:00,0.58578,0.58587,0.58539,0.5855,230,14,0
2026-04-29 09:30:00+00:00,0.58552,0.5857,0.58527,0.58532,230,14,0
2026-04-29 09:45:00+00:00,0.58532,0.58549,0.58517,0.58524,246,14,0
2026-04-29 10:00:00+00:00,0.58522,0.58568,0.58513,0.58568,219,14,0
2026-04-29 10:15:00+00:00,0.58568,0.58582,0.58563,0.58575,177,14,0
2026-04-29 10:30:00+00:00,0.58573,0.58598,0.58557,0.58559,197,14,0
2026-04-29 10:45:00+00:00,0.58559,0.58596,0.58552,0.58596,183,14,0
2026-04-29 11:00:00+00:00,0.58599,0.58602,0.5858,0.58588,245,14,0
2026-04-29 11:15:00+00:00,0.58588,0.58598,0.58572,0.58577,211,14,0
2026-04-29 11:30:00+00:00,0.58575,0.58605,0.58568,0.58577,232,14,0
2026-04-29 11:45:00+00:00,0.58577,0.58587,0.58563,0.58567,179,14,0
2026-04-29 12:00:00+00:00,0.58567,0.58589,0.58559,0.5857,242,14,0
2026-04-29 12:15:00+00:00,0.58569,0.58596,0.58554,0.58569,301,14,0
2026-04-29 12:30:00+00:00,0.58566,0.58566,0.58521,0.5855,325,14,0
2026-04-29 12:45:00+00:00,0.58549,0.58559,0.58513,0.58513,296,14,0
2026-04-29 13:00:00+00:00,0.58516,0.58555,0.58492,0.585,342,14,0
2026-04-29 13:15:00+00:00,0.585,0.58501,0.58432,0.58442,447,14,0
2026-04-29 13:30:00+00:00,0.5844,0.5845,0.58374,0.58398,501,14,0
2026-04-29 13:45:00+00:00,0.58398,0.58398,0.58344,0.58385,546,14,0
2026-04-29 14:00:00+00:00,0.58384,0.58387,0.58298,0.58367,548,14,0
2026-04-29 14:15:00+00:00,0.58366,0.58427,0.58353,0.58418,381,14,0
2026-04-29 14:30:00+00:00,0.58418,0.58424,0.58394,0.58408,394,14,0
2026-04-29 14:45:00+00:00,0.58409,0.58493,0.58387,0.58459,429,14,0
2026-04-29 15:00:00+00:00,0.58459,0.58469,0.58377,0.58386,433,14,0
2026-04-29 15:15:00+00:00,0.58387,0.58409,0.58366,0.58371,378,14,0
2026-04-29 15:30:00+00:00,0.58371,0.58422,0.58361,0.58417,376,14,0
2026-04-29 15:45:00+00:00,0.58416,0.58438,0.58281,0.58347,736,14,0
2026-04-29 16:00:00+00:00,0.58349,0.58409,0.58345,0.58373,393,14,0
2026-04-29 16:15:00+00:00,0.58375,0.5839,0.58355,0.58372,364,14,0
2026-04-29 16:30:00+00:00,0.5837,0.58371,0.58335,0.58346,395,14,0
2026-04-29 16:45:00+00:00,0.58346,0.58358,0.58325,0.58333,310,14,0
2026-04-29 17:00:00+00:00,0.58333,0.58349,0.58299,0.58334,290,14,0
2026-04-29 17:15:00+00:00,0.58333,0.58353,0.58323,0.58331,323,14,0
2026-04-29 17:30:00+00:00,0.58333,0.58361,0.58324,0.58344,297,14,0
2026-04-29 17:45:00+00:00,0.58344,0.58389,0.58341,0.58389,318,14,0
2026-04-29 18:00:00+00:00,0.5839,0.5839,0.58196,0.58219,793,14,0
2026-04-29 18:15:00+00:00,0.58219,0.58283,0.58214,0.58251,499,14,0
2026-04-29 18:30:00+00:00,0.58252,0.58329,0.58155,0.58155,930,14,0
2026-04-29 18:45:00+00:00,0.58155,0.58254,0.58145,0.58254,609,14,0
2026-04-29 19:00:00+00:00,0.58255,0.58287,0.58208,0.58287,454,14,0
2026-04-29 19:15:00+00:00,0.58286,0.58309,0.5827,0.58274,326,14,0
2026-04-29 19:30:00+00:00,0.58273,0.58277,0.58225,0.58254,248,14,0
2026-04-29 19:45:00+00:00,0.58255,0.58317,0.58251,0.58308,285,14,0
2026-04-29 20:00:00+00:00,0.58309,0.58332,0.5828,0.58284,436,14,0
2026-04-29 20:15:00+00:00,0.58286,0.58303,0.58275,0.583,262,14,0
2026-04-29 20:30:00+00:00,0.583,0.58303,0.58289,0.58297,168,14,0
2026-04-29 20:45:00+00:00,0.58299,0.58302,0.58279,0.58285,155,14,0
2026-04-29 21:00:00+00:00,0.58286,0.58288,0.58249,0.5827,242,18,0
2026-04-29 21:15:00+00:00,0.58268,0.58273,0.58217,0.58224,191,70,0
2026-04-29 21:30:00+00:00,0.58225,0.58259,0.5818,0.58258,336,102,0
2026-04-29 21:45:00+00:00,0.58259,0.58309,0.58258,0.58275,212,30,0
2026-04-29 22:00:00+00:00,0.58283,0.58294,0.58264,0.58289,193,14,0
2026-04-29 22:15:00+00:00,0.58289,0.58321,0.58286,0.58314,134,14,0
2026-04-29 22:30:00+00:00,0.58314,0.58331,0.58303,0.5831,96,14,0
2026-04-29 22:45:00+00:00,0.5831,0.58326,0.5831,0.58319,87,14,0
2026-04-29 23:00:00+00:00,0.58319,0.58334,0.58314,0.58331,93,14,0
2026-04-29 23:15:00+00:00,0.58331,0.58344,0.58329,0.5834,95,14,0
2026-04-29 23:30:00+00:00,0.5834,0.58395,0.5834,0.58395,152,14,0
2026-04-29 23:45:00+00:00,0.58395,0.58396,0.58375,0.58386,155,14,0
2026-04-30 00:00:00+00:00,0.58388,0.5844,0.58388,0.58425,429,14,0
2026-04-30 00:15:00+00:00,0.58422,0.58443,0.58393,0.58432,318,14,0
2026-04-30 00:30:00+00:00,0.58433,0.5845,0.584,0.584,270,14,0
2026-04-30 00:45:00+00:00,0.584,0.58413,0.58371,0.58371,259,14,0
2026-04-30 01:00:00+00:00,0.5837,0.5837,0.58315,0.58316,358,14,0
2026-04-30 01:15:00+00:00,0.58317,0.5833,0.5829,0.58292,240,14,0
2026-04-30 01:30:00+00:00,0.58292,0.58306,0.58272,0.58293,331,14,0
2026-04-30 01:45:00+00:00,0.58293,0.5834,0.58282,0.5832,268,14,0
2026-04-30 02:00:00+00:00,0.5832,0.58323,0.58291,0.58309,214,14,0
2026-04-30 02:15:00+00:00,0.58308,0.58315,0.58285,0.58296,234,14,0
2026-04-30 02:30:00+00:00,0.58295,0.58303,0.58249,0.58283,520,14,0
2026-04-30 02:45:00+00:00,0.58283,0.5833,0.58263,0.58324,296,14,0
2026-04-30 03:00:00+00:00,0.58323,0.58359,0.58318,0.58323,248,14,0
2026-04-30 03:15:00+00:00,0.58321,0.58356,0.58317,0.58354,183,14,0
2026-04-30 03:30:00+00:00,0.58355,0.58366,0.5834,0.58356,203,14,0
2026-04-30 03:45:00+00:00,0.58356,0.58356,0.58338,0.58342,185,14,0
2026-04-30 04:00:00+00:00,0.58344,0.58346,0.58303,0.58313,247,14,0
2026-04-30 04:15:00+00:00,0.58313,0.58318,0.58269,0.58273,263,14,0
2026-04-30 04:30:00+00:00,0.58272,0.58281,0.58245,0.58274,273,14,0
2026-04-30 04:45:00+00:00,0.58273,0.58293,0.58259,0.58259,221,14,0
2026-04-30 05:00:00+00:00,0.58258,0.58327,0.58258,0.58312,259,14,0
2026-04-30 05:15:00+00:00,0.58313,0.58315,0.58273,0.58276,216,14,0
2026-04-30 05:30:00+00:00,0.58276,0.58313,0.58273,0.58286,258,14,0
2026-04-30 05:45:00+00:00,0.58286,0.58288,0.58239,0.5824,249,14,0
2026-04-30 06:00:00+00:00,0.58238,0.58273,0.58206,0.58214,352,14,0
2026-04-30 06:15:00+00:00,0.58213,0.58247,0.58213,0.58242,331,14,0
2026-04-30 06:30:00+00:00,0.58245,0.58308,0.58245,0.58267,441,14,0
2026-04-30 06:45:00+00:00,0.58267,0.58304,0.58247,0.58298,364,14,0
2026-04-30 07:00:00+00:00,0.58296,0.58381,0.58295,0.58379,392,14,0
2026-04-30 07:15:00+00:00,0.58379,0.58383,0.5834,0.58375,352,14,0
2026-04-30 07:30:00+00:00,0.58375,0.58378,0.58337,0.5837,326,14,0
2026-04-30 07:45:00+00:00,0.58368,0.5841,0.5835,0.58389,332,14,0
2026-04-30 08:00:00+00:00,0.58388,0.58469,0.58388,0.58432,514,14,0
2026-04-30 08:15:00+00:00,0.58431,0.58434,0.58409,0.58434,336,14,0
2026-04-30 08:30:00+00:00,0.58433,0.58453,0.58398,0.58414,428,14,0
2026-04-30 08:45:00+00:00,0.58414,0.58421,0.58371,0.58388,317,14,0
2026-04-30 09:00:00+00:00,0.58386,0.58403,0.58354,0.584,408,14,0
2026-04-30 09:15:00+00:00,0.584,0.58428,0.58376,0.58427,348,14,0
2026-04-30 09:30:00+00:00,0.58429,0.58528,0.58429,0.58469,644,14,0
2026-04-30 09:45:00+00:00,0.58469,0.58536,0.58466,0.58529,381,14,0
2026-04-30 10:00:00+00:00,0.58529,0.58552,0.58496,0.58504,395,14,0
2026-04-30 10:15:00+00:00,0.58504,0.58589,0.58504,0.58587,434,14,0
2026-04-30 10:30:00+00:00,0.58589,0.58633,0.58577,0.58607,841,14,0
2026-04-30 10:45:00+00:00,0.58608,0.58644,0.58581,0.58643,560,14,0
2026-04-30 11:00:00+00:00,0.58643,0.58687,0.58621,0.58668,631,14,0
2026-04-30 11:15:00+00:00,0.58669,0.58762,0.5866,0.58748,567,14,0
2026-04-30 11:30:00+00:00,0.58748,0.58752,0.58689,0.58699,586,14,0
2026-04-30 11:45:00+00:00,0.587,0.5873,0.58659,0.58661,476,14,0
2026-04-30 12:00:00+00:00,0.5866,0.58677,0.58622,0.58645,411,14,0
2026-04-30 12:15:00+00:00,0.58648,0.58683,0.58616,0.58673,445,14,0
2026-04-30 12:30:00+00:00,0.58676,0.5868,0.58621,0.58621,519,14,0
2026-04-30 12:45:00+00:00,0.58621,0.58702,0.5862,0.58665,487,14,0
2026-04-30 13:00:00+00:00,0.58665,0.5874,0.58663,0.58697,674,14,0
2026-04-30 13:15:00+00:00,0.58697,0.58699,0.58657,0.58696,469,14,0
2026-04-30 13:30:00+00:00,0.58698,0.58698,0.58638,0.58665,558,14,0
2026-04-30 13:45:00+00:00,0.58665,0.58738,0.58645,0.5872,564,14,0
2026-04-30 14:00:00+00:00,0.58718,0.58825,0.5871,0.5881,719,14,0
2026-04-30 14:15:00+00:00,0.58812,0.58867,0.58806,0.58848,582,14,0
2026-04-30 14:30:00+00:00,0.58846,0.58854,0.58732,0.58774,670,14,0
2026-04-30 14:45:00+00:00,0.58774,0.58892,0.58773,0.5886,619,14,0
2026-04-30 15:00:00+00:00,0.58858,0.589,0.58829,0.58896,593,14,0
2026-04-30 15:15:00+00:00,0.58896,0.58902,0.58849,0.58887,452,14,0
2026-04-30 15:30:00+00:00,0.58889,0.58934,0.58887,0.58918,454,14,0
2026-04-30 15:45:00+00:00,0.58918,0.58918,0.58878,0.58896,378,14,0
2026-04-30 16:00:00+00:00,0.58895,0.58948,0.58887,0.58892,360,14,0
2026-04-30 16:15:00+00:00,0.58892,0.58892,0.58857,0.58866,313,14,0
2026-04-30 16:30:00+00:00,0.58866,0.58909,0.58861,0.58894,295,14,0
2026-04-30 16:45:00+00:00,0.58894,0.58906,0.58884,0.58902,284,14,0
2026-04-30 17:00:00+00:00,0.58903,0.58942,0.58882,0.58887,341,14,0
2026-04-30 17:15:00+00:00,0.58887,0.58915,0.58877,0.58911,268,14,0
2026-04-30 17:30:00+00:00,0.58914,0.58944,0.58912,0.58931,297,14,0
2026-04-30 17:45:00+00:00,0.58931,0.58937,0.5892,0.58922,212,14,0
2026-04-30 18:00:00+00:00,0.58922,0.58967,0.58922,0.58962,259,14,0
2026-04-30 18:15:00+00:00,0.58961,0.58993,0.58961,0.5899,213,14,0
2026-04-30 18:30:00+00:00,0.5899,0.59045,0.58988,0.59042,264,14,0
2026-04-30 18:45:00+00:00,0.59042,0.59081,0.59041,0.59056,204,14,0
2026-04-30 19:00:00+00:00,0.59057,0.5909,0.59057,0.59072,278,14,0
2026-04-30 19:15:00+00:00,0.59072,0.59072,0.59038,0.59045,229,14,0
2026-04-30 19:30:00+00:00,0.59045,0.59087,0.5904,0.59078,249,14,0
2026-04-30 19:45:00+00:00,0.59078,0.5908,0.59056,0.59056,236,14,0
2026-04-30 20:00:00+00:00,0.59054,0.59079,0.59053,0.5907,217,14,0
2026-04-30 20:15:00+00:00,0.59071,0.59086,0.59065,0.59082,121,14,0
2026-04-30 20:30:00+00:00,0.5908,0.59099,0.59076,0.59076,145,14,0
2026-04-30 20:45:00+00:00,0.59078,0.59091,0.59073,0.59082,128,14,0
2026-04-30 21:00:00+00:00,0.59081,0.59082,0.59029,0.59045,109,26,0
2026-04-30 21:15:00+00:00,0.59043,0.59049,0.5901,0.59014,273,74,0
2026-04-30 21:30:00+00:00,0.59012,0.59028,0.59006,0.59013,237,62,0
2026-04-30 21:45:00+00:00,0.59013,0.59047,0.58994,0.59047,213,37,0
2026-04-30 22:00:00+00:00,0.59052,0.59086,0.59046,0.59057,156,14,0
2026-04-30 22:15:00+00:00,0.59057,0.5906,0.59048,0.59055,47,14,0
2026-04-30 22:30:00+00:00,0.59056,0.59062,0.59047,0.59049,75,14,0
2026-04-30 22:45:00+00:00,0.59049,0.59052,0.59035,0.59052,94,14,0
2026-04-30 23:00:00+00:00,0.59052,0.59067,0.59052,0.59059,107,14,0
2026-04-30 23:15:00+00:00,0.59059,0.59069,0.59052,0.59052,96,14,0
2026-04-30 23:30:00+00:00,0.59053,0.59077,0.59053,0.59067,83,14,0
2026-04-30 23:45:00+00:00,0.59067,0.59077,0.59047,0.59054,175,14,0
2026-05-01 00:00:00+00:00,0.59056,0.59063,0.59007,0.59016,302,14,0
2026-05-01 00:15:00+00:00,0.59016,0.59039,0.59016,0.59032,221,14,0
2026-05-01 00:30:00+00:00,0.59032,0.59043,0.59022,0.59043,197,14,0
2026-05-01 00:45:00+00:00,0.59043,0.59049,0.59024,0.59038,192,14,0
2026-05-01 01:00:00+00:00,0.59038,0.5904,0.59007,0.59036,161,14,0
2026-05-01 01:15:00+00:00,0.59036,0.59038,0.59003,0.59032,156,14,0
2026-05-01 01:30:00+00:00,0.59032,0.59048,0.59032,0.59033,173,14,0
2026-05-01 01:45:00+00:00,0.59033,0.59059,0.59027,0.59057,151,14,0
2026-05-01 02:00:00+00:00,0.59057,0.59082,0.59041,0.59067,165,14,0
2026-05-01 02:15:00+00:00,0.59067,0.59078,0.59043,0.59054,160,14,0
2026-05-01 02:30:00+00:00,0.59054,0.59056,0.5903,0.59031,129,14,0
2026-05-01 02:45:00+00:00,0.59032,0.59038,0.58998,0.59037,133,14,0
2026-05-01 03:00:00+00:00,0.59039,0.59057,0.59034,0.59057,132,14,0
2026-05-01 03:15:00+00:00,0.59057,0.59065,0.59048,0.59058,109,14,0
2026-05-01 03:30:00+00:00,0.59058,0.59059,0.59011,0.59012,172,14,0
2026-05-01 03:45:00+00:00,0.59011,0.59015,0.58989,0.58996,171,14,0
2026-05-01 04:00:00+00:00,0.58996,0.58996,0.58952,0.58964,212,14,0
2026-05-01 04:15:00+00:00,0.58963,0.58967,0.58937,0.58939,113,14,0
2026-05-01 04:30:00+00:00,0.58939,0.58946,0.58932,0.58936,120,14,0
2026-05-01 04:45:00+00:00,0.58936,0.58946,0.5893,0.58931,120,14,0
2026-05-01 05:00:00+00:00,0.58931,0.58941,0.58927,0.58936,137,14,0
2026-05-01 05:15:00+00:00,0.58936,0.58936,0.58917,0.58933,143,14,0
2026-05-01 05:30:00+00:00,0.58932,0.58946,0.58928,0.5894,108,14,0
2026-05-01 05:45:00+00:00,0.5894,0.58944,0.58904,0.58909,137,14,0
2026-05-01 06:00:00+00:00,0.58909,0.58934,0.58896,0.58899,218,14,0
2026-05-01 06:15:00+00:00,0.58899,0.58912,0.58879,0.58887,217,14,0
2026-05-01 06:30:00+00:00,0.58887,0.58891,0.58863,0.58874,207,14,0
2026-05-01 06:45:00+00:00,0.58874,0.58995,0.58874,0.58962,634,14,0
2026-05-01 07:00:00+00:00,0.58962,0.58982,0.5893,0.58963,460,14,0
2026-05-01 07:15:00+00:00,0.58963,0.58983,0.58945,0.58982,349,14,0
2026-05-01 07:30:00+00:00,0.58982,0.58983,0.5894,0.58964,288,14,0
2026-05-01 07:45:00+00:00,0.58964,0.58982,0.58913,0.58941,334,14,0
2026-05-01 08:00:00+00:00,0.58939,0.58964,0.5892,0.58922,338,14,0
2026-05-01 08:15:00+00:00,0.58921,0.58972,0.5892,0.58958,268,14,0
2026-05-01 08:30:00+00:00,0.58957,0.58965,0.58932,0.58951,240,14,0
2026-05-01 08:45:00+00:00,0.58951,0.58966,0.58939,0.58959,226,14,0
2026-05-01 09:00:00+00:00,0.5896,0.58965,0.58932,0.58932,197,14,0
2026-05-01 09:15:00+00:00,0.5893,0.58939,0.58884,0.58893,197,14,0
2026-05-01 09:30:00+00:00,0.58894,0.58925,0.5889,0.58919,209,14,0
2026-05-01 09:45:00+00:00,0.58919,0.58927,0.58876,0.58889,227,14,0
2026-05-01 10:00:00+00:00,0.58889,0.58921,0.58875,0.58917,233,14,0
2026-05-01 10:15:00+00:00,0.58917,0.58938,0.58915,0.58924,185,14,0
2026-05-01 10:30:00+00:00,0.58923,0.58926,0.5888,0.58895,148,14,0
2026-05-01 10:45:00+00:00,0.58895,0.58914,0.58895,0.58909,157,14,0
2026-05-01 11:00:00+00:00,0.58911,0.58935,0.589,0.58935,221,14,0
2026-05-01 11:15:00+00:00,0.58935,0.58973,0.58926,0.58955,231,14,0
2026-05-01 11:30:00+00:00,0.58955,0.58965,0.58928,0.58929,227,14,0
2026-05-01 11:45:00+00:00,0.58929,0.58951,0.58908,0.58948,213,14,0
2026-05-01 12:00:00+00:00,0.58949,0.59038,0.58929,0.59003,438,14,0
2026-05-01 12:15:00+00:00,0.59001,0.59061,0.58997,0.59052,465,14,0
2026-05-01 12:30:00+00:00,0.59052,0.59052,0.59008,0.59014,339,14,0
2026-05-01 12:45:00+00:00,0.59014,0.59024,0.58998,0.59004,252,14,0
2026-05-01 13:00:00+00:00,0.59002,0.59051,0.58995,0.59023,284,14,0
2026-05-01 13:15:00+00:00,0.59023,0.59036,0.59009,0.59025,288,14,0
2026-05-01 13:30:00+00:00,0.59023,0.59055,0.59012,0.59029,420,14,0
2026-05-01 13:45:00+00:00,0.5903,0.59089,0.58968,0.59079,710,14,0
2026-05-01 14:00:00+00:00,0.59082,0.5924,0.59077,0.59213,672,14,0
2026-05-01 14:15:00+00:00,0.59211,0.59241,0.5919,0.59205,483,14,0
2026-05-01 14:30:00+00:00,0.59205,0.59211,0.59139,0.59166,494,14,0
2026-05-01 14:45:00+00:00,0.59166,0.59191,0.59127,0.59143,409,14,0
2026-05-01 15:00:00+00:00,0.59143,0.59204,0.59119,0.59202,500,14,0
2026-05-01 15:15:00+00:00,0.59203,0.59218,0.59174,0.5919,359,14,0
2026-05-01 15:30:00+00:00,0.59193,0.59214,0.59168,0.5919,395,14,0
2026-05-01 15:45:00+00:00,0.5919,0.59211,0.59135,0.5917,465,14,0
2026-05-01 16:00:00+00:00,0.59168,0.59182,0.59146,0.59167,279,14,0
2026-05-01 16:15:00+00:00,0.59167,0.59195,0.5912,0.59139,438,14,0
2026-05-01 16:30:00+00:00,0.59136,0.59142,0.59105,0.59125,299,14,0
2026-05-01 16:45:00+00:00,0.59125,0.59129,0.59094,0.59095,251,14,0
2026-05-01 17:00:00+00:00,0.59095,0.59107,0.5908,0.59096,224,14,0
2026-05-01 17:15:00+00:00,0.59096,0.59108,0.59075,0.59079,273,14,0
2026-05-01 17:30:00+00:00,0.59079,0.59085,0.59043,0.59044,235,14,0
2026-05-01 17:45:00+00:00,0.59044,0.59082,0.59038,0.59052,241,14,0
2026-05-01 18:00:00+00:00,0.59054,0.59059,0.58993,0.59004,283,14,0
2026-05-01 18:15:00+00:00,0.59004,0.59026,0.58984,0.59023,256,14,0
2026-05-01 18:30:00+00:00,0.59025,0.59036,0.5899,0.59023,307,14,0
2026-05-01 18:45:00+00:00,0.59023,0.5905,0.59018,0.59038,229,14,0
2026-05-01 19:00:00+00:00,0.59038,0.59043,0.59017,0.59022,147,14,0
2026-05-01 19:15:00+00:00,0.59022,0.59037,0.59022,0.59026,92,14,0
2026-05-01 19:30:00+00:00,0.59026,0.59027,0.59006,0.59007,130,14,0
2026-05-01 19:45:00+00:00,0.59007,0.5901,0.58986,0.58992,183,14,0
2026-05-01 20:00:00+00:00,0.58992,0.59006,0.58988,0.58996,105,14,0
2026-05-01 20:15:00+00:00,0.58996,0.58998,0.58981,0.58981,76,14,0
2026-05-01 20:30:00+00:00,0.58981,0.58992,0.58971,0.58988,129,14,0
2026-05-01 20:45:00+00:00,0.58987,0.58987,0.58934,0.58959,202,14,0
2026-05-03 21:00:00+00:00,0.58968,0.58969,0.58968,0.58969,2,60,0
2026-05-03 21:15:00+00:00,0.5897,0.58986,0.5897,0.58984,31,60,0
2026-05-03 21:30:00+00:00,0.58984,0.59001,0.5897,0.59001,106,60,0
2026-05-03 21:45:00+00:00,0.59002,0.59072,0.59002,0.59069,108,60,0
2026-05-03 22:00:00+00:00,0.591,0.59123,0.59065,0.59076,255,14,0
2026-05-03 22:15:00+00:00,0.59076,0.59079,0.59021,0.59044,161,14,0
2026-05-03 22:30:00+00:00,0.59044,0.5907,0.59035,0.5906,147,14,0
2026-05-03 22:45:00+00:00,0.5906,0.59071,0.59045,0.5906,140,14,0
2026-05-03 23:00:00+00:00,0.5906,0.59066,0.59041,0.59044,122,14,0
2026-05-03 23:15:00+00:00,0.59044,0.59048,0.5903,0.59047,72,14,0
2026-05-03 23:30:00+00:00,0.59047,0.59057,0.59039,0.59039,100,14,0
2026-05-03 23:45:00+00:00,0.59039,0.5907,0.59029,0.59042,181,14,0
2026-05-04 00:00:00+00:00,0.59039,0.59067,0.59017,0.59045,300,14,0
2026-05-04 00:15:00+00:00,0.59045,0.59049,0.58999,0.5901,310,14,0
2026-05-04 00:30:00+00:00,0.59012,0.59047,0.5901,0.59027,214,14,0
2026-05-04 00:45:00+00:00,0.59027,0.59054,0.5902,0.59039,246,14,0
2026-05-04 01:00:00+00:00,0.59038,0.59039,0.58985,0.59014,319,14,0
2026-05-04 01:15:00+00:00,0.59015,0.5906,0.58994,0.59001,259,14,0
2026-05-04 01:30:00+00:00,0.58999,0.59053,0.58998,0.59053,195,14,0
2026-05-04 01:45:00+00:00,0.59053,0.59087,0.59019,0.59087,280,14,0
2026-05-04 02:00:00+00:00,0.59086,0.59133,0.59077,0.59127,291,14,0
2026-05-04 02:15:00+00:00,0.59127,0.59127,0.59066,0.59071,236,14,0
2026-05-04 02:30:00+00:00,0.59071,0.59096,0.59067,0.59092,200,14,0
2026-05-04 02:45:00+00:00,0.59092,0.59139,0.59092,0.59132,203,14,0
2026-05-04 03:00:00+00:00,0.59131,0.59137,0.5911,0.59129,162,14,0
2026-05-04 03:15:00+00:00,0.59129,0.59132,0.59118,0.59118,134,14,0
2026-05-04 03:30:00+00:00,0.59118,0.59128,0.59109,0.59127,136,14,0
2026-05-04 03:45:00+00:00,0.59129,0.59257,0.59129,0.59241,719,14,0
2026-05-04 04:00:00+00:00,0.59242,0.59248,0.59202,0.59202,286,14,0
2026-05-04 04:15:00+00:00,0.59202,0.59224,0.59179,0.59183,184,14,0
2026-05-04 04:30:00+00:00,0.59185,0.59191,0.5918,0.59183,131,14,0
2026-05-04 04:45:00+00:00,0.59183,0.59186,0.59173,0.59179,132,14,0
2026-05-04 05:00:00+00:00,0.59179,0.59192,0.59168,0.59168,161,14,0
2026-05-04 05:15:00+00:00,0.59168,0.59199,0.59148,0.59148,282,14,0
2026-05-04 05:30:00+00:00,0.59151,0.59173,0.5914,0.59173,190,14,0
2026-05-04 05:45:00+00:00,0.59173,0.59177,0.5916,0.59171,183,14,0
2026-05-04 06:00:00+00:00,0.59172,0.59196,0.59161,0.59178,284,14,0
2026-05-04 06:15:00+00:00,0.59178,0.59181,0.59157,0.59173,207,14,0
2026-05-04 06:30:00+00:00,0.59175,0.59187,0.59068,0.59077,349,14,0
2026-05-04 06:45:00+00:00,0.59077,0.59096,0.59024,0.59077,343,14,0
2026-05-04 07:00:00+00:00,0.59075,0.59077,0.59018,0.59024,396,14,0
2026-05-04 07:15:00+00:00,0.59023,0.59042,0.58989,0.58997,298,14,0
2026-05-04 07:30:00+00:00,0.58997,0.59019,0.58974,0.58977,272,14,0
2026-05-04 07:45:00+00:00,0.58976,0.58998,0.58955,0.58962,290,14,0
2026-05-04 08:00:00+00:00,0.5896,0.58972,0.58936,0.5897,329,14,0
2026-05-04 08:15:00+00:00,0.58971,0.5901,0.58958,0.58988,277,14,0
2026-05-04 08:30:00+00:00,0.58988,0.59012,0.58982,0.58994,217,14,0
2026-05-04 08:45:00+00:00,0.58997,0.59017,0.58985,0.58998,224,14,0
2026-05-04 09:00:00+00:00,0.59,0.59031,0.58993,0.59003,227,14,0
2026-05-04 09:15:00+00:00,0.59005,0.59018,0.58988,0.59012,194,14,0
2026-05-04 09:30:00+00:00,0.59012,0.59027,0.59003,0.59021,161,14,0
2026-05-04 09:45:00+00:00,0.59021,0.59021,0.58979,0.58982,177,14,0
2026-05-04 10:00:00+00:00,0.58982,0.58982,0.58742,0.5877,1066,14,0
2026-05-04 10:15:00+00:00,0.58771,0.58877,0.58732,0.58858,795,14,0
2026-05-04 10:30:00+00:00,0.58857,0.58931,0.5884,0.58897,762,14,0
2026-05-04 10:45:00+00:00,0.58897,0.58912,0.58867,0.58872,321,14,0
2026-05-04 11:00:00+00:00,0.58875,0.58905,0.58837,0.58844,463,14,0
2026-05-04 11:15:00+00:00,0.58844,0.58874,0.5884,0.58852,291,14,0
2026-05-04 11:30:00+00:00,0.5885,0.58852,0.58803,0.58841,401,14,0
2026-05-04 11:45:00+00:00,0.58841,0.58841,0.58815,0.58822,264,14,0
2026-05-04 12:00:00+00:00,0.58824,0.58875,0.58818,0.58868,285,14,0
2026-05-04 12:15:00+00:00,0.58868,0.58936,0.58852,0.58928,477,14,0
2026-05-04 12:30:00+00:00,0.58926,0.58939,0.589,0.58928,322,14,0
2026-05-04 12:45:00+00:00,0.58928,0.58941,0.58911,0.58918,293,14,0
2026-05-04 13:00:00+00:00,0.58919,0.58985,0.58854,0.58909,740,14,0
2026-05-04 13:15:00+00:00,0.58909,0.58926,0.58886,0.58902,343,14,0
2026-05-04 13:30:00+00:00,0.58905,0.58938,0.5889,0.58913,446,14,0
2026-05-04 13:45:00+00:00,0.58914,0.58923,0.58878,0.58886,356,14,0
2026-05-04 14:00:00+00:00,0.58884,0.58918,0.58868,0.58902,457,14,0
2026-05-04 14:15:00+00:00,0.58901,0.58939,0.58899,0.58913,388,14,0
2026-05-04 14:30:00+00:00,0.58913,0.58938,0.58903,0.58903,346,14,0
2026-05-04 14:45:00+00:00,0.58903,0.58919,0.58867,0.58867,429,14,0
2026-05-04 15:00:00+00:00,0.58865,0.58902,0.58845,0.58857,475,14,0
2026-05-04 15:15:00+00:00,0.58855,0.58887,0.58719,0.58757,794,14,0
2026-05-04 15:30:00+00:00,0.58759,0.58771,0.58717,0.58743,561,14,0
2026-05-04 15:45:00+00:00,0.58743,0.58757,0.58677,0.58705,595,14,0
2026-05-04 16:00:00+00:00,0.58707,0.58725,0.58599,0.58613,606,14,0
2026-05-04 16:15:00+00:00,0.58612,0.58723,0.58603,0.58683,668,14,0
2026-05-04 16:30:00+00:00,0.58681,0.58703,0.58668,0.58669,482,14,0
2026-05-04 16:45:00+00:00,0.58667,0.58683,0.58642,0.58642,353,14,0
2026-05-04 17:00:00+00:00,0.58645,0.58742,0.58642,0.58728,432,14,0
2026-05-04 17:15:00+00:00,0.58728,0.58764,0.58719,0.58759,390,14,0
2026-05-04 17:30:00+00:00,0.58759,0.58764,0.58709,0.58734,255,14,0
2026-05-04 17:45:00+00:00,0.58734,0.5874,0.58716,0.58728,200,14,0
2026-05-04 18:00:00+00:00,0.58727,0.58759,0.58721,0.58731,244,14,0
2026-05-04 18:15:00+00:00,0.5873,0.5873,0.58695,0.58714,268,14,0
2026-05-04 18:30:00+00:00,0.58714,0.58723,0.58703,0.58706,222,14,0
2026-05-04 18:45:00+00:00,0.58706,0.58743,0.58686,0.5874,280,14,0
2026-05-04 19:00:00+00:00,0.58742,0.58775,0.5871,0.58754,378,14,0
2026-05-04 19:15:00+00:00,0.58755,0.58774,0.58738,0.58754,253,14,0
2026-05-04 19:30:00+00:00,0.58755,0.58768,0.58742,0.58749,172,14,0
2026-05-04 19:45:00+00:00,0.58749,0.58752,0.5873,0.58745,193,14,0
2026-05-04 20:00:00+00:00,0.58745,0.58745,0.58716,0.58716,114,14,0
2026-05-04 20:15:00+00:00,0.58716,0.58716,0.58685,0.58696,104,14,0
2026-05-04 20:30:00+00:00,0.58696,0.58714,0.58694,0.58713,75,14,0
2026-05-04 20:45:00+00:00,0.58713,0.5872,0.58708,0.58708,100,14,0
2026-05-04 21:00:00+00:00,0.58707,0.58715,0.58698,0.58698,44,22,0
2026-05-04 21:15:00+00:00,0.58702,0.58709,0.58694,0.58704,133,36,0
2026-05-04 21:30:00+00:00,0.58704,0.58731,0.58698,0.58726,180,14,0
2026-05-04 21:45:00+00:00,0.58726,0.58733,0.5869,0.58728,190,22,0
2026-05-04 22:00:00+00:00,0.58731,0.58733,0.58694,0.58705,104,14,0
2026-05-04 22:15:00+00:00,0.58705,0.58713,0.58697,0.58713,44,14,0
2026-05-04 22:30:00+00:00,0.58713,0.58718,0.5871,0.58714,59,14,0
2026-05-04 22:45:00+00:00,0.58714,0.58714,0.58696,0.587,77,14,0
2026-05-04 23:00:00+00:00,0.587,0.58708,0.58696,0.587,69,14,0
2026-05-04 23:15:00+00:00,0.58701,0.5871,0.58699,0.58709,47,14,0
2026-05-04 23:30:00+00:00,0.58709,0.58709,0.58704,0.58706,54,14,0
2026-05-04 23:45:00+00:00,0.58706,0.58715,0.58696,0.58709,76,14,0
2026-05-05 00:00:00+00:00,0.58706,0.58731,0.58692,0.58711,233,14,0
2026-05-05 00:15:00+00:00,0.58711,0.58711,0.58645,0.58655,261,14,0
2026-05-05 00:30:00+00:00,0.58655,0.5866,0.58615,0.58617,169,14,0
2026-05-05 00:45:00+00:00,0.58617,0.58663,0.58617,0.58624,217,14,0
2026-05-05 01:00:00+00:00,0.58624,0.58624,0.58604,0.58619,219,14,0
2026-05-05 01:15:00+00:00,0.58619,0.58629,0.58583,0.586,193,14,0
2026-05-05 01:30:00+00:00,0.586,0.58632,0.58591,0.58605,257,14,0
2026-05-05 01:45:00+00:00,0.58605,0.58639,0.586,0.58635,167,14,0
2026-05-05 02:00:00+00:00,0.58635,0.58659,0.58631,0.5865,180,14,0
2026-05-05 02:15:00+00:00,0.5865,0.5868,0.58649,0.58673,135,14,0
2026-05-05 02:30:00+00:00,0.58673,0.58685,0.58655,0.58665,141,14,0
2026-05-05 02:45:00+00:00,0.58665,0.5869,0.58656,0.58656,163,14,0
2026-05-05 03:00:00+00:00,0.58656,0.58659,0.58631,0.58645,166,14,0
2026-05-05 03:15:00+00:00,0.58646,0.58666,0.58645,0.58652,116,14,0
2026-05-05 03:30:00+00:00,0.58651,0.58653,0.58635,0.58652,108,14,0
2026-05-05 03:45:00+00:00,0.58652,0.58666,0.58635,0.58637,87,14,0
2026-05-05 04:00:00+00:00,0.58637,0.58667,0.58636,0.58651,78,14,0
2026-05-05 04:15:00+00:00,0.58651,0.58681,0.58651,0.58679,97,14,0
2026-05-05 04:30:00+00:00,0.58681,0.58697,0.58634,0.58657,447,14,0
2026-05-05 04:45:00+00:00,0.58657,0.58662,0.58568,0.58573,269,14,0
2026-05-05 05:00:00+00:00,0.58571,0.58625,0.58562,0.58592,254,14,0
2026-05-05 05:15:00+00:00,0.58592,0.58627,0.58581,0.58588,195,14,0
2026-05-05 05:30:00+00:00,0.58588,0.58704,0.58575,0.5866,527,14,0
2026-05-05 05:45:00+00:00,0.58659,0.58687,0.58627,0.58667,327,14,0
2026-05-05 06:00:00+00:00,0.58665,0.58741,0.58664,0.58723,433,14,0
2026-05-05 06:15:00+00:00,0.58723,0.58727,0.58658,0.58708,305,14,0
2026-05-05 06:30:00+00:00,0.58707,0.58734,0.58702,0.58731,298,14,0
2026-05-05 06:45:00+00:00,0.58733,0.58768,0.58727,0.58737,248,14,0
2026-05-05 07:00:00+00:00,0.58738,0.58772,0.58728,0.58737,376,14,0
2026-05-05 07:15:00+00:00,0.58737,0.58743,0.58693,0.58693,246,14,0
2026-05-05 07:30:00+00:00,0.58693,0.58793,0.58693,0.58767,396,14,0
2026-05-05 07:45:00+00:00,0.58767,0.58774,0.58731,0.58731,242,14,0
2026-05-05 08:00:00+00:00,0.58731,0.58802,0.5873,0.58793,302,14,0
2026-05-05 08:15:00+00:00,0.58793,0.58835,0.58792,0.58818,270,14,0
2026-05-05 08:30:00+00:00,0.58817,0.58817,0.58777,0.58784,236,14,0
2026-05-05 08:45:00+00:00,0.58783,0.58804,0.58777,0.58784,236,14,0
2026-05-05 09:00:00+00:00,0.58784,0.58802,0.58752,0.5878,347,14,0
2026-05-05 09:15:00+00:00,0.58781,0.58785,0.58754,0.58779,249,14,0
2026-05-05 09:30:00+00:00,0.5878,0.5882,0.58778,0.58792,254,14,0
2026-05-05 09:45:00+00:00,0.58792,0.58828,0.58792,0.58822,227,14,0
2026-05-05 10:00:00+00:00,0.58822,0.58832,0.58797,0.58828,212,14,0
2026-05-05 10:15:00+00:00,0.58828,0.58861,0.58823,0.58857,208,14,0
2026-05-05 10:30:00+00:00,0.58856,0.58895,0.58797,0.58801,288,14,0
2026-05-05 10:45:00+00:00,0.58801,0.58808,0.58786,0.58807,161,14,0
2026-05-05 11:00:00+00:00,0.58807,0.58811,0.58754,0.58764,300,14,0
2026-05-05 11:15:00+00:00,0.58764,0.58812,0.58741,0.58804,276,14,0
2026-05-05 11:30:00+00:00,0.58806,0.58818,0.58787,0.588,246,14,0
2026-05-05 11:45:00+00:00,0.588,0.58816,0.58792,0.58808,207,14,0
2026-05-05 12:00:00+00:00,0.58807,0.58842,0.58768,0.58822,482,14,0
2026-05-05 12:15:00+00:00,0.58823,0.58904,0.58818,0.58901,357,14,0
2026-05-05 12:30:00+00:00,0.58903,0.58903,0.58822,0.58822,325,14,0
2026-05-05 12:45:00+00:00,0.58822,0.58838,0.58812,0.58823,223,14,0
2026-05-05 13:00:00+00:00,0.58823,0.58907,0.58823,0.58877,349,14,0
2026-05-05 13:15:00+00:00,0.58877,0.58898,0.5886,0.58862,255,14,0
2026-05-05 13:30:00+00:00,0.58862,0.58872,0.58826,0.58829,349,14,0
2026-05-05 13:45:00+00:00,0.58829,0.58868,0.58816,0.58855,313,14,0
2026-05-05 14:00:00+00:00,0.58858,0.58917,0.58819,0.58831,611,14,0
2026-05-05 14:15:00+00:00,0.58831,0.58902,0.58798,0.58888,598,14,0
2026-05-05 14:30:00+00:00,0.5889,0.58931,0.58877,0.58921,407,14,0
2026-05-05 14:45:00+00:00,0.58919,0.58939,0.58893,0.58938,403,14,0
2026-05-05 15:00:00+00:00,0.58938,0.58999,0.58937,0.58992,330,14,0
2026-05-05 15:15:00+00:00,0.58992,0.59001,0.58977,0.58998,267,14,0
2026-05-05 15:30:00+00:00,0.58998,0.59051,0.58975,0.59025,381,14,0
2026-05-05 15:45:00+00:00,0.59025,0.59042,0.59003,0.59007,247,14,0
2026-05-05 16:00:00+00:00,0.59007,0.59017,0.58966,0.58966,243,14,0
2026-05-05 16:15:00+00:00,0.58965,0.58965,0.5893,0.58942,211,14,0
2026-05-05 16:30:00+00:00,0.58944,0.58945,0.58914,0.58942,209,14,0
2026-05-05 16:45:00+00:00,0.58942,0.58947,0.58906,0.58911,167,14,0
2026-05-05 17:00:00+00:00,0.58911,0.58923,0.58885,0.58895,166,14,0
2026-05-05 17:15:00+00:00,0.58895,0.58911,0.5889,0.5891,161,14,0
2026-05-05 17:30:00+00:00,0.5891,0.58945,0.58906,0.58915,215,14,0
2026-05-05 17:45:00+00:00,0.58915,0.58922,0.58906,0.58911,147,14,0
2026-05-05 18:00:00+00:00,0.5891,0.58927,0.58906,0.58912,159,14,0
2026-05-05 18:15:00+00:00,0.58912,0.58915,0.58899,0.58905,116,14,0
2026-05-05 18:30:00+00:00,0.58905,0.5891,0.58891,0.58895,112,14,0
2026-05-05 18:45:00+00:00,0.58895,0.58904,0.58889,0.58891,96,14,0
2026-05-05 19:00:00+00:00,0.58891,0.58911,0.58888,0.58888,117,14,0
2026-05-05 19:15:00+00:00,0.58887,0.58887,0.58873,0.58874,124,14,0
2026-05-05 19:30:00+00:00,0.58874,0.58883,0.58864,0.58868,92,14,0
2026-05-05 19:45:00+00:00,0.58868,0.58873,0.5885,0.58871,135,14,0
2026-05-05 20:00:00+00:00,0.58873,0.58879,0.58868,0.58873,103,14,0
2026-05-05 20:15:00+00:00,0.58873,0.58873,0.58861,0.58872,98,14,0
2026-05-05 20:30:00+00:00,0.58872,0.58872,0.58858,0.58858,58,14,0
2026-05-05 20:45:00+00:00,0.58858,0.58862,0.58841,0.58841,104,14,0
2026-05-05 21:00:00+00:00,0.58843,0.58843,0.58781,0.58796,222,30,0
2026-05-05 21:15:00+00:00,0.58798,0.58829,0.58768,0.58823,319,86,0
2026-05-05 21:30:00+00:00,0.58821,0.58833,0.58806,0.58828,216,74,0
2026-05-05 21:45:00+00:00,0.58826,0.58831,0.58777,0.58831,376,48,0
2026-05-05 22:00:00+00:00,0.58858,0.58871,0.58846,0.58851,122,14,0
2026-05-05 22:15:00+00:00,0.58851,0.58851,0.58831,0.58835,66,14,0
2026-05-05 22:30:00+00:00,0.58835,0.58866,0.58831,0.58858,108,14,0
2026-05-05 22:45:00+00:00,0.5886,0.58969,0.58854,0.58951,517,14,0
2026-05-05 23:00:00+00:00,0.5895,0.59084,0.58932,0.59079,469,14,0
2026-05-05 23:15:00+00:00,0.59077,0.59123,0.59045,0.59046,313,14,0
2026-05-05 23:30:00+00:00,0.59045,0.59064,0.59028,0.59028,211,14,0
2026-05-05 23:45:00+00:00,0.59028,0.59038,0.59008,0.59008,230,14,0
2026-05-06 00:00:00+00:00,0.5901,0.59063,0.59008,0.59034,559,14,0
2026-05-06 00:15:00+00:00,0.59034,0.59103,0.5901,0.59078,405,14,0
2026-05-06 00:30:00+00:00,0.59078,0.59168,0.59073,0.59167,406,14,0
2026-05-06 00:45:00+00:00,0.59164,0.59188,0.59144,0.59188,324,14,0
2026-05-06 01:00:00+00:00,0.59188,0.59202,0.59168,0.59181,394,14,0
2026-05-06 01:15:00+00:00,0.59183,0.59272,0.5918,0.59243,346,14,0
2026-05-06 01:30:00+00:00,0.59243,0.59243,0.59187,0.59235,410,14,0
2026-05-06 01:45:00+00:00,0.59237,0.5929,0.59237,0.59261,361,14,0
2026-05-06 02:00:00+00:00,0.5926,0.59281,0.59254,0.59257,316,14,0
2026-05-06 02:15:00+00:00,0.59256,0.59284,0.59245,0.59255,300,14,0
2026-05-06 02:30:00+00:00,0.59254,0.59274,0.59249,0.59258,203,14,0
2026-05-06 02:45:00+00:00,0.59256,0.59285,0.59248,0.59277,230,14,0
2026-05-06 03:00:00+00:00,0.59277,0.59383,0.59276,0.59327,385,14,0
2026-05-06 03:15:00+00:00,0.59326,0.5934,0.5931,0.59312,237,14,0
2026-05-06 03:30:00+00:00,0.5931,0.59346,0.59297,0.59335,268,14,0
2026-05-06 03:45:00+00:00,0.59335,0.59336,0.59289,0.59289,189,14,0
2026-05-06 04:00:00+00:00,0.59289,0.59334,0.59284,0.59334,145,14,0
2026-05-06 04:15:00+00:00,0.59336,0.59389,0.59313,0.59384,260,14,0
2026-05-06 04:30:00+00:00,0.59382,0.59453,0.59373,0.59452,636,14,0
2026-05-06 04:45:00+00:00,0.5945,0.59516,0.5944,0.59467,566,14,0
2026-05-06 05:00:00+00:00,0.59465,0.59492,0.59454,0.59469,386,14,0
2026-05-06 05:15:00+00:00,0.59467,0.59467,0.59399,0.59444,327,14,0
2026-05-06 05:30:00+00:00,0.59444,0.59449,0.59422,0.59444,246,14,0
2026-05-06 05:45:00+00:00,0.59444,0.59482,0.5944,0.59461,238,14,0
2026-05-06 06:00:00+00:00,0.59463,0.59479,0.59425,0.59463,406,14,0
2026-05-06 06:15:00+00:00,0.59463,0.59522,0.59453,0.59501,334,14,0
2026-05-06 06:30:00+00:00,0.59502,0.59504,0.59445,0.59471,370,14,0
2026-05-06 06:45:00+00:00,0.59471,0.59523,0.59468,0.59517,297,14,0
2026-05-06 07:00:00+00:00,0.59517,0.59524,0.59414,0.59426,449,14,0
2026-05-06 07:15:00+00:00,0.59424,0.5947,0.59416,0.59458,349,14,0
2026-05-06 07:30:00+00:00,0.59459,0.5947,0.59428,0.59455,299,14,0
2026-05-06 07:45:00+00:00,0.59455,0.59541,0.59454,0.59541,468,14,0
2026-05-06 08:00:00+00:00,0.59539,0.5956,0.5948,0.59507,487,14,0
2026-05-06 08:15:00+00:00,0.59508,0.59536,0.59483,0.59518,314,14,0
2026-05-06 08:30:00+00:00,0.5952,0.59586,0.59518,0.59576,312,14,0
2026-05-06 08:45:00+00:00,0.59576,0.59755,0.59565,0.59694,894,14,0
2026-05-06 09:00:00+00:00,0.59692,0.59707,0.59607,0.59618,567,14,0
2026-05-06 09:15:00+00:00,0.59619,0.59675,0.59603,0.5964,499,14,0
2026-05-06 09:30:00+00:00,0.5964,0.59693,0.59625,0.59653,506,14,0
2026-05-06 09:45:00+00:00,0.59655,0.59693,0.5965,0.59684,361,14,0
2026-05-06 10:00:00+00:00,0.59686,0.59705,0.59638,0.5964,416,14,0
2026-05-06 10:15:00+00:00,0.5964,0.59663,0.59632,0.59648,337,14,0
2026-05-06 10:30:00+00:00,0.59648,0.59774,0.59648,0.59766,426,14,0
2026-05-06 10:45:00+00:00,0.59766,0.59905,0.59753,0.59823,789,14,0
2026-05-06 11:00:00+00:00,0.59821,0.59839,0.59751,0.59758,544,14,0
2026-05-06 11:15:00+00:00,0.59756,0.59804,0.59751,0.59768,393,14,0
2026-05-06 11:30:00+00:00,0.59768,0.59792,0.59725,0.59732,528,14,0
2026-05-06 11:45:00+00:00,0.59734,0.59763,0.59701,0.59711,488,14,0
2026-05-06 12:00:00+00:00,0.59711,0.59711,0.5958,0.59597,617,14,0
2026-05-06 12:15:00+00:00,0.59599,0.59654,0.59577,0.59634,706,14,0
2026-05-06 12:30:00+00:00,0.59635,0.59649,0.59606,0.59632,453,14,0
2026-05-06 12:45:00+00:00,0.59633,0.59634,0.5959,0.59597,435,14,0
2026-05-06 13:00:00+00:00,0.59599,0.59621,0.59503,0.59575,702,14,0
2026-05-06 13:15:00+00:00,0.59573,0.59592,0.59515,0.59528,420,14,0
2026-05-06 13:30:00+00:00,0.59526,0.59573,0.59503,0.59542,516,14,0
2026-05-06 13:45:00+00:00,0.59542,0.59558,0.5951,0.59539,499,14,0
2026-05-06 14:00:00+00:00,0.59537,0.59555,0.59499,0.59536,485,14,0
2026-05-06 14:15:00+00:00,0.59537,0.59556,0.59504,0.59509,425,14,0
2026-05-06 14:30:00+00:00,0.5951,0.59675,0.59507,0.59673,528,14,0
2026-05-06 14:45:00+00:00,0.59675,0.59689,0.59587,0.59588,521,14,0
2026-05-06 15:00:00+00:00,0.59588,0.59605,0.59542,0.59556,469,14,0
2026-05-06 15:15:00+00:00,0.59558,0.59576,0.59553,0.59561,343,14,0
2026-05-06 15:30:00+00:00,0.59561,0.59591,0.59555,0.59573,374,14,0
2026-05-06 15:45:00+00:00,0.59573,0.59582,0.59542,0.59543,332,14,0
2026-05-06 16:00:00+00:00,0.59541,0.59541,0.59507,0.59526,308,14,0
2026-05-06 16:15:00+00:00,0.59526,0.59528,0.59505,0.59513,265,14,0
2026-05-06 16:30:00+00:00,0.59513,0.59533,0.59511,0.59523,207,14,0
2026-05-06 16:45:00+00:00,0.59523,0.59523,0.59462,0.59486,365,14,0
2026-05-06 17:00:00+00:00,0.59484,0.59533,0.59471,0.59525,275,14,0
2026-05-06 17:15:00+00:00,0.59525,0.5955,0.59516,0.59541,201,14,0
2026-05-06 17:30:00+00:00,0.59543,0.59545,0.59503,0.59513,227,14,0
2026-05-06 17:45:00+00:00,0.59514,0.59535,0.59504,0.59535,212,14,0
2026-05-06 18:00:00+00:00,0.59535,0.59567,0.59535,0.59537,233,14,0
2026-05-06 18:15:00+00:00,0.59537,0.59557,0.59536,0.59545,180,14,0
2026-05-06 18:30:00+00:00,0.59546,0.59561,0.59546,0.5955,187,14,0
2026-05-06 18:45:00+00:00,0.5955,0.59575,0.59541,0.5956,177,14,0
2026-05-06 19:00:00+00:00,0.5956,0.59598,0.5956,0.59583,234,14,0
2026-05-06 19:15:00+00:00,0.59584,0.59594,0.59575,0.59575,134,14,0
2026-05-06 19:30:00+00:00,0.59575,0.59578,0.59561,0.59564,116,14,0
2026-05-06 19:45:00+00:00,0.59564,0.5958,0.59553,0.59553,196,14,0
2026-05-06 20:00:00+00:00,0.59552,0.59554,0.59534,0.5955,176,14,0
2026-05-06 20:15:00+00:00,0.5955,0.59559,0.59548,0.59559,92,14,0
2026-05-06 20:30:00+00:00,0.59559,0.59559,0.59539,0.59539,86,14,0
2026-05-06 20:45:00+00:00,0.59539,0.59541,0.59524,0.59532,95,14,0
2026-05-06 21:00:00+00:00,0.59534,0.59536,0.59497,0.59514,170,18,0
2026-05-06 21:15:00+00:00,0.59516,0.59526,0.595,0.59509,236,70,0
2026-05-06 21:30:00+00:00,0.59507,0.59512,0.59467,0.59504,421,78,0
2026-05-06 21:45:00+00:00,0.59504,0.59563,0.59504,0.59534,182,22,0
2026-05-06 22:00:00+00:00,0.59539,0.59559,0.59535,0.59555,112,14,0
2026-05-06 22:15:00+00:00,0.59555,0.59562,0.5955,0.59553,63,14,0
2026-05-06 22:30:00+00:00,0.59553,0.5956,0.5955,0.59555,56,14,0
2026-05-06 22:45:00+00:00,0.59555,0.59557,0.59543,0.59557,94,14,0
2026-05-06 23:00:00+00:00,0.59557,0.59569,0.5955,0.59563,95,14,0
2026-05-06 23:15:00+00:00,0.59562,0.59563,0.59535,0.5954,71,14,0
2026-05-06 23:30:00+00:00,0.5954,0.59549,0.59532,0.59549,60,14,0
2026-05-06 23:45:00+00:00,0.59549,0.5956,0.5952,0.59525,101,14,0
2026-05-07 00:00:00+00:00,0.59523,0.5957,0.59511,0.59568,459,14,0
2026-05-07 00:15:00+00:00,0.59569,0.5957,0.59507,0.59522,303,14,0
2026-05-07 00:30:00+00:00,0.59522,0.59541,0.59512,0.59523,276,14,0
2026-05-07 00:45:00+00:00,0.59523,0.5954,0.5951,0.59538,241,14,0
2026-05-07 01:00:00+00:00,0.59538,0.59583,0.595,0.59557,380,14,0
2026-05-07 01:15:00+00:00,0.59557,0.59587,0.59557,0.59578,312,14,0
2026-05-07 01:30:00+00:00,0.59576,0.59619,0.59562,0.59619,281,14,0
2026-05-07 01:45:00+00:00,0.59619,0.59649,0.59615,0.59615,253,14,0
2026-05-07 02:00:00+00:00,0.59614,0.59634,0.59594,0.59608,226,14,0
2026-05-07 02:15:00+00:00,0.59609,0.59609,0.59569,0.59584,202,14,0
2026-05-07 02:30:00+00:00,0.59585,0.59605,0.59577,0.59586,192,14,0
2026-05-07 02:45:00+00:00,0.59586,0.59618,0.59586,0.59603,212,14,0
2026-05-07 03:00:00+00:00,0.59602,0.59604,0.59579,0.59587,207,14,0
2026-05-07 03:15:00+00:00,0.59587,0.59606,0.5958,0.5958,182,14,0
2026-05-07 03:30:00+00:00,0.5958,0.59601,0.59559,0.59584,180,14,0
2026-05-07 03:45:00+00:00,0.59583,0.59585,0.59571,0.59574,128,14,0
2026-05-07 04:00:00+00:00,0.59571,0.59594,0.59565,0.5959,177,14,0
2026-05-07 04:15:00+00:00,0.5959,0.59618,0.59587,0.59615,140,14,0
2026-05-07 04:30:00+00:00,0.59615,0.59629,0.59602,0.59624,164,14,0
2026-05-07 04:45:00+00:00,0.59624,0.59627,0.59602,0.5961,149,14,0
2026-05-07 05:00:00+00:00,0.5961,0.59623,0.59604,0.59614,147,14,0
2026-05-07 05:15:00+00:00,0.59614,0.59615,0.59599,0.59611,147,14,0
2026-05-07 05:30:00+00:00,0.59611,0.59633,0.59609,0.59613,152,14,0
2026-05-07 05:45:00+00:00,0.59614,0.59616,0.59584,0.5959,168,14,0
2026-05-07 06:00:00+00:00,0.59589,0.59589,0.59556,0.59559,219,14,0
2026-05-07 06:15:00+00:00,0.59559,0.59578,0.59549,0.59549,214,14,0
2026-05-07 06:30:00+00:00,0.59549,0.59664,0.59536,0.59657,435,14,0
2026-05-07 06:45:00+00:00,0.59658,0.59658,0.59568,0.59586,330,14,0
2026-05-07 07:00:00+00:00,0.59584,0.59722,0.59582,0.59721,569,14,0
2026-05-07 07:15:00+00:00,0.59721,0.59727,0.5967,0.59696,441,14,0
2026-05-07 07:30:00+00:00,0.59698,0.59743,0.59672,0.59711,353,14,0
2026-05-07 07:45:00+00:00,0.59713,0.5975,0.59687,0.59742,340,14,0
2026-05-07 08:00:00+00:00,0.59742,0.59774,0.59736,0.59764,343,14,0
2026-05-07 08:15:00+00:00,0.59764,0.59765,0.59716,0.59756,342,14,0
2026-05-07 08:30:00+00:00,0.59756,0.59774,0.59742,0.59761,260,14,0
2026-05-07 08:45:00+00:00,0.59761,0.59788,0.59736,0.59749,220,14,0
2026-05-07 09:00:00+00:00,0.59748,0.59748,0.5971,0.59723,271,14,0
2026-05-07 09:15:00+00:00,0.59723,0.5973,0.59699,0.59703,217,14,0
2026-05-07 09:30:00+00:00,0.59702,0.59787,0.597,0.59787,232,14,0
2026-05-07 09:45:00+00:00,0.59787,0.59796,0.59739,0.59765,254,14,0
2026-05-07 10:00:00+00:00,0.59765,0.59796,0.59758,0.5979,256,14,0
2026-05-07 10:15:00+00:00,0.5979,0.59808,0.59778,0.598,248,14,0
2026-05-07 10:30:00+00:00,0.598,0.59817,0.5977,0.59812,268,14,0
2026-05-07 10:45:00+00:00,0.59812,0.5982,0.59786,0.59793,266,14,0
2026-05-07 11:00:00+00:00,0.59795,0.59825,0.59792,0.59802,277,14,0
2026-05-07 11:15:00+00:00,0.59803,0.59816,0.59772,0.598,243,14,0
2026-05-07 11:30:00+00:00,0.598,0.59818,0.59788,0.59799,232,14,0
2026-05-07 11:45:00+00:00,0.59799,0.59804,0.59774,0.598,246,14,0
2026-05-07 12:00:00+00:00,0.59802,0.59821,0.5978,0.59788,273,14,0
2026-05-07 12:15:00+00:00,0.59788,0.59823,0.59757,0.59777,332,14,0
2026-05-07 12:30:00+00:00,0.59774,0.59804,0.59767,0.59801,263,14,0
2026-05-07 12:45:00+00:00,0.59802,0.59826,0.59778,0.5978,308,14,0
2026-05-07 13:00:00+00:00,0.5978,0.5978,0.5972,0.59749,407,14,0
2026-05-07 13:15:00+00:00,0.59749,0.59801,0.59742,0.59794,312,14,0
2026-05-07 13:30:00+00:00,0.59792,0.59792,0.59749,0.59756,432,14,0
2026-05-07 13:45:00+00:00,0.59757,0.59778,0.59724,0.59745,479,14,0
2026-05-07 14:00:00+00:00,0.59747,0.59754,0.59693,0.59751,340,14,0
2026-05-07 14:15:00+00:00,0.59753,0.59783,0.59716,0.59757,396,14,0
2026-05-07 14:30:00+00:00,0.59758,0.59776,0.59739,0.59769,362,14,0
2026-05-07 14:45:00+00:00,0.59769,0.5979,0.59762,0.59774,342,14,0
2026-05-07 15:00:00+00:00,0.59774,0.59781,0.59732,0.59737,355,14,0
2026-05-07 15:15:00+00:00,0.59736,0.59738,0.59617,0.59645,476,14,0
2026-05-07 15:30:00+00:00,0.59646,0.59686,0.59642,0.59653,405,14,0
2026-05-07 15:45:00+00:00,0.59652,0.59654,0.59608,0.59612,377,14,0
2026-05-07 16:00:00+00:00,0.59612,0.59628,0.59576,0.59584,463,14,0
2026-05-07 16:15:00+00:00,0.59584,0.59635,0.59557,0.59629,452,14,0
2026-05-07 16:30:00+00:00,0.59631,0.59636,0.59586,0.59597,376,14,0
2026-05-07 16:45:00+00:00,0.59597,0.59609,0.59575,0.59595,315,14,0
2026-05-07 17:00:00+00:00,0.59598,0.59606,0.59578,0.59589,300,14,0
2026-05-07 17:15:00+00:00,0.59587,0.5962,0.59519,0.59521,528,14,0
2026-05-07 17:30:00+00:00,0.59522,0.5954,0.59477,0.595,573,14,0
2026-05-07 17:45:00+00:00,0.59499,0.59549,0.59493,0.59548,423,14,0
2026-05-07 18:00:00+00:00,0.59551,0.59557,0.5952,0.59538,313,14,0
2026-05-07 18:15:00+00:00,0.59537,0.59547,0.59532,0.5954,264,14,0
2026-05-07 18:30:00+00:00,0.5954,0.59552,0.59466,0.59486,410,14,0
2026-05-07 18:45:00+00:00,0.59488,0.59524,0.59453,0.59524,534,14,0
2026-05-07 19:00:00+00:00,0.59524,0.59548,0.59497,0.59528,300,14,0
2026-05-07 19:15:00+00:00,0.59527,0.59532,0.59441,0.59479,473,14,0
2026-05-07 19:30:00+00:00,0.59481,0.59521,0.59474,0.59507,238,14,0
2026-05-07 19:45:00+00:00,0.59508,0.59516,0.59419,0.59421,430,14,0
2026-05-07 20:00:00+00:00,0.5942,0.59512,0.59415,0.59463,410,14,0
2026-05-07 20:15:00+00:00,0.59464,0.59467,0.59438,0.59444,138,14,0
2026-05-07 20:30:00+00:00,0.59443,0.59453,0.59378,0.59412,352,14,0
2026-05-07 20:45:00+00:00,0.59415,0.59421,0.59361,0.59366,272,14,0
2026-05-07 21:00:00+00:00,0.59368,0.59368,0.59337,0.59341,101,18,0
2026-05-07 21:15:00+00:00,0.59339,0.59361,0.59337,0.59357,157,58,0
2026-05-07 21:30:00+00:00,0.59356,0.59371,0.59341,0.59363,191,38,0
2026-05-07 21:45:00+00:00,0.59365,0.59392,0.59364,0.59378,119,14,0
2026-05-07 22:00:00+00:00,0.59381,0.59381,0.59308,0.59365,258,14,0
2026-05-07 22:15:00+00:00,0.59365,0.59393,0.59352,0.59384,281,14,0
2026-05-07 22:30:00+00:00,0.59384,0.59384,0.59351,0.5936,177,14,0
2026-05-07 22:45:00+00:00,0.5936,0.59366,0.59336,0.59336,129,14,0
2026-05-07 23:00:00+00:00,0.59336,0.59361,0.59336,0.59352,99,14,0
2026-05-07 23:15:00+00:00,0.59352,0.59375,0.59352,0.59373,111,14,0
2026-05-07 23:30:00+00:00,0.59373,0.59377,0.59361,0.59367,100,14,0
2026-05-07 23:45:00+00:00,0.59368,0.59386,0.59362,0.59376,133,14,0
2026-05-08 00:00:00+00:00,0.59376,0.59413,0.59367,0.59385,342,14,0
2026-05-08 00:15:00+00:00,0.59385,0.59385,0.59315,0.59351,415,14,0
2026-05-08 00:30:00+00:00,0.59351,0.59384,0.59347,0.59378,259,14,0
2026-05-08 00:45:00+00:00,0.59378,0.59382,0.59348,0.59375,296,14,0
2026-05-08 01:00:00+00:00,0.59376,0.59415,0.59376,0.59395,332,14,0
2026-05-08 01:15:00+00:00,0.59395,0.59408,0.59377,0.59379,285,14,0
2026-05-08 01:30:00+00:00,0.5938,0.594,0.59363,0.59379,273,14,0
2026-05-08 01:45:00+00:00,0.59379,0.594,0.5937,0.59379,239,14,0
2026-05-08 02:00:00+00:00,0.59379,0.59384,0.5936,0.59372,214,14,0
2026-05-08 02:15:00+00:00,0.59372,0.59386,0.59351,0.59362,262,14,0
2026-05-08 02:30:00+00:00,0.59363,0.59372,0.593,0.59343,398,14,0
2026-05-08 02:45:00+00:00,0.59343,0.59394,0.59341,0.59361,278,14,0
2026-05-08 03:00:00+00:00,0.59362,0.594,0.5936,0.59393,215,14,0
2026-05-08 03:15:00+00:00,0.59394,0.59397,0.5937,0.5939,199,14,0
2026-05-08 03:30:00+00:00,0.5939,0.5944,0.5939,0.59436,246,14,0
2026-05-08 03:45:00+00:00,0.59436,0.5944,0.59397,0.59397,162,14,0
2026-05-08 04:00:00+00:00,0.59397,0.59421,0.59395,0.59405,199,14,0
2026-05-08 04:15:00+00:00,0.59405,0.59422,0.59392,0.59406,173,14,0
2026-05-08 04:30:00+00:00,0.59406,0.5942,0.59391,0.5942,153,14,0
2026-05-08 04:45:00+00:00,0.5942,0.59452,0.5942,0.59432,188,14,0
2026-05-08 05:00:00+00:00,0.59433,0.59445,0.59425,0.59437,218,14,0
2026-05-08 05:15:00+00:00,0.59437,0.59477,0.59435,0.59476,175,14,0
2026-05-08 05:30:00+00:00,0.59477,0.59503,0.59445,0.59457,280,14,0
2026-05-08 05:45:00+00:00,0.59457,0.59476,0.5945,0.59468,198,14,0
2026-05-08 06:00:00+00:00,0.59468,0.59523,0.59464,0.59492,342,14,0
2026-05-08 06:15:00+00:00,0.59489,0.59551,0.59486,0.59549,310,14,0
2026-05-08 06:30:00+00:00,0.59549,0.59556,0.59512,0.59551,305,14,0
2026-05-08 06:45:00+00:00,0.59551,0.59551,0.59523,0.59524,247,14,0
2026-05-08 07:00:00+00:00,0.59522,0.59534,0.59494,0.59497,340,14,0
2026-05-08 07:15:00+00:00,0.59496,0.59503,0.59472,0.59482,350,14,0
2026-05-08 07:30:00+00:00,0.59481,0.5952,0.59474,0.59499,266,14,0
2026-05-08 07:45:00+00:00,0.59499,0.59522,0.59494,0.59506,241,14,0
2026-05-08 08:00:00+00:00,0.59506,0.59527,0.59493,0.59497,297,14,0
2026-05-08 08:15:00+00:00,0.59496,0.59593,0.59494,0.5959,317,14,0
2026-05-08 08:30:00+00:00,0.59589,0.59629,0.59589,0.59611,296,14,0
2026-05-08 08:45:00+00:00,0.59611,0.59645,0.59592,0.59616,269,14,0
2026-05-08 09:00:00+00:00,0.59617,0.59674,0.5961,0.59648,296,14,0
2026-05-08 09:15:00+00:00,0.59648,0.59682,0.59642,0.59642,250,14,0
2026-05-08 09:30:00+00:00,0.59642,0.59656,0.59631,0.59641,221,14,0
2026-05-08 09:45:00+00:00,0.59641,0.59647,0.59591,0.5962,265,14,0
2026-05-08 10:00:00+00:00,0.5962,0.59663,0.59616,0.59651,239,14,0
2026-05-08 10:15:00+00:00,0.59651,0.59668,0.59635,0.59655,192,14,0
2026-05-08 10:30:00+00:00,0.59655,0.59678,0.59649,0.59649,179,14,0
2026-05-08 10:45:00+00:00,0.5965,0.5965,0.59602,0.59633,258,14,0
2026-05-08 11:00:00+00:00,0.59631,0.59651,0.5961,0.59618,244,14,0
2026-05-08 11:15:00+00:00,0.59618,0.59632,0.59601,0.59616,223,14,0
2026-05-08 11:30:00+00:00,0.59618,0.59622,0.5958,0.59584,198,14,0
2026-05-08 11:45:00+00:00,0.59582,0.59606,0.59575,0.59601,213,14,0
2026-05-08 12:00:00+00:00,0.59601,0.59609,0.59555,0.59562,307,14,0
2026-05-08 12:15:00+00:00,0.59562,0.59585,0.59544,0.59583,295,14,0
2026-05-08 12:30:00+00:00,0.59585,0.5968,0.59498,0.59643,737,14,0
2026-05-08 12:45:00+00:00,0.59643,0.59647,0.59574,0.59581,506,14,0
2026-05-08 13:00:00+00:00,0.59581,0.59595,0.59482,0.59508,504,14,0
2026-05-08 13:15:00+00:00,0.59508,0.59601,0.5949,0.59596,447,14,0
2026-05-08 13:30:00+00:00,0.59598,0.5965,0.5959,0.59624,532,14,0
2026-05-08 13:45:00+00:00,0.59624,0.59645,0.59607,0.59614,413,14,0
2026-05-08 14:00:00+00:00,0.59613,0.59618,0.59531,0.59586,504,14,0
2026-05-08 14:15:00+00:00,0.59586,0.59593,0.59552,0.59554,442,14,0
2026-05-08 14:30:00+00:00,0.59552,0.59597,0.5955,0.59575,400,14,0
2026-05-08 14:45:00+00:00,0.59576,0.59601,0.59564,0.59564,390,14,0
2026-05-08 15:00:00+00:00,0.59562,0.59586,0.59535,0.59543,453,14,0
2026-05-08 15:15:00+00:00,0.59543,0.59577,0.59524,0.59577,376,14,0
2026-05-08 15:30:00+00:00,0.59577,0.59605,0.59538,0.59562,418,14,0
2026-05-08 15:45:00+00:00,0.59561,0.59595,0.59551,0.59581,328,14,0
2026-05-08 16:00:00+00:00,0.5958,0.59615,0.59569,0.59575,295,14,0
2026-05-08 16:15:00+00:00,0.59574,0.59612,0.59571,0.59612,212,14,0
2026-05-08 16:30:00+00:00,0.59613,0.59616,0.59567,0.59574,172,14,0
2026-05-08 16:45:00+00:00,0.59574,0.59591,0.59571,0.59572,242,14,0
2026-05-08 17:00:00+00:00,0.5957,0.59583,0.59564,0.59573,169,14,0
2026-05-08 17:15:00+00:00,0.59572,0.59608,0.59571,0.59604,189,14,0
2026-05-08 17:30:00+00:00,0.59603,0.59608,0.59587,0.59594,160,14,0
2026-05-08 17:45:00+00:00,0.59593,0.59604,0.5959,0.59591,179,14,0
2026-05-08 18:00:00+00:00,0.5959,0.59638,0.59579,0.5963,312,14,0
2026-05-08 18:15:00+00:00,0.5963,0.59633,0.59609,0.59616,175,14,0
2026-05-08 18:30:00+00:00,0.59616,0.5962,0.59605,0.59615,143,14,0
2026-05-08 18:45:00+00:00,0.59615,0.59617,0.59576,0.5959,188,14,0
2026-05-08 19:00:00+00:00,0.5959,0.59611,0.5959,0.59609,138,14,0
2026-05-08 19:15:00+00:00,0.59609,0.59615,0.59605,0.59608,104,14,0
2026-05-08 19:30:00+00:00,0.59608,0.5964,0.59604,0.59631,162,14,0
2026-05-08 19:45:00+00:00,0.59631,0.59634,0.59601,0.59619,202,14,0
2026-05-08 20:00:00+00:00,0.59621,0.59627,0.59607,0.59625,115,14,0
2026-05-08 20:15:00+00:00,0.59626,0.5964,0.59625,0.59628,81,14,0
2026-05-08 20:30:00+00:00,0.59628,0.59644,0.59625,0.59641,106,14,0
2026-05-08 20:45:00+00:00,0.59641,0.59656,0.59641,0.59653,169,14,0
2026-05-10 21:00:00+00:00,0.59355,0.59367,0.59349,0.59367,52,60,0
2026-05-10 21:15:00+00:00,0.59367,0.59409,0.59353,0.59408,137,60,0
2026-05-10 21:30:00+00:00,0.59411,0.59463,0.5941,0.59451,104,60,0
2026-05-10 21:45:00+00:00,0.59451,0.59462,0.59444,0.59462,37,60,0
2026-05-10 22:00:00+00:00,0.59503,0.59503,0.5944,0.59476,205,14,0
2026-05-10 22:15:00+00:00,0.59478,0.59501,0.59451,0.59501,191,14,0
2026-05-10 22:30:00+00:00,0.59501,0.59518,0.59479,0.59493,178,14,0
2026-05-10 22:45:00+00:00,0.59493,0.59503,0.59478,0.59498,104,14,0
2026-05-10 23:00:00+00:00,0.59498,0.59504,0.59478,0.59489,112,14,0
2026-05-10 23:15:00+00:00,0.59489,0.59518,0.59488,0.59505,124,14,0
2026-05-10 23:30:00+00:00,0.59504,0.59508,0.59493,0.59503,103,14,0
2026-05-10 23:45:00+00:00,0.59503,0.59514,0.59484,0.59488,177,14,0
2026-05-11 00:00:00+00:00,0.59487,0.59513,0.59473,0.59475,323,14,0
2026-05-11 00:15:00+00:00,0.59475,0.59523,0.59469,0.59512,248,14,0
2026-05-11 00:30:00+00:00,0.59512,0.59557,0.59509,0.59536,212,14,0
2026-05-11 00:45:00+00:00,0.59536,0.59558,0.59487,0.59555,374,14,0
2026-05-11 01:00:00+00:00,0.59555,0.59568,0.59501,0.59525,397,14,0
2026-05-11 01:15:00+00:00,0.59524,0.5955,0.59523,0.59535,283,14,0
2026-05-11 01:30:00+00:00,0.59534,0.59541,0.59469,0.59487,299,14,0
2026-05-11 01:45:00+00:00,0.59487,0.59498,0.59478,0.59498,248,14,0
2026-05-11 02:00:00+00:00,0.59498,0.59513,0.59495,0.59508,234,14,0
2026-05-11 02:15:00+00:00,0.59506,0.59523,0.59498,0.59523,152,14,0
2026-05-11 02:30:00+00:00,0.59523,0.59532,0.59473,0.59473,164,14,0
2026-05-11 02:45:00+00:00,0.59473,0.59479,0.59453,0.59453,176,14,0
2026-05-11 03:00:00+00:00,0.59453,0.59471,0.59446,0.59468,193,14,0
2026-05-11 03:15:00+00:00,0.59468,0.59475,0.59458,0.59473,170,14,0
2026-05-11 03:30:00+00:00,0.59473,0.59478,0.59458,0.59478,168,14,0
2026-05-11 03:45:00+00:00,0.59475,0.59477,0.59446,0.59447,146,14,0
2026-05-11 04:00:00+00:00,0.59447,0.59448,0.5942,0.59433,170,14,0
2026-05-11 04:15:00+00:00,0.59433,0.59439,0.59417,0.59422,102,14,0
2026-05-11 04:30:00+00:00,0.59422,0.59427,0.59401,0.59403,111,14,0
2026-05-11 04:45:00+00:00,0.59403,0.59413,0.59397,0.59403,103,14,0
2026-05-11 05:00:00+00:00,0.59402,0.59431,0.59397,0.59428,153,14,0
2026-05-11 05:15:00+00:00,0.59428,0.59445,0.59423,0.59434,145,14,0
2026-05-11 05:30:00+00:00,0.59434,0.59434,0.59402,0.5941,165,14,0
2026-05-11 05:45:00+00:00,0.5941,0.59416,0.59382,0.59408,180,14,0
2026-05-11 06:00:00+00:00,0.59408,0.59471,0.59402,0.59458,288,14,0
2026-05-11 06:15:00+00:00,0.59458,0.59458,0.59416,0.59445,260,14,0
2026-05-11 06:30:00+00:00,0.59446,0.59493,0.59433,0.59491,271,14,0
2026-05-11 06:45:00+00:00,0.5949,0.59502,0.59452,0.59499,291,14,0
2026-05-11 07:00:00+00:00,0.59501,0.59511,0.5947,0.59474,312,14,0
2026-05-11 07:15:00+00:00,0.59474,0.59495,0.59465,0.59466,243,14,0
2026-05-11 07:30:00+00:00,0.59466,0.59484,0.5945,0.59473,241,14,0
2026-05-11 07:45:00+00:00,0.59473,0.59481,0.59442,0.59472,222,14,0
2026-05-11 08:00:00+00:00,0.59473,0.59513,0.59469,0.59502,276,14,0
2026-05-11 08:15:00+00:00,0.59502,0.59552,0.59502,0.59522,289,14,0
2026-05-11 08:30:00+00:00,0.59521,0.59536,0.59499,0.59499,235,14,0
2026-05-11 08:45:00+00:00,0.59498,0.59511,0.59476,0.59489,192,14,0
2026-05-11 09:00:00+00:00,0.59487,0.59499,0.59484,0.59487,165,14,0
2026-05-11 09:15:00+00:00,0.59487,0.59501,0.59461,0.59462,167,14,0
2026-05-11 09:30:00+00:00,0.59462,0.59487,0.59452,0.59476,191,14,0
2026-05-11 09:45:00+00:00,0.59475,0.5948,0.59436,0.59436,160,14,0
2026-05-11 10:00:00+00:00,0.59435,0.59443,0.59423,0.59441,219,14,0
2026-05-11 10:15:00+00:00,0.59441,0.59463,0.59436,0.59461,160,14,0
2026-05-11 10:30:00+00:00,0.5946,0.59495,0.5944,0.59473,288,14,0
2026-05-11 10:45:00+00:00,0.59473,0.59498,0.59459,0.59472,237,14,0
2026-05-11 11:00:00+00:00,0.59472,0.59505,0.59466,0.59497,243,14,0
2026-05-11 11:15:00+00:00,0.59496,0.59514,0.59487,0.59513,174,14,0
2026-05-11 11:30:00+00:00,0.59514,0.59526,0.595,0.59506,177,14,0
2026-05-11 11:45:00+00:00,0.59506,0.5951,0.59451,0.59485,228,14,0
2026-05-11 12:00:00+00:00,0.59487,0.59487,0.59452,0.59462,275,14,0
2026-05-11 12:15:00+00:00,0.59462,0.59512,0.59448,0.59501,271,14,0
2026-05-11 12:30:00+00:00,0.59499,0.59526,0.59477,0.59503,307,14,0
2026-05-11 12:45:00+00:00,0.59503,0.5951,0.59463,0.59508,311,14,0
2026-05-11 13:00:00+00:00,0.5951,0.59568,0.59508,0.59561,307,14,0
2026-05-11 13:15:00+00:00,0.5956,0.59578,0.59548,0.5956,269,14,0
2026-05-11 13:30:00+00:00,0.59562,0.59591,0.5954,0.59591,341,14,0
2026-05-11 13:45:00+00:00,0.5959,0.59615,0.5958,0.59584,304,14,0
2026-05-11 14:00:00+00:00,0.59582,0.59602,0.59552,0.59602,278,14,0
2026-05-11 14:15:00+00:00,0.59602,0.59648,0.59598,0.59629,301,14,0
2026-05-11 14:30:00+00:00,0.59629,0.59654,0.59576,0.59651,485,14,0
2026-05-11 14:45:00+00:00,0.5965,0.5965,0.59612,0.59636,378,14,0
2026-05-11 15:00:00+00:00,0.59636,0.59648,0.59622,0.59634,317,14,0
2026-05-11 15:15:00+00:00,0.59634,0.59679,0.59625,0.59668,283,14,0
2026-05-11 15:30:00+00:00,0.59669,0.5968,0.59653,0.5966,302,14,0
2026-05-11 15:45:00+00:00,0.59658,0.59682,0.59644,0.59667,252,14,0
2026-05-11 16:00:00+00:00,0.59667,0.59671,0.59656,0.59666,171,14,0
2026-05-11 16:15:00+00:00,0.59667,0.59667,0.59645,0.59649,162,14,0
2026-05-11 16:30:00+00:00,0.59649,0.59656,0.59589,0.59616,298,14,0
2026-05-11 16:45:00+00:00,0.59615,0.59632,0.5961,0.59622,295,14,0
2026-05-11 17:00:00+00:00,0.59622,0.59629,0.59597,0.59617,244,14,0
2026-05-11 17:15:00+00:00,0.59617,0.59637,0.59612,0.59628,206,14,0
2026-05-11 17:30:00+00:00,0.59628,0.59652,0.59627,0.59642,143,14,0
2026-05-11 17:45:00+00:00,0.59642,0.59649,0.59634,0.59636,137,14,0
2026-05-11 18:00:00+00:00,0.59636,0.59661,0.59636,0.59644,171,14,0
2026-05-11 18:15:00+00:00,0.59644,0.59648,0.59631,0.59641,185,14,0
2026-05-11 18:30:00+00:00,0.59641,0.59643,0.59618,0.59618,156,14,0
2026-05-11 18:45:00+00:00,0.59619,0.59622,0.59607,0.59607,152,14,0
2026-05-11 19:00:00+00:00,0.59607,0.59622,0.59603,0.59605,145,14,0
2026-05-11 19:15:00+00:00,0.59605,0.59613,0.59595,0.59597,161,14,0
2026-05-11 19:30:00+00:00,0.59597,0.59608,0.59592,0.59598,151,14,0
2026-05-11 19:45:00+00:00,0.59598,0.59614,0.59589,0.59614,157,14,0
2026-05-11 20:00:00+00:00,0.59612,0.59614,0.59571,0.59597,162,14,0
2026-05-11 20:15:00+00:00,0.59597,0.59607,0.59595,0.59604,107,14,0
2026-05-11 20:30:00+00:00,0.59604,0.59625,0.59604,0.59624,88,14,0
2026-05-11 20:45:00+00:00,0.59625,0.59628,0.59617,0.59626,103,14,0
2026-05-11 21:00:00+00:00,0.59624,0.59627,0.59549,0.59593,288,22,0
2026-05-11 21:15:00+00:00,0.59592,0.59601,0.59581,0.59601,229,50,0
2026-05-11 21:30:00+00:00,0.59601,0.59624,0.59585,0.59585,237,44,0
2026-05-11 21:45:00+00:00,0.59586,0.59621,0.59563,0.59621,249,24,0
2026-05-11 22:00:00+00:00,0.59622,0.5966,0.59622,0.59658,142,14,0
2026-05-11 22:15:00+00:00,0.59658,0.59681,0.59658,0.59664,87,14,0
2026-05-11 22:30:00+00:00,0.59664,0.59664,0.59659,0.5966,57,14,0
2026-05-11 22:45:00+00:00,0.5966,0.5966,0.59649,0.59657,49,14,0
2026-05-11 23:00:00+00:00,0.59657,0.59668,0.59648,0.59665,72,14,0
2026-05-11 23:15:00+00:00,0.59665,0.59669,0.5965,0.5965,63,14,0
2026-05-11 23:30:00+00:00,0.59652,0.59662,0.59648,0.59654,86,14,0
2026-05-11 23:45:00+00:00,0.59654,0.59654,0.5963,0.59641,111,14,0
2026-05-12 00:00:00+00:00,0.59641,0.59641,0.59611,0.59626,259,14,0
2026-05-12 00:15:00+00:00,0.59624,0.59637,0.59586,0.59606,192,14,0
2026-05-12 00:30:00+00:00,0.59606,0.59608,0.59576,0.59576,173,14,0
2026-05-12 00:45:00+00:00,0.59574,0.59597,0.59546,0.5955,237,14,0
2026-05-12 01:00:00+00:00,0.59549,0.59576,0.59537,0.59552,251,14,0
2026-05-12 01:15:00+00:00,0.59551,0.59555,0.59499,0.59512,335,14,0
2026-05-12 01:30:00+00:00,0.59511,0.59547,0.5947,0.59511,411,14,0
2026-05-12 01:45:00+00:00,0.59511,0.59539,0.59497,0.59532,351,14,0
2026-05-12 02:00:00+00:00,0.59535,0.59559,0.59528,0.59551,296,14,0
2026-05-12 02:15:00+00:00,0.59552,0.59552,0.59516,0.5954,219,14,0
2026-05-12 02:30:00+00:00,0.5954,0.59553,0.5953,0.59553,200,14,0
2026-05-12 02:45:00+00:00,0.59553,0.59613,0.59553,0.59593,249,14,0
2026-05-12 03:00:00+00:00,0.59591,0.59594,0.59565,0.59577,175,14,0
2026-05-12 03:15:00+00:00,0.59577,0.59579,0.5955,0.59554,189,14,0
2026-05-12 03:30:00+00:00,0.59554,0.59556,0.59532,0.59552,153,14,0
2026-05-12 03:45:00+00:00,0.59551,0.59552,0.59529,0.5953,133,14,0
2026-05-12 04:00:00+00:00,0.5953,0.59545,0.59529,0.59529,172,14,0
2026-05-12 04:15:00+00:00,0.59529,0.59564,0.59529,0.59564,119,14,0
2026-05-12 04:30:00+00:00,0.59564,0.59578,0.59564,0.59572,126,14,0
2026-05-12 04:45:00+00:00,0.59572,0.59574,0.59549,0.59557,173,14,0
2026-05-12 05:00:00+00:00,0.59557,0.59567,0.5952,0.59526,186,14,0
2026-05-12 05:15:00+00:00,0.59526,0.59544,0.59519,0.59536,196,14,0
2026-05-12 05:30:00+00:00,0.59536,0.59544,0.59519,0.59523,203,14,0
2026-05-12 05:45:00+00:00,0.59523,0.59581,0.59521,0.5955,295,14,0
2026-05-12 06:00:00+00:00,0.5955,0.59558,0.59504,0.5951,376,14,0
2026-05-12 06:15:00+00:00,0.5951,0.59519,0.5945,0.59467,362,14,0
2026-05-12 06:30:00+00:00,0.59469,0.59489,0.59434,0.59439,348,14,0
2026-05-12 06:45:00+00:00,0.59439,0.5945,0.59412,0.59416,291,14,0
2026-05-12 07:00:00+00:00,0.59415,0.59436,0.59368,0.59419,426,14,0
2026-05-12 07:15:00+00:00,0.5942,0.59456,0.59409,0.5945,332,14,0
2026-05-12 07:30:00+00:00,0.5945,0.59479,0.59435,0.59444,291,14,0
2026-05-12 07:45:00+00:00,0.59445,0.59449,0.59424,0.59439,334,14,0
2026-05-12 08:00:00+00:00,0.59441,0.59454,0.594,0.59415,338,14,0
2026-05-12 08:15:00+00:00,0.59415,0.59477,0.59407,0.59447,341,14,0
2026-05-12 08:30:00+00:00,0.59447,0.59453,0.59397,0.59419,283,14,0
2026-05-12 08:45:00+00:00,0.59417,0.59477,0.59417,0.5944,361,14,0
2026-05-12 09:00:00+00:00,0.59439,0.59468,0.59422,0.59448,304,14,0
2026-05-12 09:15:00+00:00,0.59445,0.59447,0.59421,0.59437,243,14,0
2026-05-12 09:30:00+00:00,0.5944,0.59492,0.59437,0.59458,460,14,0
2026-05-12 09:45:00+00:00,0.5946,0.59489,0.59451,0.59483,262,14,0
2026-05-12 10:00:00+00:00,0.59482,0.59512,0.59475,0.59507,225,14,0
2026-05-12 10:15:00+00:00,0.59507,0.5951,0.59492,0.5951,177,14,0
2026-05-12 10:30:00+00:00,0.59511,0.59515,0.59481,0.5949,222,14,0
2026-05-12 10:45:00+00:00,0.5949,0.59503,0.59476,0.59483,212,14,0
2026-05-12 11:00:00+00:00,0.59485,0.59504,0.59444,0.59476,373,14,0
2026-05-12 11:15:00+00:00,0.59478,0.59486,0.59462,0.59479,207,14,0
2026-05-12 11:30:00+00:00,0.59479,0.59523,0.59478,0.59514,233,14,0
2026-05-12 11:45:00+00:00,0.59514,0.5952,0.5948,0.59505,249,14,0
2026-05-12 12:00:00+00:00,0.59504,0.59506,0.59447,0.59482,331,14,0
2026-05-12 12:15:00+00:00,0.59481,0.59491,0.59452,0.59477,298,14,0
2026-05-12 12:30:00+00:00,0.59476,0.59536,0.5944,0.59533,572,14,0
2026-05-12 12:45:00+00:00,0.59533,0.59578,0.5952,0.59563,367,14,0
2026-05-12 13:00:00+00:00,0.59563,0.59571,0.5952,0.59521,379,14,0
2026-05-12 13:15:00+00:00,0.59521,0.59521,0.5947,0.59503,371,14,0
2026-05-12 13:30:00+00:00,0.595,0.59528,0.59482,0.59513,558,14,0
2026-05-12 13:45:00+00:00,0.59513,0.59533,0.59405,0.59417,499,14,0
2026-05-12 14:00:00+00:00,0.59419,0.59489,0.59414,0.59481,543,14,0
2026-05-12 14:15:00+00:00,0.59483,0.59495,0.59437,0.5945,421,14,0
2026-05-12 14:30:00+00:00,0.59452,0.59465,0.59401,0.59449,494,14,0
2026-05-12 14:45:00+00:00,0.59447,0.59454,0.59413,0.59453,435,14,0
2026-05-12 15:00:00+00:00,0.59455,0.59474,0.59408,0.59409,463,14,0
2026-05-12 15:15:00+00:00,0.59407,0.59418,0.59335,0.59355,424,14,0
2026-05-12 15:30:00+00:00,0.59357,0.59425,0.59357,0.59424,420,14,0
2026-05-12 15:45:00+00:00,0.59425,0.59433,0.59407,0.59417,325,14,0
2026-05-12 16:00:00+00:00,0.59417,0.59433,0.594,0.59431,333,14,0
2026-05-12 16:15:00+00:00,0.5943,0.59437,0.59395,0.59407,249,14,0
2026-05-12 16:30:00+00:00,0.59407,0.59408,0.59378,0.5938,265,14,0
2026-05-12 16:45:00+00:00,0.5938,0.59385,0.59351,0.59369,264,14,0
2026-05-12 17:00:00+00:00,0.59369,0.5942,0.59369,0.59409,251,14,0
2026-05-12 17:15:00+00:00,0.59409,0.59443,0.59406,0.59421,279,14,0
2026-05-12 17:30:00+00:00,0.5942,0.59434,0.59413,0.59427,209,14,0
2026-05-12 17:45:00+00:00,0.59427,0.59447,0.5942,0.59445,225,14,0
2026-05-12 18:00:00+00:00,0.59445,0.59453,0.59415,0.59444,267,14,0
2026-05-12 18:15:00+00:00,0.59444,0.59494,0.5944,0.59484,232,14,0
2026-05-12 18:30:00+00:00,0.59484,0.59501,0.59484,0.595,205,14,0
2026-05-12 18:45:00+00:00,0.595,0.59518,0.5948,0.59505,184,14,0
2026-05-12 19:00:00+00:00,0.59505,0.59545,0.59499,0.59539,159,14,0
2026-05-12 19:15:00+00:00,0.59539,0.59544,0.59506,0.59514,146,14,0
2026-05-12 19:30:00+00:00,0.59516,0.59549,0.59516,0.59532,148,14,0
2026-05-12 19:45:00+00:00,0.59532,0.59543,0.59521,0.59522,196,14,0
2026-05-12 20:00:00+00:00,0.59523,0.59526,0.59511,0.59523,114,14,0
2026-05-12 20:15:00+00:00,0.59523,0.59528,0.59519,0.5952,50,14,0
2026-05-12 20:30:00+00:00,0.5952,0.59524,0.59511,0.59524,69,14,0
2026-05-12 20:45:00+00:00,0.59523,0.59524,0.59508,0.59513,96,14,0
2026-05-12 21:00:00+00:00,0.59515,0.59518,0.59465,0.59468,233,14,0
2026-05-12 21:15:00+00:00,0.59466,0.59479,0.59443,0.59471,383,70,0
2026-05-12 21:30:00+00:00,0.59471,0.59485,0.59461,0.59472,256,68,0
2026-05-12 21:45:00+00:00,0.59471,0.59497,0.59455,0.59467,234,26,0
2026-05-12 22:00:00+00:00,0.59472,0.59515,0.59471,0.59508,110,14,0
2026-05-12 22:15:00+00:00,0.59508,0.59519,0.59506,0.59518,67,14,0
2026-05-12 22:30:00+00:00,0.59518,0.59527,0.59517,0.59522,57,14,0
2026-05-12 22:45:00+00:00,0.59522,0.59529,0.5952,0.5952,57,14,0
2026-05-12 23:00:00+00:00,0.5952,0.59539,0.5952,0.59524,74,14,0
2026-05-12 23:15:00+00:00,0.59524,0.59535,0.59518,0.59534,73,14,0
2026-05-12 23:30:00+00:00,0.59534,0.59539,0.59515,0.59516,101,14,0
2026-05-12 23:45:00+00:00,0.59516,0.59527,0.595,0.59507,116,14,0
2026-05-13 00:00:00+00:00,0.59506,0.59546,0.59492,0.59502,299,14,0
2026-05-13 00:15:00+00:00,0.59502,0.59547,0.59501,0.59533,252,14,0
2026-05-13 00:30:00+00:00,0.59534,0.5955,0.59525,0.59536,224,14,0
2026-05-13 00:45:00+00:00,0.59535,0.59551,0.59509,0.5955,240,14,0
2026-05-13 01:00:00+00:00,0.5955,0.59562,0.59534,0.59535,274,14,0
2026-05-13 01:15:00+00:00,0.59535,0.59565,0.59515,0.59565,308,14,0
2026-05-13 01:30:00+00:00,0.59565,0.5961,0.59554,0.59598,269,14,0
2026-05-13 01:45:00+00:00,0.59598,0.59652,0.59598,0.59621,239,14,0
2026-05-13 02:00:00+00:00,0.59621,0.59642,0.59601,0.59603,273,14,0
2026-05-13 02:15:00+00:00,0.59602,0.59612,0.59593,0.59611,179,14,0
2026-05-13 02:30:00+00:00,0.59611,0.59617,0.59598,0.59608,151,14,0
2026-05-13 02:45:00+00:00,0.59609,0.59615,0.5959,0.5959,170,14,0
2026-05-13 03:00:00+00:00,0.59589,0.59605,0.59424,0.59451,494,14,0
2026-05-13 03:15:00+00:00,0.59451,0.59453,0.5939,0.59416,274,14,0
2026-05-13 03:30:00+00:00,0.59416,0.59467,0.59416,0.59463,209,14,0
2026-05-13 03:45:00+00:00,0.59463,0.59471,0.59436,0.59448,197,14,0
2026-05-13 04:00:00+00:00,0.59449,0.59459,0.59405,0.59405,133,14,0
2026-05-13 04:15:00+00:00,0.59405,0.59418,0.59376,0.59379,183,14,0
2026-05-13 04:30:00+00:00,0.59379,0.59403,0.59376,0.5939,187,14,0
2026-05-13 04:45:00+00:00,0.5939,0.59396,0.5938,0.59387,131,14,0
2026-05-13 05:00:00+00:00,0.59387,0.59415,0.59384,0.59402,168,14,0
2026-05-13 05:15:00+00:00,0.59402,0.59424,0.59397,0.59421,186,14,0
2026-05-13 05:30:00+00:00,0.59421,0.59422,0.59397,0.59413,205,14,0
2026-05-13 05:45:00+00:00,0.59416,0.59432,0.59394,0.59423,217,14,0
2026-05-13 06:00:00+00:00,0.59425,0.59445,0.59387,0.59404,290,14,0
2026-05-13 06:15:00+00:00,0.59402,0.59406,0.59371,0.59396,231,14,0
2026-05-13 06:30:00+00:00,0.59397,0.59414,0.59381,0.59404,244,14,0
2026-05-13 06:45:00+00:00,0.59405,0.59405,0.59351,0.59372,229,14,0
2026-05-13 07:00:00+00:00,0.59369,0.594,0.59365,0.59385,304,14,0
2026-05-13 07:15:00+00:00,0.59385,0.59396,0.59376,0.59388,227,14,0
2026-05-13 07:30:00+00:00,0.59386,0.59387,0.59322,0.59352,261,14,0
2026-05-13 07:45:00+00:00,0.59353,0.59364,0.59311,0.59312,268,14,0
2026-05-13 08:00:00+00:00,0.59312,0.59342,0.59304,0.59325,304,14,0
2026-05-13 08:15:00+00:00,0.59324,0.59336,0.59317,0.59332,177,14,0
2026-05-13 08:30:00+00:00,0.59332,0.59335,0.59281,0.59285,203,14,0
2026-05-13 08:45:00+00:00,0.59284,0.59309,0.59283,0.59292,272,14,0
2026-05-13 09:00:00+00:00,0.59291,0.59301,0.59263,0.59264,247,14,0
2026-05-13 09:15:00+00:00,0.59264,0.59273,0.59225,0.59225,244,14,0
2026-05-13 09:30:00+00:00,0.59225,0.59255,0.59225,0.5924,233,14,0
2026-05-13 09:45:00+00:00,0.5924,0.59295,0.5924,0.59295,216,14,0
2026-05-13 10:00:00+00:00,0.59295,0.59327,0.59259,0.59286,325,14,0
2026-05-13 10:15:00+00:00,0.59288,0.59299,0.59255,0.59265,320,14,0
2026-05-13 10:30:00+00:00,0.59265,0.5929,0.59245,0.5929,189,14,0
2026-05-13 10:45:00+00:00,0.5929,0.59328,0.59282,0.59304,246,14,0
2026-05-13 11:00:00+00:00,0.59304,0.59317,0.59295,0.59307,241,14,0
2026-05-13 11:15:00+00:00,0.59305,0.59314,0.5927,0.59282,182,14,0
2026-05-13 11:30:00+00:00,0.59282,0.59312,0.59275,0.59289,231,14,0
2026-05-13 11:45:00+00:00,0.59289,0.59309,0.59284,0.59294,181,14,0
2026-05-13 12:00:00+00:00,0.59292,0.59329,0.59289,0.59293,237,14,0
2026-05-13 12:15:00+00:00,0.59292,0.59295,0.59229,0.59247,287,14,0
2026-05-13 12:30:00+00:00,0.59249,0.59279,0.59193,0.59231,602,14,0
2026-05-13 12:45:00+00:00,0.59231,0.59234,0.59204,0.59229,345,14,0
2026-05-13 13:00:00+00:00,0.59231,0.5926,0.59229,0.59255,355,14,0
2026-05-13 13:15:00+00:00,0.59256,0.59266,0.59231,0.59242,279,14,0
2026-05-13 13:30:00+00:00,0.59244,0.59265,0.59218,0.5926,531,14,0
2026-05-13 13:45:00+00:00,0.59258,0.59284,0.59208,0.59258,463,14,0
2026-05-13 14:00:00+00:00,0.59258,0.59292,0.5924,0.59283,433,14,0
2026-05-13 14:15:00+00:00,0.59284,0.59301,0.59256,0.59297,353,14,0
2026-05-13 14:30:00+00:00,0.59299,0.59319,0.59285,0.59289,319,14,0
2026-05-13 14:45:00+00:00,0.59289,0.59321,0.59265,0.5929,382,14,0
2026-05-13 15:00:00+00:00,0.59292,0.59337,0.59289,0.5931,353,14,0
2026-05-13 15:15:00+00:00,0.5931,0.59357,0.5931,0.59356,280,14,0
2026-05-13 15:30:00+00:00,0.59356,0.59404,0.59344,0.59396,322,14,0
2026-05-13 15:45:00+00:00,0.59396,0.59396,0.59343,0.59348,286,14,0
2026-05-13 16:00:00+00:00,0.59349,0.59385,0.59346,0.59374,293,14,0
2026-05-13 16:15:00+00:00,0.59374,0.59419,0.59358,0.59406,367,14,0
2026-05-13 16:30:00+00:00,0.59404,0.59411,0.59376,0.59377,298,14,0
2026-05-13 16:45:00+00:00,0.59377,0.59385,0.59352,0.59355,174,14,0
2026-05-13 17:00:00+00:00,0.59353,0.59367,0.59345,0.59359,188,14,0
2026-05-13 17:15:00+00:00,0.59357,0.59372,0.59357,0.59361,144,14,0
2026-05-13 17:30:00+00:00,0.59361,0.59362,0.59341,0.59342,130,14,0
2026-05-13 17:45:00+00:00,0.59342,0.59346,0.59307,0.59307,154,14,0
2026-05-13 18:00:00+00:00,0.59309,0.5934,0.59302,0.59331,210,14,0
2026-05-13 18:15:00+00:00,0.59331,0.59341,0.59312,0.5932,217,14,0
2026-05-13 18:30:00+00:00,0.5932,0.59335,0.59317,0.59322,215,14,0
2026-05-13 18:45:00+00:00,0.59321,0.59336,0.5928,0.59316,245,14,0
2026-05-13 19:00:00+00:00,0.59316,0.59349,0.59316,0.59344,176,14,0
2026-05-13 19:15:00+00:00,0.59344,0.59347,0.59329,0.59343,175,14,0
2026-05-13 19:30:00+00:00,0.59343,0.59349,0.59333,0.59344,152,14,0
2026-05-13 19:45:00+00:00,0.59344,0.59352,0.59332,0.59338,184,14,0
2026-05-13 20:00:00+00:00,0.59338,0.59358,0.59322,0.59356,150,14,0
2026-05-13 20:15:00+00:00,0.59356,0.59369,0.59356,0.59357,83,14,0
2026-05-13 20:30:00+00:00,0.59357,0.59366,0.5935,0.59364,94,14,0
2026-05-13 20:45:00+00:00,0.59365,0.59365,0.59349,0.59349,104,14,0
2026-05-13 21:00:00+00:00,0.59351,0.59351,0.59286,0.59294,201,26,0
2026-05-13 21:15:00+00:00,0.59295,0.59322,0.59281,0.59316,252,64,0
2026-05-13 21:30:00+00:00,0.59315,0.59357,0.59308,0.59322,275,28,0
2026-05-13 21:45:00+00:00,0.59323,0.59337,0.59314,0.59328,219,24,0
2026-05-13 22:00:00+00:00,0.59331,0.59363,0.59331,0.59361,74,14,0
2026-05-13 22:15:00+00:00,0.59361,0.59371,0.59354,0.59367,64,14,0
2026-05-13 22:30:00+00:00,0.59367,0.59369,0.59362,0.59362,49,14,0
2026-05-13 22:45:00+00:00,0.59362,0.59363,0.59352,0.59358,56,14,0
2026-05-13 23:00:00+00:00,0.59358,0.59366,0.59337,0.59342,76,14,0
2026-05-13 23:15:00+00:00,0.59341,0.59351,0.59337,0.59341,76,14,0
2026-05-13 23:30:00+00:00,0.59341,0.59342,0.59315,0.59317,103,14,0
2026-05-13 23:45:00+00:00,0.59317,0.59326,0.59295,0.59301,129,14,0
2026-05-14 00:00:00+00:00,0.59301,0.59315,0.59273,0.59315,266,14,0
2026-05-14 00:15:00+00:00,0.59316,0.5934,0.59298,0.59326,269,14,0
2026-05-14 00:30:00+00:00,0.59326,0.59338,0.59298,0.59302,195,14,0
2026-05-14 00:45:00+00:00,0.59302,0.59315,0.59282,0.59311,218,14,0
2026-05-14 01:00:00+00:00,0.59312,0.59316,0.59271,0.59281,313,14,0
2026-05-14 01:15:00+00:00,0.59281,0.59302,0.59273,0.59296,222,14,0
2026-05-14 01:30:00+00:00,0.59294,0.59326,0.59291,0.5931,259,14,0
2026-05-14 01:45:00+00:00,0.5931,0.59315,0.59271,0.59277,243,14,0
2026-05-14 02:00:00+00:00,0.59277,0.59305,0.59262,0.59283,242,14,0
2026-05-14 02:15:00+00:00,0.59283,0.59302,0.59272,0.59298,176,14,0
2026-05-14 02:30:00+00:00,0.59298,0.59325,0.59297,0.59315,199,14,0
2026-05-14 02:45:00+00:00,0.59314,0.59317,0.59286,0.59296,233,14,0
2026-05-14 03:00:00+00:00,0.59296,0.59299,0.59279,0.59283,171,14,0
2026-05-14 03:15:00+00:00,0.59283,0.59297,0.59261,0.59296,144,14,0
2026-05-14 03:30:00+00:00,0.59296,0.59298,0.59275,0.59277,135,14,0
2026-05-14 03:45:00+00:00,0.59277,0.59286,0.59262,0.59265,118,14,0
2026-05-14 04:00:00+00:00,0.59266,0.59313,0.59261,0.5931,196,14,0
2026-05-14 04:15:00+00:00,0.5931,0.59343,0.59301,0.59326,150,14,0
2026-05-14 04:30:00+00:00,0.59326,0.59328,0.59313,0.59322,149,14,0
2026-05-14 04:45:00+00:00,0.59322,0.59345,0.5932,0.5932,140,14,0
2026-05-14 05:00:00+00:00,0.59321,0.59325,0.59293,0.59304,225,14,0
2026-05-14 05:15:00+00:00,0.59304,0.59325,0.59304,0.59313,166,14,0
2026-05-14 05:30:00+00:00,0.59313,0.59326,0.59295,0.59325,189,14,0
2026-05-14 05:45:00+00:00,0.59325,0.5937,0.59317,0.59327,309,14,0
2026-05-14 06:00:00+00:00,0.59326,0.59382,0.59326,0.59354,267,14,0
2026-05-14 06:15:00+00:00,0.59354,0.59385,0.59342,0.59371,278,14,0
2026-05-14 06:30:00+00:00,0.59373,0.59391,0.59362,0.59382,222,14,0
2026-05-14 06:45:00+00:00,0.59384,0.59412,0.59382,0.59392,307,14,0
2026-05-14 07:00:00+00:00,0.5939,0.59393,0.59346,0.59352,313,14,0
2026-05-14 07:15:00+00:00,0.59352,0.59357,0.59332,0.59353,215,14,0
2026-05-14 07:30:00+00:00,0.59354,0.59381,0.59342,0.59363,209,14,0
2026-05-14 07:45:00+00:00,0.59363,0.59384,0.59271,0.59283,300,14,0
2026-05-14 08:00:00+00:00,0.59281,0.59346,0.59276,0.59341,375,14,0
2026-05-14 08:15:00+00:00,0.59342,0.59369,0.59335,0.59369,222,14,0
2026-05-14 08:30:00+00:00,0.59369,0.59382,0.59346,0.59356,244,14,0
2026-05-14 08:45:00+00:00,0.59356,0.59392,0.59354,0.59387,174,14,0
2026-05-14 09:00:00+00:00,0.59387,0.59403,0.59364,0.59394,277,14,0
2026-05-14 09:15:00+00:00,0.59392,0.59392,0.59371,0.59375,214,14,0
2026-05-14 09:30:00+00:00,0.59373,0.59378,0.59323,0.59354,296,14,0
2026-05-14 09:45:00+00:00,0.59355,0.59372,0.59348,0.59349,224,14,0
2026-05-14 10:00:00+00:00,0.5935,0.59393,0.59344,0.59358,293,14,0
2026-05-14 10:15:00+00:00,0.59359,0.59371,0.59348,0.59361,221,14,0
2026-05-14 10:30:00+00:00,0.59361,0.59367,0.59302,0.59313,184,14,0
2026-05-14 10:45:00+00:00,0.59313,0.59338,0.59307,0.5932,245,14,0
2026-05-14 11:00:00+00:00,0.59321,0.59329,0.59285,0.59329,241,14,0
2026-05-14 11:15:00+00:00,0.59329,0.59336,0.59309,0.5931,219,14,0
2026-05-14 11:30:00+00:00,0.5931,0.59322,0.59301,0.59303,188,14,0
2026-05-14 11:45:00+00:00,0.59303,0.59334,0.59291,0.59291,208,14,0
2026-05-14 12:00:00+00:00,0.59289,0.59319,0.59278,0.59313,347,14,0
2026-05-14 12:15:00+00:00,0.59313,0.59328,0.5931,0.59315,209,14,0
2026-05-14 12:30:00+00:00,0.59318,0.59318,0.59284,0.59284,271,14,0
2026-05-14 12:45:00+00:00,0.59284,0.59305,0.59279,0.5928,239,14,0
2026-05-14 13:00:00+00:00,0.5928,0.59292,0.59251,0.59253,312,14,0
2026-05-14 13:15:00+00:00,0.59253,0.59255,0.59232,0.59242,257,14,0
2026-05-14 13:30:00+00:00,0.59241,0.59241,0.59184,0.5923,434,14,0
2026-05-14 13:45:00+00:00,0.5923,0.5926,0.592,0.59201,582,14,0
2026-05-14 14:00:00+00:00,0.59199,0.59271,0.59188,0.59271,394,14,0
2026-05-14 14:15:00+00:00,0.5927,0.59294,0.59247,0.59273,335,14,0
2026-05-14 14:30:00+00:00,0.59275,0.59277,0.59257,0.59262,257,14,0
2026-05-14 14:45:00+00:00,0.59262,0.59271,0.59214,0.59215,410,14,0
2026-05-14 15:00:00+00:00,0.59213,0.59217,0.59182,0.59197,368,14,0
2026-05-14 15:15:00+00:00,0.59197,0.592,0.59171,0.59187,245,14,0
2026-05-14 15:30:00+00:00,0.59185,0.59214,0.59177,0.59198,253,14,0
2026-05-14 15:45:00+00:00,0.59198,0.59223,0.59195,0.59213,226,14,0
2026-05-14 16:00:00+00:00,0.59213,0.59213,0.59174,0.59199,292,14,0
2026-05-14 16:15:00+00:00,0.592,0.59214,0.59177,0.59181,291,14,0
2026-05-14 16:30:00+00:00,0.59181,0.59187,0.59148,0.59149,327,14,0
2026-05-14 16:45:00+00:00,0.59148,0.59179,0.59138,0.59179,314,14,0
2026-05-14 17:00:00+00:00,0.5918,0.5921,0.59168,0.59172,276,14,0
2026-05-14 17:15:00+00:00,0.59172,0.59181,0.59161,0.59173,338,14,0
2026-05-14 17:30:00+00:00,0.59173,0.59192,0.59165,0.59188,266,14,0
2026-05-14 17:45:00+00:00,0.59188,0.59198,0.59173,0.59173,182,14,0
2026-05-14 18:00:00+00:00,0.59173,0.59175,0.59142,0.59174,299,14,0
2026-05-14 18:15:00+00:00,0.59175,0.59183,0.59164,0.59169,239,14,0
2026-05-14 18:30:00+00:00,0.59169,0.59175,0.59153,0.59165,206,14,0
2026-05-14 18:45:00+00:00,0.59165,0.59172,0.59158,0.59171,120,14,0
2026-05-14 19:00:00+00:00,0.59172,0.59175,0.59164,0.59167,128,14,0
2026-05-14 19:15:00+00:00,0.59167,0.5917,0.59147,0.59147,124,14,0
2026-05-14 19:30:00+00:00,0.59147,0.59153,0.5912,0.59123,169,14,0
2026-05-14 19:45:00+00:00,0.59123,0.59125,0.59111,0.59125,185,14,0
2026-05-14 20:00:00+00:00,0.59125,0.59134,0.59105,0.59106,120,14,0
2026-05-14 20:15:00+00:00,0.59106,0.59107,0.59085,0.59095,85,14,0
2026-05-14 20:30:00+00:00,0.59095,0.59106,0.59095,0.59103,86,14,0
2026-05-14 20:45:00+00:00,0.59103,0.5911,0.59102,0.59102,84,14,0
2026-05-14 21:00:00+00:00,0.591,0.59105,0.59083,0.59104,167,16,0
2026-05-14 21:15:00+00:00,0.59101,0.59101,0.59066,0.59086,258,28,0
2026-05-14 21:30:00+00:00,0.59084,0.59107,0.59075,0.59079,239,54,0
2026-05-14 21:45:00+00:00,0.5908,0.59116,0.59076,0.59115,135,22,0
2026-05-14 22:00:00+00:00,0.59121,0.59128,0.59102,0.5912,104,14,0
2026-05-14 22:15:00+00:00,0.5912,0.5912,0.59107,0.59113,59,14,0
2026-05-14 22:30:00+00:00,0.59113,0.59119,0.591,0.59118,87,14,0
2026-05-14 22:45:00+00:00,0.59118,0.59119,0.59095,0.59098,77,14,0
2026-05-14 23:00:00+00:00,0.59098,0.59098,0.59037,0.59049,139,14,0
2026-05-14 23:15:00+00:00,0.59049,0.59064,0.59039,0.59062,134,14,0
2026-05-14 23:30:00+00:00,0.59063,0.59064,0.5905,0.59062,88,14,0
2026-05-14 23:45:00+00:00,0.59062,0.59068,0.59013,0.5902,182,14,0
2026-05-15 00:00:00+00:00,0.5902,0.59035,0.59001,0.59006,313,14,0
2026-05-15 00:15:00+00:00,0.59006,0.59037,0.59001,0.59001,255,14,0
2026-05-15 00:30:00+00:00,0.59002,0.59002,0.58917,0.58927,293,14,0
2026-05-15 00:45:00+00:00,0.58927,0.58941,0.58886,0.58911,259,14,0
2026-05-15 01:00:00+00:00,0.58909,0.58925,0.5889,0.58908,321,14,0
2026-05-15 01:15:00+00:00,0.58907,0.58908,0.58836,0.58838,382,14,0
2026-05-15 01:30:00+00:00,0.58838,0.58893,0.5882,0.58886,396,14,0
2026-05-15 01:45:00+00:00,0.58886,0.58888,0.58817,0.58819,322,14,0
2026-05-15 02:00:00+00:00,0.58818,0.58833,0.58791,0.58813,345,14,0
2026-05-15 02:15:00+00:00,0.58811,0.58844,0.58804,0.58823,299,14,0
2026-05-15 02:30:00+00:00,0.58823,0.58856,0.58815,0.58856,241,14,0
2026-05-15 02:45:00+00:00,0.58857,0.58902,0.58851,0.58856,290,14,0
2026-05-15 03:00:00+00:00,0.58855,0.58875,0.58846,0.58851,259,14,0
2026-05-15 03:15:00+00:00,0.58851,0.58855,0.58832,0.58842,201,14,0
2026-05-15 03:30:00+00:00,0.58841,0.5885,0.58821,0.58838,243,14,0
2026-05-15 03:45:00+00:00,0.58838,0.58842,0.58828,0.58836,147,14,0
2026-05-15 04:00:00+00:00,0.58835,0.58836,0.58799,0.58826,188,14,0
2026-05-15 04:15:00+00:00,0.58825,0.5883,0.58782,0.58782,172,14,0
2026-05-15 04:30:00+00:00,0.58782,0.58802,0.58763,0.58764,227,14,0
2026-05-15 04:45:00+00:00,0.58764,0.58764,0.58723,0.58726,217,14,0
2026-05-15 05:00:00+00:00,0.58726,0.58731,0.58637,0.58655,411,14,0
2026-05-15 05:15:00+00:00,0.58655,0.58695,0.58642,0.58695,286,14,0
2026-05-15 05:30:00+00:00,0.58695,0.58707,0.58674,0.58677,319,14,0
2026-05-15 05:45:00+00:00,0.58677,0.58677,0.58565,0.58605,578,14,0
2026-05-15 06:00:00+00:00,0.58603,0.58662,0.58595,0.58633,478,14,0
2026-05-15 06:15:00+00:00,0.58635,0.58661,0.58613,0.58621,453,14,0
2026-05-15 06:30:00+00:00,0.58621,0.58668,0.58612,0.58636,375,14,0
2026-05-15 06:45:00+00:00,0.58637,0.58655,0.58574,0.58582,381,14,0
2026-05-15 07:00:00+00:00,0.5858,0.58656,0.58559,0.58651,429,14,0
2026-05-15 07:15:00+00:00,0.58652,0.5869,0.58632,0.58664,364,14,0
2026-05-15 07:30:00+00:00,0.58664,0.58666,0.58633,0.58647,343,14,0
2026-05-15 07:45:00+00:00,0.58645,0.58648,0.58588,0.58588,295,14,0
2026-05-15 08:00:00+00:00,0.5859,0.58596,0.58532,0.5854,371,14,0
2026-05-15 08:15:00+00:00,0.58539,0.58547,0.58508,0.58521,370,14,0
2026-05-15 08:30:00+00:00,0.58521,0.58527,0.58494,0.58517,370,14,0
2026-05-15 08:45:00+00:00,0.58517,0.58522,0.58472,0.58486,298,14,0
2026-05-15 09:00:00+00:00,0.58487,0.58492,0.58407,0.5841,354,14,0
2026-05-15 09:15:00+00:00,0.58408,0.58425,0.58385,0.58422,376,14,0
2026-05-15 09:30:00+00:00,0.58422,0.58452,0.58414,0.58425,363,14,0
2026-05-15 09:45:00+00:00,0.58424,0.58447,0.58402,0.58442,361,14,0
2026-05-15 10:00:00+00:00,0.58444,0.58508,0.58438,0.58503,326,14,0
2026-05-15 10:15:00+00:00,0.58504,0.58557,0.58485,0.58523,338,14,0
2026-05-15 10:30:00+00:00,0.58523,0.58578,0.5852,0.58576,326,14,0
2026-05-15 10:45:00+00:00,0.58578,0.58664,0.58572,0.58597,629,14,0
2026-05-15 11:00:00+00:00,0.58597,0.58606,0.58525,0.58536,408,14,0
2026-05-15 11:15:00+00:00,0.58536,0.58547,0.58491,0.58494,273,14,0
2026-05-15 11:30:00+00:00,0.58493,0.58497,0.58427,0.58427,277,14,0
2026-05-15 11:45:00+00:00,0.58427,0.58467,0.58424,0.58442,282,14,0
2026-05-15 12:00:00+00:00,0.58439,0.58439,0.5839,0.58401,344,14,0
2026-05-15 12:15:00+00:00,0.584,0.58436,0.58397,0.58414,346,14,0
2026-05-15 12:30:00+00:00,0.58414,0.58415,0.58375,0.5839,347,14,0
2026-05-15 12:45:00+00:00,0.58389,0.58452,0.58386,0.58441,328,14,0
2026-05-15 13:00:00+00:00,0.58441,0.5845,0.58418,0.58442,375,14,0
2026-05-15 13:15:00+00:00,0.58444,0.58483,0.58428,0.58459,372,14,0
2026-05-15 13:30:00+00:00,0.58459,0.58467,0.58382,0.58389,610,14,0
2026-05-15 13:45:00+00:00,0.58389,0.58413,0.58373,0.58381,481,14,0
2026-05-15 14:00:00+00:00,0.58378,0.58432,0.58357,0.58432,563,14,0
2026-05-15 14:15:00+00:00,0.58432,0.58513,0.5843,0.58478,529,14,0
2026-05-15 14:30:00+00:00,0.5848,0.585,0.58455,0.58455,486,14,0
2026-05-15 14:45:00+00:00,0.58454,0.58462,0.58409,0.58453,479,14,0
2026-05-15 15:00:00+00:00,0.58456,0.58463,0.58418,0.58449,469,14,0
2026-05-15 15:15:00+00:00,0.58448,0.58455,0.58382,0.58406,415,14,0
2026-05-15 15:30:00+00:00,0.58409,0.58424,0.58362,0.58377,442,14,0
2026-05-15 15:45:00+00:00,0.58376,0.584,0.58364,0.58395,430,14,0
2026-05-15 16:00:00+00:00,0.58397,0.58405,0.58379,0.58401,377,14,0
2026-05-15 16:15:00+00:00,0.584,0.58424,0.58396,0.58423,316,14,0
2026-05-15 16:30:00+00:00,0.58423,0.58448,0.58415,0.58447,293,14,0
2026-05-15 16:45:00+00:00,0.58447,0.58453,0.58412,0.58438,264,14,0
2026-05-15 17:00:00+00:00,0.58435,0.58473,0.58427,0.58472,264,14,0
2026-05-15 17:15:00+00:00,0.58472,0.58489,0.58457,0.58464,261,14,0
2026-05-15 17:30:00+00:00,0.58464,0.5848,0.58448,0.58449,268,14,0
2026-05-15 17:45:00+00:00,0.58449,0.58463,0.58449,0.58451,204,14,0
2026-05-15 18:00:00+00:00,0.58453,0.58459,0.58429,0.58443,269,14,0
2026-05-15 18:15:00+00:00,0.58443,0.58443,0.58407,0.58419,325,14,0
2026-05-15 18:30:00+00:00,0.58421,0.58421,0.58379,0.5841,324,14,0
2026-05-15 18:45:00+00:00,0.5841,0.58418,0.58395,0.58409,219,14,0
2026-05-15 19:00:00+00:00,0.58409,0.58414,0.58389,0.58389,162,14,0
2026-05-15 19:15:00+00:00,0.58391,0.58407,0.58388,0.58403,168,14,0
2026-05-15 19:30:00+00:00,0.58404,0.58414,0.58385,0.58388,176,14,0
2026-05-15 19:45:00+00:00,0.58388,0.58403,0.58372,0.58385,215,14,0
2026-05-15 20:00:00+00:00,0.58384,0.58384,0.58364,0.58377,195,14,0
2026-05-15 20:15:00+00:00,0.58377,0.58385,0.58352,0.58353,148,14,0
2026-05-15 20:30:00+00:00,0.58353,0.58373,0.58353,0.58372,83,14,0
2026-05-15 20:45:00+00:00,0.58372,0.58379,0.58364,0.58371,153,14,0
2026-05-17 21:00:00+00:00,0.58363,0.58393,0.58356,0.58393,52,90,0
2026-05-17 21:15:00+00:00,0.58393,0.58407,0.58393,0.58403,76,60,0
2026-05-17 21:30:00+00:00,0.58404,0.58411,0.5837,0.58373,108,60,0
2026-05-17 21:45:00+00:00,0.58373,0.58398,0.58366,0.58398,76,60,0
2026-05-17 22:00:00+00:00,0.58415,0.5842,0.58366,0.5839,175,14,0
2026-05-17 22:15:00+00:00,0.5839,0.58392,0.58373,0.58385,155,14,0
2026-05-17 22:30:00+00:00,0.58385,0.58404,0.58383,0.58402,163,14,0
2026-05-17 22:45:00+00:00,0.58402,0.58406,0.58391,0.58404,107,14,0
2026-05-17 23:00:00+00:00,0.58404,0.58415,0.5839,0.58395,143,14,0
2026-05-17 23:15:00+00:00,0.58395,0.58399,0.58356,0.58358,167,14,0
2026-05-17 23:30:00+00:00,0.58358,0.5836,0.58295,0.58325,289,14,0
2026-05-17 23:45:00+00:00,0.58324,0.58338,0.583,0.58311,355,14,0
2026-05-18 00:00:00+00:00,0.58311,0.58362,0.58296,0.58297,641,14,0
2026-05-18 00:15:00+00:00,0.58298,0.5835,0.58286,0.583,462,14,0
2026-05-18 00:30:00+00:00,0.583,0.58312,0.58255,0.58256,376,14,0
2026-05-18 00:45:00+00:00,0.58254,0.58281,0.58246,0.5826,381,14,0
2026-05-18 01:00:00+00:00,0.5826,0.5829,0.58225,0.58272,489,14,0
2026-05-18 01:15:00+00:00,0.58273,0.58281,0.58242,0.58268,499,14,0
2026-05-18 01:30:00+00:00,0.58267,0.58309,0.58262,0.58272,428,14,0
2026-05-18 01:45:00+00:00,0.58271,0.58324,0.58255,0.58302,373,14,0
2026-05-18 02:00:00+00:00,0.58299,0.58304,0.58263,0.58301,341,14,0
2026-05-18 02:15:00+00:00,0.58301,0.5833,0.58299,0.58324,232,14,0
2026-05-18 02:30:00+00:00,0.58323,0.58344,0.58316,0.58334,223,14,0
2026-05-18 02:45:00+00:00,0.58334,0.58339,0.58295,0.58309,206,14,0
2026-05-18 03:00:00+00:00,0.58309,0.58347,0.58309,0.58337,231,14,0
2026-05-18 03:15:00+00:00,0.58338,0.58364,0.58324,0.58359,203,14,0
2026-05-18 03:30:00+00:00,0.58358,0.58386,0.58329,0.58386,274,14,0
2026-05-18 03:45:00+00:00,0.58386,0.584,0.5837,0.58395,207,14,0
2026-05-18 04:00:00+00:00,0.58395,0.58415,0.58385,0.58402,218,14,0
2026-05-18 04:15:00+00:00,0.58402,0.58414,0.5836,0.58364,218,14,0
2026-05-18 04:30:00+00:00,0.58364,0.58381,0.58358,0.58379,178,14,0
2026-05-18 04:45:00+00:00,0.58379,0.58387,0.58351,0.58361,197,14,0
2026-05-18 05:00:00+00:00,0.58361,0.58377,0.58349,0.58351,230,14,0
2026-05-18 05:15:00+00:00,0.58349,0.58385,0.58325,0.58385,265,14,0
2026-05-18 05:30:00+00:00,0.58385,0.58401,0.58375,0.5838,272,14,0
2026-05-18 05:45:00+00:00,0.5838,0.58394,0.58374,0.58385,246,14,0
2026-05-18 06:00:00+00:00,0.58383,0.58424,0.58373,0.5842,366,14,0
2026-05-18 06:15:00+00:00,0.5842,0.58465,0.5842,0.58434,314,14,0
2026-05-18 06:30:00+00:00,0.58435,0.58473,0.58431,0.58457,271,14,0
2026-05-18 06:45:00+00:00,0.58457,0.58484,0.58453,0.58484,266,14,0
2026-05-18 07:00:00+00:00,0.58486,0.58486,0.58455,0.58461,288,14,0
2026-05-18 07:15:00+00:00,0.58461,0.5851,0.58439,0.58508,343,14,0
2026-05-18 07:30:00+00:00,0.58509,0.5855,0.58509,0.58514,419,14,0
2026-05-18 07:45:00+00:00,0.58512,0.5852,0.58483,0.585,312,14,0
2026-05-18 08:00:00+00:00,0.585,0.58535,0.585,0.58528,349,14,0
2026-05-18 08:15:00+00:00,0.58529,0.58577,0.58518,0.58568,263,14,0
2026-05-18 08:30:00+00:00,0.58568,0.58613,0.58562,0.58564,329,14,0
2026-05-18 08:45:00+00:00,0.58566,0.5862,0.58565,0.586,276,14,0
2026-05-18 09:00:00+00:00,0.586,0.5861,0.5857,0.58576,256,14,0
2026-05-18 09:15:00+00:00,0.58576,0.58597,0.5857,0.58589,219,14,0
2026-05-18 09:30:00+00:00,0.58589,0.58595,0.58575,0.58575,221,14,0
2026-05-18 09:45:00+00:00,0.58575,0.58585,0.58569,0.58569,222,14,0
2026-05-18 10:00:00+00:00,0.58568,0.58575,0.58536,0.58557,263,14,0
2026-05-18 10:15:00+00:00,0.58557,0.5857,0.58551,0.5856,183,14,0
2026-05-18 10:30:00+00:00,0.5856,0.58575,0.58537,0.5856,241,14,0
2026-05-18 10:45:00+00:00,0.58559,0.58564,0.58523,0.58528,204,14,0
2026-05-18 11:00:00+00:00,0.58529,0.58549,0.58512,0.58531,294,14,0
2026-05-18 11:15:00+00:00,0.5853,0.58537,0.58514,0.58519,202,14,0
2026-05-18 11:30:00+00:00,0.58518,0.58677,0.58517,0.58655,687,14,0
2026-05-18 11:45:00+00:00,0.58656,0.58657,0.58582,0.58613,484,14,0
2026-05-18 12:00:00+00:00,0.58613,0.58656,0.58601,0.58634,386,14,0
2026-05-18 12:15:00+00:00,0.58634,0.58653,0.58615,0.58647,368,14,0
2026-05-18 12:30:00+00:00,0.58649,0.58752,0.58643,0.58751,491,14,0
2026-05-18 12:45:00+00:00,0.58751,0.58807,0.58744,0.58769,548,14,0
2026-05-18 13:00:00+00:00,0.58771,0.58789,0.58727,0.5875,521,14,0
2026-05-18 13:15:00+00:00,0.58749,0.58779,0.58724,0.58774,317,14,0
2026-05-18 13:30:00+00:00,0.58776,0.58779,0.58705,0.58733,561,14,0
2026-05-18 13:45:00+00:00,0.58733,0.58805,0.58727,0.58759,550,14,0
2026-05-18 14:00:00+00:00,0.58756,0.58764,0.58662,0.58672,642,14,0
2026-05-18 14:15:00+00:00,0.58673,0.58703,0.58652,0.58665,510,14,0
2026-05-18 14:30:00+00:00,0.58663,0.58668,0.58602,0.58612,531,14,0
2026-05-18 14:45:00+00:00,0.58613,0.58666,0.58602,0.58632,454,14,0
2026-05-18 15:00:00+00:00,0.58632,0.58637,0.58561,0.586,645,14,0
2026-05-18 15:15:00+00:00,0.586,0.5862,0.58577,0.58597,457,14,0
2026-05-18 15:30:00+00:00,0.58596,0.58651,0.58583,0.58631,415,14,0
2026-05-18 15:45:00+00:00,0.5863,0.58678,0.58623,0.58659,411,14,0
2026-05-18 16:00:00+00:00,0.58661,0.58699,0.5864,0.58699,401,14,0
2026-05-18 16:15:00+00:00,0.58699,0.58719,0.58634,0.5864,465,14,0
2026-05-18 16:30:00+00:00,0.58642,0.58699,0.58631,0.58684,392,14,0
2026-05-18 16:45:00+00:00,0.58683,0.58729,0.5868,0.58702,289,14,0
2026-05-18 17:00:00+00:00,0.58703,0.58728,0.58682,0.58713,318,14,0
2026-05-18 17:15:00+00:00,0.58711,0.58736,0.58706,0.58718,254,14,0
2026-05-18 17:30:00+00:00,0.58718,0.58724,0.58705,0.58713,277,14,0
2026-05-18 17:45:00+00:00,0.58713,0.58725,0.58705,0.58705,234,14,0
2026-05-18 18:00:00+00:00,0.58706,0.5871,0.58668,0.58669,296,14,0
2026-05-18 18:15:00+00:00,0.58669,0.58669,0.586,0.58627,334,14,0
2026-05-18 18:30:00+00:00,0.58629,0.58648,0.58607,0.58629,293,14,0
2026-05-18 18:45:00+00:00,0.58629,0.58631,0.58585,0.58587,259,14,0
2026-05-18 19:00:00+00:00,0.58589,0.58815,0.58586,0.58711,909,14,0
2026-05-18 19:15:00+00:00,0.58712,0.58733,0.5868,0.5871,385,14,0
2026-05-18 19:30:00+00:00,0.5871,0.58761,0.58707,0.58761,353,14,0
2026-05-18 19:45:00+00:00,0.5876,0.58794,0.58745,0.5875,324,14,0
2026-05-18 20:00:00+00:00,0.58752,0.58775,0.58745,0.58772,168,14,0
2026-05-18 20:15:00+00:00,0.58772,0.58782,0.58771,0.58777,102,14,0
2026-05-18 20:30:00+00:00,0.58777,0.58778,0.58747,0.58763,107,14,0
2026-05-18 20:45:00+00:00,0.58763,0.58763,0.58744,0.58745,111,14,0
2026-05-18 21:00:00+00:00,0.58743,0.58748,0.5872,0.58726,165,14,0
2026-05-18 21:15:00+00:00,0.58725,0.58741,0.58687,0.58717,378,26,0
2026-05-18 21:30:00+00:00,0.58719,0.58727,0.587,0.58716,331,46,0
2026-05-18 21:45:00+00:00,0.58716,0.58738,0.58715,0.58737,143,22,0
2026-05-18 22:00:00+00:00,0.58745,0.58778,0.58745,0.58763,150,14,0
2026-05-18 22:15:00+00:00,0.58763,0.58773,0.5876,0.58769,72,14,0
2026-05-18 22:30:00+00:00,0.5877,0.58775,0.58766,0.58766,63,14,0
2026-05-18 22:45:00+00:00,0.58766,0.58776,0.58764,0.58773,87,14,0
2026-05-18 23:00:00+00:00,0.58774,0.5878,0.58757,0.58759,115,14,0
2026-05-18 23:15:00+00:00,0.58759,0.58784,0.58757,0.58773,106,14,0
2026-05-18 23:30:00+00:00,0.58773,0.58781,0.58763,0.58779,110,14,0
2026-05-18 23:45:00+00:00,0.58779,0.58779,0.58727,0.58727,146,14,0
2026-05-19 00:00:00+00:00,0.58727,0.58747,0.5867,0.58683,420,14,0
2026-05-19 00:15:00+00:00,0.58683,0.58718,0.58658,0.58677,401,14,0
2026-05-19 00:30:00+00:00,0.58679,0.58685,0.58624,0.58629,291,14,0
2026-05-19 00:45:00+00:00,0.58629,0.58638,0.58591,0.58595,299,14,0
2026-05-19 01:00:00+00:00,0.58595,0.58596,0.58557,0.58587,332,14,0
2026-05-19 01:15:00+00:00,0.58588,0.58597,0.58557,0.58571,301,14,0
2026-05-19 01:30:00+00:00,0.58571,0.58621,0.58531,0.58619,381,14,0
2026-05-19 01:45:00+00:00,0.58619,0.58622,0.58568,0.58568,305,14,0
2026-05-19 02:00:00+00:00,0.58568,0.58568,0.58515,0.58524,343,14,0
2026-05-19 02:15:00+00:00,0.58524,0.58581,0.58513,0.58561,259,14,0
2026-05-19 02:30:00+00:00,0.58561,0.58574,0.5855,0.58567,267,14,0
2026-05-19 02:45:00+00:00,0.58567,0.5857,0.5853,0.58552,231,14,0
2026-05-19 03:00:00+00:00,0.58552,0.5856,0.58527,0.58559,239,14,0
2026-05-19 03:15:00+00:00,0.58559,0.58575,0.58555,0.58564,211,14,0
2026-05-19 03:30:00+00:00,0.58563,0.58587,0.58562,0.58566,182,14,0
2026-05-19 03:45:00+00:00,0.58566,0.58566,0.58531,0.5854,193,14,0
2026-05-19 04:00:00+00:00,0.58542,0.58572,0.5853,0.58562,181,14,0
2026-05-19 04:15:00+00:00,0.58562,0.58567,0.58531,0.58538,181,14,0
2026-05-19 04:30:00+00:00,0.58539,0.58557,0.58513,0.58516,204,14,0
2026-05-19 04:45:00+00:00,0.58516,0.58522,0.585,0.58508,202,14,0
2026-05-19 05:00:00+00:00,0.58511,0.58542,0.58502,0.58537,242,14,0
2026-05-19 05:15:00+00:00,0.58537,0.58537,0.58488,0.58497,270,14,0
2026-05-19 05:30:00+00:00,0.58498,0.58527,0.58488,0.58521,267,14,0
2026-05-19 05:45:00+00:00,0.58519,0.58568,0.58505,0.58554,279,14,0
2026-05-19 06:00:00+00:00,0.58557,0.58575,0.58528,0.58558,419,14,0
2026-05-19 06:15:00+00:00,0.58558,0.58588,0.5854,0.58569,317,14,0
2026-05-19 06:30:00+00:00,0.58567,0.58592,0.58553,0.58588,266,14,0
2026-05-19 06:45:00+00:00,0.58588,0.58588,0.58559,0.58564,256,14,0
2026-05-19 07:00:00+00:00,0.58566,0.58566,0.58522,0.58537,419,14,0
2026-05-19 07:15:00+00:00,0.58538,0.58563,0.58533,0.58556,287,14,0
2026-05-19 07:30:00+00:00,0.58557,0.58559,0.58525,0.58526,275,14,0
2026-05-19 07:45:00+00:00,0.58527,0.58565,0.58499,0.58502,325,14,0
2026-05-19 08:00:00+00:00,0.58501,0.58507,0.58427,0.58445,371,14,0
2026-05-19 08:15:00+00:00,0.58445,0.58476,0.58437,0.58457,342,14,0
2026-05-19 08:30:00+00:00,0.58457,0.58487,0.58441,0.58446,268,14,0
2026-05-19 08:45:00+00:00,0.58446,0.58482,0.58446,0.58452,235,14,0
2026-05-19 09:00:00+00:00,0.58451,0.58451,0.58422,0.58429,245,14,0
2026-05-19 09:15:00+00:00,0.58427,0.58432,0.58389,0.58417,275,14,0
2026-05-19 09:30:00+00:00,0.58418,0.58437,0.58388,0.58414,292,14,0
2026-05-19 09:45:00+00:00,0.58413,0.5843,0.58397,0.58408,246,14,0
2026-05-19 10:00:00+00:00,0.58409,0.58433,0.58397,0.58433,215,14,0
2026-05-19 10:15:00+00:00,0.58433,0.58463,0.58425,0.58448,184,14,0
2026-05-19 10:30:00+00:00,0.5845,0.58464,0.5836,0.58367,381,14,0
2026-05-19 10:45:00+00:00,0.58367,0.5845,0.58366,0.5844,425,14,0
2026-05-19 11:00:00+00:00,0.5844,0.58455,0.58412,0.5842,332,14,0
2026-05-19 11:15:00+00:00,0.5842,0.5845,0.58412,0.58447,297,14,0
2026-05-19 11:30:00+00:00,0.58447,0.58472,0.58447,0.58465,243,14,0
2026-05-19 11:45:00+00:00,0.58465,0.5847,0.58429,0.58433,276,14,0
2026-05-19 12:00:00+00:00,0.58431,0.58463,0.58418,0.58456,325,14,0
2026-05-19 12:15:00+00:00,0.58456,0.5848,0.58437,0.58469,272,14,0
2026-05-19 12:30:00+00:00,0.58468,0.5847,0.58424,0.5843,426,14,0
2026-05-19 12:45:00+00:00,0.5843,0.58452,0.58399,0.58403,322,14,0
2026-05-19 13:00:00+00:00,0.58401,0.58401,0.58331,0.58364,450,14,0
2026-05-19 13:15:00+00:00,0.58364,0.58369,0.58273,0.58281,484,14,0
2026-05-19 13:30:00+00:00,0.58283,0.58333,0.58259,0.58325,608,14,0
2026-05-19 13:45:00+00:00,0.58326,0.58368,0.58296,0.58345,572,14,0
2026-05-19 14:00:00+00:00,0.58345,0.58367,0.58271,0.58272,642,14,0
2026-05-19 14:15:00+00:00,0.58272,0.58272,0.58169,0.58199,575,14,0
2026-05-19 14:30:00+00:00,0.58202,0.58222,0.58179,0.58212,583,14,0
2026-05-19 14:45:00+00:00,0.58211,0.5823,0.58187,0.5822,471,14,0
2026-05-19 15:00:00+00:00,0.58219,0.58248,0.58209,0.58226,451,14,0
2026-05-19 15:15:00+00:00,0.58226,0.58257,0.58223,0.58247,425,14,0
2026-05-19 15:30:00+00:00,0.58245,0.58307,0.5824,0.5829,413,14,0
2026-05-19 15:45:00+00:00,0.58289,0.58312,0.58284,0.58302,336,14,0
2026-05-19 16:00:00+00:00,0.58302,0.58313,0.58259,0.58276,396,14,0
2026-05-19 16:15:00+00:00,0.58276,0.58341,0.58268,0.58334,354,14,0
2026-05-19 16:30:00+00:00,0.58332,0.58373,0.58332,0.58367,370,14,0
2026-05-19 16:45:00+00:00,0.58367,0.5837,0.5835,0.58365,267,14,0
2026-05-19 17:00:00+00:00,0.58363,0.58404,0.58363,0.58399,251,14,0
2026-05-19 17:15:00+00:00,0.58398,0.58406,0.58382,0.58388,229,14,0
2026-05-19 17:30:00+00:00,0.58388,0.58397,0.58362,0.58377,236,14,0
2026-05-19 17:45:00+00:00,0.58377,0.58391,0.58363,0.58383,225,14,0
2026-05-19 18:00:00+00:00,0.58383,0.58406,0.58381,0.58393,180,14,0
2026-05-19 18:15:00+00:00,0.58393,0.58394,0.58354,0.58354,261,14,0
2026-05-19 18:30:00+00:00,0.58355,0.58376,0.58341,0.58373,295,14,0
2026-05-19 18:45:00+00:00,0.58372,0.58372,0.58327,0.58339,224,14,0
2026-05-19 19:00:00+00:00,0.58339,0.58373,0.58338,0.58373,232,14,0
2026-05-19 19:15:00+00:00,0.58373,0.58373,0.58328,0.58343,212,14,0
2026-05-19 19:30:00+00:00,0.58343,0.5837,0.58338,0.58369,193,14,0
2026-05-19 19:45:00+00:00,0.58369,0.5837,0.58344,0.58358,208,14,0
2026-05-19 20:00:00+00:00,0.58356,0.58361,0.58346,0.58354,115,14,0
2026-05-19 20:15:00+00:00,0.58354,0.58354,0.58337,0.58343,85,14,0
2026-05-19 20:30:00+00:00,0.58345,0.58361,0.58345,0.5835,89,14,0
2026-05-19 20:45:00+00:00,0.5835,0.5835,0.58337,0.58344,121,14,0
2026-05-19 21:00:00+00:00,0.58343,0.58344,0.58327,0.58327,123,14,0
2026-05-19 21:15:00+00:00,0.58326,0.58334,0.58306,0.58327,260,40,0
2026-05-19 21:30:00+00:00,0.58327,0.58364,0.58315,0.58328,227,30,0
2026-05-19 21:45:00+00:00,0.58328,0.58375,0.58308,0.58367,225,22,0
2026-05-19 22:00:00+00:00,0.58367,0.5838,0.58334,0.58343,148,14,0
2026-05-19 22:15:00+00:00,0.58343,0.58352,0.58341,0.58349,102,14,0
2026-05-19 22:30:00+00:00,0.58349,0.58351,0.58341,0.58342,110,14,0
2026-05-19 22:45:00+00:00,0.58342,0.5835,0.58339,0.5835,77,14,0
2026-05-19 23:00:00+00:00,0.5835,0.58364,0.5835,0.58362,94,14,0
2026-05-19 23:15:00+00:00,0.58362,0.58373,0.5836,0.58367,84,14,0
2026-05-19 23:30:00+00:00,0.58368,0.58394,0.58367,0.58369,116,14,0
2026-05-19 23:45:00+00:00,0.58369,0.5837,0.58313,0.58319,144,14,0
2026-05-20 00:00:00+00:00,0.58316,0.58316,0.58269,0.58275,433,14,0
2026-05-20 00:15:00+00:00,0.58276,0.58301,0.58263,0.58268,364,14,0
2026-05-20 00:30:00+00:00,0.58269,0.58294,0.58244,0.58248,349,14,0
2026-05-20 00:45:00+00:00,0.58248,0.58262,0.58204,0.58209,340,14,0
2026-05-20 01:00:00+00:00,0.58209,0.58251,0.582,0.58213,399,14,0
2026-05-20 01:15:00+00:00,0.58213,0.58217,0.58157,0.58164,340,14,0
2026-05-20 01:30:00+00:00,0.58166,0.58189,0.58145,0.58183,401,14,0
2026-05-20 01:45:00+00:00,0.58183,0.58239,0.58173,0.58224,480,14,0
2026-05-20 02:00:00+00:00,0.58224,0.58259,0.58224,0.58249,306,14,0
2026-05-20 02:15:00+00:00,0.58249,0.58276,0.58232,0.58239,316,14,0
2026-05-20 02:30:00+00:00,0.58238,0.58239,0.58173,0.58208,495,14,0
2026-05-20 02:45:00+00:00,0.5821,0.58232,0.58204,0.58208,288,14,0
2026-05-20 03:00:00+00:00,0.58208,0.58242,0.58194,0.58213,271,14,0
2026-05-20 03:15:00+00:00,0.58213,0.58287,0.58213,0.58283,257,14,0
2026-05-20 03:30:00+00:00,0.58283,0.58343,0.58275,0.58331,336,14,0
2026-05-20 03:45:00+00:00,0.58333,0.58339,0.58314,0.58329,185,14,0
2026-05-20 04:00:00+00:00,0.58329,0.5838,0.58329,0.58373,297,14,0
2026-05-20 04:15:00+00:00,0.58373,0.58373,0.58324,0.58331,225,14,0
2026-05-20 04:30:00+00:00,0.58331,0.58333,0.58259,0.58293,265,14,0
2026-05-20 04:45:00+00:00,0.58294,0.58294,0.58267,0.58274,198,14,0
2026-05-20 05:00:00+00:00,0.58272,0.58322,0.58271,0.58294,261,14,0
2026-05-20 05:15:00+00:00,0.58294,0.58314,0.58276,0.5828,226,14,0
2026-05-20 05:30:00+00:00,0.58281,0.58321,0.5828,0.58285,292,14,0
2026-05-20 05:45:00+00:00,0.58285,0.58292,0.58253,0.58291,225,14,0
2026-05-20 06:00:00+00:00,0.58289,0.58314,0.58277,0.58313,358,14,0
2026-05-20 06:15:00+00:00,0.58316,0.58379,0.58316,0.58363,372,14,0
2026-05-20 06:30:00+00:00,0.58363,0.58367,0.5832,0.58331,247,14,0
2026-05-20 06:45:00+00:00,0.58331,0.5834,0.58309,0.58335,228,14,0
2026-05-20 07:00:00+00:00,0.58337,0.58399,0.58323,0.5837,352,14,0
2026-05-20 07:15:00+00:00,0.58372,0.58389,0.58355,0.58373,268,14,0
2026-05-20 07:30:00+00:00,0.58373,0.58375,0.58348,0.58348,265,14,0
2026-05-20 07:45:00+00:00,0.58348,0.5835,0.5833,0.58337,202,14,0
2026-05-20 08:00:00+00:00,0.58336,0.58393,0.5833,0.58347,363,14,0
2026-05-20 08:15:00+00:00,0.58347,0.58371,0.58327,0.58355,306,14,0
2026-05-20 08:30:00+00:00,0.58357,0.58409,0.58348,0.584,335,14,0
2026-05-20 08:45:00+00:00,0.58398,0.58415,0.58384,0.58384,261,14,0
2026-05-20 09:00:00+00:00,0.58383,0.58415,0.5838,0.58388,251,14,0
2026-05-20 09:15:00+00:00,0.58389,0.58396,0.58344,0.58367,218,14,0
2026-05-20 09:30:00+00:00,0.58366,0.58389,0.5835,0.58351,180,14,0
2026-05-20 09:45:00+00:00,0.58351,0.58374,0.58349,0.58359,192,14,0
2026-05-20 10:00:00+00:00,0.58357,0.58398,0.58356,0.58394,211,14,0
2026-05-20 10:15:00+00:00,0.58394,0.58414,0.58387,0.58399,204,14,0
2026-05-20 10:30:00+00:00,0.58399,0.58454,0.58399,0.58427,246,14,0
2026-05-20 10:45:00+00:00,0.58427,0.58445,0.58423,0.58439,222,14,0
2026-05-20 11:00:00+00:00,0.58439,0.58439,0.58418,0.58425,194,14,0
2026-05-20 11:15:00+00:00,0.58425,0.58475,0.58424,0.58475,175,14,0
2026-05-20 11:30:00+00:00,0.58475,0.58502,0.58468,0.58474,238,14,0
2026-05-20 11:45:00+00:00,0.58476,0.58482,0.58431,0.58459,302,14,0
2026-05-20 12:00:00+00:00,0.58459,0.58483,0.58452,0.58463,251,14,0
2026-05-20 12:15:00+00:00,0.58461,0.58461,0.58413,0.58438,286,14,0
2026-05-20 12:30:00+00:00,0.58438,0.58465,0.58426,0.58431,271,14,0
2026-05-20 12:45:00+00:00,0.58432,0.58437,0.58394,0.58403,191,14,0
2026-05-20 13:00:00+00:00,0.58404,0.58422,0.58391,0.58411,297,14,0
2026-05-20 13:15:00+00:00,0.58411,0.58413,0.58371,0.58376,296,14,0
2026-05-20 13:30:00+00:00,0.58376,0.58429,0.58367,0.58421,423,14,0
2026-05-20 13:45:00+00:00,0.58423,0.58455,0.58373,0.58386,466,14,0
2026-05-20 14:00:00+00:00,0.58388,0.58412,0.58346,0.58391,499,14,0
2026-05-20 14:15:00+00:00,0.58393,0.5858,0.58393,0.58562,1160,14,0
2026-05-20 14:30:00+00:00,0.58564,0.58639,0.58563,0.58621,724,14,0
2026-05-20 14:45:00+00:00,0.58623,0.58691,0.58604,0.58685,603,14,0
2026-05-20 15:00:00+00:00,0.58683,0.58725,0.5863,0.58644,501,14,0
2026-05-20 15:15:00+00:00,0.58642,0.58873,0.5864,0.587,1384,14,0
2026-05-20 15:30:00+00:00,0.58702,0.58799,0.58702,0.58749,609,14,0
2026-05-20 15:45:00+00:00,0.58751,0.58757,0.58674,0.58681,447,14,0
2026-05-20 16:00:00+00:00,0.58682,0.58757,0.58677,0.58741,368,14,0
2026-05-20 16:15:00+00:00,0.58741,0.58751,0.58667,0.58685,493,14,0
2026-05-20 16:30:00+00:00,0.58686,0.58709,0.5865,0.58709,435,14,0
2026-05-20 16:45:00+00:00,0.58712,0.58729,0.58685,0.58704,447,14,0
2026-05-20 17:00:00+00:00,0.58703,0.58715,0.58679,0.58707,419,14,0
2026-05-20 17:15:00+00:00,0.58706,0.5872,0.58681,0.58708,380,14,0
2026-05-20 17:30:00+00:00,0.5871,0.58729,0.5868,0.58681,379,14,0
2026-05-20 17:45:00+00:00,0.58682,0.587,0.58671,0.58672,234,14,0
2026-05-20 18:00:00+00:00,0.5867,0.58704,0.58654,0.58699,303,14,0
2026-05-20 18:15:00+00:00,0.58698,0.58727,0.58692,0.58722,317,14,0
2026-05-20 18:30:00+00:00,0.58722,0.58746,0.58695,0.58695,265,14,0
2026-05-20 18:45:00+00:00,0.58692,0.58759,0.58692,0.58729,275,14,0
2026-05-20 19:00:00+00:00,0.5873,0.58772,0.5873,0.58739,238,14,0
2026-05-20 19:15:00+00:00,0.58739,0.58758,0.58738,0.58754,182,14,0
2026-05-20 19:30:00+00:00,0.58754,0.58772,0.58735,0.5874,214,14,0
2026-05-20 19:45:00+00:00,0.5874,0.58745,0.5872,0.58733,247,14,0
2026-05-20 20:00:00+00:00,0.58731,0.58732,0.5872,0.58723,168,14,0
2026-05-20 20:15:00+00:00,0.58725,0.58725,0.58704,0.58717,221,14,0
2026-05-20 20:30:00+00:00,0.58717,0.58722,0.58701,0.58701,152,14,0
2026-05-20 20:45:00+00:00,0.587,0.587,0.58685,0.58686,143,14,0
2026-05-20 21:00:00+00:00,0.58687,0.58689,0.58608,0.58625,214,28,0
2026-05-20 21:15:00+00:00,0.58627,0.5866,0.58625,0.5866,491,66,0
2026-05-20 21:30:00+00:00,0.58659,0.58687,0.58655,0.58682,292,24,0
2026-05-20 21:45:00+00:00,0.58681,0.58692,0.58647,0.58678,225,24,0
2026-05-20 22:00:00+00:00,0.58683,0.58695,0.58673,0.58695,167,14,0
2026-05-20 22:15:00+00:00,0.58695,0.587,0.58679,0.58688,101,14,0
2026-05-20 22:30:00+00:00,0.58688,0.58697,0.58685,0.58695,81,14,0
2026-05-20 22:45:00+00:00,0.58695,0.58695,0.58686,0.58695,75,14,0
2026-05-20 23:00:00+00:00,0.58695,0.58698,0.58685,0.5869,55,14,0
2026-05-20 23:15:00+00:00,0.5869,0.58691,0.58672,0.58676,75,14,0
2026-05-20 23:30:00+00:00,0.58676,0.58677,0.58661,0.58665,100,14,0
2026-05-20 23:45:00+00:00,0.58665,0.58687,0.58662,0.58666,182,14,0
2026-05-21 00:00:00+00:00,0.58669,0.58669,0.58614,0.58623,313,14,0
2026-05-21 00:15:00+00:00,0.58624,0.58641,0.58597,0.58636,292,14,0
2026-05-21 00:30:00+00:00,0.58636,0.58638,0.58619,0.58632,232,14,0
2026-05-21 00:45:00+00:00,0.58632,0.5865,0.58624,0.58625,229,14,0
2026-05-21 01:00:00+00:00,0.58625,0.58687,0.58624,0.58675,245,14,0
2026-05-21 01:15:00+00:00,0.58676,0.58689,0.58659,0.58659,197,14,0
2026-05-21 01:30:00+00:00,0.58657,0.58737,0.58639,0.58706,411,14,0
2026-05-21 01:45:00+00:00,0.58706,0.58709,0.58573,0.58579,533,14,0
2026-05-21 02:00:00+00:00,0.58579,0.58636,0.58576,0.5859,425,14,0
2026-05-21 02:15:00+00:00,0.5859,0.58591,0.5853,0.58551,353,14,0
2026-05-21 02:30:00+00:00,0.5855,0.58581,0.58525,0.58548,369,14,0
2026-05-21 02:45:00+00:00,0.58548,0.58559,0.58497,0.58554,297,14,0
2026-05-21 03:00:00+00:00,0.58556,0.58579,0.58546,0.58553,257,14,0
2026-05-21 03:15:00+00:00,0.58551,0.58585,0.58546,0.58572,202,14,0
2026-05-21 03:30:00+00:00,0.5857,0.58593,0.58563,0.58591,169,14,0
2026-05-21 03:45:00+00:00,0.58591,0.58596,0.58571,0.58586,161,14,0
2026-05-21 04:00:00+00:00,0.58585,0.58606,0.5858,0.586,162,14,0
2026-05-21 04:15:00+00:00,0.586,0.58632,0.58598,0.58625,135,14,0
2026-05-21 04:30:00+00:00,0.58626,0.58636,0.58607,0.58626,159,14,0
2026-05-21 04:45:00+00:00,0.58626,0.58638,0.58617,0.58628,184,14,0
2026-05-21 05:00:00+00:00,0.58628,0.58641,0.58598,0.58606,221,14,0
2026-05-21 05:15:00+00:00,0.58606,0.58611,0.58581,0.58589,222,14,0
2026-05-21 05:30:00+00:00,0.58592,0.58606,0.58583,0.5859,262,14,0
2026-05-21 05:45:00+00:00,0.58589,0.58614,0.58554,0.58608,293,14,0
2026-05-21 06:00:00+00:00,0.58608,0.58625,0.58595,0.58612,298,14,0
2026-05-21 06:15:00+00:00,0.58611,0.58618,0.58563,0.58594,369,14,0
2026-05-21 06:30:00+00:00,0.58594,0.58595,0.5851,0.58528,342,14,0
2026-05-21 06:45:00+00:00,0.58528,0.58555,0.5852,0.58547,258,14,0
2026-05-21 07:00:00+00:00,0.58548,0.58569,0.58528,0.58565,327,14,0
2026-05-21 07:15:00+00:00,0.58565,0.58565,0.58491,0.58499,469,14,0
2026-05-21 07:30:00+00:00,0.58501,0.58572,0.58501,0.5857,357,14,0
2026-05-21 07:45:00+00:00,0.58569,0.58614,0.58569,0.58584,263,14,0
2026-05-21 08:00:00+00:00,0.58582,0.58691,0.58573,0.58691,423,14,0
2026-05-21 08:15:00+00:00,0.58691,0.5873,0.58643,0.58713,528,14,0
2026-05-21 08:30:00+00:00,0.58715,0.58715,0.58653,0.58655,428,14,0
2026-05-21 08:45:00+00:00,0.58655,0.5869,0.58642,0.58647,392,14,0
2026-05-21 09:00:00+00:00,0.58645,0.587,0.58636,0.58691,329,14,0
2026-05-21 09:15:00+00:00,0.58691,0.58729,0.5868,0.58723,289,14,0
2026-05-21 09:30:00+00:00,0.58723,0.58734,0.58678,0.58681,298,14,0
2026-05-21 09:45:00+00:00,0.58681,0.58692,0.58668,0.58692,225,14,0
2026-05-21 10:00:00+00:00,0.58692,0.58705,0.58677,0.58677,241,14,0
2026-05-21 10:15:00+00:00,0.58677,0.58686,0.58552,0.58569,523,14,0
2026-05-21 10:30:00+00:00,0.58567,0.58567,0.58486,0.58535,648,14,0
2026-05-21 10:45:00+00:00,0.58536,0.58565,0.58511,0.58537,531,14,0
2026-05-21 11:00:00+00:00,0.58535,0.58594,0.58535,0.58593,416,14,0
2026-05-21 11:15:00+00:00,0.58593,0.58644,0.58589,0.58619,361,14,0
2026-05-21 11:30:00+00:00,0.58619,0.58631,0.58574,0.5859,251,14,0
2026-05-21 11:45:00+00:00,0.58589,0.58594,0.58532,0.58549,270,14,0
2026-05-21 12:00:00+00:00,0.58549,0.58577,0.58547,0.58574,344,14,0
2026-05-21 12:15:00+00:00,0.58574,0.58575,0.58529,0.58537,323,14,0
2026-05-21 12:30:00+00:00,0.58536,0.5862,0.58536,0.58591,630,14,0
2026-05-21 12:45:00+00:00,0.5859,0.58606,0.58524,0.58526,405,14,0
2026-05-21 13:00:00+00:00,0.58528,0.58553,0.585,0.58519,430,14,0
2026-05-21 13:15:00+00:00,0.58519,0.58529,0.58485,0.58521,347,14,0
2026-05-21 13:30:00+00:00,0.58523,0.58526,0.5846,0.58462,493,14,0
2026-05-21 13:45:00+00:00,0.58464,0.58602,0.58464,0.58576,688,14,0
2026-05-21 14:00:00+00:00,0.58578,0.58586,0.58542,0.58572,535,14,0
2026-05-21 14:15:00+00:00,0.58574,0.58576,0.58519,0.58563,510,14,0
2026-05-21 14:30:00+00:00,0.58564,0.58605,0.58558,0.5858,424,14,0
2026-05-21 14:45:00+00:00,0.58578,0.5863,0.58577,0.58603,460,14,0
2026-05-21 15:00:00+00:00,0.58604,0.58608,0.58501,0.58556,611,14,0
2026-05-21 15:15:00+00:00,0.58558,0.58563,0.58522,0.58529,403,14,0
2026-05-21 15:30:00+00:00,0.5853,0.58559,0.58517,0.58531,403,14,0
2026-05-21 15:45:00+00:00,0.58533,0.58554,0.58533,0.58548,307,14,0
2026-05-21 16:00:00+00:00,0.5855,0.58598,0.58548,0.58576,427,14,0
2026-05-21 16:15:00+00:00,0.58577,0.58592,0.5856,0.58591,304,14,0
2026-05-21 16:30:00+00:00,0.58591,0.58601,0.58575,0.58583,266,14,0
2026-05-21 16:45:00+00:00,0.58583,0.58598,0.58563,0.58595,247,14,0
2026-05-21 17:00:00+00:00,0.58597,0.58671,0.58576,0.58664,523,14,0
2026-05-21 17:15:00+00:00,0.58665,0.58801,0.58665,0.5879,866,14,0
2026-05-21 17:30:00+00:00,0.5879,0.58843,0.58766,0.58843,550,14,0
2026-05-21 17:45:00+00:00,0.58844,0.58874,0.58805,0.58825,516,14,0
2026-05-21 18:00:00+00:00,0.58822,0.58862,0.58766,0.58781,604,14,0
2026-05-21 18:15:00+00:00,0.58781,0.58818,0.5877,0.58804,413,14,0
2026-05-21 18:30:00+00:00,0.58806,0.58817,0.58791,0.58798,304,14,0
2026-05-21 18:45:00+00:00,0.58798,0.58804,0.58663,0.58694,659,14,0
2026-05-21 19:00:00+00:00,0.58694,0.5874,0.5869,0.58729,418,14,0
2026-05-21 19:15:00+00:00,0.5873,0.58766,0.58729,0.58762,264,14,0
2026-05-21 19:30:00+00:00,0.58761,0.58791,0.58755,0.58755,262,14,0
2026-05-21 19:45:00+00:00,0.58755,0.58785,0.58716,0.58767,367,14,0
2026-05-21 20:00:00+00:00,0.58766,0.58774,0.58728,0.58736,163,14,0
2026-05-21 20:15:00+00:00,0.58736,0.58748,0.58727,0.58744,116,14,0
2026-05-21 20:30:00+00:00,0.58742,0.58745,0.58734,0.58736,81,14,0
2026-05-21 20:45:00+00:00,0.58736,0.58745,0.58725,0.58731,117,14,0
2026-05-21 21:00:00+00:00,0.58732,0.58732,0.58701,0.58711,183,24,0
2026-05-21 21:15:00+00:00,0.58712,0.58717,0.58688,0.58702,449,84,0
2026-05-21 21:30:00+00:00,0.58702,0.58726,0.58699,0.58715,304,74,0
2026-05-21 21:45:00+00:00,0.58717,0.58748,0.58698,0.58698,202,24,0
2026-05-21 22:00:00+00:00,0.58699,0.58752,0.58699,0.5875,125,14,0
2026-05-21 22:15:00+00:00,0.5875,0.58758,0.58744,0.58744,49,14,0
2026-05-21 22:30:00+00:00,0.58744,0.58759,0.58738,0.58757,97,14,0
2026-05-21 22:45:00+00:00,0.58758,0.58779,0.58758,0.58775,88,14,0
2026-05-21 23:00:00+00:00,0.58775,0.5879,0.5876,0.58764,93,14,0
2026-05-21 23:15:00+00:00,0.58764,0.58768,0.58747,0.58768,82,14,0
2026-05-21 23:30:00+00:00,0.58766,0.5877,0.58755,0.58755,71,14,0
2026-05-21 23:45:00+00:00,0.58755,0.58789,0.58755,0.58769,143,14,0
2026-05-22 00:00:00+00:00,0.5877,0.58773,0.58721,0.58725,323,14,0
2026-05-22 00:15:00+00:00,0.58726,0.5873,0.5871,0.58726,242,14,0
2026-05-22 00:30:00+00:00,0.58726,0.58735,0.58706,0.58731,198,14,0
2026-05-22 00:45:00+00:00,0.58732,0.5874,0.58721,0.58722,183,14,0
2026-05-22 01:00:00+00:00,0.58722,0.58724,0.5869,0.5871,233,14,0
2026-05-22 01:15:00+00:00,0.5871,0.58731,0.58698,0.58726,237,14,0
2026-05-22 01:30:00+00:00,0.58725,0.58745,0.58706,0.58743,250,14,0
2026-05-22 01:45:00+00:00,0.58743,0.58774,0.58717,0.58717,230,14,0
2026-05-22 02:00:00+00:00,0.58716,0.58741,0.58716,0.58721,183,14,0
2026-05-22 02:15:00+00:00,0.58721,0.58732,0.58716,0.58726,149,14,0
2026-05-22 02:30:00+00:00,0.58725,0.58755,0.58722,0.58749,171,14,0
2026-05-22 02:45:00+00:00,0.58749,0.58753,0.58711,0.58732,170,14,0
2026-05-22 03:00:00+00:00,0.58731,0.5874,0.58691,0.58691,162,14,0
2026-05-22 03:15:00+00:00,0.58691,0.58711,0.5869,0.58706,171,14,0
2026-05-22 03:30:00+00:00,0.58706,0.58713,0.58699,0.587,110,14,0
2026-05-22 03:45:00+00:00,0.587,0.58714,0.5869,0.58713,101,14,0
2026-05-22 04:00:00+00:00,0.58713,0.58743,0.58713,0.58736,162,14,0
2026-05-22 04:15:00+00:00,0.58737,0.58742,0.58729,0.58734,96,14,0
2026-05-22 04:30:00+00:00,0.58735,0.58735,0.58716,0.58725,108,14,0
2026-05-22 04:45:00+00:00,0.58725,0.58735,0.5872,0.58735,121,14,0
2026-05-22 05:00:00+00:00,0.58734,0.58753,0.5873,0.58744,162,14,0
2026-05-22 05:15:00+00:00,0.58744,0.58747,0.58733,0.58739,136,14,0
2026-05-22 05:30:00+00:00,0.58738,0.58754,0.58729,0.58735,170,14,0
2026-05-22 05:45:00+00:00,0.58737,0.58762,0.58685,0.58696,256,14,0
2026-05-22 06:00:00+00:00,0.58694,0.58719,0.58685,0.58708,315,14,0
2026-05-22 06:15:00+00:00,0.58705,0.58705,0.58662,0.58682,305,14,0
2026-05-22 06:30:00+00:00,0.58682,0.58691,0.58656,0.58667,245,14,0
2026-05-22 06:45:00+00:00,0.58667,0.58668,0.58648,0.58659,220,14,0
2026-05-22 07:00:00+00:00,0.5866,0.58662,0.58585,0.58594,297,14,0
2026-05-22 07:15:00+00:00,0.58594,0.58617,0.58589,0.5861,228,14,0
2026-05-22 07:30:00+00:00,0.5861,0.58615,0.58587,0.58612,254,14,0
2026-05-22 07:45:00+00:00,0.58612,0.58628,0.58595,0.58627,204,14,0
2026-05-22 08:00:00+00:00,0.58629,0.58633,0.58601,0.58606,255,14,0
2026-05-22 08:15:00+00:00,0.58606,0.58693,0.58605,0.58633,389,14,0
2026-05-22 08:30:00+00:00,0.58636,0.58648,0.5858,0.58616,415,14,0
2026-05-22 08:45:00+00:00,0.58616,0.58632,0.58602,0.58606,253,14,0
2026-05-22 09:00:00+00:00,0.58606,0.58606,0.58547,0.58548,309,14,0
2026-05-22 09:15:00+00:00,0.58548,0.58561,0.5853,0.5855,208,14,0
2026-05-22 09:30:00+00:00,0.58551,0.58564,0.58538,0.58545,223,14,0
2026-05-22 09:45:00+00:00,0.58545,0.58569,0.58544,0.58555,191,14,0
2026-05-22 10:00:00+00:00,0.58555,0.5858,0.58549,0.58559,196,14,0
2026-05-22 10:15:00+00:00,0.58558,0.58579,0.58548,0.58548,185,14,0
2026-05-22 10:30:00+00:00,0.58547,0.58556,0.58511,0.58552,262,14,0
2026-05-22 10:45:00+00:00,0.58552,0.58552,0.58525,0.58529,160,14,0
2026-05-22 11:00:00+00:00,0.58529,0.58537,0.58505,0.58509,202,14,0
2026-05-22 11:15:00+00:00,0.58509,0.58526,0.585,0.58518,169,14,0
2026-05-22 11:30:00+00:00,0.58517,0.58521,0.58495,0.58513,193,14,0
2026-05-22 11:45:00+00:00,0.58512,0.58551,0.58512,0.58523,291,14,0
2026-05-22 12:00:00+00:00,0.58523,0.586,0.58495,0.58576,462,14,0
2026-05-22 12:15:00+00:00,0.58574,0.58598,0.58515,0.5852,474,14,0
2026-05-22 12:30:00+00:00,0.5852,0.58543,0.58506,0.58525,291,14,0
2026-05-22 12:45:00+00:00,0.58523,0.58584,0.58523,0.58584,249,14,0
2026-05-22 13:00:00+00:00,0.58586,0.58672,0.58573,0.58638,526,14,0
2026-05-22 13:15:00+00:00,0.58638,0.58645,0.58583,0.58594,394,14,0
2026-05-22 13:30:00+00:00,0.58594,0.58603,0.58537,0.58551,495,14,0
2026-05-22 13:45:00+00:00,0.5855,0.58556,0.58505,0.58542,340,14,0
2026-05-22 14:00:00+00:00,0.58539,0.58541,0.58449,0.58467,566,14,0
2026-05-22 14:15:00+00:00,0.58465,0.58477,0.58441,0.58476,397,14,0
2026-05-22 14:30:00+00:00,0.58478,0.58506,0.58469,0.58503,366,14,0
2026-05-22 14:45:00+00:00,0.58503,0.58527,0.58459,0.58502,362,14,0
2026-05-22 15:00:00+00:00,0.58499,0.58543,0.58479,0.58524,414,14,0
2026-05-22 15:15:00+00:00,0.58524,0.58537,0.58506,0.58529,277,14,0
2026-05-22 15:30:00+00:00,0.58531,0.58546,0.58523,0.58535,313,14,0
2026-05-22 15:45:00+00:00,0.58535,0.58549,0.5852,0.58534,261,14,0
2026-05-22 16:00:00+00:00,0.58535,0.58559,0.58515,0.58552,326,14,0
2026-05-22 16:15:00+00:00,0.58549,0.58576,0.58536,0.58574,262,14,0
2026-05-22 16:30:00+00:00,0.58574,0.58588,0.58553,0.58559,242,14,0
2026-05-22 16:45:00+00:00,0.58559,0.5858,0.58559,0.58576,249,14,0
2026-05-22 17:00:00+00:00,0.58577,0.58604,0.58575,0.58598,216,14,0
2026-05-22 17:15:00+00:00,0.58598,0.58625,0.58563,0.5862,448,14,0
2026-05-22 17:30:00+00:00,0.58622,0.58642,0.58594,0.58594,438,14,0
2026-05-22 17:45:00+00:00,0.58594,0.58608,0.58583,0.58595,239,14,0
2026-05-22 18:00:00+00:00,0.58595,0.586,0.58567,0.58586,308,14,0
2026-05-22 18:15:00+00:00,0.58586,0.5859,0.58576,0.58578,191,14,0
2026-05-22 18:30:00+00:00,0.58576,0.586,0.58563,0.58579,183,14,0
2026-05-22 18:45:00+00:00,0.58579,0.58586,0.58568,0.58577,160,14,0
2026-05-22 19:00:00+00:00,0.58577,0.58579,0.58539,0.58552,225,14,0
2026-05-22 19:15:00+00:00,0.58552,0.58563,0.58538,0.58538,127,14,0
2026-05-22 19:30:00+00:00,0.58538,0.58543,0.58531,0.58535,195,14,0
2026-05-22 19:45:00+00:00,0.58535,0.58542,0.58523,0.58533,193,14,0
2026-05-22 20:00:00+00:00,0.58532,0.58539,0.58525,0.58533,95,14,0
2026-05-22 20:15:00+00:00,0.58533,0.58533,0.58515,0.58515,76,14,0
2026-05-22 20:30:00+00:00,0.58515,0.58515,0.58492,0.58494,189,14,0
2026-05-22 20:45:00+00:00,0.58493,0.58503,0.58463,0.58491,179,14,0
2026-05-24 21:00:00+00:00,0.58509,0.58573,0.58509,0.58573,66,302,0
2026-05-24 21:15:00+00:00,0.58575,0.58671,0.58575,0.58671,103,135,0
2026-05-24 21:30:00+00:00,0.58672,0.58692,0.58672,0.58692,44,60,0
2026-05-24 21:45:00+00:00,0.58692,0.587,0.58672,0.58683,81,60,0
2026-05-24 22:00:00+00:00,0.58683,0.58736,0.58682,0.58724,231,24,0
2026-05-24 22:15:00+00:00,0.58724,0.58739,0.58712,0.58719,173,24,0
2026-05-24 22:30:00+00:00,0.58719,0.58754,0.58718,0.58753,192,14,0
2026-05-24 22:45:00+00:00,0.58753,0.5878,0.58749,0.58768,165,14,0
2026-05-24 23:00:00+00:00,0.58768,0.58795,0.58768,0.5878,132,14,0
2026-05-24 23:15:00+00:00,0.5878,0.58782,0.58765,0.58767,85,14,0
2026-05-24 23:30:00+00:00,0.58767,0.58771,0.58755,0.58755,126,14,0
2026-05-24 23:45:00+00:00,0.58755,0.58758,0.58715,0.58717,177,14,0
2026-05-25 00:00:00+00:00,0.58717,0.58725,0.5869,0.5872,227,14,0
2026-05-25 00:15:00+00:00,0.5872,0.58748,0.58706,0.58748,206,14,0
2026-05-25 00:30:00+00:00,0.58749,0.58763,0.58723,0.58726,173,14,0
2026-05-25 00:45:00+00:00,0.58726,0.58791,0.58707,0.58719,325,14,0
2026-05-25 01:00:00+00:00,0.58718,0.58785,0.58718,0.58785,341,14,0
2026-05-25 01:15:00+00:00,0.58785,0.5881,0.5877,0.5881,256,14,0
2026-05-25 01:30:00+00:00,0.58808,0.58808,0.58762,0.58763,243,14,0
2026-05-25 01:45:00+00:00,0.58763,0.58776,0.5874,0.5874,189,14,0
2026-05-25 02:00:00+00:00,0.58742,0.58773,0.5874,0.58752,185,14,0
2026-05-25 02:15:00+00:00,0.58753,0.58775,0.58745,0.58766,172,14,0
2026-05-25 02:30:00+00:00,0.58767,0.58771,0.58744,0.58753,123,14,0
2026-05-25 02:45:00+00:00,0.58753,0.58755,0.58708,0.58718,164,14,0
2026-05-25 03:00:00+00:00,0.58718,0.58732,0.58706,0.58717,156,14,0
2026-05-25 03:15:00+00:00,0.58717,0.58725,0.58705,0.58715,181,14,0
2026-05-25 03:30:00+00:00,0.58715,0.58723,0.58703,0.58704,162,14,0
2026-05-25 03:45:00+00:00,0.58704,0.58704,0.58682,0.58695,167,14,0
2026-05-25 04:00:00+00:00,0.58695,0.58709,0.5869,0.5869,137,14,0
2026-05-25 04:15:00+00:00,0.5869,0.58724,0.58688,0.58722,136,14,0
2026-05-25 04:30:00+00:00,0.58722,0.58755,0.58719,0.5875,130,14,0
2026-05-25 04:45:00+00:00,0.5875,0.58771,0.58749,0.58756,123,14,0
2026-05-25 05:00:00+00:00,0.58754,0.58777,0.58752,0.58768,180,14,0
2026-05-25 05:15:00+00:00,0.58768,0.58772,0.58747,0.58748,100,14,0
2026-05-25 05:30:00+00:00,0.58748,0.58771,0.58742,0.58766,133,14,0
2026-05-25 05:45:00+00:00,0.58766,0.58771,0.58724,0.58734,158,14,0
2026-05-25 06:00:00+00:00,0.58732,0.58753,0.58723,0.58746,194,14,0
2026-05-25 06:15:00+00:00,0.58746,0.58746,0.58717,0.58725,168,14,0
2026-05-25 06:30:00+00:00,0.58725,0.58748,0.5872,0.58725,196,14,0
2026-05-25 06:45:00+00:00,0.58725,0.58745,0.58723,0.58731,193,14,0
2026-05-25 07:00:00+00:00,0.58733,0.58733,0.58679,0.58693,242,14,0
2026-05-25 07:15:00+00:00,0.58694,0.58694,0.58617,0.58656,365,14,0
2026-05-25 07:30:00+00:00,0.58656,0.58703,0.58656,0.5868,301,14,0
2026-05-25 07:45:00+00:00,0.58679,0.58687,0.5867,0.58687,185,14,0
2026-05-25 08:00:00+00:00,0.58687,0.58707,0.58661,0.58695,210,14,0
2026-05-25 08:15:00+00:00,0.58694,0.58706,0.58681,0.58681,157,14,0
2026-05-25 08:30:00+00:00,0.58681,0.58716,0.58678,0.58699,172,14,0
2026-05-25 08:45:00+00:00,0.58699,0.58716,0.58696,0.58713,128,14,0
2026-05-25 09:00:00+00:00,0.58714,0.58733,0.58713,0.58715,127,14,0
2026-05-25 09:15:00+00:00,0.58715,0.58719,0.58704,0.58704,94,14,0
2026-05-25 09:30:00+00:00,0.58704,0.5872,0.58702,0.5872,105,14,0
2026-05-25 09:45:00+00:00,0.5872,0.58722,0.58696,0.58697,90,14,0
2026-05-25 10:00:00+00:00,0.58696,0.58706,0.58696,0.58701,120,14,0
2026-05-25 10:15:00+00:00,0.58701,0.58707,0.58686,0.58686,81,14,0
2026-05-25 10:30:00+00:00,0.58686,0.58697,0.5868,0.58697,81,14,0
2026-05-25 10:45:00+00:00,0.58697,0.58701,0.58683,0.58689,113,14,0
2026-05-25 11:00:00+00:00,0.5869,0.58703,0.58669,0.58697,113,14,0
2026-05-25 11:15:00+00:00,0.58697,0.58717,0.58697,0.58715,82,14,0
2026-05-25 11:30:00+00:00,0.58715,0.58765,0.58713,0.58764,199,14,0
2026-05-25 11:45:00+00:00,0.58764,0.58774,0.58734,0.58734,184,14,0
2026-05-25 12:00:00+00:00,0.58734,0.5875,0.58722,0.58743,165,14,0
2026-05-25 12:15:00+00:00,0.58744,0.58755,0.58732,0.58743,188,14,0
2026-05-25 12:30:00+00:00,0.58743,0.58777,0.58743,0.58777,137,14,0
2026-05-25 12:45:00+00:00,0.58777,0.58781,0.58744,0.58747,189,14,0
2026-05-25 13:00:00+00:00,0.58745,0.5876,0.58741,0.58748,173,14,0
2026-05-25 13:15:00+00:00,0.58748,0.58748,0.58728,0.58741,162,14,0
2026-05-25 13:30:00+00:00,0.58741,0.58745,0.58712,0.58712,177,14,0
2026-05-25 13:45:00+00:00,0.58712,0.58722,0.58695,0.58696,196,14,0
2026-05-25 14:00:00+00:00,0.58696,0.58722,0.58696,0.58703,136,14,0
2026-05-25 14:15:00+00:00,0.58703,0.58727,0.58703,0.58717,144,14,0
2026-05-25 14:30:00+00:00,0.58717,0.58742,0.58706,0.58742,126,14,0
2026-05-25 14:45:00+00:00,0.58742,0.58751,0.58728,0.58747,194,14,0
2026-05-25 15:00:00+00:00,0.58746,0.58772,0.5871,0.5874,346,14,0
2026-05-25 15:15:00+00:00,0.5874,0.58753,0.5873,0.58742,219,14,0
2026-05-25 15:30:00+00:00,0.58741,0.58751,0.58732,0.5875,147,14,0
2026-05-25 15:45:00+00:00,0.5875,0.58757,0.58721,0.58724,132,14,0
2026-05-25 16:00:00+00:00,0.58724,0.58724,0.58697,0.58709,119,14,0
2026-05-25 16:15:00+00:00,0.58709,0.58715,0.58695,0.58702,91,14,0
2026-05-25 16:30:00+00:00,0.58702,0.58702,0.58684,0.58696,93,14,0
2026-05-25 16:45:00+00:00,0.58696,0.58722,0.58696,0.58719,140,14,0
2026-05-25 17:00:00+00:00,0.58718,0.58719,0.58711,0.58714,57,14,0
2026-05-25 17:15:00+00:00,0.58714,0.58734,0.58714,0.58732,59,14,0
2026-05-25 17:30:00+00:00,0.58732,0.58734,0.58724,0.58732,55,14,0
2026-05-25 17:45:00+00:00,0.58732,0.58732,0.58722,0.58728,49,14,0
2026-05-25 18:00:00+00:00,0.58728,0.58735,0.58724,0.58734,47,14,0
2026-05-25 18:15:00+00:00,0.58734,0.58734,0.58721,0.58721,36,14,0
2026-05-25 18:30:00+00:00,0.58721,0.58722,0.58708,0.58711,35,14,0
2026-05-25 18:45:00+00:00,0.58711,0.58722,0.58711,0.58717,47,14,0
2026-05-25 19:00:00+00:00,0.58717,0.5872,0.58712,0.58713,36,14,0
2026-05-25 19:15:00+00:00,0.58713,0.58718,0.58712,0.58717,36,14,0
2026-05-25 19:30:00+00:00,0.58717,0.58722,0.58715,0.58722,31,14,0
2026-05-25 19:45:00+00:00,0.58722,0.58727,0.58718,0.58725,41,14,0
2026-05-25 20:00:00+00:00,0.58725,0.58732,0.58723,0.58727,40,14,0
2026-05-25 20:15:00+00:00,0.58727,0.58733,0.58717,0.58733,40,14,0
2026-05-25 20:30:00+00:00,0.58733,0.58738,0.58714,0.58718,58,14,0
2026-05-25 20:45:00+00:00,0.58718,0.58728,0.58716,0.58725,80,14,0
2026-05-25 21:00:00+00:00,0.58726,0.58726,0.58665,0.58665,127,14,0
2026-05-25 21:15:00+00:00,0.58664,0.58684,0.58663,0.58667,167,70,0
2026-05-25 21:30:00+00:00,0.58666,0.58693,0.58659,0.58675,292,18,0
2026-05-25 21:45:00+00:00,0.58675,0.58691,0.58655,0.58685,289,25,0
2026-05-25 22:00:00+00:00,0.58693,0.58705,0.58685,0.58694,114,14,0
2026-05-25 22:15:00+00:00,0.58694,0.58698,0.58684,0.58698,46,14,0
2026-05-25 22:30:00+00:00,0.58697,0.58703,0.58692,0.58703,77,14,0
2026-05-25 22:45:00+00:00,0.58702,0.58713,0.58699,0.58703,73,14,0
2026-05-25 23:00:00+00:00,0.58703,0.58709,0.58698,0.587,103,14,0
2026-05-25 23:15:00+00:00,0.587,0.58706,0.58678,0.58679,94,14,0
2026-05-25 23:30:00+00:00,0.58679,0.58682,0.58622,0.58628,130,14,0
2026-05-25 23:45:00+00:00,0.58628,0.58645,0.58602,0.58606,203,14,0
2026-05-26 00:00:00+00:00,0.58606,0.58612,0.58577,0.58585,361,14,0
2026-05-26 00:15:00+00:00,0.58585,0.58592,0.58548,0.58568,250,14,0
2026-05-26 00:30:00+00:00,0.58568,0.58586,0.58557,0.58577,206,14,0
2026-05-26 00:45:00+00:00,0.58577,0.58597,0.58567,0.58588,201,14,0
2026-05-26 01:00:00+00:00,0.58587,0.58598,0.58567,0.58583,247,14,0
2026-05-26 01:15:00+00:00,0.58583,0.58593,0.58555,0.58561,262,14,0
2026-05-26 01:30:00+00:00,0.58561,0.58568,0.58499,0.58508,276,14,0
2026-05-26 01:45:00+00:00,0.58508,0.58531,0.58507,0.58515,210,14,0
2026-05-26 02:00:00+00:00,0.58516,0.58542,0.58509,0.58517,199,14,0
2026-05-26 02:15:00+00:00,0.58517,0.5853,0.58512,0.58516,176,14,0
2026-05-26 02:30:00+00:00,0.58517,0.58519,0.58481,0.58483,189,14,0
2026-05-26 02:45:00+00:00,0.58483,0.58516,0.58473,0.58509,127,14,0
2026-05-26 03:00:00+00:00,0.58509,0.58541,0.58508,0.58536,145,14,0
2026-05-26 03:15:00+00:00,0.58534,0.58578,0.58533,0.58554,150,14,0
2026-05-26 03:30:00+00:00,0.58554,0.58563,0.58553,0.58562,88,14,0
2026-05-26 03:45:00+00:00,0.58562,0.58562,0.58538,0.58553,92,14,0
2026-05-26 04:00:00+00:00,0.58553,0.58553,0.58531,0.58545,112,14,0
2026-05-26 04:15:00+00:00,0.58545,0.58545,0.58527,0.58528,79,14,0
2026-05-26 04:30:00+00:00,0.58528,0.58535,0.58501,0.58504,120,14,0
2026-05-26 04:45:00+00:00,0.58503,0.58511,0.58491,0.58492,125,14,0
2026-05-26 05:00:00+00:00,0.58491,0.58492,0.58465,0.58478,178,14,0
2026-05-26 05:15:00+00:00,0.58478,0.58485,0.58463,0.58475,132,14,0
2026-05-26 05:30:00+00:00,0.58475,0.58485,0.58468,0.58477,139,14,0
2026-05-26 05:45:00+00:00,0.58477,0.58478,0.58447,0.58454,158,14,0
2026-05-26 06:00:00+00:00,0.58454,0.58494,0.58444,0.58493,208,14,0
2026-05-26 06:15:00+00:00,0.58493,0.58537,0.58478,0.58505,253,14,0
2026-05-26 06:30:00+00:00,0.58503,0.58533,0.58493,0.58532,249,14,0
2026-05-26 06:45:00+00:00,0.58531,0.58532,0.58501,0.58505,213,14,0
2026-05-26 07:00:00+00:00,0.58507,0.58511,0.58437,0.58473,393,14,0
2026-05-26 07:15:00+00:00,0.58474,0.5848,0.58452,0.58461,253,14,0
2026-05-26 07:30:00+00:00,0.58461,0.58497,0.58429,0.58443,373,14,0
2026-05-26 07:45:00+00:00,0.58442,0.58468,0.58427,0.58457,223,14,0
2026-05-26 08:00:00+00:00,0.5846,0.58482,0.58448,0.58464,275,14,0
2026-05-26 08:15:00+00:00,0.58464,0.58482,0.58462,0.58477,213,14,0
2026-05-26 08:30:00+00:00,0.58475,0.58482,0.58444,0.58445,211,14,0
2026-05-26 08:45:00+00:00,0.58445,0.58457,0.58435,0.58444,187,14,0
2026-05-26 09:00:00+00:00,0.58442,0.58442,0.58424,0.58424,215,14,0
2026-05-26 09:15:00+00:00,0.58423,0.58452,0.58423,0.58451,226,14,0
2026-05-26 09:30:00+00:00,0.58451,0.58454,0.58431,0.58431,194,14,0
2026-05-26 09:45:00+00:00,0.58431,0.58456,0.58431,0.58449,161,14,0
2026-05-26 10:00:00+00:00,0.58449,0.58449,0.58421,0.58444,164,14,0
2026-05-26 10:15:00+00:00,0.58445,0.58451,0.58427,0.58442,178,14,0
2026-05-26 10:30:00+00:00,0.58444,0.58471,0.58432,0.58452,263,14,0
2026-05-26 10:45:00+00:00,0.58452,0.58477,0.58435,0.58462,187,14,0
2026-05-26 11:00:00+00:00,0.5846,0.58478,0.58452,0.58468,187,14,0
2026-05-26 11:15:00+00:00,0.58468,0.58476,0.58456,0.58457,164,14,0
2026-05-26 11:30:00+00:00,0.58457,0.58472,0.58417,0.58422,288,14,0
2026-05-26 11:45:00+00:00,0.58422,0.5843,0.58406,0.58407,217,14,0
2026-05-26 12:00:00+00:00,0.58405,0.58422,0.58392,0.58409,265,14,0
2026-05-26 12:15:00+00:00,0.58409,0.5842,0.58399,0.58419,179,14,0
2026-05-26 12:30:00+00:00,0.58419,0.58421,0.58397,0.58398,189,14,0
2026-05-26 12:45:00+00:00,0.58399,0.58408,0.58393,0.58393,191,14,0
2026-05-26 13:00:00+00:00,0.58394,0.58404,0.58374,0.58385,232,14,0
2026-05-26 13:15:00+00:00,0.58385,0.5841,0.58383,0.58391,234,14,0
2026-05-26 13:30:00+00:00,0.5839,0.58438,0.58375,0.58417,361,14,0
2026-05-26 13:45:00+00:00,0.58418,0.58447,0.58344,0.58385,405,14,0
2026-05-26 14:00:00+00:00,0.58386,0.58433,0.58372,0.5842,397,14,0
2026-05-26 14:15:00+00:00,0.58421,0.58448,0.58412,0.58424,324,14,0
2026-05-26 14:30:00+00:00,0.58424,0.58441,0.58392,0.58418,396,14,0
2026-05-26 14:45:00+00:00,0.58419,0.5843,0.58399,0.58408,302,14,0
2026-05-26 15:00:00+00:00,0.58407,0.5841,0.58367,0.58398,362,14,0
2026-05-26 15:15:00+00:00,0.58397,0.58397,0.58351,0.58358,301,14,0
2026-05-26 15:30:00+00:00,0.5836,0.5837,0.58339,0.58355,319,14,0
2026-05-26 15:45:00+00:00,0.58354,0.58362,0.58325,0.58331,249,14,0
2026-05-26 16:00:00+00:00,0.58333,0.58355,0.58333,0.58342,226,14,0
2026-05-26 16:15:00+00:00,0.58342,0.58366,0.58342,0.58357,204,14,0
2026-05-26 16:30:00+00:00,0.58357,0.58372,0.58335,0.58343,234,14,0
2026-05-26 16:45:00+00:00,0.58342,0.58347,0.58324,0.58337,231,14,0
2026-05-26 17:00:00+00:00,0.58337,0.58358,0.58336,0.58353,165,14,0
2026-05-26 17:15:00+00:00,0.58353,0.58357,0.58338,0.58339,193,14,0
2026-05-26 17:30:00+00:00,0.58339,0.58351,0.58325,0.58325,175,14,0
2026-05-26 17:45:00+00:00,0.58324,0.58328,0.58312,0.58321,150,14,0
2026-05-26 18:00:00+00:00,0.58319,0.58341,0.58315,0.58334,140,14,0
2026-05-26 18:15:00+00:00,0.58335,0.58349,0.58329,0.58348,151,14,0
2026-05-26 18:30:00+00:00,0.58348,0.58357,0.58337,0.58344,177,14,0
2026-05-26 18:45:00+00:00,0.58343,0.58362,0.58343,0.58352,122,14,0
2026-05-26 19:00:00+00:00,0.58352,0.58354,0.58331,0.58331,118,14,0
2026-05-26 19:15:00+00:00,0.58331,0.58352,0.5833,0.58345,126,14,0
2026-05-26 19:30:00+00:00,0.58345,0.58362,0.58345,0.58359,107,14,0
2026-05-26 19:45:00+00:00,0.58359,0.58379,0.58357,0.58377,116,14,0
2026-05-26 20:00:00+00:00,0.5838,0.58383,0.58368,0.58374,71,14,0
2026-05-26 20:15:00+00:00,0.58374,0.58376,0.58355,0.58355,55,14,0
2026-05-26 20:30:00+00:00,0.58355,0.58361,0.58351,0.58354,61,14,0
2026-05-26 20:45:00+00:00,0.58354,0.58361,0.58351,0.58354,87,14,0
2026-05-26 21:00:00+00:00,0.58353,0.5836,0.58338,0.58343,211,14,0
2026-05-26 21:15:00+00:00,0.58344,0.58356,0.58337,0.58338,349,22,0
2026-05-26 21:30:00+00:00,0.58338,0.5836,0.58334,0.58359,232,18,0
2026-05-26 21:45:00+00:00,0.5836,0.58365,0.58352,0.58363,123,14,0
2026-05-26 22:00:00+00:00,0.58369,0.58371,0.58354,0.58363,213,14,0
2026-05-26 22:15:00+00:00,0.58361,0.58364,0.58351,0.58353,85,14,0
2026-05-26 22:30:00+00:00,0.58353,0.58368,0.58352,0.58367,58,14,0
2026-05-26 22:45:00+00:00,0.58367,0.58368,0.58359,0.58366,55,14,0
2026-05-26 23:00:00+00:00,0.58366,0.58373,0.58366,0.58372,73,14,0
2026-05-26 23:15:00+00:00,0.58372,0.58405,0.58372,0.58404,85,14,0
2026-05-26 23:30:00+00:00,0.58404,0.58435,0.58403,0.58434,74,14,0
2026-05-26 23:45:00+00:00,0.58434,0.58441,0.584,0.5841,156,14,0
2026-05-27 00:00:00+00:00,0.5841,0.58436,0.58403,0.58436,223,14,0
2026-05-27 00:15:00+00:00,0.58436,0.58446,0.58426,0.58446,200,14,0
2026-05-27 00:30:00+00:00,0.58446,0.58472,0.58443,0.58446,171,14,0
2026-05-27 00:45:00+00:00,0.58447,0.5846,0.58433,0.58451,229,14,0
2026-05-27 01:00:00+00:00,0.58451,0.58476,0.58446,0.58468,284,14,0
2026-05-27 01:15:00+00:00,0.58469,0.58476,0.5845,0.58462,169,14,0
2026-05-27 01:30:00+00:00,0.58465,0.58465,0.58368,0.58413,406,14,0
2026-05-27 01:45:00+00:00,0.58412,0.58442,0.58379,0.58438,290,14,0
2026-05-27 02:00:00+00:00,0.58438,0.58763,0.58434,0.58687,1164,14,0
2026-05-27 02:15:00+00:00,0.58688,0.58774,0.58681,0.58746,468,14,0
2026-05-27 02:30:00+00:00,0.58747,0.58764,0.58699,0.58699,319,14,0
2026-05-27 02:45:00+00:00,0.58699,0.58749,0.58699,0.58724,224,14,0
2026-05-27 03:00:00+00:00,0.58723,0.58778,0.58713,0.58718,265,14,0
2026-05-27 03:15:00+00:00,0.58718,0.58736,0.58698,0.58703,201,14,0
2026-05-27 03:30:00+00:00,0.58703,0.5871,0.58643,0.58661,238,14,0
2026-05-27 03:45:00+00:00,0.58663,0.58674,0.58648,0.58654,154,14,0
2026-05-27 04:00:00+00:00,0.58653,0.58708,0.58647,0.58703,200,14,0
2026-05-27 04:15:00+00:00,0.58703,0.58713,0.58688,0.58698,200,14,0
2026-05-27 04:30:00+00:00,0.58697,0.5875,0.58695,0.5875,202,14,0
2026-05-27 04:45:00+00:00,0.58751,0.58767,0.58743,0.58767,148,14,0
2026-05-27 05:00:00+00:00,0.58765,0.58788,0.58748,0.58788,191,14,0
2026-05-27 05:15:00+00:00,0.58788,0.58789,0.58768,0.58789,137,14,0
2026-05-27 05:30:00+00:00,0.5879,0.58794,0.58733,0.58751,274,14,0
2026-05-27 05:45:00+00:00,0.5875,0.58768,0.58719,0.58719,254,14,0
2026-05-27 06:00:00+00:00,0.58717,0.58747,0.58699,0.58704,247,14,0
2026-05-27 06:15:00+00:00,0.58704,0.58725,0.58675,0.5871,320,14,0
2026-05-27 06:30:00+00:00,0.5871,0.58752,0.58679,0.5875,272,14,0
2026-05-27 06:45:00+00:00,0.5875,0.58799,0.58739,0.58746,343,14,0
2026-05-27 07:00:00+00:00,0.58745,0.58783,0.58711,0.58723,352,14,0
2026-05-27 07:15:00+00:00,0.58723,0.58734,0.587,0.58722,263,14,0
2026-05-27 07:30:00+00:00,0.58722,0.58739,0.58695,0.58728,265,14,0
2026-05-27 07:45:00+00:00,0.58728,0.5873,0.58694,0.5871,226,14,0
2026-05-27 08:00:00+00:00,0.5871,0.58758,0.58704,0.58747,310,14,0
2026-05-27 08:15:00+00:00,0.58747,0.58768,0.58729,0.58747,277,14,0
2026-05-27 08:30:00+00:00,0.58747,0.58757,0.58732,0.58754,213,14,0
2026-05-27 08:45:00+00:00,0.58752,0.58779,0.58741,0.58768,195,14,0
2026-05-27 09:00:00+00:00,0.58769,0.58788,0.58759,0.58785,237,14,0
2026-05-27 09:15:00+00:00,0.58785,0.5884,0.58785,0.58815,213,14,0
2026-05-27 09:30:00+00:00,0.58815,0.58825,0.58808,0.58809,158,14,0
2026-05-27 09:45:00+00:00,0.58809,0.58849,0.58809,0.58836,208,14,0
2026-05-27 10:00:00+00:00,0.58835,0.58842,0.58804,0.5882,202,14,0
2026-05-27 10:15:00+00:00,0.5882,0.58823,0.58774,0.58788,183,14,0
2026-05-27 10:30:00+00:00,0.58788,0.58799,0.58778,0.5879,197,14,0
2026-05-27 10:45:00+00:00,0.58791,0.58795,0.5877,0.58791,237,14,0
2026-05-27 11:00:00+00:00,0.58793,0.58819,0.58777,0.58803,245,14,0
2026-05-27 11:15:00+00:00,0.58804,0.58812,0.58779,0.58792,240,14,0
2026-05-27 11:30:00+00:00,0.58792,0.58867,0.58777,0.5886,305,14,0
2026-05-27 11:45:00+00:00,0.5886,0.58871,0.58818,0.58836,274,14,0
2026-05-27 12:00:00+00:00,0.58838,0.58878,0.5881,0.58867,313,14,0
2026-05-27 12:15:00+00:00,0.58867,0.59031,0.58849,0.59012,1008,14,0
2026-05-27 12:30:00+00:00,0.5901,0.59038,0.58984,0.58985,649,14,0
2026-05-27 12:45:00+00:00,0.58986,0.58986,0.58928,0.58951,405,14,0
2026-05-27 13:00:00+00:00,0.58949,0.59039,0.58946,0.59011,510,14,0
2026-05-27 13:15:00+00:00,0.59011,0.59025,0.58959,0.58966,388,14,0
2026-05-27 13:30:00+00:00,0.58964,0.59003,0.5895,0.58968,533,14,0
2026-05-27 13:45:00+00:00,0.58966,0.59009,0.58961,0.59009,480,14,0
2026-05-27 14:00:00+00:00,0.59011,0.5905,0.58979,0.5905,518,14,0
2026-05-27 14:15:00+00:00,0.59052,0.59111,0.58999,0.59006,611,14,0
2026-05-27 14:30:00+00:00,0.59006,0.59037,0.58952,0.58998,687,14,0
2026-05-27 14:45:00+00:00,0.58999,0.59038,0.58908,0.58921,496,14,0
2026-05-27 15:00:00+00:00,0.58922,0.58973,0.58905,0.58937,504,14,0
2026-05-27 15:15:00+00:00,0.58938,0.58962,0.58913,0.5896,400,14,0
2026-05-27 15:30:00+00:00,0.58962,0.58985,0.58926,0.58927,456,14,0
2026-05-27 15:45:00+00:00,0.58927,0.58953,0.5889,0.58921,392,14,0
2026-05-27 16:00:00+00:00,0.58923,0.58929,0.58889,0.58916,363,14,0
2026-05-27 16:15:00+00:00,0.58916,0.5894,0.58916,0.58923,253,14,0
2026-05-27 16:30:00+00:00,0.58922,0.58941,0.5891,0.58929,184,14,0
2026-05-27 16:45:00+00:00,0.5893,0.5894,0.58921,0.58929,163,14,0
2026-05-27 17:00:00+00:00,0.5893,0.58934,0.5886,0.58863,338,14,0
2026-05-27 17:15:00+00:00,0.58865,0.58882,0.5886,0.58875,251,14,0
2026-05-27 17:30:00+00:00,0.58875,0.58902,0.58872,0.58895,198,14,0
2026-05-27 17:45:00+00:00,0.58895,0.58922,0.58894,0.58909,169,14,0
2026-05-27 18:00:00+00:00,0.58906,0.58909,0.58894,0.58901,172,14,0
2026-05-27 18:15:00+00:00,0.58901,0.58936,0.58899,0.58936,186,14,0
2026-05-27 18:30:00+00:00,0.58936,0.5895,0.58925,0.58949,165,14,0
2026-05-27 18:45:00+00:00,0.58949,0.5897,0.58945,0.58958,135,14,0
2026-05-27 19:00:00+00:00,0.58958,0.58997,0.58955,0.5899,156,14,0
2026-05-27 19:15:00+00:00,0.58989,0.59002,0.58976,0.59002,151,14,0
2026-05-27 19:30:00+00:00,0.59002,0.59013,0.58989,0.58995,168,14,0
2026-05-27 19:45:00+00:00,0.58995,0.58997,0.58977,0.58997,154,14,0
2026-05-27 20:00:00+00:00,0.58995,0.59013,0.58994,0.59003,108,14,0
2026-05-27 20:15:00+00:00,0.59003,0.59019,0.58997,0.59015,98,14,0
2026-05-27 20:30:00+00:00,0.59016,0.59018,0.59008,0.59018,53,14,0
2026-05-27 20:45:00+00:00,0.59018,0.59025,0.59008,0.5901,131,14,0
2026-05-27 21:00:00+00:00,0.59008,0.59008,0.58942,0.58946,155,34,0
2026-05-27 21:15:00+00:00,0.58947,0.58971,0.58944,0.58963,163,82,0
2026-05-27 21:30:00+00:00,0.58963,0.5899,0.58962,0.58987,280,22,0
2026-05-27 21:45:00+00:00,0.58985,0.5899,0.58965,0.58966,278,18,0
2026-05-27 22:00:00+00:00,0.58971,0.5902,0.58962,0.59003,128,14,0
2026-05-27 22:15:00+00:00,0.59003,0.59009,0.58989,0.58989,75,14,0
2026-05-27 22:30:00+00:00,0.58989,0.58998,0.58979,0.58991,89,14,0
2026-05-27 22:45:00+00:00,0.58991,0.58994,0.58986,0.5899,55,14,0
2026-05-27 23:00:00+00:00,0.5899,0.58994,0.58984,0.58993,61,14,0
2026-05-27 23:15:00+00:00,0.58993,0.59009,0.58939,0.58947,170,14,0
2026-05-27 23:30:00+00:00,0.58947,0.58949,0.58912,0.58923,166,14,0
2026-05-27 23:45:00+00:00,0.58924,0.58929,0.58896,0.58908,184,14,0
2026-05-28 00:00:00+00:00,0.58908,0.58944,0.589,0.58936,359,14,0
2026-05-28 00:15:00+00:00,0.58938,0.58967,0.58936,0.58961,251,14,0
2026-05-28 00:30:00+00:00,0.5896,0.58973,0.58939,0.58967,267,14,0
2026-05-28 00:45:00+00:00,0.58968,0.59014,0.58966,0.59006,263,14,0
2026-05-28 01:00:00+00:00,0.59004,0.59099,0.58997,0.59068,369,14,0
2026-05-28 01:15:00+00:00,0.59068,0.59068,0.59013,0.59016,319,14,0
2026-05-28 01:30:00+00:00,0.59016,0.59035,0.58975,0.58988,297,14,0
2026-05-28 01:45:00+00:00,0.58987,0.59015,0.58967,0.58976,282,14,0
2026-05-28 02:00:00+00:00,0.58977,0.59016,0.58977,0.59015,266,14,0
2026-05-28 02:15:00+00:00,0.59015,0.59027,0.58999,0.58999,189,14,0
2026-05-28 02:30:00+00:00,0.58999,0.5901,0.58944,0.58956,190,14,0
2026-05-28 02:45:00+00:00,0.58956,0.58956,0.58899,0.58909,311,14,0
2026-05-28 03:00:00+00:00,0.58909,0.58944,0.58873,0.58879,332,14,0
2026-05-28 03:15:00+00:00,0.58879,0.58879,0.58816,0.58833,344,14,0
2026-05-28 03:30:00+00:00,0.58833,0.58834,0.58754,0.58768,507,14,0
2026-05-28 03:45:00+00:00,0.58767,0.5878,0.58714,0.58726,412,14,0
2026-05-28 04:00:00+00:00,0.58726,0.58744,0.58679,0.58704,418,14,0
2026-05-28 04:15:00+00:00,0.58704,0.58714,0.5867,0.58677,286,14,0
2026-05-28 04:30:00+00:00,0.58676,0.58707,0.58664,0.58679,247,14,0
2026-05-28 04:45:00+00:00,0.58679,0.58684,0.58635,0.58653,243,14,0
2026-05-28 05:00:00+00:00,0.58653,0.58708,0.58653,0.58702,248,14,0
2026-05-28 05:15:00+00:00,0.58702,0.58733,0.58697,0.58711,259,14,0
2026-05-28 05:30:00+00:00,0.5871,0.58768,0.58707,0.58759,304,14,0
2026-05-28 05:45:00+00:00,0.58759,0.5879,0.58751,0.58771,215,14,0
2026-05-28 06:00:00+00:00,0.58771,0.58821,0.58763,0.58811,283,14,0
2026-05-28 06:15:00+00:00,0.58811,0.58863,0.58803,0.5884,286,14,0
2026-05-28 06:30:00+00:00,0.58843,0.58874,0.58834,0.58862,252,14,0
2026-05-28 06:45:00+00:00,0.58862,0.58872,0.58846,0.5886,170,14,0
2026-05-28 07:00:00+00:00,0.58862,0.58916,0.58862,0.5891,322,14,0
2026-05-28 07:15:00+00:00,0.58912,0.58921,0.58882,0.58883,253,14,0
2026-05-28 07:30:00+00:00,0.58882,0.58894,0.58852,0.5887,279,14,0
2026-05-28 07:45:00+00:00,0.5887,0.5888,0.58862,0.58873,255,14,0
2026-05-28 08:00:00+00:00,0.58876,0.5889,0.58858,0.58865,301,14,0
2026-05-28 08:15:00+00:00,0.58865,0.58865,0.58818,0.58844,270,14,0
2026-05-28 08:30:00+00:00,0.58844,0.58858,0.58838,0.58849,224,14,0
2026-05-28 08:45:00+00:00,0.58849,0.5887,0.58845,0.58866,165,14,0
2026-05-28 09:00:00+00:00,0.58867,0.5888,0.58855,0.5888,202,14,0
2026-05-28 09:15:00+00:00,0.5888,0.5891,0.58876,0.58905,177,14,0
2026-05-28 09:30:00+00:00,0.58905,0.58925,0.58891,0.58904,239,14,0
2026-05-28 09:45:00+00:00,0.58904,0.58923,0.58897,0.58906,235,14,0
2026-05-28 10:00:00+00:00,0.58904,0.58933,0.58887,0.58926,222,14,0
2026-05-28 10:15:00+00:00,0.58926,0.58938,0.58911,0.5893,196,14,0
2026-05-28 10:30:00+00:00,0.5893,0.5893,0.58865,0.58866,143,14,0
2026-05-28 10:45:00+00:00,0.58866,0.58908,0.58845,0.58845,380,14,0
2026-05-28 11:00:00+00:00,0.58842,0.58881,0.58842,0.58881,325,14,0
2026-05-28 11:15:00+00:00,0.58883,0.58891,0.58874,0.58885,228,14,0
2026-05-28 11:30:00+00:00,0.58885,0.589,0.58872,0.58898,198,14,0
2026-05-28 11:45:00+00:00,0.58898,0.58911,0.58878,0.589,230,14,0
2026-05-28 12:00:00+00:00,0.589,0.58941,0.58897,0.58933,253,14,0
2026-05-28 12:15:00+00:00,0.58934,0.58963,0.5892,0.58955,251,14,0
2026-05-28 12:30:00+00:00,0.58958,0.59065,0.58958,0.59048,515,14,0
2026-05-28 12:45:00+00:00,0.59048,0.59082,0.59038,0.59068,370,14,0
2026-05-28 13:00:00+00:00,0.5907,0.59121,0.59052,0.59052,425,14,0
2026-05-28 13:15:00+00:00,0.59051,0.59079,0.59049,0.59061,320,14,0
2026-05-28 13:30:00+00:00,0.59062,0.59072,0.59044,0.5906,421,14,0
2026-05-28 13:45:00+00:00,0.59059,0.59075,0.59013,0.59026,352,14,0
2026-05-28 14:00:00+00:00,0.59025,0.59208,0.59005,0.59159,865,14,0
2026-05-28 14:15:00+00:00,0.5916,0.59224,0.5911,0.5921,883,14,0
2026-05-28 14:30:00+00:00,0.59211,0.59263,0.5917,0.59224,614,14,0
2026-05-28 14:45:00+00:00,0.59224,0.59249,0.5916,0.59191,636,14,0
2026-05-28 15:00:00+00:00,0.59194,0.59298,0.59192,0.59289,517,14,0
2026-05-28 15:15:00+00:00,0.59289,0.59292,0.59256,0.59278,353,14,0
2026-05-28 15:30:00+00:00,0.59277,0.59304,0.59259,0.59263,353,14,0
2026-05-28 15:45:00+00:00,0.59264,0.59271,0.59245,0.59251,275,14,0
2026-05-28 16:00:00+00:00,0.5925,0.59278,0.59235,0.59266,307,14,0
2026-05-28 16:15:00+00:00,0.59266,0.59348,0.59258,0.5932,397,14,0
2026-05-28 16:30:00+00:00,0.5932,0.59324,0.59301,0.59314,279,14,0
2026-05-28 16:45:00+00:00,0.59315,0.59331,0.59295,0.59325,249,14,0
2026-05-28 17:00:00+00:00,0.59327,0.59331,0.5929,0.59293,255,14,0
2026-05-28 17:15:00+00:00,0.59293,0.59306,0.59286,0.59288,208,14,0
2026-05-28 17:30:00+00:00,0.59289,0.59313,0.59289,0.59308,194,14,0
2026-05-28 17:45:00+00:00,0.59308,0.59324,0.59308,0.5932,169,14,0
2026-05-28 18:00:00+00:00,0.59319,0.59335,0.59303,0.59314,198,14,0
2026-05-28 18:15:00+00:00,0.59314,0.59339,0.59278,0.59283,298,14,0
2026-05-28 18:30:00+00:00,0.59283,0.59286,0.59265,0.5927,199,14,0
2026-05-28 18:45:00+00:00,0.5927,0.59295,0.59268,0.59288,114,14,0
2026-05-28 19:00:00+00:00,0.59288,0.59301,0.59281,0.5929,143,14,0
2026-05-28 19:15:00+00:00,0.59289,0.59312,0.59289,0.59312,98,14,0
2026-05-28 19:30:00+00:00,0.59313,0.59333,0.59313,0.59319,146,14,0
2026-05-28 19:45:00+00:00,0.59319,0.59328,0.59287,0.59291,161,14,0
2026-05-28 20:00:00+00:00,0.59289,0.59294,0.5928,0.59287,102,14,0
2026-05-28 20:15:00+00:00,0.59287,0.59304,0.59287,0.59303,94,14,0
2026-05-28 20:30:00+00:00,0.59301,0.59315,0.59301,0.59314,65,14,0
2026-05-28 20:45:00+00:00,0.59314,0.59343,0.59314,0.59336,112,14,0
2026-05-28 21:00:00+00:00,0.59337,0.59338,0.59265,0.59265,131,20,0
2026-05-28 21:15:00+00:00,0.59267,0.59274,0.59262,0.59273,87,96,0
2026-05-28 21:30:00+00:00,0.59273,0.59288,0.5926,0.59287,270,66,0
2026-05-28 21:45:00+00:00,0.59283,0.59295,0.59265,0.59284,248,26,0
2026-05-28 22:00:00+00:00,0.59322,0.59345,0.59314,0.59333,138,14,0
2026-05-28 22:15:00+00:00,0.59333,0.59336,0.59326,0.59327,77,14,0
2026-05-28 22:30:00+00:00,0.59327,0.59329,0.59317,0.59322,95,14,0
2026-05-28 22:45:00+00:00,0.59322,0.59336,0.59318,0.59331,70,14,0
2026-05-28 23:00:00+00:00,0.59332,0.59458,0.59331,0.59407,477,14,0
2026-05-28 23:15:00+00:00,0.59407,0.59451,0.59401,0.59415,176,14,0
2026-05-28 23:30:00+00:00,0.59412,0.59432,0.59407,0.59413,90,14,0
2026-05-28 23:45:00+00:00,0.59413,0.59448,0.59405,0.5944,206,14,0
2026-05-29 00:00:00+00:00,0.59441,0.59452,0.5942,0.59439,278,14,0
2026-05-29 00:15:00+00:00,0.59437,0.59471,0.59431,0.59461,267,14,0
2026-05-29 00:30:00+00:00,0.59461,0.59495,0.59431,0.59493,236,14,0
2026-05-29 00:45:00+00:00,0.59491,0.59495,0.59451,0.59454,254,14,0
2026-05-29 01:00:00+00:00,0.59453,0.59543,0.5945,0.5954,406,14,0
2026-05-29 01:15:00+00:00,0.59539,0.59555,0.59523,0.59527,285,14,0
2026-05-29 01:30:00+00:00,0.59524,0.59532,0.59507,0.5952,264,14,0
2026-05-29 01:45:00+00:00,0.59521,0.59521,0.59488,0.59504,256,14,0
2026-05-29 02:00:00+00:00,0.59504,0.59516,0.59493,0.59513,219,14,0
2026-05-29 02:15:00+00:00,0.59511,0.59513,0.59478,0.59481,188,14,0
2026-05-29 02:30:00+00:00,0.59481,0.59512,0.59481,0.59507,183,14,0
2026-05-29 02:45:00+00:00,0.59505,0.59518,0.59464,0.59472,201,14,0
2026-05-29 03:00:00+00:00,0.59472,0.59477,0.59448,0.59462,230,14,0
2026-05-29 03:15:00+00:00,0.59461,0.59496,0.59459,0.59496,188,14,0
2026-05-29 03:30:00+00:00,0.59494,0.59504,0.59467,0.59482,174,14,0
2026-05-29 03:45:00+00:00,0.59481,0.59502,0.59476,0.59502,208,14,0
2026-05-29 04:00:00+00:00,0.59502,0.59561,0.59502,0.59555,175,14,0
2026-05-29 04:15:00+00:00,0.59555,0.59584,0.59553,0.59573,212,14,0
2026-05-29 04:30:00+00:00,0.59573,0.59594,0.5956,0.59579,150,14,0
2026-05-29 04:45:00+00:00,0.59579,0.59582,0.59556,0.59577,173,14,0
2026-05-29 05:00:00+00:00,0.59579,0.59607,0.59575,0.59591,180,14,0
2026-05-29 05:15:00+00:00,0.59589,0.59592,0.59576,0.59579,116,14,0
2026-05-29 05:30:00+00:00,0.59579,0.59589,0.59558,0.59562,202,14,0
2026-05-29 05:45:00+00:00,0.59562,0.59585,0.59557,0.59568,178,14,0
2026-05-29 06:00:00+00:00,0.59568,0.59616,0.59568,0.59616,269,14,0
2026-05-29 06:15:00+00:00,0.59616,0.59626,0.59565,0.59578,265,14,0
2026-05-29 06:30:00+00:00,0.59577,0.59592,0.5955,0.5957,281,14,0
2026-05-29 06:45:00+00:00,0.5957,0.596,0.59557,0.59586,243,14,0
2026-05-29 07:00:00+00:00,0.59586,0.59596,0.59569,0.59591,305,14,0
2026-05-29 07:15:00+00:00,0.59591,0.59606,0.5955,0.59561,293,14,0
2026-05-29 07:30:00+00:00,0.59561,0.59581,0.59536,0.59578,327,14,0
2026-05-29 07:45:00+00:00,0.59576,0.59604,0.59561,0.59604,217,14,0
2026-05-29 08:00:00+00:00,0.59603,0.59603,0.59554,0.5956,294,14,0
2026-05-29 08:15:00+00:00,0.5956,0.5959,0.59547,0.59588,250,14,0
2026-05-29 08:30:00+00:00,0.59587,0.59605,0.59575,0.59601,210,14,0
2026-05-29 08:45:00+00:00,0.59601,0.59601,0.59572,0.59596,220,14,0
2026-05-29 09:00:00+00:00,0.59596,0.59664,0.59596,0.59662,244,14,0
2026-05-29 09:15:00+00:00,0.59661,0.59661,0.59618,0.59633,240,14,0
2026-05-29 09:30:00+00:00,0.59634,0.59637,0.59601,0.59623,238,14,0
2026-05-29 09:45:00+00:00,0.59623,0.59643,0.59611,0.5964,255,14,0
2026-05-29 10:00:00+00:00,0.59639,0.59652,0.59624,0.59647,227,14,0
2026-05-29 10:15:00+00:00,0.59647,0.59658,0.59619,0.59632,220,14,0
2026-05-29 10:30:00+00:00,0.59632,0.59638,0.59622,0.59636,161,14,0
2026-05-29 10:45:00+00:00,0.59636,0.59653,0.59632,0.59647,197,14,0
2026-05-29 11:00:00+00:00,0.59647,0.59671,0.59642,0.5967,174,14,0
2026-05-29 11:15:00+00:00,0.5967,0.59681,0.59641,0.59661,221,14,0
2026-05-29 11:30:00+00:00,0.59661,0.59686,0.59641,0.59677,232,14,0
2026-05-29 11:45:00+00:00,0.59676,0.59734,0.59671,0.59733,289,14,0
2026-05-29 12:00:00+00:00,0.59734,0.59772,0.59707,0.59759,336,14,0
2026-05-29 12:15:00+00:00,0.59757,0.59765,0.59737,0.59748,249,14,0
2026-05-29 12:30:00+00:00,0.59748,0.5975,0.59721,0.59747,330,14,0
2026-05-29 12:45:00+00:00,0.59747,0.59793,0.59737,0.59788,289,14,0
2026-05-29 13:00:00+00:00,0.59787,0.59808,0.59777,0.59791,355,14,0
2026-05-29 13:15:00+00:00,0.59792,0.59841,0.59786,0.59841,292,14,0
2026-05-29 13:30:00+00:00,0.5984,0.59876,0.59824,0.59866,293,14,0
2026-05-29 13:45:00+00:00,0.59866,0.59897,0.59818,0.59821,395,14,0
2026-05-29 14:00:00+00:00,0.59822,0.59851,0.59808,0.59813,400,14,0
2026-05-29 14:15:00+00:00,0.59813,0.59836,0.598,0.59836,416,14,0
2026-05-29 14:30:00+00:00,0.59838,0.59847,0.59796,0.59823,469,14,0
2026-05-29 14:45:00+00:00,0.59821,0.59895,0.59805,0.59859,780,14,0
2026-05-29 15:00:00+00:00,0.59857,0.59934,0.59855,0.5992,563,14,0
2026-05-29 15:15:00+00:00,0.5992,0.5992,0.59872,0.59893,403,14,0
2026-05-29 15:30:00+00:00,0.59891,0.59931,0.59876,0.59893,548,14,0
2026-05-29 15:45:00+00:00,0.59893,0.5992,0.59888,0.59905,367,14,0
2026-05-29 16:00:00+00:00,0.59905,0.59908,0.59868,0.59869,327,14,0
2026-05-29 16:15:00+00:00,0.59867,0.59888,0.59867,0.5988,257,14,0
2026-05-29 16:30:00+00:00,0.59878,0.59914,0.59866,0.59893,354,14,0
2026-05-29 16:45:00+00:00,0.59893,0.59895,0.59872,0.5989,248,14,0
2026-05-29 17:00:00+00:00,0.5989,0.59895,0.59864,0.59871,224,14,0
2026-05-29 17:15:00+00:00,0.59872,0.59878,0.59841,0.59855,267,14,0
2026-05-29 17:30:00+00:00,0.59854,0.59859,0.59826,0.59832,194,14,0
2026-05-29 17:45:00+00:00,0.59832,0.59841,0.59808,0.59808,185,14,0
2026-05-29 18:00:00+00:00,0.59806,0.59835,0.598,0.59835,191,14,0
2026-05-29 18:15:00+00:00,0.59835,0.59848,0.59826,0.59839,221,14,0
2026-05-29 18:30:00+00:00,0.59841,0.59872,0.59841,0.59853,170,14,0
2026-05-29 18:45:00+00:00,0.59853,0.59859,0.59817,0.59832,293,14,0
2026-05-29 19:00:00+00:00,0.59832,0.5986,0.59823,0.59855,176,14,0
2026-05-29 19:15:00+00:00,0.59856,0.59861,0.59843,0.59861,142,14,0
2026-05-29 19:30:00+00:00,0.59862,0.59881,0.59858,0.59876,139,14,0
2026-05-29 19:45:00+00:00,0.59876,0.59901,0.59872,0.5988,218,14,0
2026-05-29 20:00:00+00:00,0.59881,0.59882,0.59852,0.59853,178,14,0
2026-05-29 20:15:00+00:00,0.59853,0.59863,0.59836,0.59862,123,14,0
2026-05-29 20:30:00+00:00,0.59862,0.59887,0.59853,0.59881,116,14,0
2026-05-29 20:45:00+00:00,0.59881,0.59891,0.59875,0.59885,161,14,0
