time,open,high,low,close,tick_volume,spread,real_volume
2026-03-18 19:00:00+00:00,1.37165,1.37209,1.3713,1.37205,574,15,0
2026-03-18 19:15:00+00:00,1.37203,1.37229,1.3718,1.37218,355,15,0
2026-03-18 19:30:00+00:00,1.37221,1.3722400000000001,1.3716,1.37178,402,15,0
2026-03-18 19:45:00+00:00,1.37178,1.3725100000000001,1.37178,1.37245,416,15,0
2026-03-18 20:00:00+00:00,1.37246,1.3731,1.37241,1.37299,299,15,0
2026-03-18 20:15:00+00:00,1.373,1.37368,1.37292,1.37351,327,15,0
2026-03-18 20:30:00+00:00,1.37352,1.3736,1.37326,1.37331,205,15,0
2026-03-18 20:45:00+00:00,1.37331,1.37335,1.37293,1.3731900000000001,222,15,0
2026-03-18 21:00:00+00:00,1.3732,1.37321,1.373,1.37301,92,15,0
2026-03-18 21:15:00+00:00,1.373,1.37301,1.37248,1.37248,211,35,0
2026-03-18 21:30:00+00:00,1.37246,1.37247,1.37188,1.37188,232,105,0
2026-03-18 21:45:00+00:00,1.37187,1.3722699999999999,1.37177,1.37223,185,65,0
2026-03-18 22:00:00+00:00,1.3722699999999999,1.37362,1.3722699999999999,1.37359,184,18,0
2026-03-18 22:15:00+00:00,1.37359,1.37363,1.37336,1.37359,119,15,0
2026-03-18 22:30:00+00:00,1.37359,1.37372,1.37348,1.37354,146,15,0
2026-03-18 22:45:00+00:00,1.37354,1.37354,1.37338,1.37345,105,15,0
2026-03-18 23:00:00+00:00,1.3734899999999999,1.37357,1.37331,1.3734,194,15,0
2026-03-18 23:15:00+00:00,1.3734,1.37347,1.37311,1.37314,111,15,0
2026-03-18 23:30:00+00:00,1.37314,1.37325,1.37283,1.37321,154,15,0
2026-03-18 23:45:00+00:00,1.3732,1.37334,1.37284,1.37301,226,15,0
2026-03-19 00:00:00+00:00,1.37301,1.3731,1.37233,1.37242,322,15,0
2026-03-19 00:15:00+00:00,1.37242,1.37252,1.37206,1.37213,193,15,0
2026-03-19 00:30:00+00:00,1.37213,1.37242,1.37198,1.37238,324,15,0
2026-03-19 00:45:00+00:00,1.37238,1.37239,1.37192,1.3719299999999999,304,15,0
2026-03-19 01:00:00+00:00,1.37192,1.37209,1.37173,1.37173,340,15,0
2026-03-19 01:15:00+00:00,1.37173,1.37184,1.37144,1.37146,301,15,0
2026-03-19 01:30:00+00:00,1.37146,1.37162,1.3713899999999999,1.3715899999999999,264,15,0
2026-03-19 01:45:00+00:00,1.3715899999999999,1.37209,1.3715899999999999,1.37207,178,15,0
2026-03-19 02:00:00+00:00,1.37209,1.37249,1.37143,1.37152,455,15,0
2026-03-19 02:15:00+00:00,1.37153,1.37173,1.37134,1.37153,260,15,0
2026-03-19 02:30:00+00:00,1.37153,1.37181,1.37153,1.37174,232,15,0
2026-03-19 02:45:00+00:00,1.37172,1.37231,1.3716599999999999,1.3722699999999999,261,15,0
2026-03-19 03:00:00+00:00,1.3722699999999999,1.3723,1.37195,1.37199,202,15,0
2026-03-19 03:15:00+00:00,1.3719999999999999,1.37221,1.37192,1.3721700000000001,171,15,0
2026-03-19 03:30:00+00:00,1.3721700000000001,1.37248,1.3721700000000001,1.37236,153,15,0
2026-03-19 03:45:00+00:00,1.37236,1.3726,1.37229,1.3726,161,15,0
2026-03-19 04:00:00+00:00,1.3726099999999999,1.37291,1.37257,1.37272,157,15,0
2026-03-19 04:15:00+00:00,1.37272,1.3728500000000001,1.37266,1.37277,165,15,0
2026-03-19 04:30:00+00:00,1.37277,1.37282,1.3726099999999999,1.37269,143,15,0
2026-03-19 04:45:00+00:00,1.37269,1.3729,1.37259,1.37272,152,15,0
2026-03-19 05:00:00+00:00,1.37271,1.37279,1.3725800000000001,1.37277,189,15,0
2026-03-19 05:15:00+00:00,1.37277,1.37277,1.37247,1.37259,161,15,0
2026-03-19 05:30:00+00:00,1.3726,1.37308,1.37256,1.37308,208,15,0
2026-03-19 05:45:00+00:00,1.37306,1.37306,1.37271,1.37295,211,15,0
2026-03-19 06:00:00+00:00,1.37296,1.37306,1.3723,1.37237,254,15,0
2026-03-19 06:15:00+00:00,1.37237,1.3727,1.37221,1.3727,216,15,0
2026-03-19 06:30:00+00:00,1.37268,1.373,1.37256,1.37257,257,15,0
2026-03-19 06:45:00+00:00,1.37256,1.37274,1.37225,1.37226,292,15,0
2026-03-19 07:00:00+00:00,1.37226,1.37275,1.37209,1.37253,541,15,0
2026-03-19 07:15:00+00:00,1.37253,1.37334,1.3722400000000001,1.37334,306,15,0
2026-03-19 07:30:00+00:00,1.37334,1.3737,1.3731900000000001,1.37367,306,15,0
2026-03-19 07:45:00+00:00,1.37367,1.37381,1.3733,1.37358,338,15,0
2026-03-19 08:00:00+00:00,1.37357,1.37412,1.37355,1.37397,451,15,0
2026-03-19 08:15:00+00:00,1.37394,1.37394,1.37303,1.3734,411,15,0
2026-03-19 08:30:00+00:00,1.3734,1.37448,1.37337,1.37447,486,15,0
2026-03-19 08:45:00+00:00,1.37447,1.37467,1.37408,1.37439,437,15,0
2026-03-19 09:00:00+00:00,1.3743699999999999,1.3743699999999999,1.37355,1.37368,483,15,0
2026-03-19 09:15:00+00:00,1.37369,1.37389,1.37274,1.3737599999999999,604,15,0
2026-03-19 09:30:00+00:00,1.37378,1.37379,1.3731900000000001,1.37351,510,15,0
2026-03-19 09:45:00+00:00,1.37353,1.37372,1.37303,1.37336,631,15,0
2026-03-19 10:00:00+00:00,1.37337,1.37381,1.37327,1.37356,406,15,0
2026-03-19 10:15:00+00:00,1.37355,1.37406,1.37351,1.37402,309,15,0
2026-03-19 10:30:00+00:00,1.37401,1.37417,1.37382,1.37391,258,15,0
2026-03-19 10:45:00+00:00,1.37391,1.374,1.37316,1.37343,349,15,0
2026-03-19 11:00:00+00:00,1.37344,1.37374,1.37316,1.37339,374,15,0
2026-03-19 11:15:00+00:00,1.37339,1.37431,1.37339,1.37357,424,15,0
2026-03-19 11:30:00+00:00,1.37354,1.37369,1.37328,1.37354,341,15,0
2026-03-19 11:45:00+00:00,1.37353,1.3737599999999999,1.37305,1.37354,342,15,0
2026-03-19 12:00:00+00:00,1.37356,1.37415,1.37335,1.37336,735,15,0
2026-03-19 12:15:00+00:00,1.37336,1.37474,1.37335,1.37467,512,15,0
2026-03-19 12:30:00+00:00,1.37465,1.37473,1.37326,1.37372,833,15,0
2026-03-19 12:45:00+00:00,1.37372,1.37381,1.37256,1.37259,676,15,0
2026-03-19 13:00:00+00:00,1.37256,1.37314,1.37196,1.37297,810,15,0
2026-03-19 13:15:00+00:00,1.37297,1.37351,1.37206,1.37345,976,15,0
2026-03-19 13:30:00+00:00,1.37348,1.37369,1.37256,1.37303,1183,15,0
2026-03-19 13:45:00+00:00,1.37305,1.37361,1.37145,1.37181,1167,15,0
2026-03-19 14:00:00+00:00,1.37183,1.37186,1.37053,1.37186,1213,15,0
2026-03-19 14:15:00+00:00,1.37185,1.37384,1.3716599999999999,1.37354,1055,15,0
2026-03-19 14:30:00+00:00,1.37354,1.37396,1.37259,1.37309,976,15,0
2026-03-19 14:45:00+00:00,1.37309,1.37324,1.37191,1.3728099999999999,920,15,0
2026-03-19 15:00:00+00:00,1.37283,1.37318,1.37158,1.37181,906,15,0
2026-03-19 15:15:00+00:00,1.37183,1.37291,1.37176,1.37272,769,15,0
2026-03-19 15:30:00+00:00,1.37275,1.37313,1.37243,1.37276,743,15,0
2026-03-19 15:45:00+00:00,1.37276,1.3728799999999999,1.37142,1.37223,894,15,0
2026-03-19 16:00:00+00:00,1.37223,1.37241,1.37152,1.37184,991,15,0
2026-03-19 16:15:00+00:00,1.37183,1.37223,1.37122,1.37134,789,15,0
2026-03-19 16:30:00+00:00,1.37133,1.37204,1.3709799999999999,1.37141,664,15,0
2026-03-19 16:45:00+00:00,1.37143,1.3734899999999999,1.3713,1.37277,687,15,0
2026-03-19 17:00:00+00:00,1.3727800000000001,1.3734,1.37244,1.37282,607,15,0
2026-03-19 17:15:00+00:00,1.3728,1.37287,1.37144,1.37188,560,15,0
2026-03-19 17:30:00+00:00,1.37187,1.37299,1.37151,1.37269,572,15,0
2026-03-19 17:45:00+00:00,1.37268,1.37337,1.37238,1.37267,475,15,0
2026-03-19 18:00:00+00:00,1.37269,1.37362,1.37253,1.37323,533,15,0
2026-03-19 18:15:00+00:00,1.37326,1.37371,1.37305,1.37337,388,15,0
2026-03-19 18:30:00+00:00,1.37338,1.37357,1.37314,1.37343,327,15,0
2026-03-19 18:45:00+00:00,1.37343,1.37356,1.37249,1.37249,342,15,0
2026-03-19 19:00:00+00:00,1.37246,1.37248,1.37042,1.3712,1415,15,0
2026-03-19 19:15:00+00:00,1.37122,1.37297,1.37106,1.37253,1069,15,0
2026-03-19 19:30:00+00:00,1.3725,1.37345,1.3721700000000001,1.37326,814,15,0
2026-03-19 19:45:00+00:00,1.37328,1.37388,1.37311,1.37377,676,15,0
2026-03-19 20:00:00+00:00,1.37375,1.37427,1.37338,1.3742,295,15,0
2026-03-19 20:15:00+00:00,1.37419,1.37442,1.37401,1.37438,198,15,0
2026-03-19 20:30:00+00:00,1.37438,1.3744100000000001,1.37405,1.37423,176,15,0
2026-03-19 20:45:00+00:00,1.37426,1.37445,1.37371,1.37386,284,15,0
2026-03-19 21:00:00+00:00,1.37387,1.37391,1.37344,1.37345,129,17,0
2026-03-19 21:15:00+00:00,1.3734600000000001,1.37355,1.37339,1.37341,112,60,0
2026-03-19 21:30:00+00:00,1.3734199999999999,1.37348,1.37329,1.3734600000000001,255,59,0
2026-03-19 21:45:00+00:00,1.37345,1.37353,1.37332,1.37351,224,40,0
2026-03-19 22:00:00+00:00,1.37353,1.37405,1.37345,1.37385,148,16,0
2026-03-19 22:15:00+00:00,1.37386,1.3739,1.37343,1.37347,118,18,0
2026-03-19 22:30:00+00:00,1.37347,1.37379,1.37334,1.37379,183,18,0
2026-03-19 22:45:00+00:00,1.37379,1.3738299999999999,1.37361,1.37364,119,15,0
2026-03-19 23:00:00+00:00,1.37366,1.37366,1.37343,1.37356,209,15,0
2026-03-19 23:15:00+00:00,1.37356,1.37375,1.3733,1.3733,127,15,0
2026-03-19 23:30:00+00:00,1.3733,1.37353,1.37318,1.3734199999999999,190,15,0
2026-03-19 23:45:00+00:00,1.37341,1.3737,1.37336,1.3737,113,15,0
2026-03-20 00:00:00+00:00,1.3737,1.37398,1.37364,1.3737300000000001,268,15,0
2026-03-20 00:15:00+00:00,1.37372,1.37404,1.37353,1.37399,226,15,0
2026-03-20 00:30:00+00:00,1.374,1.37419,1.3739,1.37391,215,15,0
2026-03-20 00:45:00+00:00,1.37389,1.3742,1.3737,1.3737,242,15,0
2026-03-20 01:00:00+00:00,1.37369,1.37389,1.37303,1.37323,468,15,0
2026-03-20 01:15:00+00:00,1.3732199999999999,1.3734899999999999,1.37311,1.37313,308,15,0
2026-03-20 01:30:00+00:00,1.37313,1.37334,1.37295,1.3731200000000001,237,15,0
2026-03-20 01:45:00+00:00,1.3731200000000001,1.3734899999999999,1.3728799999999999,1.37325,289,15,0
2026-03-20 02:00:00+00:00,1.37324,1.37341,1.37282,1.3728500000000001,241,15,0
2026-03-20 02:15:00+00:00,1.37284,1.3729,1.37264,1.37265,219,15,0
2026-03-20 02:30:00+00:00,1.37264,1.3728,1.3725100000000001,1.37276,249,15,0
2026-03-20 02:45:00+00:00,1.37276,1.37284,1.37244,1.37252,192,15,0
2026-03-20 03:00:00+00:00,1.37252,1.3728500000000001,1.37247,1.37276,233,15,0
2026-03-20 03:15:00+00:00,1.37277,1.37305,1.37275,1.3729,195,15,0
2026-03-20 03:30:00+00:00,1.3729,1.37313,1.3728799999999999,1.37313,155,15,0
2026-03-20 03:45:00+00:00,1.37313,1.3732,1.37299,1.37305,123,15,0
2026-03-20 04:00:00+00:00,1.37305,1.37324,1.37296,1.37314,136,15,0
2026-03-20 04:15:00+00:00,1.37314,1.37323,1.37294,1.37302,112,15,0
2026-03-20 04:30:00+00:00,1.37302,1.37305,1.37286,1.37302,82,15,0
2026-03-20 04:45:00+00:00,1.37302,1.37321,1.37286,1.3731499999999999,149,15,0
2026-03-20 05:00:00+00:00,1.37314,1.37316,1.37287,1.37294,200,15,0
2026-03-20 05:15:00+00:00,1.37294,1.3731499999999999,1.3728799999999999,1.3731200000000001,207,15,0
2026-03-20 05:30:00+00:00,1.37313,1.3734899999999999,1.3731200000000001,1.37341,233,15,0
2026-03-20 05:45:00+00:00,1.37341,1.37388,1.3734,1.37388,164,15,0
2026-03-20 06:00:00+00:00,1.37388,1.37389,1.37329,1.37339,205,15,0
2026-03-20 06:15:00+00:00,1.37338,1.37367,1.37336,1.3735,209,15,0
2026-03-20 06:30:00+00:00,1.37348,1.37385,1.37335,1.37381,248,15,0
2026-03-20 06:45:00+00:00,1.3738000000000001,1.3739,1.37361,1.37372,220,15,0
2026-03-20 07:00:00+00:00,1.37374,1.374,1.37273,1.37273,379,15,0
2026-03-20 07:15:00+00:00,1.37274,1.37314,1.37256,1.37265,311,15,0
2026-03-20 07:30:00+00:00,1.37265,1.37269,1.3722699999999999,1.37234,317,15,0
2026-03-20 07:45:00+00:00,1.37234,1.3724,1.37196,1.37208,348,15,0
2026-03-20 08:00:00+00:00,1.37207,1.37242,1.37176,1.37177,397,15,0
2026-03-20 08:15:00+00:00,1.37179,1.37183,1.37126,1.37158,316,15,0
2026-03-20 08:30:00+00:00,1.3715899999999999,1.3719700000000001,1.37135,1.37149,384,15,0
2026-03-20 08:45:00+00:00,1.37149,1.37188,1.37124,1.37157,354,15,0
2026-03-20 09:00:00+00:00,1.37157,1.3719700000000001,1.37116,1.3714,357,15,0
2026-03-20 09:15:00+00:00,1.3713899999999999,1.37188,1.37137,1.37187,350,15,0
2026-03-20 09:30:00+00:00,1.37185,1.37188,1.37104,1.37128,469,15,0
2026-03-20 09:45:00+00:00,1.3712900000000001,1.37195,1.37119,1.37186,525,15,0
2026-03-20 10:00:00+00:00,1.37188,1.37282,1.37188,1.3725100000000001,479,15,0
2026-03-20 10:15:00+00:00,1.3725100000000001,1.37268,1.3721999999999999,1.37236,417,15,0
2026-03-20 10:30:00+00:00,1.37238,1.37241,1.37199,1.37209,346,15,0
2026-03-20 10:45:00+00:00,1.37211,1.37277,1.3719999999999999,1.37248,374,15,0
2026-03-20 11:00:00+00:00,1.3725,1.37255,1.3718,1.37209,412,15,0
2026-03-20 11:15:00+00:00,1.3721,1.37223,1.37178,1.37223,339,15,0
2026-03-20 11:30:00+00:00,1.37223,1.37233,1.3710499999999999,1.37117,359,15,0
2026-03-20 11:45:00+00:00,1.37117,1.37167,1.37089,1.37089,353,15,0
2026-03-20 12:00:00+00:00,1.37087,1.37106,1.36989,1.3703400000000001,585,15,0
2026-03-20 12:15:00+00:00,1.3703400000000001,1.3710200000000001,1.3703400000000001,1.37074,428,15,0
2026-03-20 12:30:00+00:00,1.3707500000000001,1.37202,1.37063,1.37165,636,15,0
2026-03-20 12:45:00+00:00,1.37164,1.37179,1.3708,1.3713600000000001,581,15,0
2026-03-20 13:00:00+00:00,1.37135,1.37214,1.37091,1.37092,499,15,0
2026-03-20 13:15:00+00:00,1.37093,1.37108,1.3703400000000001,1.37103,443,15,0
2026-03-20 13:30:00+00:00,1.37103,1.37148,1.37053,1.37063,800,15,0
2026-03-20 13:45:00+00:00,1.37063,1.37238,1.37062,1.37238,836,15,0
2026-03-20 14:00:00+00:00,1.37241,1.37263,1.37154,1.3721999999999999,901,15,0
2026-03-20 14:15:00+00:00,1.37221,1.37294,1.37157,1.3727,779,15,0
2026-03-20 14:30:00+00:00,1.3727,1.37321,1.37207,1.3731200000000001,763,15,0
2026-03-20 14:45:00+00:00,1.37311,1.37411,1.3728799999999999,1.37297,799,15,0
2026-03-20 15:00:00+00:00,1.37297,1.37366,1.3725399999999999,1.37267,806,15,0
2026-03-20 15:15:00+00:00,1.37267,1.37337,1.37201,1.37259,891,15,0
2026-03-20 15:30:00+00:00,1.37262,1.37362,1.3716599999999999,1.37359,849,15,0
2026-03-20 15:45:00+00:00,1.37357,1.3747,1.37311,1.37317,782,15,0
2026-03-20 16:00:00+00:00,1.3732,1.37337,1.37236,1.37243,639,15,0
2026-03-20 16:15:00+00:00,1.37243,1.37259,1.37162,1.37176,578,15,0
2026-03-20 16:30:00+00:00,1.37176,1.3726,1.37158,1.3716,647,15,0
2026-03-20 16:45:00+00:00,1.37158,1.37216,1.37122,1.3713600000000001,494,15,0
2026-03-20 17:00:00+00:00,1.37133,1.37157,1.37042,1.37103,836,15,0
2026-03-20 17:15:00+00:00,1.37103,1.37153,1.37039,1.37063,538,15,0
2026-03-20 17:30:00+00:00,1.37064,1.37188,1.37055,1.3713600000000001,630,15,0
2026-03-20 17:45:00+00:00,1.3713600000000001,1.37164,1.3704399999999999,1.3707099999999999,606,15,0
2026-03-20 18:00:00+00:00,1.3707099999999999,1.3712,1.3703699999999999,1.37114,596,15,0
2026-03-20 18:15:00+00:00,1.37115,1.37211,1.37073,1.37086,758,15,0
2026-03-20 18:30:00+00:00,1.37089,1.37158,1.3707500000000001,1.3715600000000001,623,15,0
2026-03-20 18:45:00+00:00,1.37157,1.3728,1.3713600000000001,1.37255,530,15,0
2026-03-20 19:00:00+00:00,1.37252,1.37269,1.37198,1.3721,446,15,0
2026-03-20 19:15:00+00:00,1.3721,1.37222,1.37137,1.37137,468,15,0
2026-03-20 19:30:00+00:00,1.37134,1.37177,1.37096,1.37106,494,15,0
2026-03-20 19:45:00+00:00,1.37106,1.37198,1.37082,1.37183,593,15,0
2026-03-20 20:00:00+00:00,1.37184,1.37203,1.3713600000000001,1.37186,276,15,0
2026-03-20 20:15:00+00:00,1.37186,1.37231,1.37173,1.37231,260,15,0
2026-03-20 20:30:00+00:00,1.37231,1.3725,1.37204,1.37223,256,15,0
2026-03-20 20:45:00+00:00,1.37221,1.37237,1.37195,1.3723,324,15,0
2026-03-22 21:00:00+00:00,1.3715600000000001,1.37188,1.3715600000000001,1.37173,42,45,0
2026-03-22 21:15:00+00:00,1.37173,1.3719299999999999,1.37151,1.37164,90,40,0
2026-03-22 21:30:00+00:00,1.37165,1.37209,1.3715,1.37209,125,40,0
2026-03-22 21:45:00+00:00,1.37209,1.37225,1.3711,1.37124,143,40,0
2026-03-22 22:00:00+00:00,1.37143,1.37311,1.37134,1.37283,301,18,0
2026-03-22 22:15:00+00:00,1.37284,1.3732,1.37226,1.37255,257,15,0
2026-03-22 22:30:00+00:00,1.37255,1.37286,1.37233,1.3728099999999999,239,15,0
2026-03-22 22:45:00+00:00,1.3728099999999999,1.3728099999999999,1.37226,1.3725100000000001,219,15,0
2026-03-22 23:00:00+00:00,1.37253,1.3726099999999999,1.37212,1.3721700000000001,317,15,0
2026-03-22 23:15:00+00:00,1.3721700000000001,1.37218,1.371,1.371,281,15,0
2026-03-22 23:30:00+00:00,1.3710200000000001,1.37157,1.37054,1.37054,350,15,0
2026-03-22 23:45:00+00:00,1.37054,1.3713600000000001,1.37043,1.37089,449,15,0
2026-03-23 00:00:00+00:00,1.37086,1.37174,1.37065,1.37119,527,15,0
2026-03-23 00:15:00+00:00,1.37118,1.37168,1.37118,1.37167,342,15,0
2026-03-23 00:30:00+00:00,1.37168,1.37253,1.3715899999999999,1.37232,468,15,0
2026-03-23 00:45:00+00:00,1.37231,1.37239,1.37169,1.37196,501,15,0
2026-03-23 01:00:00+00:00,1.3719700000000001,1.37198,1.37065,1.37073,586,15,0
2026-03-23 01:15:00+00:00,1.37073,1.3707799999999999,1.37036,1.3707099999999999,449,15,0
2026-03-23 01:30:00+00:00,1.3707099999999999,1.37099,1.3703400000000001,1.37052,582,15,0
2026-03-23 01:45:00+00:00,1.37054,1.37094,1.37042,1.37084,437,15,0
2026-03-23 02:00:00+00:00,1.37083,1.37103,1.37,1.37082,420,15,0
2026-03-23 02:15:00+00:00,1.37082,1.37094,1.37057,1.37072,305,15,0
2026-03-23 02:30:00+00:00,1.37074,1.3712,1.37066,1.3707500000000001,335,15,0
2026-03-23 02:45:00+00:00,1.3707500000000001,1.37175,1.3707500000000001,1.37143,348,15,0
2026-03-23 03:00:00+00:00,1.37144,1.37173,1.37126,1.37144,308,15,0
2026-03-23 03:15:00+00:00,1.37142,1.37145,1.37109,1.37124,282,15,0
2026-03-23 03:30:00+00:00,1.37124,1.37141,1.37103,1.37128,280,15,0
2026-03-23 03:45:00+00:00,1.3712900000000001,1.37161,1.37114,1.37158,224,15,0
2026-03-23 04:00:00+00:00,1.37157,1.3715899999999999,1.3713,1.3715,216,15,0
2026-03-23 04:15:00+00:00,1.3715,1.37158,1.37131,1.37158,188,15,0
2026-03-23 04:30:00+00:00,1.37161,1.37174,1.37146,1.3715899999999999,214,15,0
2026-03-23 04:45:00+00:00,1.3715899999999999,1.37178,1.37142,1.3715600000000001,224,15,0
2026-03-23 05:00:00+00:00,1.3715600000000001,1.37185,1.37146,1.37179,282,15,0
2026-03-23 05:15:00+00:00,1.37179,1.3725,1.37178,1.3725,201,15,0
2026-03-23 05:30:00+00:00,1.3725,1.37279,1.37239,1.37271,362,15,0
2026-03-23 05:45:00+00:00,1.37271,1.3731499999999999,1.37271,1.37309,284,15,0
2026-03-23 06:00:00+00:00,1.37311,1.3735,1.37289,1.37297,460,15,0
2026-03-23 06:15:00+00:00,1.37299,1.37329,1.37287,1.3731499999999999,363,15,0
2026-03-23 06:30:00+00:00,1.37313,1.37354,1.37301,1.3735,367,15,0
2026-03-23 06:45:00+00:00,1.3735,1.37359,1.37304,1.37311,360,15,0
2026-03-23 07:00:00+00:00,1.37308,1.37357,1.37303,1.37333,417,15,0
2026-03-23 07:15:00+00:00,1.37333,1.37386,1.37332,1.3737599999999999,399,15,0
2026-03-23 07:30:00+00:00,1.3737599999999999,1.37384,1.37276,1.37276,389,15,0
2026-03-23 07:45:00+00:00,1.37275,1.37297,1.37234,1.37292,458,15,0
2026-03-23 08:00:00+00:00,1.37292,1.3731499999999999,1.37246,1.37262,562,15,0
2026-03-23 08:15:00+00:00,1.37264,1.37324,1.37248,1.3725800000000001,581,15,0
2026-03-23 08:30:00+00:00,1.37259,1.3731499999999999,1.37237,1.37308,467,15,0
2026-03-23 08:45:00+00:00,1.37307,1.37335,1.37256,1.37335,417,15,0
2026-03-23 09:00:00+00:00,1.37335,1.37398,1.37326,1.37394,466,15,0
2026-03-23 09:15:00+00:00,1.37395,1.37428,1.37395,1.3742,302,15,0
2026-03-23 09:30:00+00:00,1.3742,1.37484,1.37402,1.37477,309,15,0
2026-03-23 09:45:00+00:00,1.37476,1.37511,1.3746,1.3749,328,15,0
2026-03-23 10:00:00+00:00,1.37493,1.37519,1.3747099999999999,1.37496,403,15,0
2026-03-23 10:15:00+00:00,1.3749500000000001,1.37514,1.37482,1.37494,418,15,0
2026-03-23 10:30:00+00:00,1.37496,1.37541,1.3749500000000001,1.37515,339,15,0
2026-03-23 10:45:00+00:00,1.37515,1.3753,1.37476,1.37521,538,15,0
2026-03-23 11:00:00+00:00,1.3752,1.3752,1.3683,1.37207,3931,15,0
2026-03-23 11:15:00+00:00,1.37207,1.37417,1.37062,1.37364,3232,15,0
2026-03-23 11:30:00+00:00,1.37366,1.37369,1.37127,1.37268,2030,15,0
2026-03-23 11:45:00+00:00,1.37269,1.37369,1.3725100000000001,1.37316,1479,15,0
2026-03-23 12:00:00+00:00,1.3731499999999999,1.37438,1.37284,1.3737599999999999,1365,15,0
2026-03-23 12:15:00+00:00,1.3737300000000001,1.37418,1.37316,1.37365,1004,15,0
2026-03-23 12:30:00+00:00,1.37365,1.37429,1.37149,1.37154,1122,15,0
2026-03-23 12:45:00+00:00,1.37152,1.37207,1.36901,1.36967,1263,15,0
2026-03-23 13:00:00+00:00,1.36964,1.37172,1.36947,1.37117,1369,15,0
2026-03-23 13:15:00+00:00,1.37117,1.37272,1.37109,1.37173,997,15,0
2026-03-23 13:30:00+00:00,1.37174,1.37208,1.371,1.3718,1533,15,0
2026-03-23 13:45:00+00:00,1.37181,1.37198,1.3709,1.3709,1143,15,0
2026-03-23 14:00:00+00:00,1.37085,1.37091,1.36921,1.3697300000000001,1096,15,0
2026-03-23 14:15:00+00:00,1.36972,1.3698000000000001,1.36691,1.36725,931,15,0
2026-03-23 14:30:00+00:00,1.36726,1.3688799999999999,1.36695,1.36843,1073,15,0
2026-03-23 14:45:00+00:00,1.36844,1.36985,1.36777,1.36985,1144,15,0
2026-03-23 15:00:00+00:00,1.36987,1.37051,1.36903,1.37051,1056,15,0
2026-03-23 15:15:00+00:00,1.37053,1.3716599999999999,1.37013,1.37142,945,15,0
2026-03-23 15:30:00+00:00,1.37146,1.3719700000000001,1.37106,1.37168,987,15,0
2026-03-23 15:45:00+00:00,1.37171,1.37231,1.3710200000000001,1.3718,1069,15,0
2026-03-23 16:00:00+00:00,1.3718,1.37229,1.37114,1.37212,962,15,0
2026-03-23 16:15:00+00:00,1.37212,1.3728500000000001,1.37207,1.37279,717,15,0
2026-03-23 16:30:00+00:00,1.37277,1.3728,1.37178,1.37196,779,15,0
2026-03-23 16:45:00+00:00,1.3719700000000001,1.37244,1.37178,1.37236,622,15,0
2026-03-23 17:00:00+00:00,1.37233,1.37296,1.3719299999999999,1.37236,695,15,0
2026-03-23 17:15:00+00:00,1.37235,1.37266,1.3719700000000001,1.37237,709,15,0
2026-03-23 17:30:00+00:00,1.3724,1.37259,1.37143,1.37219,597,15,0
2026-03-23 17:45:00+00:00,1.37218,1.37297,1.37214,1.37273,455,15,0
2026-03-23 18:00:00+00:00,1.37273,1.3734899999999999,1.37265,1.37289,655,15,0
2026-03-23 18:15:00+00:00,1.37289,1.3731200000000001,1.37248,1.37263,523,15,0
2026-03-23 18:30:00+00:00,1.3726,1.3726,1.37135,1.3715,605,15,0
2026-03-23 18:45:00+00:00,1.37151,1.37189,1.3712900000000001,1.37162,365,15,0
2026-03-23 19:00:00+00:00,1.37161,1.37219,1.37151,1.37211,363,15,0
2026-03-23 19:15:00+00:00,1.37211,1.37259,1.37196,1.3725800000000001,335,15,0
2026-03-23 19:30:00+00:00,1.3725800000000001,1.3727800000000001,1.37228,1.37236,344,15,0
2026-03-23 19:45:00+00:00,1.37235,1.3728,1.37209,1.37215,420,15,0
2026-03-23 20:00:00+00:00,1.3721700000000001,1.3727800000000001,1.37209,1.3725399999999999,282,15,0
2026-03-23 20:15:00+00:00,1.37253,1.37298,1.37239,1.37292,155,15,0
2026-03-23 20:30:00+00:00,1.37293,1.37303,1.37214,1.37234,225,15,0
2026-03-23 20:45:00+00:00,1.37235,1.37292,1.37228,1.37266,207,15,0
2026-03-23 21:00:00+00:00,1.37265,1.37268,1.3723,1.3723,108,15,0
2026-03-23 21:15:00+00:00,1.37231,1.3724,1.3721999999999999,1.3723,227,43,0
2026-03-23 21:30:00+00:00,1.37231,1.37237,1.37222,1.37236,222,41,0
2026-03-23 21:45:00+00:00,1.37236,1.37241,1.37222,1.3722699999999999,182,35,0
2026-03-23 22:00:00+00:00,1.37229,1.37276,1.37216,1.3723,138,16,0
2026-03-23 22:15:00+00:00,1.3723,1.3725800000000001,1.3721999999999999,1.37239,145,18,0
2026-03-23 22:30:00+00:00,1.37239,1.3725800000000001,1.37238,1.3725800000000001,109,18,0
2026-03-23 22:45:00+00:00,1.3725800000000001,1.3725800000000001,1.37211,1.3723,174,15,0
2026-03-23 23:00:00+00:00,1.37231,1.37252,1.37222,1.37245,171,15,0
2026-03-23 23:15:00+00:00,1.37245,1.3725,1.37231,1.37247,165,15,0
2026-03-23 23:30:00+00:00,1.37249,1.3727800000000001,1.37249,1.3726,134,15,0
2026-03-23 23:45:00+00:00,1.37259,1.3731,1.37255,1.37298,259,15,0
2026-03-24 00:00:00+00:00,1.37298,1.37381,1.3728799999999999,1.37379,367,15,0
2026-03-24 00:15:00+00:00,1.37381,1.3742,1.37355,1.37379,373,15,0
2026-03-24 00:30:00+00:00,1.37378,1.37413,1.37365,1.37401,502,15,0
2026-03-24 00:45:00+00:00,1.37401,1.37419,1.3738000000000001,1.37415,359,15,0
2026-03-24 01:00:00+00:00,1.37415,1.37432,1.37391,1.37406,421,15,0
2026-03-24 01:15:00+00:00,1.37409,1.37435,1.37401,1.37423,440,15,0
2026-03-24 01:30:00+00:00,1.37425,1.37489,1.37418,1.37483,364,15,0
2026-03-24 01:45:00+00:00,1.37482,1.37491,1.37463,1.37487,262,15,0
2026-03-24 02:00:00+00:00,1.37484,1.37515,1.37474,1.37511,286,15,0
2026-03-24 02:15:00+00:00,1.3751,1.3751,1.37457,1.37466,447,15,0
2026-03-24 02:30:00+00:00,1.37466,1.37494,1.37455,1.37478,400,15,0
2026-03-24 02:45:00+00:00,1.37478,1.37515,1.37478,1.37512,290,15,0
2026-03-24 03:00:00+00:00,1.37512,1.37528,1.37496,1.37503,273,15,0
2026-03-24 03:15:00+00:00,1.37503,1.3751,1.37493,1.375,233,15,0
2026-03-24 03:30:00+00:00,1.375,1.37541,1.375,1.37535,223,15,0
2026-03-24 03:45:00+00:00,1.3753600000000001,1.37543,1.37524,1.3754,188,15,0
2026-03-24 04:00:00+00:00,1.3754,1.37564,1.37533,1.37561,182,15,0
2026-03-24 04:15:00+00:00,1.37561,1.37585,1.37561,1.37584,233,15,0
2026-03-24 04:30:00+00:00,1.37584,1.37585,1.37575,1.37576,161,15,0
2026-03-24 04:45:00+00:00,1.37576,1.37576,1.37546,1.3755899999999999,165,15,0
2026-03-24 05:00:00+00:00,1.37558,1.3759299999999999,1.37553,1.3758,314,15,0
2026-03-24 05:15:00+00:00,1.37578,1.37588,1.37537,1.37588,371,15,0
2026-03-24 05:30:00+00:00,1.37588,1.37589,1.3752900000000001,1.37551,360,15,0
2026-03-24 05:45:00+00:00,1.3755,1.3757,1.37537,1.37557,273,15,0
2026-03-24 06:00:00+00:00,1.37557,1.37576,1.37509,1.37541,486,15,0
2026-03-24 06:15:00+00:00,1.37541,1.37583,1.3753199999999999,1.3756599999999999,444,15,0
2026-03-24 06:30:00+00:00,1.37568,1.37609,1.37561,1.37588,402,15,0
2026-03-24 06:45:00+00:00,1.37588,1.37599,1.3749799999999999,1.37501,384,15,0
2026-03-24 07:00:00+00:00,1.37504,1.37513,1.3725100000000001,1.37284,709,15,0
2026-03-24 07:15:00+00:00,1.37287,1.37391,1.37287,1.37391,626,15,0
2026-03-24 07:30:00+00:00,1.37391,1.37442,1.3736,1.3737,584,15,0
2026-03-24 07:45:00+00:00,1.37372,1.37428,1.37372,1.37397,542,15,0
2026-03-24 08:00:00+00:00,1.37398,1.37476,1.37394,1.3744,646,15,0
2026-03-24 08:15:00+00:00,1.37443,1.37519,1.37417,1.37519,522,15,0
2026-03-24 08:30:00+00:00,1.3752,1.37531,1.37481,1.37488,530,15,0
2026-03-24 08:45:00+00:00,1.37489,1.37527,1.37452,1.3747,623,15,0
2026-03-24 09:00:00+00:00,1.3747,1.37513,1.37448,1.37507,510,15,0
2026-03-24 09:15:00+00:00,1.37509,1.37526,1.3746,1.3746399999999999,432,15,0
2026-03-24 09:30:00+00:00,1.37465,1.3747099999999999,1.37379,1.37396,443,15,0
2026-03-24 09:45:00+00:00,1.37397,1.3740999999999999,1.37388,1.37401,342,15,0
2026-03-24 10:00:00+00:00,1.374,1.3743,1.37358,1.3737,391,15,0
2026-03-24 10:15:00+00:00,1.3737,1.3737599999999999,1.37297,1.37304,340,15,0
2026-03-24 10:30:00+00:00,1.37307,1.37361,1.37307,1.37351,421,15,0
2026-03-24 10:45:00+00:00,1.3735,1.37398,1.37324,1.37324,380,15,0
2026-03-24 11:00:00+00:00,1.37324,1.37377,1.37279,1.37323,525,15,0
2026-03-24 11:15:00+00:00,1.37323,1.37404,1.37321,1.37396,360,15,0
2026-03-24 11:30:00+00:00,1.37397,1.3744399999999999,1.37379,1.3738000000000001,357,15,0
2026-03-24 11:45:00+00:00,1.3738000000000001,1.37466,1.37374,1.37459,565,15,0
2026-03-24 12:00:00+00:00,1.37459,1.37526,1.37443,1.37518,534,15,0
2026-03-24 12:15:00+00:00,1.37519,1.37548,1.3749799999999999,1.3753199999999999,450,15,0
2026-03-24 12:30:00+00:00,1.3753199999999999,1.3756,1.3751,1.37545,462,15,0
2026-03-24 12:45:00+00:00,1.37546,1.37548,1.37357,1.37433,645,15,0
2026-03-24 13:00:00+00:00,1.3743400000000001,1.37497,1.37367,1.3746399999999999,724,15,0
2026-03-24 13:15:00+00:00,1.3746399999999999,1.37481,1.3740999999999999,1.37479,599,15,0
2026-03-24 13:30:00+00:00,1.3748,1.37609,1.37465,1.37514,916,15,0
2026-03-24 13:45:00+00:00,1.37517,1.37565,1.37427,1.37427,822,15,0
2026-03-24 14:00:00+00:00,1.37425,1.3743400000000001,1.37292,1.37359,851,15,0
2026-03-24 14:15:00+00:00,1.3736,1.37456,1.37345,1.37366,769,15,0
2026-03-24 14:30:00+00:00,1.37368,1.37467,1.37348,1.3744,671,15,0
2026-03-24 14:45:00+00:00,1.3744,1.37568,1.37343,1.37494,1388,15,0
2026-03-24 15:00:00+00:00,1.37492,1.37584,1.37466,1.3754,963,15,0
2026-03-24 15:15:00+00:00,1.37539,1.37561,1.37501,1.37542,661,15,0
2026-03-24 15:30:00+00:00,1.37542,1.37578,1.3751,1.37561,686,15,0
2026-03-24 15:45:00+00:00,1.3756300000000001,1.37647,1.3755,1.37646,596,15,0
2026-03-24 16:00:00+00:00,1.37646,1.37683,1.37633,1.3765100000000001,629,15,0
2026-03-24 16:15:00+00:00,1.3765100000000001,1.37665,1.37577,1.37652,596,15,0
2026-03-24 16:30:00+00:00,1.3765100000000001,1.37741,1.3763,1.37708,431,15,0
2026-03-24 16:45:00+00:00,1.37708,1.3771900000000001,1.37672,1.37717,487,15,0
2026-03-24 17:00:00+00:00,1.3771900000000001,1.37842,1.37713,1.37812,743,15,0
2026-03-24 17:15:00+00:00,1.37814,1.37824,1.37774,1.37794,651,15,0
2026-03-24 17:30:00+00:00,1.37796,1.37835,1.37774,1.37825,447,15,0
2026-03-24 17:45:00+00:00,1.37825,1.37846,1.3774,1.37781,801,15,0
2026-03-24 18:00:00+00:00,1.37779,1.37827,1.3774600000000001,1.37804,566,15,0
2026-03-24 18:15:00+00:00,1.3780299999999999,1.37815,1.3768799999999999,1.37696,585,15,0
2026-03-24 18:30:00+00:00,1.37696,1.37703,1.3762400000000001,1.37668,595,15,0
2026-03-24 18:45:00+00:00,1.37667,1.37711,1.37659,1.37695,418,15,0
2026-03-24 19:00:00+00:00,1.37693,1.37693,1.37631,1.37641,402,15,0
2026-03-24 19:15:00+00:00,1.37642,1.37666,1.37636,1.37662,363,15,0
2026-03-24 19:30:00+00:00,1.37662,1.37673,1.37622,1.37631,323,15,0
2026-03-24 19:45:00+00:00,1.3763,1.37638,1.37606,1.37636,257,15,0
2026-03-24 20:00:00+00:00,1.37636,1.3768099999999999,1.37611,1.37638,258,15,0
2026-03-24 20:15:00+00:00,1.37638,1.37638,1.3740999999999999,1.3754,921,15,0
2026-03-24 20:30:00+00:00,1.37537,1.3759700000000001,1.37492,1.37576,814,15,0
2026-03-24 20:45:00+00:00,1.37575,1.37674,1.37569,1.37641,483,15,0
2026-03-24 21:00:00+00:00,1.3764,1.37642,1.37614,1.37616,111,22,0
2026-03-24 21:15:00+00:00,1.37614,1.37616,1.37579,1.37582,240,46,0
2026-03-24 21:30:00+00:00,1.37581,1.37606,1.37577,1.37592,257,49,0
2026-03-24 21:45:00+00:00,1.3759299999999999,1.37596,1.37562,1.3759000000000001,250,46,0
2026-03-24 22:00:00+00:00,1.3759000000000001,1.37638,1.3759000000000001,1.37631,188,17,0
2026-03-24 22:15:00+00:00,1.37631,1.3765800000000001,1.3761,1.3763,216,18,0
2026-03-24 22:30:00+00:00,1.3763,1.37647,1.3761999999999999,1.37632,169,15,0
2026-03-24 22:45:00+00:00,1.37632,1.37632,1.37608,1.3761,163,15,0
2026-03-24 23:00:00+00:00,1.37611,1.3765399999999999,1.37607,1.3761999999999999,210,15,0
2026-03-24 23:15:00+00:00,1.37621,1.37623,1.37575,1.37575,185,15,0
2026-03-24 23:30:00+00:00,1.37575,1.37596,1.37572,1.37595,167,15,0
2026-03-24 23:45:00+00:00,1.37595,1.37606,1.37572,1.37576,137,15,0
2026-03-25 00:00:00+00:00,1.37576,1.37587,1.3749500000000001,1.37515,389,15,0
2026-03-25 00:15:00+00:00,1.37515,1.3758,1.37515,1.37573,356,15,0
2026-03-25 00:30:00+00:00,1.37575,1.37625,1.37506,1.3752,482,15,0
2026-03-25 00:45:00+00:00,1.37519,1.37555,1.37506,1.37555,295,15,0
2026-03-25 01:00:00+00:00,1.37557,1.3759000000000001,1.37539,1.3759000000000001,409,15,0
2026-03-25 01:15:00+00:00,1.3759000000000001,1.37596,1.3756300000000001,1.37591,369,15,0
2026-03-25 01:30:00+00:00,1.37591,1.37621,1.37554,1.37599,382,15,0
2026-03-25 01:45:00+00:00,1.37599,1.37665,1.3759000000000001,1.37665,283,15,0
2026-03-25 02:00:00+00:00,1.37664,1.37723,1.3765100000000001,1.3771499999999999,321,15,0
2026-03-25 02:15:00+00:00,1.3771499999999999,1.3772199999999999,1.37687,1.37698,276,15,0
2026-03-25 02:30:00+00:00,1.37698,1.3772199999999999,1.3769,1.377,225,15,0
2026-03-25 02:45:00+00:00,1.377,1.37735,1.37674,1.37717,257,15,0
2026-03-25 03:00:00+00:00,1.37718,1.37734,1.37696,1.37729,255,15,0
2026-03-25 03:15:00+00:00,1.37729,1.37736,1.37704,1.37717,223,15,0
2026-03-25 03:30:00+00:00,1.37718,1.37723,1.3768500000000001,1.37693,209,15,0
2026-03-25 03:45:00+00:00,1.37692,1.37698,1.37682,1.37687,155,15,0
2026-03-25 04:00:00+00:00,1.37689,1.3772199999999999,1.37683,1.37718,153,15,0
2026-03-25 04:15:00+00:00,1.37716,1.37721,1.37692,1.37698,157,15,0
2026-03-25 04:30:00+00:00,1.37697,1.3772,1.37694,1.37718,156,15,0
2026-03-25 04:45:00+00:00,1.37718,1.37724,1.37706,1.3772199999999999,152,15,0
2026-03-25 05:00:00+00:00,1.37723,1.37751,1.37723,1.37727,199,15,0
2026-03-25 05:15:00+00:00,1.37727,1.37753,1.37727,1.37744,222,15,0
2026-03-25 05:30:00+00:00,1.37743,1.3774600000000001,1.37721,1.37731,242,15,0
2026-03-25 05:45:00+00:00,1.37732,1.37772,1.37731,1.3777,230,15,0
2026-03-25 06:00:00+00:00,1.3777,1.37795,1.37761,1.37764,270,15,0
2026-03-25 06:15:00+00:00,1.37763,1.37797,1.37752,1.37797,185,15,0
2026-03-25 06:30:00+00:00,1.37797,1.37798,1.37777,1.37789,173,15,0
2026-03-25 06:45:00+00:00,1.37789,1.37799,1.37754,1.37771,223,15,0
2026-03-25 07:00:00+00:00,1.37771,1.3778000000000001,1.37711,1.37762,401,15,0
2026-03-25 07:15:00+00:00,1.3776,1.3780700000000001,1.37759,1.37798,282,15,0
2026-03-25 07:30:00+00:00,1.37797,1.37839,1.37777,1.37826,300,15,0
2026-03-25 07:45:00+00:00,1.37826,1.3783699999999999,1.37816,1.37826,244,15,0
2026-03-25 08:00:00+00:00,1.37826,1.37851,1.37784,1.37826,511,15,0
2026-03-25 08:15:00+00:00,1.37826,1.37846,1.37771,1.37781,498,15,0
2026-03-25 08:30:00+00:00,1.37781,1.37858,1.37774,1.37851,497,15,0
2026-03-25 08:45:00+00:00,1.37851,1.37862,1.37826,1.3786100000000001,289,15,0
2026-03-25 09:00:00+00:00,1.3786100000000001,1.37887,1.37842,1.37884,238,15,0
2026-03-25 09:15:00+00:00,1.37885,1.37901,1.37867,1.37899,215,15,0
2026-03-25 09:30:00+00:00,1.37899,1.37936,1.37892,1.3792900000000001,259,15,0
2026-03-25 09:45:00+00:00,1.3792900000000001,1.37944,1.37916,1.37931,277,15,0
2026-03-25 10:00:00+00:00,1.3792900000000001,1.37961,1.3791,1.37957,280,15,0
2026-03-25 10:15:00+00:00,1.37957,1.37968,1.37953,1.37967,193,15,0
2026-03-25 10:30:00+00:00,1.37967,1.37975,1.37946,1.37974,186,15,0
2026-03-25 10:45:00+00:00,1.37974,1.37975,1.3792,1.37931,255,15,0
2026-03-25 11:00:00+00:00,1.3793,1.37942,1.3788,1.37897,286,15,0
2026-03-25 11:15:00+00:00,1.37897,1.37928,1.37887,1.3792499999999999,236,15,0
2026-03-25 11:30:00+00:00,1.3792499999999999,1.37961,1.37919,1.3796,170,15,0
2026-03-25 11:45:00+00:00,1.37962,1.3799299999999999,1.37949,1.37949,302,15,0
2026-03-25 12:00:00+00:00,1.37947,1.37947,1.37881,1.37901,512,15,0
2026-03-25 12:15:00+00:00,1.37901,1.37992,1.37893,1.37953,693,15,0
2026-03-25 12:30:00+00:00,1.3795600000000001,1.37969,1.3787099999999999,1.37896,516,15,0
2026-03-25 12:45:00+00:00,1.3789500000000001,1.37933,1.3784399999999999,1.37853,382,15,0
2026-03-25 13:00:00+00:00,1.3785,1.3785,1.37779,1.37825,551,15,0
2026-03-25 13:15:00+00:00,1.37824,1.37829,1.37721,1.37824,412,15,0
2026-03-25 13:30:00+00:00,1.37821,1.37872,1.37789,1.37846,695,15,0
2026-03-25 13:45:00+00:00,1.3784399999999999,1.37921,1.37832,1.37892,690,15,0
2026-03-25 14:00:00+00:00,1.3789,1.37899,1.37815,1.3786800000000001,736,15,0
2026-03-25 14:15:00+00:00,1.37867,1.3794,1.37848,1.37904,656,15,0
2026-03-25 14:30:00+00:00,1.3790200000000001,1.37965,1.37883,1.37958,473,15,0
2026-03-25 14:45:00+00:00,1.3796,1.3797,1.37935,1.37939,389,15,0
2026-03-25 15:00:00+00:00,1.37939,1.37998,1.37914,1.37994,454,15,0
2026-03-25 15:15:00+00:00,1.37994,1.38063,1.37967,1.3799299999999999,719,15,0
2026-03-25 15:30:00+00:00,1.3799299999999999,1.38065,1.37957,1.38056,500,15,0
2026-03-25 15:45:00+00:00,1.38055,1.3807,1.37976,1.3798,528,15,0
2026-03-25 16:00:00+00:00,1.37981,1.38061,1.37973,1.38061,595,15,0
2026-03-25 16:15:00+00:00,1.38062,1.38089,1.3796,1.38023,625,15,0
2026-03-25 16:30:00+00:00,1.3801999999999999,1.38076,1.38014,1.38053,482,15,0
2026-03-25 16:45:00+00:00,1.3805399999999999,1.3808799999999999,1.38043,1.38083,348,15,0
2026-03-25 17:00:00+00:00,1.3808500000000001,1.38091,1.38052,1.38056,388,15,0
2026-03-25 17:15:00+00:00,1.38056,1.3808500000000001,1.37989,1.38029,415,15,0
2026-03-25 17:30:00+00:00,1.3802699999999999,1.38048,1.38005,1.38021,404,15,0
2026-03-25 17:45:00+00:00,1.38021,1.38093,1.38021,1.38089,417,15,0
2026-03-25 18:00:00+00:00,1.3809,1.38097,1.3805399999999999,1.38067,391,15,0
2026-03-25 18:15:00+00:00,1.38067,1.38093,1.38057,1.38091,310,15,0
2026-03-25 18:30:00+00:00,1.38091,1.3814,1.38075,1.38107,311,15,0
2026-03-25 18:45:00+00:00,1.38109,1.3815,1.38093,1.38105,433,15,0
2026-03-25 19:00:00+00:00,1.38104,1.38175,1.38104,1.38157,369,15,0
2026-03-25 19:15:00+00:00,1.38157,1.38174,1.3813,1.3816899999999999,309,15,0
2026-03-25 19:30:00+00:00,1.3816899999999999,1.3819,1.38138,1.3813900000000001,238,15,0
2026-03-25 19:45:00+00:00,1.3813900000000001,1.38162,1.38135,1.38157,254,15,0
2026-03-25 20:00:00+00:00,1.38158,1.38161,1.38109,1.38129,235,15,0
2026-03-25 20:15:00+00:00,1.38128,1.3813,1.38099,1.38121,109,15,0
2026-03-25 20:30:00+00:00,1.3812,1.38126,1.38061,1.38061,207,15,0
2026-03-25 20:45:00+00:00,1.38061,1.38121,1.38061,1.38109,170,15,0
2026-03-25 21:00:00+00:00,1.3811,1.3811,1.38076,1.38076,153,15,0
2026-03-25 21:15:00+00:00,1.38077,1.3808099999999999,1.38056,1.38063,216,49,0
2026-03-25 21:30:00+00:00,1.38062,1.38077,1.38057,1.38068,263,46,0
2026-03-25 21:45:00+00:00,1.38067,1.38083,1.38065,1.38083,162,27,0
2026-03-25 22:00:00+00:00,1.38075,1.3814899999999999,1.38066,1.38144,108,18,0
2026-03-25 22:15:00+00:00,1.38144,1.38148,1.38133,1.38136,63,15,0
2026-03-25 22:30:00+00:00,1.38136,1.38136,1.38093,1.38094,96,15,0
2026-03-25 22:45:00+00:00,1.38094,1.38121,1.38093,1.38118,100,15,0
2026-03-25 23:00:00+00:00,1.38117,1.38141,1.38117,1.38141,126,15,0
2026-03-25 23:15:00+00:00,1.38141,1.38156,1.38113,1.38123,72,15,0
2026-03-25 23:30:00+00:00,1.38123,1.3815,1.38122,1.3815,62,15,0
2026-03-25 23:45:00+00:00,1.3815,1.38152,1.38135,1.3814199999999999,85,15,0
2026-03-26 00:00:00+00:00,1.3814199999999999,1.38163,1.38137,1.38145,245,15,0
2026-03-26 00:15:00+00:00,1.38145,1.38172,1.38145,1.3816899999999999,141,15,0
2026-03-26 00:30:00+00:00,1.38172,1.3822999999999999,1.3817,1.3822999999999999,182,15,0
2026-03-26 00:45:00+00:00,1.3822999999999999,1.3824100000000001,1.38217,1.38222,207,15,0
2026-03-26 01:00:00+00:00,1.38222,1.38222,1.3817300000000001,1.38186,311,15,0
2026-03-26 01:15:00+00:00,1.38186,1.38222,1.3817599999999999,1.3822,220,15,0
2026-03-26 01:30:00+00:00,1.38221,1.38231,1.3820299999999999,1.3822999999999999,210,15,0
2026-03-26 01:45:00+00:00,1.3822999999999999,1.38239,1.38222,1.38227,140,15,0
2026-03-26 02:00:00+00:00,1.38227,1.38257,1.38226,1.38256,150,15,0
2026-03-26 02:15:00+00:00,1.38256,1.38259,1.3823699999999999,1.38257,142,15,0
2026-03-26 02:30:00+00:00,1.38257,1.3831,1.38253,1.38267,206,15,0
2026-03-26 02:45:00+00:00,1.38267,1.38286,1.38256,1.38272,160,15,0
2026-03-26 03:00:00+00:00,1.38273,1.38278,1.38217,1.38218,243,15,0
2026-03-26 03:15:00+00:00,1.38219,1.38227,1.38188,1.38192,158,15,0
2026-03-26 03:30:00+00:00,1.38192,1.38192,1.38162,1.38179,193,15,0
2026-03-26 03:45:00+00:00,1.38179,1.3820000000000001,1.38179,1.38193,152,15,0
2026-03-26 04:00:00+00:00,1.38193,1.38209,1.38193,1.3820000000000001,133,15,0
2026-03-26 04:15:00+00:00,1.3820000000000001,1.3820000000000001,1.38191,1.38192,123,15,0
2026-03-26 04:30:00+00:00,1.38192,1.38192,1.3818,1.38183,69,15,0
2026-03-26 04:45:00+00:00,1.38183,1.3820000000000001,1.3817,1.38196,164,15,0
2026-03-26 05:00:00+00:00,1.38195,1.3820999999999999,1.38192,1.38202,152,15,0
2026-03-26 05:15:00+00:00,1.38202,1.3822999999999999,1.38201,1.38218,140,15,0
2026-03-26 05:30:00+00:00,1.38218,1.38225,1.38191,1.38209,220,15,0
2026-03-26 05:45:00+00:00,1.38212,1.38258,1.38212,1.38249,233,15,0
2026-03-26 06:00:00+00:00,1.38249,1.3826,1.38208,1.38238,283,15,0
2026-03-26 06:15:00+00:00,1.38238,1.3824100000000001,1.38191,1.38198,242,15,0
2026-03-26 06:30:00+00:00,1.38198,1.38229,1.38197,1.38215,210,15,0
2026-03-26 06:45:00+00:00,1.38213,1.38213,1.3817,1.38175,256,15,0
2026-03-26 07:00:00+00:00,1.38175,1.38258,1.38175,1.38249,324,15,0
2026-03-26 07:15:00+00:00,1.38248,1.3829799999999999,1.3822,1.3822999999999999,269,15,0
2026-03-26 07:30:00+00:00,1.3822999999999999,1.38301,1.38228,1.38289,313,15,0
2026-03-26 07:45:00+00:00,1.38289,1.3831,1.38285,1.3829500000000001,257,15,0
2026-03-26 08:00:00+00:00,1.3829500000000001,1.3833,1.3829500000000001,1.3832200000000001,297,15,0
2026-03-26 08:15:00+00:00,1.38319,1.38349,1.38286,1.38348,283,15,0
2026-03-26 08:30:00+00:00,1.38348,1.38376,1.38331,1.38348,285,15,0
2026-03-26 08:45:00+00:00,1.38348,1.38358,1.38307,1.38312,230,15,0
2026-03-26 09:00:00+00:00,1.38315,1.38328,1.38292,1.3831,297,15,0
2026-03-26 09:15:00+00:00,1.3831,1.38338,1.38304,1.3831,256,15,0
2026-03-26 09:30:00+00:00,1.38312,1.38321,1.3826399999999999,1.38321,334,15,0
2026-03-26 09:45:00+00:00,1.38321,1.38333,1.3828,1.38281,247,15,0
2026-03-26 10:00:00+00:00,1.38281,1.38281,1.3824,1.3826399999999999,284,15,0
2026-03-26 10:15:00+00:00,1.3826399999999999,1.38283,1.38255,1.38282,194,15,0
2026-03-26 10:30:00+00:00,1.38283,1.3829099999999999,1.38244,1.38262,273,15,0
2026-03-26 10:45:00+00:00,1.38262,1.38317,1.3826100000000001,1.38309,284,15,0
2026-03-26 11:00:00+00:00,1.38306,1.38368,1.38281,1.38367,228,15,0
2026-03-26 11:15:00+00:00,1.38367,1.38441,1.3835899999999999,1.38436,244,15,0
2026-03-26 11:30:00+00:00,1.38436,1.38449,1.38416,1.38445,215,15,0
2026-03-26 11:45:00+00:00,1.38445,1.3849,1.38445,1.38459,207,15,0
2026-03-26 12:00:00+00:00,1.38457,1.38477,1.38354,1.38402,446,15,0
2026-03-26 12:15:00+00:00,1.38401,1.3848500000000001,1.38385,1.38406,399,15,0
2026-03-26 12:30:00+00:00,1.38406,1.38429,1.38351,1.3835899999999999,429,15,0
2026-03-26 12:45:00+00:00,1.3835899999999999,1.38379,1.38326,1.38347,371,15,0
2026-03-26 13:00:00+00:00,1.38348,1.38367,1.38312,1.3833199999999999,475,15,0
2026-03-26 13:15:00+00:00,1.3833199999999999,1.38353,1.3826399999999999,1.38301,391,15,0
2026-03-26 13:30:00+00:00,1.38303,1.38326,1.3822,1.3822,664,15,0
2026-03-26 13:45:00+00:00,1.38218,1.38349,1.3820700000000001,1.38274,638,15,0
2026-03-26 14:00:00+00:00,1.3827099999999999,1.38321,1.38247,1.3827099999999999,605,15,0
2026-03-26 14:15:00+00:00,1.3827099999999999,1.38292,1.38249,1.38282,366,15,0
2026-03-26 14:30:00+00:00,1.38282,1.38395,1.3826399999999999,1.38382,595,15,0
2026-03-26 14:45:00+00:00,1.38385,1.384,1.38319,1.38358,598,15,0
2026-03-26 15:00:00+00:00,1.38355,1.38401,1.3834,1.3837,545,15,0
2026-03-26 15:15:00+00:00,1.38372,1.38469,1.3836,1.38469,420,15,0
2026-03-26 15:30:00+00:00,1.38469,1.3856600000000001,1.38446,1.38556,442,15,0
2026-03-26 15:45:00+00:00,1.38556,1.38572,1.385,1.38504,543,15,0
2026-03-26 16:00:00+00:00,1.38504,1.38528,1.38487,1.38492,381,15,0
2026-03-26 16:15:00+00:00,1.38493,1.38541,1.38464,1.38464,393,15,0
2026-03-26 16:30:00+00:00,1.38465,1.38511,1.3845399999999999,1.38493,441,15,0
2026-03-26 16:45:00+00:00,1.38492,1.38503,1.38406,1.38426,329,15,0
2026-03-26 17:00:00+00:00,1.38426,1.38514,1.3842400000000001,1.38514,376,14,0
2026-03-26 17:15:00+00:00,1.3851499999999999,1.38536,1.38503,1.38521,354,14,0
2026-03-26 17:30:00+00:00,1.38521,1.38545,1.38475,1.38538,300,14,0
2026-03-26 17:45:00+00:00,1.3854,1.38545,1.38514,1.38541,314,14,0
2026-03-26 18:00:00+00:00,1.3854199999999999,1.38553,1.38513,1.38527,337,14,0
2026-03-26 18:15:00+00:00,1.38528,1.38536,1.38482,1.3852,344,14,0
2026-03-26 18:30:00+00:00,1.3852,1.3853,1.38466,1.38467,257,14,0
2026-03-26 18:45:00+00:00,1.38468,1.38489,1.38455,1.38462,260,14,0
2026-03-26 19:00:00+00:00,1.3846,1.3852,1.38453,1.38509,336,14,0
2026-03-26 19:15:00+00:00,1.3850799999999999,1.3851499999999999,1.38469,1.38507,313,14,0
2026-03-26 19:30:00+00:00,1.38507,1.3852,1.38465,1.3851200000000001,256,14,0
2026-03-26 19:45:00+00:00,1.3851200000000001,1.3856600000000001,1.38511,1.3856600000000001,310,14,0
2026-03-26 20:00:00+00:00,1.3856600000000001,1.38577,1.3835899999999999,1.38455,974,14,0
2026-03-26 20:15:00+00:00,1.38452,1.38551,1.3841999999999999,1.38551,768,14,0
2026-03-26 20:30:00+00:00,1.38553,1.38612,1.3854199999999999,1.38612,264,14,0
2026-03-26 20:45:00+00:00,1.38612,1.38655,1.38571,1.38596,244,14,0
2026-03-26 21:00:00+00:00,1.38595,1.38598,1.38588,1.38593,50,21,0
2026-03-26 21:15:00+00:00,1.38594,1.3860000000000001,1.38587,1.38591,332,17,0
2026-03-26 21:30:00+00:00,1.38592,1.3860000000000001,1.38587,1.38595,172,15,0
2026-03-26 21:45:00+00:00,1.38594,1.38599,1.38588,1.38599,84,24,0
2026-03-26 22:00:00+00:00,1.38601,1.3860299999999999,1.3850799999999999,1.38563,135,14,0
2026-03-26 22:15:00+00:00,1.38563,1.38563,1.38536,1.38543,85,16,0
2026-03-26 22:30:00+00:00,1.38543,1.38543,1.38504,1.3850500000000001,81,16,0
2026-03-26 22:45:00+00:00,1.3850500000000001,1.38514,1.38495,1.38513,82,14,0
2026-03-26 23:00:00+00:00,1.3851499999999999,1.38516,1.38501,1.38506,96,14,0
2026-03-26 23:15:00+00:00,1.38506,1.38514,1.38497,1.3850500000000001,85,14,0
2026-03-26 23:30:00+00:00,1.3850500000000001,1.3850500000000001,1.38446,1.38501,134,14,0
2026-03-26 23:45:00+00:00,1.38501,1.38534,1.38501,1.38531,143,14,0
2026-03-27 00:00:00+00:00,1.38531,1.38552,1.38492,1.38552,300,14,0
2026-03-27 00:15:00+00:00,1.38553,1.38612,1.38538,1.38592,410,14,0
2026-03-27 00:30:00+00:00,1.38592,1.3860700000000001,1.3856899999999999,1.38593,306,14,0
2026-03-27 00:45:00+00:00,1.38593,1.38606,1.38575,1.38583,287,14,0
2026-03-27 01:00:00+00:00,1.38582,1.38601,1.38544,1.38545,344,14,0
2026-03-27 01:15:00+00:00,1.38544,1.3854899999999999,1.3850799999999999,1.3851200000000001,287,14,0
2026-03-27 01:30:00+00:00,1.3851200000000001,1.38514,1.38471,1.38483,220,14,0
2026-03-27 01:45:00+00:00,1.38483,1.3850799999999999,1.38465,1.38472,246,14,0
2026-03-27 02:00:00+00:00,1.38472,1.38495,1.3844699999999999,1.38482,248,14,0
2026-03-27 02:15:00+00:00,1.38483,1.38501,1.38468,1.38492,228,14,0
2026-03-27 02:30:00+00:00,1.38492,1.38504,1.38487,1.38492,203,14,0
2026-03-27 02:45:00+00:00,1.38492,1.38524,1.3848799999999999,1.38524,196,14,0
2026-03-27 03:00:00+00:00,1.38524,1.3854600000000001,1.38518,1.3853,190,14,0
2026-03-27 03:15:00+00:00,1.3853,1.38554,1.38527,1.38547,167,14,0
2026-03-27 03:30:00+00:00,1.38547,1.38547,1.3851499999999999,1.38535,218,14,0
2026-03-27 03:45:00+00:00,1.38535,1.38557,1.38535,1.3854600000000001,148,14,0
2026-03-27 04:00:00+00:00,1.3854600000000001,1.38555,1.38534,1.3854600000000001,140,14,0
2026-03-27 04:15:00+00:00,1.3854600000000001,1.38554,1.38526,1.38534,149,14,0
2026-03-27 04:30:00+00:00,1.38533,1.38535,1.38503,1.38504,154,14,0
2026-03-27 04:45:00+00:00,1.38504,1.38516,1.385,1.38511,121,14,0
2026-03-27 05:00:00+00:00,1.3851200000000001,1.3851499999999999,1.38475,1.38494,187,14,0
2026-03-27 05:15:00+00:00,1.38495,1.38533,1.38494,1.38533,184,14,0
2026-03-27 05:30:00+00:00,1.38533,1.38536,1.38523,1.38528,240,14,0
2026-03-27 05:45:00+00:00,1.38528,1.38547,1.38518,1.38543,192,14,0
2026-03-27 06:00:00+00:00,1.38544,1.38556,1.38486,1.38486,252,14,0
2026-03-27 06:15:00+00:00,1.38486,1.38516,1.38477,1.38507,195,14,0
2026-03-27 06:30:00+00:00,1.38507,1.38529,1.38504,1.3851499999999999,161,14,0
2026-03-27 06:45:00+00:00,1.38516,1.3854,1.38507,1.38524,207,14,0
2026-03-27 07:00:00+00:00,1.38526,1.38535,1.3848500000000001,1.38493,243,14,0
2026-03-27 07:15:00+00:00,1.38493,1.38511,1.38482,1.38498,184,14,0
2026-03-27 07:30:00+00:00,1.38497,1.38521,1.38482,1.38506,239,14,0
2026-03-27 07:45:00+00:00,1.38506,1.38525,1.38473,1.38507,251,14,0
2026-03-27 08:00:00+00:00,1.3851,1.38525,1.38458,1.38494,409,14,0
2026-03-27 08:15:00+00:00,1.38494,1.38525,1.38487,1.38495,294,14,0
2026-03-27 08:30:00+00:00,1.38495,1.38495,1.38455,1.38457,261,14,0
2026-03-27 08:45:00+00:00,1.38456,1.3852,1.38456,1.38507,200,14,0
2026-03-27 09:00:00+00:00,1.3851,1.3854199999999999,1.3848799999999999,1.38523,267,14,0
2026-03-27 09:15:00+00:00,1.38523,1.38552,1.38476,1.38491,345,14,0
2026-03-27 09:30:00+00:00,1.38491,1.38507,1.38463,1.3848099999999999,276,14,0
2026-03-27 09:45:00+00:00,1.3848099999999999,1.38533,1.3847800000000001,1.38525,257,14,0
2026-03-27 10:00:00+00:00,1.38525,1.38528,1.38472,1.38504,256,14,0
2026-03-27 10:15:00+00:00,1.38502,1.38527,1.3847800000000001,1.3848500000000001,304,14,0
2026-03-27 10:30:00+00:00,1.38484,1.38535,1.3848099999999999,1.38525,253,14,0
2026-03-27 10:45:00+00:00,1.38525,1.38541,1.38495,1.38502,220,14,0
2026-03-27 11:00:00+00:00,1.385,1.38509,1.38465,1.3848799999999999,252,14,0
2026-03-27 11:15:00+00:00,1.3848799999999999,1.38524,1.3848,1.3850799999999999,251,14,0
2026-03-27 11:30:00+00:00,1.3850799999999999,1.3856899999999999,1.3850799999999999,1.38564,224,14,0
2026-03-27 11:45:00+00:00,1.38564,1.3866,1.38564,1.38643,310,14,0
2026-03-27 12:00:00+00:00,1.38646,1.38699,1.38623,1.38654,404,14,0
2026-03-27 12:15:00+00:00,1.38655,1.38669,1.3860000000000001,1.38622,348,14,0
2026-03-27 12:30:00+00:00,1.38623,1.38681,1.38622,1.38679,341,14,0
2026-03-27 12:45:00+00:00,1.38677,1.3869099999999999,1.38653,1.38678,348,14,0
2026-03-27 13:00:00+00:00,1.38678,1.38701,1.38642,1.38657,391,14,0
2026-03-27 13:15:00+00:00,1.38657,1.38657,1.38604,1.38626,357,14,0
2026-03-27 13:30:00+00:00,1.3862700000000001,1.38665,1.3857300000000001,1.38601,596,14,0
2026-03-27 13:45:00+00:00,1.3860299999999999,1.38644,1.38557,1.38622,517,14,0
2026-03-27 14:00:00+00:00,1.3862700000000001,1.38635,1.38526,1.38565,620,14,0
2026-03-27 14:15:00+00:00,1.38567,1.38586,1.38503,1.38574,528,14,0
2026-03-27 14:30:00+00:00,1.3857599999999999,1.38676,1.3857599999999999,1.38651,413,14,0
2026-03-27 14:45:00+00:00,1.3865,1.3865,1.38599,1.38645,574,14,0
2026-03-27 15:00:00+00:00,1.38647,1.38666,1.38586,1.3866399999999999,617,14,0
2026-03-27 15:15:00+00:00,1.3866399999999999,1.3874900000000001,1.38635,1.38685,772,14,0
2026-03-27 15:30:00+00:00,1.38683,1.38728,1.38641,1.38694,595,14,0
2026-03-27 15:45:00+00:00,1.38694,1.38801,1.38686,1.38801,650,14,0
2026-03-27 16:00:00+00:00,1.38801,1.38834,1.38739,1.38761,537,14,0
2026-03-27 16:15:00+00:00,1.38761,1.38767,1.38713,1.38717,389,14,0
2026-03-27 16:30:00+00:00,1.38716,1.38787,1.38716,1.38731,486,14,0
2026-03-27 16:45:00+00:00,1.3873199999999999,1.38799,1.3872200000000001,1.38797,426,14,0
2026-03-27 17:00:00+00:00,1.38799,1.38836,1.3875600000000001,1.38832,583,14,0
2026-03-27 17:15:00+00:00,1.38832,1.38875,1.38828,1.38873,279,14,0
2026-03-27 17:30:00+00:00,1.38873,1.389,1.38856,1.38877,383,14,0
2026-03-27 17:45:00+00:00,1.3887800000000001,1.3888,1.38841,1.38862,293,14,0
2026-03-27 18:00:00+00:00,1.38862,1.3891,1.38862,1.3890500000000001,317,14,0
2026-03-27 18:15:00+00:00,1.38903,1.3890500000000001,1.38839,1.38843,293,14,0
2026-03-27 18:30:00+00:00,1.38843,1.38867,1.38812,1.38823,265,14,0
2026-03-27 18:45:00+00:00,1.38823,1.38867,1.38823,1.38855,324,14,0
2026-03-27 19:00:00+00:00,1.38855,1.38889,1.3885100000000001,1.3886,226,14,0
2026-03-27 19:15:00+00:00,1.38863,1.38888,1.38863,1.38871,166,14,0
2026-03-27 19:30:00+00:00,1.38871,1.389,1.3886,1.3887800000000001,226,14,0
2026-03-27 19:45:00+00:00,1.3887800000000001,1.3889,1.3878300000000001,1.3881299999999999,346,14,0
2026-03-27 20:00:00+00:00,1.38815,1.3890799999999999,1.38815,1.38901,320,14,0
2026-03-27 20:15:00+00:00,1.38899,1.38947,1.3884400000000001,1.38932,253,14,0
2026-03-27 20:30:00+00:00,1.3893499999999999,1.38949,1.38885,1.38922,225,14,0
2026-03-27 20:45:00+00:00,1.38922,1.3894199999999999,1.38899,1.38928,252,14,0
2026-03-29 21:00:00+00:00,1.38779,1.3881299999999999,1.38779,1.3881299999999999,47,52,0
2026-03-29 21:15:00+00:00,1.38812,1.38826,1.3881000000000001,1.38826,37,41,0
2026-03-29 21:30:00+00:00,1.38826,1.38841,1.38821,1.38835,193,40,0
2026-03-29 21:45:00+00:00,1.38833,1.3885,1.38827,1.38828,190,40,0
2026-03-29 22:00:00+00:00,1.38839,1.39025,1.38833,1.38977,257,16,0
2026-03-29 22:15:00+00:00,1.38977,1.38997,1.38957,1.3899599999999999,187,16,0
2026-03-29 22:30:00+00:00,1.38997,1.38997,1.3897300000000001,1.38994,174,16,0
2026-03-29 22:45:00+00:00,1.38994,1.39006,1.38981,1.38998,149,16,0
2026-03-29 23:00:00+00:00,1.3900000000000001,1.3900000000000001,1.38962,1.38984,221,14,0
2026-03-29 23:15:00+00:00,1.38985,1.38992,1.38948,1.38991,175,14,0
2026-03-29 23:30:00+00:00,1.3899,1.39011,1.3897300000000001,1.39007,228,14,0
2026-03-29 23:45:00+00:00,1.39007,1.39024,1.38989,1.38997,343,14,0
2026-03-30 00:00:00+00:00,1.38995,1.39016,1.3896899999999999,1.38997,401,14,0
2026-03-30 00:15:00+00:00,1.3899599999999999,1.39008,1.38887,1.3891200000000001,567,14,0
2026-03-30 00:30:00+00:00,1.38913,1.38916,1.38863,1.38894,421,14,0
2026-03-30 00:45:00+00:00,1.38894,1.38907,1.38866,1.38866,290,14,0
2026-03-30 01:00:00+00:00,1.38866,1.38921,1.38856,1.38892,369,14,0
2026-03-30 01:15:00+00:00,1.38892,1.38913,1.38885,1.38885,291,14,0
2026-03-30 01:30:00+00:00,1.38885,1.38893,1.38857,1.38892,266,14,0
2026-03-30 01:45:00+00:00,1.38891,1.38907,1.38885,1.38888,224,14,0
2026-03-30 02:00:00+00:00,1.38889,1.38938,1.38889,1.3890500000000001,289,14,0
2026-03-30 02:15:00+00:00,1.3890500000000001,1.38947,1.3890500000000001,1.3893900000000001,253,14,0
2026-03-30 02:30:00+00:00,1.3893900000000001,1.3893900000000001,1.38896,1.38896,207,14,0
2026-03-30 02:45:00+00:00,1.38897,1.38934,1.38896,1.38923,204,14,0
2026-03-30 03:00:00+00:00,1.38923,1.3893499999999999,1.38897,1.38904,207,14,0
2026-03-30 03:15:00+00:00,1.3890500000000001,1.38907,1.38886,1.38897,140,14,0
2026-03-30 03:30:00+00:00,1.38896,1.38898,1.38886,1.38886,135,14,0
2026-03-30 03:45:00+00:00,1.38886,1.38917,1.38886,1.38917,139,14,0
2026-03-30 04:00:00+00:00,1.3891499999999999,1.38919,1.38909,1.38916,107,14,0
2026-03-30 04:15:00+00:00,1.38916,1.38916,1.38886,1.38896,85,14,0
2026-03-30 04:30:00+00:00,1.38896,1.38918,1.38896,1.38907,98,14,0
2026-03-30 04:45:00+00:00,1.38907,1.3893,1.38906,1.38928,83,14,0
2026-03-30 05:00:00+00:00,1.38928,1.38936,1.38907,1.38917,178,14,0
2026-03-30 05:15:00+00:00,1.38916,1.38917,1.38902,1.38913,154,14,0
2026-03-30 05:30:00+00:00,1.38913,1.38927,1.38902,1.38904,129,14,0
2026-03-30 05:45:00+00:00,1.38904,1.38904,1.38856,1.3888099999999999,169,14,0
2026-03-30 06:00:00+00:00,1.38883,1.38965,1.38875,1.3896,328,14,0
2026-03-30 06:15:00+00:00,1.3896,1.38992,1.3895,1.38958,256,14,0
2026-03-30 06:30:00+00:00,1.38956,1.38956,1.38901,1.38906,208,14,0
2026-03-30 06:45:00+00:00,1.38906,1.38917,1.38891,1.38913,173,14,0
2026-03-30 07:00:00+00:00,1.3891499999999999,1.38965,1.3891499999999999,1.3895,307,14,0
2026-03-30 07:15:00+00:00,1.38948,1.39006,1.38948,1.38992,256,14,0
2026-03-30 07:30:00+00:00,1.38992,1.39094,1.38987,1.39082,339,14,0
2026-03-30 07:45:00+00:00,1.39082,1.39097,1.39071,1.3909,199,14,0
2026-03-30 08:00:00+00:00,1.3908800000000001,1.39124,1.39077,1.39116,301,14,0
2026-03-30 08:15:00+00:00,1.39117,1.39161,1.39115,1.3912,279,14,0
2026-03-30 08:30:00+00:00,1.3912,1.39146,1.3909799999999999,1.39139,215,14,0
2026-03-30 08:45:00+00:00,1.3914,1.39182,1.39132,1.39177,199,14,0
2026-03-30 09:00:00+00:00,1.39177,1.39187,1.39148,1.39166,233,14,0
2026-03-30 09:15:00+00:00,1.39166,1.39169,1.39111,1.39139,260,14,0
2026-03-30 09:30:00+00:00,1.3914,1.39147,1.39119,1.39127,255,14,0
2026-03-30 09:45:00+00:00,1.39127,1.3914900000000001,1.39126,1.39139,202,14,0
2026-03-30 10:00:00+00:00,1.39139,1.39155,1.39099,1.39101,213,14,0
2026-03-30 10:15:00+00:00,1.39101,1.39134,1.39087,1.39094,225,14,0
2026-03-30 10:30:00+00:00,1.39096,1.39112,1.3906800000000001,1.3909099999999999,277,14,0
2026-03-30 10:45:00+00:00,1.3909099999999999,1.39114,1.3909,1.39109,227,14,0
2026-03-30 11:00:00+00:00,1.39109,1.39172,1.39105,1.39164,246,14,0
2026-03-30 11:15:00+00:00,1.39167,1.39206,1.39148,1.39164,467,14,0
2026-03-30 11:30:00+00:00,1.39165,1.39211,1.39148,1.39187,419,14,0
2026-03-30 11:45:00+00:00,1.39187,1.39216,1.3915600000000001,1.39211,287,14,0
2026-03-30 12:00:00+00:00,1.39209,1.3924,1.392,1.39233,290,14,0
2026-03-30 12:15:00+00:00,1.39233,1.39242,1.39165,1.39216,325,14,0
2026-03-30 12:30:00+00:00,1.39215,1.3923,1.39176,1.39205,358,14,0
2026-03-30 12:45:00+00:00,1.39205,1.39258,1.39205,1.3925,374,14,0
2026-03-30 13:00:00+00:00,1.3925,1.39266,1.39216,1.39236,386,14,0
2026-03-30 13:15:00+00:00,1.39235,1.39299,1.39232,1.39265,397,14,0
2026-03-30 13:30:00+00:00,1.39267,1.39298,1.39216,1.39294,549,14,0
2026-03-30 13:45:00+00:00,1.39294,1.39311,1.39241,1.39304,539,14,0
2026-03-30 14:00:00+00:00,1.39302,1.3941,1.39287,1.3940299999999999,607,14,0
2026-03-30 14:15:00+00:00,1.3940299999999999,1.39447,1.39401,1.39436,507,14,0
2026-03-30 14:30:00+00:00,1.3943699999999999,1.3943699999999999,1.39282,1.39283,412,14,0
2026-03-30 14:45:00+00:00,1.39282,1.39323,1.39188,1.39206,699,14,0
2026-03-30 15:00:00+00:00,1.39204,1.3927100000000001,1.39142,1.3927100000000001,551,14,0
2026-03-30 15:15:00+00:00,1.3927,1.3927399999999999,1.39229,1.39229,503,14,0
2026-03-30 15:30:00+00:00,1.39231,1.39263,1.39216,1.39256,518,14,0
2026-03-30 15:45:00+00:00,1.39256,1.39291,1.3921000000000001,1.39218,462,14,0
2026-03-30 16:00:00+00:00,1.3921999999999999,1.39272,1.39164,1.39195,498,14,0
2026-03-30 16:15:00+00:00,1.39195,1.39253,1.39189,1.39253,413,14,0
2026-03-30 16:30:00+00:00,1.39254,1.39263,1.39204,1.3921999999999999,369,14,0
2026-03-30 16:45:00+00:00,1.3921999999999999,1.39262,1.3921999999999999,1.39234,317,14,0
2026-03-30 17:00:00+00:00,1.39234,1.3926,1.3921299999999999,1.39249,351,14,0
2026-03-30 17:15:00+00:00,1.3925,1.39265,1.39228,1.39237,307,14,0
2026-03-30 17:30:00+00:00,1.39237,1.39256,1.39178,1.39179,295,14,0
2026-03-30 17:45:00+00:00,1.39177,1.3921999999999999,1.39177,1.39219,344,14,0
2026-03-30 18:00:00+00:00,1.3921999999999999,1.39235,1.39182,1.39185,331,14,0
2026-03-30 18:15:00+00:00,1.3918300000000001,1.39236,1.39165,1.39224,301,14,0
2026-03-30 18:30:00+00:00,1.39224,1.39254,1.39221,1.39243,192,14,0
2026-03-30 18:45:00+00:00,1.39243,1.39273,1.39208,1.3926,231,14,0
2026-03-30 19:00:00+00:00,1.39262,1.39298,1.39242,1.39277,265,14,0
2026-03-30 19:15:00+00:00,1.39277,1.39294,1.39262,1.3927800000000001,247,14,0
2026-03-30 19:30:00+00:00,1.39277,1.39277,1.39235,1.39249,235,14,0
2026-03-30 19:45:00+00:00,1.39249,1.39306,1.39242,1.39293,317,14,0
2026-03-30 20:00:00+00:00,1.39293,1.393,1.3924699999999999,1.39282,235,14,0
2026-03-30 20:15:00+00:00,1.39282,1.39293,1.3927,1.39272,127,14,0
2026-03-30 20:30:00+00:00,1.3927,1.3927399999999999,1.39241,1.3925100000000001,201,14,0
2026-03-30 20:45:00+00:00,1.39252,1.39294,1.39227,1.39236,209,14,0
2026-03-30 21:00:00+00:00,1.39235,1.39237,1.39227,1.3923,99,18,0
2026-03-30 21:15:00+00:00,1.39229,1.39237,1.39227,1.3923,92,29,0
2026-03-30 21:30:00+00:00,1.39229,1.39239,1.39185,1.39201,243,21,0
2026-03-30 21:45:00+00:00,1.39203,1.3923,1.39203,1.3923,127,32,0
2026-03-30 22:00:00+00:00,1.39237,1.39275,1.39237,1.39275,89,14,0
2026-03-30 22:15:00+00:00,1.39275,1.39275,1.39262,1.39263,43,16,0
2026-03-30 22:30:00+00:00,1.39263,1.39275,1.39263,1.3927399999999999,52,14,0
2026-03-30 22:45:00+00:00,1.3927399999999999,1.39286,1.3927100000000001,1.39275,72,14,0
2026-03-30 23:00:00+00:00,1.39277,1.39289,1.3927399999999999,1.39288,162,14,0
2026-03-30 23:15:00+00:00,1.39288,1.39289,1.39277,1.39287,84,14,0
2026-03-30 23:30:00+00:00,1.39287,1.39303,1.39267,1.39267,90,14,0
2026-03-30 23:45:00+00:00,1.39268,1.39296,1.39257,1.39283,134,14,0
2026-03-31 00:00:00+00:00,1.39282,1.39346,1.3928099999999999,1.39333,313,14,0
2026-03-31 00:15:00+00:00,1.39333,1.3935,1.39313,1.39316,235,14,0
2026-03-31 00:30:00+00:00,1.39316,1.3934199999999999,1.39259,1.3926,557,14,0
2026-03-31 00:45:00+00:00,1.39258,1.39258,1.39208,1.39214,576,14,0
2026-03-31 01:00:00+00:00,1.39216,1.39264,1.39206,1.39254,394,14,0
2026-03-31 01:15:00+00:00,1.39254,1.39257,1.39172,1.3918,409,14,0
2026-03-31 01:30:00+00:00,1.39182,1.392,1.3916,1.39188,523,14,0
2026-03-31 01:45:00+00:00,1.39189,1.39226,1.39176,1.39211,401,14,0
2026-03-31 02:00:00+00:00,1.39211,1.39238,1.39209,1.3921999999999999,332,14,0
2026-03-31 02:15:00+00:00,1.3921999999999999,1.39226,1.39205,1.3921999999999999,259,14,0
2026-03-31 02:30:00+00:00,1.3921999999999999,1.39236,1.3921299999999999,1.39227,240,14,0
2026-03-31 02:45:00+00:00,1.39227,1.39254,1.39224,1.39249,255,14,0
2026-03-31 03:00:00+00:00,1.3925,1.39267,1.3924400000000001,1.39263,215,14,0
2026-03-31 03:15:00+00:00,1.39263,1.39292,1.3926,1.39276,172,14,0
2026-03-31 03:30:00+00:00,1.39276,1.39307,1.39267,1.39291,178,14,0
2026-03-31 03:45:00+00:00,1.39291,1.39313,1.3929,1.39306,159,14,0
2026-03-31 04:00:00+00:00,1.3930500000000001,1.3930500000000001,1.3927100000000001,1.39282,176,14,0
2026-03-31 04:15:00+00:00,1.39282,1.39283,1.39268,1.39279,170,14,0
2026-03-31 04:30:00+00:00,1.39279,1.39299,1.39269,1.39296,149,14,0
2026-03-31 04:45:00+00:00,1.39296,1.39317,1.39291,1.39306,150,14,0
2026-03-31 05:00:00+00:00,1.3930500000000001,1.39334,1.39287,1.39334,214,14,0
2026-03-31 05:15:00+00:00,1.39334,1.39334,1.39288,1.39295,209,14,0
2026-03-31 05:30:00+00:00,1.39295,1.39301,1.39269,1.39288,258,14,0
2026-03-31 05:45:00+00:00,1.39288,1.39294,1.39255,1.39282,237,14,0
2026-03-31 06:00:00+00:00,1.3928099999999999,1.39362,1.3928099999999999,1.39351,302,14,0
2026-03-31 06:15:00+00:00,1.39351,1.39371,1.39336,1.39338,211,14,0
2026-03-31 06:30:00+00:00,1.3934,1.39353,1.3931499999999999,1.39349,303,14,0
2026-03-31 06:45:00+00:00,1.39346,1.3936600000000001,1.39324,1.3933499999999999,267,14,0
2026-03-31 07:00:00+00:00,1.3933499999999999,1.39387,1.39313,1.39363,367,14,0
2026-03-31 07:15:00+00:00,1.39364,1.3936600000000001,1.39337,1.39356,254,14,0
2026-03-31 07:30:00+00:00,1.39356,1.39364,1.39327,1.39347,271,14,0
2026-03-31 07:45:00+00:00,1.39347,1.39347,1.39325,1.39329,179,14,0
2026-03-31 08:00:00+00:00,1.39326,1.39387,1.39323,1.39384,262,14,0
2026-03-31 08:15:00+00:00,1.39383,1.39411,1.39381,1.39406,203,14,0
2026-03-31 08:30:00+00:00,1.39406,1.39407,1.39367,1.39368,213,14,0
2026-03-31 08:45:00+00:00,1.3936600000000001,1.39395,1.39346,1.39394,205,14,0
2026-03-31 09:00:00+00:00,1.39394,1.39399,1.3937599999999999,1.3939599999999999,245,14,0
2026-03-31 09:15:00+00:00,1.39394,1.39423,1.39388,1.39417,202,14,0
2026-03-31 09:30:00+00:00,1.39417,1.3942700000000001,1.3940000000000001,1.39423,209,14,0
2026-03-31 09:45:00+00:00,1.39423,1.39432,1.39415,1.39418,195,14,0
2026-03-31 10:00:00+00:00,1.39416,1.39439,1.39415,1.3943699999999999,194,14,0
2026-03-31 10:15:00+00:00,1.3943699999999999,1.3944,1.39413,1.39413,144,14,0
2026-03-31 10:30:00+00:00,1.39414,1.39439,1.39411,1.39436,206,14,0
2026-03-31 10:45:00+00:00,1.39436,1.39441,1.39423,1.39435,138,14,0
2026-03-31 11:00:00+00:00,1.39433,1.39442,1.39379,1.39436,328,14,0
2026-03-31 11:15:00+00:00,1.39436,1.3944,1.39341,1.3939300000000001,387,14,0
2026-03-31 11:30:00+00:00,1.39392,1.39402,1.3935,1.3935,355,14,0
2026-03-31 11:45:00+00:00,1.3935,1.3936600000000001,1.3930500000000001,1.3935,391,14,0
2026-03-31 12:00:00+00:00,1.3935,1.3938,1.3930799999999999,1.39321,535,14,0
2026-03-31 12:15:00+00:00,1.39321,1.39371,1.39317,1.3933499999999999,450,14,0
2026-03-31 12:30:00+00:00,1.39338,1.3936899999999999,1.3932,1.39362,361,14,0
2026-03-31 12:45:00+00:00,1.39361,1.39412,1.39356,1.39391,291,14,0
2026-03-31 13:00:00+00:00,1.39391,1.39413,1.39361,1.3937599999999999,251,14,0
2026-03-31 13:15:00+00:00,1.3937599999999999,1.3937599999999999,1.39268,1.39272,340,14,0
2026-03-31 13:30:00+00:00,1.39272,1.3934,1.39237,1.3933900000000001,464,14,0
2026-03-31 13:45:00+00:00,1.3933900000000001,1.39361,1.3927800000000001,1.39293,528,14,0
2026-03-31 14:00:00+00:00,1.39291,1.39391,1.39259,1.39391,628,14,0
2026-03-31 14:15:00+00:00,1.3939300000000001,1.39436,1.3936600000000001,1.39407,622,14,0
2026-03-31 14:30:00+00:00,1.39407,1.3945699999999999,1.39347,1.39416,551,14,0
2026-03-31 14:45:00+00:00,1.39414,1.39661,1.39412,1.3955,862,14,0
2026-03-31 15:00:00+00:00,1.3954900000000001,1.39659,1.39516,1.39551,1051,14,0
2026-03-31 15:15:00+00:00,1.39553,1.39624,1.39539,1.39578,734,14,0
2026-03-31 15:30:00+00:00,1.3958,1.39604,1.3954,1.39543,615,14,0
2026-03-31 15:45:00+00:00,1.39543,1.39573,1.39486,1.39534,630,14,0
2026-03-31 16:00:00+00:00,1.39535,1.3955899999999999,1.39483,1.39536,533,14,0
2026-03-31 16:15:00+00:00,1.39534,1.39561,1.39468,1.39477,366,14,0
2026-03-31 16:30:00+00:00,1.39479,1.39483,1.39259,1.3928,904,14,0
2026-03-31 16:45:00+00:00,1.39282,1.39399,1.39255,1.39338,1053,14,0
2026-03-31 17:00:00+00:00,1.3933900000000001,1.3939,1.3928099999999999,1.39322,843,14,0
2026-03-31 17:15:00+00:00,1.39323,1.3936,1.3928099999999999,1.3935,605,14,0
2026-03-31 17:30:00+00:00,1.3935,1.3936,1.39289,1.39316,678,14,0
2026-03-31 17:45:00+00:00,1.39318,1.39368,1.3928099999999999,1.39362,476,14,0
2026-03-31 18:00:00+00:00,1.39364,1.39371,1.39319,1.39322,426,14,0
2026-03-31 18:15:00+00:00,1.39323,1.3936,1.3931200000000001,1.39337,350,14,0
2026-03-31 18:30:00+00:00,1.39336,1.3937,1.39311,1.3932,341,14,0
2026-03-31 18:45:00+00:00,1.39318,1.3936,1.39311,1.3934,314,14,0
2026-03-31 19:00:00+00:00,1.3934199999999999,1.3937300000000001,1.39337,1.39357,352,14,0
2026-03-31 19:15:00+00:00,1.39356,1.39357,1.39329,1.39345,311,14,0
2026-03-31 19:30:00+00:00,1.39344,1.39348,1.39256,1.39261,321,14,0
2026-03-31 19:45:00+00:00,1.39262,1.39268,1.3908800000000001,1.39133,619,14,0
2026-03-31 20:00:00+00:00,1.39131,1.39133,1.39087,1.3912,393,14,0
2026-03-31 20:15:00+00:00,1.3912,1.3912,1.39053,1.39108,278,14,0
2026-03-31 20:30:00+00:00,1.39108,1.3913,1.39076,1.3913,277,14,0
2026-03-31 20:45:00+00:00,1.3913,1.39157,1.3912200000000001,1.39137,206,14,0
2026-03-31 21:00:00+00:00,1.39137,1.39139,1.39116,1.39117,129,14,0
2026-03-31 21:15:00+00:00,1.39119,1.39119,1.39073,1.39078,194,38,0
2026-03-31 21:30:00+00:00,1.39079,1.39089,1.39072,1.39072,245,64,0
2026-03-31 21:45:00+00:00,1.39073,1.39086,1.3906100000000001,1.39081,215,57,0
2026-03-31 22:00:00+00:00,1.3908,1.3915899999999999,1.39069,1.3915899999999999,149,16,0
2026-03-31 22:15:00+00:00,1.3915899999999999,1.39177,1.39148,1.39168,76,16,0
2026-03-31 22:30:00+00:00,1.39168,1.39176,1.3912499999999999,1.39139,99,16,0
2026-03-31 22:45:00+00:00,1.3914,1.39141,1.39112,1.39112,65,16,0
2026-03-31 23:00:00+00:00,1.39114,1.3912,1.39105,1.39112,78,14,0
2026-03-31 23:15:00+00:00,1.39112,1.39119,1.3907,1.39073,103,14,0
2026-03-31 23:30:00+00:00,1.39076,1.3908,1.39067,1.39071,86,14,0
2026-03-31 23:45:00+00:00,1.39071,1.39078,1.39023,1.39031,146,14,0
2026-04-01 00:00:00+00:00,1.39033,1.39066,1.38982,1.38987,280,14,0
2026-04-01 00:15:00+00:00,1.38987,1.38992,1.3896600000000001,1.38977,221,14,0
2026-04-01 00:30:00+00:00,1.38977,1.3899599999999999,1.3896600000000001,1.3896600000000001,177,14,0
2026-04-01 00:45:00+00:00,1.3896600000000001,1.38998,1.38965,1.3898,227,14,0
2026-04-01 01:00:00+00:00,1.38978,1.39104,1.3897599999999999,1.39036,500,14,0
2026-04-01 01:15:00+00:00,1.39035,1.39071,1.39016,1.39022,312,14,0
2026-04-01 01:30:00+00:00,1.39023,1.39082,1.39017,1.3908,293,14,0
2026-04-01 01:45:00+00:00,1.3908,1.39109,1.39069,1.39072,271,14,0
2026-04-01 02:00:00+00:00,1.39071,1.39086,1.39028,1.39052,267,14,0
2026-04-01 02:15:00+00:00,1.39052,1.39066,1.3903400000000001,1.39059,220,14,0
2026-04-01 02:30:00+00:00,1.3906,1.3906800000000001,1.39025,1.39028,214,14,0
2026-04-01 02:45:00+00:00,1.39028,1.39028,1.38993,1.39019,193,14,0
2026-04-01 03:00:00+00:00,1.39019,1.39039,1.39011,1.3902,195,14,0
2026-04-01 03:15:00+00:00,1.3902,1.39059,1.3901,1.39058,179,14,0
2026-04-01 03:30:00+00:00,1.39058,1.3909,1.39055,1.3909,184,14,0
2026-04-01 03:45:00+00:00,1.3909,1.39115,1.39089,1.39099,147,14,0
2026-04-01 04:00:00+00:00,1.39099,1.39108,1.39074,1.39085,154,14,0
2026-04-01 04:15:00+00:00,1.39086,1.39109,1.39086,1.39087,142,14,0
2026-04-01 04:30:00+00:00,1.39087,1.39097,1.39079,1.39089,138,14,0
2026-04-01 04:45:00+00:00,1.39089,1.3909099999999999,1.3907,1.3908800000000001,128,14,0
2026-04-01 05:00:00+00:00,1.3908800000000001,1.391,1.39059,1.39084,231,14,0
2026-04-01 05:15:00+00:00,1.39086,1.39092,1.3902999999999999,1.39032,221,14,0
2026-04-01 05:30:00+00:00,1.39031,1.39035,1.3900299999999999,1.3900299999999999,256,14,0
2026-04-01 05:45:00+00:00,1.3900299999999999,1.39051,1.38982,1.39051,268,14,0
2026-04-01 06:00:00+00:00,1.39049,1.39094,1.39032,1.39085,380,14,0
2026-04-01 06:15:00+00:00,1.39085,1.39108,1.3896899999999999,1.38971,407,14,0
2026-04-01 06:30:00+00:00,1.3897300000000001,1.39006,1.38947,1.38967,461,14,0
2026-04-01 06:45:00+00:00,1.38967,1.38986,1.38922,1.38923,430,14,0
2026-04-01 07:00:00+00:00,1.38921,1.3903699999999999,1.38917,1.39011,507,14,0
2026-04-01 07:15:00+00:00,1.39012,1.39026,1.38951,1.39016,443,14,0
2026-04-01 07:30:00+00:00,1.39016,1.39025,1.38975,1.39011,445,14,0
2026-04-01 07:45:00+00:00,1.39011,1.3909799999999999,1.38981,1.39078,562,14,0
2026-04-01 08:00:00+00:00,1.39078,1.3909,1.39008,1.39017,473,14,0
2026-04-01 08:15:00+00:00,1.39016,1.3903400000000001,1.38917,1.38917,323,14,0
2026-04-01 08:30:00+00:00,1.38917,1.38917,1.38861,1.38869,333,14,0
2026-04-01 08:45:00+00:00,1.38869,1.38925,1.38869,1.38896,348,14,0
2026-04-01 09:00:00+00:00,1.38894,1.38919,1.38882,1.38907,342,14,0
2026-04-01 09:15:00+00:00,1.38907,1.3893,1.389,1.3891,351,14,0
2026-04-01 09:30:00+00:00,1.3891,1.38964,1.38907,1.38944,358,14,0
2026-04-01 09:45:00+00:00,1.38944,1.38952,1.38856,1.38886,372,14,0
2026-04-01 10:00:00+00:00,1.38886,1.38928,1.38876,1.38928,350,14,0
2026-04-01 10:15:00+00:00,1.38928,1.3894199999999999,1.38873,1.38901,360,14,0
2026-04-01 10:30:00+00:00,1.38901,1.3892,1.38891,1.38899,243,14,0
2026-04-01 10:45:00+00:00,1.38899,1.38958,1.3888,1.38934,290,14,0
2026-04-01 11:00:00+00:00,1.38933,1.38983,1.38929,1.38948,261,14,0
2026-04-01 11:15:00+00:00,1.38948,1.38974,1.3893499999999999,1.38949,275,14,0
2026-04-01 11:30:00+00:00,1.38949,1.3895,1.38904,1.3890500000000001,243,14,0
2026-04-01 11:45:00+00:00,1.38906,1.38955,1.38886,1.38909,250,14,0
2026-04-01 12:00:00+00:00,1.3890799999999999,1.3895,1.3887,1.38892,391,14,0
2026-04-01 12:15:00+00:00,1.38895,1.3896600000000001,1.38891,1.3895,320,14,0
2026-04-01 12:30:00+00:00,1.38949,1.38977,1.38841,1.38857,524,14,0
2026-04-01 12:45:00+00:00,1.38853,1.38982,1.38831,1.38946,986,14,0
2026-04-01 13:00:00+00:00,1.38944,1.3899,1.38886,1.38887,596,14,0
2026-04-01 13:15:00+00:00,1.38887,1.38899,1.38764,1.3889,597,14,0
2026-04-01 13:30:00+00:00,1.38887,1.38897,1.38796,1.38842,830,14,0
2026-04-01 13:45:00+00:00,1.3884400000000001,1.38964,1.38839,1.38956,600,14,0
2026-04-01 14:00:00+00:00,1.38961,1.39039,1.38956,1.38997,719,14,0
2026-04-01 14:15:00+00:00,1.38999,1.39021,1.38957,1.38963,535,14,0
2026-04-01 14:30:00+00:00,1.38962,1.38964,1.38868,1.38887,754,14,0
2026-04-01 14:45:00+00:00,1.38887,1.38932,1.38857,1.38866,598,14,0
2026-04-01 15:00:00+00:00,1.38864,1.38924,1.3881000000000001,1.3890500000000001,574,14,0
2026-04-01 15:15:00+00:00,1.38903,1.38924,1.38866,1.3887800000000001,482,14,0
2026-04-01 15:30:00+00:00,1.3887800000000001,1.38896,1.38846,1.3885100000000001,377,14,0
2026-04-01 15:45:00+00:00,1.3885,1.38867,1.38758,1.38761,379,14,0
2026-04-01 16:00:00+00:00,1.38762,1.38856,1.3876,1.38846,422,14,0
2026-04-01 16:15:00+00:00,1.38846,1.3886,1.3881700000000001,1.38849,327,14,0
2026-04-01 16:30:00+00:00,1.38849,1.3886,1.38811,1.38812,314,14,0
2026-04-01 16:45:00+00:00,1.38812,1.38818,1.38733,1.38743,281,14,0
2026-04-01 17:00:00+00:00,1.38743,1.38779,1.38716,1.38771,327,14,0
2026-04-01 17:15:00+00:00,1.38771,1.388,1.38745,1.38796,290,14,0
2026-04-01 17:30:00+00:00,1.38795,1.38852,1.38795,1.3881999999999999,293,14,0
2026-04-01 17:45:00+00:00,1.3881999999999999,1.38868,1.3881999999999999,1.38864,306,14,0
2026-04-01 18:00:00+00:00,1.38866,1.38909,1.3885399999999999,1.38909,389,14,0
2026-04-01 18:15:00+00:00,1.38909,1.3894,1.38899,1.38937,354,14,0
2026-04-01 18:30:00+00:00,1.38937,1.38951,1.38869,1.38897,351,14,0
2026-04-01 18:45:00+00:00,1.38896,1.38943,1.38866,1.3894199999999999,404,14,0
2026-04-01 19:00:00+00:00,1.3894,1.38943,1.3884699999999999,1.38858,328,14,0
2026-04-01 19:15:00+00:00,1.38858,1.38865,1.38789,1.38791,274,14,0
2026-04-01 19:30:00+00:00,1.38791,1.3883,1.3879000000000001,1.38824,340,14,0
2026-04-01 19:45:00+00:00,1.38824,1.3887800000000001,1.3881299999999999,1.38842,425,14,0
2026-04-01 20:00:00+00:00,1.38842,1.3884400000000001,1.38781,1.3878300000000001,221,14,0
2026-04-01 20:15:00+00:00,1.3878300000000001,1.38806,1.38761,1.38785,142,14,0
2026-04-01 20:30:00+00:00,1.38785,1.38785,1.3872499999999999,1.38738,154,14,0
2026-04-01 20:45:00+00:00,1.38738,1.38779,1.38728,1.3874,203,14,0
2026-04-01 21:00:00+00:00,1.38739,1.38741,1.38726,1.3873,131,14,0
2026-04-01 21:15:00+00:00,1.3872900000000001,1.38739,1.38726,1.38735,286,34,0
2026-04-01 21:30:00+00:00,1.38735,1.38744,1.38735,1.38741,120,25,0
2026-04-01 21:45:00+00:00,1.38741,1.38747,1.38737,1.38747,85,20,0
2026-04-01 22:00:00+00:00,1.38747,1.3875199999999999,1.38715,1.38715,106,14,0
2026-04-01 22:15:00+00:00,1.38715,1.3873,1.38714,1.38727,60,16,0
2026-04-01 22:30:00+00:00,1.38727,1.38746,1.38719,1.38743,94,16,0
2026-04-01 22:45:00+00:00,1.38743,1.38762,1.38727,1.38741,147,16,0
2026-04-01 23:00:00+00:00,1.3874,1.38743,1.38724,1.3873,121,14,0
2026-04-01 23:15:00+00:00,1.3873,1.3875899999999999,1.3873,1.38741,114,14,0
2026-04-01 23:30:00+00:00,1.3874,1.3874900000000001,1.3873199999999999,1.38741,89,14,0
2026-04-01 23:45:00+00:00,1.3874,1.38774,1.3874,1.3877,107,14,0
2026-04-02 00:00:00+00:00,1.3877,1.38789,1.38733,1.3875199999999999,301,14,0
2026-04-02 00:15:00+00:00,1.38754,1.38789,1.3874900000000001,1.38785,253,14,0
2026-04-02 00:30:00+00:00,1.38784,1.38789,1.38735,1.38742,270,14,0
2026-04-02 00:45:00+00:00,1.38744,1.3875,1.38703,1.38719,290,14,0
2026-04-02 01:00:00+00:00,1.38717,1.38796,1.38686,1.38741,997,14,0
2026-04-02 01:15:00+00:00,1.38742,1.3894199999999999,1.38711,1.3894199999999999,1210,14,0
2026-04-02 01:30:00+00:00,1.38944,1.3898,1.38916,1.38961,658,14,0
2026-04-02 01:45:00+00:00,1.38961,1.38995,1.38924,1.38944,524,14,0
2026-04-02 02:00:00+00:00,1.38945,1.38955,1.3890500000000001,1.38951,479,14,0
2026-04-02 02:15:00+00:00,1.38951,1.38971,1.38914,1.38971,430,14,0
2026-04-02 02:30:00+00:00,1.38971,1.39009,1.38956,1.39004,275,14,0
2026-04-02 02:45:00+00:00,1.39004,1.39005,1.38987,1.39002,248,14,0
2026-04-02 03:00:00+00:00,1.39002,1.3903699999999999,1.3900000000000001,1.39029,220,14,0
2026-04-02 03:15:00+00:00,1.39029,1.39036,1.3900000000000001,1.39005,222,14,0
2026-04-02 03:30:00+00:00,1.39006,1.39036,1.38992,1.39035,227,14,0
2026-04-02 03:45:00+00:00,1.39035,1.39102,1.39032,1.39092,200,14,0
2026-04-02 04:00:00+00:00,1.39092,1.3912499999999999,1.39089,1.3912499999999999,273,14,0
2026-04-02 04:15:00+00:00,1.3912499999999999,1.39135,1.39108,1.39123,197,14,0
2026-04-02 04:30:00+00:00,1.39124,1.39139,1.39121,1.3913,178,14,0
2026-04-02 04:45:00+00:00,1.3913,1.39142,1.39109,1.39109,152,14,0
2026-04-02 05:00:00+00:00,1.39107,1.39128,1.3909099999999999,1.3912200000000001,215,14,0
2026-04-02 05:15:00+00:00,1.3912,1.39136,1.39115,1.39127,192,14,0
2026-04-02 05:30:00+00:00,1.3912499999999999,1.39137,1.39107,1.39121,291,14,0
2026-04-02 05:45:00+00:00,1.39118,1.39179,1.39117,1.39167,308,14,0
2026-04-02 06:00:00+00:00,1.39167,1.39167,1.39089,1.39148,458,14,0
2026-04-02 06:15:00+00:00,1.3914900000000001,1.39167,1.39112,1.39121,402,14,0
2026-04-02 06:30:00+00:00,1.39119,1.39158,1.39113,1.39133,304,14,0
2026-04-02 06:45:00+00:00,1.39134,1.3915,1.39104,1.39127,346,14,0
2026-04-02 07:00:00+00:00,1.39126,1.39169,1.39116,1.39157,336,14,0
2026-04-02 07:15:00+00:00,1.39157,1.39164,1.3905699999999999,1.39078,332,14,0
2026-04-02 07:30:00+00:00,1.39078,1.39155,1.3907,1.39136,293,14,0
2026-04-02 07:45:00+00:00,1.39136,1.39136,1.39084,1.3909799999999999,241,14,0
2026-04-02 08:00:00+00:00,1.3909799999999999,1.39173,1.39092,1.3912499999999999,298,14,0
2026-04-02 08:15:00+00:00,1.3912499999999999,1.39155,1.39101,1.39155,183,14,0
2026-04-02 08:30:00+00:00,1.39155,1.39203,1.3915,1.39188,266,14,0
2026-04-02 08:45:00+00:00,1.39189,1.3921000000000001,1.39174,1.39201,150,14,0
2026-04-02 09:00:00+00:00,1.39202,1.3921000000000001,1.3918,1.3918300000000001,241,14,0
2026-04-02 09:15:00+00:00,1.3918300000000001,1.39192,1.39163,1.39171,187,14,0
2026-04-02 09:30:00+00:00,1.39169,1.39172,1.39126,1.39145,177,14,0
2026-04-02 09:45:00+00:00,1.39145,1.39178,1.39144,1.3917,201,14,0
2026-04-02 10:00:00+00:00,1.39168,1.3923,1.39151,1.39229,239,14,0
2026-04-02 10:15:00+00:00,1.39229,1.3924400000000001,1.39221,1.39237,158,14,0
2026-04-02 10:30:00+00:00,1.39238,1.3927,1.39237,1.3926,146,14,0
2026-04-02 10:45:00+00:00,1.3926,1.39282,1.39259,1.39282,137,14,0
2026-04-02 11:00:00+00:00,1.39282,1.39327,1.3928099999999999,1.39299,181,14,0
2026-04-02 11:15:00+00:00,1.39299,1.3930799999999999,1.3925,1.39276,243,14,0
2026-04-02 11:30:00+00:00,1.39276,1.39279,1.39202,1.39216,224,14,0
2026-04-02 11:45:00+00:00,1.39216,1.39224,1.39162,1.39175,233,14,0
2026-04-02 12:00:00+00:00,1.39173,1.39173,1.3906100000000001,1.39113,509,14,0
2026-04-02 12:15:00+00:00,1.39114,1.39205,1.39113,1.39189,346,14,0
2026-04-02 12:30:00+00:00,1.39189,1.39215,1.39164,1.39204,303,14,0
2026-04-02 12:45:00+00:00,1.39204,1.39208,1.39169,1.39181,400,14,0
2026-04-02 13:00:00+00:00,1.39181,1.39221,1.39164,1.39198,310,14,0
2026-04-02 13:15:00+00:00,1.39199,1.39201,1.39162,1.3919000000000001,292,14,0
2026-04-02 13:30:00+00:00,1.39188,1.39209,1.39145,1.3918599999999999,576,14,0
2026-04-02 13:45:00+00:00,1.39185,1.39229,1.39163,1.39181,552,14,0
2026-04-02 14:00:00+00:00,1.3918,1.39203,1.3915,1.39172,514,14,0
2026-04-02 14:15:00+00:00,1.39173,1.39243,1.39171,1.39238,463,14,0
2026-04-02 14:30:00+00:00,1.39238,1.39259,1.39082,1.39142,1090,14,0
2026-04-02 14:45:00+00:00,1.39143,1.3924,1.39136,1.39233,761,14,0
2026-04-02 15:00:00+00:00,1.39232,1.39245,1.39173,1.39194,669,14,0
2026-04-02 15:15:00+00:00,1.39193,1.39226,1.39135,1.39148,571,14,0
2026-04-02 15:30:00+00:00,1.39148,1.39176,1.39111,1.39114,434,14,0
2026-04-02 15:45:00+00:00,1.39114,1.3918599999999999,1.39113,1.39165,376,14,0
2026-04-02 16:00:00+00:00,1.39165,1.39237,1.39164,1.39191,446,14,0
2026-04-02 16:15:00+00:00,1.39191,1.3923,1.39162,1.3919000000000001,338,14,0
2026-04-02 16:30:00+00:00,1.3919000000000001,1.39228,1.3915199999999999,1.39161,431,14,0
2026-04-02 16:45:00+00:00,1.39162,1.39173,1.39108,1.39132,428,14,0
2026-04-02 17:00:00+00:00,1.39134,1.39142,1.39103,1.39103,369,14,0
2026-04-02 17:15:00+00:00,1.39102,1.39137,1.39093,1.39131,217,14,0
2026-04-02 17:30:00+00:00,1.39131,1.39172,1.39114,1.3914,244,14,0
2026-04-02 17:45:00+00:00,1.3914,1.3915600000000001,1.3913,1.39142,274,14,0
2026-04-02 18:00:00+00:00,1.39142,1.39172,1.39132,1.39162,275,14,0
2026-04-02 18:15:00+00:00,1.39161,1.39197,1.3915899999999999,1.3919000000000001,174,14,0
2026-04-02 18:30:00+00:00,1.39189,1.39209,1.39176,1.39177,194,15,0
2026-04-02 18:45:00+00:00,1.39177,1.3918300000000001,1.3915600000000001,1.39169,219,15,0
2026-04-02 19:00:00+00:00,1.39168,1.3917,1.3915,1.39168,239,15,0
2026-04-02 19:15:00+00:00,1.39167,1.39178,1.39141,1.39157,253,15,0
2026-04-02 19:30:00+00:00,1.39158,1.39211,1.39157,1.3921000000000001,243,15,0
2026-04-02 19:45:00+00:00,1.39209,1.39218,1.39177,1.39177,246,15,0
2026-04-02 20:00:00+00:00,1.39177,1.39191,1.39157,1.39169,213,15,0
2026-04-02 20:15:00+00:00,1.39169,1.39177,1.39146,1.39155,153,15,0
2026-04-02 20:30:00+00:00,1.39153,1.39185,1.39138,1.39166,110,15,0
2026-04-02 20:45:00+00:00,1.39165,1.39203,1.39164,1.39201,168,15,0
2026-04-02 21:00:00+00:00,1.39201,1.39201,1.39169,1.39172,346,15,0
2026-04-02 21:15:00+00:00,1.3917,1.39188,1.39165,1.39187,297,31,0
2026-04-02 21:30:00+00:00,1.3918599999999999,1.39188,1.39168,1.39169,180,27,0
2026-04-02 21:45:00+00:00,1.39168,1.3918,1.39168,1.39174,160,25,0
2026-04-02 22:00:00+00:00,1.3917,1.39209,1.39154,1.39161,89,15,0
2026-04-02 22:15:00+00:00,1.39161,1.39172,1.39147,1.39172,37,91,0
2026-04-02 22:30:00+00:00,1.39172,1.39176,1.3916,1.3916,38,91,0
2026-04-02 22:45:00+00:00,1.3916,1.39162,1.39153,1.39153,27,91,0
2026-04-02 23:00:00+00:00,1.39153,1.39155,1.39133,1.39134,33,91,0
2026-04-02 23:15:00+00:00,1.39134,1.39137,1.39127,1.39127,33,91,0
2026-04-02 23:30:00+00:00,1.39127,1.39134,1.39124,1.3912499999999999,35,91,0
2026-04-02 23:45:00+00:00,1.3912499999999999,1.39143,1.3912499999999999,1.39135,43,91,0
2026-04-03 00:00:00+00:00,1.39135,1.39135,1.3911,1.3912900000000001,66,91,0
2026-04-03 00:15:00+00:00,1.3912900000000001,1.3915600000000001,1.3912900000000001,1.39141,63,91,0
2026-04-03 00:30:00+00:00,1.39141,1.39154,1.39131,1.39147,67,91,0
2026-04-03 00:45:00+00:00,1.39147,1.39177,1.39147,1.39164,86,91,0
2026-04-03 01:00:00+00:00,1.39164,1.3918599999999999,1.39161,1.39173,79,91,0
2026-04-03 01:15:00+00:00,1.39172,1.39174,1.39164,1.39172,41,91,0
2026-04-03 01:30:00+00:00,1.39172,1.39184,1.39172,1.39184,34,91,0
2026-04-03 01:45:00+00:00,1.39184,1.39193,1.39173,1.39191,61,91,0
2026-04-03 02:00:00+00:00,1.39191,1.39193,1.39174,1.3918,69,91,0
2026-04-03 02:15:00+00:00,1.3918,1.3921000000000001,1.3918,1.3921000000000001,53,91,0
2026-04-03 02:30:00+00:00,1.39209,1.39212,1.39201,1.39206,49,91,0
2026-04-03 02:45:00+00:00,1.39206,1.39206,1.39193,1.39198,43,91,0
2026-04-03 03:00:00+00:00,1.39198,1.39203,1.39191,1.39191,51,91,0
2026-04-03 03:15:00+00:00,1.39191,1.39194,1.39185,1.39193,42,91,0
2026-04-03 03:30:00+00:00,1.39193,1.39203,1.39193,1.39202,38,91,0
2026-04-03 03:45:00+00:00,1.39202,1.39212,1.39199,1.39203,56,91,0
2026-04-03 04:00:00+00:00,1.39203,1.39204,1.39201,1.39202,80,91,0
2026-04-03 04:15:00+00:00,1.39202,1.39203,1.39192,1.39193,37,91,0
2026-04-03 04:30:00+00:00,1.39194,1.39204,1.39192,1.39204,65,91,0
2026-04-03 04:45:00+00:00,1.39204,1.39205,1.39194,1.39205,49,91,0
2026-04-03 05:00:00+00:00,1.39205,1.3921000000000001,1.39187,1.39195,54,91,0
2026-04-03 05:15:00+00:00,1.39195,1.39207,1.39195,1.39204,47,122,0
2026-04-03 05:30:00+00:00,1.39204,1.39205,1.39176,1.39176,43,122,0
2026-04-03 05:45:00+00:00,1.39176,1.39179,1.3915600000000001,1.39158,66,122,0
2026-04-03 06:00:00+00:00,1.39158,1.39177,1.39158,1.39166,55,122,0
2026-04-03 06:15:00+00:00,1.39167,1.39172,1.39155,1.39171,38,122,0
2026-04-03 06:30:00+00:00,1.39171,1.39189,1.39157,1.39158,75,122,0
2026-04-03 06:45:00+00:00,1.39158,1.3916,1.39143,1.3915199999999999,81,122,0
2026-04-03 07:00:00+00:00,1.3915199999999999,1.39167,1.39151,1.3916,45,122,0
2026-04-03 07:15:00+00:00,1.3916,1.39161,1.39127,1.3914,74,122,0
2026-04-03 07:30:00+00:00,1.3914,1.3915,1.39128,1.39135,66,122,0
2026-04-03 07:45:00+00:00,1.39135,1.3914900000000001,1.3912900000000001,1.39148,76,122,0
2026-04-03 08:00:00+00:00,1.3914900000000001,1.39179,1.39148,1.39179,74,122,0
2026-04-03 08:15:00+00:00,1.39179,1.39187,1.39164,1.39167,49,122,0
2026-04-03 08:30:00+00:00,1.39167,1.39168,1.3914900000000001,1.3915899999999999,46,122,0
2026-04-03 08:45:00+00:00,1.3915899999999999,1.39165,1.39139,1.39139,41,122,0
2026-04-03 09:00:00+00:00,1.3914,1.39141,1.39119,1.39139,102,122,0
2026-04-03 09:15:00+00:00,1.39139,1.39141,1.3912200000000001,1.3912900000000001,71,122,0
2026-04-03 09:30:00+00:00,1.3912900000000001,1.39146,1.39128,1.39146,70,122,0
2026-04-03 09:45:00+00:00,1.39146,1.3914900000000001,1.39137,1.39146,71,122,0
2026-04-03 10:00:00+00:00,1.39146,1.39158,1.39141,1.39158,53,122,0
2026-04-03 10:15:00+00:00,1.39157,1.39177,1.39157,1.39169,49,122,0
2026-04-03 10:30:00+00:00,1.39168,1.39177,1.39167,1.39177,59,122,0
2026-04-03 10:45:00+00:00,1.39177,1.3918,1.39139,1.39179,94,122,0
2026-04-03 11:00:00+00:00,1.3918,1.3918,1.39167,1.39169,77,122,0
2026-04-03 11:15:00+00:00,1.39169,1.39197,1.39167,1.39196,62,122,0
2026-04-03 11:30:00+00:00,1.39196,1.39207,1.39192,1.39197,54,122,0
2026-04-03 11:45:00+00:00,1.39197,1.39203,1.39167,1.39201,90,122,0
2026-04-03 12:00:00+00:00,1.39199,1.39272,1.3918599999999999,1.39272,79,30,0
2026-04-03 12:15:00+00:00,1.39272,1.39316,1.39268,1.39288,240,14,0
2026-04-03 12:30:00+00:00,1.39291,1.3942,1.39291,1.39345,581,14,0
2026-04-03 12:45:00+00:00,1.39345,1.39402,1.39334,1.39392,178,14,0
2026-04-03 13:00:00+00:00,1.3939300000000001,1.3940299999999999,1.39346,1.39364,180,14,0
2026-04-03 13:15:00+00:00,1.39364,1.39407,1.39353,1.39394,122,14,0
2026-04-03 13:30:00+00:00,1.39394,1.3942,1.39382,1.39408,132,14,0
2026-04-03 13:45:00+00:00,1.39409,1.3941,1.39371,1.3937300000000001,127,14,0
2026-04-03 14:00:00+00:00,1.3937300000000001,1.39435,1.39372,1.39432,134,14,0
2026-04-03 14:15:00+00:00,1.39432,1.39487,1.39432,1.39465,125,14,0
2026-04-03 14:30:00+00:00,1.39463,1.39473,1.39451,1.3946100000000001,126,14,0
2026-04-03 14:45:00+00:00,1.3946100000000001,1.39467,1.39442,1.39446,97,14,0
2026-04-03 15:00:00+00:00,1.39446,1.39446,1.39419,1.3944,107,14,0
2026-04-03 15:15:00+00:00,1.39438,1.39438,1.39406,1.39407,83,14,0
2026-04-03 15:30:00+00:00,1.39407,1.39446,1.39398,1.3943699999999999,233,14,0
2026-04-03 15:45:00+00:00,1.3943699999999999,1.39438,1.39416,1.39421,279,14,0
2026-04-03 16:00:00+00:00,1.39421,1.3945,1.3941,1.39415,174,14,0
2026-04-03 16:15:00+00:00,1.39416,1.3944,1.39412,1.39436,122,14,0
2026-04-03 16:30:00+00:00,1.39436,1.39438,1.39413,1.39414,113,14,0
2026-04-03 16:45:00+00:00,1.39414,1.39432,1.39405,1.39416,172,14,0
2026-04-03 17:00:00+00:00,1.39415,1.39436,1.39406,1.39414,270,14,0
2026-04-03 17:15:00+00:00,1.39416,1.39431,1.39406,1.39411,431,14,0
2026-04-03 17:30:00+00:00,1.39411,1.3944,1.3941,1.39438,330,14,0
2026-04-03 17:45:00+00:00,1.39438,1.39439,1.39422,1.39438,59,14,0
2026-04-03 18:00:00+00:00,1.39438,1.39438,1.39419,1.3942,46,14,0
2026-04-03 18:15:00+00:00,1.3942,1.3942999999999999,1.3942,1.3942700000000001,91,27,0
2026-04-03 18:30:00+00:00,1.39426,1.3942999999999999,1.39423,1.39429,61,27,0
2026-04-03 18:45:00+00:00,1.39429,1.39432,1.39421,1.39429,36,27,0
2026-04-03 19:00:00+00:00,1.39429,1.39455,1.39429,1.39447,56,27,0
2026-04-03 19:15:00+00:00,1.39447,1.39447,1.39415,1.39428,35,27,0
2026-04-03 19:30:00+00:00,1.39428,1.39462,1.39428,1.3946,54,27,0
2026-04-03 19:45:00+00:00,1.3946100000000001,1.39471,1.39455,1.39456,63,27,0
2026-04-03 20:00:00+00:00,1.39456,1.3946,1.39389,1.39426,163,27,0
2026-04-03 20:15:00+00:00,1.39426,1.39435,1.39384,1.3939599999999999,237,32,0
2026-04-03 20:30:00+00:00,1.39395,1.39428,1.39344,1.39409,188,64,0
2026-04-03 20:45:00+00:00,1.39408,1.3942999999999999,1.3931,1.39398,136,64,0
2026-04-05 21:00:00+00:00,1.3938,1.39381,1.39375,1.3938,21,40,0
2026-04-05 21:15:00+00:00,1.3938,1.39381,1.39379,1.39379,17,40,0
2026-04-05 21:30:00+00:00,1.39379,1.39384,1.39346,1.3938,81,40,0
2026-04-05 21:45:00+00:00,1.39382,1.39383,1.39377,1.39377,54,40,0
2026-04-05 22:00:00+00:00,1.39389,1.39468,1.39364,1.39455,293,16,0
2026-04-05 22:15:00+00:00,1.3945699999999999,1.39459,1.39438,1.39449,196,16,0
2026-04-05 22:30:00+00:00,1.39449,1.39467,1.39443,1.3946100000000001,197,16,0
2026-04-05 22:45:00+00:00,1.3946100000000001,1.3946100000000001,1.39436,1.3944,142,16,0
2026-04-05 23:00:00+00:00,1.39442,1.39463,1.39439,1.39447,152,14,0
2026-04-05 23:15:00+00:00,1.39447,1.3946,1.3943699999999999,1.3946,100,14,0
2026-04-05 23:30:00+00:00,1.3946,1.3947,1.39453,1.3945699999999999,111,14,0
2026-04-05 23:45:00+00:00,1.3945699999999999,1.39463,1.39446,1.3945699999999999,83,14,0
2026-04-06 00:00:00+00:00,1.39458,1.39458,1.39415,1.39415,200,14,0
2026-04-06 00:15:00+00:00,1.39415,1.39425,1.39391,1.39424,145,14,0
2026-04-06 00:30:00+00:00,1.39424,1.39444,1.39416,1.39438,145,14,0
2026-04-06 00:45:00+00:00,1.39438,1.39446,1.39424,1.3943699999999999,135,14,0
2026-04-06 01:00:00+00:00,1.39436,1.39465,1.3942700000000001,1.3946399999999999,165,14,0
2026-04-06 01:15:00+00:00,1.3946399999999999,1.39468,1.39453,1.39462,165,14,0
2026-04-06 01:30:00+00:00,1.39462,1.39466,1.39458,1.39462,70,14,0
2026-04-06 01:45:00+00:00,1.39462,1.3947,1.39456,1.39466,79,14,0
2026-04-06 02:00:00+00:00,1.39466,1.39466,1.39391,1.39415,246,14,0
2026-04-06 02:15:00+00:00,1.39415,1.39417,1.39349,1.39361,336,14,0
2026-04-06 02:30:00+00:00,1.39361,1.39381,1.39356,1.3938,186,14,0
2026-04-06 02:45:00+00:00,1.3938,1.39392,1.39374,1.3939,119,14,0
2026-04-06 03:00:00+00:00,1.3939,1.39414,1.39381,1.39406,158,14,0
2026-04-06 03:15:00+00:00,1.39404,1.39421,1.3938,1.39386,200,14,0
2026-04-06 03:30:00+00:00,1.39385,1.39395,1.39379,1.3939,130,14,0
2026-04-06 03:45:00+00:00,1.39391,1.39409,1.39383,1.39383,117,14,0
2026-04-06 04:00:00+00:00,1.39382,1.39383,1.39358,1.3936,168,14,0
2026-04-06 04:15:00+00:00,1.3936,1.39374,1.39359,1.39367,122,14,0
2026-04-06 04:30:00+00:00,1.39367,1.39374,1.39363,1.3937300000000001,104,14,0
2026-04-06 04:45:00+00:00,1.3937300000000001,1.39381,1.39367,1.39374,86,14,0
2026-04-06 05:00:00+00:00,1.39374,1.3937599999999999,1.39354,1.39359,100,14,0
2026-04-06 05:15:00+00:00,1.39359,1.3936600000000001,1.3935,1.39365,113,14,0
2026-04-06 05:30:00+00:00,1.39365,1.39377,1.39359,1.3937300000000001,89,14,0
2026-04-06 05:45:00+00:00,1.3937300000000001,1.39389,1.39363,1.39389,119,14,0
2026-04-06 06:00:00+00:00,1.39389,1.39406,1.39382,1.39386,157,14,0
2026-04-06 06:15:00+00:00,1.39386,1.39417,1.39386,1.39408,89,14,0
2026-04-06 06:30:00+00:00,1.39408,1.39417,1.39384,1.39387,92,14,0
2026-04-06 06:45:00+00:00,1.39386,1.39397,1.3935,1.3935,307,14,0
2026-04-06 07:00:00+00:00,1.39348,1.39418,1.39337,1.3939,203,14,0
2026-04-06 07:15:00+00:00,1.39388,1.39388,1.39309,1.39309,183,14,0
2026-04-06 07:30:00+00:00,1.3931,1.3931,1.39252,1.39252,243,14,0
2026-04-06 07:45:00+00:00,1.39252,1.39252,1.39176,1.39191,394,14,0
2026-04-06 08:00:00+00:00,1.3919000000000001,1.39225,1.3915600000000001,1.39164,301,14,0
2026-04-06 08:15:00+00:00,1.39165,1.39211,1.39164,1.39195,261,14,0
2026-04-06 08:30:00+00:00,1.39195,1.39195,1.39164,1.39185,192,14,0
2026-04-06 08:45:00+00:00,1.39185,1.39214,1.39182,1.39214,145,14,0
2026-04-06 09:00:00+00:00,1.39214,1.39216,1.39166,1.39204,156,14,0
2026-04-06 09:15:00+00:00,1.39204,1.39224,1.39196,1.39205,120,14,0
2026-04-06 09:30:00+00:00,1.39205,1.39214,1.39175,1.39204,160,14,0
2026-04-06 09:45:00+00:00,1.39204,1.39206,1.39157,1.39204,317,14,0
2026-04-06 10:00:00+00:00,1.39204,1.39207,1.39169,1.39185,245,14,0
2026-04-06 10:15:00+00:00,1.39185,1.39226,1.39185,1.39224,151,14,0
2026-04-06 10:30:00+00:00,1.39224,1.39253,1.39222,1.3924400000000001,157,14,0
2026-04-06 10:45:00+00:00,1.3924400000000001,1.39283,1.39233,1.39234,297,14,0
2026-04-06 11:00:00+00:00,1.39234,1.39253,1.39214,1.39238,228,14,0
2026-04-06 11:15:00+00:00,1.39238,1.3924,1.39191,1.39191,195,14,0
2026-04-06 11:30:00+00:00,1.39191,1.39235,1.3918300000000001,1.39235,188,14,0
2026-04-06 11:45:00+00:00,1.39234,1.39234,1.39181,1.39185,230,14,0
2026-04-06 12:00:00+00:00,1.39185,1.39221,1.39168,1.3918599999999999,219,14,0
2026-04-06 12:15:00+00:00,1.3918599999999999,1.3924,1.39182,1.39194,253,14,0
2026-04-06 12:30:00+00:00,1.39194,1.39194,1.39135,1.3915,206,14,0
2026-04-06 12:45:00+00:00,1.3915,1.3915199999999999,1.3908800000000001,1.39108,248,14,0
2026-04-06 13:00:00+00:00,1.39107,1.39128,1.3905699999999999,1.39067,271,14,0
2026-04-06 13:15:00+00:00,1.39067,1.3908800000000001,1.3905,1.39052,169,14,0
2026-04-06 13:30:00+00:00,1.3905,1.3909500000000001,1.39018,1.3909500000000001,394,14,0
2026-04-06 13:45:00+00:00,1.3909500000000001,1.39101,1.39045,1.3906100000000001,354,14,0
2026-04-06 14:00:00+00:00,1.3906,1.39168,1.39022,1.39106,531,14,0
2026-04-06 14:15:00+00:00,1.39106,1.39147,1.39086,1.39093,482,14,0
2026-04-06 14:30:00+00:00,1.39094,1.39157,1.39066,1.39085,556,14,0
2026-04-06 14:45:00+00:00,1.39086,1.39155,1.39066,1.39142,568,14,0
2026-04-06 15:00:00+00:00,1.39142,1.39214,1.39141,1.39205,460,14,0
2026-04-06 15:15:00+00:00,1.39204,1.39216,1.3918,1.3918300000000001,331,14,0
2026-04-06 15:30:00+00:00,1.39184,1.39233,1.39182,1.39215,278,14,0
2026-04-06 15:45:00+00:00,1.39215,1.39227,1.39146,1.3914900000000001,270,14,0
2026-04-06 16:00:00+00:00,1.39151,1.39166,1.39107,1.39127,330,14,0
2026-04-06 16:15:00+00:00,1.39127,1.39179,1.39106,1.39157,243,14,0
2026-04-06 16:30:00+00:00,1.39157,1.39176,1.39144,1.3915600000000001,191,14,0
2026-04-06 16:45:00+00:00,1.3915600000000001,1.39185,1.39145,1.39164,255,14,0
2026-04-06 17:00:00+00:00,1.39164,1.3921999999999999,1.39164,1.39209,361,14,0
2026-04-06 17:15:00+00:00,1.39209,1.3923,1.39157,1.39175,309,14,0
2026-04-06 17:30:00+00:00,1.39174,1.39187,1.39148,1.3916,296,14,0
2026-04-06 17:45:00+00:00,1.3916,1.39185,1.39157,1.39176,206,14,0
2026-04-06 18:00:00+00:00,1.39176,1.39188,1.39139,1.39147,347,14,0
2026-04-06 18:15:00+00:00,1.39147,1.39148,1.39116,1.39118,256,14,0
2026-04-06 18:30:00+00:00,1.39119,1.3919000000000001,1.39113,1.39188,286,14,0
2026-04-06 18:45:00+00:00,1.39188,1.39196,1.39165,1.39175,273,14,0
2026-04-06 19:00:00+00:00,1.39173,1.39187,1.39134,1.39143,132,14,0
2026-04-06 19:15:00+00:00,1.39143,1.39167,1.39137,1.39164,108,14,0
2026-04-06 19:30:00+00:00,1.39164,1.39171,1.39153,1.39166,133,14,0
2026-04-06 19:45:00+00:00,1.39166,1.39168,1.39146,1.39164,205,14,0
2026-04-06 20:00:00+00:00,1.39164,1.39176,1.39153,1.39158,190,14,0
2026-04-06 20:15:00+00:00,1.39158,1.39165,1.39137,1.39145,102,14,0
2026-04-06 20:30:00+00:00,1.39146,1.3915600000000001,1.39108,1.39108,104,14,0
2026-04-06 20:45:00+00:00,1.39108,1.39121,1.39082,1.39099,115,14,0
2026-04-06 21:00:00+00:00,1.391,1.39103,1.39089,1.39094,97,14,0
2026-04-06 21:15:00+00:00,1.39092,1.39099,1.39083,1.39093,149,43,0
2026-04-06 21:30:00+00:00,1.39093,1.39102,1.39086,1.39097,160,31,0
2026-04-06 21:45:00+00:00,1.39096,1.39101,1.39085,1.39087,131,31,0
2026-04-06 22:00:00+00:00,1.39087,1.39094,1.39074,1.39089,63,14,0
2026-04-06 22:15:00+00:00,1.39089,1.39099,1.39079,1.3909,72,16,0
2026-04-06 22:30:00+00:00,1.3909,1.3909,1.39079,1.3908800000000001,48,16,0
2026-04-06 22:45:00+00:00,1.3908800000000001,1.39109,1.3908800000000001,1.39105,89,16,0
2026-04-06 23:00:00+00:00,1.39105,1.39109,1.39087,1.391,117,14,0
2026-04-06 23:15:00+00:00,1.391,1.39115,1.39099,1.39115,48,14,0
2026-04-06 23:30:00+00:00,1.39117,1.39137,1.39117,1.39128,49,14,0
2026-04-06 23:45:00+00:00,1.39128,1.39128,1.3911,1.39119,87,14,0
2026-04-07 00:00:00+00:00,1.39119,1.3915899999999999,1.39117,1.39146,271,14,0
2026-04-07 00:15:00+00:00,1.39146,1.39153,1.3912,1.39148,259,14,0
2026-04-07 00:30:00+00:00,1.39148,1.39176,1.39143,1.39169,204,14,0
2026-04-07 00:45:00+00:00,1.39169,1.3918300000000001,1.39163,1.39182,159,14,0
2026-04-07 01:00:00+00:00,1.3918300000000001,1.39206,1.39158,1.39198,273,14,0
2026-04-07 01:15:00+00:00,1.39198,1.39199,1.39179,1.39185,191,14,0
2026-04-07 01:30:00+00:00,1.39185,1.39246,1.39185,1.39241,241,14,0
2026-04-07 01:45:00+00:00,1.39241,1.39285,1.39238,1.39262,226,14,0
2026-04-07 02:00:00+00:00,1.39261,1.3929,1.39246,1.39286,230,14,0
2026-04-07 02:15:00+00:00,1.39286,1.39293,1.39268,1.3927100000000001,158,14,0
2026-04-07 02:30:00+00:00,1.3927100000000001,1.39276,1.39249,1.39258,158,14,0
2026-04-07 02:45:00+00:00,1.39258,1.39263,1.39241,1.3924699999999999,159,14,0
2026-04-07 03:00:00+00:00,1.3924699999999999,1.39249,1.39228,1.39235,157,14,0
2026-04-07 03:15:00+00:00,1.39235,1.39248,1.39229,1.39229,153,14,0
2026-04-07 03:30:00+00:00,1.39229,1.3923,1.3919000000000001,1.3919000000000001,153,14,0
2026-04-07 03:45:00+00:00,1.3919000000000001,1.39199,1.39189,1.39199,97,14,0
2026-04-07 04:00:00+00:00,1.39198,1.39201,1.3918599999999999,1.39191,139,14,0
2026-04-07 04:15:00+00:00,1.39191,1.39198,1.39185,1.39189,140,14,0
2026-04-07 04:30:00+00:00,1.39188,1.39202,1.3917,1.3917,180,14,0
2026-04-07 04:45:00+00:00,1.3917,1.39172,1.39148,1.39171,157,14,0
2026-04-07 05:00:00+00:00,1.39168,1.3919000000000001,1.39167,1.39181,186,14,0
2026-04-07 05:15:00+00:00,1.39181,1.3919000000000001,1.39167,1.3918599999999999,203,14,0
2026-04-07 05:30:00+00:00,1.3918599999999999,1.39221,1.39173,1.39221,269,14,0
2026-04-07 05:45:00+00:00,1.39221,1.39235,1.3919000000000001,1.3919000000000001,204,14,0
2026-04-07 06:00:00+00:00,1.39191,1.39202,1.39175,1.392,251,14,0
2026-04-07 06:15:00+00:00,1.392,1.39218,1.39153,1.3916,216,14,0
2026-04-07 06:30:00+00:00,1.3916,1.39219,1.3915899999999999,1.39202,272,14,0
2026-04-07 06:45:00+00:00,1.39203,1.39235,1.39193,1.39202,253,14,0
2026-04-07 07:00:00+00:00,1.39201,1.3926,1.39201,1.3925,222,14,0
2026-04-07 07:15:00+00:00,1.3925,1.39254,1.3919000000000001,1.3921000000000001,212,14,0
2026-04-07 07:30:00+00:00,1.3921000000000001,1.39218,1.39179,1.392,151,14,0
2026-04-07 07:45:00+00:00,1.392,1.39221,1.3919000000000001,1.39219,175,14,0
2026-04-07 08:00:00+00:00,1.3921999999999999,1.3921999999999999,1.39142,1.3914900000000001,492,14,0
2026-04-07 08:15:00+00:00,1.39151,1.39191,1.39141,1.3917,330,14,0
2026-04-07 08:30:00+00:00,1.39171,1.39212,1.3916,1.39193,316,14,0
2026-04-07 08:45:00+00:00,1.39195,1.39197,1.3908800000000001,1.39101,304,14,0
2026-04-07 09:00:00+00:00,1.39102,1.39144,1.39081,1.39143,232,14,0
2026-04-07 09:15:00+00:00,1.39143,1.39208,1.39116,1.3918599999999999,305,14,0
2026-04-07 09:30:00+00:00,1.39187,1.39238,1.3918300000000001,1.39211,280,14,0
2026-04-07 09:45:00+00:00,1.39212,1.39212,1.39172,1.39179,194,14,0
2026-04-07 10:00:00+00:00,1.39179,1.39236,1.39173,1.39195,387,14,0
2026-04-07 10:15:00+00:00,1.39195,1.39269,1.39192,1.39229,380,14,0
2026-04-07 10:30:00+00:00,1.39229,1.3928099999999999,1.3921299999999999,1.39258,254,14,0
2026-04-07 10:45:00+00:00,1.39258,1.39267,1.39199,1.39207,295,14,0
2026-04-07 11:00:00+00:00,1.39207,1.3923,1.392,1.39209,189,14,0
2026-04-07 11:15:00+00:00,1.39209,1.39218,1.39169,1.39196,194,14,0
2026-04-07 11:30:00+00:00,1.39197,1.39208,1.39138,1.39141,227,14,0
2026-04-07 11:45:00+00:00,1.39141,1.3917,1.39099,1.39109,151,14,0
2026-04-07 12:00:00+00:00,1.39109,1.39131,1.39058,1.39106,490,14,0
2026-04-07 12:15:00+00:00,1.39104,1.39146,1.391,1.39134,311,14,0
2026-04-07 12:30:00+00:00,1.39135,1.39161,1.3913,1.3916,215,14,0
2026-04-07 12:45:00+00:00,1.3916,1.39171,1.39083,1.3914,304,14,0
2026-04-07 13:00:00+00:00,1.39138,1.39193,1.39137,1.39178,282,14,0
2026-04-07 13:15:00+00:00,1.39178,1.3921999999999999,1.39165,1.3921999999999999,277,14,0
2026-04-07 13:30:00+00:00,1.3921999999999999,1.39246,1.39189,1.39204,454,14,0
2026-04-07 13:45:00+00:00,1.39202,1.39216,1.39146,1.39158,369,14,0
2026-04-07 14:00:00+00:00,1.39158,1.39207,1.39158,1.39169,435,14,0
2026-04-07 14:15:00+00:00,1.39169,1.39171,1.38993,1.39002,588,14,0
2026-04-07 14:30:00+00:00,1.38999,1.38999,1.38903,1.38979,609,14,0
2026-04-07 14:45:00+00:00,1.3898,1.3909,1.38945,1.39087,569,14,0
2026-04-07 15:00:00+00:00,1.39087,1.39189,1.39076,1.39165,507,14,0
2026-04-07 15:15:00+00:00,1.39166,1.39172,1.39105,1.3915899999999999,484,14,0
2026-04-07 15:30:00+00:00,1.39157,1.39176,1.39148,1.3915899999999999,340,14,0
2026-04-07 15:45:00+00:00,1.3916,1.39161,1.39052,1.39053,405,14,0
2026-04-07 16:00:00+00:00,1.39055,1.39075,1.39014,1.3906399999999999,444,14,0
2026-04-07 16:15:00+00:00,1.3906399999999999,1.39075,1.38998,1.39009,444,14,0
2026-04-07 16:30:00+00:00,1.39007,1.39009,1.38988,1.3900299999999999,283,14,0
2026-04-07 16:45:00+00:00,1.3900299999999999,1.39025,1.38993,1.39012,256,14,0
2026-04-07 17:00:00+00:00,1.39012,1.39035,1.38993,1.39012,277,14,0
2026-04-07 17:15:00+00:00,1.39012,1.39025,1.3896600000000001,1.38987,226,14,0
2026-04-07 17:30:00+00:00,1.38986,1.39005,1.38925,1.38987,388,14,0
2026-04-07 17:45:00+00:00,1.38988,1.39025,1.38982,1.39008,256,14,0
2026-04-07 18:00:00+00:00,1.39008,1.39028,1.39002,1.39024,170,14,0
2026-04-07 18:15:00+00:00,1.39024,1.3903699999999999,1.3896600000000001,1.38983,324,14,0
2026-04-07 18:30:00+00:00,1.38982,1.39022,1.38978,1.3900299999999999,238,14,0
2026-04-07 18:45:00+00:00,1.39004,1.39041,1.38997,1.39022,278,14,0
2026-04-07 19:00:00+00:00,1.39021,1.39051,1.38994,1.39025,321,14,0
2026-04-07 19:15:00+00:00,1.39025,1.39025,1.3894,1.38944,494,14,0
2026-04-07 19:30:00+00:00,1.38945,1.38956,1.38909,1.38927,272,14,0
2026-04-07 19:45:00+00:00,1.38929,1.38953,1.38885,1.38943,586,14,0
2026-04-07 20:00:00+00:00,1.38945,1.38955,1.38864,1.3887,359,14,0
2026-04-07 20:15:00+00:00,1.3887,1.38927,1.38863,1.38927,226,14,0
2026-04-07 20:30:00+00:00,1.38926,1.38934,1.38875,1.38924,315,14,0
2026-04-07 20:45:00+00:00,1.38924,1.38927,1.38845,1.3885100000000001,196,14,0
2026-04-07 21:00:00+00:00,1.38852,1.38855,1.3884,1.38841,312,18,0
2026-04-07 21:15:00+00:00,1.3884,1.3885100000000001,1.38836,1.3885,267,48,0
2026-04-07 21:30:00+00:00,1.3885,1.38857,1.38846,1.38856,88,50,0
2026-04-07 21:45:00+00:00,1.38856,1.38873,1.38845,1.38873,83,34,0
2026-04-07 22:00:00+00:00,1.3887800000000001,1.38893,1.38767,1.38811,245,16,0
2026-04-07 22:15:00+00:00,1.38811,1.38831,1.38807,1.38827,141,16,0
2026-04-07 22:30:00+00:00,1.38827,1.38985,1.38639,1.38672,1170,16,0
2026-04-07 22:45:00+00:00,1.38673,1.38707,1.38557,1.38595,734,16,0
2026-04-07 23:00:00+00:00,1.38604,1.38616,1.38525,1.3854,954,14,0
2026-04-07 23:15:00+00:00,1.3854,1.38558,1.38457,1.38491,572,14,0
2026-04-07 23:30:00+00:00,1.38491,1.38531,1.38439,1.38439,590,14,0
2026-04-07 23:45:00+00:00,1.38439,1.3844400000000001,1.38403,1.38421,510,14,0
2026-04-08 00:00:00+00:00,1.38423,1.38439,1.38339,1.38402,872,14,0
2026-04-08 00:15:00+00:00,1.38402,1.3848,1.384,1.38465,708,14,0
2026-04-08 00:30:00+00:00,1.38463,1.38511,1.38427,1.3850500000000001,600,14,0
2026-04-08 00:45:00+00:00,1.38504,1.38518,1.38448,1.3848500000000001,530,14,0
2026-04-08 01:00:00+00:00,1.3848500000000001,1.38496,1.38341,1.38378,523,14,0
2026-04-08 01:15:00+00:00,1.3838,1.3838599999999999,1.38317,1.38321,404,14,0
2026-04-08 01:30:00+00:00,1.38321,1.38395,1.38321,1.38376,385,14,0
2026-04-08 01:45:00+00:00,1.38375,1.38416,1.38358,1.38412,337,14,0
2026-04-08 02:00:00+00:00,1.38413,1.38414,1.38349,1.38368,389,14,0
2026-04-08 02:15:00+00:00,1.38368,1.38403,1.38367,1.38378,276,14,0
2026-04-08 02:30:00+00:00,1.38377,1.38427,1.38374,1.38422,268,14,0
2026-04-08 02:45:00+00:00,1.38422,1.38425,1.3838599999999999,1.38389,271,14,0
2026-04-08 03:00:00+00:00,1.38387,1.38394,1.38367,1.38368,239,14,0
2026-04-08 03:15:00+00:00,1.38368,1.38421,1.38366,1.38408,249,14,0
2026-04-08 03:30:00+00:00,1.38408,1.3842400000000001,1.38387,1.38401,256,14,0
2026-04-08 03:45:00+00:00,1.38401,1.38425,1.38375,1.3839000000000001,274,14,0
2026-04-08 04:00:00+00:00,1.38388,1.38416,1.38368,1.38378,324,14,0
2026-04-08 04:15:00+00:00,1.38378,1.38381,1.38341,1.38357,217,14,0
2026-04-08 04:30:00+00:00,1.38358,1.38369,1.38336,1.38347,232,14,0
2026-04-08 04:45:00+00:00,1.38346,1.3835600000000001,1.3832900000000001,1.38338,246,14,0
2026-04-08 05:00:00+00:00,1.38337,1.3836300000000001,1.3832200000000001,1.38338,342,14,0
2026-04-08 05:15:00+00:00,1.38338,1.38364,1.38301,1.38318,276,14,0
2026-04-08 05:30:00+00:00,1.38319,1.3833,1.3829099999999999,1.38307,337,14,0
2026-04-08 05:45:00+00:00,1.38308,1.38335,1.38233,1.38319,447,14,0
2026-04-08 06:00:00+00:00,1.38321,1.3846,1.3832,1.38446,576,14,0
2026-04-08 06:15:00+00:00,1.3844699999999999,1.38466,1.38406,1.38415,449,14,0
2026-04-08 06:30:00+00:00,1.38415,1.38457,1.38375,1.38396,480,14,0
2026-04-08 06:45:00+00:00,1.38395,1.38469,1.38389,1.3843,404,14,0
2026-04-08 07:00:00+00:00,1.38428,1.38565,1.38426,1.38554,478,14,0
2026-04-08 07:15:00+00:00,1.38556,1.38558,1.3845,1.38484,456,14,0
2026-04-08 07:30:00+00:00,1.3848500000000001,1.38496,1.3844,1.3844,401,14,0
2026-04-08 07:45:00+00:00,1.3844,1.38461,1.38416,1.38456,324,14,0
2026-04-08 08:00:00+00:00,1.38456,1.38543,1.38418,1.38541,348,14,0
2026-04-08 08:15:00+00:00,1.3854199999999999,1.3857,1.38517,1.3855,306,14,0
2026-04-08 08:30:00+00:00,1.3855,1.38654,1.3854,1.38633,391,14,0
2026-04-08 08:45:00+00:00,1.38633,1.38655,1.38612,1.38655,378,14,0
2026-04-08 09:00:00+00:00,1.38655,1.3866399999999999,1.38626,1.38646,262,14,0
2026-04-08 09:15:00+00:00,1.38646,1.38672,1.38617,1.38619,263,14,0
2026-04-08 09:30:00+00:00,1.38618,1.3869799999999999,1.38608,1.3869799999999999,303,14,0
2026-04-08 09:45:00+00:00,1.38696,1.38714,1.38657,1.38712,318,14,0
2026-04-08 10:00:00+00:00,1.38712,1.38741,1.38694,1.3869500000000001,305,14,0
2026-04-08 10:15:00+00:00,1.3869500000000001,1.38709,1.3866800000000001,1.38672,240,14,0
2026-04-08 10:30:00+00:00,1.38672,1.38675,1.3863400000000001,1.3863400000000001,210,14,0
2026-04-08 10:45:00+00:00,1.3863400000000001,1.3871,1.38624,1.38678,252,14,0
2026-04-08 11:00:00+00:00,1.38678,1.38711,1.38662,1.38675,238,14,0
2026-04-08 11:15:00+00:00,1.38675,1.38696,1.3858,1.38584,380,14,0
2026-04-08 11:30:00+00:00,1.38585,1.38663,1.38541,1.3860999999999999,469,14,0
2026-04-08 11:45:00+00:00,1.38609,1.38628,1.3858,1.38624,413,14,0
2026-04-08 12:00:00+00:00,1.38625,1.38642,1.38568,1.38614,477,14,0
2026-04-08 12:15:00+00:00,1.38612,1.3872900000000001,1.38612,1.38626,861,14,0
2026-04-08 12:30:00+00:00,1.38626,1.38639,1.3841700000000001,1.38442,468,14,0
2026-04-08 12:45:00+00:00,1.38442,1.38473,1.38346,1.38407,477,14,0
2026-04-08 13:00:00+00:00,1.38407,1.38467,1.3839000000000001,1.38459,480,14,0
2026-04-08 13:15:00+00:00,1.38458,1.3853900000000001,1.38433,1.38526,471,14,0
2026-04-08 13:30:00+00:00,1.38526,1.38686,1.38492,1.38633,837,14,0
2026-04-08 13:45:00+00:00,1.38633,1.3864,1.38537,1.38568,734,14,0
2026-04-08 14:00:00+00:00,1.3857,1.38594,1.38494,1.38511,710,14,0
2026-04-08 14:15:00+00:00,1.3851200000000001,1.38538,1.38466,1.38509,558,14,0
2026-04-08 14:30:00+00:00,1.3851200000000001,1.38592,1.38497,1.38543,600,14,0
2026-04-08 14:45:00+00:00,1.3854199999999999,1.3855,1.38391,1.38391,734,14,0
2026-04-08 15:00:00+00:00,1.38392,1.38487,1.38391,1.38475,545,14,0
2026-04-08 15:15:00+00:00,1.38477,1.38494,1.38449,1.38469,453,14,0
2026-04-08 15:30:00+00:00,1.3847,1.3851,1.38437,1.38506,490,14,0
2026-04-08 15:45:00+00:00,1.38506,1.38553,1.38476,1.38537,461,14,0
2026-04-08 16:00:00+00:00,1.38537,1.38591,1.3850799999999999,1.3856600000000001,453,14,0
2026-04-08 16:15:00+00:00,1.38565,1.3859,1.38556,1.38575,316,14,0
2026-04-08 16:30:00+00:00,1.3857300000000001,1.38579,1.38453,1.38453,351,14,0
2026-04-08 16:45:00+00:00,1.38453,1.38457,1.3841700000000001,1.3841700000000001,321,14,0
2026-04-08 17:00:00+00:00,1.38415,1.38458,1.38387,1.38389,312,14,0
2026-04-08 17:15:00+00:00,1.38389,1.38467,1.38388,1.3845,344,14,0
2026-04-08 17:30:00+00:00,1.38453,1.38522,1.38437,1.38437,420,14,0
2026-04-08 17:45:00+00:00,1.38437,1.38457,1.38409,1.38416,249,14,0
2026-04-08 18:00:00+00:00,1.3841700000000001,1.3845100000000001,1.3838599999999999,1.3841700000000001,247,14,0
2026-04-08 18:15:00+00:00,1.3841700000000001,1.38497,1.38411,1.38497,603,14,0
2026-04-08 18:30:00+00:00,1.38497,1.38537,1.3847,1.38531,396,14,0
2026-04-08 18:45:00+00:00,1.38532,1.38593,1.38531,1.38555,402,14,0
2026-04-08 19:00:00+00:00,1.38558,1.38602,1.38529,1.38531,456,14,0
2026-04-08 19:15:00+00:00,1.38532,1.38534,1.38493,1.38527,361,14,0
2026-04-08 19:30:00+00:00,1.38527,1.3857300000000001,1.38471,1.38501,500,14,0
2026-04-08 19:45:00+00:00,1.38501,1.3850799999999999,1.38364,1.38384,560,14,0
2026-04-08 20:00:00+00:00,1.38385,1.38405,1.38349,1.38394,348,14,0
2026-04-08 20:15:00+00:00,1.38394,1.38443,1.38392,1.38422,260,14,0
2026-04-08 20:30:00+00:00,1.38423,1.38433,1.38389,1.38413,186,14,0
2026-04-08 20:45:00+00:00,1.38413,1.38448,1.38413,1.3844,228,14,0
2026-04-08 21:00:00+00:00,1.38439,1.38443,1.3843,1.38432,135,14,0
2026-04-08 21:15:00+00:00,1.3843,1.38443,1.3843,1.38436,176,15,0
2026-04-08 21:30:00+00:00,1.38437,1.38437,1.38398,1.38427,216,22,0
2026-04-08 21:45:00+00:00,1.38426,1.38439,1.38421,1.38439,110,31,0
2026-04-08 22:00:00+00:00,1.38443,1.3847,1.38427,1.38469,135,15,0
2026-04-08 22:15:00+00:00,1.38469,1.38491,1.38462,1.38462,76,16,0
2026-04-08 22:30:00+00:00,1.38461,1.3847,1.38448,1.38461,87,16,0
2026-04-08 22:45:00+00:00,1.38461,1.38468,1.38448,1.38459,121,16,0
2026-04-08 23:00:00+00:00,1.38459,1.38474,1.3845399999999999,1.38462,136,14,0
2026-04-08 23:15:00+00:00,1.38462,1.3848099999999999,1.38459,1.38477,64,14,0
2026-04-08 23:30:00+00:00,1.38477,1.38495,1.38476,1.3848,75,14,0
2026-04-08 23:45:00+00:00,1.3848,1.38507,1.38472,1.3850500000000001,148,14,0
2026-04-09 00:00:00+00:00,1.3850500000000001,1.3854899999999999,1.38498,1.3853900000000001,281,14,0
2026-04-09 00:15:00+00:00,1.3853900000000001,1.3854899999999999,1.38527,1.38535,205,14,0
2026-04-09 00:30:00+00:00,1.38534,1.38536,1.38507,1.38528,184,14,0
2026-04-09 00:45:00+00:00,1.38528,1.3853900000000001,1.38509,1.38529,255,14,0
2026-04-09 01:00:00+00:00,1.38529,1.38551,1.38514,1.3854600000000001,213,14,0
2026-04-09 01:15:00+00:00,1.38548,1.38588,1.38544,1.38583,186,14,0
2026-04-09 01:30:00+00:00,1.3858,1.3858,1.3853,1.38544,198,14,0
2026-04-09 01:45:00+00:00,1.38544,1.38563,1.3852,1.38521,250,14,0
2026-04-09 02:00:00+00:00,1.38521,1.38548,1.3850799999999999,1.38537,206,14,0
2026-04-09 02:15:00+00:00,1.38537,1.38537,1.3850500000000001,1.3850500000000001,162,14,0
2026-04-09 02:30:00+00:00,1.3850500000000001,1.38506,1.38483,1.38486,172,14,0
2026-04-09 02:45:00+00:00,1.38486,1.38501,1.3848,1.3849,139,14,0
2026-04-09 03:00:00+00:00,1.3849,1.38519,1.38487,1.38501,172,14,0
2026-04-09 03:15:00+00:00,1.38501,1.38509,1.38492,1.38501,144,14,0
2026-04-09 03:30:00+00:00,1.38501,1.38501,1.3848099999999999,1.3848099999999999,86,14,0
2026-04-09 03:45:00+00:00,1.38482,1.3852,1.38482,1.38492,197,14,0
2026-04-09 04:00:00+00:00,1.3849,1.3849,1.38455,1.38457,121,14,0
2026-04-09 04:15:00+00:00,1.38457,1.3847,1.38446,1.38457,149,14,0
2026-04-09 04:30:00+00:00,1.38458,1.38472,1.3845399999999999,1.38463,105,14,0
2026-04-09 04:45:00+00:00,1.38463,1.38489,1.38463,1.38489,99,14,0
2026-04-09 05:00:00+00:00,1.38489,1.3849,1.38468,1.38479,127,14,0
2026-04-09 05:15:00+00:00,1.38479,1.38479,1.38449,1.38462,163,14,0
2026-04-09 05:30:00+00:00,1.38462,1.38486,1.38462,1.38482,135,14,0
2026-04-09 05:45:00+00:00,1.38482,1.3854,1.38482,1.38509,180,14,0
2026-04-09 06:00:00+00:00,1.38509,1.3854600000000001,1.38507,1.3851499999999999,239,14,0
2026-04-09 06:15:00+00:00,1.3851499999999999,1.3855,1.3851499999999999,1.38538,211,14,0
2026-04-09 06:30:00+00:00,1.38537,1.3857599999999999,1.38516,1.38565,274,14,0
2026-04-09 06:45:00+00:00,1.38565,1.38568,1.38531,1.38531,232,14,0
2026-04-09 07:00:00+00:00,1.38529,1.38568,1.38522,1.38563,219,14,0
2026-04-09 07:15:00+00:00,1.38564,1.3857300000000001,1.38528,1.3856600000000001,282,14,0
2026-04-09 07:30:00+00:00,1.38567,1.38598,1.38537,1.38545,268,14,0
2026-04-09 07:45:00+00:00,1.38545,1.38565,1.38533,1.38556,300,14,0
2026-04-09 08:00:00+00:00,1.38556,1.3856600000000001,1.38534,1.38557,236,14,0
2026-04-09 08:15:00+00:00,1.38555,1.38568,1.38543,1.3856600000000001,175,14,0
2026-04-09 08:30:00+00:00,1.3856600000000001,1.38568,1.38536,1.38537,237,14,0
2026-04-09 08:45:00+00:00,1.38537,1.38544,1.3848500000000001,1.3848799999999999,214,14,0
2026-04-09 09:00:00+00:00,1.3848799999999999,1.38548,1.3848799999999999,1.38526,233,14,0
2026-04-09 09:15:00+00:00,1.38526,1.38536,1.38518,1.38518,180,14,0
2026-04-09 09:30:00+00:00,1.38518,1.3854199999999999,1.38518,1.38536,154,14,0
2026-04-09 09:45:00+00:00,1.38536,1.3856,1.38536,1.38556,159,14,0
2026-04-09 10:00:00+00:00,1.38557,1.38565,1.38519,1.3854600000000001,198,14,0
2026-04-09 10:15:00+00:00,1.3854600000000001,1.38553,1.38509,1.38532,176,14,0
2026-04-09 10:30:00+00:00,1.38533,1.38557,1.38528,1.3854600000000001,134,14,0
2026-04-09 10:45:00+00:00,1.3854600000000001,1.38557,1.3853,1.38535,161,14,0
2026-04-09 11:00:00+00:00,1.38535,1.38536,1.38514,1.38518,161,14,0
2026-04-09 11:15:00+00:00,1.38518,1.38518,1.38456,1.38458,180,14,0
2026-04-09 11:30:00+00:00,1.38458,1.3846,1.38338,1.38345,254,14,0
2026-04-09 11:45:00+00:00,1.38345,1.38375,1.3833199999999999,1.38351,271,14,0
2026-04-09 12:00:00+00:00,1.38352,1.38422,1.38352,1.38399,277,14,0
2026-04-09 12:15:00+00:00,1.38399,1.38439,1.38387,1.3841,294,14,0
2026-04-09 12:30:00+00:00,1.38405,1.38405,1.38303,1.38331,495,14,0
2026-04-09 12:45:00+00:00,1.3833199999999999,1.38371,1.3832499999999999,1.38341,357,14,0
2026-04-09 13:00:00+00:00,1.38341,1.38343,1.38249,1.3825,344,14,0
2026-04-09 13:15:00+00:00,1.38248,1.38276,1.38225,1.38256,318,14,0
2026-04-09 13:30:00+00:00,1.38256,1.3826800000000001,1.3819,1.38201,477,14,0
2026-04-09 13:45:00+00:00,1.38199,1.3829099999999999,1.3816,1.38286,454,14,0
2026-04-09 14:00:00+00:00,1.38286,1.38289,1.38162,1.38163,481,14,0
2026-04-09 14:15:00+00:00,1.38163,1.38197,1.38093,1.38097,698,14,0
2026-04-09 14:30:00+00:00,1.38099,1.38289,1.38099,1.38285,579,14,0
2026-04-09 14:45:00+00:00,1.38287,1.38326,1.38194,1.38232,649,14,0
2026-04-09 15:00:00+00:00,1.3823400000000001,1.38339,1.38226,1.38279,468,14,0
2026-04-09 15:15:00+00:00,1.38279,1.38279,1.38172,1.38242,614,14,0
2026-04-09 15:30:00+00:00,1.38242,1.38246,1.38094,1.38171,839,14,0
2026-04-09 15:45:00+00:00,1.38172,1.38184,1.38057,1.38077,502,14,0
2026-04-09 16:00:00+00:00,1.38077,1.38104,1.38041,1.38098,519,14,0
2026-04-09 16:15:00+00:00,1.38097,1.38152,1.38093,1.38114,501,14,0
2026-04-09 16:30:00+00:00,1.38114,1.38177,1.38095,1.38166,290,14,0
2026-04-09 16:45:00+00:00,1.38166,1.38187,1.38131,1.38166,305,14,0
2026-04-09 17:00:00+00:00,1.38166,1.3817599999999999,1.38144,1.38156,269,14,0
2026-04-09 17:15:00+00:00,1.38157,1.38168,1.38128,1.38141,359,14,0
2026-04-09 17:30:00+00:00,1.38141,1.3816,1.38138,1.38152,211,14,0
2026-04-09 17:45:00+00:00,1.38152,1.38153,1.38125,1.3813,222,14,0
2026-04-09 18:00:00+00:00,1.38132,1.38213,1.38126,1.3820700000000001,403,14,0
2026-04-09 18:15:00+00:00,1.38205,1.3823699999999999,1.38178,1.3823699999999999,368,14,0
2026-04-09 18:30:00+00:00,1.3823699999999999,1.38239,1.38181,1.3819,292,14,0
2026-04-09 18:45:00+00:00,1.38189,1.38236,1.38182,1.38189,276,14,0
2026-04-09 19:00:00+00:00,1.38189,1.38197,1.38113,1.38121,225,14,0
2026-04-09 19:15:00+00:00,1.38119,1.38143,1.38104,1.38104,235,14,0
2026-04-09 19:30:00+00:00,1.38104,1.38123,1.38087,1.38096,258,14,0
2026-04-09 19:45:00+00:00,1.38096,1.38153,1.38095,1.38128,370,14,0
2026-04-09 20:00:00+00:00,1.38126,1.38183,1.3811499999999999,1.3818,190,14,0
2026-04-09 20:15:00+00:00,1.3818,1.38202,1.38174,1.3819,168,14,0
2026-04-09 20:30:00+00:00,1.3819,1.3819,1.38145,1.38161,139,14,0
2026-04-09 20:45:00+00:00,1.38161,1.3820299999999999,1.38147,1.38165,225,14,0
2026-04-09 21:00:00+00:00,1.38166,1.38166,1.38134,1.38134,75,14,0
2026-04-09 21:15:00+00:00,1.38135,1.38157,1.3813,1.3813,254,22,0
2026-04-09 21:30:00+00:00,1.38129,1.38151,1.38129,1.3814899999999999,179,20,0
2026-04-09 21:45:00+00:00,1.38147,1.3815,1.3814,1.38145,100,21,0
2026-04-09 22:00:00+00:00,1.3814600000000001,1.38151,1.3814,1.38151,64,14,0
2026-04-09 22:15:00+00:00,1.38151,1.3817599999999999,1.38143,1.3817599999999999,65,16,0
2026-04-09 22:30:00+00:00,1.3817599999999999,1.3817599999999999,1.38151,1.3817599999999999,113,14,0
2026-04-09 22:45:00+00:00,1.3817599999999999,1.38181,1.38158,1.38162,132,14,0
2026-04-09 23:00:00+00:00,1.38162,1.38191,1.38159,1.38184,117,14,0
2026-04-09 23:15:00+00:00,1.38184,1.38191,1.3818,1.38182,85,14,0
2026-04-09 23:30:00+00:00,1.38182,1.38219,1.3818,1.38216,86,14,0
2026-04-09 23:45:00+00:00,1.38217,1.38233,1.38214,1.38222,102,14,0
2026-04-10 00:00:00+00:00,1.38222,1.38262,1.38222,1.38253,177,14,0
2026-04-10 00:15:00+00:00,1.38253,1.38258,1.3823699999999999,1.38249,144,14,0
2026-04-10 00:30:00+00:00,1.38249,1.3825,1.38225,1.38242,152,14,0
2026-04-10 00:45:00+00:00,1.3824100000000001,1.38251,1.38238,1.38238,176,14,0
2026-04-10 01:00:00+00:00,1.3824,1.38253,1.38228,1.3824,161,14,0
2026-04-10 01:15:00+00:00,1.3824,1.38269,1.38236,1.3823699999999999,179,14,0
2026-04-10 01:30:00+00:00,1.38236,1.3824100000000001,1.38186,1.38186,135,14,0
2026-04-10 01:45:00+00:00,1.38186,1.3820000000000001,1.38177,1.38199,111,14,0
2026-04-10 02:00:00+00:00,1.38198,1.3824,1.38192,1.3824,186,14,0
2026-04-10 02:15:00+00:00,1.3824,1.38263,1.38228,1.38262,140,14,0
2026-04-10 02:30:00+00:00,1.38262,1.38262,1.3822999999999999,1.3822999999999999,116,14,0
2026-04-10 02:45:00+00:00,1.3822999999999999,1.38233,1.38221,1.38233,78,14,0
2026-04-10 03:00:00+00:00,1.38233,1.3824,1.38222,1.3822999999999999,89,14,0
2026-04-10 03:15:00+00:00,1.3822999999999999,1.3823400000000001,1.38221,1.38225,84,14,0
2026-04-10 03:30:00+00:00,1.38225,1.38236,1.38213,1.38232,105,14,0
2026-04-10 03:45:00+00:00,1.38232,1.38243,1.38213,1.38229,116,14,0
2026-04-10 04:00:00+00:00,1.38229,1.38229,1.3820299999999999,1.38208,118,14,0
2026-04-10 04:15:00+00:00,1.38209,1.38219,1.38208,1.38219,69,14,0
2026-04-10 04:30:00+00:00,1.3822,1.3824100000000001,1.38219,1.38239,92,14,0
2026-04-10 04:45:00+00:00,1.38239,1.38251,1.38228,1.38246,76,14,0
2026-04-10 05:00:00+00:00,1.38246,1.38254,1.38242,1.38252,113,14,0
2026-04-10 05:15:00+00:00,1.38252,1.38272,1.38244,1.38272,101,14,0
2026-04-10 05:30:00+00:00,1.38272,1.38278,1.38243,1.38258,134,14,0
2026-04-10 05:45:00+00:00,1.38258,1.38263,1.38252,1.38259,78,14,0
2026-04-10 06:00:00+00:00,1.38257,1.38279,1.38229,1.38279,239,14,0
2026-04-10 06:15:00+00:00,1.38279,1.38311,1.38279,1.38286,200,14,0
2026-04-10 06:30:00+00:00,1.38286,1.38297,1.3826,1.3829,227,14,0
2026-04-10 06:45:00+00:00,1.3829,1.38308,1.38288,1.38305,168,14,0
2026-04-10 07:00:00+00:00,1.38307,1.3832900000000001,1.383,1.38316,215,14,0
2026-04-10 07:15:00+00:00,1.38314,1.38337,1.38309,1.3833,215,14,0
2026-04-10 07:30:00+00:00,1.3832900000000001,1.38367,1.38319,1.38358,197,14,0
2026-04-10 07:45:00+00:00,1.38358,1.38427,1.38355,1.38425,162,14,0
2026-04-10 08:00:00+00:00,1.38427,1.38434,1.38368,1.38384,235,14,0
2026-04-10 08:15:00+00:00,1.3838300000000001,1.38413,1.38376,1.38404,199,14,0
2026-04-10 08:30:00+00:00,1.38402,1.38404,1.38365,1.38377,150,14,0
2026-04-10 08:45:00+00:00,1.38377,1.38377,1.38351,1.38367,164,14,0
2026-04-10 09:00:00+00:00,1.38366,1.38409,1.3835600000000001,1.38406,207,14,0
2026-04-10 09:15:00+00:00,1.38406,1.38408,1.3829799999999999,1.38368,504,14,0
2026-04-10 09:30:00+00:00,1.38368,1.38379,1.38327,1.38351,239,14,0
2026-04-10 09:45:00+00:00,1.38353,1.38366,1.38336,1.38343,231,14,0
2026-04-10 10:00:00+00:00,1.38344,1.38366,1.3834,1.38366,211,14,0
2026-04-10 10:15:00+00:00,1.38367,1.38392,1.38348,1.3837,217,14,0
2026-04-10 10:30:00+00:00,1.3837,1.38388,1.38366,1.38369,137,14,0
2026-04-10 10:45:00+00:00,1.38369,1.38387,1.38361,1.38376,153,14,0
2026-04-10 11:00:00+00:00,1.38376,1.38382,1.38338,1.38354,214,14,0
2026-04-10 11:15:00+00:00,1.38354,1.3836300000000001,1.38327,1.3834,200,14,0
2026-04-10 11:30:00+00:00,1.38338,1.38358,1.3830200000000001,1.38306,189,14,0
2026-04-10 11:45:00+00:00,1.38306,1.38309,1.38224,1.38233,215,14,0
2026-04-10 12:00:00+00:00,1.38233,1.38239,1.3816,1.38163,350,14,0
2026-04-10 12:15:00+00:00,1.38163,1.3825,1.38158,1.38199,371,14,0
2026-04-10 12:30:00+00:00,1.38201,1.38222,1.38132,1.38182,596,14,0
2026-04-10 12:45:00+00:00,1.38182,1.38265,1.38164,1.38197,493,14,0
2026-04-10 13:00:00+00:00,1.38197,1.38229,1.38177,1.38182,371,14,0
2026-04-10 13:15:00+00:00,1.38181,1.38196,1.38057,1.38069,420,14,0
2026-04-10 13:30:00+00:00,1.38069,1.38128,1.38065,1.3811,528,14,0
2026-04-10 13:45:00+00:00,1.3810799999999999,1.38197,1.38089,1.38163,498,14,0
2026-04-10 14:00:00+00:00,1.38165,1.38166,1.3802699999999999,1.3802699999999999,476,14,0
2026-04-10 14:15:00+00:00,1.3802699999999999,1.38071,1.37987,1.38002,402,14,0
2026-04-10 14:30:00+00:00,1.38002,1.38126,1.3799000000000001,1.38099,489,14,0
2026-04-10 14:45:00+00:00,1.38099,1.38308,1.3808799999999999,1.38303,674,14,0
2026-04-10 15:00:00+00:00,1.38306,1.38348,1.38232,1.3826100000000001,543,14,0
2026-04-10 15:15:00+00:00,1.3826,1.38277,1.38225,1.3826399999999999,371,14,0
2026-04-10 15:30:00+00:00,1.3826399999999999,1.38338,1.3826100000000001,1.38311,430,14,0
2026-04-10 15:45:00+00:00,1.3831,1.38328,1.3827,1.38277,436,14,0
2026-04-10 16:00:00+00:00,1.38277,1.38361,1.38277,1.38312,378,14,0
2026-04-10 16:15:00+00:00,1.38312,1.38349,1.3831,1.38313,317,14,0
2026-04-10 16:30:00+00:00,1.38315,1.38366,1.3831,1.38366,362,14,0
2026-04-10 16:45:00+00:00,1.38366,1.38381,1.38316,1.38334,339,14,0
2026-04-10 17:00:00+00:00,1.38333,1.38369,1.38318,1.38318,288,14,0
2026-04-10 17:15:00+00:00,1.38319,1.38338,1.38317,1.3833,213,14,0
2026-04-10 17:30:00+00:00,1.3833,1.38338,1.3829500000000001,1.3830200000000001,201,14,0
2026-04-10 17:45:00+00:00,1.38303,1.38311,1.38281,1.3829799999999999,222,14,0
2026-04-10 18:00:00+00:00,1.3829799999999999,1.3835899999999999,1.38274,1.38288,307,14,0
2026-04-10 18:15:00+00:00,1.38289,1.38289,1.38236,1.38251,251,14,0
2026-04-10 18:30:00+00:00,1.38251,1.38251,1.38211,1.38249,263,14,0
2026-04-10 18:45:00+00:00,1.38251,1.38292,1.38245,1.3827099999999999,258,14,0
2026-04-10 19:00:00+00:00,1.38272,1.38309,1.38259,1.3829099999999999,192,14,0
2026-04-10 19:15:00+00:00,1.3829099999999999,1.38313,1.3828,1.38309,177,14,0
2026-04-10 19:30:00+00:00,1.38311,1.38318,1.38294,1.38317,189,14,0
2026-04-10 19:45:00+00:00,1.38318,1.3835899999999999,1.38316,1.3835600000000001,263,14,0
2026-04-10 20:00:00+00:00,1.38357,1.38381,1.38338,1.3836,207,14,0
2026-04-10 20:15:00+00:00,1.3836,1.3839299999999999,1.38346,1.38385,182,14,0
2026-04-10 20:30:00+00:00,1.3838599999999999,1.38411,1.38371,1.38408,273,14,0
2026-04-10 20:45:00+00:00,1.38407,1.38428,1.38347,1.38392,348,14,0
2026-04-12 21:00:00+00:00,1.38589,1.38622,1.38581,1.38621,44,60,0
2026-04-12 21:15:00+00:00,1.38623,1.38623,1.3855,1.38572,147,51,0
2026-04-12 21:30:00+00:00,1.3857300000000001,1.38588,1.3857300000000001,1.38585,106,40,0
2026-04-12 21:45:00+00:00,1.38583,1.38605,1.38578,1.38605,76,40,0
2026-04-12 22:00:00+00:00,1.38608,1.38719,1.38608,1.38699,335,16,0
2026-04-12 22:15:00+00:00,1.38699,1.38716,1.3866100000000001,1.38686,230,16,0
2026-04-12 22:30:00+00:00,1.38685,1.38719,1.38683,1.38694,220,16,0
2026-04-12 22:45:00+00:00,1.38694,1.387,1.38676,1.38684,107,16,0
2026-04-12 23:00:00+00:00,1.38685,1.3874900000000001,1.38685,1.38726,175,14,0
2026-04-12 23:15:00+00:00,1.38726,1.38772,1.3872499999999999,1.38755,194,14,0
2026-04-12 23:30:00+00:00,1.38755,1.38762,1.38734,1.38744,137,14,0
2026-04-12 23:45:00+00:00,1.38744,1.38748,1.38728,1.38728,185,14,0
2026-04-13 00:00:00+00:00,1.38728,1.38763,1.3872499999999999,1.38735,349,14,0
2026-04-13 00:15:00+00:00,1.38735,1.38735,1.38652,1.3867099999999999,337,14,0
2026-04-13 00:30:00+00:00,1.38669,1.3867,1.3862700000000001,1.38658,198,14,0
2026-04-13 00:45:00+00:00,1.38658,1.3866100000000001,1.38621,1.38621,239,14,0
2026-04-13 01:00:00+00:00,1.38619,1.38625,1.38574,1.38581,359,14,0
2026-04-13 01:15:00+00:00,1.38582,1.38615,1.38581,1.38614,239,14,0
2026-04-13 01:30:00+00:00,1.38615,1.38659,1.38615,1.38656,186,14,0
2026-04-13 01:45:00+00:00,1.38656,1.38667,1.3862700000000001,1.38628,191,14,0
2026-04-13 02:00:00+00:00,1.3862700000000001,1.3863699999999999,1.3860000000000001,1.3860999999999999,195,14,0
2026-04-13 02:15:00+00:00,1.3860999999999999,1.38612,1.38585,1.38609,144,14,0
2026-04-13 02:30:00+00:00,1.38609,1.38635,1.38591,1.38617,164,14,0
2026-04-13 02:45:00+00:00,1.38615,1.38621,1.38599,1.38614,146,14,0
2026-04-13 03:00:00+00:00,1.38611,1.38639,1.3860700000000001,1.38625,134,14,0
2026-04-13 03:15:00+00:00,1.38623,1.3862999999999999,1.38615,1.3862,141,14,0
2026-04-13 03:30:00+00:00,1.38622,1.38623,1.3857300000000001,1.38593,145,14,0
2026-04-13 03:45:00+00:00,1.38593,1.38612,1.3859,1.38602,137,14,0
2026-04-13 04:00:00+00:00,1.38601,1.38613,1.3858,1.38582,151,14,0
2026-04-13 04:15:00+00:00,1.38582,1.38596,1.38579,1.38593,114,14,0
2026-04-13 04:30:00+00:00,1.38593,1.38612,1.3859,1.38591,153,14,0
2026-04-13 04:45:00+00:00,1.38591,1.3860299999999999,1.3857599999999999,1.38589,140,14,0
2026-04-13 05:00:00+00:00,1.38589,1.38621,1.38585,1.38619,188,14,0
2026-04-13 05:15:00+00:00,1.38619,1.38629,1.3860299999999999,1.38609,167,14,0
2026-04-13 05:30:00+00:00,1.38608,1.38628,1.38606,1.3862,151,14,0
2026-04-13 05:45:00+00:00,1.3862,1.3862999999999999,1.3860700000000001,1.38609,144,14,0
2026-04-13 06:00:00+00:00,1.3860700000000001,1.3860700000000001,1.38541,1.38575,301,14,0
2026-04-13 06:15:00+00:00,1.38575,1.38578,1.38551,1.3856,248,14,0
2026-04-13 06:30:00+00:00,1.3856,1.38563,1.38531,1.38561,279,14,0
2026-04-13 06:45:00+00:00,1.38561,1.38582,1.38528,1.38543,298,14,0
2026-04-13 07:00:00+00:00,1.38541,1.3856600000000001,1.3851499999999999,1.3854199999999999,318,14,0
2026-04-13 07:15:00+00:00,1.38544,1.3854600000000001,1.38476,1.38476,258,14,0
2026-04-13 07:30:00+00:00,1.38476,1.38476,1.38431,1.38448,242,14,0
2026-04-13 07:45:00+00:00,1.38448,1.38476,1.38436,1.38442,246,14,0
2026-04-13 08:00:00+00:00,1.38442,1.38464,1.38416,1.38459,255,14,0
2026-04-13 08:15:00+00:00,1.3846,1.38471,1.3844,1.38452,203,14,0
2026-04-13 08:30:00+00:00,1.3845100000000001,1.3846,1.38438,1.38449,203,14,0
2026-04-13 08:45:00+00:00,1.38449,1.38461,1.38418,1.3841999999999999,186,14,0
2026-04-13 09:00:00+00:00,1.38419,1.38457,1.38399,1.38446,208,14,0
2026-04-13 09:15:00+00:00,1.38446,1.38466,1.38429,1.38449,182,14,0
2026-04-13 09:30:00+00:00,1.38449,1.38452,1.38429,1.3844699999999999,185,14,0
2026-04-13 09:45:00+00:00,1.3844699999999999,1.38461,1.3841999999999999,1.38435,184,14,0
2026-04-13 10:00:00+00:00,1.38436,1.38448,1.38419,1.38436,202,14,0
2026-04-13 10:15:00+00:00,1.38437,1.38448,1.38412,1.38416,173,14,0
2026-04-13 10:30:00+00:00,1.38416,1.38438,1.38402,1.38404,170,14,0
2026-04-13 10:45:00+00:00,1.38406,1.3841,1.3838599999999999,1.38409,178,14,0
2026-04-13 11:00:00+00:00,1.38407,1.38407,1.38341,1.3836,248,14,0
2026-04-13 11:15:00+00:00,1.38361,1.38389,1.38349,1.38379,162,14,0
2026-04-13 11:30:00+00:00,1.38379,1.38428,1.38349,1.384,318,14,0
2026-04-13 11:45:00+00:00,1.38399,1.38467,1.38395,1.38463,329,14,0
2026-04-13 12:00:00+00:00,1.38463,1.38495,1.3844,1.38441,400,14,0
2026-04-13 12:15:00+00:00,1.38442,1.38483,1.38427,1.38473,276,14,0
2026-04-13 12:30:00+00:00,1.38473,1.3851499999999999,1.3844400000000001,1.38493,354,14,0
2026-04-13 12:45:00+00:00,1.38494,1.38494,1.38388,1.38416,347,14,0
2026-04-13 13:00:00+00:00,1.38415,1.38418,1.3835600000000001,1.38379,401,14,0
2026-04-13 13:15:00+00:00,1.38379,1.38389,1.38318,1.38319,411,14,0
2026-04-13 13:30:00+00:00,1.38319,1.38343,1.38306,1.38317,475,14,0
2026-04-13 13:45:00+00:00,1.38318,1.3834,1.38245,1.38319,695,14,0
2026-04-13 14:00:00+00:00,1.38321,1.38323,1.38222,1.38232,471,14,0
2026-04-13 14:15:00+00:00,1.38232,1.38232,1.38095,1.38109,632,14,0
2026-04-13 14:30:00+00:00,1.3810799999999999,1.38152,1.38073,1.38076,483,14,0
2026-04-13 14:45:00+00:00,1.38076,1.3814199999999999,1.38043,1.38104,618,14,0
2026-04-13 15:00:00+00:00,1.38102,1.38124,1.3805399999999999,1.38122,527,14,0
2026-04-13 15:15:00+00:00,1.38119,1.3814600000000001,1.38094,1.38128,409,14,0
2026-04-13 15:30:00+00:00,1.38128,1.38162,1.3805399999999999,1.38113,451,14,0
2026-04-13 15:45:00+00:00,1.38113,1.38148,1.38087,1.3811499999999999,360,14,0
2026-04-13 16:00:00+00:00,1.3811499999999999,1.38151,1.38076,1.38121,466,14,0
2026-04-13 16:15:00+00:00,1.38121,1.38121,1.38055,1.38079,488,14,0
2026-04-13 16:30:00+00:00,1.38079,1.38095,1.3801700000000001,1.3803,578,14,0
2026-04-13 16:45:00+00:00,1.3803,1.38042,1.37964,1.37969,427,14,0
2026-04-13 17:00:00+00:00,1.37969,1.3798300000000001,1.37931,1.37931,326,14,0
2026-04-13 17:15:00+00:00,1.37931,1.37942,1.37901,1.37909,305,14,0
2026-04-13 17:30:00+00:00,1.3791,1.37972,1.3790200000000001,1.37968,279,14,0
2026-04-13 17:45:00+00:00,1.37968,1.37975,1.37931,1.37962,259,14,0
2026-04-13 18:00:00+00:00,1.37964,1.37976,1.37938,1.37969,231,14,0
2026-04-13 18:15:00+00:00,1.37968,1.37989,1.37939,1.3798599999999999,291,14,0
2026-04-13 18:30:00+00:00,1.37987,1.37988,1.37919,1.37942,392,14,0
2026-04-13 18:45:00+00:00,1.37943,1.37947,1.37894,1.379,313,14,0
2026-04-13 19:00:00+00:00,1.37901,1.37935,1.37887,1.37892,335,14,0
2026-04-13 19:15:00+00:00,1.37892,1.37911,1.37872,1.37873,169,14,0
2026-04-13 19:30:00+00:00,1.37873,1.37884,1.37856,1.37874,183,14,0
2026-04-13 19:45:00+00:00,1.37874,1.37912,1.3786800000000001,1.37869,311,14,0
2026-04-13 20:00:00+00:00,1.37869,1.37894,1.37862,1.37891,168,14,0
2026-04-13 20:15:00+00:00,1.37891,1.3790499999999999,1.37863,1.37863,166,14,0
2026-04-13 20:30:00+00:00,1.37862,1.37891,1.37858,1.37887,196,14,0
2026-04-13 20:45:00+00:00,1.37889,1.3792900000000001,1.37889,1.3792,241,14,0
2026-04-13 21:00:00+00:00,1.37921,1.37921,1.3791,1.37913,60,15,0
2026-04-13 21:15:00+00:00,1.37912,1.37916,1.3790499999999999,1.37912,117,22,0
2026-04-13 21:30:00+00:00,1.37911,1.37915,1.37896,1.37912,184,24,0
2026-04-13 21:45:00+00:00,1.37912,1.37914,1.37909,1.37914,41,20,0
2026-04-13 22:00:00+00:00,1.37915,1.37916,1.37857,1.37876,105,14,0
2026-04-13 22:15:00+00:00,1.37875,1.37885,1.37857,1.37866,73,14,0
2026-04-13 22:30:00+00:00,1.37866,1.37887,1.3786100000000001,1.37886,82,14,0
2026-04-13 22:45:00+00:00,1.37886,1.37886,1.3787,1.37877,56,14,0
2026-04-13 23:00:00+00:00,1.37877,1.37879,1.3786,1.37873,85,14,0
2026-04-13 23:15:00+00:00,1.37873,1.37875,1.37857,1.3786,74,14,0
2026-04-13 23:30:00+00:00,1.3786,1.37866,1.37858,1.3786100000000001,76,14,0
2026-04-13 23:45:00+00:00,1.3786100000000001,1.37875,1.37857,1.37858,108,14,0
2026-04-14 00:00:00+00:00,1.37858,1.37887,1.37855,1.37876,192,14,0
2026-04-14 00:15:00+00:00,1.37876,1.37876,1.37848,1.37858,145,14,0
2026-04-14 00:30:00+00:00,1.37858,1.37867,1.37848,1.3786,121,14,0
2026-04-14 00:45:00+00:00,1.3786,1.37882,1.37854,1.37855,145,14,0
2026-04-14 01:00:00+00:00,1.37855,1.37869,1.37845,1.3786,130,14,0
2026-04-14 01:15:00+00:00,1.3786,1.37886,1.37853,1.3786100000000001,151,14,0
2026-04-14 01:30:00+00:00,1.3786100000000001,1.37893,1.37847,1.37863,208,14,0
2026-04-14 01:45:00+00:00,1.37863,1.37894,1.37863,1.37887,110,14,0
2026-04-14 02:00:00+00:00,1.37887,1.37889,1.3786800000000001,1.3787099999999999,100,14,0
2026-04-14 02:15:00+00:00,1.3787099999999999,1.3788,1.37867,1.3787,70,14,0
2026-04-14 02:30:00+00:00,1.3787,1.37885,1.37859,1.37865,110,14,0
2026-04-14 02:45:00+00:00,1.37865,1.3787099999999999,1.3786100000000001,1.3786100000000001,74,14,0
2026-04-14 03:00:00+00:00,1.3786100000000001,1.3786800000000001,1.37859,1.3786100000000001,75,14,0
2026-04-14 03:15:00+00:00,1.3786100000000001,1.3786100000000001,1.3784399999999999,1.37849,84,14,0
2026-04-14 03:30:00+00:00,1.37849,1.37852,1.3783400000000001,1.37843,74,14,0
2026-04-14 03:45:00+00:00,1.37843,1.37843,1.37819,1.37823,83,14,0
2026-04-14 04:00:00+00:00,1.37823,1.37824,1.37819,1.37821,44,14,0
2026-04-14 04:15:00+00:00,1.37821,1.3783,1.37813,1.37822,77,14,0
2026-04-14 04:30:00+00:00,1.37822,1.37824,1.37815,1.37822,60,14,0
2026-04-14 04:45:00+00:00,1.37822,1.37824,1.37816,1.37823,68,14,0
2026-04-14 05:00:00+00:00,1.37823,1.3786,1.37821,1.37854,129,14,0
2026-04-14 05:15:00+00:00,1.37854,1.37879,1.37854,1.37869,80,14,0
2026-04-14 05:30:00+00:00,1.37869,1.37879,1.3785,1.37856,197,14,0
2026-04-14 05:45:00+00:00,1.37856,1.37863,1.3785,1.37856,136,14,0
2026-04-14 06:00:00+00:00,1.37856,1.37858,1.37821,1.37849,224,14,0
2026-04-14 06:15:00+00:00,1.37849,1.3787,1.37832,1.37832,188,14,0
2026-04-14 06:30:00+00:00,1.37832,1.3783400000000001,1.37791,1.37791,160,14,0
2026-04-14 06:45:00+00:00,1.37791,1.37791,1.37736,1.37736,231,14,0
2026-04-14 07:00:00+00:00,1.37736,1.37736,1.37638,1.37697,437,14,0
2026-04-14 07:15:00+00:00,1.37697,1.3774199999999999,1.3768799999999999,1.3774199999999999,304,14,0
2026-04-14 07:30:00+00:00,1.37743,1.37744,1.37663,1.37679,274,14,0
2026-04-14 07:45:00+00:00,1.37679,1.37708,1.37669,1.37691,235,14,0
2026-04-14 08:00:00+00:00,1.3769,1.37701,1.3768,1.377,255,14,0
2026-04-14 08:15:00+00:00,1.37698,1.37716,1.3768500000000001,1.3768799999999999,182,14,0
2026-04-14 08:30:00+00:00,1.37687,1.37705,1.37613,1.37613,244,14,0
2026-04-14 08:45:00+00:00,1.37613,1.3764,1.37611,1.37625,152,14,0
2026-04-14 09:00:00+00:00,1.37625,1.37631,1.37596,1.37621,179,14,0
2026-04-14 09:15:00+00:00,1.37621,1.3766,1.37603,1.37643,239,14,0
2026-04-14 09:30:00+00:00,1.37643,1.3766,1.37595,1.376,178,14,0
2026-04-14 09:45:00+00:00,1.37599,1.3763,1.3759700000000001,1.37614,198,14,0
2026-04-14 10:00:00+00:00,1.37613,1.3761700000000001,1.37554,1.37555,218,14,0
2026-04-14 10:15:00+00:00,1.37555,1.37605,1.37554,1.37592,206,14,0
2026-04-14 10:30:00+00:00,1.3759299999999999,1.37594,1.37555,1.37558,200,14,0
2026-04-14 10:45:00+00:00,1.37558,1.3755899999999999,1.37535,1.37551,165,14,0
2026-04-14 11:00:00+00:00,1.3755,1.37557,1.37488,1.37492,226,14,0
2026-04-14 11:15:00+00:00,1.37492,1.37537,1.37483,1.37512,250,14,0
2026-04-14 11:30:00+00:00,1.37512,1.37568,1.37483,1.37486,307,14,0
2026-04-14 11:45:00+00:00,1.37486,1.3752,1.3746399999999999,1.37508,332,14,0
2026-04-14 12:00:00+00:00,1.37507,1.37585,1.37496,1.3752900000000001,506,14,0
2026-04-14 12:15:00+00:00,1.37528,1.37549,1.37451,1.3746,407,14,0
2026-04-14 12:30:00+00:00,1.37462,1.37506,1.37427,1.37492,473,14,0
2026-04-14 12:45:00+00:00,1.37491,1.37493,1.37365,1.37366,389,14,0
2026-04-14 13:00:00+00:00,1.37366,1.37375,1.37303,1.3731900000000001,365,14,0
2026-04-14 13:15:00+00:00,1.3732,1.37429,1.3732,1.37409,495,14,0
2026-04-14 13:30:00+00:00,1.37409,1.37461,1.374,1.37442,538,14,0
2026-04-14 13:45:00+00:00,1.3744399999999999,1.37482,1.37393,1.3743699999999999,516,14,0
2026-04-14 14:00:00+00:00,1.37438,1.37474,1.37369,1.37406,625,14,0
2026-04-14 14:15:00+00:00,1.37406,1.37422,1.37364,1.37389,480,14,0
2026-04-14 14:30:00+00:00,1.37388,1.37453,1.37366,1.37442,390,14,0
2026-04-14 14:45:00+00:00,1.37443,1.37476,1.37406,1.37474,441,14,0
2026-04-14 15:00:00+00:00,1.37474,1.37543,1.3747,1.37528,500,14,0
2026-04-14 15:15:00+00:00,1.3753,1.37616,1.37526,1.37596,588,14,0
2026-04-14 15:30:00+00:00,1.37596,1.37604,1.37558,1.37584,460,14,0
2026-04-14 15:45:00+00:00,1.37584,1.37611,1.37568,1.37581,394,14,0
2026-04-14 16:00:00+00:00,1.37581,1.37626,1.37564,1.37583,302,14,0
2026-04-14 16:15:00+00:00,1.37583,1.37614,1.3755899999999999,1.37575,292,14,0
2026-04-14 16:30:00+00:00,1.37574,1.3761999999999999,1.37574,1.37594,291,14,0
2026-04-14 16:45:00+00:00,1.37594,1.37621,1.37579,1.3761,246,14,0
2026-04-14 17:00:00+00:00,1.3761,1.37638,1.37602,1.37613,253,14,0
2026-04-14 17:15:00+00:00,1.37612,1.37618,1.37564,1.37591,222,14,0
2026-04-14 17:30:00+00:00,1.37589,1.37623,1.37588,1.37605,211,14,0
2026-04-14 17:45:00+00:00,1.37605,1.37636,1.37599,1.37635,190,14,0
2026-04-14 18:00:00+00:00,1.37635,1.3768099999999999,1.37615,1.37674,282,14,0
2026-04-14 18:15:00+00:00,1.37674,1.37747,1.37669,1.37731,320,14,0
2026-04-14 18:30:00+00:00,1.37731,1.3774199999999999,1.37708,1.37717,223,14,0
2026-04-14 18:45:00+00:00,1.37717,1.37768,1.37717,1.37756,193,14,0
2026-04-14 19:00:00+00:00,1.37757,1.3777599999999999,1.37734,1.37753,187,14,0
2026-04-14 19:15:00+00:00,1.37753,1.37755,1.37714,1.3771499999999999,116,14,0
2026-04-14 19:30:00+00:00,1.3771499999999999,1.37725,1.37686,1.37692,174,14,0
2026-04-14 19:45:00+00:00,1.37694,1.37705,1.37677,1.37699,243,14,0
2026-04-14 20:00:00+00:00,1.37699,1.37701,1.37661,1.37682,234,14,0
2026-04-14 20:15:00+00:00,1.37682,1.37687,1.3765800000000001,1.3765800000000001,146,14,0
2026-04-14 20:30:00+00:00,1.3765800000000001,1.3768,1.37644,1.37652,143,14,0
2026-04-14 20:45:00+00:00,1.3765,1.37674,1.3765,1.37657,141,14,0
2026-04-14 21:00:00+00:00,1.37656,1.37662,1.37652,1.3765800000000001,65,15,0
2026-04-14 21:15:00+00:00,1.37659,1.37661,1.37649,1.3766,60,22,0
2026-04-14 21:30:00+00:00,1.37659,1.37665,1.3765800000000001,1.37665,122,18,0
2026-04-14 21:45:00+00:00,1.37665,1.37666,1.37661,1.37666,60,18,0
2026-04-14 22:00:00+00:00,1.37668,1.37684,1.37554,1.37638,204,14,0
2026-04-14 22:15:00+00:00,1.37638,1.37665,1.37631,1.37661,82,16,0
2026-04-14 22:30:00+00:00,1.37662,1.37668,1.3765800000000001,1.37668,74,14,0
2026-04-14 22:45:00+00:00,1.37668,1.37669,1.3765800000000001,1.3766,61,14,0
2026-04-14 23:00:00+00:00,1.3766,1.37666,1.3765800000000001,1.37663,46,14,0
2026-04-14 23:15:00+00:00,1.37663,1.37664,1.3765800000000001,1.3766,37,14,0
2026-04-14 23:30:00+00:00,1.3766,1.3769,1.3765100000000001,1.3767,177,14,0
2026-04-14 23:45:00+00:00,1.3767,1.37672,1.37652,1.3766,155,14,0
2026-04-15 00:00:00+00:00,1.3766,1.37686,1.37648,1.37683,211,14,0
2026-04-15 00:15:00+00:00,1.37683,1.37686,1.37661,1.37661,150,14,0
2026-04-15 00:30:00+00:00,1.37662,1.37698,1.37661,1.37692,167,14,0
2026-04-15 00:45:00+00:00,1.37692,1.37693,1.37666,1.3767,195,14,0
2026-04-15 01:00:00+00:00,1.37669,1.3768799999999999,1.37643,1.37664,248,14,0
2026-04-15 01:15:00+00:00,1.37664,1.37692,1.37663,1.3768799999999999,167,14,0
2026-04-15 01:30:00+00:00,1.3768799999999999,1.37694,1.37682,1.37692,162,14,0
2026-04-15 01:45:00+00:00,1.37692,1.3771200000000001,1.3768099999999999,1.37707,161,14,0
2026-04-15 02:00:00+00:00,1.37707,1.3774199999999999,1.37701,1.37741,129,14,0
2026-04-15 02:15:00+00:00,1.37741,1.37782,1.37731,1.37782,158,14,0
2026-04-15 02:30:00+00:00,1.37782,1.37815,1.37781,1.37789,216,14,0
2026-04-15 02:45:00+00:00,1.37789,1.37796,1.37772,1.37782,184,14,0
2026-04-15 03:00:00+00:00,1.3778000000000001,1.37806,1.3778000000000001,1.37789,174,14,0
2026-04-15 03:15:00+00:00,1.37788,1.37788,1.37764,1.37766,130,14,0
2026-04-15 03:30:00+00:00,1.37765,1.37777,1.37765,1.37769,108,14,0
2026-04-15 03:45:00+00:00,1.37769,1.3777,1.37741,1.3775,113,14,0
2026-04-15 04:00:00+00:00,1.3775,1.37758,1.3774,1.37752,113,14,0
2026-04-15 04:15:00+00:00,1.37752,1.37768,1.3774899999999999,1.37754,99,14,0
2026-04-15 04:30:00+00:00,1.37754,1.37759,1.37744,1.3775,64,14,0
2026-04-15 04:45:00+00:00,1.3775,1.37759,1.37745,1.3774600000000001,82,14,0
2026-04-15 05:00:00+00:00,1.3774600000000001,1.37752,1.37711,1.37714,197,14,0
2026-04-15 05:15:00+00:00,1.37713,1.37713,1.37684,1.37696,154,14,0
2026-04-15 05:30:00+00:00,1.37697,1.37714,1.37693,1.37702,149,14,0
2026-04-15 05:45:00+00:00,1.37702,1.37721,1.37686,1.3771200000000001,146,14,0
2026-04-15 06:00:00+00:00,1.37714,1.37716,1.3768500000000001,1.3771200000000001,258,14,0
2026-04-15 06:15:00+00:00,1.3771200000000001,1.37735,1.37705,1.37711,194,14,0
2026-04-15 06:30:00+00:00,1.37711,1.3773900000000001,1.37702,1.3772199999999999,227,14,0
2026-04-15 06:45:00+00:00,1.3772199999999999,1.37755,1.3772199999999999,1.37752,195,14,0
2026-04-15 07:00:00+00:00,1.37752,1.37753,1.37656,1.37656,278,14,0
2026-04-15 07:15:00+00:00,1.37656,1.37676,1.37639,1.37639,192,14,0
2026-04-15 07:30:00+00:00,1.37639,1.37665,1.3761700000000001,1.3762699999999999,248,14,0
2026-04-15 07:45:00+00:00,1.3762699999999999,1.37694,1.37612,1.37677,279,14,0
2026-04-15 08:00:00+00:00,1.37677,1.3768799999999999,1.3765800000000001,1.37667,247,14,0
2026-04-15 08:15:00+00:00,1.37667,1.3767,1.37605,1.37629,219,14,0
2026-04-15 08:30:00+00:00,1.3763,1.37695,1.3763,1.37657,239,14,0
2026-04-15 08:45:00+00:00,1.37657,1.3768500000000001,1.37644,1.37655,178,14,0
2026-04-15 09:00:00+00:00,1.37656,1.37761,1.37645,1.37737,490,14,0
2026-04-15 09:15:00+00:00,1.37737,1.3774199999999999,1.3768099999999999,1.37734,273,14,0
2026-04-15 09:30:00+00:00,1.37734,1.37755,1.3771900000000001,1.37732,233,14,0
2026-04-15 09:45:00+00:00,1.37732,1.37752,1.37717,1.3772199999999999,210,14,0
2026-04-15 10:00:00+00:00,1.3772199999999999,1.3773900000000001,1.37665,1.3771499999999999,269,14,0
2026-04-15 10:15:00+00:00,1.3771499999999999,1.37788,1.37713,1.37774,405,14,0
2026-04-15 10:30:00+00:00,1.37774,1.37787,1.37714,1.37724,333,14,0
2026-04-15 10:45:00+00:00,1.3772199999999999,1.37799,1.37714,1.37799,260,14,0
2026-04-15 11:00:00+00:00,1.37799,1.37806,1.37751,1.37801,214,14,0
2026-04-15 11:15:00+00:00,1.3780000000000001,1.37858,1.3780000000000001,1.37852,241,14,0
2026-04-15 11:30:00+00:00,1.37852,1.37877,1.37814,1.37854,262,14,0
2026-04-15 11:45:00+00:00,1.37854,1.37865,1.37797,1.37845,420,14,0
2026-04-15 12:00:00+00:00,1.37845,1.37853,1.37768,1.37798,398,14,0
2026-04-15 12:15:00+00:00,1.37796,1.37797,1.37708,1.37731,345,14,0
2026-04-15 12:30:00+00:00,1.37733,1.37741,1.37668,1.37733,336,14,0
2026-04-15 12:45:00+00:00,1.37733,1.3774899999999999,1.37711,1.37738,322,14,0
2026-04-15 13:00:00+00:00,1.3773900000000001,1.37752,1.3771200000000001,1.3774,318,14,0
2026-04-15 13:15:00+00:00,1.3773900000000001,1.37754,1.37653,1.37653,303,14,0
2026-04-15 13:30:00+00:00,1.3765100000000001,1.37692,1.37644,1.37682,423,14,0
2026-04-15 13:45:00+00:00,1.3768,1.37683,1.37616,1.3761700000000001,418,14,0
2026-04-15 14:00:00+00:00,1.37618,1.37618,1.3750499999999999,1.37524,393,14,0
2026-04-15 14:15:00+00:00,1.3752499999999999,1.37537,1.3740299999999999,1.37406,524,14,0
2026-04-15 14:30:00+00:00,1.37404,1.37504,1.37393,1.37465,438,14,0
2026-04-15 14:45:00+00:00,1.3746399999999999,1.37517,1.37423,1.37476,570,14,0
2026-04-15 15:00:00+00:00,1.37476,1.37488,1.37405,1.37436,583,14,0
2026-04-15 15:15:00+00:00,1.37436,1.37447,1.37353,1.37371,457,14,0
2026-04-15 15:30:00+00:00,1.37372,1.37413,1.3733,1.37351,447,14,0
2026-04-15 15:45:00+00:00,1.37351,1.37428,1.3734,1.37406,320,14,0
2026-04-15 16:00:00+00:00,1.37408,1.37416,1.37381,1.37392,294,14,0
2026-04-15 16:15:00+00:00,1.37392,1.37422,1.37384,1.37418,303,14,0
2026-04-15 16:30:00+00:00,1.37418,1.37429,1.37378,1.37397,343,14,0
2026-04-15 16:45:00+00:00,1.37397,1.37411,1.37334,1.37337,391,14,0
2026-04-15 17:00:00+00:00,1.37336,1.37368,1.37335,1.37368,249,14,0
2026-04-15 17:15:00+00:00,1.37369,1.37369,1.37325,1.37358,236,14,0
2026-04-15 17:30:00+00:00,1.37359,1.37359,1.3731200000000001,1.3731900000000001,302,14,0
2026-04-15 17:45:00+00:00,1.37317,1.3734899999999999,1.37314,1.37324,212,14,0
2026-04-15 18:00:00+00:00,1.37324,1.37333,1.37272,1.37283,357,14,0
2026-04-15 18:15:00+00:00,1.37284,1.37302,1.37265,1.37298,190,14,0
2026-04-15 18:30:00+00:00,1.37298,1.37299,1.37276,1.37292,141,14,0
2026-04-15 18:45:00+00:00,1.37292,1.37295,1.37262,1.37295,173,14,0
2026-04-15 19:00:00+00:00,1.37296,1.3733,1.37284,1.3731499999999999,246,14,0
2026-04-15 19:15:00+00:00,1.3731499999999999,1.37332,1.37273,1.37283,204,14,0
2026-04-15 19:30:00+00:00,1.37283,1.37303,1.37275,1.37292,149,14,0
2026-04-15 19:45:00+00:00,1.37292,1.37305,1.37273,1.37303,244,14,0
2026-04-15 20:00:00+00:00,1.37303,1.37352,1.37303,1.37345,174,14,0
2026-04-15 20:15:00+00:00,1.37345,1.3738000000000001,1.37336,1.3737,142,14,0
2026-04-15 20:30:00+00:00,1.3737,1.37375,1.3735,1.3737300000000001,151,14,0
2026-04-15 20:45:00+00:00,1.37372,1.37418,1.37365,1.37413,210,14,0
2026-04-15 21:00:00+00:00,1.37413,1.37413,1.3737,1.3737599999999999,170,14,0
2026-04-15 21:15:00+00:00,1.37375,1.3738000000000001,1.37361,1.3737300000000001,128,56,0
2026-04-15 21:30:00+00:00,1.37371,1.37375,1.3734899999999999,1.37354,229,55,0
2026-04-15 21:45:00+00:00,1.37354,1.3737,1.37341,1.37367,192,38,0
2026-04-15 22:00:00+00:00,1.3737,1.37381,1.37358,1.37375,92,16,0
2026-04-15 22:15:00+00:00,1.37375,1.3737599999999999,1.37354,1.37363,64,16,0
2026-04-15 22:30:00+00:00,1.37363,1.37363,1.37343,1.37344,79,14,0
2026-04-15 22:45:00+00:00,1.37344,1.37345,1.37333,1.37334,47,14,0
2026-04-15 23:00:00+00:00,1.37334,1.37344,1.37324,1.37344,48,14,0
2026-04-15 23:15:00+00:00,1.37344,1.37347,1.37341,1.37343,34,14,0
2026-04-15 23:30:00+00:00,1.37343,1.3734600000000001,1.37317,1.37317,50,14,0
2026-04-15 23:45:00+00:00,1.37317,1.37321,1.37308,1.37313,91,14,0
2026-04-16 00:00:00+00:00,1.3731200000000001,1.37331,1.37297,1.3733,203,14,0
2026-04-16 00:15:00+00:00,1.3733,1.37336,1.37316,1.37323,149,14,0
2026-04-16 00:30:00+00:00,1.37323,1.37327,1.37314,1.37323,115,14,0
2026-04-16 00:45:00+00:00,1.37323,1.37329,1.3728,1.3728,198,14,0
2026-04-16 01:00:00+00:00,1.3728,1.37286,1.37266,1.37273,209,14,0
2026-04-16 01:15:00+00:00,1.37273,1.37295,1.3727,1.3728,187,14,0
2026-04-16 01:30:00+00:00,1.3728,1.37338,1.37271,1.373,256,14,0
2026-04-16 01:45:00+00:00,1.37302,1.37303,1.3726099999999999,1.3728099999999999,234,14,0
2026-04-16 02:00:00+00:00,1.3728099999999999,1.37284,1.37249,1.37279,185,14,0
2026-04-16 02:15:00+00:00,1.37279,1.37279,1.3725,1.37255,154,14,0
2026-04-16 02:30:00+00:00,1.37256,1.37256,1.3719000000000001,1.37192,232,14,0
2026-04-16 02:45:00+00:00,1.37192,1.37226,1.37187,1.37195,213,14,0
2026-04-16 03:00:00+00:00,1.37195,1.37196,1.37126,1.3714,244,14,0
2026-04-16 03:15:00+00:00,1.37142,1.37155,1.37133,1.37154,205,14,0
2026-04-16 03:30:00+00:00,1.37155,1.37171,1.37149,1.3715,178,14,0
2026-04-16 03:45:00+00:00,1.3715,1.37158,1.3713899999999999,1.37154,159,14,0
2026-04-16 04:00:00+00:00,1.37155,1.37165,1.37151,1.37155,127,14,0
2026-04-16 04:15:00+00:00,1.37155,1.37167,1.37146,1.37164,108,14,0
2026-04-16 04:30:00+00:00,1.37164,1.37175,1.37164,1.37174,112,14,0
2026-04-16 04:45:00+00:00,1.37174,1.37186,1.37174,1.3718,123,14,0
2026-04-16 05:00:00+00:00,1.37179,1.37194,1.37176,1.3719000000000001,128,14,0
2026-04-16 05:15:00+00:00,1.37191,1.37231,1.37188,1.3722400000000001,162,14,0
2026-04-16 05:30:00+00:00,1.3722400000000001,1.37238,1.37186,1.37225,200,14,0
2026-04-16 05:45:00+00:00,1.37225,1.37233,1.37202,1.37233,154,14,0
2026-04-16 06:00:00+00:00,1.3723,1.37271,1.37214,1.37269,271,14,0
2026-04-16 06:15:00+00:00,1.3727,1.37289,1.37262,1.37283,224,14,0
2026-04-16 06:30:00+00:00,1.37283,1.37307,1.37211,1.37211,255,14,0
2026-04-16 06:45:00+00:00,1.37211,1.37219,1.37167,1.37167,258,14,0
2026-04-16 07:00:00+00:00,1.3716599999999999,1.3719000000000001,1.37138,1.37184,342,14,0
2026-04-16 07:15:00+00:00,1.37183,1.37244,1.37183,1.37215,331,14,0
2026-04-16 07:30:00+00:00,1.37215,1.37246,1.37204,1.3722699999999999,270,14,0
2026-04-16 07:45:00+00:00,1.3722699999999999,1.37267,1.3722699999999999,1.37248,277,14,0
2026-04-16 08:00:00+00:00,1.3725,1.37262,1.37196,1.37236,339,14,0
2026-04-16 08:15:00+00:00,1.37237,1.37292,1.3721999999999999,1.37269,386,14,0
2026-04-16 08:30:00+00:00,1.3727,1.37338,1.37259,1.37317,309,14,0
2026-04-16 08:45:00+00:00,1.37316,1.37317,1.37257,1.37279,267,14,0
2026-04-16 09:00:00+00:00,1.3728099999999999,1.37334,1.37266,1.37326,238,14,0
2026-04-16 09:15:00+00:00,1.37326,1.37332,1.37295,1.37318,229,14,0
2026-04-16 09:30:00+00:00,1.37318,1.37341,1.37275,1.37286,217,14,0
2026-04-16 09:45:00+00:00,1.37286,1.37317,1.37276,1.37286,292,14,0
2026-04-16 10:00:00+00:00,1.37286,1.37347,1.3728,1.37344,238,14,0
2026-04-16 10:15:00+00:00,1.37344,1.3737300000000001,1.37327,1.3737300000000001,226,14,0
2026-04-16 10:30:00+00:00,1.3737300000000001,1.37375,1.37337,1.3734600000000001,209,14,0
2026-04-16 10:45:00+00:00,1.3734600000000001,1.37363,1.37326,1.3733,214,14,0
2026-04-16 11:00:00+00:00,1.3733,1.3733,1.37289,1.37323,297,14,0
2026-04-16 11:15:00+00:00,1.37323,1.37326,1.37298,1.37308,169,14,0
2026-04-16 11:30:00+00:00,1.37308,1.37316,1.37268,1.37268,194,14,0
2026-04-16 11:45:00+00:00,1.37268,1.37268,1.37221,1.37238,356,14,0
2026-04-16 12:00:00+00:00,1.37238,1.37303,1.37229,1.37294,459,14,0
2026-04-16 12:15:00+00:00,1.37294,1.3734600000000001,1.3729,1.37295,362,14,0
2026-04-16 12:30:00+00:00,1.37294,1.37332,1.37216,1.3721999999999999,341,14,0
2026-04-16 12:45:00+00:00,1.3721999999999999,1.37234,1.3719700000000001,1.37225,291,14,0
2026-04-16 13:00:00+00:00,1.37225,1.37245,1.3719299999999999,1.37196,337,14,0
2026-04-16 13:15:00+00:00,1.37196,1.37235,1.37172,1.37231,327,14,0
2026-04-16 13:30:00+00:00,1.3723,1.37232,1.3712,1.37123,583,14,0
2026-04-16 13:45:00+00:00,1.37123,1.37189,1.37111,1.3716,571,14,0
2026-04-16 14:00:00+00:00,1.37161,1.37195,1.3706800000000001,1.3707099999999999,538,14,0
2026-04-16 14:15:00+00:00,1.3707,1.37133,1.3707,1.37086,574,14,0
2026-04-16 14:30:00+00:00,1.37084,1.37135,1.37077,1.37104,446,14,0
2026-04-16 14:45:00+00:00,1.37104,1.37141,1.37084,1.37141,399,14,0
2026-04-16 15:00:00+00:00,1.37141,1.37176,1.3710200000000001,1.3710200000000001,405,14,0
2026-04-16 15:15:00+00:00,1.37103,1.3713199999999999,1.3709,1.37117,345,14,0
2026-04-16 15:30:00+00:00,1.37118,1.37127,1.3708,1.37096,455,14,0
2026-04-16 15:45:00+00:00,1.37096,1.37109,1.37053,1.37053,273,14,0
2026-04-16 16:00:00+00:00,1.37053,1.37081,1.37016,1.37018,280,14,0
2026-04-16 16:15:00+00:00,1.37018,1.37052,1.37013,1.37051,250,14,0
2026-04-16 16:30:00+00:00,1.37051,1.37112,1.37038,1.3707,457,14,0
2026-04-16 16:45:00+00:00,1.3707,1.37099,1.37025,1.37025,316,14,0
2026-04-16 17:00:00+00:00,1.37023,1.37062,1.37005,1.3706,314,14,0
2026-04-16 17:15:00+00:00,1.3706,1.37081,1.37033,1.37056,320,14,0
2026-04-16 17:30:00+00:00,1.37055,1.37062,1.37039,1.37059,158,14,0
2026-04-16 17:45:00+00:00,1.37059,1.3706,1.37029,1.37052,227,14,0
2026-04-16 18:00:00+00:00,1.37052,1.37057,1.37019,1.37031,322,14,0
2026-04-16 18:15:00+00:00,1.3703,1.3704100000000001,1.37019,1.37038,199,14,0
2026-04-16 18:30:00+00:00,1.37038,1.37038,1.36993,1.36999,204,14,0
2026-04-16 18:45:00+00:00,1.37,1.37022,1.36994,1.37013,153,14,0
2026-04-16 19:00:00+00:00,1.37012,1.37012,1.36987,1.36994,152,14,0
2026-04-16 19:15:00+00:00,1.36994,1.37008,1.36965,1.3697599999999999,148,14,0
2026-04-16 19:30:00+00:00,1.3697599999999999,1.3697599999999999,1.3694899999999999,1.36964,138,14,0
2026-04-16 19:45:00+00:00,1.36962,1.3704100000000001,1.3695599999999999,1.3704,261,14,0
2026-04-16 20:00:00+00:00,1.3704,1.37059,1.37016,1.37016,189,14,0
2026-04-16 20:15:00+00:00,1.37016,1.3703400000000001,1.36989,1.3699,190,14,0
2026-04-16 20:30:00+00:00,1.3699,1.3704399999999999,1.36975,1.3701699999999999,184,14,0
2026-04-16 20:45:00+00:00,1.37015,1.3703400000000001,1.3700700000000001,1.37029,92,14,0
2026-04-16 21:00:00+00:00,1.3703,1.37032,1.37025,1.3703,58,14,0
2026-04-16 21:15:00+00:00,1.37028,1.37032,1.3702,1.37022,81,22,0
2026-04-16 21:30:00+00:00,1.37023,1.3703,1.3702,1.37028,223,32,0
2026-04-16 21:45:00+00:00,1.37027,1.37031,1.37005,1.37023,210,32,0
2026-04-16 22:00:00+00:00,1.37021,1.37021,1.3697599999999999,1.36988,97,16,0
2026-04-16 22:15:00+00:00,1.36988,1.36997,1.36986,1.36986,53,16,0
2026-04-16 22:30:00+00:00,1.36986,1.36989,1.36985,1.36988,40,14,0
2026-04-16 22:45:00+00:00,1.36988,1.36997,1.36978,1.36979,52,14,0
2026-04-16 23:00:00+00:00,1.36979,1.36989,1.36979,1.36988,39,14,0
2026-04-16 23:15:00+00:00,1.36988,1.36988,1.3697599999999999,1.36977,38,14,0
2026-04-16 23:30:00+00:00,1.36977,1.36987,1.36977,1.36981,57,14,0
2026-04-16 23:45:00+00:00,1.36981,1.37006,1.36977,1.37003,76,14,0
2026-04-17 00:00:00+00:00,1.37003,1.3703,1.37003,1.37025,182,14,0
2026-04-17 00:15:00+00:00,1.37025,1.37029,1.37001,1.37012,134,14,0
2026-04-17 00:30:00+00:00,1.37012,1.3701400000000001,1.36995,1.37003,95,14,0
2026-04-17 00:45:00+00:00,1.37003,1.37027,1.36996,1.37004,174,14,0
2026-04-17 01:00:00+00:00,1.37004,1.37028,1.36998,1.37008,187,14,0
2026-04-17 01:15:00+00:00,1.37008,1.37028,1.36994,1.37025,124,14,0
2026-04-17 01:30:00+00:00,1.37025,1.37025,1.37006,1.37013,150,14,0
2026-04-17 01:45:00+00:00,1.37013,1.3701699999999999,1.3700700000000001,1.37011,114,14,0
2026-04-17 02:00:00+00:00,1.37011,1.37015,1.37,1.3701400000000001,97,14,0
2026-04-17 02:15:00+00:00,1.3701400000000001,1.37015,1.37003,1.37005,59,14,0
2026-04-17 02:30:00+00:00,1.37005,1.3700700000000001,1.36998,1.37004,75,14,0
2026-04-17 02:45:00+00:00,1.37005,1.37005,1.36971,1.36975,84,14,0
2026-04-17 03:00:00+00:00,1.36975,1.36975,1.3695599999999999,1.36965,67,14,0
2026-04-17 03:15:00+00:00,1.36965,1.36987,1.36964,1.36985,61,14,0
2026-04-17 03:30:00+00:00,1.36985,1.36986,1.36947,1.36955,87,14,0
2026-04-17 03:45:00+00:00,1.36955,1.36955,1.36927,1.36937,74,14,0
2026-04-17 04:00:00+00:00,1.36937,1.36938,1.3691900000000001,1.3691900000000001,68,14,0
2026-04-17 04:15:00+00:00,1.3691900000000001,1.36932,1.3688,1.36883,109,14,0
2026-04-17 04:30:00+00:00,1.36883,1.36909,1.3688,1.36889,73,14,0
2026-04-17 04:45:00+00:00,1.36889,1.36891,1.36871,1.36871,91,14,0
2026-04-17 05:00:00+00:00,1.36871,1.36879,1.3682699999999999,1.36834,181,14,0
2026-04-17 05:15:00+00:00,1.36834,1.36837,1.36809,1.36833,164,14,0
2026-04-17 05:30:00+00:00,1.36833,1.36839,1.36803,1.36814,125,14,0
2026-04-17 05:45:00+00:00,1.36815,1.3682699999999999,1.36809,1.36819,101,14,0
2026-04-17 06:00:00+00:00,1.3682,1.36832,1.36786,1.36816,233,14,0
2026-04-17 06:15:00+00:00,1.36816,1.36843,1.36812,1.36837,219,14,0
2026-04-17 06:30:00+00:00,1.36838,1.36855,1.36829,1.36852,204,14,0
2026-04-17 06:45:00+00:00,1.36852,1.36864,1.36814,1.36862,224,14,0
2026-04-17 07:00:00+00:00,1.36862,1.36881,1.36841,1.3688,227,14,0
2026-04-17 07:15:00+00:00,1.36879,1.3688,1.36808,1.36808,192,14,0
2026-04-17 07:30:00+00:00,1.36807,1.36847,1.36805,1.36834,319,14,0
2026-04-17 07:45:00+00:00,1.36833,1.3686099999999999,1.36812,1.36816,313,14,0
2026-04-17 08:00:00+00:00,1.36816,1.36816,1.36754,1.36778,208,14,0
2026-04-17 08:15:00+00:00,1.36778,1.36786,1.36749,1.3675,184,14,0
2026-04-17 08:30:00+00:00,1.3675,1.36758,1.3670900000000001,1.36713,176,14,0
2026-04-17 08:45:00+00:00,1.36713,1.36726,1.36696,1.3672,210,14,0
2026-04-17 09:00:00+00:00,1.3672,1.3675899999999999,1.36714,1.36757,183,14,0
2026-04-17 09:15:00+00:00,1.36757,1.3676599999999999,1.3673199999999999,1.36751,167,14,0
2026-04-17 09:30:00+00:00,1.36751,1.36788,1.36749,1.36785,192,14,0
2026-04-17 09:45:00+00:00,1.36784,1.36805,1.36751,1.36773,193,14,0
2026-04-17 10:00:00+00:00,1.36772,1.36796,1.36771,1.36781,172,14,0
2026-04-17 10:15:00+00:00,1.36781,1.36803,1.36777,1.36799,117,14,0
2026-04-17 10:30:00+00:00,1.36799,1.36822,1.36796,1.36814,124,14,0
2026-04-17 10:45:00+00:00,1.36814,1.3683100000000001,1.36804,1.3682400000000001,153,14,0
2026-04-17 11:00:00+00:00,1.36825,1.36825,1.36778,1.36799,137,14,0
2026-04-17 11:15:00+00:00,1.36799,1.36803,1.3676300000000001,1.36771,174,14,0
2026-04-17 11:30:00+00:00,1.36768,1.3677000000000001,1.367,1.36737,211,14,0
2026-04-17 11:45:00+00:00,1.36737,1.36749,1.36719,1.36721,225,14,0
2026-04-17 12:00:00+00:00,1.36718,1.36738,1.36691,1.36731,276,14,0
2026-04-17 12:15:00+00:00,1.3673,1.3679299999999999,1.3673,1.3676599999999999,502,14,0
2026-04-17 12:30:00+00:00,1.3676599999999999,1.36778,1.3670900000000001,1.3674,436,14,0
2026-04-17 12:45:00+00:00,1.36741,1.36778,1.36599,1.36606,1011,14,0
2026-04-17 13:00:00+00:00,1.36604,1.36643,1.3648799999999999,1.36501,927,14,0
2026-04-17 13:15:00+00:00,1.36499,1.36636,1.36491,1.36602,976,14,0
2026-04-17 13:30:00+00:00,1.36603,1.36647,1.36566,1.3662,753,14,0
2026-04-17 13:45:00+00:00,1.36619,1.36742,1.36618,1.3668,837,14,0
2026-04-17 14:00:00+00:00,1.36682,1.36713,1.36623,1.3663699999999999,606,14,0
2026-04-17 14:15:00+00:00,1.3664,1.3664,1.365,1.36566,518,14,0
2026-04-17 14:30:00+00:00,1.36564,1.36679,1.3655599999999999,1.3667799999999999,627,14,0
2026-04-17 14:45:00+00:00,1.3667799999999999,1.36726,1.36623,1.36657,662,14,0
2026-04-17 15:00:00+00:00,1.36657,1.36728,1.36642,1.36669,730,14,0
2026-04-17 15:15:00+00:00,1.36667,1.3673600000000001,1.3665,1.36706,555,14,0
2026-04-17 15:30:00+00:00,1.3670499999999999,1.3670499999999999,1.36622,1.36679,525,14,0
2026-04-17 15:45:00+00:00,1.36679,1.36694,1.3663699999999999,1.3667500000000001,455,14,0
2026-04-17 16:00:00+00:00,1.36677,1.36755,1.36664,1.36711,478,14,0
2026-04-17 16:15:00+00:00,1.36711,1.36724,1.36686,1.3671,366,14,0
2026-04-17 16:30:00+00:00,1.3671,1.36725,1.36672,1.36682,290,14,0
2026-04-17 16:45:00+00:00,1.36684,1.3669799999999999,1.36672,1.36673,244,14,0
2026-04-17 17:00:00+00:00,1.36673,1.3679000000000001,1.36673,1.36754,515,14,0
2026-04-17 17:15:00+00:00,1.36756,1.36791,1.36726,1.36754,487,14,0
2026-04-17 17:30:00+00:00,1.36752,1.36791,1.36733,1.36778,328,14,0
2026-04-17 17:45:00+00:00,1.36778,1.36782,1.36696,1.36707,279,14,0
2026-04-17 18:00:00+00:00,1.36706,1.36735,1.36704,1.36731,250,14,0
2026-04-17 18:15:00+00:00,1.36731,1.36772,1.36722,1.36771,326,14,0
2026-04-17 18:30:00+00:00,1.36771,1.36771,1.36713,1.36753,287,14,0
2026-04-17 18:45:00+00:00,1.36753,1.36847,1.36742,1.36787,388,14,0
2026-04-17 19:00:00+00:00,1.36787,1.36802,1.36747,1.36749,244,14,0
2026-04-17 19:15:00+00:00,1.36749,1.36798,1.36744,1.3679299999999999,215,14,0
2026-04-17 19:30:00+00:00,1.3679299999999999,1.36837,1.3679000000000001,1.36823,280,14,0
2026-04-17 19:45:00+00:00,1.36823,1.36942,1.36817,1.36918,401,14,0
2026-04-17 20:00:00+00:00,1.3692,1.36927,1.36843,1.36843,350,14,0
2026-04-17 20:15:00+00:00,1.36841,1.36864,1.36795,1.36863,198,14,0
2026-04-17 20:30:00+00:00,1.36862,1.36878,1.36832,1.36844,256,14,0
2026-04-17 20:45:00+00:00,1.36844,1.36911,1.36835,1.36907,441,14,0
2026-04-19 21:00:00+00:00,1.3681,1.36838,1.36775,1.36835,78,40,0
2026-04-19 21:15:00+00:00,1.3682699999999999,1.3689200000000001,1.3682699999999999,1.36889,75,48,0
2026-04-19 21:30:00+00:00,1.3689,1.36916,1.36879,1.36916,127,40,0
2026-04-19 21:45:00+00:00,1.36916,1.36948,1.36916,1.36948,116,40,0
2026-04-19 22:00:00+00:00,1.36965,1.37047,1.3696,1.37047,293,16,0
2026-04-19 22:15:00+00:00,1.37048,1.37089,1.3704399999999999,1.37053,199,16,0
2026-04-19 22:30:00+00:00,1.37053,1.3708,1.37035,1.37076,173,16,0
2026-04-19 22:45:00+00:00,1.37076,1.37076,1.3702,1.37028,145,16,0
2026-04-19 23:00:00+00:00,1.37028,1.37051,1.37018,1.3703699999999999,162,14,0
2026-04-19 23:15:00+00:00,1.3703699999999999,1.37055,1.37032,1.37055,111,14,0
2026-04-19 23:30:00+00:00,1.37055,1.37082,1.37036,1.37073,151,14,0
2026-04-19 23:45:00+00:00,1.37072,1.3709,1.37054,1.37055,199,14,0
2026-04-20 00:00:00+00:00,1.37055,1.3707099999999999,1.37009,1.37038,370,14,0
2026-04-20 00:15:00+00:00,1.3703699999999999,1.37039,1.36962,1.36964,242,14,0
2026-04-20 00:30:00+00:00,1.36964,1.36982,1.36939,1.36941,153,14,0
2026-04-20 00:45:00+00:00,1.36941,1.36964,1.36939,1.36943,178,14,0
2026-04-20 01:00:00+00:00,1.36943,1.36999,1.36943,1.36972,264,14,0
2026-04-20 01:15:00+00:00,1.36971,1.37016,1.3697,1.3701400000000001,202,14,0
2026-04-20 01:30:00+00:00,1.3701400000000001,1.37016,1.3696,1.36981,236,14,0
2026-04-20 01:45:00+00:00,1.36981,1.37003,1.3697,1.36999,220,14,0
2026-04-20 02:00:00+00:00,1.36998,1.37006,1.36966,1.3697599999999999,183,14,0
2026-04-20 02:15:00+00:00,1.3697599999999999,1.3698000000000001,1.36952,1.3696,117,14,0
2026-04-20 02:30:00+00:00,1.3696,1.36962,1.36944,1.3696,131,14,0
2026-04-20 02:45:00+00:00,1.3696,1.36985,1.36959,1.36969,150,14,0
2026-04-20 03:00:00+00:00,1.36969,1.3698000000000001,1.3696,1.3697,179,14,0
2026-04-20 03:15:00+00:00,1.3697,1.3697300000000001,1.36941,1.36942,108,14,0
2026-04-20 03:30:00+00:00,1.36943,1.36945,1.36921,1.36924,109,14,0
2026-04-20 03:45:00+00:00,1.36924,1.36941,1.36924,1.3694,152,14,0
2026-04-20 04:00:00+00:00,1.3694,1.36942,1.36921,1.36923,111,14,0
2026-04-20 04:15:00+00:00,1.36923,1.36933,1.3692199999999999,1.36929,89,14,0
2026-04-20 04:30:00+00:00,1.36929,1.36936,1.3692199999999999,1.36925,107,14,0
2026-04-20 04:45:00+00:00,1.36925,1.36941,1.3692199999999999,1.3694,98,14,0
2026-04-20 05:00:00+00:00,1.36941,1.36951,1.36938,1.3694,127,14,0
2026-04-20 05:15:00+00:00,1.3694,1.36987,1.36936,1.36985,152,14,0
2026-04-20 05:30:00+00:00,1.36985,1.37012,1.36985,1.37006,195,14,0
2026-04-20 05:45:00+00:00,1.3700700000000001,1.37025,1.36978,1.37,216,14,0
2026-04-20 06:00:00+00:00,1.37,1.37,1.36952,1.36968,308,14,0
2026-04-20 06:15:00+00:00,1.36969,1.37006,1.36967,1.36981,208,14,0
2026-04-20 06:30:00+00:00,1.36979,1.37,1.36959,1.3696,252,14,0
2026-04-20 06:45:00+00:00,1.3696,1.37005,1.3694600000000001,1.36959,321,14,0
2026-04-20 07:00:00+00:00,1.36957,1.36962,1.36913,1.36914,326,14,0
2026-04-20 07:15:00+00:00,1.3691499999999999,1.36923,1.36867,1.36916,257,14,0
2026-04-20 07:30:00+00:00,1.36916,1.36955,1.36895,1.36899,402,14,0
2026-04-20 07:45:00+00:00,1.369,1.36962,1.36898,1.36932,265,14,0
2026-04-20 08:00:00+00:00,1.36931,1.36947,1.3689,1.36907,306,14,0
2026-04-20 08:15:00+00:00,1.36907,1.36938,1.36906,1.36929,259,14,0
2026-04-20 08:30:00+00:00,1.3693,1.36958,1.36905,1.36916,246,14,0
2026-04-20 08:45:00+00:00,1.36916,1.3695,1.36908,1.36925,278,14,0
2026-04-20 09:00:00+00:00,1.36925,1.36926,1.36893,1.36906,259,14,0
2026-04-20 09:15:00+00:00,1.36906,1.36931,1.36894,1.36925,183,14,0
2026-04-20 09:30:00+00:00,1.36924,1.36924,1.36896,1.36914,179,14,0
2026-04-20 09:45:00+00:00,1.36914,1.36924,1.3689,1.3689200000000001,185,14,0
2026-04-20 10:00:00+00:00,1.3689,1.36902,1.36868,1.36897,176,14,0
2026-04-20 10:15:00+00:00,1.36897,1.3694600000000001,1.36897,1.36945,146,14,0
2026-04-20 10:30:00+00:00,1.36945,1.36945,1.36905,1.3691200000000001,155,14,0
2026-04-20 10:45:00+00:00,1.3691200000000001,1.36944,1.36893,1.36914,197,14,0
2026-04-20 11:00:00+00:00,1.36914,1.36916,1.3685,1.36856,240,14,0
2026-04-20 11:15:00+00:00,1.36857,1.36859,1.36828,1.3685800000000001,141,14,0
2026-04-20 11:30:00+00:00,1.3685800000000001,1.3686,1.3682400000000001,1.36836,192,14,0
2026-04-20 11:45:00+00:00,1.36835,1.36896,1.3683,1.36895,256,14,0
2026-04-20 12:00:00+00:00,1.36897,1.36982,1.36879,1.36962,370,14,0
2026-04-20 12:15:00+00:00,1.36962,1.36982,1.36926,1.3697,280,14,0
2026-04-20 12:30:00+00:00,1.36972,1.37006,1.36947,1.36952,369,14,0
2026-04-20 12:45:00+00:00,1.36952,1.36961,1.36911,1.36914,281,14,0
2026-04-20 13:00:00+00:00,1.36913,1.3698000000000001,1.36911,1.36959,462,14,0
2026-04-20 13:15:00+00:00,1.36959,1.36961,1.3685,1.36855,298,14,0
2026-04-20 13:30:00+00:00,1.36855,1.36863,1.36791,1.36798,425,14,0
2026-04-20 13:45:00+00:00,1.36796,1.36796,1.36733,1.36777,459,14,0
2026-04-20 14:00:00+00:00,1.36776,1.36811,1.36761,1.36783,450,14,0
2026-04-20 14:15:00+00:00,1.36783,1.36784,1.36655,1.36681,434,14,0
2026-04-20 14:30:00+00:00,1.36679,1.36695,1.36645,1.3665,413,14,0
2026-04-20 14:45:00+00:00,1.3665,1.36752,1.36604,1.36611,812,14,0
2026-04-20 15:00:00+00:00,1.36611,1.36653,1.36572,1.36588,473,14,0
2026-04-20 15:15:00+00:00,1.36586,1.36598,1.36493,1.36498,471,14,0
2026-04-20 15:30:00+00:00,1.365,1.36524,1.36432,1.36438,441,14,0
2026-04-20 15:45:00+00:00,1.36437,1.3654600000000001,1.36414,1.36497,670,14,0
2026-04-20 16:00:00+00:00,1.36496,1.36496,1.36438,1.36438,346,14,0
2026-04-20 16:15:00+00:00,1.36438,1.36449,1.3639299999999999,1.36436,309,14,0
2026-04-20 16:30:00+00:00,1.36436,1.36466,1.36418,1.36447,262,14,0
2026-04-20 16:45:00+00:00,1.36447,1.36467,1.36425,1.36444,252,14,0
2026-04-20 17:00:00+00:00,1.36444,1.3645,1.3642,1.36439,245,14,0
2026-04-20 17:15:00+00:00,1.36437,1.36475,1.36416,1.3645800000000001,164,14,0
2026-04-20 17:30:00+00:00,1.3645800000000001,1.3646099999999999,1.36423,1.36445,222,14,0
2026-04-20 17:45:00+00:00,1.36445,1.36445,1.36409,1.36409,184,14,0
2026-04-20 18:00:00+00:00,1.36409,1.36414,1.36368,1.3637000000000001,233,14,0
2026-04-20 18:15:00+00:00,1.3637000000000001,1.36384,1.36345,1.36361,221,14,0
2026-04-20 18:30:00+00:00,1.36362,1.36412,1.36354,1.36409,222,14,0
2026-04-20 18:45:00+00:00,1.36409,1.36442,1.36402,1.36428,238,14,0
2026-04-20 19:00:00+00:00,1.3643,1.36433,1.36392,1.36396,161,14,0
2026-04-20 19:15:00+00:00,1.36396,1.3642400000000001,1.36394,1.36414,116,14,0
2026-04-20 19:30:00+00:00,1.36414,1.3642699999999999,1.36394,1.36417,194,14,0
2026-04-20 19:45:00+00:00,1.36417,1.36468,1.36406,1.36464,334,14,0
2026-04-20 20:00:00+00:00,1.36464,1.36481,1.36438,1.3645100000000001,176,14,0
2026-04-20 20:15:00+00:00,1.3645100000000001,1.36484,1.3645,1.36478,112,14,0
2026-04-20 20:30:00+00:00,1.36478,1.36503,1.36467,1.3648500000000001,128,14,0
2026-04-20 20:45:00+00:00,1.3648500000000001,1.3649,1.36428,1.36444,212,14,0
2026-04-20 21:00:00+00:00,1.36443,1.36444,1.36433,1.36436,118,14,0
2026-04-20 21:15:00+00:00,1.36435,1.36445,1.3643100000000001,1.36441,143,14,0
2026-04-20 21:30:00+00:00,1.36441,1.36442,1.36426,1.36436,153,15,0
2026-04-20 21:45:00+00:00,1.36436,1.3645800000000001,1.36432,1.3645800000000001,83,47,0
2026-04-20 22:00:00+00:00,1.3646099999999999,1.36462,1.36433,1.36443,91,16,0
2026-04-20 22:15:00+00:00,1.36443,1.36452,1.36442,1.36446,39,14,0
2026-04-20 22:30:00+00:00,1.36446,1.36465,1.36441,1.36441,69,14,0
2026-04-20 22:45:00+00:00,1.36437,1.36442,1.36378,1.36378,161,14,0
2026-04-20 23:00:00+00:00,1.3638,1.36416,1.3638,1.36414,97,14,0
2026-04-20 23:15:00+00:00,1.36414,1.36422,1.36413,1.36422,64,14,0
2026-04-20 23:30:00+00:00,1.36422,1.36449,1.36422,1.36436,68,14,0
2026-04-20 23:45:00+00:00,1.36435,1.36448,1.36435,1.3644,111,14,0
2026-04-21 00:00:00+00:00,1.3644,1.3644,1.3641,1.36416,210,14,0
2026-04-21 00:15:00+00:00,1.36415,1.3645100000000001,1.36403,1.36449,154,14,0
2026-04-21 00:30:00+00:00,1.36449,1.36453,1.3643,1.36435,162,14,0
2026-04-21 00:45:00+00:00,1.36435,1.36446,1.36413,1.36426,268,14,0
2026-04-21 01:00:00+00:00,1.36426,1.36449,1.36423,1.36446,140,14,0
2026-04-21 01:15:00+00:00,1.36446,1.36446,1.3642,1.36423,153,14,0
2026-04-21 01:30:00+00:00,1.36423,1.36432,1.3642,1.36426,136,14,0
2026-04-21 01:45:00+00:00,1.36426,1.36432,1.36406,1.3642699999999999,141,14,0
2026-04-21 02:00:00+00:00,1.36426,1.36442,1.36425,1.36428,143,14,0
2026-04-21 02:15:00+00:00,1.36428,1.36453,1.36428,1.3643399999999999,105,14,0
2026-04-21 02:30:00+00:00,1.3643399999999999,1.3647,1.3643,1.36468,154,14,0
2026-04-21 02:45:00+00:00,1.36468,1.36468,1.3645,1.3645800000000001,98,14,0
2026-04-21 03:00:00+00:00,1.36457,1.36472,1.36449,1.36463,147,14,0
2026-04-21 03:15:00+00:00,1.36463,1.36481,1.36456,1.3647,137,14,0
2026-04-21 03:30:00+00:00,1.3647,1.36506,1.36463,1.36498,104,14,0
2026-04-21 03:45:00+00:00,1.36498,1.36498,1.36467,1.36476,102,14,0
2026-04-21 04:00:00+00:00,1.36477,1.36481,1.36473,1.36477,81,14,0
2026-04-21 04:15:00+00:00,1.36477,1.36481,1.36468,1.36468,102,14,0
2026-04-21 04:30:00+00:00,1.36468,1.36479,1.36464,1.36473,76,14,0
2026-04-21 04:45:00+00:00,1.36474,1.36475,1.36467,1.36475,75,14,0
2026-04-21 05:00:00+00:00,1.36475,1.36477,1.36439,1.36443,170,14,0
2026-04-21 05:15:00+00:00,1.36443,1.36444,1.36428,1.3644,140,14,0
2026-04-21 05:30:00+00:00,1.3644,1.36453,1.3643100000000001,1.36448,118,14,0
2026-04-21 05:45:00+00:00,1.36448,1.3648500000000001,1.36441,1.36484,152,14,0
2026-04-21 06:00:00+00:00,1.3648500000000001,1.3651200000000001,1.36465,1.36466,270,14,0
2026-04-21 06:15:00+00:00,1.36466,1.36498,1.3646099999999999,1.36471,180,14,0
2026-04-21 06:30:00+00:00,1.36471,1.36482,1.36459,1.3646099999999999,174,14,0
2026-04-21 06:45:00+00:00,1.3646099999999999,1.36471,1.36449,1.36471,209,14,0
2026-04-21 07:00:00+00:00,1.36471,1.3649,1.36433,1.3648799999999999,285,14,0
2026-04-21 07:15:00+00:00,1.36487,1.36487,1.36459,1.3648,164,14,0
2026-04-21 07:30:00+00:00,1.3648,1.36509,1.36471,1.36487,232,14,0
2026-04-21 07:45:00+00:00,1.36487,1.3654899999999999,1.36475,1.3654899999999999,279,14,0
2026-04-21 08:00:00+00:00,1.36551,1.36631,1.36534,1.3663,450,14,0
2026-04-21 08:15:00+00:00,1.3663,1.3663,1.36561,1.36589,273,14,0
2026-04-21 08:30:00+00:00,1.36589,1.36593,1.36542,1.3654600000000001,289,14,0
2026-04-21 08:45:00+00:00,1.3654600000000001,1.3658299999999999,1.36542,1.36571,144,14,0
2026-04-21 09:00:00+00:00,1.36571,1.36612,1.36562,1.36609,207,14,0
2026-04-21 09:15:00+00:00,1.36609,1.36616,1.36554,1.36601,204,14,0
2026-04-21 09:30:00+00:00,1.36601,1.36601,1.36571,1.36579,173,14,0
2026-04-21 09:45:00+00:00,1.36579,1.36603,1.36566,1.366,198,14,0
2026-04-21 10:00:00+00:00,1.366,1.36606,1.36532,1.36541,204,14,0
2026-04-21 10:15:00+00:00,1.36541,1.36575,1.36541,1.36561,202,14,0
2026-04-21 10:30:00+00:00,1.3656,1.36574,1.3655,1.36561,148,14,0
2026-04-21 10:45:00+00:00,1.36561,1.36599,1.36561,1.36592,182,14,0
2026-04-21 11:00:00+00:00,1.36592,1.36602,1.3657,1.36579,305,14,0
2026-04-21 11:15:00+00:00,1.36577,1.36582,1.36548,1.36552,174,14,0
2026-04-21 11:30:00+00:00,1.36551,1.36569,1.36532,1.36564,226,14,0
2026-04-21 11:45:00+00:00,1.36564,1.36571,1.36537,1.3654600000000001,193,14,0
2026-04-21 12:00:00+00:00,1.3654600000000001,1.36564,1.36544,1.3656,199,14,0
2026-04-21 12:15:00+00:00,1.3656,1.36565,1.36541,1.3654899999999999,169,14,0
2026-04-21 12:30:00+00:00,1.36547,1.36587,1.3653,1.36573,430,14,0
2026-04-21 12:45:00+00:00,1.36571,1.36575,1.36506,1.36506,324,14,0
2026-04-21 13:00:00+00:00,1.36506,1.36527,1.36504,1.3651,278,14,0
2026-04-21 13:15:00+00:00,1.3651,1.3651,1.36428,1.3643100000000001,283,14,0
2026-04-21 13:30:00+00:00,1.3643100000000001,1.36449,1.36402,1.36404,450,14,0
2026-04-21 13:45:00+00:00,1.36403,1.36425,1.3636599999999999,1.36385,366,14,0
2026-04-21 14:00:00+00:00,1.36384,1.36405,1.36355,1.3636,293,14,0
2026-04-21 14:15:00+00:00,1.3636,1.36383,1.36344,1.36347,319,14,0
2026-04-21 14:30:00+00:00,1.36346,1.36368,1.36307,1.36357,386,14,0
2026-04-21 14:45:00+00:00,1.36359,1.36496,1.36358,1.36489,680,14,0
2026-04-21 15:00:00+00:00,1.36489,1.36499,1.3639999999999999,1.36419,476,14,0
2026-04-21 15:15:00+00:00,1.3642,1.36497,1.36384,1.3649,512,14,0
2026-04-21 15:30:00+00:00,1.3649,1.36526,1.36456,1.3646099999999999,423,14,0
2026-04-21 15:45:00+00:00,1.3646,1.36471,1.36425,1.3643,335,14,0
2026-04-21 16:00:00+00:00,1.36429,1.36443,1.36395,1.36432,416,14,0
2026-04-21 16:15:00+00:00,1.36432,1.36506,1.36429,1.36506,316,14,0
2026-04-21 16:30:00+00:00,1.36506,1.36574,1.36482,1.36571,281,14,0
2026-04-21 16:45:00+00:00,1.36571,1.36584,1.3655,1.36582,250,14,0
2026-04-21 17:00:00+00:00,1.36582,1.36761,1.36581,1.3672900000000001,594,14,0
2026-04-21 17:15:00+00:00,1.3672900000000001,1.36748,1.36674,1.36676,388,14,0
2026-04-21 17:30:00+00:00,1.36676,1.36679,1.3649200000000001,1.3651499999999999,671,14,0
2026-04-21 17:45:00+00:00,1.3651499999999999,1.36627,1.36513,1.36594,386,14,0
2026-04-21 18:00:00+00:00,1.36596,1.36618,1.36569,1.36601,362,14,0
2026-04-21 18:15:00+00:00,1.36602,1.36682,1.3659,1.36666,501,14,0
2026-04-21 18:30:00+00:00,1.36664,1.36665,1.36609,1.36639,320,14,0
2026-04-21 18:45:00+00:00,1.36639,1.36646,1.3658299999999999,1.36585,475,14,0
2026-04-21 19:00:00+00:00,1.36584,1.3660700000000001,1.36545,1.36577,412,14,0
2026-04-21 19:15:00+00:00,1.36575,1.36594,1.36541,1.3656,449,14,0
2026-04-21 19:30:00+00:00,1.3656,1.36754,1.3656,1.36706,568,14,0
2026-04-21 19:45:00+00:00,1.36706,1.3673899999999999,1.36647,1.36715,590,14,0
2026-04-21 20:00:00+00:00,1.36713,1.36724,1.36507,1.36572,1021,14,0
2026-04-21 20:15:00+00:00,1.36572,1.36584,1.3651499999999999,1.3655300000000001,372,14,0
2026-04-21 20:30:00+00:00,1.3655300000000001,1.36601,1.36552,1.36601,246,14,0
2026-04-21 20:45:00+00:00,1.36601,1.3662,1.36582,1.36611,217,14,0
2026-04-21 21:00:00+00:00,1.36611,1.3661400000000001,1.36601,1.36606,62,14,0
2026-04-21 21:15:00+00:00,1.3660700000000001,1.36613,1.36601,1.36613,179,29,0
2026-04-21 21:30:00+00:00,1.36613,1.36615,1.36608,1.36613,141,24,0
2026-04-21 21:45:00+00:00,1.36612,1.36619,1.36608,1.36619,73,23,0
2026-04-21 22:00:00+00:00,1.36622,1.36632,1.36605,1.36622,107,14,0
2026-04-21 22:15:00+00:00,1.36622,1.36634,1.36619,1.36633,78,14,0
2026-04-21 22:30:00+00:00,1.36633,1.36633,1.36613,1.36625,78,14,0
2026-04-21 22:45:00+00:00,1.36625,1.36633,1.36609,1.3662,115,14,0
2026-04-21 23:00:00+00:00,1.36621,1.36627,1.36611,1.36615,108,14,0
2026-04-21 23:15:00+00:00,1.36615,1.36616,1.3659,1.36593,54,14,0
2026-04-21 23:30:00+00:00,1.36593,1.36603,1.36586,1.36602,52,14,0
2026-04-21 23:45:00+00:00,1.36602,1.36602,1.36565,1.36577,125,14,0
2026-04-22 00:00:00+00:00,1.3657599999999999,1.3657599999999999,1.36552,1.36565,234,14,0
2026-04-22 00:15:00+00:00,1.36565,1.36568,1.3654,1.36561,168,14,0
2026-04-22 00:30:00+00:00,1.36561,1.36565,1.36536,1.36564,155,14,0
2026-04-22 00:45:00+00:00,1.36564,1.36574,1.36552,1.36558,219,14,0
2026-04-22 01:00:00+00:00,1.36558,1.3660999999999999,1.36555,1.36603,206,14,0
2026-04-22 01:15:00+00:00,1.36603,1.3663,1.36602,1.36624,186,14,0
2026-04-22 01:30:00+00:00,1.36623,1.36624,1.36587,1.366,187,14,0
2026-04-22 01:45:00+00:00,1.366,1.36605,1.36587,1.3659,161,14,0
2026-04-22 02:00:00+00:00,1.36588,1.36591,1.36567,1.36568,150,14,0
2026-04-22 02:15:00+00:00,1.36568,1.36584,1.36558,1.36561,143,14,0
2026-04-22 02:30:00+00:00,1.36562,1.3658299999999999,1.3656,1.3658299999999999,90,14,0
2026-04-22 02:45:00+00:00,1.3658299999999999,1.36597,1.36575,1.36591,133,14,0
2026-04-22 03:00:00+00:00,1.36591,1.3660700000000001,1.36573,1.3658299999999999,134,14,0
2026-04-22 03:15:00+00:00,1.3658299999999999,1.36584,1.36568,1.3657,105,14,0
2026-04-22 03:30:00+00:00,1.3657,1.366,1.36566,1.36593,124,14,0
2026-04-22 03:45:00+00:00,1.36593,1.366,1.36587,1.36598,117,14,0
2026-04-22 04:00:00+00:00,1.36597,1.36603,1.36577,1.36584,135,14,0
2026-04-22 04:15:00+00:00,1.36584,1.3659,1.36579,1.36581,91,14,0
2026-04-22 04:30:00+00:00,1.36581,1.3659,1.36564,1.36567,96,14,0
2026-04-22 04:45:00+00:00,1.36567,1.36567,1.3655599999999999,1.36561,79,14,0
2026-04-22 05:00:00+00:00,1.36561,1.36566,1.36535,1.36539,147,14,0
2026-04-22 05:15:00+00:00,1.36539,1.36548,1.3645399999999999,1.3647,370,14,0
2026-04-22 05:30:00+00:00,1.36468,1.36498,1.36464,1.36477,215,14,0
2026-04-22 05:45:00+00:00,1.36476,1.36505,1.3647,1.36499,127,14,0
2026-04-22 06:00:00+00:00,1.36497,1.36602,1.3649499999999999,1.36592,264,14,0
2026-04-22 06:15:00+00:00,1.36592,1.36594,1.3655599999999999,1.3655599999999999,174,14,0
2026-04-22 06:30:00+00:00,1.36555,1.36555,1.36517,1.3654600000000001,247,14,0
2026-04-22 06:45:00+00:00,1.3654600000000001,1.36554,1.36531,1.36548,182,14,0
2026-04-22 07:00:00+00:00,1.3655,1.36552,1.36521,1.3654600000000001,170,14,0
2026-04-22 07:15:00+00:00,1.3654600000000001,1.36585,1.36528,1.36547,221,14,0
2026-04-22 07:30:00+00:00,1.36547,1.36565,1.36537,1.36545,184,14,0
2026-04-22 07:45:00+00:00,1.36545,1.36557,1.36511,1.36517,210,14,0
2026-04-22 08:00:00+00:00,1.36517,1.36518,1.36448,1.36453,264,14,0
2026-04-22 08:15:00+00:00,1.36453,1.36481,1.36428,1.36462,231,14,0
2026-04-22 08:30:00+00:00,1.3646099999999999,1.36484,1.3645100000000001,1.36466,205,14,0
2026-04-22 08:45:00+00:00,1.36467,1.36484,1.36448,1.36462,177,14,0
2026-04-22 09:00:00+00:00,1.36463,1.36479,1.36442,1.36479,221,14,0
2026-04-22 09:15:00+00:00,1.3648,1.3651,1.3648,1.36501,162,14,0
2026-04-22 09:30:00+00:00,1.36501,1.3653,1.36497,1.36529,178,14,0
2026-04-22 09:45:00+00:00,1.36529,1.36541,1.3652,1.36529,192,14,0
2026-04-22 10:00:00+00:00,1.36529,1.36557,1.36508,1.3654600000000001,261,14,0
2026-04-22 10:15:00+00:00,1.36547,1.36547,1.36518,1.36534,196,14,0
2026-04-22 10:30:00+00:00,1.36534,1.36545,1.36521,1.36543,163,14,0
2026-04-22 10:45:00+00:00,1.36543,1.3654600000000001,1.36523,1.36531,154,14,0
2026-04-22 11:00:00+00:00,1.36529,1.3655,1.36529,1.3654899999999999,168,14,0
2026-04-22 11:15:00+00:00,1.3654899999999999,1.36573,1.36538,1.36571,213,14,0
2026-04-22 11:30:00+00:00,1.3657,1.36574,1.36551,1.3657,179,14,0
2026-04-22 11:45:00+00:00,1.3657,1.36647,1.36563,1.36632,205,14,0
2026-04-22 12:00:00+00:00,1.36633,1.36664,1.3660999999999999,1.36647,303,14,0
2026-04-22 12:15:00+00:00,1.36647,1.36674,1.3661400000000001,1.36667,250,14,0
2026-04-22 12:30:00+00:00,1.36667,1.36688,1.36629,1.36665,404,14,0
2026-04-22 12:45:00+00:00,1.36666,1.36717,1.36647,1.36672,326,14,0
2026-04-22 13:00:00+00:00,1.3667099999999999,1.36684,1.36601,1.3664100000000001,426,14,0
2026-04-22 13:15:00+00:00,1.36642,1.36687,1.36569,1.3667799999999999,485,14,0
2026-04-22 13:30:00+00:00,1.36676,1.36676,1.3654600000000001,1.36551,499,14,0
2026-04-22 13:45:00+00:00,1.36548,1.36555,1.36487,1.365,478,14,0
2026-04-22 14:00:00+00:00,1.365,1.3654600000000001,1.36483,1.36503,373,14,0
2026-04-22 14:15:00+00:00,1.36504,1.3652,1.3646,1.3648,393,14,0
2026-04-22 14:30:00+00:00,1.36482,1.36596,1.3648,1.36573,484,14,0
2026-04-22 14:45:00+00:00,1.36573,1.36664,1.3654899999999999,1.36653,384,14,0
2026-04-22 15:00:00+00:00,1.36653,1.36676,1.36628,1.3664100000000001,459,14,0
2026-04-22 15:15:00+00:00,1.3664100000000001,1.36658,1.36595,1.36603,264,14,0
2026-04-22 15:30:00+00:00,1.36604,1.3664100000000001,1.36594,1.3664,319,14,0
2026-04-22 15:45:00+00:00,1.3664100000000001,1.36651,1.36571,1.36605,280,14,0
2026-04-22 16:00:00+00:00,1.36605,1.3661400000000001,1.3658000000000001,1.36584,303,14,0
2026-04-22 16:15:00+00:00,1.36584,1.36629,1.36584,1.36594,301,14,0
2026-04-22 16:30:00+00:00,1.36594,1.36606,1.36566,1.36574,348,14,0
2026-04-22 16:45:00+00:00,1.3657599999999999,1.36597,1.36559,1.3657,283,14,0
2026-04-22 17:00:00+00:00,1.36569,1.3658000000000001,1.3654,1.36566,329,14,0
2026-04-22 17:15:00+00:00,1.36566,1.36592,1.36562,1.36566,205,14,0
2026-04-22 17:30:00+00:00,1.36566,1.3658000000000001,1.3654600000000001,1.36565,213,14,0
2026-04-22 17:45:00+00:00,1.36565,1.36623,1.36563,1.36623,221,14,0
2026-04-22 18:00:00+00:00,1.36623,1.36657,1.36618,1.3664100000000001,213,14,0
2026-04-22 18:15:00+00:00,1.3664100000000001,1.36672,1.3664100000000001,1.3665,171,14,0
2026-04-22 18:30:00+00:00,1.3665,1.36656,1.36635,1.36639,151,14,0
2026-04-22 18:45:00+00:00,1.36639,1.36662,1.36626,1.36649,172,14,0
2026-04-22 19:00:00+00:00,1.36649,1.3666800000000001,1.36625,1.36626,236,14,0
2026-04-22 19:15:00+00:00,1.36626,1.36653,1.36608,1.3665,192,14,0
2026-04-22 19:30:00+00:00,1.3665,1.36683,1.36649,1.36681,141,14,0
2026-04-22 19:45:00+00:00,1.36682,1.3672900000000001,1.36667,1.36717,284,14,0
2026-04-22 20:00:00+00:00,1.36717,1.3674,1.36714,1.36725,183,14,0
2026-04-22 20:15:00+00:00,1.36725,1.36725,1.36693,1.36693,137,14,0
2026-04-22 20:30:00+00:00,1.36693,1.3673899999999999,1.36688,1.3671,185,14,0
2026-04-22 20:45:00+00:00,1.36712,1.36726,1.36699,1.36713,175,14,0
2026-04-22 21:00:00+00:00,1.36714,1.36715,1.3667099999999999,1.36673,79,14,0
2026-04-22 21:15:00+00:00,1.36674,1.3669799999999999,1.36674,1.36693,136,29,0
2026-04-22 21:30:00+00:00,1.36694,1.36703,1.36689,1.36697,156,32,0
2026-04-22 21:45:00+00:00,1.36697,1.367,1.36672,1.367,241,29,0
2026-04-22 22:00:00+00:00,1.36701,1.36706,1.3668,1.36706,64,15,0
2026-04-22 22:15:00+00:00,1.36706,1.36706,1.3669799999999999,1.367,36,16,0
2026-04-22 22:30:00+00:00,1.367,1.36707,1.36697,1.36707,56,14,0
2026-04-22 22:45:00+00:00,1.36707,1.3670900000000001,1.36684,1.36691,101,14,0
2026-04-22 23:00:00+00:00,1.36691,1.36711,1.36686,1.36694,107,14,0
2026-04-22 23:15:00+00:00,1.36694,1.36696,1.36684,1.36687,48,14,0
2026-04-22 23:30:00+00:00,1.36685,1.3669,1.36684,1.36689,48,14,0
2026-04-22 23:45:00+00:00,1.36688,1.36701,1.36687,1.36697,93,14,0
2026-04-23 00:00:00+00:00,1.36699,1.3676,1.36691,1.36755,314,14,0
2026-04-23 00:15:00+00:00,1.36755,1.36788,1.36654,1.36656,656,14,0
2026-04-23 00:30:00+00:00,1.36656,1.36664,1.36636,1.36653,336,14,0
2026-04-23 00:45:00+00:00,1.36655,1.36664,1.36642,1.36651,323,14,0
2026-04-23 01:00:00+00:00,1.36651,1.36679,1.36646,1.3667799999999999,274,14,0
2026-04-23 01:15:00+00:00,1.3667799999999999,1.36682,1.36651,1.36673,187,14,0
2026-04-23 01:30:00+00:00,1.36673,1.36677,1.36651,1.36669,237,14,0
2026-04-23 01:45:00+00:00,1.36669,1.36676,1.36658,1.36665,269,14,0
2026-04-23 02:00:00+00:00,1.36666,1.36684,1.36662,1.3668,214,14,0
2026-04-23 02:15:00+00:00,1.3668,1.3669,1.36659,1.3667799999999999,269,14,0
2026-04-23 02:30:00+00:00,1.36676,1.36686,1.36666,1.3667500000000001,233,14,0
2026-04-23 02:45:00+00:00,1.36676,1.36738,1.3667099999999999,1.36722,250,14,0
2026-04-23 03:00:00+00:00,1.36721,1.3674,1.36699,1.36727,295,14,0
2026-04-23 03:15:00+00:00,1.36726,1.36753,1.36724,1.36731,229,14,0
2026-04-23 03:30:00+00:00,1.3673,1.36752,1.36718,1.36744,199,14,0
2026-04-23 03:45:00+00:00,1.36744,1.3675899999999999,1.36743,1.36756,132,14,0
2026-04-23 04:00:00+00:00,1.36755,1.3676300000000001,1.3673,1.3673,137,14,0
2026-04-23 04:15:00+00:00,1.3673,1.3673199999999999,1.3670499999999999,1.36718,143,14,0
2026-04-23 04:30:00+00:00,1.36718,1.36725,1.36711,1.36716,77,14,0
2026-04-23 04:45:00+00:00,1.36715,1.36721,1.3670200000000001,1.36706,85,14,0
2026-04-23 05:00:00+00:00,1.36707,1.36711,1.367,1.3671,105,14,0
2026-04-23 05:15:00+00:00,1.3671,1.36734,1.3671,1.3673,100,14,0
2026-04-23 05:30:00+00:00,1.3673,1.36734,1.36706,1.36711,169,14,0
2026-04-23 05:45:00+00:00,1.36711,1.36711,1.36676,1.36689,177,14,0
2026-04-23 06:00:00+00:00,1.36688,1.36691,1.3666,1.36688,198,14,0
2026-04-23 06:15:00+00:00,1.36688,1.36716,1.36684,1.3670900000000001,175,14,0
2026-04-23 06:30:00+00:00,1.3670900000000001,1.36715,1.36687,1.36699,207,14,0
2026-04-23 06:45:00+00:00,1.36699,1.36704,1.3667500000000001,1.3669799999999999,205,14,0
2026-04-23 07:00:00+00:00,1.36697,1.3670900000000001,1.36651,1.36688,294,14,0
2026-04-23 07:15:00+00:00,1.3669,1.36707,1.3666800000000001,1.36695,200,14,0
2026-04-23 07:30:00+00:00,1.36695,1.3673600000000001,1.36695,1.36718,235,14,0
2026-04-23 07:45:00+00:00,1.36718,1.36718,1.36661,1.3666800000000001,274,14,0
2026-04-23 08:00:00+00:00,1.3666800000000001,1.36677,1.36623,1.36627,278,14,0
2026-04-23 08:15:00+00:00,1.36627,1.36639,1.36598,1.36612,182,14,0
2026-04-23 08:30:00+00:00,1.3660999999999999,1.36628,1.36603,1.36627,213,14,0
2026-04-23 08:45:00+00:00,1.36625,1.36633,1.36601,1.36633,203,14,0
2026-04-23 09:00:00+00:00,1.36633,1.36693,1.36618,1.36692,244,14,0
2026-04-23 09:15:00+00:00,1.36692,1.36697,1.3666,1.36688,198,14,0
2026-04-23 09:30:00+00:00,1.36687,1.36707,1.3667,1.36672,184,14,0
2026-04-23 09:45:00+00:00,1.36672,1.36695,1.36655,1.36669,234,14,0
2026-04-23 10:00:00+00:00,1.3667099999999999,1.36727,1.3666800000000001,1.36712,204,14,0
2026-04-23 10:15:00+00:00,1.36711,1.36754,1.36699,1.36752,239,14,0
2026-04-23 10:30:00+00:00,1.36752,1.36782,1.36735,1.36781,217,14,0
2026-04-23 10:45:00+00:00,1.36781,1.36794,1.3676599999999999,1.36778,190,14,0
2026-04-23 11:00:00+00:00,1.36778,1.36791,1.3673899999999999,1.3673899999999999,227,14,0
2026-04-23 11:15:00+00:00,1.3673899999999999,1.36755,1.3669799999999999,1.36699,244,14,0
2026-04-23 11:30:00+00:00,1.36699,1.36744,1.3669,1.36706,306,14,0
2026-04-23 11:45:00+00:00,1.3670499999999999,1.36717,1.36634,1.3666800000000001,433,14,0
2026-04-23 12:00:00+00:00,1.3666800000000001,1.36743,1.36653,1.36742,538,14,0
2026-04-23 12:15:00+00:00,1.36742,1.36796,1.36742,1.36787,297,14,0
2026-04-23 12:30:00+00:00,1.36787,1.36794,1.36747,1.36753,309,14,0
2026-04-23 12:45:00+00:00,1.36753,1.36838,1.36748,1.36795,595,14,0
2026-04-23 13:00:00+00:00,1.36794,1.36857,1.36777,1.36853,331,14,0
2026-04-23 13:15:00+00:00,1.3685399999999999,1.36872,1.36808,1.36832,335,14,0
2026-04-23 13:30:00+00:00,1.36834,1.36848,1.3678,1.36794,528,14,0
2026-04-23 13:45:00+00:00,1.36799,1.36841,1.36762,1.36823,523,14,0
2026-04-23 14:00:00+00:00,1.3682400000000001,1.36867,1.36751,1.36751,474,14,0
2026-04-23 14:15:00+00:00,1.36752,1.36756,1.36667,1.36717,521,14,0
2026-04-23 14:30:00+00:00,1.36717,1.36774,1.36704,1.36761,397,14,0
2026-04-23 14:45:00+00:00,1.36761,1.3679000000000001,1.3673600000000001,1.36761,452,14,0
2026-04-23 15:00:00+00:00,1.36761,1.3685,1.36756,1.36808,445,14,0
2026-04-23 15:15:00+00:00,1.36808,1.36818,1.36744,1.36811,345,14,0
2026-04-23 15:30:00+00:00,1.3681,1.3685399999999999,1.3678,1.3685399999999999,369,14,0
2026-04-23 15:45:00+00:00,1.3685399999999999,1.3688799999999999,1.36804,1.36822,446,14,0
2026-04-23 16:00:00+00:00,1.3682400000000001,1.36947,1.36819,1.36947,392,14,0
2026-04-23 16:15:00+00:00,1.36945,1.36947,1.3689200000000001,1.3691900000000001,308,14,0
2026-04-23 16:30:00+00:00,1.3691900000000001,1.36929,1.36895,1.36911,253,14,0
2026-04-23 16:45:00+00:00,1.36911,1.36936,1.36895,1.3693,262,14,0
2026-04-23 17:00:00+00:00,1.3693,1.37099,1.3692,1.37072,679,14,0
2026-04-23 17:15:00+00:00,1.37073,1.37109,1.37022,1.37028,663,14,0
2026-04-23 17:30:00+00:00,1.37026,1.371,1.36958,1.37097,740,14,0
2026-04-23 17:45:00+00:00,1.37097,1.37135,1.36938,1.36947,1065,14,0
2026-04-23 18:00:00+00:00,1.36945,1.3696,1.36901,1.36926,731,14,0
2026-04-23 18:15:00+00:00,1.36927,1.3694,1.369,1.36908,418,14,0
2026-04-23 18:30:00+00:00,1.36908,1.36931,1.36886,1.3691900000000001,306,14,0
2026-04-23 18:45:00+00:00,1.3691900000000001,1.36945,1.36901,1.36942,348,14,0
2026-04-23 19:00:00+00:00,1.3694,1.36977,1.36926,1.3696,370,14,0
2026-04-23 19:15:00+00:00,1.36959,1.36978,1.36948,1.36959,230,14,0
2026-04-23 19:30:00+00:00,1.36959,1.36989,1.36941,1.36965,316,14,0
2026-04-23 19:45:00+00:00,1.36965,1.36995,1.36927,1.36941,357,14,0
2026-04-23 20:00:00+00:00,1.36943,1.36986,1.36943,1.36984,209,14,0
2026-04-23 20:15:00+00:00,1.36984,1.37005,1.36954,1.36955,140,14,0
2026-04-23 20:30:00+00:00,1.3695599999999999,1.3698000000000001,1.36955,1.36964,108,14,0
2026-04-23 20:45:00+00:00,1.36965,1.36996,1.36938,1.36985,190,14,0
2026-04-23 21:00:00+00:00,1.36984,1.36985,1.36968,1.36968,129,18,0
2026-04-23 21:15:00+00:00,1.36967,1.36984,1.36966,1.3698299999999999,120,80,0
2026-04-23 21:30:00+00:00,1.3698299999999999,1.36991,1.36918,1.36927,213,52,0
2026-04-23 21:45:00+00:00,1.36926,1.36962,1.36925,1.36951,202,51,0
2026-04-23 22:00:00+00:00,1.3695,1.36981,1.3695,1.36979,92,16,0
2026-04-23 22:15:00+00:00,1.36979,1.37,1.36978,1.36979,73,16,0
2026-04-23 22:30:00+00:00,1.36979,1.36979,1.36958,1.3696,61,14,0
2026-04-23 22:45:00+00:00,1.3696,1.36969,1.36959,1.36965,40,14,0
2026-04-23 23:00:00+00:00,1.36965,1.3698000000000001,1.36961,1.36979,43,14,0
2026-04-23 23:15:00+00:00,1.36979,1.36997,1.36974,1.36974,96,14,0
2026-04-23 23:30:00+00:00,1.36975,1.36988,1.36972,1.36981,45,14,0
2026-04-23 23:45:00+00:00,1.36981,1.3699,1.3697300000000001,1.36984,119,14,0
2026-04-24 00:00:00+00:00,1.36982,1.36997,1.36964,1.36967,301,14,0
2026-04-24 00:15:00+00:00,1.36967,1.3698000000000001,1.36965,1.36969,165,14,0
2026-04-24 00:30:00+00:00,1.36969,1.36989,1.36959,1.36975,182,14,0
2026-04-24 00:45:00+00:00,1.36975,1.36995,1.36967,1.36977,235,14,0
2026-04-24 01:00:00+00:00,1.36978,1.36991,1.36964,1.3697,231,14,0
2026-04-24 01:15:00+00:00,1.3697,1.36985,1.36962,1.3697599999999999,181,14,0
2026-04-24 01:30:00+00:00,1.36978,1.36996,1.36972,1.36988,206,14,0
2026-04-24 01:45:00+00:00,1.36988,1.36991,1.3697599999999999,1.3697599999999999,124,14,0
2026-04-24 02:00:00+00:00,1.3697599999999999,1.37004,1.36975,1.36999,166,14,0
2026-04-24 02:15:00+00:00,1.36999,1.37019,1.3699,1.37019,156,14,0
2026-04-24 02:30:00+00:00,1.37018,1.37035,1.3700700000000001,1.3703400000000001,159,14,0
2026-04-24 02:45:00+00:00,1.3703400000000001,1.37081,1.3703400000000001,1.3707,146,14,0
2026-04-24 03:00:00+00:00,1.37069,1.3709799999999999,1.37064,1.37093,171,14,0
2026-04-24 03:15:00+00:00,1.37092,1.37119,1.37092,1.37119,130,14,0
2026-04-24 03:30:00+00:00,1.37119,1.37138,1.37101,1.37108,152,14,0
2026-04-24 03:45:00+00:00,1.37108,1.37108,1.37074,1.37096,164,14,0
2026-04-24 04:00:00+00:00,1.37096,1.37112,1.37081,1.37091,187,14,0
2026-04-24 04:15:00+00:00,1.37091,1.37094,1.3708,1.37091,92,14,0
2026-04-24 04:30:00+00:00,1.37091,1.37107,1.37083,1.37107,155,14,0
2026-04-24 04:45:00+00:00,1.37107,1.37118,1.37083,1.37093,128,14,0
2026-04-24 05:00:00+00:00,1.37093,1.37111,1.3709,1.37099,142,14,0
2026-04-24 05:15:00+00:00,1.3709799999999999,1.3709799999999999,1.37069,1.37076,149,14,0
2026-04-24 05:30:00+00:00,1.37076,1.37076,1.37056,1.37062,159,14,0
2026-04-24 05:45:00+00:00,1.37062,1.37067,1.37032,1.37045,134,14,0
2026-04-24 06:00:00+00:00,1.37045,1.37101,1.3704,1.37101,229,14,0
2026-04-24 06:15:00+00:00,1.37101,1.37119,1.3709,1.37108,184,14,0
2026-04-24 06:30:00+00:00,1.37106,1.37111,1.37073,1.37085,209,14,0
2026-04-24 06:45:00+00:00,1.37085,1.37103,1.37083,1.37094,203,14,0
2026-04-24 07:00:00+00:00,1.3709500000000001,1.3713199999999999,1.3707,1.37076,258,14,0
2026-04-24 07:15:00+00:00,1.3707799999999999,1.37086,1.37052,1.37059,238,14,0
2026-04-24 07:30:00+00:00,1.37059,1.37084,1.37028,1.37028,199,14,0
2026-04-24 07:45:00+00:00,1.37028,1.3703400000000001,1.36966,1.3697,168,14,0
2026-04-24 08:00:00+00:00,1.3697,1.3701400000000001,1.36942,1.36947,225,14,0
2026-04-24 08:15:00+00:00,1.36945,1.36945,1.3689,1.36911,341,14,0
2026-04-24 08:30:00+00:00,1.3691,1.36917,1.36884,1.36905,221,14,0
2026-04-24 08:45:00+00:00,1.36904,1.36905,1.36864,1.36887,253,14,0
2026-04-24 09:00:00+00:00,1.3688500000000001,1.36894,1.36864,1.36882,231,14,0
2026-04-24 09:15:00+00:00,1.36882,1.36894,1.36862,1.36893,219,14,0
2026-04-24 09:30:00+00:00,1.36893,1.36905,1.36872,1.3689,206,14,0
2026-04-24 09:45:00+00:00,1.3689,1.3691200000000001,1.36876,1.36882,140,14,0
2026-04-24 10:00:00+00:00,1.36881,1.3691,1.36878,1.36891,180,14,0
2026-04-24 10:15:00+00:00,1.36891,1.3689200000000001,1.36836,1.36845,178,14,0
2026-04-24 10:30:00+00:00,1.36845,1.36856,1.36815,1.36817,196,14,0
2026-04-24 10:45:00+00:00,1.36819,1.36837,1.36807,1.3681,165,14,0
2026-04-24 11:00:00+00:00,1.3681,1.36846,1.36785,1.36846,442,14,0
2026-04-24 11:15:00+00:00,1.36846,1.36887,1.36819,1.3687,522,14,0
2026-04-24 11:30:00+00:00,1.36869,1.36902,1.36789,1.36794,352,14,0
2026-04-24 11:45:00+00:00,1.36794,1.36826,1.3679000000000001,1.36795,299,14,0
2026-04-24 12:00:00+00:00,1.3679299999999999,1.3682,1.36777,1.36811,337,14,0
2026-04-24 12:15:00+00:00,1.36811,1.3685,1.36779,1.36799,294,14,0
2026-04-24 12:30:00+00:00,1.36799,1.3684,1.36798,1.3683100000000001,309,14,0
2026-04-24 12:45:00+00:00,1.3683100000000001,1.36856,1.36802,1.36804,374,14,0
2026-04-24 13:00:00+00:00,1.36806,1.3688,1.36804,1.3688,379,14,0
2026-04-24 13:15:00+00:00,1.36881,1.36896,1.36818,1.36894,423,14,0
2026-04-24 13:30:00+00:00,1.36893,1.36971,1.36881,1.36961,549,14,0
2026-04-24 13:45:00+00:00,1.3696,1.36969,1.36914,1.3691900000000001,415,14,0
2026-04-24 14:00:00+00:00,1.3692,1.36987,1.3688500000000001,1.36902,660,14,0
2026-04-24 14:15:00+00:00,1.36903,1.36914,1.36856,1.36865,436,14,0
2026-04-24 14:30:00+00:00,1.36863,1.3687,1.36822,1.36855,394,14,0
2026-04-24 14:45:00+00:00,1.36855,1.36923,1.3682699999999999,1.36852,534,14,0
2026-04-24 15:00:00+00:00,1.3685100000000001,1.36864,1.36819,1.36844,372,14,0
2026-04-24 15:15:00+00:00,1.36844,1.3686,1.36818,1.3682,254,14,0
2026-04-24 15:30:00+00:00,1.36818,1.3685,1.36804,1.3682400000000001,405,14,0
2026-04-24 15:45:00+00:00,1.36826,1.36826,1.36749,1.36754,505,14,0
2026-04-24 16:00:00+00:00,1.36752,1.36803,1.36749,1.3679000000000001,356,14,0
2026-04-24 16:15:00+00:00,1.3679000000000001,1.3679000000000001,1.3675899999999999,1.36767,229,14,0
2026-04-24 16:30:00+00:00,1.36767,1.36772,1.36748,1.36769,210,14,0
2026-04-24 16:45:00+00:00,1.36769,1.36769,1.36723,1.36733,221,14,0
2026-04-24 17:00:00+00:00,1.36734,1.36737,1.3669799999999999,1.3669799999999999,241,14,0
2026-04-24 17:15:00+00:00,1.3669799999999999,1.36706,1.3667500000000001,1.36679,211,14,0
2026-04-24 17:30:00+00:00,1.36679,1.36718,1.36679,1.36687,269,14,0
2026-04-24 17:45:00+00:00,1.36687,1.36706,1.36665,1.3669,211,14,0
2026-04-24 18:00:00+00:00,1.3669,1.36727,1.36685,1.36687,207,14,0
2026-04-24 18:15:00+00:00,1.36687,1.36687,1.36655,1.36658,182,14,0
2026-04-24 18:30:00+00:00,1.36657,1.3666,1.36628,1.36639,173,14,0
2026-04-24 18:45:00+00:00,1.36639,1.36659,1.36635,1.36658,152,14,0
2026-04-24 19:00:00+00:00,1.36656,1.36666,1.36632,1.3663699999999999,123,14,0
2026-04-24 19:15:00+00:00,1.36636,1.36654,1.36633,1.3664399999999999,117,14,0
2026-04-24 19:30:00+00:00,1.36642,1.3664399999999999,1.36627,1.36628,116,14,0
2026-04-24 19:45:00+00:00,1.36629,1.36656,1.36629,1.36651,176,14,0
2026-04-24 20:00:00+00:00,1.36651,1.36679,1.3663699999999999,1.36659,201,14,0
2026-04-24 20:15:00+00:00,1.36659,1.36706,1.3664100000000001,1.3668,204,14,0
2026-04-24 20:30:00+00:00,1.3668,1.3670499999999999,1.36659,1.36679,258,14,0
2026-04-24 20:45:00+00:00,1.36679,1.36699,1.36639,1.36688,271,14,0
2026-04-26 21:00:00+00:00,1.36653,1.36738,1.36653,1.36737,73,95,0
2026-04-26 21:15:00+00:00,1.36737,1.36755,1.3673600000000001,1.36755,59,59,0
2026-04-26 21:30:00+00:00,1.36756,1.36757,1.36741,1.36753,133,42,0
2026-04-26 21:45:00+00:00,1.36753,1.3678,1.36665,1.36775,344,40,0
2026-04-26 22:00:00+00:00,1.36787,1.36802,1.36731,1.36788,212,18,0
2026-04-26 22:15:00+00:00,1.36788,1.3679299999999999,1.36771,1.36783,93,16,0
2026-04-26 22:30:00+00:00,1.36784,1.36784,1.3675899999999999,1.3676599999999999,91,16,0
2026-04-26 22:45:00+00:00,1.3676599999999999,1.36773,1.36752,1.3676300000000001,98,16,0
2026-04-26 23:00:00+00:00,1.36765,1.36777,1.3676300000000001,1.3676599999999999,101,14,0
2026-04-26 23:15:00+00:00,1.3676599999999999,1.36777,1.36757,1.36776,63,14,0
2026-04-26 23:30:00+00:00,1.36776,1.36778,1.36774,1.36775,43,14,0
2026-04-26 23:45:00+00:00,1.36775,1.36779,1.36757,1.36777,116,14,0
2026-04-27 00:00:00+00:00,1.36776,1.36784,1.36748,1.36764,231,14,0
2026-04-27 00:15:00+00:00,1.3676300000000001,1.36776,1.36744,1.36746,141,14,0
2026-04-27 00:30:00+00:00,1.36746,1.36757,1.36707,1.36707,133,14,0
2026-04-27 00:45:00+00:00,1.36707,1.36721,1.36685,1.36694,198,14,0
2026-04-27 01:00:00+00:00,1.36691,1.36691,1.36622,1.36669,412,14,0
2026-04-27 01:15:00+00:00,1.36669,1.3667099999999999,1.36627,1.36651,257,14,0
2026-04-27 01:30:00+00:00,1.36651,1.36664,1.36635,1.36635,192,14,0
2026-04-27 01:45:00+00:00,1.36634,1.3664100000000001,1.36612,1.36619,174,14,0
2026-04-27 02:00:00+00:00,1.3662,1.36677,1.3660700000000001,1.36673,192,14,0
2026-04-27 02:15:00+00:00,1.36673,1.36674,1.36633,1.36648,167,14,0
2026-04-27 02:30:00+00:00,1.36648,1.3665,1.36613,1.3663699999999999,153,14,0
2026-04-27 02:45:00+00:00,1.3663699999999999,1.36639,1.36622,1.36631,114,14,0
2026-04-27 03:00:00+00:00,1.36631,1.3664,1.36618,1.36627,138,14,0
2026-04-27 03:15:00+00:00,1.36627,1.36636,1.36616,1.36625,95,14,0
2026-04-27 03:30:00+00:00,1.36625,1.36633,1.3660999999999999,1.3660999999999999,96,14,0
2026-04-27 03:45:00+00:00,1.36611,1.36627,1.36605,1.36625,90,14,0
2026-04-27 04:00:00+00:00,1.36625,1.36638,1.36624,1.36634,95,14,0
2026-04-27 04:15:00+00:00,1.36634,1.36646,1.36623,1.36623,91,14,0
2026-04-27 04:30:00+00:00,1.36623,1.36629,1.36608,1.36609,100,14,0
2026-04-27 04:45:00+00:00,1.36609,1.36645,1.36609,1.36636,122,14,0
2026-04-27 05:00:00+00:00,1.36636,1.36645,1.36633,1.3664399999999999,90,14,0
2026-04-27 05:15:00+00:00,1.3664399999999999,1.36649,1.36625,1.36625,77,14,0
2026-04-27 05:30:00+00:00,1.36625,1.3666800000000001,1.36625,1.36648,157,14,0
2026-04-27 05:45:00+00:00,1.36648,1.36649,1.36624,1.36635,136,14,0
2026-04-27 06:00:00+00:00,1.3663699999999999,1.36648,1.36596,1.36601,195,14,0
2026-04-27 06:15:00+00:00,1.366,1.36643,1.366,1.36642,185,14,0
2026-04-27 06:30:00+00:00,1.36642,1.36643,1.36596,1.3660999999999999,198,14,0
2026-04-27 06:45:00+00:00,1.36612,1.36615,1.36559,1.36559,192,14,0
2026-04-27 07:00:00+00:00,1.36559,1.36559,1.36501,1.36505,254,14,0
2026-04-27 07:15:00+00:00,1.36505,1.36534,1.36459,1.36474,261,14,0
2026-04-27 07:30:00+00:00,1.36474,1.36487,1.36448,1.36467,212,14,0
2026-04-27 07:45:00+00:00,1.36467,1.36467,1.3634,1.36353,281,14,0
2026-04-27 08:00:00+00:00,1.36355,1.3636,1.36237,1.36257,397,14,0
2026-04-27 08:15:00+00:00,1.36257,1.36285,1.36182,1.36197,348,14,0
2026-04-27 08:30:00+00:00,1.36196,1.36237,1.36145,1.3615,285,14,0
2026-04-27 08:45:00+00:00,1.3615,1.36165,1.36104,1.36162,253,14,0
2026-04-27 09:00:00+00:00,1.36162,1.36171,1.36113,1.36124,231,14,0
2026-04-27 09:15:00+00:00,1.36124,1.36136,1.3609,1.36098,199,14,0
2026-04-27 09:30:00+00:00,1.36097,1.36121,1.3608500000000001,1.36096,210,14,0
2026-04-27 09:45:00+00:00,1.36096,1.36117,1.36078,1.3608,190,14,0
2026-04-27 10:00:00+00:00,1.3608,1.3609,1.36059,1.36071,219,14,0
2026-04-27 10:15:00+00:00,1.36071,1.36118,1.36071,1.3609,191,14,0
2026-04-27 10:30:00+00:00,1.3609,1.36099,1.3607,1.3609200000000001,193,14,0
2026-04-27 10:45:00+00:00,1.3609200000000001,1.36105,1.36073,1.36079,213,14,0
2026-04-27 11:00:00+00:00,1.36077,1.36138,1.3605,1.3612600000000001,249,14,0
2026-04-27 11:15:00+00:00,1.3612600000000001,1.36137,1.36089,1.36116,243,14,0
2026-04-27 11:30:00+00:00,1.36118,1.3615599999999999,1.36107,1.36132,226,14,0
2026-04-27 11:45:00+00:00,1.36132,1.36134,1.36087,1.36094,256,14,0
2026-04-27 12:00:00+00:00,1.36094,1.36096,1.35988,1.35994,315,14,0
2026-04-27 12:15:00+00:00,1.35995,1.36014,1.3597000000000001,1.35978,335,14,0
2026-04-27 12:30:00+00:00,1.35978,1.36073,1.35972,1.36017,408,14,0
2026-04-27 12:45:00+00:00,1.36015,1.36028,1.35989,1.36019,344,14,0
2026-04-27 13:00:00+00:00,1.36018,1.36051,1.35983,1.36008,465,14,0
2026-04-27 13:15:00+00:00,1.36008,1.36054,1.35986,1.36052,305,14,0
2026-04-27 13:30:00+00:00,1.3605,1.36063,1.36009,1.36054,346,14,0
2026-04-27 13:45:00+00:00,1.36054,1.3611,1.36032,1.36086,396,14,0
2026-04-27 14:00:00+00:00,1.3608799999999999,1.36101,1.36035,1.36056,382,14,0
2026-04-27 14:15:00+00:00,1.36056,1.3606500000000001,1.36008,1.36062,358,14,0
2026-04-27 14:30:00+00:00,1.3606099999999999,1.36081,1.36006,1.36037,380,14,0
2026-04-27 14:45:00+00:00,1.36036,1.36213,1.36021,1.3614,478,14,0
2026-04-27 15:00:00+00:00,1.3614,1.36192,1.36137,1.3618299999999999,397,14,0
2026-04-27 15:15:00+00:00,1.3618299999999999,1.3621400000000001,1.36164,1.36181,348,14,0
2026-04-27 15:30:00+00:00,1.36181,1.36206,1.36152,1.36154,327,14,0
2026-04-27 15:45:00+00:00,1.36155,1.36165,1.3614,1.36154,297,14,0
2026-04-27 16:00:00+00:00,1.36154,1.36168,1.3614,1.36158,299,14,0
2026-04-27 16:15:00+00:00,1.36158,1.36188,1.3614600000000001,1.36166,216,14,0
2026-04-27 16:30:00+00:00,1.36165,1.3618700000000001,1.3615,1.3618700000000001,178,14,0
2026-04-27 16:45:00+00:00,1.3618700000000001,1.3618700000000001,1.36154,1.36167,235,14,0
2026-04-27 17:00:00+00:00,1.36169,1.36212,1.36162,1.36201,256,14,0
2026-04-27 17:15:00+00:00,1.36201,1.36229,1.36195,1.36223,218,14,0
2026-04-27 17:30:00+00:00,1.36221,1.36225,1.36165,1.36177,221,14,0
2026-04-27 17:45:00+00:00,1.36177,1.3621400000000001,1.36177,1.36202,148,14,0
2026-04-27 18:00:00+00:00,1.36203,1.3620999999999999,1.36173,1.36173,127,14,0
2026-04-27 18:15:00+00:00,1.36173,1.36211,1.36144,1.36205,187,14,0
2026-04-27 18:30:00+00:00,1.36205,1.3624,1.36201,1.36231,185,14,0
2026-04-27 18:45:00+00:00,1.36231,1.3627099999999999,1.36221,1.36265,194,14,0
2026-04-27 19:00:00+00:00,1.36266,1.3627799999999999,1.36247,1.3626800000000001,167,14,0
2026-04-27 19:15:00+00:00,1.3626800000000001,1.36269,1.36243,1.36258,160,14,0
2026-04-27 19:30:00+00:00,1.36258,1.36295,1.36257,1.36267,179,14,0
2026-04-27 19:45:00+00:00,1.3626800000000001,1.36344,1.3626800000000001,1.36333,292,14,0
2026-04-27 20:00:00+00:00,1.36333,1.36354,1.36322,1.3633199999999999,166,14,0
2026-04-27 20:15:00+00:00,1.3633199999999999,1.36338,1.36283,1.36293,88,14,0
2026-04-27 20:30:00+00:00,1.36293,1.36301,1.36265,1.36265,143,14,0
2026-04-27 20:45:00+00:00,1.36266,1.36266,1.36231,1.36264,160,14,0
2026-04-27 21:00:00+00:00,1.36264,1.36264,1.36257,1.36258,44,14,0
2026-04-27 21:15:00+00:00,1.3626,1.36262,1.3625099999999999,1.36259,89,14,0
2026-04-27 21:30:00+00:00,1.36259,1.36264,1.3625,1.36257,173,14,0
2026-04-27 21:45:00+00:00,1.36256,1.36262,1.3625099999999999,1.3626,161,14,0
2026-04-27 22:00:00+00:00,1.3626,1.36265,1.36236,1.3624,107,14,0
2026-04-27 22:15:00+00:00,1.3624100000000001,1.3624399999999999,1.36221,1.36233,94,14,0
2026-04-27 22:30:00+00:00,1.36233,1.36235,1.36222,1.36235,64,14,0
2026-04-27 22:45:00+00:00,1.36235,1.36235,1.3621699999999999,1.36227,58,14,0
2026-04-27 23:00:00+00:00,1.3623,1.36239,1.36221,1.36224,89,14,0
2026-04-27 23:15:00+00:00,1.36224,1.3623,1.36222,1.36229,51,14,0
2026-04-27 23:30:00+00:00,1.36229,1.3623,1.36222,1.36222,42,14,0
2026-04-27 23:45:00+00:00,1.36222,1.36237,1.36215,1.36215,99,14,0
2026-04-28 00:00:00+00:00,1.36215,1.36219,1.36124,1.36145,239,14,0
2026-04-28 00:15:00+00:00,1.36147,1.36222,1.36147,1.36215,230,14,0
2026-04-28 00:30:00+00:00,1.36215,1.36229,1.36204,1.3622,169,14,0
2026-04-28 00:45:00+00:00,1.3622,1.36245,1.36215,1.3624399999999999,169,14,0
2026-04-28 01:00:00+00:00,1.36246,1.36297,1.3624,1.36282,257,14,0
2026-04-28 01:15:00+00:00,1.36282,1.36308,1.3628,1.36308,173,14,0
2026-04-28 01:30:00+00:00,1.36308,1.36316,1.36289,1.36314,174,14,0
2026-04-28 01:45:00+00:00,1.36313,1.36357,1.3630900000000001,1.36352,182,14,0
2026-04-28 02:00:00+00:00,1.36351,1.36375,1.36346,1.3636,185,14,0
2026-04-28 02:15:00+00:00,1.3636,1.36381,1.36357,1.36375,180,14,0
2026-04-28 02:30:00+00:00,1.36375,1.36399,1.3637299999999999,1.36389,145,14,0
2026-04-28 02:45:00+00:00,1.36388,1.3639000000000001,1.36353,1.3638,157,14,0
2026-04-28 03:00:00+00:00,1.3638,1.36385,1.3633600000000001,1.36341,267,14,0
2026-04-28 03:15:00+00:00,1.36341,1.36344,1.36325,1.36334,171,14,0
2026-04-28 03:30:00+00:00,1.36335,1.36345,1.36318,1.36345,150,14,0
2026-04-28 03:45:00+00:00,1.36345,1.36354,1.3631199999999999,1.36313,116,14,0
2026-04-28 04:00:00+00:00,1.36313,1.36344,1.36313,1.36331,143,14,0
2026-04-28 04:15:00+00:00,1.36331,1.36346,1.3632900000000001,1.36338,143,14,0
2026-04-28 04:30:00+00:00,1.3634,1.3634,1.36308,1.36316,110,14,0
2026-04-28 04:45:00+00:00,1.36315,1.36328,1.3630499999999999,1.36326,122,14,0
2026-04-28 05:00:00+00:00,1.36326,1.3637299999999999,1.36321,1.36362,193,14,0
2026-04-28 05:15:00+00:00,1.36362,1.36365,1.36327,1.36328,152,14,0
2026-04-28 05:30:00+00:00,1.36328,1.3638,1.36328,1.36377,227,14,0
2026-04-28 05:45:00+00:00,1.36377,1.36381,1.36348,1.3637000000000001,184,14,0
2026-04-28 06:00:00+00:00,1.3637000000000001,1.3639700000000001,1.36328,1.36346,314,14,0
2026-04-28 06:15:00+00:00,1.36345,1.36401,1.36342,1.36379,259,14,0
2026-04-28 06:30:00+00:00,1.36379,1.36407,1.36354,1.36381,273,14,0
2026-04-28 06:45:00+00:00,1.3638,1.3647,1.36378,1.36465,394,14,0
2026-04-28 07:00:00+00:00,1.36465,1.36466,1.36347,1.36348,390,14,0
2026-04-28 07:15:00+00:00,1.36348,1.3642,1.36297,1.36401,348,14,0
2026-04-28 07:30:00+00:00,1.36401,1.36403,1.36354,1.3639000000000001,308,14,0
2026-04-28 07:45:00+00:00,1.3639000000000001,1.3639999999999999,1.3636300000000001,1.3638,268,14,0
2026-04-28 08:00:00+00:00,1.36378,1.36442,1.36369,1.3644,471,14,0
2026-04-28 08:15:00+00:00,1.3644,1.36441,1.36371,1.36396,387,14,0
2026-04-28 08:30:00+00:00,1.36398,1.3645,1.36392,1.36441,215,14,0
2026-04-28 08:45:00+00:00,1.36441,1.36479,1.36438,1.36465,257,14,0
2026-04-28 09:00:00+00:00,1.36464,1.3649499999999999,1.36446,1.36469,347,14,0
2026-04-28 09:15:00+00:00,1.36469,1.36499,1.3645800000000001,1.36497,225,14,0
2026-04-28 09:30:00+00:00,1.3649499999999999,1.36573,1.36491,1.3655300000000001,320,14,0
2026-04-28 09:45:00+00:00,1.3655300000000001,1.36554,1.36503,1.36539,266,14,0
2026-04-28 10:00:00+00:00,1.3654,1.36552,1.36511,1.36535,277,14,0
2026-04-28 10:15:00+00:00,1.36535,1.36597,1.36535,1.36592,271,14,0
2026-04-28 10:30:00+00:00,1.36592,1.36646,1.36582,1.3664100000000001,339,14,0
2026-04-28 10:45:00+00:00,1.36639,1.3666,1.36626,1.36645,304,14,0
2026-04-28 11:00:00+00:00,1.3664399999999999,1.36666,1.36595,1.36666,354,14,0
2026-04-28 11:15:00+00:00,1.36666,1.367,1.3662,1.36661,363,14,0
2026-04-28 11:30:00+00:00,1.36663,1.36734,1.36659,1.36674,376,14,0
2026-04-28 11:45:00+00:00,1.36673,1.36737,1.3667,1.36724,370,14,0
2026-04-28 12:00:00+00:00,1.36724,1.36789,1.36721,1.36745,431,14,0
2026-04-28 12:15:00+00:00,1.36745,1.36751,1.36677,1.3673899999999999,547,14,0
2026-04-28 12:30:00+00:00,1.3673899999999999,1.36777,1.36694,1.36728,420,14,0
2026-04-28 12:45:00+00:00,1.3672900000000001,1.36765,1.3670900000000001,1.36741,399,14,0
2026-04-28 13:00:00+00:00,1.3674,1.36752,1.3667500000000001,1.3675,409,14,0
2026-04-28 13:15:00+00:00,1.36751,1.36771,1.36718,1.36731,438,14,0
2026-04-28 13:30:00+00:00,1.36733,1.36784,1.36632,1.36666,663,14,0
2026-04-28 13:45:00+00:00,1.36666,1.3668,1.36645,1.36653,418,14,0
2026-04-28 14:00:00+00:00,1.36653,1.36714,1.3664,1.36689,448,14,0
2026-04-28 14:15:00+00:00,1.36688,1.367,1.36657,1.36682,415,14,0
2026-04-28 14:30:00+00:00,1.36682,1.36772,1.3664,1.36771,564,14,0
2026-04-28 14:45:00+00:00,1.3677000000000001,1.36909,1.36762,1.36891,821,14,0
2026-04-28 15:00:00+00:00,1.3689200000000001,1.36896,1.36811,1.36817,473,14,0
2026-04-28 15:15:00+00:00,1.36818,1.36834,1.36756,1.36765,368,14,0
2026-04-28 15:30:00+00:00,1.36767,1.36774,1.36724,1.36744,331,14,0
2026-04-28 15:45:00+00:00,1.36744,1.36755,1.36711,1.36714,275,14,0
2026-04-28 16:00:00+00:00,1.36712,1.36745,1.36706,1.36716,306,14,0
2026-04-28 16:15:00+00:00,1.36716,1.36798,1.36715,1.3679299999999999,308,14,0
2026-04-28 16:30:00+00:00,1.3679299999999999,1.36839,1.36791,1.36815,284,14,0
2026-04-28 16:45:00+00:00,1.36815,1.36837,1.36806,1.36807,292,14,0
2026-04-28 17:00:00+00:00,1.36807,1.3683,1.3679000000000001,1.36806,258,14,0
2026-04-28 17:15:00+00:00,1.36806,1.3683,1.36795,1.36814,241,14,0
2026-04-28 17:30:00+00:00,1.36815,1.36822,1.36735,1.36755,279,14,0
2026-04-28 17:45:00+00:00,1.36755,1.36783,1.3673600000000001,1.36767,230,14,0
2026-04-28 18:00:00+00:00,1.36767,1.36795,1.36745,1.36792,249,14,0
2026-04-28 18:15:00+00:00,1.3679299999999999,1.36796,1.3677000000000001,1.36778,245,14,0
2026-04-28 18:30:00+00:00,1.36777,1.3682,1.36772,1.3682,172,14,0
2026-04-28 18:45:00+00:00,1.3682,1.36853,1.36805,1.36841,252,14,0
2026-04-28 19:00:00+00:00,1.36839,1.3684,1.36803,1.36833,174,14,0
2026-04-28 19:15:00+00:00,1.36833,1.36843,1.36819,1.36839,194,14,0
2026-04-28 19:30:00+00:00,1.36839,1.36839,1.36809,1.3683,165,14,0
2026-04-28 19:45:00+00:00,1.3683,1.36864,1.36822,1.36846,224,14,0
2026-04-28 20:00:00+00:00,1.36846,1.36852,1.36825,1.36848,200,14,0
2026-04-28 20:15:00+00:00,1.36848,1.36871,1.3684,1.36864,130,14,0
2026-04-28 20:30:00+00:00,1.36864,1.36864,1.36808,1.3681,96,14,0
2026-04-28 20:45:00+00:00,1.36809,1.36846,1.36792,1.36833,236,14,0
2026-04-28 21:00:00+00:00,1.36832,1.36833,1.36773,1.36773,101,17,0
2026-04-28 21:15:00+00:00,1.36771,1.36771,1.3673600000000001,1.36737,153,90,0
2026-04-28 21:30:00+00:00,1.36735,1.36738,1.36719,1.36734,149,120,0
2026-04-28 21:45:00+00:00,1.3673199999999999,1.36769,1.36727,1.36769,264,66,0
2026-04-28 22:00:00+00:00,1.36784,1.36799,1.36765,1.36799,85,16,0
2026-04-28 22:15:00+00:00,1.36799,1.36823,1.3679299999999999,1.36823,52,16,0
2026-04-28 22:30:00+00:00,1.36823,1.36823,1.36809,1.36817,46,16,0
2026-04-28 22:45:00+00:00,1.36817,1.36817,1.36803,1.36809,48,14,0
2026-04-28 23:00:00+00:00,1.36809,1.36821,1.36808,1.36816,62,14,0
2026-04-28 23:15:00+00:00,1.36816,1.36819,1.36811,1.36813,62,14,0
2026-04-28 23:30:00+00:00,1.36813,1.36822,1.36808,1.36813,56,14,0
2026-04-28 23:45:00+00:00,1.36813,1.36814,1.36799,1.3679999999999999,78,14,0
2026-04-29 00:00:00+00:00,1.3679999999999999,1.3679999999999999,1.36761,1.3676599999999999,181,14,0
2026-04-29 00:15:00+00:00,1.3676599999999999,1.36805,1.3676599999999999,1.36799,153,14,0
2026-04-29 00:30:00+00:00,1.36799,1.36799,1.36782,1.36782,109,14,0
2026-04-29 00:45:00+00:00,1.36782,1.36804,1.36781,1.36802,180,14,0
2026-04-29 01:00:00+00:00,1.36804,1.36874,1.36803,1.36868,330,14,0
2026-04-29 01:15:00+00:00,1.36869,1.3688799999999999,1.36813,1.36823,209,14,0
2026-04-29 01:30:00+00:00,1.36825,1.3685800000000001,1.36794,1.36807,396,14,0
2026-04-29 01:45:00+00:00,1.36807,1.3685,1.36807,1.36825,222,14,0
2026-04-29 02:00:00+00:00,1.36823,1.36823,1.36782,1.36794,175,14,0
2026-04-29 02:15:00+00:00,1.36794,1.36822,1.36789,1.36812,163,14,0
2026-04-29 02:30:00+00:00,1.36813,1.36857,1.36811,1.36843,190,14,0
2026-04-29 02:45:00+00:00,1.36842,1.36849,1.3681,1.3684,151,14,0
2026-04-29 03:00:00+00:00,1.3684,1.36842,1.36815,1.3683,176,14,0
2026-04-29 03:15:00+00:00,1.3683,1.36842,1.36828,1.36842,134,14,0
2026-04-29 03:30:00+00:00,1.36841,1.3687,1.36841,1.3686099999999999,136,14,0
2026-04-29 03:45:00+00:00,1.3686099999999999,1.36879,1.3685399999999999,1.3685800000000001,127,14,0
2026-04-29 04:00:00+00:00,1.3685800000000001,1.36869,1.3685,1.36855,111,14,0
2026-04-29 04:15:00+00:00,1.36855,1.36867,1.36853,1.3685800000000001,79,14,0
2026-04-29 04:30:00+00:00,1.3685800000000001,1.3685800000000001,1.36839,1.36857,112,14,0
2026-04-29 04:45:00+00:00,1.36857,1.36862,1.3685,1.3685100000000001,92,14,0
2026-04-29 05:00:00+00:00,1.3685100000000001,1.36884,1.3685,1.36879,130,14,0
2026-04-29 05:15:00+00:00,1.36879,1.36895,1.36879,1.36881,114,14,0
2026-04-29 05:30:00+00:00,1.3688,1.36905,1.36876,1.36882,146,14,0
2026-04-29 05:45:00+00:00,1.36882,1.36894,1.36871,1.36887,165,14,0
2026-04-29 06:00:00+00:00,1.36889,1.36905,1.36867,1.36905,195,14,0
2026-04-29 06:15:00+00:00,1.36906,1.36916,1.36882,1.3688799999999999,152,14,0
2026-04-29 06:30:00+00:00,1.3688799999999999,1.36908,1.3686,1.36887,204,14,0
2026-04-29 06:45:00+00:00,1.36887,1.3689,1.36859,1.36886,194,14,0
2026-04-29 07:00:00+00:00,1.3688799999999999,1.3688799999999999,1.3681,1.36821,315,14,0
2026-04-29 07:15:00+00:00,1.36821,1.36844,1.36821,1.36832,233,14,0
2026-04-29 07:30:00+00:00,1.36832,1.36832,1.36795,1.36809,222,14,0
2026-04-29 07:45:00+00:00,1.36808,1.36814,1.36774,1.36795,238,14,0
2026-04-29 08:00:00+00:00,1.3679700000000001,1.36809,1.3675899999999999,1.36808,403,14,0
2026-04-29 08:15:00+00:00,1.36808,1.36823,1.36786,1.3679999999999999,262,14,0
2026-04-29 08:30:00+00:00,1.3679999999999999,1.3684,1.3679299999999999,1.3683100000000001,216,14,0
2026-04-29 08:45:00+00:00,1.3683100000000001,1.36839,1.36815,1.36839,174,14,0
2026-04-29 09:00:00+00:00,1.36839,1.3685,1.36815,1.36822,179,14,0
2026-04-29 09:15:00+00:00,1.36822,1.3687,1.36819,1.36859,174,14,0
2026-04-29 09:30:00+00:00,1.36857,1.36887,1.3684,1.3688,187,14,0
2026-04-29 09:45:00+00:00,1.3688,1.36913,1.36865,1.3691200000000001,231,14,0
2026-04-29 10:00:00+00:00,1.36914,1.36925,1.36847,1.36849,258,14,0
2026-04-29 10:15:00+00:00,1.36849,1.36879,1.36843,1.36879,187,14,0
2026-04-29 10:30:00+00:00,1.36878,1.36894,1.36857,1.36894,166,14,0
2026-04-29 10:45:00+00:00,1.36894,1.36896,1.3683100000000001,1.3683100000000001,200,14,0
2026-04-29 11:00:00+00:00,1.36829,1.3685,1.36791,1.36802,303,14,0
2026-04-29 11:15:00+00:00,1.36802,1.36812,1.36779,1.36791,224,14,0
2026-04-29 11:30:00+00:00,1.36792,1.36829,1.36787,1.36807,227,14,0
2026-04-29 11:45:00+00:00,1.36806,1.3681,1.36765,1.36791,241,14,0
2026-04-29 12:00:00+00:00,1.36789,1.3679299999999999,1.36724,1.36748,284,14,0
2026-04-29 12:15:00+00:00,1.36748,1.36764,1.3673,1.36764,302,14,0
2026-04-29 12:30:00+00:00,1.36764,1.36778,1.36737,1.36754,228,14,0
2026-04-29 12:45:00+00:00,1.36752,1.36777,1.3672900000000001,1.36764,362,14,0
2026-04-29 13:00:00+00:00,1.3676300000000001,1.3679299999999999,1.36708,1.36785,394,14,0
2026-04-29 13:15:00+00:00,1.36785,1.36881,1.36785,1.36874,541,14,0
2026-04-29 13:30:00+00:00,1.36874,1.36935,1.36866,1.36928,578,14,0
2026-04-29 13:45:00+00:00,1.36929,1.371,1.36928,1.36979,878,14,0
2026-04-29 14:00:00+00:00,1.36977,1.3704399999999999,1.36921,1.36939,682,14,0
2026-04-29 14:15:00+00:00,1.36941,1.3695599999999999,1.36857,1.36883,458,14,0
2026-04-29 14:30:00+00:00,1.36884,1.3695300000000001,1.36868,1.36877,460,14,0
2026-04-29 14:45:00+00:00,1.36877,1.36899,1.36726,1.36767,692,14,0
2026-04-29 15:00:00+00:00,1.36767,1.36826,1.36745,1.36811,525,14,0
2026-04-29 15:15:00+00:00,1.36812,1.36833,1.36754,1.36815,422,14,0
2026-04-29 15:30:00+00:00,1.36814,1.3682,1.36728,1.3673600000000001,409,14,0
2026-04-29 15:45:00+00:00,1.36738,1.3683100000000001,1.36694,1.36723,769,14,0
2026-04-29 16:00:00+00:00,1.36723,1.36749,1.3667099999999999,1.367,427,14,0
2026-04-29 16:15:00+00:00,1.3669799999999999,1.3672900000000001,1.36669,1.36672,346,14,0
2026-04-29 16:30:00+00:00,1.36672,1.3673600000000001,1.3666800000000001,1.36733,378,14,0
2026-04-29 16:45:00+00:00,1.36734,1.36761,1.36708,1.36751,319,14,0
2026-04-29 17:00:00+00:00,1.36751,1.36821,1.36737,1.36813,329,14,0
2026-04-29 17:15:00+00:00,1.36813,1.36822,1.36777,1.36806,339,14,0
2026-04-29 17:30:00+00:00,1.36805,1.36822,1.36777,1.36777,345,14,0
2026-04-29 17:45:00+00:00,1.36777,1.36786,1.3674,1.36746,296,14,0
2026-04-29 18:00:00+00:00,1.36748,1.36898,1.36748,1.36891,765,14,0
2026-04-29 18:15:00+00:00,1.3689200000000001,1.36896,1.36801,1.3683,470,14,0
2026-04-29 18:30:00+00:00,1.3683,1.36905,1.36757,1.369,885,14,0
2026-04-29 18:45:00+00:00,1.369,1.36914,1.36849,1.36857,655,14,0
2026-04-29 19:00:00+00:00,1.36857,1.36877,1.36822,1.3682699999999999,475,14,0
2026-04-29 19:15:00+00:00,1.36828,1.3685800000000001,1.36792,1.36853,395,14,0
2026-04-29 19:30:00+00:00,1.36855,1.3688799999999999,1.36844,1.3686099999999999,356,14,0
2026-04-29 19:45:00+00:00,1.3686099999999999,1.3687,1.3679999999999999,1.36821,376,14,0
2026-04-29 20:00:00+00:00,1.3682,1.36856,1.36785,1.36852,371,14,0
2026-04-29 20:15:00+00:00,1.3685100000000001,1.36862,1.3681,1.3681,268,14,0
2026-04-29 20:30:00+00:00,1.3681,1.36822,1.36771,1.3681,241,14,0
2026-04-29 20:45:00+00:00,1.36809,1.36836,1.36786,1.3683100000000001,327,14,0
2026-04-29 21:00:00+00:00,1.36832,1.36832,1.36817,1.36822,88,17,0
2026-04-29 21:15:00+00:00,1.36821,1.36832,1.36819,1.36823,115,35,0
2026-04-29 21:30:00+00:00,1.36822,1.36834,1.36821,1.3683,191,28,0
2026-04-29 21:45:00+00:00,1.36829,1.36832,1.36819,1.36819,267,29,0
2026-04-29 22:00:00+00:00,1.36819,1.36839,1.36803,1.36829,130,14,0
2026-04-29 22:15:00+00:00,1.36828,1.36828,1.36779,1.36785,96,16,0
2026-04-29 22:30:00+00:00,1.36785,1.36786,1.36762,1.36786,99,16,0
2026-04-29 22:45:00+00:00,1.36786,1.36807,1.36775,1.36807,93,14,0
2026-04-29 23:00:00+00:00,1.36808,1.3681,1.36784,1.36808,116,14,0
2026-04-29 23:15:00+00:00,1.36808,1.36809,1.36798,1.36808,68,14,0
2026-04-29 23:30:00+00:00,1.36808,1.36808,1.36734,1.3673600000000001,109,14,0
2026-04-29 23:45:00+00:00,1.3673600000000001,1.36738,1.36706,1.36713,178,14,0
2026-04-30 00:00:00+00:00,1.36711,1.36713,1.3666800000000001,1.36686,330,14,0
2026-04-30 00:15:00+00:00,1.36686,1.36695,1.36677,1.36693,281,14,0
2026-04-30 00:30:00+00:00,1.36694,1.3672,1.3668,1.3672,212,14,0
2026-04-30 00:45:00+00:00,1.3672,1.36754,1.3670499999999999,1.36752,261,14,0
2026-04-30 01:00:00+00:00,1.36752,1.36781,1.3673899999999999,1.3675899999999999,291,14,0
2026-04-30 01:15:00+00:00,1.3675899999999999,1.3677000000000001,1.36741,1.36767,216,14,0
2026-04-30 01:30:00+00:00,1.36768,1.36783,1.36744,1.36775,267,14,0
2026-04-30 01:45:00+00:00,1.36775,1.36789,1.3673600000000001,1.36757,258,14,0
2026-04-30 02:00:00+00:00,1.36757,1.36778,1.36752,1.36752,198,14,0
2026-04-30 02:15:00+00:00,1.36752,1.36787,1.36748,1.36784,174,14,0
2026-04-30 02:30:00+00:00,1.36784,1.36814,1.36784,1.3681,404,14,0
2026-04-30 02:45:00+00:00,1.3681,1.36834,1.36796,1.36802,266,14,0
2026-04-30 03:00:00+00:00,1.36801,1.36801,1.3676,1.36782,248,14,0
2026-04-30 03:15:00+00:00,1.36781,1.36785,1.3676300000000001,1.36764,186,14,0
2026-04-30 03:30:00+00:00,1.36764,1.36785,1.36757,1.36778,215,14,0
2026-04-30 03:45:00+00:00,1.36778,1.36798,1.36776,1.36781,181,14,0
2026-04-30 04:00:00+00:00,1.36781,1.36808,1.36777,1.36803,251,14,0
2026-04-30 04:15:00+00:00,1.36804,1.3685,1.36801,1.36836,227,14,0
2026-04-30 04:30:00+00:00,1.36836,1.36883,1.36835,1.36866,277,14,0
2026-04-30 04:45:00+00:00,1.36867,1.36868,1.36845,1.36855,232,14,0
2026-04-30 05:00:00+00:00,1.36853,1.36853,1.3681,1.36823,225,14,0
2026-04-30 05:15:00+00:00,1.36823,1.3683100000000001,1.36808,1.36822,174,14,0
2026-04-30 05:30:00+00:00,1.36823,1.36828,1.36789,1.36815,211,14,0
2026-04-30 05:45:00+00:00,1.36816,1.36867,1.3681,1.36862,222,14,0
2026-04-30 06:00:00+00:00,1.36864,1.36882,1.36828,1.36852,320,14,0
2026-04-30 06:15:00+00:00,1.36852,1.36855,1.36813,1.3682,269,14,0
2026-04-30 06:30:00+00:00,1.36818,1.36829,1.36778,1.36806,300,14,0
2026-04-30 06:45:00+00:00,1.36809,1.36817,1.36776,1.36795,332,14,0
2026-04-30 07:00:00+00:00,1.36796,1.36801,1.36701,1.36701,323,14,0
2026-04-30 07:15:00+00:00,1.3670200000000001,1.36713,1.36651,1.36656,306,14,0
2026-04-30 07:30:00+00:00,1.36656,1.36719,1.36656,1.36676,321,14,0
2026-04-30 07:45:00+00:00,1.36677,1.36721,1.36667,1.36685,275,14,0
2026-04-30 08:00:00+00:00,1.36684,1.36691,1.36636,1.36691,422,14,0
2026-04-30 08:15:00+00:00,1.36691,1.36711,1.36674,1.367,329,14,0
2026-04-30 08:30:00+00:00,1.36701,1.36721,1.3667099999999999,1.36707,384,14,0
2026-04-30 08:45:00+00:00,1.36707,1.36737,1.36692,1.3670499999999999,358,14,0
2026-04-30 09:00:00+00:00,1.3670499999999999,1.36717,1.36674,1.36674,362,14,0
2026-04-30 09:15:00+00:00,1.36674,1.36706,1.36674,1.36693,348,14,0
2026-04-30 09:30:00+00:00,1.36693,1.36695,1.36618,1.36653,468,14,0
2026-04-30 09:45:00+00:00,1.36652,1.36656,1.36618,1.36627,271,14,0
2026-04-30 10:00:00+00:00,1.36627,1.36677,1.36618,1.3667500000000001,317,14,0
2026-04-30 10:15:00+00:00,1.3667500000000001,1.36676,1.36574,1.3658000000000001,447,14,0
2026-04-30 10:30:00+00:00,1.36578,1.36587,1.36517,1.36561,678,14,0
2026-04-30 10:45:00+00:00,1.36559,1.36609,1.36514,1.36526,536,14,0
2026-04-30 11:00:00+00:00,1.36524,1.36601,1.36468,1.36562,606,14,0
2026-04-30 11:15:00+00:00,1.3656,1.36586,1.36521,1.36582,562,14,0
2026-04-30 11:30:00+00:00,1.36582,1.36653,1.36548,1.36595,625,14,0
2026-04-30 11:45:00+00:00,1.36594,1.3662,1.36571,1.36618,501,14,0
2026-04-30 12:00:00+00:00,1.3662,1.3669799999999999,1.36595,1.36663,496,14,0
2026-04-30 12:15:00+00:00,1.3666,1.3672900000000001,1.36658,1.36681,626,14,0
2026-04-30 12:30:00+00:00,1.3667799999999999,1.36751,1.36669,1.36751,578,14,0
2026-04-30 12:45:00+00:00,1.36751,1.36757,1.36667,1.36704,521,14,0
2026-04-30 13:00:00+00:00,1.36704,1.36707,1.3659,1.36665,701,14,0
2026-04-30 13:15:00+00:00,1.36665,1.36701,1.36659,1.36677,433,14,0
2026-04-30 13:30:00+00:00,1.3667500000000001,1.3670200000000001,1.36651,1.36665,481,14,0
2026-04-30 13:45:00+00:00,1.36665,1.36674,1.36605,1.36615,482,14,0
2026-04-30 14:00:00+00:00,1.3661400000000001,1.3661400000000001,1.36452,1.36473,764,14,0
2026-04-30 14:15:00+00:00,1.36473,1.36473,1.3635,1.36395,540,14,0
2026-04-30 14:30:00+00:00,1.3639700000000001,1.3654600000000001,1.36394,1.36444,861,14,0
2026-04-30 14:45:00+00:00,1.36442,1.36445,1.36093,1.36112,1219,14,0
2026-04-30 15:00:00+00:00,1.36114,1.36169,1.36074,1.3609,896,14,0
2026-04-30 15:15:00+00:00,1.3609200000000001,1.36163,1.3609,1.36117,570,14,0
2026-04-30 15:30:00+00:00,1.36117,1.36117,1.36033,1.36077,562,14,0
2026-04-30 15:45:00+00:00,1.36079,1.36106,1.36052,1.36106,465,14,0
2026-04-30 16:00:00+00:00,1.36106,1.36118,1.3605,1.3609200000000001,403,14,0
2026-04-30 16:15:00+00:00,1.3609200000000001,1.36128,1.3609200000000001,1.36098,328,14,0
2026-04-30 16:30:00+00:00,1.36098,1.36101,1.36055,1.36097,313,14,0
2026-04-30 16:45:00+00:00,1.36097,1.36118,1.36097,1.36117,263,14,0
2026-04-30 17:00:00+00:00,1.36117,1.36142,1.36073,1.36133,354,14,0
2026-04-30 17:15:00+00:00,1.36133,1.36148,1.36082,1.36118,267,14,0
2026-04-30 17:30:00+00:00,1.36118,1.36137,1.361,1.36137,264,14,0
2026-04-30 17:45:00+00:00,1.36138,1.36139,1.36093,1.36108,213,14,0
2026-04-30 18:00:00+00:00,1.36108,1.36108,1.3603399999999999,1.3603399999999999,270,14,0
2026-04-30 18:15:00+00:00,1.3603399999999999,1.36044,1.3597000000000001,1.35978,264,14,0
2026-04-30 18:30:00+00:00,1.35976,1.35976,1.35911,1.35917,267,14,0
2026-04-30 18:45:00+00:00,1.35919,1.35919,1.35847,1.35855,256,14,0
2026-04-30 19:00:00+00:00,1.35855,1.35862,1.3581400000000001,1.35861,354,14,0
2026-04-30 19:15:00+00:00,1.35861,1.35896,1.3586,1.3587500000000001,281,14,0
2026-04-30 19:30:00+00:00,1.3587500000000001,1.35893,1.35831,1.3584,273,14,0
2026-04-30 19:45:00+00:00,1.3584,1.35861,1.35801,1.35833,415,14,0
2026-04-30 20:00:00+00:00,1.35835,1.3585,1.3581400000000001,1.35829,310,14,0
2026-04-30 20:15:00+00:00,1.35828,1.35843,1.35815,1.35824,137,14,0
2026-04-30 20:30:00+00:00,1.35824,1.35839,1.35796,1.35836,154,14,0
2026-04-30 20:45:00+00:00,1.35834,1.35838,1.358,1.35801,184,14,0
2026-04-30 21:00:00+00:00,1.35803,1.35812,1.35798,1.358,77,15,0
2026-04-30 21:15:00+00:00,1.35801,1.35807,1.35793,1.35806,190,52,0
2026-04-30 21:30:00+00:00,1.35807,1.35816,1.35806,1.35813,161,56,0
2026-04-30 21:45:00+00:00,1.35813,1.35829,1.35812,1.35829,130,37,0
2026-04-30 22:00:00+00:00,1.35836,1.35839,1.3581400000000001,1.35835,136,14,0
2026-04-30 22:15:00+00:00,1.35835,1.35836,1.35832,1.35833,37,14,0
2026-04-30 22:30:00+00:00,1.35833,1.35835,1.35824,1.35827,79,14,0
2026-04-30 22:45:00+00:00,1.35826,1.35831,1.35794,1.35796,116,14,0
2026-04-30 23:00:00+00:00,1.35797,1.3581400000000001,1.35776,1.35776,141,14,0
2026-04-30 23:15:00+00:00,1.35776,1.35777,1.35766,1.35769,52,14,0
2026-04-30 23:30:00+00:00,1.35769,1.35775,1.35764,1.35775,57,14,0
2026-04-30 23:45:00+00:00,1.35775,1.35808,1.35769,1.35795,161,14,0
2026-05-01 00:00:00+00:00,1.35795,1.35807,1.3575,1.35786,301,14,0
2026-05-01 00:15:00+00:00,1.35786,1.35791,1.35768,1.3578000000000001,217,14,0
2026-05-01 00:30:00+00:00,1.3578000000000001,1.3578299999999999,1.35757,1.35757,175,14,0
2026-05-01 00:45:00+00:00,1.35757,1.35788,1.35718,1.35788,213,14,0
2026-05-01 01:00:00+00:00,1.35789,1.35824,1.35769,1.35771,266,14,0
2026-05-01 01:15:00+00:00,1.35771,1.35785,1.35759,1.3576,176,14,0
2026-05-01 01:30:00+00:00,1.35761,1.35779,1.35759,1.3577,171,14,0
2026-05-01 01:45:00+00:00,1.3577,1.35772,1.35754,1.35758,161,14,0
2026-05-01 02:00:00+00:00,1.35758,1.35761,1.35724,1.3574,153,14,0
2026-05-01 02:15:00+00:00,1.3574,1.35742,1.35723,1.35731,89,14,0
2026-05-01 02:30:00+00:00,1.35731,1.3576,1.35725,1.35759,112,14,0
2026-05-01 02:45:00+00:00,1.35759,1.3578000000000001,1.35751,1.35751,121,14,0
2026-05-01 03:00:00+00:00,1.35751,1.35762,1.3572600000000001,1.3572600000000001,119,14,0
2026-05-01 03:15:00+00:00,1.3572600000000001,1.35732,1.3572199999999999,1.35725,75,14,0
2026-05-01 03:30:00+00:00,1.35725,1.35769,1.35725,1.35768,168,14,0
2026-05-01 03:45:00+00:00,1.35768,1.358,1.35765,1.35795,125,14,0
2026-05-01 04:00:00+00:00,1.35796,1.35827,1.35796,1.35822,178,14,0
2026-05-01 04:15:00+00:00,1.35822,1.3585,1.35821,1.3584100000000001,127,14,0
2026-05-01 04:30:00+00:00,1.3584100000000001,1.35857,1.35839,1.3585,121,14,0
2026-05-01 04:45:00+00:00,1.3585,1.35861,1.35847,1.3586,84,14,0
2026-05-01 05:00:00+00:00,1.3586,1.3586,1.3584399999999999,1.35856,129,14,0
2026-05-01 05:15:00+00:00,1.35855,1.35862,1.35852,1.35859,123,14,0
2026-05-01 05:30:00+00:00,1.35859,1.35874,1.35854,1.35864,147,14,0
2026-05-01 05:45:00+00:00,1.35864,1.3587,1.35854,1.35855,126,14,0
2026-05-01 06:00:00+00:00,1.35855,1.35861,1.35822,1.35855,224,14,0
2026-05-01 06:15:00+00:00,1.35855,1.35869,1.3584800000000001,1.35862,167,14,0
2026-05-01 06:30:00+00:00,1.35862,1.35869,1.35836,1.35842,191,14,0
2026-05-01 06:45:00+00:00,1.35843,1.35845,1.35698,1.35775,624,14,0
2026-05-01 07:00:00+00:00,1.35775,1.35815,1.35767,1.35789,430,14,0
2026-05-01 07:15:00+00:00,1.35789,1.35808,1.35761,1.35765,328,14,0
2026-05-01 07:30:00+00:00,1.35765,1.35806,1.35761,1.35776,261,14,0
2026-05-01 07:45:00+00:00,1.35777,1.3581400000000001,1.35752,1.35774,295,14,0
2026-05-01 08:00:00+00:00,1.35774,1.35815,1.35754,1.35805,323,14,0
2026-05-01 08:15:00+00:00,1.35806,1.35806,1.35731,1.35736,271,14,0
2026-05-01 08:30:00+00:00,1.35736,1.35767,1.35712,1.3572899999999999,261,14,0
2026-05-01 08:45:00+00:00,1.3572899999999999,1.35757,1.3571900000000001,1.3572,226,14,0
2026-05-01 09:00:00+00:00,1.3571900000000001,1.35761,1.35699,1.35738,235,14,0
2026-05-01 09:15:00+00:00,1.35738,1.3578999999999999,1.35731,1.3578000000000001,222,14,0
2026-05-01 09:30:00+00:00,1.3578000000000001,1.35796,1.35759,1.35769,166,14,0
2026-05-01 09:45:00+00:00,1.35768,1.35798,1.35755,1.35786,212,14,0
2026-05-01 10:00:00+00:00,1.35786,1.35799,1.35735,1.35736,208,14,0
2026-05-01 10:15:00+00:00,1.35736,1.35738,1.3568799999999999,1.35705,207,14,0
2026-05-01 10:30:00+00:00,1.35705,1.35723,1.3569499999999999,1.35721,163,14,0
2026-05-01 10:45:00+00:00,1.35721,1.35723,1.35702,1.35706,184,14,0
2026-05-01 11:00:00+00:00,1.35704,1.35704,1.35642,1.35642,213,14,0
2026-05-01 11:15:00+00:00,1.35642,1.35649,1.35613,1.3564,277,14,0
2026-05-01 11:30:00+00:00,1.3564,1.35677,1.3563,1.3566500000000001,216,14,0
2026-05-01 11:45:00+00:00,1.3566500000000001,1.3569200000000001,1.35657,1.35672,206,14,0
2026-05-01 12:00:00+00:00,1.35673,1.35689,1.35595,1.35616,399,14,0
2026-05-01 12:15:00+00:00,1.35617,1.35617,1.35497,1.35542,512,14,0
2026-05-01 12:30:00+00:00,1.35542,1.35599,1.35532,1.35594,391,14,0
2026-05-01 12:45:00+00:00,1.35594,1.35637,1.35568,1.3563100000000001,346,14,0
2026-05-01 13:00:00+00:00,1.35633,1.35635,1.35571,1.3557299999999999,313,14,0
2026-05-01 13:15:00+00:00,1.3557299999999999,1.35584,1.35537,1.35545,392,14,0
2026-05-01 13:30:00+00:00,1.3554599999999999,1.35593,1.35535,1.35586,349,14,0
2026-05-01 13:45:00+00:00,1.35588,1.35715,1.35588,1.35626,771,14,0
2026-05-01 14:00:00+00:00,1.3562699999999999,1.35696,1.35592,1.35656,729,14,0
2026-05-01 14:15:00+00:00,1.35656,1.35696,1.3565,1.35681,512,14,0
2026-05-01 14:30:00+00:00,1.35679,1.3576,1.35657,1.3571900000000001,505,14,0
2026-05-01 14:45:00+00:00,1.3572,1.35759,1.35694,1.35731,534,14,0
2026-05-01 15:00:00+00:00,1.35731,1.35732,1.35663,1.35664,384,14,0
2026-05-01 15:15:00+00:00,1.3566500000000001,1.35723,1.3566,1.35717,321,14,0
2026-05-01 15:30:00+00:00,1.35716,1.35731,1.35701,1.3572600000000001,348,14,0
2026-05-01 15:45:00+00:00,1.3572600000000001,1.35795,1.35705,1.35741,473,14,0
2026-05-01 16:00:00+00:00,1.35743,1.3578999999999999,1.35731,1.3578700000000001,290,14,0
2026-05-01 16:15:00+00:00,1.3578700000000001,1.35846,1.35754,1.35826,403,14,0
2026-05-01 16:30:00+00:00,1.35828,1.35859,1.35816,1.3585,328,14,0
2026-05-01 16:45:00+00:00,1.3585,1.35873,1.3584100000000001,1.35872,248,14,0
2026-05-01 17:00:00+00:00,1.35874,1.35879,1.35839,1.35853,223,14,0
2026-05-01 17:15:00+00:00,1.35853,1.35877,1.3584100000000001,1.35873,255,14,0
2026-05-01 17:30:00+00:00,1.35873,1.3588,1.3585099999999999,1.35866,185,14,0
2026-05-01 17:45:00+00:00,1.35866,1.35885,1.35837,1.35862,201,14,0
2026-05-01 18:00:00+00:00,1.35862,1.35919,1.35859,1.35897,208,14,0
2026-05-01 18:15:00+00:00,1.35897,1.35927,1.35882,1.35888,241,14,0
2026-05-01 18:30:00+00:00,1.3589,1.35906,1.35869,1.3589,295,14,0
2026-05-01 18:45:00+00:00,1.3589,1.3589,1.35846,1.35846,213,14,0
2026-05-01 19:00:00+00:00,1.35846,1.35884,1.35834,1.35873,206,14,0
2026-05-01 19:15:00+00:00,1.35874,1.35874,1.35857,1.35866,152,14,0
2026-05-01 19:30:00+00:00,1.35866,1.35876,1.35864,1.35874,111,14,0
2026-05-01 19:45:00+00:00,1.35874,1.35911,1.3587099999999999,1.3591,227,14,0
2026-05-01 20:00:00+00:00,1.3590900000000001,1.35918,1.3587,1.35899,140,14,0
2026-05-01 20:15:00+00:00,1.35898,1.3590900000000001,1.35887,1.35908,104,14,0
2026-05-01 20:30:00+00:00,1.35908,1.35927,1.35892,1.35916,346,14,0
2026-05-01 20:45:00+00:00,1.35918,1.35919,1.3587,1.35904,291,14,0
2026-05-03 21:00:00+00:00,1.3588,1.3588,1.35833,1.35852,25,40,0
2026-05-03 21:15:00+00:00,1.35856,1.35876,1.35856,1.35876,32,40,0
2026-05-03 21:30:00+00:00,1.35876,1.35876,1.35856,1.35866,50,40,0
2026-05-03 21:45:00+00:00,1.35866,1.3587799999999999,1.35859,1.3587799999999999,52,39,0
2026-05-03 22:00:00+00:00,1.35888,1.35889,1.35778,1.35836,196,16,0
2026-05-03 22:15:00+00:00,1.35836,1.35874,1.35836,1.35857,70,16,0
2026-05-03 22:30:00+00:00,1.35857,1.35858,1.35819,1.3583,72,16,0
2026-05-03 22:45:00+00:00,1.3583,1.35856,1.35828,1.35847,70,16,0
2026-05-03 23:00:00+00:00,1.3584800000000001,1.35858,1.35839,1.3585,95,14,0
2026-05-03 23:15:00+00:00,1.3585,1.35862,1.35838,1.35854,113,14,0
2026-05-03 23:30:00+00:00,1.35854,1.35877,1.35839,1.3587500000000001,91,14,0
2026-05-03 23:45:00+00:00,1.35874,1.35883,1.35859,1.35876,152,14,0
2026-05-04 00:00:00+00:00,1.3587799999999999,1.35885,1.35818,1.35837,248,14,0
2026-05-04 00:15:00+00:00,1.35837,1.3588,1.35835,1.35866,242,14,0
2026-05-04 00:30:00+00:00,1.35865,1.3587099999999999,1.35847,1.35867,154,14,0
2026-05-04 00:45:00+00:00,1.35867,1.35887,1.35859,1.3587500000000001,195,14,0
2026-05-04 01:00:00+00:00,1.35876,1.3594,1.35874,1.35922,244,14,0
2026-05-04 01:15:00+00:00,1.35922,1.35952,1.35887,1.35931,268,14,0
2026-05-04 01:30:00+00:00,1.35931,1.35949,1.35897,1.35898,246,14,0
2026-05-04 01:45:00+00:00,1.35898,1.35922,1.35894,1.35895,211,14,0
2026-05-04 02:00:00+00:00,1.35893,1.35911,1.35881,1.35904,197,14,0
2026-05-04 02:15:00+00:00,1.35904,1.35946,1.35904,1.35941,172,14,0
2026-05-04 02:30:00+00:00,1.35941,1.35946,1.3591,1.35917,191,14,0
2026-05-04 02:45:00+00:00,1.35917,1.35918,1.35896,1.35901,170,14,0
2026-05-04 03:00:00+00:00,1.35901,1.35928,1.35901,1.35918,168,14,0
2026-05-04 03:15:00+00:00,1.35918,1.35922,1.3591,1.35921,129,14,0
2026-05-04 03:30:00+00:00,1.35923,1.3593199999999999,1.3591199999999999,1.35914,116,14,0
2026-05-04 03:45:00+00:00,1.35911,1.35911,1.35836,1.35849,502,14,0
2026-05-04 04:00:00+00:00,1.35849,1.35876,1.3584399999999999,1.3587099999999999,192,14,0
2026-05-04 04:15:00+00:00,1.3587099999999999,1.35899,1.35863,1.3589,167,14,0
2026-05-04 04:30:00+00:00,1.3589,1.35899,1.35884,1.35891,118,14,0
2026-05-04 04:45:00+00:00,1.35891,1.3590200000000001,1.35889,1.35896,127,14,0
2026-05-04 05:00:00+00:00,1.35896,1.35903,1.3587500000000001,1.35895,165,14,0
2026-05-04 05:15:00+00:00,1.35895,1.3591199999999999,1.3588,1.3591199999999999,216,14,0
2026-05-04 05:30:00+00:00,1.3591199999999999,1.35913,1.35891,1.35892,172,14,0
2026-05-04 05:45:00+00:00,1.35892,1.35901,1.35883,1.35892,150,14,0
2026-05-04 06:00:00+00:00,1.35892,1.35929,1.35887,1.3591,271,14,0
2026-05-04 06:15:00+00:00,1.3591,1.35921,1.35901,1.3590200000000001,173,14,0
2026-05-04 06:30:00+00:00,1.359,1.35957,1.35899,1.35952,283,14,0
2026-05-04 06:45:00+00:00,1.35951,1.35983,1.3595,1.35956,281,14,0
2026-05-04 07:00:00+00:00,1.35958,1.35983,1.35956,1.35964,303,14,0
2026-05-04 07:15:00+00:00,1.35964,1.3604,1.35959,1.36038,256,14,0
2026-05-04 07:30:00+00:00,1.36039,1.3605,1.3602,1.36047,257,14,0
2026-05-04 07:45:00+00:00,1.36048,1.36064,1.36021,1.36049,240,14,0
2026-05-04 08:00:00+00:00,1.36051,1.3607,1.36035,1.36041,272,14,0
2026-05-04 08:15:00+00:00,1.36041,1.36053,1.36012,1.36018,200,14,0
2026-05-04 08:30:00+00:00,1.36018,1.36028,1.36011,1.36025,143,14,0
2026-05-04 08:45:00+00:00,1.36025,1.3602699999999999,1.36001,1.3601,169,14,0
2026-05-04 09:00:00+00:00,1.3601,1.3601,1.35975,1.36002,197,14,0
2026-05-04 09:15:00+00:00,1.36002,1.3603,1.35982,1.36021,173,14,0
2026-05-04 09:30:00+00:00,1.36021,1.3604,1.3600400000000001,1.36018,173,14,0
2026-05-04 09:45:00+00:00,1.36018,1.36043,1.36015,1.36035,178,14,0
2026-05-04 10:00:00+00:00,1.36035,1.36161,1.3603,1.3614600000000001,762,14,0
2026-05-04 10:15:00+00:00,1.3614600000000001,1.36189,1.3609499999999999,1.3609499999999999,558,14,0
2026-05-04 10:30:00+00:00,1.3609499999999999,1.36104,1.36019,1.36041,493,14,0
2026-05-04 10:45:00+00:00,1.3604,1.36041,1.36011,1.36032,251,14,0
2026-05-04 11:00:00+00:00,1.3603,1.36079,1.3601,1.36075,306,14,0
2026-05-04 11:15:00+00:00,1.36075,1.36108,1.36069,1.36103,207,14,0
2026-05-04 11:30:00+00:00,1.36103,1.3614899999999999,1.36103,1.3611900000000001,270,14,0
2026-05-04 11:45:00+00:00,1.3611900000000001,1.36176,1.36118,1.36161,189,14,0
2026-05-04 12:00:00+00:00,1.36162,1.36168,1.36131,1.3614,285,14,0
2026-05-04 12:15:00+00:00,1.3614,1.36148,1.36073,1.3609,449,14,0
2026-05-04 12:30:00+00:00,1.3609,1.36147,1.3608500000000001,1.36136,289,14,0
2026-05-04 12:45:00+00:00,1.36136,1.36169,1.3613,1.36164,243,14,0
2026-05-04 13:00:00+00:00,1.36164,1.36186,1.36081,1.36155,534,14,0
2026-05-04 13:15:00+00:00,1.3615599999999999,1.36171,1.36141,1.36141,292,14,0
2026-05-04 13:30:00+00:00,1.3614,1.3616,1.36111,1.36151,437,14,0
2026-05-04 13:45:00+00:00,1.36151,1.36157,1.3608,1.36084,346,14,0
2026-05-04 14:00:00+00:00,1.36086,1.36109,1.36075,1.36098,460,14,0
2026-05-04 14:15:00+00:00,1.36098,1.36101,1.36052,1.36057,333,14,0
2026-05-04 14:30:00+00:00,1.36057,1.36067,1.36025,1.36032,381,14,0
2026-05-04 14:45:00+00:00,1.3603100000000001,1.361,1.36022,1.36072,495,14,0
2026-05-04 15:00:00+00:00,1.36073,1.36107,1.36028,1.36046,505,14,0
2026-05-04 15:15:00+00:00,1.36046,1.36115,1.36009,1.36044,720,14,0
2026-05-04 15:30:00+00:00,1.36043,1.36089,1.36018,1.36084,475,14,0
2026-05-04 15:45:00+00:00,1.3608500000000001,1.36157,1.36066,1.36096,594,14,0
2026-05-04 16:00:00+00:00,1.36098,1.3617,1.36079,1.36166,565,14,0
2026-05-04 16:15:00+00:00,1.36167,1.3617,1.3608500000000001,1.36106,601,14,0
2026-05-04 16:30:00+00:00,1.36108,1.36131,1.36093,1.3613,399,14,0
2026-05-04 16:45:00+00:00,1.36131,1.36161,1.3611900000000001,1.36152,319,14,0
2026-05-04 17:00:00+00:00,1.3615,1.3615300000000001,1.36114,1.3612199999999999,344,14,0
2026-05-04 17:15:00+00:00,1.36123,1.36135,1.36091,1.36117,333,14,0
2026-05-04 17:30:00+00:00,1.36117,1.36127,1.36082,1.36099,281,14,0
2026-05-04 17:45:00+00:00,1.36099,1.36116,1.36084,1.36107,204,14,0
2026-05-04 18:00:00+00:00,1.36107,1.36107,1.36051,1.36073,262,14,0
2026-05-04 18:15:00+00:00,1.36073,1.3608500000000001,1.36036,1.36036,243,14,0
2026-05-04 18:30:00+00:00,1.36035,1.36087,1.36032,1.36087,258,14,0
2026-05-04 18:45:00+00:00,1.36087,1.36101,1.36032,1.36033,261,14,0
2026-05-04 19:00:00+00:00,1.3603399999999999,1.3609499999999999,1.3603100000000001,1.36077,315,14,0
2026-05-04 19:15:00+00:00,1.36077,1.361,1.36069,1.3609499999999999,235,14,0
2026-05-04 19:30:00+00:00,1.36096,1.36107,1.36076,1.3609499999999999,184,14,0
2026-05-04 19:45:00+00:00,1.36097,1.36132,1.3609,1.3612600000000001,213,14,0
2026-05-04 20:00:00+00:00,1.36127,1.36191,1.36127,1.3618999999999999,158,14,0
2026-05-04 20:15:00+00:00,1.3618999999999999,1.36255,1.3618999999999999,1.36201,194,14,0
2026-05-04 20:30:00+00:00,1.36201,1.36238,1.362,1.36203,128,14,0
2026-05-04 20:45:00+00:00,1.36202,1.3624399999999999,1.36173,1.3624100000000001,193,14,0
2026-05-04 21:00:00+00:00,1.3624100000000001,1.36243,1.36231,1.36232,68,14,0
2026-05-04 21:15:00+00:00,1.36231,1.36236,1.3620999999999999,1.36211,93,25,0
2026-05-04 21:30:00+00:00,1.36212,1.3622,1.36204,1.3621400000000001,295,35,0
2026-05-04 21:45:00+00:00,1.36213,1.3621699999999999,1.36204,1.36213,204,35,0
2026-05-04 22:00:00+00:00,1.36206,1.3624800000000001,1.36195,1.3624800000000001,134,16,0
2026-05-04 22:15:00+00:00,1.3624800000000001,1.36252,1.36231,1.36231,65,16,0
2026-05-04 22:30:00+00:00,1.36231,1.36232,1.36213,1.3622,93,14,0
2026-05-04 22:45:00+00:00,1.3622,1.36242,1.36218,1.3624100000000001,85,14,0
2026-05-04 23:00:00+00:00,1.3624100000000001,1.36242,1.3622,1.3622,69,14,0
2026-05-04 23:15:00+00:00,1.3622,1.36224,1.36212,1.36221,59,14,0
2026-05-04 23:30:00+00:00,1.36221,1.36231,1.36213,1.3621699999999999,51,14,0
2026-05-04 23:45:00+00:00,1.3621699999999999,1.3622,1.36199,1.36201,84,14,0
2026-05-05 00:00:00+00:00,1.36203,1.36224,1.36174,1.36195,201,14,0
2026-05-05 00:15:00+00:00,1.36195,1.36245,1.36195,1.3624,200,14,0
2026-05-05 00:30:00+00:00,1.3624,1.36267,1.36239,1.3626,139,14,0
2026-05-05 00:45:00+00:00,1.36259,1.36259,1.36233,1.36256,140,14,0
2026-05-05 01:00:00+00:00,1.36256,1.36277,1.36237,1.36239,171,14,0
2026-05-05 01:15:00+00:00,1.36239,1.36266,1.36238,1.36259,193,14,0
2026-05-05 01:30:00+00:00,1.36259,1.36265,1.36218,1.3623,211,14,0
2026-05-05 01:45:00+00:00,1.3623,1.36231,1.36201,1.36212,150,14,0
2026-05-05 02:00:00+00:00,1.36212,1.36218,1.36196,1.3620999999999999,130,14,0
2026-05-05 02:15:00+00:00,1.3620999999999999,1.36211,1.36192,1.362,95,14,0
2026-05-05 02:30:00+00:00,1.362,1.36208,1.3618999999999999,1.362,105,14,0
2026-05-05 02:45:00+00:00,1.362,1.3621699999999999,1.3618700000000001,1.36216,89,14,0
2026-05-05 03:00:00+00:00,1.36216,1.36229,1.36213,1.3621699999999999,123,14,0
2026-05-05 03:15:00+00:00,1.3621699999999999,1.3622,1.362,1.36209,94,14,0
2026-05-05 03:30:00+00:00,1.36209,1.36234,1.36209,1.36228,93,14,0
2026-05-05 03:45:00+00:00,1.36227,1.3624399999999999,1.36227,1.36242,97,14,0
2026-05-05 04:00:00+00:00,1.36242,1.36242,1.3621699999999999,1.36226,76,14,0
2026-05-05 04:15:00+00:00,1.36226,1.36237,1.36219,1.3622,88,14,0
2026-05-05 04:30:00+00:00,1.3622,1.36231,1.36205,1.36228,248,14,0
2026-05-05 04:45:00+00:00,1.36228,1.36279,1.36228,1.3627500000000001,196,14,0
2026-05-05 05:00:00+00:00,1.36276,1.36294,1.36256,1.36265,197,14,0
2026-05-05 05:15:00+00:00,1.36265,1.36283,1.36254,1.36274,124,14,0
2026-05-05 05:30:00+00:00,1.36274,1.36276,1.36245,1.36255,259,14,0
2026-05-05 05:45:00+00:00,1.36255,1.36258,1.36236,1.36245,210,14,0
2026-05-05 06:00:00+00:00,1.36247,1.36255,1.3620700000000001,1.36218,304,14,0
2026-05-05 06:15:00+00:00,1.36218,1.36238,1.36198,1.36202,214,14,0
2026-05-05 06:30:00+00:00,1.36202,1.36202,1.36176,1.3618000000000001,234,14,0
2026-05-05 06:45:00+00:00,1.36178,1.36192,1.36164,1.36185,229,14,0
2026-05-05 07:00:00+00:00,1.3618299999999999,1.3620999999999999,1.3615,1.36185,349,14,0
2026-05-05 07:15:00+00:00,1.36185,1.36192,1.36169,1.3618299999999999,192,14,0
2026-05-05 07:30:00+00:00,1.36182,1.3618299999999999,1.36123,1.36124,326,14,0
2026-05-05 07:45:00+00:00,1.36124,1.36191,1.3612199999999999,1.3618999999999999,207,14,0
2026-05-05 08:00:00+00:00,1.36192,1.36194,1.36147,1.36162,226,14,0
2026-05-05 08:15:00+00:00,1.36162,1.36162,1.36111,1.36132,258,14,0
2026-05-05 08:30:00+00:00,1.36134,1.36165,1.36123,1.36142,260,14,0
2026-05-05 08:45:00+00:00,1.36142,1.36166,1.36128,1.36166,208,14,0
2026-05-05 09:00:00+00:00,1.36168,1.3618999999999999,1.3614,1.36163,299,14,0
2026-05-05 09:15:00+00:00,1.36162,1.36193,1.3615599999999999,1.36178,241,14,0
2026-05-05 09:30:00+00:00,1.36176,1.36197,1.36152,1.36159,261,14,0
2026-05-05 09:45:00+00:00,1.36159,1.36164,1.36101,1.3611,276,14,0
2026-05-05 10:00:00+00:00,1.36112,1.36135,1.3609499999999999,1.36097,198,14,0
2026-05-05 10:15:00+00:00,1.36097,1.36106,1.36037,1.36043,213,14,0
2026-05-05 10:30:00+00:00,1.36043,1.36097,1.36042,1.3609499999999999,249,14,0
2026-05-05 10:45:00+00:00,1.3609499999999999,1.36131,1.3609200000000001,1.36117,168,14,0
2026-05-05 11:00:00+00:00,1.3611900000000001,1.36189,1.36118,1.36162,319,14,0
2026-05-05 11:15:00+00:00,1.36162,1.36168,1.36077,1.36077,287,14,0
2026-05-05 11:30:00+00:00,1.36076,1.36128,1.36075,1.36123,265,14,0
2026-05-05 11:45:00+00:00,1.36123,1.36132,1.36093,1.36125,190,14,0
2026-05-05 12:00:00+00:00,1.36125,1.36165,1.36115,1.36164,466,14,0
2026-05-05 12:15:00+00:00,1.36161,1.36179,1.36137,1.3615300000000001,322,14,0
2026-05-05 12:30:00+00:00,1.36152,1.3624,1.36152,1.36235,308,14,0
2026-05-05 12:45:00+00:00,1.36236,1.36266,1.3622,1.3622,284,14,0
2026-05-05 13:00:00+00:00,1.3622,1.3622,1.36108,1.36109,376,14,0
2026-05-05 13:15:00+00:00,1.3611,1.36116,1.36077,1.36101,251,14,0
2026-05-05 13:30:00+00:00,1.36101,1.3618299999999999,1.36091,1.36163,413,14,0
2026-05-05 13:45:00+00:00,1.36161,1.36172,1.36117,1.36118,415,14,0
2026-05-05 14:00:00+00:00,1.36118,1.36154,1.36076,1.36143,516,14,0
2026-05-05 14:15:00+00:00,1.36143,1.36168,1.36068,1.36075,542,14,0
2026-05-05 14:30:00+00:00,1.36074,1.3612199999999999,1.36066,1.36094,372,14,0
2026-05-05 14:45:00+00:00,1.36094,1.36176,1.36089,1.36171,544,14,0
2026-05-05 15:00:00+00:00,1.36171,1.36202,1.3611,1.36128,389,14,0
2026-05-05 15:15:00+00:00,1.36128,1.36167,1.3611900000000001,1.36139,295,14,0
2026-05-05 15:30:00+00:00,1.36138,1.36165,1.3608,1.3608,374,14,0
2026-05-05 15:45:00+00:00,1.36082,1.3609499999999999,1.36066,1.3609,301,14,0
2026-05-05 16:00:00+00:00,1.3609,1.3615,1.36062,1.3614,276,14,0
2026-05-05 16:15:00+00:00,1.36141,1.36191,1.36141,1.36176,264,14,0
2026-05-05 16:30:00+00:00,1.36175,1.36211,1.36168,1.36168,262,14,0
2026-05-05 16:45:00+00:00,1.36168,1.36198,1.36166,1.36194,240,14,0
2026-05-05 17:00:00+00:00,1.36193,1.3625,1.3618299999999999,1.36249,258,14,0
2026-05-05 17:15:00+00:00,1.36249,1.36258,1.36226,1.36228,193,14,0
2026-05-05 17:30:00+00:00,1.36228,1.36228,1.36181,1.36202,238,14,0
2026-05-05 17:45:00+00:00,1.362,1.3620999999999999,1.36173,1.36186,243,14,0
2026-05-05 18:00:00+00:00,1.36185,1.36193,1.36172,1.36184,179,14,0
2026-05-05 18:15:00+00:00,1.36184,1.36193,1.36174,1.36177,128,14,0
2026-05-05 18:30:00+00:00,1.36177,1.36194,1.36172,1.36181,133,14,0
2026-05-05 18:45:00+00:00,1.36181,1.36181,1.36157,1.36164,145,14,0
2026-05-05 19:00:00+00:00,1.36162,1.36196,1.3616,1.3618999999999999,155,14,0
2026-05-05 19:15:00+00:00,1.36191,1.36194,1.36167,1.36194,172,14,0
2026-05-05 19:30:00+00:00,1.36194,1.36223,1.3618999999999999,1.36221,138,14,0
2026-05-05 19:45:00+00:00,1.36221,1.3624100000000001,1.36208,1.36231,211,14,0
2026-05-05 20:00:00+00:00,1.36232,1.36242,1.3620999999999999,1.36211,152,14,0
2026-05-05 20:15:00+00:00,1.36212,1.36212,1.36171,1.36191,122,14,0
2026-05-05 20:30:00+00:00,1.36191,1.36226,1.36191,1.36219,93,14,0
2026-05-05 20:45:00+00:00,1.36218,1.36234,1.36173,1.36195,276,14,0
2026-05-05 21:00:00+00:00,1.36195,1.36196,1.36154,1.36167,125,14,0
2026-05-05 21:15:00+00:00,1.36168,1.36173,1.36161,1.36168,231,41,0
2026-05-05 21:30:00+00:00,1.3617,1.36178,1.36166,1.36176,182,27,0
2026-05-05 21:45:00+00:00,1.36175,1.36177,1.36142,1.36169,246,32,0
2026-05-05 22:00:00+00:00,1.36168,1.36197,1.36155,1.36195,61,16,0
2026-05-05 22:15:00+00:00,1.36195,1.36211,1.36195,1.36203,35,16,0
2026-05-05 22:30:00+00:00,1.36203,1.36203,1.36193,1.36197,45,14,0
2026-05-05 22:45:00+00:00,1.36196,1.36198,1.36079,1.36093,364,14,0
2026-05-05 23:00:00+00:00,1.36094,1.36106,1.36003,1.36015,406,14,0
2026-05-05 23:15:00+00:00,1.36015,1.36016,1.35957,1.36009,216,14,0
2026-05-05 23:30:00+00:00,1.36009,1.3602,1.35982,1.3602,121,14,0
2026-05-05 23:45:00+00:00,1.3602,1.36045,1.36006,1.36041,167,14,0
2026-05-06 00:00:00+00:00,1.36039,1.36059,1.36019,1.36049,512,14,0
2026-05-06 00:15:00+00:00,1.36051,1.36074,1.36015,1.36052,355,14,0
2026-05-06 00:30:00+00:00,1.3605,1.3606,1.35981,1.35993,334,14,0
2026-05-06 00:45:00+00:00,1.35994,1.35996,1.35962,1.35967,272,14,0
2026-05-06 01:00:00+00:00,1.35968,1.35992,1.35961,1.35991,307,14,0
2026-05-06 01:15:00+00:00,1.35991,1.35995,1.35954,1.35967,247,14,0
2026-05-06 01:30:00+00:00,1.35968,1.36001,1.35968,1.35983,289,14,0
2026-05-06 01:45:00+00:00,1.35981,1.35981,1.3595,1.3597000000000001,244,14,0
2026-05-06 02:00:00+00:00,1.3597000000000001,1.35981,1.35957,1.35978,241,14,0
2026-05-06 02:15:00+00:00,1.35978,1.3599999999999999,1.35972,1.3599700000000001,166,14,0
2026-05-06 02:30:00+00:00,1.3599700000000001,1.36021,1.35994,1.36021,118,14,0
2026-05-06 02:45:00+00:00,1.36022,1.3602699999999999,1.3599999999999999,1.3601,140,14,0
2026-05-06 03:00:00+00:00,1.3601,1.36014,1.35968,1.35981,201,14,0
2026-05-06 03:15:00+00:00,1.35981,1.35995,1.35975,1.35994,168,14,0
2026-05-06 03:30:00+00:00,1.35994,1.36011,1.35979,1.35994,185,14,0
2026-05-06 03:45:00+00:00,1.35994,1.36003,1.35983,1.3599999999999999,168,14,0
2026-05-06 04:00:00+00:00,1.3599999999999999,1.36006,1.3599,1.35993,122,14,0
2026-05-06 04:15:00+00:00,1.35992,1.36003,1.35956,1.35957,213,14,0
2026-05-06 04:30:00+00:00,1.35957,1.35961,1.35889,1.35904,496,14,0
2026-05-06 04:45:00+00:00,1.35904,1.35911,1.35828,1.35867,441,14,0
2026-05-06 05:00:00+00:00,1.35869,1.35887,1.35849,1.3588,340,14,0
2026-05-06 05:15:00+00:00,1.35881,1.35924,1.35873,1.359,309,14,0
2026-05-06 05:30:00+00:00,1.359,1.35917,1.3589,1.3591,193,14,0
2026-05-06 05:45:00+00:00,1.3591,1.35911,1.35884,1.35891,221,14,0
2026-05-06 06:00:00+00:00,1.35889,1.35988,1.35886,1.35955,358,14,0
2026-05-06 06:15:00+00:00,1.35955,1.35968,1.35934,1.35947,305,14,0
2026-05-06 06:30:00+00:00,1.35947,1.35956,1.35898,1.35903,334,14,0
2026-05-06 06:45:00+00:00,1.3590200000000001,1.35903,1.35853,1.35862,229,14,0
2026-05-06 07:00:00+00:00,1.35861,1.35944,1.35825,1.35934,413,14,0
2026-05-06 07:15:00+00:00,1.3593600000000001,1.35955,1.35918,1.35922,312,14,0
2026-05-06 07:30:00+00:00,1.35924,1.35955,1.35904,1.35953,326,14,0
2026-05-06 07:45:00+00:00,1.35953,1.3596599999999999,1.3591199999999999,1.3591199999999999,409,14,0
2026-05-06 08:00:00+00:00,1.3591,1.35971,1.3590900000000001,1.3593899999999999,419,14,0
2026-05-06 08:15:00+00:00,1.3593899999999999,1.35951,1.35901,1.35925,342,14,0
2026-05-06 08:30:00+00:00,1.35923,1.3593199999999999,1.35852,1.35861,323,14,0
2026-05-06 08:45:00+00:00,1.35861,1.35866,1.35776,1.35843,659,14,0
2026-05-06 09:00:00+00:00,1.35845,1.35946,1.35828,1.3594,449,14,0
2026-05-06 09:15:00+00:00,1.3593899999999999,1.35954,1.3588,1.35918,448,14,0
2026-05-06 09:30:00+00:00,1.3592,1.35931,1.35884,1.35924,310,14,0
2026-05-06 09:45:00+00:00,1.35922,1.35931,1.35901,1.3590200000000001,262,14,0
2026-05-06 10:00:00+00:00,1.359,1.35947,1.35888,1.35946,280,14,0
2026-05-06 10:15:00+00:00,1.35946,1.36023,1.35946,1.36003,370,14,0
2026-05-06 10:30:00+00:00,1.3600400000000001,1.3602,1.35927,1.35946,392,14,0
2026-05-06 10:45:00+00:00,1.35947,1.35947,1.35826,1.35886,598,14,0
2026-05-06 11:00:00+00:00,1.35888,1.36001,1.35886,1.35988,496,14,0
2026-05-06 11:15:00+00:00,1.35989,1.3599999999999999,1.3593600000000001,1.35991,424,14,0
2026-05-06 11:30:00+00:00,1.35991,1.36019,1.35964,1.36013,453,14,0
2026-05-06 11:45:00+00:00,1.36014,1.36044,1.35929,1.35954,493,14,0
2026-05-06 12:00:00+00:00,1.35954,1.36069,1.35948,1.36044,559,14,0
2026-05-06 12:15:00+00:00,1.36044,1.3609,1.3600400000000001,1.36029,626,14,0
2026-05-06 12:30:00+00:00,1.3602699999999999,1.36115,1.36017,1.3609200000000001,464,14,0
2026-05-06 12:45:00+00:00,1.3609200000000001,1.3613,1.36069,1.36104,495,14,0
2026-05-06 13:00:00+00:00,1.36104,1.36164,1.36086,1.3611900000000001,613,14,0
2026-05-06 13:15:00+00:00,1.3612,1.36135,1.36066,1.36135,394,14,0
2026-05-06 13:30:00+00:00,1.36135,1.36176,1.3612199999999999,1.36151,579,14,0
2026-05-06 13:45:00+00:00,1.36151,1.36178,1.36128,1.36177,435,14,0
2026-05-06 14:00:00+00:00,1.36179,1.36226,1.3613,1.36224,537,14,0
2026-05-06 14:15:00+00:00,1.36224,1.3623,1.36174,1.36198,500,14,0
2026-05-06 14:30:00+00:00,1.36198,1.36199,1.3612199999999999,1.3614899999999999,619,14,0
2026-05-06 14:45:00+00:00,1.3615,1.36233,1.3614,1.3615599999999999,575,14,0
2026-05-06 15:00:00+00:00,1.36155,1.36247,1.36152,1.36238,432,14,0
2026-05-06 15:15:00+00:00,1.36238,1.3625099999999999,1.36195,1.3621699999999999,464,14,0
2026-05-06 15:30:00+00:00,1.36216,1.36236,1.3618299999999999,1.36197,384,14,0
2026-05-06 15:45:00+00:00,1.36199,1.3624800000000001,1.36194,1.36221,366,14,0
2026-05-06 16:00:00+00:00,1.3622,1.36294,1.3622,1.36282,383,14,0
2026-05-06 16:15:00+00:00,1.36282,1.3631199999999999,1.3628,1.36296,296,14,0
2026-05-06 16:30:00+00:00,1.36296,1.363,1.36255,1.36285,277,14,0
2026-05-06 16:45:00+00:00,1.36286,1.36352,1.3627799999999999,1.36338,393,14,0
2026-05-06 17:00:00+00:00,1.36341,1.36378,1.36341,1.36374,320,14,0
2026-05-06 17:15:00+00:00,1.36374,1.36407,1.36324,1.36333,278,14,0
2026-05-06 17:30:00+00:00,1.36331,1.3639000000000001,1.36328,1.36389,227,14,0
2026-05-06 17:45:00+00:00,1.36389,1.3639700000000001,1.36376,1.36381,243,14,0
2026-05-06 18:00:00+00:00,1.3638,1.36391,1.36353,1.36362,257,14,0
2026-05-06 18:15:00+00:00,1.36362,1.3639299999999999,1.36356,1.36386,177,14,0
2026-05-06 18:30:00+00:00,1.36386,1.36407,1.3636300000000001,1.36391,200,14,0
2026-05-06 18:45:00+00:00,1.36391,1.36396,1.36334,1.36357,235,14,0
2026-05-06 19:00:00+00:00,1.36355,1.36367,1.36313,1.36324,290,14,0
2026-05-06 19:15:00+00:00,1.36324,1.36328,1.36301,1.3632,181,14,0
2026-05-06 19:30:00+00:00,1.3632,1.36335,1.36307,1.36335,165,14,0
2026-05-06 19:45:00+00:00,1.36335,1.3635,1.36322,1.3635,302,14,0
2026-05-06 20:00:00+00:00,1.36352,1.36381,1.36325,1.36326,247,14,0
2026-05-06 20:15:00+00:00,1.36326,1.3633,1.36284,1.36294,201,14,0
2026-05-06 20:30:00+00:00,1.36294,1.36316,1.36286,1.36295,123,14,0
2026-05-06 20:45:00+00:00,1.36295,1.36335,1.36294,1.36324,137,14,0
2026-05-06 21:00:00+00:00,1.36324,1.36324,1.36298,1.36299,71,14,0
2026-05-06 21:15:00+00:00,1.36298,1.36306,1.36281,1.36303,162,39,0
2026-05-06 21:30:00+00:00,1.36304,1.3631,1.36293,1.36308,124,28,0
2026-05-06 21:45:00+00:00,1.36307,1.36313,1.36303,1.36313,72,24,0
2026-05-06 22:00:00+00:00,1.3631199999999999,1.36338,1.3631,1.36318,72,14,0
2026-05-06 22:15:00+00:00,1.36317,1.36326,1.36315,1.36325,42,16,0
2026-05-06 22:30:00+00:00,1.36325,1.36325,1.3631,1.36314,42,14,0
2026-05-06 22:45:00+00:00,1.36314,1.3633199999999999,1.36313,1.36323,75,14,0
2026-05-06 23:00:00+00:00,1.36324,1.36334,1.3631,1.36318,98,14,0
2026-05-06 23:15:00+00:00,1.36318,1.36338,1.36318,1.36337,59,14,0
2026-05-06 23:30:00+00:00,1.36337,1.36353,1.3633600000000001,1.36347,68,14,0
2026-05-06 23:45:00+00:00,1.36347,1.36375,1.36337,1.36365,127,14,0
2026-05-07 00:00:00+00:00,1.3636300000000001,1.36386,1.36345,1.36348,387,14,0
2026-05-07 00:15:00+00:00,1.36348,1.36402,1.36348,1.36395,221,14,0
2026-05-07 00:30:00+00:00,1.36395,1.36412,1.36391,1.3639999999999999,218,14,0
2026-05-07 00:45:00+00:00,1.3639999999999999,1.3641,1.36368,1.36376,219,14,0
2026-05-07 01:00:00+00:00,1.36374,1.36394,1.3631199999999999,1.36334,295,14,0
2026-05-07 01:15:00+00:00,1.36333,1.36334,1.36308,1.36311,234,14,0
2026-05-07 01:30:00+00:00,1.36311,1.36325,1.36274,1.3628,234,14,0
2026-05-07 01:45:00+00:00,1.3628,1.36314,1.3628,1.36314,219,14,0
2026-05-07 02:00:00+00:00,1.36314,1.36362,1.3630499999999999,1.36355,220,14,0
2026-05-07 02:15:00+00:00,1.36354,1.36371,1.36346,1.3636300000000001,127,14,0
2026-05-07 02:30:00+00:00,1.3636300000000001,1.36412,1.36356,1.36404,181,14,0
2026-05-07 02:45:00+00:00,1.36403,1.36403,1.36356,1.36364,157,14,0
2026-05-07 03:00:00+00:00,1.36364,1.36377,1.3636,1.36374,124,14,0
2026-05-07 03:15:00+00:00,1.36374,1.36375,1.36355,1.36364,117,14,0
2026-05-07 03:30:00+00:00,1.36364,1.36382,1.3636300000000001,1.3637299999999999,111,14,0
2026-05-07 03:45:00+00:00,1.36375,1.36394,1.36374,1.3639000000000001,130,14,0
2026-05-07 04:00:00+00:00,1.3639299999999999,1.36394,1.36351,1.36356,145,14,0
2026-05-07 04:15:00+00:00,1.36356,1.36356,1.36331,1.36338,101,14,0
2026-05-07 04:30:00+00:00,1.36338,1.36338,1.36319,1.36321,137,14,0
2026-05-07 04:45:00+00:00,1.3632,1.36347,1.3632,1.36347,122,14,0
2026-05-07 05:00:00+00:00,1.36347,1.36355,1.3633600000000001,1.36347,106,14,0
2026-05-07 05:15:00+00:00,1.36347,1.3636300000000001,1.36345,1.3635,111,14,0
2026-05-07 05:30:00+00:00,1.36351,1.36355,1.36338,1.36348,134,14,0
2026-05-07 05:45:00+00:00,1.36347,1.36387,1.36341,1.36371,136,14,0
2026-05-07 06:00:00+00:00,1.36371,1.3639700000000001,1.36365,1.36394,229,14,0
2026-05-07 06:15:00+00:00,1.36394,1.3642,1.36383,1.3642,181,14,0
2026-05-07 06:30:00+00:00,1.3642,1.36429,1.36308,1.3631,366,14,0
2026-05-07 06:45:00+00:00,1.3631,1.3638,1.36308,1.36365,269,14,0
2026-05-07 07:00:00+00:00,1.36364,1.36365,1.36263,1.3626800000000001,479,14,0
2026-05-07 07:15:00+00:00,1.3626800000000001,1.36383,1.36249,1.36374,416,14,0
2026-05-07 07:30:00+00:00,1.3637299999999999,1.3638,1.36291,1.3630499999999999,364,14,0
2026-05-07 07:45:00+00:00,1.3630499999999999,1.36326,1.36242,1.36255,306,14,0
2026-05-07 08:00:00+00:00,1.36253,1.3627799999999999,1.36233,1.36237,298,14,0
2026-05-07 08:15:00+00:00,1.36237,1.36291,1.36236,1.36246,336,14,0
2026-05-07 08:30:00+00:00,1.36246,1.3626800000000001,1.36228,1.3625099999999999,221,14,0
2026-05-07 08:45:00+00:00,1.3625099999999999,1.36263,1.36237,1.36252,232,14,0
2026-05-07 09:00:00+00:00,1.36253,1.36276,1.3624399999999999,1.36253,204,14,0
2026-05-07 09:15:00+00:00,1.36253,1.36291,1.36252,1.3627099999999999,188,14,0
2026-05-07 09:30:00+00:00,1.3627099999999999,1.3628,1.36206,1.3620700000000001,243,14,0
2026-05-07 09:45:00+00:00,1.3620700000000001,1.36254,1.36197,1.3624,260,14,0
2026-05-07 10:00:00+00:00,1.36242,1.3625099999999999,1.36223,1.3624,225,14,0
2026-05-07 10:15:00+00:00,1.3624,1.36242,1.362,1.36216,266,14,0
2026-05-07 10:30:00+00:00,1.36216,1.36255,1.36208,1.36227,271,14,0
2026-05-07 10:45:00+00:00,1.36227,1.36284,1.36225,1.36259,247,14,0
2026-05-07 11:00:00+00:00,1.36258,1.36261,1.36209,1.3625099999999999,230,14,0
2026-05-07 11:15:00+00:00,1.3625099999999999,1.36282,1.3624800000000001,1.36261,247,14,0
2026-05-07 11:30:00+00:00,1.36261,1.36313,1.36246,1.36311,257,14,0
2026-05-07 11:45:00+00:00,1.36311,1.36318,1.36266,1.36289,262,14,0
2026-05-07 12:00:00+00:00,1.3629,1.36295,1.36236,1.36286,291,14,0
2026-05-07 12:15:00+00:00,1.36286,1.36349,1.3627099999999999,1.36311,356,14,0
2026-05-07 12:30:00+00:00,1.36313,1.36337,1.3629,1.3629,280,14,0
2026-05-07 12:45:00+00:00,1.3629,1.3635,1.36285,1.36338,362,14,0
2026-05-07 13:00:00+00:00,1.3633600000000001,1.36407,1.3633600000000001,1.36365,390,14,0
2026-05-07 13:15:00+00:00,1.36365,1.36376,1.36316,1.36319,318,14,0
2026-05-07 13:30:00+00:00,1.36321,1.36353,1.36299,1.3632,429,14,0
2026-05-07 13:45:00+00:00,1.3632,1.36388,1.36319,1.36387,435,14,0
2026-05-07 14:00:00+00:00,1.36388,1.36444,1.36352,1.36356,418,14,0
2026-05-07 14:15:00+00:00,1.36355,1.36392,1.36335,1.36347,375,14,0
2026-05-07 14:30:00+00:00,1.36345,1.36345,1.36299,1.36299,361,14,0
2026-05-07 14:45:00+00:00,1.36299,1.36353,1.36279,1.36342,484,14,0
2026-05-07 15:00:00+00:00,1.36342,1.36349,1.3630900000000001,1.36337,327,14,0
2026-05-07 15:15:00+00:00,1.36337,1.36422,1.3633600000000001,1.36381,415,14,0
2026-05-07 15:30:00+00:00,1.36382,1.36384,1.36326,1.36365,367,14,0
2026-05-07 15:45:00+00:00,1.3636599999999999,1.36399,1.36355,1.36369,388,14,0
2026-05-07 16:00:00+00:00,1.36367,1.36415,1.36348,1.36391,355,14,0
2026-05-07 16:15:00+00:00,1.36391,1.36401,1.36311,1.36313,391,14,0
2026-05-07 16:30:00+00:00,1.36313,1.36328,1.36287,1.3630499999999999,339,14,0
2026-05-07 16:45:00+00:00,1.3630499999999999,1.36342,1.363,1.3630900000000001,311,14,0
2026-05-07 17:00:00+00:00,1.36308,1.36325,1.36259,1.36285,357,14,0
2026-05-07 17:15:00+00:00,1.36287,1.3633899999999999,1.36279,1.36338,469,14,0
2026-05-07 17:30:00+00:00,1.36338,1.36384,1.3633199999999999,1.36377,425,14,0
2026-05-07 17:45:00+00:00,1.36378,1.36378,1.36343,1.3635,284,14,0
2026-05-07 18:00:00+00:00,1.3635,1.36371,1.3633899999999999,1.36349,270,14,0
2026-05-07 18:15:00+00:00,1.36349,1.3636300000000001,1.36338,1.36361,229,14,0
2026-05-07 18:30:00+00:00,1.36361,1.3643100000000001,1.36355,1.36415,338,14,0
2026-05-07 18:45:00+00:00,1.36414,1.36432,1.36354,1.36362,417,14,0
2026-05-07 19:00:00+00:00,1.3636300000000001,1.36372,1.3630900000000001,1.36331,299,14,0
2026-05-07 19:15:00+00:00,1.36331,1.36401,1.36331,1.36379,433,14,0
2026-05-07 19:30:00+00:00,1.36378,1.36387,1.3635,1.36369,259,14,0
2026-05-07 19:45:00+00:00,1.36369,1.36531,1.36364,1.36531,451,14,0
2026-05-07 20:00:00+00:00,1.36531,1.3654600000000001,1.36457,1.36507,442,14,0
2026-05-07 20:15:00+00:00,1.36504,1.3655,1.36499,1.36539,165,14,0
2026-05-07 20:30:00+00:00,1.36539,1.3658000000000001,1.36505,1.3658000000000001,330,14,0
2026-05-07 20:45:00+00:00,1.36578,1.36646,1.36569,1.36643,254,14,0
2026-05-07 21:00:00+00:00,1.36642,1.36643,1.36598,1.36601,90,14,0
2026-05-07 21:15:00+00:00,1.36599,1.366,1.3655599999999999,1.36559,140,67,0
2026-05-07 21:30:00+00:00,1.36558,1.36587,1.36523,1.36585,225,66,0
2026-05-07 21:45:00+00:00,1.36585,1.3659,1.3657,1.36586,190,52,0
2026-05-07 22:00:00+00:00,1.36591,1.36636,1.36587,1.36616,148,16,0
2026-05-07 22:15:00+00:00,1.36616,1.36626,1.36592,1.36603,166,16,0
2026-05-07 22:30:00+00:00,1.36603,1.36627,1.366,1.36624,106,16,0
2026-05-07 22:45:00+00:00,1.36624,1.3663699999999999,1.36616,1.36625,96,14,0
2026-05-07 23:00:00+00:00,1.36626,1.36639,1.3661699999999999,1.36619,97,14,0
2026-05-07 23:15:00+00:00,1.36618,1.36619,1.36608,1.36618,65,14,0
2026-05-07 23:30:00+00:00,1.36618,1.36625,1.36608,1.36609,51,14,0
2026-05-07 23:45:00+00:00,1.36608,1.3661699999999999,1.3659,1.36603,114,14,0
2026-05-08 00:00:00+00:00,1.36604,1.36606,1.36561,1.36575,275,14,0
2026-05-08 00:15:00+00:00,1.36575,1.36625,1.36575,1.36599,333,14,0
2026-05-08 00:30:00+00:00,1.36598,1.36602,1.36575,1.36581,216,14,0
2026-05-08 00:45:00+00:00,1.36581,1.36596,1.36575,1.36591,199,14,0
2026-05-08 01:00:00+00:00,1.36592,1.36592,1.36558,1.36559,273,14,0
2026-05-08 01:15:00+00:00,1.36559,1.36582,1.3655300000000001,1.36578,252,14,0
2026-05-08 01:30:00+00:00,1.36578,1.36585,1.3656,1.3657599999999999,213,14,0
2026-05-08 01:45:00+00:00,1.3657599999999999,1.36581,1.36562,1.3657,160,14,0
2026-05-08 02:00:00+00:00,1.3657,1.36589,1.36569,1.36579,174,14,0
2026-05-08 02:15:00+00:00,1.36579,1.36591,1.3657,1.36584,129,14,0
2026-05-08 02:30:00+00:00,1.36584,1.36635,1.36581,1.36623,262,14,0
2026-05-08 02:45:00+00:00,1.36623,1.36623,1.36582,1.36591,212,14,0
2026-05-08 03:00:00+00:00,1.36591,1.36599,1.36571,1.36593,177,14,0
2026-05-08 03:15:00+00:00,1.36592,1.36599,1.36579,1.3659,124,14,0
2026-05-08 03:30:00+00:00,1.3659,1.36591,1.36551,1.36559,183,14,0
2026-05-08 03:45:00+00:00,1.36558,1.3658299999999999,1.36557,1.36582,135,14,0
2026-05-08 04:00:00+00:00,1.36582,1.36599,1.36569,1.36585,169,14,0
2026-05-08 04:15:00+00:00,1.36585,1.36592,1.36571,1.36586,142,14,0
2026-05-08 04:30:00+00:00,1.36586,1.36595,1.36558,1.36559,144,14,0
2026-05-08 04:45:00+00:00,1.36559,1.36562,1.36541,1.3655300000000001,159,14,0
2026-05-08 05:00:00+00:00,1.3655300000000001,1.36557,1.36537,1.36552,120,14,0
2026-05-08 05:15:00+00:00,1.36552,1.36559,1.36532,1.36532,117,14,0
2026-05-08 05:30:00+00:00,1.36532,1.36552,1.36514,1.36534,202,14,0
2026-05-08 05:45:00+00:00,1.36534,1.36558,1.36531,1.36544,152,14,0
2026-05-08 06:00:00+00:00,1.36544,1.36548,1.36509,1.36539,286,14,0
2026-05-08 06:15:00+00:00,1.36541,1.36541,1.365,1.365,209,14,0
2026-05-08 06:30:00+00:00,1.36498,1.36527,1.3649499999999999,1.3651200000000001,225,14,0
2026-05-08 06:45:00+00:00,1.36513,1.36529,1.36506,1.36529,195,14,0
2026-05-08 07:00:00+00:00,1.36529,1.36545,1.36514,1.36544,275,14,0
2026-05-08 07:15:00+00:00,1.36544,1.3655300000000001,1.36527,1.36547,243,14,0
2026-05-08 07:30:00+00:00,1.36547,1.36551,1.36516,1.36537,165,14,0
2026-05-08 07:45:00+00:00,1.36537,1.36561,1.36524,1.3656,166,14,0
2026-05-08 08:00:00+00:00,1.3656,1.36586,1.36552,1.36586,229,14,0
2026-05-08 08:15:00+00:00,1.36586,1.36586,1.36544,1.36562,250,14,0
2026-05-08 08:30:00+00:00,1.36562,1.36563,1.36526,1.36542,189,14,0
2026-05-08 08:45:00+00:00,1.36542,1.3654899999999999,1.36506,1.36507,258,14,0
2026-05-08 09:00:00+00:00,1.36506,1.36509,1.36456,1.36467,221,14,0
2026-05-08 09:15:00+00:00,1.36467,1.36475,1.3645100000000001,1.36474,174,14,0
2026-05-08 09:30:00+00:00,1.36474,1.3648500000000001,1.36466,1.3648500000000001,158,14,0
2026-05-08 09:45:00+00:00,1.3648500000000001,1.3648500000000001,1.3645,1.3645100000000001,215,14,0
2026-05-08 10:00:00+00:00,1.3645100000000001,1.3645800000000001,1.36437,1.36446,153,14,0
2026-05-08 10:15:00+00:00,1.36446,1.36463,1.36437,1.3645800000000001,136,14,0
2026-05-08 10:30:00+00:00,1.36457,1.3648799999999999,1.36432,1.3648799999999999,159,14,0
2026-05-08 10:45:00+00:00,1.3648799999999999,1.36524,1.36472,1.36504,204,14,0
2026-05-08 11:00:00+00:00,1.36506,1.36518,1.36484,1.36491,228,14,0
2026-05-08 11:15:00+00:00,1.36491,1.36497,1.36457,1.36465,160,14,0
2026-05-08 11:30:00+00:00,1.36463,1.36466,1.36436,1.36457,162,14,0
2026-05-08 11:45:00+00:00,1.36457,1.36466,1.36421,1.36433,231,14,0
2026-05-08 12:00:00+00:00,1.36433,1.36599,1.36428,1.3659,472,14,0
2026-05-08 12:15:00+00:00,1.3659,1.36616,1.36542,1.36558,429,14,0
2026-05-08 12:30:00+00:00,1.36554,1.3685100000000001,1.36548,1.36815,1256,14,0
2026-05-08 12:45:00+00:00,1.36813,1.36926,1.36779,1.369,764,14,0
2026-05-08 13:00:00+00:00,1.36902,1.37047,1.36902,1.37043,689,14,0
2026-05-08 13:15:00+00:00,1.3704100000000001,1.37062,1.36969,1.36969,557,14,0
2026-05-08 13:30:00+00:00,1.3697,1.37003,1.36931,1.3698299999999999,636,14,0
2026-05-08 13:45:00+00:00,1.36985,1.3709,1.36981,1.37064,485,14,0
2026-05-08 14:00:00+00:00,1.37063,1.37097,1.36938,1.36943,563,14,0
2026-05-08 14:15:00+00:00,1.36942,1.3699,1.36941,1.3699,466,14,0
2026-05-08 14:30:00+00:00,1.36991,1.36992,1.36943,1.36991,465,14,0
2026-05-08 14:45:00+00:00,1.36991,1.36991,1.36879,1.36902,438,14,0
2026-05-08 15:00:00+00:00,1.36902,1.36935,1.36882,1.36925,451,14,0
2026-05-08 15:15:00+00:00,1.36927,1.36948,1.3688500000000001,1.3688500000000001,377,14,0
2026-05-08 15:30:00+00:00,1.3688500000000001,1.36904,1.3682400000000001,1.36867,400,14,0
2026-05-08 15:45:00+00:00,1.36867,1.36869,1.36765,1.3679299999999999,426,14,0
2026-05-08 16:00:00+00:00,1.36795,1.36856,1.36783,1.36856,337,14,0
2026-05-08 16:15:00+00:00,1.36856,1.36869,1.36835,1.36839,190,14,0
2026-05-08 16:30:00+00:00,1.3684,1.36891,1.3682,1.36871,258,14,0
2026-05-08 16:45:00+00:00,1.3687,1.36903,1.3687,1.3688799999999999,231,14,0
2026-05-08 17:00:00+00:00,1.3689,1.3689200000000001,1.36848,1.36877,196,14,0
2026-05-08 17:15:00+00:00,1.36877,1.36879,1.36826,1.36836,212,14,0
2026-05-08 17:30:00+00:00,1.36836,1.36843,1.3682699999999999,1.3683,145,14,0
2026-05-08 17:45:00+00:00,1.3683100000000001,1.36847,1.3682699999999999,1.36843,203,14,0
2026-05-08 18:00:00+00:00,1.36845,1.3685,1.36803,1.36818,330,14,0
2026-05-08 18:15:00+00:00,1.36818,1.3684,1.3681,1.3682,193,14,0
2026-05-08 18:30:00+00:00,1.3682,1.36835,1.36809,1.36819,123,14,0
2026-05-08 18:45:00+00:00,1.36819,1.36821,1.36783,1.36799,263,14,0
2026-05-08 19:00:00+00:00,1.36801,1.36812,1.36752,1.3676599999999999,198,14,0
2026-05-08 19:15:00+00:00,1.36765,1.36769,1.36753,1.36765,129,14,0
2026-05-08 19:30:00+00:00,1.36765,1.3676599999999999,1.36753,1.36762,151,14,0
2026-05-08 19:45:00+00:00,1.36764,1.36844,1.3676,1.36811,275,14,0
2026-05-08 20:00:00+00:00,1.36809,1.36815,1.36781,1.36791,156,14,0
2026-05-08 20:15:00+00:00,1.36791,1.36821,1.36757,1.36782,188,14,0
2026-05-08 20:30:00+00:00,1.36782,1.36798,1.367,1.36724,231,14,0
2026-05-08 20:45:00+00:00,1.36724,1.36765,1.36708,1.36754,217,14,0
2026-05-10 21:00:00+00:00,1.3683,1.36841,1.36769,1.36841,43,40,0
2026-05-10 21:15:00+00:00,1.36841,1.36842,1.36826,1.36837,41,40,0
2026-05-10 21:30:00+00:00,1.36837,1.36843,1.36835,1.36839,82,40,0
2026-05-10 21:45:00+00:00,1.36839,1.36845,1.36836,1.36839,112,40,0
2026-05-10 22:00:00+00:00,1.3685,1.36911,1.36844,1.3688,186,16,0
2026-05-10 22:15:00+00:00,1.3688,1.36907,1.36873,1.36879,131,16,0
2026-05-10 22:30:00+00:00,1.36879,1.3688799999999999,1.3687,1.36872,122,14,0
2026-05-10 22:45:00+00:00,1.36872,1.36882,1.36869,1.36882,92,14,0
2026-05-10 23:00:00+00:00,1.36882,1.36882,1.3685399999999999,1.3686099999999999,134,14,0
2026-05-10 23:15:00+00:00,1.3686099999999999,1.36862,1.36832,1.36838,81,14,0
2026-05-10 23:30:00+00:00,1.36838,1.36841,1.36826,1.3683,100,14,0
2026-05-10 23:45:00+00:00,1.3683,1.36844,1.36815,1.36829,186,14,0
2026-05-11 00:00:00+00:00,1.36829,1.36856,1.36785,1.36845,310,14,0
2026-05-11 00:15:00+00:00,1.36845,1.36846,1.3682400000000001,1.36826,203,14,0
2026-05-11 00:30:00+00:00,1.36825,1.3683100000000001,1.36799,1.36822,180,14,0
2026-05-11 00:45:00+00:00,1.36822,1.36862,1.36819,1.36828,296,14,0
2026-05-11 01:00:00+00:00,1.36828,1.36879,1.36818,1.36856,358,14,0
2026-05-11 01:15:00+00:00,1.36855,1.3686099999999999,1.36826,1.36833,226,14,0
2026-05-11 01:30:00+00:00,1.36834,1.36894,1.36826,1.36866,289,14,0
2026-05-11 01:45:00+00:00,1.36866,1.36877,1.36853,1.36857,219,14,0
2026-05-11 02:00:00+00:00,1.36856,1.36864,1.36845,1.3685399999999999,213,14,0
2026-05-11 02:15:00+00:00,1.3685399999999999,1.36855,1.3682699999999999,1.36828,121,14,0
2026-05-11 02:30:00+00:00,1.36829,1.36865,1.3682,1.3685800000000001,178,14,0
2026-05-11 02:45:00+00:00,1.3685800000000001,1.36875,1.36848,1.36867,180,14,0
2026-05-11 03:00:00+00:00,1.3687,1.36871,1.36846,1.3685,170,14,0
2026-05-11 03:15:00+00:00,1.3685,1.36863,1.36845,1.36853,145,14,0
2026-05-11 03:30:00+00:00,1.36852,1.36864,1.36845,1.36847,153,14,0
2026-05-11 03:45:00+00:00,1.36849,1.3688,1.36849,1.3688,159,14,0
2026-05-11 04:00:00+00:00,1.36881,1.369,1.36879,1.3688799999999999,157,14,0
2026-05-11 04:15:00+00:00,1.3688799999999999,1.36916,1.36887,1.36914,125,14,0
2026-05-11 04:30:00+00:00,1.36914,1.36938,1.36913,1.36937,124,14,0
2026-05-11 04:45:00+00:00,1.36937,1.36941,1.3693,1.36934,111,14,0
2026-05-11 05:00:00+00:00,1.36934,1.36937,1.369,1.36901,134,14,0
2026-05-11 05:15:00+00:00,1.36901,1.36913,1.36899,1.36907,127,14,0
2026-05-11 05:30:00+00:00,1.36907,1.3692199999999999,1.36902,1.36921,137,14,0
2026-05-11 05:45:00+00:00,1.3692,1.36931,1.36913,1.3691900000000001,161,14,0
2026-05-11 06:00:00+00:00,1.3691900000000001,1.3691900000000001,1.36779,1.36789,306,14,0
2026-05-11 06:15:00+00:00,1.36789,1.36809,1.3676,1.3676,245,14,0
2026-05-11 06:30:00+00:00,1.36758,1.36788,1.36754,1.36768,271,14,0
2026-05-11 06:45:00+00:00,1.3677000000000001,1.36829,1.36764,1.3679000000000001,296,14,0
2026-05-11 07:00:00+00:00,1.36788,1.36789,1.36689,1.36694,367,14,0
2026-05-11 07:15:00+00:00,1.36694,1.36725,1.36676,1.36696,255,14,0
2026-05-11 07:30:00+00:00,1.36696,1.36704,1.36666,1.36692,223,14,0
2026-05-11 07:45:00+00:00,1.36692,1.3673,1.3669,1.36712,247,14,0
2026-05-11 08:00:00+00:00,1.36712,1.36724,1.36686,1.36711,286,14,0
2026-05-11 08:15:00+00:00,1.36711,1.36716,1.36673,1.36697,260,14,0
2026-05-11 08:30:00+00:00,1.36697,1.3669799999999999,1.36661,1.3667799999999999,196,14,0
2026-05-11 08:45:00+00:00,1.36679,1.3670200000000001,1.36667,1.36686,230,14,0
2026-05-11 09:00:00+00:00,1.36687,1.36708,1.36673,1.36708,217,14,0
2026-05-11 09:15:00+00:00,1.36707,1.36708,1.36685,1.3670499999999999,189,14,0
2026-05-11 09:30:00+00:00,1.3670499999999999,1.36724,1.36677,1.36686,185,14,0
2026-05-11 09:45:00+00:00,1.36686,1.36696,1.3667500000000001,1.36687,192,14,0
2026-05-11 10:00:00+00:00,1.36689,1.3670499999999999,1.36667,1.36667,210,14,0
2026-05-11 10:15:00+00:00,1.36667,1.36676,1.3663699999999999,1.36648,182,14,0
2026-05-11 10:30:00+00:00,1.36648,1.36652,1.36625,1.36627,240,14,0
2026-05-11 10:45:00+00:00,1.36627,1.36633,1.36603,1.3660999999999999,214,14,0
2026-05-11 11:00:00+00:00,1.3660999999999999,1.36647,1.3660999999999999,1.36626,237,14,0
2026-05-11 11:15:00+00:00,1.36628,1.3664,1.36611,1.36616,170,14,0
2026-05-11 11:30:00+00:00,1.36616,1.36664,1.36609,1.36647,241,14,0
2026-05-11 11:45:00+00:00,1.36647,1.36693,1.36632,1.36665,267,14,0
2026-05-11 12:00:00+00:00,1.36665,1.36685,1.36636,1.36662,269,14,0
2026-05-11 12:15:00+00:00,1.36662,1.36687,1.36638,1.36686,339,14,0
2026-05-11 12:30:00+00:00,1.36688,1.36819,1.3667500000000001,1.36715,586,14,0
2026-05-11 12:45:00+00:00,1.36715,1.36745,1.36667,1.36667,363,14,0
2026-05-11 13:00:00+00:00,1.36666,1.36689,1.36649,1.36685,323,14,0
2026-05-11 13:15:00+00:00,1.36686,1.36693,1.3664,1.3666,301,14,0
2026-05-11 13:30:00+00:00,1.36657,1.36679,1.36613,1.36613,417,14,0
2026-05-11 13:45:00+00:00,1.36613,1.3661400000000001,1.36575,1.36587,368,14,0
2026-05-11 14:00:00+00:00,1.36587,1.3664399999999999,1.36579,1.36596,378,14,0
2026-05-11 14:15:00+00:00,1.36594,1.36615,1.3649499999999999,1.36501,446,14,0
2026-05-11 14:30:00+00:00,1.365,1.36552,1.36476,1.36491,536,14,0
2026-05-11 14:45:00+00:00,1.36491,1.3667500000000001,1.36478,1.36643,660,14,0
2026-05-11 15:00:00+00:00,1.36643,1.36686,1.36627,1.36658,386,14,0
2026-05-11 15:15:00+00:00,1.36657,1.36676,1.36631,1.36666,289,14,0
2026-05-11 15:30:00+00:00,1.36667,1.36686,1.36645,1.36657,308,14,0
2026-05-11 15:45:00+00:00,1.36659,1.36682,1.36631,1.36648,331,14,0
2026-05-11 16:00:00+00:00,1.36647,1.36679,1.36639,1.3667,260,14,0
2026-05-11 16:15:00+00:00,1.36669,1.36685,1.36667,1.36679,149,14,0
2026-05-11 16:30:00+00:00,1.3667799999999999,1.3667799999999999,1.36619,1.36631,343,14,0
2026-05-11 16:45:00+00:00,1.36631,1.36636,1.366,1.36634,329,14,0
2026-05-11 17:00:00+00:00,1.36634,1.36683,1.36629,1.36639,308,14,0
2026-05-11 17:15:00+00:00,1.36639,1.36649,1.36631,1.3664,195,14,0
2026-05-11 17:30:00+00:00,1.3664,1.36643,1.36619,1.3664100000000001,152,14,0
2026-05-11 17:45:00+00:00,1.3664100000000001,1.36652,1.36628,1.3665,124,14,0
2026-05-11 18:00:00+00:00,1.3665,1.3667099999999999,1.36629,1.36667,219,14,0
2026-05-11 18:15:00+00:00,1.36666,1.36704,1.36664,1.3670200000000001,252,14,0
2026-05-11 18:30:00+00:00,1.3670200000000001,1.36748,1.3670200000000001,1.36733,218,14,0
2026-05-11 18:45:00+00:00,1.36733,1.3673600000000001,1.36706,1.36721,206,14,0
2026-05-11 19:00:00+00:00,1.36721,1.36731,1.3670900000000001,1.36722,169,14,0
2026-05-11 19:15:00+00:00,1.36723,1.36752,1.3669799999999999,1.36735,243,14,0
2026-05-11 19:30:00+00:00,1.36735,1.3677000000000001,1.3672,1.36767,193,14,0
2026-05-11 19:45:00+00:00,1.36768,1.36791,1.3674,1.36769,261,14,0
2026-05-11 20:00:00+00:00,1.36771,1.36805,1.36771,1.36786,189,14,0
2026-05-11 20:15:00+00:00,1.36786,1.36811,1.3677000000000001,1.36808,141,14,0
2026-05-11 20:30:00+00:00,1.36808,1.36808,1.3677000000000001,1.36781,101,14,0
2026-05-11 20:45:00+00:00,1.36781,1.36786,1.36767,1.3678,178,14,0
2026-05-11 21:00:00+00:00,1.3678,1.3678,1.36767,1.36779,74,14,0
2026-05-11 21:15:00+00:00,1.36778,1.36779,1.36762,1.36765,215,14,0
2026-05-11 21:30:00+00:00,1.36764,1.36771,1.3675,1.36754,283,24,0
2026-05-11 21:45:00+00:00,1.36756,1.36762,1.36746,1.36762,206,23,0
2026-05-11 22:00:00+00:00,1.3676300000000001,1.36764,1.3672900000000001,1.3673199999999999,58,14,0
2026-05-11 22:15:00+00:00,1.3673199999999999,1.3673199999999999,1.36712,1.36722,74,16,0
2026-05-11 22:30:00+00:00,1.36724,1.36738,1.36724,1.36735,49,14,0
2026-05-11 22:45:00+00:00,1.36735,1.36765,1.36735,1.36762,123,14,0
2026-05-11 23:00:00+00:00,1.3676300000000001,1.36774,1.3675899999999999,1.3676300000000001,94,14,0
2026-05-11 23:15:00+00:00,1.3676300000000001,1.36777,1.36761,1.36777,48,14,0
2026-05-11 23:30:00+00:00,1.36777,1.36784,1.36771,1.36781,68,14,0
2026-05-11 23:45:00+00:00,1.36781,1.3679299999999999,1.36777,1.36786,97,14,0
2026-05-12 00:00:00+00:00,1.36788,1.36819,1.36788,1.36808,223,14,0
2026-05-12 00:15:00+00:00,1.36809,1.36837,1.36803,1.36819,172,14,0
2026-05-12 00:30:00+00:00,1.36819,1.36848,1.36815,1.36848,178,14,0
2026-05-12 00:45:00+00:00,1.36848,1.3688,1.3683,1.36876,214,14,0
2026-05-12 01:00:00+00:00,1.36878,1.3689,1.36865,1.36887,216,14,0
2026-05-12 01:15:00+00:00,1.36886,1.3692,1.36883,1.3691200000000001,253,14,0
2026-05-12 01:30:00+00:00,1.3691,1.36933,1.3689,1.36894,364,14,0
2026-05-12 01:45:00+00:00,1.36894,1.36909,1.36877,1.3688799999999999,266,14,0
2026-05-12 02:00:00+00:00,1.36886,1.36906,1.36882,1.36905,205,14,0
2026-05-12 02:15:00+00:00,1.36904,1.3691900000000001,1.369,1.3691,135,14,0
2026-05-12 02:30:00+00:00,1.36911,1.36916,1.36897,1.36903,184,14,0
2026-05-12 02:45:00+00:00,1.36903,1.36903,1.36871,1.36886,176,14,0
2026-05-12 03:00:00+00:00,1.3688799999999999,1.36913,1.36875,1.3691,168,14,0
2026-05-12 03:15:00+00:00,1.3691,1.36925,1.36901,1.36921,143,14,0
2026-05-12 03:30:00+00:00,1.36921,1.36928,1.3691,1.36917,121,14,0
2026-05-12 03:45:00+00:00,1.36917,1.36938,1.36917,1.36931,109,14,0
2026-05-12 04:00:00+00:00,1.36931,1.36934,1.36921,1.36928,161,14,0
2026-05-12 04:15:00+00:00,1.36928,1.3693,1.36914,1.36923,133,14,0
2026-05-12 04:30:00+00:00,1.36923,1.36923,1.36903,1.3691,115,14,0
2026-05-12 04:45:00+00:00,1.3691,1.36924,1.36909,1.36921,155,14,0
2026-05-12 05:00:00+00:00,1.36921,1.36931,1.36891,1.36924,188,14,0
2026-05-12 05:15:00+00:00,1.36924,1.36925,1.36908,1.3691499999999999,203,14,0
2026-05-12 05:30:00+00:00,1.36914,1.36925,1.36904,1.3692,200,14,0
2026-05-12 05:45:00+00:00,1.3692,1.36923,1.36865,1.3687,282,14,0
2026-05-12 06:00:00+00:00,1.3687,1.36894,1.36834,1.3689,390,14,0
2026-05-12 06:15:00+00:00,1.3689,1.36933,1.3689,1.3692,293,14,0
2026-05-12 06:30:00+00:00,1.36918,1.3694600000000001,1.36896,1.36938,328,14,0
2026-05-12 06:45:00+00:00,1.36936,1.3695599999999999,1.3691,1.36925,304,14,0
2026-05-12 07:00:00+00:00,1.36927,1.36977,1.3691200000000001,1.36945,363,14,0
2026-05-12 07:15:00+00:00,1.36945,1.36964,1.36925,1.3694899999999999,322,14,0
2026-05-12 07:30:00+00:00,1.3695,1.36989,1.36947,1.36988,264,14,0
2026-05-12 07:45:00+00:00,1.36987,1.37055,1.36987,1.37032,323,14,0
2026-05-12 08:00:00+00:00,1.3703,1.37081,1.3701699999999999,1.37079,362,14,0
2026-05-12 08:15:00+00:00,1.3708,1.37084,1.3701699999999999,1.37032,308,14,0
2026-05-12 08:30:00+00:00,1.37033,1.3709,1.37032,1.37089,295,14,0
2026-05-12 08:45:00+00:00,1.37089,1.37089,1.3703,1.3704100000000001,382,14,0
2026-05-12 09:00:00+00:00,1.3704100000000001,1.37063,1.36999,1.37061,331,14,0
2026-05-12 09:15:00+00:00,1.37061,1.37083,1.37055,1.37061,242,14,0
2026-05-12 09:30:00+00:00,1.37061,1.37087,1.3704100000000001,1.3708,362,14,0
2026-05-12 09:45:00+00:00,1.3707799999999999,1.37103,1.3707,1.37091,291,14,0
2026-05-12 10:00:00+00:00,1.37091,1.3710200000000001,1.37081,1.37091,253,14,0
2026-05-12 10:15:00+00:00,1.37091,1.37106,1.37053,1.37054,229,14,0
2026-05-12 10:30:00+00:00,1.37054,1.37084,1.37048,1.37082,230,14,0
2026-05-12 10:45:00+00:00,1.37082,1.37096,1.37065,1.37087,207,14,0
2026-05-12 11:00:00+00:00,1.37088,1.37116,1.37081,1.37091,332,14,0
2026-05-12 11:15:00+00:00,1.37091,1.3710499999999999,1.37073,1.3709,220,14,0
2026-05-12 11:30:00+00:00,1.37091,1.37091,1.37008,1.37025,265,14,0
2026-05-12 11:45:00+00:00,1.37025,1.37032,1.37013,1.37029,284,14,0
2026-05-12 12:00:00+00:00,1.37029,1.37062,1.37022,1.37023,337,14,0
2026-05-12 12:15:00+00:00,1.37023,1.37052,1.37019,1.37039,329,14,0
2026-05-12 12:30:00+00:00,1.37042,1.37117,1.37026,1.3707099999999999,559,14,0
2026-05-12 12:45:00+00:00,1.3707099999999999,1.37076,1.37001,1.37008,423,14,0
2026-05-12 13:00:00+00:00,1.37008,1.37117,1.36982,1.37117,507,14,0
2026-05-12 13:15:00+00:00,1.37118,1.37171,1.37118,1.37133,503,14,0
2026-05-12 13:30:00+00:00,1.37135,1.37183,1.37096,1.37168,510,14,0
2026-05-12 13:45:00+00:00,1.37168,1.37168,1.37119,1.37153,543,14,0
2026-05-12 14:00:00+00:00,1.37151,1.37152,1.37072,1.3709500000000001,648,14,0
2026-05-12 14:15:00+00:00,1.37094,1.37124,1.37082,1.37092,440,14,0
2026-05-12 14:30:00+00:00,1.37091,1.37146,1.3708,1.3709,481,14,0
2026-05-12 14:45:00+00:00,1.37087,1.37173,1.37082,1.37082,530,14,0
2026-05-12 15:00:00+00:00,1.37082,1.3719000000000001,1.3707500000000001,1.37173,511,14,0
2026-05-12 15:15:00+00:00,1.37175,1.37238,1.37168,1.37213,441,14,0
2026-05-12 15:30:00+00:00,1.37213,1.37222,1.37108,1.37148,506,14,0
2026-05-12 15:45:00+00:00,1.37148,1.3716,1.37118,1.3712900000000001,417,14,0
2026-05-12 16:00:00+00:00,1.37128,1.37147,1.37091,1.3709500000000001,420,14,0
2026-05-12 16:15:00+00:00,1.37096,1.37145,1.37094,1.37111,336,14,0
2026-05-12 16:30:00+00:00,1.37112,1.3714,1.37106,1.37137,345,14,0
2026-05-12 16:45:00+00:00,1.37138,1.37162,1.37128,1.37128,335,14,0
2026-05-12 17:00:00+00:00,1.3712900000000001,1.37153,1.371,1.37143,358,14,0
2026-05-12 17:15:00+00:00,1.37141,1.37144,1.37094,1.3713,300,14,0
2026-05-12 17:30:00+00:00,1.37131,1.37145,1.37115,1.37123,251,14,0
2026-05-12 17:45:00+00:00,1.37123,1.3713199999999999,1.37111,1.37112,242,14,0
2026-05-12 18:00:00+00:00,1.37112,1.37131,1.371,1.3710200000000001,272,14,0
2026-05-12 18:15:00+00:00,1.37101,1.37116,1.37064,1.37066,302,14,0
2026-05-12 18:30:00+00:00,1.37065,1.37065,1.37033,1.37038,267,14,0
2026-05-12 18:45:00+00:00,1.37038,1.37047,1.36997,1.36998,297,14,0
2026-05-12 19:00:00+00:00,1.36999,1.3700999999999999,1.36935,1.36948,231,14,0
2026-05-12 19:15:00+00:00,1.3694899999999999,1.36981,1.36944,1.36972,248,14,0
2026-05-12 19:30:00+00:00,1.36971,1.3697300000000001,1.3693,1.36971,252,14,0
2026-05-12 19:45:00+00:00,1.36972,1.36991,1.36952,1.36987,293,14,0
2026-05-12 20:00:00+00:00,1.36987,1.3700999999999999,1.36985,1.37001,191,14,0
2026-05-12 20:15:00+00:00,1.37001,1.37011,1.3698299999999999,1.37008,99,14,0
2026-05-12 20:30:00+00:00,1.37008,1.3700999999999999,1.36989,1.36992,92,14,0
2026-05-12 20:45:00+00:00,1.3699,1.36996,1.36926,1.36961,216,14,0
2026-05-12 21:00:00+00:00,1.36962,1.36962,1.36952,1.36959,67,15,0
2026-05-12 21:15:00+00:00,1.36958,1.36964,1.36952,1.36961,159,14,0
2026-05-12 21:30:00+00:00,1.36962,1.36965,1.3696,1.36962,85,17,0
2026-05-12 21:45:00+00:00,1.36963,1.36966,1.36955,1.36966,85,15,0
2026-05-12 22:00:00+00:00,1.3697,1.36971,1.36943,1.36957,62,14,0
2026-05-12 22:15:00+00:00,1.36957,1.36957,1.36934,1.36935,57,14,0
2026-05-12 22:30:00+00:00,1.36935,1.3694899999999999,1.36935,1.36947,60,14,0
2026-05-12 22:45:00+00:00,1.36947,1.36952,1.36941,1.36944,122,14,0
2026-05-12 23:00:00+00:00,1.36944,1.36957,1.36931,1.36938,134,14,0
2026-05-12 23:15:00+00:00,1.36938,1.3694899999999999,1.36936,1.36937,53,14,0
2026-05-12 23:30:00+00:00,1.36937,1.36961,1.36936,1.36959,71,14,0
2026-05-12 23:45:00+00:00,1.36959,1.36975,1.36954,1.36972,84,14,0
2026-05-13 00:00:00+00:00,1.36972,1.36987,1.3695300000000001,1.36986,250,14,0
2026-05-13 00:15:00+00:00,1.36987,1.36987,1.3695300000000001,1.36969,219,14,0
2026-05-13 00:30:00+00:00,1.36969,1.36981,1.36962,1.36969,213,14,0
2026-05-13 00:45:00+00:00,1.3697,1.36988,1.36942,1.36943,195,14,0
2026-05-13 01:00:00+00:00,1.36944,1.36959,1.36935,1.36955,224,14,0
2026-05-13 01:15:00+00:00,1.36955,1.3697300000000001,1.36932,1.36932,219,14,0
2026-05-13 01:30:00+00:00,1.36934,1.36944,1.36886,1.3689,195,14,0
2026-05-13 01:45:00+00:00,1.3689,1.36894,1.36865,1.36878,173,14,0
2026-05-13 02:00:00+00:00,1.36879,1.36879,1.36837,1.3685399999999999,217,14,0
2026-05-13 02:15:00+00:00,1.36852,1.36865,1.36846,1.3685,153,14,0
2026-05-13 02:30:00+00:00,1.36849,1.36871,1.36848,1.3686,147,14,0
2026-05-13 02:45:00+00:00,1.3686,1.36871,1.36855,1.3687,175,14,0
2026-05-13 03:00:00+00:00,1.36871,1.36926,1.3687,1.36908,260,14,0
2026-05-13 03:15:00+00:00,1.36907,1.36911,1.36881,1.3689,178,14,0
2026-05-13 03:30:00+00:00,1.3689,1.3689,1.36876,1.36882,169,14,0
2026-05-13 03:45:00+00:00,1.36883,1.36902,1.36877,1.36895,158,14,0
2026-05-13 04:00:00+00:00,1.36895,1.3692,1.36894,1.36918,134,14,0
2026-05-13 04:15:00+00:00,1.36918,1.36941,1.36916,1.36937,136,14,0
2026-05-13 04:30:00+00:00,1.36937,1.36954,1.36933,1.36947,163,14,0
2026-05-13 04:45:00+00:00,1.36947,1.3695,1.36937,1.36941,97,14,0
2026-05-13 05:00:00+00:00,1.36941,1.36945,1.36932,1.36941,177,14,0
2026-05-13 05:15:00+00:00,1.36941,1.36957,1.36939,1.3694600000000001,145,14,0
2026-05-13 05:30:00+00:00,1.3694600000000001,1.36982,1.3694600000000001,1.36967,152,14,0
2026-05-13 05:45:00+00:00,1.36966,1.36979,1.36947,1.36957,192,14,0
2026-05-13 06:00:00+00:00,1.3695599999999999,1.36985,1.3694,1.36975,271,14,0
2026-05-13 06:15:00+00:00,1.36977,1.37001,1.36975,1.36984,212,14,0
2026-05-13 06:30:00+00:00,1.36985,1.37025,1.3698299999999999,1.36997,225,14,0
2026-05-13 06:45:00+00:00,1.36997,1.3704,1.36997,1.37021,249,14,0
2026-05-13 07:00:00+00:00,1.37023,1.37082,1.37021,1.37061,322,14,0
2026-05-13 07:15:00+00:00,1.37062,1.37073,1.3704100000000001,1.37059,250,14,0
2026-05-13 07:30:00+00:00,1.37059,1.371,1.37042,1.3707099999999999,268,14,0
2026-05-13 07:45:00+00:00,1.3707,1.37077,1.37036,1.37045,281,14,0
2026-05-13 08:00:00+00:00,1.37047,1.37088,1.3704399999999999,1.3705,309,14,0
2026-05-13 08:15:00+00:00,1.3705,1.3705,1.36997,1.37,229,14,0
2026-05-13 08:30:00+00:00,1.37,1.3704399999999999,1.36992,1.37013,230,14,0
2026-05-13 08:45:00+00:00,1.37012,1.3704100000000001,1.3699,1.36991,310,14,0
2026-05-13 09:00:00+00:00,1.36991,1.37043,1.36988,1.37031,275,14,0
2026-05-13 09:15:00+00:00,1.37031,1.37079,1.37029,1.3706800000000001,262,14,0
2026-05-13 09:30:00+00:00,1.3706800000000001,1.37069,1.37028,1.3704100000000001,215,14,0
2026-05-13 09:45:00+00:00,1.3704100000000001,1.3704399999999999,1.36985,1.36986,182,14,0
2026-05-13 10:00:00+00:00,1.36986,1.36986,1.36938,1.3695,323,14,0
2026-05-13 10:15:00+00:00,1.3695,1.3697599999999999,1.36928,1.36945,327,14,0
2026-05-13 10:30:00+00:00,1.3694600000000001,1.36968,1.36939,1.36945,198,14,0
2026-05-13 10:45:00+00:00,1.36945,1.3695300000000001,1.369,1.36906,282,14,0
2026-05-13 11:00:00+00:00,1.36904,1.3694899999999999,1.369,1.36928,251,14,0
2026-05-13 11:15:00+00:00,1.36928,1.36938,1.36908,1.36908,189,14,0
2026-05-13 11:30:00+00:00,1.36908,1.36927,1.3689200000000001,1.36927,251,14,0
2026-05-13 11:45:00+00:00,1.36927,1.3695599999999999,1.3691499999999999,1.36938,275,14,0
2026-05-13 12:00:00+00:00,1.36939,1.36943,1.3689200000000001,1.36937,355,14,0
2026-05-13 12:15:00+00:00,1.36935,1.37003,1.36933,1.36995,386,14,0
2026-05-13 12:30:00+00:00,1.36997,1.37032,1.36934,1.36943,612,14,0
2026-05-13 12:45:00+00:00,1.36944,1.36969,1.36931,1.36955,396,14,0
2026-05-13 13:00:00+00:00,1.3695300000000001,1.36987,1.36924,1.36948,454,14,0
2026-05-13 13:15:00+00:00,1.36948,1.36982,1.36934,1.36965,357,14,0
2026-05-13 13:30:00+00:00,1.36967,1.37113,1.36967,1.3707500000000001,592,14,0
2026-05-13 13:45:00+00:00,1.3707500000000001,1.37113,1.37056,1.37072,549,14,0
2026-05-13 14:00:00+00:00,1.37073,1.37108,1.37011,1.3702,562,14,0
2026-05-13 14:15:00+00:00,1.3702,1.3704,1.36924,1.36966,539,14,0
2026-05-13 14:30:00+00:00,1.36966,1.37006,1.36944,1.36986,489,14,0
2026-05-13 14:45:00+00:00,1.36986,1.3705,1.36982,1.3704100000000001,540,14,0
2026-05-13 15:00:00+00:00,1.3704100000000001,1.3704399999999999,1.36996,1.37019,441,14,0
2026-05-13 15:15:00+00:00,1.37019,1.37031,1.36971,1.3697300000000001,298,14,0
2026-05-13 15:30:00+00:00,1.36974,1.36989,1.36918,1.36937,442,14,0
2026-05-13 15:45:00+00:00,1.36937,1.37025,1.36935,1.37023,350,14,0
2026-05-13 16:00:00+00:00,1.37025,1.37025,1.3699,1.37003,284,14,0
2026-05-13 16:15:00+00:00,1.37003,1.37026,1.3695599999999999,1.3697300000000001,373,14,0
2026-05-13 16:30:00+00:00,1.36974,1.37004,1.36958,1.37,294,14,0
2026-05-13 16:45:00+00:00,1.37001,1.37052,1.36992,1.37048,296,14,0
2026-05-13 17:00:00+00:00,1.3705,1.37052,1.37018,1.37032,294,14,0
2026-05-13 17:15:00+00:00,1.3703400000000001,1.37051,1.37018,1.3704100000000001,251,14,0
2026-05-13 17:30:00+00:00,1.3704100000000001,1.37063,1.3704,1.37058,226,14,0
2026-05-13 17:45:00+00:00,1.37058,1.3709,1.3705,1.3708,215,14,0
2026-05-13 18:00:00+00:00,1.3708,1.3709,1.37064,1.37067,269,14,0
2026-05-13 18:15:00+00:00,1.37064,1.37116,1.37052,1.37108,271,14,0
2026-05-13 18:30:00+00:00,1.37109,1.3713600000000001,1.3709500000000001,1.3712900000000001,265,14,0
2026-05-13 18:45:00+00:00,1.3712900000000001,1.37181,1.37115,1.3713199999999999,370,14,0
2026-05-13 19:00:00+00:00,1.37131,1.37133,1.37076,1.37077,221,14,0
2026-05-13 19:15:00+00:00,1.37077,1.37086,1.37057,1.37058,207,14,0
2026-05-13 19:30:00+00:00,1.37058,1.37058,1.37029,1.37032,169,14,0
2026-05-13 19:45:00+00:00,1.37032,1.3707,1.37023,1.37042,257,14,0
2026-05-13 20:00:00+00:00,1.3704399999999999,1.37072,1.37035,1.37048,187,14,0
2026-05-13 20:15:00+00:00,1.37048,1.37056,1.3703,1.37055,95,14,0
2026-05-13 20:30:00+00:00,1.37055,1.37074,1.37027,1.3703,163,14,0
2026-05-13 20:45:00+00:00,1.37031,1.37059,1.37026,1.37051,178,14,0
2026-05-13 21:00:00+00:00,1.37049,1.37056,1.37048,1.3705,62,15,0
2026-05-13 21:15:00+00:00,1.37049,1.37054,1.3704399999999999,1.37051,114,21,0
2026-05-13 21:30:00+00:00,1.37051,1.37059,1.3705,1.37059,105,14,0
2026-05-13 21:45:00+00:00,1.37059,1.3706,1.37052,1.37053,149,14,0
2026-05-13 22:00:00+00:00,1.37054,1.37057,1.3703699999999999,1.37045,94,15,0
2026-05-13 22:15:00+00:00,1.37045,1.37045,1.37024,1.37026,54,14,0
2026-05-13 22:30:00+00:00,1.37026,1.37033,1.37011,1.3703,76,14,0
2026-05-13 22:45:00+00:00,1.3703,1.37042,1.3703,1.3704,51,14,0
2026-05-13 23:00:00+00:00,1.3704,1.37043,1.37031,1.37035,62,14,0
2026-05-13 23:15:00+00:00,1.37036,1.37042,1.3703400000000001,1.37039,67,14,0
2026-05-13 23:30:00+00:00,1.37039,1.37053,1.37039,1.37049,81,14,0
2026-05-13 23:45:00+00:00,1.37049,1.37053,1.37043,1.37046,94,14,0
2026-05-14 00:00:00+00:00,1.37046,1.37069,1.3704,1.37051,192,14,0
2026-05-14 00:15:00+00:00,1.37052,1.37065,1.37042,1.37052,184,14,0
2026-05-14 00:30:00+00:00,1.37052,1.37063,1.37039,1.37059,158,14,0
2026-05-14 00:45:00+00:00,1.37059,1.3707,1.3705,1.37051,164,14,0
2026-05-14 01:00:00+00:00,1.37051,1.37065,1.37036,1.37057,260,14,0
2026-05-14 01:15:00+00:00,1.37057,1.37062,1.37049,1.37059,226,14,0
2026-05-14 01:30:00+00:00,1.3706,1.37062,1.3703699999999999,1.37062,189,14,0
2026-05-14 01:45:00+00:00,1.37062,1.37084,1.37054,1.37076,188,14,0
2026-05-14 02:00:00+00:00,1.37077,1.37082,1.3706,1.37072,140,14,0
2026-05-14 02:15:00+00:00,1.3707,1.37084,1.3707,1.3707,118,14,0
2026-05-14 02:30:00+00:00,1.3707,1.37074,1.37062,1.37065,139,14,0
2026-05-14 02:45:00+00:00,1.37065,1.3707799999999999,1.37057,1.37063,132,14,0
2026-05-14 03:00:00+00:00,1.37063,1.37081,1.3706,1.37073,117,14,0
2026-05-14 03:15:00+00:00,1.37073,1.37073,1.37057,1.37057,130,14,0
2026-05-14 03:30:00+00:00,1.37057,1.37074,1.37056,1.37073,137,14,0
2026-05-14 03:45:00+00:00,1.37073,1.37081,1.37069,1.3708,110,14,0
2026-05-14 04:00:00+00:00,1.37081,1.37086,1.3703400000000001,1.3704100000000001,231,14,0
2026-05-14 04:15:00+00:00,1.37042,1.37046,1.37027,1.3704100000000001,130,14,0
2026-05-14 04:30:00+00:00,1.3704100000000001,1.37051,1.37024,1.37032,110,14,0
2026-05-14 04:45:00+00:00,1.37032,1.3704399999999999,1.37018,1.37042,106,14,0
2026-05-14 05:00:00+00:00,1.37042,1.37069,1.37042,1.37062,224,14,0
2026-05-14 05:15:00+00:00,1.37062,1.37065,1.37051,1.37055,141,14,0
2026-05-14 05:30:00+00:00,1.37055,1.3706,1.37046,1.37048,126,14,0
2026-05-14 05:45:00+00:00,1.37049,1.37054,1.37024,1.37054,248,14,0
2026-05-14 06:00:00+00:00,1.37054,1.3707099999999999,1.37038,1.3707099999999999,245,14,0
2026-05-14 06:15:00+00:00,1.3707099999999999,1.37081,1.37033,1.37053,213,14,0
2026-05-14 06:30:00+00:00,1.37053,1.37054,1.37031,1.3704100000000001,183,14,0
2026-05-14 06:45:00+00:00,1.3704100000000001,1.37042,1.37011,1.37026,245,14,0
2026-05-14 07:00:00+00:00,1.37027,1.37048,1.37025,1.37048,277,14,0
2026-05-14 07:15:00+00:00,1.37047,1.37079,1.37047,1.3707,190,14,0
2026-05-14 07:30:00+00:00,1.3707099999999999,1.3708,1.37058,1.3708,192,14,0
2026-05-14 07:45:00+00:00,1.3708,1.37152,1.37072,1.37146,264,14,0
2026-05-14 08:00:00+00:00,1.37148,1.37148,1.37069,1.37073,276,14,0
2026-05-14 08:15:00+00:00,1.37072,1.37085,1.37058,1.3706,230,14,0
2026-05-14 08:30:00+00:00,1.37061,1.37087,1.37039,1.37074,238,14,0
2026-05-14 08:45:00+00:00,1.37074,1.37074,1.37038,1.37049,201,14,0
2026-05-14 09:00:00+00:00,1.3705,1.3706,1.37038,1.37045,239,14,0
2026-05-14 09:15:00+00:00,1.37045,1.3706800000000001,1.37045,1.37051,148,14,0
2026-05-14 09:30:00+00:00,1.37052,1.3709,1.3705,1.37059,238,14,0
2026-05-14 09:45:00+00:00,1.37059,1.37079,1.3705,1.37079,217,14,0
2026-05-14 10:00:00+00:00,1.37079,1.37114,1.37067,1.37109,232,14,0
2026-05-14 10:15:00+00:00,1.37109,1.37134,1.37109,1.37125,192,14,0
2026-05-14 10:30:00+00:00,1.37125,1.37164,1.37112,1.37155,198,14,0
2026-05-14 10:45:00+00:00,1.3715600000000001,1.37171,1.37144,1.37168,199,14,0
2026-05-14 11:00:00+00:00,1.3716599999999999,1.37201,1.37164,1.37183,213,14,0
2026-05-14 11:15:00+00:00,1.37182,1.37203,1.37164,1.37202,166,14,0
2026-05-14 11:30:00+00:00,1.37202,1.37211,1.37183,1.37209,175,14,0
2026-05-14 11:45:00+00:00,1.37209,1.37212,1.37199,1.37209,155,14,0
2026-05-14 12:00:00+00:00,1.3721,1.37236,1.3719000000000001,1.37214,349,14,0
2026-05-14 12:15:00+00:00,1.37214,1.37268,1.37203,1.37259,287,14,0
2026-05-14 12:30:00+00:00,1.3725800000000001,1.37262,1.37209,1.3726,282,14,0
2026-05-14 12:45:00+00:00,1.3726,1.37265,1.37229,1.37243,230,14,0
2026-05-14 13:00:00+00:00,1.37243,1.37256,1.37219,1.37233,320,14,0
2026-05-14 13:15:00+00:00,1.37233,1.37252,1.3721999999999999,1.3722699999999999,309,14,0
2026-05-14 13:30:00+00:00,1.37228,1.37274,1.37205,1.3721,514,14,0
2026-05-14 13:45:00+00:00,1.37209,1.37269,1.37175,1.37269,587,14,0
2026-05-14 14:00:00+00:00,1.37271,1.37284,1.37146,1.37146,419,14,0
2026-05-14 14:15:00+00:00,1.37147,1.37212,1.3713,1.3721,440,14,0
2026-05-14 14:30:00+00:00,1.3721,1.37248,1.37209,1.37237,356,14,0
2026-05-14 14:45:00+00:00,1.37235,1.37308,1.37232,1.37296,431,14,0
2026-05-14 15:00:00+00:00,1.37297,1.37371,1.37297,1.37335,473,14,0
2026-05-14 15:15:00+00:00,1.37334,1.3735,1.37307,1.37324,400,14,0
2026-05-14 15:30:00+00:00,1.37326,1.37333,1.3722699999999999,1.37238,421,14,0
2026-05-14 15:45:00+00:00,1.37237,1.3726,1.37237,1.37246,321,14,0
2026-05-14 16:00:00+00:00,1.37247,1.37287,1.37219,1.37219,458,14,0
2026-05-14 16:15:00+00:00,1.3721999999999999,1.37293,1.37218,1.37279,446,14,0
2026-05-14 16:30:00+00:00,1.37279,1.37298,1.37244,1.37259,373,14,0
2026-05-14 16:45:00+00:00,1.37259,1.37272,1.37216,1.3721700000000001,346,14,0
2026-05-14 17:00:00+00:00,1.37216,1.37231,1.3719000000000001,1.3722699999999999,301,14,0
2026-05-14 17:15:00+00:00,1.3722699999999999,1.37271,1.3722400000000001,1.37269,282,14,0
2026-05-14 17:30:00+00:00,1.37269,1.3728,1.37219,1.3721999999999999,257,14,0
2026-05-14 17:45:00+00:00,1.3721999999999999,1.3724,1.37198,1.3724,232,14,0
2026-05-14 18:00:00+00:00,1.37243,1.37296,1.37243,1.37244,381,14,0
2026-05-14 18:15:00+00:00,1.37243,1.37255,1.37219,1.3723,241,14,0
2026-05-14 18:30:00+00:00,1.3723,1.37276,1.37228,1.37259,260,14,0
2026-05-14 18:45:00+00:00,1.37259,1.37269,1.37229,1.37236,261,14,0
2026-05-14 19:00:00+00:00,1.37234,1.37257,1.37225,1.37239,212,14,0
2026-05-14 19:15:00+00:00,1.37239,1.37262,1.37238,1.37262,172,14,0
2026-05-14 19:30:00+00:00,1.37262,1.37286,1.37241,1.37279,237,14,0
2026-05-14 19:45:00+00:00,1.3727800000000001,1.3728799999999999,1.37231,1.37238,283,14,0
2026-05-14 20:00:00+00:00,1.37239,1.37257,1.37214,1.37241,207,14,0
2026-05-14 20:15:00+00:00,1.37241,1.3726099999999999,1.37212,1.37212,138,14,0
2026-05-14 20:30:00+00:00,1.37212,1.3723,1.3719000000000001,1.3722699999999999,126,14,0
2026-05-14 20:45:00+00:00,1.3722699999999999,1.3722699999999999,1.3717,1.37187,189,14,0
2026-05-14 21:00:00+00:00,1.37186,1.37186,1.37178,1.37181,63,21,0
2026-05-14 21:15:00+00:00,1.37183,1.37189,1.37176,1.37179,132,22,0
2026-05-14 21:30:00+00:00,1.37179,1.37196,1.37177,1.3719000000000001,142,22,0
2026-05-14 21:45:00+00:00,1.3719000000000001,1.37199,1.37188,1.3719700000000001,80,26,0
2026-05-14 22:00:00+00:00,1.37199,1.37199,1.37153,1.3716,101,14,0
2026-05-14 22:15:00+00:00,1.3716,1.37161,1.37145,1.3715899999999999,44,16,0
2026-05-14 22:30:00+00:00,1.3716,1.37169,1.37145,1.3715,83,16,0
2026-05-14 22:45:00+00:00,1.3715,1.3716599999999999,1.3715,1.3716,55,14,0
2026-05-14 23:00:00+00:00,1.3716,1.37214,1.3716,1.37207,95,14,0
2026-05-14 23:15:00+00:00,1.37207,1.37221,1.3719700000000001,1.3719700000000001,99,14,0
2026-05-14 23:30:00+00:00,1.37196,1.3721700000000001,1.37196,1.37215,88,14,0
2026-05-14 23:45:00+00:00,1.37215,1.37242,1.37203,1.37237,103,14,0
2026-05-15 00:00:00+00:00,1.37237,1.37266,1.37235,1.3726,295,14,0
2026-05-15 00:15:00+00:00,1.3726,1.37276,1.37246,1.37276,203,14,0
2026-05-15 00:30:00+00:00,1.37275,1.37338,1.37275,1.37337,221,14,0
2026-05-15 00:45:00+00:00,1.37337,1.37366,1.37327,1.37348,210,14,0
2026-05-15 01:00:00+00:00,1.3735,1.37365,1.37348,1.37357,254,14,0
2026-05-15 01:15:00+00:00,1.37359,1.37401,1.37359,1.374,217,14,0
2026-05-15 01:30:00+00:00,1.37401,1.37421,1.37368,1.37386,290,14,0
2026-05-15 01:45:00+00:00,1.37386,1.3742,1.3738299999999999,1.37411,244,14,0
2026-05-15 02:00:00+00:00,1.37411,1.3742,1.37398,1.37399,239,14,0
2026-05-15 02:15:00+00:00,1.37399,1.37404,1.3737,1.37387,177,14,0
2026-05-15 02:30:00+00:00,1.37387,1.3739,1.37375,1.37377,151,14,0
2026-05-15 02:45:00+00:00,1.3737599999999999,1.37384,1.37355,1.3737599999999999,226,14,0
2026-05-15 03:00:00+00:00,1.3737599999999999,1.37396,1.37366,1.37394,200,14,0
2026-05-15 03:15:00+00:00,1.37394,1.37399,1.37385,1.37386,158,14,0
2026-05-15 03:30:00+00:00,1.37386,1.37396,1.37377,1.37385,178,14,0
2026-05-15 03:45:00+00:00,1.37385,1.37396,1.37379,1.37393,146,14,0
2026-05-15 04:00:00+00:00,1.37395,1.3740999999999999,1.37394,1.37394,112,14,0
2026-05-15 04:15:00+00:00,1.37394,1.37412,1.37394,1.37412,85,14,0
2026-05-15 04:30:00+00:00,1.37412,1.37445,1.3740700000000001,1.37445,147,14,0
2026-05-15 04:45:00+00:00,1.37445,1.37459,1.37435,1.37455,169,14,0
2026-05-15 05:00:00+00:00,1.37455,1.37567,1.37455,1.37551,427,14,0
2026-05-15 05:15:00+00:00,1.3755,1.37554,1.37507,1.37508,257,14,0
2026-05-15 05:30:00+00:00,1.37508,1.37526,1.37452,1.3748,250,14,0
2026-05-15 05:45:00+00:00,1.3748,1.37549,1.3748,1.37527,430,14,0
2026-05-15 06:00:00+00:00,1.3752900000000001,1.3752900000000001,1.37388,1.37413,472,14,0
2026-05-15 06:15:00+00:00,1.37411,1.3744399999999999,1.37394,1.37435,365,14,0
2026-05-15 06:30:00+00:00,1.37433,1.37453,1.37425,1.37425,365,14,0
2026-05-15 06:45:00+00:00,1.37423,1.3752,1.3742,1.37517,318,14,0
2026-05-15 07:00:00+00:00,1.37518,1.37547,1.37401,1.37401,396,14,0
2026-05-15 07:15:00+00:00,1.37401,1.3743400000000001,1.37388,1.37411,383,14,0
2026-05-15 07:30:00+00:00,1.37411,1.37462,1.3740999999999999,1.37421,339,14,0
2026-05-15 07:45:00+00:00,1.37421,1.37494,1.37421,1.37465,278,14,0
2026-05-15 08:00:00+00:00,1.37465,1.37511,1.37458,1.37504,343,14,0
2026-05-15 08:15:00+00:00,1.3750499999999999,1.37531,1.3746,1.37482,292,14,0
2026-05-15 08:30:00+00:00,1.37482,1.375,1.37445,1.37455,324,14,0
2026-05-15 08:45:00+00:00,1.37455,1.37487,1.37452,1.3747500000000001,277,14,0
2026-05-15 09:00:00+00:00,1.37473,1.3754,1.3747099999999999,1.37535,354,14,0
2026-05-15 09:15:00+00:00,1.37535,1.37568,1.37516,1.37517,338,14,0
2026-05-15 09:30:00+00:00,1.37517,1.37568,1.37514,1.37567,252,14,0
2026-05-15 09:45:00+00:00,1.37567,1.37572,1.3752900000000001,1.3753,266,14,0
2026-05-15 10:00:00+00:00,1.3753,1.3753600000000001,1.37442,1.37449,315,14,0
2026-05-15 10:15:00+00:00,1.37448,1.3747,1.37415,1.37435,346,14,0
2026-05-15 10:30:00+00:00,1.37435,1.37435,1.37388,1.37409,293,14,0
2026-05-15 10:45:00+00:00,1.3740999999999999,1.37431,1.37341,1.37421,522,14,0
2026-05-15 11:00:00+00:00,1.37421,1.37451,1.37411,1.37431,363,14,0
2026-05-15 11:15:00+00:00,1.37431,1.3747099999999999,1.37412,1.3747,269,14,0
2026-05-15 11:30:00+00:00,1.3747099999999999,1.37524,1.37454,1.37521,300,14,0
2026-05-15 11:45:00+00:00,1.3752,1.37537,1.37497,1.37514,344,14,0
2026-05-15 12:00:00+00:00,1.37516,1.37567,1.37511,1.37537,399,14,0
2026-05-15 12:15:00+00:00,1.37538,1.37568,1.37522,1.3756300000000001,365,14,0
2026-05-15 12:30:00+00:00,1.37564,1.37589,1.37549,1.37569,357,14,0
2026-05-15 12:45:00+00:00,1.37571,1.37589,1.3750499999999999,1.37531,396,14,0
2026-05-15 13:00:00+00:00,1.3752900000000001,1.37572,1.37509,1.3753199999999999,454,14,0
2026-05-15 13:15:00+00:00,1.3753,1.37577,1.37527,1.37574,362,14,0
2026-05-15 13:30:00+00:00,1.37572,1.3765800000000001,1.37565,1.3765800000000001,587,14,0
2026-05-15 13:45:00+00:00,1.3765800000000001,1.37664,1.37571,1.37577,579,14,0
2026-05-15 14:00:00+00:00,1.37577,1.37643,1.37573,1.3759000000000001,698,14,0
2026-05-15 14:15:00+00:00,1.37588,1.37595,1.37521,1.3758,557,14,0
2026-05-15 14:30:00+00:00,1.37579,1.3758,1.37513,1.37546,527,14,0
2026-05-15 14:45:00+00:00,1.37547,1.3764,1.37545,1.3759000000000001,575,14,0
2026-05-15 15:00:00+00:00,1.37588,1.37639,1.37553,1.37568,483,14,0
2026-05-15 15:15:00+00:00,1.3757,1.3762699999999999,1.37561,1.37612,476,14,0
2026-05-15 15:30:00+00:00,1.3761,1.3761,1.37553,1.37568,479,14,0
2026-05-15 15:45:00+00:00,1.3757,1.37572,1.37507,1.37508,442,14,0
2026-05-15 16:00:00+00:00,1.3750499999999999,1.3753199999999999,1.37488,1.37488,422,14,0
2026-05-15 16:15:00+00:00,1.37488,1.37491,1.37433,1.3743699999999999,409,14,0
2026-05-15 16:30:00+00:00,1.3743699999999999,1.37439,1.37338,1.37338,415,14,0
2026-05-15 16:45:00+00:00,1.37337,1.37384,1.37327,1.37341,363,14,0
2026-05-15 17:00:00+00:00,1.37343,1.37361,1.37303,1.37308,386,14,0
2026-05-15 17:15:00+00:00,1.37308,1.3737300000000001,1.37308,1.37372,343,14,0
2026-05-15 17:30:00+00:00,1.37372,1.37425,1.37355,1.37417,279,14,0
2026-05-15 17:45:00+00:00,1.37415,1.37424,1.37397,1.37406,207,14,0
2026-05-15 18:00:00+00:00,1.37406,1.37481,1.37404,1.37479,329,14,0
2026-05-15 18:15:00+00:00,1.37478,1.37541,1.37478,1.3752499999999999,343,14,0
2026-05-15 18:30:00+00:00,1.37523,1.37572,1.3752,1.37537,354,14,0
2026-05-15 18:45:00+00:00,1.37537,1.3754,1.3751,1.37527,293,14,0
2026-05-15 19:00:00+00:00,1.3752499999999999,1.37547,1.37517,1.3753600000000001,217,14,0
2026-05-15 19:15:00+00:00,1.3753600000000001,1.3754,1.37511,1.37515,242,14,0
2026-05-15 19:30:00+00:00,1.37514,1.37551,1.37499,1.37549,233,14,0
2026-05-15 19:45:00+00:00,1.37549,1.37581,1.37519,1.3753199999999999,337,14,0
2026-05-15 20:00:00+00:00,1.3753199999999999,1.37578,1.37523,1.37571,272,14,0
2026-05-15 20:15:00+00:00,1.3757,1.37571,1.37541,1.37547,182,14,0
2026-05-15 20:30:00+00:00,1.37547,1.37572,1.37518,1.3755,224,14,0
2026-05-15 20:45:00+00:00,1.3755,1.3755,1.37465,1.37478,236,14,0
2026-05-17 21:00:00+00:00,1.37484,1.37484,1.3747099999999999,1.37473,18,40,0
2026-05-17 21:15:00+00:00,1.37472,1.37485,1.3747099999999999,1.37483,70,40,0
2026-05-17 21:30:00+00:00,1.37482,1.37516,1.37482,1.37507,87,40,0
2026-05-17 21:45:00+00:00,1.37506,1.37514,1.375,1.37503,81,35,0
2026-05-17 22:00:00+00:00,1.3751,1.37515,1.37482,1.37503,272,16,0
2026-05-17 22:15:00+00:00,1.37503,1.37511,1.37497,1.37511,108,16,0
2026-05-17 22:30:00+00:00,1.3751,1.3752499999999999,1.37499,1.3751,102,14,0
2026-05-17 22:45:00+00:00,1.37508,1.3753,1.37508,1.37523,120,14,0
2026-05-17 23:00:00+00:00,1.37523,1.3753,1.3750499999999999,1.37513,132,14,0
2026-05-17 23:15:00+00:00,1.37513,1.37539,1.3750499999999999,1.37534,92,14,0
2026-05-17 23:30:00+00:00,1.3753600000000001,1.37616,1.3753600000000001,1.3759000000000001,246,14,0
2026-05-17 23:45:00+00:00,1.37591,1.37629,1.3759000000000001,1.37619,265,14,0
2026-05-18 00:00:00+00:00,1.3761700000000001,1.3761999999999999,1.37558,1.3761,446,14,0
2026-05-18 00:15:00+00:00,1.3761,1.37613,1.37568,1.37604,330,14,0
2026-05-18 00:30:00+00:00,1.37604,1.37619,1.37582,1.37615,326,14,0
2026-05-18 00:45:00+00:00,1.3761700000000001,1.37629,1.37598,1.376,307,14,0
2026-05-18 01:00:00+00:00,1.37602,1.3762400000000001,1.37565,1.37577,359,14,0
2026-05-18 01:15:00+00:00,1.37576,1.37594,1.37558,1.37574,378,14,0
2026-05-18 01:30:00+00:00,1.37575,1.37594,1.37555,1.37585,330,14,0
2026-05-18 01:45:00+00:00,1.37585,1.37605,1.37537,1.37546,293,14,0
2026-05-18 02:00:00+00:00,1.37546,1.37604,1.37546,1.37568,279,14,0
2026-05-18 02:15:00+00:00,1.37568,1.37571,1.3754,1.37546,205,14,0
2026-05-18 02:30:00+00:00,1.37547,1.37573,1.37528,1.3755600000000001,222,14,0
2026-05-18 02:45:00+00:00,1.3755600000000001,1.37595,1.37555,1.37575,201,14,0
2026-05-18 03:00:00+00:00,1.37576,1.37576,1.37553,1.37554,199,14,0
2026-05-18 03:15:00+00:00,1.37554,1.3755600000000001,1.3752499999999999,1.37527,165,14,0
2026-05-18 03:30:00+00:00,1.37527,1.37549,1.37506,1.37506,239,14,0
2026-05-18 03:45:00+00:00,1.37506,1.37527,1.37499,1.37517,205,14,0
2026-05-18 04:00:00+00:00,1.37518,1.37527,1.37497,1.37499,211,14,0
2026-05-18 04:15:00+00:00,1.375,1.3753,1.3749500000000001,1.3752499999999999,152,14,0
2026-05-18 04:30:00+00:00,1.37526,1.37527,1.37507,1.3751,137,14,0
2026-05-18 04:45:00+00:00,1.3751,1.3754,1.37506,1.3753,181,14,0
2026-05-18 05:00:00+00:00,1.3753,1.37543,1.37517,1.3754,196,14,0
2026-05-18 05:15:00+00:00,1.3754,1.3755600000000001,1.375,1.37503,228,14,0
2026-05-18 05:30:00+00:00,1.3750200000000001,1.3753600000000001,1.3749799999999999,1.37521,232,14,0
2026-05-18 05:45:00+00:00,1.37522,1.3753600000000001,1.37511,1.37519,212,14,0
2026-05-18 06:00:00+00:00,1.37519,1.3753,1.37496,1.37504,332,14,0
2026-05-18 06:15:00+00:00,1.37504,1.37504,1.37452,1.3747099999999999,302,14,0
2026-05-18 06:30:00+00:00,1.3747,1.3747500000000001,1.37442,1.3746,230,14,0
2026-05-18 06:45:00+00:00,1.3746,1.37462,1.3740700000000001,1.3743,237,14,0
2026-05-18 07:00:00+00:00,1.3743,1.3747,1.37428,1.3745,294,14,0
2026-05-18 07:15:00+00:00,1.3745,1.37488,1.37399,1.3740299999999999,338,14,0
2026-05-18 07:30:00+00:00,1.37404,1.37424,1.37384,1.37422,302,14,0
2026-05-18 07:45:00+00:00,1.37423,1.37466,1.37414,1.3745,295,14,0
2026-05-18 08:00:00+00:00,1.3745,1.37461,1.37426,1.37429,290,14,0
2026-05-18 08:15:00+00:00,1.37429,1.3743,1.37369,1.37384,213,14,0
2026-05-18 08:30:00+00:00,1.3738299999999999,1.37396,1.3733,1.37395,303,14,0
2026-05-18 08:45:00+00:00,1.37396,1.37397,1.37353,1.37365,228,14,0
2026-05-18 09:00:00+00:00,1.37365,1.37411,1.37355,1.3740999999999999,227,14,0
2026-05-18 09:15:00+00:00,1.37411,1.37433,1.37397,1.37416,222,14,0
2026-05-18 09:30:00+00:00,1.37415,1.37427,1.374,1.37408,195,14,0
2026-05-18 09:45:00+00:00,1.37408,1.37431,1.37395,1.37431,161,14,0
2026-05-18 10:00:00+00:00,1.37432,1.37455,1.37412,1.37416,237,14,0
2026-05-18 10:15:00+00:00,1.37416,1.37426,1.37393,1.3740299999999999,181,14,0
2026-05-18 10:30:00+00:00,1.3740299999999999,1.37425,1.37391,1.37422,235,14,0
2026-05-18 10:45:00+00:00,1.37422,1.37447,1.37402,1.37446,180,14,0
2026-05-18 11:00:00+00:00,1.37448,1.37492,1.37431,1.37491,306,14,0
2026-05-18 11:15:00+00:00,1.37491,1.37509,1.37482,1.37508,225,14,0
2026-05-18 11:30:00+00:00,1.3751,1.3753,1.3740700000000001,1.3740999999999999,583,14,0
2026-05-18 11:45:00+00:00,1.37408,1.3748,1.37397,1.37462,395,14,0
2026-05-18 12:00:00+00:00,1.3746399999999999,1.3747500000000001,1.37393,1.37406,348,14,0
2026-05-18 12:15:00+00:00,1.37405,1.37416,1.3738299999999999,1.37393,323,14,0
2026-05-18 12:30:00+00:00,1.37393,1.37396,1.37329,1.37333,436,14,0
2026-05-18 12:45:00+00:00,1.37334,1.37395,1.37318,1.37386,435,14,0
2026-05-18 13:00:00+00:00,1.37386,1.37408,1.3734,1.3737599999999999,465,14,0
2026-05-18 13:15:00+00:00,1.37377,1.37409,1.37357,1.37366,310,14,0
2026-05-18 13:30:00+00:00,1.37366,1.3743400000000001,1.37366,1.37405,428,14,0
2026-05-18 13:45:00+00:00,1.37405,1.37448,1.37374,1.37442,501,14,0
2026-05-18 14:00:00+00:00,1.37443,1.37501,1.37394,1.3749500000000001,475,14,0
2026-05-18 14:15:00+00:00,1.3749500000000001,1.3751,1.37388,1.37391,483,14,0
2026-05-18 14:30:00+00:00,1.3739,1.37453,1.37374,1.3744100000000001,500,14,0
2026-05-18 14:45:00+00:00,1.3744100000000001,1.37462,1.37391,1.37411,451,14,0
2026-05-18 15:00:00+00:00,1.37412,1.375,1.37402,1.3747099999999999,522,14,0
2026-05-18 15:15:00+00:00,1.3747099999999999,1.37492,1.37452,1.37458,335,14,0
2026-05-18 15:30:00+00:00,1.3746,1.37479,1.37418,1.3744100000000001,391,14,0
2026-05-18 15:45:00+00:00,1.3744100000000001,1.3746800000000001,1.37408,1.37427,328,14,0
2026-05-18 16:00:00+00:00,1.37425,1.37451,1.37386,1.37387,380,14,0
2026-05-18 16:15:00+00:00,1.37387,1.3746,1.3737300000000001,1.37458,387,14,0
2026-05-18 16:30:00+00:00,1.37459,1.37463,1.37392,1.37402,296,14,0
2026-05-18 16:45:00+00:00,1.37402,1.3742,1.37385,1.37408,305,14,0
2026-05-18 17:00:00+00:00,1.3740999999999999,1.37422,1.37384,1.37402,269,14,0
2026-05-18 17:15:00+00:00,1.37402,1.37411,1.37387,1.3740299999999999,227,14,0
2026-05-18 17:30:00+00:00,1.3740299999999999,1.37412,1.37392,1.37405,212,14,0
2026-05-18 17:45:00+00:00,1.37405,1.37406,1.37385,1.37391,217,14,0
2026-05-18 18:00:00+00:00,1.37391,1.37422,1.37386,1.37421,265,14,0
2026-05-18 18:15:00+00:00,1.37421,1.37472,1.37413,1.37458,297,14,0
2026-05-18 18:30:00+00:00,1.37458,1.37486,1.37449,1.37462,295,14,0
2026-05-18 18:45:00+00:00,1.37461,1.37499,1.37461,1.37499,275,14,0
2026-05-18 19:00:00+00:00,1.37497,1.375,1.37357,1.37421,754,14,0
2026-05-18 19:15:00+00:00,1.3742,1.37427,1.374,1.37408,336,14,0
2026-05-18 19:30:00+00:00,1.37406,1.37418,1.37381,1.37382,283,14,0
2026-05-18 19:45:00+00:00,1.37382,1.3739,1.37358,1.37386,286,14,0
2026-05-18 20:00:00+00:00,1.37384,1.37397,1.37365,1.37367,129,14,0
2026-05-18 20:15:00+00:00,1.37367,1.3737,1.37353,1.37356,103,14,0
2026-05-18 20:30:00+00:00,1.37356,1.37386,1.37356,1.37372,106,14,0
2026-05-18 20:45:00+00:00,1.37372,1.37395,1.37372,1.3739,114,14,0
2026-05-18 21:00:00+00:00,1.37391,1.37391,1.37378,1.37384,111,14,0
2026-05-18 21:15:00+00:00,1.37385,1.37389,1.37377,1.37387,116,17,0
2026-05-18 21:30:00+00:00,1.37387,1.37391,1.37382,1.37387,137,21,0
2026-05-18 21:45:00+00:00,1.37387,1.37393,1.37385,1.37393,57,35,0
2026-05-18 22:00:00+00:00,1.3740299999999999,1.37409,1.37366,1.37372,81,16,0
2026-05-18 22:15:00+00:00,1.37372,1.37372,1.37355,1.37356,37,16,0
2026-05-18 22:30:00+00:00,1.37356,1.37364,1.37356,1.37364,53,16,0
2026-05-18 22:45:00+00:00,1.37365,1.37378,1.37365,1.37369,60,14,0
2026-05-18 23:00:00+00:00,1.3737,1.37377,1.37366,1.37372,84,14,0
2026-05-18 23:15:00+00:00,1.37372,1.37378,1.37363,1.37369,64,14,0
2026-05-18 23:30:00+00:00,1.37369,1.37377,1.37359,1.37363,75,14,0
2026-05-18 23:45:00+00:00,1.37363,1.37385,1.37363,1.3738299999999999,82,14,0
2026-05-19 00:00:00+00:00,1.37384,1.37423,1.37367,1.37423,295,14,0
2026-05-19 00:15:00+00:00,1.37422,1.37428,1.37385,1.37408,269,14,0
2026-05-19 00:30:00+00:00,1.3740700000000001,1.37454,1.37405,1.37451,201,14,0
2026-05-19 00:45:00+00:00,1.37451,1.3747500000000001,1.37445,1.37472,214,14,0
2026-05-19 01:00:00+00:00,1.37472,1.37485,1.3746800000000001,1.3747500000000001,220,14,0
2026-05-19 01:15:00+00:00,1.3747500000000001,1.37488,1.37463,1.3748,189,14,0
2026-05-19 01:30:00+00:00,1.37479,1.37499,1.37436,1.3744,290,14,0
2026-05-19 01:45:00+00:00,1.3744,1.37479,1.37436,1.37478,234,14,0
2026-05-19 02:00:00+00:00,1.37478,1.3751,1.37478,1.37499,284,14,0
2026-05-19 02:15:00+00:00,1.37499,1.37507,1.37462,1.3748,210,14,0
2026-05-19 02:30:00+00:00,1.3748,1.37487,1.37465,1.37469,229,14,0
2026-05-19 02:45:00+00:00,1.3747,1.37485,1.37455,1.3746,174,14,0
2026-05-19 03:00:00+00:00,1.3746,1.37472,1.37432,1.3743699999999999,197,14,0
2026-05-19 03:15:00+00:00,1.3743699999999999,1.37448,1.37432,1.37436,152,14,0
2026-05-19 03:30:00+00:00,1.3743699999999999,1.37447,1.37432,1.37447,150,14,0
2026-05-19 03:45:00+00:00,1.37447,1.37465,1.37447,1.3746,137,14,0
2026-05-19 04:00:00+00:00,1.37459,1.37477,1.37458,1.37467,174,14,0
2026-05-19 04:15:00+00:00,1.37467,1.37485,1.37462,1.37482,158,14,0
2026-05-19 04:30:00+00:00,1.37482,1.37513,1.37473,1.37511,144,14,0
2026-05-19 04:45:00+00:00,1.37511,1.37524,1.37506,1.37516,174,14,0
2026-05-19 05:00:00+00:00,1.37517,1.37523,1.37486,1.3749500000000001,194,14,0
2026-05-19 05:15:00+00:00,1.3749500000000001,1.37533,1.37493,1.37516,201,14,0
2026-05-19 05:30:00+00:00,1.37515,1.37523,1.3749,1.37494,233,14,0
2026-05-19 05:45:00+00:00,1.3749500000000001,1.37501,1.37454,1.37459,242,14,0
2026-05-19 06:00:00+00:00,1.37457,1.37469,1.37426,1.37446,322,14,0
2026-05-19 06:15:00+00:00,1.37446,1.3746,1.3743,1.37459,237,14,0
2026-05-19 06:30:00+00:00,1.37462,1.3747500000000001,1.37427,1.37427,239,14,0
2026-05-19 06:45:00+00:00,1.37427,1.3747500000000001,1.37427,1.3746,232,14,0
2026-05-19 07:00:00+00:00,1.3746,1.37492,1.37456,1.37472,361,14,0
2026-05-19 07:15:00+00:00,1.3747099999999999,1.3747099999999999,1.37439,1.37446,239,14,0
2026-05-19 07:30:00+00:00,1.37446,1.37473,1.37445,1.37473,225,14,0
2026-05-19 07:45:00+00:00,1.37473,1.37488,1.37433,1.37486,320,14,0
2026-05-19 08:00:00+00:00,1.37487,1.3752,1.37487,1.3751,333,14,0
2026-05-19 08:15:00+00:00,1.3751,1.37571,1.37508,1.37558,276,14,0
2026-05-19 08:30:00+00:00,1.37557,1.3755899999999999,1.37522,1.3755600000000001,227,14,0
2026-05-19 08:45:00+00:00,1.37555,1.3759700000000001,1.37538,1.37595,227,14,0
2026-05-19 09:00:00+00:00,1.37596,1.37631,1.3759000000000001,1.37621,229,14,0
2026-05-19 09:15:00+00:00,1.37621,1.37645,1.3761700000000001,1.37635,214,14,0
2026-05-19 09:30:00+00:00,1.37634,1.37643,1.37613,1.37641,202,14,0
2026-05-19 09:45:00+00:00,1.37641,1.37656,1.37629,1.37632,194,14,0
2026-05-19 10:00:00+00:00,1.37634,1.3764,1.37595,1.37631,237,14,0
2026-05-19 10:15:00+00:00,1.37631,1.37656,1.37629,1.37647,213,14,0
2026-05-19 10:30:00+00:00,1.37645,1.3771200000000001,1.37642,1.37707,236,14,0
2026-05-19 10:45:00+00:00,1.37708,1.3771,1.37616,1.3761700000000001,319,14,0
2026-05-19 11:00:00+00:00,1.37616,1.37619,1.37558,1.3756,261,14,0
2026-05-19 11:15:00+00:00,1.3756,1.37565,1.37465,1.37465,265,14,0
2026-05-19 11:30:00+00:00,1.37465,1.37478,1.37431,1.37438,262,14,0
2026-05-19 11:45:00+00:00,1.37439,1.37517,1.3743699999999999,1.37516,250,14,0
2026-05-19 12:00:00+00:00,1.37516,1.37583,1.375,1.3755899999999999,426,14,0
2026-05-19 12:15:00+00:00,1.3755899999999999,1.37561,1.37493,1.37503,333,14,0
2026-05-19 12:30:00+00:00,1.37496,1.37734,1.37491,1.3771499999999999,811,14,0
2026-05-19 12:45:00+00:00,1.37713,1.37718,1.37594,1.37643,453,14,0
2026-05-19 13:00:00+00:00,1.37645,1.3768,1.37609,1.37645,510,14,0
2026-05-19 13:15:00+00:00,1.37644,1.37693,1.37607,1.37625,455,14,0
2026-05-19 13:30:00+00:00,1.37623,1.37694,1.37592,1.37625,628,14,0
2026-05-19 13:45:00+00:00,1.3762400000000001,1.37671,1.37587,1.37642,644,14,0
2026-05-19 14:00:00+00:00,1.37644,1.37659,1.37573,1.37641,665,14,0
2026-05-19 14:15:00+00:00,1.37641,1.37693,1.37607,1.37659,576,14,0
2026-05-19 14:30:00+00:00,1.37657,1.37689,1.37625,1.37687,500,14,0
2026-05-19 14:45:00+00:00,1.37687,1.37714,1.37636,1.37699,566,14,0
2026-05-19 15:00:00+00:00,1.37698,1.37706,1.37672,1.3767800000000001,399,14,0
2026-05-19 15:15:00+00:00,1.3767800000000001,1.3768099999999999,1.3762400000000001,1.3762699999999999,324,14,0
2026-05-19 15:30:00+00:00,1.37628,1.37642,1.37567,1.37585,349,14,0
2026-05-19 15:45:00+00:00,1.37587,1.37596,1.37551,1.37553,331,14,0
2026-05-19 16:00:00+00:00,1.37553,1.37609,1.3752900000000001,1.37579,415,14,0
2026-05-19 16:15:00+00:00,1.3758,1.37586,1.37497,1.37504,368,14,0
2026-05-19 16:30:00+00:00,1.37504,1.37506,1.37463,1.3746800000000001,390,14,0
2026-05-19 16:45:00+00:00,1.37467,1.37501,1.37466,1.37485,288,14,0
2026-05-19 17:00:00+00:00,1.37485,1.3751,1.37474,1.37503,277,14,0
2026-05-19 17:15:00+00:00,1.3750499999999999,1.3752,1.375,1.37507,217,14,0
2026-05-19 17:30:00+00:00,1.37507,1.3752499999999999,1.3749799999999999,1.37508,270,14,0
2026-05-19 17:45:00+00:00,1.37508,1.3752,1.375,1.37513,262,14,0
2026-05-19 18:00:00+00:00,1.37511,1.37512,1.3746,1.3748,288,14,0
2026-05-19 18:15:00+00:00,1.37481,1.37507,1.37479,1.37497,291,14,0
2026-05-19 18:30:00+00:00,1.37497,1.37509,1.37469,1.37481,316,14,0
2026-05-19 18:45:00+00:00,1.37481,1.37494,1.37463,1.37486,287,14,0
2026-05-19 19:00:00+00:00,1.37488,1.37499,1.37457,1.3746800000000001,264,14,0
2026-05-19 19:15:00+00:00,1.37469,1.3751,1.3746399999999999,1.37487,217,14,0
2026-05-19 19:30:00+00:00,1.37487,1.37508,1.37429,1.37438,249,14,0
2026-05-19 19:45:00+00:00,1.37438,1.37517,1.37429,1.37491,317,14,0
2026-05-19 20:00:00+00:00,1.37491,1.37528,1.37474,1.37497,250,14,0
2026-05-19 20:15:00+00:00,1.37497,1.37516,1.3749500000000001,1.3750499999999999,109,14,0
2026-05-19 20:30:00+00:00,1.37503,1.37506,1.37474,1.37479,118,14,0
2026-05-19 20:45:00+00:00,1.3748,1.37485,1.37425,1.37431,178,14,0
2026-05-19 21:00:00+00:00,1.37432,1.3744100000000001,1.3743,1.37438,69,14,0
2026-05-19 21:15:00+00:00,1.3744,1.3744100000000001,1.37429,1.37433,82,14,0
2026-05-19 21:30:00+00:00,1.37432,1.37442,1.37432,1.37442,115,15,0
2026-05-19 21:45:00+00:00,1.37442,1.37443,1.37435,1.37443,70,15,0
2026-05-19 22:00:00+00:00,1.3744399999999999,1.37458,1.37443,1.3744399999999999,82,14,0
2026-05-19 22:15:00+00:00,1.37443,1.37446,1.37431,1.37436,87,14,0
2026-05-19 22:30:00+00:00,1.37436,1.37449,1.3743400000000001,1.37447,69,14,0
2026-05-19 22:45:00+00:00,1.37448,1.37448,1.3743400000000001,1.37435,55,14,0
2026-05-19 23:00:00+00:00,1.37435,1.37439,1.37433,1.37436,49,14,0
2026-05-19 23:15:00+00:00,1.37436,1.3743699999999999,1.37427,1.3743,57,14,0
2026-05-19 23:30:00+00:00,1.3743,1.3743,1.37417,1.37428,70,14,0
2026-05-19 23:45:00+00:00,1.37428,1.37488,1.37428,1.37484,146,14,0
2026-05-20 00:00:00+00:00,1.37485,1.3756,1.37485,1.37548,360,14,0
2026-05-20 00:15:00+00:00,1.37549,1.3756,1.37509,1.37535,293,14,0
2026-05-20 00:30:00+00:00,1.37534,1.37534,1.375,1.3753199999999999,317,14,0
2026-05-20 00:45:00+00:00,1.3753199999999999,1.37578,1.37524,1.37572,279,14,0
2026-05-20 01:00:00+00:00,1.37572,1.37599,1.37565,1.37589,328,14,0
2026-05-20 01:15:00+00:00,1.37589,1.37592,1.3755899999999999,1.37586,290,14,0
2026-05-20 01:30:00+00:00,1.37586,1.37604,1.37555,1.3757,364,14,0
2026-05-20 01:45:00+00:00,1.3757,1.37576,1.37517,1.3755,374,14,0
2026-05-20 02:00:00+00:00,1.37549,1.3755600000000001,1.37528,1.3753,224,14,0
2026-05-20 02:15:00+00:00,1.3753,1.37551,1.37516,1.37538,252,14,0
2026-05-20 02:30:00+00:00,1.37539,1.37571,1.3753600000000001,1.37551,319,14,0
2026-05-20 02:45:00+00:00,1.37551,1.37569,1.37535,1.37552,230,14,0
2026-05-20 03:00:00+00:00,1.37551,1.37565,1.37546,1.37555,185,14,0
2026-05-20 03:15:00+00:00,1.37554,1.37555,1.37516,1.37522,166,14,0
2026-05-20 03:30:00+00:00,1.37522,1.37531,1.37516,1.3752499999999999,225,14,0
2026-05-20 03:45:00+00:00,1.3752499999999999,1.37547,1.37524,1.37546,171,14,0
2026-05-20 04:00:00+00:00,1.37546,1.3755899999999999,1.37512,1.3753600000000001,237,14,0
2026-05-20 04:15:00+00:00,1.3753600000000001,1.37569,1.3753600000000001,1.3756599999999999,170,14,0
2026-05-20 04:30:00+00:00,1.37565,1.37592,1.37562,1.37579,174,14,0
2026-05-20 04:45:00+00:00,1.3758,1.37589,1.37574,1.37588,156,14,0
2026-05-20 05:00:00+00:00,1.37589,1.37589,1.37555,1.3758,227,14,0
2026-05-20 05:15:00+00:00,1.3758,1.37596,1.37568,1.37592,183,14,0
2026-05-20 05:30:00+00:00,1.37592,1.37592,1.3755600000000001,1.37572,232,14,0
2026-05-20 05:45:00+00:00,1.37572,1.37596,1.3757,1.37574,200,14,0
2026-05-20 06:00:00+00:00,1.37575,1.3761,1.37575,1.37605,331,14,0
2026-05-20 06:15:00+00:00,1.37605,1.37605,1.37562,1.3757,285,14,0
2026-05-20 06:30:00+00:00,1.37569,1.3762400000000001,1.37568,1.376,251,14,0
2026-05-20 06:45:00+00:00,1.376,1.37656,1.37596,1.37644,257,14,0
2026-05-20 07:00:00+00:00,1.37643,1.37666,1.37623,1.3765,339,14,0
2026-05-20 07:15:00+00:00,1.37649,1.37661,1.37598,1.37661,274,14,0
2026-05-20 07:30:00+00:00,1.37661,1.37695,1.37652,1.37695,248,14,0
2026-05-20 07:45:00+00:00,1.37695,1.3771900000000001,1.37687,1.37718,201,14,0
2026-05-20 08:00:00+00:00,1.37717,1.37718,1.3765399999999999,1.37677,337,14,0
2026-05-20 08:15:00+00:00,1.37677,1.37694,1.37644,1.37675,311,14,0
2026-05-20 08:30:00+00:00,1.37675,1.37701,1.37655,1.37657,250,14,0
2026-05-20 08:45:00+00:00,1.3765800000000001,1.3771900000000001,1.37653,1.3771900000000001,194,14,0
2026-05-20 09:00:00+00:00,1.3772,1.3772199999999999,1.3768500000000001,1.37714,225,14,0
2026-05-20 09:15:00+00:00,1.3771499999999999,1.37736,1.37709,1.37733,145,14,0
2026-05-20 09:30:00+00:00,1.37731,1.3774899999999999,1.3772,1.37743,180,14,0
2026-05-20 09:45:00+00:00,1.37743,1.37779,1.3774199999999999,1.37768,212,14,0
2026-05-20 10:00:00+00:00,1.37768,1.3777599999999999,1.37741,1.37747,178,14,0
2026-05-20 10:15:00+00:00,1.37747,1.3774899999999999,1.377,1.37711,187,14,0
2026-05-20 10:30:00+00:00,1.37711,1.37711,1.3767,1.37684,192,14,0
2026-05-20 10:45:00+00:00,1.37684,1.37711,1.37673,1.3768099999999999,205,14,0
2026-05-20 11:00:00+00:00,1.3768,1.37699,1.37645,1.37659,185,14,0
2026-05-20 11:15:00+00:00,1.3766,1.3766,1.37582,1.37585,208,14,0
2026-05-20 11:30:00+00:00,1.37584,1.37585,1.37528,1.3755899999999999,287,14,0
2026-05-20 11:45:00+00:00,1.3755899999999999,1.3759299999999999,1.3753199999999999,1.3753199999999999,289,14,0
2026-05-20 12:00:00+00:00,1.37534,1.37579,1.37523,1.37557,317,14,0
2026-05-20 12:15:00+00:00,1.3755899999999999,1.37657,1.37537,1.37655,379,14,0
2026-05-20 12:30:00+00:00,1.37655,1.37655,1.37591,1.3759299999999999,303,14,0
2026-05-20 12:45:00+00:00,1.37592,1.37645,1.37585,1.37612,290,14,0
2026-05-20 13:00:00+00:00,1.37614,1.37637,1.37586,1.3762699999999999,350,14,0
2026-05-20 13:15:00+00:00,1.37629,1.37648,1.37586,1.37586,311,14,0
2026-05-20 13:30:00+00:00,1.37588,1.37615,1.3756,1.37613,479,14,0
2026-05-20 13:45:00+00:00,1.37611,1.37733,1.37592,1.37721,497,14,0
2026-05-20 14:00:00+00:00,1.37721,1.37755,1.37694,1.3773900000000001,575,14,0
2026-05-20 14:15:00+00:00,1.37737,1.37738,1.37547,1.37553,1034,14,0
2026-05-20 14:30:00+00:00,1.37555,1.37555,1.3749500000000001,1.37504,639,14,0
2026-05-20 14:45:00+00:00,1.3750200000000001,1.37527,1.37384,1.37402,675,14,0
2026-05-20 15:00:00+00:00,1.37402,1.37528,1.3739,1.37521,501,14,0
2026-05-20 15:15:00+00:00,1.37521,1.37523,1.37306,1.37427,1267,14,0
2026-05-20 15:30:00+00:00,1.37426,1.37426,1.3732,1.3738000000000001,617,14,0
2026-05-20 15:45:00+00:00,1.3738000000000001,1.37519,1.37374,1.3747,698,14,0
2026-05-20 16:00:00+00:00,1.37469,1.37474,1.3738000000000001,1.37399,436,14,0
2026-05-20 16:15:00+00:00,1.37398,1.3743,1.37369,1.37415,443,14,0
2026-05-20 16:30:00+00:00,1.37414,1.37447,1.37402,1.37402,363,14,0
2026-05-20 16:45:00+00:00,1.374,1.37489,1.37374,1.3747099999999999,445,14,0
2026-05-20 17:00:00+00:00,1.37469,1.37537,1.37459,1.37508,495,14,0
2026-05-20 17:15:00+00:00,1.37508,1.37521,1.37483,1.37501,365,14,0
2026-05-20 17:30:00+00:00,1.375,1.3753,1.37478,1.3753,320,14,0
2026-05-20 17:45:00+00:00,1.3753,1.37547,1.37518,1.3753199999999999,281,14,0
2026-05-20 18:00:00+00:00,1.37531,1.37549,1.37482,1.37488,277,14,0
2026-05-20 18:15:00+00:00,1.3749,1.37494,1.37443,1.37447,362,14,0
2026-05-20 18:30:00+00:00,1.37446,1.37482,1.3743400000000001,1.37482,290,14,0
2026-05-20 18:45:00+00:00,1.37484,1.37484,1.37427,1.37477,340,14,0
2026-05-20 19:00:00+00:00,1.37479,1.37485,1.3743699999999999,1.37463,221,14,0
2026-05-20 19:15:00+00:00,1.37463,1.37466,1.37446,1.37456,198,14,0
2026-05-20 19:30:00+00:00,1.37456,1.37457,1.37424,1.3744399999999999,224,14,0
2026-05-20 19:45:00+00:00,1.37445,1.3746399999999999,1.37412,1.37425,285,14,0
2026-05-20 20:00:00+00:00,1.37425,1.37447,1.37412,1.37439,214,14,0
2026-05-20 20:15:00+00:00,1.37438,1.37457,1.37419,1.37433,219,14,0
2026-05-20 20:30:00+00:00,1.37431,1.3744399999999999,1.37399,1.3744,146,14,0
2026-05-20 20:45:00+00:00,1.37438,1.37446,1.37427,1.37445,114,14,0
2026-05-20 21:00:00+00:00,1.3744399999999999,1.37446,1.37379,1.37412,303,14,0
2026-05-20 21:15:00+00:00,1.37413,1.37423,1.3740700000000001,1.37421,508,31,0
2026-05-20 21:30:00+00:00,1.3742,1.37425,1.37418,1.37419,126,28,0
2026-05-20 21:45:00+00:00,1.37418,1.37427,1.37417,1.37427,91,25,0
2026-05-20 22:00:00+00:00,1.3743400000000001,1.37466,1.37433,1.37442,104,14,0
2026-05-20 22:15:00+00:00,1.37443,1.37452,1.37442,1.3744399999999999,61,14,0
2026-05-20 22:30:00+00:00,1.3744399999999999,1.3745,1.37442,1.37449,57,14,0
2026-05-20 22:45:00+00:00,1.37449,1.37458,1.37448,1.37453,35,14,0
2026-05-20 23:00:00+00:00,1.37453,1.37459,1.37448,1.37456,46,14,0
2026-05-20 23:15:00+00:00,1.37456,1.37476,1.37456,1.37476,39,14,0
2026-05-20 23:30:00+00:00,1.37476,1.37486,1.3747500000000001,1.37486,35,14,0
2026-05-20 23:45:00+00:00,1.37486,1.37486,1.37455,1.37478,132,14,0
2026-05-21 00:00:00+00:00,1.37477,1.375,1.37466,1.37479,219,14,0
2026-05-21 00:15:00+00:00,1.37479,1.37508,1.3746800000000001,1.37485,198,14,0
2026-05-21 00:30:00+00:00,1.37487,1.3750200000000001,1.37487,1.37496,151,14,0
2026-05-21 00:45:00+00:00,1.37496,1.3749799999999999,1.37477,1.37489,167,14,0
2026-05-21 01:00:00+00:00,1.37489,1.37497,1.37461,1.37469,214,14,0
2026-05-21 01:15:00+00:00,1.37469,1.37477,1.37453,1.37474,197,14,0
2026-05-21 01:30:00+00:00,1.37476,1.37528,1.37476,1.37515,363,14,0
2026-05-21 01:45:00+00:00,1.37515,1.37585,1.37513,1.37567,325,14,0
2026-05-21 02:00:00+00:00,1.37565,1.37578,1.3755,1.37576,276,14,0
2026-05-21 02:15:00+00:00,1.37576,1.37612,1.3757,1.37611,237,14,0
2026-05-21 02:30:00+00:00,1.37611,1.37625,1.37589,1.37611,265,14,0
2026-05-21 02:45:00+00:00,1.37612,1.37657,1.3761,1.37641,230,14,0
2026-05-21 03:00:00+00:00,1.3764,1.37641,1.37612,1.3763,159,14,0
2026-05-21 03:15:00+00:00,1.3763,1.37638,1.37607,1.3761999999999999,120,14,0
2026-05-21 03:30:00+00:00,1.37621,1.37645,1.37616,1.37622,133,14,0
2026-05-21 03:45:00+00:00,1.37622,1.37636,1.37616,1.37632,128,14,0
2026-05-21 04:00:00+00:00,1.37632,1.37636,1.37612,1.37628,136,14,0
2026-05-21 04:15:00+00:00,1.37628,1.37631,1.37609,1.3761,108,14,0
2026-05-21 04:30:00+00:00,1.3761,1.3761999999999999,1.37604,1.3761,129,14,0
2026-05-21 04:45:00+00:00,1.37611,1.37623,1.37609,1.37622,145,14,0
2026-05-21 05:00:00+00:00,1.37621,1.37629,1.37608,1.3762699999999999,185,14,0
2026-05-21 05:15:00+00:00,1.37625,1.37657,1.3762400000000001,1.37656,131,14,0
2026-05-21 05:30:00+00:00,1.37655,1.37659,1.37641,1.37647,155,14,0
2026-05-21 05:45:00+00:00,1.37647,1.37667,1.37625,1.3763,199,14,0
2026-05-21 06:00:00+00:00,1.3763,1.37646,1.37618,1.37618,272,14,0
2026-05-21 06:15:00+00:00,1.37619,1.37625,1.37594,1.37599,278,14,0
2026-05-21 06:30:00+00:00,1.37598,1.37645,1.3759000000000001,1.37629,253,14,0
2026-05-21 06:45:00+00:00,1.37629,1.37643,1.3761700000000001,1.37635,270,14,0
2026-05-21 07:00:00+00:00,1.37635,1.37656,1.37625,1.37647,314,14,0
2026-05-21 07:15:00+00:00,1.37649,1.37711,1.37649,1.37711,376,14,0
2026-05-21 07:30:00+00:00,1.37709,1.37734,1.37702,1.3772199999999999,242,14,0
2026-05-21 07:45:00+00:00,1.3772199999999999,1.37734,1.3771200000000001,1.37731,226,14,0
2026-05-21 08:00:00+00:00,1.37734,1.37761,1.37664,1.37668,344,14,0
2026-05-21 08:15:00+00:00,1.37669,1.37675,1.3761700000000001,1.3761700000000001,438,14,0
2026-05-21 08:30:00+00:00,1.37619,1.37675,1.37619,1.37673,335,14,0
2026-05-21 08:45:00+00:00,1.37674,1.37696,1.37653,1.37673,298,14,0
2026-05-21 09:00:00+00:00,1.37674,1.37695,1.37659,1.37665,239,14,0
2026-05-21 09:15:00+00:00,1.37665,1.37676,1.37635,1.37635,231,14,0
2026-05-21 09:30:00+00:00,1.37635,1.37656,1.37612,1.37656,255,14,0
2026-05-21 09:45:00+00:00,1.37655,1.37676,1.37648,1.37664,228,14,0
2026-05-21 10:00:00+00:00,1.37664,1.37668,1.3765,1.37664,166,14,0
2026-05-21 10:15:00+00:00,1.37665,1.37709,1.37659,1.37684,347,14,0
2026-05-21 10:30:00+00:00,1.37684,1.3773,1.37665,1.37675,449,14,0
2026-05-21 10:45:00+00:00,1.37675,1.37687,1.37625,1.3765,369,14,0
2026-05-21 11:00:00+00:00,1.3765,1.37657,1.37612,1.37635,315,14,0
2026-05-21 11:15:00+00:00,1.37636,1.3765100000000001,1.37602,1.3764,246,14,0
2026-05-21 11:30:00+00:00,1.3764,1.37648,1.3761700000000001,1.37626,248,14,0
2026-05-21 11:45:00+00:00,1.37626,1.37689,1.37626,1.37686,221,14,0
2026-05-21 12:00:00+00:00,1.37687,1.37725,1.37669,1.37701,303,14,0
2026-05-21 12:15:00+00:00,1.37701,1.3774199999999999,1.37691,1.37718,282,14,0
2026-05-21 12:30:00+00:00,1.3772,1.37728,1.37672,1.3768,479,14,0
2026-05-21 12:45:00+00:00,1.3768099999999999,1.3774600000000001,1.3765399999999999,1.37745,376,14,0
2026-05-21 13:00:00+00:00,1.37747,1.3784100000000001,1.3773,1.3784,419,14,0
2026-05-21 13:15:00+00:00,1.37838,1.37873,1.37824,1.37862,383,14,0
2026-05-21 13:30:00+00:00,1.3786,1.37889,1.37835,1.37887,414,14,0
2026-05-21 13:45:00+00:00,1.37885,1.37888,1.37824,1.37846,569,14,0
2026-05-21 14:00:00+00:00,1.37845,1.37939,1.37842,1.3792,480,14,0
2026-05-21 14:15:00+00:00,1.37921,1.3796300000000001,1.37911,1.37917,451,14,0
2026-05-21 14:30:00+00:00,1.37917,1.3799299999999999,1.37901,1.37985,429,14,0
2026-05-21 14:45:00+00:00,1.37987,1.37991,1.3783,1.37886,659,14,0
2026-05-21 15:00:00+00:00,1.37887,1.37941,1.37857,1.37878,588,14,0
2026-05-21 15:15:00+00:00,1.37877,1.37927,1.37855,1.37858,400,14,0
2026-05-21 15:30:00+00:00,1.37858,1.37913,1.37839,1.37885,339,14,0
2026-05-21 15:45:00+00:00,1.37885,1.3789799999999999,1.37866,1.37884,373,14,0
2026-05-21 16:00:00+00:00,1.37883,1.3792200000000001,1.37855,1.379,407,14,0
2026-05-21 16:15:00+00:00,1.37901,1.37915,1.37872,1.37882,293,14,0
2026-05-21 16:30:00+00:00,1.37882,1.37899,1.37855,1.37894,272,14,0
2026-05-21 16:45:00+00:00,1.37894,1.37912,1.37836,1.37853,290,14,0
2026-05-21 17:00:00+00:00,1.37852,1.37875,1.37823,1.3784100000000001,494,14,0
2026-05-21 17:15:00+00:00,1.3784100000000001,1.3784100000000001,1.3773900000000001,1.37764,729,14,0
2026-05-21 17:30:00+00:00,1.37764,1.37789,1.3773900000000001,1.37769,467,14,0
2026-05-21 17:45:00+00:00,1.37767,1.37799,1.37736,1.37772,458,14,0
2026-05-21 18:00:00+00:00,1.37774,1.37782,1.3772199999999999,1.37754,477,14,0
2026-05-21 18:15:00+00:00,1.37755,1.37764,1.37669,1.37682,336,14,0
2026-05-21 18:30:00+00:00,1.3768099999999999,1.37738,1.37677,1.37728,306,14,0
2026-05-21 18:45:00+00:00,1.37728,1.37846,1.37724,1.37821,557,14,0
2026-05-21 19:00:00+00:00,1.37822,1.3783,1.37775,1.3780000000000001,387,14,0
2026-05-21 19:15:00+00:00,1.3780000000000001,1.37806,1.37775,1.37795,227,14,0
2026-05-21 19:30:00+00:00,1.37796,1.37796,1.37763,1.37792,257,14,0
2026-05-21 19:45:00+00:00,1.37792,1.37821,1.37765,1.37785,344,14,0
2026-05-21 20:00:00+00:00,1.37786,1.37804,1.3777300000000001,1.37791,191,14,0
2026-05-21 20:15:00+00:00,1.37791,1.37796,1.37762,1.37767,148,14,0
2026-05-21 20:30:00+00:00,1.37767,1.37784,1.37767,1.37779,106,14,0
2026-05-21 20:45:00+00:00,1.37779,1.37795,1.3777,1.37772,163,14,0
2026-05-21 21:00:00+00:00,1.3777300000000001,1.3777300000000001,1.37763,1.37768,91,15,0
2026-05-21 21:15:00+00:00,1.37769,1.37774,1.37764,1.37771,65,14,0
2026-05-21 21:30:00+00:00,1.37771,1.37777,1.37761,1.37768,223,14,0
2026-05-21 21:45:00+00:00,1.37767,1.37772,1.37754,1.37766,151,21,0
2026-05-21 22:00:00+00:00,1.37767,1.3777,1.37737,1.37768,70,14,0
2026-05-21 22:15:00+00:00,1.37768,1.37768,1.37755,1.37759,36,14,0
2026-05-21 22:30:00+00:00,1.37759,1.3776,1.3773900000000001,1.3774199999999999,70,14,0
2026-05-21 22:45:00+00:00,1.3774199999999999,1.3776,1.37734,1.37751,93,14,0
2026-05-21 23:00:00+00:00,1.37751,1.37765,1.37741,1.37761,79,14,0
2026-05-21 23:15:00+00:00,1.3776,1.37771,1.37759,1.3776,63,14,0
2026-05-21 23:30:00+00:00,1.37761,1.37772,1.37755,1.37771,63,14,0
2026-05-21 23:45:00+00:00,1.37771,1.37772,1.37755,1.37759,108,14,0
2026-05-22 00:00:00+00:00,1.37759,1.37875,1.37758,1.37855,292,14,0
2026-05-22 00:15:00+00:00,1.37855,1.37866,1.37838,1.3784,203,14,0
2026-05-22 00:30:00+00:00,1.3784,1.37858,1.37836,1.3784100000000001,171,14,0
2026-05-22 00:45:00+00:00,1.3784100000000001,1.37849,1.37827,1.3783,182,14,0
2026-05-22 01:00:00+00:00,1.3783,1.37882,1.37828,1.37854,205,14,0
2026-05-22 01:15:00+00:00,1.37854,1.37866,1.37843,1.37847,184,14,0
2026-05-22 01:30:00+00:00,1.37847,1.37854,1.3783400000000001,1.37848,228,14,0
2026-05-22 01:45:00+00:00,1.37848,1.37888,1.37831,1.37885,184,14,0
2026-05-22 02:00:00+00:00,1.37887,1.37891,1.37872,1.37889,187,14,0
2026-05-22 02:15:00+00:00,1.37888,1.3789500000000001,1.3787099999999999,1.37872,173,14,0
2026-05-22 02:30:00+00:00,1.37872,1.37875,1.37853,1.3787,152,14,0
2026-05-22 02:45:00+00:00,1.37869,1.37894,1.37863,1.37879,165,14,0
2026-05-22 03:00:00+00:00,1.37878,1.3791,1.37876,1.37906,143,14,0
2026-05-22 03:15:00+00:00,1.37906,1.3792,1.37886,1.37887,163,14,0
2026-05-22 03:30:00+00:00,1.37885,1.37894,1.3788,1.37892,130,14,0
2026-05-22 03:45:00+00:00,1.37892,1.37911,1.37888,1.3791,106,14,0
2026-05-22 04:00:00+00:00,1.37911,1.37921,1.37891,1.37891,87,14,0
2026-05-22 04:15:00+00:00,1.37891,1.3789500000000001,1.37872,1.37877,94,14,0
2026-05-22 04:30:00+00:00,1.37876,1.37907,1.37876,1.37899,107,14,0
2026-05-22 04:45:00+00:00,1.37899,1.37901,1.3788,1.37885,91,14,0
2026-05-22 05:00:00+00:00,1.37887,1.37892,1.37872,1.37882,131,14,0
2026-05-22 05:15:00+00:00,1.37882,1.37894,1.3788,1.37892,143,14,0
2026-05-22 05:30:00+00:00,1.37892,1.37912,1.37883,1.3791,160,14,0
2026-05-22 05:45:00+00:00,1.3791,1.3792900000000001,1.37835,1.37923,318,14,0
2026-05-22 06:00:00+00:00,1.37926,1.37931,1.37899,1.37927,241,14,0
2026-05-22 06:15:00+00:00,1.3792900000000001,1.37944,1.37908,1.37909,207,14,0
2026-05-22 06:30:00+00:00,1.37909,1.37945,1.37908,1.37927,170,14,0
2026-05-22 06:45:00+00:00,1.37927,1.37939,1.37894,1.3789500000000001,215,14,0
2026-05-22 07:00:00+00:00,1.37896,1.37948,1.37896,1.37937,237,14,0
2026-05-22 07:15:00+00:00,1.37937,1.37946,1.37911,1.37915,237,14,0
2026-05-22 07:30:00+00:00,1.37915,1.3794,1.37909,1.3791,206,14,0
2026-05-22 07:45:00+00:00,1.3791,1.37919,1.3789,1.37899,166,14,0
2026-05-22 08:00:00+00:00,1.37897,1.37909,1.3789,1.379,238,14,0
2026-05-22 08:15:00+00:00,1.379,1.37901,1.37832,1.37851,303,14,0
2026-05-22 08:30:00+00:00,1.37851,1.37894,1.37832,1.3786100000000001,323,14,0
2026-05-22 08:45:00+00:00,1.3786100000000001,1.3786100000000001,1.37832,1.37842,185,14,0
2026-05-22 09:00:00+00:00,1.37842,1.37897,1.3783400000000001,1.37896,276,14,0
2026-05-22 09:15:00+00:00,1.37897,1.3793,1.37897,1.3790499999999999,215,14,0
2026-05-22 09:30:00+00:00,1.3790499999999999,1.3792900000000001,1.3790200000000001,1.3792900000000001,182,14,0
2026-05-22 09:45:00+00:00,1.3792900000000001,1.3792900000000001,1.37899,1.3791,165,14,0
2026-05-22 10:00:00+00:00,1.3791,1.37923,1.37903,1.37911,167,14,0
2026-05-22 10:15:00+00:00,1.37913,1.3795600000000001,1.37912,1.3795600000000001,144,14,0
2026-05-22 10:30:00+00:00,1.3795600000000001,1.37981,1.37947,1.37977,172,14,0
2026-05-22 10:45:00+00:00,1.37977,1.3798300000000001,1.37968,1.37971,110,14,0
2026-05-22 11:00:00+00:00,1.37971,1.37992,1.3797,1.37984,129,14,0
2026-05-22 11:15:00+00:00,1.37985,1.3798599999999999,1.37953,1.3796,153,14,0
2026-05-22 11:30:00+00:00,1.37961,1.37997,1.3796,1.37987,173,14,0
2026-05-22 11:45:00+00:00,1.37987,1.38014,1.37946,1.38003,281,14,0
2026-05-22 12:00:00+00:00,1.38003,1.3801700000000001,1.37965,1.3798599999999999,365,14,0
2026-05-22 12:15:00+00:00,1.37987,1.38063,1.37985,1.3806,346,14,0
2026-05-22 12:30:00+00:00,1.38061,1.38061,1.37989,1.38026,333,14,0
2026-05-22 12:45:00+00:00,1.38026,1.3806,1.38002,1.38031,295,14,0
2026-05-22 13:00:00+00:00,1.3803,1.38039,1.37906,1.37936,495,14,0
2026-05-22 13:15:00+00:00,1.37936,1.3799299999999999,1.37936,1.37991,329,14,0
2026-05-22 13:30:00+00:00,1.37991,1.38043,1.37979,1.38,517,14,0
2026-05-22 13:45:00+00:00,1.38,1.38015,1.3797,1.37973,329,14,0
2026-05-22 14:00:00+00:00,1.37975,1.3807800000000001,1.37975,1.38075,495,14,0
2026-05-22 14:15:00+00:00,1.38076,1.38124,1.38071,1.38107,461,14,0
2026-05-22 14:30:00+00:00,1.38105,1.38158,1.38101,1.38138,326,14,0
2026-05-22 14:45:00+00:00,1.38136,1.38191,1.38122,1.38186,577,14,0
2026-05-22 15:00:00+00:00,1.38186,1.38204,1.38144,1.3816,393,14,0
2026-05-22 15:15:00+00:00,1.3816,1.38178,1.38147,1.38167,293,14,0
2026-05-22 15:30:00+00:00,1.38166,1.38197,1.38138,1.38189,331,14,0
2026-05-22 15:45:00+00:00,1.38189,1.38216,1.38166,1.38179,324,14,0
2026-05-22 16:00:00+00:00,1.38177,1.38217,1.3813900000000001,1.38144,362,14,0
2026-05-22 16:15:00+00:00,1.3814600000000001,1.3814899999999999,1.38109,1.38138,273,14,0
2026-05-22 16:30:00+00:00,1.38138,1.38141,1.3811,1.38121,256,14,0
2026-05-22 16:45:00+00:00,1.38121,1.38121,1.38076,1.38077,241,14,0
2026-05-22 17:00:00+00:00,1.38077,1.38093,1.38062,1.38083,241,14,0
2026-05-22 17:15:00+00:00,1.38083,1.38097,1.3804699999999999,1.38071,377,14,0
2026-05-22 17:30:00+00:00,1.3807,1.38125,1.38058,1.38123,291,14,0
2026-05-22 17:45:00+00:00,1.38123,1.38133,1.38097,1.38103,160,14,0
2026-05-22 18:00:00+00:00,1.38103,1.3812,1.3805100000000001,1.38058,282,14,0
2026-05-22 18:15:00+00:00,1.38058,1.3808500000000001,1.38055,1.38068,195,14,0
2026-05-22 18:30:00+00:00,1.38069,1.38071,1.38038,1.38064,187,14,0
2026-05-22 18:45:00+00:00,1.38065,1.38084,1.3805,1.38084,188,14,0
2026-05-22 19:00:00+00:00,1.3808500000000001,1.38111,1.38075,1.38093,239,14,0
2026-05-22 19:15:00+00:00,1.38093,1.38095,1.38053,1.38064,138,14,0
2026-05-22 19:30:00+00:00,1.38063,1.38098,1.38061,1.38097,213,14,0
2026-05-22 19:45:00+00:00,1.38098,1.3814,1.38098,1.38138,230,14,0
2026-05-22 20:00:00+00:00,1.3813900000000001,1.38144,1.38111,1.3813,146,14,0
2026-05-22 20:15:00+00:00,1.38128,1.38147,1.38119,1.38145,93,14,0
2026-05-22 20:30:00+00:00,1.38145,1.38175,1.38143,1.38166,144,14,0
2026-05-22 20:45:00+00:00,1.38166,1.3823699999999999,1.38153,1.38185,237,14,0
2026-05-24 21:00:00+00:00,1.38125,1.38128,1.38021,1.38048,51,82,0
2026-05-24 21:15:00+00:00,1.3805,1.3808099999999999,1.38018,1.38062,212,46,0
2026-05-24 21:30:00+00:00,1.38062,1.38109,1.38036,1.38107,137,40,0
2026-05-24 21:45:00+00:00,1.3810799999999999,1.38127,1.38082,1.38127,142,40,0
2026-05-24 22:00:00+00:00,1.3813900000000001,1.3813900000000001,1.38036,1.38052,192,16,0
2026-05-24 22:15:00+00:00,1.38052,1.3806,1.38012,1.3801700000000001,160,16,0
2026-05-24 22:30:00+00:00,1.3801700000000001,1.3801700000000001,1.37987,1.37997,130,16,0
2026-05-24 22:45:00+00:00,1.37997,1.3801700000000001,1.37987,1.38012,99,16,0
2026-05-24 23:00:00+00:00,1.38013,1.38013,1.37987,1.37991,129,14,0
2026-05-24 23:15:00+00:00,1.37991,1.37992,1.37977,1.37985,85,14,0
2026-05-24 23:30:00+00:00,1.3798599999999999,1.38014,1.37985,1.38014,127,14,0
2026-05-24 23:45:00+00:00,1.38014,1.38037,1.38005,1.3801999999999999,179,14,0
2026-05-25 00:00:00+00:00,1.3801999999999999,1.38055,1.3801999999999999,1.38043,201,14,0
2026-05-25 00:15:00+00:00,1.38043,1.3807,1.38043,1.38053,258,14,0
2026-05-25 00:30:00+00:00,1.38052,1.38073,1.38045,1.38065,174,14,0
2026-05-25 00:45:00+00:00,1.38065,1.38067,1.3801,1.38032,263,14,0
2026-05-25 01:00:00+00:00,1.38032,1.38053,1.37977,1.37977,276,14,0
2026-05-25 01:15:00+00:00,1.37977,1.37984,1.37952,1.37953,155,14,0
2026-05-25 01:30:00+00:00,1.37955,1.3798599999999999,1.37951,1.37971,162,14,0
2026-05-25 01:45:00+00:00,1.37971,1.37988,1.37965,1.37988,122,14,0
2026-05-25 02:00:00+00:00,1.37988,1.37988,1.3795600000000001,1.3797,145,14,0
2026-05-25 02:15:00+00:00,1.3797,1.3798300000000001,1.3796300000000001,1.37973,132,14,0
2026-05-25 02:30:00+00:00,1.37974,1.37984,1.3797,1.37978,116,14,0
2026-05-25 02:45:00+00:00,1.37978,1.38006,1.37976,1.37999,119,14,0
2026-05-25 03:00:00+00:00,1.37999,1.38016,1.3799000000000001,1.38014,163,14,0
2026-05-25 03:15:00+00:00,1.38014,1.38046,1.38014,1.38045,156,14,0
2026-05-25 03:30:00+00:00,1.3804400000000001,1.38073,1.38039,1.38071,116,14,0
2026-05-25 03:45:00+00:00,1.38071,1.38095,1.38069,1.3808,155,14,0
2026-05-25 04:00:00+00:00,1.3808,1.38094,1.38065,1.38093,123,14,0
2026-05-25 04:15:00+00:00,1.38093,1.38099,1.3808099999999999,1.38087,100,14,0
2026-05-25 04:30:00+00:00,1.38087,1.38089,1.38064,1.38072,143,14,0
2026-05-25 04:45:00+00:00,1.38072,1.38072,1.38046,1.3805399999999999,109,14,0
2026-05-25 05:00:00+00:00,1.3805399999999999,1.38056,1.38033,1.3805100000000001,168,14,0
2026-05-25 05:15:00+00:00,1.3805,1.3807,1.3804400000000001,1.38063,81,14,0
2026-05-25 05:30:00+00:00,1.38064,1.38077,1.38053,1.38059,122,14,0
2026-05-25 05:45:00+00:00,1.38059,1.38105,1.38058,1.38093,122,14,0
2026-05-25 06:00:00+00:00,1.38094,1.3813,1.38093,1.38118,170,14,0
2026-05-25 06:15:00+00:00,1.38118,1.3813,1.3808500000000001,1.38106,129,14,0
2026-05-25 06:30:00+00:00,1.38106,1.38113,1.3808099999999999,1.38094,151,14,0
2026-05-25 06:45:00+00:00,1.38094,1.38095,1.38077,1.38093,132,14,0
2026-05-25 07:00:00+00:00,1.38092,1.38151,1.38092,1.3813,215,14,0
2026-05-25 07:15:00+00:00,1.3813,1.38198,1.38126,1.38162,308,14,0
2026-05-25 07:30:00+00:00,1.38162,1.38168,1.3814199999999999,1.38165,219,14,0
2026-05-25 07:45:00+00:00,1.38165,1.38168,1.3815,1.38151,133,14,0
2026-05-25 08:00:00+00:00,1.3814899999999999,1.38198,1.3814600000000001,1.38151,239,14,0
2026-05-25 08:15:00+00:00,1.38151,1.38159,1.3814,1.38156,156,14,0
2026-05-25 08:30:00+00:00,1.38156,1.38158,1.38125,1.38151,148,14,0
2026-05-25 08:45:00+00:00,1.38151,1.38152,1.38116,1.38122,188,14,0
2026-05-25 09:00:00+00:00,1.38121,1.38137,1.3810799999999999,1.38137,101,14,0
2026-05-25 09:15:00+00:00,1.38137,1.38153,1.38133,1.3814,111,14,0
2026-05-25 09:30:00+00:00,1.3814,1.38141,1.3810799999999999,1.38109,126,14,0
2026-05-25 09:45:00+00:00,1.38109,1.3813900000000001,1.38109,1.38138,101,14,0
2026-05-25 10:00:00+00:00,1.3813900000000001,1.38145,1.38119,1.38137,124,14,0
2026-05-25 10:15:00+00:00,1.38137,1.38148,1.38133,1.3814,95,14,0
2026-05-25 10:30:00+00:00,1.3814,1.38155,1.38131,1.38138,113,14,0
2026-05-25 10:45:00+00:00,1.38138,1.3815,1.38127,1.38141,95,14,0
2026-05-25 11:00:00+00:00,1.3813900000000001,1.3817300000000001,1.38137,1.38166,99,14,0
2026-05-25 11:15:00+00:00,1.38166,1.38166,1.38113,1.38117,94,14,0
2026-05-25 11:30:00+00:00,1.38117,1.38128,1.38067,1.38069,160,14,0
2026-05-25 11:45:00+00:00,1.3807,1.3810799999999999,1.38068,1.3810799999999999,170,14,0
2026-05-25 12:00:00+00:00,1.3810799999999999,1.38131,1.38106,1.38114,156,14,0
2026-05-25 12:15:00+00:00,1.38114,1.38132,1.38107,1.3811,172,14,0
2026-05-25 12:30:00+00:00,1.3811,1.38111,1.38058,1.3807,193,14,0
2026-05-25 12:45:00+00:00,1.3807,1.38076,1.38043,1.3806,186,14,0
2026-05-25 13:00:00+00:00,1.38061,1.3807,1.38032,1.38043,198,14,0
2026-05-25 13:15:00+00:00,1.38045,1.38068,1.38014,1.38023,206,14,0
2026-05-25 13:30:00+00:00,1.3802400000000001,1.38068,1.38023,1.38068,210,14,0
2026-05-25 13:45:00+00:00,1.38066,1.38099,1.38065,1.38086,201,14,0
2026-05-25 14:00:00+00:00,1.38086,1.38089,1.3804,1.38045,197,14,0
2026-05-25 14:15:00+00:00,1.38045,1.38048,1.38006,1.38038,182,14,0
2026-05-25 14:30:00+00:00,1.38039,1.38042,1.37982,1.3798300000000001,173,14,0
2026-05-25 14:45:00+00:00,1.3798300000000001,1.38012,1.3798300000000001,1.38002,239,14,0
2026-05-25 15:00:00+00:00,1.38003,1.38022,1.37962,1.37988,328,14,0
2026-05-25 15:15:00+00:00,1.37988,1.38007,1.37969,1.38007,204,14,0
2026-05-25 15:30:00+00:00,1.38007,1.38011,1.37957,1.37958,140,14,0
2026-05-25 15:45:00+00:00,1.37958,1.37969,1.37944,1.37965,155,14,0
2026-05-25 16:00:00+00:00,1.37965,1.37996,1.3796,1.37976,152,14,0
2026-05-25 16:15:00+00:00,1.37976,1.37997,1.37974,1.3798599999999999,119,14,0
2026-05-25 16:30:00+00:00,1.3798599999999999,1.3802699999999999,1.3798599999999999,1.3801700000000001,166,14,0
2026-05-25 16:45:00+00:00,1.3801700000000001,1.38036,1.38013,1.38023,126,14,0
2026-05-25 17:00:00+00:00,1.38023,1.38034,1.38006,1.38026,91,14,0
2026-05-25 17:15:00+00:00,1.38025,1.38045,1.38016,1.38016,69,14,0
2026-05-25 17:30:00+00:00,1.38016,1.38026,1.38005,1.38025,66,14,0
2026-05-25 17:45:00+00:00,1.38025,1.38035,1.38019,1.38028,60,14,0
2026-05-25 18:00:00+00:00,1.38028,1.38028,1.38013,1.38015,59,14,0
2026-05-25 18:15:00+00:00,1.38015,1.3802699999999999,1.38015,1.3802400000000001,52,14,0
2026-05-25 18:30:00+00:00,1.3802400000000001,1.38045,1.3802400000000001,1.38045,43,14,0
2026-05-25 18:45:00+00:00,1.38045,1.38045,1.38022,1.38038,79,14,0
2026-05-25 19:00:00+00:00,1.38038,1.38043,1.38026,1.38035,61,14,0
2026-05-25 19:15:00+00:00,1.38035,1.38037,1.38031,1.38033,47,14,0
2026-05-25 19:30:00+00:00,1.38033,1.38035,1.37995,1.38009,118,14,0
2026-05-25 19:45:00+00:00,1.38009,1.38014,1.3799000000000001,1.37992,56,14,0
2026-05-25 20:00:00+00:00,1.37992,1.38003,1.37985,1.37991,72,14,0
2026-05-25 20:15:00+00:00,1.37991,1.38013,1.37985,1.38013,99,14,0
2026-05-25 20:30:00+00:00,1.38013,1.38023,1.3799299999999999,1.38015,100,14,0
2026-05-25 20:45:00+00:00,1.38015,1.3802699999999999,1.38009,1.3802400000000001,74,14,0
2026-05-25 21:00:00+00:00,1.38025,1.3802699999999999,1.38016,1.38016,64,14,0
2026-05-25 21:15:00+00:00,1.38018,1.38022,1.38014,1.38018,80,24,0
2026-05-25 21:30:00+00:00,1.38016,1.38025,1.38014,1.38021,140,15,0
2026-05-25 21:45:00+00:00,1.38019,1.38023,1.38013,1.38022,72,22,0
2026-05-25 22:00:00+00:00,1.38038,1.38042,1.38019,1.38028,78,14,0
2026-05-25 22:15:00+00:00,1.38028,1.38045,1.38028,1.38032,48,14,0
2026-05-25 22:30:00+00:00,1.38032,1.38032,1.3803,1.3803,31,14,0
2026-05-25 22:45:00+00:00,1.3803,1.3803,1.38021,1.38026,56,14,0
2026-05-25 23:00:00+00:00,1.38026,1.38026,1.3801999999999999,1.38021,49,14,0
2026-05-25 23:15:00+00:00,1.38021,1.3803,1.38018,1.3803,43,14,0
2026-05-25 23:30:00+00:00,1.38029,1.38058,1.38029,1.38057,86,14,0
2026-05-25 23:45:00+00:00,1.38057,1.38066,1.38043,1.38056,144,14,0
2026-05-26 00:00:00+00:00,1.38056,1.38069,1.38033,1.3804699999999999,232,14,0
2026-05-26 00:15:00+00:00,1.3804699999999999,1.38082,1.38041,1.38067,210,14,0
2026-05-26 00:30:00+00:00,1.38067,1.38067,1.38048,1.38059,154,14,0
2026-05-26 00:45:00+00:00,1.38059,1.38065,1.38028,1.38031,173,14,0
2026-05-26 01:00:00+00:00,1.38031,1.3805100000000001,1.38023,1.3803,237,14,0
2026-05-26 01:15:00+00:00,1.3803,1.38052,1.38021,1.38048,208,14,0
2026-05-26 01:30:00+00:00,1.38048,1.38091,1.38045,1.3808,233,14,0
2026-05-26 01:45:00+00:00,1.3808,1.3808500000000001,1.38065,1.38075,144,14,0
2026-05-26 02:00:00+00:00,1.38074,1.3807800000000001,1.38066,1.38076,148,14,0
2026-05-26 02:15:00+00:00,1.38076,1.38079,1.38069,1.38076,98,14,0
2026-05-26 02:30:00+00:00,1.38076,1.38096,1.38073,1.38094,131,14,0
2026-05-26 02:45:00+00:00,1.38094,1.38106,1.38082,1.38086,124,14,0
2026-05-26 03:00:00+00:00,1.38087,1.38089,1.38071,1.38077,128,14,0
2026-05-26 03:15:00+00:00,1.3807800000000001,1.38079,1.38061,1.38075,98,14,0
2026-05-26 03:30:00+00:00,1.38076,1.3807800000000001,1.38072,1.38073,101,14,0
2026-05-26 03:45:00+00:00,1.38075,1.3808,1.38061,1.38061,74,14,0
2026-05-26 04:00:00+00:00,1.38061,1.3808500000000001,1.38059,1.38059,97,14,0
2026-05-26 04:15:00+00:00,1.38059,1.38075,1.38059,1.38074,80,14,0
2026-05-26 04:30:00+00:00,1.38075,1.38093,1.38072,1.38089,119,14,0
2026-05-26 04:45:00+00:00,1.3809,1.38106,1.38084,1.38106,108,14,0
2026-05-26 05:00:00+00:00,1.38107,1.38126,1.38105,1.38124,140,14,0
2026-05-26 05:15:00+00:00,1.38124,1.38134,1.38116,1.38119,115,14,0
2026-05-26 05:30:00+00:00,1.38119,1.38131,1.38114,1.38125,134,14,0
2026-05-26 05:45:00+00:00,1.38125,1.38137,1.38119,1.38135,115,14,0
2026-05-26 06:00:00+00:00,1.38135,1.38145,1.38109,1.3812,202,14,0
2026-05-26 06:15:00+00:00,1.3812,1.38123,1.38083,1.38096,218,14,0
2026-05-26 06:30:00+00:00,1.38098,1.38103,1.38074,1.3808099999999999,237,14,0
2026-05-26 06:45:00+00:00,1.3808099999999999,1.3811200000000001,1.38069,1.38111,238,14,0
2026-05-26 07:00:00+00:00,1.38109,1.38145,1.38086,1.38087,345,14,0
2026-05-26 07:15:00+00:00,1.38087,1.3811200000000001,1.38087,1.38095,214,14,0
2026-05-26 07:30:00+00:00,1.38094,1.38096,1.38043,1.38043,334,14,0
2026-05-26 07:45:00+00:00,1.38041,1.38061,1.38019,1.38041,247,14,0
2026-05-26 08:00:00+00:00,1.38039,1.38057,1.38006,1.38021,295,14,0
2026-05-26 08:15:00+00:00,1.38021,1.38021,1.37984,1.37996,226,14,0
2026-05-26 08:30:00+00:00,1.37997,1.3802699999999999,1.3798300000000001,1.38026,238,14,0
2026-05-26 08:45:00+00:00,1.38026,1.38037,1.38009,1.38025,208,14,0
2026-05-26 09:00:00+00:00,1.38026,1.38056,1.38021,1.38026,221,14,0
2026-05-26 09:15:00+00:00,1.38026,1.3804,1.38015,1.3801999999999999,197,14,0
2026-05-26 09:30:00+00:00,1.3801999999999999,1.38036,1.38003,1.38015,158,14,0
2026-05-26 09:45:00+00:00,1.38015,1.38015,1.3799000000000001,1.37991,139,14,0
2026-05-26 10:00:00+00:00,1.37991,1.38031,1.37991,1.38006,196,14,0
2026-05-26 10:15:00+00:00,1.38006,1.38026,1.38001,1.38022,174,14,0
2026-05-26 10:30:00+00:00,1.38021,1.3805,1.38015,1.38032,269,14,0
2026-05-26 10:45:00+00:00,1.38032,1.38038,1.37987,1.37996,210,14,0
2026-05-26 11:00:00+00:00,1.37997,1.38028,1.37994,1.38015,200,14,0
2026-05-26 11:15:00+00:00,1.3801700000000001,1.38046,1.3801,1.3804400000000001,163,14,0
2026-05-26 11:30:00+00:00,1.3804400000000001,1.38105,1.38037,1.38105,248,14,0
2026-05-26 11:45:00+00:00,1.38105,1.38118,1.38083,1.38116,268,14,0
2026-05-26 12:00:00+00:00,1.38118,1.3813900000000001,1.3811200000000001,1.38123,300,14,0
2026-05-26 12:15:00+00:00,1.38124,1.38174,1.38122,1.38164,235,14,0
2026-05-26 12:30:00+00:00,1.38163,1.38198,1.3815,1.38196,222,14,0
2026-05-26 12:45:00+00:00,1.38196,1.38206,1.38172,1.38175,229,14,0
2026-05-26 13:00:00+00:00,1.38175,1.38182,1.38145,1.38163,244,14,0
2026-05-26 13:15:00+00:00,1.38163,1.3817599999999999,1.3814,1.38162,294,14,0
2026-05-26 13:30:00+00:00,1.38161,1.3817,1.38049,1.3807800000000001,448,14,0
2026-05-26 13:45:00+00:00,1.3807800000000001,1.38107,1.38039,1.3806,442,14,0
2026-05-26 14:00:00+00:00,1.38058,1.38061,1.3799299999999999,1.38005,447,14,0
2026-05-26 14:15:00+00:00,1.38004,1.3805399999999999,1.37999,1.38039,382,14,0
2026-05-26 14:30:00+00:00,1.3804,1.38057,1.38005,1.38021,459,14,0
2026-05-26 14:45:00+00:00,1.38021,1.38111,1.37997,1.38059,566,14,0
2026-05-26 15:00:00+00:00,1.3806,1.3812,1.3806,1.38096,402,14,0
2026-05-26 15:15:00+00:00,1.38096,1.3814,1.3809,1.38097,340,14,0
2026-05-26 15:30:00+00:00,1.38096,1.38116,1.3805,1.38058,404,14,0
2026-05-26 15:45:00+00:00,1.38058,1.38065,1.38038,1.3804,338,14,0
2026-05-26 16:00:00+00:00,1.38038,1.38065,1.3803,1.3803,258,14,0
2026-05-26 16:15:00+00:00,1.3803,1.38063,1.38003,1.38063,246,14,0
2026-05-26 16:30:00+00:00,1.38063,1.38114,1.3805399999999999,1.38056,307,14,0
2026-05-26 16:45:00+00:00,1.38055,1.38127,1.38031,1.38116,379,14,0
2026-05-26 17:00:00+00:00,1.38117,1.38125,1.3808099999999999,1.38089,271,14,0
2026-05-26 17:15:00+00:00,1.38089,1.3811499999999999,1.3808,1.38111,241,14,0
2026-05-26 17:30:00+00:00,1.38113,1.38161,1.38113,1.38157,279,14,0
2026-05-26 17:45:00+00:00,1.38157,1.38189,1.38154,1.38175,192,14,0
2026-05-26 18:00:00+00:00,1.38175,1.38181,1.38136,1.3814600000000001,250,14,0
2026-05-26 18:15:00+00:00,1.3814600000000001,1.38174,1.38135,1.38144,213,14,0
2026-05-26 18:30:00+00:00,1.38145,1.38166,1.38143,1.38157,208,14,0
2026-05-26 18:45:00+00:00,1.38157,1.38158,1.38116,1.38124,226,14,0
2026-05-26 19:00:00+00:00,1.38125,1.38161,1.38124,1.3816,178,14,0
2026-05-26 19:15:00+00:00,1.3816,1.38161,1.38134,1.38143,133,14,0
2026-05-26 19:30:00+00:00,1.38143,1.3814600000000001,1.3813,1.38145,125,14,0
2026-05-26 19:45:00+00:00,1.38145,1.38152,1.38096,1.38096,219,14,0
2026-05-26 20:00:00+00:00,1.38096,1.38114,1.3808099999999999,1.38109,147,14,0
2026-05-26 20:15:00+00:00,1.38109,1.38127,1.38107,1.38121,95,14,0
2026-05-26 20:30:00+00:00,1.38123,1.38129,1.38099,1.38104,101,14,0
2026-05-26 20:45:00+00:00,1.38107,1.38135,1.38106,1.38117,141,14,0
2026-05-26 21:00:00+00:00,1.38116,1.38117,1.38079,1.38101,259,14,0
2026-05-26 21:15:00+00:00,1.381,1.38103,1.38091,1.38096,232,31,0
2026-05-26 21:30:00+00:00,1.38094,1.38104,1.38094,1.38102,113,29,0
2026-05-26 21:45:00+00:00,1.38102,1.38104,1.38089,1.38101,125,27,0
2026-05-26 22:00:00+00:00,1.38102,1.38109,1.38084,1.381,126,14,0
2026-05-26 22:15:00+00:00,1.381,1.38126,1.38094,1.38122,67,16,0
2026-05-26 22:30:00+00:00,1.38122,1.38123,1.3811200000000001,1.3811499999999999,49,14,0
2026-05-26 22:45:00+00:00,1.3811499999999999,1.38122,1.38089,1.38092,103,14,0
2026-05-26 23:00:00+00:00,1.38091,1.38106,1.38084,1.3808500000000001,92,14,0
2026-05-26 23:15:00+00:00,1.3808500000000001,1.3808500000000001,1.3807,1.3807,64,14,0
2026-05-26 23:30:00+00:00,1.38071,1.38072,1.38039,1.38039,38,14,0
2026-05-26 23:45:00+00:00,1.38039,1.38079,1.38033,1.38077,133,14,0
2026-05-27 00:00:00+00:00,1.3807800000000001,1.38095,1.38062,1.3808099999999999,238,14,0
2026-05-27 00:15:00+00:00,1.3808,1.38086,1.38052,1.38053,213,14,0
2026-05-27 00:30:00+00:00,1.38053,1.38056,1.38037,1.3804,213,14,0
2026-05-27 00:45:00+00:00,1.3804,1.38072,1.3803,1.38067,199,14,0
2026-05-27 01:00:00+00:00,1.38067,1.38099,1.38059,1.38083,259,14,0
2026-05-27 01:15:00+00:00,1.38083,1.381,1.3807800000000001,1.38099,182,14,0
2026-05-27 01:30:00+00:00,1.38098,1.3814,1.38098,1.38121,311,14,0
2026-05-27 01:45:00+00:00,1.38121,1.3813900000000001,1.3812,1.38131,180,14,0
2026-05-27 02:00:00+00:00,1.38131,1.38131,1.3808,1.38099,288,14,0
2026-05-27 02:15:00+00:00,1.38099,1.38109,1.38094,1.38105,161,14,0
2026-05-27 02:30:00+00:00,1.38105,1.3811,1.38098,1.38104,151,14,0
2026-05-27 02:45:00+00:00,1.38104,1.3810799999999999,1.38083,1.38107,145,14,0
2026-05-27 03:00:00+00:00,1.38107,1.38107,1.38072,1.38099,175,14,0
2026-05-27 03:15:00+00:00,1.38099,1.38109,1.38097,1.38104,145,14,0
2026-05-27 03:30:00+00:00,1.38104,1.38119,1.38099,1.3811499999999999,132,14,0
2026-05-27 03:45:00+00:00,1.3811499999999999,1.38116,1.38103,1.38113,125,14,0
2026-05-27 04:00:00+00:00,1.38113,1.3811499999999999,1.381,1.38102,125,14,0
2026-05-27 04:15:00+00:00,1.38102,1.3810799999999999,1.38097,1.3810799999999999,140,14,0
2026-05-27 04:30:00+00:00,1.3810799999999999,1.3810799999999999,1.38094,1.38094,130,14,0
2026-05-27 04:45:00+00:00,1.38094,1.38096,1.38083,1.38086,129,14,0
2026-05-27 05:00:00+00:00,1.38086,1.38092,1.38079,1.38084,117,14,0
2026-05-27 05:15:00+00:00,1.38084,1.38095,1.38084,1.3808799999999999,155,14,0
2026-05-27 05:30:00+00:00,1.38089,1.38121,1.38084,1.38116,188,14,0
2026-05-27 05:45:00+00:00,1.38116,1.38138,1.38111,1.38136,163,14,0
2026-05-27 06:00:00+00:00,1.38135,1.38166,1.38125,1.38165,195,14,0
2026-05-27 06:15:00+00:00,1.38165,1.38172,1.38132,1.3814199999999999,189,14,0
2026-05-27 06:30:00+00:00,1.3814199999999999,1.3816,1.38132,1.38143,226,14,0
2026-05-27 06:45:00+00:00,1.38144,1.38191,1.38127,1.38184,251,14,0
2026-05-27 07:00:00+00:00,1.38182,1.3820000000000001,1.38152,1.38187,293,14,0
2026-05-27 07:15:00+00:00,1.38187,1.3822999999999999,1.38187,1.38227,213,14,0
2026-05-27 07:30:00+00:00,1.38226,1.38242,1.38217,1.38218,142,14,0
2026-05-27 07:45:00+00:00,1.38218,1.38275,1.38212,1.3827099999999999,209,14,0
2026-05-27 08:00:00+00:00,1.3827099999999999,1.38284,1.38243,1.38244,278,14,0
2026-05-27 08:15:00+00:00,1.38244,1.38267,1.38225,1.3824100000000001,239,14,0
2026-05-27 08:30:00+00:00,1.3824100000000001,1.3826800000000001,1.38217,1.38265,248,14,0
2026-05-27 08:45:00+00:00,1.38265,1.38288,1.38265,1.38277,179,14,0
2026-05-27 09:00:00+00:00,1.38277,1.38284,1.38256,1.38258,187,14,0
2026-05-27 09:15:00+00:00,1.38258,1.38258,1.38225,1.38228,157,14,0
2026-05-27 09:30:00+00:00,1.38228,1.38249,1.38223,1.38227,128,14,0
2026-05-27 09:45:00+00:00,1.38227,1.3824,1.38205,1.3823400000000001,195,14,0
2026-05-27 10:00:00+00:00,1.38235,1.38265,1.38232,1.38257,172,14,0
2026-05-27 10:15:00+00:00,1.38257,1.38292,1.38253,1.38284,140,14,0
2026-05-27 10:30:00+00:00,1.38284,1.38335,1.38284,1.38335,211,14,0
2026-05-27 10:45:00+00:00,1.38334,1.38361,1.38333,1.38347,199,14,0
2026-05-27 11:00:00+00:00,1.38349,1.3836,1.3833,1.38331,200,14,0
2026-05-27 11:15:00+00:00,1.38331,1.38377,1.38312,1.38376,219,14,0
2026-05-27 11:30:00+00:00,1.38376,1.38389,1.38348,1.38349,256,14,0
2026-05-27 11:45:00+00:00,1.38349,1.3835600000000001,1.38327,1.38327,259,14,0
2026-05-27 12:00:00+00:00,1.38326,1.3835600000000001,1.38319,1.38342,396,14,0
2026-05-27 12:15:00+00:00,1.38341,1.3836,1.38247,1.38251,733,14,0
2026-05-27 12:30:00+00:00,1.38249,1.38251,1.38198,1.38236,531,14,0
2026-05-27 12:45:00+00:00,1.38236,1.38286,1.38232,1.38276,372,14,0
2026-05-27 13:00:00+00:00,1.38275,1.3829,1.3824,1.3829,439,14,0
2026-05-27 13:15:00+00:00,1.38292,1.3837,1.38281,1.38341,397,14,0
2026-05-27 13:30:00+00:00,1.38344,1.38351,1.38288,1.38339,497,14,0
2026-05-27 13:45:00+00:00,1.3834,1.38341,1.38262,1.38263,535,14,0
2026-05-27 14:00:00+00:00,1.38262,1.3832900000000001,1.38256,1.38275,472,14,0
2026-05-27 14:15:00+00:00,1.38275,1.3829,1.3822999999999999,1.38265,457,14,0
2026-05-27 14:30:00+00:00,1.38265,1.3829799999999999,1.38235,1.38235,608,14,0
2026-05-27 14:45:00+00:00,1.3823400000000001,1.3851499999999999,1.38224,1.38489,669,14,0
2026-05-27 15:00:00+00:00,1.3848799999999999,1.38496,1.3833199999999999,1.38349,649,14,0
2026-05-27 15:15:00+00:00,1.38347,1.3836300000000001,1.3831,1.3833,459,14,0
2026-05-27 15:30:00+00:00,1.3833199999999999,1.38344,1.38292,1.38305,456,14,0
2026-05-27 15:45:00+00:00,1.38305,1.38355,1.38292,1.3829799999999999,415,14,0
2026-05-27 16:00:00+00:00,1.38297,1.38345,1.3829,1.38292,390,14,0
2026-05-27 16:15:00+00:00,1.38292,1.38292,1.3823400000000001,1.38269,272,14,0
2026-05-27 16:30:00+00:00,1.38269,1.38301,1.38269,1.38287,292,14,0
2026-05-27 16:45:00+00:00,1.38287,1.38292,1.38252,1.38258,246,14,0
2026-05-27 17:00:00+00:00,1.38258,1.3834,1.38257,1.38326,412,14,0
2026-05-27 17:15:00+00:00,1.38324,1.38331,1.38285,1.38311,334,14,0
2026-05-27 17:30:00+00:00,1.38311,1.38319,1.3828,1.3829,260,14,0
2026-05-27 17:45:00+00:00,1.3829,1.38313,1.38281,1.3829799999999999,275,14,0
2026-05-27 18:00:00+00:00,1.383,1.3835600000000001,1.38299,1.38342,232,14,0
2026-05-27 18:15:00+00:00,1.38343,1.3836,1.38338,1.38343,233,14,0
2026-05-27 18:30:00+00:00,1.38345,1.38351,1.3833,1.38345,234,14,0
2026-05-27 18:45:00+00:00,1.38347,1.38355,1.38321,1.3834,223,14,0
2026-05-27 19:00:00+00:00,1.38341,1.38349,1.38284,1.38293,260,14,0
2026-05-27 19:15:00+00:00,1.38293,1.38319,1.3829099999999999,1.38301,154,14,0
2026-05-27 19:30:00+00:00,1.38301,1.38331,1.383,1.38326,198,14,0
2026-05-27 19:45:00+00:00,1.38327,1.38344,1.38306,1.38314,215,14,0
2026-05-27 20:00:00+00:00,1.38314,1.38334,1.38284,1.38321,160,14,0
2026-05-27 20:15:00+00:00,1.38321,1.38343,1.38307,1.38341,113,14,0
2026-05-27 20:30:00+00:00,1.38339,1.38404,1.3833199999999999,1.38394,139,14,0
2026-05-27 20:45:00+00:00,1.38394,1.384,1.38378,1.3839299999999999,127,14,0
2026-05-27 21:00:00+00:00,1.38392,1.3839299999999999,1.38368,1.38381,153,24,0
2026-05-27 21:15:00+00:00,1.3838,1.38388,1.38375,1.38379,123,29,0
2026-05-27 21:30:00+00:00,1.38378,1.38388,1.38376,1.38384,187,24,0
2026-05-27 21:45:00+00:00,1.3838300000000001,1.38389,1.38376,1.38389,95,21,0
2026-05-27 22:00:00+00:00,1.3839299999999999,1.38403,1.38361,1.3836300000000001,97,14,0
2026-05-27 22:15:00+00:00,1.3836300000000001,1.38375,1.38361,1.38375,41,16,0
2026-05-27 22:30:00+00:00,1.38375,1.38382,1.38372,1.38377,53,14,0
2026-05-27 22:45:00+00:00,1.38377,1.38389,1.38374,1.3838300000000001,54,14,0
2026-05-27 23:00:00+00:00,1.3838300000000001,1.3838599999999999,1.38375,1.3838,43,14,0
2026-05-27 23:15:00+00:00,1.3838,1.3841999999999999,1.38374,1.38416,154,14,0
2026-05-27 23:30:00+00:00,1.38415,1.38435,1.38414,1.3841999999999999,124,14,0
2026-05-27 23:45:00+00:00,1.3841999999999999,1.38445,1.38418,1.3844,143,14,0
2026-05-28 00:00:00+00:00,1.38442,1.38487,1.38436,1.38482,271,14,0
2026-05-28 00:15:00+00:00,1.3848099999999999,1.3848099999999999,1.38441,1.3845100000000001,228,14,0
2026-05-28 00:30:00+00:00,1.3845100000000001,1.38471,1.38445,1.38468,206,14,0
2026-05-28 00:45:00+00:00,1.38469,1.3849,1.38464,1.38471,210,14,0
2026-05-28 01:00:00+00:00,1.38469,1.38489,1.38466,1.38484,230,14,0
2026-05-28 01:15:00+00:00,1.38484,1.38496,1.38468,1.3849,168,14,0
2026-05-28 01:30:00+00:00,1.38489,1.38507,1.38487,1.38499,121,14,0
2026-05-28 01:45:00+00:00,1.38499,1.38541,1.38497,1.38535,173,14,0
2026-05-28 02:00:00+00:00,1.38535,1.3853900000000001,1.3852,1.38526,186,14,0
2026-05-28 02:15:00+00:00,1.38526,1.38529,1.38514,1.3852,146,14,0
2026-05-28 02:30:00+00:00,1.3852,1.38545,1.3851499999999999,1.3854,142,14,0
2026-05-28 02:45:00+00:00,1.3854,1.38548,1.38518,1.38518,197,14,0
2026-05-28 03:00:00+00:00,1.38518,1.3853,1.38504,1.3853,167,14,0
2026-05-28 03:15:00+00:00,1.3853,1.38578,1.3853,1.38565,254,14,0
2026-05-28 03:30:00+00:00,1.38565,1.38689,1.38565,1.3867099999999999,406,14,0
2026-05-28 03:45:00+00:00,1.3867099999999999,1.3868800000000001,1.38655,1.38684,290,14,0
2026-05-28 04:00:00+00:00,1.38684,1.3869,1.3865,1.38657,279,14,0
2026-05-28 04:15:00+00:00,1.38657,1.38662,1.3863699999999999,1.38656,191,14,0
2026-05-28 04:30:00+00:00,1.38654,1.38654,1.38602,1.38615,167,14,0
2026-05-28 04:45:00+00:00,1.38616,1.38622,1.38604,1.3860999999999999,154,14,0
2026-05-28 05:00:00+00:00,1.3860999999999999,1.38643,1.3860700000000001,1.38616,202,14,0
2026-05-28 05:15:00+00:00,1.38616,1.38622,1.38601,1.38606,149,14,0
2026-05-28 05:30:00+00:00,1.38606,1.38608,1.38559,1.3857300000000001,221,14,0
2026-05-28 05:45:00+00:00,1.38572,1.38579,1.3854899999999999,1.38577,175,14,0
2026-05-28 06:00:00+00:00,1.38578,1.38585,1.38533,1.38544,305,14,0
2026-05-28 06:15:00+00:00,1.38544,1.38559,1.38511,1.38528,239,14,0
2026-05-28 06:30:00+00:00,1.38526,1.38548,1.38521,1.38521,232,14,0
2026-05-28 06:45:00+00:00,1.38521,1.38537,1.38493,1.38513,242,14,0
2026-05-28 07:00:00+00:00,1.3851200000000001,1.3851200000000001,1.38453,1.3846,363,14,0
2026-05-28 07:15:00+00:00,1.38461,1.38523,1.3845,1.38523,262,14,0
2026-05-28 07:30:00+00:00,1.38525,1.3857300000000001,1.3851499999999999,1.38538,325,14,0
2026-05-28 07:45:00+00:00,1.38537,1.38545,1.3851,1.3854199999999999,250,14,0
2026-05-28 08:00:00+00:00,1.38544,1.38552,1.3850500000000001,1.38544,310,14,0
2026-05-28 08:15:00+00:00,1.38545,1.3862,1.38545,1.38596,288,14,0
2026-05-28 08:30:00+00:00,1.38596,1.38616,1.38589,1.38613,225,14,0
2026-05-28 08:45:00+00:00,1.38613,1.38616,1.38575,1.38596,235,14,0
2026-05-28 09:00:00+00:00,1.38596,1.38606,1.3857,1.38583,256,14,0
2026-05-28 09:15:00+00:00,1.38583,1.38589,1.38544,1.3856600000000001,237,14,0
2026-05-28 09:30:00+00:00,1.3856600000000001,1.38611,1.38563,1.38611,222,14,0
2026-05-28 09:45:00+00:00,1.38611,1.38679,1.38611,1.38652,266,14,0
2026-05-28 10:00:00+00:00,1.38653,1.3869,1.38648,1.3866,284,14,0
2026-05-28 10:15:00+00:00,1.38658,1.3868,1.38624,1.38647,306,14,0
2026-05-28 10:30:00+00:00,1.38648,1.38692,1.38635,1.38689,240,14,0
2026-05-28 10:45:00+00:00,1.3868800000000001,1.3869099999999999,1.3862,1.3862999999999999,357,14,0
2026-05-28 11:00:00+00:00,1.38633,1.3863699999999999,1.38577,1.38587,316,14,0
2026-05-28 11:15:00+00:00,1.38585,1.38602,1.38517,1.38519,249,14,0
2026-05-28 11:30:00+00:00,1.38518,1.38548,1.3850500000000001,1.38524,251,14,0
2026-05-28 11:45:00+00:00,1.38524,1.38537,1.38476,1.3849,282,14,0
2026-05-28 12:00:00+00:00,1.3849,1.38534,1.38486,1.38497,338,14,0
2026-05-28 12:15:00+00:00,1.38498,1.38498,1.38462,1.3847,294,14,0
2026-05-28 12:30:00+00:00,1.38469,1.3850799999999999,1.38397,1.38427,567,14,0
2026-05-28 12:45:00+00:00,1.38427,1.38452,1.38395,1.38431,483,14,0
2026-05-28 13:00:00+00:00,1.38429,1.38461,1.3836300000000001,1.38449,534,14,0
2026-05-28 13:15:00+00:00,1.3845,1.38509,1.38445,1.38467,376,14,0
2026-05-28 13:30:00+00:00,1.38467,1.3848,1.38381,1.38384,469,14,0
2026-05-28 13:45:00+00:00,1.38384,1.38513,1.38355,1.3847,508,14,0
2026-05-28 14:00:00+00:00,1.3847,1.38501,1.38265,1.38366,933,14,0
2026-05-28 14:15:00+00:00,1.38364,1.38379,1.38232,1.38254,933,14,0
2026-05-28 14:30:00+00:00,1.38254,1.3826,1.38183,1.38185,738,14,0
2026-05-28 14:45:00+00:00,1.38185,1.38256,1.38158,1.38179,757,14,0
2026-05-28 15:00:00+00:00,1.38177,1.38177,1.38003,1.38009,659,14,0
2026-05-28 15:15:00+00:00,1.38009,1.38052,1.38006,1.38045,441,14,0
2026-05-28 15:30:00+00:00,1.38045,1.38061,1.38008,1.3804400000000001,511,14,0
2026-05-28 15:45:00+00:00,1.3804400000000001,1.38045,1.37982,1.3799000000000001,347,14,0
2026-05-28 16:00:00+00:00,1.37989,1.38012,1.3795600000000001,1.37998,359,14,0
2026-05-28 16:15:00+00:00,1.37997,1.38005,1.37915,1.37937,439,14,0
2026-05-28 16:30:00+00:00,1.37937,1.37949,1.3791,1.37937,340,14,0
2026-05-28 16:45:00+00:00,1.37936,1.37949,1.37888,1.3791,363,14,0
2026-05-28 17:00:00+00:00,1.37908,1.37915,1.37819,1.37839,338,14,0
2026-05-28 17:15:00+00:00,1.37839,1.3789,1.37839,1.3786800000000001,307,14,0
2026-05-28 17:30:00+00:00,1.3786800000000001,1.379,1.37856,1.37884,236,14,0
2026-05-28 17:45:00+00:00,1.37884,1.37891,1.3784,1.37852,330,14,0
2026-05-28 18:00:00+00:00,1.37852,1.37853,1.37797,1.37813,317,14,0
2026-05-28 18:15:00+00:00,1.37815,1.3786100000000001,1.37798,1.3786,331,14,0
2026-05-28 18:30:00+00:00,1.3786100000000001,1.37869,1.37829,1.37835,228,14,0
2026-05-28 18:45:00+00:00,1.37835,1.3784100000000001,1.37804,1.37829,244,14,0
2026-05-28 19:00:00+00:00,1.3783,1.3784,1.37811,1.37815,213,14,0
2026-05-28 19:15:00+00:00,1.37815,1.37815,1.37781,1.3778299999999999,150,14,0
2026-05-28 19:30:00+00:00,1.3778299999999999,1.3778299999999999,1.37735,1.37774,211,14,0
2026-05-28 19:45:00+00:00,1.37774,1.37828,1.37752,1.37824,355,14,0
2026-05-28 20:00:00+00:00,1.37825,1.3783699999999999,1.3780000000000001,1.37818,190,14,0
2026-05-28 20:15:00+00:00,1.37818,1.3783400000000001,1.3780999999999999,1.37833,86,14,0
2026-05-28 20:30:00+00:00,1.37833,1.37865,1.37824,1.3783400000000001,150,14,0
2026-05-28 20:45:00+00:00,1.3783400000000001,1.37839,1.37812,1.3783,176,14,0
2026-05-28 21:00:00+00:00,1.37831,1.37832,1.37824,1.37829,71,18,0
2026-05-28 21:15:00+00:00,1.3783,1.3783400000000001,1.37823,1.37832,114,18,0
2026-05-28 21:30:00+00:00,1.37832,1.37836,1.37817,1.37825,178,14,0
2026-05-28 21:45:00+00:00,1.37826,1.37832,1.37818,1.37832,146,18,0
2026-05-28 22:00:00+00:00,1.37845,1.37847,1.37833,1.37836,239,14,0
2026-05-28 22:15:00+00:00,1.37836,1.37836,1.37823,1.37828,58,16,0
2026-05-28 22:30:00+00:00,1.37828,1.3783400000000001,1.37826,1.37828,98,14,0
2026-05-28 22:45:00+00:00,1.37828,1.3783400000000001,1.37824,1.3783400000000001,65,14,0
2026-05-28 23:00:00+00:00,1.3783400000000001,1.3783400000000001,1.37812,1.37818,115,14,0
2026-05-28 23:15:00+00:00,1.37818,1.37824,1.37814,1.37822,72,14,0
2026-05-28 23:30:00+00:00,1.37822,1.37828,1.37814,1.37824,68,14,0
2026-05-28 23:45:00+00:00,1.37824,1.37835,1.37817,1.37827,123,14,0
2026-05-29 00:00:00+00:00,1.37825,1.37827,1.3780000000000001,1.37806,248,14,0
2026-05-29 00:15:00+00:00,1.37806,1.37814,1.37793,1.37797,167,14,0
2026-05-29 00:30:00+00:00,1.37797,1.37828,1.37796,1.3780700000000001,146,14,0
2026-05-29 00:45:00+00:00,1.3780700000000001,1.37852,1.3780700000000001,1.3783699999999999,191,14,0
2026-05-29 01:00:00+00:00,1.3783699999999999,1.37843,1.37794,1.37795,254,14,0
2026-05-29 01:15:00+00:00,1.37795,1.37797,1.37778,1.37797,238,14,0
2026-05-29 01:30:00+00:00,1.37796,1.3780700000000001,1.37795,1.3780700000000001,192,14,0
2026-05-29 01:45:00+00:00,1.3780700000000001,1.37848,1.3780700000000001,1.37848,177,14,0
2026-05-29 02:00:00+00:00,1.37846,1.37846,1.37815,1.37817,147,14,0
2026-05-29 02:15:00+00:00,1.37816,1.37829,1.37815,1.37829,95,14,0
2026-05-29 02:30:00+00:00,1.37829,1.3784,1.3782,1.37831,127,14,0
2026-05-29 02:45:00+00:00,1.37831,1.37853,1.37822,1.37849,140,14,0
2026-05-29 03:00:00+00:00,1.37849,1.37887,1.37849,1.37882,165,14,0
2026-05-29 03:15:00+00:00,1.37882,1.37883,1.37873,1.37879,145,14,0
2026-05-29 03:30:00+00:00,1.37878,1.37909,1.37873,1.3789799999999999,151,14,0
2026-05-29 03:45:00+00:00,1.3789799999999999,1.3790200000000001,1.37889,1.3789,139,14,0
2026-05-29 04:00:00+00:00,1.3789,1.3789,1.3787,1.3788,126,14,0
2026-05-29 04:15:00+00:00,1.3788,1.3789500000000001,1.37872,1.37893,137,14,0
2026-05-29 04:30:00+00:00,1.37894,1.379,1.37865,1.37869,116,14,0
2026-05-29 04:45:00+00:00,1.37869,1.3789,1.37865,1.3789,171,14,0
2026-05-29 05:00:00+00:00,1.37888,1.379,1.3786100000000001,1.3786100000000001,138,14,0
2026-05-29 05:15:00+00:00,1.37863,1.37873,1.3785,1.37865,138,14,0
2026-05-29 05:30:00+00:00,1.37865,1.37874,1.37855,1.37862,181,14,0
2026-05-29 05:45:00+00:00,1.37862,1.37874,1.37842,1.3786800000000001,186,14,0
2026-05-29 06:00:00+00:00,1.37867,1.37892,1.37842,1.37842,268,14,0
2026-05-29 06:15:00+00:00,1.37842,1.3792,1.37842,1.3792,237,14,0
2026-05-29 06:30:00+00:00,1.3792200000000001,1.37955,1.3791,1.37952,264,14,0
2026-05-29 06:45:00+00:00,1.37952,1.37952,1.37915,1.37928,231,14,0
2026-05-29 07:00:00+00:00,1.3793,1.37987,1.37928,1.37979,276,14,0
2026-05-29 07:15:00+00:00,1.3798,1.38,1.37949,1.37997,284,14,0
2026-05-29 07:30:00+00:00,1.37997,1.38025,1.3797,1.37994,376,14,0
2026-05-29 07:45:00+00:00,1.37996,1.38006,1.37977,1.38002,232,14,0
2026-05-29 08:00:00+00:00,1.38004,1.3807,1.38004,1.38056,380,14,0
2026-05-29 08:15:00+00:00,1.38056,1.38065,1.38019,1.38023,274,14,0
2026-05-29 08:30:00+00:00,1.38023,1.3802400000000001,1.37991,1.3801,222,14,0
2026-05-29 08:45:00+00:00,1.3801,1.38069,1.3801,1.38053,269,14,0
2026-05-29 09:00:00+00:00,1.38052,1.38064,1.38036,1.3804,237,14,0
2026-05-29 09:15:00+00:00,1.3804,1.3808799999999999,1.3804,1.3807800000000001,281,14,0
2026-05-29 09:30:00+00:00,1.38077,1.3808799999999999,1.38069,1.38072,192,14,0
2026-05-29 09:45:00+00:00,1.38072,1.38077,1.3805100000000001,1.38075,217,14,0
2026-05-29 10:00:00+00:00,1.38076,1.381,1.38062,1.38063,230,14,0
2026-05-29 10:15:00+00:00,1.38063,1.38077,1.3805100000000001,1.3805399999999999,212,14,0
2026-05-29 10:30:00+00:00,1.3805399999999999,1.3809,1.38041,1.38089,173,14,0
2026-05-29 10:45:00+00:00,1.38089,1.38098,1.38072,1.38077,186,14,0
2026-05-29 11:00:00+00:00,1.3807800000000001,1.38119,1.3807800000000001,1.38119,209,14,0
2026-05-29 11:15:00+00:00,1.38118,1.3814,1.3808099999999999,1.38117,353,14,0
2026-05-29 11:30:00+00:00,1.38116,1.38137,1.38055,1.3806,318,14,0
2026-05-29 11:45:00+00:00,1.3806,1.3806,1.37992,1.37998,304,14,0
2026-05-29 12:00:00+00:00,1.37998,1.38063,1.37991,1.38016,422,14,0
2026-05-29 12:15:00+00:00,1.38016,1.38086,1.38009,1.38062,327,14,0
2026-05-29 12:30:00+00:00,1.3806,1.3824100000000001,1.38058,1.3824100000000001,643,14,0
2026-05-29 12:45:00+00:00,1.38243,1.38288,1.3817599999999999,1.3817599999999999,550,14,0
2026-05-29 13:00:00+00:00,1.38175,1.3820299999999999,1.3814,1.38167,563,14,0
2026-05-29 13:15:00+00:00,1.38164,1.38164,1.38046,1.3808500000000001,515,14,0
2026-05-29 13:30:00+00:00,1.3808500000000001,1.3810799999999999,1.38014,1.3808099999999999,538,14,0
2026-05-29 13:45:00+00:00,1.3808099999999999,1.38166,1.38073,1.38121,628,14,0
2026-05-29 14:00:00+00:00,1.38121,1.38155,1.37992,1.38086,627,14,0
2026-05-29 14:15:00+00:00,1.38087,1.38098,1.38009,1.38034,725,14,0
2026-05-29 14:30:00+00:00,1.38033,1.38098,1.3796599999999999,1.37995,808,14,0
2026-05-29 14:45:00+00:00,1.37997,1.38019,1.37697,1.37752,1589,14,0
2026-05-29 15:00:00+00:00,1.37754,1.3786100000000001,1.37735,1.37831,976,14,0
2026-05-29 15:15:00+00:00,1.37831,1.3788,1.37822,1.3784399999999999,594,14,0
2026-05-29 15:30:00+00:00,1.37845,1.37845,1.37757,1.37818,685,14,0
2026-05-29 15:45:00+00:00,1.37816,1.37845,1.37771,1.37842,463,14,0
2026-05-29 16:00:00+00:00,1.37842,1.3792200000000001,1.3783,1.3792200000000001,414,14,0
2026-05-29 16:15:00+00:00,1.37923,1.37964,1.37912,1.3795600000000001,335,14,0
2026-05-29 16:30:00+00:00,1.37958,1.3798300000000001,1.37923,1.37978,487,14,0
2026-05-29 16:45:00+00:00,1.37978,1.38013,1.37978,1.3798599999999999,297,14,0
2026-05-29 17:00:00+00:00,1.37984,1.38004,1.3796,1.3798300000000001,321,14,0
2026-05-29 17:15:00+00:00,1.3798300000000001,1.38001,1.3796599999999999,1.37973,313,14,0
2026-05-29 17:30:00+00:00,1.37973,1.37978,1.3792900000000001,1.37954,331,14,0
2026-05-29 17:45:00+00:00,1.37954,1.3795600000000001,1.37911,1.3792499999999999,267,14,0
2026-05-29 18:00:00+00:00,1.3792499999999999,1.37936,1.37881,1.37881,285,14,0
2026-05-29 18:15:00+00:00,1.37882,1.3791,1.37867,1.37904,325,14,0
2026-05-29 18:30:00+00:00,1.37903,1.37919,1.37859,1.37908,250,14,0
2026-05-29 18:45:00+00:00,1.37909,1.3796300000000001,1.37901,1.3796300000000001,440,14,0
2026-05-29 19:00:00+00:00,1.37961,1.37973,1.3790499999999999,1.37923,303,14,0
2026-05-29 19:15:00+00:00,1.3792499999999999,1.37927,1.37857,1.37857,215,14,0
2026-05-29 19:30:00+00:00,1.37857,1.37877,1.37856,1.37857,193,14,0
2026-05-29 19:45:00+00:00,1.37857,1.37928,1.37847,1.37896,478,14,0
2026-05-29 20:00:00+00:00,1.37894,1.37924,1.37843,1.37906,340,14,0
2026-05-29 20:15:00+00:00,1.37907,1.37936,1.3790499999999999,1.37916,167,14,0
2026-05-29 20:30:00+00:00,1.37918,1.3795,1.37918,1.37936,203,14,0
2026-05-29 20:45:00+00:00,1.37936,1.37971,1.37921,1.3795899999999999,316,14,0
