time,open,high,low,close,tick_volume,spread,real_volume
2025-08-08 13:00:00+00:00,147.842,147.9,147.642,147.876,4243,9,0
2025-08-08 14:00:00+00:00,147.877,147.903,147.686,147.812,5234,9,0
2025-08-08 15:00:00+00:00,147.814,147.829,147.632,147.704,3472,9,0
2025-08-08 16:00:00+00:00,147.704,147.832,147.672,147.736,2555,9,0
2025-08-08 17:00:00+00:00,147.736,147.752,147.654,147.743,2037,9,0
2025-08-08 18:00:00+00:00,147.741,147.775,147.627,147.663,3003,9,0
2025-08-08 19:00:00+00:00,147.663,147.814,147.643,147.749,2464,9,0
2025-08-08 20:00:00+00:00,147.74,147.797,147.712,147.722,1492,9,0
2025-08-10 21:00:00+00:00,147.396,147.676,147.38,147.601,1573,38,0
2025-08-10 22:00:00+00:00,147.632,147.782,147.587,147.717,1179,9,0
2025-08-10 23:00:00+00:00,147.725,147.767,147.62,147.654,1479,9,0
2025-08-11 00:00:00+00:00,147.652,147.74,147.566,147.656,2607,9,0
2025-08-11 01:00:00+00:00,147.659,147.712,147.586,147.611,2391,9,0
2025-08-11 02:00:00+00:00,147.607,147.616,147.516,147.555,1626,9,0
2025-08-11 03:00:00+00:00,147.556,147.601,147.425,147.477,1587,9,0
2025-08-11 04:00:00+00:00,147.476,147.493,147.422,147.478,1334,9,0
2025-08-11 05:00:00+00:00,147.48,147.53,147.47,147.518,1433,9,0
2025-08-11 06:00:00+00:00,147.519,147.606,147.468,147.589,2165,9,0
2025-08-11 07:00:00+00:00,147.59,147.659,147.351,147.386,3184,9,0
2025-08-11 08:00:00+00:00,147.383,147.546,147.345,147.501,2780,9,0
2025-08-11 09:00:00+00:00,147.502,147.702,147.48,147.681,2308,9,0
2025-08-11 10:00:00+00:00,147.68,147.742,147.661,147.733,1761,9,0
2025-08-11 11:00:00+00:00,147.733,147.944,147.717,147.859,2633,9,0
2025-08-11 12:00:00+00:00,147.862,147.946,147.803,147.805,3313,9,0
2025-08-11 13:00:00+00:00,147.805,147.94,147.78,147.883,3754,9,0
2025-08-11 14:00:00+00:00,147.883,148.07,147.871,148.044,3861,9,0
2025-08-11 15:00:00+00:00,148.043,148.108,147.939,147.991,2785,9,0
2025-08-11 16:00:00+00:00,147.989,148.026,147.907,147.989,1973,9,0
2025-08-11 17:00:00+00:00,147.987,148.065,147.966,147.989,1982,9,0
2025-08-11 18:00:00+00:00,147.989,148.164,147.978,148.131,1760,9,0
2025-08-11 19:00:00+00:00,148.129,148.237,148.116,148.226,1450,9,0
2025-08-11 20:00:00+00:00,148.227,148.243,148.084,148.134,1016,9,0
2025-08-11 21:00:00+00:00,148.122,148.133,147.891,148.089,733,38,0
2025-08-11 22:00:00+00:00,148.103,148.231,148.103,148.19,945,9,0
2025-08-11 23:00:00+00:00,148.193,148.22,148.115,148.147,1018,9,0
2025-08-12 00:00:00+00:00,148.149,148.428,148.127,148.401,3496,9,0
2025-08-12 01:00:00+00:00,148.398,148.398,148.206,148.3,2539,9,0
2025-08-12 02:00:00+00:00,148.301,148.338,148.254,148.292,1729,9,0
2025-08-12 03:00:00+00:00,148.292,148.442,148.262,148.412,1773,9,0
2025-08-12 04:00:00+00:00,148.412,148.441,148.34,148.348,1651,9,0
2025-08-12 05:00:00+00:00,148.352,148.4,148.231,148.336,3076,9,0
2025-08-12 06:00:00+00:00,148.335,148.398,148.144,148.266,3344,9,0
2025-08-12 07:00:00+00:00,148.266,148.367,148.201,148.258,2961,9,0
2025-08-12 08:00:00+00:00,148.259,148.464,148.257,148.419,2495,9,0
2025-08-12 09:00:00+00:00,148.418,148.482,148.345,148.468,2248,9,0
2025-08-12 10:00:00+00:00,148.469,148.479,148.364,148.46,1815,9,0
2025-08-12 11:00:00+00:00,148.461,148.491,148.437,148.437,1992,9,0
2025-08-12 12:00:00+00:00,148.436,148.517,147.857,148.03,11067,9,0
2025-08-12 13:00:00+00:00,148.033,148.444,147.894,148.203,14685,9,0
2025-08-12 14:00:00+00:00,148.201,148.399,148.071,148.159,7195,9,0
2025-08-12 15:00:00+00:00,148.158,148.175,147.575,147.802,6474,9,0
2025-08-12 16:00:00+00:00,147.802,147.858,147.654,147.71,4097,9,0
2025-08-12 17:00:00+00:00,147.708,147.791,147.683,147.761,3538,9,0
2025-08-12 18:00:00+00:00,147.761,147.802,147.686,147.734,2120,9,0
2025-08-12 19:00:00+00:00,147.736,147.782,147.695,147.755,1663,9,0
2025-08-12 20:00:00+00:00,147.748,147.866,147.738,147.805,1051,9,0
2025-08-12 21:00:00+00:00,147.779,147.842,147.624,147.822,674,38,0
2025-08-12 22:00:00+00:00,147.838,147.841,147.756,147.791,816,9,0
2025-08-12 23:00:00+00:00,147.789,147.817,147.729,147.771,1259,9,0
2025-08-13 00:00:00+00:00,147.77,147.89,147.698,147.797,3642,9,0
2025-08-13 01:00:00+00:00,147.796,148.082,147.725,148.053,2859,9,0
2025-08-13 02:00:00+00:00,148.051,148.166,148.022,148.041,2219,9,0
2025-08-13 03:00:00+00:00,148.044,148.105,147.955,147.998,2005,9,0
2025-08-13 04:00:00+00:00,148.0,148.099,147.926,147.926,2241,9,0
2025-08-13 05:00:00+00:00,147.927,148.008,147.893,147.926,2044,9,0
2025-08-13 06:00:00+00:00,147.93,147.945,147.713,147.78,2919,9,0
2025-08-13 07:00:00+00:00,147.783,147.792,147.397,147.527,3705,9,0
2025-08-13 08:00:00+00:00,147.53,147.532,147.194,147.263,3657,9,0
2025-08-13 09:00:00+00:00,147.263,147.27,147.172,147.213,2725,9,0
2025-08-13 10:00:00+00:00,147.213,147.414,147.187,147.403,2407,9,0
2025-08-13 11:00:00+00:00,147.401,147.564,147.27,147.277,3205,9,0
2025-08-13 12:00:00+00:00,147.277,147.489,147.153,147.403,4225,9,0
2025-08-13 13:00:00+00:00,147.406,147.433,147.184,147.201,4444,9,0
2025-08-13 14:00:00+00:00,147.203,147.247,147.094,147.141,4483,9,0
2025-08-13 15:00:00+00:00,147.14,147.308,147.081,147.245,3425,9,0
2025-08-13 16:00:00+00:00,147.243,147.347,147.21,147.342,2163,9,0
2025-08-13 17:00:00+00:00,147.344,147.421,147.313,147.388,2011,9,0
2025-08-13 18:00:00+00:00,147.388,147.509,147.384,147.43,1733,9,0
2025-08-13 19:00:00+00:00,147.432,147.473,147.381,147.443,1473,9,0
2025-08-13 20:00:00+00:00,147.438,147.447,147.13,147.197,960,9,0
2025-08-13 21:00:00+00:00,147.183,147.36,147.138,147.254,485,38,0
2025-08-13 22:00:00+00:00,147.291,147.344,147.241,147.256,635,9,0
2025-08-13 23:00:00+00:00,147.258,147.258,147.11,147.12,1176,9,0
2025-08-14 00:00:00+00:00,147.118,147.118,146.614,146.686,4969,9,0
2025-08-14 01:00:00+00:00,146.687,146.689,146.369,146.493,5336,9,0
2025-08-14 02:00:00+00:00,146.496,146.731,146.496,146.695,3246,9,0
2025-08-14 03:00:00+00:00,146.697,146.75,146.538,146.544,2473,9,0
2025-08-14 04:00:00+00:00,146.544,146.565,146.332,146.38,2205,9,0
2025-08-14 05:00:00+00:00,146.38,146.566,146.38,146.464,2977,9,0
2025-08-14 06:00:00+00:00,146.461,146.524,146.212,146.479,4836,9,0
2025-08-14 07:00:00+00:00,146.478,146.58,146.307,146.545,5905,9,0
2025-08-14 08:00:00+00:00,146.546,146.63,146.42,146.55,4063,9,0
2025-08-14 09:00:00+00:00,146.55,146.65,146.431,146.627,3542,9,0
2025-08-14 10:00:00+00:00,146.628,146.665,146.429,146.521,2780,9,0
2025-08-14 11:00:00+00:00,146.52,146.626,146.433,146.491,3021,9,0
2025-08-14 12:00:00+00:00,146.489,147.103,146.42,146.947,9449,9,0
2025-08-14 13:00:00+00:00,146.945,147.415,146.942,147.412,8413,9,0
2025-08-14 14:00:00+00:00,147.413,147.555,147.361,147.478,5682,9,0
2025-08-14 15:00:00+00:00,147.477,147.8,147.47,147.687,4979,9,0
2025-08-14 16:00:00+00:00,147.685,147.889,147.685,147.843,3268,9,0
2025-08-14 17:00:00+00:00,147.844,147.904,147.747,147.863,2237,9,0
2025-08-14 18:00:00+00:00,147.862,147.96,147.844,147.872,2032,9,0
2025-08-14 19:00:00+00:00,147.871,147.877,147.762,147.776,1572,9,0
2025-08-14 20:00:00+00:00,147.774,147.779,147.71,147.748,1138,9,0
2025-08-14 21:00:00+00:00,147.716,147.814,147.607,147.762,967,38,0
2025-08-14 22:00:00+00:00,147.77,147.803,147.73,147.768,606,9,0
2025-08-14 23:00:00+00:00,147.771,147.864,147.66,147.679,1514,9,0
2025-08-15 00:00:00+00:00,147.682,147.724,147.464,147.479,3073,9,0
2025-08-15 01:00:00+00:00,147.476,147.513,147.196,147.284,3167,9,0
2025-08-15 02:00:00+00:00,147.284,147.39,147.244,147.281,2382,9,0
2025-08-15 03:00:00+00:00,147.278,147.294,147.175,147.224,2074,9,0
2025-08-15 04:00:00+00:00,147.224,147.229,147.109,147.136,1355,9,0
2025-08-15 05:00:00+00:00,147.137,147.171,147.04,147.147,1836,9,0
2025-08-15 06:00:00+00:00,147.149,147.221,147.044,147.095,3629,9,0
2025-08-15 07:00:00+00:00,147.093,147.221,146.973,147.002,3480,9,0
2025-08-15 08:00:00+00:00,147.003,147.013,146.848,146.855,3340,9,0
2025-08-15 09:00:00+00:00,146.857,146.91,146.753,146.889,2463,9,0
2025-08-15 10:00:00+00:00,146.886,146.964,146.798,146.948,2112,9,0
2025-08-15 11:00:00+00:00,146.95,147.051,146.903,146.981,2025,9,0
2025-08-15 12:00:00+00:00,146.978,147.271,146.734,146.888,6391,9,0
2025-08-15 13:00:00+00:00,146.885,147.096,146.765,146.958,6734,9,0
2025-08-15 14:00:00+00:00,146.963,147.046,146.797,146.848,5670,9,0
2025-08-15 15:00:00+00:00,146.85,147.039,146.807,147.002,3533,9,0
2025-08-15 16:00:00+00:00,147.0,147.261,146.998,147.196,2672,9,0
2025-08-15 17:00:00+00:00,147.197,147.329,147.194,147.235,1932,9,0
2025-08-15 18:00:00+00:00,147.235,147.306,147.198,147.207,2077,9,0
2025-08-15 19:00:00+00:00,147.207,147.252,147.19,147.234,1621,9,0
2025-08-15 20:00:00+00:00,147.234,147.251,147.128,147.154,1366,9,0
2025-08-17 21:00:00+00:00,147.164,147.188,147.063,147.172,1145,38,0
2025-08-17 22:00:00+00:00,147.195,147.209,147.07,147.171,961,9,0
2025-08-17 23:00:00+00:00,147.171,147.382,147.165,147.23,1711,9,0
2025-08-18 00:00:00+00:00,147.229,147.457,147.223,147.422,4012,9,0
2025-08-18 01:00:00+00:00,147.424,147.579,147.329,147.333,2886,9,0
2025-08-18 02:00:00+00:00,147.332,147.523,147.297,147.464,1875,9,0
2025-08-18 03:00:00+00:00,147.464,147.482,147.333,147.382,1831,9,0
2025-08-18 04:00:00+00:00,147.385,147.503,147.349,147.376,1983,9,0
2025-08-18 05:00:00+00:00,147.376,147.452,147.331,147.381,1913,9,0
2025-08-18 06:00:00+00:00,147.381,147.496,147.316,147.376,2920,9,0
2025-08-18 07:00:00+00:00,147.375,147.465,147.117,147.45,4047,9,0
2025-08-18 08:00:00+00:00,147.451,147.518,147.249,147.337,3762,9,0
2025-08-18 09:00:00+00:00,147.336,147.47,147.276,147.409,2830,9,0
2025-08-18 10:00:00+00:00,147.407,147.467,147.359,147.422,2111,9,0
2025-08-18 11:00:00+00:00,147.422,147.57,147.365,147.548,2273,9,0
2025-08-18 12:00:00+00:00,147.547,147.79,147.513,147.722,3206,9,0
2025-08-18 13:00:00+00:00,147.72,147.917,147.709,147.817,3075,9,0
2025-08-18 14:00:00+00:00,147.818,147.976,147.685,147.937,3794,9,0
2025-08-18 15:00:00+00:00,147.937,147.982,147.731,147.756,2778,9,0
2025-08-18 16:00:00+00:00,147.758,147.805,147.675,147.787,2070,9,0
2025-08-18 17:00:00+00:00,147.788,147.823,147.655,147.799,2027,9,0
2025-08-18 18:00:00+00:00,147.8,147.861,147.739,147.855,1550,9,0
2025-08-18 19:00:00+00:00,147.857,147.883,147.821,147.821,1248,9,0
2025-08-18 20:00:00+00:00,147.818,147.91,147.801,147.859,999,9,0
2025-08-18 21:00:00+00:00,147.839,147.865,147.638,147.791,586,38,0
2025-08-18 22:00:00+00:00,147.815,147.876,147.755,147.875,932,9,0
2025-08-18 23:00:00+00:00,147.875,147.979,147.872,147.917,1170,9,0
2025-08-19 00:00:00+00:00,147.916,147.98,147.769,147.771,3261,9,0
2025-08-19 01:00:00+00:00,147.771,148.109,147.618,147.742,4423,9,0
2025-08-19 02:00:00+00:00,147.746,147.824,147.662,147.806,2751,9,0
2025-08-19 03:00:00+00:00,147.804,147.873,147.72,147.828,2628,9,0
2025-08-19 04:00:00+00:00,147.83,147.87,147.737,147.756,2157,9,0
2025-08-19 05:00:00+00:00,147.755,147.775,147.612,147.641,2272,9,0
2025-08-19 06:00:00+00:00,147.64,147.702,147.567,147.598,2934,9,0
2025-08-19 07:00:00+00:00,147.596,147.707,147.528,147.701,3109,9,0
2025-08-19 08:00:00+00:00,147.701,147.747,147.616,147.66,2492,9,0
2025-08-19 09:00:00+00:00,147.658,147.809,147.617,147.76,2093,9,0
2025-08-19 10:00:00+00:00,147.762,147.766,147.595,147.709,2170,9,0
2025-08-19 11:00:00+00:00,147.708,147.819,147.643,147.708,2267,9,0
2025-08-19 12:00:00+00:00,147.706,147.849,147.694,147.78,3603,9,0
2025-08-19 13:00:00+00:00,147.782,147.896,147.633,147.646,3767,9,0
2025-08-19 14:00:00+00:00,147.648,147.801,147.547,147.727,3720,9,0
2025-08-19 15:00:00+00:00,147.724,147.787,147.627,147.722,3095,9,0
2025-08-19 16:00:00+00:00,147.72,147.72,147.553,147.622,2351,9,0
2025-08-19 17:00:00+00:00,147.621,147.644,147.44,147.472,2316,9,0
2025-08-19 18:00:00+00:00,147.472,147.577,147.447,147.51,2139,9,0
2025-08-19 19:00:00+00:00,147.508,147.584,147.455,147.581,1464,9,0
2025-08-19 20:00:00+00:00,147.57,147.686,147.57,147.651,1078,9,0
2025-08-19 21:00:00+00:00,147.651,147.651,147.471,147.544,725,38,0
2025-08-19 22:00:00+00:00,147.585,147.647,147.574,147.6,648,9,0
2025-08-19 23:00:00+00:00,147.599,147.752,147.595,147.735,1284,9,0
2025-08-20 00:00:00+00:00,147.737,147.814,147.501,147.567,3197,9,0
2025-08-20 01:00:00+00:00,147.566,147.664,147.417,147.495,4253,9,0
2025-08-20 02:00:00+00:00,147.495,147.618,147.47,147.577,3159,9,0
2025-08-20 03:00:00+00:00,147.58,147.586,147.45,147.524,2368,9,0
2025-08-20 04:00:00+00:00,147.525,147.61,147.453,147.573,1375,9,0
2025-08-20 05:00:00+00:00,147.573,147.574,147.397,147.458,1697,9,0
2025-08-20 06:00:00+00:00,147.459,147.472,147.138,147.374,4194,9,0
2025-08-20 07:00:00+00:00,147.375,147.693,147.323,147.622,3874,9,0
2025-08-20 08:00:00+00:00,147.622,147.645,147.521,147.581,2976,9,0
2025-08-20 09:00:00+00:00,147.581,147.587,147.42,147.475,2004,9,0
2025-08-20 10:00:00+00:00,147.477,147.492,147.364,147.447,1838,9,0
2025-08-20 11:00:00+00:00,147.446,147.545,147.413,147.536,1771,9,0
2025-08-20 12:00:00+00:00,147.534,147.536,147.236,147.273,4232,9,0
2025-08-20 13:00:00+00:00,147.273,147.436,147.079,147.153,4559,9,0
2025-08-20 14:00:00+00:00,147.153,147.251,146.867,146.991,5967,9,0
2025-08-20 15:00:00+00:00,146.992,147.207,146.944,147.192,3310,9,0
2025-08-20 16:00:00+00:00,147.188,147.227,147.093,147.115,2137,9,0
2025-08-20 17:00:00+00:00,147.113,147.138,147.007,147.024,1741,9,0
2025-08-20 18:00:00+00:00,147.026,147.282,147.008,147.265,2235,9,0
2025-08-20 19:00:00+00:00,147.267,147.352,147.235,147.337,1407,9,0
2025-08-20 20:00:00+00:00,147.331,147.483,147.114,147.133,896,9,0
2025-08-20 21:00:00+00:00,147.109,147.325,147.072,147.306,832,38,0
2025-08-20 22:00:00+00:00,147.315,147.357,147.251,147.34,875,9,0
2025-08-20 23:00:00+00:00,147.338,147.41,147.295,147.301,1652,9,0
2025-08-21 00:00:00+00:00,147.304,147.459,147.252,147.387,4020,9,0
2025-08-21 01:00:00+00:00,147.384,147.502,147.311,147.421,3186,9,0
2025-08-21 02:00:00+00:00,147.42,147.45,147.253,147.341,2389,9,0
2025-08-21 03:00:00+00:00,147.34,147.445,147.283,147.413,1705,9,0
2025-08-21 04:00:00+00:00,147.414,147.424,147.342,147.379,1307,9,0
2025-08-21 05:00:00+00:00,147.379,147.496,147.367,147.422,1713,9,0
2025-08-21 06:00:00+00:00,147.421,147.576,147.338,147.559,3313,9,0
2025-08-21 07:00:00+00:00,147.562,147.637,147.505,147.591,3152,9,0
2025-08-21 08:00:00+00:00,147.591,147.621,147.549,147.582,2381,9,0
2025-08-21 09:00:00+00:00,147.583,147.692,147.478,147.666,2170,9,0
2025-08-21 10:00:00+00:00,147.667,147.886,147.655,147.844,2092,9,0
2025-08-21 11:00:00+00:00,147.845,147.929,147.817,147.919,2380,9,0
2025-08-21 12:00:00+00:00,147.917,147.925,147.576,147.75,4163,9,0
2025-08-21 13:00:00+00:00,147.752,147.936,147.58,147.794,5205,9,0
2025-08-21 14:00:00+00:00,147.792,148.166,147.792,148.151,5377,9,0
2025-08-21 15:00:00+00:00,148.153,148.401,148.076,148.353,6383,9,0
2025-08-21 16:00:00+00:00,148.354,148.392,148.271,148.283,2214,9,0
2025-08-21 17:00:00+00:00,148.281,148.303,148.166,148.266,2124,9,0
2025-08-21 18:00:00+00:00,148.267,148.344,148.227,148.344,1700,9,0
2025-08-21 19:00:00+00:00,148.343,148.404,148.34,148.374,1206,9,0
2025-08-21 20:00:00+00:00,148.373,148.379,148.312,148.344,792,9,0
2025-08-21 21:00:00+00:00,148.308,148.355,148.1,148.327,762,38,0
2025-08-21 22:00:00+00:00,148.351,148.375,148.305,148.332,769,9,0
2025-08-21 23:00:00+00:00,148.332,148.451,148.29,148.381,1924,9,0
2025-08-22 00:00:00+00:00,148.384,148.5,148.278,148.471,3498,9,0
2025-08-22 01:00:00+00:00,148.469,148.682,148.406,148.547,2988,9,0
2025-08-22 02:00:00+00:00,148.546,148.556,148.454,148.484,1894,9,0
2025-08-22 03:00:00+00:00,148.484,148.714,148.477,148.672,1971,9,0
2025-08-22 04:00:00+00:00,148.672,148.76,148.643,148.741,1588,9,0
2025-08-22 05:00:00+00:00,148.739,148.775,148.596,148.659,1761,9,0
2025-08-22 06:00:00+00:00,148.661,148.703,148.419,148.515,2913,9,0
2025-08-22 07:00:00+00:00,148.513,148.619,148.406,148.599,2464,9,0
2025-08-22 08:00:00+00:00,148.601,148.67,148.539,148.634,2278,9,0
2025-08-22 09:00:00+00:00,148.635,148.706,148.596,148.702,1818,9,0
2025-08-22 10:00:00+00:00,148.701,148.731,148.619,148.63,1546,9,0
2025-08-22 11:00:00+00:00,148.63,148.738,148.593,148.706,2175,9,0
2025-08-22 12:00:00+00:00,148.705,148.719,148.601,148.7,2821,9,0
2025-08-22 13:00:00+00:00,148.701,148.717,148.491,148.604,3270,9,0
2025-08-22 14:00:00+00:00,148.602,148.602,146.797,146.85,20895,9,0
2025-08-22 15:00:00+00:00,146.852,146.893,146.57,146.824,7209,9,0
2025-08-22 16:00:00+00:00,146.826,146.847,146.646,146.7,4608,9,0
2025-08-22 17:00:00+00:00,146.701,146.733,146.573,146.64,3172,9,0
2025-08-22 18:00:00+00:00,146.642,146.872,146.598,146.859,2405,9,0
2025-08-22 19:00:00+00:00,146.86,146.997,146.841,146.958,1842,9,0
2025-08-22 20:00:00+00:00,146.955,146.972,146.872,146.924,1245,9,0
2025-08-24 21:00:00+00:00,146.674,146.879,146.673,146.838,2009,38,0
2025-08-24 22:00:00+00:00,146.907,147.061,146.828,147.061,1623,10,0
2025-08-24 23:00:00+00:00,147.062,147.299,147.043,147.263,2188,10,0
2025-08-25 00:00:00+00:00,147.26,147.523,147.244,147.383,4584,10,0
2025-08-25 01:00:00+00:00,147.381,147.457,147.25,147.392,3264,10,0
2025-08-25 02:00:00+00:00,147.392,147.514,147.388,147.432,2098,10,0
2025-08-25 03:00:00+00:00,147.433,147.433,147.299,147.338,1617,10,0
2025-08-25 04:00:00+00:00,147.338,147.357,147.203,147.229,1529,10,0
2025-08-25 05:00:00+00:00,147.229,147.374,147.229,147.295,1685,10,0
2025-08-25 06:00:00+00:00,147.293,147.314,147.094,147.16,2961,10,0
2025-08-25 07:00:00+00:00,147.161,147.369,147.135,147.332,2715,10,0
2025-08-25 08:00:00+00:00,147.332,147.367,147.253,147.283,2306,10,0
2025-08-25 09:00:00+00:00,147.284,147.381,147.218,147.344,1776,10,0
2025-08-25 10:00:00+00:00,147.344,147.444,147.319,147.434,1735,10,0
2025-08-25 11:00:00+00:00,147.432,147.444,147.28,147.316,1962,10,0
2025-08-25 12:00:00+00:00,147.314,147.449,147.307,147.376,2462,10,0
2025-08-25 13:00:00+00:00,147.378,147.543,147.3,147.3,3456,10,0
2025-08-25 14:00:00+00:00,147.298,147.493,147.286,147.484,3366,10,0
2025-08-25 15:00:00+00:00,147.485,147.671,147.394,147.607,3492,10,0
2025-08-25 16:00:00+00:00,147.608,147.627,147.511,147.534,2493,10,0
2025-08-25 17:00:00+00:00,147.534,147.594,147.496,147.558,2256,10,0
2025-08-25 18:00:00+00:00,147.557,147.824,147.53,147.802,2639,10,0
2025-08-25 19:00:00+00:00,147.799,147.935,147.783,147.817,2630,10,0
2025-08-25 20:00:00+00:00,147.814,147.818,147.659,147.738,1180,10,0
2025-08-25 21:00:00+00:00,147.701,147.76,147.58,147.69,885,38,0
2025-08-25 22:00:00+00:00,147.719,147.787,147.624,147.729,918,10,0
2025-08-25 23:00:00+00:00,147.728,147.85,147.69,147.811,1380,10,0
2025-08-26 00:00:00+00:00,147.812,147.876,146.986,147.107,15885,10,0
2025-08-26 01:00:00+00:00,147.11,147.375,147.106,147.312,4186,10,0
2025-08-26 02:00:00+00:00,147.315,147.604,147.252,147.517,3447,10,0
2025-08-26 03:00:00+00:00,147.517,147.802,147.516,147.792,2997,10,0
2025-08-26 04:00:00+00:00,147.79,147.809,147.715,147.765,1974,10,0
2025-08-26 05:00:00+00:00,147.766,147.885,147.667,147.706,2631,10,0
2025-08-26 06:00:00+00:00,147.707,147.826,147.633,147.772,4102,10,0
2025-08-26 07:00:00+00:00,147.77,147.904,147.635,147.693,5313,10,0
2025-08-26 08:00:00+00:00,147.691,147.698,147.49,147.567,4078,10,0
2025-08-26 09:00:00+00:00,147.566,147.619,147.482,147.545,3094,10,0
2025-08-26 10:00:00+00:00,147.545,147.666,147.467,147.581,2462,10,0
2025-08-26 11:00:00+00:00,147.581,147.618,147.395,147.46,2744,10,0
2025-08-26 12:00:00+00:00,147.458,147.547,147.325,147.538,4005,10,0
2025-08-26 13:00:00+00:00,147.539,147.683,147.531,147.545,4431,10,0
2025-08-26 14:00:00+00:00,147.547,147.72,147.483,147.497,4986,10,0
2025-08-26 15:00:00+00:00,147.495,147.498,147.291,147.314,3285,10,0
2025-08-26 16:00:00+00:00,147.312,147.312,147.097,147.303,2716,10,0
2025-08-26 17:00:00+00:00,147.303,147.385,147.266,147.385,1987,10,0
2025-08-26 18:00:00+00:00,147.382,147.541,147.331,147.376,2110,10,0
2025-08-26 19:00:00+00:00,147.376,147.437,147.301,147.429,1980,10,0
2025-08-26 20:00:00+00:00,147.415,147.483,147.39,147.403,1093,10,0
2025-08-26 21:00:00+00:00,147.389,147.404,147.151,147.386,583,38,0
2025-08-26 22:00:00+00:00,147.395,147.476,147.351,147.43,964,10,0
2025-08-26 23:00:00+00:00,147.432,147.505,147.357,147.469,1539,10,0
2025-08-27 00:00:00+00:00,147.469,147.577,147.4,147.577,3684,10,0
2025-08-27 01:00:00+00:00,147.579,147.646,147.51,147.597,2926,10,0
2025-08-27 02:00:00+00:00,147.597,147.732,147.595,147.717,1859,10,0
2025-08-27 03:00:00+00:00,147.718,147.849,147.709,147.827,1755,10,0
2025-08-27 04:00:00+00:00,147.827,147.957,147.824,147.94,1904,10,0
2025-08-27 05:00:00+00:00,147.942,147.965,147.802,147.811,2018,10,0
2025-08-27 06:00:00+00:00,147.811,147.838,147.652,147.71,2612,10,0
2025-08-27 07:00:00+00:00,147.712,147.894,147.711,147.752,2728,10,0
2025-08-27 08:00:00+00:00,147.754,147.999,147.74,147.914,2962,10,0
2025-08-27 09:00:00+00:00,147.915,148.031,147.863,148.031,2196,10,0
2025-08-27 10:00:00+00:00,148.032,148.142,147.961,148.115,2436,10,0
2025-08-27 11:00:00+00:00,148.116,148.179,148.028,148.137,2552,10,0
2025-08-27 12:00:00+00:00,148.137,148.144,147.98,148.065,3501,10,0
2025-08-27 13:00:00+00:00,148.065,148.125,147.913,148.08,4098,10,0
2025-08-27 14:00:00+00:00,148.082,148.091,147.817,147.863,3854,10,0
2025-08-27 15:00:00+00:00,147.86,147.86,147.688,147.743,3530,10,0
2025-08-27 16:00:00+00:00,147.743,147.751,147.336,147.358,2957,10,0
2025-08-27 17:00:00+00:00,147.356,147.426,147.29,147.353,2836,10,0
2025-08-27 18:00:00+00:00,147.352,147.486,147.352,147.406,1999,10,0
2025-08-27 19:00:00+00:00,147.408,147.513,147.408,147.47,1643,10,0
2025-08-27 20:00:00+00:00,147.464,147.511,147.201,147.201,1339,10,0
2025-08-27 21:00:00+00:00,147.186,147.359,147.12,147.35,853,38,0
2025-08-27 22:00:00+00:00,147.388,147.403,147.197,147.282,1498,10,0
2025-08-27 23:00:00+00:00,147.282,147.34,147.218,147.334,2312,10,0
2025-08-28 00:00:00+00:00,147.333,147.485,147.275,147.296,3634,10,0
2025-08-28 01:00:00+00:00,147.294,147.444,147.188,147.34,3577,10,0
2025-08-28 02:00:00+00:00,147.339,147.364,147.229,147.24,2774,10,0
2025-08-28 03:00:00+00:00,147.237,147.289,147.077,147.095,2142,10,0
2025-08-28 04:00:00+00:00,147.094,147.206,147.078,147.158,1710,10,0
2025-08-28 05:00:00+00:00,147.158,147.204,147.073,147.123,2064,10,0
2025-08-28 06:00:00+00:00,147.125,147.342,146.992,147.304,3542,10,0
2025-08-28 07:00:00+00:00,147.305,147.401,147.152,147.163,3855,10,0
2025-08-28 08:00:00+00:00,147.164,147.366,147.126,147.185,3099,10,0
2025-08-28 09:00:00+00:00,147.183,147.183,147.061,147.137,2631,10,0
2025-08-28 10:00:00+00:00,147.137,147.163,146.9,146.927,3094,10,0
2025-08-28 11:00:00+00:00,146.929,146.964,146.803,146.923,2953,10,0
2025-08-28 12:00:00+00:00,146.922,147.164,146.854,147.098,5822,10,0
2025-08-28 13:00:00+00:00,147.101,147.229,147.021,147.087,5713,10,0
2025-08-28 14:00:00+00:00,147.09,147.113,146.869,146.972,4748,10,0
2025-08-28 15:00:00+00:00,146.973,147.066,146.944,146.989,3137,10,0
2025-08-28 16:00:00+00:00,146.987,146.993,146.826,146.848,2339,10,0
2025-08-28 17:00:00+00:00,146.845,146.851,146.654,146.804,2593,10,0
2025-08-28 18:00:00+00:00,146.804,146.886,146.796,146.817,1694,10,0
2025-08-28 19:00:00+00:00,146.816,146.932,146.804,146.914,1427,10,0
2025-08-28 20:00:00+00:00,146.909,146.988,146.909,146.925,793,10,0
2025-08-28 21:00:00+00:00,146.919,146.919,146.735,146.911,706,38,0
2025-08-28 22:00:00+00:00,146.95,147.074,146.913,147.022,1469,10,0
2025-08-28 23:00:00+00:00,147.028,147.028,146.791,146.828,1905,10,0
2025-08-29 00:00:00+00:00,146.827,146.974,146.76,146.823,3873,10,0
2025-08-29 01:00:00+00:00,146.82,147.108,146.78,147.002,3750,10,0
2025-08-29 02:00:00+00:00,147.002,147.002,146.821,146.892,2174,10,0
2025-08-29 03:00:00+00:00,146.89,146.989,146.889,146.982,1665,10,0
2025-08-29 04:00:00+00:00,146.983,147.036,146.899,146.902,1774,10,0
2025-08-29 05:00:00+00:00,146.901,147.022,146.897,147.01,1752,10,0
2025-08-29 06:00:00+00:00,147.009,147.168,146.956,147.154,2583,10,0
2025-08-29 07:00:00+00:00,147.156,147.194,146.954,147.002,2796,10,0
2025-08-29 08:00:00+00:00,147.003,147.028,146.864,146.951,2690,10,0
2025-08-29 09:00:00+00:00,146.95,147.108,146.935,147.09,2399,10,0
2025-08-29 10:00:00+00:00,147.09,147.246,147.071,147.194,2047,10,0
2025-08-29 11:00:00+00:00,147.194,147.26,147.168,147.245,1905,10,0
2025-08-29 12:00:00+00:00,147.245,147.405,147.13,147.316,4124,10,0
2025-08-29 13:00:00+00:00,147.318,147.385,147.078,147.104,4511,10,0
2025-08-29 14:00:00+00:00,147.102,147.102,146.803,146.821,5820,10,0
2025-08-29 15:00:00+00:00,146.82,146.968,146.766,146.902,3954,10,0
2025-08-29 16:00:00+00:00,146.901,146.961,146.849,146.909,2595,10,0
2025-08-29 17:00:00+00:00,146.91,147.004,146.879,146.977,1675,10,0
2025-08-29 18:00:00+00:00,146.976,147.025,146.954,147.011,1404,10,0
2025-08-29 19:00:00+00:00,147.012,147.042,146.918,146.956,1517,10,0
2025-08-29 20:00:00+00:00,146.955,147.091,146.912,147.035,1189,10,0
2025-08-31 21:00:00+00:00,146.92,147.031,146.885,146.986,1338,38,0
2025-08-31 22:00:00+00:00,147.021,147.147,147.008,147.126,1212,10,0
2025-08-31 23:00:00+00:00,147.128,147.185,147.078,147.117,1479,10,0
2025-09-01 00:00:00+00:00,147.119,147.255,147.115,147.229,3143,10,0
2025-09-01 01:00:00+00:00,147.23,147.375,147.18,147.285,3021,10,0
2025-09-01 02:00:00+00:00,147.287,147.289,146.85,146.892,3061,10,0
2025-09-01 03:00:00+00:00,146.889,147.0,146.839,146.889,2463,10,0
2025-09-01 04:00:00+00:00,146.889,147.058,146.88,147.041,2128,10,0
2025-09-01 05:00:00+00:00,147.04,147.057,146.894,146.912,1881,10,0
2025-09-01 06:00:00+00:00,146.912,146.944,146.783,146.933,3170,10,0
2025-09-01 07:00:00+00:00,146.935,147.199,146.893,147.069,3481,10,0
2025-09-01 08:00:00+00:00,147.07,147.199,146.958,146.985,3319,10,0
2025-09-01 09:00:00+00:00,146.984,147.115,146.935,147.099,2764,10,0
2025-09-01 10:00:00+00:00,147.099,147.141,147.045,147.129,1993,10,0
2025-09-01 11:00:00+00:00,147.129,147.164,147.057,147.153,2083,10,0
2025-09-01 12:00:00+00:00,147.153,147.229,147.147,147.196,2127,10,0
2025-09-01 13:00:00+00:00,147.194,147.272,147.162,147.248,2386,10,0
2025-09-01 14:00:00+00:00,147.248,147.296,147.219,147.286,2109,10,0
2025-09-01 15:00:00+00:00,147.287,147.303,147.25,147.266,1585,10,0
2025-09-01 16:00:00+00:00,147.266,147.282,147.195,147.233,1143,10,0
2025-09-01 17:00:00+00:00,147.236,147.24,147.206,147.215,805,10,0
2025-09-01 18:00:00+00:00,147.215,147.231,147.205,147.219,608,10,0
2025-09-01 19:00:00+00:00,147.219,147.219,147.153,147.184,774,10,0
2025-09-01 20:00:00+00:00,147.172,147.183,147.137,147.162,584,10,0
2025-09-01 21:00:00+00:00,147.162,147.181,147.036,147.16,538,38,0
2025-09-01 22:00:00+00:00,147.179,147.198,147.115,147.162,854,10,0
2025-09-01 23:00:00+00:00,147.168,147.175,147.042,147.091,1440,10,0
2025-09-02 00:00:00+00:00,147.09,147.354,147.084,147.302,3881,10,0
2025-09-02 01:00:00+00:00,147.301,147.581,147.191,147.539,5545,10,0
2025-09-02 02:00:00+00:00,147.539,147.712,147.525,147.661,3188,10,0
2025-09-02 03:00:00+00:00,147.661,147.746,147.57,147.7,2045,10,0
2025-09-02 04:00:00+00:00,147.7,147.858,147.683,147.718,2487,10,0
2025-09-02 05:00:00+00:00,147.719,147.92,147.696,147.911,2897,10,0
2025-09-02 06:00:00+00:00,147.909,148.049,147.901,147.959,3215,10,0
2025-09-02 07:00:00+00:00,147.958,148.738,147.947,148.65,8596,10,0
2025-09-02 08:00:00+00:00,148.648,148.79,148.22,148.434,6784,10,0
2025-09-02 09:00:00+00:00,148.434,148.642,148.368,148.557,4646,10,0
2025-09-02 10:00:00+00:00,148.554,148.706,148.531,148.597,3965,10,0
2025-09-02 11:00:00+00:00,148.599,148.74,148.509,148.616,3933,10,0
2025-09-02 12:00:00+00:00,148.614,148.942,148.53,148.82,6477,10,0
2025-09-02 13:00:00+00:00,148.822,148.844,148.344,148.413,6185,10,0
2025-09-02 14:00:00+00:00,148.411,148.411,147.935,148.078,8071,10,0
2025-09-02 15:00:00+00:00,148.08,148.332,148.068,148.227,4711,10,0
2025-09-02 16:00:00+00:00,148.227,148.332,148.196,148.293,2846,10,0
2025-09-02 17:00:00+00:00,148.292,148.417,148.241,148.376,2192,10,0
2025-09-02 18:00:00+00:00,148.376,148.531,148.362,148.471,2383,10,0
2025-09-02 19:00:00+00:00,148.471,148.481,148.314,148.355,1762,10,0
2025-09-02 20:00:00+00:00,148.35,148.403,148.303,148.327,1026,10,0
2025-09-02 21:00:00+00:00,148.312,148.343,148.142,148.339,460,38,0
2025-09-02 22:00:00+00:00,148.346,148.55,148.305,148.495,1176,10,0
2025-09-02 23:00:00+00:00,148.497,148.587,148.447,148.582,1916,10,0
2025-09-03 00:00:00+00:00,148.577,148.764,148.507,148.753,3820,10,0
2025-09-03 01:00:00+00:00,148.752,148.897,148.72,148.861,2816,10,0
2025-09-03 02:00:00+00:00,148.863,148.9,148.705,148.837,2477,10,0
2025-09-03 03:00:00+00:00,148.839,148.916,148.805,148.908,1577,10,0
2025-09-03 04:00:00+00:00,148.908,148.921,148.55,148.585,2426,10,0
2025-09-03 05:00:00+00:00,148.585,148.656,148.485,148.6,2259,10,0
2025-09-03 06:00:00+00:00,148.602,148.679,148.506,148.608,3764,10,0
2025-09-03 07:00:00+00:00,148.61,149.134,148.61,148.734,5386,10,0
2025-09-03 08:00:00+00:00,148.735,148.77,148.563,148.582,4273,10,0
2025-09-03 09:00:00+00:00,148.583,148.707,148.427,148.552,3489,10,0
2025-09-03 10:00:00+00:00,148.553,148.732,148.474,148.691,2725,10,0
2025-09-03 11:00:00+00:00,148.692,148.723,148.594,148.613,2911,10,0
2025-09-03 12:00:00+00:00,148.615,148.795,148.543,148.723,4109,10,0
2025-09-03 13:00:00+00:00,148.722,148.795,148.57,148.64,5498,10,0
2025-09-03 14:00:00+00:00,148.637,148.638,148.07,148.166,7976,10,0
2025-09-03 15:00:00+00:00,148.165,148.197,147.926,147.969,4575,10,0
2025-09-03 16:00:00+00:00,147.966,148.028,147.902,147.937,2972,10,0
2025-09-03 17:00:00+00:00,147.936,148.053,147.875,148.035,2336,10,0
2025-09-03 18:00:00+00:00,148.035,148.068,147.916,147.969,2291,10,0
2025-09-03 19:00:00+00:00,147.966,148.131,147.96,148.131,1784,10,0
2025-09-03 20:00:00+00:00,148.116,148.148,147.901,147.919,996,10,0
2025-09-03 21:00:00+00:00,147.899,148.082,147.824,148.04,447,38,0
2025-09-03 22:00:00+00:00,148.056,148.136,148.03,148.055,935,10,0
2025-09-03 23:00:00+00:00,148.058,148.062,147.946,147.974,1778,10,0
2025-09-04 00:00:00+00:00,147.972,148.168,147.901,148.025,5635,10,0
2025-09-04 01:00:00+00:00,148.022,148.108,147.784,148.011,4470,10,0
2025-09-04 02:00:00+00:00,148.009,148.189,148.009,148.131,3248,10,0
2025-09-04 03:00:00+00:00,148.13,148.261,148.114,148.239,2069,10,0
2025-09-04 04:00:00+00:00,148.239,148.282,148.124,148.24,1758,10,0
2025-09-04 05:00:00+00:00,148.238,148.28,148.157,148.222,2167,10,0
2025-09-04 06:00:00+00:00,148.225,148.244,148.128,148.192,3273,10,0
2025-09-04 07:00:00+00:00,148.195,148.411,148.106,148.362,4206,10,0
2025-09-04 08:00:00+00:00,148.363,148.403,148.133,148.213,3812,10,0
2025-09-04 09:00:00+00:00,148.211,148.37,148.162,148.315,2662,10,0
2025-09-04 10:00:00+00:00,148.315,148.332,148.2,148.259,2497,10,0
2025-09-04 11:00:00+00:00,148.259,148.389,148.247,148.341,2413,10,0
2025-09-04 12:00:00+00:00,148.339,148.528,148.007,148.424,7473,10,0
2025-09-04 13:00:00+00:00,148.426,148.526,148.347,148.416,5369,10,0
2025-09-04 14:00:00+00:00,148.418,148.748,148.381,148.733,6298,10,0
2025-09-04 15:00:00+00:00,148.733,148.775,148.622,148.627,3027,10,0
2025-09-04 16:00:00+00:00,148.625,148.738,148.591,148.617,2426,10,0
2025-09-04 17:00:00+00:00,148.617,148.669,148.603,148.641,1614,10,0
2025-09-04 18:00:00+00:00,148.641,148.648,148.535,148.56,1539,10,0
2025-09-04 19:00:00+00:00,148.558,148.561,148.451,148.484,1329,10,0
2025-09-04 20:00:00+00:00,148.478,148.537,148.434,148.457,1045,10,0
2025-09-04 21:00:00+00:00,148.449,148.496,148.243,148.408,624,38,0
2025-09-04 22:00:00+00:00,148.418,148.513,148.412,148.476,994,10,0
2025-09-04 23:00:00+00:00,148.477,148.506,148.328,148.42,2272,10,0
2025-09-05 00:00:00+00:00,148.418,148.435,148.126,148.17,4306,10,0
2025-09-05 01:00:00+00:00,148.17,148.262,148.086,148.141,3112,10,0
2025-09-05 02:00:00+00:00,148.139,148.179,148.075,148.178,1911,10,0
2025-09-05 03:00:00+00:00,148.18,148.203,148.108,148.173,1491,10,0
2025-09-05 04:00:00+00:00,148.173,148.236,148.164,148.214,1296,10,0
2025-09-05 05:00:00+00:00,148.215,148.215,148.165,148.168,1415,10,0
2025-09-05 06:00:00+00:00,148.17,148.27,148.143,148.234,2525,10,0
2025-09-05 07:00:00+00:00,148.232,148.253,148.188,148.21,2798,10,0
2025-09-05 08:00:00+00:00,148.212,148.22,148.112,148.157,2060,10,0
2025-09-05 09:00:00+00:00,148.158,148.184,148.082,148.17,1842,10,0
2025-09-05 10:00:00+00:00,148.17,148.183,148.075,148.142,1723,10,0
2025-09-05 11:00:00+00:00,148.142,148.251,148.129,148.194,2188,10,0
2025-09-05 12:00:00+00:00,148.193,148.196,147.184,147.294,16304,10,0
2025-09-05 13:00:00+00:00,147.294,147.464,147.037,147.057,12363,10,0
2025-09-05 14:00:00+00:00,147.053,147.207,146.981,147.077,8130,10,0
2025-09-05 15:00:00+00:00,147.076,147.082,146.813,146.839,5148,10,0
2025-09-05 16:00:00+00:00,146.838,147.147,146.82,147.134,3668,10,0
2025-09-05 17:00:00+00:00,147.135,147.3,147.128,147.271,3344,10,0
2025-09-05 18:00:00+00:00,147.271,147.48,147.262,147.459,2468,10,0
2025-09-05 19:00:00+00:00,147.461,147.497,147.369,147.461,2104,10,0
2025-09-05 20:00:00+00:00,147.447,147.49,147.324,147.394,1538,10,0
2025-09-07 21:00:00+00:00,147.976,148.134,147.81,147.88,1610,38,0
2025-09-07 22:00:00+00:00,147.975,148.464,147.922,148.422,3165,10,0
2025-09-07 23:00:00+00:00,148.43,148.451,148.205,148.316,4428,10,0
2025-09-08 00:00:00+00:00,148.314,148.575,148.29,148.335,5971,10,0
2025-09-08 01:00:00+00:00,148.333,148.382,148.121,148.136,4426,10,0
2025-09-08 02:00:00+00:00,148.137,148.15,148.001,148.078,3018,10,0
2025-09-08 03:00:00+00:00,148.075,148.221,148.016,148.197,2340,10,0
2025-09-08 04:00:00+00:00,148.197,148.251,148.109,148.164,1912,10,0
2025-09-08 05:00:00+00:00,148.165,148.176,148.0,148.137,2079,10,0
2025-09-08 06:00:00+00:00,148.135,148.159,147.801,147.824,4110,10,0
2025-09-08 07:00:00+00:00,147.823,147.831,147.513,147.529,4310,10,0
2025-09-08 08:00:00+00:00,147.529,147.736,147.459,147.683,3324,10,0
2025-09-08 09:00:00+00:00,147.683,147.767,147.661,147.749,2632,10,0
2025-09-08 10:00:00+00:00,147.749,147.875,147.743,147.8,2286,10,0
2025-09-08 11:00:00+00:00,147.801,147.818,147.674,147.775,2418,10,0
2025-09-08 12:00:00+00:00,147.776,147.88,147.645,147.693,3450,10,0
2025-09-08 13:00:00+00:00,147.696,147.741,147.535,147.676,4255,10,0
2025-09-08 14:00:00+00:00,147.673,147.873,147.619,147.745,3887,10,0
2025-09-08 15:00:00+00:00,147.745,147.765,147.542,147.586,3025,10,0
2025-09-08 16:00:00+00:00,147.587,147.774,147.547,147.684,2224,10,0
2025-09-08 17:00:00+00:00,147.687,147.763,147.67,147.727,1991,10,0
2025-09-08 18:00:00+00:00,147.729,147.729,147.441,147.457,1701,10,0
2025-09-08 19:00:00+00:00,147.457,147.472,147.336,147.415,1745,10,0
2025-09-08 20:00:00+00:00,147.39,147.532,147.366,147.499,1089,10,0
2025-09-08 21:00:00+00:00,147.485,147.517,147.38,147.507,739,38,0
2025-09-08 22:00:00+00:00,147.517,147.517,147.38,147.41,1016,10,0
2025-09-08 23:00:00+00:00,147.407,147.419,147.21,147.37,2279,10,0
2025-09-09 00:00:00+00:00,147.371,147.431,147.15,147.338,4018,10,0
2025-09-09 01:00:00+00:00,147.341,147.396,147.195,147.236,3205,10,0
2025-09-09 02:00:00+00:00,147.235,147.338,147.209,147.328,1882,10,0
2025-09-09 03:00:00+00:00,147.329,147.399,147.317,147.362,1460,10,0
2025-09-09 04:00:00+00:00,147.361,147.373,147.09,147.125,2127,10,0
2025-09-09 05:00:00+00:00,147.125,147.127,146.842,146.855,2472,10,0
2025-09-09 06:00:00+00:00,146.854,147.129,146.813,147.045,3825,10,0
2025-09-09 07:00:00+00:00,147.046,147.311,146.993,147.201,3075,10,0
2025-09-09 08:00:00+00:00,147.203,147.335,146.554,146.623,10200,10,0
2025-09-09 09:00:00+00:00,146.619,146.619,146.304,146.346,5275,10,0
2025-09-09 10:00:00+00:00,146.344,146.516,146.323,146.467,2753,10,0
2025-09-09 11:00:00+00:00,146.467,146.761,146.456,146.728,2912,10,0
2025-09-09 12:00:00+00:00,146.726,147.003,146.72,146.919,4383,10,0
2025-09-09 13:00:00+00:00,146.92,146.964,146.771,146.868,4706,10,0
2025-09-09 14:00:00+00:00,146.866,147.133,146.523,147.092,12158,10,0
2025-09-09 15:00:00+00:00,147.093,147.349,147.093,147.231,4552,10,0
2025-09-09 16:00:00+00:00,147.231,147.333,147.176,147.269,2642,10,0
2025-09-09 17:00:00+00:00,147.27,147.362,147.232,147.35,2531,10,0
2025-09-09 18:00:00+00:00,147.349,147.429,147.311,147.396,1980,10,0
2025-09-09 19:00:00+00:00,147.396,147.459,147.386,147.44,1543,10,0
2025-09-09 20:00:00+00:00,147.438,147.462,147.378,147.385,1076,10,0
2025-09-09 21:00:00+00:00,147.37,147.388,147.14,147.379,796,38,0
2025-09-09 22:00:00+00:00,147.39,147.414,147.334,147.351,769,10,0
2025-09-09 23:00:00+00:00,147.351,147.45,147.331,147.39,1369,10,0
2025-09-10 00:00:00+00:00,147.39,147.474,147.365,147.421,2767,10,0
2025-09-10 01:00:00+00:00,147.422,147.569,147.327,147.392,3189,10,0
2025-09-10 02:00:00+00:00,147.389,147.41,147.292,147.295,2290,10,0
2025-09-10 03:00:00+00:00,147.295,147.396,147.266,147.393,1519,10,0
2025-09-10 04:00:00+00:00,147.392,147.457,147.32,147.324,1568,10,0
2025-09-10 05:00:00+00:00,147.324,147.484,147.276,147.422,1850,10,0
2025-09-10 06:00:00+00:00,147.422,147.584,147.33,147.564,3386,10,0
2025-09-10 07:00:00+00:00,147.563,147.57,147.388,147.492,3634,10,0
2025-09-10 08:00:00+00:00,147.494,147.554,147.393,147.515,2771,10,0
2025-09-10 09:00:00+00:00,147.515,147.539,147.393,147.421,2514,10,0
2025-09-10 10:00:00+00:00,147.422,147.48,147.394,147.472,2002,10,0
2025-09-10 11:00:00+00:00,147.472,147.54,147.442,147.511,1983,10,0
2025-09-10 12:00:00+00:00,147.511,147.645,147.101,147.524,6887,10,0
2025-09-10 13:00:00+00:00,147.528,147.603,147.271,147.337,5877,10,0
2025-09-10 14:00:00+00:00,147.334,147.425,147.257,147.398,4015,10,0
2025-09-10 15:00:00+00:00,147.399,147.442,147.312,147.367,2737,10,0
2025-09-10 16:00:00+00:00,147.369,147.409,147.276,147.37,2091,10,0
2025-09-10 17:00:00+00:00,147.371,147.387,147.243,147.331,2027,10,0
2025-09-10 18:00:00+00:00,147.331,147.351,147.244,147.32,1495,10,0
2025-09-10 19:00:00+00:00,147.319,147.465,147.311,147.407,1435,10,0
2025-09-10 20:00:00+00:00,147.403,147.448,147.246,147.278,776,10,0
2025-09-10 21:00:00+00:00,147.273,147.4,147.164,147.368,654,38,0
2025-09-10 22:00:00+00:00,147.389,147.421,147.332,147.343,696,10,0
2025-09-10 23:00:00+00:00,147.344,147.379,147.276,147.347,1247,10,0
2025-09-11 00:00:00+00:00,147.348,147.467,147.34,147.458,2724,10,0
2025-09-11 01:00:00+00:00,147.457,147.476,147.318,147.387,2065,10,0
2025-09-11 02:00:00+00:00,147.387,147.475,147.37,147.46,1339,10,0
2025-09-11 03:00:00+00:00,147.462,147.472,147.429,147.44,962,10,0
2025-09-11 04:00:00+00:00,147.441,147.451,147.41,147.429,864,10,0
2025-09-11 05:00:00+00:00,147.429,147.582,147.423,147.576,1376,10,0
2025-09-11 06:00:00+00:00,147.576,147.789,147.558,147.719,3196,10,0
2025-09-11 07:00:00+00:00,147.721,147.828,147.651,147.773,2853,10,0
2025-09-11 08:00:00+00:00,147.771,147.86,147.767,147.844,2289,10,0
2025-09-11 09:00:00+00:00,147.846,147.989,147.834,147.957,2048,10,0
2025-09-11 10:00:00+00:00,147.956,147.984,147.894,147.964,1874,10,0
2025-09-11 11:00:00+00:00,147.964,147.985,147.897,147.964,1767,10,0
2025-09-11 12:00:00+00:00,147.962,148.189,147.356,147.525,10549,10,0
2025-09-11 13:00:00+00:00,147.524,147.617,147.327,147.357,9467,10,0
2025-09-11 14:00:00+00:00,147.356,147.377,146.989,147.184,5953,10,0
2025-09-11 15:00:00+00:00,147.182,147.306,147.053,147.167,4216,10,0
2025-09-11 16:00:00+00:00,147.166,147.166,146.982,147.054,2881,10,0
2025-09-11 17:00:00+00:00,147.051,147.3,147.046,147.287,2766,10,0
2025-09-11 18:00:00+00:00,147.285,147.305,147.145,147.173,2035,10,0
2025-09-11 19:00:00+00:00,147.175,147.191,147.087,147.161,1846,10,0
2025-09-11 20:00:00+00:00,147.159,147.23,147.112,147.208,1464,10,0
2025-09-11 21:00:00+00:00,147.208,147.221,147.09,147.141,507,38,0
2025-09-11 22:00:00+00:00,147.18,147.219,147.11,147.184,998,10,0
2025-09-11 23:00:00+00:00,147.184,147.236,147.147,147.226,1268,10,0
2025-09-12 00:00:00+00:00,147.224,147.334,147.163,147.228,2936,10,0
2025-09-12 01:00:00+00:00,147.227,147.443,147.211,147.41,2174,10,0
2025-09-12 02:00:00+00:00,147.411,147.477,147.393,147.417,1485,10,0
2025-09-12 03:00:00+00:00,147.418,147.478,147.416,147.441,1189,10,0
2025-09-12 04:00:00+00:00,147.442,147.542,147.442,147.498,1174,10,0
2025-09-12 05:00:00+00:00,147.5,147.552,147.326,147.34,1502,10,0
2025-09-12 06:00:00+00:00,147.343,147.503,147.321,147.405,2716,10,0
2025-09-12 07:00:00+00:00,147.402,147.483,147.239,147.449,3659,10,0
2025-09-12 08:00:00+00:00,147.452,147.925,147.449,147.89,4454,10,0
2025-09-12 09:00:00+00:00,147.892,147.978,147.855,147.925,2624,10,0
2025-09-12 10:00:00+00:00,147.925,147.935,147.737,147.749,2103,10,0
2025-09-12 11:00:00+00:00,147.75,147.851,147.683,147.835,2436,10,0
2025-09-12 12:00:00+00:00,147.836,148.071,147.802,147.844,3480,10,0
2025-09-12 13:00:00+00:00,147.844,147.885,147.697,147.722,4027,10,0
2025-09-12 14:00:00+00:00,147.723,147.757,147.581,147.666,4133,10,0
2025-09-12 15:00:00+00:00,147.663,147.863,147.643,147.853,2496,10,0
2025-09-12 16:00:00+00:00,147.853,147.872,147.628,147.681,1787,10,0
2025-09-12 17:00:00+00:00,147.681,147.681,147.511,147.557,1610,10,0
2025-09-12 18:00:00+00:00,147.558,147.56,147.47,147.484,1433,10,0
2025-09-12 19:00:00+00:00,147.483,147.605,147.461,147.581,1459,10,0
2025-09-12 20:00:00+00:00,147.574,147.712,147.57,147.653,1226,10,0
2025-09-14 21:00:00+00:00,147.544,147.646,147.458,147.643,824,38,0
2025-09-14 22:00:00+00:00,147.656,147.751,147.631,147.708,1130,10,0
2025-09-14 23:00:00+00:00,147.705,147.725,147.623,147.672,1368,10,0
2025-09-15 00:00:00+00:00,147.674,147.687,147.544,147.547,1813,10,0
2025-09-15 01:00:00+00:00,147.547,147.584,147.537,147.574,1848,10,0
2025-09-15 02:00:00+00:00,147.574,147.611,147.503,147.513,1365,10,0
2025-09-15 03:00:00+00:00,147.512,147.515,147.399,147.424,1312,10,0
2025-09-15 04:00:00+00:00,147.426,147.45,147.336,147.4,1181,10,0
2025-09-15 05:00:00+00:00,147.4,147.519,147.387,147.505,1229,10,0
2025-09-15 06:00:00+00:00,147.506,147.604,147.493,147.524,2208,10,0
2025-09-15 07:00:00+00:00,147.526,147.592,147.371,147.463,3060,10,0
2025-09-15 08:00:00+00:00,147.465,147.481,147.373,147.407,2450,10,0
2025-09-15 09:00:00+00:00,147.404,147.426,147.305,147.365,2053,10,0
2025-09-15 10:00:00+00:00,147.363,147.403,147.244,147.388,1961,10,0
2025-09-15 11:00:00+00:00,147.388,147.474,147.319,147.411,1948,10,0
2025-09-15 12:00:00+00:00,147.414,147.414,147.246,147.266,3190,10,0
2025-09-15 13:00:00+00:00,147.268,147.349,147.226,147.348,3182,10,0
2025-09-15 14:00:00+00:00,147.345,147.467,147.345,147.412,3148,10,0
2025-09-15 15:00:00+00:00,147.413,147.432,147.264,147.271,2298,10,0
2025-09-15 16:00:00+00:00,147.27,147.412,147.238,147.335,2460,10,0
2025-09-15 17:00:00+00:00,147.335,147.369,147.24,147.252,1724,10,0
2025-09-15 18:00:00+00:00,147.251,147.323,147.237,147.321,1372,10,0
2025-09-15 19:00:00+00:00,147.322,147.409,147.309,147.384,1287,10,0
2025-09-15 20:00:00+00:00,147.385,147.426,147.36,147.399,950,10,0
2025-09-15 21:00:00+00:00,147.394,147.404,147.154,147.336,715,38,0
2025-09-15 22:00:00+00:00,147.346,147.4,147.336,147.394,721,10,0
2025-09-15 23:00:00+00:00,147.395,147.424,147.329,147.399,1297,10,0
2025-09-16 00:00:00+00:00,147.401,147.5,147.346,147.44,2974,10,0
2025-09-16 01:00:00+00:00,147.442,147.536,147.26,147.347,2620,10,0
2025-09-16 02:00:00+00:00,147.348,147.35,147.113,147.149,2793,10,0
2025-09-16 03:00:00+00:00,147.151,147.195,147.013,147.097,2396,10,0
2025-09-16 04:00:00+00:00,147.097,147.126,146.967,147.012,2278,10,0
2025-09-16 05:00:00+00:00,147.012,147.067,146.911,146.987,2705,10,0
2025-09-16 06:00:00+00:00,146.99,147.023,146.776,146.896,4080,10,0
2025-09-16 07:00:00+00:00,146.895,146.895,146.686,146.885,3960,10,0
2025-09-16 08:00:00+00:00,146.887,147.09,146.872,146.995,3476,10,0
2025-09-16 09:00:00+00:00,146.994,147.001,146.864,146.959,3452,10,0
2025-09-16 10:00:00+00:00,146.956,147.087,146.941,147.053,2683,10,0
2025-09-16 11:00:00+00:00,147.053,147.112,146.871,146.953,3171,10,0
2025-09-16 12:00:00+00:00,146.953,147.259,146.904,147.097,6118,10,0
2025-09-16 13:00:00+00:00,147.095,147.135,146.734,146.757,5517,10,0
2025-09-16 14:00:00+00:00,146.755,146.802,146.517,146.523,5747,10,0
2025-09-16 15:00:00+00:00,146.523,146.678,146.498,146.556,3498,10,0
2025-09-16 16:00:00+00:00,146.556,146.561,146.348,146.353,2531,10,0
2025-09-16 17:00:00+00:00,146.353,146.398,146.273,146.373,2744,10,0
2025-09-16 18:00:00+00:00,146.373,146.394,146.322,146.339,2039,10,0
2025-09-16 19:00:00+00:00,146.342,146.496,146.342,146.491,1902,10,0
2025-09-16 20:00:00+00:00,146.475,146.496,146.424,146.435,1178,10,0
2025-09-16 21:00:00+00:00,146.412,146.481,146.314,146.456,930,38,0
2025-09-16 22:00:00+00:00,146.474,146.511,146.431,146.49,760,10,0
2025-09-16 23:00:00+00:00,146.488,146.49,146.308,146.408,1591,10,0
2025-09-17 00:00:00+00:00,146.406,146.565,146.203,146.531,4788,10,0
2025-09-17 01:00:00+00:00,146.531,146.602,146.426,146.495,3129,10,0
2025-09-17 02:00:00+00:00,146.497,146.589,146.49,146.533,2061,10,0
2025-09-17 03:00:00+00:00,146.53,146.56,146.472,146.529,1339,10,0
2025-09-17 04:00:00+00:00,146.529,146.543,146.431,146.452,1117,10,0
2025-09-17 05:00:00+00:00,146.453,146.55,146.367,146.51,1862,10,0
2025-09-17 06:00:00+00:00,146.508,146.542,146.459,146.496,2827,10,0
2025-09-17 07:00:00+00:00,146.498,146.676,146.474,146.661,2831,10,0
2025-09-17 08:00:00+00:00,146.662,146.681,146.37,146.449,2497,10,0
2025-09-17 09:00:00+00:00,146.449,146.449,146.274,146.316,2524,10,0
2025-09-17 10:00:00+00:00,146.318,146.385,146.199,146.27,2848,10,0
2025-09-17 11:00:00+00:00,146.27,146.34,146.22,146.336,2390,10,0
2025-09-17 12:00:00+00:00,146.336,146.473,146.315,146.375,3173,10,0
2025-09-17 13:00:00+00:00,146.373,146.398,146.241,146.337,3447,10,0
2025-09-17 14:00:00+00:00,146.337,146.389,146.204,146.338,3393,10,0
2025-09-17 15:00:00+00:00,146.338,146.381,146.3,146.357,2463,10,0
2025-09-17 16:00:00+00:00,146.359,146.372,146.25,146.284,2020,10,0
2025-09-17 17:00:00+00:00,146.284,146.365,146.247,146.26,2297,10,0
2025-09-17 18:00:00+00:00,146.258,146.853,145.478,146.712,29015,10,0
2025-09-17 19:00:00+00:00,146.71,146.844,146.438,146.777,12621,10,0
2025-09-17 20:00:00+00:00,146.774,147.038,146.736,146.797,1861,10,0
2025-09-17 21:00:00+00:00,146.782,146.948,146.722,146.922,1007,38,0
2025-09-17 22:00:00+00:00,146.93,146.979,146.786,146.839,1586,10,0
2025-09-17 23:00:00+00:00,146.838,146.913,146.765,146.881,2552,10,0
2025-09-18 00:00:00+00:00,146.881,147.027,146.849,146.91,4529,10,0
2025-09-18 01:00:00+00:00,146.91,147.143,146.841,147.02,4222,10,0
2025-09-18 02:00:00+00:00,147.019,147.066,146.892,146.903,2363,10,0
2025-09-18 03:00:00+00:00,146.903,147.049,146.848,147.049,1796,10,0
2025-09-18 04:00:00+00:00,147.05,147.218,147.035,147.202,2072,10,0
2025-09-18 05:00:00+00:00,147.202,147.401,147.169,147.348,2635,10,0
2025-09-18 06:00:00+00:00,147.348,147.531,147.328,147.405,4488,10,0
2025-09-18 07:00:00+00:00,147.408,147.424,147.025,147.111,4630,10,0
2025-09-18 08:00:00+00:00,147.111,147.486,147.095,147.429,4713,10,0
2025-09-18 09:00:00+00:00,147.429,147.451,147.155,147.271,4019,10,0
2025-09-18 10:00:00+00:00,147.272,147.37,147.221,147.26,3024,10,0
2025-09-18 11:00:00+00:00,147.26,147.422,147.212,147.381,4299,10,0
2025-09-18 12:00:00+00:00,147.381,147.798,147.363,147.784,5687,10,0
2025-09-18 13:00:00+00:00,147.786,148.264,147.786,148.055,7235,10,0
2025-09-18 14:00:00+00:00,148.057,148.125,147.899,148.008,7564,10,0
2025-09-18 15:00:00+00:00,148.006,148.077,147.9,148.019,4892,10,0
2025-09-18 16:00:00+00:00,148.017,148.039,147.854,147.863,3040,10,0
2025-09-18 17:00:00+00:00,147.864,147.891,147.801,147.87,2455,10,0
2025-09-18 18:00:00+00:00,147.871,147.928,147.822,147.881,1923,10,0
2025-09-18 19:00:00+00:00,147.879,147.958,147.84,147.947,1735,10,0
2025-09-18 20:00:00+00:00,147.933,148.006,147.933,147.968,1002,10,0
2025-09-18 21:00:00+00:00,147.956,147.975,147.79,147.948,868,38,0
2025-09-18 22:00:00+00:00,147.964,147.977,147.902,147.939,961,10,0
2025-09-18 23:00:00+00:00,147.939,148.005,147.932,147.959,1045,10,0
2025-09-19 00:00:00+00:00,147.959,148.11,147.891,148.006,3225,10,0
2025-09-19 01:00:00+00:00,148.006,148.092,147.928,148.059,2930,10,0
2025-09-19 02:00:00+00:00,148.058,148.101,147.95,147.987,2109,10,0
2025-09-19 03:00:00+00:00,147.985,147.988,147.372,147.623,7974,10,0
2025-09-19 04:00:00+00:00,147.625,147.627,147.192,147.52,7887,10,0
2025-09-19 05:00:00+00:00,147.519,147.582,147.412,147.506,4665,10,0
2025-09-19 06:00:00+00:00,147.51,147.983,147.464,147.848,8555,10,0
2025-09-19 07:00:00+00:00,147.847,147.954,147.665,147.933,6090,10,0
2025-09-19 08:00:00+00:00,147.93,148.031,147.808,147.853,3998,10,0
2025-09-19 09:00:00+00:00,147.854,147.979,147.748,147.953,2989,10,0
2025-09-19 10:00:00+00:00,147.955,147.972,147.851,147.938,2229,10,0
2025-09-19 11:00:00+00:00,147.936,148.194,147.928,148.161,3087,10,0
2025-09-19 12:00:00+00:00,148.162,148.282,148.011,148.154,4463,10,0
2025-09-19 13:00:00+00:00,148.154,148.154,147.803,147.832,5430,10,0
2025-09-19 14:00:00+00:00,147.833,147.922,147.785,147.882,4824,10,0
2025-09-19 15:00:00+00:00,147.884,147.949,147.822,147.832,3954,10,0
2025-09-19 16:00:00+00:00,147.833,147.923,147.791,147.845,2013,10,0
2025-09-19 17:00:00+00:00,147.845,147.95,147.842,147.938,1590,10,0
2025-09-19 18:00:00+00:00,147.938,147.97,147.913,147.959,1375,10,0
2025-09-19 19:00:00+00:00,147.959,147.991,147.917,147.939,1284,10,0
2025-09-19 20:00:00+00:00,147.939,147.988,147.925,147.96,1588,10,0
2025-09-21 21:00:00+00:00,147.858,147.915,147.801,147.896,608,38,0
2025-09-21 22:00:00+00:00,147.92,148.009,147.867,147.988,1019,10,0
2025-09-21 23:00:00+00:00,147.986,148.109,147.97,148.098,1337,10,0
2025-09-22 00:00:00+00:00,148.101,148.254,148.101,148.159,2963,10,0
2025-09-22 01:00:00+00:00,148.157,148.214,148.084,148.189,3138,10,0
2025-09-22 02:00:00+00:00,148.189,148.351,148.177,148.347,2224,10,0
2025-09-22 03:00:00+00:00,148.349,148.374,148.299,148.334,1492,10,0
2025-09-22 04:00:00+00:00,148.333,148.369,148.27,148.284,1249,10,0
2025-09-22 05:00:00+00:00,148.282,148.303,148.22,148.252,1554,10,0
2025-09-22 06:00:00+00:00,148.252,148.258,147.993,148.071,2969,10,0
2025-09-22 07:00:00+00:00,148.069,148.13,147.89,148.111,4239,10,0
2025-09-22 08:00:00+00:00,148.113,148.126,147.816,147.848,3742,10,0
2025-09-22 09:00:00+00:00,147.848,147.942,147.793,147.875,2540,10,0
2025-09-22 10:00:00+00:00,147.875,147.929,147.816,147.855,2344,10,0
2025-09-22 11:00:00+00:00,147.857,147.905,147.738,147.838,2493,10,0
2025-09-22 12:00:00+00:00,147.837,147.931,147.758,147.836,3669,10,0
2025-09-22 13:00:00+00:00,147.836,147.97,147.725,147.816,4973,10,0
2025-09-22 14:00:00+00:00,147.817,147.981,147.811,147.873,3681,10,0
2025-09-22 15:00:00+00:00,147.875,147.9,147.815,147.837,2804,10,0
2025-09-22 16:00:00+00:00,147.837,147.882,147.731,147.736,2311,10,0
2025-09-22 17:00:00+00:00,147.736,147.778,147.653,147.684,1644,10,0
2025-09-22 18:00:00+00:00,147.686,147.771,147.657,147.724,1739,10,0
2025-09-22 19:00:00+00:00,147.724,147.738,147.686,147.734,1429,10,0
2025-09-22 20:00:00+00:00,147.715,147.774,147.689,147.69,865,10,0
2025-09-22 21:00:00+00:00,147.682,147.739,147.591,147.708,534,38,0
2025-09-22 22:00:00+00:00,147.73,147.744,147.659,147.696,580,10,0
2025-09-22 23:00:00+00:00,147.696,147.765,147.675,147.729,1102,10,0
2025-09-23 00:00:00+00:00,147.729,147.764,147.646,147.663,1840,10,0
2025-09-23 01:00:00+00:00,147.662,147.701,147.596,147.617,1980,10,0
2025-09-23 02:00:00+00:00,147.617,147.813,147.605,147.793,1927,10,0
2025-09-23 03:00:00+00:00,147.793,147.862,147.744,147.758,1683,10,0
2025-09-23 04:00:00+00:00,147.758,147.812,147.73,147.798,1269,10,0
2025-09-23 05:00:00+00:00,147.8,147.839,147.735,147.796,1547,10,0
2025-09-23 06:00:00+00:00,147.799,147.832,147.634,147.715,2383,10,0
2025-09-23 07:00:00+00:00,147.712,147.818,147.641,147.726,3891,10,0
2025-09-23 08:00:00+00:00,147.724,147.773,147.535,147.562,3205,10,0
2025-09-23 09:00:00+00:00,147.56,147.622,147.502,147.607,2668,10,0
2025-09-23 10:00:00+00:00,147.608,147.767,147.577,147.712,2034,10,0
2025-09-23 11:00:00+00:00,147.712,147.792,147.683,147.76,2286,10,0
2025-09-23 12:00:00+00:00,147.758,147.883,147.752,147.77,3165,10,0
2025-09-23 13:00:00+00:00,147.77,147.886,147.664,147.673,4893,10,0
2025-09-23 14:00:00+00:00,147.673,147.797,147.612,147.759,4705,10,0
2025-09-23 15:00:00+00:00,147.761,147.925,147.746,147.836,3108,10,0
2025-09-23 16:00:00+00:00,147.834,147.924,147.684,147.769,3801,10,0
2025-09-23 17:00:00+00:00,147.771,147.771,147.49,147.575,3800,10,0
2025-09-23 18:00:00+00:00,147.575,147.622,147.456,147.582,2976,10,0
2025-09-23 19:00:00+00:00,147.581,147.629,147.546,147.629,2358,10,0
2025-09-23 20:00:00+00:00,147.604,147.669,147.574,147.63,1125,10,0
2025-09-23 21:00:00+00:00,147.618,147.638,147.485,147.574,839,38,0
2025-09-23 22:00:00+00:00,147.591,147.628,147.555,147.609,781,10,0
2025-09-23 23:00:00+00:00,147.606,147.661,147.571,147.599,1285,10,0
2025-09-24 00:00:00+00:00,147.596,147.827,147.513,147.776,3623,10,0
2025-09-24 01:00:00+00:00,147.773,147.811,147.709,147.752,2921,10,0
2025-09-24 02:00:00+00:00,147.752,147.788,147.721,147.765,1840,10,0
2025-09-24 03:00:00+00:00,147.765,147.873,147.757,147.868,1285,10,0
2025-09-24 04:00:00+00:00,147.869,147.959,147.867,147.899,1385,10,0
2025-09-24 05:00:00+00:00,147.9,147.936,147.816,147.871,1888,10,0
2025-09-24 06:00:00+00:00,147.869,148.103,147.864,148.053,2654,10,0
2025-09-24 07:00:00+00:00,148.052,148.096,148.003,148.04,2840,10,0
2025-09-24 08:00:00+00:00,148.04,148.287,148.011,148.262,2759,10,0
2025-09-24 09:00:00+00:00,148.262,148.342,148.211,148.275,2408,10,0
2025-09-24 10:00:00+00:00,148.275,148.42,148.275,148.391,1914,10,0
2025-09-24 11:00:00+00:00,148.391,148.515,148.374,148.496,2620,10,0
2025-09-24 12:00:00+00:00,148.496,148.713,148.427,148.665,3531,10,0
2025-09-24 13:00:00+00:00,148.665,148.771,148.613,148.703,3771,10,0
2025-09-24 14:00:00+00:00,148.704,148.778,148.588,148.707,4250,10,0
2025-09-24 15:00:00+00:00,148.706,148.771,148.69,148.707,2884,10,0
2025-09-24 16:00:00+00:00,148.706,148.791,148.681,148.76,1971,10,0
2025-09-24 17:00:00+00:00,148.76,148.766,148.7,148.735,1438,10,0
2025-09-24 18:00:00+00:00,148.737,148.87,148.733,148.837,1859,10,0
2025-09-24 19:00:00+00:00,148.838,148.885,148.832,148.857,1550,10,0
2025-09-24 20:00:00+00:00,148.849,148.901,148.697,148.71,804,10,0
2025-09-24 21:00:00+00:00,148.709,148.814,148.581,148.777,641,38,0
2025-09-24 22:00:00+00:00,148.79,148.847,148.765,148.803,835,10,0
2025-09-24 23:00:00+00:00,148.803,148.832,148.723,148.779,1523,10,0
2025-09-25 00:00:00+00:00,148.78,148.791,148.558,148.567,3352,10,0
2025-09-25 01:00:00+00:00,148.57,148.857,148.556,148.753,2611,10,0
2025-09-25 02:00:00+00:00,148.753,148.756,148.611,148.746,2054,10,0
2025-09-25 03:00:00+00:00,148.749,148.772,148.657,148.667,1203,10,0
2025-09-25 04:00:00+00:00,148.667,148.697,148.595,148.602,1230,10,0
2025-09-25 05:00:00+00:00,148.602,148.81,148.594,148.808,1685,10,0
2025-09-25 06:00:00+00:00,148.806,148.86,148.725,148.778,2871,10,0
2025-09-25 07:00:00+00:00,148.775,148.823,148.629,148.818,3446,10,0
2025-09-25 08:00:00+00:00,148.819,148.822,148.661,148.738,2791,10,0
2025-09-25 09:00:00+00:00,148.736,148.811,148.679,148.791,2155,10,0
2025-09-25 10:00:00+00:00,148.791,148.797,148.72,148.797,1775,10,0
2025-09-25 11:00:00+00:00,148.798,148.892,148.791,148.834,2364,10,0
2025-09-25 12:00:00+00:00,148.836,149.351,148.798,149.24,6758,10,0
2025-09-25 13:00:00+00:00,149.239,149.474,149.137,149.422,6624,10,0
2025-09-25 14:00:00+00:00,149.427,149.632,149.337,149.631,5056,10,0
2025-09-25 15:00:00+00:00,149.631,149.839,149.62,149.781,3778,10,0
2025-09-25 16:00:00+00:00,149.784,149.863,149.705,149.811,3209,10,0
2025-09-25 17:00:00+00:00,149.812,149.917,149.753,149.802,3004,10,0
2025-09-25 18:00:00+00:00,149.8,149.926,149.724,149.882,2947,10,0
2025-09-25 19:00:00+00:00,149.884,149.892,149.727,149.769,1918,10,0
2025-09-25 20:00:00+00:00,149.767,149.805,149.739,149.777,885,10,0
2025-09-25 21:00:00+00:00,149.777,149.795,149.643,149.73,680,38,0
2025-09-25 22:00:00+00:00,149.759,149.801,149.718,149.734,904,10,0
2025-09-25 23:00:00+00:00,149.731,149.951,149.727,149.87,2795,10,0
2025-09-26 00:00:00+00:00,149.872,149.94,149.636,149.68,4043,10,0
2025-09-26 01:00:00+00:00,149.68,149.844,149.627,149.825,2637,10,0
2025-09-26 02:00:00+00:00,149.822,149.829,149.689,149.717,1773,10,0
2025-09-26 03:00:00+00:00,149.719,149.743,149.667,149.699,1281,10,0
2025-09-26 04:00:00+00:00,149.699,149.729,149.638,149.641,1469,10,0
2025-09-26 05:00:00+00:00,149.644,149.72,149.612,149.709,1539,10,0
2025-09-26 06:00:00+00:00,149.711,149.796,149.688,149.72,2739,10,0
2025-09-26 07:00:00+00:00,149.722,149.882,149.722,149.844,3005,10,0
2025-09-26 08:00:00+00:00,149.845,149.846,149.646,149.747,2431,10,0
2025-09-26 09:00:00+00:00,149.748,149.794,149.706,149.783,2168,10,0
2025-09-26 10:00:00+00:00,149.786,149.949,149.777,149.89,1947,10,0
2025-09-26 11:00:00+00:00,149.887,149.894,149.75,149.784,2244,10,0
2025-09-26 12:00:00+00:00,149.784,149.837,149.582,149.618,5420,10,0
2025-09-26 13:00:00+00:00,149.619,149.78,149.509,149.737,5278,10,0
2025-09-26 14:00:00+00:00,149.739,149.739,149.462,149.497,4835,10,0
2025-09-26 15:00:00+00:00,149.499,149.573,149.418,149.517,3335,10,0
2025-09-26 16:00:00+00:00,149.518,149.594,149.49,149.548,2367,10,0
2025-09-26 17:00:00+00:00,149.546,149.557,149.473,149.516,1857,10,0
2025-09-26 18:00:00+00:00,149.518,149.55,149.402,149.437,1860,10,0
2025-09-26 19:00:00+00:00,149.436,149.555,149.433,149.505,1605,10,0
2025-09-26 20:00:00+00:00,149.497,149.545,149.467,149.505,1075,10,0
2025-09-28 21:00:00+00:00,149.474,149.503,149.341,149.468,776,38,0
2025-09-28 22:00:00+00:00,149.495,149.509,149.397,149.466,1072,10,0
2025-09-28 23:00:00+00:00,149.466,149.473,149.336,149.412,1469,10,0
2025-09-29 00:00:00+00:00,149.41,149.418,149.112,149.174,2975,10,0
2025-09-29 01:00:00+00:00,149.174,149.277,149.017,149.088,3063,10,0
2025-09-29 02:00:00+00:00,149.09,149.105,148.897,148.936,2593,10,0
2025-09-29 03:00:00+00:00,148.934,148.959,148.879,148.933,1603,10,0
2025-09-29 04:00:00+00:00,148.931,148.976,148.88,148.947,1534,10,0
2025-09-29 05:00:00+00:00,148.947,148.977,148.74,148.775,3398,10,0
2025-09-29 06:00:00+00:00,148.777,148.851,148.707,148.822,3254,10,0
2025-09-29 07:00:00+00:00,148.82,148.832,148.516,148.572,3273,10,0
2025-09-29 08:00:00+00:00,148.569,148.619,148.466,148.524,2966,10,0
2025-09-29 09:00:00+00:00,148.524,148.634,148.466,148.599,2560,10,0
2025-09-29 10:00:00+00:00,148.599,148.684,148.567,148.665,1964,10,0
2025-09-29 11:00:00+00:00,148.663,148.794,148.616,148.627,2193,10,0
2025-09-29 12:00:00+00:00,148.627,148.811,148.571,148.6,3610,10,0
2025-09-29 13:00:00+00:00,148.598,148.734,148.474,148.579,4106,10,0
2025-09-29 14:00:00+00:00,148.581,148.648,148.526,148.645,3720,10,0
2025-09-29 15:00:00+00:00,148.643,148.65,148.492,148.566,3113,10,0
2025-09-29 16:00:00+00:00,148.566,148.612,148.555,148.578,1702,10,0
2025-09-29 17:00:00+00:00,148.58,148.644,148.544,148.583,1772,10,0
2025-09-29 18:00:00+00:00,148.583,148.64,148.541,148.634,1338,10,0
2025-09-29 19:00:00+00:00,148.632,148.671,148.552,148.623,1507,10,0
2025-09-29 20:00:00+00:00,148.624,148.685,148.576,148.576,978,10,0
2025-09-29 21:00:00+00:00,148.576,148.632,148.45,148.578,700,38,0
2025-09-29 22:00:00+00:00,148.588,148.646,148.579,148.594,653,10,0
2025-09-29 23:00:00+00:00,148.593,148.627,148.5,148.616,1493,10,0
2025-09-30 00:00:00+00:00,148.616,148.841,148.547,148.791,4422,10,0
2025-09-30 01:00:00+00:00,148.792,148.792,148.597,148.748,3261,10,0
2025-09-30 02:00:00+00:00,148.748,148.8,148.622,148.712,1957,10,0
2025-09-30 03:00:00+00:00,148.713,148.719,148.509,148.513,1724,10,0
2025-09-30 04:00:00+00:00,148.511,148.59,148.383,148.398,2563,10,0
2025-09-30 05:00:00+00:00,148.398,148.441,148.224,148.285,3268,10,0
2025-09-30 06:00:00+00:00,148.283,148.349,148.047,148.071,3295,10,0
2025-09-30 07:00:00+00:00,148.072,148.173,147.938,148.048,3950,10,0
2025-09-30 08:00:00+00:00,148.047,148.089,147.834,147.853,3912,10,0
2025-09-30 09:00:00+00:00,147.851,147.983,147.826,147.968,3133,10,0
2025-09-30 10:00:00+00:00,147.966,148.033,147.897,148.022,2285,10,0
2025-09-30 11:00:00+00:00,148.024,148.098,147.961,147.968,2077,10,0
2025-09-30 12:00:00+00:00,147.964,148.024,147.891,147.953,3573,10,0
2025-09-30 13:00:00+00:00,147.956,148.058,147.806,147.905,3954,10,0
2025-09-30 14:00:00+00:00,147.908,147.999,147.651,147.683,6350,10,0
2025-09-30 15:00:00+00:00,147.685,148.017,147.658,147.963,4680,10,0
2025-09-30 16:00:00+00:00,147.963,147.964,147.7,147.743,2806,10,0
2025-09-30 17:00:00+00:00,147.74,147.843,147.646,147.78,2607,10,0
2025-09-30 18:00:00+00:00,147.782,147.879,147.767,147.869,2178,10,0
2025-09-30 19:00:00+00:00,147.868,147.919,147.822,147.86,2211,10,0
2025-09-30 20:00:00+00:00,147.853,147.958,147.853,147.914,1188,10,0
2025-09-30 21:00:00+00:00,147.914,147.914,147.687,147.847,489,38,0
2025-09-30 22:00:00+00:00,147.865,147.917,147.807,147.9,905,10,0
2025-09-30 23:00:00+00:00,147.906,148.024,147.811,148.021,1793,10,0
2025-10-01 00:00:00+00:00,148.02,148.221,148.02,148.105,3695,10,0
2025-10-01 01:00:00+00:00,148.104,148.165,147.937,147.951,2546,10,0
2025-10-01 02:00:00+00:00,147.95,148.006,147.883,147.913,2028,10,0
2025-10-01 03:00:00+00:00,147.913,147.998,147.864,147.923,1677,10,0
2025-10-01 04:00:00+00:00,147.923,147.955,147.545,147.548,2647,10,0
2025-10-01 05:00:00+00:00,147.549,147.639,147.457,147.526,3924,10,0
2025-10-01 06:00:00+00:00,147.523,147.523,147.16,147.229,4743,10,0
2025-10-01 07:00:00+00:00,147.231,147.316,147.017,147.123,5461,10,0
2025-10-01 08:00:00+00:00,147.121,147.15,146.894,147.146,4663,10,0
2025-10-01 09:00:00+00:00,147.147,147.224,147.064,147.204,3669,10,0
2025-10-01 10:00:00+00:00,147.205,147.26,147.053,147.075,3632,10,0
2025-10-01 11:00:00+00:00,147.073,147.107,146.988,147.001,2894,10,0
2025-10-01 12:00:00+00:00,146.998,147.114,146.585,146.794,11350,10,0
2025-10-01 13:00:00+00:00,146.793,146.869,146.613,146.716,6817,10,0
2025-10-01 14:00:00+00:00,146.714,147.044,146.71,146.859,10133,10,0
2025-10-01 15:00:00+00:00,146.861,147.208,146.838,147.144,5805,10,0
2025-10-01 16:00:00+00:00,147.148,147.251,147.089,147.157,3343,10,0
2025-10-01 17:00:00+00:00,147.156,147.188,147.108,147.164,2118,10,0
2025-10-01 18:00:00+00:00,147.166,147.225,147.017,147.087,2462,10,0
2025-10-01 19:00:00+00:00,147.085,147.155,147.047,147.093,1871,10,0
2025-10-01 20:00:00+00:00,147.093,147.159,146.871,146.877,1091,10,0
2025-10-01 21:00:00+00:00,146.871,147.044,146.821,147.033,297,38,0
2025-10-01 22:00:00+00:00,147.046,147.062,146.991,147.002,722,10,0
2025-10-01 23:00:00+00:00,147.006,147.112,146.996,147.105,1154,10,0
2025-10-02 00:00:00+00:00,147.108,147.321,147.102,147.189,3946,10,0
2025-10-02 01:00:00+00:00,147.19,147.223,146.952,146.983,3151,10,0
2025-10-02 02:00:00+00:00,146.983,147.183,146.935,147.16,1655,10,0
2025-10-02 03:00:00+00:00,147.16,147.193,147.048,147.082,1420,10,0
2025-10-02 04:00:00+00:00,147.083,147.198,147.07,147.171,1579,10,0
2025-10-02 05:00:00+00:00,147.171,147.265,147.113,147.161,2491,10,0
2025-10-02 06:00:00+00:00,147.159,147.381,146.892,147.152,5588,10,0
2025-10-02 07:00:00+00:00,147.15,147.213,147.008,147.077,4865,10,0
2025-10-02 08:00:00+00:00,147.075,147.078,146.72,146.794,3944,10,0
2025-10-02 09:00:00+00:00,146.796,146.805,146.595,146.619,3357,10,0
2025-10-02 10:00:00+00:00,146.619,146.765,146.617,146.64,2900,10,0
2025-10-02 11:00:00+00:00,146.64,146.857,146.623,146.794,3026,10,0
2025-10-02 12:00:00+00:00,146.793,147.196,146.741,147.158,4298,10,0
2025-10-02 13:00:00+00:00,147.156,147.269,147.049,147.221,5287,10,0
2025-10-02 14:00:00+00:00,147.22,147.341,147.148,147.325,4825,10,0
2025-10-02 15:00:00+00:00,147.326,147.511,147.326,147.348,3570,10,0
2025-10-02 16:00:00+00:00,147.35,147.364,147.159,147.161,2551,10,0
2025-10-02 17:00:00+00:00,147.163,147.234,147.136,147.179,1774,10,0
2025-10-02 18:00:00+00:00,147.18,147.217,147.159,147.208,1295,10,0
2025-10-02 19:00:00+00:00,147.206,147.248,147.124,147.232,1218,10,0
2025-10-02 20:00:00+00:00,147.219,147.282,147.177,147.238,874,10,0
2025-10-02 21:00:00+00:00,147.238,147.243,147.148,147.187,683,38,0
2025-10-02 22:00:00+00:00,147.208,147.223,147.157,147.194,689,10,0
2025-10-02 23:00:00+00:00,147.191,147.203,147.089,147.152,1291,10,0
2025-10-03 00:00:00+00:00,147.151,147.379,147.151,147.348,2952,10,0
2025-10-03 01:00:00+00:00,147.348,147.68,147.179,147.509,6020,10,0
2025-10-03 02:00:00+00:00,147.509,147.684,147.495,147.645,2301,10,0
2025-10-03 03:00:00+00:00,147.646,147.764,147.609,147.624,1805,10,0
2025-10-03 04:00:00+00:00,147.624,147.739,147.588,147.72,1188,10,0
2025-10-03 05:00:00+00:00,147.72,147.814,147.567,147.779,3722,10,0
2025-10-03 06:00:00+00:00,147.78,147.799,147.495,147.601,3326,10,0
2025-10-03 07:00:00+00:00,147.599,147.681,147.406,147.407,3234,10,0
2025-10-03 08:00:00+00:00,147.409,147.438,147.273,147.327,2937,10,0
2025-10-03 09:00:00+00:00,147.326,147.432,147.307,147.364,2049,10,0
2025-10-03 10:00:00+00:00,147.366,147.389,147.305,147.319,1622,10,0
2025-10-03 11:00:00+00:00,147.318,147.419,147.216,147.273,2258,10,0
2025-10-03 12:00:00+00:00,147.272,147.412,147.226,147.258,3828,10,0
2025-10-03 13:00:00+00:00,147.259,147.382,147.21,147.359,4042,10,0
2025-10-03 14:00:00+00:00,147.353,147.516,147.073,147.441,7724,10,0
2025-10-03 15:00:00+00:00,147.442,147.489,147.301,147.334,3490,10,0
2025-10-03 16:00:00+00:00,147.335,147.534,147.324,147.501,2109,10,0
2025-10-03 17:00:00+00:00,147.5,147.511,147.403,147.501,2007,10,0
2025-10-03 18:00:00+00:00,147.501,147.543,147.462,147.497,1738,10,0
2025-10-03 19:00:00+00:00,147.499,147.522,147.454,147.454,1296,10,0
2025-10-03 20:00:00+00:00,147.456,147.497,147.374,147.48,1121,10,0
2025-10-05 21:00:00+00:00,149.177,149.322,149.056,149.09,1970,26,0
2025-10-05 22:00:00+00:00,149.106,149.387,149.026,149.323,4010,10,0
2025-10-05 23:00:00+00:00,149.323,149.656,149.229,149.58,5459,10,0
2025-10-06 00:00:00+00:00,149.578,149.86,149.449,149.702,8726,10,0
2025-10-06 01:00:00+00:00,149.699,149.829,149.581,149.77,5491,10,0
2025-10-06 02:00:00+00:00,149.77,149.916,149.71,149.866,3076,10,0
2025-10-06 03:00:00+00:00,149.869,150.102,149.815,150.059,2934,10,0
2025-10-06 04:00:00+00:00,150.059,150.342,149.847,150.31,4601,10,0
2025-10-06 05:00:00+00:00,150.31,150.432,150.223,150.254,3446,10,0
2025-10-06 06:00:00+00:00,150.25,150.349,150.006,150.028,5943,10,0
2025-10-06 07:00:00+00:00,150.03,150.218,149.948,150.026,7840,10,0
2025-10-06 08:00:00+00:00,150.025,150.396,149.992,150.364,4869,10,0
2025-10-06 09:00:00+00:00,150.361,150.475,150.295,150.372,3068,10,0
2025-10-06 10:00:00+00:00,150.374,150.429,150.274,150.279,3141,10,0
2025-10-06 11:00:00+00:00,150.277,150.402,150.214,150.368,3482,10,0
2025-10-06 12:00:00+00:00,150.37,150.386,149.748,149.779,12414,10,0
2025-10-06 13:00:00+00:00,149.777,150.083,149.751,149.929,5281,10,0
2025-10-06 14:00:00+00:00,149.931,150.112,149.797,149.958,5119,10,0
2025-10-06 15:00:00+00:00,149.956,150.106,149.919,150.021,3736,10,0
2025-10-06 16:00:00+00:00,150.018,150.171,149.95,150.157,2354,10,0
2025-10-06 17:00:00+00:00,150.158,150.237,150.077,150.201,1714,10,0
2025-10-06 18:00:00+00:00,150.201,150.318,150.156,150.294,1526,10,0
2025-10-06 19:00:00+00:00,150.292,150.332,150.218,150.318,1455,10,0
2025-10-06 20:00:00+00:00,150.319,150.386,150.276,150.325,819,10,0
2025-10-06 21:00:00+00:00,150.326,150.331,150.11,150.258,597,26,0
2025-10-06 22:00:00+00:00,150.273,150.379,150.268,150.316,1533,10,0
2025-10-06 23:00:00+00:00,150.316,150.393,150.261,150.361,2035,10,0
2025-10-07 00:00:00+00:00,150.358,150.617,150.353,150.488,4003,10,0
2025-10-07 01:00:00+00:00,150.488,150.611,150.365,150.507,2767,10,0
2025-10-07 02:00:00+00:00,150.504,150.532,150.337,150.526,2044,10,0
2025-10-07 03:00:00+00:00,150.527,150.531,150.356,150.359,1799,10,0
2025-10-07 04:00:00+00:00,150.36,150.441,150.244,150.409,1804,10,0
2025-10-07 05:00:00+00:00,150.41,150.541,150.397,150.494,2176,10,0
2025-10-07 06:00:00+00:00,150.495,150.696,150.492,150.621,3658,10,0
2025-10-07 07:00:00+00:00,150.623,150.709,150.531,150.617,3436,10,0
2025-10-07 08:00:00+00:00,150.62,150.83,150.522,150.788,2739,10,0
2025-10-07 09:00:00+00:00,150.788,150.827,150.723,150.752,2480,10,0
2025-10-07 10:00:00+00:00,150.75,150.794,150.701,150.77,1773,10,0
2025-10-07 11:00:00+00:00,150.771,150.948,150.758,150.892,2071,10,0
2025-10-07 12:00:00+00:00,150.895,151.03,150.8,150.827,3796,10,0
2025-10-07 13:00:00+00:00,150.829,150.939,150.73,150.929,4003,10,0
2025-10-07 14:00:00+00:00,150.931,151.201,150.905,151.171,4380,10,0
2025-10-07 15:00:00+00:00,151.171,151.202,150.978,151.171,4443,10,0
2025-10-07 16:00:00+00:00,151.172,151.407,151.095,151.322,3374,10,0
2025-10-07 17:00:00+00:00,151.322,151.533,151.249,151.513,2952,10,0
2025-10-07 18:00:00+00:00,151.511,151.931,151.49,151.82,3678,10,0
2025-10-07 19:00:00+00:00,151.82,151.95,151.739,151.902,2333,10,0
2025-10-07 20:00:00+00:00,151.901,152.021,151.856,151.864,1317,10,0
2025-10-07 21:00:00+00:00,151.886,151.91,151.797,151.856,551,26,0
2025-10-07 22:00:00+00:00,151.883,151.886,151.733,151.812,1122,10,0
2025-10-07 23:00:00+00:00,151.814,152.091,151.792,152.053,3561,10,0
2025-10-08 00:00:00+00:00,152.055,152.375,152.052,152.303,5745,10,0
2025-10-08 01:00:00+00:00,152.305,152.604,152.269,152.598,5045,10,0
2025-10-08 02:00:00+00:00,152.601,152.644,152.297,152.481,3303,10,0
2025-10-08 03:00:00+00:00,152.48,152.563,152.398,152.41,1823,10,0
2025-10-08 04:00:00+00:00,152.41,152.492,152.305,152.361,2092,10,0
2025-10-08 05:00:00+00:00,152.361,152.439,152.28,152.401,2407,10,0
2025-10-08 06:00:00+00:00,152.402,152.52,152.248,152.341,5617,10,0
2025-10-08 07:00:00+00:00,152.344,152.552,152.326,152.541,4791,10,0
2025-10-08 08:00:00+00:00,152.542,152.78,152.371,152.74,4232,10,0
2025-10-08 09:00:00+00:00,152.74,152.996,152.714,152.969,4157,10,0
2025-10-08 10:00:00+00:00,152.968,152.995,152.648,152.723,3985,10,0
2025-10-08 11:00:00+00:00,152.721,152.847,152.639,152.689,4120,10,0
2025-10-08 12:00:00+00:00,152.687,152.744,152.436,152.504,4533,10,0
2025-10-08 13:00:00+00:00,152.502,152.66,152.369,152.587,4913,10,0
2025-10-08 14:00:00+00:00,152.589,152.67,152.426,152.514,4346,10,0
2025-10-08 15:00:00+00:00,152.516,152.787,152.507,152.716,3104,10,0
2025-10-08 16:00:00+00:00,152.715,152.795,152.685,152.755,2132,10,0
2025-10-08 17:00:00+00:00,152.752,152.883,152.742,152.869,1709,10,0
2025-10-08 18:00:00+00:00,152.867,152.941,152.641,152.716,3569,10,0
2025-10-08 19:00:00+00:00,152.714,152.75,152.636,152.701,2049,10,0
2025-10-08 20:00:00+00:00,152.696,152.727,152.469,152.491,1032,10,0
2025-10-08 21:00:00+00:00,152.502,152.674,152.425,152.642,549,26,0
2025-10-08 22:00:00+00:00,152.66,152.668,152.477,152.528,1343,10,0
2025-10-08 23:00:00+00:00,152.525,152.718,152.461,152.708,3280,10,0
2025-10-09 00:00:00+00:00,152.71,152.738,152.45,152.7,4936,10,0
2025-10-09 01:00:00+00:00,152.701,152.763,152.403,152.514,5415,10,0
2025-10-09 02:00:00+00:00,152.517,152.604,152.408,152.458,2236,10,0
2025-10-09 03:00:00+00:00,152.461,152.577,152.45,152.508,1741,10,0
2025-10-09 04:00:00+00:00,152.508,152.594,152.443,152.465,1429,10,0
2025-10-09 05:00:00+00:00,152.468,152.655,152.462,152.631,1946,10,0
2025-10-09 06:00:00+00:00,152.631,153.133,152.631,152.977,5745,10,0
2025-10-09 07:00:00+00:00,152.974,153.216,152.847,153.064,5050,10,0
2025-10-09 08:00:00+00:00,153.061,153.137,152.754,152.794,4128,10,0
2025-10-09 09:00:00+00:00,152.798,152.854,152.466,152.551,7850,10,0
2025-10-09 10:00:00+00:00,152.548,152.747,152.494,152.659,2827,10,0
2025-10-09 11:00:00+00:00,152.656,152.838,152.649,152.793,2869,10,0
2025-10-09 12:00:00+00:00,152.791,152.842,152.646,152.742,4642,10,0
2025-10-09 13:00:00+00:00,152.739,152.953,152.103,152.861,17646,10,0
2025-10-09 14:00:00+00:00,152.863,153.183,152.861,153.038,6259,10,0
2025-10-09 15:00:00+00:00,153.04,153.231,152.942,153.046,5243,10,0
2025-10-09 16:00:00+00:00,153.049,153.144,152.987,152.998,4164,10,0
2025-10-09 17:00:00+00:00,153.0,153.096,152.904,153.048,4162,10,0
2025-10-09 18:00:00+00:00,153.049,153.209,152.996,153.175,2446,10,0
2025-10-09 19:00:00+00:00,153.173,153.174,153.048,153.065,2368,10,0
2025-10-09 20:00:00+00:00,153.063,153.093,153.001,153.059,1149,10,0
2025-10-09 21:00:00+00:00,153.059,153.073,152.833,153.062,573,26,0
2025-10-09 22:00:00+00:00,153.062,153.081,152.98,153.026,901,10,0
2025-10-09 23:00:00+00:00,153.027,153.272,152.959,153.025,3075,10,0
2025-10-10 00:00:00+00:00,153.023,153.159,152.941,152.952,4696,10,0
2025-10-10 01:00:00+00:00,152.953,153.048,152.835,153.016,3448,10,0
2025-10-10 02:00:00+00:00,153.017,153.032,152.861,152.912,2412,10,0
2025-10-10 03:00:00+00:00,152.915,152.934,152.644,152.664,2447,10,0
2025-10-10 04:00:00+00:00,152.664,152.826,152.633,152.749,2090,10,0
2025-10-10 05:00:00+00:00,152.749,152.847,152.685,152.826,2579,10,0
2025-10-10 06:00:00+00:00,152.824,152.915,152.376,152.529,10484,10,0
2025-10-10 07:00:00+00:00,152.532,152.948,152.485,152.843,6364,10,0
2025-10-10 08:00:00+00:00,152.844,152.933,152.59,152.641,4651,10,0
2025-10-10 09:00:00+00:00,152.641,152.843,152.607,152.787,3017,10,0
2025-10-10 10:00:00+00:00,152.785,152.811,152.628,152.716,2430,10,0
2025-10-10 11:00:00+00:00,152.718,152.756,152.541,152.629,2934,10,0
2025-10-10 12:00:00+00:00,152.63,152.647,152.511,152.554,3514,10,0
2025-10-10 13:00:00+00:00,152.552,152.689,152.529,152.654,4192,10,0
2025-10-10 14:00:00+00:00,152.655,152.709,152.413,152.46,5180,10,0
2025-10-10 15:00:00+00:00,152.457,152.457,151.5,151.942,16675,10,0
2025-10-10 16:00:00+00:00,151.941,152.184,151.838,151.885,7703,10,0
2025-10-10 17:00:00+00:00,151.886,151.946,151.715,151.864,5322,10,0
2025-10-10 18:00:00+00:00,151.865,151.898,151.632,151.713,3319,10,0
2025-10-10 19:00:00+00:00,151.715,151.803,151.527,151.589,3712,10,0
2025-10-10 20:00:00+00:00,151.585,151.716,151.15,151.17,2235,10,0
2025-10-12 21:00:00+00:00,151.693,151.912,151.682,151.766,2581,26,0
2025-10-12 22:00:00+00:00,151.801,152.257,151.785,151.927,3465,10,0
2025-10-12 23:00:00+00:00,151.93,152.082,151.737,152.066,5856,10,0
2025-10-13 00:00:00+00:00,152.068,152.074,151.796,151.842,6333,10,0
2025-10-13 01:00:00+00:00,151.84,151.974,151.802,151.953,4748,10,0
2025-10-13 02:00:00+00:00,151.953,151.983,151.846,151.932,2337,10,0
2025-10-13 03:00:00+00:00,151.931,152.012,151.897,151.928,1835,10,0
2025-10-13 04:00:00+00:00,151.927,151.966,151.807,151.907,1642,10,0
2025-10-13 05:00:00+00:00,151.907,151.913,151.76,151.871,2351,10,0
2025-10-13 06:00:00+00:00,151.869,152.025,151.716,151.941,4440,10,0
2025-10-13 07:00:00+00:00,151.938,152.374,151.906,152.295,5451,10,0
2025-10-13 08:00:00+00:00,152.297,152.449,152.248,152.335,3641,10,0
2025-10-13 09:00:00+00:00,152.337,152.368,152.158,152.168,2550,10,0
2025-10-13 10:00:00+00:00,152.167,152.228,152.122,152.165,2153,10,0
2025-10-13 11:00:00+00:00,152.167,152.171,151.974,152.102,4361,10,0
2025-10-13 12:00:00+00:00,152.102,152.263,152.047,152.21,3559,10,0
2025-10-13 13:00:00+00:00,152.208,152.262,152.099,152.184,3773,10,0
2025-10-13 14:00:00+00:00,152.187,152.446,152.175,152.369,3741,10,0
2025-10-13 15:00:00+00:00,152.371,152.389,152.239,152.257,2558,10,0
2025-10-13 16:00:00+00:00,152.255,152.3,152.191,152.276,1907,10,0
2025-10-13 17:00:00+00:00,152.277,152.346,152.229,152.261,1729,10,0
2025-10-13 18:00:00+00:00,152.263,152.332,152.214,152.282,1435,10,0
2025-10-13 19:00:00+00:00,152.28,152.323,152.249,152.323,1181,10,0
2025-10-13 20:00:00+00:00,152.31,152.343,152.25,152.252,1005,10,0
2025-10-13 21:00:00+00:00,152.234,152.259,152.047,152.235,913,26,0
2025-10-13 22:00:00+00:00,152.249,152.339,152.185,152.334,1003,10,0
2025-10-13 23:00:00+00:00,152.34,152.46,152.273,152.455,2038,10,0
2025-10-14 00:00:00+00:00,152.458,152.611,152.425,152.465,4417,10,0
2025-10-14 01:00:00+00:00,152.461,152.497,152.35,152.453,3531,10,0
2025-10-14 02:00:00+00:00,152.456,152.483,152.356,152.378,2234,10,0
2025-10-14 03:00:00+00:00,152.377,152.393,152.045,152.145,2719,10,0
2025-10-14 04:00:00+00:00,152.144,152.146,151.778,151.857,4820,10,0
2025-10-14 05:00:00+00:00,151.857,151.945,151.666,151.71,4395,10,0
2025-10-14 06:00:00+00:00,151.708,151.973,151.615,151.894,6117,10,0
2025-10-14 07:00:00+00:00,151.891,152.071,151.669,151.953,7624,10,0
2025-10-14 08:00:00+00:00,151.955,152.122,151.926,151.971,4607,10,0
2025-10-14 09:00:00+00:00,151.971,152.149,151.97,152.106,3247,10,0
2025-10-14 10:00:00+00:00,152.108,152.121,151.909,151.942,3531,10,0
2025-10-14 11:00:00+00:00,151.943,152.125,151.934,152.088,3163,10,0
2025-10-14 12:00:00+00:00,152.087,152.125,151.856,152.042,4955,10,0
2025-10-14 13:00:00+00:00,152.044,152.162,151.816,151.993,7238,10,0
2025-10-14 14:00:00+00:00,151.996,152.1,151.827,151.83,5563,10,0
2025-10-14 15:00:00+00:00,151.828,151.934,151.739,151.779,5997,10,0
2025-10-14 16:00:00+00:00,151.779,151.916,151.665,151.735,5217,10,0
2025-10-14 17:00:00+00:00,151.737,151.865,151.672,151.724,3113,10,0
2025-10-14 18:00:00+00:00,151.727,151.801,151.695,151.757,2291,10,0
2025-10-14 19:00:00+00:00,151.758,151.772,151.601,151.68,3869,10,0
2025-10-14 20:00:00+00:00,151.678,151.814,151.678,151.808,1162,10,0
2025-10-14 21:00:00+00:00,151.808,151.815,151.662,151.731,361,26,0
2025-10-14 22:00:00+00:00,151.736,151.868,151.717,151.805,1334,10,0
2025-10-14 23:00:00+00:00,151.805,151.85,151.691,151.7,2380,10,0
2025-10-15 00:00:00+00:00,151.703,151.832,151.491,151.562,5480,10,0
2025-10-15 01:00:00+00:00,151.56,151.601,151.293,151.297,4286,10,0
2025-10-15 02:00:00+00:00,151.296,151.314,151.031,151.055,3370,10,0
2025-10-15 03:00:00+00:00,151.055,151.168,150.999,151.132,2163,10,0
2025-10-15 04:00:00+00:00,151.132,151.248,151.085,151.244,1664,10,0
2025-10-15 05:00:00+00:00,151.243,151.269,151.106,151.2,2350,10,0
2025-10-15 06:00:00+00:00,151.198,151.198,150.895,151.034,4039,10,0
2025-10-15 07:00:00+00:00,151.037,151.296,150.979,151.243,4155,10,0
2025-10-15 08:00:00+00:00,151.244,151.394,151.12,151.214,4656,10,0
2025-10-15 09:00:00+00:00,151.215,151.43,151.215,151.342,3282,10,0
2025-10-15 10:00:00+00:00,151.341,151.492,151.334,151.364,2413,10,0
2025-10-15 11:00:00+00:00,151.361,151.508,151.317,151.496,2531,10,0
2025-10-15 12:00:00+00:00,151.494,151.685,151.452,151.632,5494,10,0
2025-10-15 13:00:00+00:00,151.634,151.736,151.394,151.399,5958,10,0
2025-10-15 14:00:00+00:00,151.397,151.51,151.311,151.398,3920,10,0
2025-10-15 15:00:00+00:00,151.398,151.458,151.035,151.215,4450,10,0
2025-10-15 16:00:00+00:00,151.218,151.318,151.171,151.187,3571,10,0
2025-10-15 17:00:00+00:00,151.19,151.337,151.063,151.327,4183,10,0
2025-10-15 18:00:00+00:00,151.328,151.388,151.214,151.332,2445,10,0
2025-10-15 19:00:00+00:00,151.331,151.341,151.228,151.251,1691,10,0
2025-10-15 20:00:00+00:00,151.244,151.264,150.864,150.875,1296,10,0
2025-10-15 21:00:00+00:00,150.875,151.117,150.844,151.038,481,26,0
2025-10-15 22:00:00+00:00,151.086,151.099,150.733,150.911,1675,10,0
2025-10-15 23:00:00+00:00,150.911,151.036,150.879,150.985,2542,10,0
2025-10-16 00:00:00+00:00,150.987,151.088,150.51,150.705,6684,10,0
2025-10-16 01:00:00+00:00,150.702,150.771,150.507,150.594,4923,10,0
2025-10-16 02:00:00+00:00,150.591,150.776,150.565,150.773,2668,10,0
2025-10-16 03:00:00+00:00,150.773,150.884,150.726,150.867,2336,10,0
2025-10-16 04:00:00+00:00,150.867,151.111,150.861,151.037,1882,10,0
2025-10-16 05:00:00+00:00,151.04,151.19,151.012,151.05,3483,10,0
2025-10-16 06:00:00+00:00,151.054,151.268,150.957,151.197,4419,10,0
2025-10-16 07:00:00+00:00,151.199,151.38,150.936,151.238,5648,10,0
2025-10-16 08:00:00+00:00,151.24,151.285,151.054,151.237,4325,10,0
2025-10-16 09:00:00+00:00,151.24,151.396,151.238,151.286,2933,10,0
2025-10-16 10:00:00+00:00,151.285,151.298,151.158,151.176,2321,10,0
2025-10-16 11:00:00+00:00,151.174,151.371,151.157,151.238,2854,10,0
2025-10-16 12:00:00+00:00,151.237,151.281,151.029,151.094,4668,10,0
2025-10-16 13:00:00+00:00,151.097,151.284,151.013,151.097,6621,10,0
2025-10-16 14:00:00+00:00,151.098,151.12,150.75,150.771,5267,10,0
2025-10-16 15:00:00+00:00,150.774,150.87,150.718,150.75,4425,10,0
2025-10-16 16:00:00+00:00,150.749,150.792,150.231,150.395,8422,10,0
2025-10-16 17:00:00+00:00,150.395,150.472,150.25,150.331,7584,10,0
2025-10-16 18:00:00+00:00,150.332,150.418,150.217,150.334,5291,10,0
2025-10-16 19:00:00+00:00,150.332,150.427,150.206,150.396,4319,10,0
2025-10-16 20:00:00+00:00,150.383,150.438,150.335,150.407,1553,10,0
2025-10-16 21:00:00+00:00,150.407,150.422,150.277,150.383,538,26,0
2025-10-16 22:00:00+00:00,150.401,150.433,150.237,150.257,1941,10,0
2025-10-16 23:00:00+00:00,150.258,150.291,150.046,150.147,2728,10,0
2025-10-17 00:00:00+00:00,150.145,150.229,150.041,150.229,4870,10,0
2025-10-17 01:00:00+00:00,150.228,150.359,150.171,150.313,4506,10,0
2025-10-17 02:00:00+00:00,150.312,150.384,150.054,150.178,3304,10,0
2025-10-17 03:00:00+00:00,150.175,150.175,149.889,150.008,3108,10,0
2025-10-17 04:00:00+00:00,150.008,150.137,149.936,149.96,2911,10,0
2025-10-17 05:00:00+00:00,149.963,149.972,149.735,149.746,3383,10,0
2025-10-17 06:00:00+00:00,149.744,149.974,149.621,149.628,6647,10,0
2025-10-17 07:00:00+00:00,149.626,149.781,149.37,149.699,12701,10,0
2025-10-17 08:00:00+00:00,149.701,149.913,149.579,149.784,7000,10,0
2025-10-17 09:00:00+00:00,149.776,149.9,149.598,149.667,4582,10,0
2025-10-17 10:00:00+00:00,149.669,149.959,149.664,149.927,6016,10,0
2025-10-17 11:00:00+00:00,149.928,150.328,149.869,150.232,9548,10,0
2025-10-17 12:00:00+00:00,150.23,150.541,150.226,150.38,6971,10,0
2025-10-17 13:00:00+00:00,150.38,150.443,150.155,150.355,7362,10,0
2025-10-17 14:00:00+00:00,150.352,150.589,150.344,150.424,7525,10,0
2025-10-17 15:00:00+00:00,150.423,150.452,150.201,150.334,4833,10,0
2025-10-17 16:00:00+00:00,150.335,150.498,150.334,150.401,3997,10,0
2025-10-17 17:00:00+00:00,150.403,150.489,150.36,150.482,3282,10,0
2025-10-17 18:00:00+00:00,150.481,150.53,150.404,150.494,2689,10,0
2025-10-17 19:00:00+00:00,150.496,150.517,150.45,150.479,1947,10,0
2025-10-17 20:00:00+00:00,150.476,150.626,150.465,150.622,1520,10,0
2025-10-19 21:00:00+00:00,150.373,150.493,150.261,150.422,1879,26,0
2025-10-19 22:00:00+00:00,150.46,150.9,150.459,150.82,2297,10,0
2025-10-19 23:00:00+00:00,150.817,150.964,150.811,150.914,2803,10,0
2025-10-20 00:00:00+00:00,150.914,150.986,150.761,150.902,5329,10,0
2025-10-20 01:00:00+00:00,150.904,151.199,150.864,150.962,3799,10,0
2025-10-20 02:00:00+00:00,150.965,150.994,150.806,150.864,2354,10,0
2025-10-20 03:00:00+00:00,150.861,150.886,150.652,150.72,2181,10,0
2025-10-20 04:00:00+00:00,150.719,150.767,150.513,150.594,2304,10,0
2025-10-20 05:00:00+00:00,150.596,150.688,150.494,150.648,2629,10,0
2025-10-20 06:00:00+00:00,150.646,150.741,150.542,150.683,3965,10,0
2025-10-20 07:00:00+00:00,150.686,150.827,150.65,150.74,3856,10,0
2025-10-20 08:00:00+00:00,150.738,150.795,150.569,150.58,4099,10,0
2025-10-20 09:00:00+00:00,150.577,150.768,150.271,150.728,5000,10,0
2025-10-20 10:00:00+00:00,150.73,150.834,150.671,150.71,2975,10,0
2025-10-20 11:00:00+00:00,150.707,150.853,150.668,150.699,2480,10,0
2025-10-20 12:00:00+00:00,150.699,150.773,150.602,150.67,4063,10,0
2025-10-20 13:00:00+00:00,150.672,150.851,150.609,150.765,4175,10,0
2025-10-20 14:00:00+00:00,150.767,150.809,150.405,150.586,4336,10,0
2025-10-20 15:00:00+00:00,150.588,150.62,150.482,150.587,3824,10,0
2025-10-20 16:00:00+00:00,150.589,150.695,150.525,150.672,2483,10,0
2025-10-20 17:00:00+00:00,150.674,150.792,150.662,150.774,1637,10,0
2025-10-20 18:00:00+00:00,150.775,150.825,150.661,150.688,1731,10,0
2025-10-20 19:00:00+00:00,150.688,150.728,150.624,150.693,1493,10,0
2025-10-20 20:00:00+00:00,150.69,150.756,150.672,150.725,907,10,0
2025-10-20 21:00:00+00:00,150.709,150.709,150.602,150.641,492,26,0
2025-10-20 22:00:00+00:00,150.648,150.759,150.647,150.729,910,10,0
2025-10-20 23:00:00+00:00,150.729,150.82,150.715,150.819,1681,10,0
2025-10-21 00:00:00+00:00,150.821,150.849,150.465,150.652,5025,10,0
2025-10-21 01:00:00+00:00,150.65,150.992,150.525,150.978,4311,10,0
2025-10-21 02:00:00+00:00,150.979,151.144,150.958,151.119,3454,10,0
2025-10-21 03:00:00+00:00,151.119,151.148,150.997,151.043,2419,10,0
2025-10-21 04:00:00+00:00,151.041,151.238,150.883,151.072,5606,10,0
2025-10-21 05:00:00+00:00,151.076,151.52,150.856,151.511,7489,10,0
2025-10-21 06:00:00+00:00,151.512,151.604,151.22,151.259,4702,10,0
2025-10-21 07:00:00+00:00,151.259,151.263,151.06,151.152,5472,10,0
2025-10-21 08:00:00+00:00,151.154,151.675,151.059,151.604,6611,10,0
2025-10-21 09:00:00+00:00,151.603,151.8,151.591,151.791,3889,10,0
2025-10-21 10:00:00+00:00,151.791,152.046,151.734,151.922,4288,10,0
2025-10-21 11:00:00+00:00,151.922,152.004,151.803,151.946,3981,10,0
2025-10-21 12:00:00+00:00,151.945,152.172,151.889,152.025,5087,10,0
2025-10-21 13:00:00+00:00,152.028,152.088,151.592,151.596,9833,10,0
2025-10-21 14:00:00+00:00,151.594,151.88,151.452,151.864,6533,10,0
2025-10-21 15:00:00+00:00,151.866,151.875,151.676,151.724,3840,10,0
2025-10-21 16:00:00+00:00,151.722,151.946,151.65,151.85,3771,10,0
2025-10-21 17:00:00+00:00,151.851,151.97,151.813,151.921,2614,10,0
2025-10-21 18:00:00+00:00,151.921,151.924,151.871,151.911,1667,10,0
2025-10-21 19:00:00+00:00,151.91,151.969,151.887,151.91,1460,10,0
2025-10-21 20:00:00+00:00,151.907,151.931,151.852,151.906,930,10,0
2025-10-21 21:00:00+00:00,151.906,151.906,151.808,151.882,302,26,0
2025-10-21 22:00:00+00:00,151.892,151.94,151.858,151.929,781,10,0
2025-10-21 23:00:00+00:00,151.932,151.955,151.857,151.876,1283,10,0
2025-10-22 00:00:00+00:00,151.874,151.874,151.6,151.625,4535,10,0
2025-10-22 01:00:00+00:00,151.622,151.75,151.485,151.74,3615,10,0
2025-10-22 02:00:00+00:00,151.741,151.754,151.588,151.629,1989,10,0
2025-10-22 03:00:00+00:00,151.629,151.815,151.624,151.791,1783,10,0
2025-10-22 04:00:00+00:00,151.791,151.873,151.75,151.754,1810,10,0
2025-10-22 05:00:00+00:00,151.755,151.868,151.721,151.858,1575,10,0
2025-10-22 06:00:00+00:00,151.856,151.948,151.691,151.732,3915,10,0
2025-10-22 07:00:00+00:00,151.73,151.853,151.615,151.824,4167,10,0
2025-10-22 08:00:00+00:00,151.826,151.909,151.625,151.687,4335,10,0
2025-10-22 09:00:00+00:00,151.689,151.825,151.649,151.814,2652,10,0
2025-10-22 10:00:00+00:00,151.815,151.832,151.713,151.817,2460,10,0
2025-10-22 11:00:00+00:00,151.817,151.892,151.721,151.785,3545,10,0
2025-10-22 12:00:00+00:00,151.784,151.967,151.75,151.925,4183,10,0
2025-10-22 13:00:00+00:00,151.926,152.043,151.865,151.968,4869,10,0
2025-10-22 14:00:00+00:00,151.966,152.008,151.855,151.882,5004,10,0
2025-10-22 15:00:00+00:00,151.882,151.908,151.748,151.791,3883,10,0
2025-10-22 16:00:00+00:00,151.789,151.842,151.5,151.76,6630,10,0
2025-10-22 17:00:00+00:00,151.762,151.809,151.601,151.642,3683,10,0
2025-10-22 18:00:00+00:00,151.646,151.886,151.645,151.876,2670,10,0
2025-10-22 19:00:00+00:00,151.877,152.003,151.848,151.977,2337,10,0
2025-10-22 20:00:00+00:00,151.976,152.004,151.718,151.771,894,10,0
2025-10-22 21:00:00+00:00,151.767,151.934,151.726,151.897,260,26,0
2025-10-22 22:00:00+00:00,151.905,151.924,151.813,151.896,1086,10,0
2025-10-22 23:00:00+00:00,151.9,151.993,151.895,151.983,1743,10,0
2025-10-23 00:00:00+00:00,151.983,152.262,151.967,152.15,3711,10,0
2025-10-23 01:00:00+00:00,152.15,152.453,152.115,152.414,2922,10,0
2025-10-23 02:00:00+00:00,152.415,152.5,152.38,152.459,1673,10,0
2025-10-23 03:00:00+00:00,152.459,152.48,152.39,152.469,1295,10,0
2025-10-23 04:00:00+00:00,152.468,152.572,152.399,152.41,1498,10,0
2025-10-23 05:00:00+00:00,152.41,152.423,152.314,152.371,1588,10,0
2025-10-23 06:00:00+00:00,152.373,152.644,152.326,152.636,3136,10,0
2025-10-23 07:00:00+00:00,152.638,152.642,152.375,152.492,4020,10,0
2025-10-23 08:00:00+00:00,152.493,152.648,152.449,152.603,2671,10,0
2025-10-23 09:00:00+00:00,152.605,152.664,152.508,152.567,2304,10,0
2025-10-23 10:00:00+00:00,152.567,152.773,152.565,152.765,2116,10,0
2025-10-23 11:00:00+00:00,152.767,152.789,152.661,152.668,2160,10,0
2025-10-23 12:00:00+00:00,152.666,152.717,152.454,152.531,3263,10,0
2025-10-23 13:00:00+00:00,152.53,152.729,152.473,152.683,4111,10,0
2025-10-23 14:00:00+00:00,152.685,152.706,152.573,152.612,4256,10,0
2025-10-23 15:00:00+00:00,152.611,152.761,152.578,152.723,2977,10,0
2025-10-23 16:00:00+00:00,152.72,152.795,152.67,152.714,1976,10,0
2025-10-23 17:00:00+00:00,152.717,152.767,152.61,152.612,2188,10,0
2025-10-23 18:00:00+00:00,152.614,152.647,152.518,152.53,1670,10,0
2025-10-23 19:00:00+00:00,152.531,152.563,152.49,152.559,1290,10,0
2025-10-23 20:00:00+00:00,152.549,152.605,152.542,152.548,979,10,0
2025-10-23 21:00:00+00:00,152.546,152.588,152.509,152.522,366,26,0
2025-10-23 22:00:00+00:00,152.55,152.592,152.494,152.583,926,10,0
2025-10-23 23:00:00+00:00,152.583,152.671,152.562,152.606,1289,10,0
2025-10-24 00:00:00+00:00,152.609,152.661,152.47,152.647,3032,10,0
2025-10-24 01:00:00+00:00,152.646,152.898,152.635,152.893,2855,10,0
2025-10-24 02:00:00+00:00,152.897,152.911,152.764,152.885,2152,10,0
2025-10-24 03:00:00+00:00,152.887,152.913,152.708,152.767,1596,10,0
2025-10-24 04:00:00+00:00,152.77,152.91,152.767,152.883,1517,10,0
2025-10-24 05:00:00+00:00,152.886,153.035,152.868,152.955,2348,10,0
2025-10-24 06:00:00+00:00,152.955,153.06,152.915,152.915,2793,10,0
2025-10-24 07:00:00+00:00,152.917,152.95,152.75,152.828,3268,10,0
2025-10-24 08:00:00+00:00,152.826,153.015,152.807,152.947,2710,10,0
2025-10-24 09:00:00+00:00,152.949,152.991,152.897,152.956,2186,10,0
2025-10-24 10:00:00+00:00,152.955,152.979,152.9,152.975,1385,10,0
2025-10-24 11:00:00+00:00,152.975,152.989,152.902,152.931,2049,10,0
2025-10-24 12:00:00+00:00,152.929,152.959,152.257,152.67,7754,10,0
2025-10-24 13:00:00+00:00,152.668,153.019,152.592,152.826,6731,10,0
2025-10-24 14:00:00+00:00,152.823,152.899,152.692,152.762,5201,10,0
2025-10-24 15:00:00+00:00,152.765,152.876,152.703,152.817,3213,10,0
2025-10-24 16:00:00+00:00,152.817,152.873,152.783,152.836,1870,10,0
2025-10-24 17:00:00+00:00,152.836,152.836,152.746,152.806,1501,10,0
2025-10-24 18:00:00+00:00,152.805,152.889,152.794,152.862,1336,10,0
2025-10-24 19:00:00+00:00,152.862,152.893,152.798,152.825,1358,10,0
2025-10-24 20:00:00+00:00,152.818,152.885,152.749,152.874,1281,10,0
2025-10-26 21:00:00+00:00,152.758,152.983,152.715,152.983,766,26,0
2025-10-26 22:00:00+00:00,153.026,153.122,152.928,153.064,2517,10,0
2025-10-26 23:00:00+00:00,153.071,153.175,153.011,153.068,2409,10,0
2025-10-27 00:00:00+00:00,153.07,153.15,152.828,152.886,3952,10,0
2025-10-27 01:00:00+00:00,152.885,152.987,152.652,152.832,3527,10,0
2025-10-27 02:00:00+00:00,152.833,153.013,152.818,152.981,1735,10,0
2025-10-27 03:00:00+00:00,152.979,153.049,152.947,153.042,1274,10,0
2025-10-27 04:00:00+00:00,153.043,153.161,153.031,153.134,1660,10,0
2025-10-27 05:00:00+00:00,153.134,153.255,153.108,153.125,1917,10,0
2025-10-27 06:00:00+00:00,153.123,153.135,152.831,152.974,2842,10,0
2025-10-27 07:00:00+00:00,152.974,153.026,152.856,153.014,3459,10,0
2025-10-27 08:00:00+00:00,153.013,153.073,152.739,152.814,4006,10,0
2025-10-27 09:00:00+00:00,152.814,152.819,152.697,152.747,2885,10,0
2025-10-27 10:00:00+00:00,152.75,152.846,152.717,152.768,2153,10,0
2025-10-27 11:00:00+00:00,152.765,152.805,152.591,152.635,3015,10,0
2025-10-27 12:00:00+00:00,152.633,152.895,152.562,152.837,3039,10,0
2025-10-27 13:00:00+00:00,152.839,153.194,152.803,153.107,3785,10,0
2025-10-27 14:00:00+00:00,153.105,153.189,152.997,153.0,3620,10,0
2025-10-27 15:00:00+00:00,152.999,153.12,152.982,153.082,2881,10,0
2025-10-27 16:00:00+00:00,153.083,153.088,152.972,152.99,1993,10,0
2025-10-27 17:00:00+00:00,152.989,153.089,152.936,153.057,1517,10,0
2025-10-27 18:00:00+00:00,153.055,153.069,152.756,152.818,1736,10,0
2025-10-27 19:00:00+00:00,152.817,152.95,152.81,152.903,1769,10,0
2025-10-27 20:00:00+00:00,152.895,152.906,152.837,152.849,865,10,0
2025-10-27 21:00:00+00:00,152.849,152.861,152.793,152.855,262,26,0
2025-10-27 22:00:00+00:00,152.862,152.862,152.729,152.741,926,10,0
2025-10-27 23:00:00+00:00,152.741,152.776,152.629,152.692,1330,10,0
2025-10-28 00:00:00+00:00,152.693,152.732,152.392,152.492,3732,10,0
2025-10-28 01:00:00+00:00,152.493,152.511,152.262,152.398,3419,10,0
2025-10-28 02:00:00+00:00,152.398,152.469,152.295,152.455,2295,10,0
2025-10-28 03:00:00+00:00,152.458,152.472,152.161,152.271,2288,10,0
2025-10-28 04:00:00+00:00,152.272,152.302,151.848,151.871,3814,10,0
2025-10-28 05:00:00+00:00,151.873,151.966,151.756,151.907,3869,10,0
2025-10-28 06:00:00+00:00,151.908,152.054,151.809,152.014,3355,10,0
2025-10-28 07:00:00+00:00,152.017,152.351,152.017,152.138,4884,10,0
2025-10-28 08:00:00+00:00,152.14,152.16,151.84,151.948,5348,10,0
2025-10-28 09:00:00+00:00,151.949,152.077,151.867,151.911,3091,10,0
2025-10-28 10:00:00+00:00,151.913,151.986,151.821,151.86,2812,10,0
2025-10-28 11:00:00+00:00,151.86,152.081,151.854,152.032,2570,10,0
2025-10-28 12:00:00+00:00,152.031,152.217,152.015,152.128,3829,10,0
2025-10-28 13:00:00+00:00,152.128,152.371,152.125,152.193,4155,10,0
2025-10-28 14:00:00+00:00,152.191,152.256,151.97,151.981,3644,10,0
2025-10-28 15:00:00+00:00,151.98,152.177,151.848,152.14,3878,10,0
2025-10-28 16:00:00+00:00,152.139,152.306,152.106,152.106,4687,10,0
2025-10-28 17:00:00+00:00,152.105,152.19,152.09,152.172,2215,10,0
2025-10-28 18:00:00+00:00,152.172,152.242,152.085,152.098,1768,10,0
2025-10-28 19:00:00+00:00,152.099,152.1,151.943,152.053,1686,10,0
2025-10-28 20:00:00+00:00,152.041,152.126,152.039,152.095,1072,10,0
2025-10-28 21:00:00+00:00,152.078,152.093,151.935,151.989,423,26,0
2025-10-28 22:00:00+00:00,152.057,152.176,152.021,152.164,839,10,0
2025-10-28 23:00:00+00:00,152.164,152.193,151.719,151.734,2177,10,0
2025-10-29 00:00:00+00:00,151.736,151.886,151.531,151.629,8019,10,0
2025-10-29 01:00:00+00:00,151.632,151.913,151.547,151.891,5101,10,0
2025-10-29 02:00:00+00:00,151.891,152.141,151.884,151.975,2452,10,0
2025-10-29 03:00:00+00:00,151.974,152.054,151.911,152.05,1934,10,0
2025-10-29 04:00:00+00:00,152.051,152.112,151.955,152.072,1874,10,0
2025-10-29 05:00:00+00:00,152.072,152.541,152.058,152.364,3173,10,0
2025-10-29 06:00:00+00:00,152.363,152.449,152.128,152.141,2800,10,0
2025-10-29 07:00:00+00:00,152.143,152.178,151.998,152.058,3441,10,0
2025-10-29 08:00:00+00:00,152.06,152.331,152.044,152.33,3104,10,0
2025-10-29 09:00:00+00:00,152.332,152.464,152.192,152.23,2784,10,0
2025-10-29 10:00:00+00:00,152.23,152.338,152.201,152.241,1922,10,0
2025-10-29 11:00:00+00:00,152.241,152.404,152.132,152.239,2668,10,0
2025-10-29 12:00:00+00:00,152.236,152.295,152.155,152.239,2823,10,0
2025-10-29 13:00:00+00:00,152.238,152.239,151.858,151.995,4499,10,0
2025-10-29 14:00:00+00:00,151.996,152.164,151.979,152.034,3459,10,0
2025-10-29 15:00:00+00:00,152.032,152.058,151.902,151.909,3336,10,0
2025-10-29 16:00:00+00:00,151.908,152.175,151.892,152.146,3539,10,0
2025-10-29 17:00:00+00:00,152.146,152.314,152.086,152.274,2348,10,0
2025-10-29 18:00:00+00:00,152.275,153.055,152.182,152.823,20042,10,0
2025-10-29 19:00:00+00:00,152.824,153.056,152.749,152.814,8316,10,0
2025-10-29 20:00:00+00:00,152.81,152.866,152.484,152.529,2160,10,0
2025-10-29 21:00:00+00:00,152.52,152.69,152.44,152.637,636,26,0
2025-10-29 22:00:00+00:00,152.652,152.733,152.638,152.691,1224,10,0
2025-10-29 23:00:00+00:00,152.693,152.755,152.582,152.722,1922,10,0
2025-10-30 00:00:00+00:00,152.724,152.943,152.502,152.632,5669,10,0
2025-10-30 01:00:00+00:00,152.634,152.677,152.448,152.541,5024,10,0
2025-10-30 02:00:00+00:00,152.543,152.559,152.311,152.336,2757,10,0
2025-10-30 03:00:00+00:00,152.335,153.134,152.158,152.961,9769,10,0
2025-10-30 04:00:00+00:00,152.961,153.021,152.558,152.763,10164,10,0
2025-10-30 05:00:00+00:00,152.765,153.037,152.67,153.034,3773,10,0
2025-10-30 06:00:00+00:00,153.036,153.518,152.929,153.334,7429,10,0
2025-10-30 07:00:00+00:00,153.337,153.546,153.276,153.4,6116,10,0
2025-10-30 08:00:00+00:00,153.4,153.885,153.4,153.744,4727,10,0
2025-10-30 09:00:00+00:00,153.746,153.799,153.619,153.775,3869,10,0
2025-10-30 10:00:00+00:00,153.776,153.956,153.774,153.956,2696,10,0
2025-10-30 11:00:00+00:00,153.953,154.171,153.863,154.115,3811,10,0
2025-10-30 12:00:00+00:00,154.113,154.289,154.073,154.288,4184,10,0
2025-10-30 13:00:00+00:00,154.291,154.443,154.141,154.194,6095,10,0
2025-10-30 14:00:00+00:00,154.192,154.319,154.052,154.284,5832,10,0
2025-10-30 15:00:00+00:00,154.282,154.337,154.04,154.169,3837,10,0
2025-10-30 16:00:00+00:00,154.171,154.229,154.063,154.094,2780,10,0
2025-10-30 17:00:00+00:00,154.091,154.166,154.044,154.099,2179,10,0
2025-10-30 18:00:00+00:00,154.098,154.146,154.046,154.079,2030,10,0
2025-10-30 19:00:00+00:00,154.08,154.087,154.017,154.073,1960,10,0
2025-10-30 20:00:00+00:00,154.05,154.153,154.025,154.106,1188,10,0
2025-10-30 21:00:00+00:00,154.09,154.117,153.984,154.051,388,26,0
2025-10-30 22:00:00+00:00,154.074,154.134,154.027,154.105,969,10,0
2025-10-30 23:00:00+00:00,154.104,154.165,153.839,153.905,2034,10,0
2025-10-31 00:00:00+00:00,153.903,154.034,153.819,153.891,4164,10,0
2025-10-31 01:00:00+00:00,153.888,153.92,153.649,153.826,4243,10,0
2025-10-31 02:00:00+00:00,153.826,153.883,153.735,153.883,2143,10,0
2025-10-31 03:00:00+00:00,153.883,154.065,153.845,154.034,1649,10,0
2025-10-31 04:00:00+00:00,154.033,154.054,153.901,153.931,1935,10,0
2025-10-31 05:00:00+00:00,153.928,154.051,153.827,153.907,2515,10,0
2025-10-31 06:00:00+00:00,153.906,154.232,153.879,154.219,3359,10,0
2025-10-31 07:00:00+00:00,154.219,154.391,154.169,154.307,4329,10,0
2025-10-31 08:00:00+00:00,154.308,154.415,154.224,154.243,3801,10,0
2025-10-31 09:00:00+00:00,154.243,154.288,154.108,154.136,2493,10,0
2025-10-31 10:00:00+00:00,154.136,154.183,154.09,154.129,2029,10,0
2025-10-31 11:00:00+00:00,154.129,154.183,154.048,154.101,2409,10,0
2025-10-31 12:00:00+00:00,154.098,154.25,153.89,154.13,4391,10,0
2025-10-31 13:00:00+00:00,154.133,154.226,154.041,154.072,4605,10,0
2025-10-31 14:00:00+00:00,154.075,154.093,153.888,153.945,4179,10,0
2025-10-31 15:00:00+00:00,153.944,154.093,153.913,154.033,4453,10,0
2025-10-31 16:00:00+00:00,154.037,154.17,153.963,154.113,3441,10,0
2025-10-31 17:00:00+00:00,154.11,154.176,154.076,154.091,2106,10,0
2025-10-31 18:00:00+00:00,154.091,154.132,154.031,154.08,1821,10,0
2025-10-31 19:00:00+00:00,154.079,154.132,154.057,154.107,1710,10,0
2025-10-31 20:00:00+00:00,154.105,154.114,153.98,154.009,1301,10,0
2025-11-02 22:00:00+00:00,154.073,154.076,154.006,154.07,535,10,0
2025-11-02 23:00:00+00:00,154.075,154.25,154.019,154.193,3002,10,0
2025-11-03 00:00:00+00:00,154.196,154.212,154.115,154.173,2025,10,0
2025-11-03 01:00:00+00:00,154.173,154.183,154.071,154.113,1407,10,0
2025-11-03 02:00:00+00:00,154.111,154.124,154.03,154.08,1235,10,0
2025-11-03 03:00:00+00:00,154.08,154.093,154.037,154.064,980,10,0
2025-11-03 04:00:00+00:00,154.064,154.085,153.987,154.071,1004,10,0
2025-11-03 05:00:00+00:00,154.071,154.132,154.055,154.12,1197,10,0
2025-11-03 06:00:00+00:00,154.12,154.242,154.101,154.188,1394,10,0
2025-11-03 07:00:00+00:00,154.185,154.283,154.101,154.109,2401,10,0
2025-11-03 08:00:00+00:00,154.106,154.205,154.047,154.104,2888,10,0
2025-11-03 09:00:00+00:00,154.105,154.167,154.079,154.163,1888,10,0
2025-11-03 10:00:00+00:00,154.163,154.187,154.126,154.166,1565,10,0
2025-11-03 11:00:00+00:00,154.165,154.183,154.093,154.147,1365,10,0
2025-11-03 12:00:00+00:00,154.147,154.186,154.137,154.178,1334,10,0
2025-11-03 13:00:00+00:00,154.18,154.296,154.171,154.245,2137,10,0
2025-11-03 14:00:00+00:00,154.248,154.271,154.071,154.1,2727,10,0
2025-11-03 15:00:00+00:00,154.099,154.159,153.909,154.095,5058,10,0
2025-11-03 16:00:00+00:00,154.096,154.162,154.061,154.126,2791,10,0
2025-11-03 17:00:00+00:00,154.127,154.173,154.056,154.15,1726,10,0
2025-11-03 18:00:00+00:00,154.151,154.235,154.11,154.164,1392,10,0
2025-11-03 19:00:00+00:00,154.162,154.248,154.134,154.186,1713,10,0
2025-11-03 20:00:00+00:00,154.189,154.212,154.165,154.173,1178,10,0
2025-11-03 21:00:00+00:00,154.175,154.198,154.143,154.189,683,26,0
2025-11-03 22:00:00+00:00,154.203,154.244,154.194,154.215,489,10,0
2025-11-03 23:00:00+00:00,154.219,154.226,154.169,154.208,863,10,0
2025-11-04 00:00:00+00:00,154.208,154.397,154.195,154.335,3447,10,0
2025-11-04 01:00:00+00:00,154.334,154.48,154.294,154.325,2886,10,0
2025-11-04 02:00:00+00:00,154.324,154.355,154.1,154.105,2323,10,0
2025-11-04 03:00:00+00:00,154.103,154.156,154.048,154.082,1970,10,0
2025-11-04 04:00:00+00:00,154.082,154.098,153.804,154.058,2393,10,0
2025-11-04 05:00:00+00:00,154.057,154.079,153.683,153.728,2926,10,0
2025-11-04 06:00:00+00:00,153.726,153.791,153.491,153.621,4178,10,0
2025-11-04 07:00:00+00:00,153.618,153.631,153.326,153.577,3787,10,0
2025-11-04 08:00:00+00:00,153.58,153.697,153.383,153.648,4451,10,0
2025-11-04 09:00:00+00:00,153.645,153.752,153.4,153.483,3856,10,0
2025-11-04 10:00:00+00:00,153.481,153.598,153.313,153.574,3196,10,0
2025-11-04 11:00:00+00:00,153.575,153.59,153.369,153.571,2648,10,0
2025-11-04 12:00:00+00:00,153.568,153.624,153.498,153.525,2956,10,0
2025-11-04 13:00:00+00:00,153.525,153.539,153.311,153.385,3262,10,0
2025-11-04 14:00:00+00:00,153.386,153.542,153.365,153.472,3894,10,0
2025-11-04 15:00:00+00:00,153.472,153.594,153.334,153.38,3855,10,0
2025-11-04 16:00:00+00:00,153.382,153.549,153.335,153.548,2838,10,0
2025-11-04 17:00:00+00:00,153.545,153.64,153.519,153.587,2046,10,0
2025-11-04 18:00:00+00:00,153.587,153.659,153.542,153.559,1824,10,0
2025-11-04 19:00:00+00:00,153.561,153.638,153.557,153.63,1746,10,0
2025-11-04 20:00:00+00:00,153.613,153.683,153.604,153.604,1344,10,0
2025-11-04 21:00:00+00:00,153.605,153.655,153.551,153.634,1013,26,0
2025-11-04 22:00:00+00:00,153.657,153.669,153.636,153.657,325,10,0
2025-11-04 23:00:00+00:00,153.653,153.691,153.507,153.546,1362,10,0
2025-11-05 00:00:00+00:00,153.544,153.744,153.226,153.235,5454,10,0
2025-11-05 01:00:00+00:00,153.235,153.295,152.955,153.164,6250,10,0
2025-11-05 02:00:00+00:00,153.161,153.318,153.062,153.311,3597,10,0
2025-11-05 03:00:00+00:00,153.311,153.564,153.294,153.507,3592,10,0
2025-11-05 04:00:00+00:00,153.505,153.526,153.388,153.481,2328,10,0
2025-11-05 05:00:00+00:00,153.479,153.563,153.403,153.518,2276,10,0
2025-11-05 06:00:00+00:00,153.516,153.74,153.447,153.662,2789,10,0
2025-11-05 07:00:00+00:00,153.663,153.687,153.446,153.554,3764,10,0
2025-11-05 08:00:00+00:00,153.553,153.66,153.414,153.495,3664,10,0
2025-11-05 09:00:00+00:00,153.493,153.704,153.481,153.684,2731,10,0
2025-11-05 10:00:00+00:00,153.684,153.845,153.616,153.622,2491,10,0
2025-11-05 11:00:00+00:00,153.621,153.709,153.57,153.615,1876,10,0
2025-11-05 12:00:00+00:00,153.617,153.745,153.562,153.705,2261,10,0
2025-11-05 13:00:00+00:00,153.705,153.989,153.686,153.975,3638,10,0
2025-11-05 14:00:00+00:00,153.977,154.032,153.892,153.943,3558,10,0
2025-11-05 15:00:00+00:00,153.941,154.309,153.941,154.301,5655,10,0
2025-11-05 16:00:00+00:00,154.303,154.353,154.104,154.116,3078,10,0
2025-11-05 17:00:00+00:00,154.114,154.135,154.051,154.076,1853,10,0
2025-11-05 18:00:00+00:00,154.075,154.141,154.001,154.121,1559,10,0
2025-11-05 19:00:00+00:00,154.121,154.128,154.054,154.106,1311,10,0
2025-11-05 20:00:00+00:00,154.104,154.127,154.071,154.082,1141,10,0
2025-11-05 21:00:00+00:00,154.072,154.122,153.877,153.915,827,26,0
2025-11-05 22:00:00+00:00,153.92,154.102,153.909,154.079,490,10,0
2025-11-05 23:00:00+00:00,154.079,154.089,153.978,154.085,1098,10,0
2025-11-06 00:00:00+00:00,154.085,154.139,153.844,153.888,3308,10,0
2025-11-06 01:00:00+00:00,153.885,153.94,153.799,153.868,2610,10,0
2025-11-06 02:00:00+00:00,153.868,154.0,153.788,153.945,1823,10,0
2025-11-06 03:00:00+00:00,153.944,153.991,153.83,153.866,1453,10,0
2025-11-06 04:00:00+00:00,153.866,154.024,153.856,153.949,1250,10,0
2025-11-06 05:00:00+00:00,153.952,154.005,153.826,153.879,1823,10,0
2025-11-06 06:00:00+00:00,153.879,154.001,153.803,153.977,1795,10,0
2025-11-06 07:00:00+00:00,153.979,153.99,153.768,153.863,2260,10,0
2025-11-06 08:00:00+00:00,153.866,153.866,153.528,153.558,3245,10,0
2025-11-06 09:00:00+00:00,153.56,153.77,153.554,153.717,2272,10,0
2025-11-06 10:00:00+00:00,153.717,153.773,153.698,153.741,1593,10,0
2025-11-06 11:00:00+00:00,153.741,153.761,153.585,153.643,1484,10,0
2025-11-06 12:00:00+00:00,153.644,153.739,153.583,153.603,2713,10,0
2025-11-06 13:00:00+00:00,153.602,153.633,153.402,153.5,3182,10,0
2025-11-06 14:00:00+00:00,153.502,153.584,153.38,153.407,3718,10,0
2025-11-06 15:00:00+00:00,153.406,153.406,153.04,153.04,4768,10,0
2025-11-06 16:00:00+00:00,153.041,153.167,152.971,152.979,4110,10,0
2025-11-06 17:00:00+00:00,152.976,153.062,152.826,153.009,3805,10,0
2025-11-06 18:00:00+00:00,153.007,153.086,152.916,153.05,2767,10,0
2025-11-06 19:00:00+00:00,153.049,153.156,153.023,153.14,2101,10,0
2025-11-06 20:00:00+00:00,153.14,153.142,152.993,153.025,1986,10,0
2025-11-06 21:00:00+00:00,153.014,153.091,152.987,153.039,1046,10,0
2025-11-06 22:00:00+00:00,153.039,153.081,152.965,153.036,575,26,0
2025-11-06 23:00:00+00:00,153.06,153.062,152.804,152.946,1485,10,0
2025-11-07 00:00:00+00:00,152.949,153.247,152.857,153.18,4754,10,0
2025-11-07 01:00:00+00:00,153.18,153.303,153.045,153.126,3885,10,0
2025-11-07 02:00:00+00:00,153.127,153.173,152.955,153.143,2519,10,0
2025-11-07 03:00:00+00:00,153.14,153.187,153.014,153.056,1820,10,0
2025-11-07 04:00:00+00:00,153.056,153.177,153.011,153.113,2064,10,0
2025-11-07 05:00:00+00:00,153.113,153.365,153.111,153.346,1830,10,0
2025-11-07 06:00:00+00:00,153.348,153.522,153.348,153.505,2176,10,0
2025-11-07 07:00:00+00:00,153.502,153.537,153.38,153.386,2495,10,0
2025-11-07 08:00:00+00:00,153.385,153.512,153.342,153.505,3190,10,0
2025-11-07 09:00:00+00:00,153.507,153.519,153.439,153.489,2433,10,0
2025-11-07 10:00:00+00:00,153.49,153.493,153.317,153.351,2010,10,0
2025-11-07 11:00:00+00:00,153.351,153.359,153.006,153.126,3323,10,0
2025-11-07 12:00:00+00:00,153.126,153.173,153.037,153.093,2871,10,0
2025-11-07 13:00:00+00:00,153.09,153.372,153.002,153.354,3961,10,0
2025-11-07 14:00:00+00:00,153.356,153.472,153.133,153.322,5570,10,0
2025-11-07 15:00:00+00:00,153.324,153.338,153.021,153.132,6314,10,0
2025-11-07 16:00:00+00:00,153.133,153.175,153.009,153.059,3772,10,0
2025-11-07 17:00:00+00:00,153.062,153.222,153.037,153.093,2998,10,0
2025-11-07 18:00:00+00:00,153.093,153.265,153.032,153.253,2405,10,0
2025-11-07 19:00:00+00:00,153.255,153.579,153.217,153.553,3177,10,0
2025-11-07 20:00:00+00:00,153.555,153.591,153.358,153.428,3385,10,0
2025-11-07 21:00:00+00:00,153.416,153.476,153.392,153.415,1253,10,0
2025-11-09 22:00:00+00:00,153.619,153.7,153.462,153.695,1100,26,0
2025-11-09 23:00:00+00:00,153.707,153.861,153.698,153.82,2286,10,0
2025-11-10 00:00:00+00:00,153.822,153.914,153.396,153.852,6523,10,0
2025-11-10 01:00:00+00:00,153.849,153.951,153.773,153.829,3381,10,0
2025-11-10 02:00:00+00:00,153.828,153.896,153.797,153.887,1894,10,0
2025-11-10 03:00:00+00:00,153.89,154.025,153.887,153.931,1977,10,0
2025-11-10 04:00:00+00:00,153.931,153.952,153.784,153.878,1946,10,0
2025-11-10 05:00:00+00:00,153.881,154.068,153.863,153.939,2200,10,0
2025-11-10 06:00:00+00:00,153.936,154.081,153.896,154.023,2375,10,0
2025-11-10 07:00:00+00:00,154.026,154.154,153.946,154.042,2801,10,0
2025-11-10 08:00:00+00:00,154.044,154.176,153.945,154.167,3320,10,0
2025-11-10 09:00:00+00:00,154.168,154.229,154.142,154.154,2930,10,0
2025-11-10 10:00:00+00:00,154.155,154.177,154.059,154.158,2105,10,0
2025-11-10 11:00:00+00:00,154.159,154.247,154.111,154.126,1867,10,0
2025-11-10 12:00:00+00:00,154.124,154.163,154.034,154.113,1946,10,0
2025-11-10 13:00:00+00:00,154.115,154.135,153.978,154.057,2522,10,0
2025-11-10 14:00:00+00:00,154.058,154.164,153.999,154.079,3155,10,0
2025-11-10 15:00:00+00:00,154.077,154.141,154.008,154.024,3502,10,0
2025-11-10 16:00:00+00:00,154.022,154.063,153.889,153.992,3342,10,0
2025-11-10 17:00:00+00:00,153.989,154.041,153.92,153.952,2475,10,0
2025-11-10 18:00:00+00:00,153.954,154.018,153.917,153.988,1527,10,0
2025-11-10 19:00:00+00:00,153.988,154.072,153.952,154.047,1500,10,0
2025-11-10 20:00:00+00:00,154.049,154.082,153.995,154.029,1556,10,0
2025-11-10 21:00:00+00:00,154.029,154.162,154.018,154.117,880,10,0
2025-11-10 22:00:00+00:00,154.117,154.123,153.917,154.047,976,26,0
2025-11-10 23:00:00+00:00,154.055,154.149,154.039,154.147,1106,10,0
2025-11-11 00:00:00+00:00,154.144,154.309,154.1,154.308,3261,10,0
2025-11-11 01:00:00+00:00,154.31,154.495,154.308,154.322,3075,10,0
2025-11-11 02:00:00+00:00,154.322,154.389,154.258,154.361,2019,10,0
2025-11-11 03:00:00+00:00,154.362,154.364,154.215,154.263,1701,10,0
2025-11-11 04:00:00+00:00,154.261,154.35,154.222,154.297,1378,10,0
2025-11-11 05:00:00+00:00,154.298,154.309,154.084,154.125,2186,10,0
2025-11-11 06:00:00+00:00,154.123,154.265,154.086,154.193,1771,10,0
2025-11-11 07:00:00+00:00,154.19,154.251,154.146,154.189,2264,10,0
2025-11-11 08:00:00+00:00,154.186,154.387,154.163,154.375,2503,10,0
2025-11-11 09:00:00+00:00,154.375,154.447,154.282,154.327,1981,10,0
2025-11-11 10:00:00+00:00,154.328,154.359,154.206,154.242,1772,10,0
2025-11-11 11:00:00+00:00,154.24,154.264,154.211,154.25,1500,10,0
2025-11-11 12:00:00+00:00,154.25,154.265,154.165,154.192,1720,10,0
2025-11-11 13:00:00+00:00,154.19,154.193,153.662,153.773,5560,10,0
2025-11-11 14:00:00+00:00,153.77,154.004,153.699,153.996,3640,10,0
2025-11-11 15:00:00+00:00,153.998,154.129,153.917,153.967,3957,10,0
2025-11-11 16:00:00+00:00,153.964,154.022,153.94,153.999,2540,10,0
2025-11-11 17:00:00+00:00,153.998,154.118,153.996,154.07,1539,10,0
2025-11-11 18:00:00+00:00,154.073,154.143,154.046,154.103,1283,10,0
2025-11-11 19:00:00+00:00,154.103,154.143,154.057,154.115,1353,10,0
2025-11-11 20:00:00+00:00,154.115,154.141,154.077,154.116,1194,10,0
2025-11-11 21:00:00+00:00,154.113,154.17,154.11,154.139,796,10,0
2025-11-11 22:00:00+00:00,154.152,154.152,154.024,154.051,1096,26,0
2025-11-11 23:00:00+00:00,154.063,154.154,154.063,154.078,1005,10,0
2025-11-12 00:00:00+00:00,154.075,154.301,154.044,154.293,3542,10,0
2025-11-12 01:00:00+00:00,154.294,154.348,154.257,154.317,2552,10,0
2025-11-12 02:00:00+00:00,154.32,154.411,154.308,154.345,1695,10,0
2025-11-12 03:00:00+00:00,154.344,154.376,154.236,154.339,1498,10,0
2025-11-12 04:00:00+00:00,154.34,154.739,154.337,154.734,3050,10,0
2025-11-12 05:00:00+00:00,154.736,154.791,154.564,154.638,4096,10,0
2025-11-12 06:00:00+00:00,154.638,154.755,154.579,154.61,1972,10,0
2025-11-12 07:00:00+00:00,154.607,154.667,154.488,154.617,2493,10,0
2025-11-12 08:00:00+00:00,154.615,154.773,154.615,154.753,3342,10,0
2025-11-12 09:00:00+00:00,154.756,154.903,154.7,154.843,3028,10,0
2025-11-12 10:00:00+00:00,154.841,154.895,154.753,154.859,2329,10,0
2025-11-12 11:00:00+00:00,154.858,154.885,154.8,154.8,1946,10,0
2025-11-12 12:00:00+00:00,154.8,154.831,154.701,154.803,2434,10,0
2025-11-12 13:00:00+00:00,154.801,154.993,154.758,154.94,2945,10,0
2025-11-12 14:00:00+00:00,154.939,155.044,154.857,154.865,4396,10,0
2025-11-12 15:00:00+00:00,154.862,154.922,154.724,154.738,3715,10,0
2025-11-12 16:00:00+00:00,154.737,154.771,154.641,154.643,2582,10,0
2025-11-12 17:00:00+00:00,154.641,154.641,154.494,154.591,2400,10,0
2025-11-12 18:00:00+00:00,154.592,154.685,154.576,154.683,1842,10,0
2025-11-12 19:00:00+00:00,154.685,154.724,154.603,154.714,1788,10,0
2025-11-12 20:00:00+00:00,154.712,154.763,154.688,154.754,1499,10,0
2025-11-12 21:00:00+00:00,154.741,154.848,154.608,154.622,1072,10,0
2025-11-12 22:00:00+00:00,154.62,154.776,154.562,154.707,595,26,0
2025-11-12 23:00:00+00:00,154.716,154.754,154.681,154.705,1072,10,0
2025-11-13 00:00:00+00:00,154.702,154.956,154.689,154.942,3604,10,0
2025-11-13 01:00:00+00:00,154.94,155.015,154.702,154.731,3321,10,0
2025-11-13 02:00:00+00:00,154.73,154.787,154.621,154.656,2615,10,0
2025-11-13 03:00:00+00:00,154.655,154.758,154.619,154.731,1502,10,0
2025-11-13 04:00:00+00:00,154.731,154.852,154.64,154.816,1613,10,0
2025-11-13 05:00:00+00:00,154.818,154.997,154.807,154.948,1736,10,0
2025-11-13 06:00:00+00:00,154.951,155.004,154.86,154.892,2337,10,0
2025-11-13 07:00:00+00:00,154.891,154.949,154.698,154.711,2729,10,0
2025-11-13 08:00:00+00:00,154.713,154.772,154.511,154.516,3714,10,0
2025-11-13 09:00:00+00:00,154.519,154.584,154.319,154.525,3930,10,0
2025-11-13 10:00:00+00:00,154.525,154.672,154.479,154.653,2416,10,0
2025-11-13 11:00:00+00:00,154.653,154.762,154.638,154.736,2303,10,0
2025-11-13 12:00:00+00:00,154.737,154.751,154.585,154.604,2423,10,0
2025-11-13 13:00:00+00:00,154.602,154.737,154.534,154.644,3250,10,0
2025-11-13 14:00:00+00:00,154.641,154.675,154.386,154.391,4232,10,0
2025-11-13 15:00:00+00:00,154.393,154.536,154.124,154.197,5011,10,0
2025-11-13 16:00:00+00:00,154.195,154.432,154.154,154.395,5021,10,0
2025-11-13 17:00:00+00:00,154.392,154.469,154.234,154.316,4133,10,0
2025-11-13 18:00:00+00:00,154.315,154.439,154.268,154.419,3323,10,0
2025-11-13 19:00:00+00:00,154.42,154.484,154.349,154.466,2644,10,0
2025-11-13 20:00:00+00:00,154.467,154.538,154.455,154.537,2563,10,0
2025-11-13 21:00:00+00:00,154.514,154.578,154.466,154.513,972,10,0
2025-11-13 22:00:00+00:00,154.516,154.572,154.368,154.501,590,26,0
2025-11-13 23:00:00+00:00,154.514,154.668,154.514,154.624,1445,10,0
2025-11-14 00:00:00+00:00,154.627,154.739,154.56,154.602,3945,10,0
2025-11-14 01:00:00+00:00,154.603,154.683,154.435,154.502,3295,10,0
2025-11-14 02:00:00+00:00,154.502,154.573,154.432,154.444,2159,10,0
2025-11-14 03:00:00+00:00,154.441,154.573,154.305,154.539,2629,10,0
2025-11-14 04:00:00+00:00,154.538,154.573,154.416,154.418,1954,10,0
2025-11-14 05:00:00+00:00,154.418,154.502,154.364,154.478,2315,10,0
2025-11-14 06:00:00+00:00,154.478,154.66,154.428,154.597,2532,10,0
2025-11-14 07:00:00+00:00,154.6,154.684,154.451,154.676,3029,10,0
2025-11-14 08:00:00+00:00,154.678,154.733,154.45,154.553,4759,10,0
2025-11-14 09:00:00+00:00,154.555,154.7,154.553,154.686,2832,10,0
2025-11-14 10:00:00+00:00,154.689,154.761,154.66,154.744,1897,10,0
2025-11-14 11:00:00+00:00,154.744,154.747,154.625,154.654,2409,10,0
2025-11-14 12:00:00+00:00,154.654,154.658,153.804,153.809,6543,10,0
2025-11-14 13:00:00+00:00,153.806,154.14,153.613,154.082,8608,10,0
2025-11-14 14:00:00+00:00,154.083,154.343,153.979,154.34,8772,10,0
2025-11-14 15:00:00+00:00,154.339,154.49,154.232,154.423,7059,10,0
2025-11-14 16:00:00+00:00,154.426,154.661,154.345,154.636,3834,10,0
2025-11-14 17:00:00+00:00,154.637,154.741,154.609,154.639,3162,10,0
2025-11-14 18:00:00+00:00,154.637,154.66,154.553,154.578,2652,10,0
2025-11-14 19:00:00+00:00,154.576,154.583,154.524,154.555,2113,10,0
2025-11-14 20:00:00+00:00,154.555,154.568,154.496,154.529,1618,10,0
2025-11-14 21:00:00+00:00,154.523,154.592,154.498,154.528,1046,10,0
2025-11-16 22:00:00+00:00,154.486,154.581,154.469,154.522,469,26,0
2025-11-16 23:00:00+00:00,154.529,154.627,154.44,154.587,1701,10,0
2025-11-17 00:00:00+00:00,154.589,154.657,154.412,154.633,4350,10,0
2025-11-17 01:00:00+00:00,154.634,154.65,154.506,154.569,2710,10,0
2025-11-17 02:00:00+00:00,154.57,154.708,154.568,154.686,1763,10,0
2025-11-17 03:00:00+00:00,154.689,154.783,154.683,154.71,1738,10,0
2025-11-17 04:00:00+00:00,154.71,154.729,154.605,154.628,1218,10,0
2025-11-17 05:00:00+00:00,154.627,154.713,154.586,154.686,1286,10,0
2025-11-17 06:00:00+00:00,154.684,154.812,154.635,154.676,1877,10,0
2025-11-17 07:00:00+00:00,154.675,154.792,154.638,154.688,2211,10,0
2025-11-17 08:00:00+00:00,154.688,154.83,154.621,154.709,3302,10,0
2025-11-17 09:00:00+00:00,154.709,154.785,154.65,154.747,2103,10,0
2025-11-17 10:00:00+00:00,154.75,154.842,154.691,154.839,1948,10,0
2025-11-17 11:00:00+00:00,154.836,154.869,154.764,154.79,1731,10,0
2025-11-17 12:00:00+00:00,154.79,154.87,154.733,154.841,1700,10,0
2025-11-17 13:00:00+00:00,154.842,154.912,154.831,154.89,2399,10,0
2025-11-17 14:00:00+00:00,154.887,155.031,154.86,155.031,3024,10,0
2025-11-17 15:00:00+00:00,155.034,155.306,155.0,155.193,4542,10,0
2025-11-17 16:00:00+00:00,155.192,155.201,155.054,155.195,2600,10,0
2025-11-17 17:00:00+00:00,155.197,155.226,155.138,155.154,1914,10,0
2025-11-17 18:00:00+00:00,155.156,155.204,155.122,155.139,1766,10,0
2025-11-17 19:00:00+00:00,155.139,155.25,155.065,155.243,2414,10,0
2025-11-17 20:00:00+00:00,155.242,155.258,155.162,155.217,2165,10,0
2025-11-17 21:00:00+00:00,155.214,155.256,155.206,155.238,872,10,0
2025-11-17 22:00:00+00:00,155.237,155.243,155.153,155.193,399,26,0
2025-11-17 23:00:00+00:00,155.2,155.282,155.17,155.276,1370,10,0
2025-11-18 00:00:00+00:00,155.278,155.377,155.175,155.256,3485,10,0
2025-11-18 01:00:00+00:00,155.256,155.36,155.142,155.195,3118,10,0
2025-11-18 02:00:00+00:00,155.196,155.281,155.165,155.183,2024,10,0
2025-11-18 03:00:00+00:00,155.182,155.198,155.107,155.171,2068,10,0
2025-11-18 04:00:00+00:00,155.172,155.187,154.811,155.049,4566,10,0
2025-11-18 05:00:00+00:00,155.05,155.1,154.992,155.078,2804,10,0
2025-11-18 06:00:00+00:00,155.08,155.217,154.866,155.173,3799,10,0
2025-11-18 07:00:00+00:00,155.174,155.217,154.868,154.995,6873,10,0
2025-11-18 08:00:00+00:00,154.993,155.217,154.905,155.124,4864,10,0
2025-11-18 09:00:00+00:00,155.127,155.264,155.078,155.229,3221,10,0
2025-11-18 10:00:00+00:00,155.23,155.42,155.202,155.419,2384,10,0
2025-11-18 11:00:00+00:00,155.419,155.438,155.355,155.425,2081,10,0
2025-11-18 12:00:00+00:00,155.423,155.435,155.171,155.177,3361,10,0
2025-11-18 13:00:00+00:00,155.178,155.258,155.056,155.165,5036,10,0
2025-11-18 14:00:00+00:00,155.166,155.379,155.14,155.228,4840,10,0
2025-11-18 15:00:00+00:00,155.227,155.279,155.046,155.269,6584,10,0
2025-11-18 16:00:00+00:00,155.271,155.501,155.254,155.441,4584,10,0
2025-11-18 17:00:00+00:00,155.443,155.693,155.423,155.685,3476,10,0
2025-11-18 18:00:00+00:00,155.685,155.731,155.556,155.594,3353,10,0
2025-11-18 19:00:00+00:00,155.594,155.635,155.495,155.52,2523,10,0
2025-11-18 20:00:00+00:00,155.523,155.559,155.474,155.524,1861,10,0
2025-11-18 21:00:00+00:00,155.523,155.545,155.481,155.487,989,10,0
2025-11-18 22:00:00+00:00,155.48,155.514,155.332,155.509,724,26,0
2025-11-18 23:00:00+00:00,155.526,155.582,155.503,155.529,1043,10,0
2025-11-19 00:00:00+00:00,155.528,155.578,155.369,155.469,4161,10,0
2025-11-19 01:00:00+00:00,155.472,155.535,155.428,155.492,3584,10,0
2025-11-19 02:00:00+00:00,155.492,155.55,155.322,155.35,2906,10,0
2025-11-19 03:00:00+00:00,155.351,155.384,155.209,155.29,3468,10,0
2025-11-19 04:00:00+00:00,155.29,155.464,155.29,155.321,2566,10,0
2025-11-19 05:00:00+00:00,155.32,155.38,155.258,155.366,2653,10,0
2025-11-19 06:00:00+00:00,155.368,155.457,155.32,155.445,2436,10,0
2025-11-19 07:00:00+00:00,155.448,155.527,155.403,155.512,2686,10,0
2025-11-19 08:00:00+00:00,155.51,155.674,155.473,155.63,3211,10,0
2025-11-19 09:00:00+00:00,155.633,155.963,155.552,155.948,4591,10,0
2025-11-19 10:00:00+00:00,155.95,156.249,155.931,156.238,3861,10,0
2025-11-19 11:00:00+00:00,156.239,156.292,156.08,156.105,3153,10,0
2025-11-19 12:00:00+00:00,156.102,156.259,156.064,156.243,2592,10,0
2025-11-19 13:00:00+00:00,156.246,156.29,156.035,156.279,3219,10,0
2025-11-19 14:00:00+00:00,156.28,156.622,156.261,156.619,5060,10,0
2025-11-19 15:00:00+00:00,156.623,156.718,156.493,156.503,4979,10,0
2025-11-19 16:00:00+00:00,156.503,156.703,156.46,156.635,4040,10,0
2025-11-19 17:00:00+00:00,156.635,156.863,156.616,156.751,3680,10,0
2025-11-19 18:00:00+00:00,156.749,156.848,156.687,156.797,2531,10,0
2025-11-19 19:00:00+00:00,156.798,157.039,156.767,157.024,3461,10,0
2025-11-19 20:00:00+00:00,157.025,157.046,156.936,156.96,2214,10,0
2025-11-19 21:00:00+00:00,156.952,157.171,156.952,157.038,1812,10,0
2025-11-19 22:00:00+00:00,157.015,157.054,156.864,156.979,441,146,0
2025-11-19 23:00:00+00:00,157.075,157.143,156.977,156.992,1860,10,0
2025-11-20 00:00:00+00:00,156.992,157.208,156.876,157.073,6015,10,0
2025-11-20 01:00:00+00:00,157.072,157.433,157.033,157.418,4842,10,0
2025-11-20 02:00:00+00:00,157.421,157.471,157.285,157.314,3427,10,0
2025-11-20 03:00:00+00:00,157.316,157.429,157.276,157.414,3156,10,0
2025-11-20 04:00:00+00:00,157.414,157.422,157.258,157.396,2530,10,0
2025-11-20 05:00:00+00:00,157.394,157.571,157.394,157.556,3215,10,0
2025-11-20 06:00:00+00:00,157.556,157.735,157.485,157.728,3283,10,0
2025-11-20 07:00:00+00:00,157.731,157.778,157.372,157.455,4113,10,0
2025-11-20 08:00:00+00:00,157.457,157.496,157.106,157.151,4446,10,0
2025-11-20 09:00:00+00:00,157.153,157.268,157.12,157.178,3572,10,0
2025-11-20 10:00:00+00:00,157.178,157.406,157.148,157.377,2437,10,0
2025-11-20 11:00:00+00:00,157.377,157.537,157.351,157.506,2362,10,0
2025-11-20 12:00:00+00:00,157.509,157.736,157.5,157.696,2679,10,0
2025-11-20 13:00:00+00:00,157.695,157.878,157.225,157.57,11001,10,0
2025-11-20 14:00:00+00:00,157.571,157.828,157.489,157.619,9024,10,0
2025-11-20 15:00:00+00:00,157.622,157.893,157.622,157.677,5218,10,0
2025-11-20 16:00:00+00:00,157.675,157.681,157.282,157.421,7799,10,0
2025-11-20 17:00:00+00:00,157.419,157.536,157.261,157.515,8641,10,0
2025-11-20 18:00:00+00:00,157.513,157.693,157.423,157.459,4901,10,0
2025-11-20 19:00:00+00:00,157.461,157.563,157.448,157.534,3611,10,0
2025-11-20 20:00:00+00:00,157.536,157.645,157.512,157.572,2964,10,0
2025-11-20 21:00:00+00:00,157.573,157.582,157.427,157.44,1675,10,0
2025-11-20 22:00:00+00:00,157.416,157.492,157.327,157.445,702,26,0
2025-11-20 23:00:00+00:00,157.458,157.468,157.178,157.379,2612,10,0
2025-11-21 00:00:00+00:00,157.386,157.541,157.219,157.314,5208,10,0
2025-11-21 01:00:00+00:00,157.317,157.492,157.202,157.483,4134,10,0
2025-11-21 02:00:00+00:00,157.48,157.485,157.295,157.349,3651,10,0
2025-11-21 03:00:00+00:00,157.348,157.428,157.291,157.299,2307,10,0
2025-11-21 04:00:00+00:00,157.297,157.3,157.081,157.266,4187,10,0
2025-11-21 05:00:00+00:00,157.266,157.304,157.162,157.222,2892,10,0
2025-11-21 06:00:00+00:00,157.223,157.253,157.045,157.162,3298,10,0
2025-11-21 07:00:00+00:00,157.162,157.192,156.607,156.729,5103,10,0
2025-11-21 08:00:00+00:00,156.733,156.948,156.564,156.911,5823,10,0
2025-11-21 09:00:00+00:00,156.91,156.949,156.67,156.757,4210,10,0
2025-11-21 10:00:00+00:00,156.757,156.816,156.551,156.779,5687,10,0
2025-11-21 11:00:00+00:00,156.78,156.893,156.743,156.849,3245,10,0
2025-11-21 12:00:00+00:00,156.849,156.893,156.606,156.744,7154,10,0
2025-11-21 13:00:00+00:00,156.746,156.863,156.674,156.811,4560,10,0
2025-11-21 14:00:00+00:00,156.814,156.964,156.648,156.705,6153,10,0
2025-11-21 15:00:00+00:00,156.709,156.713,156.199,156.531,12957,10,0
2025-11-21 16:00:00+00:00,156.533,156.752,156.461,156.569,7895,10,0
2025-11-21 17:00:00+00:00,156.571,156.726,156.493,156.539,4387,10,0
2025-11-21 18:00:00+00:00,156.538,156.64,156.457,156.571,3788,10,0
2025-11-21 19:00:00+00:00,156.569,156.58,156.258,156.325,2639,10,0
2025-11-21 20:00:00+00:00,156.328,156.449,156.316,156.388,2625,10,0
2025-11-21 21:00:00+00:00,156.375,156.479,156.316,156.397,1562,10,0
2025-11-23 22:00:00+00:00,156.354,156.554,156.289,156.472,845,26,0
2025-11-23 23:00:00+00:00,156.477,156.697,156.477,156.684,1819,10,0
2025-11-24 00:00:00+00:00,156.683,156.797,156.656,156.731,2341,10,0
2025-11-24 01:00:00+00:00,156.732,156.749,156.635,156.718,2397,10,0
2025-11-24 02:00:00+00:00,156.716,156.733,156.601,156.684,1973,10,0
2025-11-24 03:00:00+00:00,156.687,156.689,156.585,156.639,1430,10,0
2025-11-24 04:00:00+00:00,156.639,156.659,156.506,156.549,1310,10,0
2025-11-24 05:00:00+00:00,156.55,156.59,156.494,156.579,1768,10,0
2025-11-24 06:00:00+00:00,156.578,156.736,156.538,156.722,1765,10,0
2025-11-24 07:00:00+00:00,156.72,156.885,156.673,156.838,2403,10,0
2025-11-24 08:00:00+00:00,156.835,156.931,156.642,156.896,3580,10,0
2025-11-24 09:00:00+00:00,156.897,156.929,156.675,156.744,3382,10,0
2025-11-24 10:00:00+00:00,156.744,156.778,156.694,156.71,2595,10,0
2025-11-24 11:00:00+00:00,156.71,156.862,156.696,156.831,1958,10,0
2025-11-24 12:00:00+00:00,156.829,156.87,156.743,156.848,2242,10,0
2025-11-24 13:00:00+00:00,156.848,156.983,156.846,156.911,2760,10,0
2025-11-24 14:00:00+00:00,156.911,157.158,156.884,157.048,3755,10,0
2025-11-24 15:00:00+00:00,157.05,157.183,156.734,156.79,4868,10,0
2025-11-24 16:00:00+00:00,156.794,156.943,156.765,156.938,2733,10,0
2025-11-24 17:00:00+00:00,156.936,156.979,156.851,156.884,2375,10,0
2025-11-24 18:00:00+00:00,156.882,156.894,156.785,156.786,1777,10,0
2025-11-24 19:00:00+00:00,156.788,156.876,156.706,156.736,1920,10,0
2025-11-24 20:00:00+00:00,156.737,156.842,156.726,156.83,1656,10,0
2025-11-24 21:00:00+00:00,156.813,156.914,156.813,156.897,997,10,0
2025-11-24 22:00:00+00:00,156.896,156.907,156.756,156.821,657,26,0
2025-11-24 23:00:00+00:00,156.853,156.952,156.842,156.905,1133,10,0
2025-11-25 00:00:00+00:00,156.902,156.981,156.669,156.685,3587,10,0
2025-11-25 01:00:00+00:00,156.683,156.744,156.551,156.649,3547,10,0
2025-11-25 02:00:00+00:00,156.646,156.725,156.604,156.672,2164,10,0
2025-11-25 03:00:00+00:00,156.671,156.78,156.608,156.773,1783,10,0
2025-11-25 04:00:00+00:00,156.773,156.847,156.753,156.799,1293,10,0
2025-11-25 05:00:00+00:00,156.799,156.839,156.69,156.73,1351,10,0
2025-11-25 06:00:00+00:00,156.734,156.797,156.665,156.677,2035,10,0
2025-11-25 07:00:00+00:00,156.68,156.693,156.519,156.614,3038,10,0
2025-11-25 08:00:00+00:00,156.616,156.697,156.434,156.491,3441,10,0
2025-11-25 09:00:00+00:00,156.491,156.492,156.139,156.293,3485,10,0
2025-11-25 10:00:00+00:00,156.295,156.396,156.198,156.344,2576,10,0
2025-11-25 11:00:00+00:00,156.344,156.517,156.344,156.436,2027,10,0
2025-11-25 12:00:00+00:00,156.437,156.509,156.293,156.294,3737,10,0
2025-11-25 13:00:00+00:00,156.291,156.339,156.025,156.144,5342,10,0
2025-11-25 14:00:00+00:00,156.143,156.273,155.888,156.058,5721,10,0
2025-11-25 15:00:00+00:00,156.052,156.168,155.891,156.142,6628,10,0
2025-11-25 16:00:00+00:00,156.145,156.309,156.057,156.3,3329,10,0
2025-11-25 17:00:00+00:00,156.303,156.332,155.799,155.895,6528,10,0
2025-11-25 18:00:00+00:00,155.895,155.971,155.831,155.91,3140,10,0
2025-11-25 19:00:00+00:00,155.91,155.955,155.805,155.824,1635,10,0
2025-11-25 20:00:00+00:00,155.823,156.184,155.815,156.095,2272,10,0
2025-11-25 21:00:00+00:00,156.091,156.103,155.998,156.023,993,10,0
2025-11-25 22:00:00+00:00,155.999,156.044,155.875,156.024,685,26,0
2025-11-25 23:00:00+00:00,156.038,156.224,155.997,156.19,1201,10,0
2025-11-26 00:00:00+00:00,156.196,156.345,156.09,156.251,3720,10,0
2025-11-26 01:00:00+00:00,156.252,156.37,155.807,155.942,6768,10,0
2025-11-26 02:00:00+00:00,155.942,156.018,155.648,155.843,5231,10,0
2025-11-26 03:00:00+00:00,155.845,155.904,155.745,155.878,3071,10,0
2025-11-26 04:00:00+00:00,155.877,156.125,155.873,156.035,2386,10,0
2025-11-26 05:00:00+00:00,156.033,156.181,156.029,156.113,2865,10,0
2025-11-26 06:00:00+00:00,156.114,156.284,156.044,156.204,3068,10,0
2025-11-26 07:00:00+00:00,156.203,156.458,156.145,156.379,3740,10,0
2025-11-26 08:00:00+00:00,156.377,156.489,156.312,156.438,3831,10,0
2025-11-26 09:00:00+00:00,156.44,156.497,156.33,156.451,3083,10,0
2025-11-26 10:00:00+00:00,156.449,156.511,156.323,156.473,2727,10,0
2025-11-26 11:00:00+00:00,156.475,156.575,156.37,156.472,3457,10,0
2025-11-26 12:00:00+00:00,156.474,156.585,156.437,156.474,3961,10,0
2025-11-26 13:00:00+00:00,156.473,156.688,156.329,156.655,5239,10,0
2025-11-26 14:00:00+00:00,156.658,156.732,156.495,156.609,4269,10,0
2025-11-26 15:00:00+00:00,156.605,156.638,156.412,156.413,4564,10,0
2025-11-26 16:00:00+00:00,156.41,156.464,156.283,156.382,2949,10,0
2025-11-26 17:00:00+00:00,156.382,156.46,156.337,156.403,1851,10,0
2025-11-26 18:00:00+00:00,156.403,156.507,156.342,156.463,1796,10,0
2025-11-26 19:00:00+00:00,156.461,156.504,156.426,156.454,1307,10,0
2025-11-26 20:00:00+00:00,156.455,156.491,156.402,156.447,1396,10,0
2025-11-26 21:00:00+00:00,156.44,156.471,156.333,156.367,825,10,0
2025-11-26 22:00:00+00:00,156.359,156.373,156.266,156.313,531,146,0
2025-11-26 23:00:00+00:00,156.416,156.416,156.209,156.219,1242,10,0
2025-11-27 00:00:00+00:00,156.219,156.234,155.856,156.033,3351,10,0
2025-11-27 01:00:00+00:00,156.034,156.174,155.719,156.05,5090,10,0
2025-11-27 02:00:00+00:00,156.048,156.182,155.925,156.117,2764,10,0
2025-11-27 03:00:00+00:00,156.117,156.153,156.026,156.078,1549,10,0
2025-11-27 04:00:00+00:00,156.078,156.1,155.936,156.002,1814,10,0
2025-11-27 05:00:00+00:00,156.003,156.012,155.812,155.984,3143,10,0
2025-11-27 06:00:00+00:00,155.986,156.203,155.912,156.134,2786,10,0
2025-11-27 07:00:00+00:00,156.134,156.298,156.106,156.108,1940,10,0
2025-11-27 08:00:00+00:00,156.109,156.363,156.075,156.319,3005,10,0
2025-11-27 09:00:00+00:00,156.318,156.405,156.308,156.352,2253,10,0
2025-11-27 10:00:00+00:00,156.351,156.359,156.253,156.28,1576,10,0
2025-11-27 11:00:00+00:00,156.28,156.347,156.246,156.306,1577,10,0
2025-11-27 12:00:00+00:00,156.308,156.387,156.262,156.374,1517,10,0
2025-11-27 13:00:00+00:00,156.375,156.379,156.24,156.258,1852,10,0
2025-11-27 14:00:00+00:00,156.26,156.362,156.227,156.324,1597,10,0
2025-11-27 15:00:00+00:00,156.327,156.338,156.246,156.302,1567,10,0
2025-11-27 16:00:00+00:00,156.304,156.356,156.257,156.275,1098,10,0
2025-11-27 17:00:00+00:00,156.277,156.366,156.267,156.326,882,10,0
2025-11-27 18:00:00+00:00,156.326,156.364,156.321,156.357,321,10,0
2025-11-27 19:00:00+00:00,156.358,156.36,156.319,156.332,362,10,0
2025-11-27 20:00:00+00:00,156.334,156.336,156.268,156.311,404,10,0
2025-11-27 21:00:00+00:00,156.306,156.311,156.254,156.282,402,10,0
2025-11-27 22:00:00+00:00,156.282,156.311,156.233,156.266,373,26,0
2025-11-27 23:00:00+00:00,156.275,156.303,156.176,156.285,1038,10,0
2025-11-28 00:00:00+00:00,156.286,156.578,156.17,156.445,4464,10,0
2025-11-28 01:00:00+00:00,156.444,156.458,156.319,156.375,2731,10,0
2025-11-28 02:00:00+00:00,156.372,156.382,156.09,156.278,8791,10,0
2025-11-28 03:00:00+00:00,156.275,156.319,156.156,156.268,14440,10,0
2025-11-28 04:00:00+00:00,156.267,156.296,156.177,156.213,13694,10,0
2025-11-28 05:00:00+00:00,156.216,156.402,156.204,156.336,15651,20,0
2025-11-28 06:00:00+00:00,156.34,156.434,156.333,156.379,6555,20,0
2025-11-28 07:00:00+00:00,156.375,156.393,156.28,156.299,5544,10,0
2025-11-28 08:00:00+00:00,156.298,156.383,156.283,156.356,7577,10,0
2025-11-28 09:00:00+00:00,156.353,156.369,156.226,156.303,6433,10,0
2025-11-28 10:00:00+00:00,156.301,156.366,156.233,156.242,3057,39,0
2025-11-28 11:00:00+00:00,156.245,156.281,156.127,156.181,2575,59,0
2025-11-28 12:00:00+00:00,156.188,156.229,156.058,156.092,2220,59,0
2025-11-28 13:00:00+00:00,156.092,156.148,155.971,155.994,2060,29,0
2025-11-28 14:00:00+00:00,155.995,156.365,155.953,156.216,2145,59,0
2025-11-28 15:00:00+00:00,156.219,156.311,155.974,156.011,2306,59,0
2025-11-28 16:00:00+00:00,156.008,156.18,155.973,156.156,1946,59,0
2025-11-28 17:00:00+00:00,156.153,156.234,156.102,156.188,1577,59,0
2025-11-28 18:00:00+00:00,156.191,156.213,156.059,156.108,1240,59,0
2025-11-28 19:00:00+00:00,156.107,156.147,156.042,156.098,1059,59,0
2025-11-28 20:00:00+00:00,156.098,156.126,156.046,156.117,1002,59,0
2025-11-28 21:00:00+00:00,156.02,156.148,155.979,156.105,1195,59,0
2025-11-30 22:00:00+00:00,156.026,156.127,155.986,156.104,682,26,0
2025-11-30 23:00:00+00:00,156.114,156.144,155.871,155.906,1888,10,0
2025-12-01 00:00:00+00:00,155.906,155.908,155.671,155.803,4310,10,0
2025-12-01 01:00:00+00:00,155.802,155.989,155.481,155.637,7762,10,0
2025-12-01 02:00:00+00:00,155.639,155.651,155.424,155.495,3177,10,0
2025-12-01 03:00:00+00:00,155.495,155.594,155.408,155.458,1727,10,0
2025-12-01 04:00:00+00:00,155.458,155.6,155.39,155.545,1643,10,0
2025-12-01 05:00:00+00:00,155.549,155.62,155.405,155.59,2540,10,0
2025-12-01 06:00:00+00:00,155.592,155.692,155.554,155.562,2335,10,0
2025-12-01 07:00:00+00:00,155.56,155.623,155.301,155.358,2834,10,0
2025-12-01 08:00:00+00:00,155.361,155.557,155.255,155.484,4111,10,0
2025-12-01 09:00:00+00:00,155.481,155.53,155.255,155.285,3261,10,0
2025-12-01 10:00:00+00:00,155.282,155.306,155.157,155.252,2556,10,0
2025-12-01 11:00:00+00:00,155.254,155.339,155.096,155.102,2520,10,0
2025-12-01 12:00:00+00:00,155.101,155.145,154.758,154.788,3263,10,0
2025-12-01 13:00:00+00:00,154.788,154.893,154.66,154.837,4264,10,0
2025-12-01 14:00:00+00:00,154.84,155.058,154.83,154.999,4641,10,0
2025-12-01 15:00:00+00:00,154.991,155.195,154.859,155.093,4390,10,0
2025-12-01 16:00:00+00:00,155.096,155.31,155.091,155.282,3106,10,0
2025-12-01 17:00:00+00:00,155.282,155.381,155.256,155.348,1992,10,0
2025-12-01 18:00:00+00:00,155.346,155.493,155.338,155.49,1533,10,0
2025-12-01 19:00:00+00:00,155.489,155.519,155.444,155.473,1242,10,0
2025-12-01 20:00:00+00:00,155.476,155.517,155.432,155.444,1111,10,0
2025-12-01 21:00:00+00:00,155.439,155.502,155.43,155.46,814,10,0
2025-12-01 22:00:00+00:00,155.46,155.46,155.358,155.412,574,26,0
2025-12-01 23:00:00+00:00,155.425,155.564,155.42,155.557,852,10,0
2025-12-02 00:00:00+00:00,155.558,155.676,155.457,155.63,2823,10,0
2025-12-02 01:00:00+00:00,155.633,155.772,155.591,155.627,2265,10,0
2025-12-02 02:00:00+00:00,155.627,155.703,155.587,155.656,1245,10,0
2025-12-02 03:00:00+00:00,155.656,155.716,155.555,155.628,1556,10,0
2025-12-02 04:00:00+00:00,155.628,155.665,155.547,155.635,1249,10,0
2025-12-02 05:00:00+00:00,155.635,155.73,155.627,155.65,1380,10,0
2025-12-02 06:00:00+00:00,155.649,155.814,155.634,155.757,1881,10,0
2025-12-02 07:00:00+00:00,155.755,155.834,155.711,155.762,1925,10,0
2025-12-02 08:00:00+00:00,155.764,156.002,155.764,155.991,2528,10,0
2025-12-02 09:00:00+00:00,155.989,156.082,155.928,155.963,2506,10,0
2025-12-02 10:00:00+00:00,155.963,156.062,155.932,156.03,1840,10,0
2025-12-02 11:00:00+00:00,156.033,156.047,155.892,155.923,1644,10,0
2025-12-02 12:00:00+00:00,155.92,156.028,155.903,156.006,1969,10,0
2025-12-02 13:00:00+00:00,156.006,156.07,155.964,155.971,2408,10,0
2025-12-02 14:00:00+00:00,155.972,156.086,155.928,155.948,2905,10,0
2025-12-02 15:00:00+00:00,155.948,156.177,155.816,155.869,4044,10,0
2025-12-02 16:00:00+00:00,155.869,155.982,155.746,155.917,3347,10,0
2025-12-02 17:00:00+00:00,155.915,156.084,155.914,155.941,2333,10,0
2025-12-02 18:00:00+00:00,155.938,156.016,155.905,155.99,1779,10,0
2025-12-02 19:00:00+00:00,155.987,155.996,155.842,155.894,1657,10,0
2025-12-02 20:00:00+00:00,155.892,155.896,155.8,155.828,1542,10,0
2025-12-02 21:00:00+00:00,155.826,155.899,155.824,155.849,770,10,0
2025-12-02 22:00:00+00:00,155.857,155.861,155.713,155.842,431,26,0
2025-12-02 23:00:00+00:00,155.861,155.89,155.755,155.758,936,10,0
2025-12-03 00:00:00+00:00,155.758,155.808,155.656,155.774,2533,10,0
2025-12-03 01:00:00+00:00,155.773,155.789,155.604,155.656,2026,10,0
2025-12-03 02:00:00+00:00,155.656,155.801,155.647,155.706,1329,10,0
2025-12-03 03:00:00+00:00,155.706,155.726,155.623,155.653,1188,10,0
2025-12-03 04:00:00+00:00,155.653,155.751,155.648,155.658,1126,10,0
2025-12-03 05:00:00+00:00,155.658,155.703,155.624,155.688,1072,10,0
2025-12-03 06:00:00+00:00,155.688,155.689,155.507,155.603,1908,10,0
2025-12-03 07:00:00+00:00,155.604,155.706,155.51,155.68,2181,10,0
2025-12-03 08:00:00+00:00,155.681,155.753,155.659,155.674,2104,10,0
2025-12-03 09:00:00+00:00,155.673,155.679,155.525,155.618,2160,10,0
2025-12-03 10:00:00+00:00,155.619,155.64,155.498,155.526,1984,10,0
2025-12-03 11:00:00+00:00,155.526,155.526,155.406,155.413,1717,10,0
2025-12-03 12:00:00+00:00,155.411,155.429,155.357,155.414,1845,10,0
2025-12-03 13:00:00+00:00,155.413,155.524,155.22,155.483,3679,10,0
2025-12-03 14:00:00+00:00,155.486,155.518,155.275,155.365,4781,10,0
2025-12-03 15:00:00+00:00,155.361,155.597,155.206,155.215,5772,10,0
2025-12-03 16:00:00+00:00,155.216,155.244,155.006,155.166,3356,10,0
2025-12-03 17:00:00+00:00,155.163,155.209,155.083,155.125,2122,10,0
2025-12-03 18:00:00+00:00,155.125,155.176,155.07,155.121,1831,10,0
2025-12-03 19:00:00+00:00,155.121,155.161,155.076,155.144,1277,10,0
2025-12-03 20:00:00+00:00,155.145,155.244,155.121,155.233,1097,10,0
2025-12-03 21:00:00+00:00,155.227,155.304,155.117,155.138,873,10,0
2025-12-03 22:00:00+00:00,155.124,155.17,154.966,155.096,714,146,0
2025-12-03 23:00:00+00:00,155.183,155.232,155.079,155.107,1071,10,0
2025-12-04 00:00:00+00:00,155.11,155.246,155.019,155.116,2870,10,0
2025-12-04 01:00:00+00:00,155.116,155.407,155.093,155.256,2659,10,0
2025-12-04 02:00:00+00:00,155.256,155.425,155.25,155.408,1975,10,0
2025-12-04 03:00:00+00:00,155.408,155.538,155.383,155.389,1787,10,0
2025-12-04 04:00:00+00:00,155.389,155.464,155.319,155.459,1358,10,0
2025-12-04 05:00:00+00:00,155.461,155.502,155.183,155.221,3797,10,0
2025-12-04 06:00:00+00:00,155.219,155.445,155.206,155.291,2262,10,0
2025-12-04 07:00:00+00:00,155.291,155.35,155.203,155.241,2457,10,0
2025-12-04 08:00:00+00:00,155.242,155.248,154.77,154.985,4822,10,0
2025-12-04 09:00:00+00:00,154.987,155.052,154.792,154.817,2929,10,0
2025-12-04 10:00:00+00:00,154.817,154.888,154.734,154.75,2622,10,0
2025-12-04 11:00:00+00:00,154.748,154.79,154.52,154.527,2610,10,0
2025-12-04 12:00:00+00:00,154.524,154.776,154.504,154.664,2801,10,0
2025-12-04 13:00:00+00:00,154.662,155.048,154.655,154.798,4177,10,0
2025-12-04 14:00:00+00:00,154.798,154.851,154.558,154.758,4103,10,0
2025-12-04 15:00:00+00:00,154.76,154.894,154.553,154.633,3563,10,0
2025-12-04 16:00:00+00:00,154.631,154.913,154.63,154.902,2762,10,0
2025-12-04 17:00:00+00:00,154.905,154.962,154.887,154.934,1860,10,0
2025-12-04 18:00:00+00:00,154.937,154.991,154.893,154.985,1497,10,0
2025-12-04 19:00:00+00:00,154.987,155.036,154.951,155.013,1568,10,0
2025-12-04 20:00:00+00:00,155.016,155.129,154.993,155.101,1570,10,0
2025-12-04 21:00:00+00:00,155.094,155.135,155.068,155.098,826,10,0
2025-12-04 22:00:00+00:00,155.097,155.103,154.855,155.036,604,26,0
2025-12-04 23:00:00+00:00,155.044,155.157,155.044,155.129,1066,10,0
2025-12-05 00:00:00+00:00,155.131,155.229,154.951,154.966,2766,10,0
2025-12-05 01:00:00+00:00,154.966,155.096,154.914,155.011,2465,10,0
2025-12-05 02:00:00+00:00,155.013,155.097,155.0,155.05,1541,10,0
2025-12-05 03:00:00+00:00,155.051,155.152,155.035,155.116,1063,10,0
2025-12-05 04:00:00+00:00,155.116,155.123,154.795,154.919,3143,10,0
2025-12-05 05:00:00+00:00,154.919,154.919,154.543,154.599,2813,10,0
2025-12-05 06:00:00+00:00,154.597,154.694,154.455,154.566,2722,10,0
2025-12-05 07:00:00+00:00,154.567,154.648,154.339,154.624,3903,10,0
2025-12-05 08:00:00+00:00,154.627,154.891,154.602,154.852,3464,10,0
2025-12-05 09:00:00+00:00,154.851,154.962,154.83,154.911,2088,10,0
2025-12-05 10:00:00+00:00,154.912,155.169,154.885,155.13,2139,10,0
2025-12-05 11:00:00+00:00,155.131,155.22,155.113,155.142,1753,10,0
2025-12-05 12:00:00+00:00,155.14,155.262,155.078,155.168,2502,10,0
2025-12-05 13:00:00+00:00,155.17,155.257,155.103,155.191,2917,10,0
2025-12-05 14:00:00+00:00,155.192,155.28,155.111,155.217,3314,10,0
2025-12-05 15:00:00+00:00,155.215,155.352,155.111,155.249,3831,10,0
2025-12-05 16:00:00+00:00,155.246,155.49,155.205,155.294,3385,10,0
2025-12-05 17:00:00+00:00,155.295,155.343,155.255,155.285,1844,10,0
2025-12-05 18:00:00+00:00,155.284,155.318,155.235,155.279,1463,10,0
2025-12-05 19:00:00+00:00,155.277,155.319,155.26,155.289,1310,10,0
2025-12-05 20:00:00+00:00,155.289,155.323,155.267,155.299,1032,10,0
2025-12-05 21:00:00+00:00,155.297,155.369,155.281,155.354,889,10,0
2025-12-07 22:00:00+00:00,155.107,155.221,155.059,155.214,368,26,0
2025-12-07 23:00:00+00:00,155.229,155.374,155.207,155.304,1788,10,0
2025-12-08 00:00:00+00:00,155.307,155.321,155.056,155.068,2931,10,0
2025-12-08 01:00:00+00:00,155.07,155.148,154.907,154.914,2987,10,0
2025-12-08 02:00:00+00:00,154.913,155.062,154.898,155.004,1980,10,0
2025-12-08 03:00:00+00:00,155.001,155.112,154.971,155.098,1350,10,0
2025-12-08 04:00:00+00:00,155.1,155.119,155.053,155.071,1163,10,0
2025-12-08 05:00:00+00:00,155.07,155.263,155.066,155.198,1604,10,0
2025-12-08 06:00:00+00:00,155.2,155.286,155.102,155.226,2229,10,0
2025-12-08 07:00:00+00:00,155.225,155.349,155.164,155.348,2196,10,0
2025-12-08 08:00:00+00:00,155.351,155.457,155.256,155.387,2560,10,0
2025-12-08 09:00:00+00:00,155.39,155.541,155.39,155.472,2504,10,0
2025-12-08 10:00:00+00:00,155.471,155.529,155.405,155.509,1811,10,0
2025-12-08 11:00:00+00:00,155.508,155.588,155.474,155.582,1768,10,0
2025-12-08 12:00:00+00:00,155.585,155.654,155.54,155.557,1901,10,0
2025-12-08 13:00:00+00:00,155.554,155.66,155.471,155.626,2729,10,0
2025-12-08 14:00:00+00:00,155.626,155.876,155.388,155.82,4638,10,0
2025-12-08 15:00:00+00:00,155.82,155.98,155.752,155.854,3392,10,0
2025-12-08 16:00:00+00:00,155.853,155.952,155.825,155.893,2557,10,0
2025-12-08 17:00:00+00:00,155.891,155.922,155.724,155.748,2035,10,0
2025-12-08 18:00:00+00:00,155.749,155.779,155.7,155.746,1529,10,0
2025-12-08 19:00:00+00:00,155.749,155.912,155.728,155.906,1520,10,0
2025-12-08 20:00:00+00:00,155.905,155.933,155.848,155.927,1114,10,0
2025-12-08 21:00:00+00:00,155.919,155.951,155.893,155.897,751,10,0
2025-12-08 22:00:00+00:00,155.896,155.92,155.739,155.897,503,26,0
2025-12-08 23:00:00+00:00,155.907,155.97,155.827,155.838,1069,10,0
2025-12-09 00:00:00+00:00,155.842,156.019,155.764,156.007,2612,10,0
2025-12-09 01:00:00+00:00,156.007,156.033,155.765,155.791,2346,10,0
2025-12-09 02:00:00+00:00,155.793,155.901,155.738,155.866,1553,10,0
2025-12-09 03:00:00+00:00,155.866,155.887,155.8,155.821,1186,10,0
2025-12-09 04:00:00+00:00,155.821,155.982,155.808,155.931,1226,10,0
2025-12-09 05:00:00+00:00,155.929,156.113,155.859,156.005,2910,10,0
2025-12-09 06:00:00+00:00,156.007,156.123,155.959,156.002,2388,10,0
2025-12-09 07:00:00+00:00,156.004,156.194,155.982,156.187,2303,10,0
2025-12-09 08:00:00+00:00,156.187,156.425,156.178,156.329,2624,10,0
2025-12-09 09:00:00+00:00,156.33,156.335,155.972,156.083,3598,10,0
2025-12-09 10:00:00+00:00,156.085,156.199,156.042,156.071,2542,10,0
2025-12-09 11:00:00+00:00,156.069,156.194,156.066,156.182,1954,10,0
2025-12-09 12:00:00+00:00,156.185,156.354,156.181,156.354,2025,10,0
2025-12-09 13:00:00+00:00,156.352,156.511,156.282,156.34,3100,10,0
2025-12-09 14:00:00+00:00,156.34,156.532,156.31,156.411,4770,10,0
2025-12-09 15:00:00+00:00,156.409,156.913,156.409,156.861,5552,10,0
2025-12-09 16:00:00+00:00,156.861,156.919,156.807,156.855,2815,10,0
2025-12-09 17:00:00+00:00,156.853,156.922,156.824,156.911,1929,10,0
2025-12-09 18:00:00+00:00,156.911,156.922,156.87,156.891,1210,10,0
2025-12-09 19:00:00+00:00,156.893,156.953,156.803,156.829,1521,10,0
2025-12-09 20:00:00+00:00,156.832,156.918,156.818,156.896,1156,10,0
2025-12-09 21:00:00+00:00,156.898,156.933,156.86,156.863,788,10,0
2025-12-09 22:00:00+00:00,156.834,156.899,156.687,156.83,789,26,0
2025-12-09 23:00:00+00:00,156.841,156.908,156.792,156.793,966,10,0
2025-12-10 00:00:00+00:00,156.799,156.934,156.7,156.713,3360,10,0
2025-12-10 01:00:00+00:00,156.713,156.766,156.667,156.705,2504,10,0
2025-12-10 02:00:00+00:00,156.706,156.722,156.627,156.653,1426,10,0
2025-12-10 03:00:00+00:00,156.652,156.68,156.556,156.586,1416,10,0
2025-12-10 04:00:00+00:00,156.587,156.661,156.577,156.625,881,10,0
2025-12-10 05:00:00+00:00,156.628,156.717,156.593,156.703,1426,10,0
2025-12-10 06:00:00+00:00,156.702,156.761,156.656,156.669,1393,10,0
2025-12-10 07:00:00+00:00,156.669,156.75,156.63,156.649,1786,10,0
2025-12-10 08:00:00+00:00,156.651,156.704,156.573,156.669,2441,10,0
2025-12-10 09:00:00+00:00,156.672,156.886,156.672,156.816,2028,10,0
2025-12-10 10:00:00+00:00,156.817,156.855,156.736,156.766,2194,10,0
2025-12-10 11:00:00+00:00,156.764,156.779,156.685,156.707,1729,10,0
2025-12-10 12:00:00+00:00,156.703,156.754,156.667,156.712,1430,10,0
2025-12-10 13:00:00+00:00,156.712,156.714,156.545,156.549,2752,10,0
2025-12-10 14:00:00+00:00,156.548,156.626,156.435,156.499,3092,10,0
2025-12-10 15:00:00+00:00,156.497,156.528,156.351,156.476,2889,10,0
2025-12-10 16:00:00+00:00,156.477,156.486,156.319,156.335,2338,10,0
2025-12-10 17:00:00+00:00,156.332,156.392,156.243,156.299,1855,10,0
2025-12-10 18:00:00+00:00,156.302,156.474,156.292,156.416,1946,10,0
2025-12-10 19:00:00+00:00,156.417,156.676,156.102,156.257,16273,10,0
2025-12-10 20:00:00+00:00,156.259,156.306,155.789,155.931,7176,10,0
2025-12-10 21:00:00+00:00,155.92,156.092,155.885,155.895,1507,10,0
2025-12-10 22:00:00+00:00,155.871,155.915,155.745,155.907,701,146,0
2025-12-10 23:00:00+00:00,156.017,156.018,155.619,155.746,1707,10,0
2025-12-11 00:00:00+00:00,155.747,155.882,155.567,155.798,4112,10,0
2025-12-11 01:00:00+00:00,155.796,155.821,155.564,155.718,3406,10,0
2025-12-11 02:00:00+00:00,155.716,155.773,155.485,155.77,3262,10,0
2025-12-11 03:00:00+00:00,155.77,155.784,155.632,155.693,2740,10,0
2025-12-11 04:00:00+00:00,155.692,155.853,155.614,155.842,1917,10,0
2025-12-11 05:00:00+00:00,155.843,156.069,155.83,156.06,2169,10,0
2025-12-11 06:00:00+00:00,156.06,156.159,155.939,155.96,2634,10,0
2025-12-11 07:00:00+00:00,155.962,156.05,155.865,156.027,2963,10,0
2025-12-11 08:00:00+00:00,156.028,156.064,155.782,155.882,3373,10,0
2025-12-11 09:00:00+00:00,155.881,156.024,155.842,155.862,3029,10,0
2025-12-11 10:00:00+00:00,155.861,155.947,155.798,155.863,2625,10,0
2025-12-11 11:00:00+00:00,155.864,155.88,155.752,155.763,2294,10,0
2025-12-11 12:00:00+00:00,155.759,155.818,155.516,155.582,3024,10,0
2025-12-11 13:00:00+00:00,155.58,155.623,155.224,155.28,5094,10,0
2025-12-11 14:00:00+00:00,155.279,155.293,154.942,154.981,4308,10,0
2025-12-11 15:00:00+00:00,154.98,155.177,154.951,155.167,4737,10,0
2025-12-11 16:00:00+00:00,155.163,155.286,155.104,155.145,3584,10,0
2025-12-11 17:00:00+00:00,155.145,155.287,155.066,155.235,2520,10,0
2025-12-11 18:00:00+00:00,155.237,155.409,155.208,155.359,2183,10,0
2025-12-11 19:00:00+00:00,155.359,155.594,155.359,155.587,2000,10,0
2025-12-11 20:00:00+00:00,155.588,155.67,155.502,155.588,2121,10,0
2025-12-11 21:00:00+00:00,155.573,155.605,155.538,155.538,1065,10,0
2025-12-11 22:00:00+00:00,155.551,155.553,155.455,155.515,665,26,0
2025-12-11 23:00:00+00:00,155.531,155.613,155.436,155.5,1461,10,0
2025-12-12 00:00:00+00:00,155.497,155.724,155.454,155.692,3879,10,0
2025-12-12 01:00:00+00:00,155.692,155.768,155.541,155.665,3027,10,0
2025-12-12 02:00:00+00:00,155.664,155.744,155.648,155.671,1897,10,0
2025-12-12 03:00:00+00:00,155.669,155.722,155.628,155.707,1183,10,0
2025-12-12 04:00:00+00:00,155.707,155.763,155.681,155.741,1393,10,0
2025-12-12 05:00:00+00:00,155.741,155.77,155.67,155.739,1217,10,0
2025-12-12 06:00:00+00:00,155.739,155.825,155.648,155.654,1798,10,0
2025-12-12 07:00:00+00:00,155.651,155.722,155.533,155.642,2546,10,0
2025-12-12 08:00:00+00:00,155.645,155.843,155.616,155.837,3239,10,0
2025-12-12 09:00:00+00:00,155.838,155.91,155.752,155.882,2608,10,0
2025-12-12 10:00:00+00:00,155.884,155.961,155.845,155.912,1830,10,0
2025-12-12 11:00:00+00:00,155.912,155.992,155.904,155.91,1254,10,0
2025-12-12 12:00:00+00:00,155.907,156.127,155.772,156.031,3115,10,0
2025-12-12 13:00:00+00:00,156.032,156.053,155.896,156.042,2607,10,0
2025-12-12 14:00:00+00:00,156.044,156.098,155.841,155.901,3755,10,0
2025-12-12 15:00:00+00:00,155.902,156.058,155.804,155.882,4495,10,0
2025-12-12 16:00:00+00:00,155.881,155.881,155.67,155.81,4194,10,0
2025-12-12 17:00:00+00:00,155.809,155.899,155.748,155.778,2334,10,0
2025-12-12 18:00:00+00:00,155.776,155.814,155.713,155.78,1827,10,0
2025-12-12 19:00:00+00:00,155.779,155.936,155.779,155.896,1428,10,0
2025-12-12 20:00:00+00:00,155.896,155.908,155.772,155.875,2098,10,0
2025-12-12 21:00:00+00:00,155.863,155.882,155.783,155.816,1164,10,0
2025-12-14 22:00:00+00:00,155.901,155.902,155.712,155.79,700,26,0
2025-12-14 23:00:00+00:00,155.805,155.888,155.742,155.863,1181,10,0
2025-12-15 00:00:00+00:00,155.863,155.983,155.861,155.892,2744,10,0
2025-12-15 01:00:00+00:00,155.895,155.895,155.6,155.609,2840,10,0
2025-12-15 02:00:00+00:00,155.609,155.647,155.352,155.427,3351,10,0
2025-12-15 03:00:00+00:00,155.426,155.472,155.298,155.419,2091,10,0
2025-12-15 04:00:00+00:00,155.418,155.418,155.179,155.254,1916,10,0
2025-12-15 05:00:00+00:00,155.252,155.252,155.028,155.032,2054,10,0
2025-12-15 06:00:00+00:00,155.031,155.155,154.943,155.087,2706,10,0
2025-12-15 07:00:00+00:00,155.087,155.29,155.067,155.255,3243,10,0
2025-12-15 08:00:00+00:00,155.259,155.281,155.099,155.183,3283,10,0
2025-12-15 09:00:00+00:00,155.186,155.199,154.934,154.963,3306,10,0
2025-12-15 10:00:00+00:00,154.963,155.148,154.957,155.078,1976,10,0
2025-12-15 11:00:00+00:00,155.076,155.099,154.847,154.918,1968,10,0
2025-12-15 12:00:00+00:00,154.92,155.092,154.885,155.074,2325,10,0
2025-12-15 13:00:00+00:00,155.073,155.154,154.964,155.154,2690,10,0
2025-12-15 14:00:00+00:00,155.156,155.223,154.85,154.909,4141,10,0
2025-12-15 15:00:00+00:00,154.909,155.156,154.83,155.154,5940,10,0
2025-12-15 16:00:00+00:00,155.151,155.329,155.144,155.285,3197,10,0
2025-12-15 17:00:00+00:00,155.286,155.362,155.25,155.303,1678,10,0
2025-12-15 18:00:00+00:00,155.303,155.384,155.276,155.35,1278,10,0
2025-12-15 19:00:00+00:00,155.35,155.396,155.214,155.24,1251,10,0
2025-12-15 20:00:00+00:00,155.241,155.264,155.215,155.249,1189,10,0
2025-12-15 21:00:00+00:00,155.242,155.255,155.181,155.194,833,10,0
2025-12-15 22:00:00+00:00,155.202,155.225,155.088,155.223,691,26,0
2025-12-15 23:00:00+00:00,155.231,155.233,154.971,155.029,1291,10,0
2025-12-16 00:00:00+00:00,155.033,155.101,154.728,155.002,5115,10,0
2025-12-16 01:00:00+00:00,155.001,155.118,154.845,154.861,4585,10,0
2025-12-16 02:00:00+00:00,154.858,154.919,154.758,154.779,3124,10,0
2025-12-16 03:00:00+00:00,154.778,154.907,154.701,154.888,2547,10,0
2025-12-16 04:00:00+00:00,154.888,154.916,154.766,154.818,1627,10,0
2025-12-16 05:00:00+00:00,154.817,154.855,154.678,154.838,2462,10,0
2025-12-16 06:00:00+00:00,154.84,154.946,154.814,154.849,2284,10,0
2025-12-16 07:00:00+00:00,154.852,154.975,154.83,154.884,2888,10,0
2025-12-16 08:00:00+00:00,154.882,154.94,154.791,154.86,3556,10,0
2025-12-16 09:00:00+00:00,154.86,154.892,154.768,154.832,2619,10,0
2025-12-16 10:00:00+00:00,154.831,154.903,154.772,154.866,2178,10,0
2025-12-16 11:00:00+00:00,154.867,154.899,154.786,154.814,1474,10,0
2025-12-16 12:00:00+00:00,154.814,154.85,154.597,154.609,2038,10,0
2025-12-16 13:00:00+00:00,154.606,154.867,154.392,154.709,10178,10,0
2025-12-16 14:00:00+00:00,154.709,154.994,154.592,154.596,7156,10,0
2025-12-16 15:00:00+00:00,154.596,154.778,154.458,154.771,6741,10,0
2025-12-16 16:00:00+00:00,154.771,154.901,154.745,154.807,4387,10,0
2025-12-16 17:00:00+00:00,154.805,154.837,154.566,154.675,2860,10,0
2025-12-16 18:00:00+00:00,154.676,154.802,154.667,154.742,2183,10,0
2025-12-16 19:00:00+00:00,154.742,154.928,154.601,154.663,3599,10,0
2025-12-16 20:00:00+00:00,154.665,154.793,154.567,154.793,2167,10,0
2025-12-16 21:00:00+00:00,154.795,154.824,154.697,154.703,1150,10,0
2025-12-16 22:00:00+00:00,154.71,154.756,154.627,154.715,600,26,0
2025-12-16 23:00:00+00:00,154.724,154.807,154.693,154.764,932,10,0
2025-12-17 00:00:00+00:00,154.768,154.871,154.562,154.577,3862,10,0
2025-12-17 01:00:00+00:00,154.578,154.702,154.507,154.669,3819,10,0
2025-12-17 02:00:00+00:00,154.669,155.024,154.669,155.007,3315,10,0
2025-12-17 03:00:00+00:00,155.005,155.028,154.86,154.885,1971,10,0
2025-12-17 04:00:00+00:00,154.885,155.148,154.871,155.13,2176,10,0
2025-12-17 05:00:00+00:00,155.131,155.169,155.064,155.148,2263,10,0
2025-12-17 06:00:00+00:00,155.149,155.443,155.123,155.366,2775,10,0
2025-12-17 07:00:00+00:00,155.366,155.564,155.353,155.498,3702,10,0
2025-12-17 08:00:00+00:00,155.5,155.592,155.425,155.512,3326,10,0
2025-12-17 09:00:00+00:00,155.512,155.554,155.455,155.528,2576,10,0
2025-12-17 10:00:00+00:00,155.528,155.543,155.436,155.459,1822,10,0
2025-12-17 11:00:00+00:00,155.458,155.595,155.45,155.54,1744,10,0
2025-12-17 12:00:00+00:00,155.54,155.571,155.451,155.486,1934,10,0
2025-12-17 13:00:00+00:00,155.485,155.635,155.381,155.431,4529,10,0
2025-12-17 14:00:00+00:00,155.434,155.629,155.345,155.484,3696,10,0
2025-12-17 15:00:00+00:00,155.484,155.541,155.348,155.4,4461,10,0
2025-12-17 16:00:00+00:00,155.399,155.595,155.381,155.592,3460,10,0
2025-12-17 17:00:00+00:00,155.592,155.608,155.525,155.529,1961,10,0
2025-12-17 18:00:00+00:00,155.532,155.671,155.489,155.638,1953,10,0
2025-12-17 19:00:00+00:00,155.637,155.687,155.587,155.638,1541,10,0
2025-12-17 20:00:00+00:00,155.639,155.747,155.615,155.697,1290,10,0
2025-12-17 21:00:00+00:00,155.694,155.739,155.584,155.593,887,10,0
2025-12-17 22:00:00+00:00,155.592,155.593,155.445,155.508,520,146,0
2025-12-17 23:00:00+00:00,155.606,155.641,155.471,155.484,1016,10,0
2025-12-18 00:00:00+00:00,155.489,155.581,155.422,155.476,3449,10,0
2025-12-18 01:00:00+00:00,155.478,155.771,155.455,155.766,3023,10,0
2025-12-18 02:00:00+00:00,155.769,155.806,155.659,155.777,2542,10,0
2025-12-18 03:00:00+00:00,155.777,155.794,155.703,155.759,1673,10,0
2025-12-18 04:00:00+00:00,155.762,155.778,155.697,155.733,1530,10,0
2025-12-18 05:00:00+00:00,155.731,155.881,155.703,155.809,1729,10,0
2025-12-18 06:00:00+00:00,155.81,155.904,155.766,155.9,1953,10,0
2025-12-18 07:00:00+00:00,155.902,155.95,155.806,155.918,2468,10,0
2025-12-18 08:00:00+00:00,155.92,155.939,155.795,155.851,2906,10,0
2025-12-18 09:00:00+00:00,155.85,155.947,155.801,155.93,2511,10,0
2025-12-18 10:00:00+00:00,155.927,155.973,155.843,155.858,1587,10,0
2025-12-18 11:00:00+00:00,155.858,155.87,155.717,155.788,1421,10,0
2025-12-18 12:00:00+00:00,155.788,155.863,155.735,155.815,2663,10,0
2025-12-18 13:00:00+00:00,155.816,155.834,155.341,155.591,7425,10,0
2025-12-18 14:00:00+00:00,155.593,155.604,155.278,155.488,6461,10,0
2025-12-18 15:00:00+00:00,155.489,155.69,155.438,155.519,4538,10,0
2025-12-18 16:00:00+00:00,155.52,155.573,155.36,155.522,3174,10,0
2025-12-18 17:00:00+00:00,155.521,155.687,155.521,155.637,2507,10,0
2025-12-18 18:00:00+00:00,155.635,155.709,155.575,155.628,1810,10,0
2025-12-18 19:00:00+00:00,155.63,155.659,155.49,155.511,1743,10,0
2025-12-18 20:00:00+00:00,155.515,155.628,155.497,155.607,1398,10,0
2025-12-18 21:00:00+00:00,155.605,155.623,155.532,155.532,802,10,0
2025-12-18 22:00:00+00:00,155.531,155.544,155.36,155.542,513,26,0
2025-12-18 23:00:00+00:00,155.552,155.637,155.504,155.567,1146,10,0
2025-12-19 00:00:00+00:00,155.575,155.771,155.557,155.745,3778,10,0
2025-12-19 01:00:00+00:00,155.745,155.791,155.686,155.736,2484,10,0
2025-12-19 02:00:00+00:00,155.736,155.851,155.678,155.831,1784,10,0
2025-12-19 03:00:00+00:00,155.828,156.173,155.583,155.873,7186,10,0
2025-12-19 04:00:00+00:00,155.872,156.085,155.73,156.063,3716,10,0
2025-12-19 05:00:00+00:00,156.066,156.069,155.879,155.991,2647,10,0
2025-12-19 06:00:00+00:00,155.99,156.44,155.847,156.015,7953,10,0
2025-12-19 07:00:00+00:00,156.008,156.738,155.967,156.728,7277,10,0
2025-12-19 08:00:00+00:00,156.727,156.938,156.716,156.927,5468,10,0
2025-12-19 09:00:00+00:00,156.929,157.208,156.854,157.194,4568,10,0
2025-12-19 10:00:00+00:00,157.197,157.395,157.128,157.322,4336,10,0
2025-12-19 11:00:00+00:00,157.319,157.377,157.231,157.313,3355,10,0
2025-12-19 12:00:00+00:00,157.316,157.349,157.178,157.241,3103,10,0
2025-12-19 13:00:00+00:00,157.239,157.379,157.204,157.319,3835,10,0
2025-12-19 14:00:00+00:00,157.318,157.422,156.93,157.416,7367,10,0
2025-12-19 15:00:00+00:00,157.417,157.491,157.351,157.465,4395,10,0
2025-12-19 16:00:00+00:00,157.467,157.485,157.4,157.423,2494,10,0
2025-12-19 17:00:00+00:00,157.426,157.667,157.413,157.433,3113,10,0
2025-12-19 18:00:00+00:00,157.435,157.528,157.395,157.517,1878,10,0
2025-12-19 19:00:00+00:00,157.519,157.585,157.496,157.525,1831,10,0
2025-12-19 20:00:00+00:00,157.527,157.698,157.473,157.684,1757,10,0
2025-12-19 21:00:00+00:00,157.67,157.769,157.631,157.708,1505,10,0
2025-12-21 22:00:00+00:00,157.373,157.609,157.319,157.468,1152,26,0
2025-12-21 23:00:00+00:00,157.476,157.7,157.474,157.624,2062,10,0
2025-12-22 00:00:00+00:00,157.625,157.657,157.506,157.553,5512,10,0
2025-12-22 01:00:00+00:00,157.55,157.573,157.248,157.288,3606,10,0
2025-12-22 02:00:00+00:00,157.287,157.421,157.226,157.418,1957,10,0
2025-12-22 03:00:00+00:00,157.419,157.468,157.27,157.329,2419,10,0
2025-12-22 04:00:00+00:00,157.331,157.362,157.256,157.309,1883,10,0
2025-12-22 05:00:00+00:00,157.309,157.389,157.259,157.361,2016,10,0
2025-12-22 06:00:00+00:00,157.362,157.432,157.265,157.34,2207,10,0
2025-12-22 07:00:00+00:00,157.339,157.561,157.306,157.487,2468,10,0
2025-12-22 08:00:00+00:00,157.485,157.548,157.367,157.544,3254,10,0
2025-12-22 09:00:00+00:00,157.541,157.568,157.416,157.452,2113,10,0
2025-12-22 10:00:00+00:00,157.452,157.46,157.348,157.393,1861,10,0
2025-12-22 11:00:00+00:00,157.392,157.425,157.333,157.411,1673,10,0
2025-12-22 12:00:00+00:00,157.412,157.428,157.352,157.392,1963,10,0
2025-12-22 13:00:00+00:00,157.392,157.392,156.871,157.182,7324,10,0
2025-12-22 14:00:00+00:00,157.18,157.22,156.905,157.01,4476,10,0
2025-12-22 15:00:00+00:00,157.013,157.117,156.909,156.971,3873,10,0
2025-12-22 16:00:00+00:00,156.972,157.039,156.855,156.933,2893,10,0
2025-12-22 17:00:00+00:00,156.935,156.939,156.698,156.84,2469,10,0
2025-12-22 18:00:00+00:00,156.842,157.02,156.842,156.943,1858,10,0
2025-12-22 19:00:00+00:00,156.944,157.03,156.88,156.899,2107,10,0
2025-12-22 20:00:00+00:00,156.896,157.002,156.896,156.988,1438,10,0
2025-12-22 21:00:00+00:00,156.984,157.044,156.969,157.032,864,10,0
2025-12-22 22:00:00+00:00,157.011,157.037,156.877,156.992,720,26,0
2025-12-22 23:00:00+00:00,157.021,157.021,156.81,156.91,1592,10,0
2025-12-23 00:00:00+00:00,156.916,156.923,156.598,156.613,3636,10,0
2025-12-23 01:00:00+00:00,156.611,156.651,156.418,156.459,2910,10,0
2025-12-23 02:00:00+00:00,156.46,156.479,156.272,156.348,2814,10,0
2025-12-23 03:00:00+00:00,156.347,156.348,156.188,156.189,2611,10,0
2025-12-23 04:00:00+00:00,156.189,156.189,155.958,155.991,3494,10,0
2025-12-23 05:00:00+00:00,155.992,156.076,155.907,156.006,2779,10,0
2025-12-23 06:00:00+00:00,156.005,156.187,155.994,156.11,2760,10,0
2025-12-23 07:00:00+00:00,156.109,156.17,155.946,156.072,3932,10,0
2025-12-23 08:00:00+00:00,156.071,156.114,155.945,155.956,3729,10,0
2025-12-23 09:00:00+00:00,155.953,156.019,155.647,155.964,4723,10,0
2025-12-23 10:00:00+00:00,155.961,156.043,155.862,155.919,2965,10,0
2025-12-23 11:00:00+00:00,155.919,156.034,155.868,155.968,2014,10,0
2025-12-23 12:00:00+00:00,155.97,156.029,155.868,156.02,2103,10,0
2025-12-23 13:00:00+00:00,156.023,156.359,155.945,156.335,5007,10,0
2025-12-23 14:00:00+00:00,156.334,156.54,156.332,156.395,4976,10,0
2025-12-23 15:00:00+00:00,156.393,156.446,156.205,156.383,4677,10,0
2025-12-23 16:00:00+00:00,156.383,156.432,156.298,156.33,2681,10,0
2025-12-23 17:00:00+00:00,156.33,156.348,156.244,156.293,1951,10,0
2025-12-23 18:00:00+00:00,156.294,156.339,156.22,156.225,1767,10,0
2025-12-23 19:00:00+00:00,156.223,156.247,156.175,156.192,1675,10,0
2025-12-23 20:00:00+00:00,156.195,156.307,156.173,156.297,1322,10,0
2025-12-23 21:00:00+00:00,156.277,156.31,156.182,156.193,1136,10,0
2025-12-23 22:00:00+00:00,156.191,156.207,156.102,156.159,541,26,0
2025-12-23 23:00:00+00:00,156.171,156.271,156.077,156.17,1569,10,0
2025-12-24 00:00:00+00:00,156.17,156.279,155.972,155.989,5070,10,0
2025-12-24 01:00:00+00:00,155.991,156.148,155.596,155.651,5192,10,0
2025-12-24 02:00:00+00:00,155.648,155.741,155.549,155.741,3392,10,0
2025-12-24 03:00:00+00:00,155.739,155.989,155.734,155.977,2753,10,0
2025-12-24 04:00:00+00:00,155.979,156.061,155.797,155.833,2563,10,0
2025-12-24 05:00:00+00:00,155.834,155.844,155.741,155.796,1914,10,0
2025-12-24 06:00:00+00:00,155.795,155.795,155.658,155.731,2695,10,0
2025-12-24 07:00:00+00:00,155.728,155.87,155.699,155.826,3594,10,0
2025-12-24 08:00:00+00:00,155.826,155.967,155.744,155.755,4278,10,0
2025-12-24 09:00:00+00:00,155.752,155.878,155.68,155.829,2800,10,0
2025-12-24 10:00:00+00:00,155.831,155.969,155.813,155.93,2199,10,0
2025-12-24 11:00:00+00:00,155.929,155.974,155.862,155.926,2069,10,0
2025-12-24 12:00:00+00:00,155.923,156.042,155.872,156.041,2199,10,0
2025-12-24 13:00:00+00:00,156.041,156.07,155.966,156.006,3063,10,0
2025-12-24 14:00:00+00:00,156.009,156.032,155.673,155.746,3425,10,0
2025-12-24 15:00:00+00:00,155.749,155.898,155.72,155.812,3496,10,0
2025-12-24 16:00:00+00:00,155.813,155.918,155.749,155.833,2789,10,0
2025-12-24 17:00:00+00:00,155.835,156.023,155.822,155.97,2234,10,0
2025-12-24 18:00:00+00:00,155.964,156.007,155.927,155.936,1205,18,0
2025-12-24 19:00:00+00:00,155.936,155.948,155.77,155.826,946,53,0
2025-12-24 20:00:00+00:00,155.826,155.906,155.825,155.905,405,107,0
2025-12-24 21:00:00+00:00,155.879,155.919,155.711,155.726,689,107,0
2025-12-25 22:00:00+00:00,155.868,155.945,155.735,155.874,512,38,0
2025-12-25 23:00:00+00:00,155.9,156.125,155.74,156.096,2331,10,0
2025-12-26 00:00:00+00:00,156.104,156.489,156.102,156.404,5116,10,0
2025-12-26 01:00:00+00:00,156.405,156.438,156.162,156.279,3353,10,0
2025-12-26 02:00:00+00:00,156.278,156.307,156.165,156.221,2658,10,0
2025-12-26 03:00:00+00:00,156.22,156.251,156.041,156.053,2331,10,0
2025-12-26 04:00:00+00:00,156.05,156.189,155.984,156.165,2577,10,0
2025-12-26 05:00:00+00:00,156.167,156.281,156.09,156.202,2421,10,0
2025-12-26 06:00:00+00:00,156.202,156.313,156.082,156.277,2573,10,0
2025-12-26 07:00:00+00:00,156.28,156.442,156.211,156.373,2600,10,0
2025-12-26 08:00:00+00:00,156.372,156.443,156.297,156.316,2425,10,0
2025-12-26 09:00:00+00:00,156.32,156.467,156.308,156.456,1813,10,0
2025-12-26 10:00:00+00:00,156.456,156.467,156.357,156.4,1601,10,0
2025-12-26 11:00:00+00:00,156.4,156.418,156.32,156.4,1899,10,0
2025-12-26 12:00:00+00:00,156.397,156.487,156.39,156.415,1776,10,0
2025-12-26 13:00:00+00:00,156.414,156.442,156.223,156.322,3649,10,0
2025-12-26 14:00:00+00:00,156.322,156.485,156.274,156.448,2759,10,0
2025-12-26 15:00:00+00:00,156.446,156.533,156.306,156.424,2805,10,0
2025-12-26 16:00:00+00:00,156.425,156.655,156.366,156.632,3248,10,0
2025-12-26 17:00:00+00:00,156.629,156.73,156.551,156.566,2342,10,0
2025-12-26 18:00:00+00:00,156.565,156.584,156.433,156.538,1806,10,0
2025-12-26 19:00:00+00:00,156.54,156.594,156.501,156.501,1694,10,0
2025-12-26 20:00:00+00:00,156.498,156.527,156.441,156.49,1585,10,0
2025-12-26 21:00:00+00:00,156.492,156.6,156.48,156.566,1332,10,0
2025-12-28 22:00:00+00:00,156.394,156.553,156.337,156.479,1276,26,0
2025-12-28 23:00:00+00:00,156.5,156.538,156.387,156.482,1514,10,0
2025-12-29 00:00:00+00:00,156.483,156.483,156.052,156.275,6432,10,0
2025-12-29 01:00:00+00:00,156.274,156.373,156.187,156.309,3185,10,0
2025-12-29 02:00:00+00:00,156.312,156.508,156.296,156.428,2506,10,0
2025-12-29 03:00:00+00:00,156.426,156.443,156.315,156.375,2180,10,0
2025-12-29 04:00:00+00:00,156.376,156.469,156.24,156.369,2087,10,0
2025-12-29 05:00:00+00:00,156.369,156.394,156.237,156.304,1814,10,0
2025-12-29 06:00:00+00:00,156.306,156.323,156.165,156.182,2358,10,0
2025-12-29 07:00:00+00:00,156.181,156.239,156.044,156.078,3460,10,0
2025-12-29 08:00:00+00:00,156.08,156.308,156.073,156.272,2924,10,0
2025-12-29 09:00:00+00:00,156.274,156.396,156.101,156.322,2752,10,0
2025-12-29 10:00:00+00:00,156.324,156.344,156.199,156.324,2221,10,0
2025-12-29 11:00:00+00:00,156.325,156.41,156.282,156.396,1903,10,0
2025-12-29 12:00:00+00:00,156.397,156.423,156.304,156.33,2143,10,0
2025-12-29 13:00:00+00:00,156.327,156.363,156.188,156.228,3224,10,0
2025-12-29 14:00:00+00:00,156.229,156.236,156.006,156.141,3760,10,0
2025-12-29 15:00:00+00:00,156.142,156.286,155.914,155.934,4590,10,0
2025-12-29 16:00:00+00:00,155.936,156.116,155.925,156.102,3353,10,0
2025-12-29 17:00:00+00:00,156.104,156.213,156.064,156.18,1964,10,0
2025-12-29 18:00:00+00:00,156.18,156.22,156.119,156.217,1547,10,0
2025-12-29 19:00:00+00:00,156.217,156.244,156.001,156.03,1357,10,0
2025-12-29 20:00:00+00:00,156.033,156.079,155.981,156.058,1567,10,0
2025-12-29 21:00:00+00:00,156.056,156.077,155.993,156.012,902,10,0
2025-12-29 22:00:00+00:00,156.011,156.068,155.914,156.024,726,26,0
2025-12-29 23:00:00+00:00,156.035,156.126,155.932,155.972,1446,10,0
2025-12-30 00:00:00+00:00,155.975,156.324,155.919,156.257,4414,10,0
2025-12-30 01:00:00+00:00,156.257,156.324,156.206,156.215,2588,10,0
2025-12-30 02:00:00+00:00,156.213,156.335,156.152,156.306,2434,10,0
2025-12-30 03:00:00+00:00,156.305,156.33,156.211,156.265,1463,10,0
2025-12-30 04:00:00+00:00,156.265,156.283,156.046,156.078,1576,10,0
2025-12-30 05:00:00+00:00,156.078,156.1,156.009,156.039,2456,10,0
2025-12-30 06:00:00+00:00,156.039,156.093,155.935,156.035,2714,10,0
2025-12-30 07:00:00+00:00,156.037,156.105,155.912,155.981,2251,10,0
2025-12-30 08:00:00+00:00,155.977,156.025,155.85,155.975,3139,10,0
2025-12-30 09:00:00+00:00,155.979,156.007,155.862,155.918,2325,10,0
2025-12-30 10:00:00+00:00,155.922,155.929,155.738,155.846,2203,10,0
2025-12-30 11:00:00+00:00,155.849,155.943,155.819,155.89,1998,10,0
2025-12-30 12:00:00+00:00,155.889,156.009,155.881,155.943,2023,10,0
2025-12-30 13:00:00+00:00,155.944,156.209,155.94,156.191,3008,10,0
2025-12-30 14:00:00+00:00,156.191,156.318,156.121,156.267,2923,10,0
2025-12-30 15:00:00+00:00,156.266,156.563,156.266,156.324,3648,10,0
2025-12-30 16:00:00+00:00,156.323,156.37,156.218,156.258,2797,10,0
2025-12-30 17:00:00+00:00,156.255,156.401,156.239,156.331,1653,10,0
2025-12-30 18:00:00+00:00,156.334,156.43,156.303,156.393,1416,10,0
2025-12-30 19:00:00+00:00,156.397,156.519,156.371,156.492,1880,10,0
2025-12-30 20:00:00+00:00,156.489,156.497,156.423,156.463,1383,10,0
2025-12-30 21:00:00+00:00,156.458,156.46,156.385,156.386,860,10,0
2025-12-30 22:00:00+00:00,156.352,156.376,156.254,156.371,411,26,0
2025-12-30 23:00:00+00:00,156.379,156.46,156.321,156.393,724,10,0
2025-12-31 00:00:00+00:00,156.393,156.463,156.326,156.389,1792,10,0
2025-12-31 01:00:00+00:00,156.389,156.449,156.351,156.426,2142,10,0
2025-12-31 02:00:00+00:00,156.428,156.49,156.42,156.483,1582,10,0
2025-12-31 03:00:00+00:00,156.483,156.494,156.443,156.491,940,10,0
2025-12-31 04:00:00+00:00,156.491,156.635,156.491,156.606,1217,10,0
2025-12-31 05:00:00+00:00,156.606,156.626,156.546,156.589,1096,10,0
2025-12-31 06:00:00+00:00,156.59,156.651,156.578,156.61,1214,10,0
2025-12-31 07:00:00+00:00,156.611,156.644,156.564,156.566,1767,10,0
2025-12-31 08:00:00+00:00,156.563,156.606,156.5,156.593,1963,10,0
2025-12-31 09:00:00+00:00,156.593,156.648,156.55,156.628,1561,10,0
2025-12-31 10:00:00+00:00,156.626,156.672,156.592,156.653,1406,10,0
2025-12-31 11:00:00+00:00,156.655,156.67,156.601,156.605,1238,10,0
2025-12-31 12:00:00+00:00,156.605,156.64,156.547,156.597,1813,10,0
2025-12-31 13:00:00+00:00,156.596,156.83,156.582,156.806,2787,10,0
2025-12-31 14:00:00+00:00,156.808,156.945,156.791,156.924,3184,10,0
2025-12-31 15:00:00+00:00,156.923,156.991,156.713,156.739,3891,10,0
2025-12-31 16:00:00+00:00,156.736,156.843,156.641,156.801,3255,10,0
2025-12-31 17:00:00+00:00,156.805,156.855,156.759,156.825,2258,10,0
2025-12-31 18:00:00+00:00,156.823,156.912,156.791,156.878,1873,18,0
2025-12-31 19:00:00+00:00,156.876,156.876,156.665,156.744,1278,18,0
2025-12-31 20:00:00+00:00,156.744,156.746,156.623,156.623,1460,18,0
2025-12-31 21:00:00+00:00,156.619,156.722,156.562,156.567,929,10,0
2026-01-01 22:00:00+00:00,156.644,156.756,156.575,156.756,358,38,0
2026-01-01 23:00:00+00:00,156.769,156.877,156.667,156.716,1320,10,0
2026-01-02 00:00:00+00:00,156.719,156.764,156.536,156.563,1972,10,0
2026-01-02 01:00:00+00:00,156.564,156.653,156.515,156.633,2023,10,0
2026-01-02 02:00:00+00:00,156.633,156.685,156.591,156.678,1185,10,0
2026-01-02 03:00:00+00:00,156.678,156.722,156.646,156.714,1137,10,0
2026-01-02 04:00:00+00:00,156.713,156.856,156.713,156.82,1117,10,0
2026-01-02 05:00:00+00:00,156.82,156.942,156.813,156.908,960,10,0
2026-01-02 06:00:00+00:00,156.91,156.995,156.906,156.948,1388,10,0
2026-01-02 07:00:00+00:00,156.951,156.992,156.827,156.859,2288,10,0
2026-01-02 08:00:00+00:00,156.861,156.995,156.815,156.873,2770,10,0
2026-01-02 09:00:00+00:00,156.875,156.914,156.764,156.91,2224,10,0
2026-01-02 10:00:00+00:00,156.912,156.925,156.798,156.839,1701,10,0
2026-01-02 11:00:00+00:00,156.839,156.944,156.82,156.915,1550,10,0
2026-01-02 12:00:00+00:00,156.914,157.0,156.867,156.938,1495,10,0
2026-01-02 13:00:00+00:00,156.936,156.956,156.828,156.902,2659,10,0
2026-01-02 14:00:00+00:00,156.904,156.918,156.801,156.847,2744,10,0
2026-01-02 15:00:00+00:00,156.847,156.889,156.559,156.588,3916,10,0
2026-01-02 16:00:00+00:00,156.585,156.766,156.558,156.72,2743,10,0
2026-01-02 17:00:00+00:00,156.719,156.779,156.703,156.766,1753,10,0
2026-01-02 18:00:00+00:00,156.766,156.945,156.758,156.889,1589,10,0
2026-01-02 19:00:00+00:00,156.887,156.951,156.841,156.852,1454,10,0
2026-01-02 20:00:00+00:00,156.853,156.904,156.843,156.872,1544,10,0
2026-01-02 21:00:00+00:00,156.874,156.877,156.805,156.832,864,10,0
2026-01-04 22:00:00+00:00,156.64,156.783,156.578,156.747,724,26,0
2026-01-04 23:00:00+00:00,156.774,157.001,156.711,156.989,1932,10,0
2026-01-05 00:00:00+00:00,156.99,157.25,156.917,157.145,4846,10,0
2026-01-05 01:00:00+00:00,157.148,157.18,156.936,157.01,3990,10,0
2026-01-05 02:00:00+00:00,157.01,157.201,156.946,157.144,2909,10,0
2026-01-05 03:00:00+00:00,157.144,157.237,157.125,157.227,2456,10,0
2026-01-05 04:00:00+00:00,157.23,157.295,157.216,157.279,1806,10,0
2026-01-05 05:00:00+00:00,157.278,157.29,157.111,157.176,1765,10,0
2026-01-05 06:00:00+00:00,157.18,157.229,157.01,157.029,2401,10,0
2026-01-05 07:00:00+00:00,157.03,157.078,156.971,156.987,2839,10,0
2026-01-05 08:00:00+00:00,156.986,157.037,156.683,156.828,4549,10,0
2026-01-05 09:00:00+00:00,156.828,156.996,156.778,156.925,2965,10,0
2026-01-05 10:00:00+00:00,156.925,156.936,156.569,156.6,2992,10,0
2026-01-05 11:00:00+00:00,156.6,156.659,156.525,156.619,2866,10,0
2026-01-05 12:00:00+00:00,156.619,156.684,156.461,156.643,2759,10,0
2026-01-05 13:00:00+00:00,156.642,156.976,156.638,156.822,4135,10,0
2026-01-05 14:00:00+00:00,156.819,156.852,156.702,156.74,4884,10,0
2026-01-05 15:00:00+00:00,156.748,156.753,156.451,156.575,4917,10,0
2026-01-05 16:00:00+00:00,156.574,156.583,156.3,156.319,3802,10,0
2026-01-05 17:00:00+00:00,156.322,156.381,156.264,156.327,2384,10,0
2026-01-05 18:00:00+00:00,156.327,156.355,156.176,156.185,1544,10,0
2026-01-05 19:00:00+00:00,156.181,156.241,156.113,156.229,2174,10,0
2026-01-05 20:00:00+00:00,156.227,156.333,156.178,156.331,1544,10,0
2026-01-05 21:00:00+00:00,156.316,156.409,156.314,156.377,850,10,0
2026-01-05 22:00:00+00:00,156.363,156.466,156.249,156.448,634,26,0
2026-01-05 23:00:00+00:00,156.499,156.637,156.484,156.607,1318,10,0
2026-01-06 00:00:00+00:00,156.609,156.792,156.524,156.535,4110,10,0
2026-01-06 01:00:00+00:00,156.535,156.706,156.447,156.449,3416,10,0
2026-01-06 02:00:00+00:00,156.448,156.497,156.268,156.308,2368,10,0
2026-01-06 03:00:00+00:00,156.309,156.436,156.291,156.357,2019,10,0
2026-01-06 04:00:00+00:00,156.359,156.438,156.238,156.379,1809,10,0
2026-01-06 05:00:00+00:00,156.379,156.443,156.282,156.424,2027,10,0
2026-01-06 06:00:00+00:00,156.424,156.473,156.326,156.368,2462,10,0
2026-01-06 07:00:00+00:00,156.366,156.369,156.227,156.33,2931,10,0
2026-01-06 08:00:00+00:00,156.33,156.384,156.159,156.317,3461,10,0
2026-01-06 09:00:00+00:00,156.315,156.479,156.228,156.376,3279,10,0
2026-01-06 10:00:00+00:00,156.376,156.462,156.275,156.442,2597,10,0
2026-01-06 11:00:00+00:00,156.441,156.535,156.402,156.447,2185,10,0
2026-01-06 12:00:00+00:00,156.444,156.512,156.29,156.492,2724,10,0
2026-01-06 13:00:00+00:00,156.492,156.579,156.343,156.365,4300,10,0
2026-01-06 14:00:00+00:00,156.365,156.474,156.294,156.403,3850,10,0
2026-01-06 15:00:00+00:00,156.405,156.687,156.396,156.574,4632,10,0
2026-01-06 16:00:00+00:00,156.577,156.733,156.566,156.702,2948,10,0
2026-01-06 17:00:00+00:00,156.7,156.739,156.666,156.688,1841,10,0
2026-01-06 18:00:00+00:00,156.688,156.746,156.659,156.732,1315,10,0
2026-01-06 19:00:00+00:00,156.732,156.744,156.605,156.629,1283,10,0
2026-01-06 20:00:00+00:00,156.628,156.65,156.565,156.649,1340,10,0
2026-01-06 21:00:00+00:00,156.63,156.677,156.614,156.651,859,10,0
2026-01-06 22:00:00+00:00,156.651,156.651,156.529,156.614,499,26,0
2026-01-06 23:00:00+00:00,156.624,156.701,156.613,156.662,947,10,0
2026-01-07 00:00:00+00:00,156.664,156.806,156.537,156.629,3923,10,0
2026-01-07 01:00:00+00:00,156.629,156.743,156.559,156.715,2439,10,0
2026-01-07 02:00:00+00:00,156.716,156.726,156.637,156.641,1783,10,0
2026-01-07 03:00:00+00:00,156.641,156.65,156.503,156.557,1685,10,0
2026-01-07 04:00:00+00:00,156.558,156.581,156.506,156.534,1529,10,0
2026-01-07 05:00:00+00:00,156.535,156.536,156.363,156.383,1904,10,0
2026-01-07 06:00:00+00:00,156.383,156.389,156.301,156.342,2140,10,0
2026-01-07 07:00:00+00:00,156.34,156.509,156.29,156.482,2724,10,0
2026-01-07 08:00:00+00:00,156.485,156.585,156.454,156.522,2656,10,0
2026-01-07 09:00:00+00:00,156.523,156.572,156.428,156.46,1918,10,0
2026-01-07 10:00:00+00:00,156.459,156.533,156.437,156.526,1746,10,0
2026-01-07 11:00:00+00:00,156.526,156.578,156.505,156.509,1302,10,0
2026-01-07 12:00:00+00:00,156.507,156.562,156.47,156.509,1760,10,0
2026-01-07 13:00:00+00:00,156.509,156.587,156.357,156.413,3462,10,0
2026-01-07 14:00:00+00:00,156.415,156.554,156.381,156.408,3342,10,0
2026-01-07 15:00:00+00:00,156.41,156.72,156.407,156.676,5839,10,0
2026-01-07 16:00:00+00:00,156.676,156.797,156.637,156.727,3029,10,0
2026-01-07 17:00:00+00:00,156.73,156.73,156.571,156.617,2220,10,0
2026-01-07 18:00:00+00:00,156.616,156.701,156.59,156.695,1600,10,0
2026-01-07 19:00:00+00:00,156.695,156.757,156.677,156.734,1367,10,0
2026-01-07 20:00:00+00:00,156.735,156.787,156.717,156.772,1324,10,0
2026-01-07 21:00:00+00:00,156.771,156.795,156.651,156.668,679,10,0
2026-01-07 22:00:00+00:00,156.662,156.675,156.457,156.591,455,146,0
2026-01-07 23:00:00+00:00,156.69,156.75,156.651,156.693,935,10,0
2026-01-08 00:00:00+00:00,156.695,156.797,156.673,156.78,2482,10,0
2026-01-08 01:00:00+00:00,156.782,156.939,156.711,156.907,2139,10,0
2026-01-08 02:00:00+00:00,156.907,156.95,156.819,156.834,1656,10,0
2026-01-08 03:00:00+00:00,156.832,156.835,156.625,156.716,2040,10,0
2026-01-08 04:00:00+00:00,156.714,156.729,156.66,156.689,1309,10,0
2026-01-08 05:00:00+00:00,156.688,156.728,156.637,156.666,1689,10,0
2026-01-08 06:00:00+00:00,156.669,156.686,156.494,156.576,2554,10,0
2026-01-08 07:00:00+00:00,156.574,156.689,156.463,156.463,2958,10,0
2026-01-08 08:00:00+00:00,156.461,156.71,156.454,156.701,3157,10,0
2026-01-08 09:00:00+00:00,156.703,156.78,156.629,156.74,1950,10,0
2026-01-08 10:00:00+00:00,156.74,156.777,156.671,156.679,1663,10,0
2026-01-08 11:00:00+00:00,156.677,156.78,156.658,156.755,1468,10,0
2026-01-08 12:00:00+00:00,156.758,156.779,156.684,156.719,1468,10,0
2026-01-08 13:00:00+00:00,156.719,156.959,156.657,156.959,2593,10,0
2026-01-08 14:00:00+00:00,156.958,157.068,156.936,156.97,3709,10,0
2026-01-08 15:00:00+00:00,156.969,157.054,156.848,156.859,3103,10,0
2026-01-08 16:00:00+00:00,156.857,156.98,156.841,156.898,2297,10,0
2026-01-08 17:00:00+00:00,156.901,156.903,156.769,156.806,1834,10,0
2026-01-08 18:00:00+00:00,156.804,156.888,156.792,156.888,1415,10,0
2026-01-08 19:00:00+00:00,156.887,156.981,156.887,156.962,1048,10,0
2026-01-08 20:00:00+00:00,156.96,156.99,156.912,156.949,1123,10,0
2026-01-08 21:00:00+00:00,156.946,156.984,156.802,156.857,1106,10,0
2026-01-08 22:00:00+00:00,156.857,156.857,156.647,156.824,705,26,0
2026-01-08 23:00:00+00:00,156.846,156.928,156.819,156.847,861,10,0
2026-01-09 00:00:00+00:00,156.856,157.057,156.856,157.005,2459,10,0
2026-01-09 01:00:00+00:00,157.004,157.164,156.99,157.157,2532,10,0
2026-01-09 02:00:00+00:00,157.154,157.257,157.117,157.177,2341,10,0
2026-01-09 03:00:00+00:00,157.177,157.236,157.153,157.231,1379,10,0
2026-01-09 04:00:00+00:00,157.234,157.292,157.186,157.208,1456,10,0
2026-01-09 05:00:00+00:00,157.208,157.388,157.208,157.37,1961,10,0
2026-01-09 06:00:00+00:00,157.371,157.433,157.336,157.398,2090,10,0
2026-01-09 07:00:00+00:00,157.397,157.569,157.381,157.478,2337,10,0
2026-01-09 08:00:00+00:00,157.475,157.664,157.452,157.642,3045,10,0
2026-01-09 09:00:00+00:00,157.641,157.733,157.571,157.706,2213,10,0
2026-01-09 10:00:00+00:00,157.706,157.718,157.631,157.648,1573,10,0
2026-01-09 11:00:00+00:00,157.648,157.677,157.561,157.573,1431,10,0
2026-01-09 12:00:00+00:00,157.573,157.707,157.555,157.644,1874,10,0
2026-01-09 13:00:00+00:00,157.646,157.833,157.366,157.484,7404,10,0
2026-01-09 14:00:00+00:00,157.486,158.047,157.366,157.925,12029,10,0
2026-01-09 15:00:00+00:00,157.929,158.185,157.816,157.866,6977,10,0
2026-01-09 16:00:00+00:00,157.869,158.126,157.825,158.072,3634,10,0
2026-01-09 17:00:00+00:00,158.073,158.104,157.986,158.047,2671,10,0
2026-01-09 18:00:00+00:00,158.047,158.062,157.859,157.912,2199,10,0
2026-01-09 19:00:00+00:00,157.912,157.921,157.829,157.88,1766,10,0
2026-01-09 20:00:00+00:00,157.878,157.906,157.853,157.879,1150,10,0
2026-01-09 21:00:00+00:00,157.873,157.955,157.851,157.927,1021,10,0
2026-01-11 22:00:00+00:00,158.019,158.087,157.952,158.05,526,26,0
2026-01-11 23:00:00+00:00,158.056,158.175,157.979,158.131,1435,10,0
2026-01-12 00:00:00+00:00,158.133,158.203,157.553,157.574,5435,10,0
2026-01-12 01:00:00+00:00,157.572,157.753,157.514,157.743,4613,10,0
2026-01-12 02:00:00+00:00,157.741,158.072,157.661,158.045,2689,10,0
2026-01-12 03:00:00+00:00,158.043,158.117,157.936,158.114,1961,10,0
2026-01-12 04:00:00+00:00,158.114,158.18,158.112,158.117,1250,10,0
2026-01-12 05:00:00+00:00,158.117,158.146,157.994,158.001,1642,10,0
2026-01-12 06:00:00+00:00,158.001,158.066,157.96,158.009,1513,10,0
2026-01-12 07:00:00+00:00,158.007,158.029,157.799,157.844,2935,10,0
2026-01-12 08:00:00+00:00,157.841,157.862,157.671,157.773,3423,10,0
2026-01-12 09:00:00+00:00,157.775,157.898,157.716,157.89,2643,10,0
2026-01-12 10:00:00+00:00,157.888,157.958,157.829,157.848,1902,10,0
2026-01-12 11:00:00+00:00,157.849,157.922,157.78,157.891,1976,10,0
2026-01-12 12:00:00+00:00,157.891,157.955,157.806,157.854,2296,10,0
2026-01-12 13:00:00+00:00,157.851,157.894,157.704,157.838,3031,10,0
2026-01-12 14:00:00+00:00,157.84,158.043,157.829,157.939,3730,10,0
2026-01-12 15:00:00+00:00,157.936,157.973,157.849,157.971,3162,10,0
2026-01-12 16:00:00+00:00,157.969,158.152,157.942,158.149,2504,10,0
2026-01-12 17:00:00+00:00,158.15,158.17,158.058,158.081,1875,10,0
2026-01-12 18:00:00+00:00,158.081,158.141,158.049,158.128,1356,10,0
2026-01-12 19:00:00+00:00,158.128,158.147,158.089,158.137,1047,10,0
2026-01-12 20:00:00+00:00,158.136,158.199,158.112,158.18,1107,10,0
2026-01-12 21:00:00+00:00,158.177,158.185,158.112,158.122,762,10,0
2026-01-12 22:00:00+00:00,158.134,158.141,157.91,158.088,928,26,0
2026-01-12 23:00:00+00:00,158.088,158.171,157.866,157.974,1978,10,0
2026-01-13 00:00:00+00:00,157.976,158.28,157.958,158.157,3469,10,0
2026-01-13 01:00:00+00:00,158.158,158.5,158.155,158.476,2877,10,0
2026-01-13 02:00:00+00:00,158.479,158.685,158.332,158.666,2611,10,0
2026-01-13 03:00:00+00:00,158.666,158.824,158.638,158.808,1783,10,0
2026-01-13 04:00:00+00:00,158.81,158.905,158.622,158.715,4669,10,0
2026-01-13 05:00:00+00:00,158.715,158.825,158.702,158.779,2585,10,0
2026-01-13 06:00:00+00:00,158.779,158.969,158.74,158.756,2923,10,0
2026-01-13 07:00:00+00:00,158.756,158.949,158.729,158.938,3046,10,0
2026-01-13 08:00:00+00:00,158.936,159.046,158.865,158.925,3777,10,0
2026-01-13 09:00:00+00:00,158.928,159.013,158.812,158.889,2615,10,0
2026-01-13 10:00:00+00:00,158.887,158.945,158.797,158.803,2181,10,0
2026-01-13 11:00:00+00:00,158.803,158.94,158.8,158.853,1865,10,0
2026-01-13 12:00:00+00:00,158.853,158.933,158.837,158.888,1841,10,0
2026-01-13 13:00:00+00:00,158.888,158.952,158.575,158.879,6144,10,0
2026-01-13 14:00:00+00:00,158.882,158.996,158.799,158.907,4885,10,0
2026-01-13 15:00:00+00:00,158.911,159.087,158.848,158.921,4636,10,0
2026-01-13 16:00:00+00:00,158.924,159.19,158.901,159.065,3478,10,0
2026-01-13 17:00:00+00:00,159.067,159.138,158.971,159.02,2126,10,0
2026-01-13 18:00:00+00:00,159.02,159.092,158.996,159.038,1650,10,0
2026-01-13 19:00:00+00:00,159.038,159.141,159.034,159.11,1334,10,0
2026-01-13 20:00:00+00:00,159.108,159.156,159.084,159.116,1128,10,0
2026-01-13 21:00:00+00:00,159.114,159.167,159.108,159.142,632,10,0
2026-01-13 22:00:00+00:00,159.134,159.155,158.946,159.122,707,26,0
2026-01-13 23:00:00+00:00,159.126,159.197,159.104,159.191,1072,10,0
2026-01-14 00:00:00+00:00,159.198,159.282,159.088,159.19,3658,10,0
2026-01-14 01:00:00+00:00,159.19,159.45,159.19,159.336,2825,10,0
2026-01-14 02:00:00+00:00,159.335,159.391,159.177,159.202,2665,10,0
2026-01-14 03:00:00+00:00,159.203,159.203,159.076,159.157,1902,10,0
2026-01-14 04:00:00+00:00,159.16,159.239,159.124,159.201,1487,10,0
2026-01-14 05:00:00+00:00,159.201,159.339,159.158,159.331,1757,10,0
2026-01-14 06:00:00+00:00,159.333,159.349,159.132,159.139,2337,10,0
2026-01-14 07:00:00+00:00,159.139,159.192,159.102,159.174,2165,10,0
2026-01-14 08:00:00+00:00,159.172,159.19,158.863,158.926,6108,10,0
2026-01-14 09:00:00+00:00,158.927,158.944,158.664,158.759,4235,10,0
2026-01-14 10:00:00+00:00,158.758,158.812,158.578,158.68,3682,10,0
2026-01-14 11:00:00+00:00,158.681,158.818,158.566,158.709,2846,10,0
2026-01-14 12:00:00+00:00,158.708,158.716,158.131,158.554,8096,10,0
2026-01-14 13:00:00+00:00,158.555,158.737,158.502,158.592,4143,10,0
2026-01-14 14:00:00+00:00,158.594,158.669,158.155,158.208,8918,10,0
2026-01-14 15:00:00+00:00,158.209,158.41,158.1,158.121,5239,10,0
2026-01-14 16:00:00+00:00,158.12,158.279,158.091,158.133,3265,10,0
2026-01-14 17:00:00+00:00,158.135,158.34,158.117,158.297,2221,10,0
2026-01-14 18:00:00+00:00,158.298,158.461,158.298,158.461,1938,10,0
2026-01-14 19:00:00+00:00,158.463,158.513,158.416,158.501,1817,10,0
2026-01-14 20:00:00+00:00,158.499,158.596,158.456,158.588,2381,10,0
2026-01-14 21:00:00+00:00,158.579,158.587,158.342,158.357,967,10,0
2026-01-14 22:00:00+00:00,158.354,158.354,158.064,158.192,786,146,0
2026-01-14 23:00:00+00:00,158.285,158.429,158.247,158.417,1373,10,0
2026-01-15 00:00:00+00:00,158.417,158.572,158.377,158.407,3690,10,0
2026-01-15 01:00:00+00:00,158.407,158.434,158.223,158.349,3753,10,0
2026-01-15 02:00:00+00:00,158.352,158.541,158.304,158.518,2661,10,0
2026-01-15 03:00:00+00:00,158.517,158.641,158.489,158.511,2037,10,0
2026-01-15 04:00:00+00:00,158.509,158.645,158.472,158.587,1643,10,0
2026-01-15 05:00:00+00:00,158.589,158.612,158.377,158.43,2285,10,0
2026-01-15 06:00:00+00:00,158.427,158.651,158.395,158.608,2699,10,0
2026-01-15 07:00:00+00:00,158.606,158.729,158.447,158.579,3451,10,0
2026-01-15 08:00:00+00:00,158.579,158.709,158.533,158.684,3508,10,0
2026-01-15 09:00:00+00:00,158.686,158.697,158.296,158.393,5666,10,0
2026-01-15 10:00:00+00:00,158.39,158.469,158.341,158.465,2484,10,0
2026-01-15 11:00:00+00:00,158.463,158.561,158.428,158.561,1756,10,0
2026-01-15 12:00:00+00:00,158.565,158.602,158.485,158.593,1891,10,0
2026-01-15 13:00:00+00:00,158.595,158.849,158.547,158.825,3977,10,0
2026-01-15 14:00:00+00:00,158.822,158.874,158.645,158.739,3965,10,0
2026-01-15 15:00:00+00:00,158.737,158.739,158.469,158.533,3758,10,0
2026-01-15 16:00:00+00:00,158.534,158.566,158.409,158.496,2745,10,0
2026-01-15 17:00:00+00:00,158.496,158.537,158.44,158.502,1867,10,0
2026-01-15 18:00:00+00:00,158.503,158.521,158.471,158.489,1616,10,0
2026-01-15 19:00:00+00:00,158.489,158.556,158.458,158.523,1594,10,0
2026-01-15 20:00:00+00:00,158.522,158.639,158.509,158.637,1368,10,0
2026-01-15 21:00:00+00:00,158.63,158.663,158.593,158.599,823,10,0
2026-01-15 22:00:00+00:00,158.6,158.627,158.516,158.617,362,26,0
2026-01-15 23:00:00+00:00,158.617,158.664,158.553,158.58,1059,10,0
2026-01-16 00:00:00+00:00,158.59,158.703,158.516,158.652,2632,10,0
2026-01-16 01:00:00+00:00,158.653,158.68,158.469,158.593,2495,10,0
2026-01-16 02:00:00+00:00,158.594,158.627,157.955,158.301,6766,10,0
2026-01-16 03:00:00+00:00,158.298,158.308,158.104,158.105,3000,10,0
2026-01-16 04:00:00+00:00,158.105,158.289,158.096,158.272,2010,10,0
2026-01-16 05:00:00+00:00,158.272,158.376,158.22,158.371,1716,10,0
2026-01-16 06:00:00+00:00,158.372,158.447,158.332,158.383,1912,10,0
2026-01-16 07:00:00+00:00,158.385,158.402,158.093,158.168,4359,10,0
2026-01-16 08:00:00+00:00,158.166,158.249,158.01,158.203,4180,10,0
2026-01-16 09:00:00+00:00,158.203,158.211,158.066,158.192,2939,10,0
2026-01-16 10:00:00+00:00,158.192,158.217,158.072,158.124,2920,10,0
2026-01-16 11:00:00+00:00,158.124,158.15,158.045,158.089,2457,10,0
2026-01-16 12:00:00+00:00,158.091,158.222,158.071,158.149,3001,10,0
2026-01-16 13:00:00+00:00,158.149,158.151,157.937,158.018,2876,10,0
2026-01-16 14:00:00+00:00,158.019,158.115,157.836,157.907,3147,10,0
2026-01-16 15:00:00+00:00,157.905,158.266,157.817,158.058,8021,10,0
2026-01-16 16:00:00+00:00,158.056,158.097,157.932,158.018,4028,10,0
2026-01-16 17:00:00+00:00,158.017,158.159,158.015,158.136,2074,10,0
2026-01-16 18:00:00+00:00,158.136,158.24,158.124,158.175,1761,10,0
2026-01-16 19:00:00+00:00,158.176,158.206,158.098,158.119,1393,10,0
2026-01-16 20:00:00+00:00,158.116,158.116,158.036,158.074,1256,10,0
2026-01-16 21:00:00+00:00,158.07,158.133,158.054,158.073,978,10,0
2026-01-18 22:00:00+00:00,157.882,157.942,157.719,157.863,1002,26,0
2026-01-18 23:00:00+00:00,157.864,157.874,157.492,157.547,3558,10,0
2026-01-19 00:00:00+00:00,157.549,157.876,157.443,157.47,5871,10,0
2026-01-19 01:00:00+00:00,157.472,157.696,157.42,157.679,4150,10,0
2026-01-19 02:00:00+00:00,157.679,157.926,157.679,157.862,2741,10,0
2026-01-19 03:00:00+00:00,157.864,157.943,157.807,157.875,2437,10,0
2026-01-19 04:00:00+00:00,157.875,157.914,157.818,157.824,1858,10,0
2026-01-19 05:00:00+00:00,157.822,157.946,157.751,157.894,1994,10,0
2026-01-19 06:00:00+00:00,157.897,157.932,157.786,157.811,2059,10,0
2026-01-19 07:00:00+00:00,157.811,158.119,157.738,158.074,3617,10,0
2026-01-19 08:00:00+00:00,158.074,158.147,157.991,158.022,3455,10,0
2026-01-19 09:00:00+00:00,158.021,158.162,157.854,157.922,6651,10,0
2026-01-19 10:00:00+00:00,157.924,157.989,157.822,157.881,2695,10,0
2026-01-19 11:00:00+00:00,157.881,158.102,157.876,158.036,2374,10,0
2026-01-19 12:00:00+00:00,158.039,158.058,157.915,158.018,2488,10,0
2026-01-19 13:00:00+00:00,158.017,158.026,157.868,157.915,2012,10,0
2026-01-19 14:00:00+00:00,157.92,157.945,157.859,157.9,2169,10,0
2026-01-19 15:00:00+00:00,157.899,158.077,157.856,158.056,2517,10,0
2026-01-19 16:00:00+00:00,158.054,158.136,158.034,158.071,2106,10,0
2026-01-19 17:00:00+00:00,158.071,158.105,158.005,158.031,986,10,0
2026-01-19 18:00:00+00:00,158.031,158.07,158.001,158.069,494,10,0
2026-01-19 19:00:00+00:00,158.071,158.111,158.07,158.081,370,10,0
2026-01-19 20:00:00+00:00,158.079,158.151,158.076,158.122,369,10,0
2026-01-19 21:00:00+00:00,158.117,158.139,158.072,158.114,282,10,0
2026-01-19 22:00:00+00:00,158.114,158.114,157.968,158.099,336,26,0
2026-01-19 23:00:00+00:00,158.105,158.216,158.103,158.153,1045,10,0
2026-01-20 00:00:00+00:00,158.159,158.279,157.898,157.937,4327,10,0
2026-01-20 01:00:00+00:00,157.934,158.188,157.842,157.948,4603,10,0
2026-01-20 02:00:00+00:00,157.947,158.074,157.939,158.031,2431,10,0
2026-01-20 03:00:00+00:00,158.029,158.031,157.901,157.968,2142,10,0
2026-01-20 04:00:00+00:00,157.969,158.101,157.89,158.028,2459,10,0
2026-01-20 05:00:00+00:00,158.026,158.122,157.947,158.1,2446,10,0
2026-01-20 06:00:00+00:00,158.097,158.464,158.095,158.406,3774,10,0
2026-01-20 07:00:00+00:00,158.409,158.598,158.301,158.369,5363,10,0
2026-01-20 08:00:00+00:00,158.367,158.391,157.743,157.813,8249,10,0
2026-01-20 09:00:00+00:00,157.811,157.811,157.551,157.73,6884,10,0
2026-01-20 10:00:00+00:00,157.726,157.935,157.69,157.807,4259,10,0
2026-01-20 11:00:00+00:00,157.804,157.91,157.681,157.745,3729,10,0
2026-01-20 12:00:00+00:00,157.743,157.891,157.65,157.859,3943,10,0
2026-01-20 13:00:00+00:00,157.861,157.971,157.461,157.838,10274,10,0
2026-01-20 14:00:00+00:00,157.838,158.075,157.734,158.032,9683,10,0
2026-01-20 15:00:00+00:00,158.031,158.106,157.846,157.92,5017,10,0
2026-01-20 16:00:00+00:00,157.923,158.071,157.851,157.891,3317,10,0
2026-01-20 17:00:00+00:00,157.893,157.985,157.852,157.95,2682,10,0
2026-01-20 18:00:00+00:00,157.95,158.056,157.946,158.047,2049,10,0
2026-01-20 19:00:00+00:00,158.047,158.295,158.038,158.284,2210,10,0
2026-01-20 20:00:00+00:00,158.285,158.286,158.182,158.202,2301,10,0
2026-01-20 21:00:00+00:00,158.197,158.22,158.127,158.134,957,10,0
2026-01-20 22:00:00+00:00,158.134,158.153,158.052,158.153,379,26,0
2026-01-20 23:00:00+00:00,158.162,158.204,158.032,158.144,1512,10,0
2026-01-21 00:00:00+00:00,158.151,158.279,158.109,158.109,4025,10,0
2026-01-21 01:00:00+00:00,158.108,158.171,157.854,157.959,4180,10,0
2026-01-21 02:00:00+00:00,157.957,158.073,157.886,157.914,2432,10,0
2026-01-21 03:00:00+00:00,157.914,158.147,157.888,158.084,2511,10,0
2026-01-21 04:00:00+00:00,158.084,158.129,157.993,158.034,1997,10,0
2026-01-21 05:00:00+00:00,158.035,158.237,158.029,158.202,2508,10,0
2026-01-21 06:00:00+00:00,158.2,158.255,158.079,158.14,2332,10,0
2026-01-21 07:00:00+00:00,158.142,158.163,157.87,157.924,3046,10,0
2026-01-21 08:00:00+00:00,157.923,157.984,157.815,157.868,3295,10,0
2026-01-21 09:00:00+00:00,157.868,158.034,157.828,157.998,2366,10,0
2026-01-21 10:00:00+00:00,157.999,158.083,157.983,158.02,2282,10,0
2026-01-21 11:00:00+00:00,158.021,158.075,157.91,157.913,2344,10,0
2026-01-21 12:00:00+00:00,157.911,157.937,157.743,157.792,2749,10,0
2026-01-21 13:00:00+00:00,157.789,157.938,157.758,157.882,3056,10,0
2026-01-21 14:00:00+00:00,157.886,158.148,157.871,158.109,7821,10,0
2026-01-21 15:00:00+00:00,158.108,158.308,158.058,158.208,5241,10,0
2026-01-21 16:00:00+00:00,158.21,158.256,158.068,158.165,4328,10,0
2026-01-21 17:00:00+00:00,158.163,158.212,158.036,158.137,2886,10,0
2026-01-21 18:00:00+00:00,158.139,158.24,158.111,158.212,1946,10,0
2026-01-21 19:00:00+00:00,158.214,158.528,158.137,158.382,4987,10,0
2026-01-21 20:00:00+00:00,158.379,158.495,158.323,158.365,2434,10,0
2026-01-21 21:00:00+00:00,158.353,158.41,158.178,158.209,1110,10,0
2026-01-21 22:00:00+00:00,158.197,158.228,158.131,158.184,722,146,0
2026-01-21 23:00:00+00:00,158.31,158.476,158.263,158.448,1280,10,0
2026-01-22 00:00:00+00:00,158.454,158.487,158.174,158.237,3798,10,0
2026-01-22 01:00:00+00:00,158.238,158.362,158.212,158.347,2688,10,0
2026-01-22 02:00:00+00:00,158.347,158.476,158.338,158.462,2162,10,0
2026-01-22 03:00:00+00:00,158.461,158.586,158.4,158.553,2166,10,0
2026-01-22 04:00:00+00:00,158.555,158.702,158.551,158.645,2128,10,0
2026-01-22 05:00:00+00:00,158.644,158.731,158.625,158.709,2069,10,0
2026-01-22 06:00:00+00:00,158.71,158.845,158.702,158.775,2509,10,0
2026-01-22 07:00:00+00:00,158.772,158.889,158.753,158.775,2960,10,0
2026-01-22 08:00:00+00:00,158.777,158.851,158.728,158.766,3064,10,0
2026-01-22 09:00:00+00:00,158.764,158.774,158.605,158.687,2765,10,0
2026-01-22 10:00:00+00:00,158.691,158.759,158.624,158.629,2130,10,0
2026-01-22 11:00:00+00:00,158.63,158.699,158.531,158.591,2955,10,0
2026-01-22 12:00:00+00:00,158.593,158.826,158.538,158.818,2764,10,0
2026-01-22 13:00:00+00:00,158.82,158.864,158.617,158.695,3910,10,0
2026-01-22 14:00:00+00:00,158.696,158.759,158.53,158.613,3399,10,0
2026-01-22 15:00:00+00:00,158.611,158.645,158.346,158.389,4491,10,0
2026-01-22 16:00:00+00:00,158.388,158.425,158.252,158.358,3177,10,0
2026-01-22 17:00:00+00:00,158.359,158.505,158.232,158.305,3511,10,0
2026-01-22 18:00:00+00:00,158.307,158.333,158.274,158.306,1845,10,0
2026-01-22 19:00:00+00:00,158.307,158.465,158.292,158.404,1648,10,0
2026-01-22 20:00:00+00:00,158.402,158.44,158.332,158.435,1377,10,0
2026-01-22 21:00:00+00:00,158.42,158.463,158.369,158.393,981,10,0
2026-01-22 22:00:00+00:00,158.406,158.406,158.26,158.393,431,26,0
2026-01-22 23:00:00+00:00,158.395,158.522,158.354,158.479,1363,10,0
2026-01-23 00:00:00+00:00,158.482,158.579,158.435,158.519,3255,10,0
2026-01-23 01:00:00+00:00,158.517,158.66,158.477,158.635,2646,10,0
2026-01-23 02:00:00+00:00,158.635,158.678,158.502,158.602,2217,10,0
2026-01-23 03:00:00+00:00,158.601,158.739,158.489,158.628,3353,10,0
2026-01-23 04:00:00+00:00,158.628,158.663,158.531,158.544,1705,10,0
2026-01-23 05:00:00+00:00,158.545,158.637,158.468,158.621,1703,10,0
2026-01-23 06:00:00+00:00,158.624,158.947,158.541,158.866,4539,10,0
2026-01-23 07:00:00+00:00,158.865,159.224,157.295,158.386,23167,10,0
2026-01-23 08:00:00+00:00,158.388,158.49,158.099,158.129,10803,10,0
2026-01-23 09:00:00+00:00,158.135,158.137,157.859,158.0,7119,10,0
2026-01-23 10:00:00+00:00,157.998,158.244,157.986,158.187,3632,10,0
2026-01-23 11:00:00+00:00,158.19,158.313,158.13,158.134,3811,10,0
2026-01-23 12:00:00+00:00,158.133,158.264,158.09,158.15,2428,10,0
2026-01-23 13:00:00+00:00,158.151,158.274,158.087,158.264,2695,10,0
2026-01-23 14:00:00+00:00,158.264,158.337,158.201,158.263,3186,10,0
2026-01-23 15:00:00+00:00,158.26,158.304,158.094,158.109,3049,10,0
2026-01-23 16:00:00+00:00,158.11,158.221,157.369,157.561,8350,10,0
2026-01-23 17:00:00+00:00,157.563,157.619,156.12,156.359,22830,10,0
2026-01-23 18:00:00+00:00,156.362,156.629,156.014,156.163,11647,10,0
2026-01-23 19:00:00+00:00,156.162,156.259,155.666,155.888,7806,10,0
2026-01-23 20:00:00+00:00,155.89,155.957,155.73,155.812,5583,10,0
2026-01-23 21:00:00+00:00,155.806,155.84,155.597,155.73,1846,10,0
2026-01-25 22:00:00+00:00,154.677,155.126,154.096,154.486,1550,38,0
2026-01-25 23:00:00+00:00,154.545,155.242,154.473,155.138,4379,10,0
2026-01-26 00:00:00+00:00,155.143,155.344,154.661,154.84,12038,10,0
2026-01-26 01:00:00+00:00,154.838,154.931,154.298,154.421,9948,10,0
2026-01-26 02:00:00+00:00,154.422,154.481,153.883,153.988,10613,10,0
2026-01-26 03:00:00+00:00,153.985,154.335,153.945,154.208,6174,10,0
2026-01-26 04:00:00+00:00,154.208,154.274,153.807,154.029,6421,10,0
2026-01-26 05:00:00+00:00,154.03,154.112,153.921,154.105,4769,10,0
2026-01-26 06:00:00+00:00,154.105,154.414,154.024,154.243,5376,10,0
2026-01-26 07:00:00+00:00,154.24,154.321,153.905,154.243,6790,10,0
2026-01-26 08:00:00+00:00,154.246,154.344,153.397,153.914,11794,10,0
2026-01-26 09:00:00+00:00,153.914,154.136,153.527,153.666,9936,10,0
2026-01-26 10:00:00+00:00,153.665,153.882,153.524,153.557,5766,10,0
2026-01-26 11:00:00+00:00,153.556,153.825,153.301,153.732,6295,10,0
2026-01-26 12:00:00+00:00,153.73,154.184,153.727,154.126,5318,10,0
2026-01-26 13:00:00+00:00,154.127,154.339,154.034,154.057,5446,10,0
2026-01-26 14:00:00+00:00,154.057,154.133,153.691,153.738,5436,10,0
2026-01-26 15:00:00+00:00,153.74,153.882,153.612,153.811,5730,10,0
2026-01-26 16:00:00+00:00,153.813,154.027,153.712,153.883,5154,10,0
2026-01-26 17:00:00+00:00,153.883,154.11,153.853,153.971,3512,10,0
2026-01-26 18:00:00+00:00,153.971,154.189,153.891,154.158,3103,10,0
2026-01-26 19:00:00+00:00,154.155,154.273,154.021,154.038,3882,10,0
2026-01-26 20:00:00+00:00,154.04,154.147,153.854,154.082,4097,10,0
2026-01-26 21:00:00+00:00,154.067,154.256,154.057,154.164,1441,10,0
2026-01-26 22:00:00+00:00,154.131,154.216,154.055,154.118,516,26,0
2026-01-26 23:00:00+00:00,154.15,154.417,154.092,154.385,1756,10,0
2026-01-27 00:00:00+00:00,154.382,154.451,154.119,154.284,5227,10,0
2026-01-27 01:00:00+00:00,154.284,154.405,154.232,154.342,4394,10,0
2026-01-27 02:00:00+00:00,154.342,154.362,154.083,154.256,3046,10,0
2026-01-27 03:00:00+00:00,154.258,154.467,154.233,154.412,2538,10,0
2026-01-27 04:00:00+00:00,154.415,154.62,154.411,154.589,2930,10,0
2026-01-27 05:00:00+00:00,154.588,154.639,154.426,154.499,2443,10,0
2026-01-27 06:00:00+00:00,154.498,154.607,154.366,154.532,2838,10,0
2026-01-27 07:00:00+00:00,154.533,154.761,154.463,154.728,4052,10,0
2026-01-27 08:00:00+00:00,154.725,154.876,154.637,154.703,4130,10,0
2026-01-27 09:00:00+00:00,154.701,154.731,153.17,153.74,14566,10,0
2026-01-27 10:00:00+00:00,153.742,154.188,153.549,153.74,12677,10,0
2026-01-27 11:00:00+00:00,153.74,153.763,153.561,153.725,5617,10,0
2026-01-27 12:00:00+00:00,153.724,153.792,153.25,153.302,8018,10,0
2026-01-27 13:00:00+00:00,153.3,153.422,152.99,153.25,12044,10,0
2026-01-27 14:00:00+00:00,153.249,153.372,152.919,153.223,8732,10,0
2026-01-27 15:00:00+00:00,153.221,153.335,152.87,153.239,9053,10,0
2026-01-27 16:00:00+00:00,153.242,153.267,152.942,153.039,5015,10,0
2026-01-27 17:00:00+00:00,153.036,153.147,152.603,152.764,7170,10,0
2026-01-27 18:00:00+00:00,152.764,152.879,152.564,152.76,4693,10,0
2026-01-27 19:00:00+00:00,152.761,152.834,152.702,152.713,2924,10,0
2026-01-27 20:00:00+00:00,152.715,152.84,152.087,152.378,14325,10,0
2026-01-27 21:00:00+00:00,152.319,152.449,152.167,152.188,3198,10,0
2026-01-27 22:00:00+00:00,152.186,152.327,152.119,152.278,852,26,0
2026-01-27 23:00:00+00:00,152.278,152.605,152.248,152.488,2802,10,0
2026-01-28 00:00:00+00:00,152.493,152.712,152.43,152.634,8384,10,0
2026-01-28 01:00:00+00:00,152.635,152.989,152.596,152.987,5902,10,0
2026-01-28 02:00:00+00:00,152.989,153.065,152.808,152.839,4244,10,0
2026-01-28 03:00:00+00:00,152.837,152.837,152.645,152.716,3100,10,0
2026-01-28 04:00:00+00:00,152.715,152.835,152.523,152.558,2616,10,0
2026-01-28 05:00:00+00:00,152.557,152.733,152.472,152.625,4656,10,0
2026-01-28 06:00:00+00:00,152.627,152.729,152.554,152.65,4103,10,0
2026-01-28 07:00:00+00:00,152.648,152.732,152.279,152.645,6051,10,0
2026-01-28 08:00:00+00:00,152.644,152.804,152.4,152.636,8172,10,0
2026-01-28 09:00:00+00:00,152.638,152.761,152.557,152.714,5333,10,0
2026-01-28 10:00:00+00:00,152.711,152.724,152.344,152.566,5150,10,0
2026-01-28 11:00:00+00:00,152.565,152.722,152.544,152.602,3895,10,0
2026-01-28 12:00:00+00:00,152.603,152.638,152.389,152.567,4607,10,0
2026-01-28 13:00:00+00:00,152.563,152.912,152.542,152.846,4592,10,0
2026-01-28 14:00:00+00:00,152.844,152.997,152.646,152.825,5822,10,0
2026-01-28 15:00:00+00:00,152.826,153.734,152.765,153.459,22432,10,0
2026-01-28 16:00:00+00:00,153.461,153.783,153.409,153.598,6956,10,0
2026-01-28 17:00:00+00:00,153.602,153.756,153.52,153.524,3967,10,0
2026-01-28 18:00:00+00:00,153.522,153.945,153.52,153.828,3990,10,0
2026-01-28 19:00:00+00:00,153.827,154.043,153.457,153.486,11417,10,0
2026-01-28 20:00:00+00:00,153.484,153.572,153.298,153.379,5425,10,0
2026-01-28 21:00:00+00:00,153.361,153.454,153.284,153.303,1872,10,0
2026-01-28 22:00:00+00:00,153.291,153.335,153.222,153.312,448,146,0
2026-01-28 23:00:00+00:00,153.415,153.419,153.025,153.083,2793,10,0
2026-01-29 00:00:00+00:00,153.077,153.207,152.764,153.091,7241,10,0
2026-01-29 01:00:00+00:00,153.091,153.352,153.068,153.257,6201,10,0
2026-01-29 02:00:00+00:00,153.261,153.39,153.027,153.112,4662,10,0
2026-01-29 03:00:00+00:00,153.11,153.175,152.898,152.925,3255,10,0
2026-01-29 04:00:00+00:00,152.925,153.23,152.896,152.97,3621,10,0
2026-01-29 05:00:00+00:00,152.972,153.09,152.902,153.013,2822,10,0
2026-01-29 06:00:00+00:00,153.017,153.153,152.916,153.049,3893,10,0
2026-01-29 07:00:00+00:00,153.051,153.423,152.982,153.308,4210,10,0
2026-01-29 08:00:00+00:00,153.311,153.457,153.155,153.315,5559,10,0
2026-01-29 09:00:00+00:00,153.313,153.381,153.135,153.31,4222,10,0
2026-01-29 10:00:00+00:00,153.308,153.45,153.276,153.433,3786,10,0
2026-01-29 11:00:00+00:00,153.431,153.532,153.371,153.459,3638,10,0
2026-01-29 12:00:00+00:00,153.459,153.473,153.221,153.222,3313,10,0
2026-01-29 13:00:00+00:00,153.223,153.402,153.176,153.331,5032,10,0
2026-01-29 14:00:00+00:00,153.329,153.39,153.001,153.071,5941,10,0
2026-01-29 15:00:00+00:00,153.072,153.508,152.676,152.807,15744,10,0
2026-01-29 16:00:00+00:00,152.807,153.046,152.716,152.887,7792,10,0
2026-01-29 17:00:00+00:00,152.884,152.972,152.799,152.902,5502,10,0
2026-01-29 18:00:00+00:00,152.903,153.145,152.901,153.015,3935,10,0
2026-01-29 19:00:00+00:00,153.013,153.168,153.01,153.07,3065,10,0
2026-01-29 20:00:00+00:00,153.073,153.209,153.013,153.111,2681,10,0
2026-01-29 21:00:00+00:00,153.098,153.172,153.045,153.06,1452,10,0
2026-01-29 22:00:00+00:00,153.005,153.13,152.886,152.972,803,26,0
2026-01-29 23:00:00+00:00,152.994,153.176,152.838,153.137,1828,10,0
2026-01-30 00:00:00+00:00,153.139,153.647,153.077,153.498,6950,10,0
2026-01-30 01:00:00+00:00,153.498,153.788,153.456,153.749,7188,10,0
2026-01-30 02:00:00+00:00,153.75,153.978,153.646,153.803,8908,10,0
2026-01-30 03:00:00+00:00,153.799,153.975,153.76,153.951,4165,10,0
2026-01-30 04:00:00+00:00,153.949,153.966,153.837,153.92,2914,10,0
2026-01-30 05:00:00+00:00,153.918,154.138,153.765,153.915,4407,10,0
2026-01-30 06:00:00+00:00,153.913,153.982,153.748,153.903,4935,10,0
2026-01-30 07:00:00+00:00,153.901,154.053,153.709,153.8,6520,10,0
2026-01-30 08:00:00+00:00,153.801,153.953,153.702,153.938,6578,10,0
2026-01-30 09:00:00+00:00,153.941,154.282,153.928,154.273,6245,10,0
2026-01-30 10:00:00+00:00,154.274,154.386,154.082,154.16,5307,10,0
2026-01-30 11:00:00+00:00,154.161,154.166,153.851,153.855,4912,10,0
2026-01-30 12:00:00+00:00,153.856,154.071,153.791,154.033,4954,10,0
2026-01-30 13:00:00+00:00,154.031,154.373,153.974,154.364,6332,10,0
2026-01-30 14:00:00+00:00,154.362,154.518,154.239,154.457,6066,10,0
2026-01-30 15:00:00+00:00,154.459,154.757,154.214,154.218,9281,10,0
2026-01-30 16:00:00+00:00,154.216,154.392,154.16,154.33,6890,10,0
2026-01-30 17:00:00+00:00,154.33,154.53,154.312,154.438,5825,10,0
2026-01-30 18:00:00+00:00,154.44,154.639,154.282,154.394,6959,10,0
2026-01-30 19:00:00+00:00,154.397,154.686,154.356,154.529,5263,10,0
2026-01-30 20:00:00+00:00,154.532,154.775,154.524,154.757,4651,10,0
2026-01-30 21:00:00+00:00,154.743,154.784,154.697,154.762,1939,10,0
2026-02-01 22:00:00+00:00,154.787,155.364,154.739,155.141,1000,26,0
2026-02-01 23:00:00+00:00,155.244,155.504,155.074,155.215,4321,10,0
2026-02-02 00:00:00+00:00,155.216,155.267,154.819,155.226,8994,10,0
2026-02-02 01:00:00+00:00,155.229,155.386,155.004,155.034,6824,10,0
2026-02-02 02:00:00+00:00,155.031,155.138,154.842,155.138,6082,10,0
2026-02-02 03:00:00+00:00,155.139,155.143,154.895,154.972,4883,10,0
2026-02-02 04:00:00+00:00,154.969,154.978,154.751,154.834,4834,10,0
2026-02-02 05:00:00+00:00,154.836,154.965,154.752,154.888,5215,10,0
2026-02-02 06:00:00+00:00,154.888,154.989,154.546,154.59,7408,10,0
2026-02-02 07:00:00+00:00,154.592,154.915,154.571,154.901,5781,10,0
2026-02-02 08:00:00+00:00,154.898,155.069,154.748,154.969,6121,10,0
2026-02-02 09:00:00+00:00,154.968,154.992,154.749,154.77,5235,10,0
2026-02-02 10:00:00+00:00,154.772,154.884,154.718,154.757,4355,10,0
2026-02-02 11:00:00+00:00,154.758,154.881,154.719,154.749,3456,10,0
2026-02-02 12:00:00+00:00,154.752,155.005,154.704,154.937,3974,10,0
2026-02-02 13:00:00+00:00,154.935,155.294,154.928,155.224,5053,10,0
2026-02-02 14:00:00+00:00,155.225,155.401,155.135,155.305,5412,10,0
2026-02-02 15:00:00+00:00,155.318,155.7,155.318,155.665,7579,10,0
2026-02-02 16:00:00+00:00,155.661,155.677,155.487,155.5,5106,10,0
2026-02-02 17:00:00+00:00,155.502,155.553,155.411,155.503,3618,10,0
2026-02-02 18:00:00+00:00,155.5,155.736,155.498,155.659,3083,10,0
2026-02-02 19:00:00+00:00,155.657,155.782,155.616,155.626,2502,10,0
2026-02-02 20:00:00+00:00,155.623,155.665,155.519,155.581,2335,10,0
2026-02-02 21:00:00+00:00,155.562,155.614,155.516,155.562,1328,10,0
2026-02-02 22:00:00+00:00,155.573,155.616,155.488,155.538,689,26,0
2026-02-02 23:00:00+00:00,155.549,155.591,155.407,155.461,1726,10,0
2026-02-03 00:00:00+00:00,155.469,155.593,155.437,155.467,4600,10,0
2026-02-03 01:00:00+00:00,155.468,155.616,155.407,155.469,4279,10,0
2026-02-03 02:00:00+00:00,155.468,155.543,155.374,155.533,3452,10,0
2026-02-03 03:00:00+00:00,155.533,155.552,155.4,155.467,2784,10,0
2026-02-03 04:00:00+00:00,155.468,155.495,155.287,155.409,2642,10,0
2026-02-03 05:00:00+00:00,155.41,155.473,155.337,155.424,2147,10,0
2026-02-03 06:00:00+00:00,155.425,155.473,155.353,155.415,2409,10,0
2026-02-03 07:00:00+00:00,155.412,155.524,155.304,155.403,3835,10,0
2026-02-03 08:00:00+00:00,155.4,155.578,155.365,155.529,4382,10,0
2026-02-03 09:00:00+00:00,155.526,155.874,155.508,155.869,4067,10,0
2026-02-03 10:00:00+00:00,155.869,155.949,155.782,155.922,2507,10,0
2026-02-03 11:00:00+00:00,155.922,155.98,155.872,155.945,2334,10,0
2026-02-03 12:00:00+00:00,155.945,155.956,155.848,155.871,2636,10,0
2026-02-03 13:00:00+00:00,155.871,155.891,155.766,155.876,3573,10,0
2026-02-03 14:00:00+00:00,155.88,156.081,155.79,155.862,4409,10,0
2026-02-03 15:00:00+00:00,155.863,155.931,155.698,155.71,4879,10,0
2026-02-03 16:00:00+00:00,155.708,155.775,155.658,155.71,3525,10,0
2026-02-03 17:00:00+00:00,155.71,155.728,155.521,155.718,3690,10,0
2026-02-03 18:00:00+00:00,155.721,155.8,155.599,155.647,3115,10,0
2026-02-03 19:00:00+00:00,155.649,155.802,155.645,155.77,2321,10,0
2026-02-03 20:00:00+00:00,155.768,155.807,155.695,155.725,2125,10,0
2026-02-03 21:00:00+00:00,155.721,155.778,155.685,155.734,1341,10,0
2026-02-03 22:00:00+00:00,155.732,155.777,155.653,155.749,509,26,0
2026-02-03 23:00:00+00:00,155.749,155.851,155.684,155.796,1363,10,0
2026-02-04 00:00:00+00:00,155.801,156.035,155.801,156.02,3859,10,0
2026-02-04 01:00:00+00:00,156.022,156.182,156.011,156.129,3676,10,0
2026-02-04 02:00:00+00:00,156.132,156.287,156.12,156.258,2478,10,0
2026-02-04 03:00:00+00:00,156.26,156.388,156.242,156.314,2294,10,0
2026-02-04 04:00:00+00:00,156.314,156.359,156.243,156.272,1716,10,0
2026-02-04 05:00:00+00:00,156.274,156.353,156.232,156.298,1977,10,0
2026-02-04 06:00:00+00:00,156.298,156.385,156.23,156.353,2176,10,0
2026-02-04 07:00:00+00:00,156.353,156.46,156.312,156.421,2477,10,0
2026-02-04 08:00:00+00:00,156.424,156.49,156.39,156.461,2695,10,0
2026-02-04 09:00:00+00:00,156.457,156.664,156.39,156.643,2793,10,0
2026-02-04 10:00:00+00:00,156.64,156.806,156.608,156.732,2589,10,0
2026-02-04 11:00:00+00:00,156.732,156.854,156.712,156.818,2587,10,0
2026-02-04 12:00:00+00:00,156.82,156.82,156.593,156.624,2642,10,0
2026-02-04 13:00:00+00:00,156.622,156.759,156.458,156.476,4618,10,0
2026-02-04 14:00:00+00:00,156.473,156.589,156.408,156.454,5489,10,0
2026-02-04 15:00:00+00:00,156.445,156.705,156.349,156.65,5827,10,0
2026-02-04 16:00:00+00:00,156.652,156.733,156.548,156.616,4203,10,0
2026-02-04 17:00:00+00:00,156.615,156.691,156.457,156.67,4070,10,0
2026-02-04 18:00:00+00:00,156.669,156.78,156.625,156.774,2518,10,0
2026-02-04 19:00:00+00:00,156.775,156.889,156.736,156.816,2394,10,0
2026-02-04 20:00:00+00:00,156.816,156.936,156.802,156.919,1668,10,0
2026-02-04 21:00:00+00:00,156.92,156.939,156.753,156.756,1220,10,0
2026-02-04 22:00:00+00:00,156.753,156.767,156.617,156.72,800,146,0
2026-02-04 23:00:00+00:00,156.821,156.926,156.8,156.905,1487,10,0
2026-02-05 00:00:00+00:00,156.905,156.983,156.704,156.782,3104,10,0
2026-02-05 01:00:00+00:00,156.781,156.94,156.776,156.857,2876,10,0
2026-02-05 02:00:00+00:00,156.86,156.967,156.781,156.883,3840,10,0
2026-02-05 03:00:00+00:00,156.881,156.914,156.678,156.79,3114,10,0
2026-02-05 04:00:00+00:00,156.79,156.869,156.789,156.813,1697,10,0
2026-02-05 05:00:00+00:00,156.813,156.985,156.811,156.972,1472,10,0
2026-02-05 06:00:00+00:00,156.975,157.063,156.848,157.001,3723,10,0
2026-02-05 07:00:00+00:00,157.01,157.197,156.914,157.096,3553,10,0
2026-02-05 08:00:00+00:00,157.099,157.157,156.999,157.001,4239,10,0
2026-02-05 09:00:00+00:00,157.0,157.333,156.995,157.326,3483,10,0
2026-02-05 10:00:00+00:00,157.325,157.331,157.158,157.24,2150,10,0
2026-02-05 11:00:00+00:00,157.239,157.278,157.116,157.144,2166,10,0
2026-02-05 12:00:00+00:00,157.146,157.285,156.857,156.946,6537,10,0
2026-02-05 13:00:00+00:00,156.944,156.947,156.521,156.589,7104,10,0
2026-02-05 14:00:00+00:00,156.592,156.917,156.592,156.875,7320,10,0
2026-02-05 15:00:00+00:00,156.877,156.879,156.544,156.828,7625,10,0
2026-02-05 16:00:00+00:00,156.826,157.018,156.793,156.911,4548,10,0
2026-02-05 17:00:00+00:00,156.911,156.932,156.795,156.8,2613,10,0
2026-02-05 18:00:00+00:00,156.803,156.898,156.762,156.845,1982,10,0
2026-02-05 19:00:00+00:00,156.846,156.909,156.79,156.896,1770,10,0
2026-02-05 20:00:00+00:00,156.894,157.048,156.87,157.036,1887,10,0
2026-02-05 21:00:00+00:00,157.033,157.091,157.012,157.017,1373,10,0
2026-02-05 22:00:00+00:00,157.017,157.05,156.809,157.02,588,26,0
2026-02-05 23:00:00+00:00,157.027,157.047,156.708,156.794,2217,10,0
2026-02-06 00:00:00+00:00,156.802,156.833,156.588,156.646,6604,10,0
2026-02-06 01:00:00+00:00,156.648,156.79,156.505,156.656,5214,10,0
2026-02-06 02:00:00+00:00,156.653,156.825,156.647,156.727,3077,10,0
2026-02-06 03:00:00+00:00,156.727,156.77,156.675,156.732,2220,10,0
2026-02-06 04:00:00+00:00,156.73,156.748,156.625,156.641,1953,10,0
2026-02-06 05:00:00+00:00,156.644,156.766,156.59,156.757,2276,10,0
2026-02-06 06:00:00+00:00,156.759,156.9,156.755,156.783,3180,10,0
2026-02-06 07:00:00+00:00,156.781,156.888,156.669,156.888,2875,10,0
2026-02-06 08:00:00+00:00,156.886,156.988,156.788,156.985,3236,10,0
2026-02-06 09:00:00+00:00,156.985,157.072,156.969,157.048,2613,10,0
2026-02-06 10:00:00+00:00,157.049,157.077,156.902,156.956,1714,10,0
2026-02-06 11:00:00+00:00,156.956,157.153,156.945,157.039,2603,10,0
2026-02-06 12:00:00+00:00,157.04,157.128,156.988,157.074,2229,10,0
2026-02-06 13:00:00+00:00,157.075,157.123,156.897,156.93,2987,10,0
2026-02-06 14:00:00+00:00,156.928,156.951,156.775,156.861,3700,10,0
2026-02-06 15:00:00+00:00,156.863,157.11,156.832,156.836,4460,10,0
2026-02-06 16:00:00+00:00,156.835,157.114,156.832,157.097,3108,10,0
2026-02-06 17:00:00+00:00,157.098,157.129,156.989,157.049,2082,10,0
2026-02-06 18:00:00+00:00,157.049,157.108,156.996,157.082,1756,10,0
2026-02-06 19:00:00+00:00,157.083,157.134,157.068,157.099,1255,10,0
2026-02-06 20:00:00+00:00,157.099,157.138,157.069,157.096,1436,10,0
2026-02-06 21:00:00+00:00,157.097,157.251,157.089,157.236,1535,10,0
2026-02-08 22:00:00+00:00,157.275,157.412,156.929,157.388,1382,26,0
2026-02-08 23:00:00+00:00,157.39,157.652,157.067,157.242,3419,10,0
2026-02-09 00:00:00+00:00,157.247,157.29,156.655,156.882,12025,10,0
2026-02-09 01:00:00+00:00,156.883,156.904,156.204,156.627,9462,10,0
2026-02-09 02:00:00+00:00,156.626,156.936,156.621,156.831,4334,10,0
2026-02-09 03:00:00+00:00,156.833,156.917,156.763,156.866,2804,10,0
2026-02-09 04:00:00+00:00,156.865,156.882,156.649,156.69,2464,10,0
2026-02-09 05:00:00+00:00,156.692,156.707,156.519,156.61,2511,10,0
2026-02-09 06:00:00+00:00,156.61,156.61,156.287,156.518,6391,10,0
2026-02-09 07:00:00+00:00,156.516,156.682,156.297,156.594,4494,10,0
2026-02-09 08:00:00+00:00,156.594,156.777,156.555,156.589,4893,10,0
2026-02-09 09:00:00+00:00,156.589,156.699,156.39,156.638,4557,10,0
2026-02-09 10:00:00+00:00,156.639,156.741,156.567,156.681,4066,10,0
2026-02-09 11:00:00+00:00,156.683,156.749,156.407,156.465,3966,10,0
2026-02-09 12:00:00+00:00,156.462,156.552,156.331,156.378,4246,10,0
2026-02-09 13:00:00+00:00,156.378,156.391,155.907,155.927,7548,10,0
2026-02-09 14:00:00+00:00,155.924,155.939,155.517,155.604,7613,10,0
2026-02-09 15:00:00+00:00,155.602,155.887,155.566,155.845,5323,10,0
2026-02-09 16:00:00+00:00,155.848,156.139,155.828,156.084,3382,10,0
2026-02-09 17:00:00+00:00,156.084,156.134,155.95,155.957,2272,10,0
2026-02-09 18:00:00+00:00,155.96,156.031,155.897,155.904,2129,10,0
2026-02-09 19:00:00+00:00,155.903,155.94,155.636,155.705,2298,10,0
2026-02-09 20:00:00+00:00,155.708,155.883,155.702,155.871,1780,10,0
2026-02-09 21:00:00+00:00,155.859,155.921,155.841,155.85,1021,10,0
2026-02-09 22:00:00+00:00,155.864,155.918,155.649,155.856,1021,26,0
2026-02-09 23:00:00+00:00,155.863,156.141,155.824,156.124,1501,10,0
2026-02-10 00:00:00+00:00,156.126,156.289,155.96,155.982,4024,10,0
2026-02-10 01:00:00+00:00,155.978,156.057,155.671,155.728,5266,10,0
2026-02-10 02:00:00+00:00,155.73,155.83,155.36,155.366,4438,10,0
2026-02-10 03:00:00+00:00,155.37,155.396,155.146,155.324,4018,10,0
2026-02-10 04:00:00+00:00,155.323,155.362,155.133,155.26,3023,10,0
2026-02-10 05:00:00+00:00,155.257,155.321,155.082,155.301,2916,10,0
2026-02-10 06:00:00+00:00,155.304,155.447,155.273,155.407,3305,10,0
2026-02-10 07:00:00+00:00,155.41,155.607,155.278,155.555,3400,10,0
2026-02-10 08:00:00+00:00,155.558,155.632,155.485,155.548,3545,10,0
2026-02-10 09:00:00+00:00,155.548,155.55,155.243,155.282,3614,10,0
2026-02-10 10:00:00+00:00,155.282,155.282,155.044,155.135,3310,10,0
2026-02-10 11:00:00+00:00,155.135,155.299,155.105,155.265,2335,10,0
2026-02-10 12:00:00+00:00,155.263,155.305,155.062,155.173,3628,10,0
2026-02-10 13:00:00+00:00,155.175,155.227,154.722,154.753,6336,10,0
2026-02-10 14:00:00+00:00,154.751,154.794,154.209,154.388,7352,10,0
2026-02-10 15:00:00+00:00,154.39,154.461,154.065,154.205,8159,10,0
2026-02-10 16:00:00+00:00,154.202,154.326,154.049,154.284,4993,10,0
2026-02-10 17:00:00+00:00,154.282,154.417,154.152,154.374,2857,10,0
2026-02-10 18:00:00+00:00,154.374,154.541,154.364,154.495,2292,10,0
2026-02-10 19:00:00+00:00,154.495,154.584,154.297,154.311,2039,10,0
2026-02-10 20:00:00+00:00,154.312,154.366,154.241,154.339,1772,10,0
2026-02-10 21:00:00+00:00,154.34,154.42,154.306,154.357,885,10,0
2026-02-10 22:00:00+00:00,154.364,154.396,154.303,154.387,461,26,0
2026-02-10 23:00:00+00:00,154.396,154.502,154.381,154.498,990,10,0
2026-02-11 00:00:00+00:00,154.498,154.515,153.994,154.047,3880,10,0
2026-02-11 01:00:00+00:00,154.046,154.063,153.831,153.979,4446,10,0
2026-02-11 02:00:00+00:00,153.976,153.976,153.608,153.613,3972,10,0
2026-02-11 03:00:00+00:00,153.612,153.729,153.54,153.557,2936,10,0
2026-02-11 04:00:00+00:00,153.56,153.58,153.26,153.312,2716,10,0
2026-02-11 05:00:00+00:00,153.312,153.39,152.993,153.037,3617,10,0
2026-02-11 06:00:00+00:00,153.04,153.18,152.794,153.142,5212,10,0
2026-02-11 07:00:00+00:00,153.142,153.323,153.077,153.102,4713,10,0
2026-02-11 08:00:00+00:00,153.101,153.312,153.019,153.143,5200,10,0
2026-02-11 09:00:00+00:00,153.143,153.402,153.102,153.203,3389,10,0
2026-02-11 10:00:00+00:00,153.203,153.329,153.172,153.307,3163,10,0
2026-02-11 11:00:00+00:00,153.31,153.52,153.31,153.491,2987,10,0
2026-02-11 12:00:00+00:00,153.488,153.658,153.461,153.594,3776,10,0
2026-02-11 13:00:00+00:00,153.592,154.649,152.83,153.827,25103,10,0
2026-02-11 14:00:00+00:00,153.829,153.961,153.338,153.445,14996,10,0
2026-02-11 15:00:00+00:00,153.447,153.686,153.167,153.615,9465,10,0
2026-02-11 16:00:00+00:00,153.614,153.681,152.928,152.936,5895,10,0
2026-02-11 17:00:00+00:00,152.933,153.019,152.549,152.824,7320,10,0
2026-02-11 18:00:00+00:00,152.826,152.962,152.56,152.71,4133,10,0
2026-02-11 19:00:00+00:00,152.711,152.941,152.706,152.939,3933,10,0
2026-02-11 20:00:00+00:00,152.939,153.251,152.916,153.212,2746,10,0
2026-02-11 21:00:00+00:00,153.207,153.295,153.153,153.157,1264,10,0
2026-02-11 22:00:00+00:00,153.151,153.151,152.965,153.03,815,146,0
2026-02-11 23:00:00+00:00,153.03,153.28,153.03,153.267,1690,10,0
2026-02-12 00:00:00+00:00,153.265,153.445,153.087,153.105,6014,10,0
2026-02-12 01:00:00+00:00,153.104,153.158,152.788,152.851,6108,10,0
2026-02-12 02:00:00+00:00,152.855,152.892,152.514,152.538,5013,10,0
2026-02-12 03:00:00+00:00,152.539,152.637,152.264,152.555,5201,10,0
2026-02-12 04:00:00+00:00,152.555,152.855,152.426,152.852,4449,10,0
2026-02-12 05:00:00+00:00,152.849,153.192,152.813,153.097,4159,10,0
2026-02-12 06:00:00+00:00,153.098,153.547,152.942,153.304,11223,10,0
2026-02-12 07:00:00+00:00,153.308,153.349,152.855,153.032,5596,10,0
2026-02-12 08:00:00+00:00,153.03,153.064,152.807,152.916,5584,10,0
2026-02-12 09:00:00+00:00,152.914,153.012,152.798,152.907,4327,10,0
2026-02-12 10:00:00+00:00,152.905,153.112,152.895,153.112,3562,10,0
2026-02-12 11:00:00+00:00,153.112,153.329,153.03,153.309,2945,10,0
2026-02-12 12:00:00+00:00,153.306,153.754,153.272,153.661,4328,10,0
2026-02-12 13:00:00+00:00,153.663,153.72,153.219,153.261,5106,10,0
2026-02-12 14:00:00+00:00,153.263,153.394,152.952,153.021,7257,10,0
2026-02-12 15:00:00+00:00,153.026,153.058,152.623,152.647,6578,10,0
2026-02-12 16:00:00+00:00,152.644,152.816,152.359,152.65,11855,10,0
2026-02-12 17:00:00+00:00,152.652,152.884,152.545,152.85,6307,10,0
2026-02-12 18:00:00+00:00,152.847,152.969,152.743,152.925,4206,10,0
2026-02-12 19:00:00+00:00,152.927,152.987,152.87,152.897,2545,10,0
2026-02-12 20:00:00+00:00,152.899,152.924,152.681,152.682,2329,10,0
2026-02-12 21:00:00+00:00,152.676,152.784,152.657,152.719,1268,10,0
2026-02-12 22:00:00+00:00,152.727,152.781,152.538,152.72,891,26,0
2026-02-12 23:00:00+00:00,152.725,152.87,152.686,152.787,1704,10,0
2026-02-13 00:00:00+00:00,152.788,152.958,152.727,152.764,6497,10,0
2026-02-13 01:00:00+00:00,152.767,153.343,152.755,153.266,5770,10,0
2026-02-13 02:00:00+00:00,153.264,153.309,153.046,153.154,2980,10,0
2026-02-13 03:00:00+00:00,153.153,153.155,152.841,152.947,3109,10,0
2026-02-13 04:00:00+00:00,152.947,153.249,152.839,153.246,3014,10,0
2026-02-13 05:00:00+00:00,153.245,153.394,153.062,153.289,3470,10,0
2026-02-13 06:00:00+00:00,153.291,153.413,153.112,153.393,4100,10,0
2026-02-13 07:00:00+00:00,153.394,153.594,153.318,153.396,4473,10,0
2026-02-13 08:00:00+00:00,153.395,153.649,153.359,153.577,5369,10,0
2026-02-13 09:00:00+00:00,153.577,153.663,153.446,153.503,3376,10,0
2026-02-13 10:00:00+00:00,153.503,153.587,153.434,153.434,2805,10,0
2026-02-13 11:00:00+00:00,153.433,153.466,153.227,153.357,3175,10,0
2026-02-13 12:00:00+00:00,153.355,153.395,153.233,153.24,3225,10,0
2026-02-13 13:00:00+00:00,153.243,153.336,152.917,153.065,7605,10,0
2026-02-13 14:00:00+00:00,153.067,153.12,152.78,153.044,8487,10,0
2026-02-13 15:00:00+00:00,153.043,153.147,152.901,153.126,7489,10,0
2026-02-13 16:00:00+00:00,153.124,153.222,152.735,152.787,4666,10,0
2026-02-13 17:00:00+00:00,152.785,152.869,152.591,152.8,3459,10,0
2026-02-13 18:00:00+00:00,152.798,152.885,152.755,152.83,1949,10,0
2026-02-13 19:00:00+00:00,152.83,152.855,152.723,152.777,1787,10,0
2026-02-13 20:00:00+00:00,152.779,152.837,152.661,152.752,2231,10,0
2026-02-13 21:00:00+00:00,152.726,152.733,152.614,152.683,1232,10,0
2026-02-15 22:00:00+00:00,152.604,152.66,152.532,152.66,524,26,0
2026-02-15 23:00:00+00:00,152.66,152.847,152.655,152.797,1671,10,0
2026-02-16 00:00:00+00:00,152.797,153.109,152.762,153.096,3941,10,0
2026-02-16 01:00:00+00:00,153.096,153.163,152.959,153.017,3050,10,0
2026-02-16 02:00:00+00:00,153.017,153.109,152.964,153.008,2275,10,0
2026-02-16 03:00:00+00:00,153.007,153.101,152.993,153.063,1672,10,0
2026-02-16 04:00:00+00:00,153.064,153.244,152.981,153.232,1980,10,0
2026-02-16 05:00:00+00:00,153.23,153.245,153.14,153.192,1500,10,0
2026-02-16 06:00:00+00:00,153.195,153.223,153.074,153.135,1565,10,0
2026-02-16 07:00:00+00:00,153.133,153.384,153.127,153.338,2279,10,0
2026-02-16 08:00:00+00:00,153.336,153.456,153.213,153.34,3442,10,0
2026-02-16 09:00:00+00:00,153.341,153.612,153.292,153.567,2483,10,0
2026-02-16 10:00:00+00:00,153.566,153.634,153.514,153.521,2075,10,0
2026-02-16 11:00:00+00:00,153.524,153.549,153.353,153.367,1832,10,0
2026-02-16 12:00:00+00:00,153.365,153.411,153.321,153.37,1653,10,0
2026-02-16 13:00:00+00:00,153.37,153.448,153.292,153.331,1981,10,0
2026-02-16 14:00:00+00:00,153.331,153.391,153.25,153.354,1895,10,0
2026-02-16 15:00:00+00:00,153.355,153.478,153.295,153.459,1819,10,0
2026-02-16 16:00:00+00:00,153.456,153.571,153.399,153.486,1795,10,0
2026-02-16 17:00:00+00:00,153.487,153.56,153.453,153.465,1029,10,0
2026-02-16 18:00:00+00:00,153.465,153.519,153.451,153.504,554,10,0
2026-02-16 19:00:00+00:00,153.504,153.529,153.466,153.479,498,10,0
2026-02-16 20:00:00+00:00,153.479,153.503,153.447,153.503,491,10,0
2026-02-16 21:00:00+00:00,153.484,153.534,153.482,153.482,408,10,0
2026-02-16 22:00:00+00:00,153.476,153.517,153.353,153.514,390,26,0
2026-02-16 23:00:00+00:00,153.52,153.721,153.502,153.552,1549,10,0
2026-02-17 00:00:00+00:00,153.554,153.583,153.159,153.179,6393,10,0
2026-02-17 01:00:00+00:00,153.179,153.393,153.128,153.144,4986,10,0
2026-02-17 02:00:00+00:00,153.141,153.254,153.051,153.133,3271,10,0
2026-02-17 03:00:00+00:00,153.13,153.178,153.015,153.174,3132,10,0
2026-02-17 04:00:00+00:00,153.177,153.221,152.985,153.083,3101,10,0
2026-02-17 05:00:00+00:00,153.083,153.146,152.896,152.954,4062,10,0
2026-02-17 06:00:00+00:00,152.953,152.966,152.84,152.957,3262,10,0
2026-02-17 07:00:00+00:00,152.956,153.106,152.824,153.081,3853,10,0
2026-02-17 08:00:00+00:00,153.081,153.177,152.72,152.72,4147,10,0
2026-02-17 09:00:00+00:00,152.721,152.941,152.695,152.894,2802,10,0
2026-02-17 10:00:00+00:00,152.897,153.089,152.844,152.989,2599,10,0
2026-02-17 11:00:00+00:00,152.989,153.18,152.948,153.128,2662,10,0
2026-02-17 12:00:00+00:00,153.129,153.183,153.057,153.06,2691,10,0
2026-02-17 13:00:00+00:00,153.06,153.388,153.02,153.274,5245,10,0
2026-02-17 14:00:00+00:00,153.271,153.528,153.265,153.447,5108,10,0
2026-02-17 15:00:00+00:00,153.449,153.922,153.446,153.793,6073,10,0
2026-02-17 16:00:00+00:00,153.795,153.844,153.494,153.565,3912,10,0
2026-02-17 17:00:00+00:00,153.566,153.58,153.429,153.467,2765,10,0
2026-02-17 18:00:00+00:00,153.466,153.477,153.296,153.352,2102,10,0
2026-02-17 19:00:00+00:00,153.353,153.395,153.228,153.252,1978,10,0
2026-02-17 20:00:00+00:00,153.253,153.297,153.177,153.283,1623,10,0
2026-02-17 21:00:00+00:00,153.262,153.296,153.213,153.274,1002,10,0
2026-02-17 22:00:00+00:00,153.274,153.274,153.06,153.261,570,26,0
2026-02-17 23:00:00+00:00,153.271,153.299,153.087,153.126,1567,10,0
2026-02-18 00:00:00+00:00,153.122,153.303,153.064,153.224,4521,10,0
2026-02-18 01:00:00+00:00,153.227,153.463,153.222,153.44,3001,10,0
2026-02-18 02:00:00+00:00,153.44,153.701,153.44,153.514,2578,10,0
2026-02-18 03:00:00+00:00,153.511,153.601,153.462,153.6,2041,10,0
2026-02-18 04:00:00+00:00,153.6,153.619,153.506,153.595,2018,10,0
2026-02-18 05:00:00+00:00,153.598,153.612,153.446,153.452,1495,10,0
2026-02-18 06:00:00+00:00,153.451,153.528,153.387,153.416,2109,10,0
2026-02-18 07:00:00+00:00,153.416,153.713,153.41,153.665,2731,10,0
2026-02-18 08:00:00+00:00,153.665,153.787,153.572,153.72,3357,10,0
2026-02-18 09:00:00+00:00,153.718,153.795,153.637,153.725,2122,10,0
2026-02-18 10:00:00+00:00,153.725,153.857,153.692,153.804,1862,10,0
2026-02-18 11:00:00+00:00,153.807,153.816,153.649,153.706,1525,10,0
2026-02-18 12:00:00+00:00,153.707,153.8,153.545,153.676,2446,10,0
2026-02-18 13:00:00+00:00,153.679,153.943,153.61,153.939,4421,10,0
2026-02-18 14:00:00+00:00,153.937,154.438,153.909,154.373,5810,10,0
2026-02-18 15:00:00+00:00,154.371,154.433,154.243,154.277,4034,10,0
2026-02-18 16:00:00+00:00,154.279,154.486,154.229,154.451,2372,10,0
2026-02-18 17:00:00+00:00,154.451,154.601,154.41,154.525,2122,10,0
2026-02-18 18:00:00+00:00,154.527,154.789,154.519,154.74,2575,10,0
2026-02-18 19:00:00+00:00,154.74,154.868,154.328,154.718,7685,10,0
2026-02-18 20:00:00+00:00,154.72,154.831,154.696,154.811,2195,10,0
2026-02-18 21:00:00+00:00,154.811,154.842,154.712,154.732,1016,10,0
2026-02-18 22:00:00+00:00,154.727,154.727,154.554,154.666,525,146,0
2026-02-18 23:00:00+00:00,154.76,154.789,154.679,154.679,1315,10,0
2026-02-19 00:00:00+00:00,154.678,154.834,154.615,154.73,3728,10,0
2026-02-19 01:00:00+00:00,154.733,154.982,154.652,154.948,3247,10,0
2026-02-19 02:00:00+00:00,154.95,155.044,154.755,154.993,3432,10,0
2026-02-19 03:00:00+00:00,154.993,155.265,154.925,155.136,3704,10,0
2026-02-19 04:00:00+00:00,155.133,155.289,155.095,155.117,2506,10,0
2026-02-19 05:00:00+00:00,155.117,155.326,155.1,155.301,2910,10,0
2026-02-19 06:00:00+00:00,155.301,155.341,154.959,155.07,2963,10,0
2026-02-19 07:00:00+00:00,155.071,155.192,154.928,154.973,3010,10,0
2026-02-19 08:00:00+00:00,154.97,155.025,154.705,154.811,4552,10,0
2026-02-19 09:00:00+00:00,154.811,154.974,154.748,154.806,3103,10,0
2026-02-19 10:00:00+00:00,154.804,154.851,154.657,154.702,2764,10,0
2026-02-19 11:00:00+00:00,154.704,154.722,154.569,154.622,2640,10,0
2026-02-19 12:00:00+00:00,154.622,154.81,154.536,154.799,2561,10,0
2026-02-19 13:00:00+00:00,154.799,155.038,154.788,154.913,3956,10,0
2026-02-19 14:00:00+00:00,154.914,155.28,154.889,155.213,5509,10,0
2026-02-19 15:00:00+00:00,155.215,155.261,154.949,154.993,5651,10,0
2026-02-19 16:00:00+00:00,154.997,155.009,154.855,154.961,3436,10,0
2026-02-19 17:00:00+00:00,154.961,155.031,154.917,155.018,2383,10,0
2026-02-19 18:00:00+00:00,155.015,155.024,154.824,154.871,2067,10,0
2026-02-19 19:00:00+00:00,154.869,155.126,154.827,155.079,2007,10,0
2026-02-19 20:00:00+00:00,155.078,155.118,155.002,155.082,1389,10,0
2026-02-19 21:00:00+00:00,155.076,155.091,154.94,154.96,1177,10,0
2026-02-19 22:00:00+00:00,154.924,155.019,154.792,154.924,789,26,0
2026-02-19 23:00:00+00:00,154.963,155.201,154.923,155.189,1455,10,0
2026-02-20 00:00:00+00:00,155.194,155.236,154.893,155.066,4612,10,0
2026-02-20 01:00:00+00:00,155.069,155.314,154.964,155.141,4390,10,0
2026-02-20 02:00:00+00:00,155.139,155.235,155.049,155.198,2955,10,0
2026-02-20 03:00:00+00:00,155.198,155.208,155.09,155.137,1663,10,0
2026-02-20 04:00:00+00:00,155.138,155.224,155.067,155.205,1785,10,0
2026-02-20 05:00:00+00:00,155.205,155.366,155.17,155.289,2677,10,0
2026-02-20 06:00:00+00:00,155.287,155.375,155.142,155.156,2851,10,0
2026-02-20 07:00:00+00:00,155.159,155.502,154.942,155.493,4155,10,0
2026-02-20 08:00:00+00:00,155.495,155.599,155.293,155.547,5047,10,0
2026-02-20 09:00:00+00:00,155.547,155.642,155.365,155.391,3003,10,0
2026-02-20 10:00:00+00:00,155.394,155.434,155.156,155.175,2430,10,0
2026-02-20 11:00:00+00:00,155.177,155.272,155.121,155.219,2206,10,0
2026-02-20 12:00:00+00:00,155.221,155.315,155.175,155.245,2615,10,0
2026-02-20 13:00:00+00:00,155.246,155.446,155.051,155.413,4452,10,0
2026-02-20 14:00:00+00:00,155.413,155.533,155.333,155.389,4068,10,0
2026-02-20 15:00:00+00:00,155.384,155.528,154.765,154.85,15261,10,0
2026-02-20 16:00:00+00:00,154.849,155.094,154.711,154.983,5452,10,0
2026-02-20 17:00:00+00:00,154.987,155.2,154.931,154.991,4232,10,0
2026-02-20 18:00:00+00:00,154.992,155.074,154.806,155.02,5059,10,0
2026-02-20 19:00:00+00:00,155.017,155.181,154.961,155.125,2372,10,0
2026-02-20 20:00:00+00:00,155.125,155.16,154.978,155.063,1784,10,0
2026-02-20 21:00:00+00:00,155.037,155.068,154.94,155.067,1525,10,0
2026-02-22 22:00:00+00:00,154.783,154.938,154.776,154.915,527,26,0
2026-02-22 23:00:00+00:00,154.924,154.939,154.3,154.343,2787,10,0
2026-02-23 00:00:00+00:00,154.343,154.468,154.05,154.055,5337,10,0
2026-02-23 01:00:00+00:00,154.053,154.28,153.989,154.213,4938,10,0
2026-02-23 02:00:00+00:00,154.211,154.273,154.067,154.213,3446,10,0
2026-02-23 03:00:00+00:00,154.215,154.425,154.215,154.257,2241,10,0
2026-02-23 04:00:00+00:00,154.256,154.441,154.218,154.389,1947,10,0
2026-02-23 05:00:00+00:00,154.389,154.486,154.382,154.434,1624,10,0
2026-02-23 06:00:00+00:00,154.432,154.493,154.221,154.467,2536,10,0
2026-02-23 07:00:00+00:00,154.464,154.607,154.451,154.48,3718,10,0
2026-02-23 08:00:00+00:00,154.477,154.779,154.452,154.713,4218,10,0
2026-02-23 09:00:00+00:00,154.713,154.859,154.618,154.806,2409,10,0
2026-02-23 10:00:00+00:00,154.803,154.888,154.75,154.784,1994,10,0
2026-02-23 11:00:00+00:00,154.784,154.943,154.75,154.918,2145,10,0
2026-02-23 12:00:00+00:00,154.92,155.042,154.848,154.894,2837,10,0
2026-02-23 13:00:00+00:00,154.894,154.951,154.562,154.618,4044,10,0
2026-02-23 14:00:00+00:00,154.617,154.822,154.54,154.54,4245,10,0
2026-02-23 15:00:00+00:00,154.539,154.551,154.35,154.425,4596,10,0
2026-02-23 16:00:00+00:00,154.427,154.474,154.271,154.299,3637,10,0
2026-02-23 17:00:00+00:00,154.299,154.412,154.218,154.389,2626,10,0
2026-02-23 18:00:00+00:00,154.388,154.643,154.385,154.492,2228,10,0
2026-02-23 19:00:00+00:00,154.491,154.665,154.477,154.612,1804,10,0
2026-02-23 20:00:00+00:00,154.612,154.719,154.6,154.707,1378,10,0
2026-02-23 21:00:00+00:00,154.701,154.758,154.621,154.64,984,10,0
2026-02-23 22:00:00+00:00,154.593,154.636,154.498,154.608,666,26,0
2026-02-23 23:00:00+00:00,154.62,154.695,154.502,154.656,1602,10,0
2026-02-24 00:00:00+00:00,154.658,154.868,154.62,154.861,3589,10,0
2026-02-24 01:00:00+00:00,154.862,155.133,154.845,154.967,3898,10,0
2026-02-24 02:00:00+00:00,154.97,155.104,154.868,154.907,3354,10,0
2026-02-24 03:00:00+00:00,154.907,155.117,154.861,155.113,2118,10,0
2026-02-24 04:00:00+00:00,155.111,155.309,155.067,155.241,2390,10,0
2026-02-24 05:00:00+00:00,155.242,155.306,155.161,155.161,2262,10,0
2026-02-24 06:00:00+00:00,155.159,155.188,154.969,154.973,2668,10,0
2026-02-24 07:00:00+00:00,154.976,156.165,154.942,156.092,12838,10,0
2026-02-24 08:00:00+00:00,156.093,156.279,155.904,155.944,7174,10,0
2026-02-24 09:00:00+00:00,155.946,155.974,155.73,155.853,3569,10,0
2026-02-24 10:00:00+00:00,155.853,155.932,155.741,155.889,2909,10,0
2026-02-24 11:00:00+00:00,155.889,155.946,155.675,155.881,2867,10,0
2026-02-24 12:00:00+00:00,155.879,156.02,155.828,155.879,2934,10,0
2026-02-24 13:00:00+00:00,155.882,156.089,155.767,156.053,3595,10,0
2026-02-24 14:00:00+00:00,156.052,156.171,155.915,155.962,4054,10,0
2026-02-24 15:00:00+00:00,155.971,156.104,155.812,155.907,4406,10,0
2026-02-24 16:00:00+00:00,155.91,155.928,155.581,155.658,3367,10,0
2026-02-24 17:00:00+00:00,155.658,155.779,155.621,155.756,2276,10,0
2026-02-24 18:00:00+00:00,155.754,155.799,155.684,155.772,1781,10,0
2026-02-24 19:00:00+00:00,155.775,155.815,155.702,155.774,1342,10,0
2026-02-24 20:00:00+00:00,155.774,155.879,155.738,155.877,1556,10,0
2026-02-24 21:00:00+00:00,155.851,155.922,155.828,155.881,848,10,0
2026-02-24 22:00:00+00:00,155.882,155.882,155.748,155.801,669,26,0
2026-02-24 23:00:00+00:00,155.815,155.906,155.795,155.902,1134,10,0
2026-02-25 00:00:00+00:00,155.907,155.99,155.658,155.666,4210,10,0
2026-02-25 01:00:00+00:00,155.666,155.835,155.616,155.773,3595,10,0
2026-02-25 02:00:00+00:00,155.773,155.802,155.39,155.46,5487,10,0
2026-02-25 03:00:00+00:00,155.458,156.04,155.343,155.82,7070,10,0
2026-02-25 04:00:00+00:00,155.82,156.042,155.697,155.733,2852,10,0
2026-02-25 05:00:00+00:00,155.734,155.797,155.566,155.594,2808,10,0
2026-02-25 06:00:00+00:00,155.593,155.789,155.525,155.712,3233,10,0
2026-02-25 07:00:00+00:00,155.712,155.922,155.685,155.917,3419,10,0
2026-02-25 08:00:00+00:00,155.917,156.298,155.906,156.296,3985,10,0
2026-02-25 09:00:00+00:00,156.298,156.66,156.298,156.555,6494,10,0
2026-02-25 10:00:00+00:00,156.557,156.774,156.539,156.767,3103,10,0
2026-02-25 11:00:00+00:00,156.769,156.823,156.725,156.79,2215,10,0
2026-02-25 12:00:00+00:00,156.791,156.793,156.652,156.68,2604,10,0
2026-02-25 13:00:00+00:00,156.68,156.742,156.583,156.688,2782,10,0
2026-02-25 14:00:00+00:00,156.691,156.757,156.44,156.61,3806,10,0
2026-02-25 15:00:00+00:00,156.607,156.607,156.332,156.369,4484,10,0
2026-02-25 16:00:00+00:00,156.367,156.472,156.299,156.301,2887,10,0
2026-02-25 17:00:00+00:00,156.3,156.371,156.234,156.324,2258,10,0
2026-02-25 18:00:00+00:00,156.326,156.408,156.276,156.392,1544,10,0
2026-02-25 19:00:00+00:00,156.391,156.538,156.363,156.44,1645,10,0
2026-02-25 20:00:00+00:00,156.44,156.456,156.339,156.44,1760,10,0
2026-02-25 21:00:00+00:00,156.429,156.464,156.242,156.249,1065,10,0
2026-02-25 22:00:00+00:00,156.248,156.276,156.085,156.223,661,146,0
2026-02-25 23:00:00+00:00,156.312,156.319,156.11,156.167,1645,10,0
2026-02-26 00:00:00+00:00,156.166,156.232,155.956,155.988,3927,10,0
2026-02-26 01:00:00+00:00,155.991,156.052,155.81,155.826,4224,10,0
2026-02-26 02:00:00+00:00,155.829,156.05,155.75,155.936,2902,10,0
2026-02-26 03:00:00+00:00,155.935,155.995,155.799,155.937,2302,10,0
2026-02-26 04:00:00+00:00,155.934,156.097,155.883,155.897,2279,10,0
2026-02-26 05:00:00+00:00,155.896,155.966,155.692,155.941,3812,10,0
2026-02-26 06:00:00+00:00,155.939,156.071,155.892,155.979,3178,10,0
2026-02-26 07:00:00+00:00,155.981,156.167,155.981,156.049,3305,10,0
2026-02-26 08:00:00+00:00,156.047,156.172,155.911,155.995,3616,10,0
2026-02-26 09:00:00+00:00,155.997,156.087,155.915,156.068,2415,10,0
2026-02-26 10:00:00+00:00,156.069,156.097,155.948,155.955,1572,10,0
2026-02-26 11:00:00+00:00,155.955,156.078,155.916,156.073,1649,10,0
2026-02-26 12:00:00+00:00,156.073,156.149,155.977,156.07,2079,10,0
2026-02-26 13:00:00+00:00,156.071,156.171,155.935,156.157,3365,10,0
2026-02-26 14:00:00+00:00,156.157,156.249,155.827,155.921,4136,10,0
2026-02-26 15:00:00+00:00,155.923,156.122,155.838,156.037,6145,10,0
2026-02-26 16:00:00+00:00,156.039,156.271,156.036,156.128,3239,10,0
2026-02-26 17:00:00+00:00,156.128,156.398,156.117,156.388,2895,10,0
2026-02-26 18:00:00+00:00,156.389,156.429,156.287,156.381,2792,10,0
2026-02-26 19:00:00+00:00,156.379,156.387,156.109,156.128,1888,10,0
2026-02-26 20:00:00+00:00,156.127,156.145,156.059,156.129,1597,10,0
2026-02-26 21:00:00+00:00,156.105,156.139,156.048,156.112,971,10,0
2026-02-26 22:00:00+00:00,156.111,156.133,155.976,156.082,826,26,0
2026-02-26 23:00:00+00:00,156.089,156.098,155.822,155.856,1715,10,0
2026-02-27 00:00:00+00:00,155.856,155.973,155.666,155.884,5014,10,0
2026-02-27 01:00:00+00:00,155.885,155.985,155.703,155.976,5281,10,0
2026-02-27 02:00:00+00:00,155.976,155.976,155.734,155.743,2483,10,0
2026-02-27 03:00:00+00:00,155.745,155.813,155.691,155.769,2336,10,0
2026-02-27 04:00:00+00:00,155.77,155.836,155.533,155.587,2707,10,0
2026-02-27 05:00:00+00:00,155.588,155.834,155.576,155.829,2131,10,0
2026-02-27 06:00:00+00:00,155.832,155.949,155.77,155.878,2676,10,0
2026-02-27 07:00:00+00:00,155.88,156.119,155.88,156.078,3385,10,0
2026-02-27 08:00:00+00:00,156.077,156.173,155.956,156.133,3502,10,0
2026-02-27 09:00:00+00:00,156.136,156.23,156.051,156.07,2726,10,0
2026-02-27 10:00:00+00:00,156.068,156.084,155.919,155.976,2002,10,0
2026-02-27 11:00:00+00:00,155.976,156.0,155.861,155.908,1666,10,0
2026-02-27 12:00:00+00:00,155.905,155.95,155.831,155.889,2145,10,0
2026-02-27 13:00:00+00:00,155.887,156.179,155.885,156.17,4598,10,0
2026-02-27 14:00:00+00:00,156.173,156.225,155.925,156.174,4514,10,0
2026-02-27 15:00:00+00:00,156.176,156.207,155.95,156.069,5200,10,0
2026-02-27 16:00:00+00:00,156.067,156.139,155.961,156.051,3437,10,0
2026-02-27 17:00:00+00:00,156.051,156.128,155.91,156.051,2970,10,0
2026-02-27 18:00:00+00:00,156.048,156.095,155.987,156.009,1967,10,0
2026-02-27 19:00:00+00:00,156.01,156.019,155.881,156.013,1806,10,0
2026-02-27 20:00:00+00:00,156.011,156.175,155.958,156.172,1631,10,0
2026-02-27 21:00:00+00:00,156.143,156.18,156.021,156.055,1420,10,0
2026-03-01 22:00:00+00:00,155.975,156.303,155.96,156.125,1130,38,0
2026-03-01 23:00:00+00:00,156.125,156.653,156.125,156.627,3689,10,0
2026-03-02 00:00:00+00:00,156.632,156.805,156.324,156.395,7864,10,0
2026-03-02 01:00:00+00:00,156.398,156.601,156.207,156.213,7064,10,0
2026-03-02 02:00:00+00:00,156.212,156.442,156.166,156.284,4156,10,0
2026-03-02 03:00:00+00:00,156.281,156.338,156.153,156.317,3589,10,0
2026-03-02 04:00:00+00:00,156.316,156.583,156.281,156.518,3098,10,0
2026-03-02 05:00:00+00:00,156.518,156.856,156.518,156.827,4051,10,0
2026-03-02 06:00:00+00:00,156.829,157.015,156.813,156.884,4996,10,0
2026-03-02 07:00:00+00:00,156.883,157.038,156.882,156.975,6003,10,0
2026-03-02 08:00:00+00:00,156.977,157.249,156.898,156.974,5570,10,0
2026-03-02 09:00:00+00:00,156.975,157.018,156.791,157.005,4319,10,0
2026-03-02 10:00:00+00:00,157.008,157.013,156.791,156.915,3191,10,0
2026-03-02 11:00:00+00:00,156.912,157.0,156.855,156.957,2760,10,0
2026-03-02 12:00:00+00:00,156.955,157.398,156.954,157.376,3924,10,0
2026-03-02 13:00:00+00:00,157.375,157.601,157.345,157.51,4782,10,0
2026-03-02 14:00:00+00:00,157.513,157.565,157.409,157.488,6070,10,0
2026-03-02 15:00:00+00:00,157.49,157.749,157.49,157.728,5085,10,0
2026-03-02 16:00:00+00:00,157.73,157.749,157.367,157.484,5051,10,0
2026-03-02 17:00:00+00:00,157.487,157.494,157.328,157.358,3745,10,0
2026-03-02 18:00:00+00:00,157.357,157.489,157.326,157.371,2603,10,0
2026-03-02 19:00:00+00:00,157.373,157.373,157.117,157.148,2729,10,0
2026-03-02 20:00:00+00:00,157.147,157.492,157.111,157.348,5275,10,0
2026-03-02 21:00:00+00:00,157.328,157.393,157.272,157.334,1594,10,0
2026-03-02 22:00:00+00:00,157.334,157.407,157.19,157.388,534,26,0
2026-03-02 23:00:00+00:00,157.395,157.408,157.172,157.261,1853,10,0
2026-03-03 00:00:00+00:00,157.269,157.516,157.192,157.478,5312,10,0
2026-03-03 01:00:00+00:00,157.48,157.598,157.276,157.284,4541,10,0
2026-03-03 02:00:00+00:00,157.287,157.389,157.172,157.248,3750,10,0
2026-03-03 03:00:00+00:00,157.246,157.384,157.193,157.278,2793,10,0
2026-03-03 04:00:00+00:00,157.278,157.415,157.192,157.392,2605,10,0
2026-03-03 05:00:00+00:00,157.395,157.432,157.264,157.392,3004,10,0
2026-03-03 06:00:00+00:00,157.39,157.484,157.204,157.22,3423,10,0
2026-03-03 07:00:00+00:00,157.22,157.451,157.145,157.405,4930,10,0
2026-03-03 08:00:00+00:00,157.407,157.579,157.296,157.508,5948,10,0
2026-03-03 09:00:00+00:00,157.512,157.818,157.459,157.666,4994,10,0
2026-03-03 10:00:00+00:00,157.667,157.85,157.6,157.835,4184,10,0
2026-03-03 11:00:00+00:00,157.836,157.964,157.668,157.677,4778,10,0
2026-03-03 12:00:00+00:00,157.68,157.768,157.494,157.639,5180,10,0
2026-03-03 13:00:00+00:00,157.642,157.816,157.611,157.798,4875,10,0
2026-03-03 14:00:00+00:00,157.799,157.951,157.71,157.71,5981,10,0
2026-03-03 15:00:00+00:00,157.713,157.911,157.595,157.839,8159,10,0
2026-03-03 16:00:00+00:00,157.839,157.924,157.605,157.693,6605,10,0
2026-03-03 17:00:00+00:00,157.692,157.865,157.674,157.831,4499,10,0
2026-03-03 18:00:00+00:00,157.832,157.843,157.496,157.645,3597,10,0
2026-03-03 19:00:00+00:00,157.645,157.819,157.467,157.661,4607,10,0
2026-03-03 20:00:00+00:00,157.659,157.671,157.48,157.659,3332,10,0
2026-03-03 21:00:00+00:00,157.64,157.75,157.62,157.697,1658,10,0
2026-03-03 22:00:00+00:00,157.658,157.658,157.377,157.567,651,26,0
2026-03-03 23:00:00+00:00,157.573,157.788,157.542,157.757,1744,10,0
2026-03-04 00:00:00+00:00,157.763,157.863,157.48,157.538,6187,10,0
2026-03-04 01:00:00+00:00,157.535,157.762,157.535,157.587,4506,10,0
2026-03-04 02:00:00+00:00,157.587,157.614,157.473,157.597,3077,10,0
2026-03-04 03:00:00+00:00,157.598,157.64,157.364,157.405,2375,10,0
2026-03-04 04:00:00+00:00,157.404,157.42,157.172,157.371,3149,10,0
2026-03-04 05:00:00+00:00,157.373,157.625,157.346,157.561,2772,10,0
2026-03-04 06:00:00+00:00,157.563,157.652,157.377,157.427,3307,10,0
2026-03-04 07:00:00+00:00,157.429,157.479,157.25,157.458,4128,10,0
2026-03-04 08:00:00+00:00,157.459,157.531,157.25,157.396,4413,10,0
2026-03-04 09:00:00+00:00,157.394,157.462,157.082,157.198,4190,10,0
2026-03-04 10:00:00+00:00,157.197,157.325,156.851,157.28,7415,10,0
2026-03-04 11:00:00+00:00,157.279,157.345,157.063,157.215,3291,10,0
2026-03-04 12:00:00+00:00,157.213,157.336,157.034,157.309,3523,10,0
2026-03-04 13:00:00+00:00,157.311,157.319,157.085,157.289,5298,10,0
2026-03-04 14:00:00+00:00,157.291,157.412,157.235,157.249,6095,10,0
2026-03-04 15:00:00+00:00,157.251,157.393,157.098,157.118,5578,10,0
2026-03-04 16:00:00+00:00,157.116,157.118,156.889,156.937,3697,10,0
2026-03-04 17:00:00+00:00,156.935,157.033,156.876,156.975,2826,10,0
2026-03-04 18:00:00+00:00,156.975,157.166,156.972,157.158,2017,10,0
2026-03-04 19:00:00+00:00,157.158,157.158,156.964,156.997,2141,10,0
2026-03-04 20:00:00+00:00,156.998,157.102,156.965,157.084,2017,10,0
2026-03-04 21:00:00+00:00,157.061,157.109,156.91,156.955,1152,10,0
2026-03-04 22:00:00+00:00,156.945,156.966,156.875,156.91,448,146,0
2026-03-04 23:00:00+00:00,156.91,157.089,156.91,156.975,1383,10,0
2026-03-05 00:00:00+00:00,156.977,157.01,156.541,156.569,4083,10,0
2026-03-05 01:00:00+00:00,156.568,156.767,156.449,156.761,4883,10,0
2026-03-05 02:00:00+00:00,156.76,156.958,156.712,156.946,3056,10,0
2026-03-05 03:00:00+00:00,156.945,157.081,156.889,156.987,3299,10,0
2026-03-05 04:00:00+00:00,156.989,157.147,156.986,157.117,2450,10,0
2026-03-05 05:00:00+00:00,157.118,157.215,156.976,157.186,3875,10,0
2026-03-05 06:00:00+00:00,157.187,157.25,156.956,157.034,4330,10,0
2026-03-05 07:00:00+00:00,157.036,157.29,156.956,157.256,3793,10,0
2026-03-05 08:00:00+00:00,157.252,157.374,157.16,157.275,4064,10,0
2026-03-05 09:00:00+00:00,157.277,157.307,156.896,157.146,8546,10,0
2026-03-05 10:00:00+00:00,157.153,157.295,157.105,157.288,2800,10,0
2026-03-05 11:00:00+00:00,157.286,157.362,157.236,157.343,2778,10,0
2026-03-05 12:00:00+00:00,157.345,157.496,157.287,157.438,3157,10,0
2026-03-05 13:00:00+00:00,157.437,157.777,157.427,157.757,4069,10,0
2026-03-05 14:00:00+00:00,157.76,157.771,157.52,157.56,5149,10,0
2026-03-05 15:00:00+00:00,157.564,157.772,157.39,157.618,5110,10,0
2026-03-05 16:00:00+00:00,157.615,157.792,157.526,157.579,4557,10,0
2026-03-05 17:00:00+00:00,157.577,157.846,157.544,157.688,4851,10,0
2026-03-05 18:00:00+00:00,157.688,157.839,157.629,157.725,4195,10,0
2026-03-05 19:00:00+00:00,157.728,157.846,157.689,157.811,2516,10,0
2026-03-05 20:00:00+00:00,157.808,157.843,157.409,157.555,5025,10,0
2026-03-05 21:00:00+00:00,157.551,157.565,157.464,157.537,1673,10,0
2026-03-05 22:00:00+00:00,157.482,157.581,157.343,157.495,695,26,0
2026-03-05 23:00:00+00:00,157.513,157.595,157.45,157.565,1364,10,0
2026-03-06 00:00:00+00:00,157.563,157.567,157.376,157.462,4371,10,0
2026-03-06 01:00:00+00:00,157.462,157.588,157.411,157.479,3981,10,0
2026-03-06 02:00:00+00:00,157.481,157.545,157.445,157.501,2297,10,0
2026-03-06 03:00:00+00:00,157.501,157.511,157.464,157.487,1469,10,0
2026-03-06 04:00:00+00:00,157.487,157.682,157.487,157.664,1598,10,0
2026-03-06 05:00:00+00:00,157.664,157.872,157.634,157.84,3123,10,0
2026-03-06 06:00:00+00:00,157.839,157.9,157.722,157.725,3176,10,0
2026-03-06 07:00:00+00:00,157.728,157.766,157.531,157.537,2604,10,0
2026-03-06 08:00:00+00:00,157.534,157.661,157.493,157.654,2843,10,0
2026-03-06 09:00:00+00:00,157.652,157.892,157.65,157.856,3174,10,0
2026-03-06 10:00:00+00:00,157.857,157.896,157.755,157.874,3252,10,0
2026-03-06 11:00:00+00:00,157.874,157.993,157.828,157.951,2873,10,0
2026-03-06 12:00:00+00:00,157.949,158.082,157.847,157.998,3360,10,0
2026-03-06 13:00:00+00:00,157.995,157.995,157.378,157.868,10381,10,0
2026-03-06 14:00:00+00:00,157.871,158.088,157.641,157.665,8733,10,0
2026-03-06 15:00:00+00:00,157.663,157.77,157.542,157.583,7782,10,0
2026-03-06 16:00:00+00:00,157.586,157.714,157.507,157.638,5388,10,0
2026-03-06 17:00:00+00:00,157.641,157.85,157.595,157.796,4585,10,0
2026-03-06 18:00:00+00:00,157.799,157.873,157.609,157.808,4080,10,0
2026-03-06 19:00:00+00:00,157.805,157.874,157.744,157.872,2974,10,0
2026-03-06 20:00:00+00:00,157.871,157.959,157.832,157.901,2600,10,0
2026-03-06 21:00:00+00:00,157.888,157.896,157.792,157.8,1931,10,0
2026-03-08 21:00:00+00:00,158.045,158.076,158.032,158.073,198,26,0
2026-03-08 22:00:00+00:00,158.085,158.454,158.08,158.313,3130,10,0
2026-03-08 23:00:00+00:00,158.316,158.444,158.194,158.401,5306,10,0
2026-03-09 00:00:00+00:00,158.398,158.691,158.305,158.645,5435,10,0
2026-03-09 01:00:00+00:00,158.648,158.734,158.569,158.691,4517,10,0
2026-03-09 02:00:00+00:00,158.69,158.759,158.632,158.707,3390,10,0
2026-03-09 03:00:00+00:00,158.707,158.9,158.657,158.855,3122,10,0
2026-03-09 04:00:00+00:00,158.853,158.867,158.645,158.716,2930,10,0
2026-03-09 05:00:00+00:00,158.716,158.769,158.323,158.372,6311,10,0
2026-03-09 06:00:00+00:00,158.371,158.639,158.357,158.619,4983,10,0
2026-03-09 07:00:00+00:00,158.621,158.655,158.399,158.459,4742,10,0
2026-03-09 08:00:00+00:00,158.457,158.685,158.354,158.63,5622,10,0
2026-03-09 09:00:00+00:00,158.631,158.645,158.188,158.43,7256,10,0
2026-03-09 10:00:00+00:00,158.431,158.573,158.354,158.46,5013,10,0
2026-03-09 11:00:00+00:00,158.46,158.504,158.366,158.466,4189,10,0
2026-03-09 12:00:00+00:00,158.464,158.598,158.345,158.569,4157,10,0
2026-03-09 13:00:00+00:00,158.566,158.583,158.182,158.318,6908,10,0
2026-03-09 14:00:00+00:00,158.318,158.542,158.288,158.382,8550,10,0
2026-03-09 15:00:00+00:00,158.379,158.395,157.992,158.082,5160,10,0
2026-03-09 16:00:00+00:00,158.084,158.222,157.966,158.133,4172,10,0
2026-03-09 17:00:00+00:00,158.135,158.344,158.11,158.336,2732,10,0
2026-03-09 18:00:00+00:00,158.339,158.407,158.239,158.397,2426,10,0
2026-03-09 19:00:00+00:00,158.398,158.414,157.636,157.853,10684,10,0
2026-03-09 20:00:00+00:00,157.808,157.896,157.625,157.633,2061,10,0
2026-03-09 21:00:00+00:00,157.633,157.716,157.57,157.662,555,26,0
2026-03-09 22:00:00+00:00,157.679,157.898,157.629,157.808,2748,10,0
2026-03-09 23:00:00+00:00,157.811,157.954,157.755,157.874,2543,10,0
2026-03-10 00:00:00+00:00,157.877,157.95,157.56,157.589,6020,10,0
2026-03-10 01:00:00+00:00,157.591,157.771,157.527,157.623,4434,10,0
2026-03-10 02:00:00+00:00,157.623,157.821,157.595,157.809,3757,10,0
2026-03-10 03:00:00+00:00,157.809,157.915,157.796,157.884,2526,10,0
2026-03-10 04:00:00+00:00,157.883,157.929,157.758,157.774,1902,10,0
2026-03-10 05:00:00+00:00,157.776,157.781,157.618,157.636,2404,10,0
2026-03-10 06:00:00+00:00,157.639,157.65,157.458,157.544,2872,10,0
2026-03-10 07:00:00+00:00,157.546,157.618,157.269,157.297,4364,10,0
2026-03-10 08:00:00+00:00,157.3,157.711,157.295,157.695,4490,10,0
2026-03-10 09:00:00+00:00,157.695,157.719,157.545,157.656,3751,10,0
2026-03-10 10:00:00+00:00,157.658,157.893,157.658,157.76,3800,10,0
2026-03-10 11:00:00+00:00,157.76,157.839,157.632,157.793,4466,10,0
2026-03-10 12:00:00+00:00,157.793,157.975,157.756,157.806,4388,10,0
2026-03-10 13:00:00+00:00,157.803,157.864,157.654,157.832,5174,10,0
2026-03-10 14:00:00+00:00,157.834,157.91,157.637,157.688,4677,10,0
2026-03-10 15:00:00+00:00,157.687,157.763,157.546,157.596,3959,10,0
2026-03-10 16:00:00+00:00,157.597,157.704,157.525,157.569,3043,10,0
2026-03-10 17:00:00+00:00,157.569,157.65,157.395,157.598,4455,10,0
2026-03-10 18:00:00+00:00,157.596,157.982,157.594,157.868,7734,10,0
2026-03-10 19:00:00+00:00,157.865,158.134,157.842,158.029,4631,10,0
2026-03-10 20:00:00+00:00,158.027,158.08,157.965,158.029,1432,10,0
2026-03-10 21:00:00+00:00,158.029,158.089,157.981,158.07,429,26,0
2026-03-10 22:00:00+00:00,158.082,158.173,158.05,158.162,935,10,0
2026-03-10 23:00:00+00:00,158.16,158.186,158.051,158.102,1677,10,0
2026-03-11 00:00:00+00:00,158.106,158.221,157.915,158.191,3962,10,0
2026-03-11 01:00:00+00:00,158.194,158.331,158.174,158.271,3651,10,0
2026-03-11 02:00:00+00:00,158.272,158.387,158.225,158.289,2130,10,0
2026-03-11 03:00:00+00:00,158.29,158.303,158.166,158.192,1788,10,0
2026-03-11 04:00:00+00:00,158.194,158.253,158.093,158.104,1484,10,0
2026-03-11 05:00:00+00:00,158.106,158.179,158.057,158.169,2118,10,0
2026-03-11 06:00:00+00:00,158.167,158.174,157.859,157.993,2886,10,0
2026-03-11 07:00:00+00:00,157.997,158.273,157.959,158.22,3459,10,0
2026-03-11 08:00:00+00:00,158.223,158.443,158.193,158.399,3157,10,0
2026-03-11 09:00:00+00:00,158.401,158.489,158.344,158.469,2994,10,0
2026-03-11 10:00:00+00:00,158.472,158.484,158.251,158.286,2571,10,0
2026-03-11 11:00:00+00:00,158.287,158.501,158.243,158.5,3085,10,0
2026-03-11 12:00:00+00:00,158.497,158.623,158.315,158.607,5493,10,0
2026-03-11 13:00:00+00:00,158.61,158.647,158.472,158.477,4155,10,0
2026-03-11 14:00:00+00:00,158.475,158.693,158.301,158.685,6885,10,0
2026-03-11 15:00:00+00:00,158.683,158.848,158.667,158.826,3022,10,0
2026-03-11 16:00:00+00:00,158.828,158.861,158.766,158.829,2795,10,0
2026-03-11 17:00:00+00:00,158.828,158.976,158.81,158.846,3081,10,0
2026-03-11 18:00:00+00:00,158.843,158.937,158.833,158.921,2145,10,0
2026-03-11 19:00:00+00:00,158.923,158.964,158.906,158.945,1410,10,0
2026-03-11 20:00:00+00:00,158.939,158.961,158.846,158.846,819,10,0
2026-03-11 21:00:00+00:00,158.842,158.842,158.645,158.744,401,146,0
2026-03-11 22:00:00+00:00,158.869,158.992,158.84,158.981,1467,10,0
2026-03-11 23:00:00+00:00,158.982,159.128,158.937,159.083,2526,10,0
2026-03-12 00:00:00+00:00,159.085,159.237,158.925,158.976,3435,10,0
2026-03-12 01:00:00+00:00,158.977,158.981,158.784,158.857,3093,10,0
2026-03-12 02:00:00+00:00,158.855,159.109,158.83,159.052,2224,10,0
2026-03-12 03:00:00+00:00,159.054,159.064,158.97,159.022,1923,10,0
2026-03-12 04:00:00+00:00,159.022,159.154,159.005,159.121,1332,10,0
2026-03-12 05:00:00+00:00,159.121,159.123,158.966,159.109,2658,10,0
2026-03-12 06:00:00+00:00,159.109,159.111,158.881,158.9,2396,10,0
2026-03-12 07:00:00+00:00,158.9,158.995,158.779,158.801,3079,10,0
2026-03-12 08:00:00+00:00,158.797,158.941,158.668,158.882,2787,10,0
2026-03-12 09:00:00+00:00,158.88,158.935,158.711,158.753,2622,10,0
2026-03-12 10:00:00+00:00,158.754,158.821,158.684,158.715,2743,10,0
2026-03-12 11:00:00+00:00,158.715,158.742,158.565,158.691,2765,10,0
2026-03-12 12:00:00+00:00,158.69,158.932,158.675,158.887,3389,10,0
2026-03-12 13:00:00+00:00,158.885,159.059,158.802,158.994,4804,10,0
2026-03-12 14:00:00+00:00,158.99,159.194,158.936,159.177,4093,10,0
2026-03-12 15:00:00+00:00,159.178,159.287,159.099,159.208,4941,10,0
2026-03-12 16:00:00+00:00,159.206,159.285,159.13,159.205,4129,10,0
2026-03-12 17:00:00+00:00,159.204,159.345,159.111,159.309,2968,10,0
2026-03-12 18:00:00+00:00,159.309,159.412,159.274,159.401,2560,10,0
2026-03-12 19:00:00+00:00,159.4,159.426,159.307,159.369,2395,10,0
2026-03-12 20:00:00+00:00,159.366,159.413,159.283,159.335,1258,10,0
2026-03-12 21:00:00+00:00,159.332,159.376,159.148,159.285,460,26,0
2026-03-12 22:00:00+00:00,159.33,159.421,159.248,159.262,1731,10,0
2026-03-12 23:00:00+00:00,159.268,159.361,159.181,159.241,1821,10,0
2026-03-13 00:00:00+00:00,159.237,159.237,159.005,159.093,4437,10,0
2026-03-13 01:00:00+00:00,159.09,159.28,159.033,159.266,2843,10,0
2026-03-13 02:00:00+00:00,159.266,159.369,159.196,159.28,2711,10,0
2026-03-13 03:00:00+00:00,159.282,159.415,159.251,159.352,2263,10,0
2026-03-13 04:00:00+00:00,159.355,159.684,159.341,159.503,3346,10,0
2026-03-13 05:00:00+00:00,159.502,159.502,159.313,159.427,2260,10,0
2026-03-13 06:00:00+00:00,159.427,159.46,159.315,159.425,3166,10,0
2026-03-13 07:00:00+00:00,159.425,159.541,159.348,159.435,3594,10,0
2026-03-13 08:00:00+00:00,159.434,159.528,159.326,159.33,4471,10,0
2026-03-13 09:00:00+00:00,159.329,159.49,159.246,159.476,2928,10,0
2026-03-13 10:00:00+00:00,159.476,159.499,159.326,159.397,2559,10,0
2026-03-13 11:00:00+00:00,159.397,159.445,159.284,159.284,3138,10,0
2026-03-13 12:00:00+00:00,159.283,159.423,159.202,159.329,4489,10,0
2026-03-13 13:00:00+00:00,159.326,159.365,159.0,159.096,4514,10,0
2026-03-13 14:00:00+00:00,159.092,159.377,159.085,159.362,3962,10,0
2026-03-13 15:00:00+00:00,159.361,159.595,159.358,159.536,4658,10,0
2026-03-13 16:00:00+00:00,159.537,159.633,159.505,159.609,3549,10,0
2026-03-13 17:00:00+00:00,159.606,159.684,159.544,159.568,2660,10,0
2026-03-13 18:00:00+00:00,159.568,159.674,159.558,159.632,2075,10,0
2026-03-13 19:00:00+00:00,159.629,159.69,159.597,159.672,1801,10,0
2026-03-13 20:00:00+00:00,159.671,159.741,159.64,159.726,1344,10,0
2026-03-15 21:00:00+00:00,159.551,159.565,159.393,159.55,443,26,0
2026-03-15 22:00:00+00:00,159.553,159.739,159.483,159.515,2106,10,0
2026-03-15 23:00:00+00:00,159.528,159.621,159.5,159.558,2614,10,0
2026-03-16 00:00:00+00:00,159.558,159.558,159.248,159.296,3899,10,0
2026-03-16 01:00:00+00:00,159.301,159.502,159.283,159.421,2846,10,0
2026-03-16 02:00:00+00:00,159.417,159.601,159.404,159.585,2203,10,0
2026-03-16 03:00:00+00:00,159.585,159.639,159.469,159.497,1709,10,0
2026-03-16 04:00:00+00:00,159.497,159.618,159.486,159.559,1602,10,0
2026-03-16 05:00:00+00:00,159.559,159.583,159.316,159.341,2228,10,0
2026-03-16 06:00:00+00:00,159.343,159.406,159.267,159.289,2237,10,0
2026-03-16 07:00:00+00:00,159.289,159.377,159.167,159.287,3224,10,0
2026-03-16 08:00:00+00:00,159.284,159.371,159.219,159.344,2735,10,0
2026-03-16 09:00:00+00:00,159.345,159.381,159.243,159.316,2185,10,0
2026-03-16 10:00:00+00:00,159.313,159.343,159.196,159.219,2386,10,0
2026-03-16 11:00:00+00:00,159.221,159.261,159.093,159.124,2314,10,0
2026-03-16 12:00:00+00:00,159.123,159.139,158.957,159.13,3351,10,0
2026-03-16 13:00:00+00:00,159.128,159.173,158.897,158.933,3213,10,0
2026-03-16 14:00:00+00:00,158.933,159.187,158.847,159.137,3581,10,0
2026-03-16 15:00:00+00:00,159.137,159.324,159.049,159.287,3186,10,0
2026-03-16 16:00:00+00:00,159.286,159.354,159.191,159.262,3061,10,0
2026-03-16 17:00:00+00:00,159.262,159.299,159.129,159.265,3116,10,0
2026-03-16 18:00:00+00:00,159.265,159.265,158.909,158.962,2838,10,0
2026-03-16 19:00:00+00:00,158.961,159.182,158.928,159.148,3147,10,0
2026-03-16 20:00:00+00:00,159.146,159.146,159.031,159.039,1047,10,0
2026-03-16 21:00:00+00:00,159.039,159.082,158.957,159.02,743,26,0
2026-03-16 22:00:00+00:00,159.052,159.142,159.019,159.115,1037,10,0
2026-03-16 23:00:00+00:00,159.115,159.214,159.076,159.132,1267,10,0
2026-03-17 00:00:00+00:00,159.133,159.343,159.116,159.314,2969,10,0
2026-03-17 01:00:00+00:00,159.316,159.449,159.292,159.375,2653,10,0
2026-03-17 02:00:00+00:00,159.372,159.427,159.312,159.362,1347,10,0
2026-03-17 03:00:00+00:00,159.364,159.403,159.276,159.347,1503,10,0
2026-03-17 04:00:00+00:00,159.345,159.393,159.211,159.228,1442,10,0
2026-03-17 05:00:00+00:00,159.23,159.445,159.204,159.438,1652,10,0
2026-03-17 06:00:00+00:00,159.439,159.494,159.339,159.349,2252,10,0
2026-03-17 07:00:00+00:00,159.349,159.399,159.165,159.23,2252,10,0
2026-03-17 08:00:00+00:00,159.227,159.235,159.053,159.105,3090,10,0
2026-03-17 09:00:00+00:00,159.103,159.191,159.062,159.126,2233,10,0
2026-03-17 10:00:00+00:00,159.126,159.211,159.041,159.117,1922,10,0
2026-03-17 11:00:00+00:00,159.118,159.14,158.959,159.098,2083,10,0
2026-03-17 12:00:00+00:00,159.1,159.151,158.961,159.028,2746,10,0
2026-03-17 13:00:00+00:00,159.025,159.029,158.718,158.872,3762,10,0
2026-03-17 14:00:00+00:00,158.874,159.01,158.812,158.93,3130,10,0
2026-03-17 15:00:00+00:00,158.929,159.11,158.851,159.026,4119,10,0
2026-03-17 16:00:00+00:00,159.025,159.113,158.873,158.939,3399,10,0
2026-03-17 17:00:00+00:00,158.94,159.009,158.915,158.965,2035,10,0
2026-03-17 18:00:00+00:00,158.964,159.044,158.889,159.043,1748,10,0
2026-03-17 19:00:00+00:00,159.042,159.063,158.975,159.036,1590,10,0
2026-03-17 20:00:00+00:00,159.033,159.043,158.962,158.963,812,10,0
2026-03-17 21:00:00+00:00,158.975,159.007,158.77,158.946,575,26,0
2026-03-17 22:00:00+00:00,158.993,158.995,158.908,158.964,990,10,0
2026-03-17 23:00:00+00:00,158.968,158.982,158.871,158.911,1309,10,0
2026-03-18 00:00:00+00:00,158.908,159.137,158.803,159.063,4394,10,0
2026-03-18 01:00:00+00:00,159.062,159.083,158.967,159.011,1970,10,0
2026-03-18 02:00:00+00:00,159.009,159.034,158.873,158.911,1780,10,0
2026-03-18 03:00:00+00:00,158.912,158.984,158.904,158.927,1187,10,0
2026-03-18 04:00:00+00:00,158.927,158.93,158.742,158.809,1624,10,0
2026-03-18 05:00:00+00:00,158.808,158.814,158.648,158.696,1930,10,0
2026-03-18 06:00:00+00:00,158.694,158.777,158.566,158.742,2354,10,0
2026-03-18 07:00:00+00:00,158.743,158.87,158.677,158.756,2655,10,0
2026-03-18 08:00:00+00:00,158.758,158.986,158.758,158.944,2352,10,0
2026-03-18 09:00:00+00:00,158.944,159.047,158.892,158.907,1770,10,0
2026-03-18 10:00:00+00:00,158.91,159.024,158.906,159.007,1555,10,0
2026-03-18 11:00:00+00:00,159.01,159.109,158.896,158.973,2926,10,0
2026-03-18 12:00:00+00:00,158.971,159.469,158.955,159.442,4881,10,0
2026-03-18 13:00:00+00:00,159.438,159.584,159.429,159.495,5057,10,0
2026-03-18 14:00:00+00:00,159.497,159.53,159.416,159.416,3567,10,0
2026-03-18 15:00:00+00:00,159.419,159.496,159.367,159.48,3278,10,0
2026-03-18 16:00:00+00:00,159.479,159.513,159.392,159.464,2421,10,0
2026-03-18 17:00:00+00:00,159.465,159.54,159.366,159.397,2186,10,0
2026-03-18 18:00:00+00:00,159.403,159.729,159.258,159.729,6484,10,0
2026-03-18 19:00:00+00:00,159.728,159.836,159.684,159.817,3060,10,0
2026-03-18 20:00:00+00:00,159.82,159.89,159.752,159.769,1511,10,0
2026-03-18 21:00:00+00:00,159.768,159.768,159.569,159.604,626,146,0
2026-03-18 22:00:00+00:00,159.599,159.836,159.599,159.767,1530,10,0
2026-03-18 23:00:00+00:00,159.769,159.838,159.748,159.811,1958,10,0
2026-03-19 00:00:00+00:00,159.811,159.847,159.683,159.774,3230,10,0
2026-03-19 01:00:00+00:00,159.775,159.814,159.581,159.659,2449,10,0
2026-03-19 02:00:00+00:00,159.659,159.701,159.54,159.658,3054,10,0
2026-03-19 03:00:00+00:00,159.657,159.709,159.605,159.627,1492,10,0
2026-03-19 04:00:00+00:00,159.627,159.675,159.586,159.651,1364,10,0
2026-03-19 05:00:00+00:00,159.651,159.742,159.635,159.707,1438,10,0
2026-03-19 06:00:00+00:00,159.705,159.801,159.601,159.679,3368,10,0
2026-03-19 07:00:00+00:00,159.678,159.696,159.194,159.235,8018,10,0
2026-03-19 08:00:00+00:00,159.233,159.386,159.031,159.177,5872,10,0
2026-03-19 09:00:00+00:00,159.177,159.279,159.063,159.148,6391,10,0
2026-03-19 10:00:00+00:00,159.148,159.244,159.105,159.119,3099,10,0
2026-03-19 11:00:00+00:00,159.119,159.157,159.041,159.059,2437,10,0
2026-03-19 12:00:00+00:00,159.059,159.292,158.848,158.903,6518,10,0
2026-03-19 13:00:00+00:00,158.901,158.939,158.12,158.219,9226,10,0
2026-03-19 14:00:00+00:00,158.222,158.423,158.058,158.366,8975,10,0
2026-03-19 15:00:00+00:00,158.368,158.558,158.135,158.186,7053,10,0
2026-03-19 16:00:00+00:00,158.187,158.219,158.039,158.044,6571,10,0
2026-03-19 17:00:00+00:00,158.043,158.092,157.794,157.81,3539,10,0
2026-03-19 18:00:00+00:00,157.808,157.911,157.689,157.69,3421,10,0
2026-03-19 19:00:00+00:00,157.688,157.697,157.505,157.643,8139,10,0
2026-03-19 20:00:00+00:00,157.617,157.713,157.603,157.69,1366,10,0
2026-03-19 21:00:00+00:00,157.638,157.777,157.521,157.758,746,26,0
2026-03-19 22:00:00+00:00,157.758,157.889,157.691,157.869,1414,10,0
2026-03-19 23:00:00+00:00,157.871,157.988,157.805,157.928,1734,10,0
2026-03-20 00:00:00+00:00,157.93,157.983,157.8,157.855,2964,10,0
2026-03-20 01:00:00+00:00,157.855,158.134,157.741,158.102,3113,10,0
2026-03-20 02:00:00+00:00,158.103,158.345,158.103,158.302,2119,10,0
2026-03-20 03:00:00+00:00,158.304,158.398,158.275,158.387,1715,10,0
2026-03-20 04:00:00+00:00,158.386,158.411,158.34,158.377,1380,10,0
2026-03-20 05:00:00+00:00,158.376,158.43,158.342,158.425,1362,10,0
2026-03-20 06:00:00+00:00,158.424,158.432,158.331,158.412,1970,10,0
2026-03-20 07:00:00+00:00,158.411,158.45,158.276,158.29,2667,10,0
2026-03-20 08:00:00+00:00,158.287,158.489,158.253,158.485,2639,10,0
2026-03-20 09:00:00+00:00,158.484,158.858,158.446,158.83,3253,10,0
2026-03-20 10:00:00+00:00,158.828,158.896,158.678,158.714,3451,10,0
2026-03-20 11:00:00+00:00,158.713,158.724,158.516,158.575,2960,10,0
2026-03-20 12:00:00+00:00,158.576,158.711,158.515,158.696,4301,10,0
2026-03-20 13:00:00+00:00,158.693,159.018,158.667,159.016,4387,10,0
2026-03-20 14:00:00+00:00,159.018,159.179,159.004,159.124,4887,10,0
2026-03-20 15:00:00+00:00,159.121,159.258,158.964,159.252,5192,10,0
2026-03-20 16:00:00+00:00,159.253,159.284,159.148,159.264,3251,10,0
2026-03-20 17:00:00+00:00,159.261,159.361,159.14,159.218,4361,10,0
2026-03-20 18:00:00+00:00,159.219,159.385,159.182,159.347,3597,10,0
2026-03-20 19:00:00+00:00,159.346,159.371,159.231,159.296,2719,10,0
2026-03-20 20:00:00+00:00,159.289,159.315,159.211,159.227,1542,10,0
2026-03-22 21:00:00+00:00,159.274,159.351,159.018,159.193,732,38,0
2026-03-22 22:00:00+00:00,159.258,159.467,159.222,159.282,1949,10,0
2026-03-22 23:00:00+00:00,159.288,159.305,159.105,159.143,3162,10,0
2026-03-23 00:00:00+00:00,159.142,159.523,159.011,159.499,4752,10,0
2026-03-23 01:00:00+00:00,159.5,159.528,159.333,159.478,3769,10,0
2026-03-23 02:00:00+00:00,159.476,159.585,159.413,159.522,2520,10,0
2026-03-23 03:00:00+00:00,159.52,159.616,159.323,159.453,2269,10,0
2026-03-23 04:00:00+00:00,159.453,159.458,159.343,159.393,2180,10,0
2026-03-23 05:00:00+00:00,159.393,159.581,159.351,159.565,1989,10,0
2026-03-23 06:00:00+00:00,159.568,159.655,159.467,159.467,3804,10,0
2026-03-23 07:00:00+00:00,159.47,159.624,159.376,159.584,4379,10,0
2026-03-23 08:00:00+00:00,159.582,159.648,159.304,159.433,4648,10,0
2026-03-23 09:00:00+00:00,159.433,159.601,159.396,159.54,3812,10,0
2026-03-23 10:00:00+00:00,159.541,159.631,159.475,159.619,3470,10,0
2026-03-23 11:00:00+00:00,159.62,159.624,158.249,158.924,35928,10,0
2026-03-23 12:00:00+00:00,158.927,159.038,158.49,158.51,15250,10,0
2026-03-23 13:00:00+00:00,158.508,158.72,158.422,158.456,11384,10,0
2026-03-23 14:00:00+00:00,158.453,158.5,158.193,158.43,9691,10,0
2026-03-23 15:00:00+00:00,158.432,158.766,158.213,158.697,8900,10,0
2026-03-23 16:00:00+00:00,158.698,158.843,158.589,158.685,7302,10,0
2026-03-23 17:00:00+00:00,158.684,158.731,158.402,158.441,5135,10,0
2026-03-23 18:00:00+00:00,158.438,158.524,158.014,158.07,5432,10,0
2026-03-23 19:00:00+00:00,158.073,158.417,158.061,158.414,2776,10,0
2026-03-23 20:00:00+00:00,158.412,158.471,158.377,158.411,1037,10,0
2026-03-23 21:00:00+00:00,158.411,158.417,158.169,158.391,670,26,0
2026-03-23 22:00:00+00:00,158.401,158.403,158.284,158.325,1012,10,0
2026-03-23 23:00:00+00:00,158.329,158.508,158.271,158.484,2095,10,0
2026-03-24 00:00:00+00:00,158.481,158.707,158.432,158.569,5462,10,0
2026-03-24 01:00:00+00:00,158.567,158.64,158.443,158.581,4394,10,0
2026-03-24 02:00:00+00:00,158.579,158.67,158.497,158.659,2979,10,0
2026-03-24 03:00:00+00:00,158.66,158.74,158.607,158.728,1935,10,0
2026-03-24 04:00:00+00:00,158.726,158.793,158.706,158.751,1528,10,0
2026-03-24 05:00:00+00:00,158.751,158.779,158.568,158.624,2523,10,0
2026-03-24 06:00:00+00:00,158.624,158.713,158.56,158.599,3234,10,0
2026-03-24 07:00:00+00:00,158.599,158.637,158.401,158.491,4752,10,0
2026-03-24 08:00:00+00:00,158.493,158.665,158.427,158.654,4424,10,0
2026-03-24 09:00:00+00:00,158.651,158.771,158.611,158.628,3268,10,0
2026-03-24 10:00:00+00:00,158.631,158.796,158.614,158.688,2878,10,0
2026-03-24 11:00:00+00:00,158.691,158.793,158.611,158.762,3301,10,0
2026-03-24 12:00:00+00:00,158.764,158.858,158.686,158.812,4039,10,0
2026-03-24 13:00:00+00:00,158.814,158.949,158.764,158.802,5275,10,0
2026-03-24 14:00:00+00:00,158.803,158.807,158.553,158.725,6706,10,0
2026-03-24 15:00:00+00:00,158.723,158.898,158.624,158.898,4637,10,0
2026-03-24 16:00:00+00:00,158.897,158.948,158.795,158.912,3053,10,0
2026-03-24 17:00:00+00:00,158.914,159.188,158.914,159.067,6343,10,0
2026-03-24 18:00:00+00:00,159.071,159.164,158.849,158.969,4360,10,0
2026-03-24 19:00:00+00:00,158.968,158.998,158.847,158.983,2745,10,0
2026-03-24 20:00:00+00:00,158.975,159.025,158.333,158.666,2654,10,0
2026-03-24 21:00:00+00:00,158.662,158.694,158.464,158.64,557,26,0
2026-03-24 22:00:00+00:00,158.65,158.744,158.591,158.682,1707,10,0
2026-03-24 23:00:00+00:00,158.681,158.757,158.632,158.705,2069,10,0
2026-03-25 00:00:00+00:00,158.702,158.834,158.568,158.646,4930,10,0
2026-03-25 01:00:00+00:00,158.646,158.755,158.607,158.714,3546,10,0
2026-03-25 02:00:00+00:00,158.714,158.832,158.678,158.801,2019,10,0
2026-03-25 03:00:00+00:00,158.801,158.823,158.752,158.799,1526,10,0
2026-03-25 04:00:00+00:00,158.799,158.939,158.788,158.875,1509,10,0
2026-03-25 05:00:00+00:00,158.876,159.017,158.876,158.989,1935,10,0
2026-03-25 06:00:00+00:00,158.988,159.043,158.948,159.003,2196,10,0
2026-03-25 07:00:00+00:00,159.003,159.144,158.941,159.133,2366,10,0
2026-03-25 08:00:00+00:00,159.133,159.199,158.723,158.77,5144,10,0
2026-03-25 09:00:00+00:00,158.768,158.958,158.725,158.883,2950,10,0
2026-03-25 10:00:00+00:00,158.882,158.97,158.845,158.888,2377,10,0
2026-03-25 11:00:00+00:00,158.888,158.948,158.817,158.845,2810,10,0
2026-03-25 12:00:00+00:00,158.843,159.083,158.758,159.019,4920,10,0
2026-03-25 13:00:00+00:00,159.017,159.16,158.931,159.141,4121,10,0
2026-03-25 14:00:00+00:00,159.144,159.202,158.994,159.049,4462,10,0
2026-03-25 15:00:00+00:00,159.047,159.246,159.023,159.202,4011,10,0
2026-03-25 16:00:00+00:00,159.201,159.296,159.119,159.243,4194,10,0
2026-03-25 17:00:00+00:00,159.241,159.289,159.144,159.25,3417,10,0
2026-03-25 18:00:00+00:00,159.25,159.447,159.235,159.408,2106,10,0
2026-03-25 19:00:00+00:00,159.411,159.496,159.411,159.455,1885,10,0
2026-03-25 20:00:00+00:00,159.449,159.489,159.345,159.345,918,10,0
2026-03-25 21:00:00+00:00,159.345,159.372,159.206,159.279,701,146,0
2026-03-25 22:00:00+00:00,159.383,159.461,159.369,159.391,972,10,0
2026-03-25 23:00:00+00:00,159.395,159.427,159.37,159.384,1136,10,0
2026-03-26 00:00:00+00:00,159.387,159.499,159.328,159.467,2696,10,0
2026-03-26 01:00:00+00:00,159.468,159.51,159.381,159.474,2665,10,0
2026-03-26 02:00:00+00:00,159.472,159.536,159.434,159.518,1370,10,0
2026-03-26 03:00:00+00:00,159.52,159.523,159.405,159.447,1758,10,0
2026-03-26 04:00:00+00:00,159.447,159.462,159.366,159.429,1454,10,0
2026-03-26 05:00:00+00:00,159.428,159.488,159.372,159.485,1729,10,0
2026-03-26 06:00:00+00:00,159.487,159.502,159.28,159.31,2083,10,0
2026-03-26 07:00:00+00:00,159.312,159.5,159.297,159.493,2192,10,0
2026-03-26 08:00:00+00:00,159.493,159.539,159.436,159.464,2381,10,0
2026-03-26 09:00:00+00:00,159.462,159.534,159.429,159.488,1844,10,0
2026-03-26 10:00:00+00:00,159.488,159.546,159.419,159.484,1942,10,0
2026-03-26 11:00:00+00:00,159.484,159.668,159.465,159.651,1769,10,0
2026-03-26 12:00:00+00:00,159.654,159.695,159.55,159.631,2408,10,0
2026-03-26 13:00:00+00:00,159.633,159.654,159.464,159.52,3864,10,0
2026-03-26 14:00:00+00:00,159.517,159.598,159.42,159.551,4482,10,0
2026-03-26 15:00:00+00:00,159.547,159.691,159.529,159.65,3387,10,0
2026-03-26 16:00:00+00:00,159.651,159.7,159.612,159.655,2569,10,0
2026-03-26 17:00:00+00:00,159.653,159.762,159.629,159.757,1963,10,0
2026-03-26 18:00:00+00:00,159.759,159.798,159.712,159.735,1573,10,0
2026-03-26 19:00:00+00:00,159.736,159.83,159.726,159.824,1667,10,0
2026-03-26 20:00:00+00:00,159.823,159.839,159.352,159.765,2451,10,0
2026-03-26 21:00:00+00:00,159.737,159.749,159.529,159.65,779,26,0
2026-03-26 22:00:00+00:00,159.695,159.737,159.642,159.651,909,10,0
2026-03-26 23:00:00+00:00,159.651,159.722,159.632,159.719,1798,10,0
2026-03-27 00:00:00+00:00,159.721,159.762,159.483,159.556,3177,10,0
2026-03-27 01:00:00+00:00,159.555,159.593,159.452,159.478,2375,10,0
2026-03-27 02:00:00+00:00,159.476,159.583,159.452,159.525,1604,10,0
2026-03-27 03:00:00+00:00,159.525,159.623,159.5,159.61,1274,10,0
2026-03-27 04:00:00+00:00,159.611,159.638,159.55,159.617,1195,10,0
2026-03-27 05:00:00+00:00,159.619,159.647,159.568,159.62,1475,10,0
2026-03-27 06:00:00+00:00,159.621,159.767,159.571,159.744,1680,10,0
2026-03-27 07:00:00+00:00,159.749,159.976,159.732,159.942,2807,10,0
2026-03-27 08:00:00+00:00,159.943,159.95,159.748,159.837,3047,10,0
2026-03-27 09:00:00+00:00,159.833,159.937,159.761,159.865,2461,10,0
2026-03-27 10:00:00+00:00,159.864,159.944,159.776,159.913,2013,10,0
2026-03-27 11:00:00+00:00,159.911,159.935,159.805,159.854,1932,10,0
2026-03-27 12:00:00+00:00,159.854,159.929,159.791,159.87,2514,10,0
2026-03-27 13:00:00+00:00,159.869,159.949,159.831,159.885,3235,10,0
2026-03-27 14:00:00+00:00,159.886,159.919,159.795,159.891,3298,10,0
2026-03-27 15:00:00+00:00,159.892,160.174,159.696,160.164,4982,10,0
2026-03-27 16:00:00+00:00,160.161,160.294,160.066,160.14,4604,10,0
2026-03-27 17:00:00+00:00,160.142,160.41,160.068,160.335,3643,10,0
2026-03-27 18:00:00+00:00,160.333,160.391,160.24,160.244,2723,10,0
2026-03-27 19:00:00+00:00,160.243,160.29,160.141,160.145,2031,10,0
2026-03-27 20:00:00+00:00,160.145,160.323,160.084,160.269,1314,10,0
2026-03-29 21:00:00+00:00,160.186,160.291,159.973,160.193,878,26,0
2026-03-29 22:00:00+00:00,160.2,160.457,160.189,160.403,1625,10,0
2026-03-29 23:00:00+00:00,160.403,160.441,160.227,160.234,2282,10,0
2026-03-30 00:00:00+00:00,160.231,160.251,159.878,159.879,4788,10,0
2026-03-30 01:00:00+00:00,159.882,159.996,159.839,159.926,2246,10,0
2026-03-30 02:00:00+00:00,159.929,159.985,159.752,159.842,2238,10,0
2026-03-30 03:00:00+00:00,159.842,159.842,159.732,159.785,1709,10,0
2026-03-30 04:00:00+00:00,159.785,159.795,159.652,159.791,1922,10,0
2026-03-30 05:00:00+00:00,159.792,159.807,159.667,159.726,1964,10,0
2026-03-30 06:00:00+00:00,159.726,159.834,159.607,159.801,2859,10,0
2026-03-30 07:00:00+00:00,159.8,159.854,159.566,159.775,3013,10,0
2026-03-30 08:00:00+00:00,159.771,159.807,159.581,159.684,2673,10,0
2026-03-30 09:00:00+00:00,159.682,159.725,159.571,159.596,2829,10,0
2026-03-30 10:00:00+00:00,159.595,159.641,159.484,159.605,2065,10,0
2026-03-30 11:00:00+00:00,159.603,159.605,159.403,159.514,3651,10,0
2026-03-30 12:00:00+00:00,159.513,159.561,159.332,159.369,2900,10,0
2026-03-30 13:00:00+00:00,159.368,159.545,159.321,159.523,3209,10,0
2026-03-30 14:00:00+00:00,159.523,159.613,159.491,159.528,3488,10,0
2026-03-30 15:00:00+00:00,159.53,159.636,159.382,159.479,2983,10,0
2026-03-30 16:00:00+00:00,159.481,159.507,159.407,159.44,2051,10,0
2026-03-30 17:00:00+00:00,159.44,159.585,159.413,159.564,2042,10,0
2026-03-30 18:00:00+00:00,159.563,159.638,159.448,159.621,1838,10,0
2026-03-30 19:00:00+00:00,159.621,159.709,159.608,159.691,1519,10,0
2026-03-30 20:00:00+00:00,159.689,159.731,159.63,159.681,959,10,0
2026-03-30 21:00:00+00:00,159.665,159.731,159.527,159.724,618,26,0
2026-03-30 22:00:00+00:00,159.749,159.803,159.708,159.785,1984,10,0
2026-03-30 23:00:00+00:00,159.8,159.863,159.795,159.84,1350,10,0
2026-03-31 00:00:00+00:00,159.84,159.938,159.686,159.877,5031,10,0
2026-03-31 01:00:00+00:00,159.878,159.969,159.66,159.746,3732,10,0
2026-03-31 02:00:00+00:00,159.747,159.776,159.587,159.602,2346,10,0
2026-03-31 03:00:00+00:00,159.602,159.742,159.592,159.72,1490,10,0
2026-03-31 04:00:00+00:00,159.72,159.727,159.601,159.619,1251,10,0
2026-03-31 05:00:00+00:00,159.618,159.633,159.48,159.609,1834,10,0
2026-03-31 06:00:00+00:00,159.607,159.738,159.491,159.724,2675,10,0
2026-03-31 07:00:00+00:00,159.723,159.786,159.621,159.642,2591,10,0
2026-03-31 08:00:00+00:00,159.639,159.678,159.519,159.574,2027,10,0
2026-03-31 09:00:00+00:00,159.572,159.672,159.507,159.644,1834,10,0
2026-03-31 10:00:00+00:00,159.644,159.769,159.634,159.73,1355,10,0
2026-03-31 11:00:00+00:00,159.728,159.759,159.36,159.415,4668,10,0
2026-03-31 12:00:00+00:00,159.412,159.56,159.34,159.363,4383,10,0
2026-03-31 13:00:00+00:00,159.362,159.442,159.069,159.083,3960,10,0
2026-03-31 14:00:00+00:00,159.081,159.316,159.058,159.099,5673,10,0
2026-03-31 15:00:00+00:00,159.097,159.121,158.896,159.076,5601,10,0
2026-03-31 16:00:00+00:00,159.079,159.201,158.817,158.951,6615,10,0
2026-03-31 17:00:00+00:00,158.948,158.959,158.744,158.944,5936,10,0
2026-03-31 18:00:00+00:00,158.943,158.961,158.787,158.873,3126,10,0
2026-03-31 19:00:00+00:00,158.873,158.997,158.682,158.709,2838,10,0
2026-03-31 20:00:00+00:00,158.707,158.749,158.645,158.7,1515,10,0
2026-03-31 21:00:00+00:00,158.651,158.804,158.58,158.641,1102,26,0
2026-03-31 22:00:00+00:00,158.691,158.815,158.689,158.725,1237,10,0
2026-03-31 23:00:00+00:00,158.728,158.776,158.558,158.586,2004,10,0
2026-04-01 00:00:00+00:00,158.586,158.839,158.448,158.785,3349,10,0
2026-04-01 01:00:00+00:00,158.783,159.009,158.731,158.753,3672,10,0
2026-04-01 02:00:00+00:00,158.751,158.786,158.656,158.719,2128,10,0
2026-04-01 03:00:00+00:00,158.722,158.858,158.582,158.855,1923,10,0
2026-04-01 04:00:00+00:00,158.857,158.932,158.78,158.781,1717,10,0
2026-04-01 05:00:00+00:00,158.779,158.917,158.614,158.675,2524,10,0
2026-04-01 06:00:00+00:00,158.672,158.684,158.284,158.304,4736,10,0
2026-04-01 07:00:00+00:00,158.302,158.787,158.265,158.775,5086,10,0
2026-04-01 08:00:00+00:00,158.777,158.868,158.42,158.576,4622,10,0
2026-04-01 09:00:00+00:00,158.579,158.77,158.482,158.707,3566,10,0
2026-04-01 10:00:00+00:00,158.708,158.729,158.513,158.516,2594,10,0
2026-04-01 11:00:00+00:00,158.513,158.546,158.343,158.345,2459,10,0
2026-04-01 12:00:00+00:00,158.342,158.572,158.297,158.526,6251,10,0
2026-04-01 13:00:00+00:00,158.524,158.671,158.454,158.646,4996,10,0
2026-04-01 14:00:00+00:00,158.636,158.755,158.459,158.48,5717,10,0
2026-04-01 15:00:00+00:00,158.478,158.692,158.402,158.627,3472,10,0
2026-04-01 16:00:00+00:00,158.629,158.727,158.543,158.551,2548,10,0
2026-04-01 17:00:00+00:00,158.55,158.717,158.446,158.708,2638,10,0
2026-04-01 18:00:00+00:00,158.707,158.858,158.687,158.848,2990,10,0
2026-04-01 19:00:00+00:00,158.845,158.941,158.837,158.89,2140,10,0
2026-04-01 20:00:00+00:00,158.886,158.9,158.663,158.687,990,10,0
2026-04-01 21:00:00+00:00,158.678,158.735,158.434,158.612,833,146,0
2026-04-01 22:00:00+00:00,158.707,158.733,158.572,158.608,1226,10,0
2026-04-01 23:00:00+00:00,158.608,158.711,158.54,158.71,1941,10,0
2026-04-02 00:00:00+00:00,158.713,158.762,158.579,158.668,3426,10,0
2026-04-02 01:00:00+00:00,158.67,159.282,158.605,159.278,9662,10,0
2026-04-02 02:00:00+00:00,159.281,159.476,159.174,159.416,3589,10,0
2026-04-02 03:00:00+00:00,159.418,159.442,159.306,159.364,2264,10,0
2026-04-02 04:00:00+00:00,159.362,159.431,159.33,159.338,2025,10,0
2026-04-02 05:00:00+00:00,159.338,159.442,159.333,159.438,2060,10,0
2026-04-02 06:00:00+00:00,159.434,159.466,159.299,159.381,3066,10,0
2026-04-02 07:00:00+00:00,159.384,159.713,159.369,159.572,3952,10,0
2026-04-02 08:00:00+00:00,159.572,159.704,159.547,159.677,2112,10,0
2026-04-02 09:00:00+00:00,159.677,159.723,159.562,159.565,1811,10,0
2026-04-02 10:00:00+00:00,159.562,159.698,159.543,159.679,1994,10,0
2026-04-02 11:00:00+00:00,159.682,159.741,159.67,159.7,1861,10,0
2026-04-02 12:00:00+00:00,159.7,159.703,159.561,159.628,3199,10,0
2026-04-02 13:00:00+00:00,159.627,159.686,159.452,159.464,3357,10,0
2026-04-02 14:00:00+00:00,159.462,159.501,159.237,159.356,6742,10,0
2026-04-02 15:00:00+00:00,159.358,159.388,159.227,159.338,3995,10,0
2026-04-02 16:00:00+00:00,159.339,159.51,159.308,159.51,3025,10,0
2026-04-02 17:00:00+00:00,159.51,159.612,159.491,159.589,2076,10,0
2026-04-02 18:00:00+00:00,159.587,159.724,159.575,159.626,2093,10,0
2026-04-02 19:00:00+00:00,159.628,159.675,159.537,159.659,1992,10,0
2026-04-02 20:00:00+00:00,159.659,159.67,159.549,159.562,874,10,0
2026-04-02 21:00:00+00:00,159.56,159.577,159.537,159.559,353,26,0
2026-04-02 22:00:00+00:00,159.571,159.583,159.427,159.483,458,18,0
2026-04-02 23:00:00+00:00,159.483,159.484,159.43,159.441,482,107,0
2026-04-03 00:00:00+00:00,159.444,159.578,159.38,159.541,1126,107,0
2026-04-03 01:00:00+00:00,159.54,159.601,159.49,159.594,863,107,0
2026-04-03 02:00:00+00:00,159.594,159.665,159.56,159.615,982,107,0
2026-04-03 03:00:00+00:00,159.614,159.649,159.516,159.522,644,107,0
2026-04-03 04:00:00+00:00,159.523,159.585,159.481,159.573,724,107,0
2026-04-03 05:00:00+00:00,159.571,159.593,159.532,159.585,926,107,0
2026-04-03 06:00:00+00:00,159.585,159.629,159.513,159.563,640,142,0
2026-04-03 07:00:00+00:00,159.563,159.57,159.471,159.52,508,142,0
2026-04-03 08:00:00+00:00,159.52,159.574,159.5,159.533,751,142,0
2026-04-03 09:00:00+00:00,159.534,159.547,159.505,159.529,530,142,0
2026-04-03 10:00:00+00:00,159.529,159.546,159.501,159.53,581,142,0
2026-04-03 11:00:00+00:00,159.53,159.531,159.463,159.494,828,142,0
2026-04-03 12:00:00+00:00,159.494,159.844,159.448,159.613,2389,10,0
2026-04-03 13:00:00+00:00,159.613,159.628,159.482,159.513,1467,10,0
2026-04-03 14:00:00+00:00,159.513,159.597,159.485,159.589,781,10,0
2026-04-03 15:00:00+00:00,159.59,159.639,159.56,159.637,934,10,0
2026-04-03 16:00:00+00:00,159.635,159.643,159.623,159.63,523,10,0
2026-04-03 17:00:00+00:00,159.631,159.643,159.626,159.628,380,10,0
2026-04-03 18:00:00+00:00,159.628,159.66,159.618,159.644,353,10,0
2026-04-03 19:00:00+00:00,159.646,159.657,159.627,159.63,315,20,0
2026-04-03 20:00:00+00:00,159.63,159.656,159.468,159.626,1592,20,0
2026-04-05 21:00:00+00:00,159.599,159.753,159.356,159.578,652,38,0
2026-04-05 22:00:00+00:00,159.638,159.79,159.469,159.671,2217,10,0
2026-04-05 23:00:00+00:00,159.669,159.829,159.603,159.774,2134,10,0
2026-04-06 00:00:00+00:00,159.776,159.801,159.653,159.744,2516,10,0
2026-04-06 01:00:00+00:00,159.741,159.741,159.61,159.687,2235,10,0
2026-04-06 02:00:00+00:00,159.686,159.687,159.524,159.554,2085,10,0
2026-04-06 03:00:00+00:00,159.554,159.633,159.532,159.621,1509,10,0
2026-04-06 04:00:00+00:00,159.621,159.626,159.541,159.566,1267,10,0
2026-04-06 05:00:00+00:00,159.566,159.579,159.546,159.569,1058,10,0
2026-04-06 06:00:00+00:00,159.567,159.653,159.538,159.608,1756,10,0
2026-04-06 07:00:00+00:00,159.606,159.707,159.341,159.384,2550,10,0
2026-04-06 08:00:00+00:00,159.383,159.433,159.3,159.383,2485,10,0
2026-04-06 09:00:00+00:00,159.383,159.466,159.346,159.428,1720,10,0
2026-04-06 10:00:00+00:00,159.427,159.556,159.41,159.455,1738,10,0
2026-04-06 11:00:00+00:00,159.455,159.585,159.448,159.553,1536,10,0
2026-04-06 12:00:00+00:00,159.553,159.566,159.363,159.403,2152,10,0
2026-04-06 13:00:00+00:00,159.403,159.501,159.389,159.483,2151,10,0
2026-04-06 14:00:00+00:00,159.479,159.717,159.396,159.705,3746,10,0
2026-04-06 15:00:00+00:00,159.702,159.799,159.701,159.705,2830,10,0
2026-04-06 16:00:00+00:00,159.706,159.71,159.618,159.675,1904,10,0
2026-04-06 17:00:00+00:00,159.677,159.796,159.677,159.77,1960,10,0
2026-04-06 18:00:00+00:00,159.768,159.787,159.59,159.683,2320,10,0
2026-04-06 19:00:00+00:00,159.681,159.731,159.648,159.686,1059,10,0
2026-04-06 20:00:00+00:00,159.674,159.708,159.66,159.661,562,10,0
2026-04-06 21:00:00+00:00,159.659,159.721,159.49,159.651,863,26,0
2026-04-06 22:00:00+00:00,159.67,159.676,159.568,159.668,848,10,0
2026-04-06 23:00:00+00:00,159.668,159.706,159.65,159.689,785,10,0
2026-04-07 00:00:00+00:00,159.689,159.839,159.672,159.828,2070,10,0
2026-04-07 01:00:00+00:00,159.825,159.919,159.783,159.881,1948,10,0
2026-04-07 02:00:00+00:00,159.879,159.929,159.843,159.866,1167,10,0
2026-04-07 03:00:00+00:00,159.867,159.88,159.816,159.828,786,10,0
2026-04-07 04:00:00+00:00,159.828,159.828,159.727,159.733,1050,10,0
2026-04-07 05:00:00+00:00,159.733,159.816,159.72,159.768,1325,10,0
2026-04-07 06:00:00+00:00,159.766,159.809,159.729,159.779,1758,10,0
2026-04-07 07:00:00+00:00,159.777,159.876,159.77,159.858,1679,10,0
2026-04-07 08:00:00+00:00,159.86,159.861,159.475,159.489,4363,10,0
2026-04-07 09:00:00+00:00,159.487,159.633,159.464,159.633,2219,10,0
2026-04-07 10:00:00+00:00,159.635,159.788,159.612,159.781,3674,10,0
2026-04-07 11:00:00+00:00,159.779,159.858,159.763,159.826,2249,10,0
2026-04-07 12:00:00+00:00,159.824,159.877,159.708,159.778,2961,10,0
2026-04-07 13:00:00+00:00,159.777,159.891,159.72,159.884,2603,10,0
2026-04-07 14:00:00+00:00,159.883,159.96,159.772,159.948,3333,10,0
2026-04-07 15:00:00+00:00,159.952,160.025,159.863,159.893,3557,10,0
2026-04-07 16:00:00+00:00,159.893,159.906,159.792,159.902,2889,10,0
2026-04-07 17:00:00+00:00,159.904,159.951,159.701,159.779,2613,10,0
2026-04-07 18:00:00+00:00,159.781,159.862,159.691,159.837,2211,10,0
2026-04-07 19:00:00+00:00,159.837,159.864,159.541,159.58,5121,10,0
2026-04-07 20:00:00+00:00,159.569,159.678,159.499,159.602,1850,10,0
2026-04-07 21:00:00+00:00,159.587,159.623,159.5,159.519,618,26,0
2026-04-07 22:00:00+00:00,159.573,159.584,158.837,158.913,3827,10,0
2026-04-07 23:00:00+00:00,158.919,158.965,158.595,158.717,9137,10,0
2026-04-08 00:00:00+00:00,158.715,158.786,158.542,158.687,8259,10,0
2026-04-08 01:00:00+00:00,158.688,158.711,158.34,158.404,4842,10,0
2026-04-08 02:00:00+00:00,158.406,158.575,158.29,158.433,3397,10,0
2026-04-08 03:00:00+00:00,158.431,158.461,158.346,158.445,2593,10,0
2026-04-08 04:00:00+00:00,158.442,158.459,158.339,158.351,2144,10,0
2026-04-08 05:00:00+00:00,158.35,158.428,158.148,158.275,3044,10,0
2026-04-08 06:00:00+00:00,158.28,158.371,158.046,158.196,3978,10,0
2026-04-08 07:00:00+00:00,158.193,158.364,158.108,158.213,3985,10,0
2026-04-08 08:00:00+00:00,158.217,158.486,158.122,158.369,3208,10,0
2026-04-08 09:00:00+00:00,158.369,158.492,158.275,158.483,2625,10,0
2026-04-08 10:00:00+00:00,158.486,158.531,158.38,158.43,1929,10,0
2026-04-08 11:00:00+00:00,158.427,158.482,158.214,158.252,2834,10,0
2026-04-08 12:00:00+00:00,158.252,158.322,157.943,158.012,5711,10,0
2026-04-08 13:00:00+00:00,158.01,158.324,157.883,158.273,5986,10,0
2026-04-08 14:00:00+00:00,158.275,158.417,158.178,158.279,5354,10,0
2026-04-08 15:00:00+00:00,158.279,158.462,158.252,158.384,3683,10,0
2026-04-08 16:00:00+00:00,158.384,158.494,158.351,158.417,2810,10,0
2026-04-08 17:00:00+00:00,158.416,158.519,158.384,158.459,2592,10,0
2026-04-08 18:00:00+00:00,158.458,158.742,158.376,158.733,3558,10,0
2026-04-08 19:00:00+00:00,158.735,158.795,158.496,158.536,2800,10,0
2026-04-08 20:00:00+00:00,158.526,158.621,158.459,158.462,1105,10,0
2026-04-08 21:00:00+00:00,158.461,158.519,158.305,158.41,795,146,0
2026-04-08 22:00:00+00:00,158.533,158.58,158.502,158.566,746,10,0
2026-04-08 23:00:00+00:00,158.565,158.677,158.556,158.649,1038,10,0
2026-04-09 00:00:00+00:00,158.65,158.87,158.615,158.852,2658,10,0
2026-04-09 01:00:00+00:00,158.85,158.948,158.787,158.824,2221,10,0
2026-04-09 02:00:00+00:00,158.824,158.854,158.703,158.718,1579,10,0
2026-04-09 03:00:00+00:00,158.715,158.803,158.688,158.751,1602,10,0
2026-04-09 04:00:00+00:00,158.751,158.751,158.64,158.734,1406,10,0
2026-04-09 05:00:00+00:00,158.734,158.861,158.711,158.84,1345,10,0
2026-04-09 06:00:00+00:00,158.841,158.927,158.764,158.781,2456,10,0
2026-04-09 07:00:00+00:00,158.779,158.972,158.763,158.967,2421,10,0
2026-04-09 08:00:00+00:00,158.964,159.108,158.908,158.999,2197,10,0
2026-04-09 09:00:00+00:00,158.999,159.052,158.934,158.983,1917,10,0
2026-04-09 10:00:00+00:00,158.981,159.078,158.953,159.076,1448,10,0
2026-04-09 11:00:00+00:00,159.078,159.083,158.834,158.89,1872,10,0
2026-04-09 12:00:00+00:00,158.89,159.114,158.852,158.997,3379,10,0
2026-04-09 13:00:00+00:00,158.993,159.095,158.885,159.079,2799,10,0
2026-04-09 14:00:00+00:00,159.081,159.239,158.989,159.183,3413,10,0
2026-04-09 15:00:00+00:00,159.186,159.292,158.861,158.87,5268,10,0
2026-04-09 16:00:00+00:00,158.867,158.897,158.628,158.76,3516,10,0
2026-04-09 17:00:00+00:00,158.76,158.79,158.674,158.762,2539,10,0
2026-04-09 18:00:00+00:00,158.762,159.024,158.76,159.006,2732,10,0
2026-04-09 19:00:00+00:00,159.005,159.092,158.969,159.088,2144,10,0
2026-04-09 20:00:00+00:00,159.075,159.118,158.938,158.938,838,10,0
2026-04-09 21:00:00+00:00,158.919,158.987,158.912,158.986,341,26,0
2026-04-09 22:00:00+00:00,158.986,159.096,158.95,159.082,798,10,0
2026-04-09 23:00:00+00:00,159.082,159.123,159.041,159.087,1013,10,0
2026-04-10 00:00:00+00:00,159.089,159.24,159.087,159.181,2422,10,0
2026-04-10 01:00:00+00:00,159.183,159.228,159.019,159.034,1903,10,0
2026-04-10 02:00:00+00:00,159.031,159.19,159.02,159.156,1562,10,0
2026-04-10 03:00:00+00:00,159.155,159.171,159.113,159.138,1193,10,0
2026-04-10 04:00:00+00:00,159.137,159.212,159.121,159.184,1219,10,0
2026-04-10 05:00:00+00:00,159.183,159.269,159.181,159.253,1201,10,0
2026-04-10 06:00:00+00:00,159.252,159.37,159.202,159.275,2099,10,0
2026-04-10 07:00:00+00:00,159.277,159.339,159.192,159.336,1928,10,0
2026-04-10 08:00:00+00:00,159.337,159.352,159.239,159.313,1588,10,0
2026-04-10 09:00:00+00:00,159.311,159.326,159.176,159.24,2609,10,0
2026-04-10 10:00:00+00:00,159.242,159.287,159.178,159.196,1566,10,0
2026-04-10 11:00:00+00:00,159.196,159.24,159.157,159.176,1379,10,0
2026-04-10 12:00:00+00:00,159.173,159.187,158.902,159.151,3094,10,0
2026-04-10 13:00:00+00:00,159.155,159.201,159.065,159.166,3118,10,0
2026-04-10 14:00:00+00:00,159.169,159.242,159.09,159.121,3513,10,0
2026-04-10 15:00:00+00:00,159.121,159.231,159.031,159.224,2824,10,0
2026-04-10 16:00:00+00:00,159.227,159.347,159.213,159.263,2189,10,0
2026-04-10 17:00:00+00:00,159.264,159.305,159.238,159.289,1540,10,0
2026-04-10 18:00:00+00:00,159.291,159.338,159.237,159.279,2097,10,0
2026-04-10 19:00:00+00:00,159.277,159.307,159.264,159.299,1143,10,0
2026-04-10 20:00:00+00:00,159.293,159.314,159.251,159.296,664,10,0
2026-04-12 21:00:00+00:00,159.515,159.584,159.462,159.577,530,26,0
2026-04-12 22:00:00+00:00,159.577,159.834,159.577,159.801,2330,10,0
2026-04-12 23:00:00+00:00,159.801,159.851,159.65,159.674,1767,10,0
2026-04-13 00:00:00+00:00,159.677,159.844,159.665,159.704,3070,10,0
2026-04-13 01:00:00+00:00,159.702,159.781,159.651,159.685,2019,10,0
2026-04-13 02:00:00+00:00,159.685,159.753,159.659,159.709,1321,10,0
2026-04-13 03:00:00+00:00,159.711,159.747,159.675,159.678,1110,10,0
2026-04-13 04:00:00+00:00,159.677,159.772,159.667,159.721,1218,10,0
2026-04-13 05:00:00+00:00,159.721,159.748,159.671,159.676,1115,10,0
2026-04-13 06:00:00+00:00,159.675,159.728,159.557,159.673,1993,10,0
2026-04-13 07:00:00+00:00,159.671,159.719,159.6,159.601,1975,10,0
2026-04-13 08:00:00+00:00,159.604,159.717,159.564,159.708,1689,10,0
2026-04-13 09:00:00+00:00,159.706,159.739,159.669,159.728,1376,10,0
2026-04-13 10:00:00+00:00,159.73,159.737,159.664,159.688,1179,10,0
2026-04-13 11:00:00+00:00,159.685,159.848,159.644,159.84,1780,10,0
2026-04-13 12:00:00+00:00,159.84,159.863,159.684,159.741,2555,10,0
2026-04-13 13:00:00+00:00,159.739,159.797,159.543,159.546,3524,10,0
2026-04-13 14:00:00+00:00,159.544,159.659,159.503,159.565,3570,10,0
2026-04-13 15:00:00+00:00,159.567,159.752,159.567,159.737,2813,10,0
2026-04-13 16:00:00+00:00,159.74,159.783,159.453,159.525,4079,10,0
2026-04-13 17:00:00+00:00,159.524,159.534,159.357,159.407,2290,10,0
2026-04-13 18:00:00+00:00,159.406,159.409,159.295,159.326,2516,10,0
2026-04-13 19:00:00+00:00,159.329,159.39,159.288,159.379,1716,10,0
2026-04-13 20:00:00+00:00,159.368,159.452,159.363,159.427,890,10,0
2026-04-13 21:00:00+00:00,159.425,159.434,159.243,159.323,637,26,0
2026-04-13 22:00:00+00:00,159.325,159.406,159.318,159.364,744,10,0
2026-04-13 23:00:00+00:00,159.365,159.374,159.201,159.216,1595,10,0
2026-04-14 00:00:00+00:00,159.216,159.332,159.138,159.163,2602,10,0
2026-04-14 01:00:00+00:00,159.161,159.227,159.081,159.206,2448,10,0
2026-04-14 02:00:00+00:00,159.207,159.262,159.123,159.14,1174,10,0
2026-04-14 03:00:00+00:00,159.138,159.165,159.071,159.089,1271,10,0
2026-04-14 04:00:00+00:00,159.088,159.116,159.005,159.027,1154,10,0
2026-04-14 05:00:00+00:00,159.029,159.152,158.954,159.127,1570,10,0
2026-04-14 06:00:00+00:00,159.129,159.28,159.112,159.158,2210,10,0
2026-04-14 07:00:00+00:00,159.155,159.166,158.945,159.064,3120,10,0
2026-04-14 08:00:00+00:00,159.067,159.165,159.02,159.062,2107,10,0
2026-04-14 09:00:00+00:00,159.06,159.092,158.847,158.969,3075,10,0
2026-04-14 10:00:00+00:00,158.972,158.974,158.799,158.823,2323,10,0
2026-04-14 11:00:00+00:00,158.824,158.833,158.698,158.771,2383,10,0
2026-04-14 12:00:00+00:00,158.77,158.871,158.695,158.713,3599,10,0
2026-04-14 13:00:00+00:00,158.715,158.897,158.672,158.856,3260,10,0
2026-04-14 14:00:00+00:00,158.858,158.859,158.598,158.742,3459,10,0
2026-04-14 15:00:00+00:00,158.744,158.918,158.744,158.913,3086,10,0
2026-04-14 16:00:00+00:00,158.911,158.933,158.812,158.834,1702,10,0
2026-04-14 17:00:00+00:00,158.834,158.889,158.694,158.731,1551,10,0
2026-04-14 18:00:00+00:00,158.73,158.833,158.68,158.808,1614,10,0
2026-04-14 19:00:00+00:00,158.811,158.905,158.795,158.863,1272,10,0
2026-04-14 20:00:00+00:00,158.855,158.882,158.75,158.754,596,10,0
2026-04-14 21:00:00+00:00,158.741,158.823,158.741,158.812,1291,26,0
2026-04-14 22:00:00+00:00,158.821,158.838,158.767,158.837,749,10,0
2026-04-14 23:00:00+00:00,158.836,158.88,158.766,158.797,1343,10,0
2026-04-15 00:00:00+00:00,158.8,158.881,158.734,158.814,2814,10,0
2026-04-15 01:00:00+00:00,158.816,158.976,158.816,158.907,2625,10,0
2026-04-15 02:00:00+00:00,158.91,159.061,158.882,159.035,1601,10,0
2026-04-15 03:00:00+00:00,159.034,159.048,158.953,158.981,1514,10,0
2026-04-15 04:00:00+00:00,158.98,159.008,158.947,158.982,997,10,0
2026-04-15 05:00:00+00:00,158.983,158.994,158.908,158.959,1478,10,0
2026-04-15 06:00:00+00:00,158.962,159.021,158.859,159.018,2023,10,0
2026-04-15 07:00:00+00:00,159.022,159.024,158.882,158.925,1998,10,0
2026-04-15 08:00:00+00:00,158.928,158.936,158.641,158.77,2778,10,0
2026-04-15 09:00:00+00:00,158.77,158.929,158.712,158.891,3082,10,0
2026-04-15 10:00:00+00:00,158.891,159.048,158.822,158.971,2949,10,0
2026-04-15 11:00:00+00:00,158.974,159.093,158.925,159.022,2417,10,0
2026-04-15 12:00:00+00:00,159.023,159.148,159.021,159.102,2377,10,0
2026-04-15 13:00:00+00:00,159.102,159.119,158.978,159.023,2946,10,0
2026-04-15 14:00:00+00:00,159.023,159.06,158.917,158.986,2865,10,0
2026-04-15 15:00:00+00:00,158.989,159.026,158.86,159.021,3028,10,0
2026-04-15 16:00:00+00:00,159.023,159.033,158.748,158.877,3480,10,0
2026-04-15 17:00:00+00:00,158.876,159.109,158.873,159.101,1784,10,0
2026-04-15 18:00:00+00:00,159.101,159.121,158.995,159.017,2379,10,0
2026-04-15 19:00:00+00:00,159.019,159.053,158.947,158.972,1402,10,0
2026-04-15 20:00:00+00:00,158.965,158.995,158.856,158.863,911,10,0
2026-04-15 21:00:00+00:00,158.838,158.913,158.759,158.85,902,146,0
2026-04-15 22:00:00+00:00,158.953,158.953,158.83,158.863,782,10,0
2026-04-15 23:00:00+00:00,158.869,158.883,158.791,158.814,1041,10,0
2026-04-16 00:00:00+00:00,158.814,158.847,158.712,158.728,2279,10,0
2026-04-16 01:00:00+00:00,158.727,158.823,158.677,158.749,2065,10,0
2026-04-16 02:00:00+00:00,158.749,158.811,158.503,158.513,2152,10,0
2026-04-16 03:00:00+00:00,158.511,158.67,158.259,158.665,3850,10,0
2026-04-16 04:00:00+00:00,158.665,158.739,158.649,158.708,1792,10,0
2026-04-16 05:00:00+00:00,158.708,158.853,158.695,158.844,1769,10,0
2026-04-16 06:00:00+00:00,158.847,158.948,158.752,158.79,2452,10,0
2026-04-16 07:00:00+00:00,158.786,158.884,158.723,158.862,2798,10,0
2026-04-16 08:00:00+00:00,158.858,159.056,158.847,158.982,2482,10,0
2026-04-16 09:00:00+00:00,158.982,159.066,158.956,159.031,1678,10,0
2026-04-16 10:00:00+00:00,159.032,159.128,159.008,159.019,1648,10,0
2026-04-16 11:00:00+00:00,159.019,159.019,158.877,158.957,2211,10,0
2026-04-16 12:00:00+00:00,158.956,159.112,158.928,159.111,2816,10,0
2026-04-16 13:00:00+00:00,159.11,159.305,158.986,159.215,3038,10,0
2026-04-16 14:00:00+00:00,159.212,159.269,159.083,159.257,3816,10,0
2026-04-16 15:00:00+00:00,159.259,159.279,159.07,159.07,3284,10,0
2026-04-16 16:00:00+00:00,159.07,159.259,159.02,159.177,2931,10,0
2026-04-16 17:00:00+00:00,159.175,159.288,159.169,159.251,1723,10,0
2026-04-16 18:00:00+00:00,159.251,159.255,159.16,159.213,1978,10,0
2026-04-16 19:00:00+00:00,159.215,159.217,159.093,159.163,1438,10,0
2026-04-16 20:00:00+00:00,159.143,159.191,159.125,159.127,732,10,0
2026-04-16 21:00:00+00:00,159.128,159.185,158.998,159.14,478,26,0
2026-04-16 22:00:00+00:00,159.146,159.146,159.017,159.109,694,10,0
2026-04-16 23:00:00+00:00,159.11,159.224,159.082,159.201,864,10,0
2026-04-17 00:00:00+00:00,159.203,159.356,159.175,159.329,2088,10,0
2026-04-17 01:00:00+00:00,159.331,159.426,159.298,159.357,1924,10,0
2026-04-17 02:00:00+00:00,159.359,159.44,159.358,159.373,1183,10,0
2026-04-17 03:00:00+00:00,159.373,159.461,159.36,159.386,1059,10,0
2026-04-17 04:00:00+00:00,159.386,159.48,159.371,159.464,1113,10,0
2026-04-17 05:00:00+00:00,159.466,159.53,159.449,159.476,1402,10,0
2026-04-17 06:00:00+00:00,159.476,159.515,159.37,159.402,2063,10,0
2026-04-17 07:00:00+00:00,159.4,159.4,159.272,159.276,2307,10,0
2026-04-17 08:00:00+00:00,159.274,159.301,159.137,159.139,2353,10,0
2026-04-17 09:00:00+00:00,159.138,159.187,159.002,159.038,2186,10,0
2026-04-17 10:00:00+00:00,159.038,159.172,159.026,159.161,1606,10,0
2026-04-17 11:00:00+00:00,159.162,159.221,159.136,159.171,1450,10,0
2026-04-17 12:00:00+00:00,159.168,159.174,158.4,158.409,7579,10,0
2026-04-17 13:00:00+00:00,158.406,158.51,158.067,158.188,12206,10,0
2026-04-17 14:00:00+00:00,158.185,158.231,157.585,157.845,8378,10,0
2026-04-17 15:00:00+00:00,157.847,158.172,157.79,158.097,7206,10,0
2026-04-17 16:00:00+00:00,158.099,158.197,157.958,158.035,3587,10,0
2026-04-17 17:00:00+00:00,158.037,158.274,158.037,158.162,4035,10,0
2026-04-17 18:00:00+00:00,158.162,158.462,158.135,158.432,2883,10,0
2026-04-17 19:00:00+00:00,158.433,158.583,158.363,158.557,2628,10,0
2026-04-17 20:00:00+00:00,158.553,158.629,158.529,158.606,1121,10,0
2026-04-19 21:00:00+00:00,158.721,158.879,158.71,158.867,478,38,0
2026-04-19 22:00:00+00:00,158.866,159.039,158.866,159.006,1823,10,0
2026-04-19 23:00:00+00:00,159.007,159.193,158.932,159.155,2561,10,0
2026-04-20 00:00:00+00:00,159.152,159.199,158.89,159.003,3527,10,0
2026-04-20 01:00:00+00:00,159.005,159.014,158.833,158.858,2773,10,0
2026-04-20 02:00:00+00:00,158.856,158.909,158.79,158.877,1749,10,0
2026-04-20 03:00:00+00:00,158.877,158.929,158.797,158.878,1495,10,0
2026-04-20 04:00:00+00:00,158.878,158.945,158.842,158.892,1190,10,0
2026-04-20 05:00:00+00:00,158.892,159.007,158.891,158.944,1749,10,0
2026-04-20 06:00:00+00:00,158.942,158.993,158.819,158.866,3134,10,0
2026-04-20 07:00:00+00:00,158.863,159.047,158.723,158.962,3910,10,0
2026-04-20 08:00:00+00:00,158.965,159.073,158.91,158.977,2852,10,0
2026-04-20 09:00:00+00:00,158.976,159.031,158.881,158.919,3043,10,0
2026-04-20 10:00:00+00:00,158.916,158.97,158.852,158.907,1963,10,0
2026-04-20 11:00:00+00:00,158.904,158.955,158.754,158.834,2212,10,0
2026-04-20 12:00:00+00:00,158.836,158.972,158.803,158.874,2898,10,0
2026-04-20 13:00:00+00:00,158.875,158.934,158.563,158.63,4393,10,0
2026-04-20 14:00:00+00:00,158.632,158.891,158.625,158.713,4848,10,0
2026-04-20 15:00:00+00:00,158.717,158.784,158.546,158.669,4133,10,0
2026-04-20 16:00:00+00:00,158.666,158.707,158.611,158.651,2258,10,0
2026-04-20 17:00:00+00:00,158.648,158.767,158.603,158.752,2070,10,0
2026-04-20 18:00:00+00:00,158.753,158.919,158.664,158.902,2787,10,0
2026-04-20 19:00:00+00:00,158.903,158.918,158.794,158.837,1466,10,0
2026-04-20 20:00:00+00:00,158.833,158.899,158.797,158.813,1186,10,0
2026-04-20 21:00:00+00:00,158.814,158.818,158.679,158.725,834,26,0
2026-04-20 22:00:00+00:00,158.744,158.812,158.727,158.764,1730,10,0
2026-04-20 23:00:00+00:00,158.768,158.859,158.753,158.849,845,10,0
2026-04-21 00:00:00+00:00,158.849,158.993,158.831,158.946,2229,10,0
2026-04-21 01:00:00+00:00,158.949,158.974,158.908,158.948,1562,10,0
2026-04-21 02:00:00+00:00,158.949,158.993,158.917,158.948,1112,10,0
2026-04-21 03:00:00+00:00,158.947,158.99,158.926,158.981,1039,10,0
2026-04-21 04:00:00+00:00,158.981,158.989,158.943,158.951,857,10,0
2026-04-21 05:00:00+00:00,158.954,158.955,158.846,158.901,1077,10,0
2026-04-21 06:00:00+00:00,158.9,158.913,158.789,158.812,2097,10,0
2026-04-21 07:00:00+00:00,158.812,159.016,158.796,159.016,2390,10,0
2026-04-21 08:00:00+00:00,159.017,159.213,159.016,159.172,2845,10,0
2026-04-21 09:00:00+00:00,159.168,159.252,159.102,159.194,1995,10,0
2026-04-21 10:00:00+00:00,159.197,159.227,159.182,159.188,1330,10,0
2026-04-21 11:00:00+00:00,159.186,159.248,159.035,159.046,1819,10,0
2026-04-21 12:00:00+00:00,159.043,159.243,159.014,159.174,2975,10,0
2026-04-21 13:00:00+00:00,159.174,159.193,159.011,159.089,2933,10,0
2026-04-21 14:00:00+00:00,159.087,159.377,159.037,159.374,3664,10,0
2026-04-21 15:00:00+00:00,159.371,159.437,159.275,159.391,3441,10,0
2026-04-21 16:00:00+00:00,159.389,159.502,159.342,159.462,2447,10,0
2026-04-21 17:00:00+00:00,159.461,159.612,159.165,159.318,4314,10,0
2026-04-21 18:00:00+00:00,159.318,159.488,159.28,159.367,3605,10,0
2026-04-21 19:00:00+00:00,159.365,159.635,159.227,159.603,4954,10,0
2026-04-21 20:00:00+00:00,159.598,159.634,159.287,159.347,1876,10,0
2026-04-21 21:00:00+00:00,159.317,159.42,159.245,159.386,759,26,0
2026-04-21 22:00:00+00:00,159.396,159.411,159.35,159.404,1236,10,0
2026-04-21 23:00:00+00:00,159.413,159.456,159.357,159.375,1238,10,0
2026-04-22 00:00:00+00:00,159.373,159.373,159.17,159.286,3382,10,0
2026-04-22 01:00:00+00:00,159.287,159.328,159.223,159.254,2005,10,0
2026-04-22 02:00:00+00:00,159.253,159.369,159.245,159.35,1301,10,0
2026-04-22 03:00:00+00:00,159.352,159.398,159.328,159.391,1326,10,0
2026-04-22 04:00:00+00:00,159.391,159.391,159.293,159.34,954,10,0
2026-04-22 05:00:00+00:00,159.339,159.342,159.102,159.226,2665,10,0
2026-04-22 06:00:00+00:00,159.223,159.253,159.127,159.127,2036,10,0
2026-04-22 07:00:00+00:00,159.127,159.294,159.106,159.217,2288,10,0
2026-04-22 08:00:00+00:00,159.215,159.367,159.198,159.354,2205,10,0
2026-04-22 09:00:00+00:00,159.353,159.367,159.309,159.34,1786,10,0
2026-04-22 10:00:00+00:00,159.339,159.369,159.211,159.222,1785,10,0
2026-04-22 11:00:00+00:00,159.22,159.277,159.188,159.246,2402,10,0
2026-04-22 12:00:00+00:00,159.248,159.361,159.143,159.359,2591,10,0
2026-04-22 13:00:00+00:00,159.359,159.367,159.109,159.172,4530,10,0
2026-04-22 14:00:00+00:00,159.168,159.391,159.138,159.391,3312,10,0
2026-04-22 15:00:00+00:00,159.393,159.509,159.363,159.491,2740,10,0
2026-04-22 16:00:00+00:00,159.491,159.527,159.444,159.504,2221,10,0
2026-04-22 17:00:00+00:00,159.503,159.519,159.423,159.437,1962,10,0
2026-04-22 18:00:00+00:00,159.437,159.488,159.41,159.476,1290,10,0
2026-04-22 19:00:00+00:00,159.475,159.55,159.456,159.537,934,10,0
2026-04-22 20:00:00+00:00,159.539,159.567,159.36,159.366,963,10,0
2026-04-22 21:00:00+00:00,159.367,159.402,159.255,159.335,685,146,0
2026-04-22 22:00:00+00:00,159.449,159.485,159.406,159.471,449,10,0
2026-04-22 23:00:00+00:00,159.471,159.494,159.434,159.485,817,10,0
2026-04-23 00:00:00+00:00,159.485,159.687,159.292,159.328,5256,10,0
2026-04-23 01:00:00+00:00,159.325,159.417,159.293,159.377,2558,10,0
2026-04-23 02:00:00+00:00,159.378,159.562,159.357,159.531,2157,10,0
2026-04-23 03:00:00+00:00,159.531,159.547,159.469,159.54,1880,10,0
2026-04-23 04:00:00+00:00,159.54,159.584,159.513,159.542,1226,10,0
2026-04-23 05:00:00+00:00,159.543,159.601,159.512,159.531,1372,10,0
2026-04-23 06:00:00+00:00,159.53,159.665,159.518,159.653,1988,10,0
2026-04-23 07:00:00+00:00,159.655,159.696,159.595,159.598,2133,10,0
2026-04-23 08:00:00+00:00,159.595,159.694,159.586,159.687,1932,10,0
2026-04-23 09:00:00+00:00,159.69,159.739,159.65,159.727,1978,10,0
2026-04-23 10:00:00+00:00,159.729,159.777,159.662,159.712,2103,10,0
2026-04-23 11:00:00+00:00,159.712,159.749,159.497,159.548,2744,10,0
2026-04-23 12:00:00+00:00,159.55,159.597,159.432,159.499,4469,10,0
2026-04-23 13:00:00+00:00,159.497,159.621,159.462,159.568,3389,10,0
2026-04-23 14:00:00+00:00,159.569,159.614,159.375,159.394,3325,10,0
2026-04-23 15:00:00+00:00,159.395,159.485,159.311,159.438,2954,10,0
2026-04-23 16:00:00+00:00,159.44,159.484,159.421,159.454,2211,10,0
2026-04-23 17:00:00+00:00,159.452,159.844,159.449,159.559,6948,10,0
2026-04-23 18:00:00+00:00,159.555,159.633,159.464,159.625,4399,10,0
2026-04-23 19:00:00+00:00,159.628,159.751,159.602,159.694,2596,10,0
2026-04-23 20:00:00+00:00,159.688,159.745,159.677,159.699,1013,10,0
2026-04-23 21:00:00+00:00,159.694,159.711,159.462,159.655,816,26,0
2026-04-23 22:00:00+00:00,159.661,159.722,159.649,159.701,666,10,0
2026-04-23 23:00:00+00:00,159.701,159.783,159.698,159.752,924,10,0
2026-04-24 00:00:00+00:00,159.751,159.808,159.674,159.788,2643,10,0
2026-04-24 01:00:00+00:00,159.788,159.81,159.749,159.752,1495,10,0
2026-04-24 02:00:00+00:00,159.754,159.794,159.747,159.767,1040,10,0
2026-04-24 03:00:00+00:00,159.768,159.839,159.76,159.786,1448,10,0
2026-04-24 04:00:00+00:00,159.786,159.798,159.722,159.774,1213,10,0
2026-04-24 05:00:00+00:00,159.774,159.811,159.744,159.768,1228,10,0
2026-04-24 06:00:00+00:00,159.765,159.789,159.599,159.682,2269,10,0
2026-04-24 07:00:00+00:00,159.684,159.716,159.626,159.667,1951,10,0
2026-04-24 08:00:00+00:00,159.669,159.755,159.657,159.714,2506,10,0
2026-04-24 09:00:00+00:00,159.711,159.756,159.686,159.741,1768,10,0
2026-04-24 10:00:00+00:00,159.741,159.769,159.641,159.648,1558,10,0
2026-04-24 11:00:00+00:00,159.645,159.672,159.33,159.423,4876,10,0
2026-04-24 12:00:00+00:00,159.421,159.62,159.372,159.547,3272,10,0
2026-04-24 13:00:00+00:00,159.547,159.647,159.471,159.594,3540,10,0
2026-04-24 14:00:00+00:00,159.593,159.644,159.377,159.508,4844,10,0
2026-04-24 15:00:00+00:00,159.505,159.585,159.327,159.353,4573,10,0
2026-04-24 16:00:00+00:00,159.351,159.416,159.309,159.356,2826,10,0
2026-04-24 17:00:00+00:00,159.353,159.425,159.302,159.409,2271,10,0
2026-04-24 18:00:00+00:00,159.408,159.462,159.396,159.422,1801,10,0
2026-04-24 19:00:00+00:00,159.422,159.444,159.373,159.413,1545,10,0
2026-04-24 20:00:00+00:00,159.408,159.418,159.327,159.362,767,10,0
2026-04-26 21:00:00+00:00,159.355,159.543,159.355,159.541,451,38,0
2026-04-26 22:00:00+00:00,159.554,159.584,159.501,159.539,1245,10,0
2026-04-26 23:00:00+00:00,159.54,159.593,159.5,159.58,1213,10,0
2026-04-27 00:00:00+00:00,159.578,159.579,159.446,159.475,1900,10,0
2026-04-27 01:00:00+00:00,159.471,159.471,159.25,159.325,3105,10,0
2026-04-27 02:00:00+00:00,159.328,159.363,159.263,159.298,1591,10,0
2026-04-27 03:00:00+00:00,159.297,159.309,159.188,159.224,1811,10,0
2026-04-27 04:00:00+00:00,159.222,159.255,159.145,159.232,1464,10,0
2026-04-27 05:00:00+00:00,159.233,159.415,159.231,159.407,1488,10,0
2026-04-27 06:00:00+00:00,159.407,159.478,159.256,159.261,2271,10,0
2026-04-27 07:00:00+00:00,159.261,159.301,159.181,159.223,2247,10,0
2026-04-27 08:00:00+00:00,159.224,159.267,159.106,159.146,2331,10,0
2026-04-27 09:00:00+00:00,159.147,159.228,159.09,159.219,1467,10,0
2026-04-27 10:00:00+00:00,159.217,159.271,159.127,159.147,1382,10,0
2026-04-27 11:00:00+00:00,159.147,159.208,159.101,159.191,1621,10,0
2026-04-27 12:00:00+00:00,159.188,159.227,159.101,159.225,2476,10,0
2026-04-27 13:00:00+00:00,159.222,159.282,159.14,159.252,2960,10,0
2026-04-27 14:00:00+00:00,159.255,159.286,159.103,159.214,2865,10,0
2026-04-27 15:00:00+00:00,159.212,159.311,159.208,159.29,2536,10,0
2026-04-27 16:00:00+00:00,159.289,159.383,159.273,159.382,1862,10,0
2026-04-27 17:00:00+00:00,159.382,159.457,159.341,159.381,1726,10,0
2026-04-27 18:00:00+00:00,159.382,159.452,159.381,159.442,1413,10,0
2026-04-27 19:00:00+00:00,159.444,159.446,159.368,159.418,1046,10,0
2026-04-27 20:00:00+00:00,159.411,159.423,159.38,159.399,660,10,0
2026-04-27 21:00:00+00:00,159.398,159.406,159.305,159.402,224,26,0
2026-04-27 22:00:00+00:00,159.411,159.455,159.378,159.403,715,10,0
2026-04-27 23:00:00+00:00,159.403,159.445,159.349,159.363,780,10,0
2026-04-28 00:00:00+00:00,159.364,159.484,159.308,159.464,1937,10,0
2026-04-28 01:00:00+00:00,159.466,159.549,159.461,159.548,1893,10,0
2026-04-28 02:00:00+00:00,159.552,159.565,159.485,159.515,1139,10,0
2026-04-28 03:00:00+00:00,159.515,159.56,158.981,159.073,4911,10,0
2026-04-28 04:00:00+00:00,159.073,159.086,158.957,159.081,1967,10,0
2026-04-28 05:00:00+00:00,159.08,159.209,159.051,159.195,1902,10,0
2026-04-28 06:00:00+00:00,159.198,159.359,159.026,159.349,3787,10,0
2026-04-28 07:00:00+00:00,159.346,159.543,159.263,159.531,3403,10,0
2026-04-28 08:00:00+00:00,159.529,159.684,159.451,159.47,3464,10,0
2026-04-28 09:00:00+00:00,159.471,159.591,159.413,159.57,2493,10,0
2026-04-28 10:00:00+00:00,159.568,159.642,159.532,159.629,1917,10,0
2026-04-28 11:00:00+00:00,159.629,159.787,159.596,159.752,2231,10,0
2026-04-28 12:00:00+00:00,159.749,159.779,159.411,159.461,4146,10,0
2026-04-28 13:00:00+00:00,159.462,159.602,159.431,159.511,4308,10,0
2026-04-28 14:00:00+00:00,159.514,159.748,159.505,159.716,3932,10,0
2026-04-28 15:00:00+00:00,159.715,159.717,159.523,159.539,3106,10,0
2026-04-28 16:00:00+00:00,159.539,159.622,159.503,159.559,2401,10,0
2026-04-28 17:00:00+00:00,159.559,159.623,159.507,159.541,1595,10,0
2026-04-28 18:00:00+00:00,159.54,159.627,159.515,159.62,1541,10,0
2026-04-28 19:00:00+00:00,159.619,159.683,159.573,159.653,1063,10,0
2026-04-28 20:00:00+00:00,159.651,159.66,159.585,159.603,719,10,0
2026-04-28 21:00:00+00:00,159.603,159.621,159.452,159.575,369,26,0
2026-04-28 22:00:00+00:00,159.581,159.597,159.559,159.561,432,10,0
2026-04-28 23:00:00+00:00,159.566,159.595,159.535,159.554,867,10,0
2026-04-29 00:00:00+00:00,159.551,159.59,159.514,159.542,1380,10,0
2026-04-29 01:00:00+00:00,159.544,159.66,159.523,159.608,2317,10,0
2026-04-29 02:00:00+00:00,159.606,159.625,159.567,159.619,1310,10,0
2026-04-29 03:00:00+00:00,159.619,159.633,159.584,159.614,839,10,0
2026-04-29 04:00:00+00:00,159.613,159.644,159.612,159.631,634,10,0
2026-04-29 05:00:00+00:00,159.63,159.709,159.629,159.705,920,10,0
2026-04-29 06:00:00+00:00,159.705,159.736,159.6,159.651,1574,10,0
2026-04-29 07:00:00+00:00,159.649,159.699,159.613,159.666,1980,10,0
2026-04-29 08:00:00+00:00,159.669,159.783,159.633,159.777,2027,10,0
2026-04-29 09:00:00+00:00,159.775,159.838,159.746,159.83,1607,10,0
2026-04-29 10:00:00+00:00,159.831,159.835,159.746,159.751,1167,10,0
2026-04-29 11:00:00+00:00,159.749,159.85,159.736,159.841,1598,10,0
2026-04-29 12:00:00+00:00,159.843,159.975,159.811,159.971,2067,10,0
2026-04-29 13:00:00+00:00,159.968,160.188,159.947,160.18,3392,10,0
2026-04-29 14:00:00+00:00,160.178,160.199,160.01,160.096,3257,10,0
2026-04-29 15:00:00+00:00,160.094,160.323,160.091,160.23,3444,10,0
2026-04-29 16:00:00+00:00,160.23,160.313,160.163,160.304,2670,10,0
2026-04-29 17:00:00+00:00,160.305,160.362,160.21,160.214,2397,10,0
2026-04-29 18:00:00+00:00,160.22,160.429,160.166,160.344,6509,10,0
2026-04-29 19:00:00+00:00,160.342,160.438,160.283,160.376,3312,10,0
2026-04-29 20:00:00+00:00,160.37,160.442,160.335,160.344,1392,10,0
2026-04-29 21:00:00+00:00,160.321,160.332,160.159,160.268,691,146,0
2026-04-29 22:00:00+00:00,160.269,160.431,160.269,160.324,1147,10,0
2026-04-29 23:00:00+00:00,160.322,160.344,160.148,160.198,1676,10,0
2026-04-30 00:00:00+00:00,160.196,160.301,160.068,160.292,3328,10,0
2026-04-30 01:00:00+00:00,160.295,160.316,160.205,160.222,2833,10,0
2026-04-30 02:00:00+00:00,160.225,160.398,160.209,160.342,2348,10,0
2026-04-30 03:00:00+00:00,160.341,160.422,160.314,160.418,1588,10,0
2026-04-30 04:00:00+00:00,160.42,160.576,160.36,160.532,2501,10,0
2026-04-30 05:00:00+00:00,160.529,160.652,160.462,160.652,2030,10,0
2026-04-30 06:00:00+00:00,160.653,160.723,160.533,160.608,3022,10,0
2026-04-30 07:00:00+00:00,160.608,160.615,159.783,160.132,4124,10,0
2026-04-30 08:00:00+00:00,160.134,160.176,159.45,159.584,10384,10,0
2026-04-30 09:00:00+00:00,159.58,159.594,159.216,159.339,6967,10,0
2026-04-30 10:00:00+00:00,159.339,159.352,156.988,157.165,42241,10,0
2026-04-30 11:00:00+00:00,157.162,157.467,155.549,156.372,41387,10,0
2026-04-30 12:00:00+00:00,156.369,157.108,156.343,156.819,11382,10,0
2026-04-30 13:00:00+00:00,156.822,156.958,156.198,156.921,13218,10,0
2026-04-30 14:00:00+00:00,156.923,156.958,156.456,156.671,9004,10,0
2026-04-30 15:00:00+00:00,156.674,156.828,156.597,156.659,5861,10,0
2026-04-30 16:00:00+00:00,156.658,156.738,156.505,156.577,3813,10,0
2026-04-30 17:00:00+00:00,156.575,156.695,156.421,156.48,3469,10,0
2026-04-30 18:00:00+00:00,156.478,156.478,156.309,156.413,3337,10,0
2026-04-30 19:00:00+00:00,156.413,156.564,156.301,156.56,3510,10,0
2026-04-30 20:00:00+00:00,156.537,156.623,156.498,156.601,1375,10,0
2026-04-30 21:00:00+00:00,156.598,156.628,156.404,156.566,360,38,0
2026-04-30 22:00:00+00:00,156.576,156.735,156.561,156.657,1041,10,0
2026-04-30 23:00:00+00:00,156.662,157.019,156.64,156.988,2843,10,0
2026-05-01 00:00:00+00:00,156.986,157.302,156.96,157.075,6379,10,0
2026-05-01 01:00:00+00:00,157.078,157.251,157.043,157.197,4384,10,0
2026-05-01 02:00:00+00:00,157.194,157.325,157.123,157.233,2684,10,0
2026-05-01 03:00:00+00:00,157.23,157.287,156.989,157.182,2879,10,0
2026-05-01 04:00:00+00:00,157.182,157.275,157.104,157.243,2143,10,0
2026-05-01 05:00:00+00:00,157.243,157.295,157.194,157.274,1876,10,0
2026-05-01 06:00:00+00:00,157.272,157.293,155.486,155.963,14290,10,0
2026-05-01 07:00:00+00:00,155.963,156.718,155.858,156.619,15274,10,0
2026-05-01 08:00:00+00:00,156.619,156.652,156.259,156.467,5773,10,0
2026-05-01 09:00:00+00:00,156.467,156.76,156.42,156.575,3928,10,0
2026-05-01 10:00:00+00:00,156.572,156.623,156.484,156.588,2475,10,0
2026-05-01 11:00:00+00:00,156.586,156.621,156.431,156.576,2771,10,0
2026-05-01 12:00:00+00:00,156.576,156.64,156.383,156.59,4955,10,0
2026-05-01 13:00:00+00:00,156.593,156.754,156.329,156.495,6495,10,0
2026-05-01 14:00:00+00:00,156.498,156.721,156.362,156.634,6344,10,0
2026-05-01 15:00:00+00:00,156.634,156.894,156.618,156.755,5172,10,0
2026-05-01 16:00:00+00:00,156.755,156.941,156.666,156.938,3857,10,0
2026-05-01 17:00:00+00:00,156.939,157.026,156.849,156.929,2544,10,0
2026-05-01 18:00:00+00:00,156.926,157.117,156.913,157.012,3449,10,0
2026-05-01 19:00:00+00:00,157.011,157.089,156.996,157.057,1693,10,0
2026-05-01 20:00:00+00:00,157.054,157.078,156.944,157.054,1480,10,0
2026-05-03 21:00:00+00:00,156.701,156.769,156.532,156.699,558,26,0
2026-05-03 22:00:00+00:00,156.698,156.914,156.673,156.826,1422,10,0
2026-05-03 23:00:00+00:00,156.83,156.898,156.789,156.895,1382,10,0
2026-05-04 00:00:00+00:00,156.898,156.989,156.862,156.903,2421,10,0
2026-05-04 01:00:00+00:00,156.904,157.074,156.621,157.035,4413,10,0
2026-05-04 02:00:00+00:00,157.034,157.195,157.021,157.122,2732,10,0
2026-05-04 03:00:00+00:00,157.124,157.245,155.69,156.201,18059,10,0
2026-05-04 04:00:00+00:00,156.201,156.785,156.134,156.728,6119,10,0
2026-05-04 05:00:00+00:00,156.728,156.86,156.53,156.779,5897,10,0
2026-05-04 06:00:00+00:00,156.775,156.936,156.731,156.923,4300,10,0
2026-05-04 07:00:00+00:00,156.92,156.981,156.815,156.891,2616,10,0
2026-05-04 08:00:00+00:00,156.892,156.976,156.88,156.947,2242,10,0
2026-05-04 09:00:00+00:00,156.946,157.011,156.888,156.963,2132,10,0
2026-05-04 10:00:00+00:00,156.965,157.202,156.953,157.111,5974,10,0
2026-05-04 11:00:00+00:00,157.109,157.177,157.059,157.171,2935,10,0
2026-05-04 12:00:00+00:00,157.171,157.178,157.018,157.136,3098,10,0
2026-05-04 13:00:00+00:00,157.14,157.182,156.967,157.018,4425,10,0
2026-05-04 14:00:00+00:00,157.02,157.152,156.922,157.089,3868,10,0
2026-05-04 15:00:00+00:00,157.092,157.3,156.94,157.196,5426,10,0
2026-05-04 16:00:00+00:00,157.198,157.301,157.134,157.262,4246,10,0
2026-05-04 17:00:00+00:00,157.264,157.28,157.164,157.224,2456,10,0
2026-05-04 18:00:00+00:00,157.224,157.275,156.527,156.718,4071,10,0
2026-05-04 19:00:00+00:00,156.72,157.128,156.72,157.092,4629,10,0
2026-05-04 20:00:00+00:00,157.088,157.267,157.088,157.219,1148,10,0
2026-05-04 21:00:00+00:00,157.213,157.213,157.068,157.136,507,26,0
2026-05-04 22:00:00+00:00,157.151,157.264,157.146,157.221,651,10,0
2026-05-04 23:00:00+00:00,157.225,157.235,157.171,157.21,921,10,0
2026-05-05 00:00:00+00:00,157.213,157.255,157.163,157.207,1910,10,0
2026-05-05 01:00:00+00:00,157.207,157.267,157.185,157.206,1749,10,0
2026-05-05 02:00:00+00:00,157.207,157.231,157.183,157.218,1089,10,0
2026-05-05 03:00:00+00:00,157.22,157.265,157.207,157.263,881,10,0
2026-05-05 04:00:00+00:00,157.262,157.299,157.232,157.282,944,10,0
2026-05-05 05:00:00+00:00,157.282,157.296,157.208,157.274,1760,10,0
2026-05-05 06:00:00+00:00,157.272,157.297,157.189,157.221,2184,10,0
2026-05-05 07:00:00+00:00,157.219,157.237,157.076,157.232,2753,10,0
2026-05-05 08:00:00+00:00,157.232,157.282,157.2,157.276,1583,10,0
2026-05-05 09:00:00+00:00,157.278,157.89,157.105,157.51,9521,10,0
2026-05-05 10:00:00+00:00,157.506,157.667,157.485,157.613,2464,10,0
2026-05-05 11:00:00+00:00,157.616,157.792,157.605,157.739,2566,10,0
2026-05-05 12:00:00+00:00,157.742,157.835,157.633,157.765,4199,10,0
2026-05-05 13:00:00+00:00,157.765,157.798,157.669,157.78,2982,10,0
2026-05-05 14:00:00+00:00,157.767,157.827,157.669,157.678,4249,10,0
2026-05-05 15:00:00+00:00,157.679,157.725,157.603,157.678,2728,10,0
2026-05-05 16:00:00+00:00,157.678,157.803,157.649,157.784,1653,10,0
2026-05-05 17:00:00+00:00,157.785,157.884,157.764,157.847,1706,10,0
2026-05-05 18:00:00+00:00,157.845,157.915,157.83,157.87,1094,10,0
2026-05-05 19:00:00+00:00,157.872,157.913,157.856,157.877,978,10,0
2026-05-05 20:00:00+00:00,157.872,157.891,157.83,157.878,879,10,0
2026-05-05 21:00:00+00:00,157.873,157.882,157.776,157.882,286,26,0
2026-05-05 22:00:00+00:00,157.888,157.924,157.578,157.721,1150,10,0
2026-05-05 23:00:00+00:00,157.724,157.731,157.537,157.673,2866,10,0
2026-05-06 00:00:00+00:00,157.674,157.71,157.547,157.591,3846,10,0
2026-05-06 01:00:00+00:00,157.594,157.694,157.572,157.693,2585,10,0
2026-05-06 02:00:00+00:00,157.696,157.83,157.651,157.81,1865,10,0
2026-05-06 03:00:00+00:00,157.811,157.89,157.718,157.774,2048,10,0
2026-05-06 04:00:00+00:00,157.772,157.825,155.025,155.937,42457,10,0
2026-05-06 05:00:00+00:00,155.929,156.39,155.748,156.315,11091,10,0
2026-05-06 06:00:00+00:00,156.313,156.452,156.301,156.385,4918,10,0
2026-05-06 07:00:00+00:00,156.382,156.564,155.721,155.821,6675,10,0
2026-05-06 08:00:00+00:00,155.823,156.287,155.753,155.979,11051,10,0
2026-05-06 09:00:00+00:00,155.976,156.108,155.913,155.924,5472,10,0
2026-05-06 10:00:00+00:00,155.92,156.122,155.61,155.755,6476,10,0
2026-05-06 11:00:00+00:00,155.755,156.102,155.698,156.083,6449,10,0
2026-05-06 12:00:00+00:00,156.083,156.306,156.083,156.279,4833,10,0
2026-05-06 13:00:00+00:00,156.282,156.316,156.05,156.113,5263,10,0
2026-05-06 14:00:00+00:00,156.114,156.295,156.043,156.274,4775,10,0
2026-05-06 15:00:00+00:00,156.278,156.455,156.268,156.434,4001,10,0
2026-05-06 16:00:00+00:00,156.436,156.484,156.36,156.426,2890,10,0
2026-05-06 17:00:00+00:00,156.428,156.51,156.35,156.484,2248,10,0
2026-05-06 18:00:00+00:00,156.483,156.483,156.354,156.399,2218,10,0
2026-05-06 19:00:00+00:00,156.4,156.433,156.345,156.414,2079,10,0
2026-05-06 20:00:00+00:00,156.415,156.432,156.268,156.269,1406,10,0
2026-05-06 21:00:00+00:00,156.261,156.28,156.07,156.124,441,146,0
2026-05-06 22:00:00+00:00,156.237,156.373,156.237,156.332,990,10,0
2026-05-06 23:00:00+00:00,156.335,156.523,156.275,156.517,1549,10,0
2026-05-07 00:00:00+00:00,156.519,156.523,156.213,156.32,5044,10,0
2026-05-07 01:00:00+00:00,156.318,156.352,156.017,156.213,4047,10,0
2026-05-07 02:00:00+00:00,156.215,156.349,156.148,156.332,2671,10,0
2026-05-07 03:00:00+00:00,156.332,156.437,156.303,156.413,1795,10,0
2026-05-07 04:00:00+00:00,156.413,156.419,156.304,156.354,1919,10,0
2026-05-07 05:00:00+00:00,156.353,156.396,156.297,156.37,2026,10,0
2026-05-07 06:00:00+00:00,156.37,156.407,156.098,156.283,3037,10,0
2026-05-07 07:00:00+00:00,156.284,156.291,156.017,156.257,4450,10,0
2026-05-07 08:00:00+00:00,156.256,156.338,156.18,156.322,2600,10,0
2026-05-07 09:00:00+00:00,156.322,156.415,156.299,156.372,2125,10,0
2026-05-07 10:00:00+00:00,156.372,156.398,156.283,156.393,2040,10,0
2026-05-07 11:00:00+00:00,156.392,156.47,156.343,156.399,1992,10,0
2026-05-07 12:00:00+00:00,156.396,156.418,156.238,156.282,2600,10,0
2026-05-07 13:00:00+00:00,156.282,156.407,156.252,156.338,3238,10,0
2026-05-07 14:00:00+00:00,156.34,156.402,156.163,156.251,2946,10,0
2026-05-07 15:00:00+00:00,156.249,156.512,156.245,156.479,3260,10,0
2026-05-07 16:00:00+00:00,156.477,156.643,156.466,156.629,2942,10,0
2026-05-07 17:00:00+00:00,156.627,156.858,156.622,156.666,3591,10,0
2026-05-07 18:00:00+00:00,156.668,156.863,156.605,156.739,3252,10,0
2026-05-07 19:00:00+00:00,156.737,156.872,156.683,156.871,3299,10,0
2026-05-07 20:00:00+00:00,156.852,156.939,156.733,156.918,1441,10,0
2026-05-07 21:00:00+00:00,156.841,156.882,156.627,156.796,842,38,0
2026-05-07 22:00:00+00:00,156.83,156.941,156.822,156.885,1355,10,0
2026-05-07 23:00:00+00:00,156.885,156.912,156.819,156.845,823,10,0
2026-05-08 00:00:00+00:00,156.847,156.987,156.812,156.966,2989,10,0
2026-05-08 01:00:00+00:00,156.964,156.973,156.848,156.9,1966,10,0
2026-05-08 02:00:00+00:00,156.898,156.956,156.87,156.885,1709,10,0
2026-05-08 03:00:00+00:00,156.885,156.895,156.765,156.834,1431,10,0
2026-05-08 04:00:00+00:00,156.835,156.899,156.823,156.843,1480,10,0
2026-05-08 05:00:00+00:00,156.843,156.881,156.808,156.831,1367,10,0
2026-05-08 06:00:00+00:00,156.83,156.844,156.71,156.826,2319,10,0
2026-05-08 07:00:00+00:00,156.828,156.851,156.736,156.828,2181,10,0
2026-05-08 08:00:00+00:00,156.828,156.856,156.633,156.699,2271,10,0
2026-05-08 09:00:00+00:00,156.699,156.708,156.626,156.677,1844,10,0
2026-05-08 10:00:00+00:00,156.675,156.785,156.65,156.768,1375,10,0
2026-05-08 11:00:00+00:00,156.766,156.784,156.72,156.746,1435,10,0
2026-05-08 12:00:00+00:00,156.746,156.824,156.511,156.636,4491,10,0
2026-05-08 13:00:00+00:00,156.638,156.7,156.429,156.512,3882,10,0
2026-05-08 14:00:00+00:00,156.515,156.662,156.502,156.623,3004,10,0
2026-05-08 15:00:00+00:00,156.624,156.671,156.55,156.638,2944,10,0
2026-05-08 16:00:00+00:00,156.64,156.703,156.592,156.697,1426,10,0
2026-05-08 17:00:00+00:00,156.698,156.712,156.609,156.688,1270,10,0
2026-05-08 18:00:00+00:00,156.689,156.744,156.589,156.687,1846,10,0
2026-05-08 19:00:00+00:00,156.689,156.773,156.673,156.728,1461,10,0
2026-05-08 20:00:00+00:00,156.726,156.754,156.647,156.676,1028,10,0
2026-05-10 21:00:00+00:00,156.544,156.689,156.414,156.689,535,38,0
2026-05-10 22:00:00+00:00,156.713,156.939,156.706,156.893,1514,10,0
2026-05-10 23:00:00+00:00,156.893,156.896,156.832,156.863,859,10,0
2026-05-11 00:00:00+00:00,156.865,157.06,156.828,156.935,2899,10,0
2026-05-11 01:00:00+00:00,156.936,157.093,156.92,157.089,2205,10,0
2026-05-11 02:00:00+00:00,157.089,157.149,157.049,157.139,1350,10,0
2026-05-11 03:00:00+00:00,157.139,157.174,157.089,157.152,1197,10,0
2026-05-11 04:00:00+00:00,157.152,157.157,157.087,157.122,990,10,0
2026-05-11 05:00:00+00:00,157.123,157.143,157.064,157.131,1157,10,0
2026-05-11 06:00:00+00:00,157.128,157.147,156.986,156.993,1979,10,0
2026-05-11 07:00:00+00:00,156.993,157.132,156.986,157.116,1619,10,0
2026-05-11 08:00:00+00:00,157.116,157.144,156.944,157.083,1872,10,0
2026-05-11 09:00:00+00:00,157.086,157.142,157.066,157.139,1238,10,0
2026-05-11 10:00:00+00:00,157.139,157.158,157.078,157.138,1371,10,0
2026-05-11 11:00:00+00:00,157.14,157.144,157.066,157.115,1414,10,0
2026-05-11 12:00:00+00:00,157.112,157.137,157.056,157.11,2052,10,0
2026-05-11 13:00:00+00:00,157.108,157.122,156.993,157.031,1961,10,0
2026-05-11 14:00:00+00:00,157.03,157.094,156.974,156.997,2216,10,0
2026-05-11 15:00:00+00:00,156.999,157.071,156.979,157.04,2080,10,0
2026-05-11 16:00:00+00:00,157.043,157.158,157.031,157.152,1489,10,0
2026-05-11 17:00:00+00:00,157.15,157.208,157.1,157.109,1444,10,0
2026-05-11 18:00:00+00:00,157.111,157.206,157.089,157.204,1210,10,0
2026-05-11 19:00:00+00:00,157.207,157.264,157.196,157.239,993,10,0
2026-05-11 20:00:00+00:00,157.236,157.251,157.195,157.208,754,10,0
2026-05-11 21:00:00+00:00,157.206,157.206,157.002,157.133,426,26,0
2026-05-11 22:00:00+00:00,157.137,157.197,157.127,157.189,499,10,0
2026-05-11 23:00:00+00:00,157.187,157.243,157.178,157.235,810,10,0
2026-05-12 00:00:00+00:00,157.235,157.431,157.235,157.416,2036,10,0
2026-05-12 01:00:00+00:00,157.416,157.584,157.371,157.532,2260,10,0
2026-05-12 02:00:00+00:00,157.532,157.65,157.525,157.583,1425,10,0
2026-05-12 03:00:00+00:00,157.586,157.638,157.544,157.608,1006,10,0
2026-05-12 04:00:00+00:00,157.608,157.635,157.547,157.582,1244,10,0
2026-05-12 05:00:00+00:00,157.583,157.746,156.715,157.302,6365,10,0
2026-05-12 06:00:00+00:00,157.307,157.526,157.059,157.507,6565,10,0
2026-05-12 07:00:00+00:00,157.51,157.564,157.382,157.504,3691,10,0
2026-05-12 08:00:00+00:00,157.502,157.655,157.483,157.614,2855,10,0
2026-05-12 09:00:00+00:00,157.614,157.661,157.537,157.557,2398,10,0
2026-05-12 10:00:00+00:00,157.556,157.613,157.488,157.557,1744,10,0
2026-05-12 11:00:00+00:00,157.556,157.605,157.497,157.567,1963,10,0
2026-05-12 12:00:00+00:00,157.569,157.644,157.513,157.547,2970,10,0
2026-05-12 13:00:00+00:00,157.55,157.664,157.479,157.649,3157,10,0
2026-05-12 14:00:00+00:00,157.646,157.699,157.57,157.618,2512,10,0
2026-05-12 15:00:00+00:00,157.616,157.749,157.607,157.705,2196,10,0
2026-05-12 16:00:00+00:00,157.706,157.761,157.67,157.749,1493,10,0
2026-05-12 17:00:00+00:00,157.748,157.749,157.677,157.691,1308,10,0
2026-05-12 18:00:00+00:00,157.69,157.719,157.582,157.589,1539,10,0
2026-05-12 19:00:00+00:00,157.589,157.634,157.516,157.634,1172,10,0
2026-05-12 20:00:00+00:00,157.61,157.653,157.583,157.586,689,10,0
2026-05-12 21:00:00+00:00,157.584,157.617,157.514,157.564,398,26,0
2026-05-12 22:00:00+00:00,157.571,157.611,157.561,157.596,457,10,0
2026-05-12 23:00:00+00:00,157.596,157.675,157.562,157.667,691,10,0
2026-05-13 00:00:00+00:00,157.668,157.764,157.63,157.706,2191,10,0
2026-05-13 01:00:00+00:00,157.708,157.781,157.559,157.644,2709,10,0
2026-05-13 02:00:00+00:00,157.647,157.722,157.597,157.653,1399,10,0
2026-05-13 03:00:00+00:00,157.653,157.683,157.622,157.676,1251,10,0
2026-05-13 04:00:00+00:00,157.676,157.75,157.666,157.713,834,10,0
2026-05-13 05:00:00+00:00,157.713,157.732,157.681,157.681,1077,10,0
2026-05-13 06:00:00+00:00,157.681,157.784,157.679,157.767,1432,10,0
2026-05-13 07:00:00+00:00,157.769,157.839,157.671,157.827,1752,10,0
2026-05-13 08:00:00+00:00,157.828,157.841,157.748,157.802,1730,10,0
2026-05-13 09:00:00+00:00,157.801,157.894,157.78,157.832,1290,10,0
2026-05-13 10:00:00+00:00,157.832,157.853,157.777,157.809,1519,10,0
2026-05-13 11:00:00+00:00,157.813,157.833,157.741,157.764,1127,10,0
2026-05-13 12:00:00+00:00,157.763,157.904,157.748,157.842,2218,10,0
2026-05-13 13:00:00+00:00,157.842,157.86,157.755,157.768,2029,10,0
2026-05-13 14:00:00+00:00,157.771,157.895,157.753,157.858,2086,10,0
2026-05-13 15:00:00+00:00,157.857,157.875,157.769,157.832,1933,10,0
2026-05-13 16:00:00+00:00,157.833,157.859,157.742,157.854,1925,10,0
2026-05-13 17:00:00+00:00,157.854,157.921,157.829,157.92,1080,10,0
2026-05-13 18:00:00+00:00,157.92,157.921,157.854,157.888,1266,10,0
2026-05-13 19:00:00+00:00,157.889,157.897,157.834,157.867,1146,10,0
2026-05-13 20:00:00+00:00,157.869,157.896,157.772,157.783,920,10,0
2026-05-13 21:00:00+00:00,157.767,157.775,157.55,157.728,679,158,0
2026-05-13 22:00:00+00:00,157.827,157.839,157.786,157.806,776,10,0
2026-05-13 23:00:00+00:00,157.806,157.859,157.775,157.854,746,10,0
2026-05-14 00:00:00+00:00,157.854,157.871,157.803,157.848,1439,10,0
2026-05-14 01:00:00+00:00,157.847,157.918,157.843,157.908,1337,10,0
2026-05-14 02:00:00+00:00,157.908,157.948,157.882,157.917,1160,10,0
2026-05-14 03:00:00+00:00,157.917,157.993,157.917,157.965,1265,10,0
2026-05-14 04:00:00+00:00,157.966,157.972,157.506,157.864,3496,10,0
2026-05-14 05:00:00+00:00,157.862,157.944,157.86,157.908,1432,10,0
2026-05-14 06:00:00+00:00,157.906,157.914,157.805,157.841,2225,10,0
2026-05-14 07:00:00+00:00,157.841,157.933,157.815,157.91,1764,10,0
2026-05-14 08:00:00+00:00,157.912,157.946,157.85,157.897,1884,10,0
2026-05-14 09:00:00+00:00,157.894,157.927,157.881,157.907,1258,10,0
2026-05-14 10:00:00+00:00,157.909,157.939,157.87,157.927,1492,10,0
2026-05-14 11:00:00+00:00,157.928,157.976,157.905,157.968,1259,10,0
2026-05-14 12:00:00+00:00,157.969,157.991,157.902,157.968,1769,10,0
2026-05-14 13:00:00+00:00,157.969,158.166,157.295,157.904,12318,10,0
2026-05-14 14:00:00+00:00,157.907,158.152,157.84,158.152,4687,10,0
2026-05-14 15:00:00+00:00,158.155,158.192,158.074,158.083,2936,10,0
2026-05-14 16:00:00+00:00,158.085,158.2,158.076,158.162,2113,10,0
2026-05-14 17:00:00+00:00,158.16,158.195,158.129,158.188,1241,10,0
2026-05-14 18:00:00+00:00,158.19,158.201,158.164,158.181,1020,10,0
2026-05-14 19:00:00+00:00,158.182,158.382,158.166,158.352,1813,10,0
2026-05-14 20:00:00+00:00,158.351,158.411,158.337,158.369,805,10,0
2026-05-14 21:00:00+00:00,158.367,158.367,158.228,158.319,568,26,0
2026-05-14 22:00:00+00:00,158.332,158.387,158.323,158.366,625,10,0
2026-05-14 23:00:00+00:00,158.371,158.435,158.321,158.377,1010,10,0
2026-05-15 00:00:00+00:00,158.379,158.513,158.321,158.464,2478,10,0
2026-05-15 01:00:00+00:00,158.467,158.559,158.419,158.522,3070,10,0
2026-05-15 02:00:00+00:00,158.524,158.587,158.439,158.52,1667,10,0
2026-05-15 03:00:00+00:00,158.522,158.528,158.473,158.482,1152,10,0
2026-05-15 04:00:00+00:00,158.484,158.521,158.473,158.512,911,10,0
2026-05-15 05:00:00+00:00,158.512,158.641,158.511,158.604,1871,10,0
2026-05-15 06:00:00+00:00,158.605,158.672,158.426,158.429,3185,10,0
2026-05-15 07:00:00+00:00,158.431,158.48,158.348,158.442,2325,10,0
2026-05-15 08:00:00+00:00,158.44,158.572,158.4,158.556,2440,10,0
2026-05-15 09:00:00+00:00,158.555,158.6,158.46,158.508,2588,10,0
2026-05-15 10:00:00+00:00,158.509,158.529,158.289,158.363,2833,10,0
2026-05-15 11:00:00+00:00,158.362,158.582,158.354,158.566,2008,10,0
2026-05-15 12:00:00+00:00,158.569,158.581,158.504,158.571,2129,10,0
2026-05-15 13:00:00+00:00,158.569,158.739,158.527,158.682,2500,10,0
2026-05-15 14:00:00+00:00,158.684,158.737,158.588,158.589,2994,10,0
2026-05-15 15:00:00+00:00,158.592,158.742,158.547,158.693,2398,10,0
2026-05-15 16:00:00+00:00,158.692,158.728,158.661,158.703,1690,10,0
2026-05-15 17:00:00+00:00,158.701,158.724,158.639,158.723,1509,10,0
2026-05-15 18:00:00+00:00,158.723,158.748,158.699,158.702,1382,10,0
2026-05-15 19:00:00+00:00,158.7,158.782,158.69,158.768,1100,10,0
2026-05-15 20:00:00+00:00,158.77,158.828,158.726,158.758,1262,10,0
2026-05-17 21:00:00+00:00,158.507,158.725,158.419,158.63,567,26,0
2026-05-17 22:00:00+00:00,158.65,158.807,158.65,158.782,1135,10,0
2026-05-17 23:00:00+00:00,158.785,158.88,158.759,158.845,1034,10,0
2026-05-18 00:00:00+00:00,158.847,158.947,158.798,158.928,2267,10,0
2026-05-18 01:00:00+00:00,158.928,158.95,158.864,158.928,2176,10,0
2026-05-18 02:00:00+00:00,158.928,158.943,158.887,158.911,1436,10,0
2026-05-18 03:00:00+00:00,158.911,159.056,158.902,159.032,1431,10,0
2026-05-18 04:00:00+00:00,159.034,159.071,158.806,158.978,2556,10,0
2026-05-18 05:00:00+00:00,158.979,158.997,158.902,158.943,1605,10,0
2026-05-18 06:00:00+00:00,158.943,158.949,158.833,158.889,2174,10,0
2026-05-18 07:00:00+00:00,158.887,158.981,158.801,158.915,2575,10,0
2026-05-18 08:00:00+00:00,158.917,158.931,158.788,158.824,1985,10,0
2026-05-18 09:00:00+00:00,158.824,158.929,158.824,158.928,1396,10,0
2026-05-18 10:00:00+00:00,158.93,158.948,158.893,158.924,1142,10,0
2026-05-18 11:00:00+00:00,158.922,158.957,158.679,158.832,2771,10,0
2026-05-18 12:00:00+00:00,158.832,158.839,158.611,158.685,3309,10,0
2026-05-18 13:00:00+00:00,158.686,158.777,158.642,158.742,3423,10,0
2026-05-18 14:00:00+00:00,158.741,158.912,158.729,158.837,3214,10,0
2026-05-18 15:00:00+00:00,158.836,158.936,158.795,158.828,2981,10,0
2026-05-18 16:00:00+00:00,158.825,158.941,158.77,158.929,2519,10,0
2026-05-18 17:00:00+00:00,158.929,158.949,158.883,158.911,1607,10,0
2026-05-18 18:00:00+00:00,158.911,159.076,158.91,159.075,1608,10,0
2026-05-18 19:00:00+00:00,159.072,159.081,158.803,158.885,4284,10,0
2026-05-18 20:00:00+00:00,158.874,158.874,158.722,158.815,1276,10,0
2026-05-18 21:00:00+00:00,158.802,158.823,158.68,158.747,353,38,0
2026-05-18 22:00:00+00:00,158.755,158.827,158.742,158.825,604,10,0
2026-05-18 23:00:00+00:00,158.825,158.867,158.798,158.864,633,10,0
2026-05-19 00:00:00+00:00,158.864,159.016,158.852,159.008,1996,10,0
2026-05-19 01:00:00+00:00,159.01,159.026,158.888,158.978,1698,10,0
2026-05-19 02:00:00+00:00,158.979,159.001,158.946,158.961,1230,10,0
2026-05-19 03:00:00+00:00,158.963,158.987,158.924,158.953,1074,10,0
2026-05-19 04:00:00+00:00,158.951,159.006,158.917,158.991,1068,10,0
2026-05-19 05:00:00+00:00,158.991,159.031,158.949,159.003,1219,10,0
2026-05-19 06:00:00+00:00,159.005,159.108,159.0,159.066,2037,10,0
2026-05-19 07:00:00+00:00,159.069,159.14,158.999,159.041,1862,10,0
2026-05-19 08:00:00+00:00,159.037,159.142,158.999,159.135,1590,10,0
2026-05-19 09:00:00+00:00,159.135,159.17,159.064,159.097,1481,10,0
2026-05-19 10:00:00+00:00,159.096,159.176,159.052,159.089,1607,10,0
2026-05-19 11:00:00+00:00,159.088,159.139,159.071,159.13,1466,10,0
2026-05-19 12:00:00+00:00,159.133,159.138,158.644,159.063,6898,10,0
2026-05-19 13:00:00+00:00,159.064,159.191,158.915,159.047,4402,10,0
2026-05-19 14:00:00+00:00,159.047,159.25,158.988,159.064,4193,10,0
2026-05-19 15:00:00+00:00,159.064,159.17,158.956,159.115,2858,10,0
2026-05-19 16:00:00+00:00,159.112,159.171,158.776,158.819,5295,10,0
2026-05-19 17:00:00+00:00,158.82,158.883,158.779,158.857,2199,10,0
2026-05-19 18:00:00+00:00,158.857,159.085,158.852,159.04,2436,10,0
2026-05-19 19:00:00+00:00,159.043,159.075,158.992,159.05,1599,10,0
2026-05-19 20:00:00+00:00,159.035,159.093,159.029,159.038,928,10,0
2026-05-19 21:00:00+00:00,159.027,159.062,158.979,159.056,269,26,0
2026-05-19 22:00:00+00:00,159.056,159.097,159.043,159.065,586,10,0
2026-05-19 23:00:00+00:00,159.065,159.069,158.987,159.041,1061,10,0
2026-05-20 00:00:00+00:00,159.043,159.099,158.951,158.99,2680,10,0
2026-05-20 01:00:00+00:00,158.993,159.089,158.969,159.033,1926,10,0
2026-05-20 02:00:00+00:00,159.033,159.041,158.835,158.922,2097,10,0
2026-05-20 03:00:00+00:00,158.921,158.946,158.853,158.87,1543,10,0
2026-05-20 04:00:00+00:00,158.869,158.997,158.817,158.974,1427,10,0
2026-05-20 05:00:00+00:00,158.976,158.99,158.912,158.968,1317,10,0
2026-05-20 06:00:00+00:00,158.968,159.001,158.868,158.97,2266,10,0
2026-05-20 07:00:00+00:00,158.973,159.059,158.926,159.055,1700,10,0
2026-05-20 08:00:00+00:00,159.055,159.098,159.015,159.039,1768,10,0
2026-05-20 09:00:00+00:00,159.039,159.075,158.99,159.063,1348,10,0
2026-05-20 10:00:00+00:00,159.063,159.066,158.955,158.994,1296,10,0
2026-05-20 11:00:00+00:00,158.996,159.05,158.966,159.031,1571,10,0
2026-05-20 12:00:00+00:00,159.031,159.037,158.982,159.014,1504,10,0
2026-05-20 13:00:00+00:00,159.014,159.11,159.002,159.1,1873,10,0
2026-05-20 14:00:00+00:00,159.097,159.164,158.788,158.864,6744,10,0
2026-05-20 15:00:00+00:00,158.865,158.916,158.584,158.837,6900,10,0
2026-05-20 16:00:00+00:00,158.839,158.913,158.748,158.831,3317,10,0
2026-05-20 17:00:00+00:00,158.828,158.931,158.803,158.922,2851,10,0
2026-05-20 18:00:00+00:00,158.919,158.959,158.792,158.841,2194,10,0
2026-05-20 19:00:00+00:00,158.839,158.892,158.772,158.856,1797,10,0
2026-05-20 20:00:00+00:00,158.855,158.917,158.812,158.814,1017,10,0
2026-05-20 21:00:00+00:00,158.807,158.819,158.67,158.754,630,146,0
2026-05-20 22:00:00+00:00,158.854,158.873,158.829,158.847,530,10,0
2026-05-20 23:00:00+00:00,158.847,158.92,158.82,158.883,837,10,0
2026-05-21 00:00:00+00:00,158.884,158.927,158.847,158.863,1970,10,0
2026-05-21 01:00:00+00:00,158.863,158.898,158.806,158.881,1698,10,0
2026-05-21 02:00:00+00:00,158.881,158.976,158.846,158.969,1382,10,0
2026-05-21 03:00:00+00:00,158.969,158.983,158.918,158.963,1000,10,0
2026-05-21 04:00:00+00:00,158.963,158.999,158.943,158.994,964,10,0
2026-05-21 05:00:00+00:00,158.994,159.048,158.972,159.003,1227,10,0
2026-05-21 06:00:00+00:00,159.006,159.071,158.985,159.056,1603,10,0
2026-05-21 07:00:00+00:00,159.059,159.082,158.996,159.022,1978,10,0
2026-05-21 08:00:00+00:00,159.024,159.026,158.896,158.977,2347,10,0
2026-05-21 09:00:00+00:00,158.979,158.987,158.907,158.97,1473,10,0
2026-05-21 10:00:00+00:00,158.97,159.134,158.955,159.121,2472,10,0
2026-05-21 11:00:00+00:00,159.124,159.166,159.039,159.152,1776,10,0
2026-05-21 12:00:00+00:00,159.152,159.182,159.084,159.157,2402,10,0
2026-05-21 13:00:00+00:00,159.159,159.346,159.119,159.201,3809,10,0
2026-05-21 14:00:00+00:00,159.197,159.276,159.117,159.16,3092,10,0
2026-05-21 15:00:00+00:00,159.159,159.251,159.142,159.167,2856,10,0
2026-05-21 16:00:00+00:00,159.165,159.193,159.116,159.138,2437,10,0
2026-05-21 17:00:00+00:00,159.138,159.168,158.815,158.883,4978,10,0
2026-05-21 18:00:00+00:00,158.883,159.1,158.834,159.074,3912,10,0
2026-05-21 19:00:00+00:00,159.076,159.091,158.875,158.918,2705,10,0
2026-05-21 20:00:00+00:00,158.907,159.001,158.875,158.958,924,10,0
2026-05-21 21:00:00+00:00,158.951,158.957,158.841,158.952,351,26,0
2026-05-21 22:00:00+00:00,158.961,159.018,158.955,158.999,596,10,0
2026-05-21 23:00:00+00:00,158.999,159.037,158.983,159.022,704,10,0
2026-05-22 00:00:00+00:00,159.022,159.129,159.02,159.09,1727,10,0
2026-05-22 01:00:00+00:00,159.089,159.121,159.05,159.096,1048,10,0
2026-05-22 02:00:00+00:00,159.097,159.101,158.999,159.029,872,10,0
2026-05-22 03:00:00+00:00,159.029,159.05,159.004,159.034,722,10,0
2026-05-22 04:00:00+00:00,159.034,159.07,159.009,159.066,727,10,0
2026-05-22 05:00:00+00:00,159.068,159.138,159.052,159.128,968,10,0
2026-05-22 06:00:00+00:00,159.132,159.139,159.06,159.101,1554,10,0
2026-05-22 07:00:00+00:00,159.101,159.141,159.101,159.127,1152,10,0
2026-05-22 08:00:00+00:00,159.127,159.13,159.053,159.087,1764,10,0
2026-05-22 09:00:00+00:00,159.087,159.141,159.078,159.1,1171,10,0
2026-05-22 10:00:00+00:00,159.099,159.13,159.076,159.121,937,10,0
2026-05-22 11:00:00+00:00,159.121,159.14,159.104,159.134,1053,10,0
2026-05-22 12:00:00+00:00,159.134,159.145,159.055,159.071,2254,10,0
2026-05-22 13:00:00+00:00,159.069,159.136,158.989,159.094,2757,10,0
2026-05-22 14:00:00+00:00,159.088,159.174,159.061,159.102,2446,10,0
2026-05-22 15:00:00+00:00,159.099,159.229,159.082,159.196,2047,10,0
2026-05-22 16:00:00+00:00,159.196,159.228,159.151,159.17,1745,10,0
2026-05-22 17:00:00+00:00,159.168,159.179,159.06,159.127,2484,10,0
2026-05-22 18:00:00+00:00,159.129,159.166,159.095,159.134,1545,10,0
2026-05-22 19:00:00+00:00,159.131,159.166,159.098,159.163,1165,10,0
2026-05-22 20:00:00+00:00,159.155,159.195,159.125,159.162,771,10,0
2026-05-24 21:00:00+00:00,158.778,158.871,158.671,158.859,713,26,0
2026-05-24 22:00:00+00:00,158.883,158.94,158.813,158.878,1903,10,0
2026-05-24 23:00:00+00:00,158.878,158.959,158.836,158.951,1052,10,0
2026-05-25 00:00:00+00:00,158.952,158.958,158.83,158.898,1595,10,0
2026-05-25 01:00:00+00:00,158.895,158.898,158.754,158.872,1512,10,0
2026-05-25 02:00:00+00:00,158.871,158.874,158.833,158.844,831,10,0
2026-05-25 03:00:00+00:00,158.844,158.89,158.83,158.879,863,10,0
2026-05-25 04:00:00+00:00,158.879,158.909,158.842,158.857,683,10,0
2026-05-25 05:00:00+00:00,158.857,158.933,158.84,158.921,837,10,0
2026-05-25 06:00:00+00:00,158.923,158.935,158.885,158.903,1200,10,0
2026-05-25 07:00:00+00:00,158.899,159.035,158.895,158.971,1424,10,0
2026-05-25 08:00:00+00:00,158.968,158.988,158.897,158.913,1246,10,0
2026-05-25 09:00:00+00:00,158.916,158.94,158.887,158.924,801,10,0
2026-05-25 10:00:00+00:00,158.923,158.947,158.915,158.942,583,10,0
2026-05-25 11:00:00+00:00,158.943,158.958,158.885,158.931,817,10,0
2026-05-25 12:00:00+00:00,158.93,158.938,158.875,158.9,1109,10,0
2026-05-25 13:00:00+00:00,158.902,158.92,158.883,158.913,1065,10,0
2026-05-25 14:00:00+00:00,158.916,158.92,158.885,158.913,853,10,0
2026-05-25 15:00:00+00:00,158.915,158.945,158.881,158.895,1186,10,0
2026-05-25 16:00:00+00:00,158.896,158.918,158.886,158.893,836,10,0
2026-05-25 17:00:00+00:00,158.893,158.903,158.884,158.895,433,10,0
2026-05-25 18:00:00+00:00,158.895,158.902,158.883,158.9,179,10,0
2026-05-25 19:00:00+00:00,158.9,158.915,158.888,158.912,188,10,0
2026-05-25 20:00:00+00:00,158.911,158.934,158.863,158.864,464,10,0
2026-05-25 21:00:00+00:00,158.871,158.901,158.786,158.867,367,26,0
2026-05-25 22:00:00+00:00,158.875,158.959,158.875,158.924,501,10,0
2026-05-25 23:00:00+00:00,158.924,158.961,158.906,158.951,776,10,0
2026-05-26 00:00:00+00:00,158.953,158.987,158.931,158.965,1595,10,0
2026-05-26 01:00:00+00:00,158.966,159.001,158.941,158.959,1305,10,0
2026-05-26 02:00:00+00:00,158.963,158.981,158.932,158.941,950,10,0
2026-05-26 03:00:00+00:00,158.941,158.941,158.907,158.934,642,10,0
2026-05-26 04:00:00+00:00,158.934,159.019,158.927,158.999,645,10,0
2026-05-26 05:00:00+00:00,159.001,159.031,158.971,159.022,893,10,0
2026-05-26 06:00:00+00:00,159.02,159.116,159.013,159.089,1465,10,0
2026-05-26 07:00:00+00:00,159.093,159.197,159.093,159.192,1687,10,0
2026-05-26 08:00:00+00:00,159.192,159.237,159.19,159.207,1059,10,0
2026-05-26 09:00:00+00:00,159.206,159.22,159.154,159.156,964,10,0
2026-05-26 10:00:00+00:00,159.157,159.176,159.105,159.144,1105,10,0
2026-05-26 11:00:00+00:00,159.141,159.209,159.132,159.187,1132,10,0
2026-05-26 12:00:00+00:00,159.19,159.227,159.18,159.227,1196,10,0
2026-05-26 13:00:00+00:00,159.225,159.299,159.222,159.274,1474,10,0
2026-05-26 14:00:00+00:00,159.273,159.321,159.223,159.317,1698,10,0
2026-05-26 15:00:00+00:00,159.318,159.377,159.297,159.358,1601,10,0
2026-05-26 16:00:00+00:00,159.356,159.357,159.278,159.304,1295,10,0
2026-05-26 17:00:00+00:00,159.305,159.375,159.281,159.357,1029,10,0
2026-05-26 18:00:00+00:00,159.355,159.371,159.296,159.332,1054,10,0
2026-05-26 19:00:00+00:00,159.33,159.342,159.298,159.313,727,10,0
2026-05-26 20:00:00+00:00,159.309,159.327,159.257,159.258,575,10,0
2026-05-26 21:00:00+00:00,159.259,159.298,159.201,159.224,521,26,0
2026-05-26 22:00:00+00:00,159.255,159.297,159.25,159.259,548,10,0
2026-05-26 23:00:00+00:00,159.258,159.272,159.197,159.247,620,10,0
2026-05-27 00:00:00+00:00,159.247,159.305,159.173,159.278,1954,10,0
2026-05-27 01:00:00+00:00,159.278,159.298,159.213,159.294,1299,10,0
2026-05-27 02:00:00+00:00,159.294,159.297,159.22,159.223,1116,10,0
2026-05-27 03:00:00+00:00,159.223,159.228,159.185,159.2,828,10,0
2026-05-27 04:00:00+00:00,159.2,159.243,159.193,159.239,637,10,0
2026-05-27 05:00:00+00:00,159.239,159.344,159.225,159.342,815,10,0
2026-05-27 06:00:00+00:00,159.342,159.376,159.293,159.348,1245,10,0
2026-05-27 07:00:00+00:00,159.348,159.362,159.303,159.353,1162,10,0
2026-05-27 08:00:00+00:00,159.356,159.44,159.313,159.389,1376,10,0
2026-05-27 09:00:00+00:00,159.388,159.396,159.314,159.353,987,10,0
2026-05-27 10:00:00+00:00,159.35,159.389,159.341,159.379,811,10,0
2026-05-27 11:00:00+00:00,159.379,159.445,159.368,159.429,987,10,0
2026-05-27 12:00:00+00:00,159.427,159.445,159.24,159.41,3987,10,0
2026-05-27 13:00:00+00:00,159.413,159.431,159.378,159.378,1805,10,0
2026-05-27 14:00:00+00:00,159.377,159.505,159.366,159.503,2343,10,0
2026-05-27 15:00:00+00:00,159.506,159.532,159.433,159.468,1818,10,0
2026-05-27 16:00:00+00:00,159.466,159.52,159.464,159.493,1170,10,0
2026-05-27 17:00:00+00:00,159.492,159.574,159.49,159.519,1048,10,0
2026-05-27 18:00:00+00:00,159.522,159.553,159.49,159.502,874,10,0
2026-05-27 19:00:00+00:00,159.502,159.549,159.496,159.533,831,10,0
2026-05-27 20:00:00+00:00,159.531,159.536,159.412,159.412,618,10,0
2026-05-27 21:00:00+00:00,159.392,159.4,159.266,159.353,332,146,0
2026-05-27 22:00:00+00:00,159.474,159.508,159.465,159.499,561,10,0
2026-05-27 23:00:00+00:00,159.499,159.577,159.489,159.565,742,10,0
2026-05-28 00:00:00+00:00,159.568,159.598,159.54,159.555,1422,10,0
2026-05-28 01:00:00+00:00,159.557,159.587,159.534,159.583,1134,10,0
2026-05-28 02:00:00+00:00,159.583,159.598,159.522,159.553,917,10,0
2026-05-28 03:00:00+00:00,159.553,159.649,159.536,159.611,1432,10,0
2026-05-28 04:00:00+00:00,159.612,159.617,159.52,159.572,1227,10,0
2026-05-28 05:00:00+00:00,159.572,159.578,159.527,159.552,1040,10,0
2026-05-28 06:00:00+00:00,159.554,159.569,159.467,159.486,1356,10,0
2026-05-28 07:00:00+00:00,159.483,159.519,159.437,159.477,1350,10,0
2026-05-28 08:00:00+00:00,159.474,159.523,159.446,159.455,1251,10,0
2026-05-28 09:00:00+00:00,159.454,159.468,159.378,159.41,1198,10,0
2026-05-28 10:00:00+00:00,159.41,159.461,159.376,159.46,1252,10,0
2026-05-28 11:00:00+00:00,159.46,159.466,159.412,159.457,1288,10,0
2026-05-28 12:00:00+00:00,159.455,159.456,159.313,159.363,2156,10,0
2026-05-28 13:00:00+00:00,159.361,159.453,159.317,159.447,1823,10,0
2026-05-28 14:00:00+00:00,159.45,159.487,159.174,159.223,5868,10,0
2026-05-28 15:00:00+00:00,159.221,159.292,159.18,159.288,2406,10,0
2026-05-28 16:00:00+00:00,159.286,159.335,159.107,159.162,2722,10,0
2026-05-28 17:00:00+00:00,159.159,159.234,159.144,159.196,1430,10,0
2026-05-28 18:00:00+00:00,159.195,159.281,159.17,159.253,1708,10,0
2026-05-28 19:00:00+00:00,159.255,159.285,159.203,159.243,1073,10,0
2026-05-28 20:00:00+00:00,159.242,159.268,159.222,159.224,667,10,0
2026-05-28 21:00:00+00:00,159.222,159.235,159.117,159.216,315,26,0
2026-05-28 22:00:00+00:00,159.241,159.275,159.204,159.259,679,10,0
2026-05-28 23:00:00+00:00,159.259,159.279,159.218,159.268,788,10,0
2026-05-29 00:00:00+00:00,159.266,159.321,159.242,159.289,1819,10,0
2026-05-29 01:00:00+00:00,159.286,159.325,159.248,159.314,1463,10,0
2026-05-29 02:00:00+00:00,159.316,159.319,159.268,159.309,862,10,0
2026-05-29 03:00:00+00:00,159.31,159.364,159.307,159.355,1061,10,0
2026-05-29 04:00:00+00:00,159.356,159.373,159.296,159.296,840,10,0
2026-05-29 05:00:00+00:00,159.296,159.327,159.28,159.306,803,10,0
2026-05-29 06:00:00+00:00,159.306,159.327,159.194,159.208,1350,10,0
2026-05-29 07:00:00+00:00,159.21,159.314,159.2,159.258,1631,10,0
2026-05-29 08:00:00+00:00,159.26,159.315,159.207,159.29,1361,10,0
2026-05-29 09:00:00+00:00,159.29,159.296,159.232,159.293,1302,10,0
2026-05-29 10:00:00+00:00,159.291,159.32,159.259,159.282,1131,10,0
2026-05-29 11:00:00+00:00,159.282,159.297,159.244,159.246,1220,10,0
2026-05-29 12:00:00+00:00,159.248,159.306,159.248,159.255,1513,10,0
2026-05-29 13:00:00+00:00,159.254,159.304,159.236,159.295,1542,10,0
2026-05-29 14:00:00+00:00,159.295,159.354,159.158,159.184,3144,10,0
2026-05-29 15:00:00+00:00,159.182,159.241,159.091,159.226,3283,10,0
2026-05-29 16:00:00+00:00,159.223,159.247,159.18,159.196,1681,10,0
2026-05-29 17:00:00+00:00,159.196,159.283,159.182,159.28,1256,10,0
2026-05-29 18:00:00+00:00,159.28,159.302,159.219,159.258,1603,10,0
2026-05-29 19:00:00+00:00,159.258,159.27,159.213,159.258,1266,10,0
2026-05-29 20:00:00+00:00,159.251,159.28,159.243,159.262,717,10,0
